split,scenario,graph_encoder,graph_relation_ablation,graph_message_ablation,graph_input_ablation,train_seed,checkpoint_update,method,checkpoint,seed,episode,policy_source,episodes,target_policy,strict_target_sensing,agent_target_info_bottleneck,max_target_message_age_steps,min_target_confidence,communication_range_scale,communication_dropout_prob,message_delay_steps,radar_dropout_prob,failed_blue_agent,node_failure_start_step,node_failure_duration_steps,deterministic,success,chain_closed,attack_window_formed,attack_window_rate,tracking_rate,comm_connectivity,mean_message_age,collision,timeout,constraint_violation,steps,first_attack_window_step,first_chain_close_step,post_failure_chain_recovered,post_failure_chain_recovery_steps,post_failure_chain_recovery_steps_censored,post_failure_chain_recovered_only_steps,post_failure_chain_maintained,post_failure_chain_recovered_after_loss,post_failure_chain_unrecovered,post_failure_first_chain_step,chain_closed_during_failure_rate,tracking_during_failure_rate,connectivity_during_failure,avg_mean_range,final_mean_range,episode_min_blue_red_distance,episode_min_blue_blue_distance,final_min_blue_red_distance,final_min_blue_blue_distance,reward_sum
test,dropout030_relay_failure,multi_relation,none,none,none,0,60,EA-RG-MAPPO-S,results/intercept_3d_gate1_hardened_safety_5seed_formal_candidate/runs/multi_relation/bc_ppo_seed0/actor_critic_update_0060.pt,310001,1,checkpoint,100,straight,True,True,80,0.2,1.0,0.3,0,0.0,1,40,80,True,1.0,1.0,1.0,0.03030303120613098,0.4242424287579276,0.6439394012770869,52.70833330330524,0.0,0.0,0.0,44.0,41.0,44.0,1.0,4.0,4.0,4.0,0.0,1.0,0.0,44.0,0.2,1.0,0.26666667461395266,15123.064675071022,5722.01708984375,3854.68017578125,3387.378173828125,3854.68017578125,3387.378173828125,35.691112250089645
test,dropout030_relay_failure,multi_relation,none,none,none,0,60,EA-RG-MAPPO-S,results/intercept_3d_gate1_hardened_safety_5seed_formal_candidate/runs/multi_relation/bc_ppo_seed0/actor_critic_update_0060.pt,310002,2,checkpoint,100,straight,True,True,80,0.2,1.0,0.3,0,0.0,1,40,80,True,1.0,1.0,1.0,0.03030303120613098,0.4166666716337204,0.6250000098212198,46.8674242391505,0.0,0.0,0.0,44.0,41.0,44.0,1.0,4.0,4.0,4.0,0.0,1.0,0.0,44.0,0.2,1.0,0.1666666716337204,15245.872336647728,5876.20703125,3326.49072265625,2371.23388671875,3326.49072265625,2371.23388671875,35.57107773423195
test,dropout030_relay_failure,multi_relation,none,none,none,0,60,EA-RG-MAPPO-S,results/intercept_3d_gate1_hardened_safety_5seed_formal_candidate/runs/multi_relation/bc_ppo_seed0/actor_critic_update_0060.pt,310004,4,checkpoint,100,straight,True,True,80,0.2,1.0,0.3,0,0.0,1,40,80,True,1.0,1.0,1.0,0.03030303120613098,0.41666667095639487,0.6553030376407233,48.803030273792416,0.0,0.0,0.0,44.0,41.0,44.0,1.0,4.0,4.0,4.0,0.0,1.0,0.0,44.0,0.2,1.0,0.1666666716337204,15120.111161665483,5623.1171875,3879.96435546875,3055.1611328125,3879.96435546875,3055.1611328125,35.876622557640076
test,dropout030_relay_failure,multi_relation,none,none,none,0,60,EA-RG-MAPPO-S,results/intercept_3d_gate1_hardened_safety_5seed_formal_candidate/runs/multi_relation/bc_ppo_seed0/actor_critic_update_0060.pt,310005,5,checkpoint,100,straight,True,True,80,0.2,1.0,0.3,0,0.0,1,40,80,True,1.0,1.0,1.0,0.03030303120613098,0.41666667095639487,0.6136363707482815,55.723484678363256,0.0,0.0,0.0,44.0,41.0,44.0,1.0,4.0,4.0,4.0,0.0,1.0,0.0,44.0,0.2,1.0,0.26666667461395266,15156.351606889204,5725.9140625,3628.844482421875,3390.188720703125,3628.844482421875,3390.188720703125,35.11680522561073
test,dropout030_relay_failure,multi_relation,none,none,none,0,60,EA-RG-MAPPO-S,results/intercept_3d_gate1_hardened_safety_5seed_formal_candidate/runs/multi_relation/bc_ppo_seed0/actor_critic_update_0060.pt,310011,11,checkpoint,100,straight,True,True,80,0.2,1.0,0.3,0,0.0,1,40,80,True,1.0,1.0,1.0,0.03030303120613098,0.4242424287579276,0.6590909172188152,45.810606174848296,0.0,0.0,0.0,44.0,41.0,44.0,1.0,4.0,4.0,4.0,0.0,1.0,0.0,44.0,0.2,1.0,0.26666667461395266,15107.714499733665,5636.85302734375,3879.030029296875,2815.831298828125,3879.030029296875,2815.831298828125,36.2227857708931
test,dropout030_relay_failure,multi_relation,none,none,none,0,60,EA-RG-MAPPO-S,results/intercept_3d_gate1_hardened_safety_5seed_formal_candidate/runs/multi_relation/bc_ppo_seed0/actor_critic_update_0060.pt,310014,14,checkpoint,100,straight,True,True,80,0.2,1.0,0.3,0,0.0,1,40,80,True,1.0,1.0,1.0,0.03030303120613098,0.41666667095639487,0.6439394029704008,45.95833327316425,0.0,0.0,0.0,44.0,41.0,44.0,1.0,4.0,4.0,4.0,0.0,1.0,0.0,44.0,0.2,1.0,0.3333333432674408,15130.285433682528,5656.35009765625,3667.7412109375,2440.0986328125,3667.7412109375,2440.0986328125,35.88127365708351
test,dropout030_relay_failure,multi_relation,none,none,none,0,60,EA-RG-MAPPO-S,results/intercept_3d_gate1_hardened_safety_5seed_formal_candidate/runs/multi_relation/bc_ppo_seed0/actor_critic_update_0060.pt,310017,17,checkpoint,100,straight,True,True,80,0.2,1.0,0.3,0,0.0,1,40,80,True,1.0,1.0,1.0,0.03030303120613098,0.4166666716337204,0.6363636441528797,45.98106045851653,0.0,0.0,0.0,44.0,41.0,44.0,1.0,4.0,4.0,4.0,0.0,1.0,0.0,44.0,0.2,1.0,0.23333334028720856,15165.17236328125,5709.80322265625,3437.858154296875,2061.14697265625,3437.858154296875,2061.14697265625,35.76692795753479
test,dropout030_relay_failure,multi_relation,none,none,none,0,60,EA-RG-MAPPO-S,results/intercept_3d_gate1_hardened_safety_5seed_formal_candidate/runs/multi_relation/bc_ppo_seed0/actor_critic_update_0060.pt,310024,24,checkpoint,100,straight,True,True,80,0.2,1.0,0.3,0,0.0,1,40,80,True,1.0,1.0,1.0,0.03030303120613098,0.41666667095639487,0.6590909162028269,51.82196964289654,0.0,0.0,0.0,44.0,41.0,44.0,1.0,4.0,4.0,4.0,0.0,1.0,0.0,44.0,0.2,1.0,0.20000000596046447,15150.01845481179,5721.20703125,3721.352783203125,3620.585205078125,3721.352783203125,3620.585205078125,35.70470690727234
test,dropout030_relay_failure,multi_relation,none,none,none,0,60,EA-RG-MAPPO-S,results/intercept_3d_gate1_hardened_safety_5seed_formal_candidate/runs/multi_relation/bc_ppo_seed0/actor_critic_update_0060.pt,310026,26,checkpoint,100,straight,True,True,80,0.2,1.0,0.3,0,0.0,1,40,80,True,1.0,1.0,1.0,0.03030303120613098,0.4242424287579276,0.6363636427982287,52.77651520445943,0.0,0.0,0.0,44.0,41.0,44.0,1.0,4.0,4.0,4.0,0.0,1.0,0.0,44.0,0.2,1.0,0.1666666716337204,15118.987471147017,5661.642578125,3699.95849609375,2821.50390625,3699.95849609375,2821.50390625,35.716806858778
test,dropout030_relay_failure,multi_relation,none,none,none,0,60,EA-RG-MAPPO-S,results/intercept_3d_gate1_hardened_safety_5seed_formal_candidate/runs/multi_relation/bc_ppo_seed0/actor_critic_update_0060.pt,310029,29,checkpoint,100,straight,True,True,80,0.2,1.0,0.3,0,0.0,1,40,80,True,1.0,1.0,1.0,0.03030303120613098,0.40909091383218765,0.7196969762444496,50.62878750738773,0.0,0.0,0.0,44.0,41.0,44.0,1.0,4.0,4.0,4.0,0.0,1.0,0.0,44.0,0.2,1.0,0.3000000089406967,15150.233021129261,5708.62890625,3594.955810546875,3041.985107421875,3594.955810546875,3041.985107421875,36.16804453730583
test,dropout030_relay_failure,multi_relation,none,none,none,0,60,EA-RG-MAPPO-S,results/intercept_3d_gate1_hardened_safety_5seed_formal_candidate/runs/multi_relation/bc_ppo_seed0/actor_critic_update_0060.pt,310034,34,checkpoint,100,straight,True,True,80,0.2,1.0,0.3,0,0.0,1,40,80,True,1.0,1.0,1.0,0.03030303120613098,0.4242424287579276,0.6704545532437888,45.90151477537372,0.0,0.0,0.0,44.0,41.0,44.0,1.0,4.0,4.0,4.0,0.0,1.0,0.0,44.0,0.2,1.0,0.20000000596046447,15102.718605735085,5623.111328125,3844.114501953125,2341.508544921875,3844.114501953125,2341.508544921875,36.31781995296478
test,dropout030_relay_failure,multi_relation,none,none,none,0,60,EA-RG-MAPPO-S,results/intercept_3d_gate1_hardened_safety_5seed_formal_candidate/runs/multi_relation/bc_ppo_seed0/actor_critic_update_0060.pt,310040,40,checkpoint,100,straight,True,True,80,0.2,1.0,0.3,0,0.0,1,40,80,True,1.0,1.0,1.0,0.03030303120613098,0.41666667095639487,0.7272727343846451,59.53409062664617,0.0,0.0,0.0,44.0,41.0,44.0,1.0,4.0,4.0,4.0,0.0,1.0,0.0,44.0,0.2,1.0,0.1666666716337204,15156.182062322443,5749.5,3775.7841796875,3789.468505859375,3775.7841796875,3789.468505859375,36.01373118162155
test,dropout030_relay_failure,multi_relation,none,none,none,0,60,EA-RG-MAPPO-S,results/intercept_3d_gate1_hardened_safety_5seed_formal_candidate/runs/multi_relation/bc_ppo_seed0/actor_critic_update_0060.pt,310042,42,checkpoint,100,straight,True,True,80,0.2,1.0,0.3,0,0.0,1,40,80,True,1.0,1.0,1.0,0.03030303120613098,0.4242424287579276,0.6401515233923089,50.75757567008788,0.0,0.0,0.0,44.0,41.0,44.0,1.0,4.0,4.0,4.0,0.0,1.0,0.0,44.0,0.2,1.0,0.23333334028720856,15108.538929332386,5651.427734375,3853.034423828125,2801.626708984375,3853.034423828125,2801.626708984375,35.806971967220306
test,dropout030_relay_failure,multi_relation,none,none,none,0,60,EA-RG-MAPPO-S,results/intercept_3d_gate1_hardened_safety_5seed_formal_candidate/runs/multi_relation/bc_ppo_seed0/actor_critic_update_0060.pt,310048,48,checkpoint,100,straight,True,True,80,0.2,1.0,0.3,0,0.0,1,40,80,True,1.0,1.0,1.0,0.03030303120613098,0.41666667095639487,0.6590909168801524,50.787878620692275,0.0,0.0,0.0,44.0,41.0,44.0,1.0,4.0,4.0,4.0,0.0,1.0,0.0,44.0,0.2,1.0,0.23333334028720856,15142.582774769176,5680.93212890625,3780.33642578125,2994.263916015625,3780.33642578125,2994.263916015625,35.78553247451782
test,dropout030_relay_failure,multi_relation,none,none,none,0,60,EA-RG-MAPPO-S,results/intercept_3d_gate1_hardened_safety_5seed_formal_candidate/runs/multi_relation/bc_ppo_seed0/actor_critic_update_0060.pt,310003,3,checkpoint,100,straight,True,True,80,0.2,1.0,0.3,0,0.0,1,40,80,True,1.0,1.0,1.0,0.029629630512661403,0.4296296338240306,0.6888888971673117,55.4037034554614,0.0,0.0,0.0,45.0,42.0,45.0,1.0,5.0,5.0,5.0,0.0,1.0,0.0,45.0,0.16666666666666666,1.0,0.19444445023934046,14936.81394314236,5282.30615234375,3745.74658203125,3424.803466796875,3745.74658203125,3424.803466796875,36.748758882284164
test,dropout030_relay_failure,multi_relation,none,none,none,0,60,EA-RG-MAPPO-S,results/intercept_3d_gate1_hardened_safety_5seed_formal_candidate/runs/multi_relation/bc_ppo_seed0/actor_critic_update_0060.pt,310010,10,checkpoint,100,straight,True,True,80,0.2,1.0,0.3,0,0.0,1,40,80,True,1.0,1.0,1.0,0.029629630512661403,0.4296296338240306,0.6259259359704124,62.21481506692039,0.0,0.0,0.0,45.0,42.0,45.0,1.0,5.0,5.0,5.0,0.0,1.0,0.0,45.0,0.16666666666666666,1.0,0.2777777860562007,14962.510557725695,5376.328125,3567.43896484375,3835.130126953125,3567.43896484375,3835.130126953125,35.74361476302147
test,dropout030_relay_failure,multi_relation,none,none,none,0,60,EA-RG-MAPPO-S,results/intercept_3d_gate1_hardened_safety_5seed_formal_candidate/runs/multi_relation/bc_ppo_seed0/actor_critic_update_0060.pt,310016,16,checkpoint,100,straight,True,True,80,0.2,1.0,0.3,0,0.0,1,40,80,True,1.0,1.0,1.0,0.029629630512661403,0.4370370414521959,0.6518518610133065,47.79629666639699,0.0,0.0,0.0,45.0,42.0,45.0,1.0,5.0,5.0,5.0,0.0,1.0,0.0,45.0,0.16666666666666666,1.0,0.22222222884496054,14866.075998263888,5256.1748046875,3992.837890625,2478.774658203125,3992.837890625,2478.774658203125,36.847843676805496
test,dropout030_relay_failure,multi_relation,none,none,none,0,60,EA-RG-MAPPO-S,results/intercept_3d_gate1_hardened_safety_5seed_formal_candidate/runs/multi_relation/bc_ppo_seed0/actor_critic_update_0060.pt,310019,19,checkpoint,100,straight,True,True,80,0.2,1.0,0.3,0,0.0,1,40,80,True,1.0,1.0,1.0,0.029629630512661403,0.4296296338240306,0.6703703787591723,52.55925937791665,0.0,0.0,0.0,45.0,42.0,45.0,1.0,5.0,5.0,5.0,0.0,1.0,0.0,45.0,0.16666666666666666,1.0,0.2500000074505806,14939.875499131944,5335.37744140625,3679.457275390625,2934.841796875,3679.457275390625,2934.841796875,36.58451300859451
test,dropout030_relay_failure,multi_relation,none,none,none,0,60,EA-RG-MAPPO-S,results/intercept_3d_gate1_hardened_safety_5seed_formal_candidate/runs/multi_relation/bc_ppo_seed0/actor_critic_update_0060.pt,310031,31,checkpoint,100,straight,True,True,80,0.2,1.0,0.3,0,0.0,1,40,80,True,1.0,1.0,1.0,0.029629630512661403,0.4296296338240306,0.6111111220386293,65.12962969044844,0.0,0.0,0.0,45.0,42.0,45.0,1.0,5.0,5.0,5.0,0.0,1.0,0.0,45.0,0.16666666666666666,1.0,0.2777777860562007,14955.404937065972,5428.6025390625,3840.089111328125,3593.458740234375,3840.089111328125,3593.458740234375,35.36911141872406
test,dropout030_relay_failure,multi_relation,none,none,none,0,60,EA-RG-MAPPO-S,results/intercept_3d_gate1_hardened_safety_5seed_formal_candidate/runs/multi_relation/bc_ppo_seed0/actor_critic_update_0060.pt,310036,36,checkpoint,100,straight,True,True,80,0.2,1.0,0.3,0,0.0,1,40,80,True,1.0,1.0,1.0,0.029629630512661403,0.4370370414521959,0.6518518586953481,46.02592584590117,0.0,0.0,0.0,45.0,42.0,45.0,1.0,5.0,5.0,5.0,0.0,1.0,0.0,45.0,0.16666666666666666,1.0,0.1666666716337204,14885.732660590278,5265.0166015625,3571.042236328125,2588.856689453125,3571.042236328125,2588.856689453125,36.91840973496437
test,dropout030_relay_failure,multi_relation,none,none,none,0,60,EA-RG-MAPPO-S,results/intercept_3d_gate1_hardened_safety_5seed_formal_candidate/runs/multi_relation/bc_ppo_seed0/actor_critic_update_0060.pt,310038,38,checkpoint,100,straight,True,True,80,0.2,1.0,0.3,0,0.0,1,40,80,True,1.0,1.0,1.0,0.029629630512661403,0.4370370414521959,0.6407407492399215,46.907407356964214,0.0,0.0,0.0,45.0,42.0,45.0,1.0,5.0,5.0,5.0,0.0,1.0,0.0,45.0,0.16666666666666666,1.0,0.19444445023934046,14872.566764322917,5195.61669921875,3766.433349609375,2905.113037109375,3766.433349609375,2905.113037109375,36.84752593934536
test,dropout030_relay_failure,multi_relation,none,none,none,0,60,EA-RG-MAPPO-S,results/intercept_3d_gate1_hardened_safety_5seed_formal_candidate/runs/multi_relation/bc_ppo_seed0/actor_critic_update_0060.pt,310041,41,checkpoint,100,straight,True,True,80,0.2,1.0,0.3,0,0.0,1,40,80,True,1.0,1.0,1.0,0.029629630512661403,0.4370370414521959,0.6111111187272602,45.95555541349782,0.0,0.0,0.0,45.0,42.0,45.0,1.0,5.0,5.0,5.0,0.0,1.0,0.0,45.0,0.16666666666666666,1.0,0.22222222884496054,14870.082790798611,5266.79638671875,3798.08642578125,2106.535400390625,3798.08642578125,2106.535400390625,36.560906663537025
test,dropout030_relay_failure,multi_relation,none,none,none,0,60,EA-RG-MAPPO-S,results/intercept_3d_gate1_hardened_safety_5seed_formal_candidate/runs/multi_relation/bc_ppo_seed0/actor_critic_update_0060.pt,310049,49,checkpoint,100,straight,True,True,80,0.2,1.0,0.3,0,0.0,1,40,80,True,1.0,1.0,1.0,0.029629630512661403,0.4370370414521959,0.5851851956711875,52.659259567989245,0.0,0.0,0.0,45.0,42.0,45.0,1.0,5.0,5.0,5.0,0.0,1.0,0.0,45.0,0.16666666666666666,1.0,0.2777777860562007,14890.165635850695,5232.63720703125,3806.05029296875,2706.204345703125,3806.05029296875,2706.204345703125,36.05199816823006
test,dropout030_relay_failure,multi_relation,none,none,none,0,60,EA-RG-MAPPO-S,results/intercept_3d_gate1_hardened_safety_5seed_formal_candidate/runs/multi_relation/bc_ppo_seed0/actor_critic_update_0060.pt,310000,0,checkpoint,100,straight,True,True,80,0.2,1.0,0.3,0,0.0,1,40,80,True,1.0,1.0,1.0,0.028985508110212242,0.44202898961046466,0.5978260976464852,55.33333377118992,0.0,0.0,0.0,46.0,43.0,46.0,1.0,6.0,6.0,6.0,0.0,1.0,0.0,46.0,0.14285714285714285,1.0,0.23809524519102915,14670.80564283288,4939.8134765625,3987.071044921875,3049.99365234375,3987.071044921875,3049.99365234375,36.62477895617485
test,dropout030_relay_failure,multi_relation,none,none,none,0,60,EA-RG-MAPPO-S,results/intercept_3d_gate1_hardened_safety_5seed_formal_candidate/runs/multi_relation/bc_ppo_seed0/actor_critic_update_0060.pt,310006,6,checkpoint,100,straight,True,True,80,0.2,1.0,0.3,0,0.0,1,40,80,True,1.0,1.0,1.0,0.028985508110212242,0.44927536663801776,0.6340579792209293,45.98550713839738,0.0,0.0,0.0,46.0,43.0,46.0,1.0,6.0,6.0,6.0,0.0,1.0,0.0,46.0,0.14285714285714285,1.0,0.19047619615282332,14655.408585258152,4830.32421875,3714.90576171875,2497.762451171875,3714.90576171875,2497.762451171875,37.62173908948898
test,dropout030_relay_failure,multi_relation,none,none,none,0,60,EA-RG-MAPPO-S,results/intercept_3d_gate1_hardened_safety_5seed_formal_candidate/runs/multi_relation/bc_ppo_seed0/actor_critic_update_0060.pt,310020,20,checkpoint,100,straight,True,True,80,0.2,1.0,0.3,0,0.0,1,40,80,True,1.0,1.0,1.0,0.028985508110212242,0.44927536663801776,0.601449284216632,57.391304006071195,0.0,0.0,0.0,46.0,43.0,46.0,1.0,6.0,6.0,6.0,0.0,1.0,0.0,46.0,0.14285714285714285,1.0,0.26190476971013205,14688.385073454483,4963.36181640625,3862.719482421875,3677.739990234375,3862.719482421875,3677.739990234375,36.75058859586716
test,dropout030_relay_failure,multi_relation,none,none,none,0,60,EA-RG-MAPPO-S,results/intercept_3d_gate1_hardened_safety_5seed_formal_candidate/runs/multi_relation/bc_ppo_seed0/actor_critic_update_0060.pt,310022,22,checkpoint,100,straight,True,True,80,0.2,1.0,0.3,0,0.0,1,40,80,True,1.0,1.0,1.0,0.028985508110212242,0.44202898961046466,0.6014492838926937,45.13043489371953,0.0,0.0,0.0,46.0,43.0,46.0,1.0,6.0,6.0,6.0,0.0,1.0,0.0,46.0,0.14285714285714285,1.0,0.1666666716337204,14652.549719769022,4907.4443359375,3998.9287109375,2234.06396484375,3998.9287109375,2234.06396484375,37.16507175564766
test,dropout030_relay_failure,multi_relation,none,none,none,0,60,EA-RG-MAPPO-S,results/intercept_3d_gate1_hardened_safety_5seed_formal_candidate/runs/multi_relation/bc_ppo_seed0/actor_critic_update_0060.pt,310025,25,checkpoint,100,straight,True,True,80,0.2,1.0,0.3,0,0.0,1,40,80,True,1.0,1.0,1.0,0.028985508110212242,0.44927536663801776,0.6847826161462328,51.65217374945464,0.0,0.0,0.0,46.0,43.0,46.0,1.0,6.0,6.0,6.0,0.0,1.0,0.0,46.0,0.14285714285714285,1.0,0.19047619615282332,14650.518002717392,4876.1982421875,4082.173095703125,3679.114501953125,4082.173095703125,3679.114501953125,37.88308671116829
test,dropout030_relay_failure,multi_relation,none,none,none,0,60,EA-RG-MAPPO-S,results/intercept_3d_gate1_hardened_safety_5seed_formal_candidate/runs/multi_relation/bc_ppo_seed0/actor_critic_update_0060.pt,310028,28,checkpoint,100,straight,True,True,80,0.2,1.0,0.3,0,0.0,1,40,80,True,1.0,1.0,1.0,0.028985508110212242,0.44927536663801776,0.699275369229524,45.833333115214884,0.0,0.0,0.0,46.0,43.0,46.0,1.0,6.0,6.0,6.0,0.0,1.0,0.0,46.0,0.14285714285714285,1.0,0.21428572067192622,14660.360903532608,4890.67333984375,3927.4404296875,3087.2275390625,3927.4404296875,3087.2275390625,38.25188308954239
test,dropout030_relay_failure,multi_relation,none,none,none,0,60,EA-RG-MAPPO-S,results/intercept_3d_gate1_hardened_safety_5seed_formal_candidate/runs/multi_relation/bc_ppo_seed0/actor_critic_update_0060.pt,310035,35,checkpoint,100,straight,True,True,80,0.2,1.0,0.3,0,0.0,1,40,80,True,1.0,1.0,1.0,0.028985508110212242,0.44927536663801776,0.6594202971976736,53.38405779975912,0.0,0.0,0.0,46.0,43.0,46.0,1.0,6.0,6.0,6.0,0.0,1.0,0.0,46.0,0.14285714285714285,1.0,0.1666666716337204,14646.817499575407,4852.4345703125,3773.807861328125,3010.37255859375,3773.807861328125,3010.37255859375,37.51090535521507
test,dropout030_relay_failure,multi_relation,none,none,none,0,60,EA-RG-MAPPO-S,results/intercept_3d_gate1_hardened_safety_5seed_formal_candidate/runs/multi_relation/bc_ppo_seed0/actor_critic_update_0060.pt,310039,39,checkpoint,100,straight,True,True,80,0.2,1.0,0.3,0,0.0,1,40,80,True,1.0,1.0,1.0,0.028985508110212242,0.44202898961046466,0.6594202962258587,49.695651903424576,0.0,0.0,0.0,46.0,43.0,46.0,1.0,6.0,6.0,6.0,0.0,1.0,0.0,46.0,0.14285714285714285,1.0,0.3095238187483379,14656.898426885191,4902.59912109375,3912.136962890625,2961.279052734375,3912.136962890625,2961.279052734375,37.48834699392319
test,dropout030_relay_failure,multi_relation,none,none,none,0,60,EA-RG-MAPPO-S,results/intercept_3d_gate1_hardened_safety_5seed_formal_candidate/runs/multi_relation/bc_ppo_seed0/actor_critic_update_0060.pt,310045,45,checkpoint,100,straight,True,True,80,0.2,1.0,0.3,0,0.0,1,40,80,True,1.0,1.0,1.0,0.028985508110212242,0.44927536663801776,0.6594202975216119,50.60869584297357,0.0,0.0,0.0,46.0,43.0,46.0,1.0,6.0,6.0,6.0,0.0,1.0,0.0,46.0,0.14285714285714285,1.0,0.26190476971013205,14645.6162109375,4882.13427734375,3917.3349609375,2644.114990234375,3917.3349609375,2644.114990234375,37.66894921660423
test,dropout030_relay_failure,multi_relation,none,none,none,0,60,EA-RG-MAPPO-S,results/intercept_3d_gate1_hardened_safety_5seed_formal_candidate/runs/multi_relation/bc_ppo_seed0/actor_critic_update_0060.pt,310046,46,checkpoint,100,straight,True,True,80,0.2,1.0,0.3,0,0.0,1,40,80,True,1.0,1.0,1.0,0.028985508110212242,0.44927536663801776,0.6123188478143319,47.855072354168996,0.0,0.0,0.0,46.0,43.0,46.0,1.0,6.0,6.0,6.0,0.0,1.0,0.0,46.0,0.14285714285714285,1.0,0.26190476971013205,14649.982963230299,4874.634765625,3898.864990234375,2396.952392578125,3898.864990234375,2396.952392578125,37.38156580924988
test,dropout030_relay_failure,multi_relation,none,none,none,0,60,EA-RG-MAPPO-S,results/intercept_3d_gate1_hardened_safety_5seed_formal_candidate/runs/multi_relation/bc_ppo_seed0/actor_critic_update_0060.pt,310032,32,checkpoint,100,straight,True,True,80,0.2,1.0,0.3,0,0.0,1,40,80,True,1.0,1.0,1.0,0.02836879517169709,0.4539007138698659,0.6382978837540809,54.23049661992712,0.0,0.0,0.0,47.0,44.0,47.0,1.0,7.0,7.0,7.0,0.0,1.0,0.0,47.0,0.125,0.9583333358168602,0.2500000074505806,14445.815627077793,4528.10400390625,3830.68994140625,3169.490234375,3830.68994140625,3169.490234375,38.03078845143318
test,dropout030_relay_failure,multi_relation,none,none,none,0,60,EA-RG-MAPPO-S,results/intercept_3d_gate1_hardened_safety_5seed_formal_candidate/runs/multi_relation/bc_ppo_seed0/actor_critic_update_0060.pt,310037,37,checkpoint,100,straight,True,True,80,0.2,1.0,0.3,0,0.0,1,40,80,True,1.0,1.0,1.0,0.027777778605620067,0.46527778171002865,0.6388888970638315,47.93402751069516,0.0,0.0,0.0,48.0,45.0,48.0,1.0,8.0,8.0,8.0,0.0,1.0,0.0,48.0,0.1111111111111111,1.0,0.24074074791537392,14289.413258870443,4335.58642578125,3138.757080078125,2860.89208984375,3138.757080078125,2860.89208984375,38.91697070002556
test,dropout030_relay_failure,multi_relation,none,none,none,0,60,EA-RG-MAPPO-S,results/intercept_3d_gate1_hardened_safety_5seed_formal_candidate/runs/multi_relation/bc_ppo_seed0/actor_critic_update_0060.pt,310007,7,checkpoint,100,straight,True,True,80,0.2,1.0,0.3,0,0.0,1,40,80,True,0.0,0.0,0.0,0.0,0.09615384764396227,0.1756410288122984,72.6673073326739,0.0,1.0,0.0,260.0,-1.0,-1.0,0.0,220.0,220.0,-1.0,0.0,0.0,1.0,-1.0,0.0,0.1458333358168602,0.15416667126119138,37540.575759652944,79321.9921875,1240.5185546875,1727.668212890625,72879.6328125,13283.7373046875,-38.68373473873362
test,dropout030_relay_failure,multi_relation,none,none,none,0,60,EA-RG-MAPPO-S,results/intercept_3d_gate1_hardened_safety_5seed_formal_candidate/runs/multi_relation/bc_ppo_seed0/actor_critic_update_0060.pt,310008,8,checkpoint,100,straight,True,True,80,0.2,1.0,0.3,0,0.0,1,40,80,True,0.0,0.0,1.0,0.0012820513202593878,0.1025641041306349,0.17051282381782165,73.63846143759214,0.0,1.0,0.0,260.0,45.0,-1.0,0.0,220.0,220.0,-1.0,0.0,0.0,1.0,-1.0,0.0,0.1666666693985462,0.15833333805203437,37292.74778489333,79267.625,836.0081787109375,1763.7396240234375,72771.4140625,14681.263671875,-37.58196736127138
test,dropout030_relay_failure,multi_relation,none,none,none,0,60,EA-RG-MAPPO-S,results/intercept_3d_gate1_hardened_safety_5seed_formal_candidate/runs/multi_relation/bc_ppo_seed0/actor_critic_update_0060.pt,310009,9,checkpoint,100,straight,True,True,80,0.2,1.0,0.3,0,0.0,1,40,80,True,0.0,0.0,1.0,0.003846153960778163,0.10256410401601057,0.14615384861826897,76.01410264842785,0.0,1.0,0.0,260.0,45.0,-1.0,0.0,220.0,220.0,-1.0,0.0,0.0,1.0,-1.0,0.0,0.16666666902601718,0.1270833371207118,37112.64080998347,79422.8984375,941.5333251953125,1600.237548828125,71361.2421875,18957.849609375,-37.816529616713524
test,dropout030_relay_failure,multi_relation,none,none,none,0,60,EA-RG-MAPPO-S,results/intercept_3d_gate1_hardened_safety_5seed_formal_candidate/runs/multi_relation/bc_ppo_seed0/actor_critic_update_0060.pt,310012,12,checkpoint,100,straight,True,True,80,0.2,1.0,0.3,0,0.0,1,40,80,True,0.0,0.0,0.0,0.0,0.09487179632370289,0.1570512847831616,73.77692363995772,0.0,1.0,0.0,260.0,-1.0,-1.0,0.0,220.0,220.0,-1.0,0.0,0.0,1.0,-1.0,0.0,0.14166666902601718,0.11875000353902579,37257.69368145282,78310.234375,1082.48388671875,1475.80126953125,70770.65625,13713.8642578125,-39.21933160349727
test,dropout030_relay_failure,multi_relation,none,none,none,0,60,EA-RG-MAPPO-S,results/intercept_3d_gate1_hardened_safety_5seed_formal_candidate/runs/multi_relation/bc_ppo_seed0/actor_critic_update_0060.pt,310013,13,checkpoint,100,straight,True,True,80,0.2,1.0,0.3,0,0.0,1,40,80,True,0.0,0.0,1.0,0.0012820513202593878,0.09871795016985674,0.171794875481954,72.53333350190749,0.0,1.0,0.0,260.0,45.0,-1.0,0.0,220.0,220.0,-1.0,0.0,0.0,1.0,-1.0,0.0,0.1541666690260172,0.15000000447034836,37569.49450589693,79474.0859375,911.990478515625,1577.2572021484375,73289.3515625,11389.11328125,-38.03480954095721
test,dropout030_relay_failure,multi_relation,none,none,none,0,60,EA-RG-MAPPO-S,results/intercept_3d_gate1_hardened_safety_5seed_formal_candidate/runs/multi_relation/bc_ppo_seed0/actor_critic_update_0060.pt,310015,15,checkpoint,100,straight,True,True,80,0.2,1.0,0.3,0,0.0,1,40,80,True,0.0,0.0,0.0,0.0,0.09230769345393548,0.1884615421295166,69.75641044555948,0.0,1.0,0.0,260.0,-1.0,-1.0,0.0,220.0,220.0,-1.0,0.0,0.0,1.0,-1.0,0.0,0.1416666679084301,0.1312500039115548,37607.88708120493,79144.1796875,2254.047607421875,1782.7763671875,75001.0234375,4664.06787109375,-38.90413060877472
test,dropout030_relay_failure,multi_relation,none,none,none,0,60,EA-RG-MAPPO-S,results/intercept_3d_gate1_hardened_safety_5seed_formal_candidate/runs/multi_relation/bc_ppo_seed0/actor_critic_update_0060.pt,310018,18,checkpoint,100,straight,True,True,80,0.2,1.0,0.3,0,0.0,1,40,80,True,0.0,0.0,1.0,0.0012820513202593878,0.10128205269575119,0.18269231136028583,70.55192279586426,0.0,1.0,0.0,260.0,46.0,-1.0,0.0,220.0,220.0,-1.0,0.0,0.0,1.0,-1.0,0.0,0.1625000022351742,0.16250000484287738,37897.10389873798,81063.1953125,1198.546142578125,1971.860107421875,77566.109375,12865.681640625,-38.10242584347725
test,dropout030_relay_failure,multi_relation,none,none,none,0,60,EA-RG-MAPPO-S,results/intercept_3d_gate1_hardened_safety_5seed_formal_candidate/runs/multi_relation/bc_ppo_seed0/actor_critic_update_0060.pt,310021,21,checkpoint,100,straight,True,True,80,0.2,1.0,0.3,0,0.0,1,40,80,True,0.0,0.0,1.0,0.003846153960778163,0.10384615533626997,0.18012820803202115,71.66794832262855,0.0,1.0,0.0,260.0,44.0,-1.0,0.0,220.0,220.0,-1.0,0.0,0.0,1.0,-1.0,0.0,0.1708333358168602,0.15625000465661287,37628.66987022987,80162.0859375,603.7940063476562,1788.3741455078125,74672.9453125,14075.6357421875,-35.94198767840862
test,dropout030_relay_failure,multi_relation,none,none,none,0,60,EA-RG-MAPPO-S,results/intercept_3d_gate1_hardened_safety_5seed_formal_candidate/runs/multi_relation/bc_ppo_seed0/actor_critic_update_0060.pt,310023,23,checkpoint,100,straight,True,True,80,0.2,1.0,0.3,0,0.0,1,40,80,True,0.0,0.0,1.0,0.0025641026405187756,0.09871795005523241,0.1705128238751338,73.40512777492404,0.0,1.0,0.0,260.0,46.0,-1.0,0.0,220.0,220.0,-1.0,0.0,0.0,1.0,-1.0,0.0,0.15416666865348816,0.13333333730697633,37401.82904616136,79896.7265625,1108.69384765625,1592.33984375,73066.078125,16186.87890625,-37.962455119006336
test,dropout030_relay_failure,multi_relation,none,none,none,0,60,EA-RG-MAPPO-S,results/intercept_3d_gate1_hardened_safety_5seed_formal_candidate/runs/multi_relation/bc_ppo_seed0/actor_critic_update_0060.pt,310027,27,checkpoint,100,straight,True,True,80,0.2,1.0,0.3,0,0.0,1,40,80,True,0.0,0.0,1.0,0.0025641026405187756,0.10128205258112688,0.18269231158953447,70.05448683007405,0.0,1.0,0.0,260.0,47.0,-1.0,0.0,220.0,220.0,-1.0,0.0,0.0,1.0,-1.0,0.0,0.16250000186264515,0.12083333693444728,37175.496397986775,78710.6953125,825.0886840820312,1657.9271240234375,74080.796875,5792.2138671875,-36.27822130359709
test,dropout030_relay_failure,multi_relation,none,none,none,0,60,EA-RG-MAPPO-S,results/intercept_3d_gate1_hardened_safety_5seed_formal_candidate/runs/multi_relation/bc_ppo_seed0/actor_critic_update_0060.pt,310030,30,checkpoint,100,straight,True,True,80,0.2,1.0,0.3,0,0.0,1,40,80,True,0.0,0.0,0.0,0.0,0.10000000160474043,0.15769231050060345,74.44615399768719,0.0,1.0,0.0,260.0,-1.0,-1.0,0.0,220.0,220.0,-1.0,0.0,0.0,1.0,-1.0,0.0,0.15833333618938922,0.13541667070239782,37048.87538217398,78144.5,675.174560546875,1556.4676513671875,70220.828125,16266.49609375,-38.58788879215717
test,dropout030_relay_failure,multi_relation,none,none,none,0,60,EA-RG-MAPPO-S,results/intercept_3d_gate1_hardened_safety_5seed_formal_candidate/runs/multi_relation/bc_ppo_seed0/actor_critic_update_0060.pt,310033,33,checkpoint,100,straight,True,True,80,0.2,1.0,0.3,0,0.0,1,40,80,True,0.0,0.0,1.0,0.0025641026405187756,0.09743589873497303,0.1512820537846822,75.47948756263806,0.0,1.0,0.0,260.0,45.0,-1.0,0.0,220.0,220.0,-1.0,0.0,0.0,1.0,-1.0,0.0,0.15000000186264514,0.1270833371207118,37242.4090228741,78909.7734375,1153.912841796875,1523.71630859375,70882.515625,17195.810546875,-38.3536780141294
test,dropout030_relay_failure,multi_relation,none,none,none,0,60,EA-RG-MAPPO-S,results/intercept_3d_gate1_hardened_safety_5seed_formal_candidate/runs/multi_relation/bc_ppo_seed0/actor_critic_update_0060.pt,310043,43,checkpoint,100,straight,True,True,80,0.2,1.0,0.3,0,0.0,1,40,80,True,0.0,0.0,0.0,0.0,0.09743589907884598,0.20192308059105507,67.27884606014078,0.0,1.0,0.0,260.0,-1.0,-1.0,0.0,220.0,220.0,-1.0,0.0,0.0,1.0,-1.0,0.0,0.15000000298023225,0.1708333384245634,37916.329102501506,79927.1875,999.2962646484375,1899.59912109375,75318.40625,8523.7197265625,-37.46005357801914
test,dropout030_relay_failure,multi_relation,none,none,none,0,60,EA-RG-MAPPO-S,results/intercept_3d_gate1_hardened_safety_5seed_formal_candidate/runs/multi_relation/bc_ppo_seed0/actor_critic_update_0060.pt,310044,44,checkpoint,100,straight,True,True,80,0.2,1.0,0.3,0,0.0,1,40,80,True,0.0,0.0,1.0,0.003846153960778163,0.10897436073193183,0.14615384879020543,76.32307728443008,0.0,1.0,0.0,260.0,43.0,-1.0,0.0,220.0,220.0,-1.0,0.0,0.0,1.0,-1.0,0.0,0.18333333656191825,0.12291667032986879,36860.78087158203,78742.7890625,579.0285034179688,1454.2210693359375,73302.640625,10620.1767578125,-36.712585121393204
test,dropout030_relay_failure,multi_relation,none,none,none,0,60,EA-RG-MAPPO-S,results/intercept_3d_gate1_hardened_safety_5seed_formal_candidate/runs/multi_relation/bc_ppo_seed0/actor_critic_update_0060.pt,310047,47,checkpoint,100,straight,True,True,80,0.2,1.0,0.3,0,0.0,1,40,80,True,0.0,0.0,1.0,0.0025641026405187756,0.09871795005523241,0.15961538690787094,75.37564062458965,0.0,1.0,0.0,260.0,46.0,-1.0,0.0,220.0,220.0,-1.0,0.0,0.0,1.0,-1.0,0.0,0.15416666865348816,0.12083333693444728,37123.70067044772,79270.1484375,1089.4185791015625,1502.6907958984375,70898.0859375,19018.662109375,-38.033276128582656
test,dropout030_relay_failure,multi_relation,none,none,none,0,60,EA-RG-MAPPO-S,results/intercept_3d_gate1_hardened_safety_5seed_formal_candidate/runs/multi_relation/bc_ppo_seed0/actor_critic_update_0060.pt,310059,59,checkpoint,100,straight,True,True,80,0.2,1.0,0.3,0,0.0,1,40,80,True,1.0,1.0,1.0,0.03030303120613098,0.41666667095639487,0.6553030373020605,47.82954528284344,0.0,0.0,0.0,44.0,41.0,44.0,1.0,4.0,4.0,4.0,0.0,1.0,0.0,44.0,0.2,1.0,0.26666667461395266,15115.546497691761,5634.32861328125,3771.915283203125,2881.400146484375,3771.915283203125,2881.400146484375,35.90756809711456
test,dropout030_relay_failure,multi_relation,none,none,none,0,60,EA-RG-MAPPO-S,results/intercept_3d_gate1_hardened_safety_5seed_formal_candidate/runs/multi_relation/bc_ppo_seed0/actor_critic_update_0060.pt,310077,77,checkpoint,100,straight,True,True,80,0.2,1.0,0.3,0,0.0,1,40,80,True,1.0,1.0,1.0,0.03030303120613098,0.40909091383218765,0.6553030383180488,49.77651515569199,0.0,0.0,0.0,44.0,41.0,44.0,1.0,4.0,4.0,4.0,0.0,1.0,0.0,44.0,0.2,1.0,0.23333334028720856,15156.550858931108,5695.634765625,3630.18115234375,3121.397705078125,3630.18115234375,3121.397705078125,35.6679684817791
test,dropout030_relay_failure,multi_relation,none,none,none,0,60,EA-RG-MAPPO-S,results/intercept_3d_gate1_hardened_safety_5seed_formal_candidate/runs/multi_relation/bc_ppo_seed0/actor_critic_update_0060.pt,310088,88,checkpoint,100,straight,True,True,80,0.2,1.0,0.3,0,0.0,1,40,80,True,1.0,1.0,1.0,0.03030303120613098,0.4166666716337204,0.651515160094608,50.738636535677045,0.0,0.0,0.0,44.0,41.0,44.0,1.0,4.0,4.0,4.0,0.0,1.0,0.0,44.0,0.2,1.0,0.26666667461395266,15222.498779296875,5840.00048828125,3383.707275390625,3166.257568359375,3383.707275390625,3166.257568359375,35.65804880857468
test,dropout030_relay_failure,multi_relation,none,none,none,0,60,EA-RG-MAPPO-S,results/intercept_3d_gate1_hardened_safety_5seed_formal_candidate/runs/multi_relation/bc_ppo_seed0/actor_critic_update_0060.pt,310092,92,checkpoint,100,straight,True,True,80,0.2,1.0,0.3,0,0.0,1,40,80,True,1.0,1.0,1.0,0.03030303120613098,0.40909091383218765,0.6439394029704008,55.70454563302073,0.0,0.0,0.0,44.0,41.0,44.0,1.0,4.0,4.0,4.0,0.0,1.0,0.0,44.0,0.2,1.0,0.20000000596046447,15196.578813032671,5887.97705078125,3529.189453125,3896.59228515625,3529.189453125,3896.59228515625,35.13429003953934
test,dropout030_relay_failure,multi_relation,none,none,none,0,60,EA-RG-MAPPO-S,results/intercept_3d_gate1_hardened_safety_5seed_formal_candidate/runs/multi_relation/bc_ppo_seed0/actor_critic_update_0060.pt,310053,53,checkpoint,100,straight,True,True,80,0.2,1.0,0.3,0,0.0,1,40,80,True,1.0,1.0,1.0,0.029629630512661403,0.4370370414521959,0.703703710436821,46.781481483247546,0.0,0.0,0.0,45.0,42.0,45.0,1.0,5.0,5.0,5.0,0.0,1.0,0.0,45.0,0.16666666666666666,1.0,0.19444445023934046,14859.872569444444,5128.39111328125,3475.1259765625,2813.4912109375,3475.1259765625,2813.4912109375,37.564207792282104
test,dropout030_relay_failure,multi_relation,none,none,none,0,60,EA-RG-MAPPO-S,results/intercept_3d_gate1_hardened_safety_5seed_formal_candidate/runs/multi_relation/bc_ppo_seed0/actor_critic_update_0060.pt,310054,54,checkpoint,100,straight,True,True,80,0.2,1.0,0.3,0,0.0,1,40,80,True,1.0,1.0,1.0,0.029629630512661403,0.4370370414521959,0.6592592656612396,40.16296291020181,0.0,0.0,0.0,45.0,42.0,45.0,1.0,5.0,5.0,5.0,0.0,1.0,0.0,45.0,0.16666666666666666,1.0,0.1666666716337204,14872.730815972222,5161.2431640625,3776.815673828125,2544.204345703125,3776.815673828125,2544.204345703125,37.41596654057503
test,dropout030_relay_failure,multi_relation,none,none,none,0,60,EA-RG-MAPPO-S,results/intercept_3d_gate1_hardened_safety_5seed_formal_candidate/runs/multi_relation/bc_ppo_seed0/actor_critic_update_0060.pt,310058,58,checkpoint,100,straight,True,True,80,0.2,1.0,0.3,0,0.0,1,40,80,True,1.0,1.0,1.0,0.029629630512661403,0.4370370414521959,0.6703703754478031,43.08148102958997,0.0,0.0,0.0,45.0,42.0,45.0,1.0,5.0,5.0,5.0,0.0,1.0,0.0,45.0,0.16666666666666666,1.0,0.22222222884496054,14879.686783854168,5258.8828125,3787.86865234375,2207.06982421875,3787.86865234375,2207.06982421875,37.32157385349274
test,dropout030_relay_failure,multi_relation,none,none,none,0,60,EA-RG-MAPPO-S,results/intercept_3d_gate1_hardened_safety_5seed_formal_candidate/runs/multi_relation/bc_ppo_seed0/actor_critic_update_0060.pt,310062,62,checkpoint,100,straight,True,True,80,0.2,1.0,0.3,0,0.0,1,40,80,True,1.0,1.0,1.0,0.029629630512661403,0.4370370414521959,0.6370370450947019,45.8666667216354,0.0,0.0,0.0,45.0,42.0,45.0,1.0,5.0,5.0,5.0,0.0,1.0,0.0,45.0,0.16666666666666666,1.0,0.19444445023934046,14870.527278645834,5276.67431640625,3989.91455078125,2255.905517578125,3989.91455078125,2255.905517578125,36.83051419258118
test,dropout030_relay_failure,multi_relation,none,none,none,0,60,EA-RG-MAPPO-S,results/intercept_3d_gate1_hardened_safety_5seed_formal_candidate/runs/multi_relation/bc_ppo_seed0/actor_critic_update_0060.pt,310066,66,checkpoint,100,straight,True,True,80,0.2,1.0,0.3,0,0.0,1,40,80,True,1.0,1.0,1.0,0.029629630512661403,0.4370370414521959,0.6037037137481901,51.725925812456346,0.0,0.0,0.0,45.0,42.0,45.0,1.0,5.0,5.0,5.0,0.0,1.0,0.0,45.0,0.16666666666666666,1.0,0.2777777860562007,14906.831065538194,5328.72998046875,3795.0478515625,2423.779296875,3795.0478515625,2423.779296875,36.23109745979309
test,dropout030_relay_failure,multi_relation,none,none,none,0,60,EA-RG-MAPPO-S,results/intercept_3d_gate1_hardened_safety_5seed_formal_candidate/runs/multi_relation/bc_ppo_seed0/actor_critic_update_0060.pt,310069,69,checkpoint,100,straight,True,True,80,0.2,1.0,0.3,0,0.0,1,40,80,True,1.0,1.0,1.0,0.029629630512661403,0.4296296338240306,0.6259259346458647,54.61851857569483,0.0,0.0,0.0,45.0,42.0,45.0,1.0,5.0,5.0,5.0,0.0,1.0,0.0,45.0,0.16666666666666666,1.0,0.22222222884496054,14925.860036892362,5266.05908203125,3771.306884765625,3154.475341796875,3771.306884765625,3154.475341796875,36.13116979598999
test,dropout030_relay_failure,multi_relation,none,none,none,0,60,EA-RG-MAPPO-S,results/intercept_3d_gate1_hardened_safety_5seed_formal_candidate/runs/multi_relation/bc_ppo_seed0/actor_critic_update_0060.pt,310070,70,checkpoint,100,straight,True,True,80,0.2,1.0,0.3,0,0.0,1,40,80,True,1.0,1.0,1.0,0.029629630512661403,0.4370370414521959,0.6000000099341075,51.63703725702233,0.0,0.0,0.0,45.0,42.0,45.0,1.0,5.0,5.0,5.0,0.0,1.0,0.0,45.0,0.16666666666666666,1.0,0.19444445023934046,14921.908463541668,5423.841796875,3976.34814453125,2079.998779296875,3976.34814453125,2079.998779296875,36.1220006942749
test,dropout030_relay_failure,multi_relation,none,none,none,0,60,EA-RG-MAPPO-S,results/intercept_3d_gate1_hardened_safety_5seed_formal_candidate/runs/multi_relation/bc_ppo_seed0/actor_critic_update_0060.pt,310076,76,checkpoint,100,straight,True,True,80,0.2,1.0,0.3,0,0.0,1,40,80,True,1.0,1.0,1.0,0.029629630512661403,0.4370370414521959,0.6370370441012912,47.85185154477755,0.0,0.0,0.0,45.0,42.0,45.0,1.0,5.0,5.0,5.0,0.0,1.0,0.0,45.0,0.16666666666666666,1.0,0.3333333432674408,14878.835807291667,5258.658203125,4032.841064453125,2775.524169921875,4032.841064453125,2775.524169921875,36.72194027900696
test,dropout030_relay_failure,multi_relation,none,none,none,0,60,EA-RG-MAPPO-S,results/intercept_3d_gate1_hardened_safety_5seed_formal_candidate/runs/multi_relation/bc_ppo_seed0/actor_critic_update_0060.pt,310078,78,checkpoint,100,straight,True,True,80,0.2,1.0,0.3,0,0.0,1,40,80,True,1.0,1.0,1.0,0.029629630512661403,0.4370370414521959,0.6296296394533581,45.94814792440997,0.0,0.0,0.0,45.0,42.0,45.0,1.0,5.0,5.0,5.0,0.0,1.0,0.0,45.0,0.16666666666666666,1.0,0.19444445023934046,14872.998958333334,5209.87158203125,3581.094482421875,2415.096435546875,3581.094482421875,2415.096435546875,36.77726325392723
test,dropout030_relay_failure,multi_relation,none,none,none,0,60,EA-RG-MAPPO-S,results/intercept_3d_gate1_hardened_safety_5seed_formal_candidate/runs/multi_relation/bc_ppo_seed0/actor_critic_update_0060.pt,310079,79,checkpoint,100,straight,True,True,80,0.2,1.0,0.3,0,0.0,1,40,80,True,1.0,1.0,1.0,0.029629630512661403,0.4370370414521959,0.6222222318251928,54.55925920142068,0.0,0.0,0.0,45.0,42.0,45.0,1.0,5.0,5.0,5.0,0.0,1.0,0.0,45.0,0.16666666666666666,1.0,0.22222222884496054,14906.317730034722,5294.68310546875,3535.5625,3515.597412109375,3535.5625,3515.597412109375,36.261246621608734
test,dropout030_relay_failure,multi_relation,none,none,none,0,60,EA-RG-MAPPO-S,results/intercept_3d_gate1_hardened_safety_5seed_formal_candidate/runs/multi_relation/bc_ppo_seed0/actor_critic_update_0060.pt,310081,81,checkpoint,100,straight,True,True,80,0.2,1.0,0.3,0,0.0,1,40,80,True,1.0,1.0,1.0,0.029629630512661403,0.4370370414521959,0.6592592653301027,47.803703700171575,0.0,0.0,0.0,45.0,42.0,45.0,1.0,5.0,5.0,5.0,0.0,1.0,0.0,45.0,0.16666666666666666,1.0,0.1666666716337204,14875.358224826388,5211.25048828125,3691.936279296875,2896.3212890625,3691.936279296875,2896.3212890625,36.959191888570786
test,dropout030_relay_failure,multi_relation,none,none,none,0,60,EA-RG-MAPPO-S,results/intercept_3d_gate1_hardened_safety_5seed_formal_candidate/runs/multi_relation/bc_ppo_seed0/actor_critic_update_0060.pt,310085,85,checkpoint,100,straight,True,True,80,0.2,1.0,0.3,0,0.0,1,40,80,True,1.0,1.0,1.0,0.029629630512661403,0.4296296338240306,0.6148148228724798,55.592592198650046,0.0,0.0,0.0,45.0,42.0,45.0,1.0,5.0,5.0,5.0,0.0,1.0,0.0,45.0,0.16666666666666666,1.0,0.19444445023934046,14919.489105902778,5328.21142578125,3693.264892578125,2914.9052734375,3693.264892578125,2914.9052734375,35.961876064538956
test,dropout030_relay_failure,multi_relation,none,none,none,0,60,EA-RG-MAPPO-S,results/intercept_3d_gate1_hardened_safety_5seed_formal_candidate/runs/multi_relation/bc_ppo_seed0/actor_critic_update_0060.pt,310091,91,checkpoint,100,straight,True,True,80,0.2,1.0,0.3,0,0.0,1,40,80,True,1.0,1.0,1.0,0.029629630512661403,0.4370370414521959,0.6592592669857873,45.12962979276975,0.0,0.0,0.0,45.0,42.0,45.0,1.0,5.0,5.0,5.0,0.0,1.0,0.0,45.0,0.16666666666666666,1.0,0.22222222884496054,14873.443674045138,5193.798828125,3778.685791015625,2625.9560546875,3778.685791015625,2625.9560546875,37.19731590151787
test,dropout030_relay_failure,multi_relation,none,none,none,0,60,EA-RG-MAPPO-S,results/intercept_3d_gate1_hardened_safety_5seed_formal_candidate/runs/multi_relation/bc_ppo_seed0/actor_critic_update_0060.pt,310095,95,checkpoint,100,straight,True,True,80,0.2,1.0,0.3,0,0.0,1,40,80,True,1.0,1.0,1.0,0.029629630512661403,0.4296296338240306,0.6555555664830738,48.81111150085926,0.0,0.0,0.0,45.0,42.0,45.0,1.0,5.0,5.0,5.0,0.0,1.0,0.0,45.0,0.16666666666666666,1.0,0.3055555646618207,14919.37265625,5284.0400390625,3807.0615234375,3151.016357421875,3807.0615234375,3151.016357421875,36.65973389148712
test,dropout030_relay_failure,multi_relation,none,none,none,0,60,EA-RG-MAPPO-S,results/intercept_3d_gate1_hardened_safety_5seed_formal_candidate/runs/multi_relation/bc_ppo_seed0/actor_critic_update_0060.pt,310056,56,checkpoint,100,straight,True,True,80,0.2,1.0,0.3,0,0.0,1,40,80,True,1.0,1.0,1.0,0.028985508110212242,0.44202898961046466,0.6413043562484824,45.92029007394677,0.0,0.0,0.0,46.0,43.0,46.0,1.0,6.0,6.0,6.0,0.0,1.0,0.0,46.0,0.14285714285714285,1.0,0.1666666716337204,14646.476254670517,4882.35400390625,4058.517822265625,2924.063720703125,4058.517822265625,2924.063720703125,37.60060656070709
test,dropout030_relay_failure,multi_relation,none,none,none,0,60,EA-RG-MAPPO-S,results/intercept_3d_gate1_hardened_safety_5seed_formal_candidate/runs/multi_relation/bc_ppo_seed0/actor_critic_update_0060.pt,310057,57,checkpoint,100,straight,True,True,80,0.2,1.0,0.3,0,0.0,1,40,80,True,1.0,1.0,1.0,0.028985508110212242,0.44927536663801776,0.641304356896359,49.62318867898506,0.0,0.0,0.0,46.0,43.0,46.0,1.0,6.0,6.0,6.0,0.0,1.0,0.0,46.0,0.14285714285714285,1.0,0.21428572067192622,14653.82033372962,4883.19677734375,3893.7138671875,2890.88916015625,3893.7138671875,2890.88916015625,37.4661830663681
test,dropout030_relay_failure,multi_relation,none,none,none,0,60,EA-RG-MAPPO-S,results/intercept_3d_gate1_hardened_safety_5seed_formal_candidate/runs/multi_relation/bc_ppo_seed0/actor_critic_update_0060.pt,310060,60,checkpoint,100,straight,True,True,80,0.2,1.0,0.3,0,0.0,1,40,80,True,1.0,1.0,1.0,0.028985508110212242,0.44927536663801776,0.6847826148504796,45.905796883546785,0.0,0.0,0.0,46.0,43.0,46.0,1.0,6.0,6.0,6.0,0.0,1.0,0.0,46.0,0.14285714285714285,1.0,0.23809524519102915,14668.370722231657,4867.50634765625,3908.584716796875,2815.7509765625,3908.584716796875,2815.7509765625,38.05825510621071
test,dropout030_relay_failure,multi_relation,none,none,none,0,60,EA-RG-MAPPO-S,results/intercept_3d_gate1_hardened_safety_5seed_formal_candidate/runs/multi_relation/bc_ppo_seed0/actor_critic_update_0060.pt,310064,64,checkpoint,100,straight,True,True,80,0.2,1.0,0.3,0,0.0,1,40,80,True,1.0,1.0,1.0,0.028985508110212242,0.44202898961046466,0.6304347910310911,57.20652163547018,0.0,0.0,0.0,46.0,43.0,46.0,1.0,6.0,6.0,6.0,0.0,1.0,0.0,46.0,0.14285714285714285,1.0,0.1666666716337204,14667.98976732337,4924.01806640625,3944.696533203125,4322.2421875,3944.696533203125,4322.2421875,36.9384945333004
test,dropout030_relay_failure,multi_relation,none,none,none,0,60,EA-RG-MAPPO-S,results/intercept_3d_gate1_hardened_safety_5seed_formal_candidate/runs/multi_relation/bc_ppo_seed0/actor_critic_update_0060.pt,310071,71,checkpoint,100,straight,True,True,80,0.2,1.0,0.3,0,0.0,1,40,80,True,1.0,1.0,1.0,0.028985508110212242,0.44202898961046466,0.6014492835687555,50.717391223039314,0.0,0.0,0.0,46.0,43.0,46.0,1.0,6.0,6.0,6.0,0.0,1.0,0.0,46.0,0.14285714285714285,1.0,0.26190476971013205,14650.806587550951,4884.85546875,4042.168701171875,2938.898193359375,4042.168701171875,2938.898193359375,36.91954645514488
test,dropout030_relay_failure,multi_relation,none,none,none,0,60,EA-RG-MAPPO-S,results/intercept_3d_gate1_hardened_safety_5seed_formal_candidate/runs/multi_relation/bc_ppo_seed0/actor_critic_update_0060.pt,310083,83,checkpoint,100,straight,True,True,80,0.2,1.0,0.3,0,0.0,1,40,80,True,1.0,1.0,1.0,0.028985508110212242,0.44202898961046466,0.6630434863593268,49.62681148233621,0.0,0.0,0.0,46.0,43.0,46.0,1.0,6.0,6.0,6.0,0.0,1.0,0.0,46.0,0.14285714285714285,1.0,0.19047619615282332,14660.539497707201,4893.61474609375,3973.86865234375,2962.6953125,3973.86865234375,2962.6953125,37.53182002902031
test,dropout030_relay_failure,multi_relation,none,none,none,0,60,EA-RG-MAPPO-S,results/intercept_3d_gate1_hardened_safety_5seed_formal_candidate/runs/multi_relation/bc_ppo_seed0/actor_critic_update_0060.pt,310084,84,checkpoint,100,straight,True,True,80,0.2,1.0,0.3,0,0.0,1,40,80,True,1.0,1.0,1.0,0.028985508110212242,0.44927536663801776,0.6014492832448172,47.81521722965914,0.0,0.0,0.0,46.0,43.0,46.0,1.0,6.0,6.0,6.0,0.0,1.0,0.0,46.0,0.14285714285714285,1.0,0.21428572067192622,14652.705630095108,4861.44482421875,3858.38134765625,2677.681640625,3858.38134765625,2677.681640625,37.29640284180641
test,dropout030_relay_failure,multi_relation,none,none,none,0,60,EA-RG-MAPPO-S,results/intercept_3d_gate1_hardened_safety_5seed_formal_candidate/runs/multi_relation/bc_ppo_seed0/actor_critic_update_0060.pt,310055,55,checkpoint,100,straight,True,True,80,0.2,1.0,0.3,0,0.0,1,40,80,True,1.0,1.0,1.0,0.02836879517169709,0.4609929120286982,0.560283695446684,56.226950226311985,0.0,0.0,0.0,47.0,44.0,47.0,1.0,7.0,7.0,7.0,0.0,1.0,0.0,47.0,0.125,1.0,0.14583333767950535,14469.954911901596,4626.89111328125,3802.76953125,3377.203857421875,3802.76953125,3377.203857421875,37.15698716044426
test,dropout030_relay_failure,multi_relation,none,none,none,0,60,EA-RG-MAPPO-S,results/intercept_3d_gate1_hardened_safety_5seed_formal_candidate/runs/multi_relation/bc_ppo_seed0/actor_critic_update_0060.pt,310065,65,checkpoint,100,straight,True,True,80,0.2,1.0,0.3,0,0.0,1,40,80,True,1.0,1.0,1.0,0.02836879517169709,0.4539007138698659,0.6418439780778074,39.54609901981151,0.0,0.0,0.0,47.0,44.0,47.0,1.0,7.0,7.0,7.0,0.0,1.0,0.0,47.0,0.125,0.9583333358168602,0.18750000558793545,14480.508841007313,4628.63916015625,3959.4658203125,2047.203125,3959.4658203125,2047.203125,38.62683990597725
test,dropout030_relay_failure,multi_relation,none,none,none,0,60,EA-RG-MAPPO-S,results/intercept_3d_gate1_hardened_safety_5seed_formal_candidate/runs/multi_relation/bc_ppo_seed0/actor_critic_update_0060.pt,310073,73,checkpoint,100,straight,True,True,80,0.2,1.0,0.3,0,0.0,1,40,80,True,1.0,1.0,1.0,0.02836879517169709,0.4539007132357739,0.634751780870113,47.97163103679393,0.0,0.0,0.0,47.0,44.0,47.0,1.0,7.0,7.0,7.0,0.0,1.0,0.0,47.0,0.125,1.0,0.2500000074505806,14449.61362408577,4523.82958984375,3756.987060546875,2942.585205078125,3756.987060546875,2942.585205078125,38.13894408941269
test,dropout030_relay_failure,multi_relation,none,none,none,0,60,EA-RG-MAPPO-S,results/intercept_3d_gate1_hardened_safety_5seed_formal_candidate/runs/multi_relation/bc_ppo_seed0/actor_critic_update_0060.pt,310096,96,checkpoint,100,straight,True,True,80,0.2,1.0,0.3,0,0.0,1,40,80,True,1.0,1.0,1.0,0.02836879517169709,0.4539007132357739,0.6382978789983912,50.62056732589894,0.0,0.0,0.0,47.0,44.0,47.0,1.0,7.0,7.0,7.0,0.0,1.0,0.0,47.0,0.125,1.0,0.2083333395421505,14464.317175033244,4629.24755859375,3834.966796875,2624.203369140625,3834.966796875,2624.203369140625,37.96529999375343
test,dropout030_relay_failure,multi_relation,none,none,none,0,60,EA-RG-MAPPO-S,results/intercept_3d_gate1_hardened_safety_5seed_formal_candidate/runs/multi_relation/bc_ppo_seed0/actor_critic_update_0060.pt,310094,94,checkpoint,100,straight,True,True,80,0.2,1.0,0.3,0,0.0,1,40,80,True,1.0,1.0,1.0,0.027777778605620067,0.45833333767950535,0.6111111203208566,55.9965279645597,0.0,0.0,0.0,48.0,45.0,48.0,1.0,8.0,8.0,8.0,0.0,1.0,0.0,48.0,0.1111111111111111,0.9629629651705424,0.18518519070413378,14281.390747070312,4309.6806640625,3230.256591796875,3311.571533203125,3230.256591796875,3311.571533203125,38.15241512656212
test,dropout030_relay_failure,multi_relation,none,none,none,0,60,EA-RG-MAPPO-S,results/intercept_3d_gate1_hardened_safety_5seed_formal_candidate/runs/multi_relation/bc_ppo_seed0/actor_critic_update_0060.pt,310050,50,checkpoint,100,straight,True,True,80,0.2,1.0,0.3,0,0.0,1,40,80,True,0.0,0.0,0.0,0.0,0.09358974488881919,0.1673076953452367,73.15641001485861,0.0,1.0,0.0,260.0,-1.0,-1.0,0.0,220.0,220.0,-1.0,0.0,0.0,1.0,-1.0,0.0,0.14166666865348815,0.13750000409781932,37544.27227877104,79599.9296875,1503.462158203125,1713.911376953125,72947.859375,14345.0341796875,-39.763568489812315
test,dropout030_relay_failure,multi_relation,none,none,none,0,60,EA-RG-MAPPO-S,results/intercept_3d_gate1_hardened_safety_5seed_formal_candidate/runs/multi_relation/bc_ppo_seed0/actor_critic_update_0060.pt,310051,51,checkpoint,100,straight,True,True,80,0.2,1.0,0.3,0,0.0,1,40,80,True,0.0,0.0,0.0,0.0,0.09743589862034871,0.2198717994758716,66.20641060952957,0.0,1.0,0.0,260.0,-1.0,-1.0,0.0,220.0,220.0,-1.0,0.0,0.0,1.0,-1.0,0.0,0.1583333346992731,0.13333333730697633,37559.70868577224,79308.1953125,2064.92822265625,1992.291259765625,77765.875,4243.0458984375,-36.52858435921371
test,dropout030_relay_failure,multi_relation,none,none,none,0,60,EA-RG-MAPPO-S,results/intercept_3d_gate1_hardened_safety_5seed_formal_candidate/runs/multi_relation/bc_ppo_seed0/actor_critic_update_0060.pt,310052,52,checkpoint,100,straight,True,True,80,0.2,1.0,0.3,0,0.0,1,40,80,True,0.0,0.0,1.0,0.003846153960778163,0.10256410401601057,0.16987179746994605,73.73717894949593,0.0,1.0,0.0,260.0,44.0,-1.0,0.0,220.0,220.0,-1.0,0.0,0.0,1.0,-1.0,0.0,0.16666666902601718,0.13333333730697633,37461.95960505559,79822.75,541.0064086914062,1585.376953125,75867.921875,13715.7255859375,-36.83017322421074
test,dropout030_relay_failure,multi_relation,none,none,none,0,60,EA-RG-MAPPO-S,results/intercept_3d_gate1_hardened_safety_5seed_formal_candidate/runs/multi_relation/bc_ppo_seed0/actor_critic_update_0060.pt,310061,61,checkpoint,100,straight,True,True,80,0.2,1.0,0.3,0,0.0,1,40,80,True,0.0,0.0,1.0,0.0012820513202593878,0.09871795005523241,0.16410256698727607,73.4153846087364,0.0,1.0,0.0,260.0,46.0,-1.0,0.0,220.0,220.0,-1.0,0.0,0.0,1.0,-1.0,0.0,0.15416666865348816,0.14583333767950535,37435.75984919621,79658.453125,1186.458251953125,1683.74072265625,72298.203125,17708.623046875,-38.47763961087912
test,dropout030_relay_failure,multi_relation,none,none,none,0,60,EA-RG-MAPPO-S,results/intercept_3d_gate1_hardened_safety_5seed_formal_candidate/runs/multi_relation/bc_ppo_seed0/actor_critic_update_0060.pt,310063,63,checkpoint,100,straight,True,True,80,0.2,1.0,0.3,0,0.0,1,40,80,True,0.0,0.0,1.0,0.0012820513202593878,0.09743589896422167,0.20833333776547358,66.55000020861625,0.0,1.0,0.0,260.0,45.0,-1.0,0.0,220.0,220.0,-1.0,0.0,0.0,1.0,-1.0,0.0,0.15000000260770321,0.14166667088866233,37792.11692833534,79848.953125,722.528076171875,1626.0062255859375,75166.828125,7637.25927734375,-36.423690009862185
test,dropout030_relay_failure,multi_relation,none,none,none,0,60,EA-RG-MAPPO-S,results/intercept_3d_gate1_hardened_safety_5seed_formal_candidate/runs/multi_relation/bc_ppo_seed0/actor_critic_update_0060.pt,310067,67,checkpoint,100,straight,True,True,80,0.2,1.0,0.3,0,0.0,1,40,80,True,0.0,0.0,1.0,0.0025641026405187756,0.1012820528103755,0.18589743903050057,71.95320549257673,0.0,1.0,0.0,260.0,45.0,-1.0,0.0,220.0,220.0,-1.0,0.0,0.0,1.0,-1.0,0.0,0.1583333358168602,0.14166667088866233,37603.91240891677,79900.8984375,870.0807495117188,1677.519287109375,74139.234375,11989.4140625,-36.66893967241049
test,dropout030_relay_failure,multi_relation,none,none,none,0,60,EA-RG-MAPPO-S,results/intercept_3d_gate1_hardened_safety_5seed_formal_candidate/runs/multi_relation/bc_ppo_seed0/actor_critic_update_0060.pt,310068,68,checkpoint,100,straight,True,True,80,0.2,1.0,0.3,0,0.0,1,40,80,True,0.0,0.0,0.0,0.0,0.09871795039910536,0.16538461847947195,75.22307714051925,0.0,1.0,0.0,260.0,-1.0,-1.0,0.0,220.0,220.0,-1.0,0.0,0.0,1.0,-1.0,0.0,0.15416666977107524,0.1604166714474559,37120.071965144234,78252.2109375,818.2769775390625,1575.6959228515625,71064.0234375,14136.646484375,-38.516147553920746
test,dropout030_relay_failure,multi_relation,none,none,none,0,60,EA-RG-MAPPO-S,results/intercept_3d_gate1_hardened_safety_5seed_formal_candidate/runs/multi_relation/bc_ppo_seed0/actor_critic_update_0060.pt,310072,72,checkpoint,100,straight,True,True,80,0.2,1.0,0.3,0,0.0,1,40,80,True,0.0,0.0,0.0,0.0,0.09230769368318412,0.18525641411542892,70.15705144015642,0.0,1.0,0.0,260.0,-1.0,-1.0,0.0,220.0,220.0,-1.0,0.0,0.0,1.0,-1.0,0.0,0.13750000223517417,0.1666666716337204,38102.91286714994,80814.2421875,1628.069091796875,1821.1744384765625,76808.59375,11759.6416015625,-39.5723423846066
test,dropout030_relay_failure,multi_relation,none,none,none,0,60,EA-RG-MAPPO-S,results/intercept_3d_gate1_hardened_safety_5seed_formal_candidate/runs/multi_relation/bc_ppo_seed0/actor_critic_update_0060.pt,310074,74,checkpoint,100,straight,True,True,80,0.2,1.0,0.3,0,0.0,1,40,80,True,0.0,0.0,1.0,0.0012820513202593878,0.10128205269575119,0.15833333610342099,74.73012775864738,0.0,1.0,0.0,260.0,46.0,-1.0,0.0,220.0,220.0,-1.0,0.0,0.0,1.0,-1.0,0.0,0.1625000022351742,0.14166667088866233,37220.75743596003,79423.2265625,1170.6414794921875,1676.5501708984375,71745.1484375,20338.701171875,-38.3862031660974
test,dropout030_relay_failure,multi_relation,none,none,none,0,60,EA-RG-MAPPO-S,results/intercept_3d_gate1_hardened_safety_5seed_formal_candidate/runs/multi_relation/bc_ppo_seed0/actor_critic_update_0060.pt,310075,75,checkpoint,100,straight,True,True,80,0.2,1.0,0.3,0,0.0,1,40,80,True,0.0,0.0,1.0,0.003846153960778163,0.10769230929704812,0.14871795108685126,77.34358978942036,0.0,1.0,0.0,260.0,44.0,-1.0,0.0,220.0,220.0,-1.0,0.0,0.0,1.0,-1.0,0.0,0.17916666939854622,0.1250000037252903,36586.200253530646,78975.0234375,347.3625793457031,1300.3624267578125,72679.859375,17406.06640625,-36.95463915914297
test,dropout030_relay_failure,multi_relation,none,none,none,0,60,EA-RG-MAPPO-S,results/intercept_3d_gate1_hardened_safety_5seed_formal_candidate/runs/multi_relation/bc_ppo_seed0/actor_critic_update_0060.pt,310080,80,checkpoint,100,straight,True,True,80,0.2,1.0,0.3,0,0.0,1,40,80,True,0.0,0.0,0.0,0.0,0.10128205292499982,0.1474358998812162,76.93525650610144,0.0,1.0,0.0,260.0,-1.0,-1.0,0.0,220.0,220.0,-1.0,0.0,0.0,1.0,-1.0,0.0,0.16250000298023223,0.13541667070239782,36779.547115384616,77826.125,694.8494873046875,1437.195556640625,69581.5234375,16928.685546875,-39.08116018027067
test,dropout030_relay_failure,multi_relation,none,none,none,0,60,EA-RG-MAPPO-S,results/intercept_3d_gate1_hardened_safety_5seed_formal_candidate/runs/multi_relation/bc_ppo_seed0/actor_critic_update_0060.pt,310082,82,checkpoint,100,straight,True,True,80,0.2,1.0,0.3,0,0.0,1,40,80,True,0.0,0.0,1.0,0.003846153960778163,0.10128205258112688,0.154487182199955,73.8852566001507,0.0,1.0,0.0,260.0,45.0,-1.0,0.0,220.0,220.0,-1.0,0.0,0.0,1.0,-1.0,0.0,0.15833333507180214,0.12291667032986879,37448.69355844351,79899.1328125,1004.512939453125,1642.6671142578125,73052.28125,18220.52734375,-37.732115413062274
test,dropout030_relay_failure,multi_relation,none,none,none,0,60,EA-RG-MAPPO-S,results/intercept_3d_gate1_hardened_safety_5seed_formal_candidate/runs/multi_relation/bc_ppo_seed0/actor_critic_update_0060.pt,310086,86,checkpoint,100,straight,True,True,80,0.2,1.0,0.3,0,0.0,1,40,80,True,0.0,0.0,0.0,0.0,0.09358974488881919,0.1660256448846597,71.15256409524726,0.0,1.0,0.0,260.0,-1.0,-1.0,0.0,220.0,220.0,-1.0,0.0,0.0,1.0,-1.0,0.0,0.14583333507180213,0.13333333730697633,37743.49995304988,80342.03125,1720.5760498046875,1798.613037109375,75309.375,12363.8544921875,-40.37884945049882
test,dropout030_relay_failure,multi_relation,none,none,none,0,60,EA-RG-MAPPO-S,results/intercept_3d_gate1_hardened_safety_5seed_formal_candidate/runs/multi_relation/bc_ppo_seed0/actor_critic_update_0060.pt,310087,87,checkpoint,100,straight,True,True,80,0.2,1.0,0.3,0,0.0,1,40,80,True,0.0,0.0,1.0,0.0012820513202593878,0.09871795005523241,0.16282051555239238,74.54679475254737,0.0,1.0,0.0,260.0,46.0,-1.0,0.0,220.0,220.0,-1.0,0.0,0.0,1.0,-1.0,0.0,0.15416666865348816,0.11875000353902579,37358.09942063552,79605.15625,1120.8656005859375,1577.03662109375,72122.1796875,16226.73046875,-38.974195510149
test,dropout030_relay_failure,multi_relation,none,none,none,0,60,EA-RG-MAPPO-S,results/intercept_3d_gate1_hardened_safety_5seed_formal_candidate/runs/multi_relation/bc_ppo_seed0/actor_critic_update_0060.pt,310089,89,checkpoint,100,straight,True,True,80,0.2,1.0,0.3,0,0.0,1,40,80,True,0.0,0.0,0.0,0.0,0.10000000149011612,0.17371795234771875,72.49679521580155,0.0,1.0,0.0,260.0,-1.0,-1.0,0.0,220.0,220.0,-1.0,0.0,0.0,1.0,-1.0,0.0,0.1583333358168602,0.1729166718199849,37652.092831655646,80063.375,896.5277709960938,1847.719482421875,74289.515625,13372.990234375,-39.20773797482252
test,dropout030_relay_failure,multi_relation,none,none,none,0,60,EA-RG-MAPPO-S,results/intercept_3d_gate1_hardened_safety_5seed_formal_candidate/runs/multi_relation/bc_ppo_seed0/actor_critic_update_0060.pt,310090,90,checkpoint,100,straight,True,True,80,0.2,1.0,0.3,0,0.0,1,40,80,True,0.0,0.0,1.0,0.0012820513202593878,0.10641025797678874,0.15384615688369824,63.05897457227111,0.0,1.0,0.0,260.0,46.0,-1.0,0.0,220.0,220.0,-1.0,0.0,0.0,1.0,-1.0,0.0,0.17916666939854622,0.15625000465661287,37098.42600003756,79447.375,945.514404296875,1665.698486328125,72225.1328125,20780.478515625,-37.044572453945875
test,dropout030_relay_failure,multi_relation,none,none,none,0,60,EA-RG-MAPPO-S,results/intercept_3d_gate1_hardened_safety_5seed_formal_candidate/runs/multi_relation/bc_ppo_seed0/actor_critic_update_0060.pt,310093,93,checkpoint,100,straight,True,True,80,0.2,1.0,0.3,0,0.0,1,40,80,True,0.0,0.0,1.0,0.003846153960778163,0.10384615533626997,0.15512820791739684,74.42948735912259,0.0,1.0,0.0,260.0,44.0,-1.0,0.0,220.0,220.0,-1.0,0.0,0.0,1.0,-1.0,0.0,0.16666666902601718,0.13333333730697633,36890.74382136418,78091.375,382.91790771484375,1524.4781494140625,69698.671875,16965.439453125,-35.85792778618634
test,dropout030_relay_failure,multi_relation,none,none,none,0,60,EA-RG-MAPPO-S,results/intercept_3d_gate1_hardened_safety_5seed_formal_candidate/runs/multi_relation/bc_ppo_seed0/actor_critic_update_0060.pt,310097,97,checkpoint,100,straight,True,True,80,0.2,1.0,0.3,0,0.0,1,40,80,True,0.0,0.0,1.0,0.003846153960778163,0.10897436073193183,0.15576923329096573,75.7929483294487,0.0,1.0,0.0,260.0,43.0,-1.0,0.0,220.0,220.0,-1.0,0.0,0.0,1.0,-1.0,0.0,0.18333333656191825,0.13750000409781932,36995.24603647085,78771.2890625,207.40704345703125,1475.3505859375,73528.3984375,11335.82421875,-36.145079769194126
test,dropout030_relay_failure,multi_relation,none,none,none,0,60,EA-RG-MAPPO-S,results/intercept_3d_gate1_hardened_safety_5seed_formal_candidate/runs/multi_relation/bc_ppo_seed0/actor_critic_update_0060.pt,310098,98,checkpoint,100,straight,True,True,80,0.2,1.0,0.3,0,0.0,1,40,80,True,0.0,0.0,1.0,0.003846153960778163,0.09871795005523241,0.169230772039065,73.58653822094202,0.0,1.0,0.0,260.0,45.0,-1.0,0.0,220.0,220.0,-1.0,0.0,0.0,1.0,-1.0,0.0,0.15416666865348816,0.14375000428408385,37445.319485238884,79809.4609375,1198.412353515625,1686.628173828125,72687.34375,16572.025390625,-37.10496370494366
test,dropout030_relay_failure,multi_relation,none,none,none,0,60,EA-RG-MAPPO-S,results/intercept_3d_gate1_hardened_safety_5seed_formal_candidate/runs/multi_relation/bc_ppo_seed0/actor_critic_update_0060.pt,310099,99,checkpoint,100,straight,True,True,80,0.2,1.0,0.3,0,0.0,1,40,80,True,0.0,0.0,0.0,0.0,0.09743589907884598,0.15576923346290222,75.55448704459346,0.0,1.0,0.0,260.0,-1.0,-1.0,0.0,220.0,220.0,-1.0,0.0,0.0,1.0,-1.0,0.0,0.15000000298023225,0.13333333730697633,36897.82327411358,77214.8359375,599.7175903320312,1445.9573974609375,69423.4609375,11720.86328125,-38.305388040840626
test,dropout030_relay_failure,multi_relation,none,none,none,1,60,EA-RG-MAPPO-S,results/intercept_3d_gate1_hardened_safety_5seed_formal_candidate/runs/multi_relation/bc_ppo_seed1/actor_critic_update_0060.pt,310001,1,checkpoint,100,straight,True,True,80,0.2,1.0,0.3,0,0.0,1,40,80,True,1.0,1.0,1.0,0.03030303120613098,0.4242424287579276,0.6780303093520078,47.78409082340923,0.0,0.0,0.0,44.0,41.0,44.0,1.0,4.0,4.0,4.0,0.0,1.0,0.0,44.0,0.2,1.0,0.20000000596046447,15101.960027521307,5583.66015625,3715.00634765625,2461.954833984375,3715.00634765625,2461.954833984375,36.31810384988785
test,dropout030_relay_failure,multi_relation,none,none,none,1,60,EA-RG-MAPPO-S,results/intercept_3d_gate1_hardened_safety_5seed_formal_candidate/runs/multi_relation/bc_ppo_seed1/actor_critic_update_0060.pt,310002,2,checkpoint,100,straight,True,True,80,0.2,1.0,0.3,0,0.0,1,40,80,True,1.0,1.0,1.0,0.03030303120613098,0.4166666716337204,0.6553030400113626,39.95075755261562,0.0,0.0,0.0,44.0,41.0,44.0,1.0,4.0,4.0,4.0,0.0,1.0,0.0,44.0,0.2,1.0,0.26666667461395266,15263.367953213778,6011.77490234375,3876.948486328125,1658.9730224609375,3876.948486328125,1658.9730224609375,36.04967796802521
test,dropout030_relay_failure,multi_relation,none,none,none,1,60,EA-RG-MAPPO-S,results/intercept_3d_gate1_hardened_safety_5seed_formal_candidate/runs/multi_relation/bc_ppo_seed1/actor_critic_update_0060.pt,310005,5,checkpoint,100,straight,True,True,80,0.2,1.0,0.3,0,0.0,1,40,80,True,1.0,1.0,1.0,0.03030303120613098,0.41666667095639487,0.6666666756976735,42.92045463181355,0.0,0.0,0.0,44.0,41.0,44.0,1.0,4.0,4.0,4.0,0.0,1.0,0.0,44.0,0.2,1.0,0.3000000089406967,15127.401822176847,5646.69189453125,3703.43798828125,2717.83544921875,3703.43798828125,2717.83544921875,36.23089635372162
test,dropout030_relay_failure,multi_relation,none,none,none,1,60,EA-RG-MAPPO-S,results/intercept_3d_gate1_hardened_safety_5seed_formal_candidate/runs/multi_relation/bc_ppo_seed1/actor_critic_update_0060.pt,310014,14,checkpoint,100,straight,True,True,80,0.2,1.0,0.3,0,0.0,1,40,80,True,1.0,1.0,1.0,0.03030303120613098,0.41666667095639487,0.6515151590786197,39.01136360994794,0.0,0.0,0.0,44.0,41.0,44.0,1.0,4.0,4.0,4.0,0.0,1.0,0.0,44.0,0.2,1.0,0.23333334028720856,15124.230524236506,5600.59765625,3586.782470703125,1810.0848388671875,3586.782470703125,1810.0848388671875,36.30283084511757
test,dropout030_relay_failure,multi_relation,none,none,none,1,60,EA-RG-MAPPO-S,results/intercept_3d_gate1_hardened_safety_5seed_formal_candidate/runs/multi_relation/bc_ppo_seed1/actor_critic_update_0060.pt,310017,17,checkpoint,100,straight,True,True,80,0.2,1.0,0.3,0,0.0,1,40,80,True,1.0,1.0,1.0,0.03030303120613098,0.40909091383218765,0.6515151594172824,42.912878672169015,0.0,0.0,0.0,44.0,41.0,44.0,1.0,4.0,4.0,4.0,0.0,1.0,0.0,44.0,0.2,1.0,0.20000000596046447,15178.20596590909,5767.484375,3722.957275390625,2014.125,3722.957275390625,2014.125,35.87811028957367
test,dropout030_relay_failure,multi_relation,none,none,none,1,60,EA-RG-MAPPO-S,results/intercept_3d_gate1_hardened_safety_5seed_formal_candidate/runs/multi_relation/bc_ppo_seed1/actor_critic_update_0060.pt,310019,19,checkpoint,100,straight,True,True,80,0.2,1.0,0.3,0,0.0,1,40,80,True,1.0,1.0,1.0,0.03030303120613098,0.41666667095639487,0.7310606136240743,41.882575876672156,0.0,0.0,0.0,44.0,41.0,44.0,1.0,4.0,4.0,4.0,0.0,1.0,0.0,44.0,0.2,1.0,0.3000000089406967,15123.35506924716,5579.103515625,3725.070556640625,2476.199462890625,3725.070556640625,2476.199462890625,36.900861501693726
test,dropout030_relay_failure,multi_relation,none,none,none,1,60,EA-RG-MAPPO-S,results/intercept_3d_gate1_hardened_safety_5seed_formal_candidate/runs/multi_relation/bc_ppo_seed1/actor_critic_update_0060.pt,310026,26,checkpoint,100,straight,True,True,80,0.2,1.0,0.3,0,0.0,1,40,80,True,1.0,1.0,1.0,0.03030303120613098,0.4242424287579276,0.6590909172188152,41.05681812560017,0.0,0.0,0.0,44.0,41.0,44.0,1.0,4.0,4.0,4.0,0.0,1.0,0.0,44.0,0.2,1.0,0.20000000596046447,15105.034712357954,5601.49072265625,3676.6162109375,2062.78759765625,3676.6162109375,2062.78759765625,36.50421467423439
test,dropout030_relay_failure,multi_relation,none,none,none,1,60,EA-RG-MAPPO-S,results/intercept_3d_gate1_hardened_safety_5seed_formal_candidate/runs/multi_relation/bc_ppo_seed1/actor_critic_update_0060.pt,310029,29,checkpoint,100,straight,True,True,80,0.2,1.0,0.3,0,0.0,1,40,80,True,1.0,1.0,1.0,0.03030303120613098,0.40909091383218765,0.738636370070956,42.77272718162699,0.0,0.0,0.0,44.0,41.0,44.0,1.0,4.0,4.0,4.0,0.0,1.0,0.0,44.0,0.2,1.0,0.23333334028720856,15132.749722567472,5663.14013671875,3679.87060546875,2357.84423828125,3679.87060546875,2357.84423828125,36.73031905293465
test,dropout030_relay_failure,multi_relation,none,none,none,1,60,EA-RG-MAPPO-S,results/intercept_3d_gate1_hardened_safety_5seed_formal_candidate/runs/multi_relation/bc_ppo_seed1/actor_critic_update_0060.pt,310034,34,checkpoint,100,straight,True,True,80,0.2,1.0,0.3,0,0.0,1,40,80,True,1.0,1.0,1.0,0.03030303120613098,0.4242424287579276,0.6931818256323988,39.98863601616838,0.0,0.0,0.0,44.0,41.0,44.0,1.0,4.0,4.0,4.0,0.0,1.0,0.0,44.0,0.2,1.0,0.20000000596046447,15123.665960138494,5621.25048828125,3759.3310546875,1567.3216552734375,3759.3310546875,1567.3216552734375,36.79798558354378
test,dropout030_relay_failure,multi_relation,none,none,none,1,60,EA-RG-MAPPO-S,results/intercept_3d_gate1_hardened_safety_5seed_formal_candidate/runs/multi_relation/bc_ppo_seed1/actor_critic_update_0060.pt,310036,36,checkpoint,100,straight,True,True,80,0.2,1.0,0.3,0,0.0,1,40,80,True,1.0,1.0,1.0,0.03030303120613098,0.4242424287579276,0.655303037979386,42.049242254685275,0.0,0.0,0.0,44.0,41.0,44.0,1.0,4.0,4.0,4.0,0.0,1.0,0.0,44.0,0.2,1.0,0.20000000596046447,15113.132879083807,5638.65380859375,3781.760498046875,1726.8055419921875,3781.760498046875,1726.8055419921875,36.33598190546036
test,dropout030_relay_failure,multi_relation,none,none,none,1,60,EA-RG-MAPPO-S,results/intercept_3d_gate1_hardened_safety_5seed_formal_candidate/runs/multi_relation/bc_ppo_seed1/actor_critic_update_0060.pt,310042,42,checkpoint,100,straight,True,True,80,0.2,1.0,0.3,0,0.0,1,40,80,True,1.0,1.0,1.0,0.03030303120613098,0.4242424287579276,0.6477272825484927,41.928030303933404,0.0,0.0,0.0,44.0,41.0,44.0,1.0,4.0,4.0,4.0,0.0,1.0,0.0,44.0,0.2,1.0,0.23333334028720856,15110.77010830966,5609.50390625,3731.821044921875,1723.7294921875,3731.821044921875,1723.7294921875,36.31318341195583
test,dropout030_relay_failure,multi_relation,none,none,none,1,60,EA-RG-MAPPO-S,results/intercept_3d_gate1_hardened_safety_5seed_formal_candidate/runs/multi_relation/bc_ppo_seed1/actor_critic_update_0060.pt,310048,48,checkpoint,100,straight,True,True,80,0.2,1.0,0.3,0,0.0,1,40,80,True,1.0,1.0,1.0,0.03030303120613098,0.41666667095639487,0.6325757659294389,43.92424231090329,0.0,0.0,0.0,44.0,41.0,44.0,1.0,4.0,4.0,4.0,0.0,1.0,0.0,44.0,0.2,1.0,0.23333334028720856,15140.123979048296,5653.67138671875,3842.546142578125,1889.1300048828125,3842.546142578125,1889.1300048828125,35.89077892899513
test,dropout030_relay_failure,multi_relation,none,none,none,1,60,EA-RG-MAPPO-S,results/intercept_3d_gate1_hardened_safety_5seed_formal_candidate/runs/multi_relation/bc_ppo_seed1/actor_critic_update_0060.pt,310000,0,checkpoint,100,straight,True,True,80,0.2,1.0,0.3,0,0.0,1,40,80,True,1.0,1.0,1.0,0.029629630512661403,0.4370370414521959,0.6555555638339784,43.04444461166859,0.0,0.0,0.0,45.0,42.0,45.0,1.0,5.0,5.0,5.0,0.0,1.0,0.0,45.0,0.16666666666666666,1.0,0.22222222884496054,14827.07333984375,5039.794921875,3567.193359375,2971.74365234375,3567.193359375,2971.74365234375,37.26201519370079
test,dropout030_relay_failure,multi_relation,none,none,none,1,60,EA-RG-MAPPO-S,results/intercept_3d_gate1_hardened_safety_5seed_formal_candidate/runs/multi_relation/bc_ppo_seed1/actor_critic_update_0060.pt,310006,6,checkpoint,100,straight,True,True,80,0.2,1.0,0.3,0,0.0,1,40,80,True,1.0,1.0,1.0,0.029629630512661403,0.4370370414521959,0.6222222301695082,44.9925925400522,0.0,0.0,0.0,45.0,42.0,45.0,1.0,5.0,5.0,5.0,0.0,1.0,0.0,45.0,0.16666666666666666,1.0,0.1666666716337204,14864.22062717014,5097.38720703125,3752.56689453125,2652.02197265625,3752.56689453125,2652.02197265625,36.85329353809357
test,dropout030_relay_failure,multi_relation,none,none,none,1,60,EA-RG-MAPPO-S,results/intercept_3d_gate1_hardened_safety_5seed_formal_candidate/runs/multi_relation/bc_ppo_seed1/actor_critic_update_0060.pt,310016,16,checkpoint,100,straight,True,True,80,0.2,1.0,0.3,0,0.0,1,40,80,True,1.0,1.0,1.0,0.029629630512661403,0.4370370414521959,0.6814814882145988,37.24074102507697,0.0,0.0,0.0,45.0,42.0,45.0,1.0,5.0,5.0,5.0,0.0,1.0,0.0,45.0,0.16666666666666666,1.0,0.1666666716337204,14874.569053819445,5156.10107421875,3556.120361328125,1671.3265380859375,3556.120361328125,1671.3265380859375,37.67723688483238
test,dropout030_relay_failure,multi_relation,none,none,none,1,60,EA-RG-MAPPO-S,results/intercept_3d_gate1_hardened_safety_5seed_formal_candidate/runs/multi_relation/bc_ppo_seed1/actor_critic_update_0060.pt,310020,20,checkpoint,100,straight,True,True,80,0.2,1.0,0.3,0,0.0,1,40,80,True,1.0,1.0,1.0,0.029629630512661403,0.4370370414521959,0.6592592666546504,44.91851823396153,0.0,0.0,0.0,45.0,42.0,45.0,1.0,5.0,5.0,5.0,0.0,1.0,0.0,45.0,0.16666666666666666,1.0,0.2500000074505806,14875.625336371528,5119.9912109375,3791.215576171875,2473.34765625,3791.215576171875,2473.34765625,37.231203734874725
test,dropout030_relay_failure,multi_relation,none,none,none,1,60,EA-RG-MAPPO-S,results/intercept_3d_gate1_hardened_safety_5seed_formal_candidate/runs/multi_relation/bc_ppo_seed1/actor_critic_update_0060.pt,310028,28,checkpoint,100,straight,True,True,80,0.2,1.0,0.3,0,0.0,1,40,80,True,1.0,1.0,1.0,0.029629630512661403,0.4296296338240306,0.7222222291760975,41.04814809560776,0.0,0.0,0.0,45.0,42.0,45.0,1.0,5.0,5.0,5.0,0.0,1.0,0.0,45.0,0.16666666666666666,1.0,0.22222222884496054,14873.213530815972,5121.8876953125,3821.778076171875,2450.381591796875,3821.778076171875,2450.381591796875,37.78322544693947
test,dropout030_relay_failure,multi_relation,none,none,none,1,60,EA-RG-MAPPO-S,results/intercept_3d_gate1_hardened_safety_5seed_formal_candidate/runs/multi_relation/bc_ppo_seed1/actor_critic_update_0060.pt,310031,31,checkpoint,100,straight,True,True,80,0.2,1.0,0.3,0,0.0,1,40,80,True,1.0,1.0,1.0,0.029629630512661403,0.4296296338240306,0.6555555644962523,42.9888889948527,0.0,0.0,0.0,45.0,42.0,45.0,1.0,5.0,5.0,5.0,0.0,1.0,0.0,45.0,0.16666666666666666,1.0,0.3055555646618207,14893.613899739583,5177.7880859375,3462.662353515625,2465.49853515625,3462.662353515625,2465.49853515625,37.0034738779068
test,dropout030_relay_failure,multi_relation,none,none,none,1,60,EA-RG-MAPPO-S,results/intercept_3d_gate1_hardened_safety_5seed_formal_candidate/runs/multi_relation/bc_ppo_seed1/actor_critic_update_0060.pt,310035,35,checkpoint,100,straight,True,True,80,0.2,1.0,0.3,0,0.0,1,40,80,True,1.0,1.0,1.0,0.029629630512661403,0.4296296338240306,0.6740740825732549,43.96666655374898,0.0,0.0,0.0,45.0,42.0,45.0,1.0,5.0,5.0,5.0,0.0,1.0,0.0,45.0,0.16666666666666666,1.0,0.2777777860562007,14859.466666666667,5126.77685546875,3702.611572265625,2053.37451171875,3702.611572265625,2053.37451171875,37.249436527490616
test,dropout030_relay_failure,multi_relation,none,none,none,1,60,EA-RG-MAPPO-S,results/intercept_3d_gate1_hardened_safety_5seed_formal_candidate/runs/multi_relation/bc_ppo_seed1/actor_critic_update_0060.pt,310038,38,checkpoint,100,straight,True,True,80,0.2,1.0,0.3,0,0.0,1,40,80,True,1.0,1.0,1.0,0.029629630512661403,0.4370370414521959,0.6333333406183455,42.096296266052455,0.0,0.0,0.0,45.0,42.0,45.0,1.0,5.0,5.0,5.0,0.0,1.0,0.0,45.0,0.16666666666666666,1.0,0.1666666716337204,14877.497200520833,5102.94775390625,3482.987548828125,2087.483642578125,3482.987548828125,2087.483642578125,37.089982092380524
test,dropout030_relay_failure,multi_relation,none,none,none,1,60,EA-RG-MAPPO-S,results/intercept_3d_gate1_hardened_safety_5seed_formal_candidate/runs/multi_relation/bc_ppo_seed1/actor_critic_update_0060.pt,310039,39,checkpoint,100,straight,True,True,80,0.2,1.0,0.3,0,0.0,1,40,80,True,1.0,1.0,1.0,0.029629630512661403,0.4296296338240306,0.7000000043047799,42.970370085703,0.0,0.0,0.0,45.0,42.0,45.0,1.0,5.0,5.0,5.0,0.0,1.0,0.0,45.0,0.16666666666666666,1.0,0.2500000074505806,14864.768934461805,5106.39501953125,3722.738037109375,2298.03271484375,3722.738037109375,2298.03271484375,37.50367021560669
test,dropout030_relay_failure,multi_relation,none,none,none,1,60,EA-RG-MAPPO-S,results/intercept_3d_gate1_hardened_safety_5seed_formal_candidate/runs/multi_relation/bc_ppo_seed1/actor_critic_update_0060.pt,310041,41,checkpoint,100,straight,True,True,80,0.2,1.0,0.3,0,0.0,1,40,80,True,1.0,1.0,1.0,0.029629630512661403,0.4370370414521959,0.6148148215479321,41.192592429452475,0.0,0.0,0.0,45.0,42.0,45.0,1.0,5.0,5.0,5.0,0.0,1.0,0.0,45.0,0.16666666666666666,1.0,0.22222222884496054,14884.328569878473,5175.13671875,3567.539306640625,1787.8294677734375,3567.539306640625,1787.8294677734375,36.89462348818779
test,dropout030_relay_failure,multi_relation,none,none,none,1,60,EA-RG-MAPPO-S,results/intercept_3d_gate1_hardened_safety_5seed_formal_candidate/runs/multi_relation/bc_ppo_seed1/actor_critic_update_0060.pt,310044,44,checkpoint,100,straight,True,True,80,0.2,1.0,0.3,0,0.0,1,40,80,True,1.0,1.0,1.0,0.029629630512661403,0.4370370414521959,0.6333333402872086,41.092592712574536,0.0,0.0,0.0,45.0,42.0,45.0,1.0,5.0,5.0,5.0,0.0,1.0,0.0,45.0,0.16666666666666666,1.0,0.19444445023934046,14854.02595486111,5129.90283203125,3530.55810546875,2060.7724609375,3530.55810546875,2060.7724609375,37.18381553888321
test,dropout030_relay_failure,multi_relation,none,none,none,1,60,EA-RG-MAPPO-S,results/intercept_3d_gate1_hardened_safety_5seed_formal_candidate/runs/multi_relation/bc_ppo_seed1/actor_critic_update_0060.pt,310045,45,checkpoint,100,straight,True,True,80,0.2,1.0,0.3,0,0.0,1,40,80,True,1.0,1.0,1.0,0.029629630512661403,0.4370370414521959,0.6703703780968984,39.162963297963145,0.0,0.0,0.0,45.0,42.0,45.0,1.0,5.0,5.0,5.0,0.0,1.0,0.0,45.0,0.16666666666666666,1.0,0.22222222884496054,14834.702777777778,5043.93115234375,3598.837646484375,2286.180419921875,3598.837646484375,2286.180419921875,37.672207325696945
test,dropout030_relay_failure,multi_relation,none,none,none,1,60,EA-RG-MAPPO-S,results/intercept_3d_gate1_hardened_safety_5seed_formal_candidate/runs/multi_relation/bc_ppo_seed1/actor_critic_update_0060.pt,310046,46,checkpoint,100,straight,True,True,80,0.2,1.0,0.3,0,0.0,1,40,80,True,1.0,1.0,1.0,0.029629630512661403,0.4370370414521959,0.6259259353081386,41.137036924229726,0.0,0.0,0.0,45.0,42.0,45.0,1.0,5.0,5.0,5.0,0.0,1.0,0.0,45.0,0.16666666666666666,1.0,0.22222222884496054,14853.232107204862,5108.76806640625,3787.97998046875,2290.592529296875,3787.97998046875,2290.592529296875,37.1347339451313
test,dropout030_relay_failure,multi_relation,none,none,none,1,60,EA-RG-MAPPO-S,results/intercept_3d_gate1_hardened_safety_5seed_formal_candidate/runs/multi_relation/bc_ppo_seed1/actor_critic_update_0060.pt,310049,49,checkpoint,100,straight,True,True,80,0.2,1.0,0.3,0,0.0,1,40,80,True,1.0,1.0,1.0,0.029629630512661403,0.4370370414521959,0.6148148241970274,42.09259267581834,0.0,0.0,0.0,45.0,42.0,45.0,1.0,5.0,5.0,5.0,0.0,1.0,0.0,45.0,0.16666666666666666,1.0,0.2500000074505806,14871.546712239584,5104.22509765625,3577.604736328125,2456.45947265625,3577.604736328125,2456.45947265625,36.92231625318527
test,dropout030_relay_failure,multi_relation,none,none,none,1,60,EA-RG-MAPPO-S,results/intercept_3d_gate1_hardened_safety_5seed_formal_candidate/runs/multi_relation/bc_ppo_seed1/actor_critic_update_0060.pt,310013,13,checkpoint,100,straight,True,True,80,0.2,1.0,0.3,0,0.0,1,40,80,True,1.0,1.0,1.0,0.028985508110212242,0.44927536663801776,0.6485507352196652,42.351449416059516,0.0,0.0,0.0,46.0,43.0,46.0,1.0,6.0,6.0,6.0,0.0,1.0,0.0,46.0,0.14285714285714285,1.0,0.21428572067192622,14708.658171280571,4883.873046875,3855.232177734375,1969.837890625,3855.232177734375,1969.837890625,37.94385176897049
test,dropout030_relay_failure,multi_relation,none,none,none,1,60,EA-RG-MAPPO-S,results/intercept_3d_gate1_hardened_safety_5seed_formal_candidate/runs/multi_relation/bc_ppo_seed1/actor_critic_update_0060.pt,310021,21,checkpoint,100,straight,True,True,80,0.2,1.0,0.3,0,0.0,1,40,80,True,1.0,1.0,1.0,0.028985508110212242,0.44202898961046466,0.67753623717505,39.43115900586481,0.0,0.0,0.0,46.0,43.0,46.0,1.0,6.0,6.0,6.0,0.0,1.0,0.0,46.0,0.14285714285714285,1.0,0.14285714711461747,14652.687330163044,4748.29150390625,3588.140380859375,2078.371826171875,3588.140380859375,2078.371826171875,38.26167869567871
test,dropout030_relay_failure,multi_relation,none,none,none,1,60,EA-RG-MAPPO-S,results/intercept_3d_gate1_hardened_safety_5seed_formal_candidate/runs/multi_relation/bc_ppo_seed1/actor_critic_update_0060.pt,310022,22,checkpoint,100,straight,True,True,80,0.2,1.0,0.3,0,0.0,1,40,80,True,1.0,1.0,1.0,0.028985508110212242,0.44202898961046466,0.6304347910310911,41.329710348792695,0.0,0.0,0.0,46.0,43.0,46.0,1.0,6.0,6.0,6.0,0.0,1.0,0.0,46.0,0.14285714285714285,1.0,0.26190476971013205,14656.73732591712,4729.0908203125,3434.9775390625,1891.22216796875,3434.9775390625,1891.22216796875,37.75130024552345
test,dropout030_relay_failure,multi_relation,none,none,none,1,60,EA-RG-MAPPO-S,results/intercept_3d_gate1_hardened_safety_5seed_formal_candidate/runs/multi_relation/bc_ppo_seed1/actor_critic_update_0060.pt,310025,25,checkpoint,100,straight,True,True,80,0.2,1.0,0.3,0,0.0,1,40,80,True,1.0,1.0,1.0,0.028985508110212242,0.44927536663801776,0.7246376865583918,36.532608553119324,0.0,0.0,0.0,46.0,43.0,46.0,1.0,6.0,6.0,6.0,0.0,1.0,0.0,46.0,0.14285714285714285,1.0,0.21428572067192622,14626.577562415081,4689.796875,3599.556640625,1592.2703857421875,3599.556640625,1592.2703857421875,39.110665291547775
test,dropout030_relay_failure,multi_relation,none,none,none,1,60,EA-RG-MAPPO-S,results/intercept_3d_gate1_hardened_safety_5seed_formal_candidate/runs/multi_relation/bc_ppo_seed1/actor_critic_update_0060.pt,310027,27,checkpoint,100,straight,True,True,80,0.2,1.0,0.3,0,0.0,1,40,80,True,1.0,1.0,1.0,0.028985508110212242,0.44927536663801776,0.6557971096557119,39.41666672637929,0.0,0.0,0.0,46.0,43.0,46.0,1.0,6.0,6.0,6.0,0.0,1.0,0.0,46.0,0.14285714285714285,1.0,0.19047619615282332,14674.02592136549,4782.4580078125,3810.329345703125,2439.710693359375,3810.329345703125,2439.710693359375,38.22956073284149
test,dropout030_relay_failure,multi_relation,none,none,none,1,60,EA-RG-MAPPO-S,results/intercept_3d_gate1_hardened_safety_5seed_formal_candidate/runs/multi_relation/bc_ppo_seed1/actor_critic_update_0060.pt,310030,30,checkpoint,100,straight,True,True,80,0.2,1.0,0.3,0,0.0,1,40,80,True,1.0,1.0,1.0,0.028985508110212242,0.44927536663801776,0.6630434863593268,42.2173915275413,0.0,0.0,0.0,46.0,43.0,46.0,1.0,6.0,6.0,6.0,0.0,1.0,0.0,46.0,0.14285714285714285,1.0,0.19047619615282332,14717.232984459919,4796.45068359375,3608.736572265625,1980.5072021484375,3608.736572265625,1980.5072021484375,38.17953139543533
test,dropout030_relay_failure,multi_relation,none,none,none,1,60,EA-RG-MAPPO-S,results/intercept_3d_gate1_hardened_safety_5seed_formal_candidate/runs/multi_relation/bc_ppo_seed1/actor_critic_update_0060.pt,310032,32,checkpoint,100,straight,True,True,80,0.2,1.0,0.3,0,0.0,1,40,80,True,1.0,1.0,1.0,0.028985508110212242,0.44927536663801776,0.688405806603639,41.27536236851112,0.0,0.0,0.0,46.0,43.0,46.0,1.0,6.0,6.0,6.0,0.0,1.0,0.0,46.0,0.14285714285714285,1.0,0.28571429422923494,14638.253980553669,4752.00439453125,3803.01953125,1814.58154296875,3803.01953125,1814.58154296875,38.558377504348755
test,dropout030_relay_failure,multi_relation,none,none,none,1,60,EA-RG-MAPPO-S,results/intercept_3d_gate1_hardened_safety_5seed_formal_candidate/runs/multi_relation/bc_ppo_seed1/actor_critic_update_0060.pt,310007,7,checkpoint,100,straight,True,True,80,0.2,1.0,0.3,0,0.0,1,40,80,True,1.0,1.0,1.0,0.02836879517169709,0.4539007132357739,0.6560283756636559,36.8333330740954,0.0,0.0,0.0,47.0,44.0,47.0,1.0,7.0,7.0,7.0,0.0,1.0,0.0,47.0,0.125,1.0,0.27083334140479565,14507.724256150266,4455.34375,3543.017333984375,1368.029296875,3543.017333984375,1368.029296875,39.095058500766754
test,dropout030_relay_failure,multi_relation,none,none,none,1,60,EA-RG-MAPPO-S,results/intercept_3d_gate1_hardened_safety_5seed_formal_candidate/runs/multi_relation/bc_ppo_seed1/actor_critic_update_0060.pt,310008,8,checkpoint,100,straight,True,True,80,0.2,1.0,0.3,0,0.0,1,40,80,True,1.0,1.0,1.0,0.02836879517169709,0.4539007132357739,0.6666666735359963,47.80141841414127,0.0,0.0,0.0,47.0,44.0,47.0,1.0,7.0,7.0,7.0,0.0,1.0,0.0,47.0,0.125,1.0,0.2083333395421505,14482.63539935173,4354.02294921875,3558.3623046875,3001.714111328125,3558.3623046875,3001.714111328125,38.68734699487686
test,dropout030_relay_failure,multi_relation,none,none,none,1,60,EA-RG-MAPPO-S,results/intercept_3d_gate1_hardened_safety_5seed_formal_candidate/runs/multi_relation/bc_ppo_seed1/actor_critic_update_0060.pt,310009,9,checkpoint,100,straight,True,True,80,0.2,1.0,0.3,0,0.0,1,40,80,True,1.0,1.0,1.0,0.02836879517169709,0.4539007132357739,0.5638297942090542,43.40070951460524,0.0,0.0,0.0,47.0,44.0,47.0,1.0,7.0,7.0,7.0,0.0,1.0,0.0,47.0,0.125,1.0,0.2083333395421505,14563.914613115026,4538.5595703125,3732.555908203125,2051.1181640625,3732.555908203125,2051.1181640625,37.8551661670208
test,dropout030_relay_failure,multi_relation,none,none,none,1,60,EA-RG-MAPPO-S,results/intercept_3d_gate1_hardened_safety_5seed_formal_candidate/runs/multi_relation/bc_ppo_seed1/actor_critic_update_0060.pt,310012,12,checkpoint,100,straight,True,True,80,0.2,1.0,0.3,0,0.0,1,40,80,True,1.0,1.0,1.0,0.02836879517169709,0.4539007132357739,0.6382978805836211,43.25531926053635,0.0,0.0,0.0,47.0,44.0,47.0,1.0,7.0,7.0,7.0,0.0,1.0,0.0,47.0,0.125,1.0,0.2083333395421505,14511.192185422207,4445.6328125,3448.7578125,2113.460693359375,3448.7578125,2113.460693359375,38.66536831855774
test,dropout030_relay_failure,multi_relation,none,none,none,1,60,EA-RG-MAPPO-S,results/intercept_3d_gate1_hardened_safety_5seed_formal_candidate/runs/multi_relation/bc_ppo_seed1/actor_critic_update_0060.pt,310018,18,checkpoint,100,straight,True,True,80,0.2,1.0,0.3,0,0.0,1,40,80,True,1.0,1.0,1.0,0.02836879517169709,0.4609929120286982,0.6418439802971292,39.56737626264704,0.0,0.0,0.0,47.0,44.0,47.0,1.0,7.0,7.0,7.0,0.0,1.0,0.0,47.0,0.125,1.0,0.2500000074505806,14497.076815990691,4507.31396484375,3670.108642578125,1952.7518310546875,3670.108642578125,1952.7518310546875,38.83492490649223
test,dropout030_relay_failure,multi_relation,none,none,none,1,60,EA-RG-MAPPO-S,results/intercept_3d_gate1_hardened_safety_5seed_formal_candidate/runs/multi_relation/bc_ppo_seed1/actor_critic_update_0060.pt,310023,23,checkpoint,100,straight,True,True,80,0.2,1.0,0.3,0,0.0,1,40,80,True,1.0,1.0,1.0,0.02836879517169709,0.4539007132357739,0.6453900803276833,42.329787262576694,0.0,0.0,0.0,47.0,44.0,47.0,1.0,7.0,7.0,7.0,0.0,1.0,0.0,47.0,0.125,1.0,0.27083334140479565,14475.571943567154,4407.06787109375,3615.15771484375,2635.441162109375,3615.15771484375,2635.441162109375,38.68988436460495
test,dropout030_relay_failure,multi_relation,none,none,none,1,60,EA-RG-MAPPO-S,results/intercept_3d_gate1_hardened_safety_5seed_formal_candidate/runs/multi_relation/bc_ppo_seed1/actor_critic_update_0060.pt,310033,33,checkpoint,100,straight,True,True,80,0.2,1.0,0.3,0,0.0,1,40,80,True,1.0,1.0,1.0,0.02836879517169709,0.4539007132357739,0.6241134820466346,40.58156033684599,0.0,0.0,0.0,47.0,44.0,47.0,1.0,7.0,7.0,7.0,0.0,1.0,0.0,47.0,0.125,1.0,0.2083333395421505,14521.093053939494,4460.56201171875,3448.379150390625,1546.03857421875,3448.379150390625,1546.03857421875,38.707162111997604
test,dropout030_relay_failure,multi_relation,none,none,none,1,60,EA-RG-MAPPO-S,results/intercept_3d_gate1_hardened_safety_5seed_formal_candidate/runs/multi_relation/bc_ppo_seed1/actor_critic_update_0060.pt,310037,37,checkpoint,100,straight,True,True,80,0.2,1.0,0.3,0,0.0,1,40,80,True,1.0,1.0,1.0,0.02836879517169709,0.4539007132357739,0.6453900781083615,41.38297844757425,0.0,0.0,0.0,47.0,44.0,47.0,1.0,7.0,7.0,7.0,0.0,1.0,0.0,47.0,0.125,1.0,0.2500000074505806,14522.61997174202,4592.89013671875,3827.933837890625,2219.41064453125,3827.933837890625,2219.41064453125,38.595414251089096
test,dropout030_relay_failure,multi_relation,none,none,none,1,60,EA-RG-MAPPO-S,results/intercept_3d_gate1_hardened_safety_5seed_formal_candidate/runs/multi_relation/bc_ppo_seed1/actor_critic_update_0060.pt,310043,43,checkpoint,100,straight,True,True,80,0.2,1.0,0.3,0,0.0,1,40,80,True,1.0,1.0,1.0,0.02836879517169709,0.4539007132357739,0.6737588710607366,38.652482378038954,0.0,0.0,0.0,47.0,44.0,47.0,1.0,7.0,7.0,7.0,0.0,1.0,0.0,47.0,0.125,1.0,0.2083333395421505,14497.551913646941,4508.466796875,3639.245361328125,1940.191650390625,3639.245361328125,1940.191650390625,39.109819024801254
test,dropout030_relay_failure,multi_relation,none,none,none,1,60,EA-RG-MAPPO-S,results/intercept_3d_gate1_hardened_safety_5seed_formal_candidate/runs/multi_relation/bc_ppo_seed1/actor_critic_update_0060.pt,310047,47,checkpoint,100,straight,True,True,80,0.2,1.0,0.3,0,0.0,1,40,80,True,1.0,1.0,1.0,0.02836879517169709,0.4539007132357739,0.680851069853661,37.72340448961613,0.0,0.0,0.0,47.0,44.0,47.0,1.0,7.0,7.0,7.0,0.0,1.0,0.0,47.0,0.125,1.0,0.27083334140479565,14549.571735787898,4560.71044921875,3452.61181640625,1692.3336181640625,3452.61181640625,1692.3336181640625,39.210142731666565
test,dropout030_relay_failure,multi_relation,none,none,none,1,60,EA-RG-MAPPO-S,results/intercept_3d_gate1_hardened_safety_5seed_formal_candidate/runs/multi_relation/bc_ppo_seed1/actor_critic_update_0060.pt,310015,15,checkpoint,100,straight,True,True,80,0.2,1.0,0.3,0,0.0,1,40,80,True,1.0,1.0,1.0,0.026143791628818885,0.47058823996899174,0.620915039789443,35.46078423016212,0.0,0.0,0.0,51.0,48.0,51.0,1.0,11.0,11.0,11.0,0.0,1.0,0.0,51.0,0.08333333333333333,0.9444444477558136,0.2916666753590107,13921.912626378677,3992.52734375,2990.587890625,2082.604736328125,2990.587890625,2082.604736328125,40.60816928744316
test,dropout030_relay_failure,multi_relation,none,none,none,1,60,EA-RG-MAPPO-S,results/intercept_3d_gate1_hardened_safety_5seed_formal_candidate/runs/multi_relation/bc_ppo_seed1/actor_critic_update_0060.pt,310003,3,checkpoint,100,straight,True,True,80,0.2,1.0,0.3,0,0.0,1,40,80,True,0.0,0.0,0.0,0.0,0.1000000020632377,0.16217948943376542,76.16858922237387,0.0,1.0,0.0,260.0,-1.0,-1.0,0.0,220.0,220.0,-1.0,0.0,0.0,1.0,-1.0,0.0,0.15833333767950536,0.09166666939854622,34741.48001474234,72642.15625,354.3500061035156,878.7215576171875,51841.6640625,17946.10546875,-33.65692071989179
test,dropout030_relay_failure,multi_relation,none,none,none,1,60,EA-RG-MAPPO-S,results/intercept_3d_gate1_hardened_safety_5seed_formal_candidate/runs/multi_relation/bc_ppo_seed1/actor_critic_update_0060.pt,310004,4,checkpoint,100,straight,True,True,80,0.2,1.0,0.3,0,0.0,1,40,80,True,0.0,0.0,0.0,0.0,0.10128205315424846,0.14166666894004895,77.22820459839244,0.0,1.0,0.0,260.0,-1.0,-1.0,0.0,220.0,220.0,-1.0,0.0,0.0,1.0,-1.0,0.0,0.1625000037252903,0.09375000279396772,36677.354485144984,80595.5,392.3410949707031,1106.8218994140625,76607.09375,17801.509765625,-40.5137924104929
test,dropout030_relay_failure,multi_relation,none,none,none,1,60,EA-RG-MAPPO-S,results/intercept_3d_gate1_hardened_safety_5seed_formal_candidate/runs/multi_relation/bc_ppo_seed1/actor_critic_update_0060.pt,310010,10,checkpoint,100,straight,True,True,80,0.2,1.0,0.3,0,0.0,1,40,80,True,0.0,0.0,0.0,0.0,0.09743589930809461,0.18076923409333595,72.33525669013079,0.0,1.0,0.0,260.0,-1.0,-1.0,0.0,220.0,220.0,-1.0,0.0,0.0,1.0,-1.0,0.0,0.1500000037252903,0.11666667014360428,36042.74005878155,79466.296875,991.92529296875,194.66830444335938,72772.328125,20121.443359375,-38.16057575494051
test,dropout030_relay_failure,multi_relation,none,none,none,1,60,EA-RG-MAPPO-S,results/intercept_3d_gate1_hardened_safety_5seed_formal_candidate/runs/multi_relation/bc_ppo_seed1/actor_critic_update_0060.pt,310011,11,checkpoint,100,straight,True,True,80,0.2,1.0,0.3,0,0.0,1,40,80,True,0.0,0.0,1.0,0.003846153960778163,0.10256410435988353,0.15000000200592556,76.83782009006693,0.0,1.0,0.0,260.0,42.0,-1.0,0.0,220.0,220.0,-1.0,0.0,0.0,1.0,-1.0,0.0,0.16250000335276127,0.10416666977107525,36205.22173884465,80718.7265625,1173.670654296875,705.9356079101562,77544.4375,19636.93359375,-37.949251315090805
test,dropout030_relay_failure,multi_relation,none,none,none,1,60,EA-RG-MAPPO-S,results/intercept_3d_gate1_hardened_safety_5seed_formal_candidate/runs/multi_relation/bc_ppo_seed1/actor_critic_update_0060.pt,310024,24,checkpoint,100,straight,True,True,80,0.2,1.0,0.3,0,0.0,1,40,80,True,0.0,0.0,1.0,0.003846153960778163,0.09871795051372968,0.17435897720547822,73.40512860193849,0.0,1.0,0.0,260.0,41.0,-1.0,0.0,220.0,220.0,-1.0,0.0,0.0,1.0,-1.0,0.0,0.15416667014360427,0.13541667070239782,36866.788685021034,77751.9765625,1591.0064697265625,480.5892333984375,66767.640625,18329.5390625,-34.679700184613466
test,dropout030_relay_failure,multi_relation,none,none,none,1,60,EA-RG-MAPPO-S,results/intercept_3d_gate1_hardened_safety_5seed_formal_candidate/runs/multi_relation/bc_ppo_seed1/actor_critic_update_0060.pt,310040,40,checkpoint,100,straight,True,True,80,0.2,1.0,0.3,0,0.0,1,40,80,True,0.0,0.0,1.0,0.0025641026405187756,0.09871795051372968,0.1673076949440516,75.65192334800959,0.0,1.0,0.0,260.0,42.0,-1.0,0.0,220.0,220.0,-1.0,0.0,0.0,1.0,-1.0,0.0,0.15416667014360427,0.11041666995733976,36615.89485426683,76720.40625,1485.2330322265625,505.0999450683594,64833.625,20236.34765625,-35.12285307049751
test,dropout030_relay_failure,multi_relation,none,none,none,1,60,EA-RG-MAPPO-S,results/intercept_3d_gate1_hardened_safety_5seed_formal_candidate/runs/multi_relation/bc_ppo_seed1/actor_critic_update_0060.pt,310066,66,checkpoint,100,straight,True,True,80,0.2,1.0,0.3,0,0.0,1,40,80,True,1.0,1.0,1.0,0.03030303120613098,0.4242424287579276,0.6818181879141114,40.94696970046921,0.0,0.0,0.0,44.0,41.0,44.0,1.0,4.0,4.0,4.0,0.0,1.0,0.0,44.0,0.2,1.0,0.1666666716337204,15106.2529296875,5611.88916015625,3754.452392578125,1665.150390625,3754.452392578125,1665.150390625,36.69694098830223
test,dropout030_relay_failure,multi_relation,none,none,none,1,60,EA-RG-MAPPO-S,results/intercept_3d_gate1_hardened_safety_5seed_formal_candidate/runs/multi_relation/bc_ppo_seed1/actor_critic_update_0060.pt,310077,77,checkpoint,100,straight,True,True,80,0.2,1.0,0.3,0,0.0,1,40,80,True,1.0,1.0,1.0,0.03030303120613098,0.40909091383218765,0.655303037979386,40.92803039367903,0.0,0.0,0.0,44.0,41.0,44.0,1.0,4.0,4.0,4.0,0.0,1.0,0.0,44.0,0.2,1.0,0.26666667461395266,15132.376520330256,5595.60302734375,3576.1943359375,2100.25927734375,3576.1943359375,2100.25927734375,36.14667820930481
test,dropout030_relay_failure,multi_relation,none,none,none,1,60,EA-RG-MAPPO-S,results/intercept_3d_gate1_hardened_safety_5seed_formal_candidate/runs/multi_relation/bc_ppo_seed1/actor_critic_update_0060.pt,310079,79,checkpoint,100,straight,True,True,80,0.2,1.0,0.3,0,0.0,1,40,80,True,1.0,1.0,1.0,0.03030303120613098,0.4242424287579276,0.6780303110453215,39.97348456186327,0.0,0.0,0.0,44.0,41.0,44.0,1.0,4.0,4.0,4.0,0.0,1.0,0.0,44.0,0.2,1.0,0.3000000089406967,15086.705910422585,5535.50244140625,3751.512451171875,2075.2900390625,3751.512451171875,2075.2900390625,36.73286443948746
test,dropout030_relay_failure,multi_relation,none,none,none,1,60,EA-RG-MAPPO-S,results/intercept_3d_gate1_hardened_safety_5seed_formal_candidate/runs/multi_relation/bc_ppo_seed1/actor_critic_update_0060.pt,310085,85,checkpoint,100,straight,True,True,80,0.2,1.0,0.3,0,0.0,1,40,80,True,1.0,1.0,1.0,0.03030303120613098,0.41666667095639487,0.6477272788232024,43.890151028944686,0.0,0.0,0.0,44.0,41.0,44.0,1.0,4.0,4.0,4.0,0.0,1.0,0.0,44.0,0.2,1.0,0.1666666716337204,15111.80322265625,5573.94482421875,3721.390380859375,2086.619140625,3721.390380859375,2086.619140625,36.106073290109634
test,dropout030_relay_failure,multi_relation,none,none,none,1,60,EA-RG-MAPPO-S,results/intercept_3d_gate1_hardened_safety_5seed_formal_candidate/runs/multi_relation/bc_ppo_seed1/actor_critic_update_0060.pt,310092,92,checkpoint,100,straight,True,True,80,0.2,1.0,0.3,0,0.0,1,40,80,True,1.0,1.0,1.0,0.03030303120613098,0.40909091383218765,0.6780303110453215,41.92803036252206,0.0,0.0,0.0,44.0,41.0,44.0,1.0,4.0,4.0,4.0,0.0,1.0,0.0,44.0,0.2,1.0,0.20000000596046447,15149.440174449574,5710.04150390625,3508.2021484375,2743.996826171875,3508.2021484375,2743.996826171875,36.20008251070976
test,dropout030_relay_failure,multi_relation,none,none,none,1,60,EA-RG-MAPPO-S,results/intercept_3d_gate1_hardened_safety_5seed_formal_candidate/runs/multi_relation/bc_ppo_seed1/actor_critic_update_0060.pt,310097,97,checkpoint,100,straight,True,True,80,0.2,1.0,0.3,0,0.0,1,40,80,True,1.0,1.0,1.0,0.03030303120613098,0.4242424287579276,0.6969697021625259,44.08333286913958,0.0,0.0,0.0,44.0,41.0,44.0,1.0,4.0,4.0,4.0,0.0,1.0,0.0,44.0,0.2,1.0,0.20000000596046447,15075.550992098722,5503.86181640625,3755.244384765625,2098.181884765625,3755.244384765625,2098.181884765625,36.693923979997635
test,dropout030_relay_failure,multi_relation,none,none,none,1,60,EA-RG-MAPPO-S,results/intercept_3d_gate1_hardened_safety_5seed_formal_candidate/runs/multi_relation/bc_ppo_seed1/actor_critic_update_0060.pt,310052,52,checkpoint,100,straight,True,True,80,0.2,1.0,0.3,0,0.0,1,40,80,True,1.0,1.0,1.0,0.029629630512661403,0.4296296338240306,0.6925925993257098,39.09259248044756,0.0,0.0,0.0,45.0,42.0,45.0,1.0,5.0,5.0,5.0,0.0,1.0,0.0,45.0,0.16666666666666666,1.0,0.1666666716337204,14908.116297743056,5244.73974609375,3878.43359375,1664.7607421875,3878.43359375,1664.7607421875,37.52485179901123
test,dropout030_relay_failure,multi_relation,none,none,none,1,60,EA-RG-MAPPO-S,results/intercept_3d_gate1_hardened_safety_5seed_formal_candidate/runs/multi_relation/bc_ppo_seed1/actor_critic_update_0060.pt,310053,53,checkpoint,100,straight,True,True,80,0.2,1.0,0.3,0,0.0,1,40,80,True,1.0,1.0,1.0,0.029629630512661403,0.4370370414521959,0.7111111174027125,43.00370358857844,0.0,0.0,0.0,45.0,42.0,45.0,1.0,5.0,5.0,5.0,0.0,1.0,0.0,45.0,0.16666666666666666,1.0,0.2500000074505806,14867.6314453125,5096.96826171875,3485.413330078125,2097.66650390625,3485.413330078125,2097.66650390625,37.834675431251526
test,dropout030_relay_failure,multi_relation,none,none,none,1,60,EA-RG-MAPPO-S,results/intercept_3d_gate1_hardened_safety_5seed_formal_candidate/runs/multi_relation/bc_ppo_seed1/actor_critic_update_0060.pt,310054,54,checkpoint,100,straight,True,True,80,0.2,1.0,0.3,0,0.0,1,40,80,True,1.0,1.0,1.0,0.029629630512661403,0.4370370414521959,0.6185185263554255,40.19259247713619,0.0,0.0,0.0,45.0,42.0,45.0,1.0,5.0,5.0,5.0,0.0,1.0,0.0,45.0,0.16666666666666666,1.0,0.19444445023934046,14897.096180555556,5203.51416015625,3805.129638671875,1878.1182861328125,3805.129638671875,1878.1182861328125,37.00989004969597
test,dropout030_relay_failure,multi_relation,none,none,none,1,60,EA-RG-MAPPO-S,results/intercept_3d_gate1_hardened_safety_5seed_formal_candidate/runs/multi_relation/bc_ppo_seed1/actor_critic_update_0060.pt,310056,56,checkpoint,100,straight,True,True,80,0.2,1.0,0.3,0,0.0,1,40,80,True,1.0,1.0,1.0,0.029629630512661403,0.4296296338240306,0.6703703784280353,39.14074090520541,0.0,0.0,0.0,45.0,42.0,45.0,1.0,5.0,5.0,5.0,0.0,1.0,0.0,45.0,0.16666666666666666,1.0,0.22222222884496054,14853.40146484375,5102.27001953125,3716.984619140625,1997.2391357421875,3716.984619140625,1997.2391357421875,37.504230976104736
test,dropout030_relay_failure,multi_relation,none,none,none,1,60,EA-RG-MAPPO-S,results/intercept_3d_gate1_hardened_safety_5seed_formal_candidate/runs/multi_relation/bc_ppo_seed1/actor_critic_update_0060.pt,310057,57,checkpoint,100,straight,True,True,80,0.2,1.0,0.3,0,0.0,1,40,80,True,1.0,1.0,1.0,0.029629630512661403,0.4296296338240306,0.6740740825732549,42.95185207724571,0.0,0.0,0.0,45.0,42.0,45.0,1.0,5.0,5.0,5.0,0.0,1.0,0.0,45.0,0.16666666666666666,1.0,0.22222222884496054,14863.474327256945,5115.4228515625,3780.472412109375,2178.286376953125,3780.472412109375,2178.286376953125,37.2689523100853
test,dropout030_relay_failure,multi_relation,none,none,none,1,60,EA-RG-MAPPO-S,results/intercept_3d_gate1_hardened_safety_5seed_formal_candidate/runs/multi_relation/bc_ppo_seed1/actor_critic_update_0060.pt,310058,58,checkpoint,100,straight,True,True,80,0.2,1.0,0.3,0,0.0,1,40,80,True,1.0,1.0,1.0,0.029629630512661403,0.4370370414521959,0.6777777840693792,37.229629349046284,0.0,0.0,0.0,45.0,42.0,45.0,1.0,5.0,5.0,5.0,0.0,1.0,0.0,45.0,0.16666666666666666,1.0,0.2500000074505806,14874.360188802084,5138.32568359375,3447.67529296875,1956.163818359375,3447.67529296875,1956.163818359375,37.75645537674427
test,dropout030_relay_failure,multi_relation,none,none,none,1,60,EA-RG-MAPPO-S,results/intercept_3d_gate1_hardened_safety_5seed_formal_candidate/runs/multi_relation/bc_ppo_seed1/actor_critic_update_0060.pt,310059,59,checkpoint,100,straight,True,True,80,0.2,1.0,0.3,0,0.0,1,40,80,True,1.0,1.0,1.0,0.029629630512661403,0.4296296338240306,0.637037044763565,37.2592592590385,0.0,0.0,0.0,45.0,42.0,45.0,1.0,5.0,5.0,5.0,0.0,1.0,0.0,45.0,0.16666666666666666,1.0,0.22222222884496054,14920.929546440972,5302.734375,3687.417724609375,1702.958984375,3687.417724609375,1702.958984375,37.000528156757355
test,dropout030_relay_failure,multi_relation,none,none,none,1,60,EA-RG-MAPPO-S,results/intercept_3d_gate1_hardened_safety_5seed_formal_candidate/runs/multi_relation/bc_ppo_seed1/actor_critic_update_0060.pt,310062,62,checkpoint,100,straight,True,True,80,0.2,1.0,0.3,0,0.0,1,40,80,True,1.0,1.0,1.0,0.029629630512661403,0.4370370414521959,0.6740740825732549,34.41851869457298,0.0,0.0,0.0,45.0,42.0,45.0,1.0,5.0,5.0,5.0,0.0,1.0,0.0,45.0,0.16666666666666666,1.0,0.3055555646618207,14864.769346788195,5157.77734375,3635.55224609375,1927.0255126953125,3635.55224609375,1927.0255126953125,37.7892624437809
test,dropout030_relay_failure,multi_relation,none,none,none,1,60,EA-RG-MAPPO-S,results/intercept_3d_gate1_hardened_safety_5seed_formal_candidate/runs/multi_relation/bc_ppo_seed1/actor_critic_update_0060.pt,310069,69,checkpoint,100,straight,True,True,80,0.2,1.0,0.3,0,0.0,1,40,80,True,1.0,1.0,1.0,0.029629630512661403,0.4370370414521959,0.6444444537162781,44.162963069809805,0.0,0.0,0.0,45.0,42.0,45.0,1.0,5.0,5.0,5.0,0.0,1.0,0.0,45.0,0.16666666666666666,1.0,0.2500000074505806,14907.11716579861,5245.85205078125,3980.56640625,2875.310791015625,3980.56640625,2875.310791015625,36.99690592288971
test,dropout030_relay_failure,multi_relation,none,none,none,1,60,EA-RG-MAPPO-S,results/intercept_3d_gate1_hardened_safety_5seed_formal_candidate/runs/multi_relation/bc_ppo_seed1/actor_critic_update_0060.pt,310070,70,checkpoint,100,straight,True,True,80,0.2,1.0,0.3,0,0.0,1,40,80,True,1.0,1.0,1.0,0.029629630512661403,0.4370370414521959,0.6592592693037457,41.98518546124299,0.0,0.0,0.0,45.0,42.0,45.0,1.0,5.0,5.0,5.0,0.0,1.0,0.0,45.0,0.16666666666666666,1.0,0.22222222884496054,14889.134581163195,5178.69580078125,3379.054931640625,1864.2742919921875,3379.054931640625,1864.2742919921875,37.293769001960754
test,dropout030_relay_failure,multi_relation,none,none,none,1,60,EA-RG-MAPPO-S,results/intercept_3d_gate1_hardened_safety_5seed_formal_candidate/runs/multi_relation/bc_ppo_seed1/actor_critic_update_0060.pt,310071,71,checkpoint,100,straight,True,True,80,0.2,1.0,0.3,0,0.0,1,40,80,True,1.0,1.0,1.0,0.029629630512661403,0.4296296338240306,0.6592592669857873,41.19259265330103,0.0,0.0,0.0,45.0,42.0,45.0,1.0,5.0,5.0,5.0,0.0,1.0,0.0,45.0,0.16666666666666666,1.0,0.2777777860562007,14865.030598958334,5164.73583984375,3884.75048828125,1917.6259765625,3884.75048828125,1917.6259765625,37.165062725543976
test,dropout030_relay_failure,multi_relation,none,none,none,1,60,EA-RG-MAPPO-S,results/intercept_3d_gate1_hardened_safety_5seed_formal_candidate/runs/multi_relation/bc_ppo_seed1/actor_critic_update_0060.pt,310075,75,checkpoint,100,straight,True,True,80,0.2,1.0,0.3,0,0.0,1,40,80,True,1.0,1.0,1.0,0.029629630512661403,0.4370370414521959,0.6666666749450896,38.25555544793606,0.0,0.0,0.0,45.0,42.0,45.0,1.0,5.0,5.0,5.0,0.0,1.0,0.0,45.0,0.16666666666666666,1.0,0.2500000074505806,14925.554329427083,5292.00048828125,3800.131103515625,1485.846923828125,3800.131103515625,1485.846923828125,37.48667222261429
test,dropout030_relay_failure,multi_relation,none,none,none,1,60,EA-RG-MAPPO-S,results/intercept_3d_gate1_hardened_safety_5seed_formal_candidate/runs/multi_relation/bc_ppo_seed1/actor_critic_update_0060.pt,310076,76,checkpoint,100,straight,True,True,80,0.2,1.0,0.3,0,0.0,1,40,80,True,1.0,1.0,1.0,0.029629630512661403,0.4370370414521959,0.651851859026485,39.233333105511136,0.0,0.0,0.0,45.0,42.0,45.0,1.0,5.0,5.0,5.0,0.0,1.0,0.0,45.0,0.16666666666666666,1.0,0.2500000074505806,14866.1248046875,5140.46826171875,3698.444580078125,2344.765380859375,3698.444580078125,2344.765380859375,37.351610988378525
test,dropout030_relay_failure,multi_relation,none,none,none,1,60,EA-RG-MAPPO-S,results/intercept_3d_gate1_hardened_safety_5seed_formal_candidate/runs/multi_relation/bc_ppo_seed1/actor_critic_update_0060.pt,310083,83,checkpoint,100,straight,True,True,80,0.2,1.0,0.3,0,0.0,1,40,80,True,1.0,1.0,1.0,0.029629630512661403,0.4296296338240306,0.6777777860562006,41.070370366507106,0.0,0.0,0.0,45.0,42.0,45.0,1.0,5.0,5.0,5.0,0.0,1.0,0.0,45.0,0.16666666666666666,1.0,0.19444445023934046,14870.680512152778,5146.22900390625,3815.542236328125,2120.789794921875,3815.542236328125,2120.789794921875,37.35915723443031
test,dropout030_relay_failure,multi_relation,none,none,none,1,60,EA-RG-MAPPO-S,results/intercept_3d_gate1_hardened_safety_5seed_formal_candidate/runs/multi_relation/bc_ppo_seed1/actor_critic_update_0060.pt,310084,84,checkpoint,100,straight,True,True,80,0.2,1.0,0.3,0,0.0,1,40,80,True,1.0,1.0,1.0,0.029629630512661403,0.4370370414521959,0.6111111187272602,45.8740739941597,0.0,0.0,0.0,45.0,42.0,45.0,1.0,5.0,5.0,5.0,0.0,1.0,0.0,45.0,0.16666666666666666,1.0,0.19444445023934046,14873.724793836805,5152.244140625,3877.048583984375,2246.7421875,3877.048583984375,2246.7421875,36.750424295663834
test,dropout030_relay_failure,multi_relation,none,none,none,1,60,EA-RG-MAPPO-S,results/intercept_3d_gate1_hardened_safety_5seed_formal_candidate/runs/multi_relation/bc_ppo_seed1/actor_critic_update_0060.pt,310091,91,checkpoint,100,straight,True,True,80,0.2,1.0,0.3,0,0.0,1,40,80,True,1.0,1.0,1.0,0.029629630512661403,0.4370370414521959,0.6444444520605935,39.251852020290166,0.0,0.0,0.0,45.0,42.0,45.0,1.0,5.0,5.0,5.0,0.0,1.0,0.0,45.0,0.16666666666666666,1.0,0.13888889302810034,14894.829296875,5228.20166015625,3805.96142578125,1835.7579345703125,3805.96142578125,1835.7579345703125,37.31593418121338
test,dropout030_relay_failure,multi_relation,none,none,none,1,60,EA-RG-MAPPO-S,results/intercept_3d_gate1_hardened_safety_5seed_formal_candidate/runs/multi_relation/bc_ppo_seed1/actor_critic_update_0060.pt,310095,95,checkpoint,100,straight,True,True,80,0.2,1.0,0.3,0,0.0,1,40,80,True,1.0,1.0,1.0,0.029629630512661403,0.4296296338240306,0.6518518600198958,41.07777800858021,0.0,0.0,0.0,45.0,42.0,45.0,1.0,5.0,5.0,5.0,0.0,1.0,0.0,45.0,0.16666666666666666,1.0,0.1666666716337204,14910.467220052084,5172.47314453125,3579.613037109375,2054.86865234375,3579.613037109375,2054.86865234375,37.073113799095154
test,dropout030_relay_failure,multi_relation,none,none,none,1,60,EA-RG-MAPPO-S,results/intercept_3d_gate1_hardened_safety_5seed_formal_candidate/runs/multi_relation/bc_ppo_seed1/actor_critic_update_0060.pt,310055,55,checkpoint,100,straight,True,True,80,0.2,1.0,0.3,0,0.0,1,40,80,True,1.0,1.0,1.0,0.028985508110212242,0.44927536663801776,0.6231884120599084,40.44202887493631,0.0,0.0,0.0,46.0,43.0,46.0,1.0,6.0,6.0,6.0,0.0,1.0,0.0,46.0,0.14285714285714285,1.0,0.19047619615282332,14671.626029636549,4783.55517578125,3744.453857421875,2090.714599609375,3744.453857421875,2090.714599609375,37.89060892164707
test,dropout030_relay_failure,multi_relation,none,none,none,1,60,EA-RG-MAPPO-S,results/intercept_3d_gate1_hardened_safety_5seed_formal_candidate/runs/multi_relation/bc_ppo_seed1/actor_critic_update_0060.pt,310060,60,checkpoint,100,straight,True,True,80,0.2,1.0,0.3,0,0.0,1,40,80,True,1.0,1.0,1.0,0.028985508110212242,0.44927536663801776,0.684782615174418,38.39855056191268,0.0,0.0,0.0,46.0,43.0,46.0,1.0,6.0,6.0,6.0,0.0,1.0,0.0,46.0,0.14285714285714285,1.0,0.26190476971013205,14653.466213060461,4757.0830078125,3583.1298828125,1988.65966796875,3583.1298828125,1988.65966796875,38.50273314118385
test,dropout030_relay_failure,multi_relation,none,none,none,1,60,EA-RG-MAPPO-S,results/intercept_3d_gate1_hardened_safety_5seed_formal_candidate/runs/multi_relation/bc_ppo_seed1/actor_critic_update_0060.pt,310063,63,checkpoint,100,straight,True,True,80,0.2,1.0,0.3,0,0.0,1,40,80,True,1.0,1.0,1.0,0.028985508110212242,0.44202898961046466,0.684782618737739,36.55434793590204,0.0,0.0,0.0,46.0,43.0,46.0,1.0,6.0,6.0,6.0,0.0,1.0,0.0,46.0,0.14285714285714285,1.0,0.3095238187483379,14669.538404381794,4800.10791015625,3712.66796875,1948.23291015625,3712.66796875,1948.23291015625,38.42307171225548
test,dropout030_relay_failure,multi_relation,none,none,none,1,60,EA-RG-MAPPO-S,results/intercept_3d_gate1_hardened_safety_5seed_formal_candidate/runs/multi_relation/bc_ppo_seed1/actor_critic_update_0060.pt,310064,64,checkpoint,100,straight,True,True,80,0.2,1.0,0.3,0,0.0,1,40,80,True,1.0,1.0,1.0,0.028985508110212242,0.44927536663801776,0.6630434853875119,44.1340575846641,0.0,0.0,0.0,46.0,43.0,46.0,1.0,6.0,6.0,6.0,0.0,1.0,0.0,46.0,0.14285714285714285,1.0,0.19047619615282332,14646.163457455843,4703.78759765625,3634.091552734375,2387.513916015625,3634.091552734375,2387.513916015625,38.227614998817444
test,dropout030_relay_failure,multi_relation,none,none,none,1,60,EA-RG-MAPPO-S,results/intercept_3d_gate1_hardened_safety_5seed_formal_candidate/runs/multi_relation/bc_ppo_seed1/actor_critic_update_0060.pt,310065,65,checkpoint,100,straight,True,True,80,0.2,1.0,0.3,0,0.0,1,40,80,True,1.0,1.0,1.0,0.028985508110212242,0.44927536663801776,0.6775362387947415,36.478260591950104,0.0,0.0,0.0,46.0,43.0,46.0,1.0,6.0,6.0,6.0,0.0,1.0,0.0,46.0,0.14285714285714285,1.0,0.23809524519102915,14673.619034476902,4718.4921875,3378.726318359375,1962.7962646484375,3378.726318359375,1962.7962646484375,38.63724820315838
test,dropout030_relay_failure,multi_relation,none,none,none,1,60,EA-RG-MAPPO-S,results/intercept_3d_gate1_hardened_safety_5seed_formal_candidate/runs/multi_relation/bc_ppo_seed1/actor_critic_update_0060.pt,310067,67,checkpoint,100,straight,True,True,80,0.2,1.0,0.3,0,0.0,1,40,80,True,1.0,1.0,1.0,0.028985508110212242,0.44927536663801776,0.6775362404144328,40.21376817932595,0.0,0.0,0.0,46.0,43.0,46.0,1.0,6.0,6.0,6.0,0.0,1.0,0.0,46.0,0.14285714285714285,1.0,0.23809524519102915,14640.594503651495,4692.33740234375,3692.701171875,2775.586181640625,3692.701171875,2775.586181640625,38.46257355809212
test,dropout030_relay_failure,multi_relation,none,none,none,1,60,EA-RG-MAPPO-S,results/intercept_3d_gate1_hardened_safety_5seed_formal_candidate/runs/multi_relation/bc_ppo_seed1/actor_critic_update_0060.pt,310068,68,checkpoint,100,straight,True,True,80,0.2,1.0,0.3,0,0.0,1,40,80,True,1.0,1.0,1.0,0.028985508110212242,0.44927536663801776,0.6775362404144328,37.43840610657049,0.0,0.0,0.0,46.0,43.0,46.0,1.0,6.0,6.0,6.0,0.0,1.0,0.0,46.0,0.14285714285714285,1.0,0.19047619615282332,14683.995520550272,4750.71728515625,3521.236328125,2078.880859375,3521.236328125,2078.880859375,38.57565379142761
test,dropout030_relay_failure,multi_relation,none,none,none,1,60,EA-RG-MAPPO-S,results/intercept_3d_gate1_hardened_safety_5seed_formal_candidate/runs/multi_relation/bc_ppo_seed1/actor_critic_update_0060.pt,310073,73,checkpoint,100,straight,True,True,80,0.2,1.0,0.3,0,0.0,1,40,80,True,1.0,1.0,1.0,0.028985508110212242,0.44202898961046466,0.6702898620911266,42.28260846695174,0.0,0.0,0.0,46.0,43.0,46.0,1.0,6.0,6.0,6.0,0.0,1.0,0.0,46.0,0.14285714285714285,1.0,0.23809524519102915,14662.881241508152,4743.35205078125,3683.290283203125,2679.198486328125,3683.290283203125,2679.198486328125,38.06766474246979
test,dropout030_relay_failure,multi_relation,none,none,none,1,60,EA-RG-MAPPO-S,results/intercept_3d_gate1_hardened_safety_5seed_formal_candidate/runs/multi_relation/bc_ppo_seed1/actor_critic_update_0060.pt,310080,80,checkpoint,100,straight,True,True,80,0.2,1.0,0.3,0,0.0,1,40,80,True,1.0,1.0,1.0,0.028985508110212242,0.44927536663801776,0.6485507326281589,41.22826070208912,0.0,0.0,0.0,46.0,43.0,46.0,1.0,6.0,6.0,6.0,0.0,1.0,0.0,46.0,0.14285714285714285,1.0,0.21428572067192622,14699.142737347147,4817.10986328125,3551.5361328125,1857.00341796875,3551.5361328125,1857.00341796875,38.119263619184494
test,dropout030_relay_failure,multi_relation,none,none,none,1,60,EA-RG-MAPPO-S,results/intercept_3d_gate1_hardened_safety_5seed_formal_candidate/runs/multi_relation/bc_ppo_seed1/actor_critic_update_0060.pt,310082,82,checkpoint,100,straight,True,True,80,0.2,1.0,0.3,0,0.0,1,40,80,True,1.0,1.0,1.0,0.028985508110212242,0.44927536663801776,0.6376811664389528,35.57608662934407,0.0,0.0,0.0,46.0,43.0,46.0,1.0,6.0,6.0,6.0,0.0,1.0,0.0,46.0,0.14285714285714285,1.0,0.19047619615282332,14709.13669752038,4910.27880859375,3707.870849609375,1644.0260009765625,3707.870849609375,1644.0260009765625,38.16057991981506
test,dropout030_relay_failure,multi_relation,none,none,none,1,60,EA-RG-MAPPO-S,results/intercept_3d_gate1_hardened_safety_5seed_formal_candidate/runs/multi_relation/bc_ppo_seed1/actor_critic_update_0060.pt,310093,93,checkpoint,100,straight,True,True,80,0.2,1.0,0.3,0,0.0,1,40,80,True,1.0,1.0,1.0,0.028985508110212242,0.44927536663801776,0.6485507313324057,39.463768254155696,0.0,0.0,0.0,46.0,43.0,46.0,1.0,6.0,6.0,6.0,0.0,1.0,0.0,46.0,0.14285714285714285,1.0,0.1666666716337204,14757.620223335598,4941.40234375,3622.77685546875,1494.970458984375,3622.77685546875,1494.970458984375,38.06802886724472
test,dropout030_relay_failure,multi_relation,none,none,none,1,60,EA-RG-MAPPO-S,results/intercept_3d_gate1_hardened_safety_5seed_formal_candidate/runs/multi_relation/bc_ppo_seed1/actor_critic_update_0060.pt,310094,94,checkpoint,100,straight,True,True,80,0.2,1.0,0.3,0,0.0,1,40,80,True,1.0,1.0,1.0,0.028985508110212242,0.44927536663801776,0.6594202984934268,41.20652192733858,0.0,0.0,0.0,46.0,43.0,46.0,1.0,6.0,6.0,6.0,0.0,1.0,0.0,46.0,0.14285714285714285,1.0,0.23809524519102915,14645.526399031929,4699.4658203125,3797.373046875,2250.97509765625,3797.373046875,2250.97509765625,38.254952520132065
test,dropout030_relay_failure,multi_relation,none,none,none,1,60,EA-RG-MAPPO-S,results/intercept_3d_gate1_hardened_safety_5seed_formal_candidate/runs/multi_relation/bc_ppo_seed1/actor_critic_update_0060.pt,310099,99,checkpoint,100,straight,True,True,80,0.2,1.0,0.3,0,0.0,1,40,80,True,1.0,1.0,1.0,0.028985508110212242,0.44927536663801776,0.6811594286042711,42.14492758752211,0.0,0.0,0.0,46.0,43.0,46.0,1.0,6.0,6.0,6.0,0.0,1.0,0.0,46.0,0.14285714285714285,1.0,0.19047619615282332,14713.500063688858,4842.4013671875,3587.849609375,1799.980712890625,3587.849609375,1799.980712890625,38.4039531648159
test,dropout030_relay_failure,multi_relation,none,none,none,1,60,EA-RG-MAPPO-S,results/intercept_3d_gate1_hardened_safety_5seed_formal_candidate/runs/multi_relation/bc_ppo_seed1/actor_critic_update_0060.pt,310061,61,checkpoint,100,straight,True,True,80,0.2,1.0,0.3,0,0.0,1,40,80,True,1.0,1.0,1.0,0.02836879517169709,0.4539007132357739,0.6453900784254074,37.68439727672871,0.0,0.0,0.0,47.0,44.0,47.0,1.0,7.0,7.0,7.0,0.0,1.0,0.0,47.0,0.125,1.0,0.2083333395421505,14561.511656416224,4638.69873046875,3968.78857421875,2028.60791015625,3968.78857421875,2028.60791015625,38.78375855088234
test,dropout030_relay_failure,multi_relation,none,none,none,1,60,EA-RG-MAPPO-S,results/intercept_3d_gate1_hardened_safety_5seed_formal_candidate/runs/multi_relation/bc_ppo_seed1/actor_critic_update_0060.pt,310087,87,checkpoint,100,straight,True,True,80,0.2,1.0,0.3,0,0.0,1,40,80,True,1.0,1.0,1.0,0.02836879517169709,0.4539007132357739,0.6737588720118746,41.33687948800148,0.0,0.0,0.0,47.0,44.0,47.0,1.0,7.0,7.0,7.0,0.0,1.0,0.0,47.0,0.125,1.0,0.2083333395421505,14535.266663896276,4554.3896484375,3800.1015625,2099.031494140625,3800.1015625,2099.031494140625,38.91419097781181
test,dropout030_relay_failure,multi_relation,none,none,none,1,60,EA-RG-MAPPO-S,results/intercept_3d_gate1_hardened_safety_5seed_formal_candidate/runs/multi_relation/bc_ppo_seed1/actor_critic_update_0060.pt,310089,89,checkpoint,100,straight,True,True,80,0.2,1.0,0.3,0,0.0,1,40,80,True,1.0,1.0,1.0,0.02836879517169709,0.4539007132357739,0.613475186710662,40.6028372892674,0.0,0.0,0.0,47.0,44.0,47.0,1.0,7.0,7.0,7.0,0.0,1.0,0.0,47.0,0.125,1.0,0.2500000074505806,14498.078976894947,4461.822265625,3619.0810546875,2261.31591796875,3619.0810546875,2261.31591796875,38.441678166389465
test,dropout030_relay_failure,multi_relation,none,none,none,1,60,EA-RG-MAPPO-S,results/intercept_3d_gate1_hardened_safety_5seed_formal_candidate/runs/multi_relation/bc_ppo_seed1/actor_critic_update_0060.pt,310090,90,checkpoint,100,straight,True,True,80,0.2,1.0,0.3,0,0.0,1,40,80,True,1.0,1.0,1.0,0.02836879517169709,0.4539007132357739,0.638297881851805,43.22695025072453,0.0,0.0,0.0,47.0,44.0,47.0,1.0,7.0,7.0,7.0,0.0,1.0,0.0,47.0,0.125,1.0,0.2083333395421505,14478.448335688165,4347.23486328125,3539.68701171875,2869.98388671875,3539.68701171875,2869.98388671875,38.65194955468178
test,dropout030_relay_failure,multi_relation,none,none,none,1,60,EA-RG-MAPPO-S,results/intercept_3d_gate1_hardened_safety_5seed_formal_candidate/runs/multi_relation/bc_ppo_seed1/actor_critic_update_0060.pt,310098,98,checkpoint,100,straight,True,True,80,0.2,1.0,0.3,0,0.0,1,40,80,True,1.0,1.0,1.0,0.02836879517169709,0.4539007132357739,0.6312056798884209,40.45035466298144,0.0,0.0,0.0,47.0,44.0,47.0,1.0,7.0,7.0,7.0,0.0,1.0,0.0,47.0,0.125,1.0,0.18750000558793545,14557.605385638299,4576.21923828125,3749.346435546875,1962.011474609375,3749.346435546875,1962.011474609375,38.591112822294235
test,dropout030_relay_failure,multi_relation,none,none,none,1,60,EA-RG-MAPPO-S,results/intercept_3d_gate1_hardened_safety_5seed_formal_candidate/runs/multi_relation/bc_ppo_seed1/actor_critic_update_0060.pt,310050,50,checkpoint,100,straight,True,True,80,0.2,1.0,0.3,0,0.0,1,40,80,True,1.0,1.0,1.0,0.027777778605620067,0.46527778171002865,0.6388888970638315,40.70486084930599,0.0,0.0,0.0,48.0,45.0,48.0,1.0,8.0,8.0,8.0,0.0,1.0,0.0,48.0,0.1111111111111111,1.0,0.22222222884496054,14379.696502685547,4312.20556640625,3645.725830078125,2022.767333984375,3645.725830078125,2022.767333984375,39.529374957084656
test,dropout030_relay_failure,multi_relation,none,none,none,1,60,EA-RG-MAPPO-S,results/intercept_3d_gate1_hardened_safety_5seed_formal_candidate/runs/multi_relation/bc_ppo_seed1/actor_critic_update_0060.pt,310072,72,checkpoint,100,straight,True,True,80,0.2,1.0,0.3,0,0.0,1,40,80,True,1.0,1.0,1.0,0.027777778605620067,0.46527778171002865,0.6319444536541899,39.77083318121731,0.0,0.0,0.0,48.0,45.0,48.0,1.0,8.0,8.0,8.0,0.0,1.0,0.0,48.0,0.1111111111111111,1.0,0.22222222884496054,14368.164337158203,4300.474609375,3553.94140625,1877.7899169921875,3553.94140625,1877.7899169921875,39.3607302904129
test,dropout030_relay_failure,multi_relation,none,none,none,1,60,EA-RG-MAPPO-S,results/intercept_3d_gate1_hardened_safety_5seed_formal_candidate/runs/multi_relation/bc_ppo_seed1/actor_critic_update_0060.pt,310074,74,checkpoint,100,straight,True,True,80,0.2,1.0,0.3,0,0.0,1,40,80,True,1.0,1.0,1.0,0.027777778605620067,0.46527778171002865,0.6562500086923441,38.92708338828137,0.0,0.0,0.0,48.0,45.0,48.0,1.0,8.0,8.0,8.0,0.0,1.0,0.0,48.0,0.1111111111111111,1.0,0.24074074791537392,14401.371602376303,4441.18994140625,3580.703125,1975.845458984375,3580.703125,1975.845458984375,39.507400542497635
test,dropout030_relay_failure,multi_relation,none,none,none,1,60,EA-RG-MAPPO-S,results/intercept_3d_gate1_hardened_safety_5seed_formal_candidate/runs/multi_relation/bc_ppo_seed1/actor_critic_update_0060.pt,310086,86,checkpoint,100,straight,True,True,80,0.2,1.0,0.3,0,0.0,1,40,80,True,1.0,1.0,1.0,0.027777778605620067,0.45833333767950535,0.5833333417152365,38.08680581798156,0.0,0.0,0.0,48.0,45.0,48.0,1.0,8.0,8.0,8.0,0.0,1.0,0.0,48.0,0.1111111111111111,1.0,0.18518519070413378,14372.925384521484,4358.22900390625,3473.4990234375,2273.556884765625,3473.4990234375,2273.556884765625,38.81341242790222
test,dropout030_relay_failure,multi_relation,none,none,none,1,60,EA-RG-MAPPO-S,results/intercept_3d_gate1_hardened_safety_5seed_formal_candidate/runs/multi_relation/bc_ppo_seed1/actor_critic_update_0060.pt,310051,51,checkpoint,100,straight,True,True,80,0.2,1.0,0.3,0,0.0,1,40,80,True,1.0,1.0,1.0,0.027210885164689044,0.46258503806834317,0.6768707563074268,37.31632643481907,0.0,0.0,0.0,49.0,46.0,49.0,1.0,9.0,9.0,9.0,0.0,1.0,0.0,49.0,0.1,1.0,0.2500000074505806,14245.636140784438,4226.2138671875,3392.32568359375,999.6680297851562,3392.32568359375,999.6680297851562,40.26031273603439
test,dropout030_relay_failure,multi_relation,none,none,none,1,60,EA-RG-MAPPO-S,results/intercept_3d_gate1_hardened_safety_5seed_formal_candidate/runs/multi_relation/bc_ppo_seed1/actor_critic_update_0060.pt,310078,78,checkpoint,100,straight,True,True,80,0.2,1.0,0.3,0,0.0,1,40,80,True,0.0,0.0,1.0,0.0012820513202593878,0.10256410447450784,0.13717948908989247,92.44422954097391,0.0,1.0,0.0,260.0,43.0,-1.0,0.0,220.0,220.0,-1.0,0.0,0.0,1.0,-1.0,0.0,0.1625000037252903,0.08958333600312471,36085.47641601563,75651.015625,269.2967834472656,1004.3568115234375,65024.90234375,30153.75,-36.89923068881035
test,dropout030_relay_failure,multi_relation,none,none,none,1,60,EA-RG-MAPPO-S,results/intercept_3d_gate1_hardened_safety_5seed_formal_candidate/runs/multi_relation/bc_ppo_seed1/actor_critic_update_0060.pt,310081,81,checkpoint,100,straight,True,True,80,0.2,1.0,0.3,0,0.0,1,40,80,True,0.0,0.0,1.0,0.003846153960778163,0.10256410435988353,0.13589743805619386,93.06025527497897,0.0,1.0,0.0,260.0,42.0,-1.0,0.0,220.0,220.0,-1.0,0.0,0.0,1.0,-1.0,0.0,0.16250000335276127,0.09166666939854622,36317.86402587891,80248.4765625,237.35337829589844,770.1976318359375,77158.796875,18646.31640625,-39.325177393853664
test,dropout030_relay_failure,multi_relation,none,none,none,1,60,EA-RG-MAPPO-S,results/intercept_3d_gate1_hardened_safety_5seed_formal_candidate/runs/multi_relation/bc_ppo_seed1/actor_critic_update_0060.pt,310088,88,checkpoint,100,straight,True,True,80,0.2,1.0,0.3,0,0.0,1,40,80,True,0.0,0.0,1.0,0.0012820513202593878,0.09615384798783522,0.15192307898631463,75.68141016667852,0.0,1.0,0.0,260.0,42.0,-1.0,0.0,220.0,220.0,-1.0,0.0,0.0,1.0,-1.0,0.0,0.15000000335276126,0.11250000335276127,37370.21654146635,78900.2109375,1814.594482421875,1412.35498046875,72768.296875,21581.23046875,-38.06858486123383
test,dropout030_relay_failure,multi_relation,none,none,none,1,60,EA-RG-MAPPO-S,results/intercept_3d_gate1_hardened_safety_5seed_formal_candidate/runs/multi_relation/bc_ppo_seed1/actor_critic_update_0060.pt,310096,96,checkpoint,100,straight,True,True,80,0.2,1.0,0.3,0,0.0,1,40,80,True,0.0,0.0,1.0,0.0025641026405187756,0.10000000171936475,0.17371795148803637,72.98782076996106,0.0,1.0,0.0,260.0,43.0,-1.0,0.0,220.0,220.0,-1.0,0.0,0.0,1.0,-1.0,0.0,0.15833333656191825,0.09375000279396772,36135.90193387545,81249.6328125,283.64251708984375,698.3414306640625,76808.390625,17799.724609375,-37.72616088017821
test,dropout030_relay_failure,multi_relation,none,none,none,2,60,EA-RG-MAPPO-S,results/intercept_3d_gate1_hardened_safety_5seed_formal_candidate/runs/multi_relation/bc_ppo_seed2/actor_critic_update_0060.pt,310001,1,checkpoint,100,straight,True,True,80,0.2,1.0,0.3,0,0.0,1,40,80,True,1.0,1.0,1.0,0.03030303120613098,0.4242424287579276,0.6856060678308661,41.916666558181696,0.0,0.0,0.0,44.0,41.0,44.0,1.0,4.0,4.0,4.0,0.0,1.0,0.0,44.0,0.2,1.0,0.20000000596046447,15160.965853604403,5777.68896484375,3777.2373046875,3607.163330078125,3777.2373046875,3607.163330078125,36.51731041073799
test,dropout030_relay_failure,multi_relation,none,none,none,2,60,EA-RG-MAPPO-S,results/intercept_3d_gate1_hardened_safety_5seed_formal_candidate/runs/multi_relation/bc_ppo_seed2/actor_critic_update_0060.pt,310002,2,checkpoint,100,straight,True,True,80,0.2,1.0,0.3,0,0.0,1,40,80,True,1.0,1.0,1.0,0.03030303120613098,0.4166666716337204,0.6250000098212198,46.8674242391505,0.0,0.0,0.0,44.0,41.0,44.0,1.0,4.0,4.0,4.0,0.0,1.0,0.0,44.0,0.2,1.0,0.1666666716337204,15354.87225896662,6334.43408203125,3794.293212890625,3993.103515625,3794.293212890625,3993.103515625,35.23615275323391
test,dropout030_relay_failure,multi_relation,none,none,none,2,60,EA-RG-MAPPO-S,results/intercept_3d_gate1_hardened_safety_5seed_formal_candidate/runs/multi_relation/bc_ppo_seed2/actor_critic_update_0060.pt,310004,4,checkpoint,100,straight,True,True,80,0.2,1.0,0.3,0,0.0,1,40,80,True,1.0,1.0,1.0,0.03030303120613098,0.41666667095639487,0.6439394019544125,49.82575751299208,0.0,0.0,0.0,44.0,41.0,44.0,1.0,4.0,4.0,4.0,0.0,1.0,0.0,44.0,0.2,1.0,0.13333333730697633,15193.226251775568,5909.00341796875,3806.62109375,3666.08349609375,3806.62109375,3666.08349609375,35.52903109788895
test,dropout030_relay_failure,multi_relation,none,none,none,2,60,EA-RG-MAPPO-S,results/intercept_3d_gate1_hardened_safety_5seed_formal_candidate/runs/multi_relation/bc_ppo_seed2/actor_critic_update_0060.pt,310005,5,checkpoint,100,straight,True,True,80,0.2,1.0,0.3,0,0.0,1,40,80,True,1.0,1.0,1.0,0.03030303120613098,0.41666667095639487,0.6363636441528797,44.928030336445026,0.0,0.0,0.0,44.0,41.0,44.0,1.0,4.0,4.0,4.0,0.0,1.0,0.0,44.0,0.2,1.0,0.20000000596046447,15200.500599254261,5936.97265625,3572.52001953125,4072.7529296875,3572.52001953125,4072.7529296875,35.65861386060715
test,dropout030_relay_failure,multi_relation,none,none,none,2,60,EA-RG-MAPPO-S,results/intercept_3d_gate1_hardened_safety_5seed_formal_candidate/runs/multi_relation/bc_ppo_seed2/actor_critic_update_0060.pt,310010,10,checkpoint,100,straight,True,True,80,0.2,1.0,0.3,0,0.0,1,40,80,True,1.0,1.0,1.0,0.03030303120613098,0.41666667095639487,0.6742424331605434,52.73484871739691,0.0,0.0,0.0,44.0,41.0,44.0,1.0,4.0,4.0,4.0,0.0,1.0,0.0,44.0,0.2,1.0,0.26666667461395266,15182.378351384943,5725.55322265625,3619.119873046875,4215.865234375,3619.119873046875,4215.865234375,35.85797816514969
test,dropout030_relay_failure,multi_relation,none,none,none,2,60,EA-RG-MAPPO-S,results/intercept_3d_gate1_hardened_safety_5seed_formal_candidate/runs/multi_relation/bc_ppo_seed2/actor_critic_update_0060.pt,310011,11,checkpoint,100,straight,True,True,80,0.2,1.0,0.3,0,0.0,1,40,80,True,1.0,1.0,1.0,0.03030303120613098,0.41666667095639487,0.6893939463929697,40.92424253983931,0.0,0.0,0.0,44.0,41.0,44.0,1.0,4.0,4.0,4.0,0.0,1.0,0.0,44.0,0.2,1.0,0.23333334028720856,15147.86279296875,5687.21435546875,3640.76806640625,3766.182861328125,3640.76806640625,3766.182861328125,36.4795365780592
test,dropout030_relay_failure,multi_relation,none,none,none,2,60,EA-RG-MAPPO-S,results/intercept_3d_gate1_hardened_safety_5seed_formal_candidate/runs/multi_relation/bc_ppo_seed2/actor_critic_update_0060.pt,310014,14,checkpoint,100,straight,True,True,80,0.2,1.0,0.3,0,0.0,1,40,80,True,1.0,1.0,1.0,0.03030303120613098,0.41666667095639487,0.6628787971355699,41.98863641951572,0.0,0.0,0.0,44.0,41.0,44.0,1.0,4.0,4.0,4.0,0.0,1.0,0.0,44.0,0.2,1.0,0.23333334028720856,15233.793257279829,5995.615234375,3776.918212890625,3658.19580078125,3776.918212890625,3658.19580078125,35.982601791620255
test,dropout030_relay_failure,multi_relation,none,none,none,2,60,EA-RG-MAPPO-S,results/intercept_3d_gate1_hardened_safety_5seed_formal_candidate/runs/multi_relation/bc_ppo_seed2/actor_critic_update_0060.pt,310017,17,checkpoint,100,straight,True,True,80,0.2,1.0,0.3,0,0.0,1,40,80,True,1.0,1.0,1.0,0.03030303120613098,0.40909091383218765,0.6401515230536461,47.82954522052949,0.0,0.0,0.0,44.0,41.0,44.0,1.0,4.0,4.0,4.0,0.0,1.0,0.0,44.0,0.2,1.0,0.20000000596046447,15268.923572887074,6055.47314453125,3570.30224609375,4103.1259765625,3570.30224609375,4103.1259765625,35.35585668683052
test,dropout030_relay_failure,multi_relation,none,none,none,2,60,EA-RG-MAPPO-S,results/intercept_3d_gate1_hardened_safety_5seed_formal_candidate/runs/multi_relation/bc_ppo_seed2/actor_critic_update_0060.pt,310019,19,checkpoint,100,straight,True,True,80,0.2,1.0,0.3,0,0.0,1,40,80,True,1.0,1.0,1.0,0.03030303120613098,0.41666667095639487,0.6893939474089579,47.76893945106051,0.0,0.0,0.0,44.0,41.0,44.0,1.0,4.0,4.0,4.0,0.0,1.0,0.0,44.0,0.2,1.0,0.1666666716337204,15221.758655894886,5986.20654296875,3695.640380859375,3823.7119140625,3695.640380859375,3823.7119140625,35.97339925169945
test,dropout030_relay_failure,multi_relation,none,none,none,2,60,EA-RG-MAPPO-S,results/intercept_3d_gate1_hardened_safety_5seed_formal_candidate/runs/multi_relation/bc_ppo_seed2/actor_critic_update_0060.pt,310024,24,checkpoint,100,straight,True,True,80,0.2,1.0,0.3,0,0.0,1,40,80,True,1.0,1.0,1.0,0.03030303120613098,0.41666667095639487,0.6780303107066588,48.79924242774194,0.0,0.0,0.0,44.0,41.0,44.0,1.0,4.0,4.0,4.0,0.0,1.0,0.0,44.0,0.2,1.0,0.1666666716337204,15206.911121715199,5898.349609375,3547.94677734375,4129.26806640625,3547.94677734375,4129.26806640625,35.883587062358856
test,dropout030_relay_failure,multi_relation,none,none,none,2,60,EA-RG-MAPPO-S,results/intercept_3d_gate1_hardened_safety_5seed_formal_candidate/runs/multi_relation/bc_ppo_seed2/actor_critic_update_0060.pt,310026,26,checkpoint,100,straight,True,True,80,0.2,1.0,0.3,0,0.0,1,40,80,True,1.0,1.0,1.0,0.03030303120613098,0.41666667095639487,0.6553030396726999,49.80303015627644,0.0,0.0,0.0,44.0,41.0,44.0,1.0,4.0,4.0,4.0,0.0,1.0,0.0,44.0,0.2,1.0,0.23333334028720856,15184.79218084162,5883.53515625,3644.165771484375,3934.67138671875,3644.165771484375,3934.67138671875,35.66249442100525
test,dropout030_relay_failure,multi_relation,none,none,none,2,60,EA-RG-MAPPO-S,results/intercept_3d_gate1_hardened_safety_5seed_formal_candidate/runs/multi_relation/bc_ppo_seed2/actor_critic_update_0060.pt,310029,29,checkpoint,100,straight,True,True,80,0.2,1.0,0.3,0,0.0,1,40,80,True,1.0,1.0,1.0,0.03030303120613098,0.40909091383218765,0.7272727337073196,44.749999801204964,0.0,0.0,0.0,44.0,41.0,44.0,1.0,4.0,4.0,4.0,0.0,1.0,0.0,44.0,0.2,1.0,0.23333334028720856,15245.127064098011,6020.35107421875,3776.87548828125,3689.06982421875,3776.87548828125,3689.06982421875,36.27734759449959
test,dropout030_relay_failure,multi_relation,none,none,none,2,60,EA-RG-MAPPO-S,results/intercept_3d_gate1_hardened_safety_5seed_formal_candidate/runs/multi_relation/bc_ppo_seed2/actor_critic_update_0060.pt,310031,31,checkpoint,100,straight,True,True,80,0.2,1.0,0.3,0,0.0,1,40,80,True,1.0,1.0,1.0,0.03030303120613098,0.41666667095639487,0.6628787967969071,43.87121223319661,0.0,0.0,0.0,44.0,41.0,44.0,1.0,4.0,4.0,4.0,0.0,1.0,0.0,44.0,0.2,1.0,0.3000000089406967,15186.190995649858,5804.20849609375,3730.78857421875,3701.49853515625,3730.78857421875,3701.49853515625,36.04168862104416
test,dropout030_relay_failure,multi_relation,none,none,none,2,60,EA-RG-MAPPO-S,results/intercept_3d_gate1_hardened_safety_5seed_formal_candidate/runs/multi_relation/bc_ppo_seed2/actor_critic_update_0060.pt,310034,34,checkpoint,100,straight,True,True,80,0.2,1.0,0.3,0,0.0,1,40,80,True,1.0,1.0,1.0,0.03030303120613098,0.41666667095639487,0.6818181906234134,47.84848461909728,0.0,0.0,0.0,44.0,41.0,44.0,1.0,4.0,4.0,4.0,0.0,1.0,0.0,44.0,0.2,1.0,0.3000000089406967,15167.687355735085,5829.31787109375,3581.306884765625,4055.638427734375,3581.306884765625,4055.638427734375,35.9906290769577
test,dropout030_relay_failure,multi_relation,none,none,none,2,60,EA-RG-MAPPO-S,results/intercept_3d_gate1_hardened_safety_5seed_formal_candidate/runs/multi_relation/bc_ppo_seed2/actor_critic_update_0060.pt,310036,36,checkpoint,100,straight,True,True,80,0.2,1.0,0.3,0,0.0,1,40,80,True,1.0,1.0,1.0,0.03030303120613098,0.4242424287579276,0.655303037979386,42.049242254685275,0.0,0.0,0.0,44.0,41.0,44.0,1.0,4.0,4.0,4.0,0.0,1.0,0.0,44.0,0.2,1.0,0.20000000596046447,15138.655162464489,5712.15576171875,3707.513916015625,3557.914794921875,3707.513916015625,3557.914794921875,36.285801619291306
test,dropout030_relay_failure,multi_relation,none,none,none,2,60,EA-RG-MAPPO-S,results/intercept_3d_gate1_hardened_safety_5seed_formal_candidate/runs/multi_relation/bc_ppo_seed2/actor_critic_update_0060.pt,310038,38,checkpoint,100,straight,True,True,80,0.2,1.0,0.3,0,0.0,1,40,80,True,1.0,1.0,1.0,0.03030303120613098,0.4242424287579276,0.6401515223763206,42.95075754482638,0.0,0.0,0.0,44.0,41.0,44.0,1.0,4.0,4.0,4.0,0.0,1.0,0.0,44.0,0.2,1.0,0.13333333730697633,15130.392378373579,5689.59619140625,3746.26513671875,3778.088134765625,3746.26513671875,3778.088134765625,36.15751051902771
test,dropout030_relay_failure,multi_relation,none,none,none,2,60,EA-RG-MAPPO-S,results/intercept_3d_gate1_hardened_safety_5seed_formal_candidate/runs/multi_relation/bc_ppo_seed2/actor_critic_update_0060.pt,310040,40,checkpoint,100,straight,True,True,80,0.2,1.0,0.3,0,0.0,1,40,80,True,1.0,1.0,1.0,0.03030303120613098,0.41666667095639487,0.7234848558225415,51.64772698858922,0.0,0.0,0.0,44.0,41.0,44.0,1.0,4.0,4.0,4.0,0.0,1.0,0.0,44.0,0.2,1.0,0.23333334028720856,15200.185657848011,5918.00048828125,3677.79296875,3864.700927734375,3677.79296875,3864.700927734375,36.22266820073128
test,dropout030_relay_failure,multi_relation,none,none,none,2,60,EA-RG-MAPPO-S,results/intercept_3d_gate1_hardened_safety_5seed_formal_candidate/runs/multi_relation/bc_ppo_seed2/actor_critic_update_0060.pt,310042,42,checkpoint,100,straight,True,True,80,0.2,1.0,0.3,0,0.0,1,40,80,True,1.0,1.0,1.0,0.03030303120613098,0.4242424287579276,0.6477272825484927,41.928030303933404,0.0,0.0,0.0,44.0,41.0,44.0,1.0,4.0,4.0,4.0,0.0,1.0,0.0,44.0,0.2,1.0,0.23333334028720856,15163.377197265625,5768.62890625,3766.856201171875,3632.185546875,3766.856201171875,3632.185546875,36.19857166707516
test,dropout030_relay_failure,multi_relation,none,none,none,2,60,EA-RG-MAPPO-S,results/intercept_3d_gate1_hardened_safety_5seed_formal_candidate/runs/multi_relation/bc_ppo_seed2/actor_critic_update_0060.pt,310044,44,checkpoint,100,straight,True,True,80,0.2,1.0,0.3,0,0.0,1,40,80,True,1.0,1.0,1.0,0.03030303120613098,0.4242424287579276,0.6553030376407233,47.848484906960614,0.0,0.0,0.0,44.0,41.0,44.0,1.0,4.0,4.0,4.0,0.0,1.0,0.0,44.0,0.2,1.0,0.20000000596046447,15096.80381081321,5645.15087890625,3686.105712890625,4102.61474609375,3686.105712890625,4102.61474609375,36.16054791212082
test,dropout030_relay_failure,multi_relation,none,none,none,2,60,EA-RG-MAPPO-S,results/intercept_3d_gate1_hardened_safety_5seed_formal_candidate/runs/multi_relation/bc_ppo_seed2/actor_critic_update_0060.pt,310048,48,checkpoint,100,straight,True,True,80,0.2,1.0,0.3,0,0.0,1,40,80,True,1.0,1.0,1.0,0.03030303120613098,0.41666667095639487,0.6553030383180488,46.82575748725371,0.0,0.0,0.0,44.0,41.0,44.0,1.0,4.0,4.0,4.0,0.0,1.0,0.0,44.0,0.2,1.0,0.26666667461395266,15200.398981267756,5923.50244140625,3695.017333984375,3827.43212890625,3695.017333984375,3827.43212890625,35.75794538855553
test,dropout030_relay_failure,multi_relation,none,none,none,2,60,EA-RG-MAPPO-S,results/intercept_3d_gate1_hardened_safety_5seed_formal_candidate/runs/multi_relation/bc_ppo_seed2/actor_critic_update_0060.pt,310049,49,checkpoint,100,straight,True,True,80,0.2,1.0,0.3,0,0.0,1,40,80,True,1.0,1.0,1.0,0.03030303120613098,0.4242424287579276,0.5909091014076363,53.761363955722615,0.0,0.0,0.0,44.0,41.0,44.0,1.0,4.0,4.0,4.0,0.0,1.0,0.0,44.0,0.2,1.0,0.26666667461395266,15144.829478870739,5781.40625,3760.64306640625,3995.02783203125,3760.64306640625,3995.02783203125,35.15218025445938
test,dropout030_relay_failure,multi_relation,none,none,none,2,60,EA-RG-MAPPO-S,results/intercept_3d_gate1_hardened_safety_5seed_formal_candidate/runs/multi_relation/bc_ppo_seed2/actor_critic_update_0060.pt,310000,0,checkpoint,100,straight,True,True,80,0.2,1.0,0.3,0,0.0,1,40,80,True,1.0,1.0,1.0,0.029629630512661403,0.4370370414521959,0.6370370454258389,48.766666971643765,0.0,0.0,0.0,45.0,42.0,45.0,1.0,5.0,5.0,5.0,0.0,1.0,0.0,45.0,0.16666666666666666,1.0,0.19444445023934046,14850.061957465277,5172.58642578125,3386.21484375,4141.37060546875,3386.21484375,4141.37060546875,36.73440358042717
test,dropout030_relay_failure,multi_relation,none,none,none,2,60,EA-RG-MAPPO-S,results/intercept_3d_gate1_hardened_safety_5seed_formal_candidate/runs/multi_relation/bc_ppo_seed2/actor_critic_update_0060.pt,310003,3,checkpoint,100,straight,True,True,80,0.2,1.0,0.3,0,0.0,1,40,80,True,1.0,1.0,1.0,0.029629630512661403,0.4296296338240306,0.7185185256931517,47.677777439024716,0.0,0.0,0.0,45.0,42.0,45.0,1.0,5.0,5.0,5.0,0.0,1.0,0.0,45.0,0.16666666666666666,1.0,0.2500000074505806,14993.647102864583,5508.11572265625,3538.88671875,3415.33447265625,3538.88671875,3415.33447265625,37.21277144551277
test,dropout030_relay_failure,multi_relation,none,none,none,2,60,EA-RG-MAPPO-S,results/intercept_3d_gate1_hardened_safety_5seed_formal_candidate/runs/multi_relation/bc_ppo_seed2/actor_critic_update_0060.pt,310006,6,checkpoint,100,straight,True,True,80,0.2,1.0,0.3,0,0.0,1,40,80,True,1.0,1.0,1.0,0.029629630512661403,0.4370370414521959,0.6370370457569758,43.00740741226408,0.0,0.0,0.0,45.0,42.0,45.0,1.0,5.0,5.0,5.0,0.0,1.0,0.0,45.0,0.16666666666666666,1.0,0.19444445023934046,14881.121148003473,5226.47412109375,3445.160400390625,3742.128662109375,3445.160400390625,3742.128662109375,36.986086666584015
test,dropout030_relay_failure,multi_relation,none,none,none,2,60,EA-RG-MAPPO-S,results/intercept_3d_gate1_hardened_safety_5seed_formal_candidate/runs/multi_relation/bc_ppo_seed2/actor_critic_update_0060.pt,310016,16,checkpoint,100,straight,True,True,80,0.2,1.0,0.3,0,0.0,1,40,80,True,1.0,1.0,1.0,0.029629630512661403,0.4370370414521959,0.6518518610133065,47.79629666639699,0.0,0.0,0.0,45.0,42.0,45.0,1.0,5.0,5.0,5.0,0.0,1.0,0.0,45.0,0.16666666666666666,1.0,0.22222222884496054,14896.723491753472,5362.5087890625,3395.367919921875,3609.052734375,3395.367919921875,3609.052734375,36.77447798848152
test,dropout030_relay_failure,multi_relation,none,none,none,2,60,EA-RG-MAPPO-S,results/intercept_3d_gate1_hardened_safety_5seed_formal_candidate/runs/multi_relation/bc_ppo_seed2/actor_critic_update_0060.pt,310020,20,checkpoint,100,straight,True,True,80,0.2,1.0,0.3,0,0.0,1,40,80,True,1.0,1.0,1.0,0.029629630512661403,0.4370370414521959,0.6814814882145988,46.844444105029105,0.0,0.0,0.0,45.0,42.0,45.0,1.0,5.0,5.0,5.0,0.0,1.0,0.0,45.0,0.16666666666666666,1.0,0.2500000074505806,14882.011078559028,5248.45654296875,3548.406005859375,3521.83251953125,3548.406005859375,3521.83251953125,37.2481250166893
test,dropout030_relay_failure,multi_relation,none,none,none,2,60,EA-RG-MAPPO-S,results/intercept_3d_gate1_hardened_safety_5seed_formal_candidate/runs/multi_relation/bc_ppo_seed2/actor_critic_update_0060.pt,310021,21,checkpoint,100,straight,True,True,80,0.2,1.0,0.3,0,0.0,1,40,80,True,1.0,1.0,1.0,0.029629630512661403,0.4296296338240306,0.7037037084499995,43.90740701291296,0.0,0.0,0.0,45.0,42.0,45.0,1.0,5.0,5.0,5.0,0.0,1.0,0.0,45.0,0.16666666666666666,1.0,0.22222222884496054,14850.097884114582,5157.36181640625,3676.56787109375,3693.478271484375,3676.56787109375,3693.478271484375,37.45583215355873
test,dropout030_relay_failure,multi_relation,none,none,none,2,60,EA-RG-MAPPO-S,results/intercept_3d_gate1_hardened_safety_5seed_formal_candidate/runs/multi_relation/bc_ppo_seed2/actor_critic_update_0060.pt,310022,22,checkpoint,100,straight,True,True,80,0.2,1.0,0.3,0,0.0,1,40,80,True,1.0,1.0,1.0,0.029629630512661403,0.4370370414521959,0.5888888994852702,48.911111226346755,0.0,0.0,0.0,45.0,42.0,45.0,1.0,5.0,5.0,5.0,0.0,1.0,0.0,45.0,0.16666666666666666,1.0,0.22222222884496054,14858.92197265625,5203.82568359375,3506.895751953125,3829.44482421875,3506.895751953125,3829.44482421875,36.271572291851044
test,dropout030_relay_failure,multi_relation,none,none,none,2,60,EA-RG-MAPPO-S,results/intercept_3d_gate1_hardened_safety_5seed_formal_candidate/runs/multi_relation/bc_ppo_seed2/actor_critic_update_0060.pt,310025,25,checkpoint,100,straight,True,True,80,0.2,1.0,0.3,0,0.0,1,40,80,True,1.0,1.0,1.0,0.029629630512661403,0.4370370414521959,0.7333333402872085,46.811110775007144,0.0,0.0,0.0,45.0,42.0,45.0,1.0,5.0,5.0,5.0,0.0,1.0,0.0,45.0,0.16666666666666666,1.0,0.2777777860562007,14852.234006076389,5146.67138671875,3759.119873046875,3783.930908203125,3759.119873046875,3783.930908203125,37.83416587114334
test,dropout030_relay_failure,multi_relation,none,none,none,2,60,EA-RG-MAPPO-S,results/intercept_3d_gate1_hardened_safety_5seed_formal_candidate/runs/multi_relation/bc_ppo_seed2/actor_critic_update_0060.pt,310028,28,checkpoint,100,straight,True,True,80,0.2,1.0,0.3,0,0.0,1,40,80,True,1.0,1.0,1.0,0.029629630512661403,0.4296296338240306,0.700000007616149,42.94814808666706,0.0,0.0,0.0,45.0,42.0,45.0,1.0,5.0,5.0,5.0,0.0,1.0,0.0,45.0,0.16666666666666666,1.0,0.22222222884496054,14874.690798611111,5226.5791015625,3485.397216796875,3547.853515625,3485.397216796875,3547.853515625,37.41914305090904
test,dropout030_relay_failure,multi_relation,none,none,none,2,60,EA-RG-MAPPO-S,results/intercept_3d_gate1_hardened_safety_5seed_formal_candidate/runs/multi_relation/bc_ppo_seed2/actor_critic_update_0060.pt,310030,30,checkpoint,100,straight,True,True,80,0.2,1.0,0.3,0,0.0,1,40,80,True,1.0,1.0,1.0,0.029629630512661403,0.4370370414521959,0.6703703784280353,43.0407409724262,0.0,0.0,0.0,45.0,42.0,45.0,1.0,5.0,5.0,5.0,0.0,1.0,0.0,45.0,0.16666666666666666,1.0,0.1666666716337204,14864.334819878472,5092.5595703125,3783.840087890625,3727.590087890625,3783.840087890625,3727.590087890625,37.46598994731903
test,dropout030_relay_failure,multi_relation,none,none,none,2,60,EA-RG-MAPPO-S,results/intercept_3d_gate1_hardened_safety_5seed_formal_candidate/runs/multi_relation/bc_ppo_seed2/actor_critic_update_0060.pt,310032,32,checkpoint,100,straight,True,True,80,0.2,1.0,0.3,0,0.0,1,40,80,True,1.0,1.0,1.0,0.029629630512661403,0.4370370414521959,0.6407407522201538,54.53703709377183,0.0,0.0,0.0,45.0,42.0,45.0,1.0,5.0,5.0,5.0,0.0,1.0,0.0,45.0,0.16666666666666666,1.0,0.22222222884496054,14862.517491319444,5220.55615234375,3727.51416015625,3827.021728515625,3727.51416015625,3827.021728515625,36.632694989442825
test,dropout030_relay_failure,multi_relation,none,none,none,2,60,EA-RG-MAPPO-S,results/intercept_3d_gate1_hardened_safety_5seed_formal_candidate/runs/multi_relation/bc_ppo_seed2/actor_critic_update_0060.pt,310035,35,checkpoint,100,straight,True,True,80,0.2,1.0,0.3,0,0.0,1,40,80,True,1.0,1.0,1.0,0.029629630512661403,0.4370370414521959,0.6444444517294566,43.02592578596539,0.0,0.0,0.0,45.0,42.0,45.0,1.0,5.0,5.0,5.0,0.0,1.0,0.0,45.0,0.16666666666666666,1.0,0.19444445023934046,14844.590538194445,5095.15087890625,3381.9912109375,3710.90625,3381.9912109375,3710.90625,37.173704236745834
test,dropout030_relay_failure,multi_relation,none,none,none,2,60,EA-RG-MAPPO-S,results/intercept_3d_gate1_hardened_safety_5seed_formal_candidate/runs/multi_relation/bc_ppo_seed2/actor_critic_update_0060.pt,310039,39,checkpoint,100,straight,True,True,80,0.2,1.0,0.3,0,0.0,1,40,80,True,1.0,1.0,1.0,0.029629630512661403,0.4370370414521959,0.6925925973388883,42.97037009000778,0.0,0.0,0.0,45.0,42.0,45.0,1.0,5.0,5.0,5.0,0.0,1.0,0.0,45.0,0.16666666666666666,1.0,0.2500000074505806,14864.358170572918,5176.15869140625,3398.9814453125,3893.2744140625,3398.9814453125,3893.2744140625,37.508645594120026
test,dropout030_relay_failure,multi_relation,none,none,none,2,60,EA-RG-MAPPO-S,results/intercept_3d_gate1_hardened_safety_5seed_formal_candidate/runs/multi_relation/bc_ppo_seed2/actor_critic_update_0060.pt,310041,41,checkpoint,100,straight,True,True,80,0.2,1.0,0.3,0,0.0,1,40,80,True,1.0,1.0,1.0,0.029629630512661403,0.4370370414521959,0.6148148215479321,41.192592429452475,0.0,0.0,0.0,45.0,42.0,45.0,1.0,5.0,5.0,5.0,0.0,1.0,0.0,45.0,0.16666666666666666,1.0,0.22222222884496054,14895.862348090277,5319.96240234375,3360.56787109375,3578.646484375,3360.56787109375,3578.646484375,36.789701610803604
test,dropout030_relay_failure,multi_relation,none,none,none,2,60,EA-RG-MAPPO-S,results/intercept_3d_gate1_hardened_safety_5seed_formal_candidate/runs/multi_relation/bc_ppo_seed2/actor_critic_update_0060.pt,310045,45,checkpoint,100,straight,True,True,80,0.2,1.0,0.3,0,0.0,1,40,80,True,1.0,1.0,1.0,0.029629630512661403,0.4370370414521959,0.6666666742828157,51.6296298282014,0.0,0.0,0.0,45.0,42.0,45.0,1.0,5.0,5.0,5.0,0.0,1.0,0.0,45.0,0.16666666666666666,1.0,0.2500000074505806,14872.594921875,5229.767578125,3427.107177734375,3912.553466796875,3427.107177734375,3912.553466796875,36.92101067304611
test,dropout030_relay_failure,multi_relation,none,none,none,2,60,EA-RG-MAPPO-S,results/intercept_3d_gate1_hardened_safety_5seed_formal_candidate/runs/multi_relation/bc_ppo_seed2/actor_critic_update_0060.pt,310046,46,checkpoint,100,straight,True,True,80,0.2,1.0,0.3,0,0.0,1,40,80,True,1.0,1.0,1.0,0.029629630512661403,0.4370370414521959,0.6185185256931517,46.859259092476634,0.0,0.0,0.0,45.0,42.0,45.0,1.0,5.0,5.0,5.0,0.0,1.0,0.0,45.0,0.16666666666666666,1.0,0.2777777860562007,14871.833940972223,5166.00927734375,3496.36279296875,3497.2138671875,3496.36279296875,3497.2138671875,36.756870418787
test,dropout030_relay_failure,multi_relation,none,none,none,2,60,EA-RG-MAPPO-S,results/intercept_3d_gate1_hardened_safety_5seed_formal_candidate/runs/multi_relation/bc_ppo_seed2/actor_critic_update_0060.pt,310007,7,checkpoint,100,straight,True,True,80,0.2,1.0,0.3,0,0.0,1,40,80,True,1.0,1.0,1.0,0.028985508110212242,0.44927536663801776,0.6630434853875119,44.08333322179058,0.0,0.0,0.0,46.0,43.0,46.0,1.0,6.0,6.0,6.0,0.0,1.0,0.0,46.0,0.14285714285714285,1.0,0.26190476971013205,14659.512504245924,4720.08251953125,3659.324951171875,3500.59326171875,3659.324951171875,3500.59326171875,38.20979928970337
test,dropout030_relay_failure,multi_relation,none,none,none,2,60,EA-RG-MAPPO-S,results/intercept_3d_gate1_hardened_safety_5seed_formal_candidate/runs/multi_relation/bc_ppo_seed2/actor_critic_update_0060.pt,310008,8,checkpoint,100,straight,True,True,80,0.2,1.0,0.3,0,0.0,1,40,80,True,1.0,1.0,1.0,0.028985508110212242,0.44927536663801776,0.6956521820115007,40.31159437188636,0.0,0.0,0.0,46.0,43.0,46.0,1.0,6.0,6.0,6.0,0.0,1.0,0.0,46.0,0.14285714285714285,1.0,0.23809524519102915,14656.160273012907,4752.0908203125,3398.874755859375,3169.988037109375,3398.874755859375,3169.988037109375,38.61677148938179
test,dropout030_relay_failure,multi_relation,none,none,none,2,60,EA-RG-MAPPO-S,results/intercept_3d_gate1_hardened_safety_5seed_formal_candidate/runs/multi_relation/bc_ppo_seed2/actor_critic_update_0060.pt,310009,9,checkpoint,100,straight,True,True,80,0.2,1.0,0.3,0,0.0,1,40,80,True,1.0,1.0,1.0,0.028985508110212242,0.44202898961046466,0.6086956583287405,49.73188436614431,0.0,0.0,0.0,46.0,43.0,46.0,1.0,6.0,6.0,6.0,0.0,1.0,0.0,46.0,0.14285714285714285,1.0,0.23809524519102915,14692.585109544836,4820.81494140625,3690.10693359375,3830.056884765625,3690.10693359375,3830.056884765625,37.256687849760056
test,dropout030_relay_failure,multi_relation,none,none,none,2,60,EA-RG-MAPPO-S,results/intercept_3d_gate1_hardened_safety_5seed_formal_candidate/runs/multi_relation/bc_ppo_seed2/actor_critic_update_0060.pt,310012,12,checkpoint,100,straight,True,True,80,0.2,1.0,0.3,0,0.0,1,40,80,True,1.0,1.0,1.0,0.028985508110212242,0.44927536663801776,0.6666666748731033,42.141304459584795,0.0,0.0,0.0,46.0,43.0,46.0,1.0,6.0,6.0,6.0,0.0,1.0,0.0,46.0,0.14285714285714285,1.0,0.19047619615282332,14646.047777258831,4672.18408203125,3536.2890625,3772.032470703125,3536.2890625,3772.032470703125,38.418613106012344
test,dropout030_relay_failure,multi_relation,none,none,none,2,60,EA-RG-MAPPO-S,results/intercept_3d_gate1_hardened_safety_5seed_formal_candidate/runs/multi_relation/bc_ppo_seed2/actor_critic_update_0060.pt,310013,13,checkpoint,100,straight,True,True,80,0.2,1.0,0.3,0,0.0,1,40,80,True,1.0,1.0,1.0,0.028985508110212242,0.44927536663801776,0.6702898640347563,40.380435001590975,0.0,0.0,0.0,46.0,43.0,46.0,1.0,6.0,6.0,6.0,0.0,1.0,0.0,46.0,0.14285714285714285,1.0,0.21428572067192622,14624.712264351223,4663.92626953125,3390.3671875,3398.954833984375,3390.3671875,3398.954833984375,38.426896184682846
test,dropout030_relay_failure,multi_relation,none,none,none,2,60,EA-RG-MAPPO-S,results/intercept_3d_gate1_hardened_safety_5seed_formal_candidate/runs/multi_relation/bc_ppo_seed2/actor_critic_update_0060.pt,310018,18,checkpoint,100,straight,True,True,80,0.2,1.0,0.3,0,0.0,1,40,80,True,1.0,1.0,1.0,0.028985508110212242,0.44927536663801776,0.6268116038130678,44.079710539916285,0.0,0.0,0.0,46.0,43.0,46.0,1.0,6.0,6.0,6.0,0.0,1.0,0.0,46.0,0.14285714285714285,1.0,0.26190476971013205,14654.719386888586,4809.1015625,3604.326904296875,3209.973876953125,3604.326904296875,3209.973876953125,37.73750413954258
test,dropout030_relay_failure,multi_relation,none,none,none,2,60,EA-RG-MAPPO-S,results/intercept_3d_gate1_hardened_safety_5seed_formal_candidate/runs/multi_relation/bc_ppo_seed2/actor_critic_update_0060.pt,310023,23,checkpoint,100,straight,True,True,80,0.2,1.0,0.3,0,0.0,1,40,80,True,1.0,1.0,1.0,0.028985508110212242,0.44927536663801776,0.6666666751970416,43.123188429876514,0.0,0.0,0.0,46.0,43.0,46.0,1.0,6.0,6.0,6.0,0.0,1.0,0.0,46.0,0.14285714285714285,1.0,0.21428572067192622,14638.560111667799,4733.44189453125,3640.6279296875,3696.148193359375,3640.6279296875,3696.148193359375,38.20936334133148
test,dropout030_relay_failure,multi_relation,none,none,none,2,60,EA-RG-MAPPO-S,results/intercept_3d_gate1_hardened_safety_5seed_formal_candidate/runs/multi_relation/bc_ppo_seed2/actor_critic_update_0060.pt,310027,27,checkpoint,100,straight,True,True,80,0.2,1.0,0.3,0,0.0,1,40,80,True,1.0,1.0,1.0,0.028985508110212242,0.44927536663801776,0.6557971096557119,39.41666672637929,0.0,0.0,0.0,46.0,43.0,46.0,1.0,6.0,6.0,6.0,0.0,1.0,0.0,46.0,0.14285714285714285,1.0,0.19047619615282332,14623.814230213995,4701.82763671875,3510.70849609375,3824.420166015625,3510.70849609375,3824.420166015625,38.29790487885475
test,dropout030_relay_failure,multi_relation,none,none,none,2,60,EA-RG-MAPPO-S,results/intercept_3d_gate1_hardened_safety_5seed_formal_candidate/runs/multi_relation/bc_ppo_seed2/actor_critic_update_0060.pt,310033,33,checkpoint,100,straight,True,True,80,0.2,1.0,0.3,0,0.0,1,40,80,True,1.0,1.0,1.0,0.028985508110212242,0.44202898961046466,0.6159420360041701,46.03985504741254,0.0,0.0,0.0,46.0,43.0,46.0,1.0,6.0,6.0,6.0,0.0,1.0,0.0,46.0,0.14285714285714285,1.0,0.21428572067192622,14669.832891049593,4696.23681640625,3627.0908203125,3327.850830078125,3627.0908203125,3327.850830078125,37.67827317118645
test,dropout030_relay_failure,multi_relation,none,none,none,2,60,EA-RG-MAPPO-S,results/intercept_3d_gate1_hardened_safety_5seed_formal_candidate/runs/multi_relation/bc_ppo_seed2/actor_critic_update_0060.pt,310037,37,checkpoint,100,straight,True,True,80,0.2,1.0,0.3,0,0.0,1,40,80,True,1.0,1.0,1.0,0.028985508110212242,0.44927536663801776,0.6594202971976736,45.93478238453036,0.0,0.0,0.0,46.0,43.0,46.0,1.0,6.0,6.0,6.0,0.0,1.0,0.0,46.0,0.14285714285714285,1.0,0.23809524519102915,14657.97465183424,4821.79150390625,3730.734375,3471.063720703125,3730.734375,3471.063720703125,37.939299181103706
test,dropout030_relay_failure,multi_relation,none,none,none,2,60,EA-RG-MAPPO-S,results/intercept_3d_gate1_hardened_safety_5seed_formal_candidate/runs/multi_relation/bc_ppo_seed2/actor_critic_update_0060.pt,310043,43,checkpoint,100,straight,True,True,80,0.2,1.0,0.3,0,0.0,1,40,80,True,1.0,1.0,1.0,0.028985508110212242,0.44927536663801776,0.6956521794199944,39.380434900198296,0.0,0.0,0.0,46.0,43.0,46.0,1.0,6.0,6.0,6.0,0.0,1.0,0.0,46.0,0.14285714285714285,1.0,0.23809524519102915,14617.827880859375,4673.7060546875,3423.661376953125,3294.391357421875,3423.661376953125,3294.391357421875,38.745118245482445
test,dropout030_relay_failure,multi_relation,none,none,none,2,60,EA-RG-MAPPO-S,results/intercept_3d_gate1_hardened_safety_5seed_formal_candidate/runs/multi_relation/bc_ppo_seed2/actor_critic_update_0060.pt,310047,47,checkpoint,100,straight,True,True,80,0.2,1.0,0.3,0,0.0,1,40,80,True,1.0,1.0,1.0,0.028985508110212242,0.44202898961046466,0.6630434850635736,49.73188409241645,0.0,0.0,0.0,46.0,43.0,46.0,1.0,6.0,6.0,6.0,0.0,1.0,0.0,46.0,0.14285714285714285,1.0,0.26190476971013205,14687.351965862772,4799.11279296875,3731.506103515625,3842.852783203125,3731.506103515625,3842.852783203125,37.769480377435684
test,dropout030_relay_failure,multi_relation,none,none,none,2,60,EA-RG-MAPPO-S,results/intercept_3d_gate1_hardened_safety_5seed_formal_candidate/runs/multi_relation/bc_ppo_seed2/actor_critic_update_0060.pt,310015,15,checkpoint,100,straight,True,True,80,0.2,1.0,0.3,0,0.0,1,40,80,True,1.0,1.0,1.0,0.02836879517169709,0.44680851507694164,0.5992907878566296,41.56382962807696,0.0,0.0,0.0,47.0,44.0,47.0,1.0,7.0,7.0,7.0,0.0,1.0,0.0,47.0,0.125,1.0,0.2083333395421505,14527.315647855718,4489.677734375,3213.322021484375,2987.779052734375,3213.322021484375,2987.779052734375,38.16793128848076
test,dropout030_relay_failure,multi_relation,none,none,none,2,60,EA-RG-MAPPO-S,results/intercept_3d_gate1_hardened_safety_5seed_formal_candidate/runs/multi_relation/bc_ppo_seed2/actor_critic_update_0060.pt,310053,53,checkpoint,100,straight,True,True,80,0.2,1.0,0.3,0,0.0,1,40,80,True,1.0,1.0,1.0,0.03030303120613098,0.4242424287579276,0.715909097682346,47.74242424423044,0.0,0.0,0.0,44.0,41.0,44.0,1.0,4.0,4.0,4.0,0.0,1.0,0.0,44.0,0.2,1.0,0.20000000596046447,15143.164195667614,5782.49951171875,3800.540771484375,3629.7333984375,3800.540771484375,3629.7333984375,36.618133425712585
test,dropout030_relay_failure,multi_relation,none,none,none,2,60,EA-RG-MAPPO-S,results/intercept_3d_gate1_hardened_safety_5seed_formal_candidate/runs/multi_relation/bc_ppo_seed2/actor_critic_update_0060.pt,310058,58,checkpoint,100,straight,True,True,80,0.2,1.0,0.3,0,0.0,1,40,80,True,1.0,1.0,1.0,0.03030303120613098,0.4242424287579276,0.6515151597559452,48.833332842385225,0.0,0.0,0.0,44.0,41.0,44.0,1.0,4.0,4.0,4.0,0.0,1.0,0.0,44.0,0.2,1.0,0.23333334028720856,15111.81064675071,5700.60986328125,3791.912841796875,3843.109375,3791.912841796875,3843.109375,36.04191257059574
test,dropout030_relay_failure,multi_relation,none,none,none,2,60,EA-RG-MAPPO-S,results/intercept_3d_gate1_hardened_safety_5seed_formal_candidate/runs/multi_relation/bc_ppo_seed2/actor_critic_update_0060.pt,310059,59,checkpoint,100,straight,True,True,80,0.2,1.0,0.3,0,0.0,1,40,80,True,1.0,1.0,1.0,0.03030303120613098,0.41666667095639487,0.6401515233923089,46.83712112497199,0.0,0.0,0.0,44.0,41.0,44.0,1.0,4.0,4.0,4.0,0.0,1.0,0.0,44.0,0.2,1.0,0.26666667461395266,15171.514137961647,5888.3203125,3707.7822265625,3804.483642578125,3707.7822265625,3804.483642578125,35.631449818611145
test,dropout030_relay_failure,multi_relation,none,none,none,2,60,EA-RG-MAPPO-S,results/intercept_3d_gate1_hardened_safety_5seed_formal_candidate/runs/multi_relation/bc_ppo_seed2/actor_critic_update_0060.pt,310066,66,checkpoint,100,straight,True,True,80,0.2,1.0,0.3,0,0.0,1,40,80,True,1.0,1.0,1.0,0.03030303120613098,0.4242424287579276,0.6250000081279061,50.837121158499606,0.0,0.0,0.0,44.0,41.0,44.0,1.0,4.0,4.0,4.0,0.0,1.0,0.0,44.0,0.2,1.0,0.1666666716337204,15162.052501331676,5879.03271484375,3751.496826171875,3787.177734375,3751.496826171875,3787.177734375,35.55133271217346
test,dropout030_relay_failure,multi_relation,none,none,none,2,60,EA-RG-MAPPO-S,results/intercept_3d_gate1_hardened_safety_5seed_formal_candidate/runs/multi_relation/bc_ppo_seed2/actor_critic_update_0060.pt,310077,77,checkpoint,100,straight,True,True,80,0.2,1.0,0.3,0,0.0,1,40,80,True,1.0,1.0,1.0,0.03030303120613098,0.40909091383218765,0.613636372780258,45.924242535775356,0.0,0.0,0.0,44.0,41.0,44.0,1.0,4.0,4.0,4.0,0.0,1.0,0.0,44.0,0.2,1.0,0.1666666716337204,15228.491266424006,5899.02587890625,3680.394775390625,3807.921875,3680.394775390625,3807.921875,35.33479803800583
test,dropout030_relay_failure,multi_relation,none,none,none,2,60,EA-RG-MAPPO-S,results/intercept_3d_gate1_hardened_safety_5seed_formal_candidate/runs/multi_relation/bc_ppo_seed2/actor_critic_update_0060.pt,310078,78,checkpoint,100,straight,True,True,80,0.2,1.0,0.3,0,0.0,1,40,80,True,1.0,1.0,1.0,0.03030303120613098,0.4242424287579276,0.6401515250856226,46.89015128632838,0.0,0.0,0.0,44.0,41.0,44.0,1.0,4.0,4.0,4.0,0.0,1.0,0.0,44.0,0.2,1.0,0.20000000596046447,15136.987093838778,5685.79833984375,3639.657470703125,3964.08740234375,3639.657470703125,3964.08740234375,35.96654608845711
test,dropout030_relay_failure,multi_relation,none,none,none,2,60,EA-RG-MAPPO-S,results/intercept_3d_gate1_hardened_safety_5seed_formal_candidate/runs/multi_relation/bc_ppo_seed2/actor_critic_update_0060.pt,310081,81,checkpoint,100,straight,True,True,80,0.2,1.0,0.3,0,0.0,1,40,80,True,1.0,1.0,1.0,0.03030303120613098,0.4242424287579276,0.6477272808551788,49.840909094634384,0.0,0.0,0.0,44.0,41.0,44.0,1.0,4.0,4.0,4.0,0.0,1.0,0.0,44.0,0.2,1.0,0.10000000298023223,15126.058882279829,5649.826171875,3653.10791015625,4134.716796875,3653.10791015625,4134.716796875,35.9344824552536
test,dropout030_relay_failure,multi_relation,none,none,none,2,60,EA-RG-MAPPO-S,results/intercept_3d_gate1_hardened_safety_5seed_formal_candidate/runs/multi_relation/bc_ppo_seed2/actor_critic_update_0060.pt,310085,85,checkpoint,100,straight,True,True,80,0.2,1.0,0.3,0,0.0,1,40,80,True,1.0,1.0,1.0,0.03030303120613098,0.41666667095639487,0.6477272788232024,43.890151028944686,0.0,0.0,0.0,44.0,41.0,44.0,1.0,4.0,4.0,4.0,0.0,1.0,0.0,44.0,0.2,1.0,0.1666666716337204,15159.433338512074,5729.29248046875,3733.975830078125,3664.939453125,3733.975830078125,3664.939453125,35.99366998672485
test,dropout030_relay_failure,multi_relation,none,none,none,2,60,EA-RG-MAPPO-S,results/intercept_3d_gate1_hardened_safety_5seed_formal_candidate/runs/multi_relation/bc_ppo_seed2/actor_critic_update_0060.pt,310091,91,checkpoint,100,straight,True,True,80,0.2,1.0,0.3,0,0.0,1,40,80,True,1.0,1.0,1.0,0.03030303120613098,0.4242424287579276,0.6666666743430224,46.03787895833904,0.0,0.0,0.0,44.0,41.0,44.0,1.0,4.0,4.0,4.0,0.0,1.0,0.0,44.0,0.2,1.0,0.20000000596046447,15126.314763849432,5709.265625,3744.811767578125,3906.72705078125,3744.811767578125,3906.72705078125,36.325671434402466
test,dropout030_relay_failure,multi_relation,none,none,none,2,60,EA-RG-MAPPO-S,results/intercept_3d_gate1_hardened_safety_5seed_formal_candidate/runs/multi_relation/bc_ppo_seed2/actor_critic_update_0060.pt,310092,92,checkpoint,100,straight,True,True,80,0.2,1.0,0.3,0,0.0,1,40,80,True,1.0,1.0,1.0,0.03030303120613098,0.40909091383218765,0.6439394019544125,52.68181826919317,0.0,0.0,0.0,44.0,41.0,44.0,1.0,4.0,4.0,4.0,0.0,1.0,0.0,44.0,0.2,1.0,0.1666666716337204,15242.016934481535,6021.294921875,3542.46630859375,4219.54833984375,3542.46630859375,4219.54833984375,35.17663502693176
test,dropout030_relay_failure,multi_relation,none,none,none,2,60,EA-RG-MAPPO-S,results/intercept_3d_gate1_hardened_safety_5seed_formal_candidate/runs/multi_relation/bc_ppo_seed2/actor_critic_update_0060.pt,310097,97,checkpoint,100,straight,True,True,80,0.2,1.0,0.3,0,0.0,1,40,80,True,1.0,1.0,1.0,0.03030303120613098,0.4242424287579276,0.6931818232617595,45.92802983759479,0.0,0.0,0.0,44.0,41.0,44.0,1.0,4.0,4.0,4.0,0.0,1.0,0.0,44.0,0.2,1.0,0.23333334028720856,15123.23006924716,5679.96826171875,3756.072509765625,3681.7421875,3756.072509765625,3681.7421875,36.472916811704636
test,dropout030_relay_failure,multi_relation,none,none,none,2,60,EA-RG-MAPPO-S,results/intercept_3d_gate1_hardened_safety_5seed_formal_candidate/runs/multi_relation/bc_ppo_seed2/actor_critic_update_0060.pt,310052,52,checkpoint,100,straight,True,True,80,0.2,1.0,0.3,0,0.0,1,40,80,True,1.0,1.0,1.0,0.029629630512661403,0.4370370414521959,0.6888888948493533,42.951851630210875,0.0,0.0,0.0,45.0,42.0,45.0,1.0,5.0,5.0,5.0,0.0,1.0,0.0,45.0,0.16666666666666666,1.0,0.19444445023934046,14909.76875,5383.94775390625,3765.80078125,3060.673095703125,3765.80078125,3060.673095703125,37.33265379071236
test,dropout030_relay_failure,multi_relation,none,none,none,2,60,EA-RG-MAPPO-S,results/intercept_3d_gate1_hardened_safety_5seed_formal_candidate/runs/multi_relation/bc_ppo_seed2/actor_critic_update_0060.pt,310054,54,checkpoint,100,straight,True,True,80,0.2,1.0,0.3,0,0.0,1,40,80,True,1.0,1.0,1.0,0.029629630512661403,0.4370370414521959,0.6259259343147278,46.95185184909238,0.0,0.0,0.0,45.0,42.0,45.0,1.0,5.0,5.0,5.0,0.0,1.0,0.0,45.0,0.16666666666666666,1.0,0.22222222884496054,14930.711740451388,5345.11865234375,3432.706787109375,3717.231201171875,3432.706787109375,3717.231201171875,36.66777387261391
test,dropout030_relay_failure,multi_relation,none,none,none,2,60,EA-RG-MAPPO-S,results/intercept_3d_gate1_hardened_safety_5seed_formal_candidate/runs/multi_relation/bc_ppo_seed2/actor_critic_update_0060.pt,310055,55,checkpoint,100,straight,True,True,80,0.2,1.0,0.3,0,0.0,1,40,80,True,1.0,1.0,1.0,0.029629630512661403,0.4370370414521959,0.6222222285138236,43.148148097263444,0.0,0.0,0.0,45.0,42.0,45.0,1.0,5.0,5.0,5.0,0.0,1.0,0.0,45.0,0.16666666666666666,1.0,0.22222222884496054,14855.395713975695,5214.05517578125,3755.90771484375,3352.9140625,3755.90771484375,3352.9140625,36.919717252254486
test,dropout030_relay_failure,multi_relation,none,none,none,2,60,EA-RG-MAPPO-S,results/intercept_3d_gate1_hardened_safety_5seed_formal_candidate/runs/multi_relation/bc_ppo_seed2/actor_critic_update_0060.pt,310056,56,checkpoint,100,straight,True,True,80,0.2,1.0,0.3,0,0.0,1,40,80,True,1.0,1.0,1.0,0.029629630512661403,0.4296296338240306,0.6518518603510327,46.829629853367805,0.0,0.0,0.0,45.0,42.0,45.0,1.0,5.0,5.0,5.0,0.0,1.0,0.0,45.0,0.16666666666666666,1.0,0.1666666716337204,14859.628526475695,5167.62646484375,3519.3740234375,3563.00732421875,3519.3740234375,3563.00732421875,36.936937034130096
test,dropout030_relay_failure,multi_relation,none,none,none,2,60,EA-RG-MAPPO-S,results/intercept_3d_gate1_hardened_safety_5seed_formal_candidate/runs/multi_relation/bc_ppo_seed2/actor_critic_update_0060.pt,310057,57,checkpoint,100,straight,True,True,80,0.2,1.0,0.3,0,0.0,1,40,80,True,1.0,1.0,1.0,0.029629630512661403,0.4370370414521959,0.6444444530540042,48.7037039856116,0.0,0.0,0.0,45.0,42.0,45.0,1.0,5.0,5.0,5.0,0.0,1.0,0.0,45.0,0.16666666666666666,1.0,0.19444445023934046,14880.530544704861,5260.32373046875,3474.25048828125,3952.36181640625,3474.25048828125,3952.36181640625,36.751277297735214
test,dropout030_relay_failure,multi_relation,none,none,none,2,60,EA-RG-MAPPO-S,results/intercept_3d_gate1_hardened_safety_5seed_formal_candidate/runs/multi_relation/bc_ppo_seed2/actor_critic_update_0060.pt,310060,60,checkpoint,100,straight,True,True,80,0.2,1.0,0.3,0,0.0,1,40,80,True,1.0,1.0,1.0,0.029629630512661403,0.4370370414521959,0.7259259313344956,43.90740715828207,0.0,0.0,0.0,45.0,42.0,45.0,1.0,5.0,5.0,5.0,0.0,1.0,0.0,45.0,0.16666666666666666,1.0,0.2777777860562007,14896.76142578125,5203.8974609375,3524.5205078125,3699.16552734375,3524.5205078125,3699.16552734375,37.753338277339935
test,dropout030_relay_failure,multi_relation,none,none,none,2,60,EA-RG-MAPPO-S,results/intercept_3d_gate1_hardened_safety_5seed_formal_candidate/runs/multi_relation/bc_ppo_seed2/actor_critic_update_0060.pt,310062,62,checkpoint,100,straight,True,True,80,0.2,1.0,0.3,0,0.0,1,40,80,True,1.0,1.0,1.0,0.029629630512661403,0.4370370414521959,0.6370370450947019,45.8666667216354,0.0,0.0,0.0,45.0,42.0,45.0,1.0,5.0,5.0,5.0,0.0,1.0,0.0,45.0,0.16666666666666666,1.0,0.19444445023934046,14861.032530381945,5154.681640625,3320.71337890625,3856.69873046875,3320.71337890625,3856.69873046875,36.93328884243965
test,dropout030_relay_failure,multi_relation,none,none,none,2,60,EA-RG-MAPPO-S,results/intercept_3d_gate1_hardened_safety_5seed_formal_candidate/runs/multi_relation/bc_ppo_seed2/actor_critic_update_0060.pt,310063,63,checkpoint,100,straight,True,True,80,0.2,1.0,0.3,0,0.0,1,40,80,True,1.0,1.0,1.0,0.029629630512661403,0.4296296338240306,0.6592592693037457,44.97407423853874,0.0,0.0,0.0,45.0,42.0,45.0,1.0,5.0,5.0,5.0,0.0,1.0,0.0,45.0,0.16666666666666666,1.0,0.2500000074505806,14863.819997829862,5168.39697265625,3865.94091796875,3778.02880859375,3865.94091796875,3778.02880859375,37.00020748376846
test,dropout030_relay_failure,multi_relation,none,none,none,2,60,EA-RG-MAPPO-S,results/intercept_3d_gate1_hardened_safety_5seed_formal_candidate/runs/multi_relation/bc_ppo_seed2/actor_critic_update_0060.pt,310064,64,checkpoint,100,straight,True,True,80,0.2,1.0,0.3,0,0.0,1,40,80,True,1.0,1.0,1.0,0.029629630512661403,0.4296296338240306,0.6370370467503865,47.885184933079614,0.0,0.0,0.0,45.0,42.0,45.0,1.0,5.0,5.0,5.0,0.0,1.0,0.0,45.0,0.16666666666666666,1.0,0.2500000074505806,14852.91300998264,5187.48974609375,3698.284912109375,3718.95166015625,3698.284912109375,3718.95166015625,36.735311299562454
test,dropout030_relay_failure,multi_relation,none,none,none,2,60,EA-RG-MAPPO-S,results/intercept_3d_gate1_hardened_safety_5seed_formal_candidate/runs/multi_relation/bc_ppo_seed2/actor_critic_update_0060.pt,310065,65,checkpoint,100,straight,True,True,80,0.2,1.0,0.3,0,0.0,1,40,80,True,1.0,1.0,1.0,0.029629630512661403,0.4370370414521959,0.6481481562058131,45.892592285407915,0.0,0.0,0.0,45.0,42.0,45.0,1.0,5.0,5.0,5.0,0.0,1.0,0.0,45.0,0.16666666666666666,1.0,0.19444445023934046,14858.585134548612,5120.10205078125,3619.603759765625,3854.528076171875,3619.603759765625,3854.528076171875,37.10222485661507
test,dropout030_relay_failure,multi_relation,none,none,none,2,60,EA-RG-MAPPO-S,results/intercept_3d_gate1_hardened_safety_5seed_formal_candidate/runs/multi_relation/bc_ppo_seed2/actor_critic_update_0060.pt,310069,69,checkpoint,100,straight,True,True,80,0.2,1.0,0.3,0,0.0,1,40,80,True,1.0,1.0,1.0,0.029629630512661403,0.4296296338240306,0.6481481562058131,44.06296299364832,0.0,0.0,0.0,45.0,42.0,45.0,1.0,5.0,5.0,5.0,0.0,1.0,0.0,45.0,0.16666666666666666,1.0,0.22222222884496054,14968.413823784722,5473.24560546875,3604.686279296875,3249.28759765625,3604.686279296875,3249.28759765625,36.66768375039101
test,dropout030_relay_failure,multi_relation,none,none,none,2,60,EA-RG-MAPPO-S,results/intercept_3d_gate1_hardened_safety_5seed_formal_candidate/runs/multi_relation/bc_ppo_seed2/actor_critic_update_0060.pt,310070,70,checkpoint,100,straight,True,True,80,0.2,1.0,0.3,0,0.0,1,40,80,True,1.0,1.0,1.0,0.029629630512661403,0.4370370414521959,0.6370370480749342,44.92962994045681,0.0,0.0,0.0,45.0,42.0,45.0,1.0,5.0,5.0,5.0,0.0,1.0,0.0,45.0,0.16666666666666666,1.0,0.2500000074505806,14960.343608940972,5543.31494140625,3511.55224609375,3400.90966796875,3511.55224609375,3400.90966796875,36.6822894513607
test,dropout030_relay_failure,multi_relation,none,none,none,2,60,EA-RG-MAPPO-S,results/intercept_3d_gate1_hardened_safety_5seed_formal_candidate/runs/multi_relation/bc_ppo_seed2/actor_critic_update_0060.pt,310071,71,checkpoint,100,straight,True,True,80,0.2,1.0,0.3,0,0.0,1,40,80,True,1.0,1.0,1.0,0.029629630512661403,0.4370370414521959,0.6333333419428931,47.903703737921184,0.0,0.0,0.0,45.0,42.0,45.0,1.0,5.0,5.0,5.0,0.0,1.0,0.0,45.0,0.16666666666666666,1.0,0.2500000074505806,14861.768413628472,5212.71484375,3565.48681640625,3512.533447265625,3565.48681640625,3512.533447265625,36.706842601299286
test,dropout030_relay_failure,multi_relation,none,none,none,2,60,EA-RG-MAPPO-S,results/intercept_3d_gate1_hardened_safety_5seed_formal_candidate/runs/multi_relation/bc_ppo_seed2/actor_critic_update_0060.pt,310073,73,checkpoint,100,straight,True,True,80,0.2,1.0,0.3,0,0.0,1,40,80,True,1.0,1.0,1.0,0.029629630512661403,0.4296296338240306,0.6666666746139527,41.15925909148322,0.0,0.0,0.0,45.0,42.0,45.0,1.0,5.0,5.0,5.0,0.0,1.0,0.0,45.0,0.16666666666666666,1.0,0.19444445023934046,14874.187239583332,5165.6484375,3677.68896484375,3581.085205078125,3677.68896484375,3581.085205078125,37.25048905611038
test,dropout030_relay_failure,multi_relation,none,none,none,2,60,EA-RG-MAPPO-S,results/intercept_3d_gate1_hardened_safety_5seed_formal_candidate/runs/multi_relation/bc_ppo_seed2/actor_critic_update_0060.pt,310075,75,checkpoint,100,straight,True,True,80,0.2,1.0,0.3,0,0.0,1,40,80,True,1.0,1.0,1.0,0.029629630512661403,0.4370370414521959,0.6407407492399215,46.95555564463139,0.0,0.0,0.0,45.0,42.0,45.0,1.0,5.0,5.0,5.0,0.0,1.0,0.0,45.0,0.16666666666666666,1.0,0.2500000074505806,14866.7193359375,5125.79443359375,3602.88916015625,3848.7529296875,3602.88916015625,3848.7529296875,36.9779486656189
test,dropout030_relay_failure,multi_relation,none,none,none,2,60,EA-RG-MAPPO-S,results/intercept_3d_gate1_hardened_safety_5seed_formal_candidate/runs/multi_relation/bc_ppo_seed2/actor_critic_update_0060.pt,310076,76,checkpoint,100,straight,True,True,80,0.2,1.0,0.3,0,0.0,1,40,80,True,1.0,1.0,1.0,0.029629630512661403,0.4370370414521959,0.6370370441012912,47.85185154477755,0.0,0.0,0.0,45.0,42.0,45.0,1.0,5.0,5.0,5.0,0.0,1.0,0.0,45.0,0.16666666666666666,1.0,0.3333333432674408,14892.621538628473,5182.72509765625,3348.874267578125,3906.77685546875,3348.874267578125,3906.77685546875,36.7905256152153
test,dropout030_relay_failure,multi_relation,none,none,none,2,60,EA-RG-MAPPO-S,results/intercept_3d_gate1_hardened_safety_5seed_formal_candidate/runs/multi_relation/bc_ppo_seed2/actor_critic_update_0060.pt,310079,79,checkpoint,100,straight,True,True,80,0.2,1.0,0.3,0,0.0,1,40,80,True,1.0,1.0,1.0,0.029629630512661403,0.4370370414521959,0.6407407482465108,45.04444410635365,0.0,0.0,0.0,45.0,42.0,45.0,1.0,5.0,5.0,5.0,0.0,1.0,0.0,45.0,0.16666666666666666,1.0,0.2500000074505806,14965.26884765625,5544.685546875,3463.201171875,3395.46142578125,3463.201171875,3395.46142578125,36.68816348910332
test,dropout030_relay_failure,multi_relation,none,none,none,2,60,EA-RG-MAPPO-S,results/intercept_3d_gate1_hardened_safety_5seed_formal_candidate/runs/multi_relation/bc_ppo_seed2/actor_critic_update_0060.pt,310080,80,checkpoint,100,straight,True,True,80,0.2,1.0,0.3,0,0.0,1,40,80,True,1.0,1.0,1.0,0.029629630512661403,0.4370370414521959,0.6555555635028415,42.040740573075084,0.0,0.0,0.0,45.0,42.0,45.0,1.0,5.0,5.0,5.0,0.0,1.0,0.0,45.0,0.16666666666666666,1.0,0.19444445023934046,14854.828287760416,5085.9326171875,3748.7958984375,3674.60888671875,3748.7958984375,3674.60888671875,37.427930265665054
test,dropout030_relay_failure,multi_relation,none,none,none,2,60,EA-RG-MAPPO-S,results/intercept_3d_gate1_hardened_safety_5seed_formal_candidate/runs/multi_relation/bc_ppo_seed2/actor_critic_update_0060.pt,310083,83,checkpoint,100,straight,True,True,80,0.2,1.0,0.3,0,0.0,1,40,80,True,1.0,1.0,1.0,0.029629630512661403,0.4370370414521959,0.66296297079987,41.10740740067429,0.0,0.0,0.0,45.0,42.0,45.0,1.0,5.0,5.0,5.0,0.0,1.0,0.0,45.0,0.16666666666666666,1.0,0.1666666716337204,14868.775086805555,5137.27685546875,3487.670654296875,3621.72216796875,3487.670654296875,3621.72216796875,37.35759490728378
test,dropout030_relay_failure,multi_relation,none,none,none,2,60,EA-RG-MAPPO-S,results/intercept_3d_gate1_hardened_safety_5seed_formal_candidate/runs/multi_relation/bc_ppo_seed2/actor_critic_update_0060.pt,310084,84,checkpoint,100,straight,True,True,80,0.2,1.0,0.3,0,0.0,1,40,80,True,1.0,1.0,1.0,0.029629630512661403,0.4370370414521959,0.6111111190583971,42.125926013125316,0.0,0.0,0.0,45.0,42.0,45.0,1.0,5.0,5.0,5.0,0.0,1.0,0.0,45.0,0.16666666666666666,1.0,0.19444445023934046,14881.754947916666,5261.45849609375,3583.7373046875,3287.090087890625,3583.7373046875,3287.090087890625,36.84621647000313
test,dropout030_relay_failure,multi_relation,none,none,none,2,60,EA-RG-MAPPO-S,results/intercept_3d_gate1_hardened_safety_5seed_formal_candidate/runs/multi_relation/bc_ppo_seed2/actor_critic_update_0060.pt,310090,90,checkpoint,100,straight,True,True,80,0.2,1.0,0.3,0,0.0,1,40,80,True,1.0,1.0,1.0,0.029629630512661403,0.4370370414521959,0.6629629727866915,41.081481375628044,0.0,0.0,0.0,45.0,42.0,45.0,1.0,5.0,5.0,5.0,0.0,1.0,0.0,45.0,0.16666666666666666,1.0,0.19444445023934046,14869.865809461806,5122.5361328125,3805.328369140625,3599.2431640625,3805.328369140625,3599.2431640625,37.47717523574829
test,dropout030_relay_failure,multi_relation,none,none,none,2,60,EA-RG-MAPPO-S,results/intercept_3d_gate1_hardened_safety_5seed_formal_candidate/runs/multi_relation/bc_ppo_seed2/actor_critic_update_0060.pt,310093,93,checkpoint,100,straight,True,True,80,0.2,1.0,0.3,0,0.0,1,40,80,True,1.0,1.0,1.0,0.029629630512661403,0.4370370414521959,0.6444444523917304,41.15925942791833,0.0,0.0,0.0,45.0,42.0,45.0,1.0,5.0,5.0,5.0,0.0,1.0,0.0,45.0,0.16666666666666666,1.0,0.22222222884496054,14879.001182725695,5155.75732421875,3618.9052734375,3615.527587890625,3618.9052734375,3615.527587890625,37.2760009765625
test,dropout030_relay_failure,multi_relation,none,none,none,2,60,EA-RG-MAPPO-S,results/intercept_3d_gate1_hardened_safety_5seed_formal_candidate/runs/multi_relation/bc_ppo_seed2/actor_critic_update_0060.pt,310095,95,checkpoint,100,straight,True,True,80,0.2,1.0,0.3,0,0.0,1,40,80,True,1.0,1.0,1.0,0.029629630512661403,0.4296296338240306,0.6518518600198958,41.07777800858021,0.0,0.0,0.0,45.0,42.0,45.0,1.0,5.0,5.0,5.0,0.0,1.0,0.0,45.0,0.16666666666666666,1.0,0.1666666716337204,14979.436968315973,5377.66357421875,3364.547119140625,3581.575439453125,3364.547119140625,3581.575439453125,36.925221145153046
test,dropout030_relay_failure,multi_relation,none,none,none,2,60,EA-RG-MAPPO-S,results/intercept_3d_gate1_hardened_safety_5seed_formal_candidate/runs/multi_relation/bc_ppo_seed2/actor_critic_update_0060.pt,310099,99,checkpoint,100,straight,True,True,80,0.2,1.0,0.3,0,0.0,1,40,80,True,1.0,1.0,1.0,0.029629630512661403,0.4370370414521959,0.6962963047954771,42.955555611517696,0.0,0.0,0.0,45.0,42.0,45.0,1.0,5.0,5.0,5.0,0.0,1.0,0.0,45.0,0.16666666666666666,1.0,0.22222222884496054,14859.18508029514,5086.37646484375,3668.602783203125,3570.021240234375,3668.602783203125,3570.021240234375,37.79733228683472
test,dropout030_relay_failure,multi_relation,none,none,none,2,60,EA-RG-MAPPO-S,results/intercept_3d_gate1_hardened_safety_5seed_formal_candidate/runs/multi_relation/bc_ppo_seed2/actor_critic_update_0060.pt,310061,61,checkpoint,100,straight,True,True,80,0.2,1.0,0.3,0,0.0,1,40,80,True,1.0,1.0,1.0,0.028985508110212242,0.44202898961046466,0.6449275457340738,45.89855078575404,0.0,0.0,0.0,46.0,43.0,46.0,1.0,6.0,6.0,6.0,0.0,1.0,0.0,46.0,0.14285714285714285,1.0,0.3095238187483379,14683.30562160326,4772.6005859375,3888.477783203125,3891.232666015625,3888.477783203125,3891.232666015625,37.76563969254494
test,dropout030_relay_failure,multi_relation,none,none,none,2,60,EA-RG-MAPPO-S,results/intercept_3d_gate1_hardened_safety_5seed_formal_candidate/runs/multi_relation/bc_ppo_seed2/actor_critic_update_0060.pt,310067,67,checkpoint,100,straight,True,True,80,0.2,1.0,0.3,0,0.0,1,40,80,True,1.0,1.0,1.0,0.028985508110212242,0.44927536663801776,0.6775362384708031,45.931159365112364,0.0,0.0,0.0,46.0,43.0,46.0,1.0,6.0,6.0,6.0,0.0,1.0,0.0,46.0,0.14285714285714285,1.0,0.23809524519102915,14641.860733695652,4755.71484375,3572.03466796875,3855.633056640625,3572.03466796875,3855.633056640625,38.150466710329056
test,dropout030_relay_failure,multi_relation,none,none,none,2,60,EA-RG-MAPPO-S,results/intercept_3d_gate1_hardened_safety_5seed_formal_candidate/runs/multi_relation/bc_ppo_seed2/actor_critic_update_0060.pt,310068,68,checkpoint,100,straight,True,True,80,0.2,1.0,0.3,0,0.0,1,40,80,True,1.0,1.0,1.0,0.028985508110212242,0.44927536663801776,0.6884058056318242,40.2862322230054,0.0,0.0,0.0,46.0,43.0,46.0,1.0,6.0,6.0,6.0,0.0,1.0,0.0,46.0,0.14285714285714285,1.0,0.28571429422923494,14645.598961871603,4714.37353515625,3564.201416015625,3738.083251953125,3564.201416015625,3738.083251953125,38.579751551151276
test,dropout030_relay_failure,multi_relation,none,none,none,2,60,EA-RG-MAPPO-S,results/intercept_3d_gate1_hardened_safety_5seed_formal_candidate/runs/multi_relation/bc_ppo_seed2/actor_critic_update_0060.pt,310074,74,checkpoint,100,straight,True,True,80,0.2,1.0,0.3,0,0.0,1,40,80,True,1.0,1.0,1.0,0.028985508110212242,0.44202898961046466,0.6557971099796502,44.949275309300944,0.0,0.0,0.0,46.0,43.0,46.0,1.0,6.0,6.0,6.0,0.0,1.0,0.0,46.0,0.14285714285714285,1.0,0.21428572067192622,14681.929761803669,4754.96142578125,3656.999267578125,3711.516845703125,3656.999267578125,3711.516845703125,37.92772662639618
test,dropout030_relay_failure,multi_relation,none,none,none,2,60,EA-RG-MAPPO-S,results/intercept_3d_gate1_hardened_safety_5seed_formal_candidate/runs/multi_relation/bc_ppo_seed2/actor_critic_update_0060.pt,310082,82,checkpoint,100,straight,True,True,80,0.2,1.0,0.3,0,0.0,1,40,80,True,1.0,1.0,1.0,0.028985508110212242,0.44927536663801776,0.6268116015454998,44.992753322357714,0.0,0.0,0.0,46.0,43.0,46.0,1.0,6.0,6.0,6.0,0.0,1.0,0.0,46.0,0.14285714285714285,1.0,0.21428572067192622,14641.086988366169,4775.54931640625,3468.51904296875,3255.076904296875,3468.51904296875,3255.076904296875,37.719567716121674
test,dropout030_relay_failure,multi_relation,none,none,none,2,60,EA-RG-MAPPO-S,results/intercept_3d_gate1_hardened_safety_5seed_formal_candidate/runs/multi_relation/bc_ppo_seed2/actor_critic_update_0060.pt,310087,87,checkpoint,100,straight,True,True,80,0.2,1.0,0.3,0,0.0,1,40,80,True,1.0,1.0,1.0,0.028985508110212242,0.44927536663801776,0.6775362397665563,44.03623199819223,0.0,0.0,0.0,46.0,43.0,46.0,1.0,6.0,6.0,6.0,0.0,1.0,0.0,46.0,0.14285714285714285,1.0,0.21428572067192622,14645.156218155571,4690.83251953125,3627.433349609375,3607.52880859375,3627.433349609375,3607.52880859375,38.316805720329285
test,dropout030_relay_failure,multi_relation,none,none,none,2,60,EA-RG-MAPPO-S,results/intercept_3d_gate1_hardened_safety_5seed_formal_candidate/runs/multi_relation/bc_ppo_seed2/actor_critic_update_0060.pt,310089,89,checkpoint,100,straight,True,True,80,0.2,1.0,0.3,0,0.0,1,40,80,True,1.0,1.0,1.0,0.028985508110212242,0.44927536663801776,0.5543478364529817,46.99637722062028,0.0,0.0,0.0,46.0,43.0,46.0,1.0,6.0,6.0,6.0,0.0,1.0,0.0,46.0,0.14285714285714285,1.0,0.21428572067192622,14660.971329398777,4787.86962890625,3968.851806640625,4043.61572265625,3968.851806640625,4043.61572265625,36.9626522064209
test,dropout030_relay_failure,multi_relation,none,none,none,2,60,EA-RG-MAPPO-S,results/intercept_3d_gate1_hardened_safety_5seed_formal_candidate/runs/multi_relation/bc_ppo_seed2/actor_critic_update_0060.pt,310094,94,checkpoint,100,straight,True,True,80,0.2,1.0,0.3,0,0.0,1,40,80,True,1.0,1.0,1.0,0.028985508110212242,0.44927536663801776,0.6630434860353884,42.21014514857012,0.0,0.0,0.0,46.0,43.0,46.0,1.0,6.0,6.0,6.0,0.0,1.0,0.0,46.0,0.14285714285714285,1.0,0.26190476971013205,14639.282619310461,4741.15625,3471.86572265625,3192.57275390625,3471.86572265625,3192.57275390625,38.21647161245346
test,dropout030_relay_failure,multi_relation,none,none,none,2,60,EA-RG-MAPPO-S,results/intercept_3d_gate1_hardened_safety_5seed_formal_candidate/runs/multi_relation/bc_ppo_seed2/actor_critic_update_0060.pt,310096,96,checkpoint,100,straight,True,True,80,0.2,1.0,0.3,0,0.0,1,40,80,True,1.0,1.0,1.0,0.028985508110212242,0.44202898961046466,0.6630434853875119,50.626811566560164,0.0,0.0,0.0,46.0,43.0,46.0,1.0,6.0,6.0,6.0,0.0,1.0,0.0,46.0,0.14285714285714285,1.0,0.1666666716337204,14649.774254840353,4818.81494140625,3462.8701171875,3962.171630859375,3462.8701171875,3962.171630859375,37.545973122119904
test,dropout030_relay_failure,multi_relation,none,none,none,2,60,EA-RG-MAPPO-S,results/intercept_3d_gate1_hardened_safety_5seed_formal_candidate/runs/multi_relation/bc_ppo_seed2/actor_critic_update_0060.pt,310098,98,checkpoint,100,straight,True,True,80,0.2,1.0,0.3,0,0.0,1,40,80,True,1.0,1.0,1.0,0.028985508110212242,0.44927536663801776,0.6739130512527798,45.87318834856801,0.0,0.0,0.0,46.0,43.0,46.0,1.0,6.0,6.0,6.0,0.0,1.0,0.0,46.0,0.14285714285714285,1.0,0.21428572067192622,14665.489459493885,4774.828125,3778.10595703125,3742.6767578125,3778.10595703125,3742.6767578125,38.178151190280914
test,dropout030_relay_failure,multi_relation,none,none,none,2,60,EA-RG-MAPPO-S,results/intercept_3d_gate1_hardened_safety_5seed_formal_candidate/runs/multi_relation/bc_ppo_seed2/actor_critic_update_0060.pt,310050,50,checkpoint,100,straight,True,True,80,0.2,1.0,0.3,0,0.0,1,40,80,True,1.0,1.0,1.0,0.02836879517169709,0.4539007132357739,0.6134751848083861,47.91134716158218,0.0,0.0,0.0,47.0,44.0,47.0,1.0,7.0,7.0,7.0,0.0,1.0,0.0,47.0,0.125,1.0,0.18750000558793545,14478.271380485372,4371.45849609375,3497.181640625,3722.10107421875,3497.181640625,3722.10107421875,38.37682616710663
test,dropout030_relay_failure,multi_relation,none,none,none,2,60,EA-RG-MAPPO-S,results/intercept_3d_gate1_hardened_safety_5seed_formal_candidate/runs/multi_relation/bc_ppo_seed2/actor_critic_update_0060.pt,310072,72,checkpoint,100,straight,True,True,80,0.2,1.0,0.3,0,0.0,1,40,80,True,1.0,1.0,1.0,0.02836879517169709,0.4539007132357739,0.6418439809312212,40.47517715299383,0.0,0.0,0.0,47.0,44.0,47.0,1.0,7.0,7.0,7.0,0.0,1.0,0.0,47.0,0.125,1.0,0.22916667349636555,14449.449499251994,4352.0283203125,3404.576416015625,3538.7529296875,3404.576416015625,3538.7529296875,38.86649030447006
test,dropout030_relay_failure,multi_relation,none,none,none,2,60,EA-RG-MAPPO-S,results/intercept_3d_gate1_hardened_safety_5seed_formal_candidate/runs/multi_relation/bc_ppo_seed2/actor_critic_update_0060.pt,310086,86,checkpoint,100,straight,True,True,80,0.2,1.0,0.3,0,0.0,1,40,80,True,1.0,1.0,1.0,0.02836879517169709,0.44680851507694164,0.5567375970013598,43.32269524862158,0.0,0.0,0.0,47.0,44.0,47.0,1.0,7.0,7.0,7.0,0.0,1.0,0.0,47.0,0.125,1.0,0.1666666716337204,14486.434559923537,4487.19482421875,3208.8896484375,3804.17431640625,3208.8896484375,3804.17431640625,37.70258751511574
test,dropout030_relay_failure,multi_relation,none,none,none,2,60,EA-RG-MAPPO-S,results/intercept_3d_gate1_hardened_safety_5seed_formal_candidate/runs/multi_relation/bc_ppo_seed2/actor_critic_update_0060.pt,310051,51,checkpoint,100,straight,True,True,80,0.2,1.0,0.3,0,0.0,1,40,80,True,1.0,1.0,1.0,0.027777778605620067,0.4513888930281003,0.6354166750485698,49.624999859680734,0.0,0.0,0.0,48.0,45.0,48.0,1.0,8.0,8.0,8.0,0.0,1.0,0.0,48.0,0.1111111111111111,1.0,0.14814815256330702,14348.11361694336,4265.3603515625,2715.864990234375,3438.221435546875,2715.864990234375,3438.221435546875,38.686138957738876
test,dropout030_relay_failure,multi_relation,none,none,none,2,60,EA-RG-MAPPO-S,results/intercept_3d_gate1_hardened_safety_5seed_formal_candidate/runs/multi_relation/bc_ppo_seed2/actor_critic_update_0060.pt,310088,88,checkpoint,100,straight,True,True,80,0.2,1.0,0.3,0,0.0,1,40,80,True,0.0,0.0,1.0,0.003846153960778163,0.17307692708877417,0.14743589948003108,91.58269339003242,0.0,1.0,0.0,260.0,42.0,-1.0,0.0,220.0,220.0,-1.0,0.0,0.0,1.0,-1.0,0.0,0.22500000521540642,0.12291667032986879,31261.044765061597,67877.1875,2529.351806640625,1294.803955078125,44518.52734375,15695.150390625,-17.664490155875683
test,dropout030_relay_failure,multi_relation,none,none,none,3,60,EA-RG-MAPPO-S,results/intercept_3d_gate1_hardened_safety_5seed_formal_candidate/runs/multi_relation/bc_ppo_seed3/actor_critic_update_0060.pt,310004,4,checkpoint,100,straight,True,True,80,0.2,1.0,0.3,0,0.0,1,40,80,True,1.0,1.0,1.0,0.03030303120613098,0.40909091383218765,0.6742424314672296,46.8143939125267,0.0,0.0,0.0,44.0,41.0,44.0,1.0,4.0,4.0,4.0,0.0,1.0,0.0,44.0,0.2,1.0,0.1666666716337204,15198.648015802557,5893.65771484375,3786.16650390625,1818.1026611328125,3786.16650390625,1818.1026611328125,35.8103988468647
test,dropout030_relay_failure,multi_relation,none,none,none,3,60,EA-RG-MAPPO-S,results/intercept_3d_gate1_hardened_safety_5seed_formal_candidate/runs/multi_relation/bc_ppo_seed3/actor_critic_update_0060.pt,310011,11,checkpoint,100,straight,True,True,80,0.2,1.0,0.3,0,0.0,1,40,80,True,1.0,1.0,1.0,0.03030303120613098,0.41666667095639487,0.6477272832258181,51.799242769113995,0.0,0.0,0.0,44.0,41.0,44.0,1.0,4.0,4.0,4.0,0.0,1.0,0.0,44.0,0.2,1.0,0.20000000596046447,15147.622824928978,5761.83251953125,3842.200439453125,2515.359375,3842.200439453125,2515.359375,35.55397284030914
test,dropout030_relay_failure,multi_relation,none,none,none,3,60,EA-RG-MAPPO-S,results/intercept_3d_gate1_hardened_safety_5seed_formal_candidate/runs/multi_relation/bc_ppo_seed3/actor_critic_update_0060.pt,310026,26,checkpoint,100,straight,True,True,80,0.2,1.0,0.3,0,0.0,1,40,80,True,1.0,1.0,1.0,0.03030303120613098,0.4166666716337204,0.6515151594172824,51.75378781963479,0.0,0.0,0.0,44.0,41.0,44.0,1.0,4.0,4.0,4.0,0.0,1.0,0.0,44.0,0.2,1.0,0.23333334028720856,15198.847511985085,6032.3828125,3666.620849609375,1886.0152587890625,3666.620849609375,1929.72509765625,35.49666553735733
test,dropout030_relay_failure,multi_relation,none,none,none,3,60,EA-RG-MAPPO-S,results/intercept_3d_gate1_hardened_safety_5seed_formal_candidate/runs/multi_relation/bc_ppo_seed3/actor_critic_update_0060.pt,310029,29,checkpoint,100,straight,True,True,80,0.2,1.0,0.3,0,0.0,1,40,80,True,1.0,1.0,1.0,0.03030303120613098,0.40909091383218765,0.7234848544678905,48.68939368122003,0.0,0.0,0.0,44.0,41.0,44.0,1.0,4.0,4.0,4.0,0.0,1.0,0.0,44.0,0.2,1.0,0.1666666716337204,15201.824917879972,5849.42138671875,3630.486572265625,1806.2027587890625,3630.486572265625,1806.2027587890625,36.1827212870121
test,dropout030_relay_failure,multi_relation,none,none,none,3,60,EA-RG-MAPPO-S,results/intercept_3d_gate1_hardened_safety_5seed_formal_candidate/runs/multi_relation/bc_ppo_seed3/actor_critic_update_0060.pt,310038,38,checkpoint,100,straight,True,True,80,0.2,1.0,0.3,0,0.0,1,40,80,True,1.0,1.0,1.0,0.03030303120613098,0.4166666716337204,0.6666666733270342,46.82575765929439,0.0,0.0,0.0,44.0,41.0,44.0,1.0,4.0,4.0,4.0,0.0,1.0,0.0,44.0,0.2,1.0,0.1666666716337204,15135.511474609375,5774.759765625,3780.810546875,1427.5582275390625,3780.810546875,1427.5582275390625,36.02110090851784
test,dropout030_relay_failure,multi_relation,none,none,none,3,60,EA-RG-MAPPO-S,results/intercept_3d_gate1_hardened_safety_5seed_formal_candidate/runs/multi_relation/bc_ppo_seed3/actor_critic_update_0060.pt,310040,40,checkpoint,100,straight,True,True,80,0.2,1.0,0.3,0,0.0,1,40,80,True,1.0,1.0,1.0,0.03030303120613098,0.40909091383218765,0.7424242496490479,49.670454201034524,0.0,0.0,0.0,44.0,41.0,44.0,1.0,4.0,4.0,4.0,0.0,1.0,0.0,44.0,0.2,1.0,0.20000000596046447,15164.360185102983,5759.376953125,3659.93798828125,1711.62451171875,3659.93798828125,1711.62451171875,36.46870732307434
test,dropout030_relay_failure,multi_relation,none,none,none,3,60,EA-RG-MAPPO-S,results/intercept_3d_gate1_hardened_safety_5seed_formal_candidate/runs/multi_relation/bc_ppo_seed3/actor_critic_update_0060.pt,310003,3,checkpoint,100,straight,True,True,80,0.2,1.0,0.3,0,0.0,1,40,80,True,1.0,1.0,1.0,0.029629630512661403,0.42222222685813904,0.7185185256931517,47.72592559125688,0.0,0.0,0.0,45.0,42.0,45.0,1.0,5.0,5.0,5.0,0.0,1.0,0.0,45.0,0.16666666666666666,1.0,0.2500000074505806,15001.2001953125,5556.40478515625,3680.7314453125,1815.373779296875,3680.7314453125,1833.5364990234375,37.04588243365288
test,dropout030_relay_failure,multi_relation,none,none,none,3,60,EA-RG-MAPPO-S,results/intercept_3d_gate1_hardened_safety_5seed_formal_candidate/runs/multi_relation/bc_ppo_seed3/actor_critic_update_0060.pt,310006,6,checkpoint,100,straight,True,True,80,0.2,1.0,0.3,0,0.0,1,40,80,True,1.0,1.0,1.0,0.029629630512661403,0.42962963448630437,0.625925933652454,42.125925896896256,0.0,0.0,0.0,45.0,42.0,45.0,1.0,5.0,5.0,5.0,0.0,1.0,0.0,45.0,0.16666666666666666,1.0,0.11111111442248027,14960.102495659723,5675.31884765625,3850.780517578125,1939.7666015625,3850.780517578125,1939.7666015625,36.453369945287704
test,dropout030_relay_failure,multi_relation,none,none,none,3,60,EA-RG-MAPPO-S,results/intercept_3d_gate1_hardened_safety_5seed_formal_candidate/runs/multi_relation/bc_ppo_seed3/actor_critic_update_0060.pt,310016,16,checkpoint,100,straight,True,True,80,0.2,1.0,0.3,0,0.0,1,40,80,True,1.0,1.0,1.0,0.029629630512661403,0.4148148198922475,0.6592592676480611,47.78888925711314,0.0,0.0,0.0,45.0,42.0,45.0,1.0,5.0,5.0,5.0,0.0,1.0,0.0,45.0,0.16666666666666666,0.8888888905445734,0.2500000074505806,14951.23056640625,5700.19921875,3859.348876953125,1997.6751708984375,3859.348876953125,2084.6259765625,36.216612637043
test,dropout030_relay_failure,multi_relation,none,none,none,3,60,EA-RG-MAPPO-S,results/intercept_3d_gate1_hardened_safety_5seed_formal_candidate/runs/multi_relation/bc_ppo_seed3/actor_critic_update_0060.pt,310019,19,checkpoint,100,straight,True,True,80,0.2,1.0,0.3,0,0.0,1,40,80,True,1.0,1.0,1.0,0.029629630512661403,0.42222222685813904,0.6962963041332033,46.803703765736685,0.0,0.0,0.0,45.0,42.0,45.0,1.0,5.0,5.0,5.0,0.0,1.0,0.0,45.0,0.16666666666666666,1.0,0.2500000074505806,15013.265787760416,5639.87548828125,3519.272705078125,1815.0863037109375,3519.272705078125,1832.7215576171875,36.73495277762413
test,dropout030_relay_failure,multi_relation,none,none,none,3,60,EA-RG-MAPPO-S,results/intercept_3d_gate1_hardened_safety_5seed_formal_candidate/runs/multi_relation/bc_ppo_seed3/actor_critic_update_0060.pt,310020,20,checkpoint,100,straight,True,True,80,0.2,1.0,0.3,0,0.0,1,40,80,True,1.0,1.0,1.0,0.029629630512661403,0.42962963448630437,0.7000000072850121,41.09259236488077,0.0,0.0,0.0,45.0,42.0,45.0,1.0,5.0,5.0,5.0,0.0,1.0,0.0,45.0,0.16666666666666666,1.0,0.22222222884496054,14920.251236979168,5514.58203125,3761.589111328125,1606.621337890625,3761.589111328125,1651.93017578125,37.3599736392498
test,dropout030_relay_failure,multi_relation,none,none,none,3,60,EA-RG-MAPPO-S,results/intercept_3d_gate1_hardened_safety_5seed_formal_candidate/runs/multi_relation/bc_ppo_seed3/actor_critic_update_0060.pt,310022,22,checkpoint,100,straight,True,True,80,0.2,1.0,0.3,0,0.0,1,40,80,True,1.0,1.0,1.0,0.029629630512661403,0.42962963448630437,0.6296296387910842,39.23333356910282,0.0,0.0,0.0,45.0,42.0,45.0,1.0,5.0,5.0,5.0,0.0,1.0,0.0,45.0,0.16666666666666666,1.0,0.19444445023934046,14899.929351128472,5464.10546875,3552.010009765625,1998.749267578125,3552.010009765625,2207.62451171875,36.766830176115036
test,dropout030_relay_failure,multi_relation,none,none,none,3,60,EA-RG-MAPPO-S,results/intercept_3d_gate1_hardened_safety_5seed_formal_candidate/runs/multi_relation/bc_ppo_seed3/actor_critic_update_0060.pt,310028,28,checkpoint,100,straight,True,True,80,0.2,1.0,0.3,0,0.0,1,40,80,True,1.0,1.0,1.0,0.029629630512661403,0.4370370414521959,0.7259259316656325,41.96296265489525,0.0,0.0,0.0,45.0,42.0,45.0,1.0,5.0,5.0,5.0,0.0,1.0,0.0,45.0,0.16666666666666666,1.0,0.3055555646618207,14899.082486979167,5419.95751953125,3656.444580078125,1425.7757568359375,3656.444580078125,1425.7757568359375,37.73728284239769
test,dropout030_relay_failure,multi_relation,none,none,none,3,60,EA-RG-MAPPO-S,results/intercept_3d_gate1_hardened_safety_5seed_formal_candidate/runs/multi_relation/bc_ppo_seed3/actor_critic_update_0060.pt,310032,32,checkpoint,100,straight,True,True,80,0.2,1.0,0.3,0,0.0,1,40,80,True,1.0,1.0,1.0,0.029629630512661403,0.4370370414521959,0.692592602637079,44.8592594285806,0.0,0.0,0.0,45.0,42.0,45.0,1.0,5.0,5.0,5.0,0.0,1.0,0.0,45.0,0.16666666666666666,1.0,0.2500000074505806,14879.493001302084,5370.2802734375,3717.918701171875,1387.6207275390625,3717.918701171875,1387.6207275390625,37.43565219640732
test,dropout030_relay_failure,multi_relation,none,none,none,3,60,EA-RG-MAPPO-S,results/intercept_3d_gate1_hardened_safety_5seed_formal_candidate/runs/multi_relation/bc_ppo_seed3/actor_critic_update_0060.pt,310035,35,checkpoint,100,straight,True,True,80,0.2,1.0,0.3,0,0.0,1,40,80,True,1.0,1.0,1.0,0.029629630512661403,0.4370370414521959,0.6444444527228673,46.96666654745738,0.0,0.0,0.0,45.0,42.0,45.0,1.0,5.0,5.0,5.0,0.0,1.0,0.0,45.0,0.16666666666666666,1.0,0.22222222884496054,14875.964420572916,5311.44189453125,3607.4765625,1393.8890380859375,3607.4765625,1393.8890380859375,36.817168563604355
test,dropout030_relay_failure,multi_relation,none,none,none,3,60,EA-RG-MAPPO-S,results/intercept_3d_gate1_hardened_safety_5seed_formal_candidate/runs/multi_relation/bc_ppo_seed3/actor_critic_update_0060.pt,310039,39,checkpoint,100,straight,True,True,80,0.2,1.0,0.3,0,0.0,1,40,80,True,1.0,1.0,1.0,0.029629630512661403,0.4296296338240306,0.6740740805864334,46.85185157524215,0.0,0.0,0.0,45.0,42.0,45.0,1.0,5.0,5.0,5.0,0.0,1.0,0.0,45.0,0.16666666666666666,1.0,0.2500000074505806,14878.210503472223,5289.82861328125,3550.0205078125,1374.2574462890625,3550.0205078125,1374.2574462890625,36.94485554099083
test,dropout030_relay_failure,multi_relation,none,none,none,3,60,EA-RG-MAPPO-S,results/intercept_3d_gate1_hardened_safety_5seed_formal_candidate/runs/multi_relation/bc_ppo_seed3/actor_critic_update_0060.pt,310041,41,checkpoint,100,straight,True,True,80,0.2,1.0,0.3,0,0.0,1,40,80,True,1.0,1.0,1.0,0.029629630512661403,0.42962963448630437,0.6000000069538752,40.21481461326281,0.0,0.0,0.0,45.0,42.0,45.0,1.0,5.0,5.0,5.0,0.0,1.0,0.0,45.0,0.16666666666666666,1.0,0.22222222884496054,14901.95802951389,5403.7529296875,3459.942138671875,1281.3546142578125,3459.942138671875,1281.3546142578125,36.50252750515938
test,dropout030_relay_failure,multi_relation,none,none,none,3,60,EA-RG-MAPPO-S,results/intercept_3d_gate1_hardened_safety_5seed_formal_candidate/runs/multi_relation/bc_ppo_seed3/actor_critic_update_0060.pt,310044,44,checkpoint,100,straight,True,True,80,0.2,1.0,0.3,0,0.0,1,40,80,True,1.0,1.0,1.0,0.029629630512661403,0.42962963448630437,0.6629629701375961,46.88148153722286,0.0,0.0,0.0,45.0,42.0,45.0,1.0,5.0,5.0,5.0,0.0,1.0,0.0,45.0,0.16666666666666666,1.0,0.19444445023934046,14913.913411458334,5369.85400390625,3474.2109375,1422.442138671875,3474.2109375,1422.442138671875,36.867163985967636
test,dropout030_relay_failure,multi_relation,none,none,none,3,60,EA-RG-MAPPO-S,results/intercept_3d_gate1_hardened_safety_5seed_formal_candidate/runs/multi_relation/bc_ppo_seed3/actor_critic_update_0060.pt,310045,45,checkpoint,100,straight,True,True,80,0.2,1.0,0.3,0,0.0,1,40,80,True,1.0,1.0,1.0,0.029629630512661403,0.42962963448630437,0.6703703777657615,47.844444706704884,0.0,0.0,0.0,45.0,42.0,45.0,1.0,5.0,5.0,5.0,0.0,1.0,0.0,45.0,0.16666666666666666,0.9444444477558136,0.19444445023934046,14886.571809895833,5401.88037109375,3941.99609375,1423.088134765625,3941.99609375,1423.088134765625,36.861406445503235
test,dropout030_relay_failure,multi_relation,none,none,none,3,60,EA-RG-MAPPO-S,results/intercept_3d_gate1_hardened_safety_5seed_formal_candidate/runs/multi_relation/bc_ppo_seed3/actor_critic_update_0060.pt,310046,46,checkpoint,100,straight,True,True,80,0.2,1.0,0.3,0,0.0,1,40,80,True,1.0,1.0,1.0,0.029629630512661403,0.42962963448630437,0.6111111187272602,48.78148128754563,0.0,0.0,0.0,45.0,42.0,45.0,1.0,5.0,5.0,5.0,0.0,1.0,0.0,45.0,0.16666666666666666,1.0,0.2500000074505806,14903.869563802084,5405.14013671875,3693.830078125,1632.7122802734375,3693.830078125,1632.7122802734375,36.29173022508621
test,dropout030_relay_failure,multi_relation,none,none,none,3,60,EA-RG-MAPPO-S,results/intercept_3d_gate1_hardened_safety_5seed_formal_candidate/runs/multi_relation/bc_ppo_seed3/actor_critic_update_0060.pt,310007,7,checkpoint,100,straight,True,True,80,0.2,1.0,0.3,0,0.0,1,40,80,True,1.0,1.0,1.0,0.028985508110212242,0.4057971077120822,0.644927543790444,46.01086946576834,0.0,0.0,0.0,46.0,43.0,46.0,1.0,6.0,6.0,6.0,0.0,1.0,0.0,46.0,0.14285714285714285,0.761904776096344,0.21428572067192622,14757.41353175951,5273.75341796875,3803.09228515625,1509.943359375,3803.09228515625,1857.1478271484375,36.40384441614151
test,dropout030_relay_failure,multi_relation,none,none,none,3,60,EA-RG-MAPPO-S,results/intercept_3d_gate1_hardened_safety_5seed_formal_candidate/runs/multi_relation/bc_ppo_seed3/actor_critic_update_0060.pt,310008,8,checkpoint,100,straight,True,True,80,0.2,1.0,0.3,0,0.0,1,40,80,True,1.0,1.0,1.0,0.028985508110212242,0.4057971070642057,0.6521739227616269,39.3442030960451,0.0,0.0,0.0,46.0,43.0,46.0,1.0,6.0,6.0,6.0,0.0,1.0,0.0,46.0,0.14285714285714285,0.7619047675813947,0.21428572067192622,14752.690270465353,5339.45556640625,3440.693603515625,2224.73291015625,3440.693603515625,2878.630615234375,36.84702077507973
test,dropout030_relay_failure,multi_relation,none,none,none,3,60,EA-RG-MAPPO-S,results/intercept_3d_gate1_hardened_safety_5seed_formal_candidate/runs/multi_relation/bc_ppo_seed3/actor_critic_update_0060.pt,310009,9,checkpoint,100,straight,True,True,80,0.2,1.0,0.3,0,0.0,1,40,80,True,1.0,1.0,1.0,0.028985508110212242,0.42028986047143524,0.5797101518382197,45.123188635901265,0.0,0.0,0.0,46.0,43.0,46.0,1.0,6.0,6.0,6.0,0.0,1.0,0.0,46.0,0.14285714285714285,0.8571428656578064,0.11904762259551457,14752.340002972147,5166.0625,3779.16455078125,1353.935302734375,3779.16455078125,1386.2130126953125,36.34199374914169
test,dropout030_relay_failure,multi_relation,none,none,none,3,60,EA-RG-MAPPO-S,results/intercept_3d_gate1_hardened_safety_5seed_formal_candidate/runs/multi_relation/bc_ppo_seed3/actor_critic_update_0060.pt,310012,12,checkpoint,100,straight,True,True,80,0.2,1.0,0.3,0,0.0,1,40,80,True,1.0,1.0,1.0,0.028985508110212242,0.42028986111931177,0.6485507326281589,38.36231895762941,0.0,0.0,0.0,46.0,43.0,46.0,1.0,6.0,6.0,6.0,0.0,1.0,0.0,46.0,0.14285714285714285,0.8095238208770752,0.21428572067192622,14725.592635444973,5199.95556640625,3602.28173828125,982.401123046875,3602.28173828125,982.401123046875,37.21789509057999
test,dropout030_relay_failure,multi_relation,none,none,none,3,60,EA-RG-MAPPO-S,results/intercept_3d_gate1_hardened_safety_5seed_formal_candidate/runs/multi_relation/bc_ppo_seed3/actor_critic_update_0060.pt,310018,18,checkpoint,100,straight,True,True,80,0.2,1.0,0.3,0,0.0,1,40,80,True,1.0,1.0,1.0,0.028985508110212242,0.42028986111931177,0.6413043562484824,38.431159757725574,0.0,0.0,0.0,46.0,43.0,46.0,1.0,6.0,6.0,6.0,0.0,1.0,0.0,46.0,0.14285714285714285,0.8571428656578064,0.23809524519102915,14755.942531419836,5395.8056640625,3781.696044921875,1673.3916015625,3781.696044921875,1673.3916015625,36.96695029735565
test,dropout030_relay_failure,multi_relation,none,none,none,3,60,EA-RG-MAPPO-S,results/intercept_3d_gate1_hardened_safety_5seed_formal_candidate/runs/multi_relation/bc_ppo_seed3/actor_critic_update_0060.pt,310021,21,checkpoint,100,straight,True,True,80,0.2,1.0,0.3,0,0.0,1,40,80,True,1.0,1.0,1.0,0.028985508110212242,0.4347826132307882,0.6884058036881945,45.844202453999415,0.0,0.0,0.0,46.0,43.0,46.0,1.0,6.0,6.0,6.0,0.0,1.0,0.0,46.0,0.14285714285714285,0.9523809552192688,0.3095238187483379,14698.926089079483,5087.52197265625,3526.306396484375,1698.930908203125,3526.306396484375,1819.8271484375,37.600240021944046
test,dropout030_relay_failure,multi_relation,none,none,none,3,60,EA-RG-MAPPO-S,results/intercept_3d_gate1_hardened_safety_5seed_formal_candidate/runs/multi_relation/bc_ppo_seed3/actor_critic_update_0060.pt,310023,23,checkpoint,100,straight,True,True,80,0.2,1.0,0.3,0,0.0,1,40,80,True,1.0,1.0,1.0,0.028985508110212242,0.42028986111931177,0.6775362413862477,44.95289854802515,0.0,0.0,0.0,46.0,43.0,46.0,1.0,6.0,6.0,6.0,0.0,1.0,0.0,46.0,0.14285714285714285,0.8095238208770752,0.28571429422923494,14716.759967306385,5229.9013671875,3898.378173828125,1194.03955078125,3898.378173828125,1194.03955078125,37.03501909971237
test,dropout030_relay_failure,multi_relation,none,none,none,3,60,EA-RG-MAPPO-S,results/intercept_3d_gate1_hardened_safety_5seed_formal_candidate/runs/multi_relation/bc_ppo_seed3/actor_critic_update_0060.pt,310025,25,checkpoint,100,straight,True,True,80,0.2,1.0,0.3,0,0.0,1,40,80,True,1.0,1.0,1.0,0.028985508110212242,0.43478261387866474,0.7028985577433006,44.04347795960696,0.0,0.0,0.0,46.0,43.0,46.0,1.0,6.0,6.0,6.0,0.0,1.0,0.0,46.0,0.14285714285714285,0.9047619104385376,0.23809524519102915,14692.728154721468,5177.86767578125,3794.734130859375,1376.9451904296875,3794.734130859375,1376.9451904296875,37.781384378671646
test,dropout030_relay_failure,multi_relation,none,none,none,3,60,EA-RG-MAPPO-S,results/intercept_3d_gate1_hardened_safety_5seed_formal_candidate/runs/multi_relation/bc_ppo_seed3/actor_critic_update_0060.pt,310030,30,checkpoint,100,straight,True,True,80,0.2,1.0,0.3,0,0.0,1,40,80,True,1.0,1.0,1.0,0.028985508110212242,0.43478261387866474,0.6920289928498475,38.40942056120738,0.0,0.0,0.0,46.0,43.0,46.0,1.0,6.0,6.0,6.0,0.0,1.0,0.0,46.0,0.14285714285714285,0.9047619104385376,0.26190476971013205,14697.589620838995,5055.74462890625,3360.6806640625,1373.5255126953125,3360.6806640625,1373.5255126953125,38.0343160033226
test,dropout030_relay_failure,multi_relation,none,none,none,3,60,EA-RG-MAPPO-S,results/intercept_3d_gate1_hardened_safety_5seed_formal_candidate/runs/multi_relation/bc_ppo_seed3/actor_critic_update_0060.pt,310033,33,checkpoint,100,straight,True,True,80,0.2,1.0,0.3,0,0.0,1,40,80,True,1.0,1.0,1.0,0.028985508110212242,0.4057971077120822,0.6449275434665058,41.304347892494306,0.0,0.0,0.0,46.0,43.0,46.0,1.0,6.0,6.0,6.0,0.0,1.0,0.0,46.0,0.14285714285714285,0.761904776096344,0.28571429422923494,14750.629596212635,5251.96337890625,3654.204833984375,1014.2376098632812,3654.204833984375,1014.2376098632812,36.745803356170654
test,dropout030_relay_failure,multi_relation,none,none,none,3,60,EA-RG-MAPPO-S,results/intercept_3d_gate1_hardened_safety_5seed_formal_candidate/runs/multi_relation/bc_ppo_seed3/actor_critic_update_0060.pt,310037,37,checkpoint,100,straight,True,True,80,0.2,1.0,0.3,0,0.0,1,40,80,True,1.0,1.0,1.0,0.028985508110212242,0.4130434847396353,0.6485507329520972,39.34420270764309,0.0,0.0,0.0,46.0,43.0,46.0,1.0,6.0,6.0,6.0,0.0,1.0,0.0,46.0,0.14285714285714285,0.8095238208770752,0.21428572067192622,14734.439973250679,5308.66552734375,3882.70166015625,1492.9942626953125,3882.70166015625,1507.0538330078125,36.85155346989632
test,dropout030_relay_failure,multi_relation,none,none,none,3,60,EA-RG-MAPPO-S,results/intercept_3d_gate1_hardened_safety_5seed_formal_candidate/runs/multi_relation/bc_ppo_seed3/actor_critic_update_0060.pt,310047,47,checkpoint,100,straight,True,True,80,0.2,1.0,0.3,0,0.0,1,40,80,True,1.0,1.0,1.0,0.028985508110212242,0.42028986047143524,0.6775362381468648,45.93478269842656,0.0,0.0,0.0,46.0,43.0,46.0,1.0,6.0,6.0,6.0,0.0,1.0,0.0,46.0,0.14285714285714285,0.8571428656578064,0.19047619615282332,14756.642461362093,5249.408203125,3867.95703125,1355.77294921875,3867.95703125,1355.77294921875,37.133126974105835
test,dropout030_relay_failure,multi_relation,none,none,none,3,60,EA-RG-MAPPO-S,results/intercept_3d_gate1_hardened_safety_5seed_formal_candidate/runs/multi_relation/bc_ppo_seed3/actor_critic_update_0060.pt,310015,15,checkpoint,100,straight,True,True,80,0.2,1.0,0.3,0,0.0,1,40,80,True,1.0,1.0,1.0,0.027210885164689044,0.4013605519216888,0.5816326594474365,44.574829774547595,0.0,0.0,0.0,49.0,46.0,49.0,1.0,9.0,9.0,9.0,0.0,1.0,0.0,49.0,0.1,0.7000000178813934,0.21666667312383653,14290.022989078443,4774.1845703125,3769.766845703125,1704.46630859375,3769.766845703125,2668.959228515625,36.718247801065445
test,dropout030_relay_failure,multi_relation,none,none,none,3,60,EA-RG-MAPPO-S,results/intercept_3d_gate1_hardened_safety_5seed_formal_candidate/runs/multi_relation/bc_ppo_seed3/actor_critic_update_0060.pt,310027,27,checkpoint,100,straight,True,True,80,0.2,1.0,0.3,0,0.0,1,40,80,True,1.0,1.0,1.0,0.015873016346068608,0.22222222624317048,0.26587301930264823,42.0515873899299,0.0,0.0,0.0,126.0,44.0,126.0,1.0,86.0,86.0,86.0,0.0,1.0,0.0,126.0,0.0,0.15000000298023225,0.05625000167638063,10435.977856832837,10103.4345703125,1877.58935546875,1217.355712890625,4551.44677734375,12355.861328125,34.26784746721387
test,dropout030_relay_failure,multi_relation,none,none,none,3,60,EA-RG-MAPPO-S,results/intercept_3d_gate1_hardened_safety_5seed_formal_candidate/runs/multi_relation/bc_ppo_seed3/actor_critic_update_0060.pt,310013,13,checkpoint,100,straight,True,True,80,0.2,1.0,0.3,0,0.0,1,40,80,True,1.0,1.0,1.0,0.013333333730697632,0.2533333386977514,0.215555559694767,50.03888843288024,0.0,0.0,0.0,150.0,44.0,150.0,1.0,110.0,110.0,110.0,0.0,1.0,0.0,150.0,0.0,0.16250000335276127,0.06458333525806666,10985.67455891927,11304.3037109375,1025.35009765625,998.2405395507812,4851.9541015625,10071.0439453125,34.59159769117832
test,dropout030_relay_failure,multi_relation,none,none,none,3,60,EA-RG-MAPPO-S,results/intercept_3d_gate1_hardened_safety_5seed_formal_candidate/runs/multi_relation/bc_ppo_seed3/actor_critic_update_0060.pt,310049,49,checkpoint,100,straight,True,True,80,0.2,1.0,0.3,0,0.0,1,40,80,True,1.0,1.0,1.0,0.008714597209606295,0.21350763007706286,0.20043573348350774,44.685185372342474,0.0,0.0,0.0,153.0,150.0,153.0,1.0,113.0,113.0,113.0,0.0,1.0,0.0,153.0,0.0,0.09583333544433117,0.06666666865348816,10776.907671760111,8675.69921875,2698.520751953125,1303.3167724609375,4333.111328125,8960.0478515625,34.85930494591594
test,dropout030_relay_failure,multi_relation,none,none,none,3,60,EA-RG-MAPPO-S,results/intercept_3d_gate1_hardened_safety_5seed_formal_candidate/runs/multi_relation/bc_ppo_seed3/actor_critic_update_0060.pt,310043,43,checkpoint,100,straight,True,True,80,0.2,1.0,0.3,0,0.0,1,40,80,True,1.0,1.0,1.0,0.05341880501080782,0.2029914569396239,0.2339743618399669,49.8803415482816,0.0,0.0,0.0,156.0,44.0,156.0,1.0,116.0,116.0,116.0,0.0,1.0,0.0,156.0,0.0,0.12500000223517418,0.05416666828095913,10236.109310834836,7613.09130859375,1508.0269775390625,1131.681884765625,1508.0269775390625,5669.9248046875,50.54846646590158
test,dropout030_relay_failure,multi_relation,none,none,none,3,60,EA-RG-MAPPO-S,results/intercept_3d_gate1_hardened_safety_5seed_formal_candidate/runs/multi_relation/bc_ppo_seed3/actor_critic_update_0060.pt,310031,31,checkpoint,100,straight,True,True,80,0.2,1.0,0.3,0,0.0,1,40,80,True,1.0,1.0,1.0,0.007843137488645666,0.30588236153125764,0.21568627874640858,54.67450980447671,0.0,0.0,0.0,170.0,167.0,170.0,1.0,130.0,130.0,130.0,0.0,1.0,0.0,170.0,0.0,0.10416666977107525,0.08750000260770321,11888.069746668198,11406.5625,1336.2764892578125,446.977294921875,1336.2764892578125,5295.7978515625,41.750051259528846
test,dropout030_relay_failure,multi_relation,none,none,none,3,60,EA-RG-MAPPO-S,results/intercept_3d_gate1_hardened_safety_5seed_formal_candidate/runs/multi_relation/bc_ppo_seed3/actor_critic_update_0060.pt,310005,5,checkpoint,100,straight,True,True,80,0.2,1.0,0.3,0,0.0,1,40,80,True,1.0,1.0,1.0,0.009208103405177923,0.2283609636251439,0.2265193410505906,45.95303850666265,0.0,0.0,0.0,181.0,177.0,181.0,1.0,141.0,141.0,141.0,0.0,1.0,0.0,181.0,0.0,0.09166666939854622,0.07291666883975267,11002.864068974448,10026.4521484375,1636.692138671875,916.03271484375,4666.27978515625,1771.336181640625,40.05844945611898
test,dropout030_relay_failure,multi_relation,none,none,none,3,60,EA-RG-MAPPO-S,results/intercept_3d_gate1_hardened_safety_5seed_formal_candidate/runs/multi_relation/bc_ppo_seed3/actor_critic_update_0060.pt,310034,34,checkpoint,100,straight,True,True,80,0.2,1.0,0.3,0,0.0,1,40,80,True,1.0,1.0,1.0,0.012750455753399375,0.27868853126718696,0.23041894738791419,55.82604726644161,0.0,0.0,0.0,183.0,42.0,183.0,1.0,143.0,143.0,143.0,0.0,1.0,0.0,183.0,0.0,0.12500000223517418,0.06875000204890966,11797.749246232497,13388.7451171875,1190.8583984375,734.0767822265625,4824.03515625,1431.8892822265625,40.47749064746313
test,dropout030_relay_failure,multi_relation,none,none,none,3,60,EA-RG-MAPPO-S,results/intercept_3d_gate1_hardened_safety_5seed_formal_candidate/runs/multi_relation/bc_ppo_seed3/actor_critic_update_0060.pt,310048,48,checkpoint,100,straight,True,True,80,0.2,1.0,0.3,0,0.0,1,40,80,True,1.0,1.0,1.0,0.0072859747162282145,0.3023679494206371,0.2258652135974071,45.882513558034034,0.0,0.0,0.0,183.0,180.0,183.0,1.0,143.0,143.0,143.0,0.0,1.0,0.0,183.0,0.0,0.10000000223517418,0.07291666883975267,10734.424157648138,8519.107421875,1324.625,991.545166015625,3569.660400390625,1514.9061279296875,45.4434153791517
test,dropout030_relay_failure,multi_relation,none,none,none,3,60,EA-RG-MAPPO-S,results/intercept_3d_gate1_hardened_safety_5seed_formal_candidate/runs/multi_relation/bc_ppo_seed3/actor_critic_update_0060.pt,310001,1,checkpoint,100,straight,True,True,80,0.2,1.0,0.3,0,0.0,1,40,80,True,1.0,1.0,1.0,0.010869565541329592,0.23369565768086392,0.21105072752613088,57.99637727860523,0.0,0.0,0.0,184.0,42.0,184.0,1.0,144.0,144.0,144.0,0.0,1.0,0.0,184.0,0.0,0.1291666693985462,0.06250000186264515,12782.094838018003,18628.74609375,1195.9818115234375,1287.048095703125,3001.109130859375,5131.9169921875,29.092814065981656
test,dropout030_relay_failure,multi_relation,none,none,none,3,60,EA-RG-MAPPO-S,results/intercept_3d_gate1_hardened_safety_5seed_formal_candidate/runs/multi_relation/bc_ppo_seed3/actor_critic_update_0060.pt,310024,24,checkpoint,100,straight,True,True,80,0.2,1.0,0.3,0,0.0,1,40,80,True,1.0,1.0,1.0,0.006980803000365252,0.28970332357895934,0.22600349425021266,58.838568427409804,0.0,0.0,0.0,191.0,188.0,191.0,1.0,151.0,151.0,151.0,0.0,1.0,0.0,191.0,0.0,0.10000000260770321,0.08125000242143869,11993.934548582705,12033.6015625,878.661376953125,710.6336669921875,4043.410888671875,3953.2431640625,40.96692423056811
test,dropout030_relay_failure,multi_relation,none,none,none,3,60,EA-RG-MAPPO-S,results/intercept_3d_gate1_hardened_safety_5seed_formal_candidate/runs/multi_relation/bc_ppo_seed3/actor_critic_update_0060.pt,310000,0,checkpoint,100,straight,True,True,80,0.2,1.0,0.3,0,0.0,1,40,80,True,1.0,1.0,1.0,0.009708738153420606,0.26860842123193646,0.21763754476910657,62.06391594609589,0.0,0.0,0.0,206.0,43.0,206.0,1.0,166.0,166.0,166.0,0.0,1.0,0.0,206.0,0.0,0.07500000186264515,0.08125000242143869,12366.525428549758,13971.9501953125,1141.272216796875,1537.869140625,4988.5517578125,5798.96435546875,39.12665509665385
test,dropout030_relay_failure,multi_relation,none,none,none,3,60,EA-RG-MAPPO-S,results/intercept_3d_gate1_hardened_safety_5seed_formal_candidate/runs/multi_relation/bc_ppo_seed3/actor_critic_update_0060.pt,310014,14,checkpoint,100,straight,True,True,80,0.2,1.0,0.3,0,0.0,1,40,80,True,1.0,1.0,1.0,0.007541478354466986,0.2790346980364614,0.21116139190229355,67.29939614047562,0.0,0.0,0.0,221.0,42.0,221.0,1.0,181.0,181.0,181.0,0.0,1.0,0.0,221.0,0.0,0.1541666705161333,0.08125000242143869,10412.210882264564,11051.8056640625,1346.7718505859375,218.26255798339844,5057.65576171875,8713.05078125,41.823749723727815
test,dropout030_relay_failure,multi_relation,none,none,none,3,60,EA-RG-MAPPO-S,results/intercept_3d_gate1_hardened_safety_5seed_formal_candidate/runs/multi_relation/bc_ppo_seed3/actor_critic_update_0060.pt,310017,17,checkpoint,100,straight,True,True,80,0.2,1.0,0.3,0,0.0,1,40,80,True,1.0,1.0,1.0,0.005979073421837503,0.24962631469350224,0.22272048255787838,66.43124020761171,0.0,0.0,0.0,223.0,220.0,223.0,1.0,183.0,183.0,183.0,0.0,1.0,0.0,223.0,0.0,0.15833333805203437,0.07916666902601718,15499.856386193245,27172.6484375,1224.73046875,966.3108520507812,4945.689453125,8616.2490234375,26.39301366987638
test,dropout030_relay_failure,multi_relation,none,none,none,3,60,EA-RG-MAPPO-S,results/intercept_3d_gate1_hardened_safety_5seed_formal_candidate/runs/multi_relation/bc_ppo_seed3/actor_critic_update_0060.pt,310002,2,checkpoint,100,straight,True,True,80,0.2,1.0,0.3,0,0.0,1,40,80,True,1.0,1.0,1.0,0.00550964203747836,0.21349862821338592,0.23415978499187912,49.469008394570885,0.0,0.0,0.0,242.0,239.0,242.0,1.0,202.0,202.0,202.0,0.0,1.0,0.0,242.0,0.0,0.11250000298023224,0.07291666883975267,13120.626398259943,16796.91015625,830.4964599609375,1467.1416015625,4394.7802734375,4250.13818359375,34.07765379571356
test,dropout030_relay_failure,multi_relation,none,none,none,3,60,EA-RG-MAPPO-S,results/intercept_3d_gate1_hardened_safety_5seed_formal_candidate/runs/multi_relation/bc_ppo_seed3/actor_critic_update_0060.pt,310010,10,checkpoint,100,straight,True,True,80,0.2,1.0,0.3,0,0.0,1,40,80,True,0.0,0.0,1.0,0.003846153960778163,0.11666667014360428,0.16794872094805424,78.16538493914099,0.0,1.0,0.0,260.0,140.0,-1.0,0.0,220.0,220.0,-1.0,0.0,0.0,1.0,-1.0,0.0,0.12083333693444728,0.06458333525806666,12029.094020432693,14584.4111328125,2202.53466796875,658.2796020507812,4770.38134765625,18242.556640625,12.328790586441755
test,dropout030_relay_failure,multi_relation,none,none,none,3,60,EA-RG-MAPPO-S,results/intercept_3d_gate1_hardened_safety_5seed_formal_candidate/runs/multi_relation/bc_ppo_seed3/actor_critic_update_0060.pt,310036,36,checkpoint,100,straight,True,True,80,0.2,1.0,0.3,0,0.0,1,40,80,True,0.0,0.0,1.0,0.0012820513202593878,0.1692307732426203,0.18076923357752653,71.90769226745917,0.0,1.0,0.0,260.0,43.0,-1.0,0.0,220.0,220.0,-1.0,0.0,0.0,1.0,-1.0,0.0,0.14583333656191827,0.07083333544433117,10639.086542217548,11874.9873046875,212.09152221679688,717.8824462890625,8826.9072265625,5143.9931640625,18.404796362970956
test,dropout030_relay_failure,multi_relation,none,none,none,3,60,EA-RG-MAPPO-S,results/intercept_3d_gate1_hardened_safety_5seed_formal_candidate/runs/multi_relation/bc_ppo_seed3/actor_critic_update_0060.pt,310042,42,checkpoint,100,straight,True,True,80,0.2,1.0,0.3,0,0.0,1,40,80,True,0.0,0.0,0.0,0.0,0.1615384654356883,0.16089743903050055,79.4243579925826,0.0,1.0,0.0,260.0,-1.0,-1.0,0.0,220.0,220.0,-1.0,0.0,0.0,1.0,-1.0,0.0,0.08750000186264514,0.05625000167638063,14694.073520132211,19440.857421875,1448.734375,1566.810302734375,5620.7587890625,17169.509765625,9.943034992087632
test,dropout030_relay_failure,multi_relation,none,none,none,3,60,EA-RG-MAPPO-S,results/intercept_3d_gate1_hardened_safety_5seed_formal_candidate/runs/multi_relation/bc_ppo_seed3/actor_critic_update_0060.pt,310053,53,checkpoint,100,straight,True,True,80,0.2,1.0,0.3,0,0.0,1,40,80,True,1.0,1.0,1.0,0.03030303120613098,0.4242424287579276,0.7121212187815796,51.678030243990094,0.0,0.0,0.0,44.0,41.0,44.0,1.0,4.0,4.0,4.0,0.0,1.0,0.0,44.0,0.2,1.0,0.3000000089406967,15114.449462890625,5687.48486328125,3794.615478515625,1529.886962890625,3794.615478515625,1529.886962890625,36.46965968608856
test,dropout030_relay_failure,multi_relation,none,none,none,3,60,EA-RG-MAPPO-S,results/intercept_3d_gate1_hardened_safety_5seed_formal_candidate/runs/multi_relation/bc_ppo_seed3/actor_critic_update_0060.pt,310058,58,checkpoint,100,straight,True,True,80,0.2,1.0,0.3,0,0.0,1,40,80,True,1.0,1.0,1.0,0.03030303120613098,0.4166666716337204,0.6666666733270342,48.837120718238026,0.0,0.0,0.0,44.0,41.0,44.0,1.0,4.0,4.0,4.0,0.0,1.0,0.0,44.0,0.2,1.0,0.1666666716337204,15139.794178355824,5802.73876953125,3762.349853515625,1572.9422607421875,3762.349853515625,1572.9422607421875,35.96857722103596
test,dropout030_relay_failure,multi_relation,none,none,none,3,60,EA-RG-MAPPO-S,results/intercept_3d_gate1_hardened_safety_5seed_formal_candidate/runs/multi_relation/bc_ppo_seed3/actor_critic_update_0060.pt,310059,59,checkpoint,100,straight,True,True,80,0.2,1.0,0.3,0,0.0,1,40,80,True,1.0,1.0,1.0,0.03030303120613098,0.40909091383218765,0.6893939457156442,42.92045451531356,0.0,0.0,0.0,44.0,41.0,44.0,1.0,4.0,4.0,4.0,0.0,1.0,0.0,44.0,0.2,1.0,0.26666667461395266,15183.112848455256,5919.99755859375,3845.010986328125,1696.3427734375,3845.010986328125,1696.3427734375,36.090571492910385
test,dropout030_relay_failure,multi_relation,none,none,none,3,60,EA-RG-MAPPO-S,results/intercept_3d_gate1_hardened_safety_5seed_formal_candidate/runs/multi_relation/bc_ppo_seed3/actor_critic_update_0060.pt,310066,66,checkpoint,100,straight,True,True,80,0.2,1.0,0.3,0,0.0,1,40,80,True,1.0,1.0,1.0,0.03030303120613098,0.4166666716337204,0.6628787944262678,40.96969697624445,0.0,0.0,0.0,44.0,41.0,44.0,1.0,4.0,4.0,4.0,0.0,1.0,0.0,44.0,0.2,1.0,0.1666666716337204,15158.90517356179,5832.82080078125,3749.452392578125,1511.84228515625,3749.452392578125,1511.84228515625,36.23770985007286
test,dropout030_relay_failure,multi_relation,none,none,none,3,60,EA-RG-MAPPO-S,results/intercept_3d_gate1_hardened_safety_5seed_formal_candidate/runs/multi_relation/bc_ppo_seed3/actor_critic_update_0060.pt,310079,79,checkpoint,100,straight,True,True,80,0.2,1.0,0.3,0,0.0,1,40,80,True,1.0,1.0,1.0,0.03030303120613098,0.4166666716337204,0.6628787957809188,48.83712100847201,0.0,0.0,0.0,44.0,41.0,44.0,1.0,4.0,4.0,4.0,0.0,1.0,0.0,44.0,0.2,1.0,0.20000000596046447,15167.865112304688,5866.07958984375,3754.322265625,1646.1251220703125,3754.322265625,1646.1251220703125,35.81132882833481
test,dropout030_relay_failure,multi_relation,none,none,none,3,60,EA-RG-MAPPO-S,results/intercept_3d_gate1_hardened_safety_5seed_formal_candidate/runs/multi_relation/bc_ppo_seed3/actor_critic_update_0060.pt,310088,88,checkpoint,100,straight,True,True,80,0.2,1.0,0.3,0,0.0,1,40,80,True,1.0,1.0,1.0,0.03030303120613098,0.39393939958377316,0.6742424307899042,44.82575763287869,0.0,0.0,0.0,44.0,41.0,44.0,1.0,4.0,4.0,4.0,0.0,1.0,0.0,44.0,0.2,0.9333333373069763,0.26666667461395266,15341.55878240412,6255.70166015625,3998.6650390625,1697.997314453125,3998.6650390625,1697.997314453125,35.452827483415604
test,dropout030_relay_failure,multi_relation,none,none,none,3,60,EA-RG-MAPPO-S,results/intercept_3d_gate1_hardened_safety_5seed_formal_candidate/runs/multi_relation/bc_ppo_seed3/actor_critic_update_0060.pt,310092,92,checkpoint,100,straight,True,True,80,0.2,1.0,0.3,0,0.0,1,40,80,True,1.0,1.0,1.0,0.03030303120613098,0.40909091383218765,0.6477272818711671,48.77651517872106,0.0,0.0,0.0,44.0,41.0,44.0,1.0,4.0,4.0,4.0,0.0,1.0,0.0,44.0,0.2,1.0,0.20000000596046447,15247.77919699929,6055.55224609375,3684.8544921875,1680.107177734375,3684.8544921875,1680.107177734375,35.35062217712402
test,dropout030_relay_failure,multi_relation,none,none,none,3,60,EA-RG-MAPPO-S,results/intercept_3d_gate1_hardened_safety_5seed_formal_candidate/runs/multi_relation/bc_ppo_seed3/actor_critic_update_0060.pt,310054,54,checkpoint,100,straight,True,True,80,0.2,1.0,0.3,0,0.0,1,40,80,True,1.0,1.0,1.0,0.029629630512661403,0.42962963448630437,0.6185185273488363,51.72592592371835,0.0,0.0,0.0,45.0,42.0,45.0,1.0,5.0,5.0,5.0,0.0,1.0,0.0,45.0,0.16666666666666666,1.0,0.2777777860562007,14950.367339409722,5498.708984375,3649.212890625,1764.7000732421875,3649.212890625,1820.8638916015625,36.138044357299805
test,dropout030_relay_failure,multi_relation,none,none,none,3,60,EA-RG-MAPPO-S,results/intercept_3d_gate1_hardened_safety_5seed_formal_candidate/runs/multi_relation/bc_ppo_seed3/actor_critic_update_0060.pt,310055,55,checkpoint,100,straight,True,True,80,0.2,1.0,0.3,0,0.0,1,40,80,True,1.0,1.0,1.0,0.029629630512661403,0.407407412926356,0.603703710436821,43.16296292046706,0.0,0.0,0.0,45.0,42.0,45.0,1.0,5.0,5.0,5.0,0.0,1.0,0.0,45.0,0.16666666666666666,0.833333338300387,0.19444445023934046,14938.037858072918,5659.97021484375,3839.444580078125,2150.046142578125,3839.444580078125,2533.06884765625,35.8455069065094
test,dropout030_relay_failure,multi_relation,none,none,none,3,60,EA-RG-MAPPO-S,results/intercept_3d_gate1_hardened_safety_5seed_formal_candidate/runs/multi_relation/bc_ppo_seed3/actor_critic_update_0060.pt,310056,56,checkpoint,100,straight,True,True,80,0.2,1.0,0.3,0,0.0,1,40,80,True,1.0,1.0,1.0,0.029629630512661403,0.42962963448630437,0.6814814892080095,44.87777806222439,0.0,0.0,0.0,45.0,42.0,45.0,1.0,5.0,5.0,5.0,0.0,1.0,0.0,45.0,0.16666666666666666,1.0,0.19444445023934046,14923.968923611112,5484.39404296875,3566.878662109375,2093.340576171875,3566.878662109375,2302.565673828125,37.04324933886528
test,dropout030_relay_failure,multi_relation,none,none,none,3,60,EA-RG-MAPPO-S,results/intercept_3d_gate1_hardened_safety_5seed_formal_candidate/runs/multi_relation/bc_ppo_seed3/actor_critic_update_0060.pt,310060,60,checkpoint,100,straight,True,True,80,0.2,1.0,0.3,0,0.0,1,40,80,True,1.0,1.0,1.0,0.029629630512661403,0.42962963448630437,0.6925925989945729,46.78888866802057,0.0,0.0,0.0,45.0,42.0,45.0,1.0,5.0,5.0,5.0,0.0,1.0,0.0,45.0,0.16666666666666666,1.0,0.2500000074505806,14936.337619357639,5504.45166015625,3789.2919921875,1784.4039306640625,3789.2919921875,1864.2664794921875,36.963769763708115
test,dropout030_relay_failure,multi_relation,none,none,none,3,60,EA-RG-MAPPO-S,results/intercept_3d_gate1_hardened_safety_5seed_formal_candidate/runs/multi_relation/bc_ppo_seed3/actor_critic_update_0060.pt,310062,62,checkpoint,100,straight,True,True,80,0.2,1.0,0.3,0,0.0,1,40,80,True,1.0,1.0,1.0,0.029629630512661403,0.42962963448630437,0.6370370450947019,45.94444449775749,0.0,0.0,0.0,45.0,42.0,45.0,1.0,5.0,5.0,5.0,0.0,1.0,0.0,45.0,0.16666666666666666,1.0,0.19444445023934046,14894.602398003472,5326.58203125,3394.618408203125,1424.7567138671875,3394.618408203125,1424.7567138671875,36.66732716560364
test,dropout030_relay_failure,multi_relation,none,none,none,3,60,EA-RG-MAPPO-S,results/intercept_3d_gate1_hardened_safety_5seed_formal_candidate/runs/multi_relation/bc_ppo_seed3/actor_critic_update_0060.pt,310065,65,checkpoint,100,straight,True,True,80,0.2,1.0,0.3,0,0.0,1,40,80,True,1.0,1.0,1.0,0.029629630512661403,0.4148148198922475,0.6740740825732549,43.007407119539046,0.0,0.0,0.0,45.0,42.0,45.0,1.0,5.0,5.0,5.0,0.0,1.0,0.0,45.0,0.16666666666666666,0.833333338300387,0.3055555646618207,14932.87587890625,5641.39599609375,3732.5341796875,2426.788330078125,3732.5341796875,2426.788330078125,36.62824270129204
test,dropout030_relay_failure,multi_relation,none,none,none,3,60,EA-RG-MAPPO-S,results/intercept_3d_gate1_hardened_safety_5seed_formal_candidate/runs/multi_relation/bc_ppo_seed3/actor_critic_update_0060.pt,310075,75,checkpoint,100,straight,True,True,80,0.2,1.0,0.3,0,0.0,1,40,80,True,1.0,1.0,1.0,0.029629630512661403,0.42962963448630437,0.66296297079987,46.86666675739818,0.0,0.0,0.0,45.0,42.0,45.0,1.0,5.0,5.0,5.0,0.0,1.0,0.0,45.0,0.16666666666666666,1.0,0.2500000074505806,14928.124446614584,5493.47216796875,3863.277099609375,1538.2247314453125,3863.277099609375,1554.5693359375,36.767864137887955
test,dropout030_relay_failure,multi_relation,none,none,none,3,60,EA-RG-MAPPO-S,results/intercept_3d_gate1_hardened_safety_5seed_formal_candidate/runs/multi_relation/bc_ppo_seed3/actor_critic_update_0060.pt,310084,84,checkpoint,100,straight,True,True,80,0.2,1.0,0.3,0,0.0,1,40,80,True,1.0,1.0,1.0,0.029629630512661403,0.42962963448630437,0.6074074152443144,42.18518526686562,0.0,0.0,0.0,45.0,42.0,45.0,1.0,5.0,5.0,5.0,0.0,1.0,0.0,45.0,0.16666666666666666,1.0,0.1666666716337204,14919.04404296875,5481.78466796875,3644.635498046875,1711.05322265625,3644.635498046875,1842.0689697265625,36.51430860161781
test,dropout030_relay_failure,multi_relation,none,none,none,3,60,EA-RG-MAPPO-S,results/intercept_3d_gate1_hardened_safety_5seed_formal_candidate/runs/multi_relation/bc_ppo_seed3/actor_critic_update_0060.pt,310091,91,checkpoint,100,straight,True,True,80,0.2,1.0,0.3,0,0.0,1,40,80,True,1.0,1.0,1.0,0.029629630512661403,0.42962963448630437,0.6333333412806194,47.07037053472466,0.0,0.0,0.0,45.0,42.0,45.0,1.0,5.0,5.0,5.0,0.0,1.0,0.0,45.0,0.16666666666666666,1.0,0.1666666716337204,14938.124739583332,5479.85302734375,3813.77197265625,1415.2574462890625,3813.77197265625,1415.2574462890625,36.54062831401825
test,dropout030_relay_failure,multi_relation,none,none,none,3,60,EA-RG-MAPPO-S,results/intercept_3d_gate1_hardened_safety_5seed_formal_candidate/runs/multi_relation/bc_ppo_seed3/actor_critic_update_0060.pt,310093,93,checkpoint,100,straight,True,True,80,0.2,1.0,0.3,0,0.0,1,40,80,True,1.0,1.0,1.0,0.029629630512661403,0.42962963448630437,0.6444444523917304,41.23333350486226,0.0,0.0,0.0,45.0,42.0,45.0,1.0,5.0,5.0,5.0,0.0,1.0,0.0,45.0,0.16666666666666666,1.0,0.22222222884496054,14925.876410590277,5476.09326171875,3684.827880859375,1686.35546875,3684.827880859375,1806.3033447265625,36.900818914175034
test,dropout030_relay_failure,multi_relation,none,none,none,3,60,EA-RG-MAPPO-S,results/intercept_3d_gate1_hardened_safety_5seed_formal_candidate/runs/multi_relation/bc_ppo_seed3/actor_critic_update_0060.pt,310099,99,checkpoint,100,straight,True,True,80,0.2,1.0,0.3,0,0.0,1,40,80,True,1.0,1.0,1.0,0.029629630512661403,0.4222222275204129,0.7037037124236425,42.94444450570477,0.0,0.0,0.0,45.0,42.0,45.0,1.0,5.0,5.0,5.0,0.0,1.0,0.0,45.0,0.16666666666666666,0.8888888955116272,0.2777777860562007,14925.363802083333,5480.9375,3764.399169921875,1197.50390625,3764.399169921875,1197.50390625,37.15265566110611
test,dropout030_relay_failure,multi_relation,none,none,none,3,60,EA-RG-MAPPO-S,results/intercept_3d_gate1_hardened_safety_5seed_formal_candidate/runs/multi_relation/bc_ppo_seed3/actor_critic_update_0060.pt,310063,63,checkpoint,100,straight,True,True,80,0.2,1.0,0.3,0,0.0,1,40,80,True,1.0,1.0,1.0,0.028985508110212242,0.42028986047143524,0.6449275454101355,43.14492765457734,0.0,0.0,0.0,46.0,43.0,46.0,1.0,6.0,6.0,6.0,0.0,1.0,0.0,46.0,0.14285714285714285,0.8571428656578064,0.26190476971013205,14687.107963230299,5068.85009765625,3531.922607421875,1080.80029296875,3531.922607421875,1080.80029296875,36.931921899318695
test,dropout030_relay_failure,multi_relation,none,none,none,3,60,EA-RG-MAPPO-S,results/intercept_3d_gate1_hardened_safety_5seed_formal_candidate/runs/multi_relation/bc_ppo_seed3/actor_critic_update_0060.pt,310067,67,checkpoint,100,straight,True,True,80,0.2,1.0,0.3,0,0.0,1,40,80,True,1.0,1.0,1.0,0.028985508110212242,0.41304348409175873,0.6775362400904946,40.22101455052262,0.0,0.0,0.0,46.0,43.0,46.0,1.0,6.0,6.0,6.0,0.0,1.0,0.0,46.0,0.14285714285714285,0.8095238166196006,0.21428572067192622,14758.278415845789,5452.33642578125,3942.881103515625,1351.386962890625,3942.881103515625,1359.974365234375,37.040873408317566
test,dropout030_relay_failure,multi_relation,none,none,none,3,60,EA-RG-MAPPO-S,results/intercept_3d_gate1_hardened_safety_5seed_formal_candidate/runs/multi_relation/bc_ppo_seed3/actor_critic_update_0060.pt,310068,68,checkpoint,100,straight,True,True,80,0.2,1.0,0.3,0,0.0,1,40,80,True,1.0,1.0,1.0,0.028985508110212242,0.43478261387866474,0.6920289934977241,42.16304380738217,0.0,0.0,0.0,46.0,43.0,46.0,1.0,6.0,6.0,6.0,0.0,1.0,0.0,46.0,0.14285714285714285,0.9047619104385376,0.26190476971013205,14706.719015370245,5067.3564453125,3482.7099609375,1161.1231689453125,3482.7099609375,1161.1231689453125,37.84369367361069
test,dropout030_relay_failure,multi_relation,none,none,none,3,60,EA-RG-MAPPO-S,results/intercept_3d_gate1_hardened_safety_5seed_formal_candidate/runs/multi_relation/bc_ppo_seed3/actor_critic_update_0060.pt,310071,71,checkpoint,100,straight,True,True,80,0.2,1.0,0.3,0,0.0,1,40,80,True,1.0,1.0,1.0,0.028985508110212242,0.4347826132307882,0.6231884136795998,44.12681154194085,0.0,0.0,0.0,46.0,43.0,46.0,1.0,6.0,6.0,6.0,0.0,1.0,0.0,46.0,0.14285714285714285,0.9523809552192688,0.21428572067192622,14677.533574643343,5110.22509765625,3673.896240234375,1489.744140625,3673.896240234375,1489.744140625,37.143996834754944
test,dropout030_relay_failure,multi_relation,none,none,none,3,60,EA-RG-MAPPO-S,results/intercept_3d_gate1_hardened_safety_5seed_formal_candidate/runs/multi_relation/bc_ppo_seed3/actor_critic_update_0060.pt,310073,73,checkpoint,100,straight,True,True,80,0.2,1.0,0.3,0,0.0,1,40,80,True,1.0,1.0,1.0,0.028985508110212242,0.42028985982355865,0.6702898620911266,42.28260846695174,0.0,0.0,0.0,46.0,43.0,46.0,1.0,6.0,6.0,6.0,0.0,1.0,0.0,46.0,0.14285714285714285,0.8571428614003318,0.23809524519102915,14729.434517238451,5268.02783203125,3952.59375,1376.2462158203125,3952.59375,1376.2462158203125,37.14648085832596
test,dropout030_relay_failure,multi_relation,none,none,none,3,60,EA-RG-MAPPO-S,results/intercept_3d_gate1_hardened_safety_5seed_formal_candidate/runs/multi_relation/bc_ppo_seed3/actor_critic_update_0060.pt,310074,74,checkpoint,100,straight,True,True,80,0.2,1.0,0.3,0,0.0,1,40,80,True,1.0,1.0,1.0,0.028985508110212242,0.41304348409175873,0.6630434870072033,44.938405744083546,0.0,0.0,0.0,46.0,43.0,46.0,1.0,6.0,6.0,6.0,0.0,1.0,0.0,46.0,0.14285714285714285,0.8095238208770752,0.26190476971013205,14756.662257982336,5169.61474609375,3750.371826171875,1496.080322265625,3750.371826171875,1568.337890625,36.870117634534836
test,dropout030_relay_failure,multi_relation,none,none,none,3,60,EA-RG-MAPPO-S,results/intercept_3d_gate1_hardened_safety_5seed_formal_candidate/runs/multi_relation/bc_ppo_seed3/actor_critic_update_0060.pt,310080,80,checkpoint,100,straight,True,True,80,0.2,1.0,0.3,0,0.0,1,40,80,True,1.0,1.0,1.0,0.028985508110212242,0.43478261387866474,0.637681166762891,43.13043456233066,0.0,0.0,0.0,46.0,43.0,46.0,1.0,6.0,6.0,6.0,0.0,1.0,0.0,46.0,0.14285714285714285,0.9047619104385376,0.21428572067192622,14703.073486328125,5099.16455078125,3400.8408203125,1601.72607421875,3400.8408203125,1601.72607421875,37.308668166399
test,dropout030_relay_failure,multi_relation,none,none,none,3,60,EA-RG-MAPPO-S,results/intercept_3d_gate1_hardened_safety_5seed_formal_candidate/runs/multi_relation/bc_ppo_seed3/actor_critic_update_0060.pt,310087,87,checkpoint,100,straight,True,True,80,0.2,1.0,0.3,0,0.0,1,40,80,True,1.0,1.0,1.0,0.028985508110212242,0.41304348409175873,0.6884058040121327,43.9963769339349,0.0,0.0,0.0,46.0,43.0,46.0,1.0,6.0,6.0,6.0,0.0,1.0,0.0,46.0,0.14285714285714285,0.8095238208770752,0.14285714711461747,14738.65571925951,5286.83154296875,3786.869140625,1692.1612548828125,3786.869140625,1692.1612548828125,37.03995856642723
test,dropout030_relay_failure,multi_relation,none,none,none,3,60,EA-RG-MAPPO-S,results/intercept_3d_gate1_hardened_safety_5seed_formal_candidate/runs/multi_relation/bc_ppo_seed3/actor_critic_update_0060.pt,310089,89,checkpoint,100,straight,True,True,80,0.2,1.0,0.3,0,0.0,1,40,80,True,1.0,1.0,1.0,0.028985508110212242,0.4130434847396353,0.630434792002906,41.351449688167676,0.0,0.0,0.0,46.0,43.0,46.0,1.0,6.0,6.0,6.0,0.0,1.0,0.0,46.0,0.14285714285714285,0.8095238208770752,0.23809524519102915,14726.600872537365,5219.37451171875,3798.737060546875,1765.0924072265625,3798.737060546875,1766.949951171875,36.66898015141487
test,dropout030_relay_failure,multi_relation,none,none,none,3,60,EA-RG-MAPPO-S,results/intercept_3d_gate1_hardened_safety_5seed_formal_candidate/runs/multi_relation/bc_ppo_seed3/actor_critic_update_0060.pt,310090,90,checkpoint,100,straight,True,True,80,0.2,1.0,0.3,0,0.0,1,40,80,True,1.0,1.0,1.0,0.028985508110212242,0.43478261387866474,0.6594202988173651,42.188405749266565,0.0,0.0,0.0,46.0,43.0,46.0,1.0,6.0,6.0,6.0,0.0,1.0,0.0,46.0,0.14285714285714285,0.9523809552192688,0.21428572067192622,14721.262896993885,5105.64404296875,3440.572998046875,1923.1461181640625,3440.572998046875,2164.737060546875,37.59672859311104
test,dropout030_relay_failure,multi_relation,none,none,none,3,60,EA-RG-MAPPO-S,results/intercept_3d_gate1_hardened_safety_5seed_formal_candidate/runs/multi_relation/bc_ppo_seed3/actor_critic_update_0060.pt,310094,94,checkpoint,100,straight,True,True,80,0.2,1.0,0.3,0,0.0,1,40,80,True,1.0,1.0,1.0,0.028985508110212242,0.43478261387866474,0.648550731656344,42.177536455509454,0.0,0.0,0.0,46.0,43.0,46.0,1.0,6.0,6.0,6.0,0.0,1.0,0.0,46.0,0.14285714285714285,0.9523809552192688,0.19047619615282332,14737.485107421875,5270.84228515625,3797.3505859375,1336.3115234375,3797.3505859375,1336.3115234375,37.43399003148079
test,dropout030_relay_failure,multi_relation,none,none,none,3,60,EA-RG-MAPPO-S,results/intercept_3d_gate1_hardened_safety_5seed_formal_candidate/runs/multi_relation/bc_ppo_seed3/actor_critic_update_0060.pt,310096,96,checkpoint,100,straight,True,True,80,0.2,1.0,0.3,0,0.0,1,40,80,True,1.0,1.0,1.0,0.028985508110212242,0.4347826132307882,0.6739130506049031,46.807971016544364,0.0,0.0,0.0,46.0,43.0,46.0,1.0,6.0,6.0,6.0,0.0,1.0,0.0,46.0,0.14285714285714285,0.9523809552192688,0.21428572067192622,14689.701065726902,5064.08642578125,3551.56103515625,1655.9058837890625,3551.56103515625,1717.0587158203125,37.43274435400963
test,dropout030_relay_failure,multi_relation,none,none,none,3,60,EA-RG-MAPPO-S,results/intercept_3d_gate1_hardened_safety_5seed_formal_candidate/runs/multi_relation/bc_ppo_seed3/actor_critic_update_0060.pt,310098,98,checkpoint,100,straight,True,True,80,0.2,1.0,0.3,0,0.0,1,40,80,True,1.0,1.0,1.0,0.028985508110212242,0.42028986111931177,0.6702898614432501,41.17028991165368,0.0,0.0,0.0,46.0,43.0,46.0,1.0,6.0,6.0,6.0,0.0,1.0,0.0,46.0,0.14285714285714285,0.8095238208770752,0.19047619615282332,14723.925377887228,5160.1357421875,3724.139892578125,1616.8681640625,3724.139892578125,1767.921142578125,37.271702617406845
test,dropout030_relay_failure,multi_relation,none,none,none,3,60,EA-RG-MAPPO-S,results/intercept_3d_gate1_hardened_safety_5seed_formal_candidate/runs/multi_relation/bc_ppo_seed3/actor_critic_update_0060.pt,310050,50,checkpoint,100,straight,True,True,80,0.2,1.0,0.3,0,0.0,1,40,80,True,1.0,1.0,1.0,0.02836879517169709,0.39007092853809927,0.6170212854730323,44.19503521221749,0.0,0.0,0.0,47.0,44.0,47.0,1.0,7.0,7.0,7.0,0.0,1.0,0.0,47.0,0.125,0.6250000149011612,0.22916667349636555,14611.729845412234,5183.23193359375,3461.28125,1270.27734375,3461.28125,1270.27734375,36.32634711265564
test,dropout030_relay_failure,multi_relation,none,none,none,3,60,EA-RG-MAPPO-S,results/intercept_3d_gate1_hardened_safety_5seed_formal_candidate/runs/multi_relation/bc_ppo_seed3/actor_critic_update_0060.pt,310061,61,checkpoint,100,straight,True,True,80,0.2,1.0,0.3,0,0.0,1,40,80,True,1.0,1.0,1.0,0.02836879517169709,0.4113475242827801,0.6241134826807265,42.31560287957496,0.0,0.0,0.0,47.0,44.0,47.0,1.0,7.0,7.0,7.0,0.0,1.0,0.0,47.0,0.125,0.7500000149011612,0.2083333395421505,14566.011677194148,4973.10595703125,3573.8642578125,1471.606689453125,3573.8642578125,1907.412109375,36.89430069923401
test,dropout030_relay_failure,multi_relation,none,none,none,3,60,EA-RG-MAPPO-S,results/intercept_3d_gate1_hardened_safety_5seed_formal_candidate/runs/multi_relation/bc_ppo_seed3/actor_critic_update_0060.pt,310072,72,checkpoint,100,straight,True,True,80,0.2,1.0,0.3,0,0.0,1,40,80,True,1.0,1.0,1.0,0.02836879517169709,0.4113475242827801,0.6524822791206076,40.460992743994325,0.0,0.0,0.0,47.0,44.0,47.0,1.0,7.0,7.0,7.0,0.0,1.0,0.0,47.0,0.125,0.7500000149011612,0.2916666753590107,14533.923090508644,4887.58251953125,3454.517333984375,1522.41357421875,3454.517333984375,1817.5567626953125,37.35496482253075
test,dropout030_relay_failure,multi_relation,none,none,none,3,60,EA-RG-MAPPO-S,results/intercept_3d_gate1_hardened_safety_5seed_formal_candidate/runs/multi_relation/bc_ppo_seed3/actor_critic_update_0060.pt,310051,51,checkpoint,100,straight,True,True,80,0.2,1.0,0.3,0,0.0,1,40,80,True,1.0,1.0,1.0,0.027777778605620067,0.40277778543531895,0.6597222303971648,41.60416659185042,0.0,0.0,0.0,48.0,45.0,48.0,1.0,8.0,8.0,8.0,0.0,1.0,0.0,48.0,0.1111111111111111,0.7037037213643392,0.20370370977454716,14475.645385742188,5101.61767578125,3743.6484375,1255.137939453125,3743.6484375,1765.992431640625,37.1977636218071
test,dropout030_relay_failure,multi_relation,none,none,none,3,60,EA-RG-MAPPO-S,results/intercept_3d_gate1_hardened_safety_5seed_formal_candidate/runs/multi_relation/bc_ppo_seed3/actor_critic_update_0060.pt,310081,81,checkpoint,100,straight,True,True,80,0.2,1.0,0.3,0,0.0,1,40,80,True,1.0,1.0,1.0,0.008830022338210352,0.22516556824279937,0.2152317912373322,50.17549673137286,0.0,0.0,0.0,151.0,148.0,151.0,1.0,111.0,111.0,111.0,0.0,1.0,0.0,151.0,0.0,0.11250000298023224,0.06250000186264515,11488.806734400869,12300.5595703125,2541.578125,676.9747924804688,4155.38330078125,8410.4013671875,31.13147733360529
test,dropout030_relay_failure,multi_relation,none,none,none,3,60,EA-RG-MAPPO-S,results/intercept_3d_gate1_hardened_safety_5seed_formal_candidate/runs/multi_relation/bc_ppo_seed3/actor_critic_update_0060.pt,310095,95,checkpoint,100,straight,True,True,80,0.2,1.0,0.3,0,0.0,1,40,80,True,1.0,1.0,1.0,0.008714597209606295,0.22004357856862686,0.224400875322959,43.27559919382622,0.0,0.0,0.0,153.0,150.0,153.0,1.0,113.0,113.0,113.0,0.0,1.0,0.0,153.0,0.0,0.12083333693444728,0.06875000204890966,10885.886969273386,9129.5625,2397.99072265625,1014.81298828125,4779.6298828125,9604.2197265625,34.49706487520598
test,dropout030_relay_failure,multi_relation,none,none,none,3,60,EA-RG-MAPPO-S,results/intercept_3d_gate1_hardened_safety_5seed_formal_candidate/runs/multi_relation/bc_ppo_seed3/actor_critic_update_0060.pt,310064,64,checkpoint,100,straight,True,True,80,0.2,1.0,0.3,0,0.0,1,40,80,True,1.0,1.0,1.0,0.010822511145046778,0.318181825535638,0.22294372687866162,45.58116880136651,0.0,0.0,0.0,154.0,43.0,154.0,1.0,114.0,114.0,114.0,0.0,1.0,0.0,154.0,0.0,0.15416666977107524,0.06666666865348816,10617.76188203886,8657.970703125,2265.14501953125,877.887451171875,4749.04638671875,9311.7392578125,43.57985693728551
test,dropout030_relay_failure,multi_relation,none,none,none,3,60,EA-RG-MAPPO-S,results/intercept_3d_gate1_hardened_safety_5seed_formal_candidate/runs/multi_relation/bc_ppo_seed3/actor_critic_update_0060.pt,310082,82,checkpoint,100,straight,True,True,80,0.2,1.0,0.3,0,0.0,1,40,80,True,1.0,1.0,1.0,0.030107527778994652,0.19354839094223514,0.20645161597959458,50.27526869100909,0.0,0.0,0.0,155.0,138.0,155.0,1.0,115.0,115.0,115.0,0.0,1.0,0.0,155.0,0.0,0.08750000111758709,0.05625000167638063,10495.339535030242,7706.47265625,2477.7392578125,710.38720703125,2970.4169921875,7286.462890625,41.46329719386995
test,dropout030_relay_failure,multi_relation,none,none,none,3,60,EA-RG-MAPPO-S,results/intercept_3d_gate1_hardened_safety_5seed_formal_candidate/runs/multi_relation/bc_ppo_seed3/actor_critic_update_0060.pt,310052,52,checkpoint,100,straight,True,True,80,0.2,1.0,0.3,0,0.0,1,40,80,True,1.0,1.0,1.0,0.01495726540302619,0.2542735097499994,0.2329059861218318,45.125000017002606,0.0,0.0,0.0,156.0,43.0,156.0,1.0,116.0,116.0,116.0,0.0,1.0,0.0,156.0,0.0,0.13750000223517417,0.06875000204890966,10637.24532376803,8565.2158203125,1786.687744140625,764.5428466796875,4765.99658203125,9409.71484375,39.9711424773559
test,dropout030_relay_failure,multi_relation,none,none,none,3,60,EA-RG-MAPPO-S,results/intercept_3d_gate1_hardened_safety_5seed_formal_candidate/runs/multi_relation/bc_ppo_seed3/actor_critic_update_0060.pt,310077,77,checkpoint,100,straight,True,True,80,0.2,1.0,0.3,0,0.0,1,40,80,True,1.0,1.0,1.0,0.00854700880172925,0.2991453074874022,0.22222222588383234,49.932692324217314,0.0,0.0,0.0,156.0,153.0,156.0,1.0,116.0,116.0,116.0,0.0,1.0,0.0,156.0,0.0,0.1250000037252903,0.07083333544433117,11705.367337740385,12313.4091796875,1384.104736328125,808.9623413085938,1384.104736328125,5738.74365234375,39.08528147358447
test,dropout030_relay_failure,multi_relation,none,none,none,3,60,EA-RG-MAPPO-S,results/intercept_3d_gate1_hardened_safety_5seed_formal_candidate/runs/multi_relation/bc_ppo_seed3/actor_critic_update_0060.pt,310069,69,checkpoint,100,straight,True,True,80,0.2,1.0,0.3,0,0.0,1,40,80,True,1.0,1.0,1.0,0.008438818816897235,0.24050633514983744,0.23101266200029397,45.85337531670362,0.0,0.0,0.0,158.0,155.0,158.0,1.0,118.0,118.0,118.0,0.0,1.0,0.0,158.0,0.0,0.10833333656191826,0.08125000242143869,10756.043565194817,8685.6962890625,2543.0693359375,966.4408569335938,4750.31787109375,9423.337890625,37.09384124726057
test,dropout030_relay_failure,multi_relation,none,none,none,3,60,EA-RG-MAPPO-S,results/intercept_3d_gate1_hardened_safety_5seed_formal_candidate/runs/multi_relation/bc_ppo_seed3/actor_critic_update_0060.pt,310057,57,checkpoint,100,straight,True,True,80,0.2,1.0,0.3,0,0.0,1,40,80,True,1.0,1.0,1.0,0.012269939015979416,0.24130879881923184,0.2259713733123124,46.2607365490103,0.0,0.0,0.0,163.0,43.0,163.0,1.0,123.0,123.0,123.0,0.0,1.0,0.0,163.0,0.0,0.1375000026077032,0.07291666883975267,10772.987562308283,9107.8134765625,2363.711669921875,1241.378662109375,4724.18212890625,9088.37890625,37.38304590433836
test,dropout030_relay_failure,multi_relation,none,none,none,3,60,EA-RG-MAPPO-S,results/intercept_3d_gate1_hardened_safety_5seed_formal_candidate/runs/multi_relation/bc_ppo_seed3/actor_critic_update_0060.pt,310097,97,checkpoint,100,straight,True,True,80,0.2,1.0,0.3,0,0.0,1,40,80,True,1.0,1.0,1.0,0.011428571769169399,0.29904762642724175,0.22571428894996642,55.32000039006982,0.0,0.0,0.0,175.0,42.0,175.0,1.0,135.0,135.0,135.0,0.0,1.0,0.0,175.0,0.0,0.1208333358168602,0.06041666846722364,12153.524467075893,15893.25,418.0542297363281,1386.2314453125,2254.49658203125,4183.43115234375,38.34026304911822
test,dropout030_relay_failure,multi_relation,none,none,none,3,60,EA-RG-MAPPO-S,results/intercept_3d_gate1_hardened_safety_5seed_formal_candidate/runs/multi_relation/bc_ppo_seed3/actor_critic_update_0060.pt,310070,70,checkpoint,100,straight,True,True,80,0.2,1.0,0.3,0,0.0,1,40,80,True,1.0,1.0,1.0,0.0084033615949775,0.24649860565902806,0.20028011632316253,69.79411751107007,0.0,0.0,0.0,238.0,42.0,238.0,1.0,198.0,198.0,198.0,0.0,1.0,0.0,238.0,0.0,0.14166666977107525,0.07708333563059569,17080.231269900538,33063.8125,1163.1822509765625,1359.885498046875,4715.07568359375,14898.6162109375,21.67748382128775
test,dropout030_relay_failure,multi_relation,none,none,none,3,60,EA-RG-MAPPO-S,results/intercept_3d_gate1_hardened_safety_5seed_formal_candidate/runs/multi_relation/bc_ppo_seed3/actor_critic_update_0060.pt,310076,76,checkpoint,100,straight,True,True,80,0.2,1.0,0.3,0,0.0,1,40,80,True,0.0,0.0,1.0,0.005128205281037551,0.1487179521184701,0.16987179764188254,78.5096157433895,0.0,1.0,0.0,260.0,43.0,-1.0,0.0,220.0,220.0,-1.0,0.0,0.0,1.0,-1.0,0.0,0.11250000223517417,0.07291666883975267,11347.880321326622,14712.0927734375,2465.645751953125,793.2988891601562,4546.6748046875,18065.416015625,15.63619737047702
test,dropout030_relay_failure,multi_relation,none,none,none,3,60,EA-RG-MAPPO-S,results/intercept_3d_gate1_hardened_safety_5seed_formal_candidate/runs/multi_relation/bc_ppo_seed3/actor_critic_update_0060.pt,310078,78,checkpoint,100,straight,True,True,80,0.2,1.0,0.3,0,0.0,1,40,80,True,0.0,0.0,1.0,0.003846153960778163,0.13846154121252208,0.1269230791582511,96.21217944845557,0.0,1.0,0.0,260.0,42.0,-1.0,0.0,220.0,220.0,-1.0,0.0,0.0,1.0,-1.0,0.0,0.09583333432674408,0.07291666883975267,11307.951867675782,15991.0419921875,2229.9091796875,751.3097534179688,6590.29833984375,13122.0859375,10.363442023284733
test,dropout030_relay_failure,multi_relation,none,none,none,3,60,EA-RG-MAPPO-S,results/intercept_3d_gate1_hardened_safety_5seed_formal_candidate/runs/multi_relation/bc_ppo_seed3/actor_critic_update_0060.pt,310083,83,checkpoint,100,straight,True,True,80,0.2,1.0,0.3,0,0.0,1,40,80,True,0.0,0.0,1.0,0.0025641026405187756,0.13717948989226267,0.1397435915011626,96.20833330928133,0.0,1.0,0.0,260.0,43.0,-1.0,0.0,220.0,220.0,-1.0,0.0,0.0,1.0,-1.0,0.0,0.17500000335276128,0.07500000223517418,14129.377489295373,23810.7578125,372.3823547363281,812.4253540039062,4651.62158203125,16803.578125,4.450579021940939
test,dropout030_relay_failure,multi_relation,none,none,none,3,60,EA-RG-MAPPO-S,results/intercept_3d_gate1_hardened_safety_5seed_formal_candidate/runs/multi_relation/bc_ppo_seed3/actor_critic_update_0060.pt,310085,85,checkpoint,100,straight,True,True,80,0.2,1.0,0.3,0,0.0,1,40,80,True,0.0,0.0,0.0,0.0,0.20128205693685092,0.169230772039065,77.94166607558728,0.0,1.0,0.0,260.0,-1.0,-1.0,0.0,220.0,220.0,-1.0,0.0,0.0,1.0,-1.0,0.0,0.09166666939854622,0.07291666883975267,13898.08122652494,17314.580078125,390.58154296875,1057.831298828125,5619.92724609375,18266.533203125,19.635236904025078
test,dropout030_relay_failure,multi_relation,none,none,none,3,60,EA-RG-MAPPO-S,results/intercept_3d_gate1_hardened_safety_5seed_formal_candidate/runs/multi_relation/bc_ppo_seed3/actor_critic_update_0060.pt,310086,86,checkpoint,100,straight,True,True,80,0.2,1.0,0.3,0,0.0,1,40,80,True,0.0,0.0,0.0,0.0,0.08461538622012506,0.18333333736428847,75.24423007902044,0.0,1.0,0.0,260.0,-1.0,-1.0,0.0,220.0,220.0,-1.0,0.0,0.0,1.0,-1.0,0.0,0.07083333469927311,0.06666666865348816,9276.16423433744,11068.6806640625,572.2158813476562,409.79913330078125,7241.57861328125,9150.70703125,9.958062670193613
test,dropout030_relay_failure,multi_relation,none,none,none,4,60,EA-RG-MAPPO-S,results/intercept_3d_gate1_hardened_safety_5seed_formal_candidate/runs/multi_relation/bc_ppo_seed4/actor_critic_update_0060.pt,310001,1,checkpoint,100,straight,True,True,80,0.2,1.0,0.3,0,0.0,1,40,80,True,1.0,1.0,1.0,0.03030303120613098,0.3939394002610987,0.7045454606413841,42.86742424287579,0.0,0.0,0.0,44.0,41.0,44.0,1.0,4.0,4.0,4.0,0.0,1.0,0.0,44.0,0.2,0.7333333492279053,0.23333334028720856,15182.570601029829,6068.15771484375,3591.150390625,281.8502197265625,3591.150390625,281.8502197265625,35.60125094652176
test,dropout030_relay_failure,multi_relation,none,none,none,4,60,EA-RG-MAPPO-S,results/intercept_3d_gate1_hardened_safety_5seed_formal_candidate/runs/multi_relation/bc_ppo_seed4/actor_critic_update_0060.pt,310002,2,checkpoint,100,straight,True,True,80,0.2,1.0,0.3,0,0.0,1,40,80,True,1.0,1.0,1.0,0.03030303120613098,0.4090909145095132,0.6856060678308661,37.00757563859224,0.0,0.0,0.0,44.0,41.0,44.0,1.0,4.0,4.0,4.0,0.0,1.0,0.0,44.0,0.2,0.9333333373069763,0.20000000596046447,15311.785810990767,6296.38525390625,3701.61328125,579.191650390625,3701.61328125,579.191650390625,36.03181755542755
test,dropout030_relay_failure,multi_relation,none,none,none,4,60,EA-RG-MAPPO-S,results/intercept_3d_gate1_hardened_safety_5seed_formal_candidate/runs/multi_relation/bc_ppo_seed4/actor_critic_update_0060.pt,310004,4,checkpoint,100,straight,True,True,80,0.2,1.0,0.3,0,0.0,1,40,80,True,1.0,1.0,1.0,0.03030303120613098,0.37878788533535873,0.6666666760363362,39.018939426676795,0.0,0.0,0.0,44.0,41.0,44.0,1.0,4.0,4.0,4.0,0.0,1.0,0.0,44.0,0.2,0.6666666865348816,0.20000000596046447,15220.524658203125,6218.84716796875,3695.04052734375,369.53948974609375,3695.04052734375,369.53948974609375,34.962309807538986
test,dropout030_relay_failure,multi_relation,none,none,none,4,60,EA-RG-MAPPO-S,results/intercept_3d_gate1_hardened_safety_5seed_formal_candidate/runs/multi_relation/bc_ppo_seed4/actor_critic_update_0060.pt,310011,11,checkpoint,100,straight,True,True,80,0.2,1.0,0.3,0,0.0,1,40,80,True,1.0,1.0,1.0,0.03030303120613098,0.3863636431368915,0.6628787940876051,37.962121331556276,0.0,0.0,0.0,44.0,41.0,44.0,1.0,4.0,4.0,4.0,0.0,1.0,0.0,44.0,0.2,0.6666666865348816,0.1666666716337204,15205.246570933949,6183.28173828125,3635.03466796875,468.3077697753906,3635.03466796875,468.3077697753906,35.20297431945801
test,dropout030_relay_failure,multi_relation,none,none,none,4,60,EA-RG-MAPPO-S,results/intercept_3d_gate1_hardened_safety_5seed_formal_candidate/runs/multi_relation/bc_ppo_seed4/actor_critic_update_0060.pt,310014,14,checkpoint,100,straight,True,True,80,0.2,1.0,0.3,0,0.0,1,40,80,True,1.0,1.0,1.0,0.03030303120613098,0.38636364245956595,0.655303037979386,38.99242422154004,0.0,0.0,0.0,44.0,41.0,44.0,1.0,4.0,4.0,4.0,0.0,1.0,0.0,44.0,0.2,0.800000011920929,0.26666667461395266,15208.757668235085,6119.17138671875,3534.6279296875,767.73291015625,3534.6279296875,767.73291015625,35.2216562628746
test,dropout030_relay_failure,multi_relation,none,none,none,4,60,EA-RG-MAPPO-S,results/intercept_3d_gate1_hardened_safety_5seed_formal_candidate/runs/multi_relation/bc_ppo_seed4/actor_critic_update_0060.pt,310017,17,checkpoint,100,straight,True,True,80,0.2,1.0,0.3,0,0.0,1,40,80,True,1.0,1.0,1.0,0.03030303120613098,0.38636364245956595,0.6515151607719335,39.05681809376586,0.0,0.0,0.0,44.0,41.0,44.0,1.0,4.0,4.0,4.0,0.0,1.0,0.0,44.0,0.2,0.800000011920929,0.23333334028720856,15278.006547407671,6239.11572265625,3596.32763671875,729.4176635742188,3596.32763671875,908.0094604492188,35.09894436597824
test,dropout030_relay_failure,multi_relation,none,none,none,4,60,EA-RG-MAPPO-S,results/intercept_3d_gate1_hardened_safety_5seed_formal_candidate/runs/multi_relation/bc_ppo_seed4/actor_critic_update_0060.pt,310019,19,checkpoint,100,straight,True,True,80,0.2,1.0,0.3,0,0.0,1,40,80,True,1.0,1.0,1.0,0.03030303120613098,0.37121212821115146,0.7159090993756597,34.04924248700792,0.0,0.0,0.0,44.0,41.0,44.0,1.0,4.0,4.0,4.0,0.0,1.0,0.0,44.0,0.2,0.6666666865348816,0.23333334028720856,15238.152088512074,6184.4609375,3629.5263671875,632.9671630859375,3629.5263671875,672.6942138671875,35.54715517163277
test,dropout030_relay_failure,multi_relation,none,none,none,4,60,EA-RG-MAPPO-S,results/intercept_3d_gate1_hardened_safety_5seed_formal_candidate/runs/multi_relation/bc_ppo_seed4/actor_critic_update_0060.pt,310024,24,checkpoint,100,straight,True,True,80,0.2,1.0,0.3,0,0.0,1,40,80,True,1.0,1.0,1.0,0.03030303120613098,0.37878788533535873,0.7272727350619707,37.962121361697264,0.0,0.0,0.0,44.0,41.0,44.0,1.0,4.0,4.0,4.0,0.0,1.0,0.0,44.0,0.2,0.7333333492279053,0.20000000596046447,15237.232854669744,6147.65087890625,3726.468994140625,995.667236328125,3726.468994140625,1484.60107421875,35.681610733270645
test,dropout030_relay_failure,multi_relation,none,none,none,4,60,EA-RG-MAPPO-S,results/intercept_3d_gate1_hardened_safety_5seed_formal_candidate/runs/multi_relation/bc_ppo_seed4/actor_critic_update_0060.pt,310026,26,checkpoint,100,straight,True,True,80,0.2,1.0,0.3,0,0.0,1,40,80,True,1.0,1.0,1.0,0.03030303120613098,0.3863636431368915,0.7045454613187097,39.00378770516677,0.0,0.0,0.0,44.0,41.0,44.0,1.0,4.0,4.0,4.0,0.0,1.0,0.0,44.0,0.2,0.7333333492279053,0.20000000596046447,15221.999178799715,6232.08251953125,3672.815673828125,637.1611938476562,3672.815673828125,637.1611938476562,35.58742642402649
test,dropout030_relay_failure,multi_relation,none,none,none,4,60,EA-RG-MAPPO-S,results/intercept_3d_gate1_hardened_safety_5seed_formal_candidate/runs/multi_relation/bc_ppo_seed4/actor_critic_update_0060.pt,310029,29,checkpoint,100,straight,True,True,80,0.2,1.0,0.3,0,0.0,1,40,80,True,1.0,1.0,1.0,0.03030303120613098,0.38636364245956595,0.7651515200056813,37.874999799850315,0.0,0.0,0.0,44.0,41.0,44.0,1.0,4.0,4.0,4.0,0.0,1.0,0.0,44.0,0.2,0.800000011920929,0.1666666716337204,15214.297440962358,6107.32177734375,3457.865478515625,760.0955810546875,3457.865478515625,760.0955810546875,36.2420779466629
test,dropout030_relay_failure,multi_relation,none,none,none,4,60,EA-RG-MAPPO-S,results/intercept_3d_gate1_hardened_safety_5seed_formal_candidate/runs/multi_relation/bc_ppo_seed4/actor_critic_update_0060.pt,310031,31,checkpoint,100,straight,True,True,80,0.2,1.0,0.3,0,0.0,1,40,80,True,1.0,1.0,1.0,0.03030303120613098,0.38636364245956595,0.7272727347233079,36.950757635588,0.0,0.0,0.0,44.0,41.0,44.0,1.0,4.0,4.0,4.0,0.0,1.0,0.0,44.0,0.2,0.7333333492279053,0.3000000089406967,15200.187167080965,6100.84814453125,3722.73681640625,391.6372985839844,3722.73681640625,391.6372985839844,35.88415342569351
test,dropout030_relay_failure,multi_relation,none,none,none,4,60,EA-RG-MAPPO-S,results/intercept_3d_gate1_hardened_safety_5seed_formal_candidate/runs/multi_relation/bc_ppo_seed4/actor_critic_update_0060.pt,310034,34,checkpoint,100,straight,True,True,80,0.2,1.0,0.3,0,0.0,1,40,80,True,1.0,1.0,1.0,0.03030303120613098,0.371212128888477,0.715909097682346,36.958333130925894,0.0,0.0,0.0,44.0,41.0,44.0,1.0,4.0,4.0,4.0,0.0,1.0,0.0,44.0,0.2,0.6666666865348816,0.20000000596046447,15225.317760120739,6250.947265625,3587.45556640625,515.2259521484375,3587.45556640625,546.6730346679688,35.322002589702606
test,dropout030_relay_failure,multi_relation,none,none,none,4,60,EA-RG-MAPPO-S,results/intercept_3d_gate1_hardened_safety_5seed_formal_candidate/runs/multi_relation/bc_ppo_seed4/actor_critic_update_0060.pt,310036,36,checkpoint,100,straight,True,True,80,0.2,1.0,0.3,0,0.0,1,40,80,True,1.0,1.0,1.0,0.03030303120613098,0.4015151573853059,0.7045454603027214,39.03409059413455,0.0,0.0,0.0,44.0,41.0,44.0,1.0,4.0,4.0,4.0,0.0,1.0,0.0,44.0,0.2,0.800000011920929,0.20000000596046447,15181.152365944603,6081.83642578125,3684.58837890625,549.304931640625,3684.58837890625,549.304931640625,35.96507412195206
test,dropout030_relay_failure,multi_relation,none,none,none,4,60,EA-RG-MAPPO-S,results/intercept_3d_gate1_hardened_safety_5seed_formal_candidate/runs/multi_relation/bc_ppo_seed4/actor_critic_update_0060.pt,310038,38,checkpoint,100,straight,True,True,80,0.2,1.0,0.3,0,0.0,1,40,80,True,1.0,1.0,1.0,0.03030303120613098,0.37121212821115146,0.6780303096906706,32.13257570700212,0.0,0.0,0.0,44.0,41.0,44.0,1.0,4.0,4.0,4.0,0.0,1.0,0.0,44.0,0.2,0.6000000178813935,0.1666666716337204,15221.821444424715,6339.40771484375,3839.535888671875,941.5188598632812,3839.535888671875,941.5188598632812,35.166421607136726
test,dropout030_relay_failure,multi_relation,none,none,none,4,60,EA-RG-MAPPO-S,results/intercept_3d_gate1_hardened_safety_5seed_formal_candidate/runs/multi_relation/bc_ppo_seed4/actor_critic_update_0060.pt,310040,40,checkpoint,100,straight,True,True,80,0.2,1.0,0.3,0,0.0,1,40,80,True,1.0,1.0,1.0,0.03030303120613098,0.38636364245956595,0.7689394016157497,41.814393711022355,0.0,0.0,0.0,44.0,41.0,44.0,1.0,4.0,4.0,4.0,0.0,1.0,0.0,44.0,0.2,0.800000011920929,0.26666667461395266,15200.511463512074,6027.0546875,3614.6953125,789.70849609375,3614.6953125,822.0376586914062,36.24580526351929
test,dropout030_relay_failure,multi_relation,none,none,none,4,60,EA-RG-MAPPO-S,results/intercept_3d_gate1_hardened_safety_5seed_formal_candidate/runs/multi_relation/bc_ppo_seed4/actor_critic_update_0060.pt,310042,42,checkpoint,100,straight,True,True,80,0.2,1.0,0.3,0,0.0,1,40,80,True,1.0,1.0,1.0,0.03030303120613098,0.3787878860126842,0.655303037979386,32.083333228460766,0.0,0.0,0.0,44.0,41.0,44.0,1.0,4.0,4.0,4.0,0.0,1.0,0.0,44.0,0.2,0.6666666865348816,0.20000000596046447,15212.087091619318,6202.86328125,3807.58447265625,437.0965270996094,3807.58447265625,603.9266357421875,35.25685179233551
test,dropout030_relay_failure,multi_relation,none,none,none,4,60,EA-RG-MAPPO-S,results/intercept_3d_gate1_hardened_safety_5seed_formal_candidate/runs/multi_relation/bc_ppo_seed4/actor_critic_update_0060.pt,310044,44,checkpoint,100,straight,True,True,80,0.2,1.0,0.3,0,0.0,1,40,80,True,1.0,1.0,1.0,0.03030303120613098,0.3787878860126842,0.6780303093520078,36.99242444878275,0.0,0.0,0.0,44.0,41.0,44.0,1.0,4.0,4.0,4.0,0.0,1.0,0.0,44.0,0.2,0.6666666865348816,0.20000000596046447,15196.128451260653,6201.25,3764.595703125,452.9004211425781,3764.595703125,517.9630737304688,35.22713631391525
test,dropout030_relay_failure,multi_relation,none,none,none,4,60,EA-RG-MAPPO-S,results/intercept_3d_gate1_hardened_safety_5seed_formal_candidate/runs/multi_relation/bc_ppo_seed4/actor_critic_update_0060.pt,310048,48,checkpoint,100,straight,True,True,80,0.2,1.0,0.3,0,0.0,1,40,80,True,1.0,1.0,1.0,0.03030303120613098,0.38636364245956595,0.6856060674922033,36.022727270017974,0.0,0.0,0.0,44.0,41.0,44.0,1.0,4.0,4.0,4.0,0.0,1.0,0.0,44.0,0.2,0.800000011920929,0.20000000596046447,15216.147050337358,6117.12158203125,3602.501708984375,682.0056762695312,3602.501708984375,682.0056762695312,35.64030206203461
test,dropout030_relay_failure,multi_relation,none,none,none,4,60,EA-RG-MAPPO-S,results/intercept_3d_gate1_hardened_safety_5seed_formal_candidate/runs/multi_relation/bc_ppo_seed4/actor_critic_update_0060.pt,310000,0,checkpoint,100,straight,True,True,80,0.2,1.0,0.3,0,0.0,1,40,80,True,1.0,1.0,1.0,0.029629630512661403,0.37777778572506376,0.6444444537162781,34.42592618564765,0.0,0.0,0.0,45.0,42.0,45.0,1.0,5.0,5.0,5.0,0.0,1.0,0.0,45.0,0.16666666666666666,0.6666666865348816,0.19444445023934046,14999.275477430556,5894.49462890625,3530.04052734375,880.6280517578125,3530.04052734375,1489.2962646484375,35.31218346953392
test,dropout030_relay_failure,multi_relation,none,none,none,4,60,EA-RG-MAPPO-S,results/intercept_3d_gate1_hardened_safety_5seed_formal_candidate/runs/multi_relation/bc_ppo_seed4/actor_critic_update_0060.pt,310003,3,checkpoint,100,straight,True,True,80,0.2,1.0,0.3,0,0.0,1,40,80,True,1.0,1.0,1.0,0.029629630512661403,0.38518519202868146,0.7222222281826867,38.21481449703376,0.0,0.0,0.0,45.0,42.0,45.0,1.0,5.0,5.0,5.0,0.0,1.0,0.0,45.0,0.16666666666666666,0.6666666865348816,0.22222222884496054,15027.641178385416,5853.54638671875,3444.647705078125,482.5828857421875,3444.647705078125,482.5828857421875,36.21310403943062
test,dropout030_relay_failure,multi_relation,none,none,none,4,60,EA-RG-MAPPO-S,results/intercept_3d_gate1_hardened_safety_5seed_formal_candidate/runs/multi_relation/bc_ppo_seed4/actor_critic_update_0060.pt,310005,5,checkpoint,100,straight,True,True,80,0.2,1.0,0.3,0,0.0,1,40,80,True,1.0,1.0,1.0,0.029629630512661403,0.39259259899457294,0.6518518593576219,35.34444444510672,0.0,0.0,0.0,45.0,42.0,45.0,1.0,5.0,5.0,5.0,0.0,1.0,0.0,45.0,0.16666666666666666,0.7777777910232544,0.2777777860562007,15024.365581597222,5853.232421875,3569.942626953125,374.8291931152344,3569.942626953125,427.1886291503906,35.891518265008926
test,dropout030_relay_failure,multi_relation,none,none,none,4,60,EA-RG-MAPPO-S,results/intercept_3d_gate1_hardened_safety_5seed_formal_candidate/runs/multi_relation/bc_ppo_seed4/actor_critic_update_0060.pt,310006,6,checkpoint,100,straight,True,True,80,0.2,1.0,0.3,0,0.0,1,40,80,True,1.0,1.0,1.0,0.029629630512661403,0.37777778572506376,0.6666666749450896,34.433333368764984,0.0,0.0,0.0,45.0,42.0,45.0,1.0,5.0,5.0,5.0,0.0,1.0,0.0,45.0,0.16666666666666666,0.6666666865348816,0.13888889302810034,15012.561729600695,5963.68017578125,3531.397705078125,531.9562377929688,3531.397705078125,732.3223266601562,35.47741740942001
test,dropout030_relay_failure,multi_relation,none,none,none,4,60,EA-RG-MAPPO-S,results/intercept_3d_gate1_hardened_safety_5seed_formal_candidate/runs/multi_relation/bc_ppo_seed4/actor_critic_update_0060.pt,310016,16,checkpoint,100,straight,True,True,80,0.2,1.0,0.3,0,0.0,1,40,80,True,1.0,1.0,1.0,0.029629630512661403,0.37777778572506376,0.6851851910352706,34.37407427695062,0.0,0.0,0.0,45.0,42.0,45.0,1.0,5.0,5.0,5.0,0.0,1.0,0.0,45.0,0.16666666666666666,0.6666666865348816,0.19444445023934046,15009.63369140625,5945.48046875,3351.095458984375,470.6467590332031,3351.095458984375,893.6196899414062,35.64589333534241
test,dropout030_relay_failure,multi_relation,none,none,none,4,60,EA-RG-MAPPO-S,results/intercept_3d_gate1_hardened_safety_5seed_formal_candidate/runs/multi_relation/bc_ppo_seed4/actor_critic_update_0060.pt,310020,20,checkpoint,100,straight,True,True,80,0.2,1.0,0.3,0,0.0,1,40,80,True,1.0,1.0,1.0,0.029629630512661403,0.3703703780968984,0.7074074145820406,33.34074063102404,0.0,0.0,0.0,45.0,42.0,45.0,1.0,5.0,5.0,5.0,0.0,1.0,0.0,45.0,0.16666666666666666,0.6666666865348816,0.2500000074505806,15028.175933159722,5974.77978515625,3566.958740234375,637.8367919921875,3566.958740234375,927.835693359375,35.75724911689758
test,dropout030_relay_failure,multi_relation,none,none,none,4,60,EA-RG-MAPPO-S,results/intercept_3d_gate1_hardened_safety_5seed_formal_candidate/runs/multi_relation/bc_ppo_seed4/actor_critic_update_0060.pt,310021,21,checkpoint,100,straight,True,True,80,0.2,1.0,0.3,0,0.0,1,40,80,True,1.0,1.0,1.0,0.029629630512661403,0.3185185260242886,0.7148148202233844,35.28888855510288,0.0,0.0,0.0,45.0,42.0,45.0,1.0,5.0,5.0,5.0,0.0,1.0,0.0,45.0,0.16666666666666666,0.3888889004786809,0.22222222884496054,15065.147200520832,6356.35498046875,3838.11376953125,981.4493408203125,3838.11376953125,981.4493408203125,34.527717024087906
test,dropout030_relay_failure,multi_relation,none,none,none,4,60,EA-RG-MAPPO-S,results/intercept_3d_gate1_hardened_safety_5seed_formal_candidate/runs/multi_relation/bc_ppo_seed4/actor_critic_update_0060.pt,310022,22,checkpoint,100,straight,True,True,80,0.2,1.0,0.3,0,0.0,1,40,80,True,1.0,1.0,1.0,0.029629630512661403,0.3703703787591722,0.6666666749450896,35.3222223341465,0.0,0.0,0.0,45.0,42.0,45.0,1.0,5.0,5.0,5.0,0.0,1.0,0.0,45.0,0.16666666666666666,0.6666666865348816,0.2500000074505806,15021.00154079861,5986.86474609375,3551.072265625,836.8790893554688,3551.072265625,1763.0845947265625,35.2032827436924
test,dropout030_relay_failure,multi_relation,none,none,none,4,60,EA-RG-MAPPO-S,results/intercept_3d_gate1_hardened_safety_5seed_formal_candidate/runs/multi_relation/bc_ppo_seed4/actor_critic_update_0060.pt,310028,28,checkpoint,100,straight,True,True,80,0.2,1.0,0.3,0,0.0,1,40,80,True,1.0,1.0,1.0,0.029629630512661403,0.3703703780968984,0.7481481532255808,33.3444443391429,0.0,0.0,0.0,45.0,42.0,45.0,1.0,5.0,5.0,5.0,0.0,1.0,0.0,45.0,0.16666666666666666,0.6666666865348816,0.22222222884496054,15014.225770399305,5934.89306640625,3555.081787109375,670.2071533203125,3555.081787109375,1068.9310302734375,36.15307527780533
test,dropout030_relay_failure,multi_relation,none,none,none,4,60,EA-RG-MAPPO-S,results/intercept_3d_gate1_hardened_safety_5seed_formal_candidate/runs/multi_relation/bc_ppo_seed4/actor_critic_update_0060.pt,310035,35,checkpoint,100,straight,True,True,80,0.2,1.0,0.3,0,0.0,1,40,80,True,1.0,1.0,1.0,0.029629630512661403,0.3703703787591722,0.6740740792618858,33.44444424841139,0.0,0.0,0.0,45.0,42.0,45.0,1.0,5.0,5.0,5.0,0.0,1.0,0.0,45.0,0.16666666666666666,0.6666666865348816,0.22222222884496054,15028.840321180556,6122.66064453125,3857.53955078125,444.34027099609375,3857.53955078125,830.7494506835938,35.30229192972183
test,dropout030_relay_failure,multi_relation,none,none,none,4,60,EA-RG-MAPPO-S,results/intercept_3d_gate1_hardened_safety_5seed_formal_candidate/runs/multi_relation/bc_ppo_seed4/actor_critic_update_0060.pt,310039,39,checkpoint,100,straight,True,True,80,0.2,1.0,0.3,0,0.0,1,40,80,True,1.0,1.0,1.0,0.029629630512661403,0.36296297046873305,0.733333338300387,35.277777492337755,0.0,0.0,0.0,45.0,42.0,45.0,1.0,5.0,5.0,5.0,0.0,1.0,0.0,45.0,0.16666666666666666,0.6111111293236414,0.2777777860562007,15011.264561631944,6035.001953125,3566.01611328125,551.8696899414062,3566.01611328125,551.8696899414062,35.73312732577324
test,dropout030_relay_failure,multi_relation,none,none,none,4,60,EA-RG-MAPPO-S,results/intercept_3d_gate1_hardened_safety_5seed_formal_candidate/runs/multi_relation/bc_ppo_seed4/actor_critic_update_0060.pt,310041,41,checkpoint,100,straight,True,True,80,0.2,1.0,0.3,0,0.0,1,40,80,True,1.0,1.0,1.0,0.029629630512661403,0.37777778572506376,0.6407407469219631,32.533333249555696,0.0,0.0,0.0,45.0,42.0,45.0,1.0,5.0,5.0,5.0,0.0,1.0,0.0,45.0,0.16666666666666666,0.6666666865348816,0.19444445023934046,15022.244368489582,6002.927734375,3392.998291015625,569.7071533203125,3392.998291015625,687.6719360351562,35.29206299781799
test,dropout030_relay_failure,multi_relation,none,none,none,4,60,EA-RG-MAPPO-S,results/intercept_3d_gate1_hardened_safety_5seed_formal_candidate/runs/multi_relation/bc_ppo_seed4/actor_critic_update_0060.pt,310045,45,checkpoint,100,straight,True,True,80,0.2,1.0,0.3,0,0.0,1,40,80,True,1.0,1.0,1.0,0.029629630512661403,0.3703703780968984,0.6740740819109811,39.19629663295216,0.0,0.0,0.0,45.0,42.0,45.0,1.0,5.0,5.0,5.0,0.0,1.0,0.0,45.0,0.16666666666666666,0.6111111293236414,0.2500000074505806,15013.954058159723,6052.841796875,3563.33154296875,533.3479614257812,3563.33154296875,533.3479614257812,35.2183478474617
test,dropout030_relay_failure,multi_relation,none,none,none,4,60,EA-RG-MAPPO-S,results/intercept_3d_gate1_hardened_safety_5seed_formal_candidate/runs/multi_relation/bc_ppo_seed4/actor_critic_update_0060.pt,310046,46,checkpoint,100,straight,True,True,80,0.2,1.0,0.3,0,0.0,1,40,80,True,1.0,1.0,1.0,0.029629630512661403,0.37777778572506376,0.6296296384599473,39.155555439988774,0.0,0.0,0.0,45.0,42.0,45.0,1.0,5.0,5.0,5.0,0.0,1.0,0.0,45.0,0.16666666666666666,0.6666666865348816,0.2777777860562007,14993.704871961805,5975.39208984375,3741.8154296875,248.50511169433594,3741.8154296875,587.6360473632812,35.00341761112213
test,dropout030_relay_failure,multi_relation,none,none,none,4,60,EA-RG-MAPPO-S,results/intercept_3d_gate1_hardened_safety_5seed_formal_candidate/runs/multi_relation/bc_ppo_seed4/actor_critic_update_0060.pt,310049,49,checkpoint,100,straight,True,True,80,0.2,1.0,0.3,0,0.0,1,40,80,True,1.0,1.0,1.0,0.029629630512661403,0.38518519269095525,0.6296296371353998,36.35925917857223,0.0,0.0,0.0,45.0,42.0,45.0,1.0,5.0,5.0,5.0,0.0,1.0,0.0,45.0,0.16666666666666666,0.6666666865348816,0.22222222884496054,15018.360460069445,5910.57763671875,3435.309814453125,561.1458129882812,3435.309814453125,695.8060913085938,35.30585590004921
test,dropout030_relay_failure,multi_relation,none,none,none,4,60,EA-RG-MAPPO-S,results/intercept_3d_gate1_hardened_safety_5seed_formal_candidate/runs/multi_relation/bc_ppo_seed4/actor_critic_update_0060.pt,310008,8,checkpoint,100,straight,True,True,80,0.2,1.0,0.3,0,0.0,1,40,80,True,1.0,1.0,1.0,0.028985508110212242,0.36956522646157636,0.6992753698774006,35.6159422799297,0.0,0.0,0.0,46.0,43.0,46.0,1.0,6.0,6.0,6.0,0.0,1.0,0.0,46.0,0.14285714285714285,0.6666666865348816,0.21428572067192622,14900.849354619566,5953.44775390625,3861.932861328125,734.1981811523438,3861.932861328125,1345.7811279296875,35.75240060687065
test,dropout030_relay_failure,multi_relation,none,none,none,4,60,EA-RG-MAPPO-S,results/intercept_3d_gate1_hardened_safety_5seed_formal_candidate/runs/multi_relation/bc_ppo_seed4/actor_critic_update_0060.pt,310012,12,checkpoint,100,straight,True,True,80,0.2,1.0,0.3,0,0.0,1,40,80,True,1.0,1.0,1.0,0.028985508110212242,0.3333333426195642,0.6666666748731033,32.746376752853394,0.0,0.0,0.0,46.0,43.0,46.0,1.0,6.0,6.0,6.0,0.0,1.0,0.0,46.0,0.14285714285714285,0.5238095394202641,0.21428572067192622,14941.124936311142,6118.0,3489.408935546875,608.547607421875,3489.408935546875,831.9485473632812,34.88704341650009
test,dropout030_relay_failure,multi_relation,none,none,none,4,60,EA-RG-MAPPO-S,results/intercept_3d_gate1_hardened_safety_5seed_formal_candidate/runs/multi_relation/bc_ppo_seed4/actor_critic_update_0060.pt,310013,13,checkpoint,100,straight,True,True,80,0.2,1.0,0.3,0,0.0,1,40,80,True,1.0,1.0,1.0,0.028985508110212242,0.3550724737022234,0.6775362407383712,33.03260886215645,0.0,0.0,0.0,46.0,43.0,46.0,1.0,6.0,6.0,6.0,0.0,1.0,0.0,46.0,0.14285714285714285,0.6666666865348816,0.23809524519102915,14930.412714419157,6176.697265625,3872.813232421875,386.6226501464844,3872.813232421875,1495.48193359375,35.090232610702515
test,dropout030_relay_failure,multi_relation,none,none,none,4,60,EA-RG-MAPPO-S,results/intercept_3d_gate1_hardened_safety_5seed_formal_candidate/runs/multi_relation/bc_ppo_seed4/actor_critic_update_0060.pt,310018,18,checkpoint,100,straight,True,True,80,0.2,1.0,0.3,0,0.0,1,40,80,True,1.0,1.0,1.0,0.028985508110212242,0.3188405885644581,0.666666674549165,32.76449297984009,0.0,0.0,0.0,46.0,43.0,46.0,1.0,6.0,6.0,6.0,0.0,1.0,0.0,46.0,0.14285714285714285,0.4761904903820583,0.26190476971013205,14945.075492527174,6319.02978515625,3803.67578125,515.3792724609375,3803.67578125,740.2933349609375,34.29423476755619
test,dropout030_relay_failure,multi_relation,none,none,none,4,60,EA-RG-MAPPO-S,results/intercept_3d_gate1_hardened_safety_5seed_formal_candidate/runs/multi_relation/bc_ppo_seed4/actor_critic_update_0060.pt,310023,23,checkpoint,100,straight,True,True,80,0.2,1.0,0.3,0,0.0,1,40,80,True,1.0,1.0,1.0,0.028985508110212242,0.3405797189992407,0.7282608773397363,30.86956516718087,0.0,0.0,0.0,46.0,43.0,46.0,1.0,6.0,6.0,6.0,0.0,1.0,0.0,46.0,0.14285714285714285,0.5238095394202641,0.23809524519102915,14929.692032523777,6195.72412109375,3649.882080078125,418.76409912109375,3649.882080078125,750.702392578125,35.49045580625534
test,dropout030_relay_failure,multi_relation,none,none,none,4,60,EA-RG-MAPPO-S,results/intercept_3d_gate1_hardened_safety_5seed_formal_candidate/runs/multi_relation/bc_ppo_seed4/actor_critic_update_0060.pt,310025,25,checkpoint,100,straight,True,True,80,0.2,1.0,0.3,0,0.0,1,40,80,True,1.0,1.0,1.0,0.028985508110212242,0.3333333406759345,0.7173913114744684,37.402173690497875,0.0,0.0,0.0,46.0,43.0,46.0,1.0,6.0,6.0,6.0,0.0,1.0,0.0,46.0,0.14285714285714285,0.42857144134385244,0.26190476971013205,14896.169178838316,6190.54541015625,3930.846923828125,579.0023193359375,3930.846923828125,579.0023193359375,35.07818669080734
test,dropout030_relay_failure,multi_relation,none,none,none,4,60,EA-RG-MAPPO-S,results/intercept_3d_gate1_hardened_safety_5seed_formal_candidate/runs/multi_relation/bc_ppo_seed4/actor_critic_update_0060.pt,310030,30,checkpoint,100,straight,True,True,80,0.2,1.0,0.3,0,0.0,1,40,80,True,1.0,1.0,1.0,0.028985508110212242,0.304347834509352,0.7028985583911771,37.42753642603107,0.0,0.0,0.0,46.0,43.0,46.0,1.0,6.0,6.0,6.0,0.0,1.0,0.0,46.0,0.14285714285714285,0.3333333432674408,0.23809524519102915,14976.947021484375,6282.18896484375,3678.20849609375,559.4635620117188,3678.20849609375,559.4635620117188,34.29609274864197
test,dropout030_relay_failure,multi_relation,none,none,none,4,60,EA-RG-MAPPO-S,results/intercept_3d_gate1_hardened_safety_5seed_formal_candidate/runs/multi_relation/bc_ppo_seed4/actor_critic_update_0060.pt,310032,32,checkpoint,100,straight,True,True,80,0.2,1.0,0.3,0,0.0,1,40,80,True,1.0,1.0,1.0,0.028985508110212242,0.3550724724064703,0.6884058059557624,38.42391315037789,0.0,0.0,0.0,46.0,43.0,46.0,1.0,6.0,6.0,6.0,0.0,1.0,0.0,46.0,0.14285714285714285,0.5714285884584699,0.28571429422923494,14878.070323114809,6006.10791015625,3570.28173828125,426.3861389160156,3570.28173828125,612.658447265625,35.307094395160675
test,dropout030_relay_failure,multi_relation,none,none,none,4,60,EA-RG-MAPPO-S,results/intercept_3d_gate1_hardened_safety_5seed_formal_candidate/runs/multi_relation/bc_ppo_seed4/actor_critic_update_0060.pt,310033,33,checkpoint,100,straight,True,True,80,0.2,1.0,0.3,0,0.0,1,40,80,True,1.0,1.0,1.0,0.028985508110212242,0.3115942121847816,0.6811594279563945,35.65217397361994,0.0,0.0,0.0,46.0,43.0,46.0,1.0,6.0,6.0,6.0,0.0,1.0,0.0,46.0,0.14285714285714285,0.4761904903820583,0.23809524519102915,15018.427193019701,6379.19287109375,3868.540771484375,422.206298828125,3868.540771484375,887.3823852539062,34.24738621711731
test,dropout030_relay_failure,multi_relation,none,none,none,4,60,EA-RG-MAPPO-S,results/intercept_3d_gate1_hardened_safety_5seed_formal_candidate/runs/multi_relation/bc_ppo_seed4/actor_critic_update_0060.pt,310043,43,checkpoint,100,straight,True,True,80,0.2,1.0,0.3,0,0.0,1,40,80,True,1.0,1.0,1.0,0.028985508110212242,0.3550724737022234,0.684782615174418,31.876811709093012,0.0,0.0,0.0,46.0,43.0,46.0,1.0,6.0,6.0,6.0,0.0,1.0,0.0,46.0,0.14285714285714285,0.6666666865348816,0.1666666716337204,14904.307426120924,6063.72412109375,3582.9267578125,436.09527587890625,3582.9267578125,1521.3526611328125,35.3429539501667
test,dropout030_relay_failure,multi_relation,none,none,none,4,60,EA-RG-MAPPO-S,results/intercept_3d_gate1_hardened_safety_5seed_formal_candidate/runs/multi_relation/bc_ppo_seed4/actor_critic_update_0060.pt,310007,7,checkpoint,100,straight,True,True,80,0.2,1.0,0.3,0,0.0,1,40,80,True,1.0,1.0,1.0,0.02836879517169709,0.2836879510828789,0.6631205738224881,35.982269260477516,0.0,0.0,0.0,47.0,44.0,47.0,1.0,7.0,7.0,7.0,0.0,1.0,0.0,47.0,0.125,0.3333333432674408,0.2083333395421505,14832.33852435173,6288.71728515625,3710.203125,1024.13623046875,3710.203125,1024.13623046875,33.894045889377594
test,dropout030_relay_failure,multi_relation,none,none,none,4,60,EA-RG-MAPPO-S,results/intercept_3d_gate1_hardened_safety_5seed_formal_candidate/runs/multi_relation/bc_ppo_seed4/actor_critic_update_0060.pt,310009,9,checkpoint,100,straight,True,True,80,0.2,1.0,0.3,0,0.0,1,40,80,True,1.0,1.0,1.0,0.02836879517169709,0.3049645468275598,0.5886524890331511,38.748227218681194,0.0,0.0,0.0,47.0,44.0,47.0,1.0,7.0,7.0,7.0,0.0,1.0,0.0,47.0,0.125,0.3333333432674408,0.18750000558793545,14823.19763962766,6106.04052734375,3541.3330078125,892.0481567382812,3541.3330078125,892.0481567382812,33.64353987574577
test,dropout030_relay_failure,multi_relation,none,none,none,4,60,EA-RG-MAPPO-S,results/intercept_3d_gate1_hardened_safety_5seed_formal_candidate/runs/multi_relation/bc_ppo_seed4/actor_critic_update_0060.pt,310037,37,checkpoint,100,straight,True,True,80,0.2,1.0,0.3,0,0.0,1,40,80,True,1.0,1.0,1.0,0.02836879517169709,0.3404255407921811,0.6418439799800832,36.88652468995845,0.0,0.0,0.0,47.0,44.0,47.0,1.0,7.0,7.0,7.0,0.0,1.0,0.0,47.0,0.125,0.5000000149011612,0.27083334140479565,14767.165984458112,6063.04931640625,3520.457275390625,312.5005798339844,3520.457275390625,797.4058837890625,34.700025737285614
test,dropout030_relay_failure,multi_relation,none,none,none,4,60,EA-RG-MAPPO-S,results/intercept_3d_gate1_hardened_safety_5seed_formal_candidate/runs/multi_relation/bc_ppo_seed4/actor_critic_update_0060.pt,310047,47,checkpoint,100,straight,True,True,80,0.2,1.0,0.3,0,0.0,1,40,80,True,1.0,1.0,1.0,0.02836879517169709,0.3475177402191974,0.6808510714388908,33.0921989054756,0.0,0.0,0.0,47.0,44.0,47.0,1.0,7.0,7.0,7.0,0.0,1.0,0.0,47.0,0.125,0.6250000186264515,0.27083334140479565,14809.154504654256,6010.64794921875,3677.585693359375,573.825927734375,3677.585693359375,1761.6116943359375,35.4190833568573
test,dropout030_relay_failure,multi_relation,none,none,none,4,60,EA-RG-MAPPO-S,results/intercept_3d_gate1_hardened_safety_5seed_formal_candidate/runs/multi_relation/bc_ppo_seed4/actor_critic_update_0060.pt,310010,10,checkpoint,100,straight,True,True,80,0.2,1.0,0.3,0,0.0,1,40,80,True,0.0,0.0,0.0,0.0,0.07820512973345244,0.1935897472386177,72.49102554802711,0.0,1.0,0.0,260.0,-1.0,-1.0,0.0,220.0,220.0,-1.0,0.0,0.0,1.0,-1.0,0.0,0.0916666690260172,0.05416666828095913,10278.086975097656,15003.73046875,979.5360107421875,737.4222412109375,12165.1142578125,4081.396728515625,6.267026280285791
test,dropout030_relay_failure,multi_relation,none,none,none,4,60,EA-RG-MAPPO-S,results/intercept_3d_gate1_hardened_safety_5seed_formal_candidate/runs/multi_relation/bc_ppo_seed4/actor_critic_update_0060.pt,310015,15,checkpoint,100,straight,True,True,80,0.2,1.0,0.3,0,0.0,1,40,80,True,0.0,0.0,1.0,0.0012820513202593878,0.15897436371216409,0.18141025952421702,82.32371791916398,0.0,1.0,0.0,260.0,48.0,-1.0,0.0,220.0,220.0,-1.0,0.0,0.0,1.0,-1.0,0.0,0.12916667051613331,0.05000000149011612,11076.891396859975,10649.2587890625,3727.9052734375,637.5353393554688,7902.888671875,1420.4993896484375,16.576818282715976
test,dropout030_relay_failure,multi_relation,none,none,none,4,60,EA-RG-MAPPO-S,results/intercept_3d_gate1_hardened_safety_5seed_formal_candidate/runs/multi_relation/bc_ppo_seed4/actor_critic_update_0060.pt,310027,27,checkpoint,100,straight,True,True,80,0.2,1.0,0.3,0,0.0,1,40,80,True,0.0,0.0,1.0,0.003846153960778163,0.061538463028577656,0.20833333742160062,67.75384601583848,0.0,1.0,0.0,260.0,44.0,-1.0,0.0,220.0,220.0,-1.0,0.0,0.0,1.0,-1.0,0.0,0.04583333469927311,0.0416666679084301,10382.871305964543,11992.2373046875,2179.123291015625,268.9581604003906,9790.3251953125,2495.884033203125,9.722015184350312
test,dropout030_relay_failure,multi_relation,none,none,none,4,60,EA-RG-MAPPO-S,results/intercept_3d_gate1_hardened_safety_5seed_formal_candidate/runs/multi_relation/bc_ppo_seed4/actor_critic_update_0060.pt,310053,53,checkpoint,100,straight,True,True,80,0.2,1.0,0.3,0,0.0,1,40,80,True,1.0,1.0,1.0,0.03030303120613098,0.3636363704096187,0.7348484911701896,37.91287867183035,0.0,0.0,0.0,44.0,41.0,44.0,1.0,4.0,4.0,4.0,0.0,1.0,0.0,44.0,0.2,0.5333333492279053,0.26666667461395266,15215.025179776278,6353.95703125,3791.453369140625,1227.223388671875,3791.453369140625,1227.223388671875,35.34930354356766
test,dropout030_relay_failure,multi_relation,none,none,none,4,60,EA-RG-MAPPO-S,results/intercept_3d_gate1_hardened_safety_5seed_formal_candidate/runs/multi_relation/bc_ppo_seed4/actor_critic_update_0060.pt,310058,58,checkpoint,100,straight,True,True,80,0.2,1.0,0.3,0,0.0,1,40,80,True,1.0,1.0,1.0,0.03030303120613098,0.371212128888477,0.685606066476215,38.969696539369494,0.0,0.0,0.0,44.0,41.0,44.0,1.0,4.0,4.0,4.0,0.0,1.0,0.0,44.0,0.2,0.6666666865348816,0.26666667461395266,15229.312266956676,6297.86962890625,3747.017578125,586.0950317382812,3747.017578125,802.4254150390625,34.92914992570877
test,dropout030_relay_failure,multi_relation,none,none,none,4,60,EA-RG-MAPPO-S,results/intercept_3d_gate1_hardened_safety_5seed_formal_candidate/runs/multi_relation/bc_ppo_seed4/actor_critic_update_0060.pt,310059,59,checkpoint,100,straight,True,True,80,0.2,1.0,0.3,0,0.0,1,40,80,True,1.0,1.0,1.0,0.03030303120613098,0.37878788533535873,0.6818181879141114,34.12121200527657,0.0,0.0,0.0,44.0,41.0,44.0,1.0,4.0,4.0,4.0,0.0,1.0,0.0,44.0,0.2,0.7333333492279053,0.20000000596046447,15215.912453391335,6140.15283203125,3785.69091796875,860.8121948242188,3785.69091796875,1222.982421875,35.45499637722969
test,dropout030_relay_failure,multi_relation,none,none,none,4,60,EA-RG-MAPPO-S,results/intercept_3d_gate1_hardened_safety_5seed_formal_candidate/runs/multi_relation/bc_ppo_seed4/actor_critic_update_0060.pt,310066,66,checkpoint,100,straight,True,True,80,0.2,1.0,0.3,0,0.0,1,40,80,True,1.0,1.0,1.0,0.03030303120613098,0.371212128888477,0.6856060678308661,38.05303033542904,0.0,0.0,0.0,44.0,41.0,44.0,1.0,4.0,4.0,4.0,0.0,1.0,0.0,44.0,0.2,0.6666666865348816,0.3000000089406967,15225.642333984375,6251.001953125,3625.682373046875,624.9688720703125,3625.682373046875,788.0674438476562,35.04096847772598
test,dropout030_relay_failure,multi_relation,none,none,none,4,60,EA-RG-MAPPO-S,results/intercept_3d_gate1_hardened_safety_5seed_formal_candidate/runs/multi_relation/bc_ppo_seed4/actor_critic_update_0060.pt,310070,70,checkpoint,100,straight,True,True,80,0.2,1.0,0.3,0,0.0,1,40,80,True,1.0,1.0,1.0,0.03030303120613098,0.371212128888477,0.7234848558225415,34.01515171744607,0.0,0.0,0.0,44.0,41.0,44.0,1.0,4.0,4.0,4.0,0.0,1.0,0.0,44.0,0.2,0.6666666865348816,0.20000000596046447,15229.160356001421,6281.43896484375,3726.33984375,569.7886352539062,3726.33984375,796.6466674804688,35.533837020397186
test,dropout030_relay_failure,multi_relation,none,none,none,4,60,EA-RG-MAPPO-S,results/intercept_3d_gate1_hardened_safety_5seed_formal_candidate/runs/multi_relation/bc_ppo_seed4/actor_critic_update_0060.pt,310077,77,checkpoint,100,straight,True,True,80,0.2,1.0,0.3,0,0.0,1,40,80,True,1.0,1.0,1.0,0.03030303120613098,0.37878788533535873,0.6439394016157497,36.041666782715104,0.0,0.0,0.0,44.0,41.0,44.0,1.0,4.0,4.0,4.0,0.0,1.0,0.0,44.0,0.2,0.7333333492279053,0.20000000596046447,15246.941328568892,6142.71044921875,3510.673828125,748.2800903320312,3510.673828125,1305.0284423828125,35.046686351299286
test,dropout030_relay_failure,multi_relation,none,none,none,4,60,EA-RG-MAPPO-S,results/intercept_3d_gate1_hardened_safety_5seed_formal_candidate/runs/multi_relation/bc_ppo_seed4/actor_critic_update_0060.pt,310078,78,checkpoint,100,straight,True,True,80,0.2,1.0,0.3,0,0.0,1,40,80,True,1.0,1.0,1.0,0.03030303120613098,0.3863636431368915,0.674242431128567,39.05681772259149,0.0,0.0,0.0,44.0,41.0,44.0,1.0,4.0,4.0,4.0,0.0,1.0,0.0,44.0,0.2,0.6666666865348816,0.20000000596046447,15196.97176846591,6183.95947265625,3685.2626953125,273.0635986328125,3685.2626953125,273.0635986328125,35.23666712641716
test,dropout030_relay_failure,multi_relation,none,none,none,4,60,EA-RG-MAPPO-S,results/intercept_3d_gate1_hardened_safety_5seed_formal_candidate/runs/multi_relation/bc_ppo_seed4/actor_critic_update_0060.pt,310079,79,checkpoint,100,straight,True,True,80,0.2,1.0,0.3,0,0.0,1,40,80,True,1.0,1.0,1.0,0.03030303120613098,0.371212128888477,0.6893939457156442,36.97348467565396,0.0,0.0,0.0,44.0,41.0,44.0,1.0,4.0,4.0,4.0,0.0,1.0,0.0,44.0,0.2,0.6666666865348816,0.20000000596046447,15230.927967418324,6240.212890625,3714.905029296875,884.4141845703125,3714.905029296875,1800.8419189453125,35.1032292842865
test,dropout030_relay_failure,multi_relation,none,none,none,4,60,EA-RG-MAPPO-S,results/intercept_3d_gate1_hardened_safety_5seed_formal_candidate/runs/multi_relation/bc_ppo_seed4/actor_critic_update_0060.pt,310081,81,checkpoint,100,straight,True,True,80,0.2,1.0,0.3,0,0.0,1,40,80,True,1.0,1.0,1.0,0.03030303120613098,0.371212128888477,0.6590909165414897,37.12878790057518,0.0,0.0,0.0,44.0,41.0,44.0,1.0,4.0,4.0,4.0,0.0,1.0,0.0,44.0,0.2,0.6666666865348816,0.1666666716337204,15216.312699751421,6216.76708984375,3768.869140625,581.7418212890625,3768.869140625,665.8786010742188,34.84335273504257
test,dropout030_relay_failure,multi_relation,none,none,none,4,60,EA-RG-MAPPO-S,results/intercept_3d_gate1_hardened_safety_5seed_formal_candidate/runs/multi_relation/bc_ppo_seed4/actor_critic_update_0060.pt,310085,85,checkpoint,100,straight,True,True,80,0.2,1.0,0.3,0,0.0,1,40,80,True,1.0,1.0,1.0,0.03030303120613098,0.37878788533535873,0.6401515230536461,39.05681783367287,0.0,0.0,0.0,44.0,41.0,44.0,1.0,4.0,4.0,4.0,0.0,1.0,0.0,44.0,0.2,0.7333333492279053,0.20000000596046447,15206.246548739347,6101.84912109375,3657.300537109375,529.942626953125,3657.300537109375,608.7614135742188,34.94021251797676
test,dropout030_relay_failure,multi_relation,none,none,none,4,60,EA-RG-MAPPO-S,results/intercept_3d_gate1_hardened_safety_5seed_formal_candidate/runs/multi_relation/bc_ppo_seed4/actor_critic_update_0060.pt,310088,88,checkpoint,100,straight,True,True,80,0.2,1.0,0.3,0,0.0,1,40,80,True,1.0,1.0,1.0,0.03030303120613098,0.3939394002610987,0.6969697031785141,36.99999999898401,0.0,0.0,0.0,44.0,41.0,44.0,1.0,4.0,4.0,4.0,0.0,1.0,0.0,44.0,0.2,0.800000011920929,0.20000000596046447,15283.645552201704,6197.734375,3470.654296875,468.3165588378906,3470.654296875,478.9449157714844,35.80113446712494
test,dropout030_relay_failure,multi_relation,none,none,none,4,60,EA-RG-MAPPO-S,results/intercept_3d_gate1_hardened_safety_5seed_formal_candidate/runs/multi_relation/bc_ppo_seed4/actor_critic_update_0060.pt,310091,91,checkpoint,100,straight,True,True,80,0.2,1.0,0.3,0,0.0,1,40,80,True,1.0,1.0,1.0,0.03030303120613098,0.3636363717642697,0.6628787951035933,37.09090935371139,0.0,0.0,0.0,44.0,41.0,44.0,1.0,4.0,4.0,4.0,0.0,1.0,0.0,44.0,0.2,0.6666666865348816,0.13333333730697633,15232.634532581676,6264.75048828125,3786.456298828125,697.6209716796875,3786.456298828125,1193.9654541015625,34.74131524562836
test,dropout030_relay_failure,multi_relation,none,none,none,4,60,EA-RG-MAPPO-S,results/intercept_3d_gate1_hardened_safety_5seed_formal_candidate/runs/multi_relation/bc_ppo_seed4/actor_critic_update_0060.pt,310092,92,checkpoint,100,straight,True,True,80,0.2,1.0,0.3,0,0.0,1,40,80,True,1.0,1.0,1.0,0.03030303120613098,0.38636364245956595,0.7121212201362307,37.04545457661152,0.0,0.0,0.0,44.0,41.0,44.0,1.0,4.0,4.0,4.0,0.0,1.0,0.0,44.0,0.2,0.800000011920929,0.26666667461395266,15248.829956054688,6184.87158203125,3615.2841796875,666.2442016601562,3615.2841796875,666.2442016601562,35.7503122985363
test,dropout030_relay_failure,multi_relation,none,none,none,4,60,EA-RG-MAPPO-S,results/intercept_3d_gate1_hardened_safety_5seed_formal_candidate/runs/multi_relation/bc_ppo_seed4/actor_critic_update_0060.pt,310097,97,checkpoint,100,straight,True,True,80,0.2,1.0,0.3,0,0.0,1,40,80,True,1.0,1.0,1.0,0.03030303120613098,0.371212128888477,0.7234848537905649,34.18181789226153,0.0,0.0,0.0,44.0,41.0,44.0,1.0,4.0,4.0,4.0,0.0,1.0,0.0,44.0,0.2,0.6666666865348816,0.26666667461395266,15219.318503639915,6292.2421875,3686.13232421875,405.7719421386719,3686.13232421875,467.8721008300781,35.40368029475212
test,dropout030_relay_failure,multi_relation,none,none,none,4,60,EA-RG-MAPPO-S,results/intercept_3d_gate1_hardened_safety_5seed_formal_candidate/runs/multi_relation/bc_ppo_seed4/actor_critic_update_0060.pt,310052,52,checkpoint,100,straight,True,True,80,0.2,1.0,0.3,0,0.0,1,40,80,True,1.0,1.0,1.0,0.029629630512661403,0.3703703787591722,0.6962963038020664,31.48518507811758,0.0,0.0,0.0,45.0,42.0,45.0,1.0,5.0,5.0,5.0,0.0,1.0,0.0,45.0,0.16666666666666666,0.6666666865348816,0.19444445023934046,15051.693044704862,6169.6328125,3784.35693359375,466.20477294921875,3784.35693359375,707.7852172851562,35.52708849310875
test,dropout030_relay_failure,multi_relation,none,none,none,4,60,EA-RG-MAPPO-S,results/intercept_3d_gate1_hardened_safety_5seed_formal_candidate/runs/multi_relation/bc_ppo_seed4/actor_critic_update_0060.pt,310054,54,checkpoint,100,straight,True,True,80,0.2,1.0,0.3,0,0.0,1,40,80,True,1.0,1.0,1.0,0.029629630512661403,0.3777777850627899,0.625925933652454,36.33333327372869,0.0,0.0,0.0,45.0,42.0,45.0,1.0,5.0,5.0,5.0,0.0,1.0,0.0,45.0,0.16666666666666666,0.6111111293236414,0.1666666716337204,15041.11384548611,6096.8359375,3608.453857421875,652.0479125976562,3608.453857421875,652.0479125976562,35.06521886587143
test,dropout030_relay_failure,multi_relation,none,none,none,4,60,EA-RG-MAPPO-S,results/intercept_3d_gate1_hardened_safety_5seed_formal_candidate/runs/multi_relation/bc_ppo_seed4/actor_critic_update_0060.pt,310055,55,checkpoint,100,straight,True,True,80,0.2,1.0,0.3,0,0.0,1,40,80,True,1.0,1.0,1.0,0.029629630512661403,0.35555556416511536,0.6555555621782939,31.551851736836962,0.0,0.0,0.0,45.0,42.0,45.0,1.0,5.0,5.0,5.0,0.0,1.0,0.0,45.0,0.16666666666666666,0.6111111293236414,0.19444445023934046,15050.185275607639,6225.43115234375,3766.840087890625,465.1054992675781,3766.840087890625,649.275146484375,34.862675338983536
test,dropout030_relay_failure,multi_relation,none,none,none,4,60,EA-RG-MAPPO-S,results/intercept_3d_gate1_hardened_safety_5seed_formal_candidate/runs/multi_relation/bc_ppo_seed4/actor_critic_update_0060.pt,310056,56,checkpoint,100,straight,True,True,80,0.2,1.0,0.3,0,0.0,1,40,80,True,1.0,1.0,1.0,0.029629630512661403,0.3703703780968984,0.6592592689726088,37.21111134224468,0.0,0.0,0.0,45.0,42.0,45.0,1.0,5.0,5.0,5.0,0.0,1.0,0.0,45.0,0.16666666666666666,0.6666666865348816,0.19444445023934046,15010.788237847222,6049.26416015625,3610.74365234375,445.4747314453125,3610.74365234375,445.4747314453125,35.175743371248245
test,dropout030_relay_failure,multi_relation,none,none,none,4,60,EA-RG-MAPPO-S,results/intercept_3d_gate1_hardened_safety_5seed_formal_candidate/runs/multi_relation/bc_ppo_seed4/actor_critic_update_0060.pt,310057,57,checkpoint,100,straight,True,True,80,0.2,1.0,0.3,0,0.0,1,40,80,True,1.0,1.0,1.0,0.029629630512661403,0.37777778572506376,0.7111111170715756,38.24444450603591,0.0,0.0,0.0,45.0,42.0,45.0,1.0,5.0,5.0,5.0,0.0,1.0,0.0,45.0,0.16666666666666666,0.6666666865348816,0.19444445023934046,15004.040288628472,5992.17578125,3678.865234375,318.40191650390625,3678.865234375,419.71527099609375,35.66891810297966
test,dropout030_relay_failure,multi_relation,none,none,none,4,60,EA-RG-MAPPO-S,results/intercept_3d_gate1_hardened_safety_5seed_formal_candidate/runs/multi_relation/bc_ppo_seed4/actor_critic_update_0060.pt,310060,60,checkpoint,100,straight,True,True,80,0.2,1.0,0.3,0,0.0,1,40,80,True,1.0,1.0,1.0,0.029629630512661403,0.3703703780968984,0.7222222278515498,35.25185162723064,0.0,0.0,0.0,45.0,42.0,45.0,1.0,5.0,5.0,5.0,0.0,1.0,0.0,45.0,0.16666666666666666,0.6111111293236414,0.2777777860562007,15041.396419270834,6139.009765625,3709.21240234375,319.2528381347656,3709.21240234375,319.2528381347656,35.692387998104095
test,dropout030_relay_failure,multi_relation,none,none,none,4,60,EA-RG-MAPPO-S,results/intercept_3d_gate1_hardened_safety_5seed_formal_candidate/runs/multi_relation/bc_ppo_seed4/actor_critic_update_0060.pt,310062,62,checkpoint,100,straight,True,True,80,0.2,1.0,0.3,0,0.0,1,40,80,True,1.0,1.0,1.0,0.029629630512661403,0.37777778572506376,0.6740740812487073,38.19259264800284,0.0,0.0,0.0,45.0,42.0,45.0,1.0,5.0,5.0,5.0,0.0,1.0,0.0,45.0,0.16666666666666666,0.6666666865348816,0.1666666716337204,15033.25334201389,6005.97900390625,3486.779052734375,561.7785034179688,3486.779052734375,985.1279296875,35.37023991346359
test,dropout030_relay_failure,multi_relation,none,none,none,4,60,EA-RG-MAPPO-S,results/intercept_3d_gate1_hardened_safety_5seed_formal_candidate/runs/multi_relation/bc_ppo_seed4/actor_critic_update_0060.pt,310064,64,checkpoint,100,straight,True,True,80,0.2,1.0,0.3,0,0.0,1,40,80,True,1.0,1.0,1.0,0.029629630512661403,0.34814815521240233,0.6777777844005161,38.27037009331915,0.0,0.0,0.0,45.0,42.0,45.0,1.0,5.0,5.0,5.0,0.0,1.0,0.0,45.0,0.16666666666666666,0.5000000149011612,0.11111111442248027,15025.331922743055,6173.51123046875,3815.107177734375,837.3314819335938,3815.107177734375,837.3314819335938,34.834189772605896
test,dropout030_relay_failure,multi_relation,none,none,none,4,60,EA-RG-MAPPO-S,results/intercept_3d_gate1_hardened_safety_5seed_formal_candidate/runs/multi_relation/bc_ppo_seed4/actor_critic_update_0060.pt,310065,65,checkpoint,100,straight,True,True,80,0.2,1.0,0.3,0,0.0,1,40,80,True,1.0,1.0,1.0,0.029629630512661403,0.3185185273488363,0.6851851916975445,33.3703700919946,0.0,0.0,0.0,45.0,42.0,45.0,1.0,5.0,5.0,5.0,0.0,1.0,0.0,45.0,0.16666666666666666,0.4444444576899211,0.19444445023934046,15120.005523003472,6423.23974609375,3717.298095703125,679.3169555664062,3717.298095703125,699.1231079101562,34.23134580254555
test,dropout030_relay_failure,multi_relation,none,none,none,4,60,EA-RG-MAPPO-S,results/intercept_3d_gate1_hardened_safety_5seed_formal_candidate/runs/multi_relation/bc_ppo_seed4/actor_critic_update_0060.pt,310069,69,checkpoint,100,straight,True,True,80,0.2,1.0,0.3,0,0.0,1,40,80,True,1.0,1.0,1.0,0.029629630512661403,0.3925925996568468,0.6925926023059421,35.34814819991588,0.0,0.0,0.0,45.0,42.0,45.0,1.0,5.0,5.0,5.0,0.0,1.0,0.0,45.0,0.16666666666666666,0.6666666865348816,0.3055555646618207,15012.414811197918,5888.92822265625,3462.833740234375,339.8420715332031,3462.833740234375,339.8420715332031,36.14995801448822
test,dropout030_relay_failure,multi_relation,none,none,none,4,60,EA-RG-MAPPO-S,results/intercept_3d_gate1_hardened_safety_5seed_formal_candidate/runs/multi_relation/bc_ppo_seed4/actor_critic_update_0060.pt,310071,71,checkpoint,100,straight,True,True,80,0.2,1.0,0.3,0,0.0,1,40,80,True,1.0,1.0,1.0,0.029629630512661403,0.3629629711310069,0.66296297079987,34.529629767272205,0.0,0.0,0.0,45.0,42.0,45.0,1.0,5.0,5.0,5.0,0.0,1.0,0.0,45.0,0.16666666666666666,0.6666666865348816,0.3055555646618207,15018.295496961806,6037.84521484375,3641.048583984375,568.1859130859375,3641.048583984375,1259.4912109375,35.0477380156517
test,dropout030_relay_failure,multi_relation,none,none,none,4,60,EA-RG-MAPPO-S,results/intercept_3d_gate1_hardened_safety_5seed_formal_candidate/runs/multi_relation/bc_ppo_seed4/actor_critic_update_0060.pt,310075,75,checkpoint,100,straight,True,True,80,0.2,1.0,0.3,0,0.0,1,40,80,True,1.0,1.0,1.0,0.029629630512661403,0.3555555648273892,0.6851851920286814,34.3851849903663,0.0,0.0,0.0,45.0,42.0,45.0,1.0,5.0,5.0,5.0,0.0,1.0,0.0,45.0,0.16666666666666666,0.6666666865348816,0.2777777860562007,15105.463042534722,6282.974609375,3693.203125,241.84365844726562,3693.203125,762.7479248046875,34.88329854607582
test,dropout030_relay_failure,multi_relation,none,none,none,4,60,EA-RG-MAPPO-S,results/intercept_3d_gate1_hardened_safety_5seed_formal_candidate/runs/multi_relation/bc_ppo_seed4/actor_critic_update_0060.pt,310076,76,checkpoint,100,straight,True,True,80,0.2,1.0,0.3,0,0.0,1,40,80,True,1.0,1.0,1.0,0.029629630512661403,0.3703703787591722,0.6481481545501285,33.43703698449664,0.0,0.0,0.0,45.0,42.0,45.0,1.0,5.0,5.0,5.0,0.0,1.0,0.0,45.0,0.16666666666666666,0.6666666865348816,0.2777777860562007,15031.835134548612,5944.22705078125,3416.72216796875,742.9437866210938,3416.72216796875,1525.0809326171875,35.26068323850632
test,dropout030_relay_failure,multi_relation,none,none,none,4,60,EA-RG-MAPPO-S,results/intercept_3d_gate1_hardened_safety_5seed_formal_candidate/runs/multi_relation/bc_ppo_seed4/actor_critic_update_0060.pt,310083,83,checkpoint,100,straight,True,True,80,0.2,1.0,0.3,0,0.0,1,40,80,True,1.0,1.0,1.0,0.029629630512661403,0.3703703787591722,0.700000007947286,34.34444438384639,0.0,0.0,0.0,45.0,42.0,45.0,1.0,5.0,5.0,5.0,0.0,1.0,0.0,45.0,0.16666666666666666,0.6666666865348816,0.19444445023934046,15020.820746527777,6028.69873046875,3601.090576171875,376.7286682128906,3601.090576171875,1049.1455078125,35.52017819881439
test,dropout030_relay_failure,multi_relation,none,none,none,4,60,EA-RG-MAPPO-S,results/intercept_3d_gate1_hardened_safety_5seed_formal_candidate/runs/multi_relation/bc_ppo_seed4/actor_critic_update_0060.pt,310084,84,checkpoint,100,straight,True,True,80,0.2,1.0,0.3,0,0.0,1,40,80,True,1.0,1.0,1.0,0.029629630512661403,0.37777778572506376,0.6370370457569758,33.462963024112916,0.0,0.0,0.0,45.0,42.0,45.0,1.0,5.0,5.0,5.0,0.0,1.0,0.0,45.0,0.16666666666666666,0.6666666865348816,0.19444445023934046,15015.572808159723,6014.35693359375,3642.542236328125,568.4727783203125,3642.542236328125,644.0462036132812,35.30574372410774
test,dropout030_relay_failure,multi_relation,none,none,none,4,60,EA-RG-MAPPO-S,results/intercept_3d_gate1_hardened_safety_5seed_formal_candidate/runs/multi_relation/bc_ppo_seed4/actor_critic_update_0060.pt,310093,93,checkpoint,100,straight,True,True,80,0.2,1.0,0.3,0,0.0,1,40,80,True,1.0,1.0,1.0,0.029629630512661403,0.3555555648273892,0.6814814892080095,32.4555557227797,0.0,0.0,0.0,45.0,42.0,45.0,1.0,5.0,5.0,5.0,0.0,1.0,0.0,45.0,0.16666666666666666,0.6666666865348816,0.3055555646618207,15108.856532118056,6273.70947265625,3746.862060546875,565.37451171875,3746.862060546875,1162.5438232421875,34.95542901754379
test,dropout030_relay_failure,multi_relation,none,none,none,4,60,EA-RG-MAPPO-S,results/intercept_3d_gate1_hardened_safety_5seed_formal_candidate/runs/multi_relation/bc_ppo_seed4/actor_critic_update_0060.pt,310095,95,checkpoint,100,straight,True,True,80,0.2,1.0,0.3,0,0.0,1,40,80,True,1.0,1.0,1.0,0.029629630512661403,0.36296297046873305,0.700000007947286,34.2666666974624,0.0,0.0,0.0,45.0,42.0,45.0,1.0,5.0,5.0,5.0,0.0,1.0,0.0,45.0,0.16666666666666666,0.6111111293236414,0.22222222884496054,15062.719097222222,6042.025390625,3840.39208984375,587.7567138671875,3840.39208984375,915.029296875,35.51901423931122
test,dropout030_relay_failure,multi_relation,none,none,none,4,60,EA-RG-MAPPO-S,results/intercept_3d_gate1_hardened_safety_5seed_formal_candidate/runs/multi_relation/bc_ppo_seed4/actor_critic_update_0060.pt,310099,99,checkpoint,100,straight,True,True,80,0.2,1.0,0.3,0,0.0,1,40,80,True,1.0,1.0,1.0,0.029629630512661403,0.3629629717932807,0.6962963044643402,35.281481675306956,0.0,0.0,0.0,45.0,42.0,45.0,1.0,5.0,5.0,5.0,0.0,1.0,0.0,45.0,0.16666666666666666,0.6666666865348816,0.19444445023934046,15082.110709635417,6192.85888671875,3790.267333984375,355.9714050292969,3790.267333984375,809.1983032226562,35.30386361479759
test,dropout030_relay_failure,multi_relation,none,none,none,4,60,EA-RG-MAPPO-S,results/intercept_3d_gate1_hardened_safety_5seed_formal_candidate/runs/multi_relation/bc_ppo_seed4/actor_critic_update_0060.pt,310063,63,checkpoint,100,straight,True,True,80,0.2,1.0,0.3,0,0.0,1,40,80,True,1.0,1.0,1.0,0.028985508110212242,0.3623188494340233,0.6775362387947415,33.82246375861375,0.0,0.0,0.0,46.0,43.0,46.0,1.0,6.0,6.0,6.0,0.0,1.0,0.0,46.0,0.14285714285714285,0.6666666865348816,0.23809524519102915,14883.267737347147,6012.25,3665.7265625,250.1837615966797,3665.7265625,1078.504638671875,35.36744958162308
test,dropout030_relay_failure,multi_relation,none,none,none,4,60,EA-RG-MAPPO-S,results/intercept_3d_gate1_hardened_safety_5seed_formal_candidate/runs/multi_relation/bc_ppo_seed4/actor_critic_update_0060.pt,310067,67,checkpoint,100,straight,True,True,80,0.2,1.0,0.3,0,0.0,1,40,80,True,1.0,1.0,1.0,0.028985508110212242,0.3623188500818999,0.6920289931737859,32.68115952902514,0.0,0.0,0.0,46.0,43.0,46.0,1.0,6.0,6.0,6.0,0.0,1.0,0.0,46.0,0.14285714285714285,0.6666666865348816,0.23809524519102915,14905.811852496603,6101.35205078125,3828.195068359375,532.8616333007812,3828.195068359375,1186.1878662109375,35.48821598291397
test,dropout030_relay_failure,multi_relation,none,none,none,4,60,EA-RG-MAPPO-S,results/intercept_3d_gate1_hardened_safety_5seed_formal_candidate/runs/multi_relation/bc_ppo_seed4/actor_critic_update_0060.pt,310068,68,checkpoint,100,straight,True,True,80,0.2,1.0,0.3,0,0.0,1,40,80,True,1.0,1.0,1.0,0.028985508110212242,0.31884058791658154,0.6702898617671884,34.666666890616,0.0,0.0,0.0,46.0,43.0,46.0,1.0,6.0,6.0,6.0,0.0,1.0,0.0,46.0,0.14285714285714285,0.38095239230564665,0.21428572067192622,14925.005731997282,6101.390625,3433.113525390625,836.4100952148438,3433.113525390625,836.4100952148438,34.58632427453995
test,dropout030_relay_failure,multi_relation,none,none,none,4,60,EA-RG-MAPPO-S,results/intercept_3d_gate1_hardened_safety_5seed_formal_candidate/runs/multi_relation/bc_ppo_seed4/actor_critic_update_0060.pt,310073,73,checkpoint,100,straight,True,True,80,0.2,1.0,0.3,0,0.0,1,40,80,True,1.0,1.0,1.0,0.028985508110212242,0.3768116021933763,0.6594202971976736,35.73550694176684,0.0,0.0,0.0,46.0,43.0,46.0,1.0,6.0,6.0,6.0,0.0,1.0,0.0,46.0,0.14285714285714285,0.6666666865348816,0.21428572067192622,14820.736444887907,5767.09130859375,3455.7119140625,200.4381103515625,3455.7119140625,340.54022216796875,35.701521307229996
test,dropout030_relay_failure,multi_relation,none,none,none,4,60,EA-RG-MAPPO-S,results/intercept_3d_gate1_hardened_safety_5seed_formal_candidate/runs/multi_relation/bc_ppo_seed4/actor_critic_update_0060.pt,310074,74,checkpoint,100,straight,True,True,80,0.2,1.0,0.3,0,0.0,1,40,80,True,1.0,1.0,1.0,0.028985508110212242,0.3115942121847816,0.6847826154983562,32.739130436726235,0.0,0.0,0.0,46.0,43.0,46.0,1.0,6.0,6.0,6.0,0.0,1.0,0.0,46.0,0.14285714285714285,0.4761904903820583,0.23809524519102915,15011.983992866848,6351.39599609375,3747.770751953125,519.0985717773438,3747.770751953125,937.8858032226562,34.31314545869827
test,dropout030_relay_failure,multi_relation,none,none,none,4,60,EA-RG-MAPPO-S,results/intercept_3d_gate1_hardened_safety_5seed_formal_candidate/runs/multi_relation/bc_ppo_seed4/actor_critic_update_0060.pt,310080,80,checkpoint,100,straight,True,True,80,0.2,1.0,0.3,0,0.0,1,40,80,True,1.0,1.0,1.0,0.028985508110212242,0.3333333419716876,0.6521739211419354,33.83333326617013,0.0,0.0,0.0,46.0,43.0,46.0,1.0,6.0,6.0,6.0,0.0,1.0,0.0,46.0,0.14285714285714285,0.4761904903820583,0.21428572067192622,14902.04634425951,6028.28515625,3575.247802734375,460.47930908203125,3575.247802734375,460.47930908203125,34.783612817525864
test,dropout030_relay_failure,multi_relation,none,none,none,4,60,EA-RG-MAPPO-S,results/intercept_3d_gate1_hardened_safety_5seed_formal_candidate/runs/multi_relation/bc_ppo_seed4/actor_critic_update_0060.pt,310082,82,checkpoint,100,straight,True,True,80,0.2,1.0,0.3,0,0.0,1,40,80,True,1.0,1.0,1.0,0.028985508110212242,0.3405797196471173,0.6268116002497466,32.92391271111758,0.0,0.0,0.0,46.0,43.0,46.0,1.0,6.0,6.0,6.0,0.0,1.0,0.0,46.0,0.14285714285714285,0.5714285884584699,0.14285714711461747,14931.430802055027,6166.37646484375,3640.575439453125,572.2355346679688,3640.575439453125,1256.3087158203125,34.39505562186241
test,dropout030_relay_failure,multi_relation,none,none,none,4,60,EA-RG-MAPPO-S,results/intercept_3d_gate1_hardened_safety_5seed_formal_candidate/runs/multi_relation/bc_ppo_seed4/actor_critic_update_0060.pt,310087,87,checkpoint,100,straight,True,True,80,0.2,1.0,0.3,0,0.0,1,40,80,True,1.0,1.0,1.0,0.028985508110212242,0.304347834509352,0.7318840652056362,33.84057993053094,0.0,0.0,0.0,46.0,43.0,46.0,1.0,6.0,6.0,6.0,0.0,1.0,0.0,46.0,0.14285714285714285,0.3333333432674408,0.21428572067192622,14982.745106572691,6453.17578125,3958.8037109375,588.9242553710938,3958.8037109375,588.9242553710938,34.59270021319389
test,dropout030_relay_failure,multi_relation,none,none,none,4,60,EA-RG-MAPPO-S,results/intercept_3d_gate1_hardened_safety_5seed_formal_candidate/runs/multi_relation/bc_ppo_seed4/actor_critic_update_0060.pt,310090,90,checkpoint,100,straight,True,True,80,0.2,1.0,0.3,0,0.0,1,40,80,True,1.0,1.0,1.0,0.028985508110212242,0.3623188500818999,0.6739130522245946,33.71739128005245,0.0,0.0,0.0,46.0,43.0,46.0,1.0,6.0,6.0,6.0,0.0,1.0,0.0,46.0,0.14285714285714285,0.6666666865348816,0.19047619615282332,14929.670526919157,6062.08056640625,3709.328125,621.83740234375,3709.328125,1183.5498046875,35.32832404971123
test,dropout030_relay_failure,multi_relation,none,none,none,4,60,EA-RG-MAPPO-S,results/intercept_3d_gate1_hardened_safety_5seed_formal_candidate/runs/multi_relation/bc_ppo_seed4/actor_critic_update_0060.pt,310094,94,checkpoint,100,straight,True,True,80,0.2,1.0,0.3,0,0.0,1,40,80,True,1.0,1.0,1.0,0.028985508110212242,0.3550724717585937,0.6666666732534118,37.49275370104157,0.0,0.0,0.0,46.0,43.0,46.0,1.0,6.0,6.0,6.0,0.0,1.0,0.0,46.0,0.14285714285714285,0.5238095394202641,0.19047619615282332,14860.600755774456,5924.18359375,3609.767822265625,618.2411499023438,3609.767822265625,627.6378173828125,35.20800098776817
test,dropout030_relay_failure,multi_relation,none,none,none,4,60,EA-RG-MAPPO-S,results/intercept_3d_gate1_hardened_safety_5seed_formal_candidate/runs/multi_relation/bc_ppo_seed4/actor_critic_update_0060.pt,310096,96,checkpoint,100,straight,True,True,80,0.2,1.0,0.3,0,0.0,1,40,80,True,1.0,1.0,1.0,0.028985508110212242,0.3695652258136998,0.6956521794199944,37.41666652553755,0.0,0.0,0.0,46.0,43.0,46.0,1.0,6.0,6.0,6.0,0.0,1.0,0.0,46.0,0.14285714285714285,0.6666666865348816,0.1666666716337204,14847.282077955164,5802.93603515625,3526.7158203125,686.84716796875,3526.7158203125,1380.7840576171875,35.719372510910034
test,dropout030_relay_failure,multi_relation,none,none,none,4,60,EA-RG-MAPPO-S,results/intercept_3d_gate1_hardened_safety_5seed_formal_candidate/runs/multi_relation/bc_ppo_seed4/actor_critic_update_0060.pt,310050,50,checkpoint,100,straight,True,True,80,0.2,1.0,0.3,0,0.0,1,40,80,True,1.0,1.0,1.0,0.02836879517169709,0.28368795171697087,0.6453900790594994,37.705673489481846,0.0,0.0,0.0,47.0,44.0,47.0,1.0,7.0,7.0,7.0,0.0,1.0,0.0,47.0,0.125,0.3333333432674408,0.1666666716337204,14911.466505984043,6459.404296875,3793.801025390625,813.6572875976562,3793.801025390625,813.6572875976562,33.54831421375275
test,dropout030_relay_failure,multi_relation,none,none,none,4,60,EA-RG-MAPPO-S,results/intercept_3d_gate1_hardened_safety_5seed_formal_candidate/runs/multi_relation/bc_ppo_seed4/actor_critic_update_0060.pt,310061,61,checkpoint,100,straight,True,True,80,0.2,1.0,0.3,0,0.0,1,40,80,True,1.0,1.0,1.0,0.02836879517169709,0.33333334263334885,0.6241134842659565,32.2304966687522,0.0,0.0,0.0,47.0,44.0,47.0,1.0,7.0,7.0,7.0,0.0,1.0,0.0,47.0,0.125,0.5416666828095913,0.2500000074505806,14805.909990026596,6031.55224609375,3738.74951171875,558.9495849609375,3738.74951171875,1294.98388671875,34.62975087761879
test,dropout030_relay_failure,multi_relation,none,none,none,4,60,EA-RG-MAPPO-S,results/intercept_3d_gate1_hardened_safety_5seed_formal_candidate/runs/multi_relation/bc_ppo_seed4/actor_critic_update_0060.pt,310086,86,checkpoint,100,straight,True,True,80,0.2,1.0,0.3,0,0.0,1,40,80,True,1.0,1.0,1.0,0.02836879517169709,0.3049645480957437,0.5744680955689004,37.75177318840585,0.0,0.0,0.0,47.0,44.0,47.0,1.0,7.0,7.0,7.0,0.0,1.0,0.0,47.0,0.125,0.4583333469927311,0.22916667349636555,14910.102861120346,6463.638671875,3807.539794921875,440.0992431640625,3807.539794921875,1269.9066162109375,33.024381786584854
test,dropout030_relay_failure,multi_relation,none,none,none,4,60,EA-RG-MAPPO-S,results/intercept_3d_gate1_hardened_safety_5seed_formal_candidate/runs/multi_relation/bc_ppo_seed4/actor_critic_update_0060.pt,310089,89,checkpoint,100,straight,True,True,80,0.2,1.0,0.3,0,0.0,1,40,80,True,1.0,1.0,1.0,0.02836879517169709,0.33333334263334885,0.6134751863936161,32.485815876658926,0.0,0.0,0.0,47.0,44.0,47.0,1.0,7.0,7.0,7.0,0.0,1.0,0.0,47.0,0.125,0.5416666828095913,0.27083334140479565,14780.23591256649,6046.47607421875,3683.61572265625,412.9288635253906,3683.61572265625,1185.678466796875,34.48394390940666
test,dropout030_relay_failure,multi_relation,none,none,none,4,60,EA-RG-MAPPO-S,results/intercept_3d_gate1_hardened_safety_5seed_formal_candidate/runs/multi_relation/bc_ppo_seed4/actor_critic_update_0060.pt,310098,98,checkpoint,100,straight,True,True,80,0.2,1.0,0.3,0,0.0,1,40,80,True,1.0,1.0,1.0,0.02836879517169709,0.3262411438404246,0.6773049698231068,35.90070929520942,0.0,0.0,0.0,47.0,44.0,47.0,1.0,7.0,7.0,7.0,0.0,1.0,0.0,47.0,0.125,0.5000000149011612,0.14583333767950535,14811.161641871675,6097.41357421875,3551.321533203125,497.6103515625,3551.321533203125,1388.1419677734375,34.79895254969597
test,dropout030_relay_failure,multi_relation,none,none,none,4,60,EA-RG-MAPPO-S,results/intercept_3d_gate1_hardened_safety_5seed_formal_candidate/runs/multi_relation/bc_ppo_seed4/actor_critic_update_0060.pt,310051,51,checkpoint,100,straight,True,True,80,0.2,1.0,0.3,0,0.0,1,40,80,True,1.0,1.0,1.0,0.027777778605620067,0.3333333432674408,0.7013888955116272,34.406249896002315,0.0,0.0,0.0,48.0,45.0,48.0,1.0,8.0,8.0,8.0,0.0,1.0,0.0,48.0,0.1111111111111111,0.6666666865348816,0.22222222884496054,14791.289855957031,6233.53369140625,3883.7841796875,721.4260864257812,3883.7841796875,2474.5703125,35.13194897770882
test,dropout030_relay_failure,multi_relation,none,none,none,4,60,EA-RG-MAPPO-S,results/intercept_3d_gate1_hardened_safety_5seed_formal_candidate/runs/multi_relation/bc_ppo_seed4/actor_critic_update_0060.pt,310072,72,checkpoint,100,straight,True,True,80,0.2,1.0,0.3,0,0.0,1,40,80,True,1.0,1.0,1.0,0.027777778605620067,0.28472223070760566,0.6631944517915448,36.15277774104228,0.0,0.0,0.0,48.0,45.0,48.0,1.0,8.0,8.0,8.0,0.0,1.0,0.0,48.0,0.1111111111111111,0.3333333432674408,0.2592592669857873,14736.915618896484,6423.16650390625,3905.980224609375,614.0233764648438,3905.980224609375,719.3226928710938,33.867399752140045
test,dropout030_relay_failure,no_task_support,no_task_support,none,none,0,60,no_task_support,results/intercept_3d_gate1_hardened_safety_no_task_support_5seed_fixed_update60_candidate/runs/multi_relation/bc_ppo_seed0/actor_critic_update_0060.pt,310001,1,checkpoint,100,straight,True,True,80,0.2,1.0,0.3,0,0.0,1,40,80,True,1.0,1.0,1.0,0.03030303120613098,0.4242424287579276,0.6780303093520078,47.78409082340923,0.0,0.0,0.0,44.0,41.0,44.0,1.0,4.0,4.0,4.0,0.0,1.0,0.0,44.0,0.2,1.0,0.20000000596046447,15113.922962535511,5653.27978515625,3634.346923828125,2559.34375,3634.346923828125,2559.34375,36.26413533091545
test,dropout030_relay_failure,no_task_support,no_task_support,none,none,0,60,no_task_support,results/intercept_3d_gate1_hardened_safety_no_task_support_5seed_fixed_update60_candidate/runs/multi_relation/bc_ppo_seed0/actor_critic_update_0060.pt,310002,2,checkpoint,100,straight,True,True,80,0.2,1.0,0.3,0,0.0,1,40,80,True,1.0,1.0,1.0,0.03030303120613098,0.4166666716337204,0.6287878893993117,52.72727278450673,0.0,0.0,0.0,44.0,41.0,44.0,1.0,4.0,4.0,4.0,0.0,1.0,0.0,44.0,0.2,1.0,0.26666667461395266,15260.323874733665,5911.13525390625,3380.1572265625,2226.92919921875,3380.1572265625,2226.92919921875,35.306609734892845
test,dropout030_relay_failure,no_task_support,no_task_support,none,none,0,60,no_task_support,results/intercept_3d_gate1_hardened_safety_no_task_support_5seed_fixed_update60_candidate/runs/multi_relation/bc_ppo_seed0/actor_critic_update_0060.pt,310005,5,checkpoint,100,straight,True,True,80,0.2,1.0,0.3,0,0.0,1,40,80,True,1.0,1.0,1.0,0.03030303120613098,0.40909091383218765,0.6060606136240743,57.73863630707968,0.0,0.0,0.0,44.0,41.0,44.0,1.0,4.0,4.0,4.0,0.0,1.0,0.0,44.0,0.2,1.0,0.26666667461395266,15179.579134854403,5794.22216796875,3822.333984375,3178.341796875,3822.333984375,3178.341796875,34.79710838198662
test,dropout030_relay_failure,no_task_support,no_task_support,none,none,0,60,no_task_support,results/intercept_3d_gate1_hardened_safety_no_task_support_5seed_fixed_update60_candidate/runs/multi_relation/bc_ppo_seed0/actor_critic_update_0060.pt,310014,14,checkpoint,100,straight,True,True,80,0.2,1.0,0.3,0,0.0,1,40,80,True,1.0,1.0,1.0,0.03030303120613098,0.40909091383218765,0.6553030393340371,49.90530297498811,0.0,0.0,0.0,44.0,41.0,44.0,1.0,4.0,4.0,4.0,0.0,1.0,0.0,44.0,0.2,1.0,0.26666667461395266,15151.534656871449,5708.984375,3791.1298828125,2539.236083984375,3791.1298828125,2539.236083984375,35.64519941806793
test,dropout030_relay_failure,no_task_support,no_task_support,none,none,0,60,no_task_support,results/intercept_3d_gate1_hardened_safety_no_task_support_5seed_fixed_update60_candidate/runs/multi_relation/bc_ppo_seed0/actor_critic_update_0060.pt,310017,17,checkpoint,100,straight,True,True,80,0.2,1.0,0.3,0,0.0,1,40,80,True,1.0,1.0,1.0,0.03030303120613098,0.4166666716337204,0.6515151594172824,43.03030282462185,0.0,0.0,0.0,44.0,41.0,44.0,1.0,4.0,4.0,4.0,0.0,1.0,0.0,44.0,0.2,1.0,0.26666667461395266,15164.996038263494,5689.79345703125,3398.931396484375,2344.09619140625,3398.931396484375,2344.09619140625,36.05638566613197
test,dropout030_relay_failure,no_task_support,no_task_support,none,none,0,60,no_task_support,results/intercept_3d_gate1_hardened_safety_no_task_support_5seed_fixed_update60_candidate/runs/multi_relation/bc_ppo_seed0/actor_critic_update_0060.pt,310019,19,checkpoint,100,straight,True,True,80,0.2,1.0,0.3,0,0.0,1,40,80,True,1.0,1.0,1.0,0.03030303120613098,0.40909091383218765,0.6931818269870498,50.69696978310292,0.0,0.0,0.0,44.0,41.0,44.0,1.0,4.0,4.0,4.0,0.0,1.0,0.0,44.0,0.2,1.0,0.26666667461395266,15150.672307794744,5664.322265625,3828.195556640625,2716.783203125,3828.195556640625,2716.783203125,35.98463875055313
test,dropout030_relay_failure,no_task_support,no_task_support,none,none,0,60,no_task_support,results/intercept_3d_gate1_hardened_safety_no_task_support_5seed_fixed_update60_candidate/runs/multi_relation/bc_ppo_seed0/actor_critic_update_0060.pt,310024,24,checkpoint,100,straight,True,True,80,0.2,1.0,0.3,0,0.0,1,40,80,True,1.0,1.0,1.0,0.03030303120613098,0.40909091383218765,0.6477272808551788,56.71212112632665,0.0,0.0,0.0,44.0,41.0,44.0,1.0,4.0,4.0,4.0,0.0,1.0,0.0,44.0,0.2,1.0,0.1666666716337204,15156.874300870028,5715.87109375,3834.980712890625,3021.01416015625,3834.980712890625,3021.01416015625,35.264628529548645
test,dropout030_relay_failure,no_task_support,no_task_support,none,none,0,60,no_task_support,results/intercept_3d_gate1_hardened_safety_no_task_support_5seed_fixed_update60_candidate/runs/multi_relation/bc_ppo_seed0/actor_critic_update_0060.pt,310026,26,checkpoint,100,straight,True,True,80,0.2,1.0,0.3,0,0.0,1,40,80,True,1.0,1.0,1.0,0.03030303120613098,0.4166666716337204,0.6553030376407233,52.70833328027617,0.0,0.0,0.0,44.0,41.0,44.0,1.0,4.0,4.0,4.0,0.0,1.0,0.0,44.0,0.2,1.0,0.1666666716337204,15137.982987837358,5716.54443359375,3859.809814453125,2772.294677734375,3859.809814453125,2772.294677734375,35.73378297686577
test,dropout030_relay_failure,no_task_support,no_task_support,none,none,0,60,no_task_support,results/intercept_3d_gate1_hardened_safety_no_task_support_5seed_fixed_update60_candidate/runs/multi_relation/bc_ppo_seed0/actor_critic_update_0060.pt,310029,29,checkpoint,100,straight,True,True,80,0.2,1.0,0.3,0,0.0,1,40,80,True,1.0,1.0,1.0,0.03030303120613098,0.40909091383218765,0.7045454599640586,52.6363632066006,0.0,0.0,0.0,44.0,41.0,44.0,1.0,4.0,4.0,4.0,0.0,1.0,0.0,44.0,0.2,1.0,0.23333334028720856,15159.565651633522,5720.64794921875,3684.995361328125,2757.760986328125,3684.995361328125,2757.760986328125,35.937372505664825
test,dropout030_relay_failure,no_task_support,no_task_support,none,none,0,60,no_task_support,results/intercept_3d_gate1_hardened_safety_no_task_support_5seed_fixed_update60_candidate/runs/multi_relation/bc_ppo_seed0/actor_critic_update_0060.pt,310034,34,checkpoint,100,straight,True,True,80,0.2,1.0,0.3,0,0.0,1,40,80,True,1.0,1.0,1.0,0.03030303120613098,0.4242424287579276,0.6704545532437888,45.90151477537372,0.0,0.0,0.0,44.0,41.0,44.0,1.0,4.0,4.0,4.0,0.0,1.0,0.0,44.0,0.2,1.0,0.20000000596046447,15108.214777166193,5613.560546875,3768.726318359375,2486.506103515625,3768.726318359375,2486.506103515625,36.32660534977913
test,dropout030_relay_failure,no_task_support,no_task_support,none,none,0,60,no_task_support,results/intercept_3d_gate1_hardened_safety_no_task_support_5seed_fixed_update60_candidate/runs/multi_relation/bc_ppo_seed0/actor_critic_update_0060.pt,310042,42,checkpoint,100,straight,True,True,80,0.2,1.0,0.3,0,0.0,1,40,80,True,1.0,1.0,1.0,0.03030303120613098,0.4242424287579276,0.6401515233923089,50.75757567008788,0.0,0.0,0.0,44.0,41.0,44.0,1.0,4.0,4.0,4.0,0.0,1.0,0.0,44.0,0.2,1.0,0.23333334028720856,15110.329556551847,5634.64697265625,3746.416259765625,2638.343505859375,3746.416259765625,2638.343505859375,35.821449130773544
test,dropout030_relay_failure,no_task_support,no_task_support,none,none,0,60,no_task_support,results/intercept_3d_gate1_hardened_safety_no_task_support_5seed_fixed_update60_candidate/runs/multi_relation/bc_ppo_seed0/actor_critic_update_0060.pt,310048,48,checkpoint,100,straight,True,True,80,0.2,1.0,0.3,0,0.0,1,40,80,True,1.0,1.0,1.0,0.03030303120613098,0.40909091383218765,0.6590909178961407,50.73863619024103,0.0,0.0,0.0,44.0,41.0,44.0,1.0,4.0,4.0,4.0,0.0,1.0,0.0,44.0,0.2,1.0,0.3000000089406967,15144.175270774147,5638.43603515625,3604.326904296875,2995.73486328125,3604.326904296875,2995.73486328125,35.7018563747406
test,dropout030_relay_failure,no_task_support,no_task_support,none,none,0,60,no_task_support,results/intercept_3d_gate1_hardened_safety_no_task_support_5seed_fixed_update60_candidate/runs/multi_relation/bc_ppo_seed0/actor_critic_update_0060.pt,310003,3,checkpoint,100,straight,True,True,80,0.2,1.0,0.3,0,0.0,1,40,80,True,1.0,1.0,1.0,0.029629630512661403,0.42222222685813904,0.7037037117613687,57.33333302007781,0.0,0.0,0.0,45.0,42.0,45.0,1.0,5.0,5.0,5.0,0.0,1.0,0.0,45.0,0.16666666666666666,1.0,0.2500000074505806,14949.454459635417,5291.51953125,3799.244140625,3276.558349609375,3799.244140625,3276.558349609375,36.667635440826416
test,dropout030_relay_failure,no_task_support,no_task_support,none,none,0,60,no_task_support,results/intercept_3d_gate1_hardened_safety_no_task_support_5seed_fixed_update60_candidate/runs/multi_relation/bc_ppo_seed0/actor_critic_update_0060.pt,310004,4,checkpoint,100,straight,True,True,80,0.2,1.0,0.3,0,0.0,1,40,80,True,1.0,1.0,1.0,0.029629630512661403,0.4296296338240306,0.6481481555435392,47.814814789758785,0.0,0.0,0.0,45.0,42.0,45.0,1.0,5.0,5.0,5.0,0.0,1.0,0.0,45.0,0.16666666666666666,1.0,0.19444445023934046,14912.736447482639,5224.9287109375,3581.7783203125,2586.124755859375,3581.7783203125,2586.124755859375,36.67476809024811
test,dropout030_relay_failure,no_task_support,no_task_support,none,none,0,60,no_task_support,results/intercept_3d_gate1_hardened_safety_no_task_support_5seed_fixed_update60_candidate/runs/multi_relation/bc_ppo_seed0/actor_critic_update_0060.pt,310006,6,checkpoint,100,straight,True,True,80,0.2,1.0,0.3,0,0.0,1,40,80,True,1.0,1.0,1.0,0.029629630512661403,0.4370370414521959,0.6444444527228673,46.892592485745745,0.0,0.0,0.0,45.0,42.0,45.0,1.0,5.0,5.0,5.0,0.0,1.0,0.0,45.0,0.16666666666666666,1.0,0.19444445023934046,14878.419759114584,5219.13916015625,3984.36328125,2972.365478515625,3984.36328125,2972.365478515625,36.86987555027008
test,dropout030_relay_failure,no_task_support,no_task_support,none,none,0,60,no_task_support,results/intercept_3d_gate1_hardened_safety_no_task_support_5seed_fixed_update60_candidate/runs/multi_relation/bc_ppo_seed0/actor_critic_update_0060.pt,310010,10,checkpoint,100,straight,True,True,80,0.2,1.0,0.3,0,0.0,1,40,80,True,1.0,1.0,1.0,0.029629630512661403,0.42222222685813904,0.6333333439297146,57.44444467226664,0.0,0.0,0.0,45.0,42.0,45.0,1.0,5.0,5.0,5.0,0.0,1.0,0.0,45.0,0.16666666666666666,1.0,0.2500000074505806,14950.254427083333,5318.38916015625,3660.578125,3098.583251953125,3660.578125,3098.583251953125,35.96284285187721
test,dropout030_relay_failure,no_task_support,no_task_support,none,none,0,60,no_task_support,results/intercept_3d_gate1_hardened_safety_no_task_support_5seed_fixed_update60_candidate/runs/multi_relation/bc_ppo_seed0/actor_critic_update_0060.pt,310011,11,checkpoint,100,straight,True,True,80,0.2,1.0,0.3,0,0.0,1,40,80,True,1.0,1.0,1.0,0.029629630512661403,0.4370370414521959,0.6296296384599473,50.77777788970206,0.0,0.0,0.0,45.0,42.0,45.0,1.0,5.0,5.0,5.0,0.0,1.0,0.0,45.0,0.16666666666666666,1.0,0.2500000074505806,14915.537532552084,5288.2099609375,3623.858154296875,2604.2509765625,3623.858154296875,2604.2509765625,36.514186322689056
test,dropout030_relay_failure,no_task_support,no_task_support,none,none,0,60,no_task_support,results/intercept_3d_gate1_hardened_safety_no_task_support_5seed_fixed_update60_candidate/runs/multi_relation/bc_ppo_seed0/actor_critic_update_0060.pt,310016,16,checkpoint,100,straight,True,True,80,0.2,1.0,0.3,0,0.0,1,40,80,True,1.0,1.0,1.0,0.029629630512661403,0.4370370414521959,0.6481481571992238,44.90740775267283,0.0,0.0,0.0,45.0,42.0,45.0,1.0,5.0,5.0,5.0,0.0,1.0,0.0,45.0,0.16666666666666666,1.0,0.2500000074505806,14866.314268663195,5181.80029296875,3662.5771484375,2408.3291015625,3662.5771484375,2408.3291015625,37.0100961625576
test,dropout030_relay_failure,no_task_support,no_task_support,none,none,0,60,no_task_support,results/intercept_3d_gate1_hardened_safety_no_task_support_5seed_fixed_update60_candidate/runs/multi_relation/bc_ppo_seed0/actor_critic_update_0060.pt,310020,20,checkpoint,100,straight,True,True,80,0.2,1.0,0.3,0,0.0,1,40,80,True,1.0,1.0,1.0,0.029629630512661403,0.4370370414521959,0.6592592673169242,48.80740712583065,0.0,0.0,0.0,45.0,42.0,45.0,1.0,5.0,5.0,5.0,0.0,1.0,0.0,45.0,0.16666666666666666,1.0,0.2500000074505806,14874.063682725695,5194.60693359375,3754.330322265625,3488.11083984375,3754.330322265625,3488.11083984375,37.00044456124306
test,dropout030_relay_failure,no_task_support,no_task_support,none,none,0,60,no_task_support,results/intercept_3d_gate1_hardened_safety_no_task_support_5seed_fixed_update60_candidate/runs/multi_relation/bc_ppo_seed0/actor_critic_update_0060.pt,310028,28,checkpoint,100,straight,True,True,80,0.2,1.0,0.3,0,0.0,1,40,80,True,1.0,1.0,1.0,0.029629630512661403,0.4370370414521959,0.7259259316656325,41.96296265489525,0.0,0.0,0.0,45.0,42.0,45.0,1.0,5.0,5.0,5.0,0.0,1.0,0.0,45.0,0.16666666666666666,1.0,0.3055555646618207,14854.266970486111,5154.37744140625,3789.4638671875,3139.4697265625,3789.4638671875,3139.4697265625,37.94328919053078
test,dropout030_relay_failure,no_task_support,no_task_support,none,none,0,60,no_task_support,results/intercept_3d_gate1_hardened_safety_no_task_support_5seed_fixed_update60_candidate/runs/multi_relation/bc_ppo_seed0/actor_critic_update_0060.pt,310031,31,checkpoint,100,straight,True,True,80,0.2,1.0,0.3,0,0.0,1,40,80,True,1.0,1.0,1.0,0.029629630512661403,0.4296296338240306,0.6037037140793271,58.396296357446246,0.0,0.0,0.0,45.0,42.0,45.0,1.0,5.0,5.0,5.0,0.0,1.0,0.0,45.0,0.16666666666666666,1.0,0.2500000074505806,14935.11962890625,5294.08544921875,3524.526611328125,3206.54443359375,3524.526611328125,3206.54443359375,35.732901364564896
test,dropout030_relay_failure,no_task_support,no_task_support,none,none,0,60,no_task_support,results/intercept_3d_gate1_hardened_safety_no_task_support_5seed_fixed_update60_candidate/runs/multi_relation/bc_ppo_seed0/actor_critic_update_0060.pt,310035,35,checkpoint,100,straight,True,True,80,0.2,1.0,0.3,0,0.0,1,40,80,True,1.0,1.0,1.0,0.029629630512661403,0.4370370414521959,0.6666666739516788,54.466666495137744,0.0,0.0,0.0,45.0,42.0,45.0,1.0,5.0,5.0,5.0,0.0,1.0,0.0,45.0,0.16666666666666666,1.0,0.13888889302810034,14861.346875,5199.0244140625,3904.966552734375,3086.13134765625,3904.966552734375,3086.13134765625,36.759132623672485
test,dropout030_relay_failure,no_task_support,no_task_support,none,none,0,60,no_task_support,results/intercept_3d_gate1_hardened_safety_no_task_support_5seed_fixed_update60_candidate/runs/multi_relation/bc_ppo_seed0/actor_critic_update_0060.pt,310036,36,checkpoint,100,straight,True,True,80,0.2,1.0,0.3,0,0.0,1,40,80,True,1.0,1.0,1.0,0.029629630512661403,0.4370370414521959,0.6407407485776477,43.081481370660995,0.0,0.0,0.0,45.0,42.0,45.0,1.0,5.0,5.0,5.0,0.0,1.0,0.0,45.0,0.16666666666666666,1.0,0.2500000074505806,14889.77099609375,5246.544921875,3457.45654296875,2148.767822265625,3457.45654296875,2148.767822265625,36.97396895289421
test,dropout030_relay_failure,no_task_support,no_task_support,none,none,0,60,no_task_support,results/intercept_3d_gate1_hardened_safety_no_task_support_5seed_fixed_update60_candidate/runs/multi_relation/bc_ppo_seed0/actor_critic_update_0060.pt,310038,38,checkpoint,100,straight,True,True,80,0.2,1.0,0.3,0,0.0,1,40,80,True,1.0,1.0,1.0,0.029629630512661403,0.4370370414521959,0.6333333406183455,42.096296266052455,0.0,0.0,0.0,45.0,42.0,45.0,1.0,5.0,5.0,5.0,0.0,1.0,0.0,45.0,0.16666666666666666,1.0,0.1666666716337204,14870.635828993056,5123.2529296875,3512.8974609375,2660.256591796875,3512.8974609375,2660.256591796875,37.073285937309265
test,dropout030_relay_failure,no_task_support,no_task_support,none,none,0,60,no_task_support,results/intercept_3d_gate1_hardened_safety_no_task_support_5seed_fixed_update60_candidate/runs/multi_relation/bc_ppo_seed0/actor_critic_update_0060.pt,310039,39,checkpoint,100,straight,True,True,80,0.2,1.0,0.3,0,0.0,1,40,80,True,1.0,1.0,1.0,0.029629630512661403,0.4296296338240306,0.6666666729582681,50.68888861238956,0.0,0.0,0.0,45.0,42.0,45.0,1.0,5.0,5.0,5.0,0.0,1.0,0.0,45.0,0.16666666666666666,1.0,0.3055555646618207,14865.673480902778,5188.9189453125,3862.559814453125,3185.586181640625,3862.559814453125,3185.586181640625,36.77883183956146
test,dropout030_relay_failure,no_task_support,no_task_support,none,none,0,60,no_task_support,results/intercept_3d_gate1_hardened_safety_no_task_support_5seed_fixed_update60_candidate/runs/multi_relation/bc_ppo_seed0/actor_critic_update_0060.pt,310040,40,checkpoint,100,straight,True,True,80,0.2,1.0,0.3,0,0.0,1,40,80,True,1.0,1.0,1.0,0.029629630512661403,0.4296296338240306,0.6925926009813944,62.185184847977425,0.0,0.0,0.0,45.0,42.0,45.0,1.0,5.0,5.0,5.0,0.0,1.0,0.0,45.0,0.16666666666666666,1.0,0.22222222884496054,14946.586121961805,5331.638671875,3500.74560546875,2984.896728515625,3500.74560546875,2984.896728515625,36.41392806172371
test,dropout030_relay_failure,no_task_support,no_task_support,none,none,0,60,no_task_support,results/intercept_3d_gate1_hardened_safety_no_task_support_5seed_fixed_update60_candidate/runs/multi_relation/bc_ppo_seed0/actor_critic_update_0060.pt,310041,41,checkpoint,100,straight,True,True,80,0.2,1.0,0.3,0,0.0,1,40,80,True,1.0,1.0,1.0,0.029629630512661403,0.4370370414521959,0.6148148222102059,44.066666548781924,0.0,0.0,0.0,45.0,42.0,45.0,1.0,5.0,5.0,5.0,0.0,1.0,0.0,45.0,0.16666666666666666,1.0,0.1666666716337204,14869.802007378472,5182.72412109375,3558.1513671875,2490.98388671875,3558.1513671875,2490.98388671875,36.747869819402695
test,dropout030_relay_failure,no_task_support,no_task_support,none,none,0,60,no_task_support,results/intercept_3d_gate1_hardened_safety_no_task_support_5seed_fixed_update60_candidate/runs/multi_relation/bc_ppo_seed0/actor_critic_update_0060.pt,310044,44,checkpoint,100,straight,True,True,80,0.2,1.0,0.3,0,0.0,1,40,80,True,1.0,1.0,1.0,0.029629630512661403,0.4370370414521959,0.6259259329901801,57.548148171438115,0.0,0.0,0.0,45.0,42.0,45.0,1.0,5.0,5.0,5.0,0.0,1.0,0.0,45.0,0.16666666666666666,1.0,0.19444445023934046,14898.25437282986,5284.638671875,3819.98046875,2922.587158203125,3819.98046875,2922.587158203125,36.22792026400566
test,dropout030_relay_failure,no_task_support,no_task_support,none,none,0,60,no_task_support,results/intercept_3d_gate1_hardened_safety_no_task_support_5seed_fixed_update60_candidate/runs/multi_relation/bc_ppo_seed0/actor_critic_update_0060.pt,310049,49,checkpoint,100,straight,True,True,80,0.2,1.0,0.3,0,0.0,1,40,80,True,1.0,1.0,1.0,0.029629630512661403,0.4370370414521959,0.5851851956711875,52.659259567989245,0.0,0.0,0.0,45.0,42.0,45.0,1.0,5.0,5.0,5.0,0.0,1.0,0.0,45.0,0.16666666666666666,1.0,0.2777777860562007,14892.820193142361,5192.83544921875,3626.85693359375,2904.6376953125,3626.85693359375,2904.6376953125,36.08384412527084
test,dropout030_relay_failure,no_task_support,no_task_support,none,none,0,60,no_task_support,results/intercept_3d_gate1_hardened_safety_no_task_support_5seed_fixed_update60_candidate/runs/multi_relation/bc_ppo_seed0/actor_critic_update_0060.pt,310000,0,checkpoint,100,straight,True,True,80,0.2,1.0,0.3,0,0.0,1,40,80,True,1.0,1.0,1.0,0.028985508110212242,0.44202898961046466,0.5978260976464852,55.33333377118992,0.0,0.0,0.0,46.0,43.0,46.0,1.0,6.0,6.0,6.0,0.0,1.0,0.0,46.0,0.14285714285714285,1.0,0.23809524519102915,14681.806067425272,4929.77099609375,3850.994873046875,2998.66162109375,3850.994873046875,2998.66162109375,36.635612457990646
test,dropout030_relay_failure,no_task_support,no_task_support,none,none,0,60,no_task_support,results/intercept_3d_gate1_hardened_safety_no_task_support_5seed_fixed_update60_candidate/runs/multi_relation/bc_ppo_seed0/actor_critic_update_0060.pt,310013,13,checkpoint,100,straight,True,True,80,0.2,1.0,0.3,0,0.0,1,40,80,True,1.0,1.0,1.0,0.028985508110212242,0.44927536663801776,0.6231884169189826,43.29710159321194,0.0,0.0,0.0,46.0,43.0,46.0,1.0,6.0,6.0,6.0,0.0,1.0,0.0,46.0,0.14285714285714285,1.0,0.21428572067192622,14647.681502632473,4754.87109375,3830.19384765625,2936.9287109375,3830.19384765625,2936.9287109375,37.77630117535591
test,dropout030_relay_failure,no_task_support,no_task_support,none,none,0,60,no_task_support,results/intercept_3d_gate1_hardened_safety_no_task_support_5seed_fixed_update60_candidate/runs/multi_relation/bc_ppo_seed0/actor_critic_update_0060.pt,310022,22,checkpoint,100,straight,True,True,80,0.2,1.0,0.3,0,0.0,1,40,80,True,1.0,1.0,1.0,0.028985508110212242,0.44202898961046466,0.6304347910310911,41.329710348792695,0.0,0.0,0.0,46.0,43.0,46.0,1.0,6.0,6.0,6.0,0.0,1.0,0.0,46.0,0.14285714285714285,1.0,0.26190476971013205,14661.603940217392,4900.169921875,3945.32470703125,2347.869873046875,3945.32470703125,2347.869873046875,37.62032198905945
test,dropout030_relay_failure,no_task_support,no_task_support,none,none,0,60,no_task_support,results/intercept_3d_gate1_hardened_safety_no_task_support_5seed_fixed_update60_candidate/runs/multi_relation/bc_ppo_seed0/actor_critic_update_0060.pt,310045,45,checkpoint,100,straight,True,True,80,0.2,1.0,0.3,0,0.0,1,40,80,True,1.0,1.0,1.0,0.028985508110212242,0.44202898961046466,0.6413043549527293,55.40942061174175,0.0,0.0,0.0,46.0,43.0,46.0,1.0,6.0,6.0,6.0,0.0,1.0,0.0,46.0,0.14285714285714285,1.0,0.19047619615282332,14669.974492612093,4866.1181640625,3814.021240234375,2833.31201171875,3814.021240234375,2833.31201171875,37.17402032017708
test,dropout030_relay_failure,no_task_support,no_task_support,none,none,0,60,no_task_support,results/intercept_3d_gate1_hardened_safety_no_task_support_5seed_fixed_update60_candidate/runs/multi_relation/bc_ppo_seed0/actor_critic_update_0060.pt,310046,46,checkpoint,100,straight,True,True,80,0.2,1.0,0.3,0,0.0,1,40,80,True,1.0,1.0,1.0,0.028985508110212242,0.44927536663801776,0.6123188478143319,47.855072354168996,0.0,0.0,0.0,46.0,43.0,46.0,1.0,6.0,6.0,6.0,0.0,1.0,0.0,46.0,0.14285714285714285,1.0,0.26190476971013205,14641.062797214674,4748.681640625,3545.820556640625,2858.6904296875,3545.820556640625,2858.6904296875,37.481812596321106
test,dropout030_relay_failure,no_task_support,no_task_support,none,none,0,60,no_task_support,results/intercept_3d_gate1_hardened_safety_no_task_support_5seed_fixed_update60_candidate/runs/multi_relation/bc_ppo_seed0/actor_critic_update_0060.pt,310008,8,checkpoint,100,straight,True,True,80,0.2,1.0,0.3,0,0.0,1,40,80,True,1.0,1.0,1.0,0.02836879517169709,0.4539007132357739,0.6241134833148185,50.570922095724875,0.0,0.0,0.0,47.0,44.0,47.0,1.0,7.0,7.0,7.0,0.0,1.0,0.0,47.0,0.125,1.0,0.2083333395421505,14501.885118849734,4564.1533203125,3670.851806640625,3411.177001953125,3670.851806640625,3411.177001953125,37.99357932806015
test,dropout030_relay_failure,no_task_support,no_task_support,none,none,0,60,no_task_support,results/intercept_3d_gate1_hardened_safety_no_task_support_5seed_fixed_update60_candidate/runs/multi_relation/bc_ppo_seed0/actor_critic_update_0060.pt,310012,12,checkpoint,100,straight,True,True,80,0.2,1.0,0.3,0,0.0,1,40,80,True,1.0,1.0,1.0,0.02836879517169709,0.4539007132357739,0.6382978805836211,43.25531926053635,0.0,0.0,0.0,47.0,44.0,47.0,1.0,7.0,7.0,7.0,0.0,1.0,0.0,47.0,0.125,1.0,0.2083333395421505,14532.505900930852,4652.755859375,3837.140869140625,2331.73779296875,3837.140869140625,2331.73779296875,38.509876012802124
test,dropout030_relay_failure,no_task_support,no_task_support,none,none,0,60,no_task_support,results/intercept_3d_gate1_hardened_safety_no_task_support_5seed_fixed_update60_candidate/runs/multi_relation/bc_ppo_seed0/actor_critic_update_0060.pt,310021,21,checkpoint,100,straight,True,True,80,0.2,1.0,0.3,0,0.0,1,40,80,True,1.0,1.0,1.0,0.02836879517169709,0.4539007132357739,0.6702127719813205,50.52836831135953,0.0,0.0,0.0,47.0,44.0,47.0,1.0,7.0,7.0,7.0,0.0,1.0,0.0,47.0,0.125,1.0,0.2083333395421505,14473.738551363032,4521.15234375,3735.8974609375,2991.4921875,3735.8974609375,2991.4921875,38.3560890853405
test,dropout030_relay_failure,no_task_support,no_task_support,none,none,0,60,no_task_support,results/intercept_3d_gate1_hardened_safety_no_task_support_5seed_fixed_update60_candidate/runs/multi_relation/bc_ppo_seed0/actor_critic_update_0060.pt,310030,30,checkpoint,100,straight,True,True,80,0.2,1.0,0.3,0,0.0,1,40,80,True,1.0,1.0,1.0,0.02836879517169709,0.4539007132357739,0.6382978809006671,46.90070938176297,0.0,0.0,0.0,47.0,44.0,47.0,1.0,7.0,7.0,7.0,0.0,1.0,0.0,47.0,0.125,1.0,0.2083333395421505,14535.521245428856,4626.029296875,3801.83740234375,2534.35888671875,3801.83740234375,2534.35888671875,38.26016128063202
test,dropout030_relay_failure,no_task_support,no_task_support,none,none,0,60,no_task_support,results/intercept_3d_gate1_hardened_safety_no_task_support_5seed_fixed_update60_candidate/runs/multi_relation/bc_ppo_seed0/actor_critic_update_0060.pt,310032,32,checkpoint,100,straight,True,True,80,0.2,1.0,0.3,0,0.0,1,40,80,True,1.0,1.0,1.0,0.02836879517169709,0.4609929120286982,0.6134751898811218,61.5957450134323,0.0,0.0,0.0,47.0,44.0,47.0,1.0,7.0,7.0,7.0,0.0,1.0,0.0,47.0,0.125,1.0,0.22916667349636555,14488.652364527925,4610.75732421875,3851.819091796875,3445.534423828125,3851.819091796875,3445.534423828125,37.508451879024506
test,dropout030_relay_failure,no_task_support,no_task_support,none,none,0,60,no_task_support,results/intercept_3d_gate1_hardened_safety_no_task_support_5seed_fixed_update60_candidate/runs/multi_relation/bc_ppo_seed0/actor_critic_update_0060.pt,310018,18,checkpoint,100,straight,True,True,80,0.2,1.0,0.3,0,0.0,1,40,80,True,1.0,1.0,1.0,0.027777778605620067,0.46527778171002865,0.6388888983055949,45.274305867652096,0.0,0.0,0.0,48.0,45.0,48.0,1.0,8.0,8.0,8.0,0.0,1.0,0.0,48.0,0.1111111111111111,1.0,0.2777777860562007,14284.223642985025,4232.39111328125,3060.919677734375,3018.707763671875,3060.919677734375,3018.707763671875,39.12583461403847
test,dropout030_relay_failure,no_task_support,no_task_support,none,none,0,60,no_task_support,results/intercept_3d_gate1_hardened_safety_no_task_support_5seed_fixed_update60_candidate/runs/multi_relation/bc_ppo_seed0/actor_critic_update_0060.pt,310023,23,checkpoint,100,straight,True,True,80,0.2,1.0,0.3,0,0.0,1,40,80,True,1.0,1.0,1.0,0.027777778605620067,0.46527778171002865,0.6388888986160358,45.99652775221815,0.0,0.0,0.0,48.0,45.0,48.0,1.0,8.0,8.0,8.0,0.0,1.0,0.0,48.0,0.1111111111111111,1.0,0.22222222884496054,14300.570576985678,4353.12548828125,3258.431884765625,2512.541259765625,3258.431884765625,2512.541259765625,39.005074858665466
test,dropout030_relay_failure,no_task_support,no_task_support,none,none,0,60,no_task_support,results/intercept_3d_gate1_hardened_safety_no_task_support_5seed_fixed_update60_candidate/runs/multi_relation/bc_ppo_seed0/actor_critic_update_0060.pt,310025,25,checkpoint,100,straight,True,True,80,0.2,1.0,0.3,0,0.0,1,40,80,True,1.0,1.0,1.0,0.027777778605620067,0.4722222263614337,0.652777785124878,57.73611090456446,0.0,0.0,0.0,48.0,45.0,48.0,1.0,8.0,8.0,8.0,0.0,1.0,0.0,48.0,0.1111111111111111,1.0,0.18518519070413378,14280.10454305013,4258.22900390625,3288.290771484375,3062.3837890625,3288.290771484375,3062.3837890625,38.78458419442177
test,dropout030_relay_failure,no_task_support,no_task_support,none,none,0,60,no_task_support,results/intercept_3d_gate1_hardened_safety_no_task_support_5seed_fixed_update60_candidate/runs/multi_relation/bc_ppo_seed0/actor_critic_update_0060.pt,310027,27,checkpoint,100,straight,True,True,80,0.2,1.0,0.3,0,0.0,1,40,80,True,1.0,1.0,1.0,0.027777778605620067,0.46527778171002865,0.5798611200104157,47.05208347054819,0.0,0.0,0.0,48.0,45.0,48.0,1.0,8.0,8.0,8.0,0.0,1.0,0.0,48.0,0.1111111111111111,1.0,0.14814815256330702,14303.229451497396,4317.70166015625,3402.671630859375,2316.97412109375,3402.671630859375,2316.97412109375,38.405680775642395
test,dropout030_relay_failure,no_task_support,no_task_support,none,none,0,60,no_task_support,results/intercept_3d_gate1_hardened_safety_no_task_support_5seed_fixed_update60_candidate/runs/multi_relation/bc_ppo_seed0/actor_critic_update_0060.pt,310037,37,checkpoint,100,straight,True,True,80,0.2,1.0,0.3,0,0.0,1,40,80,True,1.0,1.0,1.0,0.027777778605620067,0.46527778171002865,0.6562500074505806,46.059027568126716,0.0,0.0,0.0,48.0,45.0,48.0,1.0,8.0,8.0,8.0,0.0,1.0,0.0,48.0,0.1111111111111111,1.0,0.2592592669857873,14289.05185953776,4245.13818359375,3003.830810546875,3145.4619140625,3003.830810546875,3145.4619140625,39.249424546957016
test,dropout030_relay_failure,no_task_support,no_task_support,none,none,0,60,no_task_support,results/intercept_3d_gate1_hardened_safety_no_task_support_5seed_fixed_update60_candidate/runs/multi_relation/bc_ppo_seed0/actor_critic_update_0060.pt,310043,43,checkpoint,100,straight,True,True,80,0.2,1.0,0.3,0,0.0,1,40,80,True,1.0,1.0,1.0,0.027777778605620067,0.46527778171002865,0.6284722282240788,47.878472307386495,0.0,0.0,0.0,48.0,45.0,48.0,1.0,8.0,8.0,8.0,0.0,1.0,0.0,48.0,0.1111111111111111,1.0,0.24074074791537392,14314.411509195963,4332.41259765625,3149.4169921875,2723.13818359375,3149.4169921875,2723.13818359375,38.87609380483627
test,dropout030_relay_failure,no_task_support,no_task_support,none,none,0,60,no_task_support,results/intercept_3d_gate1_hardened_safety_no_task_support_5seed_fixed_update60_candidate/runs/multi_relation/bc_ppo_seed0/actor_critic_update_0060.pt,310007,7,checkpoint,100,straight,True,True,80,0.2,1.0,0.3,0,0.0,1,40,80,True,1.0,1.0,1.0,0.027210885164689044,0.47619048004247705,0.5952381035503076,45.414965834240526,0.0,0.0,0.0,49.0,46.0,49.0,1.0,9.0,9.0,9.0,0.0,1.0,0.0,49.0,0.1,1.0,0.26666667461395266,14176.82643096301,4142.17431640625,3172.60302734375,2082.89404296875,3172.60302734375,2082.89404296875,39.35195282101631
test,dropout030_relay_failure,no_task_support,no_task_support,none,none,0,60,no_task_support,results/intercept_3d_gate1_hardened_safety_no_task_support_5seed_fixed_update60_candidate/runs/multi_relation/bc_ppo_seed0/actor_critic_update_0060.pt,310015,15,checkpoint,100,straight,True,True,80,0.2,1.0,0.3,0,0.0,1,40,80,True,1.0,1.0,1.0,0.025641026405187752,0.4615384661234342,0.5320512887377006,49.22756389499857,0.0,0.0,0.0,52.0,49.0,52.0,1.0,12.0,12.0,12.0,0.0,1.0,0.0,52.0,0.07692307692307693,0.897435901256708,0.19230769803890815,13730.168992262621,3775.8515625,2236.33349609375,2522.14208984375,2236.33349609375,2522.14208984375,39.1830472946167
test,dropout030_relay_failure,no_task_support,no_task_support,none,none,0,60,no_task_support,results/intercept_3d_gate1_hardened_safety_no_task_support_5seed_fixed_update60_candidate/runs/multi_relation/bc_ppo_seed0/actor_critic_update_0060.pt,310009,9,checkpoint,100,straight,True,True,80,0.2,1.0,0.3,0,0.0,1,40,80,True,0.0,0.0,1.0,0.003846153960778163,0.09358974465957055,0.1493589769762296,74.02435888092106,0.0,1.0,0.0,260.0,45.0,-1.0,0.0,220.0,220.0,-1.0,0.0,0.0,1.0,-1.0,0.0,0.1375000011175871,0.12916667051613331,37438.22112943209,80352.5859375,1323.9979248046875,1892.9561767578125,73447.2578125,18106.857421875,-38.77772454544902
test,dropout030_relay_failure,no_task_support,no_task_support,none,none,0,60,no_task_support,results/intercept_3d_gate1_hardened_safety_no_task_support_5seed_fixed_update60_candidate/runs/multi_relation/bc_ppo_seed0/actor_critic_update_0060.pt,310033,33,checkpoint,100,straight,True,True,80,0.2,1.0,0.3,0,0.0,1,40,80,True,0.0,0.0,1.0,0.0025641026405187756,0.09487179586520562,0.1596153873663682,75.24230813601842,0.0,1.0,0.0,260.0,47.0,-1.0,0.0,220.0,220.0,-1.0,0.0,0.0,1.0,-1.0,0.0,0.14583333432674409,0.15208333786576986,37486.71080697866,79333.8984375,1434.008056640625,2024.2095947265625,75142.453125,8652.1279296875,-38.182571191340685
test,dropout030_relay_failure,no_task_support,no_task_support,none,none,0,60,no_task_support,results/intercept_3d_gate1_hardened_safety_no_task_support_5seed_fixed_update60_candidate/runs/multi_relation/bc_ppo_seed0/actor_critic_update_0060.pt,310047,47,checkpoint,100,straight,True,True,80,0.2,1.0,0.3,0,0.0,1,40,80,True,0.0,0.0,1.0,0.003846153960778163,0.09487179586520562,0.1596153871371196,75.76858915079099,0.0,1.0,0.0,260.0,46.0,-1.0,0.0,220.0,220.0,-1.0,0.0,0.0,1.0,-1.0,0.0,0.14166666753590107,0.13958333749324084,37358.07060922476,79054.6484375,1449.981201171875,2013.260498046875,74432.375,8819.8154296875,-37.38534099701792
test,dropout030_relay_failure,no_task_support,no_task_support,none,none,0,60,no_task_support,results/intercept_3d_gate1_hardened_safety_no_task_support_5seed_fixed_update60_candidate/runs/multi_relation/bc_ppo_seed0/actor_critic_update_0060.pt,310053,53,checkpoint,100,straight,True,True,80,0.2,1.0,0.3,0,0.0,1,40,80,True,1.0,1.0,1.0,0.03030303120613098,0.4242424287579276,0.708333340219476,45.81060600077564,0.0,0.0,0.0,44.0,41.0,44.0,1.0,4.0,4.0,4.0,0.0,1.0,0.0,44.0,0.2,1.0,0.3000000089406967,15079.080932617188,5550.70458984375,3861.4169921875,3163.420654296875,3861.4169921875,3163.420654296875,36.808917224407196
test,dropout030_relay_failure,no_task_support,no_task_support,none,none,0,60,no_task_support,results/intercept_3d_gate1_hardened_safety_no_task_support_5seed_fixed_update60_candidate/runs/multi_relation/bc_ppo_seed0/actor_critic_update_0060.pt,310059,59,checkpoint,100,straight,True,True,80,0.2,1.0,0.3,0,0.0,1,40,80,True,1.0,1.0,1.0,0.03030303120613098,0.40909091383218765,0.6325757652521133,46.920454457740895,0.0,0.0,0.0,44.0,41.0,44.0,1.0,4.0,4.0,4.0,0.0,1.0,0.0,44.0,0.2,1.0,0.23333334028720856,15120.586636629972,5618.01806640625,3653.17333984375,2544.098388671875,3653.17333984375,2544.098388671875,35.63755288720131
test,dropout030_relay_failure,no_task_support,no_task_support,none,none,0,60,no_task_support,results/intercept_3d_gate1_hardened_safety_no_task_support_5seed_fixed_update60_candidate/runs/multi_relation/bc_ppo_seed0/actor_critic_update_0060.pt,310077,77,checkpoint,100,straight,True,True,80,0.2,1.0,0.3,0,0.0,1,40,80,True,1.0,1.0,1.0,0.03030303120613098,0.40909091383218765,0.6553030383180488,49.77651515569199,0.0,0.0,0.0,44.0,41.0,44.0,1.0,4.0,4.0,4.0,0.0,1.0,0.0,44.0,0.2,1.0,0.23333334028720856,15160.814186789772,5684.029296875,3564.947509765625,3008.9248046875,3564.947509765625,3008.9248046875,35.680941462516785
test,dropout030_relay_failure,no_task_support,no_task_support,none,none,0,60,no_task_support,results/intercept_3d_gate1_hardened_safety_no_task_support_5seed_fixed_update60_candidate/runs/multi_relation/bc_ppo_seed0/actor_critic_update_0060.pt,310079,79,checkpoint,100,straight,True,True,80,0.2,1.0,0.3,0,0.0,1,40,80,True,1.0,1.0,1.0,0.03030303120613098,0.4242424287579276,0.6287878883833234,55.704545399004765,0.0,0.0,0.0,44.0,41.0,44.0,1.0,4.0,4.0,4.0,0.0,1.0,0.0,44.0,0.2,1.0,0.20000000596046447,15122.660788796165,5643.025390625,3747.842529296875,3207.074951171875,3747.842529296875,3207.074951171875,35.50157731771469
test,dropout030_relay_failure,no_task_support,no_task_support,none,none,0,60,no_task_support,results/intercept_3d_gate1_hardened_safety_no_task_support_5seed_fixed_update60_candidate/runs/multi_relation/bc_ppo_seed0/actor_critic_update_0060.pt,310088,88,checkpoint,100,straight,True,True,80,0.2,1.0,0.3,0,0.0,1,40,80,True,1.0,1.0,1.0,0.03030303120613098,0.4166666716337204,0.651515160094608,50.738636535677045,0.0,0.0,0.0,44.0,41.0,44.0,1.0,4.0,4.0,4.0,0.0,1.0,0.0,44.0,0.2,1.0,0.26666667461395266,15215.298606178978,5813.888671875,3472.65966796875,2745.1005859375,3472.65966796875,2745.1005859375,35.67867088317871
test,dropout030_relay_failure,no_task_support,no_task_support,none,none,0,60,no_task_support,results/intercept_3d_gate1_hardened_safety_no_task_support_5seed_fixed_update60_candidate/runs/multi_relation/bc_ppo_seed0/actor_critic_update_0060.pt,310092,92,checkpoint,100,straight,True,True,80,0.2,1.0,0.3,0,0.0,1,40,80,True,1.0,1.0,1.0,0.03030303120613098,0.40909091383218765,0.6439394029704008,55.70454563302073,0.0,0.0,0.0,44.0,41.0,44.0,1.0,4.0,4.0,4.0,0.0,1.0,0.0,44.0,0.2,1.0,0.20000000596046447,15192.667713512074,5836.23779296875,3626.17431640625,3330.947265625,3626.17431640625,3330.947265625,35.17489692568779
test,dropout030_relay_failure,no_task_support,no_task_support,none,none,0,60,no_task_support,results/intercept_3d_gate1_hardened_safety_no_task_support_5seed_fixed_update60_candidate/runs/multi_relation/bc_ppo_seed0/actor_critic_update_0060.pt,310054,54,checkpoint,100,straight,True,True,80,0.2,1.0,0.3,0,0.0,1,40,80,True,1.0,1.0,1.0,0.029629630512661403,0.4370370414521959,0.659259267979198,43.07777780195077,0.0,0.0,0.0,45.0,42.0,45.0,1.0,5.0,5.0,5.0,0.0,1.0,0.0,45.0,0.16666666666666666,1.0,0.3055555646618207,14905.787727864583,5257.51318359375,3910.5732421875,2115.5380859375,3910.5732421875,2115.5380859375,37.2046295106411
test,dropout030_relay_failure,no_task_support,no_task_support,none,none,0,60,no_task_support,results/intercept_3d_gate1_hardened_safety_no_task_support_5seed_fixed_update60_candidate/runs/multi_relation/bc_ppo_seed0/actor_critic_update_0060.pt,310057,57,checkpoint,100,straight,True,True,80,0.2,1.0,0.3,0,0.0,1,40,80,True,1.0,1.0,1.0,0.029629630512661403,0.4370370414521959,0.6481481571992238,50.62222250501315,0.0,0.0,0.0,45.0,42.0,45.0,1.0,5.0,5.0,5.0,0.0,1.0,0.0,45.0,0.16666666666666666,1.0,0.19444445023934046,14867.005002170139,5186.62548828125,3865.10693359375,3265.015869140625,3865.10693359375,3265.015869140625,36.74329677224159
test,dropout030_relay_failure,no_task_support,no_task_support,none,none,0,60,no_task_support,results/intercept_3d_gate1_hardened_safety_no_task_support_5seed_fixed_update60_candidate/runs/multi_relation/bc_ppo_seed0/actor_critic_update_0060.pt,310066,66,checkpoint,100,straight,True,True,80,0.2,1.0,0.3,0,0.0,1,40,80,True,1.0,1.0,1.0,0.029629630512661403,0.4370370414521959,0.6444444523917304,47.792592480778694,0.0,0.0,0.0,45.0,42.0,45.0,1.0,5.0,5.0,5.0,0.0,1.0,0.0,45.0,0.16666666666666666,1.0,0.2500000074505806,14915.145388454861,5318.92138671875,3663.755615234375,2133.728759765625,3663.755615234375,2133.728759765625,36.789152413606644
test,dropout030_relay_failure,no_task_support,no_task_support,none,none,0,60,no_task_support,results/intercept_3d_gate1_hardened_safety_no_task_support_5seed_fixed_update60_candidate/runs/multi_relation/bc_ppo_seed0/actor_critic_update_0060.pt,310069,69,checkpoint,100,straight,True,True,80,0.2,1.0,0.3,0,0.0,1,40,80,True,1.0,1.0,1.0,0.029629630512661403,0.4296296338240306,0.6407407495710585,53.73703700866964,0.0,0.0,0.0,45.0,42.0,45.0,1.0,5.0,5.0,5.0,0.0,1.0,0.0,45.0,0.16666666666666666,1.0,0.19444445023934046,14915.883246527777,5219.27734375,3649.38232421875,3362.489990234375,3649.38232421875,3362.489990234375,36.337771743535995
test,dropout030_relay_failure,no_task_support,no_task_support,none,none,0,60,no_task_support,results/intercept_3d_gate1_hardened_safety_no_task_support_5seed_fixed_update60_candidate/runs/multi_relation/bc_ppo_seed0/actor_critic_update_0060.pt,310070,70,checkpoint,100,straight,True,True,80,0.2,1.0,0.3,0,0.0,1,40,80,True,1.0,1.0,1.0,0.029629630512661403,0.4370370414521959,0.6481481571992238,50.67037063042323,0.0,0.0,0.0,45.0,42.0,45.0,1.0,5.0,5.0,5.0,0.0,1.0,0.0,45.0,0.16666666666666666,1.0,0.2777777860562007,14918.902842881944,5333.65380859375,3667.929443359375,2152.1865234375,3667.929443359375,2152.1865234375,36.66583666205406
test,dropout030_relay_failure,no_task_support,no_task_support,none,none,0,60,no_task_support,results/intercept_3d_gate1_hardened_safety_no_task_support_5seed_fixed_update60_candidate/runs/multi_relation/bc_ppo_seed0/actor_critic_update_0060.pt,310076,76,checkpoint,100,straight,True,True,80,0.2,1.0,0.3,0,0.0,1,40,80,True,1.0,1.0,1.0,0.029629630512661403,0.4370370414521959,0.651851859026485,45.007407073179884,0.0,0.0,0.0,45.0,42.0,45.0,1.0,5.0,5.0,5.0,0.0,1.0,0.0,45.0,0.16666666666666666,1.0,0.3055555646618207,14876.841178385417,5199.759765625,3814.2431640625,2678.29833984375,3814.2431640625,2678.29833984375,37.03798219561577
test,dropout030_relay_failure,no_task_support,no_task_support,none,none,0,60,no_task_support,results/intercept_3d_gate1_hardened_safety_no_task_support_5seed_fixed_update60_candidate/runs/multi_relation/bc_ppo_seed0/actor_critic_update_0060.pt,310078,78,checkpoint,100,straight,True,True,80,0.2,1.0,0.3,0,0.0,1,40,80,True,1.0,1.0,1.0,0.029629630512661403,0.4370370414521959,0.6259259343147278,48.896296018693185,0.0,0.0,0.0,45.0,42.0,45.0,1.0,5.0,5.0,5.0,0.0,1.0,0.0,45.0,0.16666666666666666,1.0,0.22222222884496054,14896.3580078125,5255.18701171875,3671.22802734375,2334.29736328125,3671.22802734375,2334.29736328125,36.580915063619614
test,dropout030_relay_failure,no_task_support,no_task_support,none,none,0,60,no_task_support,results/intercept_3d_gate1_hardened_safety_no_task_support_5seed_fixed_update60_candidate/runs/multi_relation/bc_ppo_seed0/actor_critic_update_0060.pt,310081,81,checkpoint,100,straight,True,True,80,0.2,1.0,0.3,0,0.0,1,40,80,True,1.0,1.0,1.0,0.029629630512661403,0.4370370414521959,0.6370370457569758,51.77777772843838,0.0,0.0,0.0,45.0,42.0,45.0,1.0,5.0,5.0,5.0,0.0,1.0,0.0,45.0,0.16666666666666666,1.0,0.22222222884496054,14893.196875,5202.529296875,3598.17138671875,2763.15478515625,3598.17138671875,2763.15478515625,36.58633705973625
test,dropout030_relay_failure,no_task_support,no_task_support,none,none,0,60,no_task_support,results/intercept_3d_gate1_hardened_safety_no_task_support_5seed_fixed_update60_candidate/runs/multi_relation/bc_ppo_seed0/actor_critic_update_0060.pt,310084,84,checkpoint,100,straight,True,True,80,0.2,1.0,0.3,0,0.0,1,40,80,True,1.0,1.0,1.0,0.029629630512661403,0.4370370414521959,0.6074074152443144,48.770370201600926,0.0,0.0,0.0,45.0,42.0,45.0,1.0,5.0,5.0,5.0,0.0,1.0,0.0,45.0,0.16666666666666666,1.0,0.19444445023934046,14875.342317708333,5211.38916015625,3963.990234375,2770.63037109375,3963.990234375,2770.63037109375,36.53911766409874
test,dropout030_relay_failure,no_task_support,no_task_support,none,none,0,60,no_task_support,results/intercept_3d_gate1_hardened_safety_no_task_support_5seed_fixed_update60_candidate/runs/multi_relation/bc_ppo_seed0/actor_critic_update_0060.pt,310085,85,checkpoint,100,straight,True,True,80,0.2,1.0,0.3,0,0.0,1,40,80,True,1.0,1.0,1.0,0.029629630512661403,0.42222222685813904,0.5925926009813944,55.53703663912084,0.0,0.0,0.0,45.0,42.0,45.0,1.0,5.0,5.0,5.0,0.0,1.0,0.0,45.0,0.16666666666666666,1.0,0.1666666716337204,14921.471983506945,5290.32177734375,3524.986083984375,2700.08251953125,3524.986083984375,2700.08251953125,35.67642802000046
test,dropout030_relay_failure,no_task_support,no_task_support,none,none,0,60,no_task_support,results/intercept_3d_gate1_hardened_safety_no_task_support_5seed_fixed_update60_candidate/runs/multi_relation/bc_ppo_seed0/actor_critic_update_0060.pt,310091,91,checkpoint,100,straight,True,True,80,0.2,1.0,0.3,0,0.0,1,40,80,True,1.0,1.0,1.0,0.029629630512661403,0.4370370414521959,0.67777778506279,48.759259367320276,0.0,0.0,0.0,45.0,42.0,45.0,1.0,5.0,5.0,5.0,0.0,1.0,0.0,45.0,0.16666666666666666,1.0,0.1666666716337204,14896.965711805555,5209.91650390625,3771.230712890625,2504.713623046875,3771.230712890625,2504.713623046875,37.18897235393524
test,dropout030_relay_failure,no_task_support,no_task_support,none,none,0,60,no_task_support,results/intercept_3d_gate1_hardened_safety_no_task_support_5seed_fixed_update60_candidate/runs/multi_relation/bc_ppo_seed0/actor_critic_update_0060.pt,310095,95,checkpoint,100,straight,True,True,80,0.2,1.0,0.3,0,0.0,1,40,80,True,1.0,1.0,1.0,0.029629630512661403,0.4296296338240306,0.6555555664830738,48.81111150085926,0.0,0.0,0.0,45.0,42.0,45.0,1.0,5.0,5.0,5.0,0.0,1.0,0.0,45.0,0.16666666666666666,1.0,0.3055555646618207,14919.16794704861,5215.0185546875,3501.012451171875,3364.72216796875,3501.012451171875,3364.72216796875,36.71524614095688
test,dropout030_relay_failure,no_task_support,no_task_support,none,none,0,60,no_task_support,results/intercept_3d_gate1_hardened_safety_no_task_support_5seed_fixed_update60_candidate/runs/multi_relation/bc_ppo_seed0/actor_critic_update_0060.pt,310097,97,checkpoint,100,straight,True,True,80,0.2,1.0,0.3,0,0.0,1,40,80,True,1.0,1.0,1.0,0.029629630512661403,0.4370370414521959,0.681481487552325,46.87777732113997,0.0,0.0,0.0,45.0,42.0,45.0,1.0,5.0,5.0,5.0,0.0,1.0,0.0,45.0,0.16666666666666666,1.0,0.1666666716337204,14883.720084635417,5220.2197265625,3690.377685546875,2557.042724609375,3690.377685546875,2557.042724609375,37.19308266043663
test,dropout030_relay_failure,no_task_support,no_task_support,none,none,0,60,no_task_support,results/intercept_3d_gate1_hardened_safety_no_task_support_5seed_fixed_update60_candidate/runs/multi_relation/bc_ppo_seed0/actor_critic_update_0060.pt,310052,52,checkpoint,100,straight,True,True,80,0.2,1.0,0.3,0,0.0,1,40,80,True,1.0,1.0,1.0,0.028985508110212242,0.44202898961046466,0.6449275431425675,46.884057666620485,0.0,0.0,0.0,46.0,43.0,46.0,1.0,6.0,6.0,6.0,0.0,1.0,0.0,46.0,0.14285714285714285,1.0,0.21428572067192622,14697.412438434103,4915.53564453125,3904.821533203125,2223.984375,3904.821533203125,2223.984375,37.4912132024765
test,dropout030_relay_failure,no_task_support,no_task_support,none,none,0,60,no_task_support,results/intercept_3d_gate1_hardened_safety_no_task_support_5seed_fixed_update60_candidate/runs/multi_relation/bc_ppo_seed0/actor_critic_update_0060.pt,310056,56,checkpoint,100,straight,True,True,80,0.2,1.0,0.3,0,0.0,1,40,80,True,1.0,1.0,1.0,0.028985508110212242,0.44202898961046466,0.6449275463819504,48.67753651317047,0.0,0.0,0.0,46.0,43.0,46.0,1.0,6.0,6.0,6.0,0.0,1.0,0.0,46.0,0.14285714285714285,1.0,0.26190476971013205,14668.061374830164,4819.796875,3772.60009765625,2631.584716796875,3772.60009765625,2631.584716796875,37.551379442214966
test,dropout030_relay_failure,no_task_support,no_task_support,none,none,0,60,no_task_support,results/intercept_3d_gate1_hardened_safety_no_task_support_5seed_fixed_update60_candidate/runs/multi_relation/bc_ppo_seed0/actor_critic_update_0060.pt,310058,58,checkpoint,100,straight,True,True,80,0.2,1.0,0.3,0,0.0,1,40,80,True,1.0,1.0,1.0,0.028985508110212242,0.44202898961046466,0.6485507310084675,46.90941981744507,0.0,0.0,0.0,46.0,43.0,46.0,1.0,6.0,6.0,6.0,0.0,1.0,0.0,46.0,0.14285714285714285,1.0,0.21428572067192622,14706.465937075407,4995.17333984375,3717.902587890625,2088.396484375,3717.902587890625,2088.396484375,37.54043339192867
test,dropout030_relay_failure,no_task_support,no_task_support,none,none,0,60,no_task_support,results/intercept_3d_gate1_hardened_safety_no_task_support_5seed_fixed_update60_candidate/runs/multi_relation/bc_ppo_seed0/actor_critic_update_0060.pt,310060,60,checkpoint,100,straight,True,True,80,0.2,1.0,0.3,0,0.0,1,40,80,True,1.0,1.0,1.0,0.028985508110212242,0.44202898961046466,0.6521739201701205,47.80072436578896,0.0,0.0,0.0,46.0,43.0,46.0,1.0,6.0,6.0,6.0,0.0,1.0,0.0,46.0,0.14285714285714285,1.0,0.21428572067192622,14690.860574473505,4895.95068359375,3955.594482421875,2842.19873046875,3955.594482421875,2842.19873046875,37.532137870788574
test,dropout030_relay_failure,no_task_support,no_task_support,none,none,0,60,no_task_support,results/intercept_3d_gate1_hardened_safety_no_task_support_5seed_fixed_update60_candidate/runs/multi_relation/bc_ppo_seed0/actor_critic_update_0060.pt,310062,62,checkpoint,100,straight,True,True,80,0.2,1.0,0.3,0,0.0,1,40,80,True,1.0,1.0,1.0,0.028985508110212242,0.44202898961046466,0.6340579795448676,48.91666672022446,0.0,0.0,0.0,46.0,43.0,46.0,1.0,6.0,6.0,6.0,0.0,1.0,0.0,46.0,0.14285714285714285,1.0,0.28571429422923494,14681.868854025135,4884.19384765625,3610.121337890625,2284.578857421875,3610.121337890625,2284.578857421875,37.350343734025955
test,dropout030_relay_failure,no_task_support,no_task_support,none,none,0,60,no_task_support,results/intercept_3d_gate1_hardened_safety_no_task_support_5seed_fixed_update60_candidate/runs/multi_relation/bc_ppo_seed0/actor_critic_update_0060.pt,310064,64,checkpoint,100,straight,True,True,80,0.2,1.0,0.3,0,0.0,1,40,80,True,1.0,1.0,1.0,0.028985508110212242,0.44202898961046466,0.6340579785730528,53.532608482500784,0.0,0.0,0.0,46.0,43.0,46.0,1.0,6.0,6.0,6.0,0.0,1.0,0.0,46.0,0.14285714285714285,1.0,0.1666666716337204,14649.264743970789,4813.775390625,3738.12451171875,3828.104248046875,3738.12451171875,3828.104248046875,37.232078939676285
test,dropout030_relay_failure,no_task_support,no_task_support,none,none,0,60,no_task_support,results/intercept_3d_gate1_hardened_safety_no_task_support_5seed_fixed_update60_candidate/runs/multi_relation/bc_ppo_seed0/actor_critic_update_0060.pt,310065,65,checkpoint,100,straight,True,True,80,0.2,1.0,0.3,0,0.0,1,40,80,True,1.0,1.0,1.0,0.028985508110212242,0.44927536663801776,0.652173919522244,40.27898522693178,0.0,0.0,0.0,46.0,43.0,46.0,1.0,6.0,6.0,6.0,0.0,1.0,0.0,46.0,0.14285714285714285,1.0,0.19047619615282332,14687.189856487772,4871.4755859375,3852.372314453125,2278.48828125,3852.372314453125,2278.48828125,38.10821211338043
test,dropout030_relay_failure,no_task_support,no_task_support,none,none,0,60,no_task_support,results/intercept_3d_gate1_hardened_safety_no_task_support_5seed_fixed_update60_candidate/runs/multi_relation/bc_ppo_seed0/actor_critic_update_0060.pt,310071,71,checkpoint,100,straight,True,True,80,0.2,1.0,0.3,0,0.0,1,40,80,True,1.0,1.0,1.0,0.028985508110212242,0.44202898961046466,0.6014492835687555,50.717391223039314,0.0,0.0,0.0,46.0,43.0,46.0,1.0,6.0,6.0,6.0,0.0,1.0,0.0,46.0,0.14285714285714285,1.0,0.26190476971013205,14647.093346637228,4810.49560546875,3761.80712890625,3182.313720703125,3761.80712890625,3182.313720703125,36.978650480508804
test,dropout030_relay_failure,no_task_support,no_task_support,none,none,0,60,no_task_support,results/intercept_3d_gate1_hardened_safety_no_task_support_5seed_fixed_update60_candidate/runs/multi_relation/bc_ppo_seed0/actor_critic_update_0060.pt,310073,73,checkpoint,100,straight,True,True,80,0.2,1.0,0.3,0,0.0,1,40,80,True,1.0,1.0,1.0,0.028985508110212242,0.44202898961046466,0.6702898620911266,42.28260846695174,0.0,0.0,0.0,46.0,43.0,46.0,1.0,6.0,6.0,6.0,0.0,1.0,0.0,46.0,0.14285714285714285,1.0,0.23809524519102915,14638.100532863451,4723.64453125,3586.59326171875,3343.5390625,3586.59326171875,3343.5390625,38.08420318365097
test,dropout030_relay_failure,no_task_support,no_task_support,none,none,0,60,no_task_support,results/intercept_3d_gate1_hardened_safety_no_task_support_5seed_fixed_update60_candidate/runs/multi_relation/bc_ppo_seed0/actor_critic_update_0060.pt,310083,83,checkpoint,100,straight,True,True,80,0.2,1.0,0.3,0,0.0,1,40,80,True,1.0,1.0,1.0,0.028985508110212242,0.44202898961046466,0.6594202988173651,52.49999986426986,0.0,0.0,0.0,46.0,43.0,46.0,1.0,6.0,6.0,6.0,0.0,1.0,0.0,46.0,0.14285714285714285,1.0,0.23809524519102915,14677.201564622961,4852.02783203125,3816.7578125,2760.47900390625,3816.7578125,2760.47900390625,37.3947993516922
test,dropout030_relay_failure,no_task_support,no_task_support,none,none,0,60,no_task_support,results/intercept_3d_gate1_hardened_safety_no_task_support_5seed_fixed_update60_candidate/runs/multi_relation/bc_ppo_seed0/actor_critic_update_0060.pt,310093,93,checkpoint,100,straight,True,True,80,0.2,1.0,0.3,0,0.0,1,40,80,True,1.0,1.0,1.0,0.028985508110212242,0.44927536663801776,0.6340579795448676,42.24637703565152,0.0,0.0,0.0,46.0,43.0,46.0,1.0,6.0,6.0,6.0,0.0,1.0,0.0,46.0,0.14285714285714285,1.0,0.26190476971013205,14719.984406844429,4951.12548828125,3961.962890625,2255.40185546875,3961.962890625,2255.40185546875,37.797960221767426
test,dropout030_relay_failure,no_task_support,no_task_support,none,none,0,60,no_task_support,results/intercept_3d_gate1_hardened_safety_no_task_support_5seed_fixed_update60_candidate/runs/multi_relation/bc_ppo_seed0/actor_critic_update_0060.pt,310055,55,checkpoint,100,straight,True,True,80,0.2,1.0,0.3,0,0.0,1,40,80,True,1.0,1.0,1.0,0.02836879517169709,0.4609929120286982,0.6028368869360458,46.93617010623851,0.0,0.0,0.0,47.0,44.0,47.0,1.0,7.0,7.0,7.0,0.0,1.0,0.0,47.0,0.125,1.0,0.1666666716337204,14456.226624833776,4535.287109375,3705.019287109375,3001.78125,3705.019287109375,3001.78125,38.08600424230099
test,dropout030_relay_failure,no_task_support,no_task_support,none,none,0,60,no_task_support,results/intercept_3d_gate1_hardened_safety_no_task_support_5seed_fixed_update60_candidate/runs/multi_relation/bc_ppo_seed0/actor_critic_update_0060.pt,310063,63,checkpoint,100,straight,True,True,80,0.2,1.0,0.3,0,0.0,1,40,80,True,1.0,1.0,1.0,0.02836879517169709,0.4539007132357739,0.6382978815347591,42.340425640978715,0.0,0.0,0.0,47.0,44.0,47.0,1.0,7.0,7.0,7.0,0.0,1.0,0.0,47.0,0.125,1.0,0.27083334140479565,14483.277800864362,4552.82666015625,3712.907470703125,2157.47509765625,3712.907470703125,2157.47509765625,38.42366302013397
test,dropout030_relay_failure,no_task_support,no_task_support,none,none,0,60,no_task_support,results/intercept_3d_gate1_hardened_safety_no_task_support_5seed_fixed_update60_candidate/runs/multi_relation/bc_ppo_seed0/actor_critic_update_0060.pt,310067,67,checkpoint,100,straight,True,True,80,0.2,1.0,0.3,0,0.0,1,40,80,True,1.0,1.0,1.0,0.02836879517169709,0.4609929120286982,0.6524822775353777,42.262411317609725,0.0,0.0,0.0,47.0,44.0,47.0,1.0,7.0,7.0,7.0,0.0,1.0,0.0,47.0,0.125,1.0,0.18750000558793545,14455.942029587766,4449.03173828125,3595.696533203125,2806.031005859375,3595.696533203125,2806.031005859375,38.83451721072197
test,dropout030_relay_failure,no_task_support,no_task_support,none,none,0,60,no_task_support,results/intercept_3d_gate1_hardened_safety_no_task_support_5seed_fixed_update60_candidate/runs/multi_relation/bc_ppo_seed0/actor_critic_update_0060.pt,310075,75,checkpoint,100,straight,True,True,80,0.2,1.0,0.3,0,0.0,1,40,80,True,1.0,1.0,1.0,0.02836879517169709,0.4539007138698659,0.6453900784254074,54.34042552779329,0.0,0.0,0.0,47.0,44.0,47.0,1.0,7.0,7.0,7.0,0.0,1.0,0.0,47.0,0.125,0.9583333358168602,0.2500000074505806,14526.019936419549,4729.57373046875,4028.051513671875,2576.257080078125,4028.051513671875,2576.257080078125,37.86996242403984
test,dropout030_relay_failure,no_task_support,no_task_support,none,none,0,60,no_task_support,results/intercept_3d_gate1_hardened_safety_no_task_support_5seed_fixed_update60_candidate/runs/multi_relation/bc_ppo_seed0/actor_critic_update_0060.pt,310087,87,checkpoint,100,straight,True,True,80,0.2,1.0,0.3,0,0.0,1,40,80,True,1.0,1.0,1.0,0.02836879517169709,0.4539007132357739,0.6418439790289453,49.758865450925015,0.0,0.0,0.0,47.0,44.0,47.0,1.0,7.0,7.0,7.0,0.0,1.0,0.0,47.0,0.125,1.0,0.1666666716337204,14499.43243018617,4523.90087890625,3526.8837890625,3004.351318359375,3526.8837890625,3004.351318359375,38.223785012960434
test,dropout030_relay_failure,no_task_support,no_task_support,none,none,0,60,no_task_support,results/intercept_3d_gate1_hardened_safety_no_task_support_5seed_fixed_update60_candidate/runs/multi_relation/bc_ppo_seed0/actor_critic_update_0060.pt,310096,96,checkpoint,100,straight,True,True,80,0.2,1.0,0.3,0,0.0,1,40,80,True,1.0,1.0,1.0,0.02836879517169709,0.4539007132357739,0.6170212848389403,56.04255328787134,0.0,0.0,0.0,47.0,44.0,47.0,1.0,7.0,7.0,7.0,0.0,1.0,0.0,47.0,0.125,1.0,0.18750000558793545,14489.791493517287,4601.01953125,3700.16748046875,3224.563720703125,3700.16748046875,3224.563720703125,37.5258167386055
test,dropout030_relay_failure,no_task_support,no_task_support,none,none,0,60,no_task_support,results/intercept_3d_gate1_hardened_safety_no_task_support_5seed_fixed_update60_candidate/runs/multi_relation/bc_ppo_seed0/actor_critic_update_0060.pt,310068,68,checkpoint,100,straight,True,True,80,0.2,1.0,0.3,0,0.0,1,40,80,True,1.0,1.0,1.0,0.027777778605620067,0.46527778171002865,0.631944453343749,49.7708336468786,0.0,0.0,0.0,48.0,45.0,48.0,1.0,8.0,8.0,8.0,0.0,1.0,0.0,48.0,0.1111111111111111,1.0,0.2592592669857873,14336.833221435547,4354.81689453125,3328.623779296875,2606.406982421875,3328.623779296875,2606.406982421875,38.77428385615349
test,dropout030_relay_failure,no_task_support,no_task_support,none,none,0,60,no_task_support,results/intercept_3d_gate1_hardened_safety_no_task_support_5seed_fixed_update60_candidate/runs/multi_relation/bc_ppo_seed0/actor_critic_update_0060.pt,310074,74,checkpoint,100,straight,True,True,80,0.2,1.0,0.3,0,0.0,1,40,80,True,1.0,1.0,1.0,0.027777778605620067,0.46527778171002865,0.6354166750485698,43.31944440025836,0.0,0.0,0.0,48.0,45.0,48.0,1.0,8.0,8.0,8.0,0.0,1.0,0.0,48.0,0.1111111111111111,1.0,0.20370370977454716,14346.906545003256,4304.82421875,3236.976318359375,2603.57763671875,3236.976318359375,2603.57763671875,39.18423193693161
test,dropout030_relay_failure,no_task_support,no_task_support,none,none,0,60,no_task_support,results/intercept_3d_gate1_hardened_safety_no_task_support_5seed_fixed_update60_candidate/runs/multi_relation/bc_ppo_seed0/actor_critic_update_0060.pt,310089,89,checkpoint,100,straight,True,True,80,0.2,1.0,0.3,0,0.0,1,40,80,True,1.0,1.0,1.0,0.027777778605620067,0.46527778171002865,0.5659722307076057,45.31944484356791,0.0,0.0,0.0,48.0,45.0,48.0,1.0,8.0,8.0,8.0,0.0,1.0,0.0,48.0,0.1111111111111111,1.0,0.20370370977454716,14300.707885742188,4243.537109375,3039.283447265625,2928.611083984375,3039.283447265625,2928.611083984375,38.431755006313324
test,dropout030_relay_failure,no_task_support,no_task_support,none,none,0,60,no_task_support,results/intercept_3d_gate1_hardened_safety_no_task_support_5seed_fixed_update60_candidate/runs/multi_relation/bc_ppo_seed0/actor_critic_update_0060.pt,310090,90,checkpoint,100,straight,True,True,80,0.2,1.0,0.3,0,0.0,1,40,80,True,1.0,1.0,1.0,0.027777778605620067,0.45833333767950535,0.5902777879188458,59.5972221493721,0.0,0.0,0.0,48.0,45.0,48.0,1.0,8.0,8.0,8.0,0.0,1.0,0.0,48.0,0.1111111111111111,0.9629629651705424,0.24074074791537392,14339.061167399088,4352.11962890625,3253.5703125,3140.343994140625,3253.5703125,3140.343994140625,37.75586202740669
test,dropout030_relay_failure,no_task_support,no_task_support,none,none,0,60,no_task_support,results/intercept_3d_gate1_hardened_safety_no_task_support_5seed_fixed_update60_candidate/runs/multi_relation/bc_ppo_seed0/actor_critic_update_0060.pt,310099,99,checkpoint,100,straight,True,True,80,0.2,1.0,0.3,0,0.0,1,40,80,True,1.0,1.0,1.0,0.027777778605620067,0.45833333767950535,0.6388888973742723,44.28472228627652,0.0,0.0,0.0,48.0,45.0,48.0,1.0,8.0,8.0,8.0,0.0,1.0,0.0,48.0,0.1111111111111111,0.9629629651705424,0.20370370977454716,14345.58750406901,4364.97412109375,3600.341796875,2116.35205078125,3600.341796875,2116.35205078125,39.06658062338829
test,dropout030_relay_failure,no_task_support,no_task_support,none,none,0,60,no_task_support,results/intercept_3d_gate1_hardened_safety_no_task_support_5seed_fixed_update60_candidate/runs/multi_relation/bc_ppo_seed0/actor_critic_update_0060.pt,310086,86,checkpoint,100,straight,True,True,80,0.2,1.0,0.3,0,0.0,1,40,80,True,1.0,1.0,1.0,0.027210885164689044,0.46258503806834317,0.520408173300782,44.530612399383465,0.0,0.0,0.0,49.0,46.0,49.0,1.0,9.0,9.0,9.0,0.0,1.0,0.0,49.0,0.1,1.0,0.1666666716337204,14211.518773915815,4315.83154296875,3173.10888671875,2377.29638671875,3173.10888671875,2377.29638671875,38.2931943833828
test,dropout030_relay_failure,no_task_support,no_task_support,none,none,0,60,no_task_support,results/intercept_3d_gate1_hardened_safety_no_task_support_5seed_fixed_update60_candidate/runs/multi_relation/bc_ppo_seed0/actor_critic_update_0060.pt,310094,94,checkpoint,100,straight,True,True,80,0.2,1.0,0.3,0,0.0,1,40,80,True,1.0,1.0,1.0,0.027210885164689044,0.46938775935951543,0.5816326606638578,56.81292529282521,0.0,0.0,0.0,49.0,46.0,49.0,1.0,9.0,9.0,9.0,0.0,1.0,0.0,49.0,0.1,0.9666666686534882,0.18333333879709243,14109.686473612883,4001.86328125,2749.88818359375,3116.08251953125,2749.88818359375,3116.08251953125,38.556870222091675
test,dropout030_relay_failure,no_task_support,no_task_support,none,none,0,60,no_task_support,results/intercept_3d_gate1_hardened_safety_no_task_support_5seed_fixed_update60_candidate/runs/multi_relation/bc_ppo_seed0/actor_critic_update_0060.pt,310098,98,checkpoint,100,straight,True,True,80,0.2,1.0,0.3,0,0.0,1,40,80,True,1.0,1.0,1.0,0.027210885164689044,0.46938775935951543,0.6564625912174886,46.05782299929736,0.0,0.0,0.0,49.0,46.0,49.0,1.0,9.0,9.0,9.0,0.0,1.0,0.0,49.0,0.1,0.9666666686534882,0.1666666716337204,14174.866310586734,4161.63671875,2861.09130859375,2497.65576171875,2861.09130859375,2497.65576171875,39.77232825756073
test,dropout030_relay_failure,no_task_support,no_task_support,none,none,0,60,no_task_support,results/intercept_3d_gate1_hardened_safety_no_task_support_5seed_fixed_update60_candidate/runs/multi_relation/bc_ppo_seed0/actor_critic_update_0060.pt,310050,50,checkpoint,100,straight,True,True,80,0.2,1.0,0.3,0,0.0,1,40,80,True,0.0,0.0,1.0,0.003846153960778163,0.09615384741471364,0.1570512844966008,75.49999964369032,0.0,1.0,0.0,260.0,46.0,-1.0,0.0,220.0,220.0,-1.0,0.0,0.0,1.0,-1.0,0.0,0.15416666828095912,0.14375000428408385,37686.93570650541,79860.0,1571.8404541015625,2114.464599609375,77158.1015625,8668.861328125,-37.9648798215203
test,dropout030_relay_failure,no_task_support,no_task_support,none,none,0,60,no_task_support,results/intercept_3d_gate1_hardened_safety_no_task_support_5seed_fixed_update60_candidate/runs/multi_relation/bc_ppo_seed0/actor_critic_update_0060.pt,310051,51,checkpoint,100,straight,True,True,80,0.2,1.0,0.3,0,0.0,1,40,80,True,0.0,0.0,1.0,0.003846153960778163,0.09871794971135947,0.1512820537846822,76.31730779908024,0.0,1.0,0.0,260.0,50.0,-1.0,0.0,220.0,220.0,-1.0,0.0,0.0,1.0,-1.0,0.0,0.16666666753590106,0.1250000037252903,37656.84133582482,80603.0859375,2041.7366943359375,1291.3590087890625,78757.015625,9400.779296875,-38.942353564314544
test,dropout030_relay_failure,no_task_support,no_task_support,none,none,0,60,no_task_support,results/intercept_3d_gate1_hardened_safety_no_task_support_5seed_fixed_update60_candidate/runs/multi_relation/bc_ppo_seed0/actor_critic_update_0060.pt,310061,61,checkpoint,100,straight,True,True,80,0.2,1.0,0.3,0,0.0,1,40,80,True,0.0,0.0,1.0,0.003846153960778163,0.09358974454494623,0.15641025906571976,74.77179427032287,0.0,1.0,0.0,260.0,46.0,-1.0,0.0,220.0,220.0,-1.0,0.0,0.0,1.0,-1.0,0.0,0.13750000074505805,0.15625000465661287,37495.525107985275,79306.7890625,1534.4720458984375,2141.091796875,75430.2890625,9005.3369140625,-37.73303481005132
test,dropout030_relay_failure,no_task_support,no_task_support,none,none,0,60,no_task_support,results/intercept_3d_gate1_hardened_safety_no_task_support_5seed_fixed_update60_candidate/runs/multi_relation/bc_ppo_seed0/actor_critic_update_0060.pt,310072,72,checkpoint,100,straight,True,True,80,0.2,1.0,0.3,0,0.0,1,40,80,True,0.0,0.0,1.0,0.0012820513202593878,0.09102564213367609,0.15320513110894424,75.48974372905035,0.0,1.0,0.0,260.0,48.0,-1.0,0.0,220.0,220.0,-1.0,0.0,0.0,1.0,-1.0,0.0,0.1375000011175871,0.14166667088866233,37656.48296367939,79600.390625,2071.212158203125,2049.863037109375,76749.421875,9662.646484375,-39.89915477577597
test,dropout030_relay_failure,no_task_support,no_task_support,none,none,0,60,no_task_support,results/intercept_3d_gate1_hardened_safety_no_task_support_5seed_fixed_update60_candidate/runs/multi_relation/bc_ppo_seed0/actor_critic_update_0060.pt,310080,80,checkpoint,100,straight,True,True,80,0.2,1.0,0.3,0,0.0,1,40,80,True,0.0,0.0,1.0,0.0025641026405187756,0.10000000137549181,0.15961538742368037,74.07756406452793,0.0,1.0,0.0,260.0,45.0,-1.0,0.0,220.0,220.0,-1.0,0.0,0.0,1.0,-1.0,0.0,0.15833333544433117,0.1604166714474559,37461.333048189605,80183.2890625,389.381591796875,2015.112548828125,74106.7109375,18395.412109375,-38.10224154219031
test,dropout030_relay_failure,no_task_support,no_task_support,none,none,0,60,no_task_support,results/intercept_3d_gate1_hardened_safety_no_task_support_5seed_fixed_update60_candidate/runs/multi_relation/bc_ppo_seed0/actor_critic_update_0060.pt,310082,82,checkpoint,100,straight,True,True,80,0.2,1.0,0.3,0,0.0,1,40,80,True,0.0,0.0,1.0,0.003846153960778163,0.09743589873497303,0.16282051601088965,71.9852567170675,0.0,1.0,0.0,260.0,46.0,-1.0,0.0,220.0,220.0,-1.0,0.0,0.0,1.0,-1.0,0.0,0.15000000186264514,0.13750000409781932,37631.60574575571,79530.78125,1289.714111328125,1817.7784423828125,75339.8359375,7979.62890625,-37.11012369021773
test,dropout030_relay_failure,no_task_support,no_task_support,none,none,1,60,no_task_support,results/intercept_3d_gate1_hardened_safety_no_task_support_5seed_fixed_update60_candidate/runs/multi_relation/bc_ppo_seed1/actor_critic_update_0060.pt,310001,1,checkpoint,100,straight,True,True,80,0.2,1.0,0.3,0,0.0,1,40,80,True,1.0,1.0,1.0,0.03030303120613098,0.4242424287579276,0.6742424307899042,45.84090900488875,0.0,0.0,0.0,44.0,41.0,44.0,1.0,4.0,4.0,4.0,0.0,1.0,0.0,44.0,0.2,1.0,0.20000000596046447,15097.738081498579,5604.66455078125,3586.353515625,3252.3984375,3586.353515625,3252.3984375,36.36062252521515
test,dropout030_relay_failure,no_task_support,no_task_support,none,none,1,60,no_task_support,results/intercept_3d_gate1_hardened_safety_no_task_support_5seed_fixed_update60_candidate/runs/multi_relation/bc_ppo_seed1/actor_critic_update_0060.pt,310002,2,checkpoint,100,straight,True,True,80,0.2,1.0,0.3,0,0.0,1,40,80,True,1.0,1.0,1.0,0.03030303120613098,0.40151515670798044,0.6363636455075308,45.90909088199789,0.0,0.0,0.0,44.0,41.0,44.0,1.0,4.0,4.0,4.0,0.0,1.0,0.0,44.0,0.2,0.9333333373069763,0.23333334028720856,15274.75018865412,5939.09521484375,3574.584228515625,2222.9501953125,3574.584228515625,2222.9501953125,35.44528475403786
test,dropout030_relay_failure,no_task_support,no_task_support,none,none,1,60,no_task_support,results/intercept_3d_gate1_hardened_safety_no_task_support_5seed_fixed_update60_candidate/runs/multi_relation/bc_ppo_seed1/actor_critic_update_0060.pt,310004,4,checkpoint,100,straight,True,True,80,0.2,1.0,0.3,0,0.0,1,40,80,True,1.0,1.0,1.0,0.03030303120613098,0.41666667095639487,0.700757582756606,32.17424254153263,0.0,0.0,0.0,44.0,41.0,44.0,1.0,4.0,4.0,4.0,0.0,1.0,0.0,44.0,0.2,1.0,0.26666667461395266,15111.546608664772,5541.11962890625,3783.0712890625,2499.8037109375,3783.0712890625,2499.8037109375,37.1021274626255
test,dropout030_relay_failure,no_task_support,no_task_support,none,none,1,60,no_task_support,results/intercept_3d_gate1_hardened_safety_no_task_support_5seed_fixed_update60_candidate/runs/multi_relation/bc_ppo_seed1/actor_critic_update_0060.pt,310005,5,checkpoint,100,straight,True,True,80,0.2,1.0,0.3,0,0.0,1,40,80,True,1.0,1.0,1.0,0.03030303120613098,0.41666667095639487,0.6590909155255015,39.99242424219847,0.0,0.0,0.0,44.0,41.0,44.0,1.0,4.0,4.0,4.0,0.0,1.0,0.0,44.0,0.2,1.0,0.23333334028720856,15149.788840553978,5698.11572265625,3592.47900390625,3432.3896484375,3592.47900390625,3432.3896484375,36.26391878724098
test,dropout030_relay_failure,no_task_support,no_task_support,none,none,1,60,no_task_support,results/intercept_3d_gate1_hardened_safety_no_task_support_5seed_fixed_update60_candidate/runs/multi_relation/bc_ppo_seed1/actor_critic_update_0060.pt,310011,11,checkpoint,100,straight,True,True,80,0.2,1.0,0.3,0,0.0,1,40,80,True,1.0,1.0,1.0,0.03030303120613098,0.4242424287579276,0.6931818242777478,34.13257581605153,0.0,0.0,0.0,44.0,41.0,44.0,1.0,4.0,4.0,4.0,0.0,1.0,0.0,44.0,0.2,1.0,0.3000000089406967,15115.039339932528,5615.38916015625,3844.962890625,2842.422607421875,3844.962890625,2842.422607421875,37.076198130846024
test,dropout030_relay_failure,no_task_support,no_task_support,none,none,1,60,no_task_support,results/intercept_3d_gate1_hardened_safety_no_task_support_5seed_fixed_update60_candidate/runs/multi_relation/bc_ppo_seed1/actor_critic_update_0060.pt,310014,14,checkpoint,100,straight,True,True,80,0.2,1.0,0.3,0,0.0,1,40,80,True,1.0,1.0,1.0,0.03030303120613098,0.41666667095639487,0.6515151590786197,39.01136360994794,0.0,0.0,0.0,44.0,41.0,44.0,1.0,4.0,4.0,4.0,0.0,1.0,0.0,44.0,0.2,1.0,0.23333334028720856,15111.964810458097,5563.13232421875,3464.004638671875,2501.060791015625,3464.004638671875,2501.060791015625,36.33357998728752
test,dropout030_relay_failure,no_task_support,no_task_support,none,none,1,60,no_task_support,results/intercept_3d_gate1_hardened_safety_no_task_support_5seed_fixed_update60_candidate/runs/multi_relation/bc_ppo_seed1/actor_critic_update_0060.pt,310016,16,checkpoint,100,straight,True,True,80,0.2,1.0,0.3,0,0.0,1,40,80,True,1.0,1.0,1.0,0.03030303120613098,0.4242424287579276,0.6931818249550733,37.9848487756469,0.0,0.0,0.0,44.0,41.0,44.0,1.0,4.0,4.0,4.0,0.0,1.0,0.0,44.0,0.2,1.0,0.1666666716337204,15054.353626598011,5465.07763671875,3780.62255859375,2168.57275390625,3780.62255859375,2168.57275390625,36.982754588127136
test,dropout030_relay_failure,no_task_support,no_task_support,none,none,1,60,no_task_support,results/intercept_3d_gate1_hardened_safety_no_task_support_5seed_fixed_update60_candidate/runs/multi_relation/bc_ppo_seed1/actor_critic_update_0060.pt,310019,19,checkpoint,100,straight,True,True,80,0.2,1.0,0.3,0,0.0,1,40,80,True,1.0,1.0,1.0,0.03030303120613098,0.41666667095639487,0.7234848558225415,36.965909178622745,0.0,0.0,0.0,44.0,41.0,44.0,1.0,4.0,4.0,4.0,0.0,1.0,0.0,44.0,0.2,1.0,0.3000000089406967,15116.295532226562,5540.41357421875,3586.93359375,2574.74658203125,3586.93359375,2574.74658203125,37.091468811035156
test,dropout030_relay_failure,no_task_support,no_task_support,none,none,1,60,no_task_support,results/intercept_3d_gate1_hardened_safety_no_task_support_5seed_fixed_update60_candidate/runs/multi_relation/bc_ppo_seed1/actor_critic_update_0060.pt,310024,24,checkpoint,100,straight,True,True,80,0.2,1.0,0.3,0,0.0,1,40,80,True,1.0,1.0,1.0,0.03030303120613098,0.41666667095639487,0.6780303107066588,45.78787881677801,0.0,0.0,0.0,44.0,41.0,44.0,1.0,4.0,4.0,4.0,0.0,1.0,0.0,44.0,0.2,1.0,0.1666666716337204,15124.311368075285,5616.81396484375,3491.99072265625,3514.6435546875,3491.99072265625,3514.6435546875,36.21708118915558
test,dropout030_relay_failure,no_task_support,no_task_support,none,none,1,60,no_task_support,results/intercept_3d_gate1_hardened_safety_no_task_support_5seed_fixed_update60_candidate/runs/multi_relation/bc_ppo_seed1/actor_critic_update_0060.pt,310026,26,checkpoint,100,straight,True,True,80,0.2,1.0,0.3,0,0.0,1,40,80,True,1.0,1.0,1.0,0.03030303120613098,0.4242424287579276,0.6931818252937361,38.99999982965264,0.0,0.0,0.0,44.0,41.0,44.0,1.0,4.0,4.0,4.0,0.0,1.0,0.0,44.0,0.2,1.0,0.1666666716337204,15119.158647017046,5673.12060546875,3658.983154296875,3420.62060546875,3658.983154296875,3420.62060546875,36.83812579512596
test,dropout030_relay_failure,no_task_support,no_task_support,none,none,1,60,no_task_support,results/intercept_3d_gate1_hardened_safety_no_task_support_5seed_fixed_update60_candidate/runs/multi_relation/bc_ppo_seed1/actor_critic_update_0060.pt,310029,29,checkpoint,100,straight,True,True,80,0.2,1.0,0.3,0,0.0,1,40,80,True,1.0,1.0,1.0,0.03030303120613098,0.40909091383218765,0.7537878843193705,37.88636351884766,0.0,0.0,0.0,44.0,41.0,44.0,1.0,4.0,4.0,4.0,0.0,1.0,0.0,44.0,0.2,1.0,0.1666666716337204,15125.978970614347,5618.47900390625,3418.87744140625,2991.65966796875,3418.87744140625,2991.65966796875,37.12616112828255
test,dropout030_relay_failure,no_task_support,no_task_support,none,none,1,60,no_task_support,results/intercept_3d_gate1_hardened_safety_no_task_support_5seed_fixed_update60_candidate/runs/multi_relation/bc_ppo_seed1/actor_critic_update_0060.pt,310031,31,checkpoint,100,straight,True,True,80,0.2,1.0,0.3,0,0.0,1,40,80,True,1.0,1.0,1.0,0.03030303120613098,0.41666667095639487,0.6628787967969071,43.87121223319661,0.0,0.0,0.0,44.0,41.0,44.0,1.0,4.0,4.0,4.0,0.0,1.0,0.0,44.0,0.2,1.0,0.3000000089406967,15106.366932262074,5562.95068359375,3593.12841796875,3379.21728515625,3593.12841796875,3379.21728515625,36.2211531996727
test,dropout030_relay_failure,no_task_support,no_task_support,none,none,1,60,no_task_support,results/intercept_3d_gate1_hardened_safety_no_task_support_5seed_fixed_update60_candidate/runs/multi_relation/bc_ppo_seed1/actor_critic_update_0060.pt,310034,34,checkpoint,100,straight,True,True,80,0.2,1.0,0.3,0,0.0,1,40,80,True,1.0,1.0,1.0,0.03030303120613098,0.4242424287579276,0.6931818256323988,39.98863601616838,0.0,0.0,0.0,44.0,41.0,44.0,1.0,4.0,4.0,4.0,0.0,1.0,0.0,44.0,0.2,1.0,0.20000000596046447,15086.013216885653,5523.79736328125,3597.533935546875,2249.732666015625,3597.533935546875,2249.732666015625,36.87313821911812
test,dropout030_relay_failure,no_task_support,no_task_support,none,none,1,60,no_task_support,results/intercept_3d_gate1_hardened_safety_no_task_support_5seed_fixed_update60_candidate/runs/multi_relation/bc_ppo_seed1/actor_critic_update_0060.pt,310041,41,checkpoint,100,straight,True,True,80,0.2,1.0,0.3,0,0.0,1,40,80,True,1.0,1.0,1.0,0.03030303120613098,0.4242424287579276,0.6287878870286725,38.056818004358895,0.0,0.0,0.0,44.0,41.0,44.0,1.0,4.0,4.0,4.0,0.0,1.0,0.0,44.0,0.2,1.0,0.1666666716337204,15062.704034978693,5506.09716796875,3772.081298828125,2195.929931640625,3772.081298828125,2195.929931640625,36.39456707239151
test,dropout030_relay_failure,no_task_support,no_task_support,none,none,1,60,no_task_support,results/intercept_3d_gate1_hardened_safety_no_task_support_5seed_fixed_update60_candidate/runs/multi_relation/bc_ppo_seed1/actor_critic_update_0060.pt,310042,42,checkpoint,100,straight,True,True,80,0.2,1.0,0.3,0,0.0,1,40,80,True,1.0,1.0,1.0,0.03030303120613098,0.4242424287579276,0.6666666756976735,39.95075763152404,0.0,0.0,0.0,44.0,41.0,44.0,1.0,4.0,4.0,4.0,0.0,1.0,0.0,44.0,0.2,1.0,0.26666667461395266,15091.429953835228,5568.97265625,3619.312744140625,3102.214111328125,3619.312744140625,3102.214111328125,36.60438476502895
test,dropout030_relay_failure,no_task_support,no_task_support,none,none,1,60,no_task_support,results/intercept_3d_gate1_hardened_safety_no_task_support_5seed_fixed_update60_candidate/runs/multi_relation/bc_ppo_seed1/actor_critic_update_0060.pt,310044,44,checkpoint,100,straight,True,True,80,0.2,1.0,0.3,0,0.0,1,40,80,True,1.0,1.0,1.0,0.03030303120613098,0.4242424287579276,0.6590909162028269,43.890151688998394,0.0,0.0,0.0,44.0,41.0,44.0,1.0,4.0,4.0,4.0,0.0,1.0,0.0,44.0,0.2,1.0,0.20000000596046447,15056.271806196733,5498.62744140625,3718.125,3293.69970703125,3718.125,3293.69970703125,36.490281105041504
test,dropout030_relay_failure,no_task_support,no_task_support,none,none,1,60,no_task_support,results/intercept_3d_gate1_hardened_safety_no_task_support_5seed_fixed_update60_candidate/runs/multi_relation/bc_ppo_seed1/actor_critic_update_0060.pt,310048,48,checkpoint,100,straight,True,True,80,0.2,1.0,0.3,0,0.0,1,40,80,True,1.0,1.0,1.0,0.03030303120613098,0.41666667095639487,0.6780303107066588,39.969696974551134,0.0,0.0,0.0,44.0,41.0,44.0,1.0,4.0,4.0,4.0,0.0,1.0,0.0,44.0,0.2,1.0,0.20000000596046447,15125.279929421165,5593.35205078125,3558.278564453125,3121.940673828125,3558.278564453125,3121.940673828125,36.51790648698807
test,dropout030_relay_failure,no_task_support,no_task_support,none,none,1,60,no_task_support,results/intercept_3d_gate1_hardened_safety_no_task_support_5seed_fixed_update60_candidate/runs/multi_relation/bc_ppo_seed1/actor_critic_update_0060.pt,310000,0,checkpoint,100,straight,True,True,80,0.2,1.0,0.3,0,0.0,1,40,80,True,1.0,1.0,1.0,0.029629630512661403,0.4370370414521959,0.6851851926909552,41.08148159484069,0.0,0.0,0.0,45.0,42.0,45.0,1.0,5.0,5.0,5.0,0.0,1.0,0.0,45.0,0.16666666666666666,1.0,0.2500000074505806,14816.258116319445,5024.38525390625,3410.58447265625,3470.61572265625,3410.58447265625,3470.61572265625,37.64075171947479
test,dropout030_relay_failure,no_task_support,no_task_support,none,none,1,60,no_task_support,results/intercept_3d_gate1_hardened_safety_no_task_support_5seed_fixed_update60_candidate/runs/multi_relation/bc_ppo_seed1/actor_critic_update_0060.pt,310010,10,checkpoint,100,straight,True,True,80,0.2,1.0,0.3,0,0.0,1,40,80,True,1.0,1.0,1.0,0.029629630512661403,0.407407412926356,0.6629629731178284,49.774074245823755,0.0,0.0,0.0,45.0,42.0,45.0,1.0,5.0,5.0,5.0,0.0,1.0,0.0,45.0,0.16666666666666666,0.8333333432674408,0.2500000074505806,14964.541319444445,5365.04052734375,3842.504150390625,3392.504150390625,3842.504150390625,3392.504150390625,36.3831108212471
test,dropout030_relay_failure,no_task_support,no_task_support,none,none,1,60,no_task_support,results/intercept_3d_gate1_hardened_safety_no_task_support_5seed_fixed_update60_candidate/runs/multi_relation/bc_ppo_seed1/actor_critic_update_0060.pt,310017,17,checkpoint,100,straight,True,True,80,0.2,1.0,0.3,0,0.0,1,40,80,True,1.0,1.0,1.0,0.029629630512661403,0.4148148198922475,0.6518518586953481,45.05925911830531,0.0,0.0,0.0,45.0,42.0,45.0,1.0,5.0,5.0,5.0,0.0,1.0,0.0,45.0,0.16666666666666666,0.9444444477558136,0.22222222884496054,15002.208387586805,5458.84521484375,3592.62939453125,1723.5758056640625,3592.62939453125,1723.5758056640625,36.48605155944824
test,dropout030_relay_failure,no_task_support,no_task_support,none,none,1,60,no_task_support,results/intercept_3d_gate1_hardened_safety_no_task_support_5seed_fixed_update60_candidate/runs/multi_relation/bc_ppo_seed1/actor_critic_update_0060.pt,310021,21,checkpoint,100,straight,True,True,80,0.2,1.0,0.3,0,0.0,1,40,80,True,1.0,1.0,1.0,0.029629630512661403,0.4296296338240306,0.6925925976700253,35.29259224699603,0.0,0.0,0.0,45.0,42.0,45.0,1.0,5.0,5.0,5.0,0.0,1.0,0.0,45.0,0.16666666666666666,1.0,0.13888889302810034,14819.530859375,4991.6318359375,3672.493408203125,3156.0927734375,3672.493408203125,3156.0927734375,37.88242566585541
test,dropout030_relay_failure,no_task_support,no_task_support,none,none,1,60,no_task_support,results/intercept_3d_gate1_hardened_safety_no_task_support_5seed_fixed_update60_candidate/runs/multi_relation/bc_ppo_seed1/actor_critic_update_0060.pt,310022,22,checkpoint,100,straight,True,True,80,0.2,1.0,0.3,0,0.0,1,40,80,True,1.0,1.0,1.0,0.029629630512661403,0.4296296338240306,0.6407407499021954,39.229629865288736,0.0,0.0,0.0,45.0,42.0,45.0,1.0,5.0,5.0,5.0,0.0,1.0,0.0,45.0,0.16666666666666666,1.0,0.19444445023934046,14821.193565538195,5025.271484375,3668.352783203125,2688.01171875,3668.352783203125,2688.01171875,37.20585456490517
test,dropout030_relay_failure,no_task_support,no_task_support,none,none,1,60,no_task_support,results/intercept_3d_gate1_hardened_safety_no_task_support_5seed_fixed_update60_candidate/runs/multi_relation/bc_ppo_seed1/actor_critic_update_0060.pt,310025,25,checkpoint,100,straight,True,True,80,0.2,1.0,0.3,0,0.0,1,40,80,True,1.0,1.0,1.0,0.029629630512661403,0.4370370414521959,0.703703710436821,38.25925915274355,0.0,0.0,0.0,45.0,42.0,45.0,1.0,5.0,5.0,5.0,0.0,1.0,0.0,45.0,0.16666666666666666,1.0,0.19444445023934046,14817.18515625,5046.931640625,3877.40283203125,3533.075927734375,3877.40283203125,3533.075927734375,38.04265409708023
test,dropout030_relay_failure,no_task_support,no_task_support,none,none,1,60,no_task_support,results/intercept_3d_gate1_hardened_safety_no_task_support_5seed_fixed_update60_candidate/runs/multi_relation/bc_ppo_seed1/actor_critic_update_0060.pt,310035,35,checkpoint,100,straight,True,True,80,0.2,1.0,0.3,0,0.0,1,40,80,True,1.0,1.0,1.0,0.029629630512661403,0.4370370414521959,0.6555555641651154,40.09999989337391,0.0,0.0,0.0,45.0,42.0,45.0,1.0,5.0,5.0,5.0,0.0,1.0,0.0,45.0,0.16666666666666666,1.0,0.2777777860562007,14817.97810329861,5011.98974609375,3437.52197265625,3269.51171875,3437.52197265625,3269.51171875,37.47381812334061
test,dropout030_relay_failure,no_task_support,no_task_support,none,none,1,60,no_task_support,results/intercept_3d_gate1_hardened_safety_no_task_support_5seed_fixed_update60_candidate/runs/multi_relation/bc_ppo_seed1/actor_critic_update_0060.pt,310036,36,checkpoint,100,straight,True,True,80,0.2,1.0,0.3,0,0.0,1,40,80,True,1.0,1.0,1.0,0.029629630512661403,0.4370370414521959,0.6407407485776477,43.081481370660995,0.0,0.0,0.0,45.0,42.0,45.0,1.0,5.0,5.0,5.0,0.0,1.0,0.0,45.0,0.16666666666666666,1.0,0.2500000074505806,14882.073817274306,5249.4521484375,3576.620361328125,2488.4599609375,3576.620361328125,2488.4599609375,36.978496223688126
test,dropout030_relay_failure,no_task_support,no_task_support,none,none,1,60,no_task_support,results/intercept_3d_gate1_hardened_safety_no_task_support_5seed_fixed_update60_candidate/runs/multi_relation/bc_ppo_seed1/actor_critic_update_0060.pt,310038,38,checkpoint,100,straight,True,True,80,0.2,1.0,0.3,0,0.0,1,40,80,True,1.0,1.0,1.0,0.029629630512661403,0.4370370414521959,0.65555556151602,35.44444438815117,0.0,0.0,0.0,45.0,42.0,45.0,1.0,5.0,5.0,5.0,0.0,1.0,0.0,45.0,0.16666666666666666,1.0,0.11111111442248027,14871.183648003473,5111.42822265625,3548.35400390625,2346.828857421875,3548.35400390625,2346.828857421875,37.597029000520706
test,dropout030_relay_failure,no_task_support,no_task_support,none,none,1,60,no_task_support,results/intercept_3d_gate1_hardened_safety_no_task_support_5seed_fixed_update60_candidate/runs/multi_relation/bc_ppo_seed1/actor_critic_update_0060.pt,310039,39,checkpoint,100,straight,True,True,80,0.2,1.0,0.3,0,0.0,1,40,80,True,1.0,1.0,1.0,0.029629630512661403,0.4370370414521959,0.6888888955116272,39.125925647881296,0.0,0.0,0.0,45.0,42.0,45.0,1.0,5.0,5.0,5.0,0.0,1.0,0.0,45.0,0.16666666666666666,1.0,0.2777777860562007,14824.80185546875,5022.2392578125,3518.639404296875,2894.103515625,3518.639404296875,2894.103515625,37.76645430922508
test,dropout030_relay_failure,no_task_support,no_task_support,none,none,1,60,no_task_support,results/intercept_3d_gate1_hardened_safety_no_task_support_5seed_fixed_update60_candidate/runs/multi_relation/bc_ppo_seed1/actor_critic_update_0060.pt,310040,40,checkpoint,100,straight,True,True,80,0.2,1.0,0.3,0,0.0,1,40,80,True,1.0,1.0,1.0,0.029629630512661403,0.4148148198922475,0.7148148225413429,53.50740718344847,0.0,0.0,0.0,45.0,42.0,45.0,1.0,5.0,5.0,5.0,0.0,1.0,0.0,45.0,0.16666666666666666,0.8888888955116272,0.2777777860562007,14958.79831814236,5423.28271484375,3762.69677734375,3555.8017578125,3762.69677734375,3555.8017578125,36.77738383412361
test,dropout030_relay_failure,no_task_support,no_task_support,none,none,1,60,no_task_support,results/intercept_3d_gate1_hardened_safety_no_task_support_5seed_fixed_update60_candidate/runs/multi_relation/bc_ppo_seed1/actor_critic_update_0060.pt,310046,46,checkpoint,100,straight,True,True,80,0.2,1.0,0.3,0,0.0,1,40,80,True,1.0,1.0,1.0,0.029629630512661403,0.4370370414521959,0.637037044763565,43.01481481624974,0.0,0.0,0.0,45.0,42.0,45.0,1.0,5.0,5.0,5.0,0.0,1.0,0.0,45.0,0.16666666666666666,1.0,0.2500000074505806,14813.93752170139,4981.9609375,3484.198974609375,2990.83544921875,3484.198974609375,2990.83544921875,37.237834453582764
test,dropout030_relay_failure,no_task_support,no_task_support,none,none,1,60,no_task_support,results/intercept_3d_gate1_hardened_safety_no_task_support_5seed_fixed_update60_candidate/runs/multi_relation/bc_ppo_seed1/actor_critic_update_0060.pt,310003,3,checkpoint,100,straight,True,True,80,0.2,1.0,0.3,0,0.0,1,40,80,True,1.0,1.0,1.0,0.028985508110212242,0.4347826132307882,0.7028985577433006,47.746376541321695,0.0,0.0,0.0,46.0,43.0,46.0,1.0,6.0,6.0,6.0,0.0,1.0,0.0,46.0,0.14285714285714285,0.9523809552192688,0.21428572067192622,14750.629500679348,4983.63232421875,3842.909912109375,3171.78271484375,3842.909912109375,3171.78271484375,37.93941989541054
test,dropout030_relay_failure,no_task_support,no_task_support,none,none,1,60,no_task_support,results/intercept_3d_gate1_hardened_safety_no_task_support_5seed_fixed_update60_candidate/runs/multi_relation/bc_ppo_seed1/actor_critic_update_0060.pt,310018,18,checkpoint,100,straight,True,True,80,0.2,1.0,0.3,0,0.0,1,40,80,True,1.0,1.0,1.0,0.028985508110212242,0.44927536663801776,0.6521739221137502,36.57608723608048,0.0,0.0,0.0,46.0,43.0,46.0,1.0,6.0,6.0,6.0,0.0,1.0,0.0,46.0,0.14285714285714285,1.0,0.28571429422923494,14647.541779891304,4776.71142578125,3946.77294921875,2875.149658203125,3946.77294921875,2875.149658203125,38.35014471411705
test,dropout030_relay_failure,no_task_support,no_task_support,none,none,1,60,no_task_support,results/intercept_3d_gate1_hardened_safety_no_task_support_5seed_fixed_update60_candidate/runs/multi_relation/bc_ppo_seed1/actor_critic_update_0060.pt,310023,23,checkpoint,100,straight,True,True,80,0.2,1.0,0.3,0,0.0,1,40,80,True,1.0,1.0,1.0,0.028985508110212242,0.44927536663801776,0.6594202988173651,36.59420285017594,0.0,0.0,0.0,46.0,43.0,46.0,1.0,6.0,6.0,6.0,0.0,1.0,0.0,46.0,0.14285714285714285,1.0,0.21428572067192622,14644.129585597826,4702.6474609375,3821.878173828125,2946.40234375,3821.878173828125,2946.40234375,38.47625228762627
test,dropout030_relay_failure,no_task_support,no_task_support,none,none,1,60,no_task_support,results/intercept_3d_gate1_hardened_safety_no_task_support_5seed_fixed_update60_candidate/runs/multi_relation/bc_ppo_seed1/actor_critic_update_0060.pt,310027,27,checkpoint,100,straight,True,True,80,0.2,1.0,0.3,0,0.0,1,40,80,True,1.0,1.0,1.0,0.028985508110212242,0.44927536663801776,0.6557971096557119,39.41666672637929,0.0,0.0,0.0,46.0,43.0,46.0,1.0,6.0,6.0,6.0,0.0,1.0,0.0,46.0,0.14285714285714285,1.0,0.19047619615282332,14629.584621263586,4696.86669921875,3754.382568359375,3035.821533203125,3754.382568359375,3035.821533203125,38.298713862895966
test,dropout030_relay_failure,no_task_support,no_task_support,none,none,1,60,no_task_support,results/intercept_3d_gate1_hardened_safety_no_task_support_5seed_fixed_update60_candidate/runs/multi_relation/bc_ppo_seed1/actor_critic_update_0060.pt,310028,28,checkpoint,100,straight,True,True,80,0.2,1.0,0.3,0,0.0,1,40,80,True,1.0,1.0,1.0,0.028985508110212242,0.44927536663801776,0.6992753685816474,43.04710119444391,0.0,0.0,0.0,46.0,43.0,46.0,1.0,6.0,6.0,6.0,0.0,1.0,0.0,46.0,0.14285714285714285,1.0,0.23809524519102915,14653.418032438858,4830.81884765625,3791.9921875,3092.69482421875,3791.9921875,3092.69482421875,38.4321514070034
test,dropout030_relay_failure,no_task_support,no_task_support,none,none,1,60,no_task_support,results/intercept_3d_gate1_hardened_safety_no_task_support_5seed_fixed_update60_candidate/runs/multi_relation/bc_ppo_seed1/actor_critic_update_0060.pt,310045,45,checkpoint,100,straight,True,True,80,0.2,1.0,0.3,0,0.0,1,40,80,True,1.0,1.0,1.0,0.028985508110212242,0.4275362368511117,0.6449275444383207,46.91666692203802,0.0,0.0,0.0,46.0,43.0,46.0,1.0,6.0,6.0,6.0,0.0,1.0,0.0,46.0,0.14285714285714285,0.9047619104385376,0.23809524519102915,14677.228855298914,4883.66796875,4035.65380859375,2675.61376953125,4035.65380859375,2675.61376953125,37.41582676768303
test,dropout030_relay_failure,no_task_support,no_task_support,none,none,1,60,no_task_support,results/intercept_3d_gate1_hardened_safety_no_task_support_5seed_fixed_update60_candidate/runs/multi_relation/bc_ppo_seed1/actor_critic_update_0060.pt,310049,49,checkpoint,100,straight,True,True,80,0.2,1.0,0.3,0,0.0,1,40,80,True,1.0,1.0,1.0,0.028985508110212242,0.4347826132307882,0.5579710246428199,49.78985534219638,0.0,0.0,0.0,46.0,43.0,46.0,1.0,6.0,6.0,6.0,0.0,1.0,0.0,46.0,0.14285714285714285,0.9523809552192688,0.21428572067192622,14735.245170261549,5024.51025390625,4162.3154296875,2452.419921875,4162.3154296875,2452.419921875,36.443028181791306
test,dropout030_relay_failure,no_task_support,no_task_support,none,none,1,60,no_task_support,results/intercept_3d_gate1_hardened_safety_no_task_support_5seed_fixed_update60_candidate/runs/multi_relation/bc_ppo_seed1/actor_critic_update_0060.pt,310006,6,checkpoint,100,straight,True,True,80,0.2,1.0,0.3,0,0.0,1,40,80,True,1.0,1.0,1.0,0.02836879517169709,0.44680851507694164,0.5957446894113053,51.517730512200515,0.0,0.0,0.0,47.0,44.0,47.0,1.0,7.0,7.0,7.0,0.0,1.0,0.0,47.0,0.125,0.9583333358168602,0.22916667349636555,14522.12214303524,4694.75,3975.872802734375,3035.046875,3975.872802734375,3035.046875,37.44321450591087
test,dropout030_relay_failure,no_task_support,no_task_support,none,none,1,60,no_task_support,results/intercept_3d_gate1_hardened_safety_no_task_support_5seed_fixed_update60_candidate/runs/multi_relation/bc_ppo_seed1/actor_critic_update_0060.pt,310012,12,checkpoint,100,straight,True,True,80,0.2,1.0,0.3,0,0.0,1,40,80,True,1.0,1.0,1.0,0.02836879517169709,0.4539007132357739,0.6631205747736261,41.35815612876669,0.0,0.0,0.0,47.0,44.0,47.0,1.0,7.0,7.0,7.0,0.0,1.0,0.0,47.0,0.125,1.0,0.2083333395421505,14500.32880028258,4542.33544921875,3700.3935546875,2440.32177734375,3700.3935546875,2440.32177734375,38.92474019527435
test,dropout030_relay_failure,no_task_support,no_task_support,none,none,1,60,no_task_support,results/intercept_3d_gate1_hardened_safety_no_task_support_5seed_fixed_update60_candidate/runs/multi_relation/bc_ppo_seed1/actor_critic_update_0060.pt,310015,15,checkpoint,100,straight,True,True,80,0.2,1.0,0.3,0,0.0,1,40,80,True,1.0,1.0,1.0,0.02836879517169709,0.44680851507694164,0.6773049714083367,34.12765947554974,0.0,0.0,0.0,47.0,44.0,47.0,1.0,7.0,7.0,7.0,0.0,1.0,0.0,47.0,0.125,1.0,0.2916666753590107,14544.465976146941,4497.8818359375,3309.882080078125,1432.702880859375,3309.882080078125,1432.702880859375,39.25034999847412
test,dropout030_relay_failure,no_task_support,no_task_support,none,none,1,60,no_task_support,results/intercept_3d_gate1_hardened_safety_no_task_support_5seed_fixed_update60_candidate/runs/multi_relation/bc_ppo_seed1/actor_critic_update_0060.pt,310043,43,checkpoint,100,straight,True,True,80,0.2,1.0,0.3,0,0.0,1,40,80,True,1.0,1.0,1.0,0.02836879517169709,0.4609929120286982,0.6879432680124932,38.6595745831728,0.0,0.0,0.0,47.0,44.0,47.0,1.0,7.0,7.0,7.0,0.0,1.0,0.0,47.0,0.125,1.0,0.2500000074505806,14458.64025099734,4514.45361328125,3546.409423828125,2712.900634765625,3546.409423828125,2712.900634765625,39.361193507909775
test,dropout030_relay_failure,no_task_support,no_task_support,none,none,1,60,no_task_support,results/intercept_3d_gate1_hardened_safety_no_task_support_5seed_fixed_update60_candidate/runs/multi_relation/bc_ppo_seed1/actor_critic_update_0060.pt,310008,8,checkpoint,100,straight,True,True,80,0.2,1.0,0.3,0,0.0,1,40,80,True,1.0,1.0,1.0,0.027777778605620067,0.46527778171002865,0.6562500068296989,46.93402774942418,0.0,0.0,0.0,48.0,45.0,48.0,1.0,8.0,8.0,8.0,0.0,1.0,0.0,48.0,0.1111111111111111,1.0,0.20370370977454716,14283.998494466146,4224.4521484375,3188.428466796875,3506.4453125,3188.428466796875,3506.4453125,39.24994024634361
test,dropout030_relay_failure,no_task_support,no_task_support,none,none,1,60,no_task_support,results/intercept_3d_gate1_hardened_safety_no_task_support_5seed_fixed_update60_candidate/runs/multi_relation/bc_ppo_seed1/actor_critic_update_0060.pt,310013,13,checkpoint,100,straight,True,True,80,0.2,1.0,0.3,0,0.0,1,40,80,True,1.0,1.0,1.0,0.027777778605620067,0.46527778171002865,0.6180555659035841,41.79861125070602,0.0,0.0,0.0,48.0,45.0,48.0,1.0,8.0,8.0,8.0,0.0,1.0,0.0,48.0,0.1111111111111111,1.0,0.18518519070413378,14270.548553466797,4191.54150390625,3217.753662109375,2474.20166015625,3217.753662109375,2474.20166015625,39.13829880952835
test,dropout030_relay_failure,no_task_support,no_task_support,none,none,1,60,no_task_support,results/intercept_3d_gate1_hardened_safety_no_task_support_5seed_fixed_update60_candidate/runs/multi_relation/bc_ppo_seed1/actor_critic_update_0060.pt,310020,20,checkpoint,100,straight,True,True,80,0.2,1.0,0.3,0,0.0,1,40,80,True,1.0,1.0,1.0,0.027777778605620067,0.45833333767950535,0.6006944530333082,57.9305551884075,0.0,0.0,0.0,48.0,45.0,48.0,1.0,8.0,8.0,8.0,0.0,1.0,0.0,48.0,0.1111111111111111,0.9629629651705424,0.2592592669857873,14326.988596598307,4389.2470703125,3704.161865234375,3191.364501953125,3704.161865234375,3191.364501953125,37.92157009243965
test,dropout030_relay_failure,no_task_support,no_task_support,none,none,1,60,no_task_support,results/intercept_3d_gate1_hardened_safety_no_task_support_5seed_fixed_update60_candidate/runs/multi_relation/bc_ppo_seed1/actor_critic_update_0060.pt,310032,32,checkpoint,100,straight,True,True,80,0.2,1.0,0.3,0,0.0,1,40,80,True,1.0,1.0,1.0,0.027777778605620067,0.4583333383003871,0.64236112156262,47.906250186885394,0.0,0.0,0.0,48.0,45.0,48.0,1.0,8.0,8.0,8.0,0.0,1.0,0.0,48.0,0.1111111111111111,0.9259259303410848,0.24074074791537392,14276.2497660319,4250.03857421875,3285.486083984375,2858.258056640625,3285.486083984375,2858.258056640625,39.05451077222824
test,dropout030_relay_failure,no_task_support,no_task_support,none,none,1,60,no_task_support,results/intercept_3d_gate1_hardened_safety_no_task_support_5seed_fixed_update60_candidate/runs/multi_relation/bc_ppo_seed1/actor_critic_update_0060.pt,310007,7,checkpoint,100,straight,True,True,80,0.2,1.0,0.3,0,0.0,1,40,80,True,0.0,0.0,0.0,0.0,0.10000000160474043,0.16730769551717317,72.43141035661101,0.0,1.0,0.0,260.0,-1.0,-1.0,0.0,220.0,220.0,-1.0,0.0,0.0,1.0,-1.0,0.0,0.15833333618938922,0.1687500050291419,37042.55108454778,81417.4296875,975.1832885742188,2086.108154296875,80516.515625,20935.421875,-39.50754076242447
test,dropout030_relay_failure,no_task_support,no_task_support,none,none,1,60,no_task_support,results/intercept_3d_gate1_hardened_safety_no_task_support_5seed_fixed_update60_candidate/runs/multi_relation/bc_ppo_seed1/actor_critic_update_0060.pt,310009,9,checkpoint,100,straight,True,True,80,0.2,1.0,0.3,0,0.0,1,40,80,True,0.0,0.0,0.0,0.0,0.10000000160474043,0.14294872037493267,68.02051306000122,0.0,1.0,0.0,260.0,-1.0,-1.0,0.0,220.0,220.0,-1.0,0.0,0.0,1.0,-1.0,0.0,0.16250000298023223,0.14166667088866233,36983.49311711238,81407.5234375,623.9636840820312,1989.4564208984375,78962.171875,23631.310546875,-40.48876830562949
test,dropout030_relay_failure,no_task_support,no_task_support,none,none,1,60,no_task_support,results/intercept_3d_gate1_hardened_safety_no_task_support_5seed_fixed_update60_candidate/runs/multi_relation/bc_ppo_seed1/actor_critic_update_0060.pt,310030,30,checkpoint,100,straight,True,True,80,0.2,1.0,0.3,0,0.0,1,40,80,True,0.0,0.0,0.0,0.0,0.10384615545089428,0.18076923397871164,70.87884592539989,0.0,1.0,0.0,260.0,-1.0,-1.0,0.0,220.0,220.0,-1.0,0.0,0.0,1.0,-1.0,0.0,0.17083333618938923,0.15833333805203437,37584.99938119741,80554.1640625,309.21246337890625,2060.505859375,78519.7109375,19863.765625,-37.70388388633728
test,dropout030_relay_failure,no_task_support,no_task_support,none,none,1,60,no_task_support,results/intercept_3d_gate1_hardened_safety_no_task_support_5seed_fixed_update60_candidate/runs/multi_relation/bc_ppo_seed1/actor_critic_update_0060.pt,310033,33,checkpoint,100,straight,True,True,80,0.2,1.0,0.3,0,0.0,1,40,80,True,0.0,0.0,0.0,0.0,0.10000000149011612,0.16153846440406947,73.19807655547675,0.0,1.0,0.0,260.0,-1.0,-1.0,0.0,220.0,220.0,-1.0,0.0,0.0,1.0,-1.0,0.0,0.1625000026077032,0.15208333786576986,36832.50330059345,81111.9921875,847.9873657226562,2056.95849609375,80107.796875,20697.365234375,-39.64301512762904
test,dropout030_relay_failure,no_task_support,no_task_support,none,none,1,60,no_task_support,results/intercept_3d_gate1_hardened_safety_no_task_support_5seed_fixed_update60_candidate/runs/multi_relation/bc_ppo_seed1/actor_critic_update_0060.pt,310037,37,checkpoint,100,straight,True,True,80,0.2,1.0,0.3,0,0.0,1,40,80,True,0.0,0.0,1.0,0.003846153960778163,0.10128205258112688,0.19038461888065705,69.39102572632524,0.0,1.0,0.0,260.0,48.0,-1.0,0.0,220.0,220.0,-1.0,0.0,0.0,1.0,-1.0,0.0,0.16666666865348817,0.1604166714474559,36942.51787015475,81550.640625,678.1896362304688,2065.138427734375,78528.171875,14227.8701171875,-36.02663480490446
test,dropout030_relay_failure,no_task_support,no_task_support,none,none,1,60,no_task_support,results/intercept_3d_gate1_hardened_safety_no_task_support_5seed_fixed_update60_candidate/runs/multi_relation/bc_ppo_seed1/actor_critic_update_0060.pt,310047,47,checkpoint,100,straight,True,True,80,0.2,1.0,0.3,0,0.0,1,40,80,True,0.0,0.0,0.0,0.0,0.1012820528103755,0.17307692588521884,56.8634612893829,0.0,1.0,0.0,260.0,-1.0,-1.0,0.0,220.0,220.0,-1.0,0.0,0.0,1.0,-1.0,0.0,0.1625000026077032,0.1666666716337204,37541.74744027945,80923.7578125,745.9386596679688,1904.7611083984375,79639.5625,22592.609375,-36.71519859135151
test,dropout030_relay_failure,no_task_support,no_task_support,none,none,1,60,no_task_support,results/intercept_3d_gate1_hardened_safety_no_task_support_5seed_fixed_update60_candidate/runs/multi_relation/bc_ppo_seed1/actor_critic_update_0060.pt,310053,53,checkpoint,100,straight,True,True,80,0.2,1.0,0.3,0,0.0,1,40,80,True,1.0,1.0,1.0,0.03030303120613098,0.4242424287579276,0.7500000060959295,40.833333189853214,0.0,0.0,0.0,44.0,41.0,44.0,1.0,4.0,4.0,4.0,0.0,1.0,0.0,44.0,0.2,1.0,0.26666667461395266,15062.431374289772,5477.044921875,3731.294677734375,3155.32275390625,3731.294677734375,3155.32275390625,37.454836666584015
test,dropout030_relay_failure,no_task_support,no_task_support,none,none,1,60,no_task_support,results/intercept_3d_gate1_hardened_safety_no_task_support_5seed_fixed_update60_candidate/runs/multi_relation/bc_ppo_seed1/actor_critic_update_0060.pt,310059,59,checkpoint,100,straight,True,True,80,0.2,1.0,0.3,0,0.0,1,40,80,True,1.0,1.0,1.0,0.03030303120613098,0.41666667095639487,0.6439394016157497,38.00757575373758,0.0,0.0,0.0,44.0,41.0,44.0,1.0,4.0,4.0,4.0,0.0,1.0,0.0,44.0,0.2,1.0,0.20000000596046447,15098.679920543324,5536.05615234375,3547.230712890625,2764.37060546875,3547.230712890625,2764.37060546875,36.33091828227043
test,dropout030_relay_failure,no_task_support,no_task_support,none,none,1,60,no_task_support,results/intercept_3d_gate1_hardened_safety_no_task_support_5seed_fixed_update60_candidate/runs/multi_relation/bc_ppo_seed1/actor_critic_update_0060.pt,310062,62,checkpoint,100,straight,True,True,80,0.2,1.0,0.3,0,0.0,1,40,80,True,1.0,1.0,1.0,0.03030303120613098,0.4242424287579276,0.6818181902847507,35.10227290371602,0.0,0.0,0.0,44.0,41.0,44.0,1.0,4.0,4.0,4.0,0.0,1.0,0.0,44.0,0.2,1.0,0.3000000089406967,15048.307750355114,5453.60107421875,3783.00537109375,2507.50048828125,3783.00537109375,2507.50048828125,37.0738425552845
test,dropout030_relay_failure,no_task_support,no_task_support,none,none,1,60,no_task_support,results/intercept_3d_gate1_hardened_safety_no_task_support_5seed_fixed_update60_candidate/runs/multi_relation/bc_ppo_seed1/actor_critic_update_0060.pt,310066,66,checkpoint,100,straight,True,True,80,0.2,1.0,0.3,0,0.0,1,40,80,True,1.0,1.0,1.0,0.03030303120613098,0.4242424287579276,0.723484855145216,41.875000119547956,0.0,0.0,0.0,44.0,41.0,44.0,1.0,4.0,4.0,4.0,0.0,1.0,0.0,44.0,0.2,1.0,0.26666667461395266,15077.97616299716,5512.22998046875,3580.4365234375,2511.13232421875,3580.4365234375,2511.13232421875,37.09387320280075
test,dropout030_relay_failure,no_task_support,no_task_support,none,none,1,60,no_task_support,results/intercept_3d_gate1_hardened_safety_no_task_support_5seed_fixed_update60_candidate/runs/multi_relation/bc_ppo_seed1/actor_critic_update_0060.pt,310070,70,checkpoint,100,straight,True,True,80,0.2,1.0,0.3,0,0.0,1,40,80,True,1.0,1.0,1.0,0.03030303120613098,0.4242424287579276,0.6477272839031436,45.848485166376285,0.0,0.0,0.0,44.0,41.0,44.0,1.0,4.0,4.0,4.0,0.0,1.0,0.0,44.0,0.2,1.0,0.26666667461395266,15089.299360795454,5594.544921875,3796.045166015625,2703.453369140625,3796.045166015625,2703.453369140625,36.178051203489304
test,dropout030_relay_failure,no_task_support,no_task_support,none,none,1,60,no_task_support,results/intercept_3d_gate1_hardened_safety_no_task_support_5seed_fixed_update60_candidate/runs/multi_relation/bc_ppo_seed1/actor_critic_update_0060.pt,310076,76,checkpoint,100,straight,True,True,80,0.2,1.0,0.3,0,0.0,1,40,80,True,1.0,1.0,1.0,0.03030303120613098,0.4242424287579276,0.6590909172188152,37.02272716435519,0.0,0.0,0.0,44.0,41.0,44.0,1.0,4.0,4.0,4.0,0.0,1.0,0.0,44.0,0.2,1.0,0.26666667461395266,15059.831265536222,5445.60302734375,3810.364501953125,2864.578857421875,3810.364501953125,2864.578857421875,36.762604147195816
test,dropout030_relay_failure,no_task_support,no_task_support,none,none,1,60,no_task_support,results/intercept_3d_gate1_hardened_safety_no_task_support_5seed_fixed_update60_candidate/runs/multi_relation/bc_ppo_seed1/actor_critic_update_0060.pt,310078,78,checkpoint,100,straight,True,True,80,0.2,1.0,0.3,0,0.0,1,40,80,True,1.0,1.0,1.0,0.03030303120613098,0.4242424287579276,0.6742424314672296,34.140151054005734,0.0,0.0,0.0,44.0,41.0,44.0,1.0,4.0,4.0,4.0,0.0,1.0,0.0,44.0,0.2,1.0,0.23333334028720856,15072.05264559659,5484.15673828125,3606.912353515625,2518.62353515625,3606.912353515625,2518.62353515625,36.997545927762985
test,dropout030_relay_failure,no_task_support,no_task_support,none,none,1,60,no_task_support,results/intercept_3d_gate1_hardened_safety_no_task_support_5seed_fixed_update60_candidate/runs/multi_relation/bc_ppo_seed1/actor_critic_update_0060.pt,310079,79,checkpoint,100,straight,True,True,80,0.2,1.0,0.3,0,0.0,1,40,80,True,1.0,1.0,1.0,0.03030303120613098,0.4242424287579276,0.6439394043250517,42.03030280023813,0.0,0.0,0.0,44.0,41.0,44.0,1.0,4.0,4.0,4.0,0.0,1.0,0.0,44.0,0.2,1.0,0.1666666716337204,15086.338844992897,5566.47021484375,3657.7080078125,3467.48486328125,3657.7080078125,3467.48486328125,36.317878752946854
test,dropout030_relay_failure,no_task_support,no_task_support,none,none,1,60,no_task_support,results/intercept_3d_gate1_hardened_safety_no_task_support_5seed_fixed_update60_candidate/runs/multi_relation/bc_ppo_seed1/actor_critic_update_0060.pt,310081,81,checkpoint,100,straight,True,True,80,0.2,1.0,0.3,0,0.0,1,40,80,True,1.0,1.0,1.0,0.03030303120613098,0.4242424287579276,0.7083333398808133,37.08712123605338,0.0,0.0,0.0,44.0,41.0,44.0,1.0,4.0,4.0,4.0,0.0,1.0,0.0,44.0,0.2,1.0,0.1666666716337204,15067.914328835228,5478.7890625,3719.94384765625,2784.515380859375,3719.94384765625,2784.515380859375,37.169292628765106
test,dropout030_relay_failure,no_task_support,no_task_support,none,none,1,60,no_task_support,results/intercept_3d_gate1_hardened_safety_no_task_support_5seed_fixed_update60_candidate/runs/multi_relation/bc_ppo_seed1/actor_critic_update_0060.pt,310088,88,checkpoint,100,straight,True,True,80,0.2,1.0,0.3,0,0.0,1,40,80,True,1.0,1.0,1.0,0.03030303120613098,0.39393939958377316,0.6515151604332707,49.78030311485583,0.0,0.0,0.0,44.0,41.0,44.0,1.0,4.0,4.0,4.0,0.0,1.0,0.0,44.0,0.2,0.8666666746139526,0.23333334028720856,15242.56650612571,5899.919921875,3758.554931640625,2841.94140625,3758.554931640625,2841.94140625,35.35838395357132
test,dropout030_relay_failure,no_task_support,no_task_support,none,none,1,60,no_task_support,results/intercept_3d_gate1_hardened_safety_no_task_support_5seed_fixed_update60_candidate/runs/multi_relation/bc_ppo_seed1/actor_critic_update_0060.pt,310092,92,checkpoint,100,straight,True,True,80,0.2,1.0,0.3,0,0.0,1,40,80,True,1.0,1.0,1.0,0.03030303120613098,0.40909091383218765,0.6969697038558397,38.94318193264983,0.0,0.0,0.0,44.0,41.0,44.0,1.0,4.0,4.0,4.0,0.0,1.0,0.0,44.0,0.2,1.0,0.23333334028720856,15196.554066051136,5916.92041015625,3845.6298828125,3474.3017578125,3845.6298828125,3474.3017578125,36.34378007054329
test,dropout030_relay_failure,no_task_support,no_task_support,none,none,1,60,no_task_support,results/intercept_3d_gate1_hardened_safety_no_task_support_5seed_fixed_update60_candidate/runs/multi_relation/bc_ppo_seed1/actor_critic_update_0060.pt,310095,95,checkpoint,100,straight,True,True,80,0.2,1.0,0.3,0,0.0,1,40,80,True,1.0,1.0,1.0,0.03030303120613098,0.41666667095639487,0.6666666750203479,41.90151538395069,0.0,0.0,0.0,44.0,41.0,44.0,1.0,4.0,4.0,4.0,0.0,1.0,0.0,44.0,0.2,1.0,0.20000000596046447,15108.068503639915,5549.41552734375,3834.484619140625,3166.484375,3834.484619140625,3166.484375,36.36456295847893
test,dropout030_relay_failure,no_task_support,no_task_support,none,none,1,60,no_task_support,results/intercept_3d_gate1_hardened_safety_no_task_support_5seed_fixed_update60_candidate/runs/multi_relation/bc_ppo_seed1/actor_critic_update_0060.pt,310097,97,checkpoint,100,straight,True,True,80,0.2,1.0,0.3,0,0.0,1,40,80,True,1.0,1.0,1.0,0.03030303120613098,0.4242424287579276,0.6969697021625259,44.08333286913958,0.0,0.0,0.0,44.0,41.0,44.0,1.0,4.0,4.0,4.0,0.0,1.0,0.0,44.0,0.2,1.0,0.20000000596046447,15055.750432794744,5483.76953125,3700.319091796875,2932.076416015625,3700.319091796875,2932.076416015625,36.71321612596512
test,dropout030_relay_failure,no_task_support,no_task_support,none,none,1,60,no_task_support,results/intercept_3d_gate1_hardened_safety_no_task_support_5seed_fixed_update60_candidate/runs/multi_relation/bc_ppo_seed1/actor_critic_update_0060.pt,310052,52,checkpoint,100,straight,True,True,80,0.2,1.0,0.3,0,0.0,1,40,80,True,1.0,1.0,1.0,0.029629630512661403,0.4370370414521959,0.6703703774346246,39.144444331526756,0.0,0.0,0.0,45.0,42.0,45.0,1.0,5.0,5.0,5.0,0.0,1.0,0.0,45.0,0.16666666666666666,1.0,0.13888889302810034,14856.900651041668,5118.05810546875,3812.1259765625,2407.934814453125,3812.1259765625,2407.934814453125,37.540511786937714
test,dropout030_relay_failure,no_task_support,no_task_support,none,none,1,60,no_task_support,results/intercept_3d_gate1_hardened_safety_no_task_support_5seed_fixed_update60_candidate/runs/multi_relation/bc_ppo_seed1/actor_critic_update_0060.pt,310054,54,checkpoint,100,straight,True,True,80,0.2,1.0,0.3,0,0.0,1,40,80,True,1.0,1.0,1.0,0.029629630512661403,0.4370370414521959,0.6333333412806194,36.333333275053235,0.0,0.0,0.0,45.0,42.0,45.0,1.0,5.0,5.0,5.0,0.0,1.0,0.0,45.0,0.16666666666666666,1.0,0.22222222884496054,14863.196180555555,5055.52685546875,3451.103759765625,2136.51220703125,3451.103759765625,2136.51220703125,37.44409245252609
test,dropout030_relay_failure,no_task_support,no_task_support,none,none,1,60,no_task_support,results/intercept_3d_gate1_hardened_safety_no_task_support_5seed_fixed_update60_candidate/runs/multi_relation/bc_ppo_seed1/actor_critic_update_0060.pt,310056,56,checkpoint,100,straight,True,True,80,0.2,1.0,0.3,0,0.0,1,40,80,True,1.0,1.0,1.0,0.029629630512661403,0.4370370414521959,0.6703703787591723,37.28148170411587,0.0,0.0,0.0,45.0,42.0,45.0,1.0,5.0,5.0,5.0,0.0,1.0,0.0,45.0,0.16666666666666666,1.0,0.19444445023934046,14821.320887586806,5025.3994140625,3593.212158203125,2300.442138671875,3593.212158203125,2300.442138671875,37.77100917696953
test,dropout030_relay_failure,no_task_support,no_task_support,none,none,1,60,no_task_support,results/intercept_3d_gate1_hardened_safety_no_task_support_5seed_fixed_update60_candidate/runs/multi_relation/bc_ppo_seed1/actor_critic_update_0060.pt,310060,60,checkpoint,100,straight,True,True,80,0.2,1.0,0.3,0,0.0,1,40,80,True,1.0,1.0,1.0,0.029629630512661403,0.4370370414521959,0.6962963028086556,39.13703687422805,0.0,0.0,0.0,45.0,42.0,45.0,1.0,5.0,5.0,5.0,0.0,1.0,0.0,45.0,0.16666666666666666,1.0,0.2777777860562007,14840.094487847222,5035.1171875,3599.39794921875,3130.4990234375,3599.39794921875,3130.4990234375,37.83671721816063
test,dropout030_relay_failure,no_task_support,no_task_support,none,none,1,60,no_task_support,results/intercept_3d_gate1_hardened_safety_no_task_support_5seed_fixed_update60_candidate/runs/multi_relation/bc_ppo_seed1/actor_critic_update_0060.pt,310064,64,checkpoint,100,straight,True,True,80,0.2,1.0,0.3,0,0.0,1,40,80,True,1.0,1.0,1.0,0.029629630512661403,0.4370370414521959,0.7185185256931517,43.985184874799515,0.0,0.0,0.0,45.0,42.0,45.0,1.0,5.0,5.0,5.0,0.0,1.0,0.0,45.0,0.16666666666666666,1.0,0.2500000074505806,14820.419780815972,5048.06201171875,3872.600830078125,3355.707275390625,3872.600830078125,3355.707275390625,37.95164826512337
test,dropout030_relay_failure,no_task_support,no_task_support,none,none,1,60,no_task_support,results/intercept_3d_gate1_hardened_safety_no_task_support_5seed_fixed_update60_candidate/runs/multi_relation/bc_ppo_seed1/actor_critic_update_0060.pt,310065,65,checkpoint,100,straight,True,True,80,0.2,1.0,0.3,0,0.0,1,40,80,True,1.0,1.0,1.0,0.029629630512661403,0.4370370414521959,0.6814814868900511,31.451851511995,0.0,0.0,0.0,45.0,42.0,45.0,1.0,5.0,5.0,5.0,0.0,1.0,0.0,45.0,0.16666666666666666,1.0,0.19444445023934046,14849.28810763889,5042.33740234375,3646.328857421875,2321.695068359375,3646.328857421875,2321.695068359375,38.13334086537361
test,dropout030_relay_failure,no_task_support,no_task_support,none,none,1,60,no_task_support,results/intercept_3d_gate1_hardened_safety_no_task_support_5seed_fixed_update60_candidate/runs/multi_relation/bc_ppo_seed1/actor_critic_update_0060.pt,310069,69,checkpoint,100,straight,True,True,80,0.2,1.0,0.3,0,0.0,1,40,80,True,1.0,1.0,1.0,0.029629630512661403,0.4370370414521959,0.6444444537162781,44.162963069809805,0.0,0.0,0.0,45.0,42.0,45.0,1.0,5.0,5.0,5.0,0.0,1.0,0.0,45.0,0.16666666666666666,1.0,0.2500000074505806,14882.930121527777,5153.69287109375,3617.4013671875,3211.275390625,3617.4013671875,3211.275390625,37.06949523091316
test,dropout030_relay_failure,no_task_support,no_task_support,none,none,1,60,no_task_support,results/intercept_3d_gate1_hardened_safety_no_task_support_5seed_fixed_update60_candidate/runs/multi_relation/bc_ppo_seed1/actor_critic_update_0060.pt,310071,71,checkpoint,100,straight,True,True,80,0.2,1.0,0.3,0,0.0,1,40,80,True,1.0,1.0,1.0,0.029629630512661403,0.4296296338240306,0.6888888968361748,35.351851961016656,0.0,0.0,0.0,45.0,42.0,45.0,1.0,5.0,5.0,5.0,0.0,1.0,0.0,45.0,0.16666666666666666,1.0,0.3333333432674408,14808.287076822917,4970.53466796875,3527.458984375,3251.31494140625,3527.458984375,3251.31494140625,37.860508531332016
test,dropout030_relay_failure,no_task_support,no_task_support,none,none,1,60,no_task_support,results/intercept_3d_gate1_hardened_safety_no_task_support_5seed_fixed_update60_candidate/runs/multi_relation/bc_ppo_seed1/actor_critic_update_0060.pt,310075,75,checkpoint,100,straight,True,True,80,0.2,1.0,0.3,0,0.0,1,40,80,True,1.0,1.0,1.0,0.029629630512661403,0.4370370414521959,0.6666666749450896,38.25555544793606,0.0,0.0,0.0,45.0,42.0,45.0,1.0,5.0,5.0,5.0,0.0,1.0,0.0,45.0,0.16666666666666666,1.0,0.2500000074505806,14857.194346788194,5108.70166015625,3841.719482421875,2761.91357421875,3841.719482421875,2761.91357421875,37.62987971305847
test,dropout030_relay_failure,no_task_support,no_task_support,none,none,1,60,no_task_support,results/intercept_3d_gate1_hardened_safety_no_task_support_5seed_fixed_update60_candidate/runs/multi_relation/bc_ppo_seed1/actor_critic_update_0060.pt,310084,84,checkpoint,100,straight,True,True,80,0.2,1.0,0.3,0,0.0,1,40,80,True,1.0,1.0,1.0,0.029629630512661403,0.4370370414521959,0.6111111187272602,45.8740739941597,0.0,0.0,0.0,45.0,42.0,45.0,1.0,5.0,5.0,5.0,0.0,1.0,0.0,45.0,0.16666666666666666,1.0,0.19444445023934046,14842.296636284722,5072.34619140625,3679.12158203125,2960.345947265625,3679.12158203125,2960.345947265625,36.81306132674217
test,dropout030_relay_failure,no_task_support,no_task_support,none,none,1,60,no_task_support,results/intercept_3d_gate1_hardened_safety_no_task_support_5seed_fixed_update60_candidate/runs/multi_relation/bc_ppo_seed1/actor_critic_update_0060.pt,310085,85,checkpoint,100,straight,True,True,80,0.2,1.0,0.3,0,0.0,1,40,80,True,1.0,1.0,1.0,0.029629630512661403,0.4148148198922475,0.6222222291760975,52.64074034260379,0.0,0.0,0.0,45.0,42.0,45.0,1.0,5.0,5.0,5.0,0.0,1.0,0.0,45.0,0.16666666666666666,0.8888888955116272,0.19444445023934046,14958.24894748264,5414.17138671875,4010.166015625,2834.880126953125,4010.166015625,2834.880126953125,35.990166038274765
test,dropout030_relay_failure,no_task_support,no_task_support,none,none,1,60,no_task_support,results/intercept_3d_gate1_hardened_safety_no_task_support_5seed_fixed_update60_candidate/runs/multi_relation/bc_ppo_seed1/actor_critic_update_0060.pt,310096,96,checkpoint,100,straight,True,True,80,0.2,1.0,0.3,0,0.0,1,40,80,True,1.0,1.0,1.0,0.029629630512661403,0.4370370414521959,0.7037037097745471,36.20740703642368,0.0,0.0,0.0,45.0,42.0,45.0,1.0,5.0,5.0,5.0,0.0,1.0,0.0,45.0,0.16666666666666666,1.0,0.19444445023934046,14814.881282552084,4996.82373046875,3729.73583984375,3410.635986328125,3729.73583984375,3410.635986328125,38.12961673736572
test,dropout030_relay_failure,no_task_support,no_task_support,none,none,1,60,no_task_support,results/intercept_3d_gate1_hardened_safety_no_task_support_5seed_fixed_update60_candidate/runs/multi_relation/bc_ppo_seed1/actor_critic_update_0060.pt,310055,55,checkpoint,100,straight,True,True,80,0.2,1.0,0.3,0,0.0,1,40,80,True,1.0,1.0,1.0,0.028985508110212242,0.44927536663801776,0.6231884120599084,40.44202887493631,0.0,0.0,0.0,46.0,43.0,46.0,1.0,6.0,6.0,6.0,0.0,1.0,0.0,46.0,0.14285714285714285,1.0,0.19047619615282332,14622.205990998642,4744.4833984375,3866.572265625,3007.1357421875,3866.572265625,3007.1357421875,37.92352616786957
test,dropout030_relay_failure,no_task_support,no_task_support,none,none,1,60,no_task_support,results/intercept_3d_gate1_hardened_safety_no_task_support_5seed_fixed_update60_candidate/runs/multi_relation/bc_ppo_seed1/actor_critic_update_0060.pt,310058,58,checkpoint,100,straight,True,True,80,0.2,1.0,0.3,0,0.0,1,40,80,True,1.0,1.0,1.0,0.028985508110212242,0.4347826132307882,0.6485507313324057,40.30797062198753,0.0,0.0,0.0,46.0,43.0,46.0,1.0,6.0,6.0,6.0,0.0,1.0,0.0,46.0,0.14285714285714285,0.9523809552192688,0.23809524519102915,14710.715491253397,4941.57373046875,3677.01416015625,1873.417724609375,3677.01416015625,1873.417724609375,37.849826976656914
test,dropout030_relay_failure,no_task_support,no_task_support,none,none,1,60,no_task_support,results/intercept_3d_gate1_hardened_safety_no_task_support_5seed_fixed_update60_candidate/runs/multi_relation/bc_ppo_seed1/actor_critic_update_0060.pt,310063,63,checkpoint,100,straight,True,True,80,0.2,1.0,0.3,0,0.0,1,40,80,True,1.0,1.0,1.0,0.028985508110212242,0.44202898961046466,0.6739130512527798,34.695652232545875,0.0,0.0,0.0,46.0,43.0,46.0,1.0,6.0,6.0,6.0,0.0,1.0,0.0,46.0,0.14285714285714285,1.0,0.26190476971013205,14630.07954738451,4708.64208984375,3672.801025390625,2674.150634765625,3672.801025390625,2674.150634765625,38.48618006706238
test,dropout030_relay_failure,no_task_support,no_task_support,none,none,1,60,no_task_support,results/intercept_3d_gate1_hardened_safety_no_task_support_5seed_fixed_update60_candidate/runs/multi_relation/bc_ppo_seed1/actor_critic_update_0060.pt,310067,67,checkpoint,100,straight,True,True,80,0.2,1.0,0.3,0,0.0,1,40,80,True,1.0,1.0,1.0,0.028985508110212242,0.44927536663801776,0.6666666735773501,38.35144927935756,0.0,0.0,0.0,46.0,43.0,46.0,1.0,6.0,6.0,6.0,0.0,1.0,0.0,46.0,0.14285714285714285,1.0,0.21428572067192622,14640.131782863451,4762.40771484375,3935.76123046875,2951.558837890625,3935.76123046875,2951.558837890625,38.40315407514572
test,dropout030_relay_failure,no_task_support,no_task_support,none,none,1,60,no_task_support,results/intercept_3d_gate1_hardened_safety_no_task_support_5seed_fixed_update60_candidate/runs/multi_relation/bc_ppo_seed1/actor_critic_update_0060.pt,310068,68,checkpoint,100,straight,True,True,80,0.2,1.0,0.3,0,0.0,1,40,80,True,1.0,1.0,1.0,0.028985508110212242,0.44927536663801776,0.6884058056318242,40.2862322230054,0.0,0.0,0.0,46.0,43.0,46.0,1.0,6.0,6.0,6.0,0.0,1.0,0.0,46.0,0.14285714285714285,1.0,0.28571429422923494,14658.309220023777,4762.76025390625,3868.76611328125,3232.9638671875,3868.76611328125,3232.9638671875,38.54123845696449
test,dropout030_relay_failure,no_task_support,no_task_support,none,none,1,60,no_task_support,results/intercept_3d_gate1_hardened_safety_no_task_support_5seed_fixed_update60_candidate/runs/multi_relation/bc_ppo_seed1/actor_critic_update_0060.pt,310073,73,checkpoint,100,straight,True,True,80,0.2,1.0,0.3,0,0.0,1,40,80,True,1.0,1.0,1.0,0.028985508110212242,0.44202898961046466,0.6594202978455502,40.36956505671792,0.0,0.0,0.0,46.0,43.0,46.0,1.0,6.0,6.0,6.0,0.0,1.0,0.0,46.0,0.14285714285714285,1.0,0.21428572067192622,14633.852316151495,4727.36279296875,3706.549560546875,3440.287353515625,3706.549560546875,3440.287353515625,38.07727590203285
test,dropout030_relay_failure,no_task_support,no_task_support,none,none,1,60,no_task_support,results/intercept_3d_gate1_hardened_safety_no_task_support_5seed_fixed_update60_candidate/runs/multi_relation/bc_ppo_seed1/actor_critic_update_0060.pt,310080,80,checkpoint,100,straight,True,True,80,0.2,1.0,0.3,0,0.0,1,40,80,True,1.0,1.0,1.0,0.028985508110212242,0.44927536663801776,0.6485507329520972,37.586956409332544,0.0,0.0,0.0,46.0,43.0,46.0,1.0,6.0,6.0,6.0,0.0,1.0,0.0,46.0,0.14285714285714285,1.0,0.23809524519102915,14641.389542289402,4643.9736328125,3397.600830078125,2587.32666015625,3397.600830078125,2587.32666015625,38.427920669317245
test,dropout030_relay_failure,no_task_support,no_task_support,none,none,1,60,no_task_support,results/intercept_3d_gate1_hardened_safety_no_task_support_5seed_fixed_update60_candidate/runs/multi_relation/bc_ppo_seed1/actor_critic_update_0060.pt,310089,89,checkpoint,100,straight,True,True,80,0.2,1.0,0.3,0,0.0,1,40,80,True,1.0,1.0,1.0,0.028985508110212242,0.44927536663801776,0.6485507326281589,32.80072491227285,0.0,0.0,0.0,46.0,43.0,46.0,1.0,6.0,6.0,6.0,0.0,1.0,0.0,46.0,0.14285714285714285,1.0,0.21428572067192622,14635.305876358696,4635.77490234375,3664.159912109375,2585.51171875,3664.159912109375,2585.51171875,38.618501752614975
test,dropout030_relay_failure,no_task_support,no_task_support,none,none,1,60,no_task_support,results/intercept_3d_gate1_hardened_safety_no_task_support_5seed_fixed_update60_candidate/runs/multi_relation/bc_ppo_seed1/actor_critic_update_0060.pt,310090,90,checkpoint,100,straight,True,True,80,0.2,1.0,0.3,0,0.0,1,40,80,True,1.0,1.0,1.0,0.028985508110212242,0.44927536663801776,0.6557971112754034,40.28985496545615,0.0,0.0,0.0,46.0,43.0,46.0,1.0,6.0,6.0,6.0,0.0,1.0,0.0,46.0,0.14285714285714285,1.0,0.21428572067192622,14639.288383152174,4655.11376953125,3580.438720703125,3502.627197265625,3580.438720703125,3502.627197265625,38.3243710398674
test,dropout030_relay_failure,no_task_support,no_task_support,none,none,1,60,no_task_support,results/intercept_3d_gate1_hardened_safety_no_task_support_5seed_fixed_update60_candidate/runs/multi_relation/bc_ppo_seed1/actor_critic_update_0060.pt,310091,91,checkpoint,100,straight,True,True,80,0.2,1.0,0.3,0,0.0,1,40,80,True,1.0,1.0,1.0,0.028985508110212242,0.43478261387866474,0.652173921789812,42.36231894726338,0.0,0.0,0.0,46.0,43.0,46.0,1.0,6.0,6.0,6.0,0.0,1.0,0.0,46.0,0.14285714285714285,0.9047619104385376,0.21428572067192622,14700.850193189539,4862.3828125,3660.82666015625,2128.918701171875,3660.82666015625,2128.918701171875,37.867323845624924
test,dropout030_relay_failure,no_task_support,no_task_support,none,none,1,60,no_task_support,results/intercept_3d_gate1_hardened_safety_no_task_support_5seed_fixed_update60_candidate/runs/multi_relation/bc_ppo_seed1/actor_critic_update_0060.pt,310093,93,checkpoint,100,straight,True,True,80,0.2,1.0,0.3,0,0.0,1,40,80,True,1.0,1.0,1.0,0.028985508110212242,0.44927536663801776,0.6485507319802823,36.64130446088055,0.0,0.0,0.0,46.0,43.0,46.0,1.0,6.0,6.0,6.0,0.0,1.0,0.0,46.0,0.14285714285714285,1.0,0.21428572067192622,14678.694696841032,4759.07373046875,3510.5068359375,2061.36083984375,3510.5068359375,2061.36083984375,38.33779937028885
test,dropout030_relay_failure,no_task_support,no_task_support,none,none,1,60,no_task_support,results/intercept_3d_gate1_hardened_safety_no_task_support_5seed_fixed_update60_candidate/runs/multi_relation/bc_ppo_seed1/actor_critic_update_0060.pt,310094,94,checkpoint,100,straight,True,True,80,0.2,1.0,0.3,0,0.0,1,40,80,True,1.0,1.0,1.0,0.028985508110212242,0.44927536663801776,0.6594202984934268,41.20652192733858,0.0,0.0,0.0,46.0,43.0,46.0,1.0,6.0,6.0,6.0,0.0,1.0,0.0,46.0,0.14285714285714285,1.0,0.23809524519102915,14628.256506878397,4749.91943359375,3960.952880859375,3664.77001953125,3960.952880859375,3664.77001953125,38.22137692570686
test,dropout030_relay_failure,no_task_support,no_task_support,none,none,1,60,no_task_support,results/intercept_3d_gate1_hardened_safety_no_task_support_5seed_fixed_update60_candidate/runs/multi_relation/bc_ppo_seed1/actor_critic_update_0060.pt,310099,99,checkpoint,100,straight,True,True,80,0.2,1.0,0.3,0,0.0,1,40,80,True,1.0,1.0,1.0,0.028985508110212242,0.44927536663801776,0.7028985580672389,37.45289869768464,0.0,0.0,0.0,46.0,43.0,46.0,1.0,6.0,6.0,6.0,0.0,1.0,0.0,46.0,0.14285714285714285,1.0,0.21428572067192622,14670.018416694973,4759.185546875,3555.798583984375,2164.1591796875,3555.798583984375,2164.1591796875,38.88919481635094
test,dropout030_relay_failure,no_task_support,no_task_support,none,none,1,60,no_task_support,results/intercept_3d_gate1_hardened_safety_no_task_support_5seed_fixed_update60_candidate/runs/multi_relation/bc_ppo_seed1/actor_critic_update_0060.pt,310057,57,checkpoint,100,straight,True,True,80,0.2,1.0,0.3,0,0.0,1,40,80,True,1.0,1.0,1.0,0.02836879517169709,0.44680851507694164,0.6312056833759268,48.666666949366004,0.0,0.0,0.0,47.0,44.0,47.0,1.0,7.0,7.0,7.0,0.0,1.0,0.0,47.0,0.125,0.9583333358168602,0.2500000074505806,14509.26018118351,4656.02880859375,3910.542724609375,2625.342041015625,3910.542724609375,2625.342041015625,37.93580275774002
test,dropout030_relay_failure,no_task_support,no_task_support,none,none,1,60,no_task_support,results/intercept_3d_gate1_hardened_safety_no_task_support_5seed_fixed_update60_candidate/runs/multi_relation/bc_ppo_seed1/actor_critic_update_0060.pt,310061,61,checkpoint,100,straight,True,True,80,0.2,1.0,0.3,0,0.0,1,40,80,True,1.0,1.0,1.0,0.02836879517169709,0.4539007132357739,0.6205673855035863,34.97872359955564,0.0,0.0,0.0,47.0,44.0,47.0,1.0,7.0,7.0,7.0,0.0,1.0,0.0,47.0,0.125,1.0,0.2500000074505806,14501.227092337102,4469.79296875,3592.175537109375,2172.3193359375,3592.175537109375,2172.3193359375,38.80460304021835
test,dropout030_relay_failure,no_task_support,no_task_support,none,none,1,60,no_task_support,results/intercept_3d_gate1_hardened_safety_no_task_support_5seed_fixed_update60_candidate/runs/multi_relation/bc_ppo_seed1/actor_critic_update_0060.pt,310074,74,checkpoint,100,straight,True,True,80,0.2,1.0,0.3,0,0.0,1,40,80,True,1.0,1.0,1.0,0.02836879517169709,0.4539007132357739,0.6879432702318151,36.77659574626608,0.0,0.0,0.0,47.0,44.0,47.0,1.0,7.0,7.0,7.0,0.0,1.0,0.0,47.0,0.125,1.0,0.27083334140479565,14498.769406582447,4436.2587890625,3632.04296875,2552.36083984375,3632.04296875,2552.36083984375,39.38343906402588
test,dropout030_relay_failure,no_task_support,no_task_support,none,none,1,60,no_task_support,results/intercept_3d_gate1_hardened_safety_no_task_support_5seed_fixed_update60_candidate/runs/multi_relation/bc_ppo_seed1/actor_critic_update_0060.pt,310082,82,checkpoint,100,straight,True,True,80,0.2,1.0,0.3,0,0.0,1,40,80,True,1.0,1.0,1.0,0.02836879517169709,0.4609929120286982,0.6276595814430967,34.939715988458474,0.0,0.0,0.0,47.0,44.0,47.0,1.0,7.0,7.0,7.0,0.0,1.0,0.0,47.0,0.125,1.0,0.18750000558793545,14488.396931100398,4604.62744140625,3831.125244140625,1827.0535888671875,3831.125244140625,1827.0535888671875,38.855647414922714
test,dropout030_relay_failure,no_task_support,no_task_support,none,none,1,60,no_task_support,results/intercept_3d_gate1_hardened_safety_no_task_support_5seed_fixed_update60_candidate/runs/multi_relation/bc_ppo_seed1/actor_critic_update_0060.pt,310086,86,checkpoint,100,straight,True,True,80,0.2,1.0,0.3,0,0.0,1,40,80,True,1.0,1.0,1.0,0.02836879517169709,0.44680851507694164,0.5531914995071736,37.85815615983719,0.0,0.0,0.0,47.0,44.0,47.0,1.0,7.0,7.0,7.0,0.0,1.0,0.0,47.0,0.125,1.0,0.1666666716337204,14479.525380236037,4380.42138671875,3298.12744140625,1696.4368896484375,3298.12744140625,1696.4368896484375,37.99289444088936
test,dropout030_relay_failure,no_task_support,no_task_support,none,none,1,60,no_task_support,results/intercept_3d_gate1_hardened_safety_no_task_support_5seed_fixed_update60_candidate/runs/multi_relation/bc_ppo_seed1/actor_critic_update_0060.pt,310087,87,checkpoint,100,straight,True,True,80,0.2,1.0,0.3,0,0.0,1,40,80,True,1.0,1.0,1.0,0.02836879517169709,0.4609929120286982,0.7234042619771146,38.585106490457314,0.0,0.0,0.0,47.0,44.0,47.0,1.0,7.0,7.0,7.0,0.0,1.0,0.0,47.0,0.125,1.0,0.22916667349636555,14448.80776263298,4354.80908203125,3542.911865234375,2697.84130859375,3542.911865234375,2697.84130859375,39.783713310956955
test,dropout030_relay_failure,no_task_support,no_task_support,none,none,1,60,no_task_support,results/intercept_3d_gate1_hardened_safety_no_task_support_5seed_fixed_update60_candidate/runs/multi_relation/bc_ppo_seed1/actor_critic_update_0060.pt,310051,51,checkpoint,100,straight,True,True,80,0.2,1.0,0.3,0,0.0,1,40,80,True,1.0,1.0,1.0,0.02469135876055117,0.46913580706825964,0.614197538682708,45.101851733470404,0.0,0.0,0.0,54.0,51.0,54.0,1.0,14.0,14.0,14.0,0.0,1.0,0.0,54.0,0.06666666666666667,0.8666666706403097,0.22222222884496054,13350.460367838541,3301.0224609375,1336.262451171875,3026.19482421875,1336.262451171875,3026.19482421875,41.537068873643875
test,dropout030_relay_failure,no_task_support,no_task_support,none,none,1,60,no_task_support,results/intercept_3d_gate1_hardened_safety_no_task_support_5seed_fixed_update60_candidate/runs/multi_relation/bc_ppo_seed1/actor_critic_update_0060.pt,310083,83,checkpoint,100,straight,True,True,80,0.2,1.0,0.3,0,0.0,1,40,80,True,0.0,0.0,1.0,0.017857143389327184,0.4702381023338863,0.5863095317035913,42.2827380033476,1.0,0.0,0.0,56.0,45.0,-1.0,0.0,16.0,16.0,-1.0,0.0,0.0,1.0,-1.0,0.0,0.7647058946244857,0.2156862809377558,12680.160642351422,1986.0733642578125,52.83351516723633,2058.560302734375,52.83351516723633,2058.560302734375,30.387933313846588
test,dropout030_relay_failure,no_task_support,no_task_support,none,none,1,60,no_task_support,results/intercept_3d_gate1_hardened_safety_no_task_support_5seed_fixed_update60_candidate/runs/multi_relation/bc_ppo_seed1/actor_critic_update_0060.pt,310050,50,checkpoint,100,straight,True,True,80,0.2,1.0,0.3,0,0.0,1,40,80,True,0.0,0.0,0.0,0.0,0.09487179620907857,0.15320513076507128,90.02948610163652,0.0,1.0,0.0,260.0,-1.0,-1.0,0.0,220.0,220.0,-1.0,0.0,0.0,1.0,-1.0,0.0,0.14583333544433116,0.13958333749324084,36604.93588491587,80524.6953125,1382.22021484375,1912.5770263671875,79457.1796875,24030.013671875,-41.47906117513776
test,dropout030_relay_failure,no_task_support,no_task_support,none,none,1,60,no_task_support,results/intercept_3d_gate1_hardened_safety_no_task_support_5seed_fixed_update60_candidate/runs/multi_relation/bc_ppo_seed1/actor_critic_update_0060.pt,310072,72,checkpoint,100,straight,True,True,80,0.2,1.0,0.3,0,0.0,1,40,80,True,0.0,0.0,0.0,0.0,0.0987179499406081,0.1750000034387295,72.09487206677977,0.0,1.0,0.0,260.0,-1.0,-1.0,0.0,220.0,220.0,-1.0,0.0,0.0,1.0,-1.0,0.0,0.15833333507180214,0.15833333805203437,37268.19430119441,81760.3671875,1579.790771484375,2151.19287109375,80466.5234375,17679.0703125,-39.81654582824558
test,dropout030_relay_failure,no_task_support,no_task_support,none,none,1,60,no_task_support,results/intercept_3d_gate1_hardened_safety_no_task_support_5seed_fixed_update60_candidate/runs/multi_relation/bc_ppo_seed1/actor_critic_update_0060.pt,310077,77,checkpoint,100,straight,True,True,80,0.2,1.0,0.3,0,0.0,1,40,80,True,0.0,0.0,1.0,0.003846153960778163,0.10000000171936475,0.16346154126983423,71.65384614496277,0.0,1.0,0.0,260.0,42.0,-1.0,0.0,220.0,220.0,-1.0,0.0,0.0,1.0,-1.0,0.0,0.16250000298023223,0.1312500039115548,37558.982767427886,82106.6953125,1806.289306640625,954.3260498046875,80836.2578125,18722.349609375,-38.05181368812919
test,dropout030_relay_failure,no_task_support,no_task_support,none,none,1,60,no_task_support,results/intercept_3d_gate1_hardened_safety_no_task_support_5seed_fixed_update60_candidate/runs/multi_relation/bc_ppo_seed1/actor_critic_update_0060.pt,310098,98,checkpoint,100,straight,True,True,80,0.2,1.0,0.3,0,0.0,1,40,80,True,0.0,0.0,0.0,0.0,0.09487179655295153,0.1980769267449012,53.94487189455674,0.0,1.0,0.0,260.0,-1.0,-1.0,0.0,220.0,220.0,-1.0,0.0,0.0,1.0,-1.0,0.0,0.14583333656191827,0.19583333916962148,37009.49108698918,81304.21875,1129.7410888671875,2129.1298828125,79837.15625,17790.546875,-35.909678895026445
test,dropout030_relay_failure,no_task_support,no_task_support,none,none,2,60,no_task_support,results/intercept_3d_gate1_hardened_safety_no_task_support_5seed_fixed_update60_candidate/runs/multi_relation/bc_ppo_seed2/actor_critic_update_0060.pt,310011,11,checkpoint,100,straight,True,True,80,0.2,1.0,0.3,0,0.0,1,40,80,True,1.0,1.0,1.0,0.03030303120613098,0.4242424287579276,0.6666666729883715,37.96590920673175,0.0,0.0,0.0,44.0,41.0,44.0,1.0,4.0,4.0,4.0,0.0,1.0,0.0,44.0,0.2,1.0,0.20000000596046447,15136.843317205256,5710.59619140625,3759.283447265625,3646.570068359375,3759.283447265625,3646.570068359375,36.6025338023901
test,dropout030_relay_failure,no_task_support,no_task_support,none,none,2,60,no_task_support,results/intercept_3d_gate1_hardened_safety_no_task_support_5seed_fixed_update60_candidate/runs/multi_relation/bc_ppo_seed2/actor_critic_update_0060.pt,310042,42,checkpoint,100,straight,True,True,80,0.2,1.0,0.3,0,0.0,1,40,80,True,1.0,1.0,1.0,0.03030303120613098,0.4242424287579276,0.6818181899460879,39.96212132308971,0.0,0.0,0.0,44.0,41.0,44.0,1.0,4.0,4.0,4.0,0.0,1.0,0.0,44.0,0.2,1.0,0.23333334028720856,15142.098100142046,5765.50244140625,3756.767822265625,3649.7626953125,3756.767822265625,3649.7626953125,36.5921525657177
test,dropout030_relay_failure,no_task_support,no_task_support,none,none,2,60,no_task_support,results/intercept_3d_gate1_hardened_safety_no_task_support_5seed_fixed_update60_candidate/runs/multi_relation/bc_ppo_seed2/actor_critic_update_0060.pt,310000,0,checkpoint,100,straight,True,True,80,0.2,1.0,0.3,0,0.0,1,40,80,True,1.0,1.0,1.0,0.029629630512661403,0.4370370414521959,0.6555555638339784,37.26666680739986,0.0,0.0,0.0,45.0,42.0,45.0,1.0,5.0,5.0,5.0,0.0,1.0,0.0,45.0,0.16666666666666666,1.0,0.22222222884496054,14846.049251302084,5195.619140625,3697.005859375,3052.266357421875,3697.005859375,3052.266357421875,37.41636022925377
test,dropout030_relay_failure,no_task_support,no_task_support,none,none,2,60,no_task_support,results/intercept_3d_gate1_hardened_safety_no_task_support_5seed_fixed_update60_candidate/runs/multi_relation/bc_ppo_seed2/actor_critic_update_0060.pt,310001,1,checkpoint,100,straight,True,True,80,0.2,1.0,0.3,0,0.0,1,40,80,True,1.0,1.0,1.0,0.029629630512661403,0.4370370414521959,0.718518524368604,33.3703703691562,0.0,0.0,0.0,45.0,42.0,45.0,1.0,5.0,5.0,5.0,0.0,1.0,0.0,45.0,0.16666666666666666,1.0,0.19444445023934046,14972.286903211805,5526.43994140625,3781.994384765625,3141.8583984375,3781.994384765625,3142.891845703125,37.930996119976044
test,dropout030_relay_failure,no_task_support,no_task_support,none,none,2,60,no_task_support,results/intercept_3d_gate1_hardened_safety_no_task_support_5seed_fixed_update60_candidate/runs/multi_relation/bc_ppo_seed2/actor_critic_update_0060.pt,310004,4,checkpoint,100,straight,True,True,80,0.2,1.0,0.3,0,0.0,1,40,80,True,1.0,1.0,1.0,0.029629630512661403,0.4296296338240306,0.6518518610133065,38.25555558933152,0.0,0.0,0.0,45.0,42.0,45.0,1.0,5.0,5.0,5.0,0.0,1.0,0.0,45.0,0.16666666666666666,1.0,0.1666666716337204,14953.177615017361,5454.23486328125,3739.677978515625,3160.92333984375,3739.677978515625,3160.92333984375,36.978108912706375
test,dropout030_relay_failure,no_task_support,no_task_support,none,none,2,60,no_task_support,results/intercept_3d_gate1_hardened_safety_no_task_support_5seed_fixed_update60_candidate/runs/multi_relation/bc_ppo_seed2/actor_critic_update_0060.pt,310010,10,checkpoint,100,straight,True,True,80,0.2,1.0,0.3,0,0.0,1,40,80,True,1.0,1.0,1.0,0.029629630512661403,0.42222222685813904,0.6555555644962523,42.09629652102788,0.0,0.0,0.0,45.0,42.0,45.0,1.0,5.0,5.0,5.0,0.0,1.0,0.0,45.0,0.16666666666666666,1.0,0.2777777860562007,14980.077951388888,5433.498046875,3489.320068359375,3499.150634765625,3489.320068359375,3499.150634765625,36.788965970277786
test,dropout030_relay_failure,no_task_support,no_task_support,none,none,2,60,no_task_support,results/intercept_3d_gate1_hardened_safety_no_task_support_5seed_fixed_update60_candidate/runs/multi_relation/bc_ppo_seed2/actor_critic_update_0060.pt,310016,16,checkpoint,100,straight,True,True,80,0.2,1.0,0.3,0,0.0,1,40,80,True,1.0,1.0,1.0,0.029629630512661403,0.4370370414521959,0.692592598663436,34.3666668580638,0.0,0.0,0.0,45.0,42.0,45.0,1.0,5.0,5.0,5.0,0.0,1.0,0.0,45.0,0.16666666666666666,1.0,0.2500000074505806,14873.578700086806,5264.09814453125,3823.629638671875,2859.865966796875,3823.629638671875,2859.865966796875,37.83744716644287
test,dropout030_relay_failure,no_task_support,no_task_support,none,none,2,60,no_task_support,results/intercept_3d_gate1_hardened_safety_no_task_support_5seed_fixed_update60_candidate/runs/multi_relation/bc_ppo_seed2/actor_critic_update_0060.pt,310020,20,checkpoint,100,straight,True,True,80,0.2,1.0,0.3,0,0.0,1,40,80,True,1.0,1.0,1.0,0.029629630512661403,0.4370370414521959,0.6962963041332033,36.28518504334821,0.0,0.0,0.0,45.0,42.0,45.0,1.0,5.0,5.0,5.0,0.0,1.0,0.0,45.0,0.16666666666666666,1.0,0.2777777860562007,14861.8333984375,5203.67041015625,3854.053466796875,2907.700927734375,3854.053466796875,2907.700927734375,37.90796434879303
test,dropout030_relay_failure,no_task_support,no_task_support,none,none,2,60,no_task_support,results/intercept_3d_gate1_hardened_safety_no_task_support_5seed_fixed_update60_candidate/runs/multi_relation/bc_ppo_seed2/actor_critic_update_0060.pt,310022,22,checkpoint,100,straight,True,True,80,0.2,1.0,0.3,0,0.0,1,40,80,True,1.0,1.0,1.0,0.029629630512661403,0.4370370414521959,0.6481481571992238,36.26666686601109,0.0,0.0,0.0,45.0,42.0,45.0,1.0,5.0,5.0,5.0,0.0,1.0,0.0,45.0,0.16666666666666666,1.0,0.22222222884496054,14832.312380642361,5171.48193359375,3830.872802734375,2906.931640625,3830.872802734375,2906.931640625,37.41715261340141
test,dropout030_relay_failure,no_task_support,no_task_support,none,none,2,60,no_task_support,results/intercept_3d_gate1_hardened_safety_no_task_support_5seed_fixed_update60_candidate/runs/multi_relation/bc_ppo_seed2/actor_critic_update_0060.pt,310028,28,checkpoint,100,straight,True,True,80,0.2,1.0,0.3,0,0.0,1,40,80,True,1.0,1.0,1.0,0.029629630512661403,0.4370370414521959,0.7259259319967694,33.388888667358295,0.0,0.0,0.0,45.0,42.0,45.0,1.0,5.0,5.0,5.0,0.0,1.0,0.0,45.0,0.16666666666666666,1.0,0.22222222884496054,14862.8111328125,5230.92041015625,3937.8984375,2787.761962890625,3937.8984375,2787.761962890625,38.29154098033905
test,dropout030_relay_failure,no_task_support,no_task_support,none,none,2,60,no_task_support,results/intercept_3d_gate1_hardened_safety_no_task_support_5seed_fixed_update60_candidate/runs/multi_relation/bc_ppo_seed2/actor_critic_update_0060.pt,310031,31,checkpoint,100,straight,True,True,80,0.2,1.0,0.3,0,0.0,1,40,80,True,1.0,1.0,1.0,0.029629630512661403,0.4296296338240306,0.7111111183961233,36.225925980011624,0.0,0.0,0.0,45.0,42.0,45.0,1.0,5.0,5.0,5.0,0.0,1.0,0.0,45.0,0.16666666666666666,1.0,0.2500000074505806,14975.002571614583,5487.111328125,3741.274658203125,3113.228759765625,3741.274658203125,3113.228759765625,37.587748259305954
test,dropout030_relay_failure,no_task_support,no_task_support,none,none,2,60,no_task_support,results/intercept_3d_gate1_hardened_safety_no_task_support_5seed_fixed_update60_candidate/runs/multi_relation/bc_ppo_seed2/actor_critic_update_0060.pt,310034,34,checkpoint,100,straight,True,True,80,0.2,1.0,0.3,0,0.0,1,40,80,True,1.0,1.0,1.0,0.029629630512661403,0.42962963448630437,0.6925925993257098,35.314814640084904,0.0,0.0,0.0,45.0,42.0,45.0,1.0,5.0,5.0,5.0,0.0,1.0,0.0,45.0,0.16666666666666666,0.9444444477558136,0.13888889302810034,14961.01994357639,5551.71826171875,3926.523193359375,2973.619140625,3926.523193359375,2973.619140625,37.478461146354675
test,dropout030_relay_failure,no_task_support,no_task_support,none,none,2,60,no_task_support,results/intercept_3d_gate1_hardened_safety_no_task_support_5seed_fixed_update60_candidate/runs/multi_relation/bc_ppo_seed2/actor_critic_update_0060.pt,310035,35,checkpoint,100,straight,True,True,80,0.2,1.0,0.3,0,0.0,1,40,80,True,1.0,1.0,1.0,0.029629630512661403,0.4296296338240306,0.6629629701375961,38.196296193202336,0.0,0.0,0.0,45.0,42.0,45.0,1.0,5.0,5.0,5.0,0.0,1.0,0.0,45.0,0.16666666666666666,1.0,0.1666666716337204,14874.834830729167,5236.736328125,3679.252685546875,3124.299560546875,3679.252685546875,3124.299560546875,37.3422894179821
test,dropout030_relay_failure,no_task_support,no_task_support,none,none,2,60,no_task_support,results/intercept_3d_gate1_hardened_safety_no_task_support_5seed_fixed_update60_candidate/runs/multi_relation/bc_ppo_seed2/actor_critic_update_0060.pt,310036,36,checkpoint,100,straight,True,True,80,0.2,1.0,0.3,0,0.0,1,40,80,True,1.0,1.0,1.0,0.029629630512661403,0.4370370414521959,0.7000000066227383,31.496296127306092,0.0,0.0,0.0,45.0,42.0,45.0,1.0,5.0,5.0,5.0,0.0,1.0,0.0,45.0,0.16666666666666666,1.0,0.2500000074505806,14934.928754340277,5421.55224609375,3739.087890625,3094.667724609375,3739.087890625,3094.667724609375,37.92344480752945
test,dropout030_relay_failure,no_task_support,no_task_support,none,none,2,60,no_task_support,results/intercept_3d_gate1_hardened_safety_no_task_support_5seed_fixed_update60_candidate/runs/multi_relation/bc_ppo_seed2/actor_critic_update_0060.pt,310039,39,checkpoint,100,straight,True,True,80,0.2,1.0,0.3,0,0.0,1,40,80,True,1.0,1.0,1.0,0.029629630512661403,0.4296296338240306,0.7296296351485783,32.42222190830443,0.0,0.0,0.0,45.0,42.0,45.0,1.0,5.0,5.0,5.0,0.0,1.0,0.0,45.0,0.16666666666666666,1.0,0.3055555646618207,14866.403559027778,5254.697265625,3857.02880859375,2921.249755859375,3857.02880859375,2921.249755859375,38.14669534564018
test,dropout030_relay_failure,no_task_support,no_task_support,none,none,2,60,no_task_support,results/intercept_3d_gate1_hardened_safety_no_task_support_5seed_fixed_update60_candidate/runs/multi_relation/bc_ppo_seed2/actor_critic_update_0060.pt,310041,41,checkpoint,100,straight,True,True,80,0.2,1.0,0.3,0,0.0,1,40,80,True,1.0,1.0,1.0,0.029629630512661403,0.4370370414521959,0.6703703774346246,35.35555538965596,0.0,0.0,0.0,45.0,42.0,45.0,1.0,5.0,5.0,5.0,0.0,1.0,0.0,45.0,0.16666666666666666,1.0,0.22222222884496054,14884.306477864584,5299.7939453125,3614.013427734375,3188.672607421875,3614.013427734375,3188.672607421875,37.57262393832207
test,dropout030_relay_failure,no_task_support,no_task_support,none,none,2,60,no_task_support,results/intercept_3d_gate1_hardened_safety_no_task_support_5seed_fixed_update60_candidate/runs/multi_relation/bc_ppo_seed2/actor_critic_update_0060.pt,310044,44,checkpoint,100,straight,True,True,80,0.2,1.0,0.3,0,0.0,1,40,80,True,1.0,1.0,1.0,0.029629630512661403,0.4370370414521959,0.6592592673169242,37.274074246817165,0.0,0.0,0.0,45.0,42.0,45.0,1.0,5.0,5.0,5.0,0.0,1.0,0.0,45.0,0.16666666666666666,1.0,0.19444445023934046,14914.59521484375,5449.875,3904.343994140625,2900.50537109375,3904.343994140625,2900.50537109375,37.35778585076332
test,dropout030_relay_failure,no_task_support,no_task_support,none,none,2,60,no_task_support,results/intercept_3d_gate1_hardened_safety_no_task_support_5seed_fixed_update60_candidate/runs/multi_relation/bc_ppo_seed2/actor_critic_update_0060.pt,310045,45,checkpoint,100,straight,True,True,80,0.2,1.0,0.3,0,0.0,1,40,80,True,1.0,1.0,1.0,0.029629630512661403,0.4370370414521959,0.6703703780968984,39.162963297963145,0.0,0.0,0.0,45.0,42.0,45.0,1.0,5.0,5.0,5.0,0.0,1.0,0.0,45.0,0.16666666666666666,1.0,0.22222222884496054,14838.133159722222,5145.56982421875,3621.51220703125,3217.958740234375,3621.51220703125,3217.958740234375,37.59920954704285
test,dropout030_relay_failure,no_task_support,no_task_support,none,none,2,60,no_task_support,results/intercept_3d_gate1_hardened_safety_no_task_support_5seed_fixed_update60_candidate/runs/multi_relation/bc_ppo_seed2/actor_critic_update_0060.pt,310046,46,checkpoint,100,straight,True,True,80,0.2,1.0,0.3,0,0.0,1,40,80,True,1.0,1.0,1.0,0.029629630512661403,0.4370370414521959,0.6296296377976736,39.15925914446513,0.0,0.0,0.0,45.0,42.0,45.0,1.0,5.0,5.0,5.0,0.0,1.0,0.0,45.0,0.16666666666666666,1.0,0.22222222884496054,14868.127430555556,5209.87744140625,3749.0419921875,3046.9033203125,3749.0419921875,3046.9033203125,37.18774130940437
test,dropout030_relay_failure,no_task_support,no_task_support,none,none,2,60,no_task_support,results/intercept_3d_gate1_hardened_safety_no_task_support_5seed_fixed_update60_candidate/runs/multi_relation/bc_ppo_seed2/actor_critic_update_0060.pt,310007,7,checkpoint,100,straight,True,True,80,0.2,1.0,0.3,0,0.0,1,40,80,True,1.0,1.0,1.0,0.028985508110212242,0.44927536663801776,0.6594202965497971,36.60507221811491,0.0,0.0,0.0,46.0,43.0,46.0,1.0,6.0,6.0,6.0,0.0,1.0,0.0,46.0,0.14285714285714285,1.0,0.1666666716337204,14640.375615658968,4618.61181640625,3660.021484375,2559.8525390625,3660.021484375,2559.8525390625,38.60492619872093
test,dropout030_relay_failure,no_task_support,no_task_support,none,none,2,60,no_task_support,results/intercept_3d_gate1_hardened_safety_no_task_support_5seed_fixed_update60_candidate/runs/multi_relation/bc_ppo_seed2/actor_critic_update_0060.pt,310008,8,checkpoint,100,straight,True,True,80,0.2,1.0,0.3,0,0.0,1,40,80,True,1.0,1.0,1.0,0.028985508110212242,0.44927536663801776,0.6956521807157475,33.70652202160462,0.0,0.0,0.0,46.0,43.0,46.0,1.0,6.0,6.0,6.0,0.0,1.0,0.0,46.0,0.14285714285714285,1.0,0.23809524519102915,14649.972274116848,4734.279296875,3662.32080078125,2664.881591796875,3662.32080078125,2664.881591796875,38.937895089387894
test,dropout030_relay_failure,no_task_support,no_task_support,none,none,2,60,no_task_support,results/intercept_3d_gate1_hardened_safety_no_task_support_5seed_fixed_update60_candidate/runs/multi_relation/bc_ppo_seed2/actor_critic_update_0060.pt,310009,9,checkpoint,100,straight,True,True,80,0.2,1.0,0.3,0,0.0,1,40,80,True,1.0,1.0,1.0,0.028985508110212242,0.44927536663801776,0.5978260953789172,38.51811624545118,0.0,0.0,0.0,46.0,43.0,46.0,1.0,6.0,6.0,6.0,0.0,1.0,0.0,46.0,0.14285714285714285,1.0,0.26190476971013205,14651.844185207201,4624.42236328125,3556.856201171875,2710.323486328125,3556.856201171875,2710.323486328125,37.953258752822876
test,dropout030_relay_failure,no_task_support,no_task_support,none,none,2,60,no_task_support,results/intercept_3d_gate1_hardened_safety_no_task_support_5seed_fixed_update60_candidate/runs/multi_relation/bc_ppo_seed2/actor_critic_update_0060.pt,310012,12,checkpoint,100,straight,True,True,80,0.2,1.0,0.3,0,0.0,1,40,80,True,1.0,1.0,1.0,0.028985508110212242,0.44927536663801776,0.6630434860353884,32.800724583475485,0.0,0.0,0.0,46.0,43.0,46.0,1.0,6.0,6.0,6.0,0.0,1.0,0.0,46.0,0.14285714285714285,1.0,0.21428572067192622,14636.100978685461,4596.24072265625,3457.55517578125,2787.455078125,3457.55517578125,2787.455078125,38.88649845123291
test,dropout030_relay_failure,no_task_support,no_task_support,none,none,2,60,no_task_support,results/intercept_3d_gate1_hardened_safety_no_task_support_5seed_fixed_update60_candidate/runs/multi_relation/bc_ppo_seed2/actor_critic_update_0060.pt,310013,13,checkpoint,100,straight,True,True,80,0.2,1.0,0.3,0,0.0,1,40,80,True,1.0,1.0,1.0,0.028985508110212242,0.44927536663801776,0.6992753702013389,32.91666682615228,0.0,0.0,0.0,46.0,43.0,46.0,1.0,6.0,6.0,6.0,0.0,1.0,0.0,46.0,0.14285714285714285,1.0,0.23809524519102915,14618.325874660326,4645.45458984375,3481.54150390625,2912.40673828125,3481.54150390625,2912.40673828125,39.061319798231125
test,dropout030_relay_failure,no_task_support,no_task_support,none,none,2,60,no_task_support,results/intercept_3d_gate1_hardened_safety_no_task_support_5seed_fixed_update60_candidate/runs/multi_relation/bc_ppo_seed2/actor_critic_update_0060.pt,310018,18,checkpoint,100,straight,True,True,80,0.2,1.0,0.3,0,0.0,1,40,80,True,1.0,1.0,1.0,0.028985508110212242,0.44927536663801776,0.677536239442618,34.65217413623696,0.0,0.0,0.0,46.0,43.0,46.0,1.0,6.0,6.0,6.0,0.0,1.0,0.0,46.0,0.14285714285714285,1.0,0.23809524519102915,14645.063179347826,4774.46435546875,3854.884033203125,2559.03466796875,3854.884033203125,2559.03466796875,38.676972925662994
test,dropout030_relay_failure,no_task_support,no_task_support,none,none,2,60,no_task_support,results/intercept_3d_gate1_hardened_safety_no_task_support_5seed_fixed_update60_candidate/runs/multi_relation/bc_ppo_seed2/actor_critic_update_0060.pt,310023,23,checkpoint,100,straight,True,True,80,0.2,1.0,0.3,0,0.0,1,40,80,True,1.0,1.0,1.0,0.028985508110212242,0.44927536663801776,0.6702898630629415,33.739130352502286,0.0,0.0,0.0,46.0,43.0,46.0,1.0,6.0,6.0,6.0,0.0,1.0,0.0,46.0,0.14285714285714285,1.0,0.21428572067192622,14617.316055961277,4613.36181640625,3570.603515625,2916.651123046875,3570.603515625,2916.651123046875,38.77755570411682
test,dropout030_relay_failure,no_task_support,no_task_support,none,none,2,60,no_task_support,results/intercept_3d_gate1_hardened_safety_no_task_support_5seed_fixed_update60_candidate/runs/multi_relation/bc_ppo_seed2/actor_critic_update_0060.pt,310025,25,checkpoint,100,straight,True,True,80,0.2,1.0,0.3,0,0.0,1,40,80,True,1.0,1.0,1.0,0.028985508110212242,0.44927536663801776,0.7101449344469153,33.70289833616951,0.0,0.0,0.0,46.0,43.0,46.0,1.0,6.0,6.0,6.0,0.0,1.0,0.0,46.0,0.14285714285714285,1.0,0.21428572067192622,14622.397100033968,4661.40625,3482.03369140625,2733.31689453125,3482.03369140625,2733.31689453125,39.145331770181656
test,dropout030_relay_failure,no_task_support,no_task_support,none,none,2,60,no_task_support,results/intercept_3d_gate1_hardened_safety_no_task_support_5seed_fixed_update60_candidate/runs/multi_relation/bc_ppo_seed2/actor_critic_update_0060.pt,310027,27,checkpoint,100,straight,True,True,80,0.2,1.0,0.3,0,0.0,1,40,80,True,1.0,1.0,1.0,0.028985508110212242,0.44927536663801776,0.6920289941456007,34.641304432697915,0.0,0.0,0.0,46.0,43.0,46.0,1.0,6.0,6.0,6.0,0.0,1.0,0.0,46.0,0.14285714285714285,1.0,0.23809524519102915,14623.89743970788,4654.90576171875,3536.654541015625,2780.028564453125,3536.654541015625,2780.028564453125,38.888442009687424
test,dropout030_relay_failure,no_task_support,no_task_support,none,none,2,60,no_task_support,results/intercept_3d_gate1_hardened_safety_no_task_support_5seed_fixed_update60_candidate/runs/multi_relation/bc_ppo_seed2/actor_critic_update_0060.pt,310030,30,checkpoint,100,straight,True,True,80,0.2,1.0,0.3,0,0.0,1,40,80,True,1.0,1.0,1.0,0.028985508110212242,0.44927536663801776,0.684782616470171,34.594203178649366,0.0,0.0,0.0,46.0,43.0,46.0,1.0,6.0,6.0,6.0,0.0,1.0,0.0,46.0,0.14285714285714285,1.0,0.21428572067192622,14645.573380180027,4682.3671875,3497.62451171875,2773.758544921875,3497.62451171875,2773.758544921875,38.84085759520531
test,dropout030_relay_failure,no_task_support,no_task_support,none,none,2,60,no_task_support,results/intercept_3d_gate1_hardened_safety_no_task_support_5seed_fixed_update60_candidate/runs/multi_relation/bc_ppo_seed2/actor_critic_update_0060.pt,310032,32,checkpoint,100,straight,True,True,80,0.2,1.0,0.3,0,0.0,1,40,80,True,1.0,1.0,1.0,0.028985508110212242,0.44927536663801776,0.688405806603639,41.27536236851112,0.0,0.0,0.0,46.0,43.0,46.0,1.0,6.0,6.0,6.0,0.0,1.0,0.0,46.0,0.14285714285714285,1.0,0.28571429422923494,14617.337688943615,4728.99853515625,3498.054443359375,2822.5029296875,3498.054443359375,2822.5029296875,38.57952752709389
test,dropout030_relay_failure,no_task_support,no_task_support,none,none,2,60,no_task_support,results/intercept_3d_gate1_hardened_safety_no_task_support_5seed_fixed_update60_candidate/runs/multi_relation/bc_ppo_seed2/actor_critic_update_0060.pt,310033,33,checkpoint,100,straight,True,True,80,0.2,1.0,0.3,0,0.0,1,40,80,True,1.0,1.0,1.0,0.028985508110212242,0.44202898961046466,0.6557971099796502,40.35507260684086,0.0,0.0,0.0,46.0,43.0,46.0,1.0,6.0,6.0,6.0,0.0,1.0,0.0,46.0,0.14285714285714285,1.0,0.26190476971013205,14662.654509171196,4674.623046875,3707.173583984375,2751.665283203125,3707.173583984375,2751.665283203125,38.33039337396622
test,dropout030_relay_failure,no_task_support,no_task_support,none,none,2,60,no_task_support,results/intercept_3d_gate1_hardened_safety_no_task_support_5seed_fixed_update60_candidate/runs/multi_relation/bc_ppo_seed2/actor_critic_update_0060.pt,310037,37,checkpoint,100,straight,True,True,80,0.2,1.0,0.3,0,0.0,1,40,80,True,1.0,1.0,1.0,0.028985508110212242,0.44927536663801776,0.6521739208179972,39.336956330291606,0.0,0.0,0.0,46.0,43.0,46.0,1.0,6.0,6.0,6.0,0.0,1.0,0.0,46.0,0.14285714285714285,1.0,0.23809524519102915,14627.294847571331,4670.75439453125,3747.897705078125,2939.58154296875,3747.897705078125,2939.58154296875,38.29347401857376
test,dropout030_relay_failure,no_task_support,no_task_support,none,none,2,60,no_task_support,results/intercept_3d_gate1_hardened_safety_no_task_support_5seed_fixed_update60_candidate/runs/multi_relation/bc_ppo_seed2/actor_critic_update_0060.pt,310043,43,checkpoint,100,straight,True,True,80,0.2,1.0,0.3,0,0.0,1,40,80,True,1.0,1.0,1.0,0.028985508110212242,0.44927536663801776,0.6992753679337709,36.58695663123027,0.0,0.0,0.0,46.0,43.0,46.0,1.0,6.0,6.0,6.0,0.0,1.0,0.0,46.0,0.14285714285714285,1.0,0.26190476971013205,14631.424963909647,4732.400390625,3748.92041015625,2560.9130859375,3748.92041015625,2560.9130859375,38.85413870215416
test,dropout030_relay_failure,no_task_support,no_task_support,none,none,2,60,no_task_support,results/intercept_3d_gate1_hardened_safety_no_task_support_5seed_fixed_update60_candidate/runs/multi_relation/bc_ppo_seed2/actor_critic_update_0060.pt,310047,47,checkpoint,100,straight,True,True,80,0.2,1.0,0.3,0,0.0,1,40,80,True,1.0,1.0,1.0,0.028985508110212242,0.44927536663801776,0.6630434857114501,36.536232191907324,0.0,0.0,0.0,46.0,43.0,46.0,1.0,6.0,6.0,6.0,0.0,1.0,0.0,46.0,0.14285714285714285,1.0,0.21428572067192622,14653.817212975544,4657.63134765625,3670.79248046875,2662.34130859375,3670.79248046875,2662.34130859375,38.62106940150261
test,dropout030_relay_failure,no_task_support,no_task_support,none,none,2,60,no_task_support,results/intercept_3d_gate1_hardened_safety_no_task_support_5seed_fixed_update60_candidate/runs/multi_relation/bc_ppo_seed2/actor_critic_update_0060.pt,310015,15,checkpoint,100,straight,True,True,80,0.2,1.0,0.3,0,0.0,1,40,80,True,1.0,1.0,1.0,0.02836879517169709,0.44680851507694164,0.6560283756636559,32.21276589752512,0.0,0.0,0.0,47.0,44.0,47.0,1.0,7.0,7.0,7.0,0.0,1.0,0.0,47.0,0.125,1.0,0.18750000558793545,14510.050656582447,4389.185546875,3048.212646484375,2271.134765625,3048.212646484375,2271.134765625,39.22653487324715
test,dropout030_relay_failure,no_task_support,no_task_support,none,none,2,60,no_task_support,results/intercept_3d_gate1_hardened_safety_no_task_support_5seed_fixed_update60_candidate/runs/multi_relation/bc_ppo_seed2/actor_critic_update_0060.pt,310002,2,checkpoint,100,straight,True,True,80,0.2,1.0,0.3,0,0.0,1,40,80,True,0.0,0.0,1.0,0.003846153960778163,0.09871795051372968,0.15512820757352389,89.74807798306529,0.0,1.0,0.0,260.0,42.0,-1.0,0.0,220.0,220.0,-1.0,0.0,0.0,1.0,-1.0,0.0,0.15833333656191825,0.14166667088866233,33339.09512376052,71418.1171875,2666.636474609375,1291.8983154296875,53831.765625,14382.484375,-31.0495717599988
test,dropout030_relay_failure,no_task_support,no_task_support,none,none,2,60,no_task_support,results/intercept_3d_gate1_hardened_safety_no_task_support_5seed_fixed_update60_candidate/runs/multi_relation/bc_ppo_seed2/actor_critic_update_0060.pt,310003,3,checkpoint,100,straight,True,True,80,0.2,1.0,0.3,0,0.0,1,40,80,True,0.0,0.0,0.0,0.0,0.09615384798783522,0.16602564327991925,74.4525635826473,0.0,1.0,0.0,260.0,-1.0,-1.0,0.0,220.0,220.0,-1.0,0.0,0.0,1.0,-1.0,0.0,0.14583333693444728,0.12916667051613331,35376.87189471905,72642.5,462.0809020996094,700.8123779296875,67755.8828125,18156.837890625,-33.56987462565303
test,dropout030_relay_failure,no_task_support,no_task_support,none,none,2,60,no_task_support,results/intercept_3d_gate1_hardened_safety_no_task_support_5seed_fixed_update60_candidate/runs/multi_relation/bc_ppo_seed2/actor_critic_update_0060.pt,310005,5,checkpoint,100,straight,True,True,80,0.2,1.0,0.3,0,0.0,1,40,80,True,0.0,0.0,1.0,0.0012820513202593878,0.09615384787321091,0.1570512846685373,73.16474388895126,0.0,1.0,0.0,260.0,43.0,-1.0,0.0,220.0,220.0,-1.0,0.0,0.0,1.0,-1.0,0.0,0.14583333656191827,0.15416667126119138,34116.45895620493,71286.1484375,1859.064697265625,139.14553833007812,56190.609375,20138.943359375,-31.70445802807808
test,dropout030_relay_failure,no_task_support,no_task_support,none,none,2,60,no_task_support,results/intercept_3d_gate1_hardened_safety_no_task_support_5seed_fixed_update60_candidate/runs/multi_relation/bc_ppo_seed2/actor_critic_update_0060.pt,310006,6,checkpoint,100,straight,True,True,80,0.2,1.0,0.3,0,0.0,1,40,80,True,0.0,0.0,1.0,0.003846153960778163,0.1025641042452592,0.15705128495509807,72.65064154020868,0.0,1.0,0.0,260.0,42.0,-1.0,0.0,220.0,220.0,-1.0,0.0,0.0,1.0,-1.0,0.0,0.16250000298023223,0.12916667051613331,36107.84383826623,76939.25,186.9063720703125,771.2445068359375,67612.8359375,31065.203125,-34.18120828270912
test,dropout030_relay_failure,no_task_support,no_task_support,none,none,2,60,no_task_support,results/intercept_3d_gate1_hardened_safety_no_task_support_5seed_fixed_update60_candidate/runs/multi_relation/bc_ppo_seed2/actor_critic_update_0060.pt,310014,14,checkpoint,100,straight,True,True,80,0.2,1.0,0.3,0,0.0,1,40,80,True,0.0,0.0,1.0,0.003846153960778163,0.10000000171936475,0.15128205355543356,89.389744667365,0.0,1.0,0.0,260.0,42.0,-1.0,0.0,220.0,220.0,-1.0,0.0,0.0,1.0,-1.0,0.0,0.15833333656191825,0.13333333730697633,32942.3521099384,69914.828125,1862.1015625,254.71246337890625,52550.96484375,21837.357421875,-30.298709912225604
test,dropout030_relay_failure,no_task_support,no_task_support,none,none,2,60,no_task_support,results/intercept_3d_gate1_hardened_safety_no_task_support_5seed_fixed_update60_candidate/runs/multi_relation/bc_ppo_seed2/actor_critic_update_0060.pt,310017,17,checkpoint,100,straight,True,True,80,0.2,1.0,0.3,0,0.0,1,40,80,True,0.0,0.0,1.0,0.003846153960778163,0.09615384787321091,0.14487179746994605,90.10256300499806,0.0,1.0,0.0,260.0,42.0,-1.0,0.0,220.0,220.0,-1.0,0.0,0.0,1.0,-1.0,0.0,0.15000000298023225,0.1270833371207118,32273.44916804387,67921.4609375,2544.132568359375,785.9581298828125,44990.98046875,16557.31640625,-29.44219126109965
test,dropout030_relay_failure,no_task_support,no_task_support,none,none,2,60,no_task_support,results/intercept_3d_gate1_hardened_safety_no_task_support_5seed_fixed_update60_candidate/runs/multi_relation/bc_ppo_seed2/actor_critic_update_0060.pt,310019,19,checkpoint,100,straight,True,True,80,0.2,1.0,0.3,0,0.0,1,40,80,True,0.0,0.0,1.0,0.0012820513202593878,0.09487179655295153,0.16730769500136375,72.54294929768031,0.0,1.0,0.0,260.0,42.0,-1.0,0.0,220.0,220.0,-1.0,0.0,0.0,1.0,-1.0,0.0,0.14166666977107525,0.15000000447034836,34050.7999220628,71624.6484375,1410.005615234375,222.21710205078125,60428.05859375,25911.302734375,-31.63941590487957
test,dropout030_relay_failure,no_task_support,no_task_support,none,none,2,60,no_task_support,results/intercept_3d_gate1_hardened_safety_no_task_support_5seed_fixed_update60_candidate/runs/multi_relation/bc_ppo_seed2/actor_critic_update_0060.pt,310021,21,checkpoint,100,straight,True,True,80,0.2,1.0,0.3,0,0.0,1,40,80,True,0.0,0.0,1.0,0.0025641026405187756,0.10000000160474043,0.1737179513160999,72.54679513086494,0.0,1.0,0.0,260.0,43.0,-1.0,0.0,220.0,220.0,-1.0,0.0,0.0,1.0,-1.0,0.0,0.15833333618938922,0.1270833371207118,36368.95231745793,77930.6796875,518.907470703125,1231.51416015625,70268.2109375,27473.5,-35.089385993778706
test,dropout030_relay_failure,no_task_support,no_task_support,none,none,2,60,no_task_support,results/intercept_3d_gate1_hardened_safety_no_task_support_5seed_fixed_update60_candidate/runs/multi_relation/bc_ppo_seed2/actor_critic_update_0060.pt,310024,24,checkpoint,100,straight,True,True,80,0.2,1.0,0.3,0,0.0,1,40,80,True,0.0,0.0,0.0,0.0,0.09102564282142199,0.17115384896214192,73.0410261065914,0.0,1.0,0.0,260.0,-1.0,-1.0,0.0,220.0,220.0,-1.0,0.0,0.0,1.0,-1.0,0.0,0.12916667014360428,0.15416667126119138,33641.07856445313,68982.1015625,1573.4168701171875,560.2298583984375,51989.9609375,26115.990234375,-30.97937771398574
test,dropout030_relay_failure,no_task_support,no_task_support,none,none,2,60,no_task_support,results/intercept_3d_gate1_hardened_safety_no_task_support_5seed_fixed_update60_candidate/runs/multi_relation/bc_ppo_seed2/actor_critic_update_0060.pt,310026,26,checkpoint,100,straight,True,True,80,0.2,1.0,0.3,0,0.0,1,40,80,True,0.0,0.0,1.0,0.003846153960778163,0.10256410435988353,0.1538461561386402,90.49551279046214,0.0,1.0,0.0,260.0,42.0,-1.0,0.0,220.0,220.0,-1.0,0.0,0.0,1.0,-1.0,0.0,0.16250000335276127,0.12916667051613331,32198.746626164364,68186.0546875,1869.93017578125,318.2823486328125,47566.84375,22946.318359375,-28.68789643328637
test,dropout030_relay_failure,no_task_support,no_task_support,none,none,2,60,no_task_support,results/intercept_3d_gate1_hardened_safety_no_task_support_5seed_fixed_update60_candidate/runs/multi_relation/bc_ppo_seed2/actor_critic_update_0060.pt,310029,29,checkpoint,100,straight,True,True,80,0.2,1.0,0.3,0,0.0,1,40,80,True,0.0,0.0,1.0,0.0012820513202593878,0.09615384798783522,0.16089743776963308,88.60576920864673,0.0,1.0,0.0,260.0,43.0,-1.0,0.0,220.0,220.0,-1.0,0.0,0.0,1.0,-1.0,0.0,0.15000000335276126,0.11666667014360428,32895.07759164664,69791.0546875,2067.110107421875,282.6884460449219,51207.46875,19966.71875,-31.203448434360325
test,dropout030_relay_failure,no_task_support,no_task_support,none,none,2,60,no_task_support,results/intercept_3d_gate1_hardened_safety_no_task_support_5seed_fixed_update60_candidate/runs/multi_relation/bc_ppo_seed2/actor_critic_update_0060.pt,310038,38,checkpoint,100,straight,True,True,80,0.2,1.0,0.3,0,0.0,1,40,80,True,0.0,0.0,1.0,0.0025641026405187756,0.10000000171936475,0.14679487387721354,88.94679379004698,0.0,1.0,0.0,260.0,43.0,-1.0,0.0,220.0,220.0,-1.0,0.0,0.0,1.0,-1.0,0.0,0.15416666977107524,0.11458333674818277,33080.28540226863,70141.8203125,733.7118530273438,505.69488525390625,56929.0078125,26416.7890625,-31.412268672138453
test,dropout030_relay_failure,no_task_support,no_task_support,none,none,2,60,no_task_support,results/intercept_3d_gate1_hardened_safety_no_task_support_5seed_fixed_update60_candidate/runs/multi_relation/bc_ppo_seed2/actor_critic_update_0060.pt,310040,40,checkpoint,100,straight,True,True,80,0.2,1.0,0.3,0,0.0,1,40,80,True,0.0,0.0,0.0,0.0,0.09102564282142199,0.1641025666434031,90.62243693161469,0.0,1.0,0.0,260.0,-1.0,-1.0,0.0,220.0,220.0,-1.0,0.0,0.0,1.0,-1.0,0.0,0.12916667014360428,0.13541667070239782,33354.17276235727,70823.8046875,1883.3699951171875,563.6244506835938,57689.83984375,25320.05859375,-33.957877858541906
test,dropout030_relay_failure,no_task_support,no_task_support,none,none,2,60,no_task_support,results/intercept_3d_gate1_hardened_safety_no_task_support_5seed_fixed_update60_candidate/runs/multi_relation/bc_ppo_seed2/actor_critic_update_0060.pt,310048,48,checkpoint,100,straight,True,True,80,0.2,1.0,0.3,0,0.0,1,40,80,True,0.0,0.0,1.0,0.0025641026405187756,0.0961538477585866,0.15064102800992818,88.74936002676304,0.0,1.0,0.0,260.0,42.0,-1.0,0.0,220.0,220.0,-1.0,0.0,0.0,1.0,-1.0,0.0,0.14583333618938923,0.12916667051613331,33563.59924316406,71566.2265625,1539.21630859375,130.48532104492188,59368.30078125,23865.84375,-32.74950844421983
test,dropout030_relay_failure,no_task_support,no_task_support,none,none,2,60,no_task_support,results/intercept_3d_gate1_hardened_safety_no_task_support_5seed_fixed_update60_candidate/runs/multi_relation/bc_ppo_seed2/actor_critic_update_0060.pt,310049,49,checkpoint,100,straight,True,True,80,0.2,1.0,0.3,0,0.0,1,40,80,True,0.0,0.0,1.0,0.003846153960778163,0.10128205292499982,0.15576923357752653,72.77884626474518,0.0,1.0,0.0,260.0,42.0,-1.0,0.0,220.0,220.0,-1.0,0.0,0.0,1.0,-1.0,0.0,0.15833333618938922,0.14375000428408385,35832.288959209734,76081.9453125,620.867919921875,490.6086120605469,69305.4765625,29695.13671875,-33.685728654265404
test,dropout030_relay_failure,no_task_support,no_task_support,none,none,2,60,no_task_support,results/intercept_3d_gate1_hardened_safety_no_task_support_5seed_fixed_update60_candidate/runs/multi_relation/bc_ppo_seed2/actor_critic_update_0060.pt,310097,97,checkpoint,100,straight,True,True,80,0.2,1.0,0.3,0,0.0,1,40,80,True,1.0,1.0,1.0,0.03030303120613098,0.4242424287579276,0.6893939450383186,36.29166631705382,0.0,0.0,0.0,44.0,41.0,44.0,1.0,4.0,4.0,4.0,0.0,1.0,0.0,44.0,0.2,1.0,0.23333334028720856,15092.19424715909,5619.3828125,3790.818115234375,3603.72900390625,3790.818115234375,3603.72900390625,36.92482578754425
test,dropout030_relay_failure,no_task_support,no_task_support,none,none,2,60,no_task_support,results/intercept_3d_gate1_hardened_safety_no_task_support_5seed_fixed_update60_candidate/runs/multi_relation/bc_ppo_seed2/actor_critic_update_0060.pt,310060,60,checkpoint,100,straight,True,True,80,0.2,1.0,0.3,0,0.0,1,40,80,True,1.0,1.0,1.0,0.029629630512661403,0.4370370414521959,0.7222222278515498,35.288888669676254,0.0,0.0,0.0,45.0,42.0,45.0,1.0,5.0,5.0,5.0,0.0,1.0,0.0,45.0,0.16666666666666666,1.0,0.2777777860562007,14879.448350694445,5184.95166015625,3801.828125,2989.3125,3801.828125,2989.3125,38.137518882751465
test,dropout030_relay_failure,no_task_support,no_task_support,none,none,2,60,no_task_support,results/intercept_3d_gate1_hardened_safety_no_task_support_5seed_fixed_update60_candidate/runs/multi_relation/bc_ppo_seed2/actor_critic_update_0060.pt,310062,62,checkpoint,100,straight,True,True,80,0.2,1.0,0.3,0,0.0,1,40,80,True,1.0,1.0,1.0,0.029629630512661403,0.4370370414521959,0.6740740815798442,38.28518524732855,0.0,0.0,0.0,45.0,42.0,45.0,1.0,5.0,5.0,5.0,0.0,1.0,0.0,45.0,0.16666666666666666,1.0,0.2500000074505806,14892.805067274305,5327.71923828125,3789.37890625,3042.296875,3789.37890625,3042.296875,37.48765867948532
test,dropout030_relay_failure,no_task_support,no_task_support,none,none,2,60,no_task_support,results/intercept_3d_gate1_hardened_safety_no_task_support_5seed_fixed_update60_candidate/runs/multi_relation/bc_ppo_seed2/actor_critic_update_0060.pt,310065,65,checkpoint,100,straight,True,True,80,0.2,1.0,0.3,0,0.0,1,40,80,True,1.0,1.0,1.0,0.029629630512661403,0.4370370414521959,0.6407407502333323,36.281481230921216,0.0,0.0,0.0,45.0,42.0,45.0,1.0,5.0,5.0,5.0,0.0,1.0,0.0,45.0,0.16666666666666666,1.0,0.22222222884496054,14847.02626953125,5104.47900390625,3776.630126953125,3051.44775390625,3776.630126953125,3051.44775390625,37.494190245866776
test,dropout030_relay_failure,no_task_support,no_task_support,none,none,2,60,no_task_support,results/intercept_3d_gate1_hardened_safety_no_task_support_5seed_fixed_update60_candidate/runs/multi_relation/bc_ppo_seed2/actor_critic_update_0060.pt,310066,66,checkpoint,100,straight,True,True,80,0.2,1.0,0.3,0,0.0,1,40,80,True,1.0,1.0,1.0,0.029629630512661403,0.4370370414521959,0.6888888948493533,36.31481481889884,0.0,0.0,0.0,45.0,42.0,45.0,1.0,5.0,5.0,5.0,0.0,1.0,0.0,45.0,0.16666666666666666,1.0,0.19444445023934046,14914.834722222222,5382.60009765625,3586.296875,3285.572509765625,3586.296875,3285.572509765625,37.68144842982292
test,dropout030_relay_failure,no_task_support,no_task_support,none,none,2,60,no_task_support,results/intercept_3d_gate1_hardened_safety_no_task_support_5seed_fixed_update60_candidate/runs/multi_relation/bc_ppo_seed2/actor_critic_update_0060.pt,310068,68,checkpoint,100,straight,True,True,80,0.2,1.0,0.3,0,0.0,1,40,80,True,1.0,1.0,1.0,0.029629630512661403,0.4370370414521959,0.6740740812487073,35.30000022119946,0.0,0.0,0.0,45.0,42.0,45.0,1.0,5.0,5.0,5.0,0.0,1.0,0.0,45.0,0.16666666666666666,1.0,0.22222222884496054,14850.895355902778,5032.54150390625,3774.952392578125,3342.023681640625,3774.952392578125,3342.023681640625,37.911379516124725
test,dropout030_relay_failure,no_task_support,no_task_support,none,none,2,60,no_task_support,results/intercept_3d_gate1_hardened_safety_no_task_support_5seed_fixed_update60_candidate/runs/multi_relation/bc_ppo_seed2/actor_critic_update_0060.pt,310071,71,checkpoint,100,straight,True,True,80,0.2,1.0,0.3,0,0.0,1,40,80,True,1.0,1.0,1.0,0.029629630512661403,0.4296296338240306,0.6629629711310069,37.28518523739444,0.0,0.0,0.0,45.0,42.0,45.0,1.0,5.0,5.0,5.0,0.0,1.0,0.0,45.0,0.16666666666666666,1.0,0.2777777860562007,14854.90138888889,5242.86962890625,3902.994140625,2848.76171875,3902.994140625,2848.76171875,37.33310827612877
test,dropout030_relay_failure,no_task_support,no_task_support,none,none,2,60,no_task_support,results/intercept_3d_gate1_hardened_safety_no_task_support_5seed_fixed_update60_candidate/runs/multi_relation/bc_ppo_seed2/actor_critic_update_0060.pt,310075,75,checkpoint,100,straight,True,True,80,0.2,1.0,0.3,0,0.0,1,40,80,True,1.0,1.0,1.0,0.029629630512661403,0.4370370414521959,0.6666666749450896,38.25555544793606,0.0,0.0,0.0,45.0,42.0,45.0,1.0,5.0,5.0,5.0,0.0,1.0,0.0,45.0,0.16666666666666666,1.0,0.2500000074505806,14861.612934027778,5131.87841796875,3704.294921875,3206.2158203125,3704.294921875,3206.2158203125,37.61534854769707
test,dropout030_relay_failure,no_task_support,no_task_support,none,none,2,60,no_task_support,results/intercept_3d_gate1_hardened_safety_no_task_support_5seed_fixed_update60_candidate/runs/multi_relation/bc_ppo_seed2/actor_critic_update_0060.pt,310076,76,checkpoint,100,straight,True,True,80,0.2,1.0,0.3,0,0.0,1,40,80,True,1.0,1.0,1.0,0.029629630512661403,0.4370370414521959,0.6555555618471569,33.377777722477916,0.0,0.0,0.0,45.0,42.0,45.0,1.0,5.0,5.0,5.0,0.0,1.0,0.0,45.0,0.16666666666666666,1.0,0.2500000074505806,14900.768684895833,5246.31787109375,3735.4453125,3076.88232421875,3735.4453125,3076.88232421875,37.585327595472336
test,dropout030_relay_failure,no_task_support,no_task_support,none,none,2,60,no_task_support,results/intercept_3d_gate1_hardened_safety_no_task_support_5seed_fixed_update60_candidate/runs/multi_relation/bc_ppo_seed2/actor_critic_update_0060.pt,310077,77,checkpoint,100,straight,True,True,80,0.2,1.0,0.3,0,0.0,1,40,80,True,1.0,1.0,1.0,0.029629630512661403,0.42222222685813904,0.6481481555435392,37.28888897531562,0.0,0.0,0.0,45.0,42.0,45.0,1.0,5.0,5.0,5.0,0.0,1.0,0.0,45.0,0.16666666666666666,1.0,0.19444445023934046,15002.403678385417,5531.830078125,3648.525634765625,3307.508056640625,3648.525634765625,3307.508056640625,36.82539704442024
test,dropout030_relay_failure,no_task_support,no_task_support,none,none,2,60,no_task_support,results/intercept_3d_gate1_hardened_safety_no_task_support_5seed_fixed_update60_candidate/runs/multi_relation/bc_ppo_seed2/actor_critic_update_0060.pt,310078,78,checkpoint,100,straight,True,True,80,0.2,1.0,0.3,0,0.0,1,40,80,True,1.0,1.0,1.0,0.029629630512661403,0.4370370414521959,0.6666666739516788,33.477777330411804,0.0,0.0,0.0,45.0,42.0,45.0,1.0,5.0,5.0,5.0,0.0,1.0,0.0,45.0,0.16666666666666666,1.0,0.2500000074505806,14916.30222439236,5307.14208984375,3581.8369140625,3238.75,3581.8369140625,3238.75,37.6318915784359
test,dropout030_relay_failure,no_task_support,no_task_support,none,none,2,60,no_task_support,results/intercept_3d_gate1_hardened_safety_no_task_support_5seed_fixed_update60_candidate/runs/multi_relation/bc_ppo_seed2/actor_critic_update_0060.pt,310080,80,checkpoint,100,straight,True,True,80,0.2,1.0,0.3,0,0.0,1,40,80,True,1.0,1.0,1.0,0.029629630512661403,0.4370370414521959,0.6518518603510327,37.33703701529238,0.0,0.0,0.0,45.0,42.0,45.0,1.0,5.0,5.0,5.0,0.0,1.0,0.0,45.0,0.16666666666666666,1.0,0.2500000074505806,14843.509071180555,5037.79931640625,3688.33056640625,3640.855224609375,3688.33056640625,3640.855224609375,37.646369248628616
test,dropout030_relay_failure,no_task_support,no_task_support,none,none,2,60,no_task_support,results/intercept_3d_gate1_hardened_safety_no_task_support_5seed_fixed_update60_candidate/runs/multi_relation/bc_ppo_seed2/actor_critic_update_0060.pt,310081,81,checkpoint,100,straight,True,True,80,0.2,1.0,0.3,0,0.0,1,40,80,True,1.0,1.0,1.0,0.029629630512661403,0.4370370414521959,0.6962963028086556,36.37037039730284,0.0,0.0,0.0,45.0,42.0,45.0,1.0,5.0,5.0,5.0,0.0,1.0,0.0,45.0,0.16666666666666666,1.0,0.1666666716337204,14900.210460069444,5268.56103515625,3477.629150390625,3352.84814453125,3477.629150390625,3352.84814453125,37.79404613375664
test,dropout030_relay_failure,no_task_support,no_task_support,none,none,2,60,no_task_support,results/intercept_3d_gate1_hardened_safety_no_task_support_5seed_fixed_update60_candidate/runs/multi_relation/bc_ppo_seed2/actor_critic_update_0060.pt,310083,83,checkpoint,100,straight,True,True,80,0.2,1.0,0.3,0,0.0,1,40,80,True,1.0,1.0,1.0,0.029629630512661403,0.4296296338240306,0.6962963044643402,36.28148151172532,0.0,0.0,0.0,45.0,42.0,45.0,1.0,5.0,5.0,5.0,0.0,1.0,0.0,45.0,0.16666666666666666,1.0,0.19444445023934046,14873.69306640625,5196.71142578125,3743.329833984375,3010.80810546875,3743.329833984375,3010.80810546875,37.7140588760376
test,dropout030_relay_failure,no_task_support,no_task_support,none,none,2,60,no_task_support,results/intercept_3d_gate1_hardened_safety_no_task_support_5seed_fixed_update60_candidate/runs/multi_relation/bc_ppo_seed2/actor_critic_update_0060.pt,310085,85,checkpoint,100,straight,True,True,80,0.2,1.0,0.3,0,0.0,1,40,80,True,1.0,1.0,1.0,0.029629630512661403,0.4296296338240306,0.6666666736205419,38.307407064239186,0.0,0.0,0.0,45.0,42.0,45.0,1.0,5.0,5.0,5.0,0.0,1.0,0.0,45.0,0.16666666666666666,1.0,0.2500000074505806,14959.729361979167,5445.623046875,3531.765625,3356.9345703125,3531.765625,3356.9345703125,37.162090957164764
test,dropout030_relay_failure,no_task_support,no_task_support,none,none,2,60,no_task_support,results/intercept_3d_gate1_hardened_safety_no_task_support_5seed_fixed_update60_candidate/runs/multi_relation/bc_ppo_seed2/actor_critic_update_0060.pt,310091,91,checkpoint,100,straight,True,True,80,0.2,1.0,0.3,0,0.0,1,40,80,True,1.0,1.0,1.0,0.029629630512661403,0.4370370414521959,0.6444444520605935,39.251852020290166,0.0,0.0,0.0,45.0,42.0,45.0,1.0,5.0,5.0,5.0,0.0,1.0,0.0,45.0,0.16666666666666666,1.0,0.13888889302810034,14912.089203559028,5316.67626953125,3654.834716796875,3205.763671875,3654.834716796875,3205.763671875,37.25479629635811
test,dropout030_relay_failure,no_task_support,no_task_support,none,none,2,60,no_task_support,results/intercept_3d_gate1_hardened_safety_no_task_support_5seed_fixed_update60_candidate/runs/multi_relation/bc_ppo_seed2/actor_critic_update_0060.pt,310095,95,checkpoint,100,straight,True,True,80,0.2,1.0,0.3,0,0.0,1,40,80,True,1.0,1.0,1.0,0.029629630512661403,0.4296296338240306,0.6925926006502575,34.3000000341071,0.0,0.0,0.0,45.0,42.0,45.0,1.0,5.0,5.0,5.0,0.0,1.0,0.0,45.0,0.16666666666666666,1.0,0.2500000074505806,14983.463140190972,5475.74365234375,3838.359130859375,3035.094482421875,3838.359130859375,3035.094482421875,37.52890959382057
test,dropout030_relay_failure,no_task_support,no_task_support,none,none,2,60,no_task_support,results/intercept_3d_gate1_hardened_safety_no_task_support_5seed_fixed_update60_candidate/runs/multi_relation/bc_ppo_seed2/actor_critic_update_0060.pt,310099,99,checkpoint,100,straight,True,True,80,0.2,1.0,0.3,0,0.0,1,40,80,True,1.0,1.0,1.0,0.029629630512661403,0.4370370414521959,0.7111111183961233,38.17777792447143,0.0,0.0,0.0,45.0,42.0,45.0,1.0,5.0,5.0,5.0,0.0,1.0,0.0,45.0,0.16666666666666666,1.0,0.19444445023934046,14853.0537109375,5047.52978515625,3689.16552734375,3192.22998046875,3689.16552734375,3192.22998046875,38.177640825510025
test,dropout030_relay_failure,no_task_support,no_task_support,none,none,2,60,no_task_support,results/intercept_3d_gate1_hardened_safety_no_task_support_5seed_fixed_update60_candidate/runs/multi_relation/bc_ppo_seed2/actor_critic_update_0060.pt,310050,50,checkpoint,100,straight,True,True,80,0.2,1.0,0.3,0,0.0,1,40,80,True,1.0,1.0,1.0,0.028985508110212242,0.44202898961046466,0.6702898624150649,38.4673910283524,0.0,0.0,0.0,46.0,43.0,46.0,1.0,6.0,6.0,6.0,0.0,1.0,0.0,46.0,0.14285714285714285,1.0,0.26190476971013205,14672.301810886549,4625.4169921875,3726.915771484375,3049.842041015625,3726.915771484375,3049.842041015625,38.652105033397675
test,dropout030_relay_failure,no_task_support,no_task_support,none,none,2,60,no_task_support,results/intercept_3d_gate1_hardened_safety_no_task_support_5seed_fixed_update60_candidate/runs/multi_relation/bc_ppo_seed2/actor_critic_update_0060.pt,310055,55,checkpoint,100,straight,True,True,80,0.2,1.0,0.3,0,0.0,1,40,80,True,1.0,1.0,1.0,0.028985508110212242,0.44927536663801776,0.6123188481382702,32.90942022495943,0.0,0.0,0.0,46.0,43.0,46.0,1.0,6.0,6.0,6.0,0.0,1.0,0.0,46.0,0.14285714285714285,1.0,0.21428572067192622,14629.251072095789,4752.84326171875,3658.264404296875,2637.216796875,3658.264404296875,2637.216796875,38.173023983836174
test,dropout030_relay_failure,no_task_support,no_task_support,none,none,2,60,no_task_support,results/intercept_3d_gate1_hardened_safety_no_task_support_5seed_fixed_update60_candidate/runs/multi_relation/bc_ppo_seed2/actor_critic_update_0060.pt,310056,56,checkpoint,100,straight,True,True,80,0.2,1.0,0.3,0,0.0,1,40,80,True,1.0,1.0,1.0,0.028985508110212242,0.44202898961046466,0.6811594282803328,34.66304369789103,0.0,0.0,0.0,46.0,43.0,46.0,1.0,6.0,6.0,6.0,0.0,1.0,0.0,46.0,0.14285714285714285,1.0,0.21428572067192622,14636.342614215353,4791.93603515625,3516.626708984375,2670.895751953125,3516.626708984375,2670.895751953125,38.58304610848427
test,dropout030_relay_failure,no_task_support,no_task_support,none,none,2,60,no_task_support,results/intercept_3d_gate1_hardened_safety_no_task_support_5seed_fixed_update60_candidate/runs/multi_relation/bc_ppo_seed2/actor_critic_update_0060.pt,310061,61,checkpoint,100,straight,True,True,80,0.2,1.0,0.3,0,0.0,1,40,80,True,1.0,1.0,1.0,0.028985508110212242,0.44202898961046466,0.6304347923268443,35.615942231986836,0.0,0.0,0.0,46.0,43.0,46.0,1.0,6.0,6.0,6.0,0.0,1.0,0.0,46.0,0.14285714285714285,1.0,0.26190476971013205,14646.490945567255,4619.85791015625,3582.66064453125,3232.51123046875,3582.66064453125,3232.51123046875,38.231873363256454
test,dropout030_relay_failure,no_task_support,no_task_support,none,none,2,60,no_task_support,results/intercept_3d_gate1_hardened_safety_no_task_support_5seed_fixed_update60_candidate/runs/multi_relation/bc_ppo_seed2/actor_critic_update_0060.pt,310063,63,checkpoint,100,straight,True,True,80,0.2,1.0,0.3,0,0.0,1,40,80,True,1.0,1.0,1.0,0.028985508110212242,0.44202898961046466,0.684782615174418,33.73188405872687,0.0,0.0,0.0,46.0,43.0,46.0,1.0,6.0,6.0,6.0,0.0,1.0,0.0,46.0,0.14285714285714285,1.0,0.23809524519102915,14631.821936565897,4672.86279296875,3528.29443359375,2784.6357421875,3528.29443359375,2784.6357421875,38.65663814544678
test,dropout030_relay_failure,no_task_support,no_task_support,none,none,2,60,no_task_support,results/intercept_3d_gate1_hardened_safety_no_task_support_5seed_fixed_update60_candidate/runs/multi_relation/bc_ppo_seed2/actor_critic_update_0060.pt,310067,67,checkpoint,100,straight,True,True,80,0.2,1.0,0.3,0,0.0,1,40,80,True,1.0,1.0,1.0,0.028985508110212242,0.44927536663801776,0.6920289925259092,32.74275374088598,0.0,0.0,0.0,46.0,43.0,46.0,1.0,6.0,6.0,6.0,0.0,1.0,0.0,46.0,0.14285714285714285,1.0,0.19047619615282332,14618.033542798914,4633.8955078125,3515.8349609375,2729.7041015625,3515.8349609375,2729.7041015625,39.002298563718796
test,dropout030_relay_failure,no_task_support,no_task_support,none,none,2,60,no_task_support,results/intercept_3d_gate1_hardened_safety_no_task_support_5seed_fixed_update60_candidate/runs/multi_relation/bc_ppo_seed2/actor_critic_update_0060.pt,310073,73,checkpoint,100,straight,True,True,80,0.2,1.0,0.3,0,0.0,1,40,80,True,1.0,1.0,1.0,0.028985508110212242,0.44202898961046466,0.7210144977206769,30.999999784257103,0.0,0.0,0.0,46.0,43.0,46.0,1.0,6.0,6.0,6.0,0.0,1.0,0.0,46.0,0.14285714285714285,1.0,0.26190476971013205,14646.783426036005,4738.03662109375,3570.0888671875,2623.92431640625,3570.0888671875,2623.92431640625,39.08081102371216
test,dropout030_relay_failure,no_task_support,no_task_support,none,none,2,60,no_task_support,results/intercept_3d_gate1_hardened_safety_no_task_support_5seed_fixed_update60_candidate/runs/multi_relation/bc_ppo_seed2/actor_critic_update_0060.pt,310074,74,checkpoint,100,straight,True,True,80,0.2,1.0,0.3,0,0.0,1,40,80,True,1.0,1.0,1.0,0.028985508110212242,0.44202898961046466,0.6847826161462328,33.73188403637513,0.0,0.0,0.0,46.0,43.0,46.0,1.0,6.0,6.0,6.0,0.0,1.0,0.0,46.0,0.14285714285714285,1.0,0.19047619615282332,14657.497717815897,4659.068359375,3665.938720703125,2655.3984375,3665.938720703125,2655.3984375,38.796187072992325
test,dropout030_relay_failure,no_task_support,no_task_support,none,none,2,60,no_task_support,results/intercept_3d_gate1_hardened_safety_no_task_support_5seed_fixed_update60_candidate/runs/multi_relation/bc_ppo_seed2/actor_critic_update_0060.pt,310082,82,checkpoint,100,straight,True,True,80,0.2,1.0,0.3,0,0.0,1,40,80,True,1.0,1.0,1.0,0.028985508110212242,0.44927536663801776,0.6231884120599084,32.8623185141579,0.0,0.0,0.0,46.0,43.0,46.0,1.0,6.0,6.0,6.0,0.0,1.0,0.0,46.0,0.14285714285714285,1.0,0.19047619615282332,14625.42045261549,4727.42333984375,3813.827880859375,2444.1806640625,3813.827880859375,2444.1806640625,38.300295889377594
test,dropout030_relay_failure,no_task_support,no_task_support,none,none,2,60,no_task_support,results/intercept_3d_gate1_hardened_safety_no_task_support_5seed_fixed_update60_candidate/runs/multi_relation/bc_ppo_seed2/actor_critic_update_0060.pt,310087,87,checkpoint,100,straight,True,True,80,0.2,1.0,0.3,0,0.0,1,40,80,True,1.0,1.0,1.0,0.028985508110212242,0.44927536663801776,0.7500000071266423,33.68840602169866,0.0,0.0,0.0,46.0,43.0,46.0,1.0,6.0,6.0,6.0,0.0,1.0,0.0,46.0,0.14285714285714285,1.0,0.28571429422923494,14637.683338994566,4639.13330078125,3593.495361328125,2802.23779296875,3593.495361328125,2803.95703125,39.50005033612251
test,dropout030_relay_failure,no_task_support,no_task_support,none,none,2,60,no_task_support,results/intercept_3d_gate1_hardened_safety_no_task_support_5seed_fixed_update60_candidate/runs/multi_relation/bc_ppo_seed2/actor_critic_update_0060.pt,310089,89,checkpoint,100,straight,True,True,80,0.2,1.0,0.3,0,0.0,1,40,80,True,1.0,1.0,1.0,0.028985508110212242,0.44927536663801776,0.6413043556006058,34.69202931419663,0.0,0.0,0.0,46.0,43.0,46.0,1.0,6.0,6.0,6.0,0.0,1.0,0.0,46.0,0.14285714285714285,1.0,0.28571429422923494,14628.060493800951,4600.2890625,3628.19970703125,2930.259033203125,3628.19970703125,2930.259033203125,38.49134784936905
test,dropout030_relay_failure,no_task_support,no_task_support,none,none,2,60,no_task_support,results/intercept_3d_gate1_hardened_safety_no_task_support_5seed_fixed_update60_candidate/runs/multi_relation/bc_ppo_seed2/actor_critic_update_0060.pt,310090,90,checkpoint,100,straight,True,True,80,0.2,1.0,0.3,0,0.0,1,40,80,True,1.0,1.0,1.0,0.028985508110212242,0.44927536663801776,0.6702898643586946,33.728260843650155,0.0,0.0,0.0,46.0,43.0,46.0,1.0,6.0,6.0,6.0,0.0,1.0,0.0,46.0,0.14285714285714285,1.0,0.21428572067192622,14659.548477836277,4789.23583984375,3762.6015625,2599.233154296875,3762.6015625,2600.8896484375,38.664269506931305
test,dropout030_relay_failure,no_task_support,no_task_support,none,none,2,60,no_task_support,results/intercept_3d_gate1_hardened_safety_no_task_support_5seed_fixed_update60_candidate/runs/multi_relation/bc_ppo_seed2/actor_critic_update_0060.pt,310093,93,checkpoint,100,straight,True,True,80,0.2,1.0,0.3,0,0.0,1,40,80,True,1.0,1.0,1.0,0.028985508110212242,0.44927536663801776,0.6485507319802823,36.64130446088055,0.0,0.0,0.0,46.0,43.0,46.0,1.0,6.0,6.0,6.0,0.0,1.0,0.0,46.0,0.14285714285714285,1.0,0.21428572067192622,14648.119915506115,4756.43115234375,3476.085205078125,2863.8173828125,3476.085205078125,2863.8173828125,38.34119975566864
test,dropout030_relay_failure,no_task_support,no_task_support,none,none,2,60,no_task_support,results/intercept_3d_gate1_hardened_safety_no_task_support_5seed_fixed_update60_candidate/runs/multi_relation/bc_ppo_seed2/actor_critic_update_0060.pt,310094,94,checkpoint,100,straight,True,True,80,0.2,1.0,0.3,0,0.0,1,40,80,True,1.0,1.0,1.0,0.028985508110212242,0.44927536663801776,0.6739130509288415,36.536231938587584,0.0,0.0,0.0,46.0,43.0,46.0,1.0,6.0,6.0,6.0,0.0,1.0,0.0,46.0,0.14285714285714285,1.0,0.23809524519102915,14631.099322775135,4745.46630859375,3752.7890625,2580.35009765625,3752.7890625,2580.35009765625,38.5830255150795
test,dropout030_relay_failure,no_task_support,no_task_support,none,none,2,60,no_task_support,results/intercept_3d_gate1_hardened_safety_no_task_support_5seed_fixed_update60_candidate/runs/multi_relation/bc_ppo_seed2/actor_critic_update_0060.pt,310096,96,checkpoint,100,straight,True,True,80,0.2,1.0,0.3,0,0.0,1,40,80,True,1.0,1.0,1.0,0.028985508110212242,0.44202898961046466,0.6775362378229266,37.492753481735356,0.0,0.0,0.0,46.0,43.0,46.0,1.0,6.0,6.0,6.0,0.0,1.0,0.0,46.0,0.14285714285714285,1.0,0.1666666716337204,14634.580470872961,4793.18603515625,3689.273681640625,2625.221923828125,3689.273681640625,2625.221923828125,38.31920972466469
test,dropout030_relay_failure,no_task_support,no_task_support,none,none,2,60,no_task_support,results/intercept_3d_gate1_hardened_safety_no_task_support_5seed_fixed_update60_candidate/runs/multi_relation/bc_ppo_seed2/actor_critic_update_0060.pt,310098,98,checkpoint,100,straight,True,True,80,0.2,1.0,0.3,0,0.0,1,40,80,True,1.0,1.0,1.0,0.028985508110212242,0.44927536663801776,0.655797107388144,36.56159428021182,0.0,0.0,0.0,46.0,43.0,46.0,1.0,6.0,6.0,6.0,0.0,1.0,0.0,46.0,0.14285714285714285,1.0,0.19047619615282332,14634.398235818615,4613.61865234375,3602.2880859375,2997.76123046875,3602.2880859375,2997.76123046875,38.56623816490173
test,dropout030_relay_failure,no_task_support,no_task_support,none,none,2,60,no_task_support,results/intercept_3d_gate1_hardened_safety_no_task_support_5seed_fixed_update60_candidate/runs/multi_relation/bc_ppo_seed2/actor_critic_update_0060.pt,310072,72,checkpoint,100,straight,True,True,80,0.2,1.0,0.3,0,0.0,1,40,80,True,1.0,1.0,1.0,0.02836879517169709,0.4539007132357739,0.684397170201261,35.92907798860936,0.0,0.0,0.0,47.0,44.0,47.0,1.0,7.0,7.0,7.0,0.0,1.0,0.0,47.0,0.125,1.0,0.2500000074505806,14435.631264544549,4239.47314453125,3228.82861328125,2350.316162109375,3228.82861328125,2350.316162109375,39.56395649909973
test,dropout030_relay_failure,no_task_support,no_task_support,none,none,2,60,no_task_support,results/intercept_3d_gate1_hardened_safety_no_task_support_5seed_fixed_update60_candidate/runs/multi_relation/bc_ppo_seed2/actor_critic_update_0060.pt,310086,86,checkpoint,100,straight,True,True,80,0.2,1.0,0.3,0,0.0,1,40,80,True,1.0,1.0,1.0,0.02836879517169709,0.4539007132357739,0.6099290860460159,41.51418455579179,0.0,0.0,0.0,47.0,44.0,47.0,1.0,7.0,7.0,7.0,0.0,1.0,0.0,47.0,0.125,1.0,0.27083334140479565,14457.944761884974,4295.61083984375,3179.387451171875,2672.080078125,3179.387451171875,2672.080078125,38.543208956718445
test,dropout030_relay_failure,no_task_support,no_task_support,none,none,2,60,no_task_support,results/intercept_3d_gate1_hardened_safety_no_task_support_5seed_fixed_update60_candidate/runs/multi_relation/bc_ppo_seed2/actor_critic_update_0060.pt,310051,51,checkpoint,100,straight,True,True,80,0.2,1.0,0.3,0,0.0,1,40,80,True,1.0,1.0,1.0,0.027777778605620067,0.45833333767950535,0.6701388967533907,37.9722221205011,0.0,0.0,0.0,48.0,45.0,48.0,1.0,8.0,8.0,8.0,0.0,1.0,0.0,48.0,0.1111111111111111,1.0,0.22222222884496054,14323.23216756185,4099.15283203125,2593.512451171875,2541.898681640625,2593.512451171875,2541.898681640625,39.85092279314995
test,dropout030_relay_failure,no_task_support,no_task_support,none,none,2,60,no_task_support,results/intercept_3d_gate1_hardened_safety_no_task_support_5seed_fixed_update60_candidate/runs/multi_relation/bc_ppo_seed2/actor_critic_update_0060.pt,310058,58,checkpoint,100,straight,True,True,80,0.2,1.0,0.3,0,0.0,1,40,80,True,0.0,0.0,1.0,0.018181818723678588,0.4666666746139526,0.5969697033817117,31.884848258170216,1.0,0.0,0.0,55.0,42.0,-1.0,0.0,15.0,15.0,-1.0,0.0,0.0,1.0,-1.0,0.0,0.7500000149011612,0.23958334047347307,12897.201060901989,2897.730712890625,2459.421142578125,111.17620849609375,2829.628173828125,111.17620849609375,30.077320992946625
test,dropout030_relay_failure,no_task_support,no_task_support,none,none,2,60,no_task_support,results/intercept_3d_gate1_hardened_safety_no_task_support_5seed_fixed_update60_candidate/runs/multi_relation/bc_ppo_seed2/actor_critic_update_0060.pt,310052,52,checkpoint,100,straight,True,True,80,0.2,1.0,0.3,0,0.0,1,40,80,True,0.0,0.0,1.0,0.0025641026405187756,0.10128205292499982,0.1564102587218468,74.18846203283621,0.0,1.0,0.0,260.0,43.0,-1.0,0.0,220.0,220.0,-1.0,0.0,0.0,1.0,-1.0,0.0,0.16250000298023223,0.11875000353902579,35078.9334378756,72204.6484375,191.87576293945312,684.9368286132812,66857.265625,20953.087890625,-31.523726366460323
test,dropout030_relay_failure,no_task_support,no_task_support,none,none,2,60,no_task_support,results/intercept_3d_gate1_hardened_safety_no_task_support_5seed_fixed_update60_candidate/runs/multi_relation/bc_ppo_seed2/actor_critic_update_0060.pt,310053,53,checkpoint,100,straight,True,True,80,0.2,1.0,0.3,0,0.0,1,40,80,True,0.0,0.0,0.0,0.0,0.09487179678220015,0.15448718168414555,89.83141133716474,0.0,1.0,0.0,260.0,-1.0,-1.0,0.0,220.0,220.0,-1.0,0.0,0.0,1.0,-1.0,0.0,0.1375000037252903,0.12291667032986879,32442.169095552883,68072.9453125,1234.3072509765625,789.4050903320312,51170.95703125,27758.087890625,-31.656945422291756
test,dropout030_relay_failure,no_task_support,no_task_support,none,none,2,60,no_task_support,results/intercept_3d_gate1_hardened_safety_no_task_support_5seed_fixed_update60_candidate/runs/multi_relation/bc_ppo_seed2/actor_critic_update_0060.pt,310054,54,checkpoint,100,straight,True,True,80,0.2,1.0,0.3,0,0.0,1,40,80,True,0.0,0.0,1.0,0.0025641026405187756,0.10128205292499982,0.16217948994957485,71.9166663104525,0.0,1.0,0.0,260.0,43.0,-1.0,0.0,220.0,220.0,-1.0,0.0,0.0,1.0,-1.0,0.0,0.15833333618938922,0.1312500039115548,36577.75161977915,77950.7421875,551.597900390625,629.983642578125,68147.7109375,28130.388671875,-35.26667581871152
test,dropout030_relay_failure,no_task_support,no_task_support,none,none,2,60,no_task_support,results/intercept_3d_gate1_hardened_safety_no_task_support_5seed_fixed_update60_candidate/runs/multi_relation/bc_ppo_seed2/actor_critic_update_0060.pt,310057,57,checkpoint,100,straight,True,True,80,0.2,1.0,0.3,0,0.0,1,40,80,True,0.0,0.0,1.0,0.0012820513202593878,0.09743589919347029,0.15256410487569294,90.37756303789524,0.0,1.0,0.0,260.0,43.0,-1.0,0.0,220.0,220.0,-1.0,0.0,0.0,1.0,-1.0,0.0,0.15000000335276126,0.12916667051613331,32711.130544809195,69552.703125,610.234375,1056.0078125,57005.8125,29194.21875,-31.968403108417988
test,dropout030_relay_failure,no_task_support,no_task_support,none,none,2,60,no_task_support,results/intercept_3d_gate1_hardened_safety_no_task_support_5seed_fixed_update60_candidate/runs/multi_relation/bc_ppo_seed2/actor_critic_update_0060.pt,310059,59,checkpoint,100,straight,True,True,80,0.2,1.0,0.3,0,0.0,1,40,80,True,0.0,0.0,0.0,0.0,0.0923076942563057,0.15384615590939155,88.98717947556422,0.0,1.0,0.0,260.0,-1.0,-1.0,0.0,220.0,220.0,-1.0,0.0,0.0,1.0,-1.0,0.0,0.13333333730697633,0.13333333730697633,33720.56118633564,71883.6875,1567.7811279296875,503.5335998535156,60142.16796875,25571.66015625,-34.69093638472259
test,dropout030_relay_failure,no_task_support,no_task_support,none,none,2,60,no_task_support,results/intercept_3d_gate1_hardened_safety_no_task_support_5seed_fixed_update60_candidate/runs/multi_relation/bc_ppo_seed2/actor_critic_update_0060.pt,310064,64,checkpoint,100,straight,True,True,80,0.2,1.0,0.3,0,0.0,1,40,80,True,0.0,0.0,1.0,0.003846153960778163,0.10384615545089428,0.15064102789530387,90.53205233084468,0.0,1.0,0.0,260.0,43.0,-1.0,0.0,220.0,220.0,-1.0,0.0,0.0,1.0,-1.0,0.0,0.1666666693985462,0.11666667014360428,30588.389905724158,57983.625,183.04222106933594,1149.880615234375,20024.1953125,30149.228515625,-21.324552781879902
test,dropout030_relay_failure,no_task_support,no_task_support,none,none,2,60,no_task_support,results/intercept_3d_gate1_hardened_safety_no_task_support_5seed_fixed_update60_candidate/runs/multi_relation/bc_ppo_seed2/actor_critic_update_0060.pt,310069,69,checkpoint,100,straight,True,True,80,0.2,1.0,0.3,0,0.0,1,40,80,True,0.0,0.0,1.0,0.0012820513202593878,0.09615384787321091,0.16089743857200328,73.91474418668793,0.0,1.0,0.0,260.0,43.0,-1.0,0.0,220.0,220.0,-1.0,0.0,0.0,1.0,-1.0,0.0,0.14583333656191827,0.12916667051613331,35922.627847055286,76125.5546875,783.973876953125,835.8153076171875,67659.03125,30274.021484375,-35.58904176205397
test,dropout030_relay_failure,no_task_support,no_task_support,none,none,2,60,no_task_support,results/intercept_3d_gate1_hardened_safety_no_task_support_5seed_fixed_update60_candidate/runs/multi_relation/bc_ppo_seed2/actor_critic_update_0060.pt,310070,70,checkpoint,100,straight,True,True,80,0.2,1.0,0.3,0,0.0,1,40,80,True,0.0,0.0,1.0,0.003846153960778163,0.1038461555655186,0.15448718168414555,89.71538466140628,0.0,1.0,0.0,260.0,42.0,-1.0,0.0,220.0,220.0,-1.0,0.0,0.0,1.0,-1.0,0.0,0.16666666977107525,0.11666667014360428,32548.50740215595,69487.3828125,1657.3084716796875,340.40142822265625,50346.23828125,21852.89453125,-29.242933126166463
test,dropout030_relay_failure,no_task_support,no_task_support,none,none,2,60,no_task_support,results/intercept_3d_gate1_hardened_safety_no_task_support_5seed_fixed_update60_candidate/runs/multi_relation/bc_ppo_seed2/actor_critic_update_0060.pt,310079,79,checkpoint,100,straight,True,True,80,0.2,1.0,0.3,0,0.0,1,40,80,True,0.0,0.0,0.0,0.0,0.09615384798783522,0.14679487370527708,89.69166769889685,0.0,1.0,0.0,260.0,-1.0,-1.0,0.0,220.0,220.0,-1.0,0.0,0.0,1.0,-1.0,0.0,0.1416666701436043,0.10833333656191826,33373.49106727013,71122.3203125,1269.2374267578125,458.0728759765625,58243.078125,26223.830078125,-34.267776399850845
test,dropout030_relay_failure,no_task_support,no_task_support,none,none,2,60,no_task_support,results/intercept_3d_gate1_hardened_safety_no_task_support_5seed_fixed_update60_candidate/runs/multi_relation/bc_ppo_seed2/actor_critic_update_0060.pt,310084,84,checkpoint,100,straight,True,True,80,0.2,1.0,0.3,0,0.0,1,40,80,True,0.0,0.0,1.0,0.0025641026405187756,0.10000000160474043,0.14102564350916788,89.58269123354783,0.0,1.0,0.0,260.0,43.0,-1.0,0.0,220.0,220.0,-1.0,0.0,0.0,1.0,-1.0,0.0,0.15833333618938922,0.11666667014360428,33194.18837139423,70736.65625,523.2373046875,791.9262084960938,61753.62890625,29942.056640625,-32.24569417536259
test,dropout030_relay_failure,no_task_support,no_task_support,none,none,2,60,no_task_support,results/intercept_3d_gate1_hardened_safety_no_task_support_5seed_fixed_update60_candidate/runs/multi_relation/bc_ppo_seed2/actor_critic_update_0060.pt,310088,88,checkpoint,100,straight,True,True,80,0.2,1.0,0.3,0,0.0,1,40,80,True,0.0,0.0,1.0,0.0012820513202593878,0.09487179666757584,0.15064102800992818,89.67692199080037,0.0,1.0,0.0,260.0,42.0,-1.0,0.0,220.0,220.0,-1.0,0.0,0.0,1.0,-1.0,0.0,0.14583333656191827,0.12916667051613331,33130.81247840294,70530.6640625,3008.734130859375,531.1052856445312,53337.79296875,18777.55859375,-32.47606952302158
test,dropout030_relay_failure,no_task_support,no_task_support,none,none,2,60,no_task_support,results/intercept_3d_gate1_hardened_safety_no_task_support_5seed_fixed_update60_candidate/runs/multi_relation/bc_ppo_seed2/actor_critic_update_0060.pt,310092,92,checkpoint,100,straight,True,True,80,0.2,1.0,0.3,0,0.0,1,40,80,True,0.0,0.0,0.0,0.0,0.14230769574642183,0.15128205384199436,90.83653958714925,0.0,1.0,0.0,260.0,-1.0,-1.0,0.0,220.0,220.0,-1.0,0.0,0.0,1.0,-1.0,0.0,0.15000000409781933,0.1312500039115548,31622.55419452374,67376.8984375,2864.66259765625,284.5135803222656,44070.23828125,19734.416015625,-23.799653926864266
test,dropout030_relay_failure,no_task_support,no_task_support,none,none,3,60,no_task_support,results/intercept_3d_gate1_hardened_safety_no_task_support_5seed_fixed_update60_candidate/runs/multi_relation/bc_ppo_seed3/actor_critic_update_0060.pt,310026,26,checkpoint,100,straight,True,True,80,0.2,1.0,0.3,0,0.0,1,40,80,True,1.0,1.0,1.0,0.03030303120613098,0.4015151573853059,0.6439394016157497,51.7689393365925,0.0,0.0,0.0,44.0,41.0,44.0,1.0,4.0,4.0,4.0,0.0,1.0,0.0,44.0,0.2,0.8666666746139526,0.1666666716337204,15224.513882723722,6187.65087890625,3879.34228515625,2063.781982421875,3879.34228515625,2208.464599609375,35.07243621349335
test,dropout030_relay_failure,no_task_support,no_task_support,none,none,3,60,no_task_support,results/intercept_3d_gate1_hardened_safety_no_task_support_5seed_fixed_update60_candidate/runs/multi_relation/bc_ppo_seed3/actor_critic_update_0060.pt,310003,3,checkpoint,100,straight,True,True,80,0.2,1.0,0.3,0,0.0,1,40,80,True,1.0,1.0,1.0,0.029629630512661403,0.42222222685813904,0.7185185256931517,47.72592559125688,0.0,0.0,0.0,45.0,42.0,45.0,1.0,5.0,5.0,5.0,0.0,1.0,0.0,45.0,0.16666666666666666,1.0,0.2500000074505806,15029.79404296875,5651.33447265625,3912.47314453125,1960.2835693359375,3912.47314453125,1960.2835693359375,36.97429421544075
test,dropout030_relay_failure,no_task_support,no_task_support,none,none,3,60,no_task_support,results/intercept_3d_gate1_hardened_safety_no_task_support_5seed_fixed_update60_candidate/runs/multi_relation/bc_ppo_seed3/actor_critic_update_0060.pt,310020,20,checkpoint,100,straight,True,True,80,0.2,1.0,0.3,0,0.0,1,40,80,True,1.0,1.0,1.0,0.029629630512661403,0.4222222275204129,0.6962963034709294,41.09629607564873,0.0,0.0,0.0,45.0,42.0,45.0,1.0,5.0,5.0,5.0,0.0,1.0,0.0,45.0,0.16666666666666666,0.9444444477558136,0.19444445023934046,14929.83505859375,5541.28857421875,3889.71923828125,1751.08984375,3889.71923828125,1764.481689453125,37.18555295467377
test,dropout030_relay_failure,no_task_support,no_task_support,none,none,3,60,no_task_support,results/intercept_3d_gate1_hardened_safety_no_task_support_5seed_fixed_update60_candidate/runs/multi_relation/bc_ppo_seed3/actor_critic_update_0060.pt,310028,28,checkpoint,100,straight,True,True,80,0.2,1.0,0.3,0,0.0,1,40,80,True,1.0,1.0,1.0,0.029629630512661403,0.42962963448630437,0.7259259313344956,41.99629598955313,0.0,0.0,0.0,45.0,42.0,45.0,1.0,5.0,5.0,5.0,0.0,1.0,0.0,45.0,0.16666666666666666,1.0,0.22222222884496054,14924.69365234375,5586.40283203125,3859.38525390625,1749.3170166015625,3859.38525390625,1910.5411376953125,37.490959852933884
test,dropout030_relay_failure,no_task_support,no_task_support,none,none,3,60,no_task_support,results/intercept_3d_gate1_hardened_safety_no_task_support_5seed_fixed_update60_candidate/runs/multi_relation/bc_ppo_seed3/actor_critic_update_0060.pt,310041,41,checkpoint,100,straight,True,True,80,0.2,1.0,0.3,0,0.0,1,40,80,True,1.0,1.0,1.0,0.029629630512661403,0.42962963448630437,0.6185185250308779,41.148147984014614,0.0,0.0,0.0,45.0,42.0,45.0,1.0,5.0,5.0,5.0,0.0,1.0,0.0,45.0,0.16666666666666666,1.0,0.1666666716337204,14918.171050347222,5458.12451171875,3745.843505859375,1402.443115234375,3745.843505859375,1402.443115234375,36.59122622013092
test,dropout030_relay_failure,no_task_support,no_task_support,none,none,3,60,no_task_support,results/intercept_3d_gate1_hardened_safety_no_task_support_5seed_fixed_update60_candidate/runs/multi_relation/bc_ppo_seed3/actor_critic_update_0060.pt,310008,8,checkpoint,100,straight,True,True,80,0.2,1.0,0.3,0,0.0,1,40,80,True,1.0,1.0,1.0,0.028985508110212242,0.42028986111931177,0.6702898624150649,38.40942051553208,0.0,0.0,0.0,46.0,43.0,46.0,1.0,6.0,6.0,6.0,0.0,1.0,0.0,46.0,0.14285714285714285,0.8571428656578064,0.1666666716337204,14737.963899031929,5216.21630859375,3485.466796875,2011.4007568359375,3485.466796875,2011.4007568359375,37.393180549144745
test,dropout030_relay_failure,no_task_support,no_task_support,none,none,3,60,no_task_support,results/intercept_3d_gate1_hardened_safety_no_task_support_5seed_fixed_update60_candidate/runs/multi_relation/bc_ppo_seed3/actor_critic_update_0060.pt,310009,9,checkpoint,100,straight,True,True,80,0.2,1.0,0.3,0,0.0,1,40,80,True,1.0,1.0,1.0,0.028985508110212242,0.42028986111931177,0.5978260947310406,42.293478539456494,0.0,0.0,0.0,46.0,43.0,46.0,1.0,6.0,6.0,6.0,0.0,1.0,0.0,46.0,0.14285714285714285,0.8571428656578064,0.1666666716337204,14750.563678243885,5236.36572265625,3653.5087890625,1834.87939453125,3653.5087890625,2123.33251953125,36.58558928966522
test,dropout030_relay_failure,no_task_support,no_task_support,none,none,3,60,no_task_support,results/intercept_3d_gate1_hardened_safety_no_task_support_5seed_fixed_update60_candidate/runs/multi_relation/bc_ppo_seed3/actor_critic_update_0060.pt,310021,21,checkpoint,100,straight,True,True,80,0.2,1.0,0.3,0,0.0,1,40,80,True,1.0,1.0,1.0,0.028985508110212242,0.4275362368511117,0.6884058033642562,43.98188367356425,0.0,0.0,0.0,46.0,43.0,46.0,1.0,6.0,6.0,6.0,0.0,1.0,0.0,46.0,0.14285714285714285,0.9523809552192688,0.26190476971013205,14710.59086277174,5170.6630859375,3682.757080078125,1737.5135498046875,3682.757080078125,1737.5135498046875,37.506323248147964
test,dropout030_relay_failure,no_task_support,no_task_support,none,none,3,60,no_task_support,results/intercept_3d_gate1_hardened_safety_no_task_support_5seed_fixed_update60_candidate/runs/multi_relation/bc_ppo_seed3/actor_critic_update_0060.pt,310027,27,checkpoint,100,straight,True,True,80,0.2,1.0,0.3,0,0.0,1,40,80,True,1.0,1.0,1.0,0.028985508110212242,0.42028986111931177,0.6630434873311416,45.00000005442163,0.0,0.0,0.0,46.0,43.0,46.0,1.0,6.0,6.0,6.0,0.0,1.0,0.0,46.0,0.14285714285714285,0.8095238208770752,0.21428572067192622,14730.86179517663,5326.33203125,3844.634521484375,1613.730712890625,3844.634521484375,1775.58154296875,36.811208337545395
test,dropout030_relay_failure,no_task_support,no_task_support,none,none,3,60,no_task_support,results/intercept_3d_gate1_hardened_safety_no_task_support_5seed_fixed_update60_candidate/runs/multi_relation/bc_ppo_seed3/actor_critic_update_0060.pt,310030,30,checkpoint,100,straight,True,True,80,0.2,1.0,0.3,0,0.0,1,40,80,True,1.0,1.0,1.0,0.028985508110212242,0.43478261387866474,0.6920289928498475,38.40942056120738,0.0,0.0,0.0,46.0,43.0,46.0,1.0,6.0,6.0,6.0,0.0,1.0,0.0,46.0,0.14285714285714285,0.9047619104385376,0.26190476971013205,14717.53120754076,5190.9599609375,3690.304931640625,1470.9324951171875,3690.304931640625,1470.9324951171875,37.93346357345581
test,dropout030_relay_failure,no_task_support,no_task_support,none,none,3,60,no_task_support,results/intercept_3d_gate1_hardened_safety_no_task_support_5seed_fixed_update60_candidate/runs/multi_relation/bc_ppo_seed3/actor_critic_update_0060.pt,310032,32,checkpoint,100,straight,True,True,80,0.2,1.0,0.3,0,0.0,1,40,80,True,1.0,1.0,1.0,0.028985508110212242,0.44927536663801776,0.6811594302239625,43.99275378882885,0.0,0.0,0.0,46.0,43.0,46.0,1.0,6.0,6.0,6.0,0.0,1.0,0.0,46.0,0.14285714285714285,1.0,0.23809524519102915,14677.093590777853,5056.07275390625,3632.469482421875,1447.4886474609375,3632.469482421875,1447.4886474609375,38.134012907743454
test,dropout030_relay_failure,no_task_support,no_task_support,none,none,3,60,no_task_support,results/intercept_3d_gate1_hardened_safety_no_task_support_5seed_fixed_update60_candidate/runs/multi_relation/bc_ppo_seed3/actor_critic_update_0060.pt,310033,33,checkpoint,100,straight,True,True,80,0.2,1.0,0.3,0,0.0,1,40,80,True,1.0,1.0,1.0,0.028985508110212242,0.4057971077120822,0.6449275434665058,41.304347892494306,0.0,0.0,0.0,46.0,43.0,46.0,1.0,6.0,6.0,6.0,0.0,1.0,0.0,46.0,0.14285714285714285,0.761904776096344,0.28571429422923494,14743.334791100544,5200.48193359375,3693.97998046875,1221.8568115234375,3693.97998046875,1291.4991455078125,36.784944742918015
test,dropout030_relay_failure,no_task_support,no_task_support,none,none,3,60,no_task_support,results/intercept_3d_gate1_hardened_safety_no_task_support_5seed_fixed_update60_candidate/runs/multi_relation/bc_ppo_seed3/actor_critic_update_0060.pt,310043,43,checkpoint,100,straight,True,True,80,0.2,1.0,0.3,0,0.0,1,40,80,True,1.0,1.0,1.0,0.028985508110212242,0.42028986047143524,0.6594202955779822,43.16666672573142,0.0,0.0,0.0,46.0,43.0,46.0,1.0,6.0,6.0,6.0,0.0,1.0,0.0,46.0,0.14285714285714285,0.8095238166196006,0.14285714711461747,14710.036005434782,5230.21142578125,3977.740478515625,1286.957275390625,3977.740478515625,1299.0263671875,37.07493785023689
test,dropout030_relay_failure,no_task_support,no_task_support,none,none,3,60,no_task_support,results/intercept_3d_gate1_hardened_safety_no_task_support_5seed_fixed_update60_candidate/runs/multi_relation/bc_ppo_seed3/actor_critic_update_0060.pt,310046,46,checkpoint,100,straight,True,True,80,0.2,1.0,0.3,0,0.0,1,40,80,True,1.0,1.0,1.0,0.028985508110212242,0.44202899025834125,0.6050724707867788,45.94565201323965,0.0,0.0,0.0,46.0,43.0,46.0,1.0,6.0,6.0,6.0,0.0,1.0,0.0,46.0,0.14285714285714285,1.0,0.23809524519102915,14723.527120838995,5260.86572265625,3659.424072265625,1531.8291015625,3659.424072265625,1531.8291015625,36.98691874742508
test,dropout030_relay_failure,no_task_support,no_task_support,none,none,3,60,no_task_support,results/intercept_3d_gate1_hardened_safety_no_task_support_5seed_fixed_update60_candidate/runs/multi_relation/bc_ppo_seed3/actor_critic_update_0060.pt,310047,47,checkpoint,100,straight,True,True,80,0.2,1.0,0.3,0,0.0,1,40,80,True,1.0,1.0,1.0,0.028985508110212242,0.42028986047143524,0.6775362381468648,45.93478269842656,0.0,0.0,0.0,46.0,43.0,46.0,1.0,6.0,6.0,6.0,0.0,1.0,0.0,46.0,0.14285714285714285,0.8571428656578064,0.19047619615282332,14750.114523182745,5186.53955078125,3867.95703125,1082.108642578125,3867.95703125,1082.108642578125,37.18113189935684
test,dropout030_relay_failure,no_task_support,no_task_support,none,none,3,60,no_task_support,results/intercept_3d_gate1_hardened_safety_no_task_support_5seed_fixed_update60_candidate/runs/multi_relation/bc_ppo_seed3/actor_critic_update_0060.pt,310007,7,checkpoint,100,straight,True,True,80,0.2,1.0,0.3,0,0.0,1,40,80,True,1.0,1.0,1.0,0.02836879517169709,0.4113475242827801,0.6524822759501477,40.460992664732835,0.0,0.0,0.0,47.0,44.0,47.0,1.0,7.0,7.0,7.0,0.0,1.0,0.0,47.0,0.125,0.7500000149011612,0.2083333395421505,14551.294350482049,5019.21142578125,3639.050048828125,1445.4716796875,3639.050048828125,1738.3084716796875,37.24732866883278
test,dropout030_relay_failure,no_task_support,no_task_support,none,none,3,60,no_task_support,results/intercept_3d_gate1_hardened_safety_no_task_support_5seed_fixed_update60_candidate/runs/multi_relation/bc_ppo_seed3/actor_critic_update_0060.pt,310023,23,checkpoint,100,straight,True,True,80,0.2,1.0,0.3,0,0.0,1,40,80,True,1.0,1.0,1.0,0.02836879517169709,0.4255319212345367,0.6773049729935666,39.5177304934948,0.0,0.0,0.0,47.0,44.0,47.0,1.0,7.0,7.0,7.0,0.0,1.0,0.0,47.0,0.125,0.791666679084301,0.2916666753590107,14506.390500332447,4872.93603515625,3636.94873046875,1034.646240234375,3636.94873046875,1034.646240234375,37.89554172754288
test,dropout030_relay_failure,no_task_support,no_task_support,none,none,3,60,no_task_support,results/intercept_3d_gate1_hardened_safety_no_task_support_5seed_fixed_update60_candidate/runs/multi_relation/bc_ppo_seed3/actor_critic_update_0060.pt,310037,37,checkpoint,100,straight,True,True,80,0.2,1.0,0.3,0,0.0,1,40,80,True,1.0,1.0,1.0,0.02836879517169709,0.432624119393369,0.6489361787730075,38.60992888440477,0.0,0.0,0.0,47.0,44.0,47.0,1.0,7.0,7.0,7.0,0.0,1.0,0.0,47.0,0.125,0.8750000074505806,0.27083334140479565,14544.58972947141,5048.21142578125,3800.593017578125,889.7789306640625,3800.593017578125,1176.301025390625,37.809022128582
test,dropout030_relay_failure,no_task_support,no_task_support,none,none,3,60,no_task_support,results/intercept_3d_gate1_hardened_safety_no_task_support_5seed_fixed_update60_candidate/runs/multi_relation/bc_ppo_seed3/actor_critic_update_0060.pt,310015,15,checkpoint,100,straight,True,True,80,0.2,1.0,0.3,0,0.0,1,40,80,True,1.0,1.0,1.0,0.027777778605620067,0.4027777848144372,0.5625000068296989,47.12152759203067,0.0,0.0,0.0,48.0,45.0,48.0,1.0,8.0,8.0,8.0,0.0,1.0,0.0,48.0,0.1111111111111111,0.7407407561937968,0.18518519070413378,14461.951182047525,4936.24365234375,3961.341064453125,1828.76171875,3961.341064453125,2368.71630859375,36.18268236517906
test,dropout030_relay_failure,no_task_support,no_task_support,none,none,3,60,no_task_support,results/intercept_3d_gate1_hardened_safety_no_task_support_5seed_fixed_update60_candidate/runs/multi_relation/bc_ppo_seed3/actor_critic_update_0060.pt,310018,18,checkpoint,100,straight,True,True,80,0.2,1.0,0.3,0,0.0,1,40,80,True,1.0,1.0,1.0,0.009950249052759427,0.20646766695513655,0.25870647225806964,38.803482619461725,0.0,0.0,0.0,134.0,131.0,134.0,1.0,94.0,94.0,94.0,0.0,1.0,0.0,134.0,0.0,0.07916666902601718,0.07708333563059569,11015.202081025536,10362.4384765625,3013.532958984375,420.4287109375,4689.0224609375,9819.044921875,34.075922049582005
test,dropout030_relay_failure,no_task_support,no_task_support,none,none,3,60,no_task_support,results/intercept_3d_gate1_hardened_safety_no_task_support_5seed_fixed_update60_candidate/runs/multi_relation/bc_ppo_seed3/actor_critic_update_0060.pt,310035,35,checkpoint,100,straight,True,True,80,0.2,1.0,0.3,0,0.0,1,40,80,True,1.0,1.0,1.0,0.009803921860807082,0.21323529959601514,0.24632353226051612,44.65563720694798,0.0,0.0,0.0,136.0,133.0,136.0,1.0,96.0,96.0,96.0,0.0,1.0,0.0,136.0,0.0,0.11666667014360428,0.06041666846722364,11106.464683981503,12264.5986328125,2926.436767578125,416.5668029785156,4607.47802734375,10101.3935546875,31.510218519251794
test,dropout030_relay_failure,no_task_support,no_task_support,none,none,3,60,no_task_support,results/intercept_3d_gate1_hardened_safety_no_task_support_5seed_fixed_update60_candidate/runs/multi_relation/bc_ppo_seed3/actor_critic_update_0060.pt,310013,13,checkpoint,100,straight,True,True,80,0.2,1.0,0.3,0,0.0,1,40,80,True,1.0,1.0,1.0,0.014184397585848545,0.2647754192775023,0.22931442520719894,46.65248265915306,0.0,0.0,0.0,141.0,44.0,141.0,1.0,101.0,101.0,101.0,0.0,1.0,0.0,141.0,0.0,0.15000000298023225,0.06458333525806666,11095.271422041224,12242.3701171875,2278.860107421875,827.9248657226562,4766.06396484375,10641.4443359375,35.89119084272534
test,dropout030_relay_failure,no_task_support,no_task_support,none,none,3,60,no_task_support,results/intercept_3d_gate1_hardened_safety_no_task_support_5seed_fixed_update60_candidate/runs/multi_relation/bc_ppo_seed3/actor_critic_update_0060.pt,310042,42,checkpoint,100,straight,True,True,80,0.2,1.0,0.3,0,0.0,1,40,80,True,1.0,1.0,1.0,0.00888888915379842,0.21111111740271252,0.23000000397364298,47.43555549234152,0.0,0.0,0.0,150.0,147.0,150.0,1.0,110.0,110.0,110.0,0.0,1.0,0.0,150.0,0.0,0.12083333693444728,0.06041666846722364,11731.714169921876,13156.8779296875,2216.926025390625,496.4431457519531,3205.138427734375,6686.69775390625,30.565606673248112
test,dropout030_relay_failure,no_task_support,no_task_support,none,none,3,60,no_task_support,results/intercept_3d_gate1_hardened_safety_no_task_support_5seed_fixed_update60_candidate/runs/multi_relation/bc_ppo_seed3/actor_critic_update_0060.pt,310038,38,checkpoint,100,straight,True,True,80,0.2,1.0,0.3,0,0.0,1,40,80,True,1.0,1.0,1.0,0.01103752792276294,0.21633554610195538,0.20750552139534856,49.75386313827622,0.0,0.0,0.0,151.0,147.0,151.0,1.0,111.0,111.0,111.0,0.0,1.0,0.0,151.0,0.0,0.11666667014360428,0.05000000149011612,11446.925457884934,12300.2744140625,3126.5908203125,1091.0982666015625,4566.1259765625,9647.205078125,30.85170505847782
test,dropout030_relay_failure,no_task_support,no_task_support,none,none,3,60,no_task_support,results/intercept_3d_gate1_hardened_safety_no_task_support_5seed_fixed_update60_candidate/runs/multi_relation/bc_ppo_seed3/actor_critic_update_0060.pt,310006,6,checkpoint,100,straight,True,True,80,0.2,1.0,0.3,0,0.0,1,40,80,True,1.0,1.0,1.0,0.008714597209606295,0.21786492887665243,0.21568627772377988,48.97712419664158,0.0,0.0,0.0,153.0,150.0,153.0,1.0,113.0,113.0,113.0,0.0,1.0,0.0,153.0,0.0,0.10833333618938923,0.05833333507180214,11223.679454529207,10362.4765625,3113.60888671875,811.9707641601562,4665.728515625,10442.2109375,32.37445963639766
test,dropout030_relay_failure,no_task_support,no_task_support,none,none,3,60,no_task_support,results/intercept_3d_gate1_hardened_safety_no_task_support_5seed_fixed_update60_candidate/runs/multi_relation/bc_ppo_seed3/actor_critic_update_0060.pt,310004,4,checkpoint,100,straight,True,True,80,0.2,1.0,0.3,0,0.0,1,40,80,True,1.0,1.0,1.0,0.010822511145046778,0.21212121766883058,0.20887446190629685,51.27705623973887,0.0,0.0,0.0,154.0,150.0,154.0,1.0,114.0,114.0,114.0,0.0,1.0,0.0,154.0,0.0,0.1250000037252903,0.05625000167638063,11545.771167309253,11916.3095703125,2124.17236328125,749.1019897460938,4432.87890625,8782.2373046875,32.69241841323674
test,dropout030_relay_failure,no_task_support,no_task_support,none,none,3,60,no_task_support,results/intercept_3d_gate1_hardened_safety_no_task_support_5seed_fixed_update60_candidate/runs/multi_relation/bc_ppo_seed3/actor_critic_update_0060.pt,310049,49,checkpoint,100,straight,True,True,80,0.2,1.0,0.3,0,0.0,1,40,80,True,1.0,1.0,1.0,0.008602150793998472,0.25591398573690843,0.21612903600738895,43.60107538373239,0.0,0.0,0.0,155.0,152.0,155.0,1.0,115.0,115.0,115.0,0.0,1.0,0.0,155.0,0.0,0.10000000298023223,0.06666666865348816,10862.021263860886,8370.8212890625,2350.62255859375,492.875244140625,3146.236572265625,7553.94677734375,40.72584301419556
test,dropout030_relay_failure,no_task_support,no_task_support,none,none,3,60,no_task_support,results/intercept_3d_gate1_hardened_safety_no_task_support_5seed_fixed_update60_candidate/runs/multi_relation/bc_ppo_seed3/actor_critic_update_0060.pt,310024,24,checkpoint,100,straight,True,True,80,0.2,1.0,0.3,0,0.0,1,40,80,True,1.0,1.0,1.0,0.008281573745774927,0.2608695729919102,0.2308488647389856,52.04968900506541,0.0,0.0,0.0,161.0,158.0,161.0,1.0,121.0,121.0,121.0,0.0,1.0,0.0,161.0,0.0,0.11250000335276127,0.06875000204890966,12023.327184831134,12566.5810546875,1416.18701171875,221.7761688232422,1963.6121826171875,5917.31103515625,37.47746499441564
test,dropout030_relay_failure,no_task_support,no_task_support,none,none,3,60,no_task_support,results/intercept_3d_gate1_hardened_safety_no_task_support_5seed_fixed_update60_candidate/runs/multi_relation/bc_ppo_seed3/actor_critic_update_0060.pt,310022,22,checkpoint,100,straight,True,True,80,0.2,1.0,0.3,0,0.0,1,40,80,True,1.0,1.0,1.0,0.008130081543108313,0.27642277101191076,0.21138211784929764,51.74796806430308,0.0,0.0,0.0,164.0,161.0,164.0,1.0,124.0,124.0,124.0,0.0,1.0,0.0,164.0,0.0,0.10416666902601719,0.06041666846722364,11572.021960746952,11428.21484375,1653.65869140625,578.952392578125,1653.65869140625,6020.9326171875,39.09964877180755
test,dropout030_relay_failure,no_task_support,no_task_support,none,none,3,60,no_task_support,results/intercept_3d_gate1_hardened_safety_no_task_support_5seed_fixed_update60_candidate/runs/multi_relation/bc_ppo_seed3/actor_critic_update_0060.pt,310045,45,checkpoint,100,straight,True,True,80,0.2,1.0,0.3,0,0.0,1,40,80,True,1.0,1.0,1.0,0.011834319879317426,0.31952663497811945,0.21992110835729972,53.92997991659585,0.0,0.0,0.0,169.0,43.0,169.0,1.0,129.0,129.0,129.0,0.0,1.0,0.0,169.0,0.0,0.10833333507180214,0.06666666865348816,11600.989364714313,11976.3427734375,1259.462646484375,928.126708984375,1780.55615234375,3041.333984375,42.853387610055506
test,dropout030_relay_failure,no_task_support,no_task_support,none,none,3,60,no_task_support,results/intercept_3d_gate1_hardened_safety_no_task_support_5seed_fixed_update60_candidate/runs/multi_relation/bc_ppo_seed3/actor_critic_update_0060.pt,310048,48,checkpoint,100,straight,True,True,80,0.2,1.0,0.3,0,0.0,1,40,80,True,1.0,1.0,1.0,0.009633911655128346,0.24470135552345673,0.2360308324498248,43.16184963156722,0.0,0.0,0.0,173.0,169.0,173.0,1.0,133.0,133.0,133.0,0.0,1.0,0.0,173.0,0.0,0.08750000260770321,0.06875000204890966,10909.037769824783,9250.7353515625,1880.98681640625,757.7129516601562,4601.19482421875,2058.419921875,41.929149236064404
test,dropout030_relay_failure,no_task_support,no_task_support,none,none,3,60,no_task_support,results/intercept_3d_gate1_hardened_safety_no_task_support_5seed_fixed_update60_candidate/runs/multi_relation/bc_ppo_seed3/actor_critic_update_0060.pt,310040,40,checkpoint,100,straight,True,True,80,0.2,1.0,0.3,0,0.0,1,40,80,True,1.0,1.0,1.0,0.009208103405177923,0.303867410888988,0.24953959865793998,56.38858155576893,0.0,0.0,0.0,181.0,42.0,181.0,1.0,141.0,141.0,141.0,0.0,1.0,0.0,181.0,0.0,0.1291666693985462,0.06666666865348816,12074.566538436637,14276.703125,1478.9827880859375,699.715087890625,4806.9931640625,1242.2869873046875,41.0678079132922
test,dropout030_relay_failure,no_task_support,no_task_support,none,none,3,60,no_task_support,results/intercept_3d_gate1_hardened_safety_no_task_support_5seed_fixed_update60_candidate/runs/multi_relation/bc_ppo_seed3/actor_critic_update_0060.pt,310019,19,checkpoint,100,straight,True,True,80,0.2,1.0,0.3,0,0.0,1,40,80,True,1.0,1.0,1.0,0.0072463770275530606,0.29347826848211495,0.25905797517170076,46.57518129309882,0.0,0.0,0.0,184.0,181.0,184.0,1.0,144.0,144.0,144.0,0.0,1.0,0.0,184.0,0.0,0.10416666939854621,0.07708333563059569,11008.1509890349,9767.515625,1522.988525390625,743.96435546875,4819.39306640625,1237.8760986328125,44.83309029135853
test,dropout030_relay_failure,no_task_support,no_task_support,none,none,3,60,no_task_support,results/intercept_3d_gate1_hardened_safety_no_task_support_5seed_fixed_update60_candidate/runs/multi_relation/bc_ppo_seed3/actor_critic_update_0060.pt,310034,34,checkpoint,100,straight,True,True,80,0.2,1.0,0.3,0,0.0,1,40,80,True,1.0,1.0,1.0,0.0090090092774984,0.2810810880081074,0.2207207240768381,57.25135076698419,0.0,0.0,0.0,185.0,42.0,185.0,1.0,145.0,145.0,145.0,0.0,1.0,0.0,185.0,0.0,0.10000000186264515,0.06041666846722364,12069.960067831504,13828.66796875,945.226318359375,861.2660522460938,2649.132080078125,3228.52587890625,37.84568666596897
test,dropout030_relay_failure,no_task_support,no_task_support,none,none,3,60,no_task_support,results/intercept_3d_gate1_hardened_safety_no_task_support_5seed_fixed_update60_candidate/runs/multi_relation/bc_ppo_seed3/actor_critic_update_0060.pt,310014,14,checkpoint,100,straight,True,True,80,0.2,1.0,0.3,0,0.0,1,40,80,True,1.0,1.0,1.0,0.006944444651405017,0.25347222900018096,0.21006944798864424,60.378472234355286,0.0,0.0,0.0,192.0,189.0,192.0,1.0,152.0,152.0,152.0,0.0,1.0,0.0,192.0,0.0,0.11250000335276127,0.07500000223517418,12684.652852376303,15620.4287109375,1254.53857421875,1187.3394775390625,3637.50439453125,4091.152099609375,33.57082978845574
test,dropout030_relay_failure,no_task_support,no_task_support,none,none,3,60,no_task_support,results/intercept_3d_gate1_hardened_safety_no_task_support_5seed_fixed_update60_candidate/runs/multi_relation/bc_ppo_seed3/actor_critic_update_0060.pt,310016,16,checkpoint,100,straight,True,True,80,0.2,1.0,0.3,0,0.0,1,40,80,True,1.0,1.0,1.0,0.010000000298023224,0.2633333396911621,0.23750000447034836,48.099166756048795,0.0,0.0,0.0,200.0,43.0,200.0,1.0,160.0,160.0,160.0,0.0,1.0,0.0,200.0,0.0,0.10416666828095913,0.07291666883975267,11671.670904541015,14350.6962890625,2210.778564453125,1008.1057739257812,4810.20703125,5719.2783203125,39.35123345814645
test,dropout030_relay_failure,no_task_support,no_task_support,none,none,3,60,no_task_support,results/intercept_3d_gate1_hardened_safety_no_task_support_5seed_fixed_update60_candidate/runs/multi_relation/bc_ppo_seed3/actor_critic_update_0060.pt,310005,5,checkpoint,100,straight,True,True,80,0.2,1.0,0.3,0,0.0,1,40,80,True,1.0,1.0,1.0,0.006289308363536619,0.24685535228477334,0.24606918705240735,48.87578613929591,0.0,0.0,0.0,212.0,209.0,212.0,1.0,172.0,172.0,172.0,0.0,1.0,0.0,212.0,0.0,0.10833333618938923,0.07500000223517418,12165.149393333579,15769.48828125,1246.0062255859375,1177.6822509765625,4921.4423828125,8402.19921875,37.13253690872807
test,dropout030_relay_failure,no_task_support,no_task_support,none,none,3,60,no_task_support,results/intercept_3d_gate1_hardened_safety_no_task_support_5seed_fixed_update60_candidate/runs/multi_relation/bc_ppo_seed3/actor_critic_update_0060.pt,310000,0,checkpoint,100,straight,True,True,80,0.2,1.0,0.3,0,0.0,1,40,80,True,0.0,0.0,1.0,0.0025641026405187756,0.17564103053166316,0.18333333702041552,67.78269179079395,0.0,1.0,0.0,260.0,245.0,-1.0,0.0,220.0,220.0,-1.0,0.0,0.0,1.0,-1.0,0.0,0.07083333544433117,0.07291666883975267,14077.111508413462,13691.3515625,1057.2396240234375,519.2203369140625,5357.630859375,9706.166015625,21.59411152638495
test,dropout030_relay_failure,no_task_support,no_task_support,none,none,3,60,no_task_support,results/intercept_3d_gate1_hardened_safety_no_task_support_5seed_fixed_update60_candidate/runs/multi_relation/bc_ppo_seed3/actor_critic_update_0060.pt,310001,1,checkpoint,100,straight,True,True,80,0.2,1.0,0.3,0,0.0,1,40,80,True,0.0,0.0,0.0,0.0,0.13589743983287078,0.1987179522904066,70.81666631962244,0.0,1.0,0.0,260.0,-1.0,-1.0,0.0,220.0,220.0,-1.0,0.0,0.0,1.0,-1.0,0.0,0.1666666716337204,0.06250000186264515,9633.249053485577,11512.4404296875,280.913818359375,536.7625122070312,9182.34765625,5680.3662109375,15.649361794814467
test,dropout030_relay_failure,no_task_support,no_task_support,none,none,3,60,no_task_support,results/intercept_3d_gate1_hardened_safety_no_task_support_5seed_fixed_update60_candidate/runs/multi_relation/bc_ppo_seed3/actor_critic_update_0060.pt,310002,2,checkpoint,100,straight,True,True,80,0.2,1.0,0.3,0,0.0,1,40,80,True,0.0,0.0,1.0,0.0012820513202593878,0.10641025877915895,0.18589743960362215,72.0294867930504,0.0,1.0,0.0,260.0,42.0,-1.0,0.0,220.0,220.0,-1.0,0.0,0.0,1.0,-1.0,0.0,0.12083333618938923,0.07083333544433117,18182.453603891227,21902.728515625,841.8252563476562,1935.492431640625,15248.1142578125,14624.6025390625,7.697928656823933
test,dropout030_relay_failure,no_task_support,no_task_support,none,none,3,60,no_task_support,results/intercept_3d_gate1_hardened_safety_no_task_support_5seed_fixed_update60_candidate/runs/multi_relation/bc_ppo_seed3/actor_critic_update_0060.pt,310010,10,checkpoint,100,straight,True,True,80,0.2,1.0,0.3,0,0.0,1,40,80,True,0.0,0.0,0.0,0.0,0.10000000298023223,0.18461538811142628,77.07628157293567,0.0,1.0,0.0,260.0,-1.0,-1.0,0.0,220.0,220.0,-1.0,0.0,0.0,1.0,-1.0,0.0,0.0833333358168602,0.06458333525806666,12481.297947340745,14986.6845703125,1824.32763671875,160.12644958496094,4193.83935546875,16475.64453125,11.566002687439322
test,dropout030_relay_failure,no_task_support,no_task_support,none,none,3,60,no_task_support,results/intercept_3d_gate1_hardened_safety_no_task_support_5seed_fixed_update60_candidate/runs/multi_relation/bc_ppo_seed3/actor_critic_update_0060.pt,310011,11,checkpoint,100,straight,True,True,80,0.2,1.0,0.3,0,0.0,1,40,80,True,0.0,0.0,1.0,0.003846153960778163,0.20897436405603703,0.13269230987016972,96.51987184664378,0.0,1.0,0.0,260.0,42.0,-1.0,0.0,220.0,220.0,-1.0,0.0,0.0,1.0,-1.0,0.0,0.1333333358168602,0.0854166692122817,13420.64205885667,15648.7119140625,1468.6229248046875,1407.3201904296875,3497.14453125,14928.5576171875,21.313908303156495
test,dropout030_relay_failure,no_task_support,no_task_support,none,none,3,60,no_task_support,results/intercept_3d_gate1_hardened_safety_no_task_support_5seed_fixed_update60_candidate/runs/multi_relation/bc_ppo_seed3/actor_critic_update_0060.pt,310012,12,checkpoint,100,straight,True,True,80,0.2,1.0,0.3,0,0.0,1,40,80,True,0.0,0.0,0.0,0.0,0.11538461779172604,0.1724359005689621,82.15833319265109,0.0,1.0,0.0,260.0,-1.0,-1.0,0.0,220.0,220.0,-1.0,0.0,0.0,1.0,-1.0,0.0,0.07500000149011612,0.047916668094694616,14206.386979792669,19014.107421875,2623.08642578125,889.7459106445312,6654.904296875,8730.03125,5.6131212851032615
test,dropout030_relay_failure,no_task_support,no_task_support,none,none,3,60,no_task_support,results/intercept_3d_gate1_hardened_safety_no_task_support_5seed_fixed_update60_candidate/runs/multi_relation/bc_ppo_seed3/actor_critic_update_0060.pt,310017,17,checkpoint,100,straight,True,True,80,0.2,1.0,0.3,0,0.0,1,40,80,True,0.0,0.0,0.0,0.0,0.11794872077611776,0.13269230964092107,95.16410253225611,0.0,1.0,0.0,260.0,-1.0,-1.0,0.0,220.0,220.0,-1.0,0.0,0.0,1.0,-1.0,0.0,0.15833333805203437,0.0833333358168602,20127.46594989483,31947.921875,1313.0626220703125,987.1729736328125,7585.0224609375,10701.38671875,-3.3509387937374413
test,dropout030_relay_failure,no_task_support,no_task_support,none,none,3,60,no_task_support,results/intercept_3d_gate1_hardened_safety_no_task_support_5seed_fixed_update60_candidate/runs/multi_relation/bc_ppo_seed3/actor_critic_update_0060.pt,310025,25,checkpoint,100,straight,True,True,80,0.2,1.0,0.3,0,0.0,1,40,80,True,0.0,0.0,0.0,0.0,0.13333333627535746,0.14807692502553646,82.86922962195598,0.0,1.0,0.0,260.0,-1.0,-1.0,0.0,220.0,220.0,-1.0,0.0,0.0,1.0,-1.0,0.0,0.1541666705161333,0.06458333525806666,16214.938038048378,28935.521484375,931.4832763671875,820.3077392578125,9234.56640625,17376.513671875,-1.0597958354046568
test,dropout030_relay_failure,no_task_support,no_task_support,none,none,3,60,no_task_support,results/intercept_3d_gate1_hardened_safety_no_task_support_5seed_fixed_update60_candidate/runs/multi_relation/bc_ppo_seed3/actor_critic_update_0060.pt,310029,29,checkpoint,100,straight,True,True,80,0.2,1.0,0.3,0,0.0,1,40,80,True,0.0,0.0,0.0,0.0,0.12179487542464183,0.156410258435286,75.12948698246709,0.0,1.0,0.0,260.0,-1.0,-1.0,0.0,220.0,220.0,-1.0,0.0,0.0,1.0,-1.0,0.0,0.12916667051613331,0.07083333544433117,15430.40344144381,15569.24609375,1121.8748779296875,789.0272827148438,6588.15625,9804.4609375,11.634235492208973
test,dropout030_relay_failure,no_task_support,no_task_support,none,none,3,60,no_task_support,results/intercept_3d_gate1_hardened_safety_no_task_support_5seed_fixed_update60_candidate/runs/multi_relation/bc_ppo_seed3/actor_critic_update_0060.pt,310031,31,checkpoint,100,straight,True,True,80,0.2,1.0,0.3,0,0.0,1,40,80,True,0.0,0.0,0.0,0.0,0.19871795441095647,0.18205128524165887,79.04999940051482,0.0,1.0,0.0,260.0,-1.0,-1.0,0.0,220.0,220.0,-1.0,0.0,0.0,1.0,-1.0,0.0,0.11250000335276127,0.08958333600312471,13205.75169865535,14683.6015625,1420.93115234375,675.8970336914062,2390.759033203125,14052.8193359375,20.88681020727381
test,dropout030_relay_failure,no_task_support,no_task_support,none,none,3,60,no_task_support,results/intercept_3d_gate1_hardened_safety_no_task_support_5seed_fixed_update60_candidate/runs/multi_relation/bc_ppo_seed3/actor_critic_update_0060.pt,310036,36,checkpoint,100,straight,True,True,80,0.2,1.0,0.3,0,0.0,1,40,80,True,0.0,0.0,0.0,0.0,0.101282054071243,0.16089743868662762,86.11474304210681,0.0,1.0,0.0,260.0,-1.0,-1.0,0.0,220.0,220.0,-1.0,0.0,0.0,1.0,-1.0,0.0,0.13333333730697633,0.06458333525806666,19347.568326509914,29955.849609375,1953.7015380859375,633.8053588867188,6500.14013671875,5971.43115234375,-3.672018622048199
test,dropout030_relay_failure,no_task_support,no_task_support,none,none,3,60,no_task_support,results/intercept_3d_gate1_hardened_safety_no_task_support_5seed_fixed_update60_candidate/runs/multi_relation/bc_ppo_seed3/actor_critic_update_0060.pt,310039,39,checkpoint,100,straight,True,True,80,0.2,1.0,0.3,0,0.0,1,40,80,True,0.0,0.0,1.0,0.0025641026405187756,0.13205128472584945,0.14615384764396228,79.16346101663433,0.0,1.0,0.0,260.0,43.0,-1.0,0.0,220.0,220.0,-1.0,0.0,0.0,1.0,-1.0,0.0,0.11250000186264515,0.07083333544433117,15296.05361328125,16331.9560546875,1440.986083984375,1487.6448974609375,6291.92626953125,11024.4716796875,12.704228615388274
test,dropout030_relay_failure,no_task_support,no_task_support,none,none,3,60,no_task_support,results/intercept_3d_gate1_hardened_safety_no_task_support_5seed_fixed_update60_candidate/runs/multi_relation/bc_ppo_seed3/actor_critic_update_0060.pt,310044,44,checkpoint,100,straight,True,True,80,0.2,1.0,0.3,0,0.0,1,40,80,True,0.0,0.0,0.0,0.0,0.1705128252506256,0.16410256704458823,82.04230840349426,0.0,1.0,0.0,260.0,-1.0,-1.0,0.0,220.0,220.0,-1.0,0.0,0.0,1.0,-1.0,0.0,0.09166666939854622,0.06250000186264515,14865.032840670072,15196.4208984375,1854.2359619140625,569.2169189453125,5916.55712890625,13347.0498046875,17.088761165738106
test,dropout030_relay_failure,no_task_support,no_task_support,none,none,3,60,no_task_support,results/intercept_3d_gate1_hardened_safety_no_task_support_5seed_fixed_update60_candidate/runs/multi_relation/bc_ppo_seed3/actor_critic_update_0060.pt,310058,58,checkpoint,100,straight,True,True,80,0.2,1.0,0.3,0,0.0,1,40,80,True,1.0,1.0,1.0,0.029629630512661403,0.42962963448630437,0.6666666722959942,43.07407362129953,0.0,0.0,0.0,45.0,42.0,45.0,1.0,5.0,5.0,5.0,0.0,1.0,0.0,45.0,0.16666666666666666,1.0,0.2500000074505806,14948.53898654514,5565.43310546875,3652.739013671875,1677.20654296875,3652.739013671875,1692.69580078125,36.93577256798744
test,dropout030_relay_failure,no_task_support,no_task_support,none,none,3,60,no_task_support,results/intercept_3d_gate1_hardened_safety_no_task_support_5seed_fixed_update60_candidate/runs/multi_relation/bc_ppo_seed3/actor_critic_update_0060.pt,310059,59,checkpoint,100,straight,True,True,80,0.2,1.0,0.3,0,0.0,1,40,80,True,1.0,1.0,1.0,0.029629630512661403,0.4148148198922475,0.6740740802552965,42.07407404813502,0.0,0.0,0.0,45.0,42.0,45.0,1.0,5.0,5.0,5.0,0.0,1.0,0.0,45.0,0.16666666666666666,0.9444444477558136,0.22222222884496054,14980.044694010418,5612.64111328125,3685.00048828125,1635.991943359375,3685.00048828125,1635.991943359375,36.63022235035896
test,dropout030_relay_failure,no_task_support,no_task_support,none,none,3,60,no_task_support,results/intercept_3d_gate1_hardened_safety_no_task_support_5seed_fixed_update60_candidate/runs/multi_relation/bc_ppo_seed3/actor_critic_update_0060.pt,310065,65,checkpoint,100,straight,True,True,80,0.2,1.0,0.3,0,0.0,1,40,80,True,1.0,1.0,1.0,0.029629630512661403,0.4370370414521959,0.666666673289405,41.05925897624758,0.0,0.0,0.0,45.0,42.0,45.0,1.0,5.0,5.0,5.0,0.0,1.0,0.0,45.0,0.16666666666666666,1.0,0.22222222884496054,14897.42824435764,5424.72412109375,3881.14501953125,1371.1624755859375,3881.14501953125,1371.1624755859375,37.25914217531681
test,dropout030_relay_failure,no_task_support,no_task_support,none,none,3,60,no_task_support,results/intercept_3d_gate1_hardened_safety_no_task_support_5seed_fixed_update60_candidate/runs/multi_relation/bc_ppo_seed3/actor_critic_update_0060.pt,310073,73,checkpoint,100,straight,True,True,80,0.2,1.0,0.3,0,0.0,1,40,80,True,0.0,0.0,0.0,0.0,0.3629629711310069,0.6740740812487073,41.133333163460094,1.0,0.0,0.0,45.0,-1.0,-1.0,0.0,5.0,5.0,-1.0,0.0,0.0,1.0,-1.0,0.0,0.6666666865348816,0.22222222884496054,14984.860199652778,5914.310546875,5249.69677734375,51.007591247558594,5249.69677734375,51.007591247558594,20.78480702638626
test,dropout030_relay_failure,no_task_support,no_task_support,none,none,3,60,no_task_support,results/intercept_3d_gate1_hardened_safety_no_task_support_5seed_fixed_update60_candidate/runs/multi_relation/bc_ppo_seed3/actor_critic_update_0060.pt,310078,78,checkpoint,100,straight,True,True,80,0.2,1.0,0.3,0,0.0,1,40,80,True,1.0,1.0,1.0,0.029629630512661403,0.42962963448630437,0.6185185270176994,47.96666641698943,0.0,0.0,0.0,45.0,42.0,45.0,1.0,5.0,5.0,5.0,0.0,1.0,0.0,45.0,0.16666666666666666,0.9444444477558136,0.2500000074505806,14929.040342881945,5449.484375,3750.46337890625,2032.7596435546875,3750.46337890625,2032.7596435546875,36.28121438622475
test,dropout030_relay_failure,no_task_support,no_task_support,none,none,3,60,no_task_support,results/intercept_3d_gate1_hardened_safety_no_task_support_5seed_fixed_update60_candidate/runs/multi_relation/bc_ppo_seed3/actor_critic_update_0060.pt,310084,84,checkpoint,100,straight,True,True,80,0.2,1.0,0.3,0,0.0,1,40,80,True,1.0,1.0,1.0,0.029629630512661403,0.42962963448630437,0.6074074152443144,42.18518526686562,0.0,0.0,0.0,45.0,42.0,45.0,1.0,5.0,5.0,5.0,0.0,1.0,0.0,45.0,0.16666666666666666,1.0,0.1666666716337204,14932.143901909722,5578.04443359375,3774.02978515625,1819.7872314453125,3774.02978515625,2056.578125,36.44185495376587
test,dropout030_relay_failure,no_task_support,no_task_support,none,none,3,60,no_task_support,results/intercept_3d_gate1_hardened_safety_no_task_support_5seed_fixed_update60_candidate/runs/multi_relation/bc_ppo_seed3/actor_critic_update_0060.pt,310085,85,checkpoint,100,straight,True,True,80,0.2,1.0,0.3,0,0.0,1,40,80,True,0.0,0.0,0.0,0.0,0.32592593563927547,0.6555555631717046,41.21851815780004,1.0,0.0,0.0,45.0,-1.0,-1.0,0.0,5.0,5.0,-1.0,0.0,0.0,1.0,-1.0,0.0,0.6666666865348816,0.22222222884496054,15118.5818359375,6351.66796875,5747.5302734375,111.15670013427734,5747.5302734375,111.15670013427734,19.667066395282745
test,dropout030_relay_failure,no_task_support,no_task_support,none,none,3,60,no_task_support,results/intercept_3d_gate1_hardened_safety_no_task_support_5seed_fixed_update60_candidate/runs/multi_relation/bc_ppo_seed3/actor_critic_update_0060.pt,310061,61,checkpoint,100,straight,True,True,80,0.2,1.0,0.3,0,0.0,1,40,80,True,1.0,1.0,1.0,0.028985508110212242,0.4057971077120822,0.6304347913550294,38.44565228826326,0.0,0.0,0.0,46.0,43.0,46.0,1.0,6.0,6.0,6.0,0.0,1.0,0.0,46.0,0.14285714285714285,0.8095238208770752,0.19047619615282332,14745.776133661684,5221.91650390625,3679.611328125,1867.138427734375,3679.611328125,2038.7598876953125,36.7169044315815
test,dropout030_relay_failure,no_task_support,no_task_support,none,none,3,60,no_task_support,results/intercept_3d_gate1_hardened_safety_no_task_support_5seed_fixed_update60_candidate/runs/multi_relation/bc_ppo_seed3/actor_critic_update_0060.pt,310068,68,checkpoint,100,straight,True,True,80,0.2,1.0,0.3,0,0.0,1,40,80,True,1.0,1.0,1.0,0.028985508110212242,0.43478261387866474,0.6811594286042711,40.29710177785677,0.0,0.0,0.0,46.0,43.0,46.0,1.0,6.0,6.0,6.0,0.0,1.0,0.0,46.0,0.14285714285714285,0.9047619104385376,0.23809524519102915,14722.460141389267,5137.7353515625,3748.9462890625,1200.71337890625,3748.9462890625,1200.71337890625,37.77894830703735
test,dropout030_relay_failure,no_task_support,no_task_support,none,none,3,60,no_task_support,results/intercept_3d_gate1_hardened_safety_no_task_support_5seed_fixed_update60_candidate/runs/multi_relation/bc_ppo_seed3/actor_critic_update_0060.pt,310074,74,checkpoint,100,straight,True,True,80,0.2,1.0,0.3,0,0.0,1,40,80,True,1.0,1.0,1.0,0.028985508110212242,0.41304348409175873,0.6739130522245946,40.3478261442936,0.0,0.0,0.0,46.0,43.0,46.0,1.0,6.0,6.0,6.0,0.0,1.0,0.0,46.0,0.14285714285714285,0.8095238208770752,0.23809524519102915,14744.708910071331,5148.22607421875,3599.679443359375,1649.59521484375,3599.679443359375,1837.819580078125,37.20996183156967
test,dropout030_relay_failure,no_task_support,no_task_support,none,none,3,60,no_task_support,results/intercept_3d_gate1_hardened_safety_no_task_support_5seed_fixed_update60_candidate/runs/multi_relation/bc_ppo_seed3/actor_critic_update_0060.pt,310090,90,checkpoint,100,straight,True,True,80,0.2,1.0,0.3,0,0.0,1,40,80,True,1.0,1.0,1.0,0.028985508110212242,0.43478261387866474,0.6413043578681739,40.362318729576856,0.0,0.0,0.0,46.0,43.0,46.0,1.0,6.0,6.0,6.0,0.0,1.0,0.0,46.0,0.14285714285714285,0.9523809552192688,0.26190476971013205,14739.840884001358,5219.0791015625,3604.4072265625,1711.8765869140625,3604.4072265625,1711.8765869140625,37.43171113729477
test,dropout030_relay_failure,no_task_support,no_task_support,none,none,3,60,no_task_support,results/intercept_3d_gate1_hardened_safety_no_task_support_5seed_fixed_update60_candidate/runs/multi_relation/bc_ppo_seed3/actor_critic_update_0060.pt,310093,93,checkpoint,100,straight,True,True,80,0.2,1.0,0.3,0,0.0,1,40,80,True,1.0,1.0,1.0,0.028985508110212242,0.44927536663801776,0.6340579795448676,42.24637703565152,0.0,0.0,0.0,46.0,43.0,46.0,1.0,6.0,6.0,6.0,0.0,1.0,0.0,46.0,0.14285714285714285,1.0,0.26190476971013205,14702.249713400135,5044.01123046875,3572.27978515625,1271.70947265625,3572.27978515625,1271.70947265625,37.7222041785717
test,dropout030_relay_failure,no_task_support,no_task_support,none,none,3,60,no_task_support,results/intercept_3d_gate1_hardened_safety_no_task_support_5seed_fixed_update60_candidate/runs/multi_relation/bc_ppo_seed3/actor_critic_update_0060.pt,310098,98,checkpoint,100,straight,True,True,80,0.2,1.0,0.3,0,0.0,1,40,80,True,1.0,1.0,1.0,0.028985508110212242,0.4130434847396353,0.695652179096056,39.28985507235579,0.0,0.0,0.0,46.0,43.0,46.0,1.0,6.0,6.0,6.0,0.0,1.0,0.0,46.0,0.14285714285714285,0.8095238208770752,0.21428572067192622,14737.977284307066,5254.79052734375,3707.23876953125,1805.947509765625,3707.23876953125,1805.947509765625,37.402700424194336
test,dropout030_relay_failure,no_task_support,no_task_support,none,none,3,60,no_task_support,results/intercept_3d_gate1_hardened_safety_no_task_support_5seed_fixed_update60_candidate/runs/multi_relation/bc_ppo_seed3/actor_critic_update_0060.pt,310099,99,checkpoint,100,straight,True,True,80,0.2,1.0,0.3,0,0.0,1,40,80,True,1.0,1.0,1.0,0.028985508110212242,0.4275362374989883,0.6485507326281589,41.30797109882469,0.0,0.0,0.0,46.0,43.0,46.0,1.0,6.0,6.0,6.0,0.0,1.0,0.0,46.0,0.14285714285714285,0.8571428656578064,0.1666666716337204,14715.21333644701,5147.39794921875,3434.818115234375,1055.04248046875,3434.818115234375,1055.04248046875,37.302180141210556
test,dropout030_relay_failure,no_task_support,no_task_support,none,none,3,60,no_task_support,results/intercept_3d_gate1_hardened_safety_no_task_support_5seed_fixed_update60_candidate/runs/multi_relation/bc_ppo_seed3/actor_critic_update_0060.pt,310050,50,checkpoint,100,straight,True,True,80,0.2,1.0,0.3,0,0.0,1,40,80,True,1.0,1.0,1.0,0.02836879517169709,0.4113475242827801,0.6241134833148185,49.68439696348728,0.0,0.0,0.0,47.0,44.0,47.0,1.0,7.0,7.0,7.0,0.0,1.0,0.0,47.0,0.125,0.7500000149011612,0.22916667349636555,14568.548983959441,4895.953125,3535.51513671875,1090.6539306640625,3535.51513671875,1090.6539306640625,36.7856163084507
test,dropout030_relay_failure,no_task_support,no_task_support,none,none,3,60,no_task_support,results/intercept_3d_gate1_hardened_safety_no_task_support_5seed_fixed_update60_candidate/runs/multi_relation/bc_ppo_seed3/actor_critic_update_0060.pt,310072,72,checkpoint,100,straight,True,True,80,0.2,1.0,0.3,0,0.0,1,40,80,True,1.0,1.0,1.0,0.02836879517169709,0.40425532612394777,0.6914893686771393,36.82978717792541,0.0,0.0,0.0,47.0,44.0,47.0,1.0,7.0,7.0,7.0,0.0,1.0,0.0,47.0,0.125,0.7083333507180214,0.27083334140479565,14561.463898354388,5028.12548828125,3543.59619140625,1541.0714111328125,3543.59619140625,1955.747314453125,37.590055137872696
test,dropout030_relay_failure,no_task_support,no_task_support,none,none,3,60,no_task_support,results/intercept_3d_gate1_hardened_safety_no_task_support_5seed_fixed_update60_candidate/runs/multi_relation/bc_ppo_seed3/actor_critic_update_0060.pt,310051,51,checkpoint,100,straight,True,True,80,0.2,1.0,0.3,0,0.0,1,40,80,True,1.0,1.0,1.0,0.027777778605620067,0.4097222288449605,0.6770833414047956,41.60069437262913,0.0,0.0,0.0,48.0,45.0,48.0,1.0,8.0,8.0,8.0,0.0,1.0,0.0,48.0,0.1111111111111111,0.7777777910232544,0.2592592669857873,14467.945343017578,5043.39111328125,3873.628662109375,576.0762329101562,3873.628662109375,1261.5697021484375,37.68596613407135
test,dropout030_relay_failure,no_task_support,no_task_support,none,none,3,60,no_task_support,results/intercept_3d_gate1_hardened_safety_no_task_support_5seed_fixed_update60_candidate/runs/multi_relation/bc_ppo_seed3/actor_critic_update_0060.pt,310086,86,checkpoint,100,straight,True,True,80,0.2,1.0,0.3,0,0.0,1,40,80,True,1.0,1.0,1.0,0.010928962074342321,0.1885245940724357,0.2595628457235508,39.43169408743499,0.0,0.0,0.0,122.0,119.0,122.0,1.0,82.0,82.0,82.0,0.0,1.0,0.0,122.0,0.0,0.11250000298023224,0.06666666865348816,10792.560985127433,11362.7958984375,2664.798583984375,199.7548065185547,4514.74462890625,14862.50390625,30.105655453633517
test,dropout030_relay_failure,no_task_support,no_task_support,none,none,3,60,no_task_support,results/intercept_3d_gate1_hardened_safety_no_task_support_5seed_fixed_update60_candidate/runs/multi_relation/bc_ppo_seed3/actor_critic_update_0060.pt,310067,67,checkpoint,100,straight,True,True,80,0.2,1.0,0.3,0,0.0,1,40,80,True,1.0,1.0,1.0,0.010666666984558105,0.1813333375453949,0.27466667008399964,39.824000071883205,0.0,0.0,0.0,125.0,122.0,125.0,1.0,85.0,85.0,85.0,0.0,1.0,0.0,125.0,0.0,0.09583333618938923,0.06041666846722364,11009.201197265626,11590.140625,3329.081787109375,401.5926818847656,4606.919921875,13088.21484375,30.17514925263822
test,dropout030_relay_failure,no_task_support,no_task_support,none,none,3,60,no_task_support,results/intercept_3d_gate1_hardened_safety_no_task_support_5seed_fixed_update60_candidate/runs/multi_relation/bc_ppo_seed3/actor_critic_update_0060.pt,310060,60,checkpoint,100,straight,True,True,80,0.2,1.0,0.3,0,0.0,1,40,80,True,1.0,1.0,1.0,0.01049868797692727,0.2204724472808087,0.2769028899941857,41.984251974957196,0.0,0.0,0.0,127.0,124.0,127.0,1.0,87.0,87.0,87.0,0.0,1.0,0.0,127.0,0.0,0.14583333767950535,0.05833333507180214,10906.564983698327,11782.8408203125,2702.06640625,221.15240478515625,4527.57177734375,13948.7822265625,33.034286106936634
test,dropout030_relay_failure,no_task_support,no_task_support,none,none,3,60,no_task_support,results/intercept_3d_gate1_hardened_safety_no_task_support_5seed_fixed_update60_candidate/runs/multi_relation/bc_ppo_seed3/actor_critic_update_0060.pt,310096,96,checkpoint,100,straight,True,True,80,0.2,1.0,0.3,0,0.0,1,40,80,True,1.0,1.0,1.0,0.01408450746200454,0.23474178893465392,0.24413145826735966,46.99999998184577,0.0,0.0,0.0,142.0,43.0,142.0,1.0,102.0,102.0,102.0,0.0,1.0,0.0,142.0,0.0,0.15833333656191825,0.06041666846722364,11035.44550678092,11711.8583984375,2226.882080078125,909.5724487304688,4739.56591796875,11733.0146484375,34.22069372050464
test,dropout030_relay_failure,no_task_support,no_task_support,none,none,3,60,no_task_support,results/intercept_3d_gate1_hardened_safety_no_task_support_5seed_fixed_update60_candidate/runs/multi_relation/bc_ppo_seed3/actor_critic_update_0060.pt,310087,87,checkpoint,100,straight,True,True,80,0.2,1.0,0.3,0,0.0,1,40,80,True,1.0,1.0,1.0,0.015873016346068608,0.2471655382185566,0.23356009411568546,47.79024991311994,0.0,0.0,0.0,147.0,44.0,147.0,1.0,107.0,107.0,107.0,0.0,1.0,0.0,147.0,0.0,0.16666667051613332,0.05625000167638063,11167.304337066858,12691.79296875,1819.3033447265625,1183.2388916015625,4667.97998046875,9830.19140625,34.57500048074871
test,dropout030_relay_failure,no_task_support,no_task_support,none,none,3,60,no_task_support,results/intercept_3d_gate1_hardened_safety_no_task_support_5seed_fixed_update60_candidate/runs/multi_relation/bc_ppo_seed3/actor_critic_update_0060.pt,310076,76,checkpoint,100,straight,True,True,80,0.2,1.0,0.3,0,0.0,1,40,80,True,1.0,1.0,1.0,0.008830022338210352,0.22737307382735195,0.22516556567703652,49.22295846725931,0.0,0.0,0.0,151.0,148.0,151.0,1.0,111.0,111.0,111.0,0.0,1.0,0.0,151.0,0.0,0.11666666977107525,0.07083333544433117,11564.75591434706,12377.4306640625,2872.452880859375,631.6554565429688,4809.32470703125,8871.2890625,31.98183824121952
test,dropout030_relay_failure,no_task_support,no_task_support,none,none,3,60,no_task_support,results/intercept_3d_gate1_hardened_safety_no_task_support_5seed_fixed_update60_candidate/runs/multi_relation/bc_ppo_seed3/actor_critic_update_0060.pt,310064,64,checkpoint,100,straight,True,True,80,0.2,1.0,0.3,0,0.0,1,40,80,True,1.0,1.0,1.0,0.008771930085985284,0.2390350928824199,0.22697368666137518,50.53179865477509,0.0,0.0,0.0,152.0,149.0,152.0,1.0,112.0,112.0,112.0,0.0,1.0,0.0,152.0,0.0,0.14166666977107525,0.06250000186264515,11217.297607421875,11410.2529296875,2264.677978515625,874.9201049804688,4733.77587890625,10403.3212890625,33.145304108038545
test,dropout030_relay_failure,no_task_support,no_task_support,none,none,3,60,no_task_support,results/intercept_3d_gate1_hardened_safety_no_task_support_5seed_fixed_update60_candidate/runs/multi_relation/bc_ppo_seed3/actor_critic_update_0060.pt,310069,69,checkpoint,100,straight,True,True,80,0.2,1.0,0.3,0,0.0,1,40,80,True,1.0,1.0,1.0,0.008771930085985284,0.2587719361640905,0.25000000401939215,44.20175426943522,0.0,0.0,0.0,152.0,149.0,152.0,1.0,112.0,112.0,112.0,0.0,1.0,0.0,152.0,0.0,0.12916667014360428,0.07708333563059569,10744.368819387335,8815.3212890625,2184.39501953125,854.0838623046875,4697.99853515625,10513.447265625,38.989011062309146
test,dropout030_relay_failure,no_task_support,no_task_support,none,none,3,60,no_task_support,results/intercept_3d_gate1_hardened_safety_no_task_support_5seed_fixed_update60_candidate/runs/multi_relation/bc_ppo_seed3/actor_critic_update_0060.pt,310081,81,checkpoint,100,straight,True,True,80,0.2,1.0,0.3,0,0.0,1,40,80,True,1.0,1.0,1.0,0.008714597209606295,0.2505446682178896,0.22766884801044962,49.49346401157722,0.0,0.0,0.0,153.0,150.0,153.0,1.0,113.0,113.0,113.0,0.0,1.0,0.0,153.0,0.0,0.12500000298023223,0.05833333507180214,11670.841670815462,12435.2890625,2139.80126953125,566.6065673828125,4149.70263671875,7932.361328125,34.28780343197286
test,dropout030_relay_failure,no_task_support,no_task_support,none,none,3,60,no_task_support,results/intercept_3d_gate1_hardened_safety_no_task_support_5seed_fixed_update60_candidate/runs/multi_relation/bc_ppo_seed3/actor_critic_update_0060.pt,310095,95,checkpoint,100,straight,True,True,80,0.2,1.0,0.3,0,0.0,1,40,80,True,1.0,1.0,1.0,0.008714597209606295,0.25925926601185517,0.22331155028218538,50.07080617702864,0.0,0.0,0.0,153.0,150.0,153.0,1.0,113.0,113.0,113.0,0.0,1.0,0.0,153.0,0.0,0.11250000335276127,0.07083333544433117,11556.056433185253,11745.0888671875,2022.083740234375,692.2784423828125,4680.6552734375,9602.4931640625,36.051632527727634
test,dropout030_relay_failure,no_task_support,no_task_support,none,none,3,60,no_task_support,results/intercept_3d_gate1_hardened_safety_no_task_support_5seed_fixed_update60_candidate/runs/multi_relation/bc_ppo_seed3/actor_critic_update_0060.pt,310077,77,checkpoint,100,straight,True,True,80,0.2,1.0,0.3,0,0.0,1,40,80,True,1.0,1.0,1.0,0.008602150793998472,0.2881720514066758,0.21935484217059228,50.018279551690625,0.0,0.0,0.0,155.0,152.0,155.0,1.0,115.0,115.0,115.0,0.0,1.0,0.0,155.0,0.0,0.12083333693444728,0.07291666883975267,11884.260852444557,12704.8701171875,1311.4228515625,377.7141418457031,2816.376708984375,6764.513671875,38.038433394860476
test,dropout030_relay_failure,no_task_support,no_task_support,none,none,3,60,no_task_support,results/intercept_3d_gate1_hardened_safety_no_task_support_5seed_fixed_update60_candidate/runs/multi_relation/bc_ppo_seed3/actor_critic_update_0060.pt,310054,54,checkpoint,100,straight,True,True,80,0.2,1.0,0.3,0,0.0,1,40,80,True,1.0,1.0,1.0,0.010615711569026777,0.2335456528101757,0.21337579978499444,45.99044563588063,0.0,0.0,0.0,157.0,43.0,157.0,1.0,117.0,117.0,117.0,0.0,1.0,0.0,157.0,0.0,0.13333333618938922,0.07708333563059569,10762.955779446158,9354.0224609375,2049.44482421875,1142.0799560546875,4780.17236328125,10032.3017578125,35.2689968040213
test,dropout030_relay_failure,no_task_support,no_task_support,none,none,3,60,no_task_support,results/intercept_3d_gate1_hardened_safety_no_task_support_5seed_fixed_update60_candidate/runs/multi_relation/bc_ppo_seed3/actor_critic_update_0060.pt,310053,53,checkpoint,100,straight,True,True,80,0.2,1.0,0.3,0,0.0,1,40,80,True,1.0,1.0,1.0,0.00833333358168602,0.21250000577419997,0.2218750028871,53.5260410672985,0.0,0.0,0.0,160.0,157.0,160.0,1.0,120.0,120.0,120.0,0.0,1.0,0.0,160.0,0.0,0.14166667088866233,0.07500000223517418,11511.510090637206,12955.61328125,2630.932861328125,894.548095703125,4007.81640625,8431.2939453125,31.084922254551202
test,dropout030_relay_failure,no_task_support,no_task_support,none,none,3,60,no_task_support,results/intercept_3d_gate1_hardened_safety_no_task_support_5seed_fixed_update60_candidate/runs/multi_relation/bc_ppo_seed3/actor_critic_update_0060.pt,310071,71,checkpoint,100,straight,True,True,80,0.2,1.0,0.3,0,0.0,1,40,80,True,1.0,1.0,1.0,0.008080808321634929,0.33939394788308574,0.20909091234207153,53.98484907186393,0.0,0.0,0.0,165.0,162.0,165.0,1.0,125.0,125.0,125.0,0.0,1.0,0.0,165.0,0.0,0.1500000037252903,0.07291666883975267,11422.832630504261,12095.4814453125,2101.029296875,965.307373046875,2649.4228515625,6884.7451171875,41.81600930914283
test,dropout030_relay_failure,no_task_support,no_task_support,none,none,3,60,no_task_support,results/intercept_3d_gate1_hardened_safety_no_task_support_5seed_fixed_update60_candidate/runs/multi_relation/bc_ppo_seed3/actor_critic_update_0060.pt,310094,94,checkpoint,100,straight,True,True,80,0.2,1.0,0.3,0,0.0,1,40,80,True,1.0,1.0,1.0,0.011976048261105657,0.3173652769562727,0.21956088193162474,53.53393272172191,0.0,0.0,0.0,167.0,44.0,167.0,1.0,127.0,127.0,127.0,0.0,1.0,0.0,167.0,0.0,0.15000000260770321,0.07500000223517418,11316.037694142964,10671.1201171875,1870.510009765625,752.5587768554688,1870.510009765625,5940.65576171875,44.49766285298392
test,dropout030_relay_failure,no_task_support,no_task_support,none,none,3,60,no_task_support,results/intercept_3d_gate1_hardened_safety_no_task_support_5seed_fixed_update60_candidate/runs/multi_relation/bc_ppo_seed3/actor_critic_update_0060.pt,310052,52,checkpoint,100,straight,True,True,80,0.2,1.0,0.3,0,0.0,1,40,80,True,1.0,1.0,1.0,0.013565891877163288,0.33720931046923924,0.24031008052271466,45.98643434454882,0.0,0.0,0.0,172.0,43.0,172.0,1.0,132.0,132.0,132.0,0.0,1.0,0.0,172.0,0.0,0.12083333507180213,0.07291666883975267,10815.552566883176,8648.2783203125,2110.91943359375,1259.7926025390625,2652.0380859375,6307.41552734375,49.66525867162272
test,dropout030_relay_failure,no_task_support,no_task_support,none,none,3,60,no_task_support,results/intercept_3d_gate1_hardened_safety_no_task_support_5seed_fixed_update60_candidate/runs/multi_relation/bc_ppo_seed3/actor_critic_update_0060.pt,310097,97,checkpoint,100,straight,True,True,80,0.2,1.0,0.3,0,0.0,1,40,80,True,1.0,1.0,1.0,0.007532956909998662,0.22975518440796158,0.22787194290740342,57.06779704870141,0.0,0.0,0.0,177.0,174.0,177.0,1.0,137.0,137.0,137.0,0.0,1.0,0.0,177.0,0.0,0.11666666939854622,0.06458333525806666,12214.247322729077,15104.0859375,2458.496826171875,1345.123779296875,3150.763427734375,5323.6552734375,30.23304367036326
test,dropout030_relay_failure,no_task_support,no_task_support,none,none,3,60,no_task_support,results/intercept_3d_gate1_hardened_safety_no_task_support_5seed_fixed_update60_candidate/runs/multi_relation/bc_ppo_seed3/actor_critic_update_0060.pt,310056,56,checkpoint,100,straight,True,True,80,0.2,1.0,0.3,0,0.0,1,40,80,True,1.0,1.0,1.0,0.007326007544339358,0.21062271558976436,0.206959710589477,58.27930404827163,0.0,0.0,0.0,182.0,179.0,182.0,1.0,142.0,142.0,142.0,0.0,1.0,0.0,182.0,0.0,0.07083333469927311,0.06250000186264515,12385.963891333276,13426.4296875,2731.055908203125,714.9713134765625,2776.04296875,5355.52685546875,29.973044487647712
test,dropout030_relay_failure,no_task_support,no_task_support,none,none,3,60,no_task_support,results/intercept_3d_gate1_hardened_safety_no_task_support_5seed_fixed_update60_candidate/runs/multi_relation/bc_ppo_seed3/actor_critic_update_0060.pt,310079,79,checkpoint,100,straight,True,True,80,0.2,1.0,0.3,0,0.0,1,40,80,True,1.0,1.0,1.0,0.01261261298849776,0.2864864934135128,0.238738743034569,56.87297287083961,0.0,0.0,0.0,185.0,42.0,185.0,1.0,145.0,145.0,145.0,0.0,1.0,0.0,185.0,0.0,0.11666666865348815,0.06666666865348816,11810.943025496199,13684.6865234375,1951.353515625,789.782958984375,4778.1220703125,2758.63623046875,40.44341898616403
test,dropout030_relay_failure,no_task_support,no_task_support,none,none,3,60,no_task_support,results/intercept_3d_gate1_hardened_safety_no_task_support_5seed_fixed_update60_candidate/runs/multi_relation/bc_ppo_seed3/actor_critic_update_0060.pt,310057,57,checkpoint,100,straight,True,True,80,0.2,1.0,0.3,0,0.0,1,40,80,True,1.0,1.0,1.0,0.008960573743748408,0.22939068655813893,0.20519713560740152,60.466845238881724,0.0,0.0,0.0,186.0,43.0,186.0,1.0,146.0,146.0,146.0,0.0,1.0,0.0,186.0,0.0,0.09583333544433117,0.07708333563059569,11742.455626785115,11748.953125,2334.5029296875,930.2600708007812,2498.088134765625,6630.33642578125,33.72440728638321
test,dropout030_relay_failure,no_task_support,no_task_support,none,none,3,60,no_task_support,results/intercept_3d_gate1_hardened_safety_no_task_support_5seed_fixed_update60_candidate/runs/multi_relation/bc_ppo_seed3/actor_critic_update_0060.pt,310055,55,checkpoint,100,straight,True,True,80,0.2,1.0,0.3,0,0.0,1,40,80,True,0.0,0.0,0.0,0.0,0.13974359322052735,0.1750000033241052,76.825000115484,0.0,1.0,0.0,260.0,-1.0,-1.0,0.0,220.0,220.0,-1.0,0.0,0.0,1.0,-1.0,0.0,0.06250000186264515,0.05416666828095913,11030.922794283353,16493.6484375,982.7747192382812,468.3771667480469,5454.25048828125,15706.5205078125,14.710916323587298
test,dropout030_relay_failure,no_task_support,no_task_support,none,none,3,60,no_task_support,results/intercept_3d_gate1_hardened_safety_no_task_support_5seed_fixed_update60_candidate/runs/multi_relation/bc_ppo_seed3/actor_critic_update_0060.pt,310062,62,checkpoint,100,straight,True,True,80,0.2,1.0,0.3,0,0.0,1,40,80,True,0.0,0.0,0.0,0.0,0.1205128231873879,0.14102564333723142,76.23653877153993,0.0,1.0,0.0,260.0,-1.0,-1.0,0.0,220.0,220.0,-1.0,0.0,0.0,1.0,-1.0,0.0,0.11250000260770321,0.06250000186264515,15818.148905123197,17269.630859375,1817.7950439453125,1181.450927734375,6834.79736328125,9754.5732421875,8.0184809230268
test,dropout030_relay_failure,no_task_support,no_task_support,none,none,3,60,no_task_support,results/intercept_3d_gate1_hardened_safety_no_task_support_5seed_fixed_update60_candidate/runs/multi_relation/bc_ppo_seed3/actor_critic_update_0060.pt,310063,63,checkpoint,100,straight,True,True,80,0.2,1.0,0.3,0,0.0,1,40,80,True,0.0,0.0,1.0,0.0025641026405187756,0.1551282083758941,0.17435897749203902,78.26987209463348,0.0,1.0,0.0,260.0,44.0,-1.0,0.0,220.0,220.0,-1.0,0.0,0.0,1.0,-1.0,0.0,0.17083333656191826,0.07291666883975267,12406.700496732272,16686.427734375,1964.9764404296875,855.2363891601562,8659.1884765625,17646.419921875,15.429734653327614
test,dropout030_relay_failure,no_task_support,no_task_support,none,none,3,60,no_task_support,results/intercept_3d_gate1_hardened_safety_no_task_support_5seed_fixed_update60_candidate/runs/multi_relation/bc_ppo_seed3/actor_critic_update_0060.pt,310066,66,checkpoint,100,straight,True,True,80,0.2,1.0,0.3,0,0.0,1,40,80,True,0.0,0.0,1.0,0.0012820513202593878,0.12307692571328237,0.1980769267449012,61.98012848255726,0.0,1.0,0.0,260.0,42.0,-1.0,0.0,220.0,220.0,-1.0,0.0,0.0,1.0,-1.0,0.0,0.10000000186264515,0.07500000223517418,16529.077363469052,19099.0078125,1535.349609375,1698.85546875,8455.8935546875,12719.4267578125,12.061575934290886
test,dropout030_relay_failure,no_task_support,no_task_support,none,none,3,60,no_task_support,results/intercept_3d_gate1_hardened_safety_no_task_support_5seed_fixed_update60_candidate/runs/multi_relation/bc_ppo_seed3/actor_critic_update_0060.pt,310070,70,checkpoint,100,straight,True,True,80,0.2,1.0,0.3,0,0.0,1,40,80,True,0.0,0.0,0.0,0.0,0.1205128237605095,0.198076927031462,62.57243590893654,0.0,1.0,0.0,260.0,-1.0,-1.0,0.0,220.0,220.0,-1.0,0.0,0.0,1.0,-1.0,0.0,0.09583333618938923,0.07708333563059569,16519.80232872596,18354.47265625,1536.310791015625,895.9883422851562,7420.92578125,12816.7080078125,11.584735115990043
test,dropout030_relay_failure,no_task_support,no_task_support,none,none,3,60,no_task_support,results/intercept_3d_gate1_hardened_safety_no_task_support_5seed_fixed_update60_candidate/runs/multi_relation/bc_ppo_seed3/actor_critic_update_0060.pt,310075,75,checkpoint,100,straight,True,True,80,0.2,1.0,0.3,0,0.0,1,40,80,True,0.0,0.0,1.0,0.0025641026405187756,0.16025641377155597,0.1570512843819765,81.2102569951461,0.0,1.0,0.0,260.0,43.0,-1.0,0.0,220.0,220.0,-1.0,0.0,0.0,1.0,-1.0,0.0,0.14583333618938923,0.06666666865348816,17220.0932025616,31919.265625,645.878662109375,1094.1773681640625,10033.310546875,19408.23046875,1.7725491346791387
test,dropout030_relay_failure,no_task_support,no_task_support,none,none,3,60,no_task_support,results/intercept_3d_gate1_hardened_safety_no_task_support_5seed_fixed_update60_candidate/runs/multi_relation/bc_ppo_seed3/actor_critic_update_0060.pt,310080,80,checkpoint,100,straight,True,True,80,0.2,1.0,0.3,0,0.0,1,40,80,True,0.0,0.0,1.0,0.0012820513202593878,0.09743589907884598,0.17435897754935117,83.22307671921757,0.0,1.0,0.0,260.0,44.0,-1.0,0.0,220.0,220.0,-1.0,0.0,0.0,1.0,-1.0,0.0,0.08333333432674409,0.06666666865348816,13770.799735201323,19528.947265625,2612.71826171875,228.77377319335938,7394.80859375,10021.90234375,4.6808712892234325
test,dropout030_relay_failure,no_task_support,no_task_support,none,none,3,60,no_task_support,results/intercept_3d_gate1_hardened_safety_no_task_support_5seed_fixed_update60_candidate/runs/multi_relation/bc_ppo_seed3/actor_critic_update_0060.pt,310082,82,checkpoint,100,straight,True,True,80,0.2,1.0,0.3,0,0.0,1,40,80,True,0.0,0.0,1.0,0.003846153960778163,0.08205128369423059,0.18333333661923043,76.48525697107499,0.0,1.0,0.0,260.0,136.0,-1.0,0.0,220.0,220.0,-1.0,0.0,0.0,1.0,-1.0,0.0,0.07916666865348816,0.05625000167638063,10896.227919358473,15802.6591796875,655.738525390625,522.7290649414062,7664.689453125,16840.66015625,8.719286436215043
test,dropout030_relay_failure,no_task_support,no_task_support,none,none,3,60,no_task_support,results/intercept_3d_gate1_hardened_safety_no_task_support_5seed_fixed_update60_candidate/runs/multi_relation/bc_ppo_seed3/actor_critic_update_0060.pt,310083,83,checkpoint,100,straight,True,True,80,0.2,1.0,0.3,0,0.0,1,40,80,True,0.0,0.0,0.0,0.0,0.153846157514132,0.1647435924754693,80.50512803374575,0.0,1.0,0.0,260.0,-1.0,-1.0,0.0,220.0,220.0,-1.0,0.0,0.0,1.0,-1.0,0.0,0.1500000037252903,0.06458333525806666,12863.626574707032,15955.74609375,2636.681640625,911.0101928710938,4626.57666015625,18885.138671875,13.871609559515491
test,dropout030_relay_failure,no_task_support,no_task_support,none,none,3,60,no_task_support,results/intercept_3d_gate1_hardened_safety_no_task_support_5seed_fixed_update60_candidate/runs/multi_relation/bc_ppo_seed3/actor_critic_update_0060.pt,310088,88,checkpoint,100,straight,True,True,80,0.2,1.0,0.3,0,0.0,1,40,80,True,0.0,0.0,0.0,0.0,0.10641025935228055,0.17820513110894423,73.5006409670298,0.0,1.0,0.0,260.0,-1.0,-1.0,0.0,220.0,220.0,-1.0,0.0,0.0,1.0,-1.0,0.0,0.10416666977107525,0.07083333544433117,17094.032930814305,18490.333984375,1194.2763671875,1329.427001953125,10545.8701171875,12622.412109375,9.456932404777035
test,dropout030_relay_failure,no_task_support,no_task_support,none,none,3,60,no_task_support,results/intercept_3d_gate1_hardened_safety_no_task_support_5seed_fixed_update60_candidate/runs/multi_relation/bc_ppo_seed3/actor_critic_update_0060.pt,310089,89,checkpoint,100,straight,True,True,80,0.2,1.0,0.3,0,0.0,1,40,80,True,0.0,0.0,1.0,0.003846153960778163,0.14358974672280825,0.12435897657504448,95.53397442985039,0.0,1.0,0.0,260.0,44.0,-1.0,0.0,220.0,220.0,-1.0,0.0,0.0,1.0,-1.0,0.0,0.10000000149011612,0.07291666883975267,13114.866400615985,17679.861328125,1726.23486328125,559.8816528320312,9115.40234375,18507.2890625,10.732588166778442
test,dropout030_relay_failure,no_task_support,no_task_support,none,none,3,60,no_task_support,results/intercept_3d_gate1_hardened_safety_no_task_support_5seed_fixed_update60_candidate/runs/multi_relation/bc_ppo_seed3/actor_critic_update_0060.pt,310091,91,checkpoint,100,straight,True,True,80,0.2,1.0,0.3,0,0.0,1,40,80,True,0.0,0.0,1.0,0.005128205281037551,0.17692308104955234,0.16089743874393977,80.32179432299274,0.0,1.0,0.0,260.0,42.0,-1.0,0.0,220.0,220.0,-1.0,0.0,0.0,1.0,-1.0,0.0,0.10000000149011612,0.05833333507180214,12475.004711914062,13758.2578125,1127.117431640625,961.9334716796875,1127.117431640625,13075.7001953125,18.538442441029474
test,dropout030_relay_failure,no_task_support,no_task_support,none,none,3,60,no_task_support,results/intercept_3d_gate1_hardened_safety_no_task_support_5seed_fixed_update60_candidate/runs/multi_relation/bc_ppo_seed3/actor_critic_update_0060.pt,310092,92,checkpoint,100,straight,True,True,80,0.2,1.0,0.3,0,0.0,1,40,80,True,0.0,0.0,0.0,0.0,0.10897436153430205,0.17500000326679302,73.83589712771085,0.0,1.0,0.0,260.0,-1.0,-1.0,0.0,220.0,220.0,-1.0,0.0,0.0,1.0,-1.0,0.0,0.12500000335276126,0.07500000223517418,16910.24214430589,17833.9921875,891.3592529296875,1664.68212890625,9883.5888671875,10372.328125,9.816708635305986
test,dropout030_relay_failure,no_task_support,no_task_support,none,none,4,60,no_task_support,results/intercept_3d_gate1_hardened_safety_no_task_support_5seed_fixed_update60_candidate/runs/multi_relation/bc_ppo_seed4/actor_critic_update_0060.pt,310000,0,checkpoint,100,straight,True,True,80,0.2,1.0,0.3,0,0.0,1,40,80,True,0.0,0.0,0.0,0.0,0.05000000149011612,0.1955128240470703,66.86025626286865,0.0,1.0,0.0,260.0,-1.0,-1.0,0.0,220.0,220.0,-1.0,0.0,0.0,1.0,-1.0,0.0,0.0,0.03333333432674408,10568.55943697416,12880.3330078125,4193.029296875,1270.9259033203125,8947.9580078125,5522.4482421875,5.111862533725798
test,dropout030_relay_failure,no_task_support,no_task_support,none,none,4,60,no_task_support,results/intercept_3d_gate1_hardened_safety_no_task_support_5seed_fixed_update60_candidate/runs/multi_relation/bc_ppo_seed4/actor_critic_update_0060.pt,310001,1,checkpoint,100,straight,True,True,80,0.2,1.0,0.3,0,0.0,1,40,80,True,0.0,0.0,0.0,0.0,0.05769230941167244,0.2051282087770792,65.56217972550255,0.0,1.0,0.0,260.0,-1.0,-1.0,0.0,220.0,220.0,-1.0,0.0,0.0,1.0,-1.0,0.0,0.0,0.03541666772216558,10551.38017953726,12030.5849609375,4044.187255859375,1908.64111328125,6421.12744140625,3761.600341796875,6.96549563924782
test,dropout030_relay_failure,no_task_support,no_task_support,none,none,4,60,no_task_support,results/intercept_3d_gate1_hardened_safety_no_task_support_5seed_fixed_update60_candidate/runs/multi_relation/bc_ppo_seed4/actor_critic_update_0060.pt,310002,2,checkpoint,100,straight,True,True,80,0.2,1.0,0.3,0,0.0,1,40,80,True,0.0,0.0,0.0,0.0,0.07564102789530387,0.21410256864932867,63.5500000919287,0.0,1.0,0.0,260.0,-1.0,-1.0,0.0,220.0,220.0,-1.0,0.0,0.0,1.0,-1.0,0.0,0.00833333358168602,0.03750000111758709,10283.28974609375,11655.2001953125,1675.51220703125,1597.8675537109375,2952.07861328125,6795.63525390625,10.172584038693458
test,dropout030_relay_failure,no_task_support,no_task_support,none,none,4,60,no_task_support,results/intercept_3d_gate1_hardened_safety_no_task_support_5seed_fixed_update60_candidate/runs/multi_relation/bc_ppo_seed4/actor_critic_update_0060.pt,310003,3,checkpoint,100,straight,True,True,80,0.2,1.0,0.3,0,0.0,1,40,80,True,0.0,0.0,0.0,0.0,0.025641026405187752,0.21538461859409624,67.38012819456367,0.0,1.0,0.0,260.0,-1.0,-1.0,0.0,220.0,220.0,-1.0,0.0,0.0,1.0,-1.0,0.0,0.0,0.05416666828095913,11708.325287334736,16145.6220703125,3354.5703125,1532.1568603515625,14693.943359375,7704.44482421875,1.5351433095056564
test,dropout030_relay_failure,no_task_support,no_task_support,none,none,4,60,no_task_support,results/intercept_3d_gate1_hardened_safety_no_task_support_5seed_fixed_update60_candidate/runs/multi_relation/bc_ppo_seed4/actor_critic_update_0060.pt,310004,4,checkpoint,100,straight,True,True,80,0.2,1.0,0.3,0,0.0,1,40,80,True,0.0,0.0,0.0,0.0,0.029487180365965916,0.21858974769711495,61.94102533602944,0.0,1.0,0.0,260.0,-1.0,-1.0,0.0,220.0,220.0,-1.0,0.0,0.0,1.0,-1.0,0.0,0.0,0.02916666753590107,10625.509923377404,14013.640625,3869.574951171875,2416.4384765625,10903.521484375,5236.60888671875,3.7363924894016236
test,dropout030_relay_failure,no_task_support,no_task_support,none,none,4,60,no_task_support,results/intercept_3d_gate1_hardened_safety_no_task_support_5seed_fixed_update60_candidate/runs/multi_relation/bc_ppo_seed4/actor_critic_update_0060.pt,310005,5,checkpoint,100,straight,True,True,80,0.2,1.0,0.3,0,0.0,1,40,80,True,0.0,0.0,0.0,0.0,0.02692307772544714,0.21282051687057202,62.97692346492639,0.0,1.0,0.0,260.0,-1.0,-1.0,0.0,220.0,220.0,-1.0,0.0,0.0,1.0,-1.0,0.0,0.0,0.04583333469927311,10614.37650428185,13370.3310546875,4776.755859375,2081.31982421875,7950.09765625,5673.71142578125,3.676188804442063
test,dropout030_relay_failure,no_task_support,no_task_support,none,none,4,60,no_task_support,results/intercept_3d_gate1_hardened_safety_no_task_support_5seed_fixed_update60_candidate/runs/multi_relation/bc_ppo_seed4/actor_critic_update_0060.pt,310006,6,checkpoint,100,straight,True,True,80,0.2,1.0,0.3,0,0.0,1,40,80,True,0.0,0.0,0.0,0.0,0.03333333432674408,0.17371795183190933,71.53846158110179,0.0,1.0,0.0,260.0,-1.0,-1.0,0.0,220.0,220.0,-1.0,0.0,0.0,1.0,-1.0,0.0,0.00833333358168602,0.03541666772216558,11577.023435621995,16364.0732421875,2519.55078125,1011.3701171875,14069.7099609375,7889.60986328125,-0.19686719845049083
test,dropout030_relay_failure,no_task_support,no_task_support,none,none,4,60,no_task_support,results/intercept_3d_gate1_hardened_safety_no_task_support_5seed_fixed_update60_candidate/runs/multi_relation/bc_ppo_seed4/actor_critic_update_0060.pt,310007,7,checkpoint,100,straight,True,True,80,0.2,1.0,0.3,0,0.0,1,40,80,True,0.0,0.0,0.0,0.0,0.030769231686225303,0.23205128621596557,60.897436108038974,0.0,1.0,0.0,260.0,-1.0,-1.0,0.0,220.0,220.0,-1.0,0.0,0.0,1.0,-1.0,0.0,0.00416666679084301,0.03541666772216558,10354.732112004207,10164.9912109375,2387.058837890625,1124.4208984375,2387.058837890625,3789.605224609375,7.1394151414278895
test,dropout030_relay_failure,no_task_support,no_task_support,none,none,4,60,no_task_support,results/intercept_3d_gate1_hardened_safety_no_task_support_5seed_fixed_update60_candidate/runs/multi_relation/bc_ppo_seed4/actor_critic_update_0060.pt,310008,8,checkpoint,100,straight,True,True,80,0.2,1.0,0.3,0,0.0,1,40,80,True,0.0,0.0,0.0,0.0,0.05512820677115367,0.20064102927079566,69.36410254331736,0.0,1.0,0.0,260.0,-1.0,-1.0,0.0,220.0,220.0,-1.0,0.0,0.0,1.0,-1.0,0.0,0.0,0.03541666772216558,10561.191958383413,11191.7568359375,3255.233154296875,1200.6072998046875,3472.183349609375,8190.59033203125,6.6969199914019555
test,dropout030_relay_failure,no_task_support,no_task_support,none,none,4,60,no_task_support,results/intercept_3d_gate1_hardened_safety_no_task_support_5seed_fixed_update60_candidate/runs/multi_relation/bc_ppo_seed4/actor_critic_update_0060.pt,310009,9,checkpoint,100,straight,True,True,80,0.2,1.0,0.3,0,0.0,1,40,80,True,0.0,0.0,0.0,0.0,0.032051283006484695,0.21666667140447177,60.325640869083315,0.0,1.0,0.0,260.0,-1.0,-1.0,0.0,220.0,220.0,-1.0,0.0,0.0,1.0,-1.0,0.0,0.00833333358168602,0.02916666753590107,10359.071313476563,10964.4638671875,1808.955810546875,1905.684814453125,1808.955810546875,4517.6435546875,5.9288530284538865
test,dropout030_relay_failure,no_task_support,no_task_support,none,none,4,60,no_task_support,results/intercept_3d_gate1_hardened_safety_no_task_support_5seed_fixed_update60_candidate/runs/multi_relation/bc_ppo_seed4/actor_critic_update_0060.pt,310010,10,checkpoint,100,straight,True,True,80,0.2,1.0,0.3,0,0.0,1,40,80,True,0.0,0.0,0.0,0.0,0.04102564224830041,0.1852564135996195,72.68782028636107,0.0,1.0,0.0,260.0,-1.0,-1.0,0.0,220.0,220.0,-1.0,0.0,0.0,1.0,-1.0,0.0,0.02500000074505806,0.03958333451300859,11127.590501051684,14476.859375,4303.68701171875,819.3456420898438,13585.4697265625,7826.94580078125,2.815144519205205
test,dropout030_relay_failure,no_task_support,no_task_support,none,none,4,60,no_task_support,results/intercept_3d_gate1_hardened_safety_no_task_support_5seed_fixed_update60_candidate/runs/multi_relation/bc_ppo_seed4/actor_critic_update_0060.pt,310011,11,checkpoint,100,straight,True,True,80,0.2,1.0,0.3,0,0.0,1,40,80,True,0.0,0.0,0.0,0.0,0.029487180365965916,0.22179487582582694,61.798717539872115,0.0,1.0,0.0,260.0,-1.0,-1.0,0.0,220.0,220.0,-1.0,0.0,0.0,1.0,-1.0,0.0,0.0,0.03750000111758709,10411.083503605769,12878.5244140625,4663.68359375,2173.45556640625,8821.2529296875,5104.9033203125,4.8046720973216
test,dropout030_relay_failure,no_task_support,no_task_support,none,none,4,60,no_task_support,results/intercept_3d_gate1_hardened_safety_no_task_support_5seed_fixed_update60_candidate/runs/multi_relation/bc_ppo_seed4/actor_critic_update_0060.pt,310012,12,checkpoint,100,straight,True,True,80,0.2,1.0,0.3,0,0.0,1,40,80,True,0.0,0.0,0.0,0.0,0.0730769252547851,0.17884615676907392,71.6762819397908,0.0,1.0,0.0,260.0,-1.0,-1.0,0.0,220.0,220.0,-1.0,0.0,0.0,1.0,-1.0,0.0,0.0,0.031250000931322575,11039.330256535457,12236.0498046875,3695.92041015625,1250.68603515625,3903.493896484375,7893.947265625,6.7145588058047
test,dropout030_relay_failure,no_task_support,no_task_support,none,none,4,60,no_task_support,results/intercept_3d_gate1_hardened_safety_no_task_support_5seed_fixed_update60_candidate/runs/multi_relation/bc_ppo_seed4/actor_critic_update_0060.pt,310013,13,checkpoint,100,straight,True,True,80,0.2,1.0,0.3,0,0.0,1,40,80,True,0.0,0.0,0.0,0.0,0.05256410413063489,0.19807692680221337,68.04743602390472,0.0,1.0,0.0,260.0,-1.0,-1.0,0.0,220.0,220.0,-1.0,0.0,0.0,1.0,-1.0,0.0,0.0,0.03541666772216558,10880.893584735577,11587.46484375,3454.024169921875,1303.232421875,5325.798828125,7237.89697265625,6.483677486423403
test,dropout030_relay_failure,no_task_support,no_task_support,none,none,4,60,no_task_support,results/intercept_3d_gate1_hardened_safety_no_task_support_5seed_fixed_update60_candidate/runs/multi_relation/bc_ppo_seed4/actor_critic_update_0060.pt,310014,14,checkpoint,100,straight,True,True,80,0.2,1.0,0.3,0,0.0,1,40,80,True,0.0,0.0,0.0,0.0,0.028205129045706528,0.21730769626223123,64.00384577994163,0.0,1.0,0.0,260.0,-1.0,-1.0,0.0,220.0,220.0,-1.0,0.0,0.0,1.0,-1.0,0.0,0.0,0.04583333469927311,10273.171798001802,11652.1689453125,4869.94677734375,2258.28955078125,7741.95166015625,5075.2646484375,4.952860602643341
test,dropout030_relay_failure,no_task_support,no_task_support,none,none,4,60,no_task_support,results/intercept_3d_gate1_hardened_safety_no_task_support_5seed_fixed_update60_candidate/runs/multi_relation/bc_ppo_seed4/actor_critic_update_0060.pt,310015,15,checkpoint,100,straight,True,True,80,0.2,1.0,0.3,0,0.0,1,40,80,True,0.0,0.0,0.0,0.0,0.08205128449660082,0.21410256796158278,64.34679486333178,0.0,1.0,0.0,260.0,-1.0,-1.0,0.0,220.0,220.0,-1.0,0.0,0.0,1.0,-1.0,0.0,0.00833333358168602,0.03958333451300859,12918.589259690505,19394.7890625,608.9830932617188,1840.7073974609375,6192.7958984375,6430.2431640625,6.3322001388296485
test,dropout030_relay_failure,no_task_support,no_task_support,none,none,4,60,no_task_support,results/intercept_3d_gate1_hardened_safety_no_task_support_5seed_fixed_update60_candidate/runs/multi_relation/bc_ppo_seed4/actor_critic_update_0060.pt,310016,16,checkpoint,100,straight,True,True,80,0.2,1.0,0.3,0,0.0,1,40,80,True,0.0,0.0,0.0,0.0,0.056410258091413056,0.19935897789322413,67.75833329042563,0.0,1.0,0.0,260.0,-1.0,-1.0,0.0,220.0,220.0,-1.0,0.0,0.0,1.0,-1.0,0.0,0.0,0.03958333451300859,10474.363559194711,12576.73046875,4642.13720703125,1399.0712890625,9140.6083984375,5399.10693359375,6.10005802847445
test,dropout030_relay_failure,no_task_support,no_task_support,none,none,4,60,no_task_support,results/intercept_3d_gate1_hardened_safety_no_task_support_5seed_fixed_update60_candidate/runs/multi_relation/bc_ppo_seed4/actor_critic_update_0060.pt,310017,17,checkpoint,100,straight,True,True,80,0.2,1.0,0.3,0,0.0,1,40,80,True,0.0,0.0,0.0,0.0,0.08461538713711958,0.21538461945377863,63.42243590773298,0.0,1.0,0.0,260.0,-1.0,-1.0,0.0,220.0,220.0,-1.0,0.0,0.0,1.0,-1.0,0.0,0.00833333358168602,0.03750000111758709,10328.620853365384,12529.2666015625,3011.88037109375,1308.5028076171875,5784.07763671875,5088.71435546875,9.87295497651212
test,dropout030_relay_failure,no_task_support,no_task_support,none,none,4,60,no_task_support,results/intercept_3d_gate1_hardened_safety_no_task_support_5seed_fixed_update60_candidate/runs/multi_relation/bc_ppo_seed4/actor_critic_update_0060.pt,310018,18,checkpoint,100,straight,True,True,80,0.2,1.0,0.3,0,0.0,1,40,80,True,0.0,0.0,0.0,0.0,0.08205128449660082,0.2250000044130362,59.76794899724997,0.0,1.0,0.0,260.0,-1.0,-1.0,0.0,220.0,220.0,-1.0,0.0,0.0,1.0,-1.0,0.0,0.0,0.05625000167638063,13543.252830153246,20918.357421875,460.04669189453125,1753.466064453125,6782.9794921875,9392.1025390625,6.311615807469934
test,dropout030_relay_failure,no_task_support,no_task_support,none,none,4,60,no_task_support,results/intercept_3d_gate1_hardened_safety_no_task_support_5seed_fixed_update60_candidate/runs/multi_relation/bc_ppo_seed4/actor_critic_update_0060.pt,310019,19,checkpoint,100,straight,True,True,80,0.2,1.0,0.3,0,0.0,1,40,80,True,0.0,0.0,0.0,0.0,0.037179488287522246,0.19294872094805424,70.83333341737206,0.0,1.0,0.0,260.0,-1.0,-1.0,0.0,220.0,220.0,-1.0,0.0,0.0,1.0,-1.0,0.0,0.01250000037252903,0.052083334885537624,11066.793060772236,15174.703125,3700.1650390625,1272.5428466796875,11629.912109375,7211.23828125,2.2887793323025107
test,dropout030_relay_failure,no_task_support,no_task_support,none,none,4,60,no_task_support,results/intercept_3d_gate1_hardened_safety_no_task_support_5seed_fixed_update60_candidate/runs/multi_relation/bc_ppo_seed4/actor_critic_update_0060.pt,310020,20,checkpoint,100,straight,True,True,80,0.2,1.0,0.3,0,0.0,1,40,80,True,0.0,0.0,0.0,0.0,0.17820513351605488,0.21410256784695844,66.13782024079791,0.0,1.0,0.0,260.0,-1.0,-1.0,0.0,220.0,220.0,-1.0,0.0,0.0,1.0,-1.0,0.0,0.00833333358168602,0.03750000111758709,10528.330387995793,12833.8916015625,3954.568603515625,836.0131225585938,5170.39013671875,8898.375,17.894958714023232
test,dropout030_relay_failure,no_task_support,no_task_support,none,none,4,60,no_task_support,results/intercept_3d_gate1_hardened_safety_no_task_support_5seed_fixed_update60_candidate/runs/multi_relation/bc_ppo_seed4/actor_critic_update_0060.pt,310021,21,checkpoint,100,straight,True,True,80,0.2,1.0,0.3,0,0.0,1,40,80,True,0.0,0.0,0.0,0.0,0.025641026405187752,0.24679487571120262,58.98076939743299,0.0,1.0,0.0,260.0,-1.0,-1.0,0.0,220.0,220.0,-1.0,0.0,0.0,1.0,-1.0,0.0,0.0,0.05416666828095913,11429.245564152645,13459.8349609375,2849.9892578125,2295.164794921875,5589.80419921875,6886.11279296875,5.503317535389215
test,dropout030_relay_failure,no_task_support,no_task_support,none,none,4,60,no_task_support,results/intercept_3d_gate1_hardened_safety_no_task_support_5seed_fixed_update60_candidate/runs/multi_relation/bc_ppo_seed4/actor_critic_update_0060.pt,310022,22,checkpoint,100,straight,True,True,80,0.2,1.0,0.3,0,0.0,1,40,80,True,0.0,0.0,0.0,0.0,0.06923077129400694,0.20256410625118476,64.22628250511794,0.0,1.0,0.0,260.0,-1.0,-1.0,0.0,220.0,220.0,-1.0,0.0,0.0,1.0,-1.0,0.0,0.00416666679084301,0.04583333469927311,11094.1713285006,16401.763671875,3480.3994140625,1048.174072265625,10061.580078125,9238.5751953125,4.952041471609846
test,dropout030_relay_failure,no_task_support,no_task_support,none,none,4,60,no_task_support,results/intercept_3d_gate1_hardened_safety_no_task_support_5seed_fixed_update60_candidate/runs/multi_relation/bc_ppo_seed4/actor_critic_update_0060.pt,310023,23,checkpoint,100,straight,True,True,80,0.2,1.0,0.3,0,0.0,1,40,80,True,0.0,0.0,0.0,0.0,0.05256410413063489,0.21923077335724464,63.958974276081875,0.0,1.0,0.0,260.0,-1.0,-1.0,0.0,220.0,220.0,-1.0,0.0,0.0,1.0,-1.0,0.0,0.0,0.0416666679084301,11230.077279897836,13909.75390625,2985.2880859375,1322.6058349609375,5312.373046875,7345.197265625,5.814679709030315
test,dropout030_relay_failure,no_task_support,no_task_support,none,none,4,60,no_task_support,results/intercept_3d_gate1_hardened_safety_no_task_support_5seed_fixed_update60_candidate/runs/multi_relation/bc_ppo_seed4/actor_critic_update_0060.pt,310024,24,checkpoint,100,straight,True,True,80,0.2,1.0,0.3,0,0.0,1,40,80,True,0.0,0.0,0.0,0.0,0.04871795016985673,0.22243590119939585,63.75192356212781,0.0,1.0,0.0,260.0,-1.0,-1.0,0.0,220.0,220.0,-1.0,0.0,0.0,1.0,-1.0,0.0,0.00416666679084301,0.03541666772216558,11065.984788161059,16584.9609375,3917.47021484375,1301.9176025390625,9441.6962890625,10465.04296875,3.899954006075859
test,dropout030_relay_failure,no_task_support,no_task_support,none,none,4,60,no_task_support,results/intercept_3d_gate1_hardened_safety_no_task_support_5seed_fixed_update60_candidate/runs/multi_relation/bc_ppo_seed4/actor_critic_update_0060.pt,310025,25,checkpoint,100,straight,True,True,80,0.2,1.0,0.3,0,0.0,1,40,80,True,0.0,0.0,0.0,0.0,0.05000000149011612,0.2051282082612698,68.69230782120273,0.0,1.0,0.0,260.0,-1.0,-1.0,0.0,220.0,220.0,-1.0,0.0,0.0,1.0,-1.0,0.0,0.0,0.05625000167638063,11291.536553485577,12733.7470703125,3073.0634765625,1591.088134765625,5592.75732421875,8020.701171875,5.7293502723332494
test,dropout030_relay_failure,no_task_support,no_task_support,none,none,4,60,no_task_support,results/intercept_3d_gate1_hardened_safety_no_task_support_5seed_fixed_update60_candidate/runs/multi_relation/bc_ppo_seed4/actor_critic_update_0060.pt,310026,26,checkpoint,100,straight,True,True,80,0.2,1.0,0.3,0,0.0,1,40,80,True,0.0,0.0,0.0,0.0,0.033333334212119765,0.23333333805203438,62.24166700129326,0.0,1.0,0.0,260.0,-1.0,-1.0,0.0,220.0,220.0,-1.0,0.0,0.0,1.0,-1.0,0.0,0.0,0.03333333432674408,10410.281465970553,13492.1171875,3553.9951171875,1771.7745361328125,6461.74853515625,5000.96728515625,5.245502588804811
test,dropout030_relay_failure,no_task_support,no_task_support,none,none,4,60,no_task_support,results/intercept_3d_gate1_hardened_safety_no_task_support_5seed_fixed_update60_candidate/runs/multi_relation/bc_ppo_seed4/actor_critic_update_0060.pt,310027,27,checkpoint,100,straight,True,True,80,0.2,1.0,0.3,0,0.0,1,40,80,True,0.0,0.0,0.0,0.0,0.029487180365965916,0.2057692346091454,65.28589778364851,0.0,1.0,0.0,260.0,-1.0,-1.0,0.0,220.0,220.0,-1.0,0.0,0.0,1.0,-1.0,0.0,0.0,0.03750000111758709,11725.61192533053,13344.1533203125,3347.4619140625,1848.4830322265625,7964.87939453125,6497.95458984375,3.2448434554971755
test,dropout030_relay_failure,no_task_support,no_task_support,none,none,4,60,no_task_support,results/intercept_3d_gate1_hardened_safety_no_task_support_5seed_fixed_update60_candidate/runs/multi_relation/bc_ppo_seed4/actor_critic_update_0060.pt,310028,28,checkpoint,100,straight,True,True,80,0.2,1.0,0.3,0,0.0,1,40,80,True,0.0,0.0,0.0,0.0,0.1666666716337204,0.1788461565398253,73.4935896416123,0.0,1.0,0.0,260.0,-1.0,-1.0,0.0,220.0,220.0,-1.0,0.0,0.0,1.0,-1.0,0.0,0.00416666679084301,0.0416666679084301,10576.661130934495,11049.2236328125,4730.57177734375,1010.612060546875,5946.6904296875,7897.8212890625,16.435199984931387
test,dropout030_relay_failure,no_task_support,no_task_support,none,none,4,60,no_task_support,results/intercept_3d_gate1_hardened_safety_no_task_support_5seed_fixed_update60_candidate/runs/multi_relation/bc_ppo_seed4/actor_critic_update_0060.pt,310029,29,checkpoint,100,straight,True,True,80,0.2,1.0,0.3,0,0.0,1,40,80,True,0.0,0.0,0.0,0.0,0.05256410413063489,0.2333333373642885,62.09294908745931,0.0,1.0,0.0,260.0,-1.0,-1.0,0.0,220.0,220.0,-1.0,0.0,0.0,1.0,-1.0,0.0,0.0,0.03750000111758709,10231.684192833534,12801.3447265625,3926.3798828125,1528.641357421875,6924.52099609375,3201.740966796875,7.5377504953648895
test,dropout030_relay_failure,no_task_support,no_task_support,none,none,4,60,no_task_support,results/intercept_3d_gate1_hardened_safety_no_task_support_5seed_fixed_update60_candidate/runs/multi_relation/bc_ppo_seed4/actor_critic_update_0060.pt,310030,30,checkpoint,100,straight,True,True,80,0.2,1.0,0.3,0,0.0,1,40,80,True,0.0,0.0,0.0,0.0,0.04615384752933795,0.21666667060210154,65.0115385602873,0.0,1.0,0.0,260.0,-1.0,-1.0,0.0,220.0,220.0,-1.0,0.0,0.0,1.0,-1.0,0.0,0.00416666679084301,0.031250000931322575,10271.064347956732,11009.4423828125,1434.303955078125,1481.8389892578125,2211.757080078125,5245.6552734375,6.968254451174289
test,dropout030_relay_failure,no_task_support,no_task_support,none,none,4,60,no_task_support,results/intercept_3d_gate1_hardened_safety_no_task_support_5seed_fixed_update60_candidate/runs/multi_relation/bc_ppo_seed4/actor_critic_update_0060.pt,310031,31,checkpoint,100,straight,True,True,80,0.2,1.0,0.3,0,0.0,1,40,80,True,0.0,0.0,0.0,0.0,0.030769231686225303,0.2455128257091229,57.847435698772856,0.0,1.0,0.0,260.0,-1.0,-1.0,0.0,220.0,220.0,-1.0,0.0,0.0,1.0,-1.0,0.0,0.0,0.047916668094694616,10792.113683143029,15247.7294921875,3662.503173828125,2303.974609375,9821.98828125,5795.02099609375,4.950043834280223
test,dropout030_relay_failure,no_task_support,no_task_support,none,none,4,60,no_task_support,results/intercept_3d_gate1_hardened_safety_no_task_support_5seed_fixed_update60_candidate/runs/multi_relation/bc_ppo_seed4/actor_critic_update_0060.pt,310032,32,checkpoint,100,straight,True,True,80,0.2,1.0,0.3,0,0.0,1,40,80,True,0.0,0.0,0.0,0.0,0.023076923764668977,0.22243590148595663,63.8673078125486,0.0,1.0,0.0,260.0,-1.0,-1.0,0.0,220.0,220.0,-1.0,0.0,0.0,1.0,-1.0,0.0,0.0,0.04583333469927311,11029.844869290866,11910.8779296875,2317.46142578125,1818.7738037109375,2317.46142578125,5700.62890625,4.6460129240876995
test,dropout030_relay_failure,no_task_support,no_task_support,none,none,4,60,no_task_support,results/intercept_3d_gate1_hardened_safety_no_task_support_5seed_fixed_update60_candidate/runs/multi_relation/bc_ppo_seed4/actor_critic_update_0060.pt,310033,33,checkpoint,100,straight,True,True,80,0.2,1.0,0.3,0,0.0,1,40,80,True,0.0,0.0,0.0,0.0,0.03333333432674408,0.22243590154326878,61.08397456086599,0.0,1.0,0.0,260.0,-1.0,-1.0,0.0,220.0,220.0,-1.0,0.0,0.0,1.0,-1.0,0.0,0.01250000037252903,0.03958333451300859,10352.498600886418,10660.43359375,1119.615478515625,926.3972778320312,1119.615478515625,3764.5576171875,6.614660459803417
test,dropout030_relay_failure,no_task_support,no_task_support,none,none,4,60,no_task_support,results/intercept_3d_gate1_hardened_safety_no_task_support_5seed_fixed_update60_candidate/runs/multi_relation/bc_ppo_seed4/actor_critic_update_0060.pt,310034,34,checkpoint,100,straight,True,True,80,0.2,1.0,0.3,0,0.0,1,40,80,True,0.0,0.0,0.0,0.0,0.051282052810375504,0.2000000034387295,67.63397452195103,0.0,1.0,0.0,260.0,-1.0,-1.0,0.0,220.0,220.0,-1.0,0.0,0.0,1.0,-1.0,0.0,0.00416666679084301,0.03750000111758709,10452.712631460337,12106.4189453125,4819.537109375,1360.5374755859375,8364.8515625,5497.61328125,6.095206758705899
test,dropout030_relay_failure,no_task_support,no_task_support,none,none,4,60,no_task_support,results/intercept_3d_gate1_hardened_safety_no_task_support_5seed_fixed_update60_candidate/runs/multi_relation/bc_ppo_seed4/actor_critic_update_0060.pt,310035,35,checkpoint,100,straight,True,True,80,0.2,1.0,0.3,0,0.0,1,40,80,True,0.0,0.0,0.0,0.0,0.030769231686225303,0.20448718305963737,64.6519226358487,0.0,1.0,0.0,260.0,-1.0,-1.0,0.0,220.0,220.0,-1.0,0.0,0.0,1.0,-1.0,0.0,0.0,0.03333333432674408,10466.588007061298,13524.75390625,4183.19970703125,1259.3289794921875,10378.154296875,4439.7236328125,3.089225813280791
test,dropout030_relay_failure,no_task_support,no_task_support,none,none,4,60,no_task_support,results/intercept_3d_gate1_hardened_safety_no_task_support_5seed_fixed_update60_candidate/runs/multi_relation/bc_ppo_seed4/actor_critic_update_0060.pt,310036,36,checkpoint,100,straight,True,True,80,0.2,1.0,0.3,0,0.0,1,40,80,True,0.0,0.0,0.0,0.0,0.056410258091413056,0.19679487525270536,66.20128225540886,0.0,1.0,0.0,260.0,-1.0,-1.0,0.0,220.0,220.0,-1.0,0.0,0.0,1.0,-1.0,0.0,0.0,0.03333333432674408,10584.003393554687,11118.0751953125,3205.19921875,1755.8944091796875,5340.9208984375,2721.922119140625,7.144326045177877
test,dropout030_relay_failure,no_task_support,no_task_support,none,none,4,60,no_task_support,results/intercept_3d_gate1_hardened_safety_no_task_support_5seed_fixed_update60_candidate/runs/multi_relation/bc_ppo_seed4/actor_critic_update_0060.pt,310037,37,checkpoint,100,straight,True,True,80,0.2,1.0,0.3,0,0.0,1,40,80,True,0.0,0.0,0.0,0.0,0.04871795016985673,0.1750000026363593,76.13205071297976,0.0,1.0,0.0,260.0,-1.0,-1.0,0.0,220.0,220.0,-1.0,0.0,0.0,1.0,-1.0,0.0,0.01666666716337204,0.0416666679084301,11642.254360727164,12768.109375,3404.25634765625,798.4583740234375,9443.0400390625,9186.8564453125,3.950866671744734
test,dropout030_relay_failure,no_task_support,no_task_support,none,none,4,60,no_task_support,results/intercept_3d_gate1_hardened_safety_no_task_support_5seed_fixed_update60_candidate/runs/multi_relation/bc_ppo_seed4/actor_critic_update_0060.pt,310038,38,checkpoint,100,straight,True,True,80,0.2,1.0,0.3,0,0.0,1,40,80,True,0.0,0.0,0.0,0.0,0.02692307772544714,0.21794872175042446,62.693590064805285,0.0,1.0,0.0,260.0,-1.0,-1.0,0.0,220.0,220.0,-1.0,0.0,0.0,1.0,-1.0,0.0,0.0,0.022916667349636554,10584.588497220553,13407.60546875,4066.214599609375,2004.235595703125,11633.4140625,4605.44921875,3.7221077545545995
test,dropout030_relay_failure,no_task_support,no_task_support,none,none,4,60,no_task_support,results/intercept_3d_gate1_hardened_safety_no_task_support_5seed_fixed_update60_candidate/runs/multi_relation/bc_ppo_seed4/actor_critic_update_0060.pt,310039,39,checkpoint,100,straight,True,True,80,0.2,1.0,0.3,0,0.0,1,40,80,True,0.0,0.0,0.0,0.0,0.04102564224830041,0.21217949058000857,64.76089703297386,0.0,1.0,0.0,260.0,-1.0,-1.0,0.0,220.0,220.0,-1.0,0.0,0.0,1.0,-1.0,0.0,0.0,0.04375000130385161,10561.847671274038,12198.8232421875,4662.20947265625,1841.9627685546875,7287.57861328125,5222.33984375,5.680250475183129
test,dropout030_relay_failure,no_task_support,no_task_support,none,none,4,60,no_task_support,results/intercept_3d_gate1_hardened_safety_no_task_support_5seed_fixed_update60_candidate/runs/multi_relation/bc_ppo_seed4/actor_critic_update_0060.pt,310040,40,checkpoint,100,straight,True,True,80,0.2,1.0,0.3,0,0.0,1,40,80,True,0.0,0.0,0.0,0.0,0.025641026405187752,0.2448717995904959,59.555128183903605,0.0,1.0,0.0,260.0,-1.0,-1.0,0.0,220.0,220.0,-1.0,0.0,0.0,1.0,-1.0,0.0,0.0,0.03541666772216558,10658.22939828726,13605.1005859375,4544.13427734375,2176.752197265625,9106.9921875,6233.12890625,5.388009134447202
test,dropout030_relay_failure,no_task_support,no_task_support,none,none,4,60,no_task_support,results/intercept_3d_gate1_hardened_safety_no_task_support_5seed_fixed_update60_candidate/runs/multi_relation/bc_ppo_seed4/actor_critic_update_0060.pt,310041,41,checkpoint,100,straight,True,True,80,0.2,1.0,0.3,0,0.0,1,40,80,True,0.0,0.0,0.0,0.0,0.032051283006484695,0.22500000447034835,60.412179377331185,0.0,1.0,0.0,260.0,-1.0,-1.0,0.0,220.0,220.0,-1.0,0.0,0.0,1.0,-1.0,0.0,0.0,0.03750000111758709,10229.429415189303,12417.3916015625,4755.72119140625,1492.8177490234375,7409.31787109375,3962.599853515625,5.485731758410111
test,dropout030_relay_failure,no_task_support,no_task_support,none,none,4,60,no_task_support,results/intercept_3d_gate1_hardened_safety_no_task_support_5seed_fixed_update60_candidate/runs/multi_relation/bc_ppo_seed4/actor_critic_update_0060.pt,310042,42,checkpoint,100,straight,True,True,80,0.2,1.0,0.3,0,0.0,1,40,80,True,0.0,0.0,0.0,0.0,0.032051283006484695,0.21282051709982064,63.67179452008926,0.0,1.0,0.0,260.0,-1.0,-1.0,0.0,220.0,220.0,-1.0,0.0,0.0,1.0,-1.0,0.0,0.0,0.04375000130385161,10289.958625676081,12117.1748046875,4367.81298828125,1638.0255126953125,7445.36669921875,4593.14404296875,4.845102423336357
test,dropout030_relay_failure,no_task_support,no_task_support,none,none,4,60,no_task_support,results/intercept_3d_gate1_hardened_safety_no_task_support_5seed_fixed_update60_candidate/runs/multi_relation/bc_ppo_seed4/actor_critic_update_0060.pt,310043,43,checkpoint,100,straight,True,True,80,0.2,1.0,0.3,0,0.0,1,40,80,True,0.0,0.0,0.0,0.0,0.03461538564700347,0.22692308099224018,61.98269199236081,0.0,1.0,0.0,260.0,-1.0,-1.0,0.0,220.0,220.0,-1.0,0.0,0.0,1.0,-1.0,0.0,0.0,0.05000000149011612,11315.616631610577,12876.7900390625,3499.2177734375,1743.338623046875,4524.126953125,7137.6611328125,5.491410207469016
test,dropout030_relay_failure,no_task_support,no_task_support,none,none,4,60,no_task_support,results/intercept_3d_gate1_hardened_safety_no_task_support_5seed_fixed_update60_candidate/runs/multi_relation/bc_ppo_seed4/actor_critic_update_0060.pt,310044,44,checkpoint,100,straight,True,True,80,0.2,1.0,0.3,0,0.0,1,40,80,True,0.0,0.0,0.0,0.0,0.06025641205219122,0.19551282393244596,66.01153845437445,0.0,1.0,0.0,260.0,-1.0,-1.0,0.0,220.0,220.0,-1.0,0.0,0.0,1.0,-1.0,0.0,0.0,0.03541666772216558,10386.707288536658,12835.8515625,4367.98486328125,1248.2562255859375,7587.818359375,4368.21630859375,6.144302066415548
test,dropout030_relay_failure,no_task_support,no_task_support,none,none,4,60,no_task_support,results/intercept_3d_gate1_hardened_safety_no_task_support_5seed_fixed_update60_candidate/runs/multi_relation/bc_ppo_seed4/actor_critic_update_0060.pt,310045,45,checkpoint,100,straight,True,True,80,0.2,1.0,0.3,0,0.0,1,40,80,True,0.0,0.0,0.0,0.0,0.029487180365965916,0.22564103013047807,61.27243621412378,0.0,1.0,0.0,260.0,-1.0,-1.0,0.0,220.0,220.0,-1.0,0.0,0.0,1.0,-1.0,0.0,0.0,0.03750000111758709,10551.876051682691,13522.2099609375,4000.06591796875,1960.8984375,10329.076171875,3506.655029296875,4.4590172790922225
test,dropout030_relay_failure,no_task_support,no_task_support,none,none,4,60,no_task_support,results/intercept_3d_gate1_hardened_safety_no_task_support_5seed_fixed_update60_candidate/runs/multi_relation/bc_ppo_seed4/actor_critic_update_0060.pt,310046,46,checkpoint,100,straight,True,True,80,0.2,1.0,0.3,0,0.0,1,40,80,True,0.0,0.0,0.0,0.0,0.03333333432674408,0.20961538828336276,65.00897458533828,0.0,1.0,0.0,260.0,-1.0,-1.0,0.0,220.0,220.0,-1.0,0.0,0.0,1.0,-1.0,0.0,0.0,0.04375000130385161,10500.819024188702,13849.02734375,3518.667724609375,1154.00439453125,12430.86328125,4873.9248046875,3.447394344722852
test,dropout030_relay_failure,no_task_support,no_task_support,none,none,4,60,no_task_support,results/intercept_3d_gate1_hardened_safety_no_task_support_5seed_fixed_update60_candidate/runs/multi_relation/bc_ppo_seed4/actor_critic_update_0060.pt,310047,47,checkpoint,100,straight,True,True,80,0.2,1.0,0.3,0,0.0,1,40,80,True,0.0,0.0,0.0,0.0,0.051282052810375504,0.21217949092388153,64.5519235587464,0.0,1.0,0.0,260.0,-1.0,-1.0,0.0,220.0,220.0,-1.0,0.0,0.0,1.0,-1.0,0.0,0.01250000037252903,0.03958333451300859,10153.452783203125,10434.4951171875,2588.011962890625,1162.4420166015625,2686.617919921875,5497.41845703125,7.745583329582587
test,dropout030_relay_failure,no_task_support,no_task_support,none,none,4,60,no_task_support,results/intercept_3d_gate1_hardened_safety_no_task_support_5seed_fixed_update60_candidate/runs/multi_relation/bc_ppo_seed4/actor_critic_update_0060.pt,310048,48,checkpoint,100,straight,True,True,80,0.2,1.0,0.3,0,0.0,1,40,80,True,0.0,0.0,0.0,0.0,0.05256410413063489,0.21089743989018295,62.40512789470645,0.0,1.0,0.0,260.0,-1.0,-1.0,0.0,220.0,220.0,-1.0,0.0,0.0,1.0,-1.0,0.0,0.00416666679084301,0.03541666772216558,10824.851677058294,15757.015625,4432.9716796875,1476.9317626953125,10395.751953125,8068.9140625,4.304652012186125
test,dropout030_relay_failure,no_task_support,no_task_support,none,none,4,60,no_task_support,results/intercept_3d_gate1_hardened_safety_no_task_support_5seed_fixed_update60_candidate/runs/multi_relation/bc_ppo_seed4/actor_critic_update_0060.pt,310049,49,checkpoint,100,straight,True,True,80,0.2,1.0,0.3,0,0.0,1,40,80,True,0.0,0.0,0.0,0.0,0.030769231686225303,0.1967948757685148,67.17307698795429,0.0,1.0,0.0,260.0,-1.0,-1.0,0.0,220.0,220.0,-1.0,0.0,0.0,1.0,-1.0,0.0,0.0,0.047916668094694616,11157.177518404447,14952.7548828125,3730.1884765625,1624.8353271484375,12915.9892578125,7169.603515625,1.9735912757460028
test,dropout030_relay_failure,no_task_support,no_task_support,none,none,4,60,no_task_support,results/intercept_3d_gate1_hardened_safety_no_task_support_5seed_fixed_update60_candidate/runs/multi_relation/bc_ppo_seed4/actor_critic_update_0060.pt,310050,50,checkpoint,100,straight,True,True,80,0.2,1.0,0.3,0,0.0,1,40,80,True,0.0,0.0,0.0,0.0,0.03589743696726286,0.21153846514912752,65.59423031485997,0.0,1.0,0.0,260.0,-1.0,-1.0,0.0,220.0,220.0,-1.0,0.0,0.0,1.0,-1.0,0.0,0.0,0.02916666753590107,10921.03016451322,11545.0595703125,2118.927001953125,2014.541748046875,2118.927001953125,5812.5341796875,5.4158835001289845
test,dropout030_relay_failure,no_task_support,no_task_support,none,none,4,60,no_task_support,results/intercept_3d_gate1_hardened_safety_no_task_support_5seed_fixed_update60_candidate/runs/multi_relation/bc_ppo_seed4/actor_critic_update_0060.pt,310051,51,checkpoint,100,straight,True,True,80,0.2,1.0,0.3,0,0.0,1,40,80,True,0.0,0.0,0.0,0.0,0.0923076950586759,0.15961538662131017,79.35961537985848,0.0,1.0,0.0,260.0,-1.0,-1.0,0.0,220.0,220.0,-1.0,0.0,0.0,1.0,-1.0,0.0,0.07916666902601718,0.05416666828095913,16255.649395282451,26282.755859375,1834.6119384765625,267.7176208496094,16435.361328125,23011.77734375,-0.07630787789821625
test,dropout030_relay_failure,no_task_support,no_task_support,none,none,4,60,no_task_support,results/intercept_3d_gate1_hardened_safety_no_task_support_5seed_fixed_update60_candidate/runs/multi_relation/bc_ppo_seed4/actor_critic_update_0060.pt,310052,52,checkpoint,100,straight,True,True,80,0.2,1.0,0.3,0,0.0,1,40,80,True,0.0,0.0,0.0,0.0,0.02692307772544714,0.21410256784695844,63.444871801195234,0.0,1.0,0.0,260.0,-1.0,-1.0,0.0,220.0,220.0,-1.0,0.0,0.0,1.0,-1.0,0.0,0.0,0.0416666679084301,11675.043935922477,16737.2734375,3788.27978515625,1254.986572265625,13819.02734375,9299.8388671875,1.1634802019689232
test,dropout030_relay_failure,no_task_support,no_task_support,none,none,4,60,no_task_support,results/intercept_3d_gate1_hardened_safety_no_task_support_5seed_fixed_update60_candidate/runs/multi_relation/bc_ppo_seed4/actor_critic_update_0060.pt,310053,53,checkpoint,100,straight,True,True,80,0.2,1.0,0.3,0,0.0,1,40,80,True,0.0,0.0,0.0,0.0,0.032051283006484695,0.2435897481556122,60.35320516595473,0.0,1.0,0.0,260.0,-1.0,-1.0,0.0,220.0,220.0,-1.0,0.0,0.0,1.0,-1.0,0.0,0.0,0.03958333451300859,10702.273390549879,15186.5029296875,3770.415771484375,2095.52197265625,10471.55078125,5381.7080078125,4.561087407171726
test,dropout030_relay_failure,no_task_support,no_task_support,none,none,4,60,no_task_support,results/intercept_3d_gate1_hardened_safety_no_task_support_5seed_fixed_update60_candidate/runs/multi_relation/bc_ppo_seed4/actor_critic_update_0060.pt,310054,54,checkpoint,100,straight,True,True,80,0.2,1.0,0.3,0,0.0,1,40,80,True,0.0,0.0,0.0,0.0,0.024358975084928364,0.20705128627327773,64.71858940611665,0.0,1.0,0.0,260.0,-1.0,-1.0,0.0,220.0,220.0,-1.0,0.0,0.0,1.0,-1.0,0.0,0.0,0.047916668094694616,11472.717572490985,15940.1748046875,2795.3427734375,2008.5484619140625,14375.046875,6182.53857421875,1.0436904411762953
test,dropout030_relay_failure,no_task_support,no_task_support,none,none,4,60,no_task_support,results/intercept_3d_gate1_hardened_safety_no_task_support_5seed_fixed_update60_candidate/runs/multi_relation/bc_ppo_seed4/actor_critic_update_0060.pt,310055,55,checkpoint,100,straight,True,True,80,0.2,1.0,0.3,0,0.0,1,40,80,True,0.0,0.0,0.0,0.0,0.030769231686225303,0.2243589786382822,59.81858967657273,0.0,1.0,0.0,260.0,-1.0,-1.0,0.0,220.0,220.0,-1.0,0.0,0.0,1.0,-1.0,0.0,0.0,0.02916666753590107,10758.55839092548,12361.1171875,3602.3984375,1619.6085205078125,4161.92626953125,5417.9033203125,5.3466084389947355
test,dropout030_relay_failure,no_task_support,no_task_support,none,none,4,60,no_task_support,results/intercept_3d_gate1_hardened_safety_no_task_support_5seed_fixed_update60_candidate/runs/multi_relation/bc_ppo_seed4/actor_critic_update_0060.pt,310056,56,checkpoint,100,straight,True,True,80,0.2,1.0,0.3,0,0.0,1,40,80,True,0.0,0.0,0.0,0.0,0.09871795165997285,0.18525641342768304,73.07051280656687,0.0,1.0,0.0,260.0,-1.0,-1.0,0.0,220.0,220.0,-1.0,0.0,0.0,1.0,-1.0,0.0,0.01250000037252903,0.03541666772216558,10803.349060997596,13127.5029296875,4422.4287109375,725.4060668945312,10343.2890625,7194.416015625,8.920752502745017
test,dropout030_relay_failure,no_task_support,no_task_support,none,none,4,60,no_task_support,results/intercept_3d_gate1_hardened_safety_no_task_support_5seed_fixed_update60_candidate/runs/multi_relation/bc_ppo_seed4/actor_critic_update_0060.pt,310057,57,checkpoint,100,straight,True,True,80,0.2,1.0,0.3,0,0.0,1,40,80,True,0.0,0.0,0.0,0.0,0.025641026405187752,0.20961538851261138,65.08589742424397,0.0,1.0,0.0,260.0,-1.0,-1.0,0.0,220.0,220.0,-1.0,0.0,0.0,1.0,-1.0,0.0,0.0,0.03958333451300859,11016.498009314904,14918.8232421875,2649.789306640625,1936.855224609375,11916.865234375,6097.49072265625,1.9582034009508789
test,dropout030_relay_failure,no_task_support,no_task_support,none,none,4,60,no_task_support,results/intercept_3d_gate1_hardened_safety_no_task_support_5seed_fixed_update60_candidate/runs/multi_relation/bc_ppo_seed4/actor_critic_update_0060.pt,310058,58,checkpoint,100,straight,True,True,80,0.2,1.0,0.3,0,0.0,1,40,80,True,0.0,0.0,0.0,0.0,0.15256410711086713,0.21474359310590305,66.22692309795664,0.0,1.0,0.0,260.0,-1.0,-1.0,0.0,220.0,220.0,-1.0,0.0,0.0,1.0,-1.0,0.0,0.0,0.04583333469927311,10013.750738055889,10292.06640625,3262.86767578125,1303.8052978515625,3460.0703125,6343.42041015625,18.447065866319463
test,dropout030_relay_failure,no_task_support,no_task_support,none,none,4,60,no_task_support,results/intercept_3d_gate1_hardened_safety_no_task_support_5seed_fixed_update60_candidate/runs/multi_relation/bc_ppo_seed4/actor_critic_update_0060.pt,310059,59,checkpoint,100,straight,True,True,80,0.2,1.0,0.3,0,0.0,1,40,80,True,0.0,0.0,0.0,0.0,0.03333333432674408,0.2262820553321105,62.41987182589678,0.0,1.0,0.0,260.0,-1.0,-1.0,0.0,220.0,220.0,-1.0,0.0,0.0,1.0,-1.0,0.0,0.0,0.03958333451300859,10454.18087064303,13927.3466796875,4833.47705078125,1790.04052734375,8982.9716796875,5821.00390625,4.390118252951652
test,dropout030_relay_failure,no_task_support,no_task_support,none,none,4,60,no_task_support,results/intercept_3d_gate1_hardened_safety_no_task_support_5seed_fixed_update60_candidate/runs/multi_relation/bc_ppo_seed4/actor_critic_update_0060.pt,310060,60,checkpoint,100,straight,True,True,80,0.2,1.0,0.3,0,0.0,1,40,80,True,0.0,0.0,0.0,0.0,0.037179488287522246,0.21474359339246382,65.75833360718993,0.0,1.0,0.0,260.0,-1.0,-1.0,0.0,220.0,220.0,-1.0,0.0,0.0,1.0,-1.0,0.0,0.0,0.047916668094694616,11394.507350510818,16656.404296875,3280.58349609375,1338.9268798828125,14166.0,6766.2939453125,2.1681394083425403
test,dropout030_relay_failure,no_task_support,no_task_support,none,none,4,60,no_task_support,results/intercept_3d_gate1_hardened_safety_no_task_support_5seed_fixed_update60_candidate/runs/multi_relation/bc_ppo_seed4/actor_critic_update_0060.pt,310061,61,checkpoint,100,straight,True,True,80,0.2,1.0,0.3,0,0.0,1,40,80,True,0.0,0.0,0.0,0.0,0.05512820677115367,0.20961538874186003,65.68525628934685,0.0,1.0,0.0,260.0,-1.0,-1.0,0.0,220.0,220.0,-1.0,0.0,0.0,1.0,-1.0,0.0,0.00833333358168602,0.047916668094694616,10411.225685471754,11352.29296875,2942.66357421875,1403.2655029296875,2942.66357421875,6283.248046875,7.299591657705605
test,dropout030_relay_failure,no_task_support,no_task_support,none,none,4,60,no_task_support,results/intercept_3d_gate1_hardened_safety_no_task_support_5seed_fixed_update60_candidate/runs/multi_relation/bc_ppo_seed4/actor_critic_update_0060.pt,310062,62,checkpoint,100,straight,True,True,80,0.2,1.0,0.3,0,0.0,1,40,80,True,0.0,0.0,0.0,0.0,0.06538461733322877,0.19871795246234306,65.57756427830229,0.0,1.0,0.0,260.0,-1.0,-1.0,0.0,220.0,220.0,-1.0,0.0,0.0,1.0,-1.0,0.0,0.0,0.03541666772216558,10179.447614933893,11926.5546875,3965.44384765625,1090.1932373046875,7400.97900390625,3100.96435546875,7.299657847033814
test,dropout030_relay_failure,no_task_support,no_task_support,none,none,4,60,no_task_support,results/intercept_3d_gate1_hardened_safety_no_task_support_5seed_fixed_update60_candidate/runs/multi_relation/bc_ppo_seed4/actor_critic_update_0060.pt,310063,63,checkpoint,100,straight,True,True,80,0.2,1.0,0.3,0,0.0,1,40,80,True,0.0,0.0,0.0,0.0,0.024358975084928364,0.2102564140008046,66.83269234144917,0.0,1.0,0.0,260.0,-1.0,-1.0,0.0,220.0,220.0,-1.0,0.0,0.0,1.0,-1.0,0.0,0.0,0.06041666846722364,11657.556407752403,12781.50390625,3359.44091796875,1807.4603271484375,7986.4814453125,7343.09130859375,3.5199970493558794
test,dropout030_relay_failure,no_task_support,no_task_support,none,none,4,60,no_task_support,results/intercept_3d_gate1_hardened_safety_no_task_support_5seed_fixed_update60_candidate/runs/multi_relation/bc_ppo_seed4/actor_critic_update_0060.pt,310064,64,checkpoint,100,straight,True,True,80,0.2,1.0,0.3,0,0.0,1,40,80,True,0.0,0.0,0.0,0.0,0.024358975084928364,0.2339743634256033,59.77564088301017,0.0,1.0,0.0,260.0,-1.0,-1.0,0.0,220.0,220.0,-1.0,0.0,0.0,1.0,-1.0,0.0,0.0,0.03750000111758709,11357.947419621394,13114.9736328125,2978.923095703125,1839.02294921875,4427.20703125,6916.5625,4.971469674259424
test,dropout030_relay_failure,no_task_support,no_task_support,none,none,4,60,no_task_support,results/intercept_3d_gate1_hardened_safety_no_task_support_5seed_fixed_update60_candidate/runs/multi_relation/bc_ppo_seed4/actor_critic_update_0060.pt,310065,65,checkpoint,100,straight,True,True,80,0.2,1.0,0.3,0,0.0,1,40,80,True,0.0,0.0,1.0,0.0025641026405187756,0.04358974488881918,0.23076923495301835,60.25256409914448,0.0,1.0,0.0,260.0,43.0,-1.0,0.0,220.0,220.0,-1.0,0.0,0.0,1.0,-1.0,0.0,0.01666666716337204,0.03958333451300859,10382.801438551684,12852.6787109375,441.6294250488281,137.65066528320312,1483.422607421875,5256.75244140625,8.165415178984404
test,dropout030_relay_failure,no_task_support,no_task_support,none,none,4,60,no_task_support,results/intercept_3d_gate1_hardened_safety_no_task_support_5seed_fixed_update60_candidate/runs/multi_relation/bc_ppo_seed4/actor_critic_update_0060.pt,310066,66,checkpoint,100,straight,True,True,80,0.2,1.0,0.3,0,0.0,1,40,80,True,0.0,0.0,0.0,0.0,0.05512820677115367,0.2166666710605988,62.7884618861744,0.0,1.0,0.0,260.0,-1.0,-1.0,0.0,220.0,220.0,-1.0,0.0,0.0,1.0,-1.0,0.0,0.0,0.03958333451300859,10218.2672269381,12303.796875,3604.48583984375,2254.615478515625,5874.455078125,4149.92431640625,7.077451573684812
test,dropout030_relay_failure,no_task_support,no_task_support,none,none,4,60,no_task_support,results/intercept_3d_gate1_hardened_safety_no_task_support_5seed_fixed_update60_candidate/runs/multi_relation/bc_ppo_seed4/actor_critic_update_0060.pt,310067,67,checkpoint,100,straight,True,True,80,0.2,1.0,0.3,0,0.0,1,40,80,True,0.0,0.0,0.0,0.0,0.05384615545089428,0.17307692582790668,77.37435851022602,0.0,1.0,0.0,260.0,-1.0,-1.0,0.0,220.0,220.0,-1.0,0.0,0.0,1.0,-1.0,0.0,0.01250000037252903,0.05000000149011612,11756.17631272536,13320.4873046875,3053.860107421875,820.142333984375,7930.31298828125,9422.55859375,3.764939913060516
test,dropout030_relay_failure,no_task_support,no_task_support,none,none,4,60,no_task_support,results/intercept_3d_gate1_hardened_safety_no_task_support_5seed_fixed_update60_candidate/runs/multi_relation/bc_ppo_seed4/actor_critic_update_0060.pt,310068,68,checkpoint,100,straight,True,True,80,0.2,1.0,0.3,0,0.0,1,40,80,True,0.0,0.0,1.0,0.0025641026405187756,0.051282052810375504,0.2371794916689396,61.40576941135984,0.0,1.0,0.0,260.0,44.0,-1.0,0.0,220.0,220.0,-1.0,0.0,0.0,1.0,-1.0,0.0,0.02083333395421505,0.0416666679084301,10004.525112680289,10712.6259765625,2408.11181640625,556.1178588867188,2755.55712890625,4654.33935546875,10.70421767939115
test,dropout030_relay_failure,no_task_support,no_task_support,none,none,4,60,no_task_support,results/intercept_3d_gate1_hardened_safety_no_task_support_5seed_fixed_update60_candidate/runs/multi_relation/bc_ppo_seed4/actor_critic_update_0060.pt,310069,69,checkpoint,100,straight,True,True,80,0.2,1.0,0.3,0,0.0,1,40,80,True,0.0,0.0,0.0,0.0,0.03589743696726286,0.1692307721536893,76.83846210269974,0.0,1.0,0.0,260.0,-1.0,-1.0,0.0,220.0,220.0,-1.0,0.0,0.0,1.0,-1.0,0.0,0.02500000074505806,0.05416666828095913,11871.605759840746,16855.611328125,3853.943603515625,847.843994140625,14998.234375,8673.9013671875,-0.4905706199351698
test,dropout030_relay_failure,no_task_support,no_task_support,none,none,4,60,no_task_support,results/intercept_3d_gate1_hardened_safety_no_task_support_5seed_fixed_update60_candidate/runs/multi_relation/bc_ppo_seed4/actor_critic_update_0060.pt,310070,70,checkpoint,100,straight,True,True,80,0.2,1.0,0.3,0,0.0,1,40,80,True,0.0,0.0,0.0,0.0,0.19102564671864877,0.1685897467801204,74.04487181529403,0.0,1.0,0.0,260.0,-1.0,-1.0,0.0,220.0,220.0,-1.0,0.0,0.0,1.0,-1.0,0.0,0.00833333358168602,0.03541666772216558,10465.184696138822,10296.3291015625,3500.643310546875,972.2601318359375,3696.086181640625,8028.80224609375,18.63825492199976
test,dropout030_relay_failure,no_task_support,no_task_support,none,none,4,60,no_task_support,results/intercept_3d_gate1_hardened_safety_no_task_support_5seed_fixed_update60_candidate/runs/multi_relation/bc_ppo_seed4/actor_critic_update_0060.pt,310071,71,checkpoint,100,straight,True,True,80,0.2,1.0,0.3,0,0.0,1,40,80,True,0.0,0.0,0.0,0.0,0.025641026405187752,0.2141025684773922,62.20064068837808,0.0,1.0,0.0,260.0,-1.0,-1.0,0.0,220.0,220.0,-1.0,0.0,0.0,1.0,-1.0,0.0,0.0,0.03750000111758709,10818.815343299279,13729.3857421875,3660.52099609375,2053.58447265625,10512.935546875,5027.67333984375,3.132242906605825
test,dropout030_relay_failure,no_task_support,no_task_support,none,none,4,60,no_task_support,results/intercept_3d_gate1_hardened_safety_no_task_support_5seed_fixed_update60_candidate/runs/multi_relation/bc_ppo_seed4/actor_critic_update_0060.pt,310072,72,checkpoint,100,straight,True,True,80,0.2,1.0,0.3,0,0.0,1,40,80,True,0.0,0.0,0.0,0.0,0.032051283006484695,0.2211538505095702,62.9032050309846,0.0,1.0,0.0,260.0,-1.0,-1.0,0.0,220.0,220.0,-1.0,0.0,0.0,1.0,-1.0,0.0,0.00833333358168602,0.0416666679084301,11023.259735576923,12447.74609375,2357.105224609375,1865.59423828125,5116.09814453125,4920.55078125,4.973990820348263
test,dropout030_relay_failure,no_task_support,no_task_support,none,none,4,60,no_task_support,results/intercept_3d_gate1_hardened_safety_no_task_support_5seed_fixed_update60_candidate/runs/multi_relation/bc_ppo_seed4/actor_critic_update_0060.pt,310073,73,checkpoint,100,straight,True,True,80,0.2,1.0,0.3,0,0.0,1,40,80,True,0.0,0.0,0.0,0.0,0.04230769356855979,0.19294872089074208,69.1935896604107,0.0,1.0,0.0,260.0,-1.0,-1.0,0.0,220.0,220.0,-1.0,0.0,0.0,1.0,-1.0,0.0,0.0,0.04375000130385161,12122.687165715144,14883.3388671875,2531.860595703125,1579.2489013671875,8789.3427734375,7877.77978515625,2.923296391381882
test,dropout030_relay_failure,no_task_support,no_task_support,none,none,4,60,no_task_support,results/intercept_3d_gate1_hardened_safety_no_task_support_5seed_fixed_update60_candidate/runs/multi_relation/bc_ppo_seed4/actor_critic_update_0060.pt,310074,74,checkpoint,100,straight,True,True,80,0.2,1.0,0.3,0,0.0,1,40,80,True,0.0,0.0,1.0,0.0025641026405187756,0.056410258091413056,0.20705128564284397,65.76089715974835,0.0,1.0,0.0,260.0,44.0,-1.0,0.0,220.0,220.0,-1.0,0.0,0.0,1.0,-1.0,0.0,0.02500000074505806,0.03541666772216558,10305.516704852764,11876.5908203125,1886.020263671875,949.4768676757812,2690.104736328125,4806.87451171875,8.248907318338752
test,dropout030_relay_failure,no_task_support,no_task_support,none,none,4,60,no_task_support,results/intercept_3d_gate1_hardened_safety_no_task_support_5seed_fixed_update60_candidate/runs/multi_relation/bc_ppo_seed4/actor_critic_update_0060.pt,310075,75,checkpoint,100,straight,True,True,80,0.2,1.0,0.3,0,0.0,1,40,80,True,0.0,0.0,0.0,0.0,0.05769230941167244,0.22371795326471328,62.64551255932221,0.0,1.0,0.0,260.0,-1.0,-1.0,0.0,220.0,220.0,-1.0,0.0,0.0,1.0,-1.0,0.0,0.0,0.04583333469927311,10561.986662409856,13312.9892578125,3991.7158203125,1912.621337890625,6179.49462890625,4717.01806640625,6.961601369548589
test,dropout030_relay_failure,no_task_support,no_task_support,none,none,4,60,no_task_support,results/intercept_3d_gate1_hardened_safety_no_task_support_5seed_fixed_update60_candidate/runs/multi_relation/bc_ppo_seed4/actor_critic_update_0060.pt,310076,76,checkpoint,100,straight,True,True,80,0.2,1.0,0.3,0,0.0,1,40,80,True,0.0,0.0,0.0,0.0,0.03333333432674408,0.20576923489570617,64.72179502099752,0.0,1.0,0.0,260.0,-1.0,-1.0,0.0,220.0,220.0,-1.0,0.0,0.0,1.0,-1.0,0.0,0.0,0.05416666828095913,10808.093896484375,14663.4765625,3920.852294921875,1523.0999755859375,12651.705078125,6120.61962890625,2.76747861597687
test,dropout030_relay_failure,no_task_support,no_task_support,none,none,4,60,no_task_support,results/intercept_3d_gate1_hardened_safety_no_task_support_5seed_fixed_update60_candidate/runs/multi_relation/bc_ppo_seed4/actor_critic_update_0060.pt,310077,77,checkpoint,100,straight,True,True,80,0.2,1.0,0.3,0,0.0,1,40,80,True,0.0,0.0,0.0,0.0,0.03461538553237915,0.22756410705355498,60.84294896079944,0.0,1.0,0.0,260.0,-1.0,-1.0,0.0,220.0,220.0,-1.0,0.0,0.0,1.0,-1.0,0.0,0.0,0.0416666679084301,10378.169944411058,14163.8203125,4445.6875,1560.4466552734375,8790.7490234375,4333.00146484375,4.682854969985783
test,dropout030_relay_failure,no_task_support,no_task_support,none,none,4,60,no_task_support,results/intercept_3d_gate1_hardened_safety_no_task_support_5seed_fixed_update60_candidate/runs/multi_relation/bc_ppo_seed4/actor_critic_update_0060.pt,310078,78,checkpoint,100,straight,True,True,80,0.2,1.0,0.3,0,0.0,1,40,80,True,0.0,0.0,0.0,0.0,0.032051283006484695,0.22628205550404695,63.712179015748774,0.0,1.0,0.0,260.0,-1.0,-1.0,0.0,220.0,220.0,-1.0,0.0,0.0,1.0,-1.0,0.0,0.0,0.03750000111758709,10297.054161658654,12287.1875,4707.48486328125,1656.974853515625,8935.544921875,4664.20166015625,5.384027139283717
test,dropout030_relay_failure,no_task_support,no_task_support,none,none,4,60,no_task_support,results/intercept_3d_gate1_hardened_safety_no_task_support_5seed_fixed_update60_candidate/runs/multi_relation/bc_ppo_seed4/actor_critic_update_0060.pt,310079,79,checkpoint,100,straight,True,True,80,0.2,1.0,0.3,0,0.0,1,40,80,True,0.0,0.0,0.0,0.0,0.09743590033971346,0.21025641411542892,66.43782083925146,0.0,1.0,0.0,260.0,-1.0,-1.0,0.0,220.0,220.0,-1.0,0.0,0.0,1.0,-1.0,0.0,0.01666666716337204,0.03333333432674408,10872.723647836538,15464.8115234375,4129.10107421875,963.62939453125,9319.5166015625,7608.67626953125,8.333182686474174
test,dropout030_relay_failure,no_task_support,no_task_support,none,none,4,60,no_task_support,results/intercept_3d_gate1_hardened_safety_no_task_support_5seed_fixed_update60_candidate/runs/multi_relation/bc_ppo_seed4/actor_critic_update_0060.pt,310080,80,checkpoint,100,straight,True,True,80,0.2,1.0,0.3,0,0.0,1,40,80,True,0.0,0.0,0.0,0.0,0.06538461733322877,0.19294872180773662,68.22692309016219,0.0,1.0,0.0,260.0,-1.0,-1.0,0.0,220.0,220.0,-1.0,0.0,0.0,1.0,-1.0,0.0,0.0,0.03333333432674408,10474.994944411057,11621.6650390625,3474.9697265625,1105.2783203125,4079.44921875,6258.9892578125,7.340937453322113
test,dropout030_relay_failure,no_task_support,no_task_support,none,none,4,60,no_task_support,results/intercept_3d_gate1_hardened_safety_no_task_support_5seed_fixed_update60_candidate/runs/multi_relation/bc_ppo_seed4/actor_critic_update_0060.pt,310081,81,checkpoint,100,straight,True,True,80,0.2,1.0,0.3,0,0.0,1,40,80,True,0.0,0.0,0.0,0.0,0.032051283006484695,0.22307692748995928,61.58782035714159,0.0,1.0,0.0,260.0,-1.0,-1.0,0.0,220.0,220.0,-1.0,0.0,0.0,1.0,-1.0,0.0,0.0,0.02916666753590107,10582.873634690504,14698.109375,3900.21484375,1864.21923828125,10481.3818359375,4838.01220703125,3.7531723151914775
test,dropout030_relay_failure,no_task_support,no_task_support,none,none,4,60,no_task_support,results/intercept_3d_gate1_hardened_safety_no_task_support_5seed_fixed_update60_candidate/runs/multi_relation/bc_ppo_seed4/actor_critic_update_0060.pt,310082,82,checkpoint,100,straight,True,True,80,0.2,1.0,0.3,0,0.0,1,40,80,True,0.0,0.0,0.0,0.0,0.03333333432674408,0.20705128598671693,62.99871739882689,0.0,1.0,0.0,260.0,-1.0,-1.0,0.0,220.0,220.0,-1.0,0.0,0.0,1.0,-1.0,0.0,0.0,0.02916666753590107,10971.028979492188,12244.8330078125,3036.54150390625,1825.7564697265625,4234.0224609375,5871.42041015625,4.73613170767203
test,dropout030_relay_failure,no_task_support,no_task_support,none,none,4,60,no_task_support,results/intercept_3d_gate1_hardened_safety_no_task_support_5seed_fixed_update60_candidate/runs/multi_relation/bc_ppo_seed4/actor_critic_update_0060.pt,310083,83,checkpoint,100,straight,True,True,80,0.2,1.0,0.3,0,0.0,1,40,80,True,0.0,0.0,0.0,0.0,0.03461538564700347,0.16410256692996392,77.37692245164743,0.0,1.0,0.0,260.0,-1.0,-1.0,0.0,220.0,220.0,-1.0,0.0,0.0,1.0,-1.0,0.0,0.01666666716337204,0.05000000149011612,11759.208582481971,15700.8671875,3311.0224609375,966.7721557617188,14369.029296875,9343.0546875,0.05510477430652827
test,dropout030_relay_failure,no_task_support,no_task_support,none,none,4,60,no_task_support,results/intercept_3d_gate1_hardened_safety_no_task_support_5seed_fixed_update60_candidate/runs/multi_relation/bc_ppo_seed4/actor_critic_update_0060.pt,310084,84,checkpoint,100,straight,True,True,80,0.2,1.0,0.3,0,0.0,1,40,80,True,0.0,0.0,0.0,0.0,0.024358975084928364,0.22179487634163636,61.58653816999151,0.0,1.0,0.0,260.0,-1.0,-1.0,0.0,220.0,220.0,-1.0,0.0,0.0,1.0,-1.0,0.0,0.0,0.03333333432674408,11255.719719050481,15193.8544921875,3942.785400390625,1927.81591796875,12971.619140625,5951.787109375,2.551387520506978
test,dropout030_relay_failure,no_task_support,no_task_support,none,none,4,60,no_task_support,results/intercept_3d_gate1_hardened_safety_no_task_support_5seed_fixed_update60_candidate/runs/multi_relation/bc_ppo_seed4/actor_critic_update_0060.pt,310085,85,checkpoint,100,straight,True,True,80,0.2,1.0,0.3,0,0.0,1,40,80,True,0.0,0.0,0.0,0.0,0.05256410413063489,0.19743590074089856,67.35576914508755,0.0,1.0,0.0,260.0,-1.0,-1.0,0.0,220.0,220.0,-1.0,0.0,0.0,1.0,-1.0,0.0,0.0,0.02916666753590107,10649.371221454327,12911.6474609375,4622.923828125,1581.11181640625,9655.92578125,4518.212890625,5.542745166982058
test,dropout030_relay_failure,no_task_support,no_task_support,none,none,4,60,no_task_support,results/intercept_3d_gate1_hardened_safety_no_task_support_5seed_fixed_update60_candidate/runs/multi_relation/bc_ppo_seed4/actor_critic_update_0060.pt,310086,86,checkpoint,100,straight,True,True,80,0.2,1.0,0.3,0,0.0,1,40,80,True,0.0,0.0,0.0,0.0,0.08461538713711958,0.2423076974084744,56.65256407312476,0.0,1.0,0.0,260.0,-1.0,-1.0,0.0,220.0,220.0,-1.0,0.0,0.0,1.0,-1.0,0.0,0.0,0.047916668094694616,13241.24565993089,19884.607421875,706.9249267578125,2156.6484375,4378.94140625,10026.6064453125,8.73123062029481
test,dropout030_relay_failure,no_task_support,no_task_support,none,none,4,60,no_task_support,results/intercept_3d_gate1_hardened_safety_no_task_support_5seed_fixed_update60_candidate/runs/multi_relation/bc_ppo_seed4/actor_critic_update_0060.pt,310087,87,checkpoint,100,straight,True,True,80,0.2,1.0,0.3,0,0.0,1,40,80,True,0.0,0.0,0.0,0.0,0.030769231686225303,0.2320512864452142,61.39807671572154,0.0,1.0,0.0,260.0,-1.0,-1.0,0.0,220.0,220.0,-1.0,0.0,0.0,1.0,-1.0,0.0,0.0,0.03541666772216558,10787.283881084735,11121.4033203125,2594.031982421875,2206.500244140625,2594.031982421875,4295.369140625,6.532638141652569
test,dropout030_relay_failure,no_task_support,no_task_support,none,none,4,60,no_task_support,results/intercept_3d_gate1_hardened_safety_no_task_support_5seed_fixed_update60_candidate/runs/multi_relation/bc_ppo_seed4/actor_critic_update_0060.pt,310088,88,checkpoint,100,straight,True,True,80,0.2,1.0,0.3,0,0.0,1,40,80,True,0.0,0.0,0.0,0.0,0.19871795464020509,0.19102564413960163,71.73397437930107,0.0,1.0,0.0,260.0,-1.0,-1.0,0.0,220.0,220.0,-1.0,0.0,0.0,1.0,-1.0,0.0,0.03750000111758709,0.03541666772216558,10251.434814453125,10594.265625,3184.1728515625,697.1661376953125,5581.25,6167.14111328125,20.3092556319898
test,dropout030_relay_failure,no_task_support,no_task_support,none,none,4,60,no_task_support,results/intercept_3d_gate1_hardened_safety_no_task_support_5seed_fixed_update60_candidate/runs/multi_relation/bc_ppo_seed4/actor_critic_update_0060.pt,310089,89,checkpoint,100,straight,True,True,80,0.2,1.0,0.3,0,0.0,1,40,80,True,0.0,0.0,0.0,0.0,0.028205129045706528,0.20961538908573296,63.57628212061066,0.0,1.0,0.0,260.0,-1.0,-1.0,0.0,220.0,220.0,-1.0,0.0,0.0,1.0,-1.0,0.0,0.0,0.03333333432674408,11026.724697641226,12137.7607421875,2721.203125,2286.325439453125,4019.266845703125,4993.09326171875,4.086212678579614
test,dropout030_relay_failure,no_task_support,no_task_support,none,none,4,60,no_task_support,results/intercept_3d_gate1_hardened_safety_no_task_support_5seed_fixed_update60_candidate/runs/multi_relation/bc_ppo_seed4/actor_critic_update_0060.pt,310090,90,checkpoint,100,straight,True,True,80,0.2,1.0,0.3,0,0.0,1,40,80,True,0.0,0.0,0.0,0.0,0.11794872146386366,0.19935897817978493,68.22628188242133,0.0,1.0,0.0,260.0,-1.0,-1.0,0.0,220.0,220.0,-1.0,0.0,0.0,1.0,-1.0,0.0,0.00833333358168602,0.03333333432674408,10540.271715369592,13095.0234375,2633.548583984375,767.2625122070312,3115.014404296875,6275.7509765625,11.270400347188115
test,dropout030_relay_failure,no_task_support,no_task_support,none,none,4,60,no_task_support,results/intercept_3d_gate1_hardened_safety_no_task_support_5seed_fixed_update60_candidate/runs/multi_relation/bc_ppo_seed4/actor_critic_update_0060.pt,310091,91,checkpoint,100,straight,True,True,80,0.2,1.0,0.3,0,0.0,1,40,80,True,0.0,0.0,0.0,0.0,0.04358974488881918,0.20128205493092538,65.1141022691933,0.0,1.0,0.0,260.0,-1.0,-1.0,0.0,220.0,220.0,-1.0,0.0,0.0,1.0,-1.0,0.0,0.00416666679084301,0.04375000130385161,11254.589081280048,16019.8720703125,4225.806640625,1430.9976806640625,12569.984375,7799.5234375,2.5768502668943256
test,dropout030_relay_failure,no_task_support,no_task_support,none,none,4,60,no_task_support,results/intercept_3d_gate1_hardened_safety_no_task_support_5seed_fixed_update60_candidate/runs/multi_relation/bc_ppo_seed4/actor_critic_update_0060.pt,310092,92,checkpoint,100,straight,True,True,80,0.2,1.0,0.3,0,0.0,1,40,80,True,0.0,0.0,0.0,0.0,0.1974359033199457,0.19487179844425276,69.36410245998547,0.0,1.0,0.0,260.0,-1.0,-1.0,0.0,220.0,220.0,-1.0,0.0,0.0,1.0,-1.0,0.0,0.01250000037252903,0.03958333451300859,10370.754518479567,10258.3759765625,3427.96435546875,1328.676513671875,3574.945556640625,6702.97705078125,20.748951123619918
test,dropout030_relay_failure,no_task_support,no_task_support,none,none,4,60,no_task_support,results/intercept_3d_gate1_hardened_safety_no_task_support_5seed_fixed_update60_candidate/runs/multi_relation/bc_ppo_seed4/actor_critic_update_0060.pt,310093,93,checkpoint,100,straight,True,True,80,0.2,1.0,0.3,0,0.0,1,40,80,True,0.0,0.0,1.0,0.0012820513202593878,0.05256410413063489,0.20448718363275895,65.58653809416752,0.0,1.0,0.0,260.0,43.0,-1.0,0.0,220.0,220.0,-1.0,0.0,0.0,1.0,-1.0,0.0,0.01250000037252903,0.03750000111758709,10498.794007286659,13810.234375,1763.6507568359375,1386.37451171875,3907.47900390625,5350.0732421875,5.7802604730241
test,dropout030_relay_failure,no_task_support,no_task_support,none,none,4,60,no_task_support,results/intercept_3d_gate1_hardened_safety_no_task_support_5seed_fixed_update60_candidate/runs/multi_relation/bc_ppo_seed4/actor_critic_update_0060.pt,310094,94,checkpoint,100,straight,True,True,80,0.2,1.0,0.3,0,0.0,1,40,80,True,0.0,0.0,0.0,0.0,0.051282052810375504,0.21474359362171247,65.14743586967771,0.0,1.0,0.0,260.0,-1.0,-1.0,0.0,220.0,220.0,-1.0,0.0,0.0,1.0,-1.0,0.0,0.0,0.04375000130385161,10767.494258939303,11836.28515625,3496.22509765625,1432.2923583984375,3496.22509765625,6615.27685546875,6.820898350328207
test,dropout030_relay_failure,no_task_support,no_task_support,none,none,4,60,no_task_support,results/intercept_3d_gate1_hardened_safety_no_task_support_5seed_fixed_update60_candidate/runs/multi_relation/bc_ppo_seed4/actor_critic_update_0060.pt,310095,95,checkpoint,100,straight,True,True,80,0.2,1.0,0.3,0,0.0,1,40,80,True,0.0,0.0,0.0,0.0,0.03589743696726286,0.18397436210742363,71.04038462071465,0.0,1.0,0.0,260.0,-1.0,-1.0,0.0,220.0,220.0,-1.0,0.0,0.0,1.0,-1.0,0.0,0.01250000037252903,0.052083334885537624,11485.60928109976,16310.7314453125,2949.432373046875,1192.92236328125,14203.169921875,7849.267578125,0.763069914188236
test,dropout030_relay_failure,no_task_support,no_task_support,none,none,4,60,no_task_support,results/intercept_3d_gate1_hardened_safety_no_task_support_5seed_fixed_update60_candidate/runs/multi_relation/bc_ppo_seed4/actor_critic_update_0060.pt,310096,96,checkpoint,100,straight,True,True,80,0.2,1.0,0.3,0,0.0,1,40,80,True,0.0,0.0,0.0,0.0,0.030769231686225303,0.24230769660610418,59.79038451526027,0.0,1.0,0.0,260.0,-1.0,-1.0,0.0,220.0,220.0,-1.0,0.0,0.0,1.0,-1.0,0.0,0.0,0.02916666753590107,11003.550433819111,13248.0869140625,2846.294677734375,1519.8848876953125,5093.93310546875,5282.9443359375,5.6648064106702805
test,dropout030_relay_failure,no_task_support,no_task_support,none,none,4,60,no_task_support,results/intercept_3d_gate1_hardened_safety_no_task_support_5seed_fixed_update60_candidate/runs/multi_relation/bc_ppo_seed4/actor_critic_update_0060.pt,310097,97,checkpoint,100,straight,True,True,80,0.2,1.0,0.3,0,0.0,1,40,80,True,0.0,0.0,0.0,0.0,0.05512820677115367,0.20961538811142627,64.27307655175144,0.0,1.0,0.0,260.0,-1.0,-1.0,0.0,220.0,220.0,-1.0,0.0,0.0,1.0,-1.0,0.0,0.0,0.03333333432674408,10619.89237905649,13960.83203125,4683.970703125,1199.3455810546875,8449.283203125,6875.5693359375,5.548615673091263
test,dropout030_relay_failure,no_task_support,no_task_support,none,none,4,60,no_task_support,results/intercept_3d_gate1_hardened_safety_no_task_support_5seed_fixed_update60_candidate/runs/multi_relation/bc_ppo_seed4/actor_critic_update_0060.pt,310098,98,checkpoint,100,straight,True,True,80,0.2,1.0,0.3,0,0.0,1,40,80,True,0.0,0.0,0.0,0.0,0.10512820826126978,0.17051282284351496,76.83717892955129,0.0,1.0,0.0,260.0,-1.0,-1.0,0.0,220.0,220.0,-1.0,0.0,0.0,1.0,-1.0,0.0,0.0,0.027083334140479566,10995.251827298678,12171.9912109375,3600.315185546875,817.6393432617188,5119.1162109375,10488.763671875,9.44046929536853
test,dropout030_relay_failure,no_task_support,no_task_support,none,none,4,60,no_task_support,results/intercept_3d_gate1_hardened_safety_no_task_support_5seed_fixed_update60_candidate/runs/multi_relation/bc_ppo_seed4/actor_critic_update_0060.pt,310099,99,checkpoint,100,straight,True,True,80,0.2,1.0,0.3,0,0.0,1,40,80,True,0.0,0.0,1.0,0.0025641026405187756,0.05769230941167244,0.2134615425307017,64.23397433110155,0.0,1.0,0.0,260.0,43.0,-1.0,0.0,220.0,220.0,-1.0,0.0,0.0,1.0,-1.0,0.0,0.01666666716337204,0.03750000111758709,10301.149556790866,12439.2822265625,1592.0653076171875,567.944580078125,1592.0653076171875,4643.56689453125,8.56366763706319
