split,scenario,graph_encoder,graph_relation_ablation,graph_message_ablation,graph_input_ablation,train_seed,checkpoint_update,method,checkpoint,seed,episode,policy_source,episodes,target_policy,strict_target_sensing,agent_target_info_bottleneck,max_target_message_age_steps,min_target_confidence,communication_range_scale,communication_dropout_prob,message_delay_steps,radar_dropout_prob,failed_blue_agent,node_failure_start_step,node_failure_duration_steps,deterministic,success,chain_closed,attack_window_formed,attack_window_rate,tracking_rate,comm_connectivity,mean_message_age,collision,timeout,constraint_violation,steps,first_attack_window_step,first_chain_close_step,post_failure_chain_recovered,post_failure_chain_recovery_steps,post_failure_chain_recovery_steps_censored,post_failure_chain_recovered_only_steps,post_failure_chain_maintained,post_failure_chain_recovered_after_loss,post_failure_chain_unrecovered,post_failure_first_chain_step,chain_closed_during_failure_rate,tracking_during_failure_rate,connectivity_during_failure,avg_mean_range,final_mean_range,episode_min_blue_red_distance,episode_min_blue_blue_distance,final_min_blue_red_distance,final_min_blue_blue_distance,reward_sum
test,dropout030_relay_failure,multi_relation,none,none,none,0,60,EA-RG-MAPPO-S,results/intercept_3d_gate1_hardened_safety_5seed_formal_candidate/runs/multi_relation/bc_ppo_seed0/actor_critic_update_0060.pt,310001,1,checkpoint,100,straight,True,True,80,0.2,1.0,0.3,0,0.0,1,40,80,True,1.0,1.0,1.0,0.03030303120613098,0.4242424287579276,0.6439394012770869,52.70833330330524,0.0,0.0,0.0,44.0,41.0,44.0,1.0,4.0,4.0,4.0,0.0,1.0,0.0,44.0,0.2,1.0,0.26666667461395266,15123.064675071022,5722.01708984375,3854.68017578125,3387.378173828125,3854.68017578125,3387.378173828125,35.691112250089645
test,dropout030_relay_failure,multi_relation,none,none,none,0,60,EA-RG-MAPPO-S,results/intercept_3d_gate1_hardened_safety_5seed_formal_candidate/runs/multi_relation/bc_ppo_seed0/actor_critic_update_0060.pt,310002,2,checkpoint,100,straight,True,True,80,0.2,1.0,0.3,0,0.0,1,40,80,True,1.0,1.0,1.0,0.03030303120613098,0.4166666716337204,0.6250000098212198,46.8674242391505,0.0,0.0,0.0,44.0,41.0,44.0,1.0,4.0,4.0,4.0,0.0,1.0,0.0,44.0,0.2,1.0,0.1666666716337204,15245.872336647728,5876.20703125,3326.49072265625,2371.23388671875,3326.49072265625,2371.23388671875,35.57107773423195
test,dropout030_relay_failure,multi_relation,none,none,none,0,60,EA-RG-MAPPO-S,results/intercept_3d_gate1_hardened_safety_5seed_formal_candidate/runs/multi_relation/bc_ppo_seed0/actor_critic_update_0060.pt,310004,4,checkpoint,100,straight,True,True,80,0.2,1.0,0.3,0,0.0,1,40,80,True,1.0,1.0,1.0,0.03030303120613098,0.41666667095639487,0.6553030376407233,48.803030273792416,0.0,0.0,0.0,44.0,41.0,44.0,1.0,4.0,4.0,4.0,0.0,1.0,0.0,44.0,0.2,1.0,0.1666666716337204,15120.111161665483,5623.1171875,3879.96435546875,3055.1611328125,3879.96435546875,3055.1611328125,35.876622557640076
test,dropout030_relay_failure,multi_relation,none,none,none,0,60,EA-RG-MAPPO-S,results/intercept_3d_gate1_hardened_safety_5seed_formal_candidate/runs/multi_relation/bc_ppo_seed0/actor_critic_update_0060.pt,310005,5,checkpoint,100,straight,True,True,80,0.2,1.0,0.3,0,0.0,1,40,80,True,1.0,1.0,1.0,0.03030303120613098,0.41666667095639487,0.6136363707482815,55.723484678363256,0.0,0.0,0.0,44.0,41.0,44.0,1.0,4.0,4.0,4.0,0.0,1.0,0.0,44.0,0.2,1.0,0.26666667461395266,15156.351606889204,5725.9140625,3628.844482421875,3390.188720703125,3628.844482421875,3390.188720703125,35.11680522561073
test,dropout030_relay_failure,multi_relation,none,none,none,0,60,EA-RG-MAPPO-S,results/intercept_3d_gate1_hardened_safety_5seed_formal_candidate/runs/multi_relation/bc_ppo_seed0/actor_critic_update_0060.pt,310011,11,checkpoint,100,straight,True,True,80,0.2,1.0,0.3,0,0.0,1,40,80,True,1.0,1.0,1.0,0.03030303120613098,0.4242424287579276,0.6590909172188152,45.810606174848296,0.0,0.0,0.0,44.0,41.0,44.0,1.0,4.0,4.0,4.0,0.0,1.0,0.0,44.0,0.2,1.0,0.26666667461395266,15107.714499733665,5636.85302734375,3879.030029296875,2815.831298828125,3879.030029296875,2815.831298828125,36.2227857708931
test,dropout030_relay_failure,multi_relation,none,none,none,0,60,EA-RG-MAPPO-S,results/intercept_3d_gate1_hardened_safety_5seed_formal_candidate/runs/multi_relation/bc_ppo_seed0/actor_critic_update_0060.pt,310014,14,checkpoint,100,straight,True,True,80,0.2,1.0,0.3,0,0.0,1,40,80,True,1.0,1.0,1.0,0.03030303120613098,0.41666667095639487,0.6439394029704008,45.95833327316425,0.0,0.0,0.0,44.0,41.0,44.0,1.0,4.0,4.0,4.0,0.0,1.0,0.0,44.0,0.2,1.0,0.3333333432674408,15130.285433682528,5656.35009765625,3667.7412109375,2440.0986328125,3667.7412109375,2440.0986328125,35.88127365708351
test,dropout030_relay_failure,multi_relation,none,none,none,0,60,EA-RG-MAPPO-S,results/intercept_3d_gate1_hardened_safety_5seed_formal_candidate/runs/multi_relation/bc_ppo_seed0/actor_critic_update_0060.pt,310017,17,checkpoint,100,straight,True,True,80,0.2,1.0,0.3,0,0.0,1,40,80,True,1.0,1.0,1.0,0.03030303120613098,0.4166666716337204,0.6363636441528797,45.98106045851653,0.0,0.0,0.0,44.0,41.0,44.0,1.0,4.0,4.0,4.0,0.0,1.0,0.0,44.0,0.2,1.0,0.23333334028720856,15165.17236328125,5709.80322265625,3437.858154296875,2061.14697265625,3437.858154296875,2061.14697265625,35.76692795753479
test,dropout030_relay_failure,multi_relation,none,none,none,0,60,EA-RG-MAPPO-S,results/intercept_3d_gate1_hardened_safety_5seed_formal_candidate/runs/multi_relation/bc_ppo_seed0/actor_critic_update_0060.pt,310024,24,checkpoint,100,straight,True,True,80,0.2,1.0,0.3,0,0.0,1,40,80,True,1.0,1.0,1.0,0.03030303120613098,0.41666667095639487,0.6590909162028269,51.82196964289654,0.0,0.0,0.0,44.0,41.0,44.0,1.0,4.0,4.0,4.0,0.0,1.0,0.0,44.0,0.2,1.0,0.20000000596046447,15150.01845481179,5721.20703125,3721.352783203125,3620.585205078125,3721.352783203125,3620.585205078125,35.70470690727234
test,dropout030_relay_failure,multi_relation,none,none,none,0,60,EA-RG-MAPPO-S,results/intercept_3d_gate1_hardened_safety_5seed_formal_candidate/runs/multi_relation/bc_ppo_seed0/actor_critic_update_0060.pt,310026,26,checkpoint,100,straight,True,True,80,0.2,1.0,0.3,0,0.0,1,40,80,True,1.0,1.0,1.0,0.03030303120613098,0.4242424287579276,0.6363636427982287,52.77651520445943,0.0,0.0,0.0,44.0,41.0,44.0,1.0,4.0,4.0,4.0,0.0,1.0,0.0,44.0,0.2,1.0,0.1666666716337204,15118.987471147017,5661.642578125,3699.95849609375,2821.50390625,3699.95849609375,2821.50390625,35.716806858778
test,dropout030_relay_failure,multi_relation,none,none,none,0,60,EA-RG-MAPPO-S,results/intercept_3d_gate1_hardened_safety_5seed_formal_candidate/runs/multi_relation/bc_ppo_seed0/actor_critic_update_0060.pt,310029,29,checkpoint,100,straight,True,True,80,0.2,1.0,0.3,0,0.0,1,40,80,True,1.0,1.0,1.0,0.03030303120613098,0.40909091383218765,0.7196969762444496,50.62878750738773,0.0,0.0,0.0,44.0,41.0,44.0,1.0,4.0,4.0,4.0,0.0,1.0,0.0,44.0,0.2,1.0,0.3000000089406967,15150.233021129261,5708.62890625,3594.955810546875,3041.985107421875,3594.955810546875,3041.985107421875,36.16804453730583
test,dropout030_relay_failure,multi_relation,none,none,none,0,60,EA-RG-MAPPO-S,results/intercept_3d_gate1_hardened_safety_5seed_formal_candidate/runs/multi_relation/bc_ppo_seed0/actor_critic_update_0060.pt,310034,34,checkpoint,100,straight,True,True,80,0.2,1.0,0.3,0,0.0,1,40,80,True,1.0,1.0,1.0,0.03030303120613098,0.4242424287579276,0.6704545532437888,45.90151477537372,0.0,0.0,0.0,44.0,41.0,44.0,1.0,4.0,4.0,4.0,0.0,1.0,0.0,44.0,0.2,1.0,0.20000000596046447,15102.718605735085,5623.111328125,3844.114501953125,2341.508544921875,3844.114501953125,2341.508544921875,36.31781995296478
test,dropout030_relay_failure,multi_relation,none,none,none,0,60,EA-RG-MAPPO-S,results/intercept_3d_gate1_hardened_safety_5seed_formal_candidate/runs/multi_relation/bc_ppo_seed0/actor_critic_update_0060.pt,310040,40,checkpoint,100,straight,True,True,80,0.2,1.0,0.3,0,0.0,1,40,80,True,1.0,1.0,1.0,0.03030303120613098,0.41666667095639487,0.7272727343846451,59.53409062664617,0.0,0.0,0.0,44.0,41.0,44.0,1.0,4.0,4.0,4.0,0.0,1.0,0.0,44.0,0.2,1.0,0.1666666716337204,15156.182062322443,5749.5,3775.7841796875,3789.468505859375,3775.7841796875,3789.468505859375,36.01373118162155
test,dropout030_relay_failure,multi_relation,none,none,none,0,60,EA-RG-MAPPO-S,results/intercept_3d_gate1_hardened_safety_5seed_formal_candidate/runs/multi_relation/bc_ppo_seed0/actor_critic_update_0060.pt,310042,42,checkpoint,100,straight,True,True,80,0.2,1.0,0.3,0,0.0,1,40,80,True,1.0,1.0,1.0,0.03030303120613098,0.4242424287579276,0.6401515233923089,50.75757567008788,0.0,0.0,0.0,44.0,41.0,44.0,1.0,4.0,4.0,4.0,0.0,1.0,0.0,44.0,0.2,1.0,0.23333334028720856,15108.538929332386,5651.427734375,3853.034423828125,2801.626708984375,3853.034423828125,2801.626708984375,35.806971967220306
test,dropout030_relay_failure,multi_relation,none,none,none,0,60,EA-RG-MAPPO-S,results/intercept_3d_gate1_hardened_safety_5seed_formal_candidate/runs/multi_relation/bc_ppo_seed0/actor_critic_update_0060.pt,310048,48,checkpoint,100,straight,True,True,80,0.2,1.0,0.3,0,0.0,1,40,80,True,1.0,1.0,1.0,0.03030303120613098,0.41666667095639487,0.6590909168801524,50.787878620692275,0.0,0.0,0.0,44.0,41.0,44.0,1.0,4.0,4.0,4.0,0.0,1.0,0.0,44.0,0.2,1.0,0.23333334028720856,15142.582774769176,5680.93212890625,3780.33642578125,2994.263916015625,3780.33642578125,2994.263916015625,35.78553247451782
test,dropout030_relay_failure,multi_relation,none,none,none,0,60,EA-RG-MAPPO-S,results/intercept_3d_gate1_hardened_safety_5seed_formal_candidate/runs/multi_relation/bc_ppo_seed0/actor_critic_update_0060.pt,310003,3,checkpoint,100,straight,True,True,80,0.2,1.0,0.3,0,0.0,1,40,80,True,1.0,1.0,1.0,0.029629630512661403,0.4296296338240306,0.6888888971673117,55.4037034554614,0.0,0.0,0.0,45.0,42.0,45.0,1.0,5.0,5.0,5.0,0.0,1.0,0.0,45.0,0.16666666666666666,1.0,0.19444445023934046,14936.81394314236,5282.30615234375,3745.74658203125,3424.803466796875,3745.74658203125,3424.803466796875,36.748758882284164
test,dropout030_relay_failure,multi_relation,none,none,none,0,60,EA-RG-MAPPO-S,results/intercept_3d_gate1_hardened_safety_5seed_formal_candidate/runs/multi_relation/bc_ppo_seed0/actor_critic_update_0060.pt,310010,10,checkpoint,100,straight,True,True,80,0.2,1.0,0.3,0,0.0,1,40,80,True,1.0,1.0,1.0,0.029629630512661403,0.4296296338240306,0.6259259359704124,62.21481506692039,0.0,0.0,0.0,45.0,42.0,45.0,1.0,5.0,5.0,5.0,0.0,1.0,0.0,45.0,0.16666666666666666,1.0,0.2777777860562007,14962.510557725695,5376.328125,3567.43896484375,3835.130126953125,3567.43896484375,3835.130126953125,35.74361476302147
test,dropout030_relay_failure,multi_relation,none,none,none,0,60,EA-RG-MAPPO-S,results/intercept_3d_gate1_hardened_safety_5seed_formal_candidate/runs/multi_relation/bc_ppo_seed0/actor_critic_update_0060.pt,310016,16,checkpoint,100,straight,True,True,80,0.2,1.0,0.3,0,0.0,1,40,80,True,1.0,1.0,1.0,0.029629630512661403,0.4370370414521959,0.6518518610133065,47.79629666639699,0.0,0.0,0.0,45.0,42.0,45.0,1.0,5.0,5.0,5.0,0.0,1.0,0.0,45.0,0.16666666666666666,1.0,0.22222222884496054,14866.075998263888,5256.1748046875,3992.837890625,2478.774658203125,3992.837890625,2478.774658203125,36.847843676805496
test,dropout030_relay_failure,multi_relation,none,none,none,0,60,EA-RG-MAPPO-S,results/intercept_3d_gate1_hardened_safety_5seed_formal_candidate/runs/multi_relation/bc_ppo_seed0/actor_critic_update_0060.pt,310019,19,checkpoint,100,straight,True,True,80,0.2,1.0,0.3,0,0.0,1,40,80,True,1.0,1.0,1.0,0.029629630512661403,0.4296296338240306,0.6703703787591723,52.55925937791665,0.0,0.0,0.0,45.0,42.0,45.0,1.0,5.0,5.0,5.0,0.0,1.0,0.0,45.0,0.16666666666666666,1.0,0.2500000074505806,14939.875499131944,5335.37744140625,3679.457275390625,2934.841796875,3679.457275390625,2934.841796875,36.58451300859451
test,dropout030_relay_failure,multi_relation,none,none,none,0,60,EA-RG-MAPPO-S,results/intercept_3d_gate1_hardened_safety_5seed_formal_candidate/runs/multi_relation/bc_ppo_seed0/actor_critic_update_0060.pt,310031,31,checkpoint,100,straight,True,True,80,0.2,1.0,0.3,0,0.0,1,40,80,True,1.0,1.0,1.0,0.029629630512661403,0.4296296338240306,0.6111111220386293,65.12962969044844,0.0,0.0,0.0,45.0,42.0,45.0,1.0,5.0,5.0,5.0,0.0,1.0,0.0,45.0,0.16666666666666666,1.0,0.2777777860562007,14955.404937065972,5428.6025390625,3840.089111328125,3593.458740234375,3840.089111328125,3593.458740234375,35.36911141872406
test,dropout030_relay_failure,multi_relation,none,none,none,0,60,EA-RG-MAPPO-S,results/intercept_3d_gate1_hardened_safety_5seed_formal_candidate/runs/multi_relation/bc_ppo_seed0/actor_critic_update_0060.pt,310036,36,checkpoint,100,straight,True,True,80,0.2,1.0,0.3,0,0.0,1,40,80,True,1.0,1.0,1.0,0.029629630512661403,0.4370370414521959,0.6518518586953481,46.02592584590117,0.0,0.0,0.0,45.0,42.0,45.0,1.0,5.0,5.0,5.0,0.0,1.0,0.0,45.0,0.16666666666666666,1.0,0.1666666716337204,14885.732660590278,5265.0166015625,3571.042236328125,2588.856689453125,3571.042236328125,2588.856689453125,36.91840973496437
test,dropout030_relay_failure,multi_relation,none,none,none,0,60,EA-RG-MAPPO-S,results/intercept_3d_gate1_hardened_safety_5seed_formal_candidate/runs/multi_relation/bc_ppo_seed0/actor_critic_update_0060.pt,310038,38,checkpoint,100,straight,True,True,80,0.2,1.0,0.3,0,0.0,1,40,80,True,1.0,1.0,1.0,0.029629630512661403,0.4370370414521959,0.6407407492399215,46.907407356964214,0.0,0.0,0.0,45.0,42.0,45.0,1.0,5.0,5.0,5.0,0.0,1.0,0.0,45.0,0.16666666666666666,1.0,0.19444445023934046,14872.566764322917,5195.61669921875,3766.433349609375,2905.113037109375,3766.433349609375,2905.113037109375,36.84752593934536
test,dropout030_relay_failure,multi_relation,none,none,none,0,60,EA-RG-MAPPO-S,results/intercept_3d_gate1_hardened_safety_5seed_formal_candidate/runs/multi_relation/bc_ppo_seed0/actor_critic_update_0060.pt,310041,41,checkpoint,100,straight,True,True,80,0.2,1.0,0.3,0,0.0,1,40,80,True,1.0,1.0,1.0,0.029629630512661403,0.4370370414521959,0.6111111187272602,45.95555541349782,0.0,0.0,0.0,45.0,42.0,45.0,1.0,5.0,5.0,5.0,0.0,1.0,0.0,45.0,0.16666666666666666,1.0,0.22222222884496054,14870.082790798611,5266.79638671875,3798.08642578125,2106.535400390625,3798.08642578125,2106.535400390625,36.560906663537025
test,dropout030_relay_failure,multi_relation,none,none,none,0,60,EA-RG-MAPPO-S,results/intercept_3d_gate1_hardened_safety_5seed_formal_candidate/runs/multi_relation/bc_ppo_seed0/actor_critic_update_0060.pt,310049,49,checkpoint,100,straight,True,True,80,0.2,1.0,0.3,0,0.0,1,40,80,True,1.0,1.0,1.0,0.029629630512661403,0.4370370414521959,0.5851851956711875,52.659259567989245,0.0,0.0,0.0,45.0,42.0,45.0,1.0,5.0,5.0,5.0,0.0,1.0,0.0,45.0,0.16666666666666666,1.0,0.2777777860562007,14890.165635850695,5232.63720703125,3806.05029296875,2706.204345703125,3806.05029296875,2706.204345703125,36.05199816823006
test,dropout030_relay_failure,multi_relation,none,none,none,0,60,EA-RG-MAPPO-S,results/intercept_3d_gate1_hardened_safety_5seed_formal_candidate/runs/multi_relation/bc_ppo_seed0/actor_critic_update_0060.pt,310000,0,checkpoint,100,straight,True,True,80,0.2,1.0,0.3,0,0.0,1,40,80,True,1.0,1.0,1.0,0.028985508110212242,0.44202898961046466,0.5978260976464852,55.33333377118992,0.0,0.0,0.0,46.0,43.0,46.0,1.0,6.0,6.0,6.0,0.0,1.0,0.0,46.0,0.14285714285714285,1.0,0.23809524519102915,14670.80564283288,4939.8134765625,3987.071044921875,3049.99365234375,3987.071044921875,3049.99365234375,36.62477895617485
test,dropout030_relay_failure,multi_relation,none,none,none,0,60,EA-RG-MAPPO-S,results/intercept_3d_gate1_hardened_safety_5seed_formal_candidate/runs/multi_relation/bc_ppo_seed0/actor_critic_update_0060.pt,310006,6,checkpoint,100,straight,True,True,80,0.2,1.0,0.3,0,0.0,1,40,80,True,1.0,1.0,1.0,0.028985508110212242,0.44927536663801776,0.6340579792209293,45.98550713839738,0.0,0.0,0.0,46.0,43.0,46.0,1.0,6.0,6.0,6.0,0.0,1.0,0.0,46.0,0.14285714285714285,1.0,0.19047619615282332,14655.408585258152,4830.32421875,3714.90576171875,2497.762451171875,3714.90576171875,2497.762451171875,37.62173908948898
test,dropout030_relay_failure,multi_relation,none,none,none,0,60,EA-RG-MAPPO-S,results/intercept_3d_gate1_hardened_safety_5seed_formal_candidate/runs/multi_relation/bc_ppo_seed0/actor_critic_update_0060.pt,310020,20,checkpoint,100,straight,True,True,80,0.2,1.0,0.3,0,0.0,1,40,80,True,1.0,1.0,1.0,0.028985508110212242,0.44927536663801776,0.601449284216632,57.391304006071195,0.0,0.0,0.0,46.0,43.0,46.0,1.0,6.0,6.0,6.0,0.0,1.0,0.0,46.0,0.14285714285714285,1.0,0.26190476971013205,14688.385073454483,4963.36181640625,3862.719482421875,3677.739990234375,3862.719482421875,3677.739990234375,36.75058859586716
test,dropout030_relay_failure,multi_relation,none,none,none,0,60,EA-RG-MAPPO-S,results/intercept_3d_gate1_hardened_safety_5seed_formal_candidate/runs/multi_relation/bc_ppo_seed0/actor_critic_update_0060.pt,310022,22,checkpoint,100,straight,True,True,80,0.2,1.0,0.3,0,0.0,1,40,80,True,1.0,1.0,1.0,0.028985508110212242,0.44202898961046466,0.6014492838926937,45.13043489371953,0.0,0.0,0.0,46.0,43.0,46.0,1.0,6.0,6.0,6.0,0.0,1.0,0.0,46.0,0.14285714285714285,1.0,0.1666666716337204,14652.549719769022,4907.4443359375,3998.9287109375,2234.06396484375,3998.9287109375,2234.06396484375,37.16507175564766
test,dropout030_relay_failure,multi_relation,none,none,none,0,60,EA-RG-MAPPO-S,results/intercept_3d_gate1_hardened_safety_5seed_formal_candidate/runs/multi_relation/bc_ppo_seed0/actor_critic_update_0060.pt,310025,25,checkpoint,100,straight,True,True,80,0.2,1.0,0.3,0,0.0,1,40,80,True,1.0,1.0,1.0,0.028985508110212242,0.44927536663801776,0.6847826161462328,51.65217374945464,0.0,0.0,0.0,46.0,43.0,46.0,1.0,6.0,6.0,6.0,0.0,1.0,0.0,46.0,0.14285714285714285,1.0,0.19047619615282332,14650.518002717392,4876.1982421875,4082.173095703125,3679.114501953125,4082.173095703125,3679.114501953125,37.88308671116829
test,dropout030_relay_failure,multi_relation,none,none,none,0,60,EA-RG-MAPPO-S,results/intercept_3d_gate1_hardened_safety_5seed_formal_candidate/runs/multi_relation/bc_ppo_seed0/actor_critic_update_0060.pt,310028,28,checkpoint,100,straight,True,True,80,0.2,1.0,0.3,0,0.0,1,40,80,True,1.0,1.0,1.0,0.028985508110212242,0.44927536663801776,0.699275369229524,45.833333115214884,0.0,0.0,0.0,46.0,43.0,46.0,1.0,6.0,6.0,6.0,0.0,1.0,0.0,46.0,0.14285714285714285,1.0,0.21428572067192622,14660.360903532608,4890.67333984375,3927.4404296875,3087.2275390625,3927.4404296875,3087.2275390625,38.25188308954239
test,dropout030_relay_failure,multi_relation,none,none,none,0,60,EA-RG-MAPPO-S,results/intercept_3d_gate1_hardened_safety_5seed_formal_candidate/runs/multi_relation/bc_ppo_seed0/actor_critic_update_0060.pt,310035,35,checkpoint,100,straight,True,True,80,0.2,1.0,0.3,0,0.0,1,40,80,True,1.0,1.0,1.0,0.028985508110212242,0.44927536663801776,0.6594202971976736,53.38405779975912,0.0,0.0,0.0,46.0,43.0,46.0,1.0,6.0,6.0,6.0,0.0,1.0,0.0,46.0,0.14285714285714285,1.0,0.1666666716337204,14646.817499575407,4852.4345703125,3773.807861328125,3010.37255859375,3773.807861328125,3010.37255859375,37.51090535521507
test,dropout030_relay_failure,multi_relation,none,none,none,0,60,EA-RG-MAPPO-S,results/intercept_3d_gate1_hardened_safety_5seed_formal_candidate/runs/multi_relation/bc_ppo_seed0/actor_critic_update_0060.pt,310039,39,checkpoint,100,straight,True,True,80,0.2,1.0,0.3,0,0.0,1,40,80,True,1.0,1.0,1.0,0.028985508110212242,0.44202898961046466,0.6594202962258587,49.695651903424576,0.0,0.0,0.0,46.0,43.0,46.0,1.0,6.0,6.0,6.0,0.0,1.0,0.0,46.0,0.14285714285714285,1.0,0.3095238187483379,14656.898426885191,4902.59912109375,3912.136962890625,2961.279052734375,3912.136962890625,2961.279052734375,37.48834699392319
test,dropout030_relay_failure,multi_relation,none,none,none,0,60,EA-RG-MAPPO-S,results/intercept_3d_gate1_hardened_safety_5seed_formal_candidate/runs/multi_relation/bc_ppo_seed0/actor_critic_update_0060.pt,310045,45,checkpoint,100,straight,True,True,80,0.2,1.0,0.3,0,0.0,1,40,80,True,1.0,1.0,1.0,0.028985508110212242,0.44927536663801776,0.6594202975216119,50.60869584297357,0.0,0.0,0.0,46.0,43.0,46.0,1.0,6.0,6.0,6.0,0.0,1.0,0.0,46.0,0.14285714285714285,1.0,0.26190476971013205,14645.6162109375,4882.13427734375,3917.3349609375,2644.114990234375,3917.3349609375,2644.114990234375,37.66894921660423
test,dropout030_relay_failure,multi_relation,none,none,none,0,60,EA-RG-MAPPO-S,results/intercept_3d_gate1_hardened_safety_5seed_formal_candidate/runs/multi_relation/bc_ppo_seed0/actor_critic_update_0060.pt,310046,46,checkpoint,100,straight,True,True,80,0.2,1.0,0.3,0,0.0,1,40,80,True,1.0,1.0,1.0,0.028985508110212242,0.44927536663801776,0.6123188478143319,47.855072354168996,0.0,0.0,0.0,46.0,43.0,46.0,1.0,6.0,6.0,6.0,0.0,1.0,0.0,46.0,0.14285714285714285,1.0,0.26190476971013205,14649.982963230299,4874.634765625,3898.864990234375,2396.952392578125,3898.864990234375,2396.952392578125,37.38156580924988
test,dropout030_relay_failure,multi_relation,none,none,none,0,60,EA-RG-MAPPO-S,results/intercept_3d_gate1_hardened_safety_5seed_formal_candidate/runs/multi_relation/bc_ppo_seed0/actor_critic_update_0060.pt,310032,32,checkpoint,100,straight,True,True,80,0.2,1.0,0.3,0,0.0,1,40,80,True,1.0,1.0,1.0,0.02836879517169709,0.4539007138698659,0.6382978837540809,54.23049661992712,0.0,0.0,0.0,47.0,44.0,47.0,1.0,7.0,7.0,7.0,0.0,1.0,0.0,47.0,0.125,0.9583333358168602,0.2500000074505806,14445.815627077793,4528.10400390625,3830.68994140625,3169.490234375,3830.68994140625,3169.490234375,38.03078845143318
test,dropout030_relay_failure,multi_relation,none,none,none,0,60,EA-RG-MAPPO-S,results/intercept_3d_gate1_hardened_safety_5seed_formal_candidate/runs/multi_relation/bc_ppo_seed0/actor_critic_update_0060.pt,310037,37,checkpoint,100,straight,True,True,80,0.2,1.0,0.3,0,0.0,1,40,80,True,1.0,1.0,1.0,0.027777778605620067,0.46527778171002865,0.6388888970638315,47.93402751069516,0.0,0.0,0.0,48.0,45.0,48.0,1.0,8.0,8.0,8.0,0.0,1.0,0.0,48.0,0.1111111111111111,1.0,0.24074074791537392,14289.413258870443,4335.58642578125,3138.757080078125,2860.89208984375,3138.757080078125,2860.89208984375,38.91697070002556
test,dropout030_relay_failure,multi_relation,none,none,none,0,60,EA-RG-MAPPO-S,results/intercept_3d_gate1_hardened_safety_5seed_formal_candidate/runs/multi_relation/bc_ppo_seed0/actor_critic_update_0060.pt,310007,7,checkpoint,100,straight,True,True,80,0.2,1.0,0.3,0,0.0,1,40,80,True,0.0,0.0,0.0,0.0,0.09615384764396227,0.1756410288122984,72.6673073326739,0.0,1.0,0.0,260.0,-1.0,-1.0,0.0,220.0,220.0,-1.0,0.0,0.0,1.0,-1.0,0.0,0.1458333358168602,0.15416667126119138,37540.575759652944,79321.9921875,1240.5185546875,1727.668212890625,72879.6328125,13283.7373046875,-38.68373473873362
test,dropout030_relay_failure,multi_relation,none,none,none,0,60,EA-RG-MAPPO-S,results/intercept_3d_gate1_hardened_safety_5seed_formal_candidate/runs/multi_relation/bc_ppo_seed0/actor_critic_update_0060.pt,310008,8,checkpoint,100,straight,True,True,80,0.2,1.0,0.3,0,0.0,1,40,80,True,0.0,0.0,1.0,0.0012820513202593878,0.1025641041306349,0.17051282381782165,73.63846143759214,0.0,1.0,0.0,260.0,45.0,-1.0,0.0,220.0,220.0,-1.0,0.0,0.0,1.0,-1.0,0.0,0.1666666693985462,0.15833333805203437,37292.74778489333,79267.625,836.0081787109375,1763.7396240234375,72771.4140625,14681.263671875,-37.58196736127138
test,dropout030_relay_failure,multi_relation,none,none,none,0,60,EA-RG-MAPPO-S,results/intercept_3d_gate1_hardened_safety_5seed_formal_candidate/runs/multi_relation/bc_ppo_seed0/actor_critic_update_0060.pt,310009,9,checkpoint,100,straight,True,True,80,0.2,1.0,0.3,0,0.0,1,40,80,True,0.0,0.0,1.0,0.003846153960778163,0.10256410401601057,0.14615384861826897,76.01410264842785,0.0,1.0,0.0,260.0,45.0,-1.0,0.0,220.0,220.0,-1.0,0.0,0.0,1.0,-1.0,0.0,0.16666666902601718,0.1270833371207118,37112.64080998347,79422.8984375,941.5333251953125,1600.237548828125,71361.2421875,18957.849609375,-37.816529616713524
test,dropout030_relay_failure,multi_relation,none,none,none,0,60,EA-RG-MAPPO-S,results/intercept_3d_gate1_hardened_safety_5seed_formal_candidate/runs/multi_relation/bc_ppo_seed0/actor_critic_update_0060.pt,310012,12,checkpoint,100,straight,True,True,80,0.2,1.0,0.3,0,0.0,1,40,80,True,0.0,0.0,0.0,0.0,0.09487179632370289,0.1570512847831616,73.77692363995772,0.0,1.0,0.0,260.0,-1.0,-1.0,0.0,220.0,220.0,-1.0,0.0,0.0,1.0,-1.0,0.0,0.14166666902601718,0.11875000353902579,37257.69368145282,78310.234375,1082.48388671875,1475.80126953125,70770.65625,13713.8642578125,-39.21933160349727
test,dropout030_relay_failure,multi_relation,none,none,none,0,60,EA-RG-MAPPO-S,results/intercept_3d_gate1_hardened_safety_5seed_formal_candidate/runs/multi_relation/bc_ppo_seed0/actor_critic_update_0060.pt,310013,13,checkpoint,100,straight,True,True,80,0.2,1.0,0.3,0,0.0,1,40,80,True,0.0,0.0,1.0,0.0012820513202593878,0.09871795016985674,0.171794875481954,72.53333350190749,0.0,1.0,0.0,260.0,45.0,-1.0,0.0,220.0,220.0,-1.0,0.0,0.0,1.0,-1.0,0.0,0.1541666690260172,0.15000000447034836,37569.49450589693,79474.0859375,911.990478515625,1577.2572021484375,73289.3515625,11389.11328125,-38.03480954095721
test,dropout030_relay_failure,multi_relation,none,none,none,0,60,EA-RG-MAPPO-S,results/intercept_3d_gate1_hardened_safety_5seed_formal_candidate/runs/multi_relation/bc_ppo_seed0/actor_critic_update_0060.pt,310015,15,checkpoint,100,straight,True,True,80,0.2,1.0,0.3,0,0.0,1,40,80,True,0.0,0.0,0.0,0.0,0.09230769345393548,0.1884615421295166,69.75641044555948,0.0,1.0,0.0,260.0,-1.0,-1.0,0.0,220.0,220.0,-1.0,0.0,0.0,1.0,-1.0,0.0,0.1416666679084301,0.1312500039115548,37607.88708120493,79144.1796875,2254.047607421875,1782.7763671875,75001.0234375,4664.06787109375,-38.90413060877472
test,dropout030_relay_failure,multi_relation,none,none,none,0,60,EA-RG-MAPPO-S,results/intercept_3d_gate1_hardened_safety_5seed_formal_candidate/runs/multi_relation/bc_ppo_seed0/actor_critic_update_0060.pt,310018,18,checkpoint,100,straight,True,True,80,0.2,1.0,0.3,0,0.0,1,40,80,True,0.0,0.0,1.0,0.0012820513202593878,0.10128205269575119,0.18269231136028583,70.55192279586426,0.0,1.0,0.0,260.0,46.0,-1.0,0.0,220.0,220.0,-1.0,0.0,0.0,1.0,-1.0,0.0,0.1625000022351742,0.16250000484287738,37897.10389873798,81063.1953125,1198.546142578125,1971.860107421875,77566.109375,12865.681640625,-38.10242584347725
test,dropout030_relay_failure,multi_relation,none,none,none,0,60,EA-RG-MAPPO-S,results/intercept_3d_gate1_hardened_safety_5seed_formal_candidate/runs/multi_relation/bc_ppo_seed0/actor_critic_update_0060.pt,310021,21,checkpoint,100,straight,True,True,80,0.2,1.0,0.3,0,0.0,1,40,80,True,0.0,0.0,1.0,0.003846153960778163,0.10384615533626997,0.18012820803202115,71.66794832262855,0.0,1.0,0.0,260.0,44.0,-1.0,0.0,220.0,220.0,-1.0,0.0,0.0,1.0,-1.0,0.0,0.1708333358168602,0.15625000465661287,37628.66987022987,80162.0859375,603.7940063476562,1788.3741455078125,74672.9453125,14075.6357421875,-35.94198767840862
test,dropout030_relay_failure,multi_relation,none,none,none,0,60,EA-RG-MAPPO-S,results/intercept_3d_gate1_hardened_safety_5seed_formal_candidate/runs/multi_relation/bc_ppo_seed0/actor_critic_update_0060.pt,310023,23,checkpoint,100,straight,True,True,80,0.2,1.0,0.3,0,0.0,1,40,80,True,0.0,0.0,1.0,0.0025641026405187756,0.09871795005523241,0.1705128238751338,73.40512777492404,0.0,1.0,0.0,260.0,46.0,-1.0,0.0,220.0,220.0,-1.0,0.0,0.0,1.0,-1.0,0.0,0.15416666865348816,0.13333333730697633,37401.82904616136,79896.7265625,1108.69384765625,1592.33984375,73066.078125,16186.87890625,-37.962455119006336
test,dropout030_relay_failure,multi_relation,none,none,none,0,60,EA-RG-MAPPO-S,results/intercept_3d_gate1_hardened_safety_5seed_formal_candidate/runs/multi_relation/bc_ppo_seed0/actor_critic_update_0060.pt,310027,27,checkpoint,100,straight,True,True,80,0.2,1.0,0.3,0,0.0,1,40,80,True,0.0,0.0,1.0,0.0025641026405187756,0.10128205258112688,0.18269231158953447,70.05448683007405,0.0,1.0,0.0,260.0,47.0,-1.0,0.0,220.0,220.0,-1.0,0.0,0.0,1.0,-1.0,0.0,0.16250000186264515,0.12083333693444728,37175.496397986775,78710.6953125,825.0886840820312,1657.9271240234375,74080.796875,5792.2138671875,-36.27822130359709
test,dropout030_relay_failure,multi_relation,none,none,none,0,60,EA-RG-MAPPO-S,results/intercept_3d_gate1_hardened_safety_5seed_formal_candidate/runs/multi_relation/bc_ppo_seed0/actor_critic_update_0060.pt,310030,30,checkpoint,100,straight,True,True,80,0.2,1.0,0.3,0,0.0,1,40,80,True,0.0,0.0,0.0,0.0,0.10000000160474043,0.15769231050060345,74.44615399768719,0.0,1.0,0.0,260.0,-1.0,-1.0,0.0,220.0,220.0,-1.0,0.0,0.0,1.0,-1.0,0.0,0.15833333618938922,0.13541667070239782,37048.87538217398,78144.5,675.174560546875,1556.4676513671875,70220.828125,16266.49609375,-38.58788879215717
test,dropout030_relay_failure,multi_relation,none,none,none,0,60,EA-RG-MAPPO-S,results/intercept_3d_gate1_hardened_safety_5seed_formal_candidate/runs/multi_relation/bc_ppo_seed0/actor_critic_update_0060.pt,310033,33,checkpoint,100,straight,True,True,80,0.2,1.0,0.3,0,0.0,1,40,80,True,0.0,0.0,1.0,0.0025641026405187756,0.09743589873497303,0.1512820537846822,75.47948756263806,0.0,1.0,0.0,260.0,45.0,-1.0,0.0,220.0,220.0,-1.0,0.0,0.0,1.0,-1.0,0.0,0.15000000186264514,0.1270833371207118,37242.4090228741,78909.7734375,1153.912841796875,1523.71630859375,70882.515625,17195.810546875,-38.3536780141294
test,dropout030_relay_failure,multi_relation,none,none,none,0,60,EA-RG-MAPPO-S,results/intercept_3d_gate1_hardened_safety_5seed_formal_candidate/runs/multi_relation/bc_ppo_seed0/actor_critic_update_0060.pt,310043,43,checkpoint,100,straight,True,True,80,0.2,1.0,0.3,0,0.0,1,40,80,True,0.0,0.0,0.0,0.0,0.09743589907884598,0.20192308059105507,67.27884606014078,0.0,1.0,0.0,260.0,-1.0,-1.0,0.0,220.0,220.0,-1.0,0.0,0.0,1.0,-1.0,0.0,0.15000000298023225,0.1708333384245634,37916.329102501506,79927.1875,999.2962646484375,1899.59912109375,75318.40625,8523.7197265625,-37.46005357801914
test,dropout030_relay_failure,multi_relation,none,none,none,0,60,EA-RG-MAPPO-S,results/intercept_3d_gate1_hardened_safety_5seed_formal_candidate/runs/multi_relation/bc_ppo_seed0/actor_critic_update_0060.pt,310044,44,checkpoint,100,straight,True,True,80,0.2,1.0,0.3,0,0.0,1,40,80,True,0.0,0.0,1.0,0.003846153960778163,0.10897436073193183,0.14615384879020543,76.32307728443008,0.0,1.0,0.0,260.0,43.0,-1.0,0.0,220.0,220.0,-1.0,0.0,0.0,1.0,-1.0,0.0,0.18333333656191825,0.12291667032986879,36860.78087158203,78742.7890625,579.0285034179688,1454.2210693359375,73302.640625,10620.1767578125,-36.712585121393204
test,dropout030_relay_failure,multi_relation,none,none,none,0,60,EA-RG-MAPPO-S,results/intercept_3d_gate1_hardened_safety_5seed_formal_candidate/runs/multi_relation/bc_ppo_seed0/actor_critic_update_0060.pt,310047,47,checkpoint,100,straight,True,True,80,0.2,1.0,0.3,0,0.0,1,40,80,True,0.0,0.0,1.0,0.0025641026405187756,0.09871795005523241,0.15961538690787094,75.37564062458965,0.0,1.0,0.0,260.0,46.0,-1.0,0.0,220.0,220.0,-1.0,0.0,0.0,1.0,-1.0,0.0,0.15416666865348816,0.12083333693444728,37123.70067044772,79270.1484375,1089.4185791015625,1502.6907958984375,70898.0859375,19018.662109375,-38.033276128582656
test,dropout030_relay_failure,multi_relation,none,none,none,0,60,EA-RG-MAPPO-S,results/intercept_3d_gate1_hardened_safety_5seed_formal_candidate/runs/multi_relation/bc_ppo_seed0/actor_critic_update_0060.pt,310059,59,checkpoint,100,straight,True,True,80,0.2,1.0,0.3,0,0.0,1,40,80,True,1.0,1.0,1.0,0.03030303120613098,0.41666667095639487,0.6553030373020605,47.82954528284344,0.0,0.0,0.0,44.0,41.0,44.0,1.0,4.0,4.0,4.0,0.0,1.0,0.0,44.0,0.2,1.0,0.26666667461395266,15115.546497691761,5634.32861328125,3771.915283203125,2881.400146484375,3771.915283203125,2881.400146484375,35.90756809711456
test,dropout030_relay_failure,multi_relation,none,none,none,0,60,EA-RG-MAPPO-S,results/intercept_3d_gate1_hardened_safety_5seed_formal_candidate/runs/multi_relation/bc_ppo_seed0/actor_critic_update_0060.pt,310077,77,checkpoint,100,straight,True,True,80,0.2,1.0,0.3,0,0.0,1,40,80,True,1.0,1.0,1.0,0.03030303120613098,0.40909091383218765,0.6553030383180488,49.77651515569199,0.0,0.0,0.0,44.0,41.0,44.0,1.0,4.0,4.0,4.0,0.0,1.0,0.0,44.0,0.2,1.0,0.23333334028720856,15156.550858931108,5695.634765625,3630.18115234375,3121.397705078125,3630.18115234375,3121.397705078125,35.6679684817791
test,dropout030_relay_failure,multi_relation,none,none,none,0,60,EA-RG-MAPPO-S,results/intercept_3d_gate1_hardened_safety_5seed_formal_candidate/runs/multi_relation/bc_ppo_seed0/actor_critic_update_0060.pt,310088,88,checkpoint,100,straight,True,True,80,0.2,1.0,0.3,0,0.0,1,40,80,True,1.0,1.0,1.0,0.03030303120613098,0.4166666716337204,0.651515160094608,50.738636535677045,0.0,0.0,0.0,44.0,41.0,44.0,1.0,4.0,4.0,4.0,0.0,1.0,0.0,44.0,0.2,1.0,0.26666667461395266,15222.498779296875,5840.00048828125,3383.707275390625,3166.257568359375,3383.707275390625,3166.257568359375,35.65804880857468
test,dropout030_relay_failure,multi_relation,none,none,none,0,60,EA-RG-MAPPO-S,results/intercept_3d_gate1_hardened_safety_5seed_formal_candidate/runs/multi_relation/bc_ppo_seed0/actor_critic_update_0060.pt,310092,92,checkpoint,100,straight,True,True,80,0.2,1.0,0.3,0,0.0,1,40,80,True,1.0,1.0,1.0,0.03030303120613098,0.40909091383218765,0.6439394029704008,55.70454563302073,0.0,0.0,0.0,44.0,41.0,44.0,1.0,4.0,4.0,4.0,0.0,1.0,0.0,44.0,0.2,1.0,0.20000000596046447,15196.578813032671,5887.97705078125,3529.189453125,3896.59228515625,3529.189453125,3896.59228515625,35.13429003953934
test,dropout030_relay_failure,multi_relation,none,none,none,0,60,EA-RG-MAPPO-S,results/intercept_3d_gate1_hardened_safety_5seed_formal_candidate/runs/multi_relation/bc_ppo_seed0/actor_critic_update_0060.pt,310053,53,checkpoint,100,straight,True,True,80,0.2,1.0,0.3,0,0.0,1,40,80,True,1.0,1.0,1.0,0.029629630512661403,0.4370370414521959,0.703703710436821,46.781481483247546,0.0,0.0,0.0,45.0,42.0,45.0,1.0,5.0,5.0,5.0,0.0,1.0,0.0,45.0,0.16666666666666666,1.0,0.19444445023934046,14859.872569444444,5128.39111328125,3475.1259765625,2813.4912109375,3475.1259765625,2813.4912109375,37.564207792282104
test,dropout030_relay_failure,multi_relation,none,none,none,0,60,EA-RG-MAPPO-S,results/intercept_3d_gate1_hardened_safety_5seed_formal_candidate/runs/multi_relation/bc_ppo_seed0/actor_critic_update_0060.pt,310054,54,checkpoint,100,straight,True,True,80,0.2,1.0,0.3,0,0.0,1,40,80,True,1.0,1.0,1.0,0.029629630512661403,0.4370370414521959,0.6592592656612396,40.16296291020181,0.0,0.0,0.0,45.0,42.0,45.0,1.0,5.0,5.0,5.0,0.0,1.0,0.0,45.0,0.16666666666666666,1.0,0.1666666716337204,14872.730815972222,5161.2431640625,3776.815673828125,2544.204345703125,3776.815673828125,2544.204345703125,37.41596654057503
test,dropout030_relay_failure,multi_relation,none,none,none,0,60,EA-RG-MAPPO-S,results/intercept_3d_gate1_hardened_safety_5seed_formal_candidate/runs/multi_relation/bc_ppo_seed0/actor_critic_update_0060.pt,310058,58,checkpoint,100,straight,True,True,80,0.2,1.0,0.3,0,0.0,1,40,80,True,1.0,1.0,1.0,0.029629630512661403,0.4370370414521959,0.6703703754478031,43.08148102958997,0.0,0.0,0.0,45.0,42.0,45.0,1.0,5.0,5.0,5.0,0.0,1.0,0.0,45.0,0.16666666666666666,1.0,0.22222222884496054,14879.686783854168,5258.8828125,3787.86865234375,2207.06982421875,3787.86865234375,2207.06982421875,37.32157385349274
test,dropout030_relay_failure,multi_relation,none,none,none,0,60,EA-RG-MAPPO-S,results/intercept_3d_gate1_hardened_safety_5seed_formal_candidate/runs/multi_relation/bc_ppo_seed0/actor_critic_update_0060.pt,310062,62,checkpoint,100,straight,True,True,80,0.2,1.0,0.3,0,0.0,1,40,80,True,1.0,1.0,1.0,0.029629630512661403,0.4370370414521959,0.6370370450947019,45.8666667216354,0.0,0.0,0.0,45.0,42.0,45.0,1.0,5.0,5.0,5.0,0.0,1.0,0.0,45.0,0.16666666666666666,1.0,0.19444445023934046,14870.527278645834,5276.67431640625,3989.91455078125,2255.905517578125,3989.91455078125,2255.905517578125,36.83051419258118
test,dropout030_relay_failure,multi_relation,none,none,none,0,60,EA-RG-MAPPO-S,results/intercept_3d_gate1_hardened_safety_5seed_formal_candidate/runs/multi_relation/bc_ppo_seed0/actor_critic_update_0060.pt,310066,66,checkpoint,100,straight,True,True,80,0.2,1.0,0.3,0,0.0,1,40,80,True,1.0,1.0,1.0,0.029629630512661403,0.4370370414521959,0.6037037137481901,51.725925812456346,0.0,0.0,0.0,45.0,42.0,45.0,1.0,5.0,5.0,5.0,0.0,1.0,0.0,45.0,0.16666666666666666,1.0,0.2777777860562007,14906.831065538194,5328.72998046875,3795.0478515625,2423.779296875,3795.0478515625,2423.779296875,36.23109745979309
test,dropout030_relay_failure,multi_relation,none,none,none,0,60,EA-RG-MAPPO-S,results/intercept_3d_gate1_hardened_safety_5seed_formal_candidate/runs/multi_relation/bc_ppo_seed0/actor_critic_update_0060.pt,310069,69,checkpoint,100,straight,True,True,80,0.2,1.0,0.3,0,0.0,1,40,80,True,1.0,1.0,1.0,0.029629630512661403,0.4296296338240306,0.6259259346458647,54.61851857569483,0.0,0.0,0.0,45.0,42.0,45.0,1.0,5.0,5.0,5.0,0.0,1.0,0.0,45.0,0.16666666666666666,1.0,0.22222222884496054,14925.860036892362,5266.05908203125,3771.306884765625,3154.475341796875,3771.306884765625,3154.475341796875,36.13116979598999
test,dropout030_relay_failure,multi_relation,none,none,none,0,60,EA-RG-MAPPO-S,results/intercept_3d_gate1_hardened_safety_5seed_formal_candidate/runs/multi_relation/bc_ppo_seed0/actor_critic_update_0060.pt,310070,70,checkpoint,100,straight,True,True,80,0.2,1.0,0.3,0,0.0,1,40,80,True,1.0,1.0,1.0,0.029629630512661403,0.4370370414521959,0.6000000099341075,51.63703725702233,0.0,0.0,0.0,45.0,42.0,45.0,1.0,5.0,5.0,5.0,0.0,1.0,0.0,45.0,0.16666666666666666,1.0,0.19444445023934046,14921.908463541668,5423.841796875,3976.34814453125,2079.998779296875,3976.34814453125,2079.998779296875,36.1220006942749
test,dropout030_relay_failure,multi_relation,none,none,none,0,60,EA-RG-MAPPO-S,results/intercept_3d_gate1_hardened_safety_5seed_formal_candidate/runs/multi_relation/bc_ppo_seed0/actor_critic_update_0060.pt,310076,76,checkpoint,100,straight,True,True,80,0.2,1.0,0.3,0,0.0,1,40,80,True,1.0,1.0,1.0,0.029629630512661403,0.4370370414521959,0.6370370441012912,47.85185154477755,0.0,0.0,0.0,45.0,42.0,45.0,1.0,5.0,5.0,5.0,0.0,1.0,0.0,45.0,0.16666666666666666,1.0,0.3333333432674408,14878.835807291667,5258.658203125,4032.841064453125,2775.524169921875,4032.841064453125,2775.524169921875,36.72194027900696
test,dropout030_relay_failure,multi_relation,none,none,none,0,60,EA-RG-MAPPO-S,results/intercept_3d_gate1_hardened_safety_5seed_formal_candidate/runs/multi_relation/bc_ppo_seed0/actor_critic_update_0060.pt,310078,78,checkpoint,100,straight,True,True,80,0.2,1.0,0.3,0,0.0,1,40,80,True,1.0,1.0,1.0,0.029629630512661403,0.4370370414521959,0.6296296394533581,45.94814792440997,0.0,0.0,0.0,45.0,42.0,45.0,1.0,5.0,5.0,5.0,0.0,1.0,0.0,45.0,0.16666666666666666,1.0,0.19444445023934046,14872.998958333334,5209.87158203125,3581.094482421875,2415.096435546875,3581.094482421875,2415.096435546875,36.77726325392723
test,dropout030_relay_failure,multi_relation,none,none,none,0,60,EA-RG-MAPPO-S,results/intercept_3d_gate1_hardened_safety_5seed_formal_candidate/runs/multi_relation/bc_ppo_seed0/actor_critic_update_0060.pt,310079,79,checkpoint,100,straight,True,True,80,0.2,1.0,0.3,0,0.0,1,40,80,True,1.0,1.0,1.0,0.029629630512661403,0.4370370414521959,0.6222222318251928,54.55925920142068,0.0,0.0,0.0,45.0,42.0,45.0,1.0,5.0,5.0,5.0,0.0,1.0,0.0,45.0,0.16666666666666666,1.0,0.22222222884496054,14906.317730034722,5294.68310546875,3535.5625,3515.597412109375,3535.5625,3515.597412109375,36.261246621608734
test,dropout030_relay_failure,multi_relation,none,none,none,0,60,EA-RG-MAPPO-S,results/intercept_3d_gate1_hardened_safety_5seed_formal_candidate/runs/multi_relation/bc_ppo_seed0/actor_critic_update_0060.pt,310081,81,checkpoint,100,straight,True,True,80,0.2,1.0,0.3,0,0.0,1,40,80,True,1.0,1.0,1.0,0.029629630512661403,0.4370370414521959,0.6592592653301027,47.803703700171575,0.0,0.0,0.0,45.0,42.0,45.0,1.0,5.0,5.0,5.0,0.0,1.0,0.0,45.0,0.16666666666666666,1.0,0.1666666716337204,14875.358224826388,5211.25048828125,3691.936279296875,2896.3212890625,3691.936279296875,2896.3212890625,36.959191888570786
test,dropout030_relay_failure,multi_relation,none,none,none,0,60,EA-RG-MAPPO-S,results/intercept_3d_gate1_hardened_safety_5seed_formal_candidate/runs/multi_relation/bc_ppo_seed0/actor_critic_update_0060.pt,310085,85,checkpoint,100,straight,True,True,80,0.2,1.0,0.3,0,0.0,1,40,80,True,1.0,1.0,1.0,0.029629630512661403,0.4296296338240306,0.6148148228724798,55.592592198650046,0.0,0.0,0.0,45.0,42.0,45.0,1.0,5.0,5.0,5.0,0.0,1.0,0.0,45.0,0.16666666666666666,1.0,0.19444445023934046,14919.489105902778,5328.21142578125,3693.264892578125,2914.9052734375,3693.264892578125,2914.9052734375,35.961876064538956
test,dropout030_relay_failure,multi_relation,none,none,none,0,60,EA-RG-MAPPO-S,results/intercept_3d_gate1_hardened_safety_5seed_formal_candidate/runs/multi_relation/bc_ppo_seed0/actor_critic_update_0060.pt,310091,91,checkpoint,100,straight,True,True,80,0.2,1.0,0.3,0,0.0,1,40,80,True,1.0,1.0,1.0,0.029629630512661403,0.4370370414521959,0.6592592669857873,45.12962979276975,0.0,0.0,0.0,45.0,42.0,45.0,1.0,5.0,5.0,5.0,0.0,1.0,0.0,45.0,0.16666666666666666,1.0,0.22222222884496054,14873.443674045138,5193.798828125,3778.685791015625,2625.9560546875,3778.685791015625,2625.9560546875,37.19731590151787
test,dropout030_relay_failure,multi_relation,none,none,none,0,60,EA-RG-MAPPO-S,results/intercept_3d_gate1_hardened_safety_5seed_formal_candidate/runs/multi_relation/bc_ppo_seed0/actor_critic_update_0060.pt,310095,95,checkpoint,100,straight,True,True,80,0.2,1.0,0.3,0,0.0,1,40,80,True,1.0,1.0,1.0,0.029629630512661403,0.4296296338240306,0.6555555664830738,48.81111150085926,0.0,0.0,0.0,45.0,42.0,45.0,1.0,5.0,5.0,5.0,0.0,1.0,0.0,45.0,0.16666666666666666,1.0,0.3055555646618207,14919.37265625,5284.0400390625,3807.0615234375,3151.016357421875,3807.0615234375,3151.016357421875,36.65973389148712
test,dropout030_relay_failure,multi_relation,none,none,none,0,60,EA-RG-MAPPO-S,results/intercept_3d_gate1_hardened_safety_5seed_formal_candidate/runs/multi_relation/bc_ppo_seed0/actor_critic_update_0060.pt,310056,56,checkpoint,100,straight,True,True,80,0.2,1.0,0.3,0,0.0,1,40,80,True,1.0,1.0,1.0,0.028985508110212242,0.44202898961046466,0.6413043562484824,45.92029007394677,0.0,0.0,0.0,46.0,43.0,46.0,1.0,6.0,6.0,6.0,0.0,1.0,0.0,46.0,0.14285714285714285,1.0,0.1666666716337204,14646.476254670517,4882.35400390625,4058.517822265625,2924.063720703125,4058.517822265625,2924.063720703125,37.60060656070709
test,dropout030_relay_failure,multi_relation,none,none,none,0,60,EA-RG-MAPPO-S,results/intercept_3d_gate1_hardened_safety_5seed_formal_candidate/runs/multi_relation/bc_ppo_seed0/actor_critic_update_0060.pt,310057,57,checkpoint,100,straight,True,True,80,0.2,1.0,0.3,0,0.0,1,40,80,True,1.0,1.0,1.0,0.028985508110212242,0.44927536663801776,0.641304356896359,49.62318867898506,0.0,0.0,0.0,46.0,43.0,46.0,1.0,6.0,6.0,6.0,0.0,1.0,0.0,46.0,0.14285714285714285,1.0,0.21428572067192622,14653.82033372962,4883.19677734375,3893.7138671875,2890.88916015625,3893.7138671875,2890.88916015625,37.4661830663681
test,dropout030_relay_failure,multi_relation,none,none,none,0,60,EA-RG-MAPPO-S,results/intercept_3d_gate1_hardened_safety_5seed_formal_candidate/runs/multi_relation/bc_ppo_seed0/actor_critic_update_0060.pt,310060,60,checkpoint,100,straight,True,True,80,0.2,1.0,0.3,0,0.0,1,40,80,True,1.0,1.0,1.0,0.028985508110212242,0.44927536663801776,0.6847826148504796,45.905796883546785,0.0,0.0,0.0,46.0,43.0,46.0,1.0,6.0,6.0,6.0,0.0,1.0,0.0,46.0,0.14285714285714285,1.0,0.23809524519102915,14668.370722231657,4867.50634765625,3908.584716796875,2815.7509765625,3908.584716796875,2815.7509765625,38.05825510621071
test,dropout030_relay_failure,multi_relation,none,none,none,0,60,EA-RG-MAPPO-S,results/intercept_3d_gate1_hardened_safety_5seed_formal_candidate/runs/multi_relation/bc_ppo_seed0/actor_critic_update_0060.pt,310064,64,checkpoint,100,straight,True,True,80,0.2,1.0,0.3,0,0.0,1,40,80,True,1.0,1.0,1.0,0.028985508110212242,0.44202898961046466,0.6304347910310911,57.20652163547018,0.0,0.0,0.0,46.0,43.0,46.0,1.0,6.0,6.0,6.0,0.0,1.0,0.0,46.0,0.14285714285714285,1.0,0.1666666716337204,14667.98976732337,4924.01806640625,3944.696533203125,4322.2421875,3944.696533203125,4322.2421875,36.9384945333004
test,dropout030_relay_failure,multi_relation,none,none,none,0,60,EA-RG-MAPPO-S,results/intercept_3d_gate1_hardened_safety_5seed_formal_candidate/runs/multi_relation/bc_ppo_seed0/actor_critic_update_0060.pt,310071,71,checkpoint,100,straight,True,True,80,0.2,1.0,0.3,0,0.0,1,40,80,True,1.0,1.0,1.0,0.028985508110212242,0.44202898961046466,0.6014492835687555,50.717391223039314,0.0,0.0,0.0,46.0,43.0,46.0,1.0,6.0,6.0,6.0,0.0,1.0,0.0,46.0,0.14285714285714285,1.0,0.26190476971013205,14650.806587550951,4884.85546875,4042.168701171875,2938.898193359375,4042.168701171875,2938.898193359375,36.91954645514488
test,dropout030_relay_failure,multi_relation,none,none,none,0,60,EA-RG-MAPPO-S,results/intercept_3d_gate1_hardened_safety_5seed_formal_candidate/runs/multi_relation/bc_ppo_seed0/actor_critic_update_0060.pt,310083,83,checkpoint,100,straight,True,True,80,0.2,1.0,0.3,0,0.0,1,40,80,True,1.0,1.0,1.0,0.028985508110212242,0.44202898961046466,0.6630434863593268,49.62681148233621,0.0,0.0,0.0,46.0,43.0,46.0,1.0,6.0,6.0,6.0,0.0,1.0,0.0,46.0,0.14285714285714285,1.0,0.19047619615282332,14660.539497707201,4893.61474609375,3973.86865234375,2962.6953125,3973.86865234375,2962.6953125,37.53182002902031
test,dropout030_relay_failure,multi_relation,none,none,none,0,60,EA-RG-MAPPO-S,results/intercept_3d_gate1_hardened_safety_5seed_formal_candidate/runs/multi_relation/bc_ppo_seed0/actor_critic_update_0060.pt,310084,84,checkpoint,100,straight,True,True,80,0.2,1.0,0.3,0,0.0,1,40,80,True,1.0,1.0,1.0,0.028985508110212242,0.44927536663801776,0.6014492832448172,47.81521722965914,0.0,0.0,0.0,46.0,43.0,46.0,1.0,6.0,6.0,6.0,0.0,1.0,0.0,46.0,0.14285714285714285,1.0,0.21428572067192622,14652.705630095108,4861.44482421875,3858.38134765625,2677.681640625,3858.38134765625,2677.681640625,37.29640284180641
test,dropout030_relay_failure,multi_relation,none,none,none,0,60,EA-RG-MAPPO-S,results/intercept_3d_gate1_hardened_safety_5seed_formal_candidate/runs/multi_relation/bc_ppo_seed0/actor_critic_update_0060.pt,310055,55,checkpoint,100,straight,True,True,80,0.2,1.0,0.3,0,0.0,1,40,80,True,1.0,1.0,1.0,0.02836879517169709,0.4609929120286982,0.560283695446684,56.226950226311985,0.0,0.0,0.0,47.0,44.0,47.0,1.0,7.0,7.0,7.0,0.0,1.0,0.0,47.0,0.125,1.0,0.14583333767950535,14469.954911901596,4626.89111328125,3802.76953125,3377.203857421875,3802.76953125,3377.203857421875,37.15698716044426
test,dropout030_relay_failure,multi_relation,none,none,none,0,60,EA-RG-MAPPO-S,results/intercept_3d_gate1_hardened_safety_5seed_formal_candidate/runs/multi_relation/bc_ppo_seed0/actor_critic_update_0060.pt,310065,65,checkpoint,100,straight,True,True,80,0.2,1.0,0.3,0,0.0,1,40,80,True,1.0,1.0,1.0,0.02836879517169709,0.4539007138698659,0.6418439780778074,39.54609901981151,0.0,0.0,0.0,47.0,44.0,47.0,1.0,7.0,7.0,7.0,0.0,1.0,0.0,47.0,0.125,0.9583333358168602,0.18750000558793545,14480.508841007313,4628.63916015625,3959.4658203125,2047.203125,3959.4658203125,2047.203125,38.62683990597725
test,dropout030_relay_failure,multi_relation,none,none,none,0,60,EA-RG-MAPPO-S,results/intercept_3d_gate1_hardened_safety_5seed_formal_candidate/runs/multi_relation/bc_ppo_seed0/actor_critic_update_0060.pt,310073,73,checkpoint,100,straight,True,True,80,0.2,1.0,0.3,0,0.0,1,40,80,True,1.0,1.0,1.0,0.02836879517169709,0.4539007132357739,0.634751780870113,47.97163103679393,0.0,0.0,0.0,47.0,44.0,47.0,1.0,7.0,7.0,7.0,0.0,1.0,0.0,47.0,0.125,1.0,0.2500000074505806,14449.61362408577,4523.82958984375,3756.987060546875,2942.585205078125,3756.987060546875,2942.585205078125,38.13894408941269
test,dropout030_relay_failure,multi_relation,none,none,none,0,60,EA-RG-MAPPO-S,results/intercept_3d_gate1_hardened_safety_5seed_formal_candidate/runs/multi_relation/bc_ppo_seed0/actor_critic_update_0060.pt,310096,96,checkpoint,100,straight,True,True,80,0.2,1.0,0.3,0,0.0,1,40,80,True,1.0,1.0,1.0,0.02836879517169709,0.4539007132357739,0.6382978789983912,50.62056732589894,0.0,0.0,0.0,47.0,44.0,47.0,1.0,7.0,7.0,7.0,0.0,1.0,0.0,47.0,0.125,1.0,0.2083333395421505,14464.317175033244,4629.24755859375,3834.966796875,2624.203369140625,3834.966796875,2624.203369140625,37.96529999375343
test,dropout030_relay_failure,multi_relation,none,none,none,0,60,EA-RG-MAPPO-S,results/intercept_3d_gate1_hardened_safety_5seed_formal_candidate/runs/multi_relation/bc_ppo_seed0/actor_critic_update_0060.pt,310094,94,checkpoint,100,straight,True,True,80,0.2,1.0,0.3,0,0.0,1,40,80,True,1.0,1.0,1.0,0.027777778605620067,0.45833333767950535,0.6111111203208566,55.9965279645597,0.0,0.0,0.0,48.0,45.0,48.0,1.0,8.0,8.0,8.0,0.0,1.0,0.0,48.0,0.1111111111111111,0.9629629651705424,0.18518519070413378,14281.390747070312,4309.6806640625,3230.256591796875,3311.571533203125,3230.256591796875,3311.571533203125,38.15241512656212
test,dropout030_relay_failure,multi_relation,none,none,none,0,60,EA-RG-MAPPO-S,results/intercept_3d_gate1_hardened_safety_5seed_formal_candidate/runs/multi_relation/bc_ppo_seed0/actor_critic_update_0060.pt,310050,50,checkpoint,100,straight,True,True,80,0.2,1.0,0.3,0,0.0,1,40,80,True,0.0,0.0,0.0,0.0,0.09358974488881919,0.1673076953452367,73.15641001485861,0.0,1.0,0.0,260.0,-1.0,-1.0,0.0,220.0,220.0,-1.0,0.0,0.0,1.0,-1.0,0.0,0.14166666865348815,0.13750000409781932,37544.27227877104,79599.9296875,1503.462158203125,1713.911376953125,72947.859375,14345.0341796875,-39.763568489812315
test,dropout030_relay_failure,multi_relation,none,none,none,0,60,EA-RG-MAPPO-S,results/intercept_3d_gate1_hardened_safety_5seed_formal_candidate/runs/multi_relation/bc_ppo_seed0/actor_critic_update_0060.pt,310051,51,checkpoint,100,straight,True,True,80,0.2,1.0,0.3,0,0.0,1,40,80,True,0.0,0.0,0.0,0.0,0.09743589862034871,0.2198717994758716,66.20641060952957,0.0,1.0,0.0,260.0,-1.0,-1.0,0.0,220.0,220.0,-1.0,0.0,0.0,1.0,-1.0,0.0,0.1583333346992731,0.13333333730697633,37559.70868577224,79308.1953125,2064.92822265625,1992.291259765625,77765.875,4243.0458984375,-36.52858435921371
test,dropout030_relay_failure,multi_relation,none,none,none,0,60,EA-RG-MAPPO-S,results/intercept_3d_gate1_hardened_safety_5seed_formal_candidate/runs/multi_relation/bc_ppo_seed0/actor_critic_update_0060.pt,310052,52,checkpoint,100,straight,True,True,80,0.2,1.0,0.3,0,0.0,1,40,80,True,0.0,0.0,1.0,0.003846153960778163,0.10256410401601057,0.16987179746994605,73.73717894949593,0.0,1.0,0.0,260.0,44.0,-1.0,0.0,220.0,220.0,-1.0,0.0,0.0,1.0,-1.0,0.0,0.16666666902601718,0.13333333730697633,37461.95960505559,79822.75,541.0064086914062,1585.376953125,75867.921875,13715.7255859375,-36.83017322421074
test,dropout030_relay_failure,multi_relation,none,none,none,0,60,EA-RG-MAPPO-S,results/intercept_3d_gate1_hardened_safety_5seed_formal_candidate/runs/multi_relation/bc_ppo_seed0/actor_critic_update_0060.pt,310061,61,checkpoint,100,straight,True,True,80,0.2,1.0,0.3,0,0.0,1,40,80,True,0.0,0.0,1.0,0.0012820513202593878,0.09871795005523241,0.16410256698727607,73.4153846087364,0.0,1.0,0.0,260.0,46.0,-1.0,0.0,220.0,220.0,-1.0,0.0,0.0,1.0,-1.0,0.0,0.15416666865348816,0.14583333767950535,37435.75984919621,79658.453125,1186.458251953125,1683.74072265625,72298.203125,17708.623046875,-38.47763961087912
test,dropout030_relay_failure,multi_relation,none,none,none,0,60,EA-RG-MAPPO-S,results/intercept_3d_gate1_hardened_safety_5seed_formal_candidate/runs/multi_relation/bc_ppo_seed0/actor_critic_update_0060.pt,310063,63,checkpoint,100,straight,True,True,80,0.2,1.0,0.3,0,0.0,1,40,80,True,0.0,0.0,1.0,0.0012820513202593878,0.09743589896422167,0.20833333776547358,66.55000020861625,0.0,1.0,0.0,260.0,45.0,-1.0,0.0,220.0,220.0,-1.0,0.0,0.0,1.0,-1.0,0.0,0.15000000260770321,0.14166667088866233,37792.11692833534,79848.953125,722.528076171875,1626.0062255859375,75166.828125,7637.25927734375,-36.423690009862185
test,dropout030_relay_failure,multi_relation,none,none,none,0,60,EA-RG-MAPPO-S,results/intercept_3d_gate1_hardened_safety_5seed_formal_candidate/runs/multi_relation/bc_ppo_seed0/actor_critic_update_0060.pt,310067,67,checkpoint,100,straight,True,True,80,0.2,1.0,0.3,0,0.0,1,40,80,True,0.0,0.0,1.0,0.0025641026405187756,0.1012820528103755,0.18589743903050057,71.95320549257673,0.0,1.0,0.0,260.0,45.0,-1.0,0.0,220.0,220.0,-1.0,0.0,0.0,1.0,-1.0,0.0,0.1583333358168602,0.14166667088866233,37603.91240891677,79900.8984375,870.0807495117188,1677.519287109375,74139.234375,11989.4140625,-36.66893967241049
test,dropout030_relay_failure,multi_relation,none,none,none,0,60,EA-RG-MAPPO-S,results/intercept_3d_gate1_hardened_safety_5seed_formal_candidate/runs/multi_relation/bc_ppo_seed0/actor_critic_update_0060.pt,310068,68,checkpoint,100,straight,True,True,80,0.2,1.0,0.3,0,0.0,1,40,80,True,0.0,0.0,0.0,0.0,0.09871795039910536,0.16538461847947195,75.22307714051925,0.0,1.0,0.0,260.0,-1.0,-1.0,0.0,220.0,220.0,-1.0,0.0,0.0,1.0,-1.0,0.0,0.15416666977107524,0.1604166714474559,37120.071965144234,78252.2109375,818.2769775390625,1575.6959228515625,71064.0234375,14136.646484375,-38.516147553920746
test,dropout030_relay_failure,multi_relation,none,none,none,0,60,EA-RG-MAPPO-S,results/intercept_3d_gate1_hardened_safety_5seed_formal_candidate/runs/multi_relation/bc_ppo_seed0/actor_critic_update_0060.pt,310072,72,checkpoint,100,straight,True,True,80,0.2,1.0,0.3,0,0.0,1,40,80,True,0.0,0.0,0.0,0.0,0.09230769368318412,0.18525641411542892,70.15705144015642,0.0,1.0,0.0,260.0,-1.0,-1.0,0.0,220.0,220.0,-1.0,0.0,0.0,1.0,-1.0,0.0,0.13750000223517417,0.1666666716337204,38102.91286714994,80814.2421875,1628.069091796875,1821.1744384765625,76808.59375,11759.6416015625,-39.5723423846066
test,dropout030_relay_failure,multi_relation,none,none,none,0,60,EA-RG-MAPPO-S,results/intercept_3d_gate1_hardened_safety_5seed_formal_candidate/runs/multi_relation/bc_ppo_seed0/actor_critic_update_0060.pt,310074,74,checkpoint,100,straight,True,True,80,0.2,1.0,0.3,0,0.0,1,40,80,True,0.0,0.0,1.0,0.0012820513202593878,0.10128205269575119,0.15833333610342099,74.73012775864738,0.0,1.0,0.0,260.0,46.0,-1.0,0.0,220.0,220.0,-1.0,0.0,0.0,1.0,-1.0,0.0,0.1625000022351742,0.14166667088866233,37220.75743596003,79423.2265625,1170.6414794921875,1676.5501708984375,71745.1484375,20338.701171875,-38.3862031660974
test,dropout030_relay_failure,multi_relation,none,none,none,0,60,EA-RG-MAPPO-S,results/intercept_3d_gate1_hardened_safety_5seed_formal_candidate/runs/multi_relation/bc_ppo_seed0/actor_critic_update_0060.pt,310075,75,checkpoint,100,straight,True,True,80,0.2,1.0,0.3,0,0.0,1,40,80,True,0.0,0.0,1.0,0.003846153960778163,0.10769230929704812,0.14871795108685126,77.34358978942036,0.0,1.0,0.0,260.0,44.0,-1.0,0.0,220.0,220.0,-1.0,0.0,0.0,1.0,-1.0,0.0,0.17916666939854622,0.1250000037252903,36586.200253530646,78975.0234375,347.3625793457031,1300.3624267578125,72679.859375,17406.06640625,-36.95463915914297
test,dropout030_relay_failure,multi_relation,none,none,none,0,60,EA-RG-MAPPO-S,results/intercept_3d_gate1_hardened_safety_5seed_formal_candidate/runs/multi_relation/bc_ppo_seed0/actor_critic_update_0060.pt,310080,80,checkpoint,100,straight,True,True,80,0.2,1.0,0.3,0,0.0,1,40,80,True,0.0,0.0,0.0,0.0,0.10128205292499982,0.1474358998812162,76.93525650610144,0.0,1.0,0.0,260.0,-1.0,-1.0,0.0,220.0,220.0,-1.0,0.0,0.0,1.0,-1.0,0.0,0.16250000298023223,0.13541667070239782,36779.547115384616,77826.125,694.8494873046875,1437.195556640625,69581.5234375,16928.685546875,-39.08116018027067
test,dropout030_relay_failure,multi_relation,none,none,none,0,60,EA-RG-MAPPO-S,results/intercept_3d_gate1_hardened_safety_5seed_formal_candidate/runs/multi_relation/bc_ppo_seed0/actor_critic_update_0060.pt,310082,82,checkpoint,100,straight,True,True,80,0.2,1.0,0.3,0,0.0,1,40,80,True,0.0,0.0,1.0,0.003846153960778163,0.10128205258112688,0.154487182199955,73.8852566001507,0.0,1.0,0.0,260.0,45.0,-1.0,0.0,220.0,220.0,-1.0,0.0,0.0,1.0,-1.0,0.0,0.15833333507180214,0.12291667032986879,37448.69355844351,79899.1328125,1004.512939453125,1642.6671142578125,73052.28125,18220.52734375,-37.732115413062274
test,dropout030_relay_failure,multi_relation,none,none,none,0,60,EA-RG-MAPPO-S,results/intercept_3d_gate1_hardened_safety_5seed_formal_candidate/runs/multi_relation/bc_ppo_seed0/actor_critic_update_0060.pt,310086,86,checkpoint,100,straight,True,True,80,0.2,1.0,0.3,0,0.0,1,40,80,True,0.0,0.0,0.0,0.0,0.09358974488881919,0.1660256448846597,71.15256409524726,0.0,1.0,0.0,260.0,-1.0,-1.0,0.0,220.0,220.0,-1.0,0.0,0.0,1.0,-1.0,0.0,0.14583333507180213,0.13333333730697633,37743.49995304988,80342.03125,1720.5760498046875,1798.613037109375,75309.375,12363.8544921875,-40.37884945049882
test,dropout030_relay_failure,multi_relation,none,none,none,0,60,EA-RG-MAPPO-S,results/intercept_3d_gate1_hardened_safety_5seed_formal_candidate/runs/multi_relation/bc_ppo_seed0/actor_critic_update_0060.pt,310087,87,checkpoint,100,straight,True,True,80,0.2,1.0,0.3,0,0.0,1,40,80,True,0.0,0.0,1.0,0.0012820513202593878,0.09871795005523241,0.16282051555239238,74.54679475254737,0.0,1.0,0.0,260.0,46.0,-1.0,0.0,220.0,220.0,-1.0,0.0,0.0,1.0,-1.0,0.0,0.15416666865348816,0.11875000353902579,37358.09942063552,79605.15625,1120.8656005859375,1577.03662109375,72122.1796875,16226.73046875,-38.974195510149
test,dropout030_relay_failure,multi_relation,none,none,none,0,60,EA-RG-MAPPO-S,results/intercept_3d_gate1_hardened_safety_5seed_formal_candidate/runs/multi_relation/bc_ppo_seed0/actor_critic_update_0060.pt,310089,89,checkpoint,100,straight,True,True,80,0.2,1.0,0.3,0,0.0,1,40,80,True,0.0,0.0,0.0,0.0,0.10000000149011612,0.17371795234771875,72.49679521580155,0.0,1.0,0.0,260.0,-1.0,-1.0,0.0,220.0,220.0,-1.0,0.0,0.0,1.0,-1.0,0.0,0.1583333358168602,0.1729166718199849,37652.092831655646,80063.375,896.5277709960938,1847.719482421875,74289.515625,13372.990234375,-39.20773797482252
test,dropout030_relay_failure,multi_relation,none,none,none,0,60,EA-RG-MAPPO-S,results/intercept_3d_gate1_hardened_safety_5seed_formal_candidate/runs/multi_relation/bc_ppo_seed0/actor_critic_update_0060.pt,310090,90,checkpoint,100,straight,True,True,80,0.2,1.0,0.3,0,0.0,1,40,80,True,0.0,0.0,1.0,0.0012820513202593878,0.10641025797678874,0.15384615688369824,63.05897457227111,0.0,1.0,0.0,260.0,46.0,-1.0,0.0,220.0,220.0,-1.0,0.0,0.0,1.0,-1.0,0.0,0.17916666939854622,0.15625000465661287,37098.42600003756,79447.375,945.514404296875,1665.698486328125,72225.1328125,20780.478515625,-37.044572453945875
test,dropout030_relay_failure,multi_relation,none,none,none,0,60,EA-RG-MAPPO-S,results/intercept_3d_gate1_hardened_safety_5seed_formal_candidate/runs/multi_relation/bc_ppo_seed0/actor_critic_update_0060.pt,310093,93,checkpoint,100,straight,True,True,80,0.2,1.0,0.3,0,0.0,1,40,80,True,0.0,0.0,1.0,0.003846153960778163,0.10384615533626997,0.15512820791739684,74.42948735912259,0.0,1.0,0.0,260.0,44.0,-1.0,0.0,220.0,220.0,-1.0,0.0,0.0,1.0,-1.0,0.0,0.16666666902601718,0.13333333730697633,36890.74382136418,78091.375,382.91790771484375,1524.4781494140625,69698.671875,16965.439453125,-35.85792778618634
test,dropout030_relay_failure,multi_relation,none,none,none,0,60,EA-RG-MAPPO-S,results/intercept_3d_gate1_hardened_safety_5seed_formal_candidate/runs/multi_relation/bc_ppo_seed0/actor_critic_update_0060.pt,310097,97,checkpoint,100,straight,True,True,80,0.2,1.0,0.3,0,0.0,1,40,80,True,0.0,0.0,1.0,0.003846153960778163,0.10897436073193183,0.15576923329096573,75.7929483294487,0.0,1.0,0.0,260.0,43.0,-1.0,0.0,220.0,220.0,-1.0,0.0,0.0,1.0,-1.0,0.0,0.18333333656191825,0.13750000409781932,36995.24603647085,78771.2890625,207.40704345703125,1475.3505859375,73528.3984375,11335.82421875,-36.145079769194126
test,dropout030_relay_failure,multi_relation,none,none,none,0,60,EA-RG-MAPPO-S,results/intercept_3d_gate1_hardened_safety_5seed_formal_candidate/runs/multi_relation/bc_ppo_seed0/actor_critic_update_0060.pt,310098,98,checkpoint,100,straight,True,True,80,0.2,1.0,0.3,0,0.0,1,40,80,True,0.0,0.0,1.0,0.003846153960778163,0.09871795005523241,0.169230772039065,73.58653822094202,0.0,1.0,0.0,260.0,45.0,-1.0,0.0,220.0,220.0,-1.0,0.0,0.0,1.0,-1.0,0.0,0.15416666865348816,0.14375000428408385,37445.319485238884,79809.4609375,1198.412353515625,1686.628173828125,72687.34375,16572.025390625,-37.10496370494366
test,dropout030_relay_failure,multi_relation,none,none,none,0,60,EA-RG-MAPPO-S,results/intercept_3d_gate1_hardened_safety_5seed_formal_candidate/runs/multi_relation/bc_ppo_seed0/actor_critic_update_0060.pt,310099,99,checkpoint,100,straight,True,True,80,0.2,1.0,0.3,0,0.0,1,40,80,True,0.0,0.0,0.0,0.0,0.09743589907884598,0.15576923346290222,75.55448704459346,0.0,1.0,0.0,260.0,-1.0,-1.0,0.0,220.0,220.0,-1.0,0.0,0.0,1.0,-1.0,0.0,0.15000000298023225,0.13333333730697633,36897.82327411358,77214.8359375,599.7175903320312,1445.9573974609375,69423.4609375,11720.86328125,-38.305388040840626
test,dropout030_relay_failure,multi_relation,none,none,none,1,60,EA-RG-MAPPO-S,results/intercept_3d_gate1_hardened_safety_5seed_formal_candidate/runs/multi_relation/bc_ppo_seed1/actor_critic_update_0060.pt,310001,1,checkpoint,100,straight,True,True,80,0.2,1.0,0.3,0,0.0,1,40,80,True,1.0,1.0,1.0,0.03030303120613098,0.4242424287579276,0.6780303093520078,47.78409082340923,0.0,0.0,0.0,44.0,41.0,44.0,1.0,4.0,4.0,4.0,0.0,1.0,0.0,44.0,0.2,1.0,0.20000000596046447,15101.960027521307,5583.66015625,3715.00634765625,2461.954833984375,3715.00634765625,2461.954833984375,36.31810384988785
test,dropout030_relay_failure,multi_relation,none,none,none,1,60,EA-RG-MAPPO-S,results/intercept_3d_gate1_hardened_safety_5seed_formal_candidate/runs/multi_relation/bc_ppo_seed1/actor_critic_update_0060.pt,310002,2,checkpoint,100,straight,True,True,80,0.2,1.0,0.3,0,0.0,1,40,80,True,1.0,1.0,1.0,0.03030303120613098,0.4166666716337204,0.6553030400113626,39.95075755261562,0.0,0.0,0.0,44.0,41.0,44.0,1.0,4.0,4.0,4.0,0.0,1.0,0.0,44.0,0.2,1.0,0.26666667461395266,15263.367953213778,6011.77490234375,3876.948486328125,1658.9730224609375,3876.948486328125,1658.9730224609375,36.04967796802521
test,dropout030_relay_failure,multi_relation,none,none,none,1,60,EA-RG-MAPPO-S,results/intercept_3d_gate1_hardened_safety_5seed_formal_candidate/runs/multi_relation/bc_ppo_seed1/actor_critic_update_0060.pt,310005,5,checkpoint,100,straight,True,True,80,0.2,1.0,0.3,0,0.0,1,40,80,True,1.0,1.0,1.0,0.03030303120613098,0.41666667095639487,0.6666666756976735,42.92045463181355,0.0,0.0,0.0,44.0,41.0,44.0,1.0,4.0,4.0,4.0,0.0,1.0,0.0,44.0,0.2,1.0,0.3000000089406967,15127.401822176847,5646.69189453125,3703.43798828125,2717.83544921875,3703.43798828125,2717.83544921875,36.23089635372162
test,dropout030_relay_failure,multi_relation,none,none,none,1,60,EA-RG-MAPPO-S,results/intercept_3d_gate1_hardened_safety_5seed_formal_candidate/runs/multi_relation/bc_ppo_seed1/actor_critic_update_0060.pt,310014,14,checkpoint,100,straight,True,True,80,0.2,1.0,0.3,0,0.0,1,40,80,True,1.0,1.0,1.0,0.03030303120613098,0.41666667095639487,0.6515151590786197,39.01136360994794,0.0,0.0,0.0,44.0,41.0,44.0,1.0,4.0,4.0,4.0,0.0,1.0,0.0,44.0,0.2,1.0,0.23333334028720856,15124.230524236506,5600.59765625,3586.782470703125,1810.0848388671875,3586.782470703125,1810.0848388671875,36.30283084511757
test,dropout030_relay_failure,multi_relation,none,none,none,1,60,EA-RG-MAPPO-S,results/intercept_3d_gate1_hardened_safety_5seed_formal_candidate/runs/multi_relation/bc_ppo_seed1/actor_critic_update_0060.pt,310017,17,checkpoint,100,straight,True,True,80,0.2,1.0,0.3,0,0.0,1,40,80,True,1.0,1.0,1.0,0.03030303120613098,0.40909091383218765,0.6515151594172824,42.912878672169015,0.0,0.0,0.0,44.0,41.0,44.0,1.0,4.0,4.0,4.0,0.0,1.0,0.0,44.0,0.2,1.0,0.20000000596046447,15178.20596590909,5767.484375,3722.957275390625,2014.125,3722.957275390625,2014.125,35.87811028957367
test,dropout030_relay_failure,multi_relation,none,none,none,1,60,EA-RG-MAPPO-S,results/intercept_3d_gate1_hardened_safety_5seed_formal_candidate/runs/multi_relation/bc_ppo_seed1/actor_critic_update_0060.pt,310019,19,checkpoint,100,straight,True,True,80,0.2,1.0,0.3,0,0.0,1,40,80,True,1.0,1.0,1.0,0.03030303120613098,0.41666667095639487,0.7310606136240743,41.882575876672156,0.0,0.0,0.0,44.0,41.0,44.0,1.0,4.0,4.0,4.0,0.0,1.0,0.0,44.0,0.2,1.0,0.3000000089406967,15123.35506924716,5579.103515625,3725.070556640625,2476.199462890625,3725.070556640625,2476.199462890625,36.900861501693726
test,dropout030_relay_failure,multi_relation,none,none,none,1,60,EA-RG-MAPPO-S,results/intercept_3d_gate1_hardened_safety_5seed_formal_candidate/runs/multi_relation/bc_ppo_seed1/actor_critic_update_0060.pt,310026,26,checkpoint,100,straight,True,True,80,0.2,1.0,0.3,0,0.0,1,40,80,True,1.0,1.0,1.0,0.03030303120613098,0.4242424287579276,0.6590909172188152,41.05681812560017,0.0,0.0,0.0,44.0,41.0,44.0,1.0,4.0,4.0,4.0,0.0,1.0,0.0,44.0,0.2,1.0,0.20000000596046447,15105.034712357954,5601.49072265625,3676.6162109375,2062.78759765625,3676.6162109375,2062.78759765625,36.50421467423439
test,dropout030_relay_failure,multi_relation,none,none,none,1,60,EA-RG-MAPPO-S,results/intercept_3d_gate1_hardened_safety_5seed_formal_candidate/runs/multi_relation/bc_ppo_seed1/actor_critic_update_0060.pt,310029,29,checkpoint,100,straight,True,True,80,0.2,1.0,0.3,0,0.0,1,40,80,True,1.0,1.0,1.0,0.03030303120613098,0.40909091383218765,0.738636370070956,42.77272718162699,0.0,0.0,0.0,44.0,41.0,44.0,1.0,4.0,4.0,4.0,0.0,1.0,0.0,44.0,0.2,1.0,0.23333334028720856,15132.749722567472,5663.14013671875,3679.87060546875,2357.84423828125,3679.87060546875,2357.84423828125,36.73031905293465
test,dropout030_relay_failure,multi_relation,none,none,none,1,60,EA-RG-MAPPO-S,results/intercept_3d_gate1_hardened_safety_5seed_formal_candidate/runs/multi_relation/bc_ppo_seed1/actor_critic_update_0060.pt,310034,34,checkpoint,100,straight,True,True,80,0.2,1.0,0.3,0,0.0,1,40,80,True,1.0,1.0,1.0,0.03030303120613098,0.4242424287579276,0.6931818256323988,39.98863601616838,0.0,0.0,0.0,44.0,41.0,44.0,1.0,4.0,4.0,4.0,0.0,1.0,0.0,44.0,0.2,1.0,0.20000000596046447,15123.665960138494,5621.25048828125,3759.3310546875,1567.3216552734375,3759.3310546875,1567.3216552734375,36.79798558354378
test,dropout030_relay_failure,multi_relation,none,none,none,1,60,EA-RG-MAPPO-S,results/intercept_3d_gate1_hardened_safety_5seed_formal_candidate/runs/multi_relation/bc_ppo_seed1/actor_critic_update_0060.pt,310036,36,checkpoint,100,straight,True,True,80,0.2,1.0,0.3,0,0.0,1,40,80,True,1.0,1.0,1.0,0.03030303120613098,0.4242424287579276,0.655303037979386,42.049242254685275,0.0,0.0,0.0,44.0,41.0,44.0,1.0,4.0,4.0,4.0,0.0,1.0,0.0,44.0,0.2,1.0,0.20000000596046447,15113.132879083807,5638.65380859375,3781.760498046875,1726.8055419921875,3781.760498046875,1726.8055419921875,36.33598190546036
test,dropout030_relay_failure,multi_relation,none,none,none,1,60,EA-RG-MAPPO-S,results/intercept_3d_gate1_hardened_safety_5seed_formal_candidate/runs/multi_relation/bc_ppo_seed1/actor_critic_update_0060.pt,310042,42,checkpoint,100,straight,True,True,80,0.2,1.0,0.3,0,0.0,1,40,80,True,1.0,1.0,1.0,0.03030303120613098,0.4242424287579276,0.6477272825484927,41.928030303933404,0.0,0.0,0.0,44.0,41.0,44.0,1.0,4.0,4.0,4.0,0.0,1.0,0.0,44.0,0.2,1.0,0.23333334028720856,15110.77010830966,5609.50390625,3731.821044921875,1723.7294921875,3731.821044921875,1723.7294921875,36.31318341195583
test,dropout030_relay_failure,multi_relation,none,none,none,1,60,EA-RG-MAPPO-S,results/intercept_3d_gate1_hardened_safety_5seed_formal_candidate/runs/multi_relation/bc_ppo_seed1/actor_critic_update_0060.pt,310048,48,checkpoint,100,straight,True,True,80,0.2,1.0,0.3,0,0.0,1,40,80,True,1.0,1.0,1.0,0.03030303120613098,0.41666667095639487,0.6325757659294389,43.92424231090329,0.0,0.0,0.0,44.0,41.0,44.0,1.0,4.0,4.0,4.0,0.0,1.0,0.0,44.0,0.2,1.0,0.23333334028720856,15140.123979048296,5653.67138671875,3842.546142578125,1889.1300048828125,3842.546142578125,1889.1300048828125,35.89077892899513
test,dropout030_relay_failure,multi_relation,none,none,none,1,60,EA-RG-MAPPO-S,results/intercept_3d_gate1_hardened_safety_5seed_formal_candidate/runs/multi_relation/bc_ppo_seed1/actor_critic_update_0060.pt,310000,0,checkpoint,100,straight,True,True,80,0.2,1.0,0.3,0,0.0,1,40,80,True,1.0,1.0,1.0,0.029629630512661403,0.4370370414521959,0.6555555638339784,43.04444461166859,0.0,0.0,0.0,45.0,42.0,45.0,1.0,5.0,5.0,5.0,0.0,1.0,0.0,45.0,0.16666666666666666,1.0,0.22222222884496054,14827.07333984375,5039.794921875,3567.193359375,2971.74365234375,3567.193359375,2971.74365234375,37.26201519370079
test,dropout030_relay_failure,multi_relation,none,none,none,1,60,EA-RG-MAPPO-S,results/intercept_3d_gate1_hardened_safety_5seed_formal_candidate/runs/multi_relation/bc_ppo_seed1/actor_critic_update_0060.pt,310006,6,checkpoint,100,straight,True,True,80,0.2,1.0,0.3,0,0.0,1,40,80,True,1.0,1.0,1.0,0.029629630512661403,0.4370370414521959,0.6222222301695082,44.9925925400522,0.0,0.0,0.0,45.0,42.0,45.0,1.0,5.0,5.0,5.0,0.0,1.0,0.0,45.0,0.16666666666666666,1.0,0.1666666716337204,14864.22062717014,5097.38720703125,3752.56689453125,2652.02197265625,3752.56689453125,2652.02197265625,36.85329353809357
test,dropout030_relay_failure,multi_relation,none,none,none,1,60,EA-RG-MAPPO-S,results/intercept_3d_gate1_hardened_safety_5seed_formal_candidate/runs/multi_relation/bc_ppo_seed1/actor_critic_update_0060.pt,310016,16,checkpoint,100,straight,True,True,80,0.2,1.0,0.3,0,0.0,1,40,80,True,1.0,1.0,1.0,0.029629630512661403,0.4370370414521959,0.6814814882145988,37.24074102507697,0.0,0.0,0.0,45.0,42.0,45.0,1.0,5.0,5.0,5.0,0.0,1.0,0.0,45.0,0.16666666666666666,1.0,0.1666666716337204,14874.569053819445,5156.10107421875,3556.120361328125,1671.3265380859375,3556.120361328125,1671.3265380859375,37.67723688483238
test,dropout030_relay_failure,multi_relation,none,none,none,1,60,EA-RG-MAPPO-S,results/intercept_3d_gate1_hardened_safety_5seed_formal_candidate/runs/multi_relation/bc_ppo_seed1/actor_critic_update_0060.pt,310020,20,checkpoint,100,straight,True,True,80,0.2,1.0,0.3,0,0.0,1,40,80,True,1.0,1.0,1.0,0.029629630512661403,0.4370370414521959,0.6592592666546504,44.91851823396153,0.0,0.0,0.0,45.0,42.0,45.0,1.0,5.0,5.0,5.0,0.0,1.0,0.0,45.0,0.16666666666666666,1.0,0.2500000074505806,14875.625336371528,5119.9912109375,3791.215576171875,2473.34765625,3791.215576171875,2473.34765625,37.231203734874725
test,dropout030_relay_failure,multi_relation,none,none,none,1,60,EA-RG-MAPPO-S,results/intercept_3d_gate1_hardened_safety_5seed_formal_candidate/runs/multi_relation/bc_ppo_seed1/actor_critic_update_0060.pt,310028,28,checkpoint,100,straight,True,True,80,0.2,1.0,0.3,0,0.0,1,40,80,True,1.0,1.0,1.0,0.029629630512661403,0.4296296338240306,0.7222222291760975,41.04814809560776,0.0,0.0,0.0,45.0,42.0,45.0,1.0,5.0,5.0,5.0,0.0,1.0,0.0,45.0,0.16666666666666666,1.0,0.22222222884496054,14873.213530815972,5121.8876953125,3821.778076171875,2450.381591796875,3821.778076171875,2450.381591796875,37.78322544693947
test,dropout030_relay_failure,multi_relation,none,none,none,1,60,EA-RG-MAPPO-S,results/intercept_3d_gate1_hardened_safety_5seed_formal_candidate/runs/multi_relation/bc_ppo_seed1/actor_critic_update_0060.pt,310031,31,checkpoint,100,straight,True,True,80,0.2,1.0,0.3,0,0.0,1,40,80,True,1.0,1.0,1.0,0.029629630512661403,0.4296296338240306,0.6555555644962523,42.9888889948527,0.0,0.0,0.0,45.0,42.0,45.0,1.0,5.0,5.0,5.0,0.0,1.0,0.0,45.0,0.16666666666666666,1.0,0.3055555646618207,14893.613899739583,5177.7880859375,3462.662353515625,2465.49853515625,3462.662353515625,2465.49853515625,37.0034738779068
test,dropout030_relay_failure,multi_relation,none,none,none,1,60,EA-RG-MAPPO-S,results/intercept_3d_gate1_hardened_safety_5seed_formal_candidate/runs/multi_relation/bc_ppo_seed1/actor_critic_update_0060.pt,310035,35,checkpoint,100,straight,True,True,80,0.2,1.0,0.3,0,0.0,1,40,80,True,1.0,1.0,1.0,0.029629630512661403,0.4296296338240306,0.6740740825732549,43.96666655374898,0.0,0.0,0.0,45.0,42.0,45.0,1.0,5.0,5.0,5.0,0.0,1.0,0.0,45.0,0.16666666666666666,1.0,0.2777777860562007,14859.466666666667,5126.77685546875,3702.611572265625,2053.37451171875,3702.611572265625,2053.37451171875,37.249436527490616
test,dropout030_relay_failure,multi_relation,none,none,none,1,60,EA-RG-MAPPO-S,results/intercept_3d_gate1_hardened_safety_5seed_formal_candidate/runs/multi_relation/bc_ppo_seed1/actor_critic_update_0060.pt,310038,38,checkpoint,100,straight,True,True,80,0.2,1.0,0.3,0,0.0,1,40,80,True,1.0,1.0,1.0,0.029629630512661403,0.4370370414521959,0.6333333406183455,42.096296266052455,0.0,0.0,0.0,45.0,42.0,45.0,1.0,5.0,5.0,5.0,0.0,1.0,0.0,45.0,0.16666666666666666,1.0,0.1666666716337204,14877.497200520833,5102.94775390625,3482.987548828125,2087.483642578125,3482.987548828125,2087.483642578125,37.089982092380524
test,dropout030_relay_failure,multi_relation,none,none,none,1,60,EA-RG-MAPPO-S,results/intercept_3d_gate1_hardened_safety_5seed_formal_candidate/runs/multi_relation/bc_ppo_seed1/actor_critic_update_0060.pt,310039,39,checkpoint,100,straight,True,True,80,0.2,1.0,0.3,0,0.0,1,40,80,True,1.0,1.0,1.0,0.029629630512661403,0.4296296338240306,0.7000000043047799,42.970370085703,0.0,0.0,0.0,45.0,42.0,45.0,1.0,5.0,5.0,5.0,0.0,1.0,0.0,45.0,0.16666666666666666,1.0,0.2500000074505806,14864.768934461805,5106.39501953125,3722.738037109375,2298.03271484375,3722.738037109375,2298.03271484375,37.50367021560669
test,dropout030_relay_failure,multi_relation,none,none,none,1,60,EA-RG-MAPPO-S,results/intercept_3d_gate1_hardened_safety_5seed_formal_candidate/runs/multi_relation/bc_ppo_seed1/actor_critic_update_0060.pt,310041,41,checkpoint,100,straight,True,True,80,0.2,1.0,0.3,0,0.0,1,40,80,True,1.0,1.0,1.0,0.029629630512661403,0.4370370414521959,0.6148148215479321,41.192592429452475,0.0,0.0,0.0,45.0,42.0,45.0,1.0,5.0,5.0,5.0,0.0,1.0,0.0,45.0,0.16666666666666666,1.0,0.22222222884496054,14884.328569878473,5175.13671875,3567.539306640625,1787.8294677734375,3567.539306640625,1787.8294677734375,36.89462348818779
test,dropout030_relay_failure,multi_relation,none,none,none,1,60,EA-RG-MAPPO-S,results/intercept_3d_gate1_hardened_safety_5seed_formal_candidate/runs/multi_relation/bc_ppo_seed1/actor_critic_update_0060.pt,310044,44,checkpoint,100,straight,True,True,80,0.2,1.0,0.3,0,0.0,1,40,80,True,1.0,1.0,1.0,0.029629630512661403,0.4370370414521959,0.6333333402872086,41.092592712574536,0.0,0.0,0.0,45.0,42.0,45.0,1.0,5.0,5.0,5.0,0.0,1.0,0.0,45.0,0.16666666666666666,1.0,0.19444445023934046,14854.02595486111,5129.90283203125,3530.55810546875,2060.7724609375,3530.55810546875,2060.7724609375,37.18381553888321
test,dropout030_relay_failure,multi_relation,none,none,none,1,60,EA-RG-MAPPO-S,results/intercept_3d_gate1_hardened_safety_5seed_formal_candidate/runs/multi_relation/bc_ppo_seed1/actor_critic_update_0060.pt,310045,45,checkpoint,100,straight,True,True,80,0.2,1.0,0.3,0,0.0,1,40,80,True,1.0,1.0,1.0,0.029629630512661403,0.4370370414521959,0.6703703780968984,39.162963297963145,0.0,0.0,0.0,45.0,42.0,45.0,1.0,5.0,5.0,5.0,0.0,1.0,0.0,45.0,0.16666666666666666,1.0,0.22222222884496054,14834.702777777778,5043.93115234375,3598.837646484375,2286.180419921875,3598.837646484375,2286.180419921875,37.672207325696945
test,dropout030_relay_failure,multi_relation,none,none,none,1,60,EA-RG-MAPPO-S,results/intercept_3d_gate1_hardened_safety_5seed_formal_candidate/runs/multi_relation/bc_ppo_seed1/actor_critic_update_0060.pt,310046,46,checkpoint,100,straight,True,True,80,0.2,1.0,0.3,0,0.0,1,40,80,True,1.0,1.0,1.0,0.029629630512661403,0.4370370414521959,0.6259259353081386,41.137036924229726,0.0,0.0,0.0,45.0,42.0,45.0,1.0,5.0,5.0,5.0,0.0,1.0,0.0,45.0,0.16666666666666666,1.0,0.22222222884496054,14853.232107204862,5108.76806640625,3787.97998046875,2290.592529296875,3787.97998046875,2290.592529296875,37.1347339451313
test,dropout030_relay_failure,multi_relation,none,none,none,1,60,EA-RG-MAPPO-S,results/intercept_3d_gate1_hardened_safety_5seed_formal_candidate/runs/multi_relation/bc_ppo_seed1/actor_critic_update_0060.pt,310049,49,checkpoint,100,straight,True,True,80,0.2,1.0,0.3,0,0.0,1,40,80,True,1.0,1.0,1.0,0.029629630512661403,0.4370370414521959,0.6148148241970274,42.09259267581834,0.0,0.0,0.0,45.0,42.0,45.0,1.0,5.0,5.0,5.0,0.0,1.0,0.0,45.0,0.16666666666666666,1.0,0.2500000074505806,14871.546712239584,5104.22509765625,3577.604736328125,2456.45947265625,3577.604736328125,2456.45947265625,36.92231625318527
test,dropout030_relay_failure,multi_relation,none,none,none,1,60,EA-RG-MAPPO-S,results/intercept_3d_gate1_hardened_safety_5seed_formal_candidate/runs/multi_relation/bc_ppo_seed1/actor_critic_update_0060.pt,310013,13,checkpoint,100,straight,True,True,80,0.2,1.0,0.3,0,0.0,1,40,80,True,1.0,1.0,1.0,0.028985508110212242,0.44927536663801776,0.6485507352196652,42.351449416059516,0.0,0.0,0.0,46.0,43.0,46.0,1.0,6.0,6.0,6.0,0.0,1.0,0.0,46.0,0.14285714285714285,1.0,0.21428572067192622,14708.658171280571,4883.873046875,3855.232177734375,1969.837890625,3855.232177734375,1969.837890625,37.94385176897049
test,dropout030_relay_failure,multi_relation,none,none,none,1,60,EA-RG-MAPPO-S,results/intercept_3d_gate1_hardened_safety_5seed_formal_candidate/runs/multi_relation/bc_ppo_seed1/actor_critic_update_0060.pt,310021,21,checkpoint,100,straight,True,True,80,0.2,1.0,0.3,0,0.0,1,40,80,True,1.0,1.0,1.0,0.028985508110212242,0.44202898961046466,0.67753623717505,39.43115900586481,0.0,0.0,0.0,46.0,43.0,46.0,1.0,6.0,6.0,6.0,0.0,1.0,0.0,46.0,0.14285714285714285,1.0,0.14285714711461747,14652.687330163044,4748.29150390625,3588.140380859375,2078.371826171875,3588.140380859375,2078.371826171875,38.26167869567871
test,dropout030_relay_failure,multi_relation,none,none,none,1,60,EA-RG-MAPPO-S,results/intercept_3d_gate1_hardened_safety_5seed_formal_candidate/runs/multi_relation/bc_ppo_seed1/actor_critic_update_0060.pt,310022,22,checkpoint,100,straight,True,True,80,0.2,1.0,0.3,0,0.0,1,40,80,True,1.0,1.0,1.0,0.028985508110212242,0.44202898961046466,0.6304347910310911,41.329710348792695,0.0,0.0,0.0,46.0,43.0,46.0,1.0,6.0,6.0,6.0,0.0,1.0,0.0,46.0,0.14285714285714285,1.0,0.26190476971013205,14656.73732591712,4729.0908203125,3434.9775390625,1891.22216796875,3434.9775390625,1891.22216796875,37.75130024552345
test,dropout030_relay_failure,multi_relation,none,none,none,1,60,EA-RG-MAPPO-S,results/intercept_3d_gate1_hardened_safety_5seed_formal_candidate/runs/multi_relation/bc_ppo_seed1/actor_critic_update_0060.pt,310025,25,checkpoint,100,straight,True,True,80,0.2,1.0,0.3,0,0.0,1,40,80,True,1.0,1.0,1.0,0.028985508110212242,0.44927536663801776,0.7246376865583918,36.532608553119324,0.0,0.0,0.0,46.0,43.0,46.0,1.0,6.0,6.0,6.0,0.0,1.0,0.0,46.0,0.14285714285714285,1.0,0.21428572067192622,14626.577562415081,4689.796875,3599.556640625,1592.2703857421875,3599.556640625,1592.2703857421875,39.110665291547775
test,dropout030_relay_failure,multi_relation,none,none,none,1,60,EA-RG-MAPPO-S,results/intercept_3d_gate1_hardened_safety_5seed_formal_candidate/runs/multi_relation/bc_ppo_seed1/actor_critic_update_0060.pt,310027,27,checkpoint,100,straight,True,True,80,0.2,1.0,0.3,0,0.0,1,40,80,True,1.0,1.0,1.0,0.028985508110212242,0.44927536663801776,0.6557971096557119,39.41666672637929,0.0,0.0,0.0,46.0,43.0,46.0,1.0,6.0,6.0,6.0,0.0,1.0,0.0,46.0,0.14285714285714285,1.0,0.19047619615282332,14674.02592136549,4782.4580078125,3810.329345703125,2439.710693359375,3810.329345703125,2439.710693359375,38.22956073284149
test,dropout030_relay_failure,multi_relation,none,none,none,1,60,EA-RG-MAPPO-S,results/intercept_3d_gate1_hardened_safety_5seed_formal_candidate/runs/multi_relation/bc_ppo_seed1/actor_critic_update_0060.pt,310030,30,checkpoint,100,straight,True,True,80,0.2,1.0,0.3,0,0.0,1,40,80,True,1.0,1.0,1.0,0.028985508110212242,0.44927536663801776,0.6630434863593268,42.2173915275413,0.0,0.0,0.0,46.0,43.0,46.0,1.0,6.0,6.0,6.0,0.0,1.0,0.0,46.0,0.14285714285714285,1.0,0.19047619615282332,14717.232984459919,4796.45068359375,3608.736572265625,1980.5072021484375,3608.736572265625,1980.5072021484375,38.17953139543533
test,dropout030_relay_failure,multi_relation,none,none,none,1,60,EA-RG-MAPPO-S,results/intercept_3d_gate1_hardened_safety_5seed_formal_candidate/runs/multi_relation/bc_ppo_seed1/actor_critic_update_0060.pt,310032,32,checkpoint,100,straight,True,True,80,0.2,1.0,0.3,0,0.0,1,40,80,True,1.0,1.0,1.0,0.028985508110212242,0.44927536663801776,0.688405806603639,41.27536236851112,0.0,0.0,0.0,46.0,43.0,46.0,1.0,6.0,6.0,6.0,0.0,1.0,0.0,46.0,0.14285714285714285,1.0,0.28571429422923494,14638.253980553669,4752.00439453125,3803.01953125,1814.58154296875,3803.01953125,1814.58154296875,38.558377504348755
test,dropout030_relay_failure,multi_relation,none,none,none,1,60,EA-RG-MAPPO-S,results/intercept_3d_gate1_hardened_safety_5seed_formal_candidate/runs/multi_relation/bc_ppo_seed1/actor_critic_update_0060.pt,310007,7,checkpoint,100,straight,True,True,80,0.2,1.0,0.3,0,0.0,1,40,80,True,1.0,1.0,1.0,0.02836879517169709,0.4539007132357739,0.6560283756636559,36.8333330740954,0.0,0.0,0.0,47.0,44.0,47.0,1.0,7.0,7.0,7.0,0.0,1.0,0.0,47.0,0.125,1.0,0.27083334140479565,14507.724256150266,4455.34375,3543.017333984375,1368.029296875,3543.017333984375,1368.029296875,39.095058500766754
test,dropout030_relay_failure,multi_relation,none,none,none,1,60,EA-RG-MAPPO-S,results/intercept_3d_gate1_hardened_safety_5seed_formal_candidate/runs/multi_relation/bc_ppo_seed1/actor_critic_update_0060.pt,310008,8,checkpoint,100,straight,True,True,80,0.2,1.0,0.3,0,0.0,1,40,80,True,1.0,1.0,1.0,0.02836879517169709,0.4539007132357739,0.6666666735359963,47.80141841414127,0.0,0.0,0.0,47.0,44.0,47.0,1.0,7.0,7.0,7.0,0.0,1.0,0.0,47.0,0.125,1.0,0.2083333395421505,14482.63539935173,4354.02294921875,3558.3623046875,3001.714111328125,3558.3623046875,3001.714111328125,38.68734699487686
test,dropout030_relay_failure,multi_relation,none,none,none,1,60,EA-RG-MAPPO-S,results/intercept_3d_gate1_hardened_safety_5seed_formal_candidate/runs/multi_relation/bc_ppo_seed1/actor_critic_update_0060.pt,310009,9,checkpoint,100,straight,True,True,80,0.2,1.0,0.3,0,0.0,1,40,80,True,1.0,1.0,1.0,0.02836879517169709,0.4539007132357739,0.5638297942090542,43.40070951460524,0.0,0.0,0.0,47.0,44.0,47.0,1.0,7.0,7.0,7.0,0.0,1.0,0.0,47.0,0.125,1.0,0.2083333395421505,14563.914613115026,4538.5595703125,3732.555908203125,2051.1181640625,3732.555908203125,2051.1181640625,37.8551661670208
test,dropout030_relay_failure,multi_relation,none,none,none,1,60,EA-RG-MAPPO-S,results/intercept_3d_gate1_hardened_safety_5seed_formal_candidate/runs/multi_relation/bc_ppo_seed1/actor_critic_update_0060.pt,310012,12,checkpoint,100,straight,True,True,80,0.2,1.0,0.3,0,0.0,1,40,80,True,1.0,1.0,1.0,0.02836879517169709,0.4539007132357739,0.6382978805836211,43.25531926053635,0.0,0.0,0.0,47.0,44.0,47.0,1.0,7.0,7.0,7.0,0.0,1.0,0.0,47.0,0.125,1.0,0.2083333395421505,14511.192185422207,4445.6328125,3448.7578125,2113.460693359375,3448.7578125,2113.460693359375,38.66536831855774
test,dropout030_relay_failure,multi_relation,none,none,none,1,60,EA-RG-MAPPO-S,results/intercept_3d_gate1_hardened_safety_5seed_formal_candidate/runs/multi_relation/bc_ppo_seed1/actor_critic_update_0060.pt,310018,18,checkpoint,100,straight,True,True,80,0.2,1.0,0.3,0,0.0,1,40,80,True,1.0,1.0,1.0,0.02836879517169709,0.4609929120286982,0.6418439802971292,39.56737626264704,0.0,0.0,0.0,47.0,44.0,47.0,1.0,7.0,7.0,7.0,0.0,1.0,0.0,47.0,0.125,1.0,0.2500000074505806,14497.076815990691,4507.31396484375,3670.108642578125,1952.7518310546875,3670.108642578125,1952.7518310546875,38.83492490649223
test,dropout030_relay_failure,multi_relation,none,none,none,1,60,EA-RG-MAPPO-S,results/intercept_3d_gate1_hardened_safety_5seed_formal_candidate/runs/multi_relation/bc_ppo_seed1/actor_critic_update_0060.pt,310023,23,checkpoint,100,straight,True,True,80,0.2,1.0,0.3,0,0.0,1,40,80,True,1.0,1.0,1.0,0.02836879517169709,0.4539007132357739,0.6453900803276833,42.329787262576694,0.0,0.0,0.0,47.0,44.0,47.0,1.0,7.0,7.0,7.0,0.0,1.0,0.0,47.0,0.125,1.0,0.27083334140479565,14475.571943567154,4407.06787109375,3615.15771484375,2635.441162109375,3615.15771484375,2635.441162109375,38.68988436460495
test,dropout030_relay_failure,multi_relation,none,none,none,1,60,EA-RG-MAPPO-S,results/intercept_3d_gate1_hardened_safety_5seed_formal_candidate/runs/multi_relation/bc_ppo_seed1/actor_critic_update_0060.pt,310033,33,checkpoint,100,straight,True,True,80,0.2,1.0,0.3,0,0.0,1,40,80,True,1.0,1.0,1.0,0.02836879517169709,0.4539007132357739,0.6241134820466346,40.58156033684599,0.0,0.0,0.0,47.0,44.0,47.0,1.0,7.0,7.0,7.0,0.0,1.0,0.0,47.0,0.125,1.0,0.2083333395421505,14521.093053939494,4460.56201171875,3448.379150390625,1546.03857421875,3448.379150390625,1546.03857421875,38.707162111997604
test,dropout030_relay_failure,multi_relation,none,none,none,1,60,EA-RG-MAPPO-S,results/intercept_3d_gate1_hardened_safety_5seed_formal_candidate/runs/multi_relation/bc_ppo_seed1/actor_critic_update_0060.pt,310037,37,checkpoint,100,straight,True,True,80,0.2,1.0,0.3,0,0.0,1,40,80,True,1.0,1.0,1.0,0.02836879517169709,0.4539007132357739,0.6453900781083615,41.38297844757425,0.0,0.0,0.0,47.0,44.0,47.0,1.0,7.0,7.0,7.0,0.0,1.0,0.0,47.0,0.125,1.0,0.2500000074505806,14522.61997174202,4592.89013671875,3827.933837890625,2219.41064453125,3827.933837890625,2219.41064453125,38.595414251089096
test,dropout030_relay_failure,multi_relation,none,none,none,1,60,EA-RG-MAPPO-S,results/intercept_3d_gate1_hardened_safety_5seed_formal_candidate/runs/multi_relation/bc_ppo_seed1/actor_critic_update_0060.pt,310043,43,checkpoint,100,straight,True,True,80,0.2,1.0,0.3,0,0.0,1,40,80,True,1.0,1.0,1.0,0.02836879517169709,0.4539007132357739,0.6737588710607366,38.652482378038954,0.0,0.0,0.0,47.0,44.0,47.0,1.0,7.0,7.0,7.0,0.0,1.0,0.0,47.0,0.125,1.0,0.2083333395421505,14497.551913646941,4508.466796875,3639.245361328125,1940.191650390625,3639.245361328125,1940.191650390625,39.109819024801254
test,dropout030_relay_failure,multi_relation,none,none,none,1,60,EA-RG-MAPPO-S,results/intercept_3d_gate1_hardened_safety_5seed_formal_candidate/runs/multi_relation/bc_ppo_seed1/actor_critic_update_0060.pt,310047,47,checkpoint,100,straight,True,True,80,0.2,1.0,0.3,0,0.0,1,40,80,True,1.0,1.0,1.0,0.02836879517169709,0.4539007132357739,0.680851069853661,37.72340448961613,0.0,0.0,0.0,47.0,44.0,47.0,1.0,7.0,7.0,7.0,0.0,1.0,0.0,47.0,0.125,1.0,0.27083334140479565,14549.571735787898,4560.71044921875,3452.61181640625,1692.3336181640625,3452.61181640625,1692.3336181640625,39.210142731666565
test,dropout030_relay_failure,multi_relation,none,none,none,1,60,EA-RG-MAPPO-S,results/intercept_3d_gate1_hardened_safety_5seed_formal_candidate/runs/multi_relation/bc_ppo_seed1/actor_critic_update_0060.pt,310015,15,checkpoint,100,straight,True,True,80,0.2,1.0,0.3,0,0.0,1,40,80,True,1.0,1.0,1.0,0.026143791628818885,0.47058823996899174,0.620915039789443,35.46078423016212,0.0,0.0,0.0,51.0,48.0,51.0,1.0,11.0,11.0,11.0,0.0,1.0,0.0,51.0,0.08333333333333333,0.9444444477558136,0.2916666753590107,13921.912626378677,3992.52734375,2990.587890625,2082.604736328125,2990.587890625,2082.604736328125,40.60816928744316
test,dropout030_relay_failure,multi_relation,none,none,none,1,60,EA-RG-MAPPO-S,results/intercept_3d_gate1_hardened_safety_5seed_formal_candidate/runs/multi_relation/bc_ppo_seed1/actor_critic_update_0060.pt,310003,3,checkpoint,100,straight,True,True,80,0.2,1.0,0.3,0,0.0,1,40,80,True,0.0,0.0,0.0,0.0,0.1000000020632377,0.16217948943376542,76.16858922237387,0.0,1.0,0.0,260.0,-1.0,-1.0,0.0,220.0,220.0,-1.0,0.0,0.0,1.0,-1.0,0.0,0.15833333767950536,0.09166666939854622,34741.48001474234,72642.15625,354.3500061035156,878.7215576171875,51841.6640625,17946.10546875,-33.65692071989179
test,dropout030_relay_failure,multi_relation,none,none,none,1,60,EA-RG-MAPPO-S,results/intercept_3d_gate1_hardened_safety_5seed_formal_candidate/runs/multi_relation/bc_ppo_seed1/actor_critic_update_0060.pt,310004,4,checkpoint,100,straight,True,True,80,0.2,1.0,0.3,0,0.0,1,40,80,True,0.0,0.0,0.0,0.0,0.10128205315424846,0.14166666894004895,77.22820459839244,0.0,1.0,0.0,260.0,-1.0,-1.0,0.0,220.0,220.0,-1.0,0.0,0.0,1.0,-1.0,0.0,0.1625000037252903,0.09375000279396772,36677.354485144984,80595.5,392.3410949707031,1106.8218994140625,76607.09375,17801.509765625,-40.5137924104929
test,dropout030_relay_failure,multi_relation,none,none,none,1,60,EA-RG-MAPPO-S,results/intercept_3d_gate1_hardened_safety_5seed_formal_candidate/runs/multi_relation/bc_ppo_seed1/actor_critic_update_0060.pt,310010,10,checkpoint,100,straight,True,True,80,0.2,1.0,0.3,0,0.0,1,40,80,True,0.0,0.0,0.0,0.0,0.09743589930809461,0.18076923409333595,72.33525669013079,0.0,1.0,0.0,260.0,-1.0,-1.0,0.0,220.0,220.0,-1.0,0.0,0.0,1.0,-1.0,0.0,0.1500000037252903,0.11666667014360428,36042.74005878155,79466.296875,991.92529296875,194.66830444335938,72772.328125,20121.443359375,-38.16057575494051
test,dropout030_relay_failure,multi_relation,none,none,none,1,60,EA-RG-MAPPO-S,results/intercept_3d_gate1_hardened_safety_5seed_formal_candidate/runs/multi_relation/bc_ppo_seed1/actor_critic_update_0060.pt,310011,11,checkpoint,100,straight,True,True,80,0.2,1.0,0.3,0,0.0,1,40,80,True,0.0,0.0,1.0,0.003846153960778163,0.10256410435988353,0.15000000200592556,76.83782009006693,0.0,1.0,0.0,260.0,42.0,-1.0,0.0,220.0,220.0,-1.0,0.0,0.0,1.0,-1.0,0.0,0.16250000335276127,0.10416666977107525,36205.22173884465,80718.7265625,1173.670654296875,705.9356079101562,77544.4375,19636.93359375,-37.949251315090805
test,dropout030_relay_failure,multi_relation,none,none,none,1,60,EA-RG-MAPPO-S,results/intercept_3d_gate1_hardened_safety_5seed_formal_candidate/runs/multi_relation/bc_ppo_seed1/actor_critic_update_0060.pt,310024,24,checkpoint,100,straight,True,True,80,0.2,1.0,0.3,0,0.0,1,40,80,True,0.0,0.0,1.0,0.003846153960778163,0.09871795051372968,0.17435897720547822,73.40512860193849,0.0,1.0,0.0,260.0,41.0,-1.0,0.0,220.0,220.0,-1.0,0.0,0.0,1.0,-1.0,0.0,0.15416667014360427,0.13541667070239782,36866.788685021034,77751.9765625,1591.0064697265625,480.5892333984375,66767.640625,18329.5390625,-34.679700184613466
test,dropout030_relay_failure,multi_relation,none,none,none,1,60,EA-RG-MAPPO-S,results/intercept_3d_gate1_hardened_safety_5seed_formal_candidate/runs/multi_relation/bc_ppo_seed1/actor_critic_update_0060.pt,310040,40,checkpoint,100,straight,True,True,80,0.2,1.0,0.3,0,0.0,1,40,80,True,0.0,0.0,1.0,0.0025641026405187756,0.09871795051372968,0.1673076949440516,75.65192334800959,0.0,1.0,0.0,260.0,42.0,-1.0,0.0,220.0,220.0,-1.0,0.0,0.0,1.0,-1.0,0.0,0.15416667014360427,0.11041666995733976,36615.89485426683,76720.40625,1485.2330322265625,505.0999450683594,64833.625,20236.34765625,-35.12285307049751
test,dropout030_relay_failure,multi_relation,none,none,none,1,60,EA-RG-MAPPO-S,results/intercept_3d_gate1_hardened_safety_5seed_formal_candidate/runs/multi_relation/bc_ppo_seed1/actor_critic_update_0060.pt,310066,66,checkpoint,100,straight,True,True,80,0.2,1.0,0.3,0,0.0,1,40,80,True,1.0,1.0,1.0,0.03030303120613098,0.4242424287579276,0.6818181879141114,40.94696970046921,0.0,0.0,0.0,44.0,41.0,44.0,1.0,4.0,4.0,4.0,0.0,1.0,0.0,44.0,0.2,1.0,0.1666666716337204,15106.2529296875,5611.88916015625,3754.452392578125,1665.150390625,3754.452392578125,1665.150390625,36.69694098830223
test,dropout030_relay_failure,multi_relation,none,none,none,1,60,EA-RG-MAPPO-S,results/intercept_3d_gate1_hardened_safety_5seed_formal_candidate/runs/multi_relation/bc_ppo_seed1/actor_critic_update_0060.pt,310077,77,checkpoint,100,straight,True,True,80,0.2,1.0,0.3,0,0.0,1,40,80,True,1.0,1.0,1.0,0.03030303120613098,0.40909091383218765,0.655303037979386,40.92803039367903,0.0,0.0,0.0,44.0,41.0,44.0,1.0,4.0,4.0,4.0,0.0,1.0,0.0,44.0,0.2,1.0,0.26666667461395266,15132.376520330256,5595.60302734375,3576.1943359375,2100.25927734375,3576.1943359375,2100.25927734375,36.14667820930481
test,dropout030_relay_failure,multi_relation,none,none,none,1,60,EA-RG-MAPPO-S,results/intercept_3d_gate1_hardened_safety_5seed_formal_candidate/runs/multi_relation/bc_ppo_seed1/actor_critic_update_0060.pt,310079,79,checkpoint,100,straight,True,True,80,0.2,1.0,0.3,0,0.0,1,40,80,True,1.0,1.0,1.0,0.03030303120613098,0.4242424287579276,0.6780303110453215,39.97348456186327,0.0,0.0,0.0,44.0,41.0,44.0,1.0,4.0,4.0,4.0,0.0,1.0,0.0,44.0,0.2,1.0,0.3000000089406967,15086.705910422585,5535.50244140625,3751.512451171875,2075.2900390625,3751.512451171875,2075.2900390625,36.73286443948746
test,dropout030_relay_failure,multi_relation,none,none,none,1,60,EA-RG-MAPPO-S,results/intercept_3d_gate1_hardened_safety_5seed_formal_candidate/runs/multi_relation/bc_ppo_seed1/actor_critic_update_0060.pt,310085,85,checkpoint,100,straight,True,True,80,0.2,1.0,0.3,0,0.0,1,40,80,True,1.0,1.0,1.0,0.03030303120613098,0.41666667095639487,0.6477272788232024,43.890151028944686,0.0,0.0,0.0,44.0,41.0,44.0,1.0,4.0,4.0,4.0,0.0,1.0,0.0,44.0,0.2,1.0,0.1666666716337204,15111.80322265625,5573.94482421875,3721.390380859375,2086.619140625,3721.390380859375,2086.619140625,36.106073290109634
test,dropout030_relay_failure,multi_relation,none,none,none,1,60,EA-RG-MAPPO-S,results/intercept_3d_gate1_hardened_safety_5seed_formal_candidate/runs/multi_relation/bc_ppo_seed1/actor_critic_update_0060.pt,310092,92,checkpoint,100,straight,True,True,80,0.2,1.0,0.3,0,0.0,1,40,80,True,1.0,1.0,1.0,0.03030303120613098,0.40909091383218765,0.6780303110453215,41.92803036252206,0.0,0.0,0.0,44.0,41.0,44.0,1.0,4.0,4.0,4.0,0.0,1.0,0.0,44.0,0.2,1.0,0.20000000596046447,15149.440174449574,5710.04150390625,3508.2021484375,2743.996826171875,3508.2021484375,2743.996826171875,36.20008251070976
test,dropout030_relay_failure,multi_relation,none,none,none,1,60,EA-RG-MAPPO-S,results/intercept_3d_gate1_hardened_safety_5seed_formal_candidate/runs/multi_relation/bc_ppo_seed1/actor_critic_update_0060.pt,310097,97,checkpoint,100,straight,True,True,80,0.2,1.0,0.3,0,0.0,1,40,80,True,1.0,1.0,1.0,0.03030303120613098,0.4242424287579276,0.6969697021625259,44.08333286913958,0.0,0.0,0.0,44.0,41.0,44.0,1.0,4.0,4.0,4.0,0.0,1.0,0.0,44.0,0.2,1.0,0.20000000596046447,15075.550992098722,5503.86181640625,3755.244384765625,2098.181884765625,3755.244384765625,2098.181884765625,36.693923979997635
test,dropout030_relay_failure,multi_relation,none,none,none,1,60,EA-RG-MAPPO-S,results/intercept_3d_gate1_hardened_safety_5seed_formal_candidate/runs/multi_relation/bc_ppo_seed1/actor_critic_update_0060.pt,310052,52,checkpoint,100,straight,True,True,80,0.2,1.0,0.3,0,0.0,1,40,80,True,1.0,1.0,1.0,0.029629630512661403,0.4296296338240306,0.6925925993257098,39.09259248044756,0.0,0.0,0.0,45.0,42.0,45.0,1.0,5.0,5.0,5.0,0.0,1.0,0.0,45.0,0.16666666666666666,1.0,0.1666666716337204,14908.116297743056,5244.73974609375,3878.43359375,1664.7607421875,3878.43359375,1664.7607421875,37.52485179901123
test,dropout030_relay_failure,multi_relation,none,none,none,1,60,EA-RG-MAPPO-S,results/intercept_3d_gate1_hardened_safety_5seed_formal_candidate/runs/multi_relation/bc_ppo_seed1/actor_critic_update_0060.pt,310053,53,checkpoint,100,straight,True,True,80,0.2,1.0,0.3,0,0.0,1,40,80,True,1.0,1.0,1.0,0.029629630512661403,0.4370370414521959,0.7111111174027125,43.00370358857844,0.0,0.0,0.0,45.0,42.0,45.0,1.0,5.0,5.0,5.0,0.0,1.0,0.0,45.0,0.16666666666666666,1.0,0.2500000074505806,14867.6314453125,5096.96826171875,3485.413330078125,2097.66650390625,3485.413330078125,2097.66650390625,37.834675431251526
test,dropout030_relay_failure,multi_relation,none,none,none,1,60,EA-RG-MAPPO-S,results/intercept_3d_gate1_hardened_safety_5seed_formal_candidate/runs/multi_relation/bc_ppo_seed1/actor_critic_update_0060.pt,310054,54,checkpoint,100,straight,True,True,80,0.2,1.0,0.3,0,0.0,1,40,80,True,1.0,1.0,1.0,0.029629630512661403,0.4370370414521959,0.6185185263554255,40.19259247713619,0.0,0.0,0.0,45.0,42.0,45.0,1.0,5.0,5.0,5.0,0.0,1.0,0.0,45.0,0.16666666666666666,1.0,0.19444445023934046,14897.096180555556,5203.51416015625,3805.129638671875,1878.1182861328125,3805.129638671875,1878.1182861328125,37.00989004969597
test,dropout030_relay_failure,multi_relation,none,none,none,1,60,EA-RG-MAPPO-S,results/intercept_3d_gate1_hardened_safety_5seed_formal_candidate/runs/multi_relation/bc_ppo_seed1/actor_critic_update_0060.pt,310056,56,checkpoint,100,straight,True,True,80,0.2,1.0,0.3,0,0.0,1,40,80,True,1.0,1.0,1.0,0.029629630512661403,0.4296296338240306,0.6703703784280353,39.14074090520541,0.0,0.0,0.0,45.0,42.0,45.0,1.0,5.0,5.0,5.0,0.0,1.0,0.0,45.0,0.16666666666666666,1.0,0.22222222884496054,14853.40146484375,5102.27001953125,3716.984619140625,1997.2391357421875,3716.984619140625,1997.2391357421875,37.504230976104736
test,dropout030_relay_failure,multi_relation,none,none,none,1,60,EA-RG-MAPPO-S,results/intercept_3d_gate1_hardened_safety_5seed_formal_candidate/runs/multi_relation/bc_ppo_seed1/actor_critic_update_0060.pt,310057,57,checkpoint,100,straight,True,True,80,0.2,1.0,0.3,0,0.0,1,40,80,True,1.0,1.0,1.0,0.029629630512661403,0.4296296338240306,0.6740740825732549,42.95185207724571,0.0,0.0,0.0,45.0,42.0,45.0,1.0,5.0,5.0,5.0,0.0,1.0,0.0,45.0,0.16666666666666666,1.0,0.22222222884496054,14863.474327256945,5115.4228515625,3780.472412109375,2178.286376953125,3780.472412109375,2178.286376953125,37.2689523100853
test,dropout030_relay_failure,multi_relation,none,none,none,1,60,EA-RG-MAPPO-S,results/intercept_3d_gate1_hardened_safety_5seed_formal_candidate/runs/multi_relation/bc_ppo_seed1/actor_critic_update_0060.pt,310058,58,checkpoint,100,straight,True,True,80,0.2,1.0,0.3,0,0.0,1,40,80,True,1.0,1.0,1.0,0.029629630512661403,0.4370370414521959,0.6777777840693792,37.229629349046284,0.0,0.0,0.0,45.0,42.0,45.0,1.0,5.0,5.0,5.0,0.0,1.0,0.0,45.0,0.16666666666666666,1.0,0.2500000074505806,14874.360188802084,5138.32568359375,3447.67529296875,1956.163818359375,3447.67529296875,1956.163818359375,37.75645537674427
test,dropout030_relay_failure,multi_relation,none,none,none,1,60,EA-RG-MAPPO-S,results/intercept_3d_gate1_hardened_safety_5seed_formal_candidate/runs/multi_relation/bc_ppo_seed1/actor_critic_update_0060.pt,310059,59,checkpoint,100,straight,True,True,80,0.2,1.0,0.3,0,0.0,1,40,80,True,1.0,1.0,1.0,0.029629630512661403,0.4296296338240306,0.637037044763565,37.2592592590385,0.0,0.0,0.0,45.0,42.0,45.0,1.0,5.0,5.0,5.0,0.0,1.0,0.0,45.0,0.16666666666666666,1.0,0.22222222884496054,14920.929546440972,5302.734375,3687.417724609375,1702.958984375,3687.417724609375,1702.958984375,37.000528156757355
test,dropout030_relay_failure,multi_relation,none,none,none,1,60,EA-RG-MAPPO-S,results/intercept_3d_gate1_hardened_safety_5seed_formal_candidate/runs/multi_relation/bc_ppo_seed1/actor_critic_update_0060.pt,310062,62,checkpoint,100,straight,True,True,80,0.2,1.0,0.3,0,0.0,1,40,80,True,1.0,1.0,1.0,0.029629630512661403,0.4370370414521959,0.6740740825732549,34.41851869457298,0.0,0.0,0.0,45.0,42.0,45.0,1.0,5.0,5.0,5.0,0.0,1.0,0.0,45.0,0.16666666666666666,1.0,0.3055555646618207,14864.769346788195,5157.77734375,3635.55224609375,1927.0255126953125,3635.55224609375,1927.0255126953125,37.7892624437809
test,dropout030_relay_failure,multi_relation,none,none,none,1,60,EA-RG-MAPPO-S,results/intercept_3d_gate1_hardened_safety_5seed_formal_candidate/runs/multi_relation/bc_ppo_seed1/actor_critic_update_0060.pt,310069,69,checkpoint,100,straight,True,True,80,0.2,1.0,0.3,0,0.0,1,40,80,True,1.0,1.0,1.0,0.029629630512661403,0.4370370414521959,0.6444444537162781,44.162963069809805,0.0,0.0,0.0,45.0,42.0,45.0,1.0,5.0,5.0,5.0,0.0,1.0,0.0,45.0,0.16666666666666666,1.0,0.2500000074505806,14907.11716579861,5245.85205078125,3980.56640625,2875.310791015625,3980.56640625,2875.310791015625,36.99690592288971
test,dropout030_relay_failure,multi_relation,none,none,none,1,60,EA-RG-MAPPO-S,results/intercept_3d_gate1_hardened_safety_5seed_formal_candidate/runs/multi_relation/bc_ppo_seed1/actor_critic_update_0060.pt,310070,70,checkpoint,100,straight,True,True,80,0.2,1.0,0.3,0,0.0,1,40,80,True,1.0,1.0,1.0,0.029629630512661403,0.4370370414521959,0.6592592693037457,41.98518546124299,0.0,0.0,0.0,45.0,42.0,45.0,1.0,5.0,5.0,5.0,0.0,1.0,0.0,45.0,0.16666666666666666,1.0,0.22222222884496054,14889.134581163195,5178.69580078125,3379.054931640625,1864.2742919921875,3379.054931640625,1864.2742919921875,37.293769001960754
test,dropout030_relay_failure,multi_relation,none,none,none,1,60,EA-RG-MAPPO-S,results/intercept_3d_gate1_hardened_safety_5seed_formal_candidate/runs/multi_relation/bc_ppo_seed1/actor_critic_update_0060.pt,310071,71,checkpoint,100,straight,True,True,80,0.2,1.0,0.3,0,0.0,1,40,80,True,1.0,1.0,1.0,0.029629630512661403,0.4296296338240306,0.6592592669857873,41.19259265330103,0.0,0.0,0.0,45.0,42.0,45.0,1.0,5.0,5.0,5.0,0.0,1.0,0.0,45.0,0.16666666666666666,1.0,0.2777777860562007,14865.030598958334,5164.73583984375,3884.75048828125,1917.6259765625,3884.75048828125,1917.6259765625,37.165062725543976
test,dropout030_relay_failure,multi_relation,none,none,none,1,60,EA-RG-MAPPO-S,results/intercept_3d_gate1_hardened_safety_5seed_formal_candidate/runs/multi_relation/bc_ppo_seed1/actor_critic_update_0060.pt,310075,75,checkpoint,100,straight,True,True,80,0.2,1.0,0.3,0,0.0,1,40,80,True,1.0,1.0,1.0,0.029629630512661403,0.4370370414521959,0.6666666749450896,38.25555544793606,0.0,0.0,0.0,45.0,42.0,45.0,1.0,5.0,5.0,5.0,0.0,1.0,0.0,45.0,0.16666666666666666,1.0,0.2500000074505806,14925.554329427083,5292.00048828125,3800.131103515625,1485.846923828125,3800.131103515625,1485.846923828125,37.48667222261429
test,dropout030_relay_failure,multi_relation,none,none,none,1,60,EA-RG-MAPPO-S,results/intercept_3d_gate1_hardened_safety_5seed_formal_candidate/runs/multi_relation/bc_ppo_seed1/actor_critic_update_0060.pt,310076,76,checkpoint,100,straight,True,True,80,0.2,1.0,0.3,0,0.0,1,40,80,True,1.0,1.0,1.0,0.029629630512661403,0.4370370414521959,0.651851859026485,39.233333105511136,0.0,0.0,0.0,45.0,42.0,45.0,1.0,5.0,5.0,5.0,0.0,1.0,0.0,45.0,0.16666666666666666,1.0,0.2500000074505806,14866.1248046875,5140.46826171875,3698.444580078125,2344.765380859375,3698.444580078125,2344.765380859375,37.351610988378525
test,dropout030_relay_failure,multi_relation,none,none,none,1,60,EA-RG-MAPPO-S,results/intercept_3d_gate1_hardened_safety_5seed_formal_candidate/runs/multi_relation/bc_ppo_seed1/actor_critic_update_0060.pt,310083,83,checkpoint,100,straight,True,True,80,0.2,1.0,0.3,0,0.0,1,40,80,True,1.0,1.0,1.0,0.029629630512661403,0.4296296338240306,0.6777777860562006,41.070370366507106,0.0,0.0,0.0,45.0,42.0,45.0,1.0,5.0,5.0,5.0,0.0,1.0,0.0,45.0,0.16666666666666666,1.0,0.19444445023934046,14870.680512152778,5146.22900390625,3815.542236328125,2120.789794921875,3815.542236328125,2120.789794921875,37.35915723443031
test,dropout030_relay_failure,multi_relation,none,none,none,1,60,EA-RG-MAPPO-S,results/intercept_3d_gate1_hardened_safety_5seed_formal_candidate/runs/multi_relation/bc_ppo_seed1/actor_critic_update_0060.pt,310084,84,checkpoint,100,straight,True,True,80,0.2,1.0,0.3,0,0.0,1,40,80,True,1.0,1.0,1.0,0.029629630512661403,0.4370370414521959,0.6111111187272602,45.8740739941597,0.0,0.0,0.0,45.0,42.0,45.0,1.0,5.0,5.0,5.0,0.0,1.0,0.0,45.0,0.16666666666666666,1.0,0.19444445023934046,14873.724793836805,5152.244140625,3877.048583984375,2246.7421875,3877.048583984375,2246.7421875,36.750424295663834
test,dropout030_relay_failure,multi_relation,none,none,none,1,60,EA-RG-MAPPO-S,results/intercept_3d_gate1_hardened_safety_5seed_formal_candidate/runs/multi_relation/bc_ppo_seed1/actor_critic_update_0060.pt,310091,91,checkpoint,100,straight,True,True,80,0.2,1.0,0.3,0,0.0,1,40,80,True,1.0,1.0,1.0,0.029629630512661403,0.4370370414521959,0.6444444520605935,39.251852020290166,0.0,0.0,0.0,45.0,42.0,45.0,1.0,5.0,5.0,5.0,0.0,1.0,0.0,45.0,0.16666666666666666,1.0,0.13888889302810034,14894.829296875,5228.20166015625,3805.96142578125,1835.7579345703125,3805.96142578125,1835.7579345703125,37.31593418121338
test,dropout030_relay_failure,multi_relation,none,none,none,1,60,EA-RG-MAPPO-S,results/intercept_3d_gate1_hardened_safety_5seed_formal_candidate/runs/multi_relation/bc_ppo_seed1/actor_critic_update_0060.pt,310095,95,checkpoint,100,straight,True,True,80,0.2,1.0,0.3,0,0.0,1,40,80,True,1.0,1.0,1.0,0.029629630512661403,0.4296296338240306,0.6518518600198958,41.07777800858021,0.0,0.0,0.0,45.0,42.0,45.0,1.0,5.0,5.0,5.0,0.0,1.0,0.0,45.0,0.16666666666666666,1.0,0.1666666716337204,14910.467220052084,5172.47314453125,3579.613037109375,2054.86865234375,3579.613037109375,2054.86865234375,37.073113799095154
test,dropout030_relay_failure,multi_relation,none,none,none,1,60,EA-RG-MAPPO-S,results/intercept_3d_gate1_hardened_safety_5seed_formal_candidate/runs/multi_relation/bc_ppo_seed1/actor_critic_update_0060.pt,310055,55,checkpoint,100,straight,True,True,80,0.2,1.0,0.3,0,0.0,1,40,80,True,1.0,1.0,1.0,0.028985508110212242,0.44927536663801776,0.6231884120599084,40.44202887493631,0.0,0.0,0.0,46.0,43.0,46.0,1.0,6.0,6.0,6.0,0.0,1.0,0.0,46.0,0.14285714285714285,1.0,0.19047619615282332,14671.626029636549,4783.55517578125,3744.453857421875,2090.714599609375,3744.453857421875,2090.714599609375,37.89060892164707
test,dropout030_relay_failure,multi_relation,none,none,none,1,60,EA-RG-MAPPO-S,results/intercept_3d_gate1_hardened_safety_5seed_formal_candidate/runs/multi_relation/bc_ppo_seed1/actor_critic_update_0060.pt,310060,60,checkpoint,100,straight,True,True,80,0.2,1.0,0.3,0,0.0,1,40,80,True,1.0,1.0,1.0,0.028985508110212242,0.44927536663801776,0.684782615174418,38.39855056191268,0.0,0.0,0.0,46.0,43.0,46.0,1.0,6.0,6.0,6.0,0.0,1.0,0.0,46.0,0.14285714285714285,1.0,0.26190476971013205,14653.466213060461,4757.0830078125,3583.1298828125,1988.65966796875,3583.1298828125,1988.65966796875,38.50273314118385
test,dropout030_relay_failure,multi_relation,none,none,none,1,60,EA-RG-MAPPO-S,results/intercept_3d_gate1_hardened_safety_5seed_formal_candidate/runs/multi_relation/bc_ppo_seed1/actor_critic_update_0060.pt,310063,63,checkpoint,100,straight,True,True,80,0.2,1.0,0.3,0,0.0,1,40,80,True,1.0,1.0,1.0,0.028985508110212242,0.44202898961046466,0.684782618737739,36.55434793590204,0.0,0.0,0.0,46.0,43.0,46.0,1.0,6.0,6.0,6.0,0.0,1.0,0.0,46.0,0.14285714285714285,1.0,0.3095238187483379,14669.538404381794,4800.10791015625,3712.66796875,1948.23291015625,3712.66796875,1948.23291015625,38.42307171225548
test,dropout030_relay_failure,multi_relation,none,none,none,1,60,EA-RG-MAPPO-S,results/intercept_3d_gate1_hardened_safety_5seed_formal_candidate/runs/multi_relation/bc_ppo_seed1/actor_critic_update_0060.pt,310064,64,checkpoint,100,straight,True,True,80,0.2,1.0,0.3,0,0.0,1,40,80,True,1.0,1.0,1.0,0.028985508110212242,0.44927536663801776,0.6630434853875119,44.1340575846641,0.0,0.0,0.0,46.0,43.0,46.0,1.0,6.0,6.0,6.0,0.0,1.0,0.0,46.0,0.14285714285714285,1.0,0.19047619615282332,14646.163457455843,4703.78759765625,3634.091552734375,2387.513916015625,3634.091552734375,2387.513916015625,38.227614998817444
test,dropout030_relay_failure,multi_relation,none,none,none,1,60,EA-RG-MAPPO-S,results/intercept_3d_gate1_hardened_safety_5seed_formal_candidate/runs/multi_relation/bc_ppo_seed1/actor_critic_update_0060.pt,310065,65,checkpoint,100,straight,True,True,80,0.2,1.0,0.3,0,0.0,1,40,80,True,1.0,1.0,1.0,0.028985508110212242,0.44927536663801776,0.6775362387947415,36.478260591950104,0.0,0.0,0.0,46.0,43.0,46.0,1.0,6.0,6.0,6.0,0.0,1.0,0.0,46.0,0.14285714285714285,1.0,0.23809524519102915,14673.619034476902,4718.4921875,3378.726318359375,1962.7962646484375,3378.726318359375,1962.7962646484375,38.63724820315838
test,dropout030_relay_failure,multi_relation,none,none,none,1,60,EA-RG-MAPPO-S,results/intercept_3d_gate1_hardened_safety_5seed_formal_candidate/runs/multi_relation/bc_ppo_seed1/actor_critic_update_0060.pt,310067,67,checkpoint,100,straight,True,True,80,0.2,1.0,0.3,0,0.0,1,40,80,True,1.0,1.0,1.0,0.028985508110212242,0.44927536663801776,0.6775362404144328,40.21376817932595,0.0,0.0,0.0,46.0,43.0,46.0,1.0,6.0,6.0,6.0,0.0,1.0,0.0,46.0,0.14285714285714285,1.0,0.23809524519102915,14640.594503651495,4692.33740234375,3692.701171875,2775.586181640625,3692.701171875,2775.586181640625,38.46257355809212
test,dropout030_relay_failure,multi_relation,none,none,none,1,60,EA-RG-MAPPO-S,results/intercept_3d_gate1_hardened_safety_5seed_formal_candidate/runs/multi_relation/bc_ppo_seed1/actor_critic_update_0060.pt,310068,68,checkpoint,100,straight,True,True,80,0.2,1.0,0.3,0,0.0,1,40,80,True,1.0,1.0,1.0,0.028985508110212242,0.44927536663801776,0.6775362404144328,37.43840610657049,0.0,0.0,0.0,46.0,43.0,46.0,1.0,6.0,6.0,6.0,0.0,1.0,0.0,46.0,0.14285714285714285,1.0,0.19047619615282332,14683.995520550272,4750.71728515625,3521.236328125,2078.880859375,3521.236328125,2078.880859375,38.57565379142761
test,dropout030_relay_failure,multi_relation,none,none,none,1,60,EA-RG-MAPPO-S,results/intercept_3d_gate1_hardened_safety_5seed_formal_candidate/runs/multi_relation/bc_ppo_seed1/actor_critic_update_0060.pt,310073,73,checkpoint,100,straight,True,True,80,0.2,1.0,0.3,0,0.0,1,40,80,True,1.0,1.0,1.0,0.028985508110212242,0.44202898961046466,0.6702898620911266,42.28260846695174,0.0,0.0,0.0,46.0,43.0,46.0,1.0,6.0,6.0,6.0,0.0,1.0,0.0,46.0,0.14285714285714285,1.0,0.23809524519102915,14662.881241508152,4743.35205078125,3683.290283203125,2679.198486328125,3683.290283203125,2679.198486328125,38.06766474246979
test,dropout030_relay_failure,multi_relation,none,none,none,1,60,EA-RG-MAPPO-S,results/intercept_3d_gate1_hardened_safety_5seed_formal_candidate/runs/multi_relation/bc_ppo_seed1/actor_critic_update_0060.pt,310080,80,checkpoint,100,straight,True,True,80,0.2,1.0,0.3,0,0.0,1,40,80,True,1.0,1.0,1.0,0.028985508110212242,0.44927536663801776,0.6485507326281589,41.22826070208912,0.0,0.0,0.0,46.0,43.0,46.0,1.0,6.0,6.0,6.0,0.0,1.0,0.0,46.0,0.14285714285714285,1.0,0.21428572067192622,14699.142737347147,4817.10986328125,3551.5361328125,1857.00341796875,3551.5361328125,1857.00341796875,38.119263619184494
test,dropout030_relay_failure,multi_relation,none,none,none,1,60,EA-RG-MAPPO-S,results/intercept_3d_gate1_hardened_safety_5seed_formal_candidate/runs/multi_relation/bc_ppo_seed1/actor_critic_update_0060.pt,310082,82,checkpoint,100,straight,True,True,80,0.2,1.0,0.3,0,0.0,1,40,80,True,1.0,1.0,1.0,0.028985508110212242,0.44927536663801776,0.6376811664389528,35.57608662934407,0.0,0.0,0.0,46.0,43.0,46.0,1.0,6.0,6.0,6.0,0.0,1.0,0.0,46.0,0.14285714285714285,1.0,0.19047619615282332,14709.13669752038,4910.27880859375,3707.870849609375,1644.0260009765625,3707.870849609375,1644.0260009765625,38.16057991981506
test,dropout030_relay_failure,multi_relation,none,none,none,1,60,EA-RG-MAPPO-S,results/intercept_3d_gate1_hardened_safety_5seed_formal_candidate/runs/multi_relation/bc_ppo_seed1/actor_critic_update_0060.pt,310093,93,checkpoint,100,straight,True,True,80,0.2,1.0,0.3,0,0.0,1,40,80,True,1.0,1.0,1.0,0.028985508110212242,0.44927536663801776,0.6485507313324057,39.463768254155696,0.0,0.0,0.0,46.0,43.0,46.0,1.0,6.0,6.0,6.0,0.0,1.0,0.0,46.0,0.14285714285714285,1.0,0.1666666716337204,14757.620223335598,4941.40234375,3622.77685546875,1494.970458984375,3622.77685546875,1494.970458984375,38.06802886724472
test,dropout030_relay_failure,multi_relation,none,none,none,1,60,EA-RG-MAPPO-S,results/intercept_3d_gate1_hardened_safety_5seed_formal_candidate/runs/multi_relation/bc_ppo_seed1/actor_critic_update_0060.pt,310094,94,checkpoint,100,straight,True,True,80,0.2,1.0,0.3,0,0.0,1,40,80,True,1.0,1.0,1.0,0.028985508110212242,0.44927536663801776,0.6594202984934268,41.20652192733858,0.0,0.0,0.0,46.0,43.0,46.0,1.0,6.0,6.0,6.0,0.0,1.0,0.0,46.0,0.14285714285714285,1.0,0.23809524519102915,14645.526399031929,4699.4658203125,3797.373046875,2250.97509765625,3797.373046875,2250.97509765625,38.254952520132065
test,dropout030_relay_failure,multi_relation,none,none,none,1,60,EA-RG-MAPPO-S,results/intercept_3d_gate1_hardened_safety_5seed_formal_candidate/runs/multi_relation/bc_ppo_seed1/actor_critic_update_0060.pt,310099,99,checkpoint,100,straight,True,True,80,0.2,1.0,0.3,0,0.0,1,40,80,True,1.0,1.0,1.0,0.028985508110212242,0.44927536663801776,0.6811594286042711,42.14492758752211,0.0,0.0,0.0,46.0,43.0,46.0,1.0,6.0,6.0,6.0,0.0,1.0,0.0,46.0,0.14285714285714285,1.0,0.19047619615282332,14713.500063688858,4842.4013671875,3587.849609375,1799.980712890625,3587.849609375,1799.980712890625,38.4039531648159
test,dropout030_relay_failure,multi_relation,none,none,none,1,60,EA-RG-MAPPO-S,results/intercept_3d_gate1_hardened_safety_5seed_formal_candidate/runs/multi_relation/bc_ppo_seed1/actor_critic_update_0060.pt,310061,61,checkpoint,100,straight,True,True,80,0.2,1.0,0.3,0,0.0,1,40,80,True,1.0,1.0,1.0,0.02836879517169709,0.4539007132357739,0.6453900784254074,37.68439727672871,0.0,0.0,0.0,47.0,44.0,47.0,1.0,7.0,7.0,7.0,0.0,1.0,0.0,47.0,0.125,1.0,0.2083333395421505,14561.511656416224,4638.69873046875,3968.78857421875,2028.60791015625,3968.78857421875,2028.60791015625,38.78375855088234
test,dropout030_relay_failure,multi_relation,none,none,none,1,60,EA-RG-MAPPO-S,results/intercept_3d_gate1_hardened_safety_5seed_formal_candidate/runs/multi_relation/bc_ppo_seed1/actor_critic_update_0060.pt,310087,87,checkpoint,100,straight,True,True,80,0.2,1.0,0.3,0,0.0,1,40,80,True,1.0,1.0,1.0,0.02836879517169709,0.4539007132357739,0.6737588720118746,41.33687948800148,0.0,0.0,0.0,47.0,44.0,47.0,1.0,7.0,7.0,7.0,0.0,1.0,0.0,47.0,0.125,1.0,0.2083333395421505,14535.266663896276,4554.3896484375,3800.1015625,2099.031494140625,3800.1015625,2099.031494140625,38.91419097781181
test,dropout030_relay_failure,multi_relation,none,none,none,1,60,EA-RG-MAPPO-S,results/intercept_3d_gate1_hardened_safety_5seed_formal_candidate/runs/multi_relation/bc_ppo_seed1/actor_critic_update_0060.pt,310089,89,checkpoint,100,straight,True,True,80,0.2,1.0,0.3,0,0.0,1,40,80,True,1.0,1.0,1.0,0.02836879517169709,0.4539007132357739,0.613475186710662,40.6028372892674,0.0,0.0,0.0,47.0,44.0,47.0,1.0,7.0,7.0,7.0,0.0,1.0,0.0,47.0,0.125,1.0,0.2500000074505806,14498.078976894947,4461.822265625,3619.0810546875,2261.31591796875,3619.0810546875,2261.31591796875,38.441678166389465
test,dropout030_relay_failure,multi_relation,none,none,none,1,60,EA-RG-MAPPO-S,results/intercept_3d_gate1_hardened_safety_5seed_formal_candidate/runs/multi_relation/bc_ppo_seed1/actor_critic_update_0060.pt,310090,90,checkpoint,100,straight,True,True,80,0.2,1.0,0.3,0,0.0,1,40,80,True,1.0,1.0,1.0,0.02836879517169709,0.4539007132357739,0.638297881851805,43.22695025072453,0.0,0.0,0.0,47.0,44.0,47.0,1.0,7.0,7.0,7.0,0.0,1.0,0.0,47.0,0.125,1.0,0.2083333395421505,14478.448335688165,4347.23486328125,3539.68701171875,2869.98388671875,3539.68701171875,2869.98388671875,38.65194955468178
test,dropout030_relay_failure,multi_relation,none,none,none,1,60,EA-RG-MAPPO-S,results/intercept_3d_gate1_hardened_safety_5seed_formal_candidate/runs/multi_relation/bc_ppo_seed1/actor_critic_update_0060.pt,310098,98,checkpoint,100,straight,True,True,80,0.2,1.0,0.3,0,0.0,1,40,80,True,1.0,1.0,1.0,0.02836879517169709,0.4539007132357739,0.6312056798884209,40.45035466298144,0.0,0.0,0.0,47.0,44.0,47.0,1.0,7.0,7.0,7.0,0.0,1.0,0.0,47.0,0.125,1.0,0.18750000558793545,14557.605385638299,4576.21923828125,3749.346435546875,1962.011474609375,3749.346435546875,1962.011474609375,38.591112822294235
test,dropout030_relay_failure,multi_relation,none,none,none,1,60,EA-RG-MAPPO-S,results/intercept_3d_gate1_hardened_safety_5seed_formal_candidate/runs/multi_relation/bc_ppo_seed1/actor_critic_update_0060.pt,310050,50,checkpoint,100,straight,True,True,80,0.2,1.0,0.3,0,0.0,1,40,80,True,1.0,1.0,1.0,0.027777778605620067,0.46527778171002865,0.6388888970638315,40.70486084930599,0.0,0.0,0.0,48.0,45.0,48.0,1.0,8.0,8.0,8.0,0.0,1.0,0.0,48.0,0.1111111111111111,1.0,0.22222222884496054,14379.696502685547,4312.20556640625,3645.725830078125,2022.767333984375,3645.725830078125,2022.767333984375,39.529374957084656
test,dropout030_relay_failure,multi_relation,none,none,none,1,60,EA-RG-MAPPO-S,results/intercept_3d_gate1_hardened_safety_5seed_formal_candidate/runs/multi_relation/bc_ppo_seed1/actor_critic_update_0060.pt,310072,72,checkpoint,100,straight,True,True,80,0.2,1.0,0.3,0,0.0,1,40,80,True,1.0,1.0,1.0,0.027777778605620067,0.46527778171002865,0.6319444536541899,39.77083318121731,0.0,0.0,0.0,48.0,45.0,48.0,1.0,8.0,8.0,8.0,0.0,1.0,0.0,48.0,0.1111111111111111,1.0,0.22222222884496054,14368.164337158203,4300.474609375,3553.94140625,1877.7899169921875,3553.94140625,1877.7899169921875,39.3607302904129
test,dropout030_relay_failure,multi_relation,none,none,none,1,60,EA-RG-MAPPO-S,results/intercept_3d_gate1_hardened_safety_5seed_formal_candidate/runs/multi_relation/bc_ppo_seed1/actor_critic_update_0060.pt,310074,74,checkpoint,100,straight,True,True,80,0.2,1.0,0.3,0,0.0,1,40,80,True,1.0,1.0,1.0,0.027777778605620067,0.46527778171002865,0.6562500086923441,38.92708338828137,0.0,0.0,0.0,48.0,45.0,48.0,1.0,8.0,8.0,8.0,0.0,1.0,0.0,48.0,0.1111111111111111,1.0,0.24074074791537392,14401.371602376303,4441.18994140625,3580.703125,1975.845458984375,3580.703125,1975.845458984375,39.507400542497635
test,dropout030_relay_failure,multi_relation,none,none,none,1,60,EA-RG-MAPPO-S,results/intercept_3d_gate1_hardened_safety_5seed_formal_candidate/runs/multi_relation/bc_ppo_seed1/actor_critic_update_0060.pt,310086,86,checkpoint,100,straight,True,True,80,0.2,1.0,0.3,0,0.0,1,40,80,True,1.0,1.0,1.0,0.027777778605620067,0.45833333767950535,0.5833333417152365,38.08680581798156,0.0,0.0,0.0,48.0,45.0,48.0,1.0,8.0,8.0,8.0,0.0,1.0,0.0,48.0,0.1111111111111111,1.0,0.18518519070413378,14372.925384521484,4358.22900390625,3473.4990234375,2273.556884765625,3473.4990234375,2273.556884765625,38.81341242790222
test,dropout030_relay_failure,multi_relation,none,none,none,1,60,EA-RG-MAPPO-S,results/intercept_3d_gate1_hardened_safety_5seed_formal_candidate/runs/multi_relation/bc_ppo_seed1/actor_critic_update_0060.pt,310051,51,checkpoint,100,straight,True,True,80,0.2,1.0,0.3,0,0.0,1,40,80,True,1.0,1.0,1.0,0.027210885164689044,0.46258503806834317,0.6768707563074268,37.31632643481907,0.0,0.0,0.0,49.0,46.0,49.0,1.0,9.0,9.0,9.0,0.0,1.0,0.0,49.0,0.1,1.0,0.2500000074505806,14245.636140784438,4226.2138671875,3392.32568359375,999.6680297851562,3392.32568359375,999.6680297851562,40.26031273603439
test,dropout030_relay_failure,multi_relation,none,none,none,1,60,EA-RG-MAPPO-S,results/intercept_3d_gate1_hardened_safety_5seed_formal_candidate/runs/multi_relation/bc_ppo_seed1/actor_critic_update_0060.pt,310078,78,checkpoint,100,straight,True,True,80,0.2,1.0,0.3,0,0.0,1,40,80,True,0.0,0.0,1.0,0.0012820513202593878,0.10256410447450784,0.13717948908989247,92.44422954097391,0.0,1.0,0.0,260.0,43.0,-1.0,0.0,220.0,220.0,-1.0,0.0,0.0,1.0,-1.0,0.0,0.1625000037252903,0.08958333600312471,36085.47641601563,75651.015625,269.2967834472656,1004.3568115234375,65024.90234375,30153.75,-36.89923068881035
test,dropout030_relay_failure,multi_relation,none,none,none,1,60,EA-RG-MAPPO-S,results/intercept_3d_gate1_hardened_safety_5seed_formal_candidate/runs/multi_relation/bc_ppo_seed1/actor_critic_update_0060.pt,310081,81,checkpoint,100,straight,True,True,80,0.2,1.0,0.3,0,0.0,1,40,80,True,0.0,0.0,1.0,0.003846153960778163,0.10256410435988353,0.13589743805619386,93.06025527497897,0.0,1.0,0.0,260.0,42.0,-1.0,0.0,220.0,220.0,-1.0,0.0,0.0,1.0,-1.0,0.0,0.16250000335276127,0.09166666939854622,36317.86402587891,80248.4765625,237.35337829589844,770.1976318359375,77158.796875,18646.31640625,-39.325177393853664
test,dropout030_relay_failure,multi_relation,none,none,none,1,60,EA-RG-MAPPO-S,results/intercept_3d_gate1_hardened_safety_5seed_formal_candidate/runs/multi_relation/bc_ppo_seed1/actor_critic_update_0060.pt,310088,88,checkpoint,100,straight,True,True,80,0.2,1.0,0.3,0,0.0,1,40,80,True,0.0,0.0,1.0,0.0012820513202593878,0.09615384798783522,0.15192307898631463,75.68141016667852,0.0,1.0,0.0,260.0,42.0,-1.0,0.0,220.0,220.0,-1.0,0.0,0.0,1.0,-1.0,0.0,0.15000000335276126,0.11250000335276127,37370.21654146635,78900.2109375,1814.594482421875,1412.35498046875,72768.296875,21581.23046875,-38.06858486123383
test,dropout030_relay_failure,multi_relation,none,none,none,1,60,EA-RG-MAPPO-S,results/intercept_3d_gate1_hardened_safety_5seed_formal_candidate/runs/multi_relation/bc_ppo_seed1/actor_critic_update_0060.pt,310096,96,checkpoint,100,straight,True,True,80,0.2,1.0,0.3,0,0.0,1,40,80,True,0.0,0.0,1.0,0.0025641026405187756,0.10000000171936475,0.17371795148803637,72.98782076996106,0.0,1.0,0.0,260.0,43.0,-1.0,0.0,220.0,220.0,-1.0,0.0,0.0,1.0,-1.0,0.0,0.15833333656191825,0.09375000279396772,36135.90193387545,81249.6328125,283.64251708984375,698.3414306640625,76808.390625,17799.724609375,-37.72616088017821
test,dropout030_relay_failure,multi_relation,none,none,none,2,60,EA-RG-MAPPO-S,results/intercept_3d_gate1_hardened_safety_5seed_formal_candidate/runs/multi_relation/bc_ppo_seed2/actor_critic_update_0060.pt,310001,1,checkpoint,100,straight,True,True,80,0.2,1.0,0.3,0,0.0,1,40,80,True,1.0,1.0,1.0,0.03030303120613098,0.4242424287579276,0.6856060678308661,41.916666558181696,0.0,0.0,0.0,44.0,41.0,44.0,1.0,4.0,4.0,4.0,0.0,1.0,0.0,44.0,0.2,1.0,0.20000000596046447,15160.965853604403,5777.68896484375,3777.2373046875,3607.163330078125,3777.2373046875,3607.163330078125,36.51731041073799
test,dropout030_relay_failure,multi_relation,none,none,none,2,60,EA-RG-MAPPO-S,results/intercept_3d_gate1_hardened_safety_5seed_formal_candidate/runs/multi_relation/bc_ppo_seed2/actor_critic_update_0060.pt,310002,2,checkpoint,100,straight,True,True,80,0.2,1.0,0.3,0,0.0,1,40,80,True,1.0,1.0,1.0,0.03030303120613098,0.4166666716337204,0.6250000098212198,46.8674242391505,0.0,0.0,0.0,44.0,41.0,44.0,1.0,4.0,4.0,4.0,0.0,1.0,0.0,44.0,0.2,1.0,0.1666666716337204,15354.87225896662,6334.43408203125,3794.293212890625,3993.103515625,3794.293212890625,3993.103515625,35.23615275323391
test,dropout030_relay_failure,multi_relation,none,none,none,2,60,EA-RG-MAPPO-S,results/intercept_3d_gate1_hardened_safety_5seed_formal_candidate/runs/multi_relation/bc_ppo_seed2/actor_critic_update_0060.pt,310004,4,checkpoint,100,straight,True,True,80,0.2,1.0,0.3,0,0.0,1,40,80,True,1.0,1.0,1.0,0.03030303120613098,0.41666667095639487,0.6439394019544125,49.82575751299208,0.0,0.0,0.0,44.0,41.0,44.0,1.0,4.0,4.0,4.0,0.0,1.0,0.0,44.0,0.2,1.0,0.13333333730697633,15193.226251775568,5909.00341796875,3806.62109375,3666.08349609375,3806.62109375,3666.08349609375,35.52903109788895
test,dropout030_relay_failure,multi_relation,none,none,none,2,60,EA-RG-MAPPO-S,results/intercept_3d_gate1_hardened_safety_5seed_formal_candidate/runs/multi_relation/bc_ppo_seed2/actor_critic_update_0060.pt,310005,5,checkpoint,100,straight,True,True,80,0.2,1.0,0.3,0,0.0,1,40,80,True,1.0,1.0,1.0,0.03030303120613098,0.41666667095639487,0.6363636441528797,44.928030336445026,0.0,0.0,0.0,44.0,41.0,44.0,1.0,4.0,4.0,4.0,0.0,1.0,0.0,44.0,0.2,1.0,0.20000000596046447,15200.500599254261,5936.97265625,3572.52001953125,4072.7529296875,3572.52001953125,4072.7529296875,35.65861386060715
test,dropout030_relay_failure,multi_relation,none,none,none,2,60,EA-RG-MAPPO-S,results/intercept_3d_gate1_hardened_safety_5seed_formal_candidate/runs/multi_relation/bc_ppo_seed2/actor_critic_update_0060.pt,310010,10,checkpoint,100,straight,True,True,80,0.2,1.0,0.3,0,0.0,1,40,80,True,1.0,1.0,1.0,0.03030303120613098,0.41666667095639487,0.6742424331605434,52.73484871739691,0.0,0.0,0.0,44.0,41.0,44.0,1.0,4.0,4.0,4.0,0.0,1.0,0.0,44.0,0.2,1.0,0.26666667461395266,15182.378351384943,5725.55322265625,3619.119873046875,4215.865234375,3619.119873046875,4215.865234375,35.85797816514969
test,dropout030_relay_failure,multi_relation,none,none,none,2,60,EA-RG-MAPPO-S,results/intercept_3d_gate1_hardened_safety_5seed_formal_candidate/runs/multi_relation/bc_ppo_seed2/actor_critic_update_0060.pt,310011,11,checkpoint,100,straight,True,True,80,0.2,1.0,0.3,0,0.0,1,40,80,True,1.0,1.0,1.0,0.03030303120613098,0.41666667095639487,0.6893939463929697,40.92424253983931,0.0,0.0,0.0,44.0,41.0,44.0,1.0,4.0,4.0,4.0,0.0,1.0,0.0,44.0,0.2,1.0,0.23333334028720856,15147.86279296875,5687.21435546875,3640.76806640625,3766.182861328125,3640.76806640625,3766.182861328125,36.4795365780592
test,dropout030_relay_failure,multi_relation,none,none,none,2,60,EA-RG-MAPPO-S,results/intercept_3d_gate1_hardened_safety_5seed_formal_candidate/runs/multi_relation/bc_ppo_seed2/actor_critic_update_0060.pt,310014,14,checkpoint,100,straight,True,True,80,0.2,1.0,0.3,0,0.0,1,40,80,True,1.0,1.0,1.0,0.03030303120613098,0.41666667095639487,0.6628787971355699,41.98863641951572,0.0,0.0,0.0,44.0,41.0,44.0,1.0,4.0,4.0,4.0,0.0,1.0,0.0,44.0,0.2,1.0,0.23333334028720856,15233.793257279829,5995.615234375,3776.918212890625,3658.19580078125,3776.918212890625,3658.19580078125,35.982601791620255
test,dropout030_relay_failure,multi_relation,none,none,none,2,60,EA-RG-MAPPO-S,results/intercept_3d_gate1_hardened_safety_5seed_formal_candidate/runs/multi_relation/bc_ppo_seed2/actor_critic_update_0060.pt,310017,17,checkpoint,100,straight,True,True,80,0.2,1.0,0.3,0,0.0,1,40,80,True,1.0,1.0,1.0,0.03030303120613098,0.40909091383218765,0.6401515230536461,47.82954522052949,0.0,0.0,0.0,44.0,41.0,44.0,1.0,4.0,4.0,4.0,0.0,1.0,0.0,44.0,0.2,1.0,0.20000000596046447,15268.923572887074,6055.47314453125,3570.30224609375,4103.1259765625,3570.30224609375,4103.1259765625,35.35585668683052
test,dropout030_relay_failure,multi_relation,none,none,none,2,60,EA-RG-MAPPO-S,results/intercept_3d_gate1_hardened_safety_5seed_formal_candidate/runs/multi_relation/bc_ppo_seed2/actor_critic_update_0060.pt,310019,19,checkpoint,100,straight,True,True,80,0.2,1.0,0.3,0,0.0,1,40,80,True,1.0,1.0,1.0,0.03030303120613098,0.41666667095639487,0.6893939474089579,47.76893945106051,0.0,0.0,0.0,44.0,41.0,44.0,1.0,4.0,4.0,4.0,0.0,1.0,0.0,44.0,0.2,1.0,0.1666666716337204,15221.758655894886,5986.20654296875,3695.640380859375,3823.7119140625,3695.640380859375,3823.7119140625,35.97339925169945
test,dropout030_relay_failure,multi_relation,none,none,none,2,60,EA-RG-MAPPO-S,results/intercept_3d_gate1_hardened_safety_5seed_formal_candidate/runs/multi_relation/bc_ppo_seed2/actor_critic_update_0060.pt,310024,24,checkpoint,100,straight,True,True,80,0.2,1.0,0.3,0,0.0,1,40,80,True,1.0,1.0,1.0,0.03030303120613098,0.41666667095639487,0.6780303107066588,48.79924242774194,0.0,0.0,0.0,44.0,41.0,44.0,1.0,4.0,4.0,4.0,0.0,1.0,0.0,44.0,0.2,1.0,0.1666666716337204,15206.911121715199,5898.349609375,3547.94677734375,4129.26806640625,3547.94677734375,4129.26806640625,35.883587062358856
test,dropout030_relay_failure,multi_relation,none,none,none,2,60,EA-RG-MAPPO-S,results/intercept_3d_gate1_hardened_safety_5seed_formal_candidate/runs/multi_relation/bc_ppo_seed2/actor_critic_update_0060.pt,310026,26,checkpoint,100,straight,True,True,80,0.2,1.0,0.3,0,0.0,1,40,80,True,1.0,1.0,1.0,0.03030303120613098,0.41666667095639487,0.6553030396726999,49.80303015627644,0.0,0.0,0.0,44.0,41.0,44.0,1.0,4.0,4.0,4.0,0.0,1.0,0.0,44.0,0.2,1.0,0.23333334028720856,15184.79218084162,5883.53515625,3644.165771484375,3934.67138671875,3644.165771484375,3934.67138671875,35.66249442100525
test,dropout030_relay_failure,multi_relation,none,none,none,2,60,EA-RG-MAPPO-S,results/intercept_3d_gate1_hardened_safety_5seed_formal_candidate/runs/multi_relation/bc_ppo_seed2/actor_critic_update_0060.pt,310029,29,checkpoint,100,straight,True,True,80,0.2,1.0,0.3,0,0.0,1,40,80,True,1.0,1.0,1.0,0.03030303120613098,0.40909091383218765,0.7272727337073196,44.749999801204964,0.0,0.0,0.0,44.0,41.0,44.0,1.0,4.0,4.0,4.0,0.0,1.0,0.0,44.0,0.2,1.0,0.23333334028720856,15245.127064098011,6020.35107421875,3776.87548828125,3689.06982421875,3776.87548828125,3689.06982421875,36.27734759449959
test,dropout030_relay_failure,multi_relation,none,none,none,2,60,EA-RG-MAPPO-S,results/intercept_3d_gate1_hardened_safety_5seed_formal_candidate/runs/multi_relation/bc_ppo_seed2/actor_critic_update_0060.pt,310031,31,checkpoint,100,straight,True,True,80,0.2,1.0,0.3,0,0.0,1,40,80,True,1.0,1.0,1.0,0.03030303120613098,0.41666667095639487,0.6628787967969071,43.87121223319661,0.0,0.0,0.0,44.0,41.0,44.0,1.0,4.0,4.0,4.0,0.0,1.0,0.0,44.0,0.2,1.0,0.3000000089406967,15186.190995649858,5804.20849609375,3730.78857421875,3701.49853515625,3730.78857421875,3701.49853515625,36.04168862104416
test,dropout030_relay_failure,multi_relation,none,none,none,2,60,EA-RG-MAPPO-S,results/intercept_3d_gate1_hardened_safety_5seed_formal_candidate/runs/multi_relation/bc_ppo_seed2/actor_critic_update_0060.pt,310034,34,checkpoint,100,straight,True,True,80,0.2,1.0,0.3,0,0.0,1,40,80,True,1.0,1.0,1.0,0.03030303120613098,0.41666667095639487,0.6818181906234134,47.84848461909728,0.0,0.0,0.0,44.0,41.0,44.0,1.0,4.0,4.0,4.0,0.0,1.0,0.0,44.0,0.2,1.0,0.3000000089406967,15167.687355735085,5829.31787109375,3581.306884765625,4055.638427734375,3581.306884765625,4055.638427734375,35.9906290769577
test,dropout030_relay_failure,multi_relation,none,none,none,2,60,EA-RG-MAPPO-S,results/intercept_3d_gate1_hardened_safety_5seed_formal_candidate/runs/multi_relation/bc_ppo_seed2/actor_critic_update_0060.pt,310036,36,checkpoint,100,straight,True,True,80,0.2,1.0,0.3,0,0.0,1,40,80,True,1.0,1.0,1.0,0.03030303120613098,0.4242424287579276,0.655303037979386,42.049242254685275,0.0,0.0,0.0,44.0,41.0,44.0,1.0,4.0,4.0,4.0,0.0,1.0,0.0,44.0,0.2,1.0,0.20000000596046447,15138.655162464489,5712.15576171875,3707.513916015625,3557.914794921875,3707.513916015625,3557.914794921875,36.285801619291306
test,dropout030_relay_failure,multi_relation,none,none,none,2,60,EA-RG-MAPPO-S,results/intercept_3d_gate1_hardened_safety_5seed_formal_candidate/runs/multi_relation/bc_ppo_seed2/actor_critic_update_0060.pt,310038,38,checkpoint,100,straight,True,True,80,0.2,1.0,0.3,0,0.0,1,40,80,True,1.0,1.0,1.0,0.03030303120613098,0.4242424287579276,0.6401515223763206,42.95075754482638,0.0,0.0,0.0,44.0,41.0,44.0,1.0,4.0,4.0,4.0,0.0,1.0,0.0,44.0,0.2,1.0,0.13333333730697633,15130.392378373579,5689.59619140625,3746.26513671875,3778.088134765625,3746.26513671875,3778.088134765625,36.15751051902771
test,dropout030_relay_failure,multi_relation,none,none,none,2,60,EA-RG-MAPPO-S,results/intercept_3d_gate1_hardened_safety_5seed_formal_candidate/runs/multi_relation/bc_ppo_seed2/actor_critic_update_0060.pt,310040,40,checkpoint,100,straight,True,True,80,0.2,1.0,0.3,0,0.0,1,40,80,True,1.0,1.0,1.0,0.03030303120613098,0.41666667095639487,0.7234848558225415,51.64772698858922,0.0,0.0,0.0,44.0,41.0,44.0,1.0,4.0,4.0,4.0,0.0,1.0,0.0,44.0,0.2,1.0,0.23333334028720856,15200.185657848011,5918.00048828125,3677.79296875,3864.700927734375,3677.79296875,3864.700927734375,36.22266820073128
test,dropout030_relay_failure,multi_relation,none,none,none,2,60,EA-RG-MAPPO-S,results/intercept_3d_gate1_hardened_safety_5seed_formal_candidate/runs/multi_relation/bc_ppo_seed2/actor_critic_update_0060.pt,310042,42,checkpoint,100,straight,True,True,80,0.2,1.0,0.3,0,0.0,1,40,80,True,1.0,1.0,1.0,0.03030303120613098,0.4242424287579276,0.6477272825484927,41.928030303933404,0.0,0.0,0.0,44.0,41.0,44.0,1.0,4.0,4.0,4.0,0.0,1.0,0.0,44.0,0.2,1.0,0.23333334028720856,15163.377197265625,5768.62890625,3766.856201171875,3632.185546875,3766.856201171875,3632.185546875,36.19857166707516
test,dropout030_relay_failure,multi_relation,none,none,none,2,60,EA-RG-MAPPO-S,results/intercept_3d_gate1_hardened_safety_5seed_formal_candidate/runs/multi_relation/bc_ppo_seed2/actor_critic_update_0060.pt,310044,44,checkpoint,100,straight,True,True,80,0.2,1.0,0.3,0,0.0,1,40,80,True,1.0,1.0,1.0,0.03030303120613098,0.4242424287579276,0.6553030376407233,47.848484906960614,0.0,0.0,0.0,44.0,41.0,44.0,1.0,4.0,4.0,4.0,0.0,1.0,0.0,44.0,0.2,1.0,0.20000000596046447,15096.80381081321,5645.15087890625,3686.105712890625,4102.61474609375,3686.105712890625,4102.61474609375,36.16054791212082
test,dropout030_relay_failure,multi_relation,none,none,none,2,60,EA-RG-MAPPO-S,results/intercept_3d_gate1_hardened_safety_5seed_formal_candidate/runs/multi_relation/bc_ppo_seed2/actor_critic_update_0060.pt,310048,48,checkpoint,100,straight,True,True,80,0.2,1.0,0.3,0,0.0,1,40,80,True,1.0,1.0,1.0,0.03030303120613098,0.41666667095639487,0.6553030383180488,46.82575748725371,0.0,0.0,0.0,44.0,41.0,44.0,1.0,4.0,4.0,4.0,0.0,1.0,0.0,44.0,0.2,1.0,0.26666667461395266,15200.398981267756,5923.50244140625,3695.017333984375,3827.43212890625,3695.017333984375,3827.43212890625,35.75794538855553
test,dropout030_relay_failure,multi_relation,none,none,none,2,60,EA-RG-MAPPO-S,results/intercept_3d_gate1_hardened_safety_5seed_formal_candidate/runs/multi_relation/bc_ppo_seed2/actor_critic_update_0060.pt,310049,49,checkpoint,100,straight,True,True,80,0.2,1.0,0.3,0,0.0,1,40,80,True,1.0,1.0,1.0,0.03030303120613098,0.4242424287579276,0.5909091014076363,53.761363955722615,0.0,0.0,0.0,44.0,41.0,44.0,1.0,4.0,4.0,4.0,0.0,1.0,0.0,44.0,0.2,1.0,0.26666667461395266,15144.829478870739,5781.40625,3760.64306640625,3995.02783203125,3760.64306640625,3995.02783203125,35.15218025445938
test,dropout030_relay_failure,multi_relation,none,none,none,2,60,EA-RG-MAPPO-S,results/intercept_3d_gate1_hardened_safety_5seed_formal_candidate/runs/multi_relation/bc_ppo_seed2/actor_critic_update_0060.pt,310000,0,checkpoint,100,straight,True,True,80,0.2,1.0,0.3,0,0.0,1,40,80,True,1.0,1.0,1.0,0.029629630512661403,0.4370370414521959,0.6370370454258389,48.766666971643765,0.0,0.0,0.0,45.0,42.0,45.0,1.0,5.0,5.0,5.0,0.0,1.0,0.0,45.0,0.16666666666666666,1.0,0.19444445023934046,14850.061957465277,5172.58642578125,3386.21484375,4141.37060546875,3386.21484375,4141.37060546875,36.73440358042717
test,dropout030_relay_failure,multi_relation,none,none,none,2,60,EA-RG-MAPPO-S,results/intercept_3d_gate1_hardened_safety_5seed_formal_candidate/runs/multi_relation/bc_ppo_seed2/actor_critic_update_0060.pt,310003,3,checkpoint,100,straight,True,True,80,0.2,1.0,0.3,0,0.0,1,40,80,True,1.0,1.0,1.0,0.029629630512661403,0.4296296338240306,0.7185185256931517,47.677777439024716,0.0,0.0,0.0,45.0,42.0,45.0,1.0,5.0,5.0,5.0,0.0,1.0,0.0,45.0,0.16666666666666666,1.0,0.2500000074505806,14993.647102864583,5508.11572265625,3538.88671875,3415.33447265625,3538.88671875,3415.33447265625,37.21277144551277
test,dropout030_relay_failure,multi_relation,none,none,none,2,60,EA-RG-MAPPO-S,results/intercept_3d_gate1_hardened_safety_5seed_formal_candidate/runs/multi_relation/bc_ppo_seed2/actor_critic_update_0060.pt,310006,6,checkpoint,100,straight,True,True,80,0.2,1.0,0.3,0,0.0,1,40,80,True,1.0,1.0,1.0,0.029629630512661403,0.4370370414521959,0.6370370457569758,43.00740741226408,0.0,0.0,0.0,45.0,42.0,45.0,1.0,5.0,5.0,5.0,0.0,1.0,0.0,45.0,0.16666666666666666,1.0,0.19444445023934046,14881.121148003473,5226.47412109375,3445.160400390625,3742.128662109375,3445.160400390625,3742.128662109375,36.986086666584015
test,dropout030_relay_failure,multi_relation,none,none,none,2,60,EA-RG-MAPPO-S,results/intercept_3d_gate1_hardened_safety_5seed_formal_candidate/runs/multi_relation/bc_ppo_seed2/actor_critic_update_0060.pt,310016,16,checkpoint,100,straight,True,True,80,0.2,1.0,0.3,0,0.0,1,40,80,True,1.0,1.0,1.0,0.029629630512661403,0.4370370414521959,0.6518518610133065,47.79629666639699,0.0,0.0,0.0,45.0,42.0,45.0,1.0,5.0,5.0,5.0,0.0,1.0,0.0,45.0,0.16666666666666666,1.0,0.22222222884496054,14896.723491753472,5362.5087890625,3395.367919921875,3609.052734375,3395.367919921875,3609.052734375,36.77447798848152
test,dropout030_relay_failure,multi_relation,none,none,none,2,60,EA-RG-MAPPO-S,results/intercept_3d_gate1_hardened_safety_5seed_formal_candidate/runs/multi_relation/bc_ppo_seed2/actor_critic_update_0060.pt,310020,20,checkpoint,100,straight,True,True,80,0.2,1.0,0.3,0,0.0,1,40,80,True,1.0,1.0,1.0,0.029629630512661403,0.4370370414521959,0.6814814882145988,46.844444105029105,0.0,0.0,0.0,45.0,42.0,45.0,1.0,5.0,5.0,5.0,0.0,1.0,0.0,45.0,0.16666666666666666,1.0,0.2500000074505806,14882.011078559028,5248.45654296875,3548.406005859375,3521.83251953125,3548.406005859375,3521.83251953125,37.2481250166893
test,dropout030_relay_failure,multi_relation,none,none,none,2,60,EA-RG-MAPPO-S,results/intercept_3d_gate1_hardened_safety_5seed_formal_candidate/runs/multi_relation/bc_ppo_seed2/actor_critic_update_0060.pt,310021,21,checkpoint,100,straight,True,True,80,0.2,1.0,0.3,0,0.0,1,40,80,True,1.0,1.0,1.0,0.029629630512661403,0.4296296338240306,0.7037037084499995,43.90740701291296,0.0,0.0,0.0,45.0,42.0,45.0,1.0,5.0,5.0,5.0,0.0,1.0,0.0,45.0,0.16666666666666666,1.0,0.22222222884496054,14850.097884114582,5157.36181640625,3676.56787109375,3693.478271484375,3676.56787109375,3693.478271484375,37.45583215355873
test,dropout030_relay_failure,multi_relation,none,none,none,2,60,EA-RG-MAPPO-S,results/intercept_3d_gate1_hardened_safety_5seed_formal_candidate/runs/multi_relation/bc_ppo_seed2/actor_critic_update_0060.pt,310022,22,checkpoint,100,straight,True,True,80,0.2,1.0,0.3,0,0.0,1,40,80,True,1.0,1.0,1.0,0.029629630512661403,0.4370370414521959,0.5888888994852702,48.911111226346755,0.0,0.0,0.0,45.0,42.0,45.0,1.0,5.0,5.0,5.0,0.0,1.0,0.0,45.0,0.16666666666666666,1.0,0.22222222884496054,14858.92197265625,5203.82568359375,3506.895751953125,3829.44482421875,3506.895751953125,3829.44482421875,36.271572291851044
test,dropout030_relay_failure,multi_relation,none,none,none,2,60,EA-RG-MAPPO-S,results/intercept_3d_gate1_hardened_safety_5seed_formal_candidate/runs/multi_relation/bc_ppo_seed2/actor_critic_update_0060.pt,310025,25,checkpoint,100,straight,True,True,80,0.2,1.0,0.3,0,0.0,1,40,80,True,1.0,1.0,1.0,0.029629630512661403,0.4370370414521959,0.7333333402872085,46.811110775007144,0.0,0.0,0.0,45.0,42.0,45.0,1.0,5.0,5.0,5.0,0.0,1.0,0.0,45.0,0.16666666666666666,1.0,0.2777777860562007,14852.234006076389,5146.67138671875,3759.119873046875,3783.930908203125,3759.119873046875,3783.930908203125,37.83416587114334
test,dropout030_relay_failure,multi_relation,none,none,none,2,60,EA-RG-MAPPO-S,results/intercept_3d_gate1_hardened_safety_5seed_formal_candidate/runs/multi_relation/bc_ppo_seed2/actor_critic_update_0060.pt,310028,28,checkpoint,100,straight,True,True,80,0.2,1.0,0.3,0,0.0,1,40,80,True,1.0,1.0,1.0,0.029629630512661403,0.4296296338240306,0.700000007616149,42.94814808666706,0.0,0.0,0.0,45.0,42.0,45.0,1.0,5.0,5.0,5.0,0.0,1.0,0.0,45.0,0.16666666666666666,1.0,0.22222222884496054,14874.690798611111,5226.5791015625,3485.397216796875,3547.853515625,3485.397216796875,3547.853515625,37.41914305090904
test,dropout030_relay_failure,multi_relation,none,none,none,2,60,EA-RG-MAPPO-S,results/intercept_3d_gate1_hardened_safety_5seed_formal_candidate/runs/multi_relation/bc_ppo_seed2/actor_critic_update_0060.pt,310030,30,checkpoint,100,straight,True,True,80,0.2,1.0,0.3,0,0.0,1,40,80,True,1.0,1.0,1.0,0.029629630512661403,0.4370370414521959,0.6703703784280353,43.0407409724262,0.0,0.0,0.0,45.0,42.0,45.0,1.0,5.0,5.0,5.0,0.0,1.0,0.0,45.0,0.16666666666666666,1.0,0.1666666716337204,14864.334819878472,5092.5595703125,3783.840087890625,3727.590087890625,3783.840087890625,3727.590087890625,37.46598994731903
test,dropout030_relay_failure,multi_relation,none,none,none,2,60,EA-RG-MAPPO-S,results/intercept_3d_gate1_hardened_safety_5seed_formal_candidate/runs/multi_relation/bc_ppo_seed2/actor_critic_update_0060.pt,310032,32,checkpoint,100,straight,True,True,80,0.2,1.0,0.3,0,0.0,1,40,80,True,1.0,1.0,1.0,0.029629630512661403,0.4370370414521959,0.6407407522201538,54.53703709377183,0.0,0.0,0.0,45.0,42.0,45.0,1.0,5.0,5.0,5.0,0.0,1.0,0.0,45.0,0.16666666666666666,1.0,0.22222222884496054,14862.517491319444,5220.55615234375,3727.51416015625,3827.021728515625,3727.51416015625,3827.021728515625,36.632694989442825
test,dropout030_relay_failure,multi_relation,none,none,none,2,60,EA-RG-MAPPO-S,results/intercept_3d_gate1_hardened_safety_5seed_formal_candidate/runs/multi_relation/bc_ppo_seed2/actor_critic_update_0060.pt,310035,35,checkpoint,100,straight,True,True,80,0.2,1.0,0.3,0,0.0,1,40,80,True,1.0,1.0,1.0,0.029629630512661403,0.4370370414521959,0.6444444517294566,43.02592578596539,0.0,0.0,0.0,45.0,42.0,45.0,1.0,5.0,5.0,5.0,0.0,1.0,0.0,45.0,0.16666666666666666,1.0,0.19444445023934046,14844.590538194445,5095.15087890625,3381.9912109375,3710.90625,3381.9912109375,3710.90625,37.173704236745834
test,dropout030_relay_failure,multi_relation,none,none,none,2,60,EA-RG-MAPPO-S,results/intercept_3d_gate1_hardened_safety_5seed_formal_candidate/runs/multi_relation/bc_ppo_seed2/actor_critic_update_0060.pt,310039,39,checkpoint,100,straight,True,True,80,0.2,1.0,0.3,0,0.0,1,40,80,True,1.0,1.0,1.0,0.029629630512661403,0.4370370414521959,0.6925925973388883,42.97037009000778,0.0,0.0,0.0,45.0,42.0,45.0,1.0,5.0,5.0,5.0,0.0,1.0,0.0,45.0,0.16666666666666666,1.0,0.2500000074505806,14864.358170572918,5176.15869140625,3398.9814453125,3893.2744140625,3398.9814453125,3893.2744140625,37.508645594120026
test,dropout030_relay_failure,multi_relation,none,none,none,2,60,EA-RG-MAPPO-S,results/intercept_3d_gate1_hardened_safety_5seed_formal_candidate/runs/multi_relation/bc_ppo_seed2/actor_critic_update_0060.pt,310041,41,checkpoint,100,straight,True,True,80,0.2,1.0,0.3,0,0.0,1,40,80,True,1.0,1.0,1.0,0.029629630512661403,0.4370370414521959,0.6148148215479321,41.192592429452475,0.0,0.0,0.0,45.0,42.0,45.0,1.0,5.0,5.0,5.0,0.0,1.0,0.0,45.0,0.16666666666666666,1.0,0.22222222884496054,14895.862348090277,5319.96240234375,3360.56787109375,3578.646484375,3360.56787109375,3578.646484375,36.789701610803604
test,dropout030_relay_failure,multi_relation,none,none,none,2,60,EA-RG-MAPPO-S,results/intercept_3d_gate1_hardened_safety_5seed_formal_candidate/runs/multi_relation/bc_ppo_seed2/actor_critic_update_0060.pt,310045,45,checkpoint,100,straight,True,True,80,0.2,1.0,0.3,0,0.0,1,40,80,True,1.0,1.0,1.0,0.029629630512661403,0.4370370414521959,0.6666666742828157,51.6296298282014,0.0,0.0,0.0,45.0,42.0,45.0,1.0,5.0,5.0,5.0,0.0,1.0,0.0,45.0,0.16666666666666666,1.0,0.2500000074505806,14872.594921875,5229.767578125,3427.107177734375,3912.553466796875,3427.107177734375,3912.553466796875,36.92101067304611
test,dropout030_relay_failure,multi_relation,none,none,none,2,60,EA-RG-MAPPO-S,results/intercept_3d_gate1_hardened_safety_5seed_formal_candidate/runs/multi_relation/bc_ppo_seed2/actor_critic_update_0060.pt,310046,46,checkpoint,100,straight,True,True,80,0.2,1.0,0.3,0,0.0,1,40,80,True,1.0,1.0,1.0,0.029629630512661403,0.4370370414521959,0.6185185256931517,46.859259092476634,0.0,0.0,0.0,45.0,42.0,45.0,1.0,5.0,5.0,5.0,0.0,1.0,0.0,45.0,0.16666666666666666,1.0,0.2777777860562007,14871.833940972223,5166.00927734375,3496.36279296875,3497.2138671875,3496.36279296875,3497.2138671875,36.756870418787
test,dropout030_relay_failure,multi_relation,none,none,none,2,60,EA-RG-MAPPO-S,results/intercept_3d_gate1_hardened_safety_5seed_formal_candidate/runs/multi_relation/bc_ppo_seed2/actor_critic_update_0060.pt,310007,7,checkpoint,100,straight,True,True,80,0.2,1.0,0.3,0,0.0,1,40,80,True,1.0,1.0,1.0,0.028985508110212242,0.44927536663801776,0.6630434853875119,44.08333322179058,0.0,0.0,0.0,46.0,43.0,46.0,1.0,6.0,6.0,6.0,0.0,1.0,0.0,46.0,0.14285714285714285,1.0,0.26190476971013205,14659.512504245924,4720.08251953125,3659.324951171875,3500.59326171875,3659.324951171875,3500.59326171875,38.20979928970337
test,dropout030_relay_failure,multi_relation,none,none,none,2,60,EA-RG-MAPPO-S,results/intercept_3d_gate1_hardened_safety_5seed_formal_candidate/runs/multi_relation/bc_ppo_seed2/actor_critic_update_0060.pt,310008,8,checkpoint,100,straight,True,True,80,0.2,1.0,0.3,0,0.0,1,40,80,True,1.0,1.0,1.0,0.028985508110212242,0.44927536663801776,0.6956521820115007,40.31159437188636,0.0,0.0,0.0,46.0,43.0,46.0,1.0,6.0,6.0,6.0,0.0,1.0,0.0,46.0,0.14285714285714285,1.0,0.23809524519102915,14656.160273012907,4752.0908203125,3398.874755859375,3169.988037109375,3398.874755859375,3169.988037109375,38.61677148938179
test,dropout030_relay_failure,multi_relation,none,none,none,2,60,EA-RG-MAPPO-S,results/intercept_3d_gate1_hardened_safety_5seed_formal_candidate/runs/multi_relation/bc_ppo_seed2/actor_critic_update_0060.pt,310009,9,checkpoint,100,straight,True,True,80,0.2,1.0,0.3,0,0.0,1,40,80,True,1.0,1.0,1.0,0.028985508110212242,0.44202898961046466,0.6086956583287405,49.73188436614431,0.0,0.0,0.0,46.0,43.0,46.0,1.0,6.0,6.0,6.0,0.0,1.0,0.0,46.0,0.14285714285714285,1.0,0.23809524519102915,14692.585109544836,4820.81494140625,3690.10693359375,3830.056884765625,3690.10693359375,3830.056884765625,37.256687849760056
test,dropout030_relay_failure,multi_relation,none,none,none,2,60,EA-RG-MAPPO-S,results/intercept_3d_gate1_hardened_safety_5seed_formal_candidate/runs/multi_relation/bc_ppo_seed2/actor_critic_update_0060.pt,310012,12,checkpoint,100,straight,True,True,80,0.2,1.0,0.3,0,0.0,1,40,80,True,1.0,1.0,1.0,0.028985508110212242,0.44927536663801776,0.6666666748731033,42.141304459584795,0.0,0.0,0.0,46.0,43.0,46.0,1.0,6.0,6.0,6.0,0.0,1.0,0.0,46.0,0.14285714285714285,1.0,0.19047619615282332,14646.047777258831,4672.18408203125,3536.2890625,3772.032470703125,3536.2890625,3772.032470703125,38.418613106012344
test,dropout030_relay_failure,multi_relation,none,none,none,2,60,EA-RG-MAPPO-S,results/intercept_3d_gate1_hardened_safety_5seed_formal_candidate/runs/multi_relation/bc_ppo_seed2/actor_critic_update_0060.pt,310013,13,checkpoint,100,straight,True,True,80,0.2,1.0,0.3,0,0.0,1,40,80,True,1.0,1.0,1.0,0.028985508110212242,0.44927536663801776,0.6702898640347563,40.380435001590975,0.0,0.0,0.0,46.0,43.0,46.0,1.0,6.0,6.0,6.0,0.0,1.0,0.0,46.0,0.14285714285714285,1.0,0.21428572067192622,14624.712264351223,4663.92626953125,3390.3671875,3398.954833984375,3390.3671875,3398.954833984375,38.426896184682846
test,dropout030_relay_failure,multi_relation,none,none,none,2,60,EA-RG-MAPPO-S,results/intercept_3d_gate1_hardened_safety_5seed_formal_candidate/runs/multi_relation/bc_ppo_seed2/actor_critic_update_0060.pt,310018,18,checkpoint,100,straight,True,True,80,0.2,1.0,0.3,0,0.0,1,40,80,True,1.0,1.0,1.0,0.028985508110212242,0.44927536663801776,0.6268116038130678,44.079710539916285,0.0,0.0,0.0,46.0,43.0,46.0,1.0,6.0,6.0,6.0,0.0,1.0,0.0,46.0,0.14285714285714285,1.0,0.26190476971013205,14654.719386888586,4809.1015625,3604.326904296875,3209.973876953125,3604.326904296875,3209.973876953125,37.73750413954258
test,dropout030_relay_failure,multi_relation,none,none,none,2,60,EA-RG-MAPPO-S,results/intercept_3d_gate1_hardened_safety_5seed_formal_candidate/runs/multi_relation/bc_ppo_seed2/actor_critic_update_0060.pt,310023,23,checkpoint,100,straight,True,True,80,0.2,1.0,0.3,0,0.0,1,40,80,True,1.0,1.0,1.0,0.028985508110212242,0.44927536663801776,0.6666666751970416,43.123188429876514,0.0,0.0,0.0,46.0,43.0,46.0,1.0,6.0,6.0,6.0,0.0,1.0,0.0,46.0,0.14285714285714285,1.0,0.21428572067192622,14638.560111667799,4733.44189453125,3640.6279296875,3696.148193359375,3640.6279296875,3696.148193359375,38.20936334133148
test,dropout030_relay_failure,multi_relation,none,none,none,2,60,EA-RG-MAPPO-S,results/intercept_3d_gate1_hardened_safety_5seed_formal_candidate/runs/multi_relation/bc_ppo_seed2/actor_critic_update_0060.pt,310027,27,checkpoint,100,straight,True,True,80,0.2,1.0,0.3,0,0.0,1,40,80,True,1.0,1.0,1.0,0.028985508110212242,0.44927536663801776,0.6557971096557119,39.41666672637929,0.0,0.0,0.0,46.0,43.0,46.0,1.0,6.0,6.0,6.0,0.0,1.0,0.0,46.0,0.14285714285714285,1.0,0.19047619615282332,14623.814230213995,4701.82763671875,3510.70849609375,3824.420166015625,3510.70849609375,3824.420166015625,38.29790487885475
test,dropout030_relay_failure,multi_relation,none,none,none,2,60,EA-RG-MAPPO-S,results/intercept_3d_gate1_hardened_safety_5seed_formal_candidate/runs/multi_relation/bc_ppo_seed2/actor_critic_update_0060.pt,310033,33,checkpoint,100,straight,True,True,80,0.2,1.0,0.3,0,0.0,1,40,80,True,1.0,1.0,1.0,0.028985508110212242,0.44202898961046466,0.6159420360041701,46.03985504741254,0.0,0.0,0.0,46.0,43.0,46.0,1.0,6.0,6.0,6.0,0.0,1.0,0.0,46.0,0.14285714285714285,1.0,0.21428572067192622,14669.832891049593,4696.23681640625,3627.0908203125,3327.850830078125,3627.0908203125,3327.850830078125,37.67827317118645
test,dropout030_relay_failure,multi_relation,none,none,none,2,60,EA-RG-MAPPO-S,results/intercept_3d_gate1_hardened_safety_5seed_formal_candidate/runs/multi_relation/bc_ppo_seed2/actor_critic_update_0060.pt,310037,37,checkpoint,100,straight,True,True,80,0.2,1.0,0.3,0,0.0,1,40,80,True,1.0,1.0,1.0,0.028985508110212242,0.44927536663801776,0.6594202971976736,45.93478238453036,0.0,0.0,0.0,46.0,43.0,46.0,1.0,6.0,6.0,6.0,0.0,1.0,0.0,46.0,0.14285714285714285,1.0,0.23809524519102915,14657.97465183424,4821.79150390625,3730.734375,3471.063720703125,3730.734375,3471.063720703125,37.939299181103706
test,dropout030_relay_failure,multi_relation,none,none,none,2,60,EA-RG-MAPPO-S,results/intercept_3d_gate1_hardened_safety_5seed_formal_candidate/runs/multi_relation/bc_ppo_seed2/actor_critic_update_0060.pt,310043,43,checkpoint,100,straight,True,True,80,0.2,1.0,0.3,0,0.0,1,40,80,True,1.0,1.0,1.0,0.028985508110212242,0.44927536663801776,0.6956521794199944,39.380434900198296,0.0,0.0,0.0,46.0,43.0,46.0,1.0,6.0,6.0,6.0,0.0,1.0,0.0,46.0,0.14285714285714285,1.0,0.23809524519102915,14617.827880859375,4673.7060546875,3423.661376953125,3294.391357421875,3423.661376953125,3294.391357421875,38.745118245482445
test,dropout030_relay_failure,multi_relation,none,none,none,2,60,EA-RG-MAPPO-S,results/intercept_3d_gate1_hardened_safety_5seed_formal_candidate/runs/multi_relation/bc_ppo_seed2/actor_critic_update_0060.pt,310047,47,checkpoint,100,straight,True,True,80,0.2,1.0,0.3,0,0.0,1,40,80,True,1.0,1.0,1.0,0.028985508110212242,0.44202898961046466,0.6630434850635736,49.73188409241645,0.0,0.0,0.0,46.0,43.0,46.0,1.0,6.0,6.0,6.0,0.0,1.0,0.0,46.0,0.14285714285714285,1.0,0.26190476971013205,14687.351965862772,4799.11279296875,3731.506103515625,3842.852783203125,3731.506103515625,3842.852783203125,37.769480377435684
test,dropout030_relay_failure,multi_relation,none,none,none,2,60,EA-RG-MAPPO-S,results/intercept_3d_gate1_hardened_safety_5seed_formal_candidate/runs/multi_relation/bc_ppo_seed2/actor_critic_update_0060.pt,310015,15,checkpoint,100,straight,True,True,80,0.2,1.0,0.3,0,0.0,1,40,80,True,1.0,1.0,1.0,0.02836879517169709,0.44680851507694164,0.5992907878566296,41.56382962807696,0.0,0.0,0.0,47.0,44.0,47.0,1.0,7.0,7.0,7.0,0.0,1.0,0.0,47.0,0.125,1.0,0.2083333395421505,14527.315647855718,4489.677734375,3213.322021484375,2987.779052734375,3213.322021484375,2987.779052734375,38.16793128848076
test,dropout030_relay_failure,multi_relation,none,none,none,2,60,EA-RG-MAPPO-S,results/intercept_3d_gate1_hardened_safety_5seed_formal_candidate/runs/multi_relation/bc_ppo_seed2/actor_critic_update_0060.pt,310053,53,checkpoint,100,straight,True,True,80,0.2,1.0,0.3,0,0.0,1,40,80,True,1.0,1.0,1.0,0.03030303120613098,0.4242424287579276,0.715909097682346,47.74242424423044,0.0,0.0,0.0,44.0,41.0,44.0,1.0,4.0,4.0,4.0,0.0,1.0,0.0,44.0,0.2,1.0,0.20000000596046447,15143.164195667614,5782.49951171875,3800.540771484375,3629.7333984375,3800.540771484375,3629.7333984375,36.618133425712585
test,dropout030_relay_failure,multi_relation,none,none,none,2,60,EA-RG-MAPPO-S,results/intercept_3d_gate1_hardened_safety_5seed_formal_candidate/runs/multi_relation/bc_ppo_seed2/actor_critic_update_0060.pt,310058,58,checkpoint,100,straight,True,True,80,0.2,1.0,0.3,0,0.0,1,40,80,True,1.0,1.0,1.0,0.03030303120613098,0.4242424287579276,0.6515151597559452,48.833332842385225,0.0,0.0,0.0,44.0,41.0,44.0,1.0,4.0,4.0,4.0,0.0,1.0,0.0,44.0,0.2,1.0,0.23333334028720856,15111.81064675071,5700.60986328125,3791.912841796875,3843.109375,3791.912841796875,3843.109375,36.04191257059574
test,dropout030_relay_failure,multi_relation,none,none,none,2,60,EA-RG-MAPPO-S,results/intercept_3d_gate1_hardened_safety_5seed_formal_candidate/runs/multi_relation/bc_ppo_seed2/actor_critic_update_0060.pt,310059,59,checkpoint,100,straight,True,True,80,0.2,1.0,0.3,0,0.0,1,40,80,True,1.0,1.0,1.0,0.03030303120613098,0.41666667095639487,0.6401515233923089,46.83712112497199,0.0,0.0,0.0,44.0,41.0,44.0,1.0,4.0,4.0,4.0,0.0,1.0,0.0,44.0,0.2,1.0,0.26666667461395266,15171.514137961647,5888.3203125,3707.7822265625,3804.483642578125,3707.7822265625,3804.483642578125,35.631449818611145
test,dropout030_relay_failure,multi_relation,none,none,none,2,60,EA-RG-MAPPO-S,results/intercept_3d_gate1_hardened_safety_5seed_formal_candidate/runs/multi_relation/bc_ppo_seed2/actor_critic_update_0060.pt,310066,66,checkpoint,100,straight,True,True,80,0.2,1.0,0.3,0,0.0,1,40,80,True,1.0,1.0,1.0,0.03030303120613098,0.4242424287579276,0.6250000081279061,50.837121158499606,0.0,0.0,0.0,44.0,41.0,44.0,1.0,4.0,4.0,4.0,0.0,1.0,0.0,44.0,0.2,1.0,0.1666666716337204,15162.052501331676,5879.03271484375,3751.496826171875,3787.177734375,3751.496826171875,3787.177734375,35.55133271217346
test,dropout030_relay_failure,multi_relation,none,none,none,2,60,EA-RG-MAPPO-S,results/intercept_3d_gate1_hardened_safety_5seed_formal_candidate/runs/multi_relation/bc_ppo_seed2/actor_critic_update_0060.pt,310077,77,checkpoint,100,straight,True,True,80,0.2,1.0,0.3,0,0.0,1,40,80,True,1.0,1.0,1.0,0.03030303120613098,0.40909091383218765,0.613636372780258,45.924242535775356,0.0,0.0,0.0,44.0,41.0,44.0,1.0,4.0,4.0,4.0,0.0,1.0,0.0,44.0,0.2,1.0,0.1666666716337204,15228.491266424006,5899.02587890625,3680.394775390625,3807.921875,3680.394775390625,3807.921875,35.33479803800583
test,dropout030_relay_failure,multi_relation,none,none,none,2,60,EA-RG-MAPPO-S,results/intercept_3d_gate1_hardened_safety_5seed_formal_candidate/runs/multi_relation/bc_ppo_seed2/actor_critic_update_0060.pt,310078,78,checkpoint,100,straight,True,True,80,0.2,1.0,0.3,0,0.0,1,40,80,True,1.0,1.0,1.0,0.03030303120613098,0.4242424287579276,0.6401515250856226,46.89015128632838,0.0,0.0,0.0,44.0,41.0,44.0,1.0,4.0,4.0,4.0,0.0,1.0,0.0,44.0,0.2,1.0,0.20000000596046447,15136.987093838778,5685.79833984375,3639.657470703125,3964.08740234375,3639.657470703125,3964.08740234375,35.96654608845711
test,dropout030_relay_failure,multi_relation,none,none,none,2,60,EA-RG-MAPPO-S,results/intercept_3d_gate1_hardened_safety_5seed_formal_candidate/runs/multi_relation/bc_ppo_seed2/actor_critic_update_0060.pt,310081,81,checkpoint,100,straight,True,True,80,0.2,1.0,0.3,0,0.0,1,40,80,True,1.0,1.0,1.0,0.03030303120613098,0.4242424287579276,0.6477272808551788,49.840909094634384,0.0,0.0,0.0,44.0,41.0,44.0,1.0,4.0,4.0,4.0,0.0,1.0,0.0,44.0,0.2,1.0,0.10000000298023223,15126.058882279829,5649.826171875,3653.10791015625,4134.716796875,3653.10791015625,4134.716796875,35.9344824552536
test,dropout030_relay_failure,multi_relation,none,none,none,2,60,EA-RG-MAPPO-S,results/intercept_3d_gate1_hardened_safety_5seed_formal_candidate/runs/multi_relation/bc_ppo_seed2/actor_critic_update_0060.pt,310085,85,checkpoint,100,straight,True,True,80,0.2,1.0,0.3,0,0.0,1,40,80,True,1.0,1.0,1.0,0.03030303120613098,0.41666667095639487,0.6477272788232024,43.890151028944686,0.0,0.0,0.0,44.0,41.0,44.0,1.0,4.0,4.0,4.0,0.0,1.0,0.0,44.0,0.2,1.0,0.1666666716337204,15159.433338512074,5729.29248046875,3733.975830078125,3664.939453125,3733.975830078125,3664.939453125,35.99366998672485
test,dropout030_relay_failure,multi_relation,none,none,none,2,60,EA-RG-MAPPO-S,results/intercept_3d_gate1_hardened_safety_5seed_formal_candidate/runs/multi_relation/bc_ppo_seed2/actor_critic_update_0060.pt,310091,91,checkpoint,100,straight,True,True,80,0.2,1.0,0.3,0,0.0,1,40,80,True,1.0,1.0,1.0,0.03030303120613098,0.4242424287579276,0.6666666743430224,46.03787895833904,0.0,0.0,0.0,44.0,41.0,44.0,1.0,4.0,4.0,4.0,0.0,1.0,0.0,44.0,0.2,1.0,0.20000000596046447,15126.314763849432,5709.265625,3744.811767578125,3906.72705078125,3744.811767578125,3906.72705078125,36.325671434402466
test,dropout030_relay_failure,multi_relation,none,none,none,2,60,EA-RG-MAPPO-S,results/intercept_3d_gate1_hardened_safety_5seed_formal_candidate/runs/multi_relation/bc_ppo_seed2/actor_critic_update_0060.pt,310092,92,checkpoint,100,straight,True,True,80,0.2,1.0,0.3,0,0.0,1,40,80,True,1.0,1.0,1.0,0.03030303120613098,0.40909091383218765,0.6439394019544125,52.68181826919317,0.0,0.0,0.0,44.0,41.0,44.0,1.0,4.0,4.0,4.0,0.0,1.0,0.0,44.0,0.2,1.0,0.1666666716337204,15242.016934481535,6021.294921875,3542.46630859375,4219.54833984375,3542.46630859375,4219.54833984375,35.17663502693176
test,dropout030_relay_failure,multi_relation,none,none,none,2,60,EA-RG-MAPPO-S,results/intercept_3d_gate1_hardened_safety_5seed_formal_candidate/runs/multi_relation/bc_ppo_seed2/actor_critic_update_0060.pt,310097,97,checkpoint,100,straight,True,True,80,0.2,1.0,0.3,0,0.0,1,40,80,True,1.0,1.0,1.0,0.03030303120613098,0.4242424287579276,0.6931818232617595,45.92802983759479,0.0,0.0,0.0,44.0,41.0,44.0,1.0,4.0,4.0,4.0,0.0,1.0,0.0,44.0,0.2,1.0,0.23333334028720856,15123.23006924716,5679.96826171875,3756.072509765625,3681.7421875,3756.072509765625,3681.7421875,36.472916811704636
test,dropout030_relay_failure,multi_relation,none,none,none,2,60,EA-RG-MAPPO-S,results/intercept_3d_gate1_hardened_safety_5seed_formal_candidate/runs/multi_relation/bc_ppo_seed2/actor_critic_update_0060.pt,310052,52,checkpoint,100,straight,True,True,80,0.2,1.0,0.3,0,0.0,1,40,80,True,1.0,1.0,1.0,0.029629630512661403,0.4370370414521959,0.6888888948493533,42.951851630210875,0.0,0.0,0.0,45.0,42.0,45.0,1.0,5.0,5.0,5.0,0.0,1.0,0.0,45.0,0.16666666666666666,1.0,0.19444445023934046,14909.76875,5383.94775390625,3765.80078125,3060.673095703125,3765.80078125,3060.673095703125,37.33265379071236
test,dropout030_relay_failure,multi_relation,none,none,none,2,60,EA-RG-MAPPO-S,results/intercept_3d_gate1_hardened_safety_5seed_formal_candidate/runs/multi_relation/bc_ppo_seed2/actor_critic_update_0060.pt,310054,54,checkpoint,100,straight,True,True,80,0.2,1.0,0.3,0,0.0,1,40,80,True,1.0,1.0,1.0,0.029629630512661403,0.4370370414521959,0.6259259343147278,46.95185184909238,0.0,0.0,0.0,45.0,42.0,45.0,1.0,5.0,5.0,5.0,0.0,1.0,0.0,45.0,0.16666666666666666,1.0,0.22222222884496054,14930.711740451388,5345.11865234375,3432.706787109375,3717.231201171875,3432.706787109375,3717.231201171875,36.66777387261391
test,dropout030_relay_failure,multi_relation,none,none,none,2,60,EA-RG-MAPPO-S,results/intercept_3d_gate1_hardened_safety_5seed_formal_candidate/runs/multi_relation/bc_ppo_seed2/actor_critic_update_0060.pt,310055,55,checkpoint,100,straight,True,True,80,0.2,1.0,0.3,0,0.0,1,40,80,True,1.0,1.0,1.0,0.029629630512661403,0.4370370414521959,0.6222222285138236,43.148148097263444,0.0,0.0,0.0,45.0,42.0,45.0,1.0,5.0,5.0,5.0,0.0,1.0,0.0,45.0,0.16666666666666666,1.0,0.22222222884496054,14855.395713975695,5214.05517578125,3755.90771484375,3352.9140625,3755.90771484375,3352.9140625,36.919717252254486
test,dropout030_relay_failure,multi_relation,none,none,none,2,60,EA-RG-MAPPO-S,results/intercept_3d_gate1_hardened_safety_5seed_formal_candidate/runs/multi_relation/bc_ppo_seed2/actor_critic_update_0060.pt,310056,56,checkpoint,100,straight,True,True,80,0.2,1.0,0.3,0,0.0,1,40,80,True,1.0,1.0,1.0,0.029629630512661403,0.4296296338240306,0.6518518603510327,46.829629853367805,0.0,0.0,0.0,45.0,42.0,45.0,1.0,5.0,5.0,5.0,0.0,1.0,0.0,45.0,0.16666666666666666,1.0,0.1666666716337204,14859.628526475695,5167.62646484375,3519.3740234375,3563.00732421875,3519.3740234375,3563.00732421875,36.936937034130096
test,dropout030_relay_failure,multi_relation,none,none,none,2,60,EA-RG-MAPPO-S,results/intercept_3d_gate1_hardened_safety_5seed_formal_candidate/runs/multi_relation/bc_ppo_seed2/actor_critic_update_0060.pt,310057,57,checkpoint,100,straight,True,True,80,0.2,1.0,0.3,0,0.0,1,40,80,True,1.0,1.0,1.0,0.029629630512661403,0.4370370414521959,0.6444444530540042,48.7037039856116,0.0,0.0,0.0,45.0,42.0,45.0,1.0,5.0,5.0,5.0,0.0,1.0,0.0,45.0,0.16666666666666666,1.0,0.19444445023934046,14880.530544704861,5260.32373046875,3474.25048828125,3952.36181640625,3474.25048828125,3952.36181640625,36.751277297735214
test,dropout030_relay_failure,multi_relation,none,none,none,2,60,EA-RG-MAPPO-S,results/intercept_3d_gate1_hardened_safety_5seed_formal_candidate/runs/multi_relation/bc_ppo_seed2/actor_critic_update_0060.pt,310060,60,checkpoint,100,straight,True,True,80,0.2,1.0,0.3,0,0.0,1,40,80,True,1.0,1.0,1.0,0.029629630512661403,0.4370370414521959,0.7259259313344956,43.90740715828207,0.0,0.0,0.0,45.0,42.0,45.0,1.0,5.0,5.0,5.0,0.0,1.0,0.0,45.0,0.16666666666666666,1.0,0.2777777860562007,14896.76142578125,5203.8974609375,3524.5205078125,3699.16552734375,3524.5205078125,3699.16552734375,37.753338277339935
test,dropout030_relay_failure,multi_relation,none,none,none,2,60,EA-RG-MAPPO-S,results/intercept_3d_gate1_hardened_safety_5seed_formal_candidate/runs/multi_relation/bc_ppo_seed2/actor_critic_update_0060.pt,310062,62,checkpoint,100,straight,True,True,80,0.2,1.0,0.3,0,0.0,1,40,80,True,1.0,1.0,1.0,0.029629630512661403,0.4370370414521959,0.6370370450947019,45.8666667216354,0.0,0.0,0.0,45.0,42.0,45.0,1.0,5.0,5.0,5.0,0.0,1.0,0.0,45.0,0.16666666666666666,1.0,0.19444445023934046,14861.032530381945,5154.681640625,3320.71337890625,3856.69873046875,3320.71337890625,3856.69873046875,36.93328884243965
test,dropout030_relay_failure,multi_relation,none,none,none,2,60,EA-RG-MAPPO-S,results/intercept_3d_gate1_hardened_safety_5seed_formal_candidate/runs/multi_relation/bc_ppo_seed2/actor_critic_update_0060.pt,310063,63,checkpoint,100,straight,True,True,80,0.2,1.0,0.3,0,0.0,1,40,80,True,1.0,1.0,1.0,0.029629630512661403,0.4296296338240306,0.6592592693037457,44.97407423853874,0.0,0.0,0.0,45.0,42.0,45.0,1.0,5.0,5.0,5.0,0.0,1.0,0.0,45.0,0.16666666666666666,1.0,0.2500000074505806,14863.819997829862,5168.39697265625,3865.94091796875,3778.02880859375,3865.94091796875,3778.02880859375,37.00020748376846
test,dropout030_relay_failure,multi_relation,none,none,none,2,60,EA-RG-MAPPO-S,results/intercept_3d_gate1_hardened_safety_5seed_formal_candidate/runs/multi_relation/bc_ppo_seed2/actor_critic_update_0060.pt,310064,64,checkpoint,100,straight,True,True,80,0.2,1.0,0.3,0,0.0,1,40,80,True,1.0,1.0,1.0,0.029629630512661403,0.4296296338240306,0.6370370467503865,47.885184933079614,0.0,0.0,0.0,45.0,42.0,45.0,1.0,5.0,5.0,5.0,0.0,1.0,0.0,45.0,0.16666666666666666,1.0,0.2500000074505806,14852.91300998264,5187.48974609375,3698.284912109375,3718.95166015625,3698.284912109375,3718.95166015625,36.735311299562454
test,dropout030_relay_failure,multi_relation,none,none,none,2,60,EA-RG-MAPPO-S,results/intercept_3d_gate1_hardened_safety_5seed_formal_candidate/runs/multi_relation/bc_ppo_seed2/actor_critic_update_0060.pt,310065,65,checkpoint,100,straight,True,True,80,0.2,1.0,0.3,0,0.0,1,40,80,True,1.0,1.0,1.0,0.029629630512661403,0.4370370414521959,0.6481481562058131,45.892592285407915,0.0,0.0,0.0,45.0,42.0,45.0,1.0,5.0,5.0,5.0,0.0,1.0,0.0,45.0,0.16666666666666666,1.0,0.19444445023934046,14858.585134548612,5120.10205078125,3619.603759765625,3854.528076171875,3619.603759765625,3854.528076171875,37.10222485661507
test,dropout030_relay_failure,multi_relation,none,none,none,2,60,EA-RG-MAPPO-S,results/intercept_3d_gate1_hardened_safety_5seed_formal_candidate/runs/multi_relation/bc_ppo_seed2/actor_critic_update_0060.pt,310069,69,checkpoint,100,straight,True,True,80,0.2,1.0,0.3,0,0.0,1,40,80,True,1.0,1.0,1.0,0.029629630512661403,0.4296296338240306,0.6481481562058131,44.06296299364832,0.0,0.0,0.0,45.0,42.0,45.0,1.0,5.0,5.0,5.0,0.0,1.0,0.0,45.0,0.16666666666666666,1.0,0.22222222884496054,14968.413823784722,5473.24560546875,3604.686279296875,3249.28759765625,3604.686279296875,3249.28759765625,36.66768375039101
test,dropout030_relay_failure,multi_relation,none,none,none,2,60,EA-RG-MAPPO-S,results/intercept_3d_gate1_hardened_safety_5seed_formal_candidate/runs/multi_relation/bc_ppo_seed2/actor_critic_update_0060.pt,310070,70,checkpoint,100,straight,True,True,80,0.2,1.0,0.3,0,0.0,1,40,80,True,1.0,1.0,1.0,0.029629630512661403,0.4370370414521959,0.6370370480749342,44.92962994045681,0.0,0.0,0.0,45.0,42.0,45.0,1.0,5.0,5.0,5.0,0.0,1.0,0.0,45.0,0.16666666666666666,1.0,0.2500000074505806,14960.343608940972,5543.31494140625,3511.55224609375,3400.90966796875,3511.55224609375,3400.90966796875,36.6822894513607
test,dropout030_relay_failure,multi_relation,none,none,none,2,60,EA-RG-MAPPO-S,results/intercept_3d_gate1_hardened_safety_5seed_formal_candidate/runs/multi_relation/bc_ppo_seed2/actor_critic_update_0060.pt,310071,71,checkpoint,100,straight,True,True,80,0.2,1.0,0.3,0,0.0,1,40,80,True,1.0,1.0,1.0,0.029629630512661403,0.4370370414521959,0.6333333419428931,47.903703737921184,0.0,0.0,0.0,45.0,42.0,45.0,1.0,5.0,5.0,5.0,0.0,1.0,0.0,45.0,0.16666666666666666,1.0,0.2500000074505806,14861.768413628472,5212.71484375,3565.48681640625,3512.533447265625,3565.48681640625,3512.533447265625,36.706842601299286
test,dropout030_relay_failure,multi_relation,none,none,none,2,60,EA-RG-MAPPO-S,results/intercept_3d_gate1_hardened_safety_5seed_formal_candidate/runs/multi_relation/bc_ppo_seed2/actor_critic_update_0060.pt,310073,73,checkpoint,100,straight,True,True,80,0.2,1.0,0.3,0,0.0,1,40,80,True,1.0,1.0,1.0,0.029629630512661403,0.4296296338240306,0.6666666746139527,41.15925909148322,0.0,0.0,0.0,45.0,42.0,45.0,1.0,5.0,5.0,5.0,0.0,1.0,0.0,45.0,0.16666666666666666,1.0,0.19444445023934046,14874.187239583332,5165.6484375,3677.68896484375,3581.085205078125,3677.68896484375,3581.085205078125,37.25048905611038
test,dropout030_relay_failure,multi_relation,none,none,none,2,60,EA-RG-MAPPO-S,results/intercept_3d_gate1_hardened_safety_5seed_formal_candidate/runs/multi_relation/bc_ppo_seed2/actor_critic_update_0060.pt,310075,75,checkpoint,100,straight,True,True,80,0.2,1.0,0.3,0,0.0,1,40,80,True,1.0,1.0,1.0,0.029629630512661403,0.4370370414521959,0.6407407492399215,46.95555564463139,0.0,0.0,0.0,45.0,42.0,45.0,1.0,5.0,5.0,5.0,0.0,1.0,0.0,45.0,0.16666666666666666,1.0,0.2500000074505806,14866.7193359375,5125.79443359375,3602.88916015625,3848.7529296875,3602.88916015625,3848.7529296875,36.9779486656189
test,dropout030_relay_failure,multi_relation,none,none,none,2,60,EA-RG-MAPPO-S,results/intercept_3d_gate1_hardened_safety_5seed_formal_candidate/runs/multi_relation/bc_ppo_seed2/actor_critic_update_0060.pt,310076,76,checkpoint,100,straight,True,True,80,0.2,1.0,0.3,0,0.0,1,40,80,True,1.0,1.0,1.0,0.029629630512661403,0.4370370414521959,0.6370370441012912,47.85185154477755,0.0,0.0,0.0,45.0,42.0,45.0,1.0,5.0,5.0,5.0,0.0,1.0,0.0,45.0,0.16666666666666666,1.0,0.3333333432674408,14892.621538628473,5182.72509765625,3348.874267578125,3906.77685546875,3348.874267578125,3906.77685546875,36.7905256152153
test,dropout030_relay_failure,multi_relation,none,none,none,2,60,EA-RG-MAPPO-S,results/intercept_3d_gate1_hardened_safety_5seed_formal_candidate/runs/multi_relation/bc_ppo_seed2/actor_critic_update_0060.pt,310079,79,checkpoint,100,straight,True,True,80,0.2,1.0,0.3,0,0.0,1,40,80,True,1.0,1.0,1.0,0.029629630512661403,0.4370370414521959,0.6407407482465108,45.04444410635365,0.0,0.0,0.0,45.0,42.0,45.0,1.0,5.0,5.0,5.0,0.0,1.0,0.0,45.0,0.16666666666666666,1.0,0.2500000074505806,14965.26884765625,5544.685546875,3463.201171875,3395.46142578125,3463.201171875,3395.46142578125,36.68816348910332
test,dropout030_relay_failure,multi_relation,none,none,none,2,60,EA-RG-MAPPO-S,results/intercept_3d_gate1_hardened_safety_5seed_formal_candidate/runs/multi_relation/bc_ppo_seed2/actor_critic_update_0060.pt,310080,80,checkpoint,100,straight,True,True,80,0.2,1.0,0.3,0,0.0,1,40,80,True,1.0,1.0,1.0,0.029629630512661403,0.4370370414521959,0.6555555635028415,42.040740573075084,0.0,0.0,0.0,45.0,42.0,45.0,1.0,5.0,5.0,5.0,0.0,1.0,0.0,45.0,0.16666666666666666,1.0,0.19444445023934046,14854.828287760416,5085.9326171875,3748.7958984375,3674.60888671875,3748.7958984375,3674.60888671875,37.427930265665054
test,dropout030_relay_failure,multi_relation,none,none,none,2,60,EA-RG-MAPPO-S,results/intercept_3d_gate1_hardened_safety_5seed_formal_candidate/runs/multi_relation/bc_ppo_seed2/actor_critic_update_0060.pt,310083,83,checkpoint,100,straight,True,True,80,0.2,1.0,0.3,0,0.0,1,40,80,True,1.0,1.0,1.0,0.029629630512661403,0.4370370414521959,0.66296297079987,41.10740740067429,0.0,0.0,0.0,45.0,42.0,45.0,1.0,5.0,5.0,5.0,0.0,1.0,0.0,45.0,0.16666666666666666,1.0,0.1666666716337204,14868.775086805555,5137.27685546875,3487.670654296875,3621.72216796875,3487.670654296875,3621.72216796875,37.35759490728378
test,dropout030_relay_failure,multi_relation,none,none,none,2,60,EA-RG-MAPPO-S,results/intercept_3d_gate1_hardened_safety_5seed_formal_candidate/runs/multi_relation/bc_ppo_seed2/actor_critic_update_0060.pt,310084,84,checkpoint,100,straight,True,True,80,0.2,1.0,0.3,0,0.0,1,40,80,True,1.0,1.0,1.0,0.029629630512661403,0.4370370414521959,0.6111111190583971,42.125926013125316,0.0,0.0,0.0,45.0,42.0,45.0,1.0,5.0,5.0,5.0,0.0,1.0,0.0,45.0,0.16666666666666666,1.0,0.19444445023934046,14881.754947916666,5261.45849609375,3583.7373046875,3287.090087890625,3583.7373046875,3287.090087890625,36.84621647000313
test,dropout030_relay_failure,multi_relation,none,none,none,2,60,EA-RG-MAPPO-S,results/intercept_3d_gate1_hardened_safety_5seed_formal_candidate/runs/multi_relation/bc_ppo_seed2/actor_critic_update_0060.pt,310090,90,checkpoint,100,straight,True,True,80,0.2,1.0,0.3,0,0.0,1,40,80,True,1.0,1.0,1.0,0.029629630512661403,0.4370370414521959,0.6629629727866915,41.081481375628044,0.0,0.0,0.0,45.0,42.0,45.0,1.0,5.0,5.0,5.0,0.0,1.0,0.0,45.0,0.16666666666666666,1.0,0.19444445023934046,14869.865809461806,5122.5361328125,3805.328369140625,3599.2431640625,3805.328369140625,3599.2431640625,37.47717523574829
test,dropout030_relay_failure,multi_relation,none,none,none,2,60,EA-RG-MAPPO-S,results/intercept_3d_gate1_hardened_safety_5seed_formal_candidate/runs/multi_relation/bc_ppo_seed2/actor_critic_update_0060.pt,310093,93,checkpoint,100,straight,True,True,80,0.2,1.0,0.3,0,0.0,1,40,80,True,1.0,1.0,1.0,0.029629630512661403,0.4370370414521959,0.6444444523917304,41.15925942791833,0.0,0.0,0.0,45.0,42.0,45.0,1.0,5.0,5.0,5.0,0.0,1.0,0.0,45.0,0.16666666666666666,1.0,0.22222222884496054,14879.001182725695,5155.75732421875,3618.9052734375,3615.527587890625,3618.9052734375,3615.527587890625,37.2760009765625
test,dropout030_relay_failure,multi_relation,none,none,none,2,60,EA-RG-MAPPO-S,results/intercept_3d_gate1_hardened_safety_5seed_formal_candidate/runs/multi_relation/bc_ppo_seed2/actor_critic_update_0060.pt,310095,95,checkpoint,100,straight,True,True,80,0.2,1.0,0.3,0,0.0,1,40,80,True,1.0,1.0,1.0,0.029629630512661403,0.4296296338240306,0.6518518600198958,41.07777800858021,0.0,0.0,0.0,45.0,42.0,45.0,1.0,5.0,5.0,5.0,0.0,1.0,0.0,45.0,0.16666666666666666,1.0,0.1666666716337204,14979.436968315973,5377.66357421875,3364.547119140625,3581.575439453125,3364.547119140625,3581.575439453125,36.925221145153046
test,dropout030_relay_failure,multi_relation,none,none,none,2,60,EA-RG-MAPPO-S,results/intercept_3d_gate1_hardened_safety_5seed_formal_candidate/runs/multi_relation/bc_ppo_seed2/actor_critic_update_0060.pt,310099,99,checkpoint,100,straight,True,True,80,0.2,1.0,0.3,0,0.0,1,40,80,True,1.0,1.0,1.0,0.029629630512661403,0.4370370414521959,0.6962963047954771,42.955555611517696,0.0,0.0,0.0,45.0,42.0,45.0,1.0,5.0,5.0,5.0,0.0,1.0,0.0,45.0,0.16666666666666666,1.0,0.22222222884496054,14859.18508029514,5086.37646484375,3668.602783203125,3570.021240234375,3668.602783203125,3570.021240234375,37.79733228683472
test,dropout030_relay_failure,multi_relation,none,none,none,2,60,EA-RG-MAPPO-S,results/intercept_3d_gate1_hardened_safety_5seed_formal_candidate/runs/multi_relation/bc_ppo_seed2/actor_critic_update_0060.pt,310061,61,checkpoint,100,straight,True,True,80,0.2,1.0,0.3,0,0.0,1,40,80,True,1.0,1.0,1.0,0.028985508110212242,0.44202898961046466,0.6449275457340738,45.89855078575404,0.0,0.0,0.0,46.0,43.0,46.0,1.0,6.0,6.0,6.0,0.0,1.0,0.0,46.0,0.14285714285714285,1.0,0.3095238187483379,14683.30562160326,4772.6005859375,3888.477783203125,3891.232666015625,3888.477783203125,3891.232666015625,37.76563969254494
test,dropout030_relay_failure,multi_relation,none,none,none,2,60,EA-RG-MAPPO-S,results/intercept_3d_gate1_hardened_safety_5seed_formal_candidate/runs/multi_relation/bc_ppo_seed2/actor_critic_update_0060.pt,310067,67,checkpoint,100,straight,True,True,80,0.2,1.0,0.3,0,0.0,1,40,80,True,1.0,1.0,1.0,0.028985508110212242,0.44927536663801776,0.6775362384708031,45.931159365112364,0.0,0.0,0.0,46.0,43.0,46.0,1.0,6.0,6.0,6.0,0.0,1.0,0.0,46.0,0.14285714285714285,1.0,0.23809524519102915,14641.860733695652,4755.71484375,3572.03466796875,3855.633056640625,3572.03466796875,3855.633056640625,38.150466710329056
test,dropout030_relay_failure,multi_relation,none,none,none,2,60,EA-RG-MAPPO-S,results/intercept_3d_gate1_hardened_safety_5seed_formal_candidate/runs/multi_relation/bc_ppo_seed2/actor_critic_update_0060.pt,310068,68,checkpoint,100,straight,True,True,80,0.2,1.0,0.3,0,0.0,1,40,80,True,1.0,1.0,1.0,0.028985508110212242,0.44927536663801776,0.6884058056318242,40.2862322230054,0.0,0.0,0.0,46.0,43.0,46.0,1.0,6.0,6.0,6.0,0.0,1.0,0.0,46.0,0.14285714285714285,1.0,0.28571429422923494,14645.598961871603,4714.37353515625,3564.201416015625,3738.083251953125,3564.201416015625,3738.083251953125,38.579751551151276
test,dropout030_relay_failure,multi_relation,none,none,none,2,60,EA-RG-MAPPO-S,results/intercept_3d_gate1_hardened_safety_5seed_formal_candidate/runs/multi_relation/bc_ppo_seed2/actor_critic_update_0060.pt,310074,74,checkpoint,100,straight,True,True,80,0.2,1.0,0.3,0,0.0,1,40,80,True,1.0,1.0,1.0,0.028985508110212242,0.44202898961046466,0.6557971099796502,44.949275309300944,0.0,0.0,0.0,46.0,43.0,46.0,1.0,6.0,6.0,6.0,0.0,1.0,0.0,46.0,0.14285714285714285,1.0,0.21428572067192622,14681.929761803669,4754.96142578125,3656.999267578125,3711.516845703125,3656.999267578125,3711.516845703125,37.92772662639618
test,dropout030_relay_failure,multi_relation,none,none,none,2,60,EA-RG-MAPPO-S,results/intercept_3d_gate1_hardened_safety_5seed_formal_candidate/runs/multi_relation/bc_ppo_seed2/actor_critic_update_0060.pt,310082,82,checkpoint,100,straight,True,True,80,0.2,1.0,0.3,0,0.0,1,40,80,True,1.0,1.0,1.0,0.028985508110212242,0.44927536663801776,0.6268116015454998,44.992753322357714,0.0,0.0,0.0,46.0,43.0,46.0,1.0,6.0,6.0,6.0,0.0,1.0,0.0,46.0,0.14285714285714285,1.0,0.21428572067192622,14641.086988366169,4775.54931640625,3468.51904296875,3255.076904296875,3468.51904296875,3255.076904296875,37.719567716121674
test,dropout030_relay_failure,multi_relation,none,none,none,2,60,EA-RG-MAPPO-S,results/intercept_3d_gate1_hardened_safety_5seed_formal_candidate/runs/multi_relation/bc_ppo_seed2/actor_critic_update_0060.pt,310087,87,checkpoint,100,straight,True,True,80,0.2,1.0,0.3,0,0.0,1,40,80,True,1.0,1.0,1.0,0.028985508110212242,0.44927536663801776,0.6775362397665563,44.03623199819223,0.0,0.0,0.0,46.0,43.0,46.0,1.0,6.0,6.0,6.0,0.0,1.0,0.0,46.0,0.14285714285714285,1.0,0.21428572067192622,14645.156218155571,4690.83251953125,3627.433349609375,3607.52880859375,3627.433349609375,3607.52880859375,38.316805720329285
test,dropout030_relay_failure,multi_relation,none,none,none,2,60,EA-RG-MAPPO-S,results/intercept_3d_gate1_hardened_safety_5seed_formal_candidate/runs/multi_relation/bc_ppo_seed2/actor_critic_update_0060.pt,310089,89,checkpoint,100,straight,True,True,80,0.2,1.0,0.3,0,0.0,1,40,80,True,1.0,1.0,1.0,0.028985508110212242,0.44927536663801776,0.5543478364529817,46.99637722062028,0.0,0.0,0.0,46.0,43.0,46.0,1.0,6.0,6.0,6.0,0.0,1.0,0.0,46.0,0.14285714285714285,1.0,0.21428572067192622,14660.971329398777,4787.86962890625,3968.851806640625,4043.61572265625,3968.851806640625,4043.61572265625,36.9626522064209
test,dropout030_relay_failure,multi_relation,none,none,none,2,60,EA-RG-MAPPO-S,results/intercept_3d_gate1_hardened_safety_5seed_formal_candidate/runs/multi_relation/bc_ppo_seed2/actor_critic_update_0060.pt,310094,94,checkpoint,100,straight,True,True,80,0.2,1.0,0.3,0,0.0,1,40,80,True,1.0,1.0,1.0,0.028985508110212242,0.44927536663801776,0.6630434860353884,42.21014514857012,0.0,0.0,0.0,46.0,43.0,46.0,1.0,6.0,6.0,6.0,0.0,1.0,0.0,46.0,0.14285714285714285,1.0,0.26190476971013205,14639.282619310461,4741.15625,3471.86572265625,3192.57275390625,3471.86572265625,3192.57275390625,38.21647161245346
test,dropout030_relay_failure,multi_relation,none,none,none,2,60,EA-RG-MAPPO-S,results/intercept_3d_gate1_hardened_safety_5seed_formal_candidate/runs/multi_relation/bc_ppo_seed2/actor_critic_update_0060.pt,310096,96,checkpoint,100,straight,True,True,80,0.2,1.0,0.3,0,0.0,1,40,80,True,1.0,1.0,1.0,0.028985508110212242,0.44202898961046466,0.6630434853875119,50.626811566560164,0.0,0.0,0.0,46.0,43.0,46.0,1.0,6.0,6.0,6.0,0.0,1.0,0.0,46.0,0.14285714285714285,1.0,0.1666666716337204,14649.774254840353,4818.81494140625,3462.8701171875,3962.171630859375,3462.8701171875,3962.171630859375,37.545973122119904
test,dropout030_relay_failure,multi_relation,none,none,none,2,60,EA-RG-MAPPO-S,results/intercept_3d_gate1_hardened_safety_5seed_formal_candidate/runs/multi_relation/bc_ppo_seed2/actor_critic_update_0060.pt,310098,98,checkpoint,100,straight,True,True,80,0.2,1.0,0.3,0,0.0,1,40,80,True,1.0,1.0,1.0,0.028985508110212242,0.44927536663801776,0.6739130512527798,45.87318834856801,0.0,0.0,0.0,46.0,43.0,46.0,1.0,6.0,6.0,6.0,0.0,1.0,0.0,46.0,0.14285714285714285,1.0,0.21428572067192622,14665.489459493885,4774.828125,3778.10595703125,3742.6767578125,3778.10595703125,3742.6767578125,38.178151190280914
test,dropout030_relay_failure,multi_relation,none,none,none,2,60,EA-RG-MAPPO-S,results/intercept_3d_gate1_hardened_safety_5seed_formal_candidate/runs/multi_relation/bc_ppo_seed2/actor_critic_update_0060.pt,310050,50,checkpoint,100,straight,True,True,80,0.2,1.0,0.3,0,0.0,1,40,80,True,1.0,1.0,1.0,0.02836879517169709,0.4539007132357739,0.6134751848083861,47.91134716158218,0.0,0.0,0.0,47.0,44.0,47.0,1.0,7.0,7.0,7.0,0.0,1.0,0.0,47.0,0.125,1.0,0.18750000558793545,14478.271380485372,4371.45849609375,3497.181640625,3722.10107421875,3497.181640625,3722.10107421875,38.37682616710663
test,dropout030_relay_failure,multi_relation,none,none,none,2,60,EA-RG-MAPPO-S,results/intercept_3d_gate1_hardened_safety_5seed_formal_candidate/runs/multi_relation/bc_ppo_seed2/actor_critic_update_0060.pt,310072,72,checkpoint,100,straight,True,True,80,0.2,1.0,0.3,0,0.0,1,40,80,True,1.0,1.0,1.0,0.02836879517169709,0.4539007132357739,0.6418439809312212,40.47517715299383,0.0,0.0,0.0,47.0,44.0,47.0,1.0,7.0,7.0,7.0,0.0,1.0,0.0,47.0,0.125,1.0,0.22916667349636555,14449.449499251994,4352.0283203125,3404.576416015625,3538.7529296875,3404.576416015625,3538.7529296875,38.86649030447006
test,dropout030_relay_failure,multi_relation,none,none,none,2,60,EA-RG-MAPPO-S,results/intercept_3d_gate1_hardened_safety_5seed_formal_candidate/runs/multi_relation/bc_ppo_seed2/actor_critic_update_0060.pt,310086,86,checkpoint,100,straight,True,True,80,0.2,1.0,0.3,0,0.0,1,40,80,True,1.0,1.0,1.0,0.02836879517169709,0.44680851507694164,0.5567375970013598,43.32269524862158,0.0,0.0,0.0,47.0,44.0,47.0,1.0,7.0,7.0,7.0,0.0,1.0,0.0,47.0,0.125,1.0,0.1666666716337204,14486.434559923537,4487.19482421875,3208.8896484375,3804.17431640625,3208.8896484375,3804.17431640625,37.70258751511574
test,dropout030_relay_failure,multi_relation,none,none,none,2,60,EA-RG-MAPPO-S,results/intercept_3d_gate1_hardened_safety_5seed_formal_candidate/runs/multi_relation/bc_ppo_seed2/actor_critic_update_0060.pt,310051,51,checkpoint,100,straight,True,True,80,0.2,1.0,0.3,0,0.0,1,40,80,True,1.0,1.0,1.0,0.027777778605620067,0.4513888930281003,0.6354166750485698,49.624999859680734,0.0,0.0,0.0,48.0,45.0,48.0,1.0,8.0,8.0,8.0,0.0,1.0,0.0,48.0,0.1111111111111111,1.0,0.14814815256330702,14348.11361694336,4265.3603515625,2715.864990234375,3438.221435546875,2715.864990234375,3438.221435546875,38.686138957738876
test,dropout030_relay_failure,multi_relation,none,none,none,2,60,EA-RG-MAPPO-S,results/intercept_3d_gate1_hardened_safety_5seed_formal_candidate/runs/multi_relation/bc_ppo_seed2/actor_critic_update_0060.pt,310088,88,checkpoint,100,straight,True,True,80,0.2,1.0,0.3,0,0.0,1,40,80,True,0.0,0.0,1.0,0.003846153960778163,0.17307692708877417,0.14743589948003108,91.58269339003242,0.0,1.0,0.0,260.0,42.0,-1.0,0.0,220.0,220.0,-1.0,0.0,0.0,1.0,-1.0,0.0,0.22500000521540642,0.12291667032986879,31261.044765061597,67877.1875,2529.351806640625,1294.803955078125,44518.52734375,15695.150390625,-17.664490155875683
test,dropout030_relay_failure,multi_relation,none,none,none,3,60,EA-RG-MAPPO-S,results/intercept_3d_gate1_hardened_safety_5seed_formal_candidate/runs/multi_relation/bc_ppo_seed3/actor_critic_update_0060.pt,310004,4,checkpoint,100,straight,True,True,80,0.2,1.0,0.3,0,0.0,1,40,80,True,1.0,1.0,1.0,0.03030303120613098,0.40909091383218765,0.6742424314672296,46.8143939125267,0.0,0.0,0.0,44.0,41.0,44.0,1.0,4.0,4.0,4.0,0.0,1.0,0.0,44.0,0.2,1.0,0.1666666716337204,15198.648015802557,5893.65771484375,3786.16650390625,1818.1026611328125,3786.16650390625,1818.1026611328125,35.8103988468647
test,dropout030_relay_failure,multi_relation,none,none,none,3,60,EA-RG-MAPPO-S,results/intercept_3d_gate1_hardened_safety_5seed_formal_candidate/runs/multi_relation/bc_ppo_seed3/actor_critic_update_0060.pt,310011,11,checkpoint,100,straight,True,True,80,0.2,1.0,0.3,0,0.0,1,40,80,True,1.0,1.0,1.0,0.03030303120613098,0.41666667095639487,0.6477272832258181,51.799242769113995,0.0,0.0,0.0,44.0,41.0,44.0,1.0,4.0,4.0,4.0,0.0,1.0,0.0,44.0,0.2,1.0,0.20000000596046447,15147.622824928978,5761.83251953125,3842.200439453125,2515.359375,3842.200439453125,2515.359375,35.55397284030914
test,dropout030_relay_failure,multi_relation,none,none,none,3,60,EA-RG-MAPPO-S,results/intercept_3d_gate1_hardened_safety_5seed_formal_candidate/runs/multi_relation/bc_ppo_seed3/actor_critic_update_0060.pt,310026,26,checkpoint,100,straight,True,True,80,0.2,1.0,0.3,0,0.0,1,40,80,True,1.0,1.0,1.0,0.03030303120613098,0.4166666716337204,0.6515151594172824,51.75378781963479,0.0,0.0,0.0,44.0,41.0,44.0,1.0,4.0,4.0,4.0,0.0,1.0,0.0,44.0,0.2,1.0,0.23333334028720856,15198.847511985085,6032.3828125,3666.620849609375,1886.0152587890625,3666.620849609375,1929.72509765625,35.49666553735733
test,dropout030_relay_failure,multi_relation,none,none,none,3,60,EA-RG-MAPPO-S,results/intercept_3d_gate1_hardened_safety_5seed_formal_candidate/runs/multi_relation/bc_ppo_seed3/actor_critic_update_0060.pt,310029,29,checkpoint,100,straight,True,True,80,0.2,1.0,0.3,0,0.0,1,40,80,True,1.0,1.0,1.0,0.03030303120613098,0.40909091383218765,0.7234848544678905,48.68939368122003,0.0,0.0,0.0,44.0,41.0,44.0,1.0,4.0,4.0,4.0,0.0,1.0,0.0,44.0,0.2,1.0,0.1666666716337204,15201.824917879972,5849.42138671875,3630.486572265625,1806.2027587890625,3630.486572265625,1806.2027587890625,36.1827212870121
test,dropout030_relay_failure,multi_relation,none,none,none,3,60,EA-RG-MAPPO-S,results/intercept_3d_gate1_hardened_safety_5seed_formal_candidate/runs/multi_relation/bc_ppo_seed3/actor_critic_update_0060.pt,310038,38,checkpoint,100,straight,True,True,80,0.2,1.0,0.3,0,0.0,1,40,80,True,1.0,1.0,1.0,0.03030303120613098,0.4166666716337204,0.6666666733270342,46.82575765929439,0.0,0.0,0.0,44.0,41.0,44.0,1.0,4.0,4.0,4.0,0.0,1.0,0.0,44.0,0.2,1.0,0.1666666716337204,15135.511474609375,5774.759765625,3780.810546875,1427.5582275390625,3780.810546875,1427.5582275390625,36.02110090851784
test,dropout030_relay_failure,multi_relation,none,none,none,3,60,EA-RG-MAPPO-S,results/intercept_3d_gate1_hardened_safety_5seed_formal_candidate/runs/multi_relation/bc_ppo_seed3/actor_critic_update_0060.pt,310040,40,checkpoint,100,straight,True,True,80,0.2,1.0,0.3,0,0.0,1,40,80,True,1.0,1.0,1.0,0.03030303120613098,0.40909091383218765,0.7424242496490479,49.670454201034524,0.0,0.0,0.0,44.0,41.0,44.0,1.0,4.0,4.0,4.0,0.0,1.0,0.0,44.0,0.2,1.0,0.20000000596046447,15164.360185102983,5759.376953125,3659.93798828125,1711.62451171875,3659.93798828125,1711.62451171875,36.46870732307434
test,dropout030_relay_failure,multi_relation,none,none,none,3,60,EA-RG-MAPPO-S,results/intercept_3d_gate1_hardened_safety_5seed_formal_candidate/runs/multi_relation/bc_ppo_seed3/actor_critic_update_0060.pt,310003,3,checkpoint,100,straight,True,True,80,0.2,1.0,0.3,0,0.0,1,40,80,True,1.0,1.0,1.0,0.029629630512661403,0.42222222685813904,0.7185185256931517,47.72592559125688,0.0,0.0,0.0,45.0,42.0,45.0,1.0,5.0,5.0,5.0,0.0,1.0,0.0,45.0,0.16666666666666666,1.0,0.2500000074505806,15001.2001953125,5556.40478515625,3680.7314453125,1815.373779296875,3680.7314453125,1833.5364990234375,37.04588243365288
test,dropout030_relay_failure,multi_relation,none,none,none,3,60,EA-RG-MAPPO-S,results/intercept_3d_gate1_hardened_safety_5seed_formal_candidate/runs/multi_relation/bc_ppo_seed3/actor_critic_update_0060.pt,310006,6,checkpoint,100,straight,True,True,80,0.2,1.0,0.3,0,0.0,1,40,80,True,1.0,1.0,1.0,0.029629630512661403,0.42962963448630437,0.625925933652454,42.125925896896256,0.0,0.0,0.0,45.0,42.0,45.0,1.0,5.0,5.0,5.0,0.0,1.0,0.0,45.0,0.16666666666666666,1.0,0.11111111442248027,14960.102495659723,5675.31884765625,3850.780517578125,1939.7666015625,3850.780517578125,1939.7666015625,36.453369945287704
test,dropout030_relay_failure,multi_relation,none,none,none,3,60,EA-RG-MAPPO-S,results/intercept_3d_gate1_hardened_safety_5seed_formal_candidate/runs/multi_relation/bc_ppo_seed3/actor_critic_update_0060.pt,310016,16,checkpoint,100,straight,True,True,80,0.2,1.0,0.3,0,0.0,1,40,80,True,1.0,1.0,1.0,0.029629630512661403,0.4148148198922475,0.6592592676480611,47.78888925711314,0.0,0.0,0.0,45.0,42.0,45.0,1.0,5.0,5.0,5.0,0.0,1.0,0.0,45.0,0.16666666666666666,0.8888888905445734,0.2500000074505806,14951.23056640625,5700.19921875,3859.348876953125,1997.6751708984375,3859.348876953125,2084.6259765625,36.216612637043
test,dropout030_relay_failure,multi_relation,none,none,none,3,60,EA-RG-MAPPO-S,results/intercept_3d_gate1_hardened_safety_5seed_formal_candidate/runs/multi_relation/bc_ppo_seed3/actor_critic_update_0060.pt,310019,19,checkpoint,100,straight,True,True,80,0.2,1.0,0.3,0,0.0,1,40,80,True,1.0,1.0,1.0,0.029629630512661403,0.42222222685813904,0.6962963041332033,46.803703765736685,0.0,0.0,0.0,45.0,42.0,45.0,1.0,5.0,5.0,5.0,0.0,1.0,0.0,45.0,0.16666666666666666,1.0,0.2500000074505806,15013.265787760416,5639.87548828125,3519.272705078125,1815.0863037109375,3519.272705078125,1832.7215576171875,36.73495277762413
test,dropout030_relay_failure,multi_relation,none,none,none,3,60,EA-RG-MAPPO-S,results/intercept_3d_gate1_hardened_safety_5seed_formal_candidate/runs/multi_relation/bc_ppo_seed3/actor_critic_update_0060.pt,310020,20,checkpoint,100,straight,True,True,80,0.2,1.0,0.3,0,0.0,1,40,80,True,1.0,1.0,1.0,0.029629630512661403,0.42962963448630437,0.7000000072850121,41.09259236488077,0.0,0.0,0.0,45.0,42.0,45.0,1.0,5.0,5.0,5.0,0.0,1.0,0.0,45.0,0.16666666666666666,1.0,0.22222222884496054,14920.251236979168,5514.58203125,3761.589111328125,1606.621337890625,3761.589111328125,1651.93017578125,37.3599736392498
test,dropout030_relay_failure,multi_relation,none,none,none,3,60,EA-RG-MAPPO-S,results/intercept_3d_gate1_hardened_safety_5seed_formal_candidate/runs/multi_relation/bc_ppo_seed3/actor_critic_update_0060.pt,310022,22,checkpoint,100,straight,True,True,80,0.2,1.0,0.3,0,0.0,1,40,80,True,1.0,1.0,1.0,0.029629630512661403,0.42962963448630437,0.6296296387910842,39.23333356910282,0.0,0.0,0.0,45.0,42.0,45.0,1.0,5.0,5.0,5.0,0.0,1.0,0.0,45.0,0.16666666666666666,1.0,0.19444445023934046,14899.929351128472,5464.10546875,3552.010009765625,1998.749267578125,3552.010009765625,2207.62451171875,36.766830176115036
test,dropout030_relay_failure,multi_relation,none,none,none,3,60,EA-RG-MAPPO-S,results/intercept_3d_gate1_hardened_safety_5seed_formal_candidate/runs/multi_relation/bc_ppo_seed3/actor_critic_update_0060.pt,310028,28,checkpoint,100,straight,True,True,80,0.2,1.0,0.3,0,0.0,1,40,80,True,1.0,1.0,1.0,0.029629630512661403,0.4370370414521959,0.7259259316656325,41.96296265489525,0.0,0.0,0.0,45.0,42.0,45.0,1.0,5.0,5.0,5.0,0.0,1.0,0.0,45.0,0.16666666666666666,1.0,0.3055555646618207,14899.082486979167,5419.95751953125,3656.444580078125,1425.7757568359375,3656.444580078125,1425.7757568359375,37.73728284239769
test,dropout030_relay_failure,multi_relation,none,none,none,3,60,EA-RG-MAPPO-S,results/intercept_3d_gate1_hardened_safety_5seed_formal_candidate/runs/multi_relation/bc_ppo_seed3/actor_critic_update_0060.pt,310032,32,checkpoint,100,straight,True,True,80,0.2,1.0,0.3,0,0.0,1,40,80,True,1.0,1.0,1.0,0.029629630512661403,0.4370370414521959,0.692592602637079,44.8592594285806,0.0,0.0,0.0,45.0,42.0,45.0,1.0,5.0,5.0,5.0,0.0,1.0,0.0,45.0,0.16666666666666666,1.0,0.2500000074505806,14879.493001302084,5370.2802734375,3717.918701171875,1387.6207275390625,3717.918701171875,1387.6207275390625,37.43565219640732
test,dropout030_relay_failure,multi_relation,none,none,none,3,60,EA-RG-MAPPO-S,results/intercept_3d_gate1_hardened_safety_5seed_formal_candidate/runs/multi_relation/bc_ppo_seed3/actor_critic_update_0060.pt,310035,35,checkpoint,100,straight,True,True,80,0.2,1.0,0.3,0,0.0,1,40,80,True,1.0,1.0,1.0,0.029629630512661403,0.4370370414521959,0.6444444527228673,46.96666654745738,0.0,0.0,0.0,45.0,42.0,45.0,1.0,5.0,5.0,5.0,0.0,1.0,0.0,45.0,0.16666666666666666,1.0,0.22222222884496054,14875.964420572916,5311.44189453125,3607.4765625,1393.8890380859375,3607.4765625,1393.8890380859375,36.817168563604355
test,dropout030_relay_failure,multi_relation,none,none,none,3,60,EA-RG-MAPPO-S,results/intercept_3d_gate1_hardened_safety_5seed_formal_candidate/runs/multi_relation/bc_ppo_seed3/actor_critic_update_0060.pt,310039,39,checkpoint,100,straight,True,True,80,0.2,1.0,0.3,0,0.0,1,40,80,True,1.0,1.0,1.0,0.029629630512661403,0.4296296338240306,0.6740740805864334,46.85185157524215,0.0,0.0,0.0,45.0,42.0,45.0,1.0,5.0,5.0,5.0,0.0,1.0,0.0,45.0,0.16666666666666666,1.0,0.2500000074505806,14878.210503472223,5289.82861328125,3550.0205078125,1374.2574462890625,3550.0205078125,1374.2574462890625,36.94485554099083
test,dropout030_relay_failure,multi_relation,none,none,none,3,60,EA-RG-MAPPO-S,results/intercept_3d_gate1_hardened_safety_5seed_formal_candidate/runs/multi_relation/bc_ppo_seed3/actor_critic_update_0060.pt,310041,41,checkpoint,100,straight,True,True,80,0.2,1.0,0.3,0,0.0,1,40,80,True,1.0,1.0,1.0,0.029629630512661403,0.42962963448630437,0.6000000069538752,40.21481461326281,0.0,0.0,0.0,45.0,42.0,45.0,1.0,5.0,5.0,5.0,0.0,1.0,0.0,45.0,0.16666666666666666,1.0,0.22222222884496054,14901.95802951389,5403.7529296875,3459.942138671875,1281.3546142578125,3459.942138671875,1281.3546142578125,36.50252750515938
test,dropout030_relay_failure,multi_relation,none,none,none,3,60,EA-RG-MAPPO-S,results/intercept_3d_gate1_hardened_safety_5seed_formal_candidate/runs/multi_relation/bc_ppo_seed3/actor_critic_update_0060.pt,310044,44,checkpoint,100,straight,True,True,80,0.2,1.0,0.3,0,0.0,1,40,80,True,1.0,1.0,1.0,0.029629630512661403,0.42962963448630437,0.6629629701375961,46.88148153722286,0.0,0.0,0.0,45.0,42.0,45.0,1.0,5.0,5.0,5.0,0.0,1.0,0.0,45.0,0.16666666666666666,1.0,0.19444445023934046,14913.913411458334,5369.85400390625,3474.2109375,1422.442138671875,3474.2109375,1422.442138671875,36.867163985967636
test,dropout030_relay_failure,multi_relation,none,none,none,3,60,EA-RG-MAPPO-S,results/intercept_3d_gate1_hardened_safety_5seed_formal_candidate/runs/multi_relation/bc_ppo_seed3/actor_critic_update_0060.pt,310045,45,checkpoint,100,straight,True,True,80,0.2,1.0,0.3,0,0.0,1,40,80,True,1.0,1.0,1.0,0.029629630512661403,0.42962963448630437,0.6703703777657615,47.844444706704884,0.0,0.0,0.0,45.0,42.0,45.0,1.0,5.0,5.0,5.0,0.0,1.0,0.0,45.0,0.16666666666666666,0.9444444477558136,0.19444445023934046,14886.571809895833,5401.88037109375,3941.99609375,1423.088134765625,3941.99609375,1423.088134765625,36.861406445503235
test,dropout030_relay_failure,multi_relation,none,none,none,3,60,EA-RG-MAPPO-S,results/intercept_3d_gate1_hardened_safety_5seed_formal_candidate/runs/multi_relation/bc_ppo_seed3/actor_critic_update_0060.pt,310046,46,checkpoint,100,straight,True,True,80,0.2,1.0,0.3,0,0.0,1,40,80,True,1.0,1.0,1.0,0.029629630512661403,0.42962963448630437,0.6111111187272602,48.78148128754563,0.0,0.0,0.0,45.0,42.0,45.0,1.0,5.0,5.0,5.0,0.0,1.0,0.0,45.0,0.16666666666666666,1.0,0.2500000074505806,14903.869563802084,5405.14013671875,3693.830078125,1632.7122802734375,3693.830078125,1632.7122802734375,36.29173022508621
test,dropout030_relay_failure,multi_relation,none,none,none,3,60,EA-RG-MAPPO-S,results/intercept_3d_gate1_hardened_safety_5seed_formal_candidate/runs/multi_relation/bc_ppo_seed3/actor_critic_update_0060.pt,310007,7,checkpoint,100,straight,True,True,80,0.2,1.0,0.3,0,0.0,1,40,80,True,1.0,1.0,1.0,0.028985508110212242,0.4057971077120822,0.644927543790444,46.01086946576834,0.0,0.0,0.0,46.0,43.0,46.0,1.0,6.0,6.0,6.0,0.0,1.0,0.0,46.0,0.14285714285714285,0.761904776096344,0.21428572067192622,14757.41353175951,5273.75341796875,3803.09228515625,1509.943359375,3803.09228515625,1857.1478271484375,36.40384441614151
test,dropout030_relay_failure,multi_relation,none,none,none,3,60,EA-RG-MAPPO-S,results/intercept_3d_gate1_hardened_safety_5seed_formal_candidate/runs/multi_relation/bc_ppo_seed3/actor_critic_update_0060.pt,310008,8,checkpoint,100,straight,True,True,80,0.2,1.0,0.3,0,0.0,1,40,80,True,1.0,1.0,1.0,0.028985508110212242,0.4057971070642057,0.6521739227616269,39.3442030960451,0.0,0.0,0.0,46.0,43.0,46.0,1.0,6.0,6.0,6.0,0.0,1.0,0.0,46.0,0.14285714285714285,0.7619047675813947,0.21428572067192622,14752.690270465353,5339.45556640625,3440.693603515625,2224.73291015625,3440.693603515625,2878.630615234375,36.84702077507973
test,dropout030_relay_failure,multi_relation,none,none,none,3,60,EA-RG-MAPPO-S,results/intercept_3d_gate1_hardened_safety_5seed_formal_candidate/runs/multi_relation/bc_ppo_seed3/actor_critic_update_0060.pt,310009,9,checkpoint,100,straight,True,True,80,0.2,1.0,0.3,0,0.0,1,40,80,True,1.0,1.0,1.0,0.028985508110212242,0.42028986047143524,0.5797101518382197,45.123188635901265,0.0,0.0,0.0,46.0,43.0,46.0,1.0,6.0,6.0,6.0,0.0,1.0,0.0,46.0,0.14285714285714285,0.8571428656578064,0.11904762259551457,14752.340002972147,5166.0625,3779.16455078125,1353.935302734375,3779.16455078125,1386.2130126953125,36.34199374914169
test,dropout030_relay_failure,multi_relation,none,none,none,3,60,EA-RG-MAPPO-S,results/intercept_3d_gate1_hardened_safety_5seed_formal_candidate/runs/multi_relation/bc_ppo_seed3/actor_critic_update_0060.pt,310012,12,checkpoint,100,straight,True,True,80,0.2,1.0,0.3,0,0.0,1,40,80,True,1.0,1.0,1.0,0.028985508110212242,0.42028986111931177,0.6485507326281589,38.36231895762941,0.0,0.0,0.0,46.0,43.0,46.0,1.0,6.0,6.0,6.0,0.0,1.0,0.0,46.0,0.14285714285714285,0.8095238208770752,0.21428572067192622,14725.592635444973,5199.95556640625,3602.28173828125,982.401123046875,3602.28173828125,982.401123046875,37.21789509057999
test,dropout030_relay_failure,multi_relation,none,none,none,3,60,EA-RG-MAPPO-S,results/intercept_3d_gate1_hardened_safety_5seed_formal_candidate/runs/multi_relation/bc_ppo_seed3/actor_critic_update_0060.pt,310018,18,checkpoint,100,straight,True,True,80,0.2,1.0,0.3,0,0.0,1,40,80,True,1.0,1.0,1.0,0.028985508110212242,0.42028986111931177,0.6413043562484824,38.431159757725574,0.0,0.0,0.0,46.0,43.0,46.0,1.0,6.0,6.0,6.0,0.0,1.0,0.0,46.0,0.14285714285714285,0.8571428656578064,0.23809524519102915,14755.942531419836,5395.8056640625,3781.696044921875,1673.3916015625,3781.696044921875,1673.3916015625,36.96695029735565
test,dropout030_relay_failure,multi_relation,none,none,none,3,60,EA-RG-MAPPO-S,results/intercept_3d_gate1_hardened_safety_5seed_formal_candidate/runs/multi_relation/bc_ppo_seed3/actor_critic_update_0060.pt,310021,21,checkpoint,100,straight,True,True,80,0.2,1.0,0.3,0,0.0,1,40,80,True,1.0,1.0,1.0,0.028985508110212242,0.4347826132307882,0.6884058036881945,45.844202453999415,0.0,0.0,0.0,46.0,43.0,46.0,1.0,6.0,6.0,6.0,0.0,1.0,0.0,46.0,0.14285714285714285,0.9523809552192688,0.3095238187483379,14698.926089079483,5087.52197265625,3526.306396484375,1698.930908203125,3526.306396484375,1819.8271484375,37.600240021944046
test,dropout030_relay_failure,multi_relation,none,none,none,3,60,EA-RG-MAPPO-S,results/intercept_3d_gate1_hardened_safety_5seed_formal_candidate/runs/multi_relation/bc_ppo_seed3/actor_critic_update_0060.pt,310023,23,checkpoint,100,straight,True,True,80,0.2,1.0,0.3,0,0.0,1,40,80,True,1.0,1.0,1.0,0.028985508110212242,0.42028986111931177,0.6775362413862477,44.95289854802515,0.0,0.0,0.0,46.0,43.0,46.0,1.0,6.0,6.0,6.0,0.0,1.0,0.0,46.0,0.14285714285714285,0.8095238208770752,0.28571429422923494,14716.759967306385,5229.9013671875,3898.378173828125,1194.03955078125,3898.378173828125,1194.03955078125,37.03501909971237
test,dropout030_relay_failure,multi_relation,none,none,none,3,60,EA-RG-MAPPO-S,results/intercept_3d_gate1_hardened_safety_5seed_formal_candidate/runs/multi_relation/bc_ppo_seed3/actor_critic_update_0060.pt,310025,25,checkpoint,100,straight,True,True,80,0.2,1.0,0.3,0,0.0,1,40,80,True,1.0,1.0,1.0,0.028985508110212242,0.43478261387866474,0.7028985577433006,44.04347795960696,0.0,0.0,0.0,46.0,43.0,46.0,1.0,6.0,6.0,6.0,0.0,1.0,0.0,46.0,0.14285714285714285,0.9047619104385376,0.23809524519102915,14692.728154721468,5177.86767578125,3794.734130859375,1376.9451904296875,3794.734130859375,1376.9451904296875,37.781384378671646
test,dropout030_relay_failure,multi_relation,none,none,none,3,60,EA-RG-MAPPO-S,results/intercept_3d_gate1_hardened_safety_5seed_formal_candidate/runs/multi_relation/bc_ppo_seed3/actor_critic_update_0060.pt,310030,30,checkpoint,100,straight,True,True,80,0.2,1.0,0.3,0,0.0,1,40,80,True,1.0,1.0,1.0,0.028985508110212242,0.43478261387866474,0.6920289928498475,38.40942056120738,0.0,0.0,0.0,46.0,43.0,46.0,1.0,6.0,6.0,6.0,0.0,1.0,0.0,46.0,0.14285714285714285,0.9047619104385376,0.26190476971013205,14697.589620838995,5055.74462890625,3360.6806640625,1373.5255126953125,3360.6806640625,1373.5255126953125,38.0343160033226
test,dropout030_relay_failure,multi_relation,none,none,none,3,60,EA-RG-MAPPO-S,results/intercept_3d_gate1_hardened_safety_5seed_formal_candidate/runs/multi_relation/bc_ppo_seed3/actor_critic_update_0060.pt,310033,33,checkpoint,100,straight,True,True,80,0.2,1.0,0.3,0,0.0,1,40,80,True,1.0,1.0,1.0,0.028985508110212242,0.4057971077120822,0.6449275434665058,41.304347892494306,0.0,0.0,0.0,46.0,43.0,46.0,1.0,6.0,6.0,6.0,0.0,1.0,0.0,46.0,0.14285714285714285,0.761904776096344,0.28571429422923494,14750.629596212635,5251.96337890625,3654.204833984375,1014.2376098632812,3654.204833984375,1014.2376098632812,36.745803356170654
test,dropout030_relay_failure,multi_relation,none,none,none,3,60,EA-RG-MAPPO-S,results/intercept_3d_gate1_hardened_safety_5seed_formal_candidate/runs/multi_relation/bc_ppo_seed3/actor_critic_update_0060.pt,310037,37,checkpoint,100,straight,True,True,80,0.2,1.0,0.3,0,0.0,1,40,80,True,1.0,1.0,1.0,0.028985508110212242,0.4130434847396353,0.6485507329520972,39.34420270764309,0.0,0.0,0.0,46.0,43.0,46.0,1.0,6.0,6.0,6.0,0.0,1.0,0.0,46.0,0.14285714285714285,0.8095238208770752,0.21428572067192622,14734.439973250679,5308.66552734375,3882.70166015625,1492.9942626953125,3882.70166015625,1507.0538330078125,36.85155346989632
test,dropout030_relay_failure,multi_relation,none,none,none,3,60,EA-RG-MAPPO-S,results/intercept_3d_gate1_hardened_safety_5seed_formal_candidate/runs/multi_relation/bc_ppo_seed3/actor_critic_update_0060.pt,310047,47,checkpoint,100,straight,True,True,80,0.2,1.0,0.3,0,0.0,1,40,80,True,1.0,1.0,1.0,0.028985508110212242,0.42028986047143524,0.6775362381468648,45.93478269842656,0.0,0.0,0.0,46.0,43.0,46.0,1.0,6.0,6.0,6.0,0.0,1.0,0.0,46.0,0.14285714285714285,0.8571428656578064,0.19047619615282332,14756.642461362093,5249.408203125,3867.95703125,1355.77294921875,3867.95703125,1355.77294921875,37.133126974105835
test,dropout030_relay_failure,multi_relation,none,none,none,3,60,EA-RG-MAPPO-S,results/intercept_3d_gate1_hardened_safety_5seed_formal_candidate/runs/multi_relation/bc_ppo_seed3/actor_critic_update_0060.pt,310015,15,checkpoint,100,straight,True,True,80,0.2,1.0,0.3,0,0.0,1,40,80,True,1.0,1.0,1.0,0.027210885164689044,0.4013605519216888,0.5816326594474365,44.574829774547595,0.0,0.0,0.0,49.0,46.0,49.0,1.0,9.0,9.0,9.0,0.0,1.0,0.0,49.0,0.1,0.7000000178813934,0.21666667312383653,14290.022989078443,4774.1845703125,3769.766845703125,1704.46630859375,3769.766845703125,2668.959228515625,36.718247801065445
test,dropout030_relay_failure,multi_relation,none,none,none,3,60,EA-RG-MAPPO-S,results/intercept_3d_gate1_hardened_safety_5seed_formal_candidate/runs/multi_relation/bc_ppo_seed3/actor_critic_update_0060.pt,310027,27,checkpoint,100,straight,True,True,80,0.2,1.0,0.3,0,0.0,1,40,80,True,1.0,1.0,1.0,0.015873016346068608,0.22222222624317048,0.26587301930264823,42.0515873899299,0.0,0.0,0.0,126.0,44.0,126.0,1.0,86.0,86.0,86.0,0.0,1.0,0.0,126.0,0.0,0.15000000298023225,0.05625000167638063,10435.977856832837,10103.4345703125,1877.58935546875,1217.355712890625,4551.44677734375,12355.861328125,34.26784746721387
test,dropout030_relay_failure,multi_relation,none,none,none,3,60,EA-RG-MAPPO-S,results/intercept_3d_gate1_hardened_safety_5seed_formal_candidate/runs/multi_relation/bc_ppo_seed3/actor_critic_update_0060.pt,310013,13,checkpoint,100,straight,True,True,80,0.2,1.0,0.3,0,0.0,1,40,80,True,1.0,1.0,1.0,0.013333333730697632,0.2533333386977514,0.215555559694767,50.03888843288024,0.0,0.0,0.0,150.0,44.0,150.0,1.0,110.0,110.0,110.0,0.0,1.0,0.0,150.0,0.0,0.16250000335276127,0.06458333525806666,10985.67455891927,11304.3037109375,1025.35009765625,998.2405395507812,4851.9541015625,10071.0439453125,34.59159769117832
test,dropout030_relay_failure,multi_relation,none,none,none,3,60,EA-RG-MAPPO-S,results/intercept_3d_gate1_hardened_safety_5seed_formal_candidate/runs/multi_relation/bc_ppo_seed3/actor_critic_update_0060.pt,310049,49,checkpoint,100,straight,True,True,80,0.2,1.0,0.3,0,0.0,1,40,80,True,1.0,1.0,1.0,0.008714597209606295,0.21350763007706286,0.20043573348350774,44.685185372342474,0.0,0.0,0.0,153.0,150.0,153.0,1.0,113.0,113.0,113.0,0.0,1.0,0.0,153.0,0.0,0.09583333544433117,0.06666666865348816,10776.907671760111,8675.69921875,2698.520751953125,1303.3167724609375,4333.111328125,8960.0478515625,34.85930494591594
test,dropout030_relay_failure,multi_relation,none,none,none,3,60,EA-RG-MAPPO-S,results/intercept_3d_gate1_hardened_safety_5seed_formal_candidate/runs/multi_relation/bc_ppo_seed3/actor_critic_update_0060.pt,310043,43,checkpoint,100,straight,True,True,80,0.2,1.0,0.3,0,0.0,1,40,80,True,1.0,1.0,1.0,0.05341880501080782,0.2029914569396239,0.2339743618399669,49.8803415482816,0.0,0.0,0.0,156.0,44.0,156.0,1.0,116.0,116.0,116.0,0.0,1.0,0.0,156.0,0.0,0.12500000223517418,0.05416666828095913,10236.109310834836,7613.09130859375,1508.0269775390625,1131.681884765625,1508.0269775390625,5669.9248046875,50.54846646590158
test,dropout030_relay_failure,multi_relation,none,none,none,3,60,EA-RG-MAPPO-S,results/intercept_3d_gate1_hardened_safety_5seed_formal_candidate/runs/multi_relation/bc_ppo_seed3/actor_critic_update_0060.pt,310031,31,checkpoint,100,straight,True,True,80,0.2,1.0,0.3,0,0.0,1,40,80,True,1.0,1.0,1.0,0.007843137488645666,0.30588236153125764,0.21568627874640858,54.67450980447671,0.0,0.0,0.0,170.0,167.0,170.0,1.0,130.0,130.0,130.0,0.0,1.0,0.0,170.0,0.0,0.10416666977107525,0.08750000260770321,11888.069746668198,11406.5625,1336.2764892578125,446.977294921875,1336.2764892578125,5295.7978515625,41.750051259528846
test,dropout030_relay_failure,multi_relation,none,none,none,3,60,EA-RG-MAPPO-S,results/intercept_3d_gate1_hardened_safety_5seed_formal_candidate/runs/multi_relation/bc_ppo_seed3/actor_critic_update_0060.pt,310005,5,checkpoint,100,straight,True,True,80,0.2,1.0,0.3,0,0.0,1,40,80,True,1.0,1.0,1.0,0.009208103405177923,0.2283609636251439,0.2265193410505906,45.95303850666265,0.0,0.0,0.0,181.0,177.0,181.0,1.0,141.0,141.0,141.0,0.0,1.0,0.0,181.0,0.0,0.09166666939854622,0.07291666883975267,11002.864068974448,10026.4521484375,1636.692138671875,916.03271484375,4666.27978515625,1771.336181640625,40.05844945611898
test,dropout030_relay_failure,multi_relation,none,none,none,3,60,EA-RG-MAPPO-S,results/intercept_3d_gate1_hardened_safety_5seed_formal_candidate/runs/multi_relation/bc_ppo_seed3/actor_critic_update_0060.pt,310034,34,checkpoint,100,straight,True,True,80,0.2,1.0,0.3,0,0.0,1,40,80,True,1.0,1.0,1.0,0.012750455753399375,0.27868853126718696,0.23041894738791419,55.82604726644161,0.0,0.0,0.0,183.0,42.0,183.0,1.0,143.0,143.0,143.0,0.0,1.0,0.0,183.0,0.0,0.12500000223517418,0.06875000204890966,11797.749246232497,13388.7451171875,1190.8583984375,734.0767822265625,4824.03515625,1431.8892822265625,40.47749064746313
test,dropout030_relay_failure,multi_relation,none,none,none,3,60,EA-RG-MAPPO-S,results/intercept_3d_gate1_hardened_safety_5seed_formal_candidate/runs/multi_relation/bc_ppo_seed3/actor_critic_update_0060.pt,310048,48,checkpoint,100,straight,True,True,80,0.2,1.0,0.3,0,0.0,1,40,80,True,1.0,1.0,1.0,0.0072859747162282145,0.3023679494206371,0.2258652135974071,45.882513558034034,0.0,0.0,0.0,183.0,180.0,183.0,1.0,143.0,143.0,143.0,0.0,1.0,0.0,183.0,0.0,0.10000000223517418,0.07291666883975267,10734.424157648138,8519.107421875,1324.625,991.545166015625,3569.660400390625,1514.9061279296875,45.4434153791517
test,dropout030_relay_failure,multi_relation,none,none,none,3,60,EA-RG-MAPPO-S,results/intercept_3d_gate1_hardened_safety_5seed_formal_candidate/runs/multi_relation/bc_ppo_seed3/actor_critic_update_0060.pt,310001,1,checkpoint,100,straight,True,True,80,0.2,1.0,0.3,0,0.0,1,40,80,True,1.0,1.0,1.0,0.010869565541329592,0.23369565768086392,0.21105072752613088,57.99637727860523,0.0,0.0,0.0,184.0,42.0,184.0,1.0,144.0,144.0,144.0,0.0,1.0,0.0,184.0,0.0,0.1291666693985462,0.06250000186264515,12782.094838018003,18628.74609375,1195.9818115234375,1287.048095703125,3001.109130859375,5131.9169921875,29.092814065981656
test,dropout030_relay_failure,multi_relation,none,none,none,3,60,EA-RG-MAPPO-S,results/intercept_3d_gate1_hardened_safety_5seed_formal_candidate/runs/multi_relation/bc_ppo_seed3/actor_critic_update_0060.pt,310024,24,checkpoint,100,straight,True,True,80,0.2,1.0,0.3,0,0.0,1,40,80,True,1.0,1.0,1.0,0.006980803000365252,0.28970332357895934,0.22600349425021266,58.838568427409804,0.0,0.0,0.0,191.0,188.0,191.0,1.0,151.0,151.0,151.0,0.0,1.0,0.0,191.0,0.0,0.10000000260770321,0.08125000242143869,11993.934548582705,12033.6015625,878.661376953125,710.6336669921875,4043.410888671875,3953.2431640625,40.96692423056811
test,dropout030_relay_failure,multi_relation,none,none,none,3,60,EA-RG-MAPPO-S,results/intercept_3d_gate1_hardened_safety_5seed_formal_candidate/runs/multi_relation/bc_ppo_seed3/actor_critic_update_0060.pt,310000,0,checkpoint,100,straight,True,True,80,0.2,1.0,0.3,0,0.0,1,40,80,True,1.0,1.0,1.0,0.009708738153420606,0.26860842123193646,0.21763754476910657,62.06391594609589,0.0,0.0,0.0,206.0,43.0,206.0,1.0,166.0,166.0,166.0,0.0,1.0,0.0,206.0,0.0,0.07500000186264515,0.08125000242143869,12366.525428549758,13971.9501953125,1141.272216796875,1537.869140625,4988.5517578125,5798.96435546875,39.12665509665385
test,dropout030_relay_failure,multi_relation,none,none,none,3,60,EA-RG-MAPPO-S,results/intercept_3d_gate1_hardened_safety_5seed_formal_candidate/runs/multi_relation/bc_ppo_seed3/actor_critic_update_0060.pt,310014,14,checkpoint,100,straight,True,True,80,0.2,1.0,0.3,0,0.0,1,40,80,True,1.0,1.0,1.0,0.007541478354466986,0.2790346980364614,0.21116139190229355,67.29939614047562,0.0,0.0,0.0,221.0,42.0,221.0,1.0,181.0,181.0,181.0,0.0,1.0,0.0,221.0,0.0,0.1541666705161333,0.08125000242143869,10412.210882264564,11051.8056640625,1346.7718505859375,218.26255798339844,5057.65576171875,8713.05078125,41.823749723727815
test,dropout030_relay_failure,multi_relation,none,none,none,3,60,EA-RG-MAPPO-S,results/intercept_3d_gate1_hardened_safety_5seed_formal_candidate/runs/multi_relation/bc_ppo_seed3/actor_critic_update_0060.pt,310017,17,checkpoint,100,straight,True,True,80,0.2,1.0,0.3,0,0.0,1,40,80,True,1.0,1.0,1.0,0.005979073421837503,0.24962631469350224,0.22272048255787838,66.43124020761171,0.0,0.0,0.0,223.0,220.0,223.0,1.0,183.0,183.0,183.0,0.0,1.0,0.0,223.0,0.0,0.15833333805203437,0.07916666902601718,15499.856386193245,27172.6484375,1224.73046875,966.3108520507812,4945.689453125,8616.2490234375,26.39301366987638
test,dropout030_relay_failure,multi_relation,none,none,none,3,60,EA-RG-MAPPO-S,results/intercept_3d_gate1_hardened_safety_5seed_formal_candidate/runs/multi_relation/bc_ppo_seed3/actor_critic_update_0060.pt,310002,2,checkpoint,100,straight,True,True,80,0.2,1.0,0.3,0,0.0,1,40,80,True,1.0,1.0,1.0,0.00550964203747836,0.21349862821338592,0.23415978499187912,49.469008394570885,0.0,0.0,0.0,242.0,239.0,242.0,1.0,202.0,202.0,202.0,0.0,1.0,0.0,242.0,0.0,0.11250000298023224,0.07291666883975267,13120.626398259943,16796.91015625,830.4964599609375,1467.1416015625,4394.7802734375,4250.13818359375,34.07765379571356
test,dropout030_relay_failure,multi_relation,none,none,none,3,60,EA-RG-MAPPO-S,results/intercept_3d_gate1_hardened_safety_5seed_formal_candidate/runs/multi_relation/bc_ppo_seed3/actor_critic_update_0060.pt,310010,10,checkpoint,100,straight,True,True,80,0.2,1.0,0.3,0,0.0,1,40,80,True,0.0,0.0,1.0,0.003846153960778163,0.11666667014360428,0.16794872094805424,78.16538493914099,0.0,1.0,0.0,260.0,140.0,-1.0,0.0,220.0,220.0,-1.0,0.0,0.0,1.0,-1.0,0.0,0.12083333693444728,0.06458333525806666,12029.094020432693,14584.4111328125,2202.53466796875,658.2796020507812,4770.38134765625,18242.556640625,12.328790586441755
test,dropout030_relay_failure,multi_relation,none,none,none,3,60,EA-RG-MAPPO-S,results/intercept_3d_gate1_hardened_safety_5seed_formal_candidate/runs/multi_relation/bc_ppo_seed3/actor_critic_update_0060.pt,310036,36,checkpoint,100,straight,True,True,80,0.2,1.0,0.3,0,0.0,1,40,80,True,0.0,0.0,1.0,0.0012820513202593878,0.1692307732426203,0.18076923357752653,71.90769226745917,0.0,1.0,0.0,260.0,43.0,-1.0,0.0,220.0,220.0,-1.0,0.0,0.0,1.0,-1.0,0.0,0.14583333656191827,0.07083333544433117,10639.086542217548,11874.9873046875,212.09152221679688,717.8824462890625,8826.9072265625,5143.9931640625,18.404796362970956
test,dropout030_relay_failure,multi_relation,none,none,none,3,60,EA-RG-MAPPO-S,results/intercept_3d_gate1_hardened_safety_5seed_formal_candidate/runs/multi_relation/bc_ppo_seed3/actor_critic_update_0060.pt,310042,42,checkpoint,100,straight,True,True,80,0.2,1.0,0.3,0,0.0,1,40,80,True,0.0,0.0,0.0,0.0,0.1615384654356883,0.16089743903050055,79.4243579925826,0.0,1.0,0.0,260.0,-1.0,-1.0,0.0,220.0,220.0,-1.0,0.0,0.0,1.0,-1.0,0.0,0.08750000186264514,0.05625000167638063,14694.073520132211,19440.857421875,1448.734375,1566.810302734375,5620.7587890625,17169.509765625,9.943034992087632
test,dropout030_relay_failure,multi_relation,none,none,none,3,60,EA-RG-MAPPO-S,results/intercept_3d_gate1_hardened_safety_5seed_formal_candidate/runs/multi_relation/bc_ppo_seed3/actor_critic_update_0060.pt,310053,53,checkpoint,100,straight,True,True,80,0.2,1.0,0.3,0,0.0,1,40,80,True,1.0,1.0,1.0,0.03030303120613098,0.4242424287579276,0.7121212187815796,51.678030243990094,0.0,0.0,0.0,44.0,41.0,44.0,1.0,4.0,4.0,4.0,0.0,1.0,0.0,44.0,0.2,1.0,0.3000000089406967,15114.449462890625,5687.48486328125,3794.615478515625,1529.886962890625,3794.615478515625,1529.886962890625,36.46965968608856
test,dropout030_relay_failure,multi_relation,none,none,none,3,60,EA-RG-MAPPO-S,results/intercept_3d_gate1_hardened_safety_5seed_formal_candidate/runs/multi_relation/bc_ppo_seed3/actor_critic_update_0060.pt,310058,58,checkpoint,100,straight,True,True,80,0.2,1.0,0.3,0,0.0,1,40,80,True,1.0,1.0,1.0,0.03030303120613098,0.4166666716337204,0.6666666733270342,48.837120718238026,0.0,0.0,0.0,44.0,41.0,44.0,1.0,4.0,4.0,4.0,0.0,1.0,0.0,44.0,0.2,1.0,0.1666666716337204,15139.794178355824,5802.73876953125,3762.349853515625,1572.9422607421875,3762.349853515625,1572.9422607421875,35.96857722103596
test,dropout030_relay_failure,multi_relation,none,none,none,3,60,EA-RG-MAPPO-S,results/intercept_3d_gate1_hardened_safety_5seed_formal_candidate/runs/multi_relation/bc_ppo_seed3/actor_critic_update_0060.pt,310059,59,checkpoint,100,straight,True,True,80,0.2,1.0,0.3,0,0.0,1,40,80,True,1.0,1.0,1.0,0.03030303120613098,0.40909091383218765,0.6893939457156442,42.92045451531356,0.0,0.0,0.0,44.0,41.0,44.0,1.0,4.0,4.0,4.0,0.0,1.0,0.0,44.0,0.2,1.0,0.26666667461395266,15183.112848455256,5919.99755859375,3845.010986328125,1696.3427734375,3845.010986328125,1696.3427734375,36.090571492910385
test,dropout030_relay_failure,multi_relation,none,none,none,3,60,EA-RG-MAPPO-S,results/intercept_3d_gate1_hardened_safety_5seed_formal_candidate/runs/multi_relation/bc_ppo_seed3/actor_critic_update_0060.pt,310066,66,checkpoint,100,straight,True,True,80,0.2,1.0,0.3,0,0.0,1,40,80,True,1.0,1.0,1.0,0.03030303120613098,0.4166666716337204,0.6628787944262678,40.96969697624445,0.0,0.0,0.0,44.0,41.0,44.0,1.0,4.0,4.0,4.0,0.0,1.0,0.0,44.0,0.2,1.0,0.1666666716337204,15158.90517356179,5832.82080078125,3749.452392578125,1511.84228515625,3749.452392578125,1511.84228515625,36.23770985007286
test,dropout030_relay_failure,multi_relation,none,none,none,3,60,EA-RG-MAPPO-S,results/intercept_3d_gate1_hardened_safety_5seed_formal_candidate/runs/multi_relation/bc_ppo_seed3/actor_critic_update_0060.pt,310079,79,checkpoint,100,straight,True,True,80,0.2,1.0,0.3,0,0.0,1,40,80,True,1.0,1.0,1.0,0.03030303120613098,0.4166666716337204,0.6628787957809188,48.83712100847201,0.0,0.0,0.0,44.0,41.0,44.0,1.0,4.0,4.0,4.0,0.0,1.0,0.0,44.0,0.2,1.0,0.20000000596046447,15167.865112304688,5866.07958984375,3754.322265625,1646.1251220703125,3754.322265625,1646.1251220703125,35.81132882833481
test,dropout030_relay_failure,multi_relation,none,none,none,3,60,EA-RG-MAPPO-S,results/intercept_3d_gate1_hardened_safety_5seed_formal_candidate/runs/multi_relation/bc_ppo_seed3/actor_critic_update_0060.pt,310088,88,checkpoint,100,straight,True,True,80,0.2,1.0,0.3,0,0.0,1,40,80,True,1.0,1.0,1.0,0.03030303120613098,0.39393939958377316,0.6742424307899042,44.82575763287869,0.0,0.0,0.0,44.0,41.0,44.0,1.0,4.0,4.0,4.0,0.0,1.0,0.0,44.0,0.2,0.9333333373069763,0.26666667461395266,15341.55878240412,6255.70166015625,3998.6650390625,1697.997314453125,3998.6650390625,1697.997314453125,35.452827483415604
test,dropout030_relay_failure,multi_relation,none,none,none,3,60,EA-RG-MAPPO-S,results/intercept_3d_gate1_hardened_safety_5seed_formal_candidate/runs/multi_relation/bc_ppo_seed3/actor_critic_update_0060.pt,310092,92,checkpoint,100,straight,True,True,80,0.2,1.0,0.3,0,0.0,1,40,80,True,1.0,1.0,1.0,0.03030303120613098,0.40909091383218765,0.6477272818711671,48.77651517872106,0.0,0.0,0.0,44.0,41.0,44.0,1.0,4.0,4.0,4.0,0.0,1.0,0.0,44.0,0.2,1.0,0.20000000596046447,15247.77919699929,6055.55224609375,3684.8544921875,1680.107177734375,3684.8544921875,1680.107177734375,35.35062217712402
test,dropout030_relay_failure,multi_relation,none,none,none,3,60,EA-RG-MAPPO-S,results/intercept_3d_gate1_hardened_safety_5seed_formal_candidate/runs/multi_relation/bc_ppo_seed3/actor_critic_update_0060.pt,310054,54,checkpoint,100,straight,True,True,80,0.2,1.0,0.3,0,0.0,1,40,80,True,1.0,1.0,1.0,0.029629630512661403,0.42962963448630437,0.6185185273488363,51.72592592371835,0.0,0.0,0.0,45.0,42.0,45.0,1.0,5.0,5.0,5.0,0.0,1.0,0.0,45.0,0.16666666666666666,1.0,0.2777777860562007,14950.367339409722,5498.708984375,3649.212890625,1764.7000732421875,3649.212890625,1820.8638916015625,36.138044357299805
test,dropout030_relay_failure,multi_relation,none,none,none,3,60,EA-RG-MAPPO-S,results/intercept_3d_gate1_hardened_safety_5seed_formal_candidate/runs/multi_relation/bc_ppo_seed3/actor_critic_update_0060.pt,310055,55,checkpoint,100,straight,True,True,80,0.2,1.0,0.3,0,0.0,1,40,80,True,1.0,1.0,1.0,0.029629630512661403,0.407407412926356,0.603703710436821,43.16296292046706,0.0,0.0,0.0,45.0,42.0,45.0,1.0,5.0,5.0,5.0,0.0,1.0,0.0,45.0,0.16666666666666666,0.833333338300387,0.19444445023934046,14938.037858072918,5659.97021484375,3839.444580078125,2150.046142578125,3839.444580078125,2533.06884765625,35.8455069065094
test,dropout030_relay_failure,multi_relation,none,none,none,3,60,EA-RG-MAPPO-S,results/intercept_3d_gate1_hardened_safety_5seed_formal_candidate/runs/multi_relation/bc_ppo_seed3/actor_critic_update_0060.pt,310056,56,checkpoint,100,straight,True,True,80,0.2,1.0,0.3,0,0.0,1,40,80,True,1.0,1.0,1.0,0.029629630512661403,0.42962963448630437,0.6814814892080095,44.87777806222439,0.0,0.0,0.0,45.0,42.0,45.0,1.0,5.0,5.0,5.0,0.0,1.0,0.0,45.0,0.16666666666666666,1.0,0.19444445023934046,14923.968923611112,5484.39404296875,3566.878662109375,2093.340576171875,3566.878662109375,2302.565673828125,37.04324933886528
test,dropout030_relay_failure,multi_relation,none,none,none,3,60,EA-RG-MAPPO-S,results/intercept_3d_gate1_hardened_safety_5seed_formal_candidate/runs/multi_relation/bc_ppo_seed3/actor_critic_update_0060.pt,310060,60,checkpoint,100,straight,True,True,80,0.2,1.0,0.3,0,0.0,1,40,80,True,1.0,1.0,1.0,0.029629630512661403,0.42962963448630437,0.6925925989945729,46.78888866802057,0.0,0.0,0.0,45.0,42.0,45.0,1.0,5.0,5.0,5.0,0.0,1.0,0.0,45.0,0.16666666666666666,1.0,0.2500000074505806,14936.337619357639,5504.45166015625,3789.2919921875,1784.4039306640625,3789.2919921875,1864.2664794921875,36.963769763708115
test,dropout030_relay_failure,multi_relation,none,none,none,3,60,EA-RG-MAPPO-S,results/intercept_3d_gate1_hardened_safety_5seed_formal_candidate/runs/multi_relation/bc_ppo_seed3/actor_critic_update_0060.pt,310062,62,checkpoint,100,straight,True,True,80,0.2,1.0,0.3,0,0.0,1,40,80,True,1.0,1.0,1.0,0.029629630512661403,0.42962963448630437,0.6370370450947019,45.94444449775749,0.0,0.0,0.0,45.0,42.0,45.0,1.0,5.0,5.0,5.0,0.0,1.0,0.0,45.0,0.16666666666666666,1.0,0.19444445023934046,14894.602398003472,5326.58203125,3394.618408203125,1424.7567138671875,3394.618408203125,1424.7567138671875,36.66732716560364
test,dropout030_relay_failure,multi_relation,none,none,none,3,60,EA-RG-MAPPO-S,results/intercept_3d_gate1_hardened_safety_5seed_formal_candidate/runs/multi_relation/bc_ppo_seed3/actor_critic_update_0060.pt,310065,65,checkpoint,100,straight,True,True,80,0.2,1.0,0.3,0,0.0,1,40,80,True,1.0,1.0,1.0,0.029629630512661403,0.4148148198922475,0.6740740825732549,43.007407119539046,0.0,0.0,0.0,45.0,42.0,45.0,1.0,5.0,5.0,5.0,0.0,1.0,0.0,45.0,0.16666666666666666,0.833333338300387,0.3055555646618207,14932.87587890625,5641.39599609375,3732.5341796875,2426.788330078125,3732.5341796875,2426.788330078125,36.62824270129204
test,dropout030_relay_failure,multi_relation,none,none,none,3,60,EA-RG-MAPPO-S,results/intercept_3d_gate1_hardened_safety_5seed_formal_candidate/runs/multi_relation/bc_ppo_seed3/actor_critic_update_0060.pt,310075,75,checkpoint,100,straight,True,True,80,0.2,1.0,0.3,0,0.0,1,40,80,True,1.0,1.0,1.0,0.029629630512661403,0.42962963448630437,0.66296297079987,46.86666675739818,0.0,0.0,0.0,45.0,42.0,45.0,1.0,5.0,5.0,5.0,0.0,1.0,0.0,45.0,0.16666666666666666,1.0,0.2500000074505806,14928.124446614584,5493.47216796875,3863.277099609375,1538.2247314453125,3863.277099609375,1554.5693359375,36.767864137887955
test,dropout030_relay_failure,multi_relation,none,none,none,3,60,EA-RG-MAPPO-S,results/intercept_3d_gate1_hardened_safety_5seed_formal_candidate/runs/multi_relation/bc_ppo_seed3/actor_critic_update_0060.pt,310084,84,checkpoint,100,straight,True,True,80,0.2,1.0,0.3,0,0.0,1,40,80,True,1.0,1.0,1.0,0.029629630512661403,0.42962963448630437,0.6074074152443144,42.18518526686562,0.0,0.0,0.0,45.0,42.0,45.0,1.0,5.0,5.0,5.0,0.0,1.0,0.0,45.0,0.16666666666666666,1.0,0.1666666716337204,14919.04404296875,5481.78466796875,3644.635498046875,1711.05322265625,3644.635498046875,1842.0689697265625,36.51430860161781
test,dropout030_relay_failure,multi_relation,none,none,none,3,60,EA-RG-MAPPO-S,results/intercept_3d_gate1_hardened_safety_5seed_formal_candidate/runs/multi_relation/bc_ppo_seed3/actor_critic_update_0060.pt,310091,91,checkpoint,100,straight,True,True,80,0.2,1.0,0.3,0,0.0,1,40,80,True,1.0,1.0,1.0,0.029629630512661403,0.42962963448630437,0.6333333412806194,47.07037053472466,0.0,0.0,0.0,45.0,42.0,45.0,1.0,5.0,5.0,5.0,0.0,1.0,0.0,45.0,0.16666666666666666,1.0,0.1666666716337204,14938.124739583332,5479.85302734375,3813.77197265625,1415.2574462890625,3813.77197265625,1415.2574462890625,36.54062831401825
test,dropout030_relay_failure,multi_relation,none,none,none,3,60,EA-RG-MAPPO-S,results/intercept_3d_gate1_hardened_safety_5seed_formal_candidate/runs/multi_relation/bc_ppo_seed3/actor_critic_update_0060.pt,310093,93,checkpoint,100,straight,True,True,80,0.2,1.0,0.3,0,0.0,1,40,80,True,1.0,1.0,1.0,0.029629630512661403,0.42962963448630437,0.6444444523917304,41.23333350486226,0.0,0.0,0.0,45.0,42.0,45.0,1.0,5.0,5.0,5.0,0.0,1.0,0.0,45.0,0.16666666666666666,1.0,0.22222222884496054,14925.876410590277,5476.09326171875,3684.827880859375,1686.35546875,3684.827880859375,1806.3033447265625,36.900818914175034
test,dropout030_relay_failure,multi_relation,none,none,none,3,60,EA-RG-MAPPO-S,results/intercept_3d_gate1_hardened_safety_5seed_formal_candidate/runs/multi_relation/bc_ppo_seed3/actor_critic_update_0060.pt,310099,99,checkpoint,100,straight,True,True,80,0.2,1.0,0.3,0,0.0,1,40,80,True,1.0,1.0,1.0,0.029629630512661403,0.4222222275204129,0.7037037124236425,42.94444450570477,0.0,0.0,0.0,45.0,42.0,45.0,1.0,5.0,5.0,5.0,0.0,1.0,0.0,45.0,0.16666666666666666,0.8888888955116272,0.2777777860562007,14925.363802083333,5480.9375,3764.399169921875,1197.50390625,3764.399169921875,1197.50390625,37.15265566110611
test,dropout030_relay_failure,multi_relation,none,none,none,3,60,EA-RG-MAPPO-S,results/intercept_3d_gate1_hardened_safety_5seed_formal_candidate/runs/multi_relation/bc_ppo_seed3/actor_critic_update_0060.pt,310063,63,checkpoint,100,straight,True,True,80,0.2,1.0,0.3,0,0.0,1,40,80,True,1.0,1.0,1.0,0.028985508110212242,0.42028986047143524,0.6449275454101355,43.14492765457734,0.0,0.0,0.0,46.0,43.0,46.0,1.0,6.0,6.0,6.0,0.0,1.0,0.0,46.0,0.14285714285714285,0.8571428656578064,0.26190476971013205,14687.107963230299,5068.85009765625,3531.922607421875,1080.80029296875,3531.922607421875,1080.80029296875,36.931921899318695
test,dropout030_relay_failure,multi_relation,none,none,none,3,60,EA-RG-MAPPO-S,results/intercept_3d_gate1_hardened_safety_5seed_formal_candidate/runs/multi_relation/bc_ppo_seed3/actor_critic_update_0060.pt,310067,67,checkpoint,100,straight,True,True,80,0.2,1.0,0.3,0,0.0,1,40,80,True,1.0,1.0,1.0,0.028985508110212242,0.41304348409175873,0.6775362400904946,40.22101455052262,0.0,0.0,0.0,46.0,43.0,46.0,1.0,6.0,6.0,6.0,0.0,1.0,0.0,46.0,0.14285714285714285,0.8095238166196006,0.21428572067192622,14758.278415845789,5452.33642578125,3942.881103515625,1351.386962890625,3942.881103515625,1359.974365234375,37.040873408317566
test,dropout030_relay_failure,multi_relation,none,none,none,3,60,EA-RG-MAPPO-S,results/intercept_3d_gate1_hardened_safety_5seed_formal_candidate/runs/multi_relation/bc_ppo_seed3/actor_critic_update_0060.pt,310068,68,checkpoint,100,straight,True,True,80,0.2,1.0,0.3,0,0.0,1,40,80,True,1.0,1.0,1.0,0.028985508110212242,0.43478261387866474,0.6920289934977241,42.16304380738217,0.0,0.0,0.0,46.0,43.0,46.0,1.0,6.0,6.0,6.0,0.0,1.0,0.0,46.0,0.14285714285714285,0.9047619104385376,0.26190476971013205,14706.719015370245,5067.3564453125,3482.7099609375,1161.1231689453125,3482.7099609375,1161.1231689453125,37.84369367361069
test,dropout030_relay_failure,multi_relation,none,none,none,3,60,EA-RG-MAPPO-S,results/intercept_3d_gate1_hardened_safety_5seed_formal_candidate/runs/multi_relation/bc_ppo_seed3/actor_critic_update_0060.pt,310071,71,checkpoint,100,straight,True,True,80,0.2,1.0,0.3,0,0.0,1,40,80,True,1.0,1.0,1.0,0.028985508110212242,0.4347826132307882,0.6231884136795998,44.12681154194085,0.0,0.0,0.0,46.0,43.0,46.0,1.0,6.0,6.0,6.0,0.0,1.0,0.0,46.0,0.14285714285714285,0.9523809552192688,0.21428572067192622,14677.533574643343,5110.22509765625,3673.896240234375,1489.744140625,3673.896240234375,1489.744140625,37.143996834754944
test,dropout030_relay_failure,multi_relation,none,none,none,3,60,EA-RG-MAPPO-S,results/intercept_3d_gate1_hardened_safety_5seed_formal_candidate/runs/multi_relation/bc_ppo_seed3/actor_critic_update_0060.pt,310073,73,checkpoint,100,straight,True,True,80,0.2,1.0,0.3,0,0.0,1,40,80,True,1.0,1.0,1.0,0.028985508110212242,0.42028985982355865,0.6702898620911266,42.28260846695174,0.0,0.0,0.0,46.0,43.0,46.0,1.0,6.0,6.0,6.0,0.0,1.0,0.0,46.0,0.14285714285714285,0.8571428614003318,0.23809524519102915,14729.434517238451,5268.02783203125,3952.59375,1376.2462158203125,3952.59375,1376.2462158203125,37.14648085832596
test,dropout030_relay_failure,multi_relation,none,none,none,3,60,EA-RG-MAPPO-S,results/intercept_3d_gate1_hardened_safety_5seed_formal_candidate/runs/multi_relation/bc_ppo_seed3/actor_critic_update_0060.pt,310074,74,checkpoint,100,straight,True,True,80,0.2,1.0,0.3,0,0.0,1,40,80,True,1.0,1.0,1.0,0.028985508110212242,0.41304348409175873,0.6630434870072033,44.938405744083546,0.0,0.0,0.0,46.0,43.0,46.0,1.0,6.0,6.0,6.0,0.0,1.0,0.0,46.0,0.14285714285714285,0.8095238208770752,0.26190476971013205,14756.662257982336,5169.61474609375,3750.371826171875,1496.080322265625,3750.371826171875,1568.337890625,36.870117634534836
test,dropout030_relay_failure,multi_relation,none,none,none,3,60,EA-RG-MAPPO-S,results/intercept_3d_gate1_hardened_safety_5seed_formal_candidate/runs/multi_relation/bc_ppo_seed3/actor_critic_update_0060.pt,310080,80,checkpoint,100,straight,True,True,80,0.2,1.0,0.3,0,0.0,1,40,80,True,1.0,1.0,1.0,0.028985508110212242,0.43478261387866474,0.637681166762891,43.13043456233066,0.0,0.0,0.0,46.0,43.0,46.0,1.0,6.0,6.0,6.0,0.0,1.0,0.0,46.0,0.14285714285714285,0.9047619104385376,0.21428572067192622,14703.073486328125,5099.16455078125,3400.8408203125,1601.72607421875,3400.8408203125,1601.72607421875,37.308668166399
test,dropout030_relay_failure,multi_relation,none,none,none,3,60,EA-RG-MAPPO-S,results/intercept_3d_gate1_hardened_safety_5seed_formal_candidate/runs/multi_relation/bc_ppo_seed3/actor_critic_update_0060.pt,310087,87,checkpoint,100,straight,True,True,80,0.2,1.0,0.3,0,0.0,1,40,80,True,1.0,1.0,1.0,0.028985508110212242,0.41304348409175873,0.6884058040121327,43.9963769339349,0.0,0.0,0.0,46.0,43.0,46.0,1.0,6.0,6.0,6.0,0.0,1.0,0.0,46.0,0.14285714285714285,0.8095238208770752,0.14285714711461747,14738.65571925951,5286.83154296875,3786.869140625,1692.1612548828125,3786.869140625,1692.1612548828125,37.03995856642723
test,dropout030_relay_failure,multi_relation,none,none,none,3,60,EA-RG-MAPPO-S,results/intercept_3d_gate1_hardened_safety_5seed_formal_candidate/runs/multi_relation/bc_ppo_seed3/actor_critic_update_0060.pt,310089,89,checkpoint,100,straight,True,True,80,0.2,1.0,0.3,0,0.0,1,40,80,True,1.0,1.0,1.0,0.028985508110212242,0.4130434847396353,0.630434792002906,41.351449688167676,0.0,0.0,0.0,46.0,43.0,46.0,1.0,6.0,6.0,6.0,0.0,1.0,0.0,46.0,0.14285714285714285,0.8095238208770752,0.23809524519102915,14726.600872537365,5219.37451171875,3798.737060546875,1765.0924072265625,3798.737060546875,1766.949951171875,36.66898015141487
test,dropout030_relay_failure,multi_relation,none,none,none,3,60,EA-RG-MAPPO-S,results/intercept_3d_gate1_hardened_safety_5seed_formal_candidate/runs/multi_relation/bc_ppo_seed3/actor_critic_update_0060.pt,310090,90,checkpoint,100,straight,True,True,80,0.2,1.0,0.3,0,0.0,1,40,80,True,1.0,1.0,1.0,0.028985508110212242,0.43478261387866474,0.6594202988173651,42.188405749266565,0.0,0.0,0.0,46.0,43.0,46.0,1.0,6.0,6.0,6.0,0.0,1.0,0.0,46.0,0.14285714285714285,0.9523809552192688,0.21428572067192622,14721.262896993885,5105.64404296875,3440.572998046875,1923.1461181640625,3440.572998046875,2164.737060546875,37.59672859311104
test,dropout030_relay_failure,multi_relation,none,none,none,3,60,EA-RG-MAPPO-S,results/intercept_3d_gate1_hardened_safety_5seed_formal_candidate/runs/multi_relation/bc_ppo_seed3/actor_critic_update_0060.pt,310094,94,checkpoint,100,straight,True,True,80,0.2,1.0,0.3,0,0.0,1,40,80,True,1.0,1.0,1.0,0.028985508110212242,0.43478261387866474,0.648550731656344,42.177536455509454,0.0,0.0,0.0,46.0,43.0,46.0,1.0,6.0,6.0,6.0,0.0,1.0,0.0,46.0,0.14285714285714285,0.9523809552192688,0.19047619615282332,14737.485107421875,5270.84228515625,3797.3505859375,1336.3115234375,3797.3505859375,1336.3115234375,37.43399003148079
test,dropout030_relay_failure,multi_relation,none,none,none,3,60,EA-RG-MAPPO-S,results/intercept_3d_gate1_hardened_safety_5seed_formal_candidate/runs/multi_relation/bc_ppo_seed3/actor_critic_update_0060.pt,310096,96,checkpoint,100,straight,True,True,80,0.2,1.0,0.3,0,0.0,1,40,80,True,1.0,1.0,1.0,0.028985508110212242,0.4347826132307882,0.6739130506049031,46.807971016544364,0.0,0.0,0.0,46.0,43.0,46.0,1.0,6.0,6.0,6.0,0.0,1.0,0.0,46.0,0.14285714285714285,0.9523809552192688,0.21428572067192622,14689.701065726902,5064.08642578125,3551.56103515625,1655.9058837890625,3551.56103515625,1717.0587158203125,37.43274435400963
test,dropout030_relay_failure,multi_relation,none,none,none,3,60,EA-RG-MAPPO-S,results/intercept_3d_gate1_hardened_safety_5seed_formal_candidate/runs/multi_relation/bc_ppo_seed3/actor_critic_update_0060.pt,310098,98,checkpoint,100,straight,True,True,80,0.2,1.0,0.3,0,0.0,1,40,80,True,1.0,1.0,1.0,0.028985508110212242,0.42028986111931177,0.6702898614432501,41.17028991165368,0.0,0.0,0.0,46.0,43.0,46.0,1.0,6.0,6.0,6.0,0.0,1.0,0.0,46.0,0.14285714285714285,0.8095238208770752,0.19047619615282332,14723.925377887228,5160.1357421875,3724.139892578125,1616.8681640625,3724.139892578125,1767.921142578125,37.271702617406845
test,dropout030_relay_failure,multi_relation,none,none,none,3,60,EA-RG-MAPPO-S,results/intercept_3d_gate1_hardened_safety_5seed_formal_candidate/runs/multi_relation/bc_ppo_seed3/actor_critic_update_0060.pt,310050,50,checkpoint,100,straight,True,True,80,0.2,1.0,0.3,0,0.0,1,40,80,True,1.0,1.0,1.0,0.02836879517169709,0.39007092853809927,0.6170212854730323,44.19503521221749,0.0,0.0,0.0,47.0,44.0,47.0,1.0,7.0,7.0,7.0,0.0,1.0,0.0,47.0,0.125,0.6250000149011612,0.22916667349636555,14611.729845412234,5183.23193359375,3461.28125,1270.27734375,3461.28125,1270.27734375,36.32634711265564
test,dropout030_relay_failure,multi_relation,none,none,none,3,60,EA-RG-MAPPO-S,results/intercept_3d_gate1_hardened_safety_5seed_formal_candidate/runs/multi_relation/bc_ppo_seed3/actor_critic_update_0060.pt,310061,61,checkpoint,100,straight,True,True,80,0.2,1.0,0.3,0,0.0,1,40,80,True,1.0,1.0,1.0,0.02836879517169709,0.4113475242827801,0.6241134826807265,42.31560287957496,0.0,0.0,0.0,47.0,44.0,47.0,1.0,7.0,7.0,7.0,0.0,1.0,0.0,47.0,0.125,0.7500000149011612,0.2083333395421505,14566.011677194148,4973.10595703125,3573.8642578125,1471.606689453125,3573.8642578125,1907.412109375,36.89430069923401
test,dropout030_relay_failure,multi_relation,none,none,none,3,60,EA-RG-MAPPO-S,results/intercept_3d_gate1_hardened_safety_5seed_formal_candidate/runs/multi_relation/bc_ppo_seed3/actor_critic_update_0060.pt,310072,72,checkpoint,100,straight,True,True,80,0.2,1.0,0.3,0,0.0,1,40,80,True,1.0,1.0,1.0,0.02836879517169709,0.4113475242827801,0.6524822791206076,40.460992743994325,0.0,0.0,0.0,47.0,44.0,47.0,1.0,7.0,7.0,7.0,0.0,1.0,0.0,47.0,0.125,0.7500000149011612,0.2916666753590107,14533.923090508644,4887.58251953125,3454.517333984375,1522.41357421875,3454.517333984375,1817.5567626953125,37.35496482253075
test,dropout030_relay_failure,multi_relation,none,none,none,3,60,EA-RG-MAPPO-S,results/intercept_3d_gate1_hardened_safety_5seed_formal_candidate/runs/multi_relation/bc_ppo_seed3/actor_critic_update_0060.pt,310051,51,checkpoint,100,straight,True,True,80,0.2,1.0,0.3,0,0.0,1,40,80,True,1.0,1.0,1.0,0.027777778605620067,0.40277778543531895,0.6597222303971648,41.60416659185042,0.0,0.0,0.0,48.0,45.0,48.0,1.0,8.0,8.0,8.0,0.0,1.0,0.0,48.0,0.1111111111111111,0.7037037213643392,0.20370370977454716,14475.645385742188,5101.61767578125,3743.6484375,1255.137939453125,3743.6484375,1765.992431640625,37.1977636218071
test,dropout030_relay_failure,multi_relation,none,none,none,3,60,EA-RG-MAPPO-S,results/intercept_3d_gate1_hardened_safety_5seed_formal_candidate/runs/multi_relation/bc_ppo_seed3/actor_critic_update_0060.pt,310081,81,checkpoint,100,straight,True,True,80,0.2,1.0,0.3,0,0.0,1,40,80,True,1.0,1.0,1.0,0.008830022338210352,0.22516556824279937,0.2152317912373322,50.17549673137286,0.0,0.0,0.0,151.0,148.0,151.0,1.0,111.0,111.0,111.0,0.0,1.0,0.0,151.0,0.0,0.11250000298023224,0.06250000186264515,11488.806734400869,12300.5595703125,2541.578125,676.9747924804688,4155.38330078125,8410.4013671875,31.13147733360529
test,dropout030_relay_failure,multi_relation,none,none,none,3,60,EA-RG-MAPPO-S,results/intercept_3d_gate1_hardened_safety_5seed_formal_candidate/runs/multi_relation/bc_ppo_seed3/actor_critic_update_0060.pt,310095,95,checkpoint,100,straight,True,True,80,0.2,1.0,0.3,0,0.0,1,40,80,True,1.0,1.0,1.0,0.008714597209606295,0.22004357856862686,0.224400875322959,43.27559919382622,0.0,0.0,0.0,153.0,150.0,153.0,1.0,113.0,113.0,113.0,0.0,1.0,0.0,153.0,0.0,0.12083333693444728,0.06875000204890966,10885.886969273386,9129.5625,2397.99072265625,1014.81298828125,4779.6298828125,9604.2197265625,34.49706487520598
test,dropout030_relay_failure,multi_relation,none,none,none,3,60,EA-RG-MAPPO-S,results/intercept_3d_gate1_hardened_safety_5seed_formal_candidate/runs/multi_relation/bc_ppo_seed3/actor_critic_update_0060.pt,310064,64,checkpoint,100,straight,True,True,80,0.2,1.0,0.3,0,0.0,1,40,80,True,1.0,1.0,1.0,0.010822511145046778,0.318181825535638,0.22294372687866162,45.58116880136651,0.0,0.0,0.0,154.0,43.0,154.0,1.0,114.0,114.0,114.0,0.0,1.0,0.0,154.0,0.0,0.15416666977107524,0.06666666865348816,10617.76188203886,8657.970703125,2265.14501953125,877.887451171875,4749.04638671875,9311.7392578125,43.57985693728551
test,dropout030_relay_failure,multi_relation,none,none,none,3,60,EA-RG-MAPPO-S,results/intercept_3d_gate1_hardened_safety_5seed_formal_candidate/runs/multi_relation/bc_ppo_seed3/actor_critic_update_0060.pt,310082,82,checkpoint,100,straight,True,True,80,0.2,1.0,0.3,0,0.0,1,40,80,True,1.0,1.0,1.0,0.030107527778994652,0.19354839094223514,0.20645161597959458,50.27526869100909,0.0,0.0,0.0,155.0,138.0,155.0,1.0,115.0,115.0,115.0,0.0,1.0,0.0,155.0,0.0,0.08750000111758709,0.05625000167638063,10495.339535030242,7706.47265625,2477.7392578125,710.38720703125,2970.4169921875,7286.462890625,41.46329719386995
test,dropout030_relay_failure,multi_relation,none,none,none,3,60,EA-RG-MAPPO-S,results/intercept_3d_gate1_hardened_safety_5seed_formal_candidate/runs/multi_relation/bc_ppo_seed3/actor_critic_update_0060.pt,310052,52,checkpoint,100,straight,True,True,80,0.2,1.0,0.3,0,0.0,1,40,80,True,1.0,1.0,1.0,0.01495726540302619,0.2542735097499994,0.2329059861218318,45.125000017002606,0.0,0.0,0.0,156.0,43.0,156.0,1.0,116.0,116.0,116.0,0.0,1.0,0.0,156.0,0.0,0.13750000223517417,0.06875000204890966,10637.24532376803,8565.2158203125,1786.687744140625,764.5428466796875,4765.99658203125,9409.71484375,39.9711424773559
test,dropout030_relay_failure,multi_relation,none,none,none,3,60,EA-RG-MAPPO-S,results/intercept_3d_gate1_hardened_safety_5seed_formal_candidate/runs/multi_relation/bc_ppo_seed3/actor_critic_update_0060.pt,310077,77,checkpoint,100,straight,True,True,80,0.2,1.0,0.3,0,0.0,1,40,80,True,1.0,1.0,1.0,0.00854700880172925,0.2991453074874022,0.22222222588383234,49.932692324217314,0.0,0.0,0.0,156.0,153.0,156.0,1.0,116.0,116.0,116.0,0.0,1.0,0.0,156.0,0.0,0.1250000037252903,0.07083333544433117,11705.367337740385,12313.4091796875,1384.104736328125,808.9623413085938,1384.104736328125,5738.74365234375,39.08528147358447
test,dropout030_relay_failure,multi_relation,none,none,none,3,60,EA-RG-MAPPO-S,results/intercept_3d_gate1_hardened_safety_5seed_formal_candidate/runs/multi_relation/bc_ppo_seed3/actor_critic_update_0060.pt,310069,69,checkpoint,100,straight,True,True,80,0.2,1.0,0.3,0,0.0,1,40,80,True,1.0,1.0,1.0,0.008438818816897235,0.24050633514983744,0.23101266200029397,45.85337531670362,0.0,0.0,0.0,158.0,155.0,158.0,1.0,118.0,118.0,118.0,0.0,1.0,0.0,158.0,0.0,0.10833333656191826,0.08125000242143869,10756.043565194817,8685.6962890625,2543.0693359375,966.4408569335938,4750.31787109375,9423.337890625,37.09384124726057
test,dropout030_relay_failure,multi_relation,none,none,none,3,60,EA-RG-MAPPO-S,results/intercept_3d_gate1_hardened_safety_5seed_formal_candidate/runs/multi_relation/bc_ppo_seed3/actor_critic_update_0060.pt,310057,57,checkpoint,100,straight,True,True,80,0.2,1.0,0.3,0,0.0,1,40,80,True,1.0,1.0,1.0,0.012269939015979416,0.24130879881923184,0.2259713733123124,46.2607365490103,0.0,0.0,0.0,163.0,43.0,163.0,1.0,123.0,123.0,123.0,0.0,1.0,0.0,163.0,0.0,0.1375000026077032,0.07291666883975267,10772.987562308283,9107.8134765625,2363.711669921875,1241.378662109375,4724.18212890625,9088.37890625,37.38304590433836
test,dropout030_relay_failure,multi_relation,none,none,none,3,60,EA-RG-MAPPO-S,results/intercept_3d_gate1_hardened_safety_5seed_formal_candidate/runs/multi_relation/bc_ppo_seed3/actor_critic_update_0060.pt,310097,97,checkpoint,100,straight,True,True,80,0.2,1.0,0.3,0,0.0,1,40,80,True,1.0,1.0,1.0,0.011428571769169399,0.29904762642724175,0.22571428894996642,55.32000039006982,0.0,0.0,0.0,175.0,42.0,175.0,1.0,135.0,135.0,135.0,0.0,1.0,0.0,175.0,0.0,0.1208333358168602,0.06041666846722364,12153.524467075893,15893.25,418.0542297363281,1386.2314453125,2254.49658203125,4183.43115234375,38.34026304911822
test,dropout030_relay_failure,multi_relation,none,none,none,3,60,EA-RG-MAPPO-S,results/intercept_3d_gate1_hardened_safety_5seed_formal_candidate/runs/multi_relation/bc_ppo_seed3/actor_critic_update_0060.pt,310070,70,checkpoint,100,straight,True,True,80,0.2,1.0,0.3,0,0.0,1,40,80,True,1.0,1.0,1.0,0.0084033615949775,0.24649860565902806,0.20028011632316253,69.79411751107007,0.0,0.0,0.0,238.0,42.0,238.0,1.0,198.0,198.0,198.0,0.0,1.0,0.0,238.0,0.0,0.14166666977107525,0.07708333563059569,17080.231269900538,33063.8125,1163.1822509765625,1359.885498046875,4715.07568359375,14898.6162109375,21.67748382128775
test,dropout030_relay_failure,multi_relation,none,none,none,3,60,EA-RG-MAPPO-S,results/intercept_3d_gate1_hardened_safety_5seed_formal_candidate/runs/multi_relation/bc_ppo_seed3/actor_critic_update_0060.pt,310076,76,checkpoint,100,straight,True,True,80,0.2,1.0,0.3,0,0.0,1,40,80,True,0.0,0.0,1.0,0.005128205281037551,0.1487179521184701,0.16987179764188254,78.5096157433895,0.0,1.0,0.0,260.0,43.0,-1.0,0.0,220.0,220.0,-1.0,0.0,0.0,1.0,-1.0,0.0,0.11250000223517417,0.07291666883975267,11347.880321326622,14712.0927734375,2465.645751953125,793.2988891601562,4546.6748046875,18065.416015625,15.63619737047702
test,dropout030_relay_failure,multi_relation,none,none,none,3,60,EA-RG-MAPPO-S,results/intercept_3d_gate1_hardened_safety_5seed_formal_candidate/runs/multi_relation/bc_ppo_seed3/actor_critic_update_0060.pt,310078,78,checkpoint,100,straight,True,True,80,0.2,1.0,0.3,0,0.0,1,40,80,True,0.0,0.0,1.0,0.003846153960778163,0.13846154121252208,0.1269230791582511,96.21217944845557,0.0,1.0,0.0,260.0,42.0,-1.0,0.0,220.0,220.0,-1.0,0.0,0.0,1.0,-1.0,0.0,0.09583333432674408,0.07291666883975267,11307.951867675782,15991.0419921875,2229.9091796875,751.3097534179688,6590.29833984375,13122.0859375,10.363442023284733
test,dropout030_relay_failure,multi_relation,none,none,none,3,60,EA-RG-MAPPO-S,results/intercept_3d_gate1_hardened_safety_5seed_formal_candidate/runs/multi_relation/bc_ppo_seed3/actor_critic_update_0060.pt,310083,83,checkpoint,100,straight,True,True,80,0.2,1.0,0.3,0,0.0,1,40,80,True,0.0,0.0,1.0,0.0025641026405187756,0.13717948989226267,0.1397435915011626,96.20833330928133,0.0,1.0,0.0,260.0,43.0,-1.0,0.0,220.0,220.0,-1.0,0.0,0.0,1.0,-1.0,0.0,0.17500000335276128,0.07500000223517418,14129.377489295373,23810.7578125,372.3823547363281,812.4253540039062,4651.62158203125,16803.578125,4.450579021940939
test,dropout030_relay_failure,multi_relation,none,none,none,3,60,EA-RG-MAPPO-S,results/intercept_3d_gate1_hardened_safety_5seed_formal_candidate/runs/multi_relation/bc_ppo_seed3/actor_critic_update_0060.pt,310085,85,checkpoint,100,straight,True,True,80,0.2,1.0,0.3,0,0.0,1,40,80,True,0.0,0.0,0.0,0.0,0.20128205693685092,0.169230772039065,77.94166607558728,0.0,1.0,0.0,260.0,-1.0,-1.0,0.0,220.0,220.0,-1.0,0.0,0.0,1.0,-1.0,0.0,0.09166666939854622,0.07291666883975267,13898.08122652494,17314.580078125,390.58154296875,1057.831298828125,5619.92724609375,18266.533203125,19.635236904025078
test,dropout030_relay_failure,multi_relation,none,none,none,3,60,EA-RG-MAPPO-S,results/intercept_3d_gate1_hardened_safety_5seed_formal_candidate/runs/multi_relation/bc_ppo_seed3/actor_critic_update_0060.pt,310086,86,checkpoint,100,straight,True,True,80,0.2,1.0,0.3,0,0.0,1,40,80,True,0.0,0.0,0.0,0.0,0.08461538622012506,0.18333333736428847,75.24423007902044,0.0,1.0,0.0,260.0,-1.0,-1.0,0.0,220.0,220.0,-1.0,0.0,0.0,1.0,-1.0,0.0,0.07083333469927311,0.06666666865348816,9276.16423433744,11068.6806640625,572.2158813476562,409.79913330078125,7241.57861328125,9150.70703125,9.958062670193613
test,dropout030_relay_failure,multi_relation,none,none,none,4,60,EA-RG-MAPPO-S,results/intercept_3d_gate1_hardened_safety_5seed_formal_candidate/runs/multi_relation/bc_ppo_seed4/actor_critic_update_0060.pt,310001,1,checkpoint,100,straight,True,True,80,0.2,1.0,0.3,0,0.0,1,40,80,True,1.0,1.0,1.0,0.03030303120613098,0.3939394002610987,0.7045454606413841,42.86742424287579,0.0,0.0,0.0,44.0,41.0,44.0,1.0,4.0,4.0,4.0,0.0,1.0,0.0,44.0,0.2,0.7333333492279053,0.23333334028720856,15182.570601029829,6068.15771484375,3591.150390625,281.8502197265625,3591.150390625,281.8502197265625,35.60125094652176
test,dropout030_relay_failure,multi_relation,none,none,none,4,60,EA-RG-MAPPO-S,results/intercept_3d_gate1_hardened_safety_5seed_formal_candidate/runs/multi_relation/bc_ppo_seed4/actor_critic_update_0060.pt,310002,2,checkpoint,100,straight,True,True,80,0.2,1.0,0.3,0,0.0,1,40,80,True,1.0,1.0,1.0,0.03030303120613098,0.4090909145095132,0.6856060678308661,37.00757563859224,0.0,0.0,0.0,44.0,41.0,44.0,1.0,4.0,4.0,4.0,0.0,1.0,0.0,44.0,0.2,0.9333333373069763,0.20000000596046447,15311.785810990767,6296.38525390625,3701.61328125,579.191650390625,3701.61328125,579.191650390625,36.03181755542755
test,dropout030_relay_failure,multi_relation,none,none,none,4,60,EA-RG-MAPPO-S,results/intercept_3d_gate1_hardened_safety_5seed_formal_candidate/runs/multi_relation/bc_ppo_seed4/actor_critic_update_0060.pt,310004,4,checkpoint,100,straight,True,True,80,0.2,1.0,0.3,0,0.0,1,40,80,True,1.0,1.0,1.0,0.03030303120613098,0.37878788533535873,0.6666666760363362,39.018939426676795,0.0,0.0,0.0,44.0,41.0,44.0,1.0,4.0,4.0,4.0,0.0,1.0,0.0,44.0,0.2,0.6666666865348816,0.20000000596046447,15220.524658203125,6218.84716796875,3695.04052734375,369.53948974609375,3695.04052734375,369.53948974609375,34.962309807538986
test,dropout030_relay_failure,multi_relation,none,none,none,4,60,EA-RG-MAPPO-S,results/intercept_3d_gate1_hardened_safety_5seed_formal_candidate/runs/multi_relation/bc_ppo_seed4/actor_critic_update_0060.pt,310011,11,checkpoint,100,straight,True,True,80,0.2,1.0,0.3,0,0.0,1,40,80,True,1.0,1.0,1.0,0.03030303120613098,0.3863636431368915,0.6628787940876051,37.962121331556276,0.0,0.0,0.0,44.0,41.0,44.0,1.0,4.0,4.0,4.0,0.0,1.0,0.0,44.0,0.2,0.6666666865348816,0.1666666716337204,15205.246570933949,6183.28173828125,3635.03466796875,468.3077697753906,3635.03466796875,468.3077697753906,35.20297431945801
test,dropout030_relay_failure,multi_relation,none,none,none,4,60,EA-RG-MAPPO-S,results/intercept_3d_gate1_hardened_safety_5seed_formal_candidate/runs/multi_relation/bc_ppo_seed4/actor_critic_update_0060.pt,310014,14,checkpoint,100,straight,True,True,80,0.2,1.0,0.3,0,0.0,1,40,80,True,1.0,1.0,1.0,0.03030303120613098,0.38636364245956595,0.655303037979386,38.99242422154004,0.0,0.0,0.0,44.0,41.0,44.0,1.0,4.0,4.0,4.0,0.0,1.0,0.0,44.0,0.2,0.800000011920929,0.26666667461395266,15208.757668235085,6119.17138671875,3534.6279296875,767.73291015625,3534.6279296875,767.73291015625,35.2216562628746
test,dropout030_relay_failure,multi_relation,none,none,none,4,60,EA-RG-MAPPO-S,results/intercept_3d_gate1_hardened_safety_5seed_formal_candidate/runs/multi_relation/bc_ppo_seed4/actor_critic_update_0060.pt,310017,17,checkpoint,100,straight,True,True,80,0.2,1.0,0.3,0,0.0,1,40,80,True,1.0,1.0,1.0,0.03030303120613098,0.38636364245956595,0.6515151607719335,39.05681809376586,0.0,0.0,0.0,44.0,41.0,44.0,1.0,4.0,4.0,4.0,0.0,1.0,0.0,44.0,0.2,0.800000011920929,0.23333334028720856,15278.006547407671,6239.11572265625,3596.32763671875,729.4176635742188,3596.32763671875,908.0094604492188,35.09894436597824
test,dropout030_relay_failure,multi_relation,none,none,none,4,60,EA-RG-MAPPO-S,results/intercept_3d_gate1_hardened_safety_5seed_formal_candidate/runs/multi_relation/bc_ppo_seed4/actor_critic_update_0060.pt,310019,19,checkpoint,100,straight,True,True,80,0.2,1.0,0.3,0,0.0,1,40,80,True,1.0,1.0,1.0,0.03030303120613098,0.37121212821115146,0.7159090993756597,34.04924248700792,0.0,0.0,0.0,44.0,41.0,44.0,1.0,4.0,4.0,4.0,0.0,1.0,0.0,44.0,0.2,0.6666666865348816,0.23333334028720856,15238.152088512074,6184.4609375,3629.5263671875,632.9671630859375,3629.5263671875,672.6942138671875,35.54715517163277
test,dropout030_relay_failure,multi_relation,none,none,none,4,60,EA-RG-MAPPO-S,results/intercept_3d_gate1_hardened_safety_5seed_formal_candidate/runs/multi_relation/bc_ppo_seed4/actor_critic_update_0060.pt,310024,24,checkpoint,100,straight,True,True,80,0.2,1.0,0.3,0,0.0,1,40,80,True,1.0,1.0,1.0,0.03030303120613098,0.37878788533535873,0.7272727350619707,37.962121361697264,0.0,0.0,0.0,44.0,41.0,44.0,1.0,4.0,4.0,4.0,0.0,1.0,0.0,44.0,0.2,0.7333333492279053,0.20000000596046447,15237.232854669744,6147.65087890625,3726.468994140625,995.667236328125,3726.468994140625,1484.60107421875,35.681610733270645
test,dropout030_relay_failure,multi_relation,none,none,none,4,60,EA-RG-MAPPO-S,results/intercept_3d_gate1_hardened_safety_5seed_formal_candidate/runs/multi_relation/bc_ppo_seed4/actor_critic_update_0060.pt,310026,26,checkpoint,100,straight,True,True,80,0.2,1.0,0.3,0,0.0,1,40,80,True,1.0,1.0,1.0,0.03030303120613098,0.3863636431368915,0.7045454613187097,39.00378770516677,0.0,0.0,0.0,44.0,41.0,44.0,1.0,4.0,4.0,4.0,0.0,1.0,0.0,44.0,0.2,0.7333333492279053,0.20000000596046447,15221.999178799715,6232.08251953125,3672.815673828125,637.1611938476562,3672.815673828125,637.1611938476562,35.58742642402649
test,dropout030_relay_failure,multi_relation,none,none,none,4,60,EA-RG-MAPPO-S,results/intercept_3d_gate1_hardened_safety_5seed_formal_candidate/runs/multi_relation/bc_ppo_seed4/actor_critic_update_0060.pt,310029,29,checkpoint,100,straight,True,True,80,0.2,1.0,0.3,0,0.0,1,40,80,True,1.0,1.0,1.0,0.03030303120613098,0.38636364245956595,0.7651515200056813,37.874999799850315,0.0,0.0,0.0,44.0,41.0,44.0,1.0,4.0,4.0,4.0,0.0,1.0,0.0,44.0,0.2,0.800000011920929,0.1666666716337204,15214.297440962358,6107.32177734375,3457.865478515625,760.0955810546875,3457.865478515625,760.0955810546875,36.2420779466629
test,dropout030_relay_failure,multi_relation,none,none,none,4,60,EA-RG-MAPPO-S,results/intercept_3d_gate1_hardened_safety_5seed_formal_candidate/runs/multi_relation/bc_ppo_seed4/actor_critic_update_0060.pt,310031,31,checkpoint,100,straight,True,True,80,0.2,1.0,0.3,0,0.0,1,40,80,True,1.0,1.0,1.0,0.03030303120613098,0.38636364245956595,0.7272727347233079,36.950757635588,0.0,0.0,0.0,44.0,41.0,44.0,1.0,4.0,4.0,4.0,0.0,1.0,0.0,44.0,0.2,0.7333333492279053,0.3000000089406967,15200.187167080965,6100.84814453125,3722.73681640625,391.6372985839844,3722.73681640625,391.6372985839844,35.88415342569351
test,dropout030_relay_failure,multi_relation,none,none,none,4,60,EA-RG-MAPPO-S,results/intercept_3d_gate1_hardened_safety_5seed_formal_candidate/runs/multi_relation/bc_ppo_seed4/actor_critic_update_0060.pt,310034,34,checkpoint,100,straight,True,True,80,0.2,1.0,0.3,0,0.0,1,40,80,True,1.0,1.0,1.0,0.03030303120613098,0.371212128888477,0.715909097682346,36.958333130925894,0.0,0.0,0.0,44.0,41.0,44.0,1.0,4.0,4.0,4.0,0.0,1.0,0.0,44.0,0.2,0.6666666865348816,0.20000000596046447,15225.317760120739,6250.947265625,3587.45556640625,515.2259521484375,3587.45556640625,546.6730346679688,35.322002589702606
test,dropout030_relay_failure,multi_relation,none,none,none,4,60,EA-RG-MAPPO-S,results/intercept_3d_gate1_hardened_safety_5seed_formal_candidate/runs/multi_relation/bc_ppo_seed4/actor_critic_update_0060.pt,310036,36,checkpoint,100,straight,True,True,80,0.2,1.0,0.3,0,0.0,1,40,80,True,1.0,1.0,1.0,0.03030303120613098,0.4015151573853059,0.7045454603027214,39.03409059413455,0.0,0.0,0.0,44.0,41.0,44.0,1.0,4.0,4.0,4.0,0.0,1.0,0.0,44.0,0.2,0.800000011920929,0.20000000596046447,15181.152365944603,6081.83642578125,3684.58837890625,549.304931640625,3684.58837890625,549.304931640625,35.96507412195206
test,dropout030_relay_failure,multi_relation,none,none,none,4,60,EA-RG-MAPPO-S,results/intercept_3d_gate1_hardened_safety_5seed_formal_candidate/runs/multi_relation/bc_ppo_seed4/actor_critic_update_0060.pt,310038,38,checkpoint,100,straight,True,True,80,0.2,1.0,0.3,0,0.0,1,40,80,True,1.0,1.0,1.0,0.03030303120613098,0.37121212821115146,0.6780303096906706,32.13257570700212,0.0,0.0,0.0,44.0,41.0,44.0,1.0,4.0,4.0,4.0,0.0,1.0,0.0,44.0,0.2,0.6000000178813935,0.1666666716337204,15221.821444424715,6339.40771484375,3839.535888671875,941.5188598632812,3839.535888671875,941.5188598632812,35.166421607136726
test,dropout030_relay_failure,multi_relation,none,none,none,4,60,EA-RG-MAPPO-S,results/intercept_3d_gate1_hardened_safety_5seed_formal_candidate/runs/multi_relation/bc_ppo_seed4/actor_critic_update_0060.pt,310040,40,checkpoint,100,straight,True,True,80,0.2,1.0,0.3,0,0.0,1,40,80,True,1.0,1.0,1.0,0.03030303120613098,0.38636364245956595,0.7689394016157497,41.814393711022355,0.0,0.0,0.0,44.0,41.0,44.0,1.0,4.0,4.0,4.0,0.0,1.0,0.0,44.0,0.2,0.800000011920929,0.26666667461395266,15200.511463512074,6027.0546875,3614.6953125,789.70849609375,3614.6953125,822.0376586914062,36.24580526351929
test,dropout030_relay_failure,multi_relation,none,none,none,4,60,EA-RG-MAPPO-S,results/intercept_3d_gate1_hardened_safety_5seed_formal_candidate/runs/multi_relation/bc_ppo_seed4/actor_critic_update_0060.pt,310042,42,checkpoint,100,straight,True,True,80,0.2,1.0,0.3,0,0.0,1,40,80,True,1.0,1.0,1.0,0.03030303120613098,0.3787878860126842,0.655303037979386,32.083333228460766,0.0,0.0,0.0,44.0,41.0,44.0,1.0,4.0,4.0,4.0,0.0,1.0,0.0,44.0,0.2,0.6666666865348816,0.20000000596046447,15212.087091619318,6202.86328125,3807.58447265625,437.0965270996094,3807.58447265625,603.9266357421875,35.25685179233551
test,dropout030_relay_failure,multi_relation,none,none,none,4,60,EA-RG-MAPPO-S,results/intercept_3d_gate1_hardened_safety_5seed_formal_candidate/runs/multi_relation/bc_ppo_seed4/actor_critic_update_0060.pt,310044,44,checkpoint,100,straight,True,True,80,0.2,1.0,0.3,0,0.0,1,40,80,True,1.0,1.0,1.0,0.03030303120613098,0.3787878860126842,0.6780303093520078,36.99242444878275,0.0,0.0,0.0,44.0,41.0,44.0,1.0,4.0,4.0,4.0,0.0,1.0,0.0,44.0,0.2,0.6666666865348816,0.20000000596046447,15196.128451260653,6201.25,3764.595703125,452.9004211425781,3764.595703125,517.9630737304688,35.22713631391525
test,dropout030_relay_failure,multi_relation,none,none,none,4,60,EA-RG-MAPPO-S,results/intercept_3d_gate1_hardened_safety_5seed_formal_candidate/runs/multi_relation/bc_ppo_seed4/actor_critic_update_0060.pt,310048,48,checkpoint,100,straight,True,True,80,0.2,1.0,0.3,0,0.0,1,40,80,True,1.0,1.0,1.0,0.03030303120613098,0.38636364245956595,0.6856060674922033,36.022727270017974,0.0,0.0,0.0,44.0,41.0,44.0,1.0,4.0,4.0,4.0,0.0,1.0,0.0,44.0,0.2,0.800000011920929,0.20000000596046447,15216.147050337358,6117.12158203125,3602.501708984375,682.0056762695312,3602.501708984375,682.0056762695312,35.64030206203461
test,dropout030_relay_failure,multi_relation,none,none,none,4,60,EA-RG-MAPPO-S,results/intercept_3d_gate1_hardened_safety_5seed_formal_candidate/runs/multi_relation/bc_ppo_seed4/actor_critic_update_0060.pt,310000,0,checkpoint,100,straight,True,True,80,0.2,1.0,0.3,0,0.0,1,40,80,True,1.0,1.0,1.0,0.029629630512661403,0.37777778572506376,0.6444444537162781,34.42592618564765,0.0,0.0,0.0,45.0,42.0,45.0,1.0,5.0,5.0,5.0,0.0,1.0,0.0,45.0,0.16666666666666666,0.6666666865348816,0.19444445023934046,14999.275477430556,5894.49462890625,3530.04052734375,880.6280517578125,3530.04052734375,1489.2962646484375,35.31218346953392
test,dropout030_relay_failure,multi_relation,none,none,none,4,60,EA-RG-MAPPO-S,results/intercept_3d_gate1_hardened_safety_5seed_formal_candidate/runs/multi_relation/bc_ppo_seed4/actor_critic_update_0060.pt,310003,3,checkpoint,100,straight,True,True,80,0.2,1.0,0.3,0,0.0,1,40,80,True,1.0,1.0,1.0,0.029629630512661403,0.38518519202868146,0.7222222281826867,38.21481449703376,0.0,0.0,0.0,45.0,42.0,45.0,1.0,5.0,5.0,5.0,0.0,1.0,0.0,45.0,0.16666666666666666,0.6666666865348816,0.22222222884496054,15027.641178385416,5853.54638671875,3444.647705078125,482.5828857421875,3444.647705078125,482.5828857421875,36.21310403943062
test,dropout030_relay_failure,multi_relation,none,none,none,4,60,EA-RG-MAPPO-S,results/intercept_3d_gate1_hardened_safety_5seed_formal_candidate/runs/multi_relation/bc_ppo_seed4/actor_critic_update_0060.pt,310005,5,checkpoint,100,straight,True,True,80,0.2,1.0,0.3,0,0.0,1,40,80,True,1.0,1.0,1.0,0.029629630512661403,0.39259259899457294,0.6518518593576219,35.34444444510672,0.0,0.0,0.0,45.0,42.0,45.0,1.0,5.0,5.0,5.0,0.0,1.0,0.0,45.0,0.16666666666666666,0.7777777910232544,0.2777777860562007,15024.365581597222,5853.232421875,3569.942626953125,374.8291931152344,3569.942626953125,427.1886291503906,35.891518265008926
test,dropout030_relay_failure,multi_relation,none,none,none,4,60,EA-RG-MAPPO-S,results/intercept_3d_gate1_hardened_safety_5seed_formal_candidate/runs/multi_relation/bc_ppo_seed4/actor_critic_update_0060.pt,310006,6,checkpoint,100,straight,True,True,80,0.2,1.0,0.3,0,0.0,1,40,80,True,1.0,1.0,1.0,0.029629630512661403,0.37777778572506376,0.6666666749450896,34.433333368764984,0.0,0.0,0.0,45.0,42.0,45.0,1.0,5.0,5.0,5.0,0.0,1.0,0.0,45.0,0.16666666666666666,0.6666666865348816,0.13888889302810034,15012.561729600695,5963.68017578125,3531.397705078125,531.9562377929688,3531.397705078125,732.3223266601562,35.47741740942001
test,dropout030_relay_failure,multi_relation,none,none,none,4,60,EA-RG-MAPPO-S,results/intercept_3d_gate1_hardened_safety_5seed_formal_candidate/runs/multi_relation/bc_ppo_seed4/actor_critic_update_0060.pt,310016,16,checkpoint,100,straight,True,True,80,0.2,1.0,0.3,0,0.0,1,40,80,True,1.0,1.0,1.0,0.029629630512661403,0.37777778572506376,0.6851851910352706,34.37407427695062,0.0,0.0,0.0,45.0,42.0,45.0,1.0,5.0,5.0,5.0,0.0,1.0,0.0,45.0,0.16666666666666666,0.6666666865348816,0.19444445023934046,15009.63369140625,5945.48046875,3351.095458984375,470.6467590332031,3351.095458984375,893.6196899414062,35.64589333534241
test,dropout030_relay_failure,multi_relation,none,none,none,4,60,EA-RG-MAPPO-S,results/intercept_3d_gate1_hardened_safety_5seed_formal_candidate/runs/multi_relation/bc_ppo_seed4/actor_critic_update_0060.pt,310020,20,checkpoint,100,straight,True,True,80,0.2,1.0,0.3,0,0.0,1,40,80,True,1.0,1.0,1.0,0.029629630512661403,0.3703703780968984,0.7074074145820406,33.34074063102404,0.0,0.0,0.0,45.0,42.0,45.0,1.0,5.0,5.0,5.0,0.0,1.0,0.0,45.0,0.16666666666666666,0.6666666865348816,0.2500000074505806,15028.175933159722,5974.77978515625,3566.958740234375,637.8367919921875,3566.958740234375,927.835693359375,35.75724911689758
test,dropout030_relay_failure,multi_relation,none,none,none,4,60,EA-RG-MAPPO-S,results/intercept_3d_gate1_hardened_safety_5seed_formal_candidate/runs/multi_relation/bc_ppo_seed4/actor_critic_update_0060.pt,310021,21,checkpoint,100,straight,True,True,80,0.2,1.0,0.3,0,0.0,1,40,80,True,1.0,1.0,1.0,0.029629630512661403,0.3185185260242886,0.7148148202233844,35.28888855510288,0.0,0.0,0.0,45.0,42.0,45.0,1.0,5.0,5.0,5.0,0.0,1.0,0.0,45.0,0.16666666666666666,0.3888889004786809,0.22222222884496054,15065.147200520832,6356.35498046875,3838.11376953125,981.4493408203125,3838.11376953125,981.4493408203125,34.527717024087906
test,dropout030_relay_failure,multi_relation,none,none,none,4,60,EA-RG-MAPPO-S,results/intercept_3d_gate1_hardened_safety_5seed_formal_candidate/runs/multi_relation/bc_ppo_seed4/actor_critic_update_0060.pt,310022,22,checkpoint,100,straight,True,True,80,0.2,1.0,0.3,0,0.0,1,40,80,True,1.0,1.0,1.0,0.029629630512661403,0.3703703787591722,0.6666666749450896,35.3222223341465,0.0,0.0,0.0,45.0,42.0,45.0,1.0,5.0,5.0,5.0,0.0,1.0,0.0,45.0,0.16666666666666666,0.6666666865348816,0.2500000074505806,15021.00154079861,5986.86474609375,3551.072265625,836.8790893554688,3551.072265625,1763.0845947265625,35.2032827436924
test,dropout030_relay_failure,multi_relation,none,none,none,4,60,EA-RG-MAPPO-S,results/intercept_3d_gate1_hardened_safety_5seed_formal_candidate/runs/multi_relation/bc_ppo_seed4/actor_critic_update_0060.pt,310028,28,checkpoint,100,straight,True,True,80,0.2,1.0,0.3,0,0.0,1,40,80,True,1.0,1.0,1.0,0.029629630512661403,0.3703703780968984,0.7481481532255808,33.3444443391429,0.0,0.0,0.0,45.0,42.0,45.0,1.0,5.0,5.0,5.0,0.0,1.0,0.0,45.0,0.16666666666666666,0.6666666865348816,0.22222222884496054,15014.225770399305,5934.89306640625,3555.081787109375,670.2071533203125,3555.081787109375,1068.9310302734375,36.15307527780533
test,dropout030_relay_failure,multi_relation,none,none,none,4,60,EA-RG-MAPPO-S,results/intercept_3d_gate1_hardened_safety_5seed_formal_candidate/runs/multi_relation/bc_ppo_seed4/actor_critic_update_0060.pt,310035,35,checkpoint,100,straight,True,True,80,0.2,1.0,0.3,0,0.0,1,40,80,True,1.0,1.0,1.0,0.029629630512661403,0.3703703787591722,0.6740740792618858,33.44444424841139,0.0,0.0,0.0,45.0,42.0,45.0,1.0,5.0,5.0,5.0,0.0,1.0,0.0,45.0,0.16666666666666666,0.6666666865348816,0.22222222884496054,15028.840321180556,6122.66064453125,3857.53955078125,444.34027099609375,3857.53955078125,830.7494506835938,35.30229192972183
test,dropout030_relay_failure,multi_relation,none,none,none,4,60,EA-RG-MAPPO-S,results/intercept_3d_gate1_hardened_safety_5seed_formal_candidate/runs/multi_relation/bc_ppo_seed4/actor_critic_update_0060.pt,310039,39,checkpoint,100,straight,True,True,80,0.2,1.0,0.3,0,0.0,1,40,80,True,1.0,1.0,1.0,0.029629630512661403,0.36296297046873305,0.733333338300387,35.277777492337755,0.0,0.0,0.0,45.0,42.0,45.0,1.0,5.0,5.0,5.0,0.0,1.0,0.0,45.0,0.16666666666666666,0.6111111293236414,0.2777777860562007,15011.264561631944,6035.001953125,3566.01611328125,551.8696899414062,3566.01611328125,551.8696899414062,35.73312732577324
test,dropout030_relay_failure,multi_relation,none,none,none,4,60,EA-RG-MAPPO-S,results/intercept_3d_gate1_hardened_safety_5seed_formal_candidate/runs/multi_relation/bc_ppo_seed4/actor_critic_update_0060.pt,310041,41,checkpoint,100,straight,True,True,80,0.2,1.0,0.3,0,0.0,1,40,80,True,1.0,1.0,1.0,0.029629630512661403,0.37777778572506376,0.6407407469219631,32.533333249555696,0.0,0.0,0.0,45.0,42.0,45.0,1.0,5.0,5.0,5.0,0.0,1.0,0.0,45.0,0.16666666666666666,0.6666666865348816,0.19444445023934046,15022.244368489582,6002.927734375,3392.998291015625,569.7071533203125,3392.998291015625,687.6719360351562,35.29206299781799
test,dropout030_relay_failure,multi_relation,none,none,none,4,60,EA-RG-MAPPO-S,results/intercept_3d_gate1_hardened_safety_5seed_formal_candidate/runs/multi_relation/bc_ppo_seed4/actor_critic_update_0060.pt,310045,45,checkpoint,100,straight,True,True,80,0.2,1.0,0.3,0,0.0,1,40,80,True,1.0,1.0,1.0,0.029629630512661403,0.3703703780968984,0.6740740819109811,39.19629663295216,0.0,0.0,0.0,45.0,42.0,45.0,1.0,5.0,5.0,5.0,0.0,1.0,0.0,45.0,0.16666666666666666,0.6111111293236414,0.2500000074505806,15013.954058159723,6052.841796875,3563.33154296875,533.3479614257812,3563.33154296875,533.3479614257812,35.2183478474617
test,dropout030_relay_failure,multi_relation,none,none,none,4,60,EA-RG-MAPPO-S,results/intercept_3d_gate1_hardened_safety_5seed_formal_candidate/runs/multi_relation/bc_ppo_seed4/actor_critic_update_0060.pt,310046,46,checkpoint,100,straight,True,True,80,0.2,1.0,0.3,0,0.0,1,40,80,True,1.0,1.0,1.0,0.029629630512661403,0.37777778572506376,0.6296296384599473,39.155555439988774,0.0,0.0,0.0,45.0,42.0,45.0,1.0,5.0,5.0,5.0,0.0,1.0,0.0,45.0,0.16666666666666666,0.6666666865348816,0.2777777860562007,14993.704871961805,5975.39208984375,3741.8154296875,248.50511169433594,3741.8154296875,587.6360473632812,35.00341761112213
test,dropout030_relay_failure,multi_relation,none,none,none,4,60,EA-RG-MAPPO-S,results/intercept_3d_gate1_hardened_safety_5seed_formal_candidate/runs/multi_relation/bc_ppo_seed4/actor_critic_update_0060.pt,310049,49,checkpoint,100,straight,True,True,80,0.2,1.0,0.3,0,0.0,1,40,80,True,1.0,1.0,1.0,0.029629630512661403,0.38518519269095525,0.6296296371353998,36.35925917857223,0.0,0.0,0.0,45.0,42.0,45.0,1.0,5.0,5.0,5.0,0.0,1.0,0.0,45.0,0.16666666666666666,0.6666666865348816,0.22222222884496054,15018.360460069445,5910.57763671875,3435.309814453125,561.1458129882812,3435.309814453125,695.8060913085938,35.30585590004921
test,dropout030_relay_failure,multi_relation,none,none,none,4,60,EA-RG-MAPPO-S,results/intercept_3d_gate1_hardened_safety_5seed_formal_candidate/runs/multi_relation/bc_ppo_seed4/actor_critic_update_0060.pt,310008,8,checkpoint,100,straight,True,True,80,0.2,1.0,0.3,0,0.0,1,40,80,True,1.0,1.0,1.0,0.028985508110212242,0.36956522646157636,0.6992753698774006,35.6159422799297,0.0,0.0,0.0,46.0,43.0,46.0,1.0,6.0,6.0,6.0,0.0,1.0,0.0,46.0,0.14285714285714285,0.6666666865348816,0.21428572067192622,14900.849354619566,5953.44775390625,3861.932861328125,734.1981811523438,3861.932861328125,1345.7811279296875,35.75240060687065
test,dropout030_relay_failure,multi_relation,none,none,none,4,60,EA-RG-MAPPO-S,results/intercept_3d_gate1_hardened_safety_5seed_formal_candidate/runs/multi_relation/bc_ppo_seed4/actor_critic_update_0060.pt,310012,12,checkpoint,100,straight,True,True,80,0.2,1.0,0.3,0,0.0,1,40,80,True,1.0,1.0,1.0,0.028985508110212242,0.3333333426195642,0.6666666748731033,32.746376752853394,0.0,0.0,0.0,46.0,43.0,46.0,1.0,6.0,6.0,6.0,0.0,1.0,0.0,46.0,0.14285714285714285,0.5238095394202641,0.21428572067192622,14941.124936311142,6118.0,3489.408935546875,608.547607421875,3489.408935546875,831.9485473632812,34.88704341650009
test,dropout030_relay_failure,multi_relation,none,none,none,4,60,EA-RG-MAPPO-S,results/intercept_3d_gate1_hardened_safety_5seed_formal_candidate/runs/multi_relation/bc_ppo_seed4/actor_critic_update_0060.pt,310013,13,checkpoint,100,straight,True,True,80,0.2,1.0,0.3,0,0.0,1,40,80,True,1.0,1.0,1.0,0.028985508110212242,0.3550724737022234,0.6775362407383712,33.03260886215645,0.0,0.0,0.0,46.0,43.0,46.0,1.0,6.0,6.0,6.0,0.0,1.0,0.0,46.0,0.14285714285714285,0.6666666865348816,0.23809524519102915,14930.412714419157,6176.697265625,3872.813232421875,386.6226501464844,3872.813232421875,1495.48193359375,35.090232610702515
test,dropout030_relay_failure,multi_relation,none,none,none,4,60,EA-RG-MAPPO-S,results/intercept_3d_gate1_hardened_safety_5seed_formal_candidate/runs/multi_relation/bc_ppo_seed4/actor_critic_update_0060.pt,310018,18,checkpoint,100,straight,True,True,80,0.2,1.0,0.3,0,0.0,1,40,80,True,1.0,1.0,1.0,0.028985508110212242,0.3188405885644581,0.666666674549165,32.76449297984009,0.0,0.0,0.0,46.0,43.0,46.0,1.0,6.0,6.0,6.0,0.0,1.0,0.0,46.0,0.14285714285714285,0.4761904903820583,0.26190476971013205,14945.075492527174,6319.02978515625,3803.67578125,515.3792724609375,3803.67578125,740.2933349609375,34.29423476755619
test,dropout030_relay_failure,multi_relation,none,none,none,4,60,EA-RG-MAPPO-S,results/intercept_3d_gate1_hardened_safety_5seed_formal_candidate/runs/multi_relation/bc_ppo_seed4/actor_critic_update_0060.pt,310023,23,checkpoint,100,straight,True,True,80,0.2,1.0,0.3,0,0.0,1,40,80,True,1.0,1.0,1.0,0.028985508110212242,0.3405797189992407,0.7282608773397363,30.86956516718087,0.0,0.0,0.0,46.0,43.0,46.0,1.0,6.0,6.0,6.0,0.0,1.0,0.0,46.0,0.14285714285714285,0.5238095394202641,0.23809524519102915,14929.692032523777,6195.72412109375,3649.882080078125,418.76409912109375,3649.882080078125,750.702392578125,35.49045580625534
test,dropout030_relay_failure,multi_relation,none,none,none,4,60,EA-RG-MAPPO-S,results/intercept_3d_gate1_hardened_safety_5seed_formal_candidate/runs/multi_relation/bc_ppo_seed4/actor_critic_update_0060.pt,310025,25,checkpoint,100,straight,True,True,80,0.2,1.0,0.3,0,0.0,1,40,80,True,1.0,1.0,1.0,0.028985508110212242,0.3333333406759345,0.7173913114744684,37.402173690497875,0.0,0.0,0.0,46.0,43.0,46.0,1.0,6.0,6.0,6.0,0.0,1.0,0.0,46.0,0.14285714285714285,0.42857144134385244,0.26190476971013205,14896.169178838316,6190.54541015625,3930.846923828125,579.0023193359375,3930.846923828125,579.0023193359375,35.07818669080734
test,dropout030_relay_failure,multi_relation,none,none,none,4,60,EA-RG-MAPPO-S,results/intercept_3d_gate1_hardened_safety_5seed_formal_candidate/runs/multi_relation/bc_ppo_seed4/actor_critic_update_0060.pt,310030,30,checkpoint,100,straight,True,True,80,0.2,1.0,0.3,0,0.0,1,40,80,True,1.0,1.0,1.0,0.028985508110212242,0.304347834509352,0.7028985583911771,37.42753642603107,0.0,0.0,0.0,46.0,43.0,46.0,1.0,6.0,6.0,6.0,0.0,1.0,0.0,46.0,0.14285714285714285,0.3333333432674408,0.23809524519102915,14976.947021484375,6282.18896484375,3678.20849609375,559.4635620117188,3678.20849609375,559.4635620117188,34.29609274864197
test,dropout030_relay_failure,multi_relation,none,none,none,4,60,EA-RG-MAPPO-S,results/intercept_3d_gate1_hardened_safety_5seed_formal_candidate/runs/multi_relation/bc_ppo_seed4/actor_critic_update_0060.pt,310032,32,checkpoint,100,straight,True,True,80,0.2,1.0,0.3,0,0.0,1,40,80,True,1.0,1.0,1.0,0.028985508110212242,0.3550724724064703,0.6884058059557624,38.42391315037789,0.0,0.0,0.0,46.0,43.0,46.0,1.0,6.0,6.0,6.0,0.0,1.0,0.0,46.0,0.14285714285714285,0.5714285884584699,0.28571429422923494,14878.070323114809,6006.10791015625,3570.28173828125,426.3861389160156,3570.28173828125,612.658447265625,35.307094395160675
test,dropout030_relay_failure,multi_relation,none,none,none,4,60,EA-RG-MAPPO-S,results/intercept_3d_gate1_hardened_safety_5seed_formal_candidate/runs/multi_relation/bc_ppo_seed4/actor_critic_update_0060.pt,310033,33,checkpoint,100,straight,True,True,80,0.2,1.0,0.3,0,0.0,1,40,80,True,1.0,1.0,1.0,0.028985508110212242,0.3115942121847816,0.6811594279563945,35.65217397361994,0.0,0.0,0.0,46.0,43.0,46.0,1.0,6.0,6.0,6.0,0.0,1.0,0.0,46.0,0.14285714285714285,0.4761904903820583,0.23809524519102915,15018.427193019701,6379.19287109375,3868.540771484375,422.206298828125,3868.540771484375,887.3823852539062,34.24738621711731
test,dropout030_relay_failure,multi_relation,none,none,none,4,60,EA-RG-MAPPO-S,results/intercept_3d_gate1_hardened_safety_5seed_formal_candidate/runs/multi_relation/bc_ppo_seed4/actor_critic_update_0060.pt,310043,43,checkpoint,100,straight,True,True,80,0.2,1.0,0.3,0,0.0,1,40,80,True,1.0,1.0,1.0,0.028985508110212242,0.3550724737022234,0.684782615174418,31.876811709093012,0.0,0.0,0.0,46.0,43.0,46.0,1.0,6.0,6.0,6.0,0.0,1.0,0.0,46.0,0.14285714285714285,0.6666666865348816,0.1666666716337204,14904.307426120924,6063.72412109375,3582.9267578125,436.09527587890625,3582.9267578125,1521.3526611328125,35.3429539501667
test,dropout030_relay_failure,multi_relation,none,none,none,4,60,EA-RG-MAPPO-S,results/intercept_3d_gate1_hardened_safety_5seed_formal_candidate/runs/multi_relation/bc_ppo_seed4/actor_critic_update_0060.pt,310007,7,checkpoint,100,straight,True,True,80,0.2,1.0,0.3,0,0.0,1,40,80,True,1.0,1.0,1.0,0.02836879517169709,0.2836879510828789,0.6631205738224881,35.982269260477516,0.0,0.0,0.0,47.0,44.0,47.0,1.0,7.0,7.0,7.0,0.0,1.0,0.0,47.0,0.125,0.3333333432674408,0.2083333395421505,14832.33852435173,6288.71728515625,3710.203125,1024.13623046875,3710.203125,1024.13623046875,33.894045889377594
test,dropout030_relay_failure,multi_relation,none,none,none,4,60,EA-RG-MAPPO-S,results/intercept_3d_gate1_hardened_safety_5seed_formal_candidate/runs/multi_relation/bc_ppo_seed4/actor_critic_update_0060.pt,310009,9,checkpoint,100,straight,True,True,80,0.2,1.0,0.3,0,0.0,1,40,80,True,1.0,1.0,1.0,0.02836879517169709,0.3049645468275598,0.5886524890331511,38.748227218681194,0.0,0.0,0.0,47.0,44.0,47.0,1.0,7.0,7.0,7.0,0.0,1.0,0.0,47.0,0.125,0.3333333432674408,0.18750000558793545,14823.19763962766,6106.04052734375,3541.3330078125,892.0481567382812,3541.3330078125,892.0481567382812,33.64353987574577
test,dropout030_relay_failure,multi_relation,none,none,none,4,60,EA-RG-MAPPO-S,results/intercept_3d_gate1_hardened_safety_5seed_formal_candidate/runs/multi_relation/bc_ppo_seed4/actor_critic_update_0060.pt,310037,37,checkpoint,100,straight,True,True,80,0.2,1.0,0.3,0,0.0,1,40,80,True,1.0,1.0,1.0,0.02836879517169709,0.3404255407921811,0.6418439799800832,36.88652468995845,0.0,0.0,0.0,47.0,44.0,47.0,1.0,7.0,7.0,7.0,0.0,1.0,0.0,47.0,0.125,0.5000000149011612,0.27083334140479565,14767.165984458112,6063.04931640625,3520.457275390625,312.5005798339844,3520.457275390625,797.4058837890625,34.700025737285614
test,dropout030_relay_failure,multi_relation,none,none,none,4,60,EA-RG-MAPPO-S,results/intercept_3d_gate1_hardened_safety_5seed_formal_candidate/runs/multi_relation/bc_ppo_seed4/actor_critic_update_0060.pt,310047,47,checkpoint,100,straight,True,True,80,0.2,1.0,0.3,0,0.0,1,40,80,True,1.0,1.0,1.0,0.02836879517169709,0.3475177402191974,0.6808510714388908,33.0921989054756,0.0,0.0,0.0,47.0,44.0,47.0,1.0,7.0,7.0,7.0,0.0,1.0,0.0,47.0,0.125,0.6250000186264515,0.27083334140479565,14809.154504654256,6010.64794921875,3677.585693359375,573.825927734375,3677.585693359375,1761.6116943359375,35.4190833568573
test,dropout030_relay_failure,multi_relation,none,none,none,4,60,EA-RG-MAPPO-S,results/intercept_3d_gate1_hardened_safety_5seed_formal_candidate/runs/multi_relation/bc_ppo_seed4/actor_critic_update_0060.pt,310010,10,checkpoint,100,straight,True,True,80,0.2,1.0,0.3,0,0.0,1,40,80,True,0.0,0.0,0.0,0.0,0.07820512973345244,0.1935897472386177,72.49102554802711,0.0,1.0,0.0,260.0,-1.0,-1.0,0.0,220.0,220.0,-1.0,0.0,0.0,1.0,-1.0,0.0,0.0916666690260172,0.05416666828095913,10278.086975097656,15003.73046875,979.5360107421875,737.4222412109375,12165.1142578125,4081.396728515625,6.267026280285791
test,dropout030_relay_failure,multi_relation,none,none,none,4,60,EA-RG-MAPPO-S,results/intercept_3d_gate1_hardened_safety_5seed_formal_candidate/runs/multi_relation/bc_ppo_seed4/actor_critic_update_0060.pt,310015,15,checkpoint,100,straight,True,True,80,0.2,1.0,0.3,0,0.0,1,40,80,True,0.0,0.0,1.0,0.0012820513202593878,0.15897436371216409,0.18141025952421702,82.32371791916398,0.0,1.0,0.0,260.0,48.0,-1.0,0.0,220.0,220.0,-1.0,0.0,0.0,1.0,-1.0,0.0,0.12916667051613331,0.05000000149011612,11076.891396859975,10649.2587890625,3727.9052734375,637.5353393554688,7902.888671875,1420.4993896484375,16.576818282715976
test,dropout030_relay_failure,multi_relation,none,none,none,4,60,EA-RG-MAPPO-S,results/intercept_3d_gate1_hardened_safety_5seed_formal_candidate/runs/multi_relation/bc_ppo_seed4/actor_critic_update_0060.pt,310027,27,checkpoint,100,straight,True,True,80,0.2,1.0,0.3,0,0.0,1,40,80,True,0.0,0.0,1.0,0.003846153960778163,0.061538463028577656,0.20833333742160062,67.75384601583848,0.0,1.0,0.0,260.0,44.0,-1.0,0.0,220.0,220.0,-1.0,0.0,0.0,1.0,-1.0,0.0,0.04583333469927311,0.0416666679084301,10382.871305964543,11992.2373046875,2179.123291015625,268.9581604003906,9790.3251953125,2495.884033203125,9.722015184350312
test,dropout030_relay_failure,multi_relation,none,none,none,4,60,EA-RG-MAPPO-S,results/intercept_3d_gate1_hardened_safety_5seed_formal_candidate/runs/multi_relation/bc_ppo_seed4/actor_critic_update_0060.pt,310053,53,checkpoint,100,straight,True,True,80,0.2,1.0,0.3,0,0.0,1,40,80,True,1.0,1.0,1.0,0.03030303120613098,0.3636363704096187,0.7348484911701896,37.91287867183035,0.0,0.0,0.0,44.0,41.0,44.0,1.0,4.0,4.0,4.0,0.0,1.0,0.0,44.0,0.2,0.5333333492279053,0.26666667461395266,15215.025179776278,6353.95703125,3791.453369140625,1227.223388671875,3791.453369140625,1227.223388671875,35.34930354356766
test,dropout030_relay_failure,multi_relation,none,none,none,4,60,EA-RG-MAPPO-S,results/intercept_3d_gate1_hardened_safety_5seed_formal_candidate/runs/multi_relation/bc_ppo_seed4/actor_critic_update_0060.pt,310058,58,checkpoint,100,straight,True,True,80,0.2,1.0,0.3,0,0.0,1,40,80,True,1.0,1.0,1.0,0.03030303120613098,0.371212128888477,0.685606066476215,38.969696539369494,0.0,0.0,0.0,44.0,41.0,44.0,1.0,4.0,4.0,4.0,0.0,1.0,0.0,44.0,0.2,0.6666666865348816,0.26666667461395266,15229.312266956676,6297.86962890625,3747.017578125,586.0950317382812,3747.017578125,802.4254150390625,34.92914992570877
test,dropout030_relay_failure,multi_relation,none,none,none,4,60,EA-RG-MAPPO-S,results/intercept_3d_gate1_hardened_safety_5seed_formal_candidate/runs/multi_relation/bc_ppo_seed4/actor_critic_update_0060.pt,310059,59,checkpoint,100,straight,True,True,80,0.2,1.0,0.3,0,0.0,1,40,80,True,1.0,1.0,1.0,0.03030303120613098,0.37878788533535873,0.6818181879141114,34.12121200527657,0.0,0.0,0.0,44.0,41.0,44.0,1.0,4.0,4.0,4.0,0.0,1.0,0.0,44.0,0.2,0.7333333492279053,0.20000000596046447,15215.912453391335,6140.15283203125,3785.69091796875,860.8121948242188,3785.69091796875,1222.982421875,35.45499637722969
test,dropout030_relay_failure,multi_relation,none,none,none,4,60,EA-RG-MAPPO-S,results/intercept_3d_gate1_hardened_safety_5seed_formal_candidate/runs/multi_relation/bc_ppo_seed4/actor_critic_update_0060.pt,310066,66,checkpoint,100,straight,True,True,80,0.2,1.0,0.3,0,0.0,1,40,80,True,1.0,1.0,1.0,0.03030303120613098,0.371212128888477,0.6856060678308661,38.05303033542904,0.0,0.0,0.0,44.0,41.0,44.0,1.0,4.0,4.0,4.0,0.0,1.0,0.0,44.0,0.2,0.6666666865348816,0.3000000089406967,15225.642333984375,6251.001953125,3625.682373046875,624.9688720703125,3625.682373046875,788.0674438476562,35.04096847772598
test,dropout030_relay_failure,multi_relation,none,none,none,4,60,EA-RG-MAPPO-S,results/intercept_3d_gate1_hardened_safety_5seed_formal_candidate/runs/multi_relation/bc_ppo_seed4/actor_critic_update_0060.pt,310070,70,checkpoint,100,straight,True,True,80,0.2,1.0,0.3,0,0.0,1,40,80,True,1.0,1.0,1.0,0.03030303120613098,0.371212128888477,0.7234848558225415,34.01515171744607,0.0,0.0,0.0,44.0,41.0,44.0,1.0,4.0,4.0,4.0,0.0,1.0,0.0,44.0,0.2,0.6666666865348816,0.20000000596046447,15229.160356001421,6281.43896484375,3726.33984375,569.7886352539062,3726.33984375,796.6466674804688,35.533837020397186
test,dropout030_relay_failure,multi_relation,none,none,none,4,60,EA-RG-MAPPO-S,results/intercept_3d_gate1_hardened_safety_5seed_formal_candidate/runs/multi_relation/bc_ppo_seed4/actor_critic_update_0060.pt,310077,77,checkpoint,100,straight,True,True,80,0.2,1.0,0.3,0,0.0,1,40,80,True,1.0,1.0,1.0,0.03030303120613098,0.37878788533535873,0.6439394016157497,36.041666782715104,0.0,0.0,0.0,44.0,41.0,44.0,1.0,4.0,4.0,4.0,0.0,1.0,0.0,44.0,0.2,0.7333333492279053,0.20000000596046447,15246.941328568892,6142.71044921875,3510.673828125,748.2800903320312,3510.673828125,1305.0284423828125,35.046686351299286
test,dropout030_relay_failure,multi_relation,none,none,none,4,60,EA-RG-MAPPO-S,results/intercept_3d_gate1_hardened_safety_5seed_formal_candidate/runs/multi_relation/bc_ppo_seed4/actor_critic_update_0060.pt,310078,78,checkpoint,100,straight,True,True,80,0.2,1.0,0.3,0,0.0,1,40,80,True,1.0,1.0,1.0,0.03030303120613098,0.3863636431368915,0.674242431128567,39.05681772259149,0.0,0.0,0.0,44.0,41.0,44.0,1.0,4.0,4.0,4.0,0.0,1.0,0.0,44.0,0.2,0.6666666865348816,0.20000000596046447,15196.97176846591,6183.95947265625,3685.2626953125,273.0635986328125,3685.2626953125,273.0635986328125,35.23666712641716
test,dropout030_relay_failure,multi_relation,none,none,none,4,60,EA-RG-MAPPO-S,results/intercept_3d_gate1_hardened_safety_5seed_formal_candidate/runs/multi_relation/bc_ppo_seed4/actor_critic_update_0060.pt,310079,79,checkpoint,100,straight,True,True,80,0.2,1.0,0.3,0,0.0,1,40,80,True,1.0,1.0,1.0,0.03030303120613098,0.371212128888477,0.6893939457156442,36.97348467565396,0.0,0.0,0.0,44.0,41.0,44.0,1.0,4.0,4.0,4.0,0.0,1.0,0.0,44.0,0.2,0.6666666865348816,0.20000000596046447,15230.927967418324,6240.212890625,3714.905029296875,884.4141845703125,3714.905029296875,1800.8419189453125,35.1032292842865
test,dropout030_relay_failure,multi_relation,none,none,none,4,60,EA-RG-MAPPO-S,results/intercept_3d_gate1_hardened_safety_5seed_formal_candidate/runs/multi_relation/bc_ppo_seed4/actor_critic_update_0060.pt,310081,81,checkpoint,100,straight,True,True,80,0.2,1.0,0.3,0,0.0,1,40,80,True,1.0,1.0,1.0,0.03030303120613098,0.371212128888477,0.6590909165414897,37.12878790057518,0.0,0.0,0.0,44.0,41.0,44.0,1.0,4.0,4.0,4.0,0.0,1.0,0.0,44.0,0.2,0.6666666865348816,0.1666666716337204,15216.312699751421,6216.76708984375,3768.869140625,581.7418212890625,3768.869140625,665.8786010742188,34.84335273504257
test,dropout030_relay_failure,multi_relation,none,none,none,4,60,EA-RG-MAPPO-S,results/intercept_3d_gate1_hardened_safety_5seed_formal_candidate/runs/multi_relation/bc_ppo_seed4/actor_critic_update_0060.pt,310085,85,checkpoint,100,straight,True,True,80,0.2,1.0,0.3,0,0.0,1,40,80,True,1.0,1.0,1.0,0.03030303120613098,0.37878788533535873,0.6401515230536461,39.05681783367287,0.0,0.0,0.0,44.0,41.0,44.0,1.0,4.0,4.0,4.0,0.0,1.0,0.0,44.0,0.2,0.7333333492279053,0.20000000596046447,15206.246548739347,6101.84912109375,3657.300537109375,529.942626953125,3657.300537109375,608.7614135742188,34.94021251797676
test,dropout030_relay_failure,multi_relation,none,none,none,4,60,EA-RG-MAPPO-S,results/intercept_3d_gate1_hardened_safety_5seed_formal_candidate/runs/multi_relation/bc_ppo_seed4/actor_critic_update_0060.pt,310088,88,checkpoint,100,straight,True,True,80,0.2,1.0,0.3,0,0.0,1,40,80,True,1.0,1.0,1.0,0.03030303120613098,0.3939394002610987,0.6969697031785141,36.99999999898401,0.0,0.0,0.0,44.0,41.0,44.0,1.0,4.0,4.0,4.0,0.0,1.0,0.0,44.0,0.2,0.800000011920929,0.20000000596046447,15283.645552201704,6197.734375,3470.654296875,468.3165588378906,3470.654296875,478.9449157714844,35.80113446712494
test,dropout030_relay_failure,multi_relation,none,none,none,4,60,EA-RG-MAPPO-S,results/intercept_3d_gate1_hardened_safety_5seed_formal_candidate/runs/multi_relation/bc_ppo_seed4/actor_critic_update_0060.pt,310091,91,checkpoint,100,straight,True,True,80,0.2,1.0,0.3,0,0.0,1,40,80,True,1.0,1.0,1.0,0.03030303120613098,0.3636363717642697,0.6628787951035933,37.09090935371139,0.0,0.0,0.0,44.0,41.0,44.0,1.0,4.0,4.0,4.0,0.0,1.0,0.0,44.0,0.2,0.6666666865348816,0.13333333730697633,15232.634532581676,6264.75048828125,3786.456298828125,697.6209716796875,3786.456298828125,1193.9654541015625,34.74131524562836
test,dropout030_relay_failure,multi_relation,none,none,none,4,60,EA-RG-MAPPO-S,results/intercept_3d_gate1_hardened_safety_5seed_formal_candidate/runs/multi_relation/bc_ppo_seed4/actor_critic_update_0060.pt,310092,92,checkpoint,100,straight,True,True,80,0.2,1.0,0.3,0,0.0,1,40,80,True,1.0,1.0,1.0,0.03030303120613098,0.38636364245956595,0.7121212201362307,37.04545457661152,0.0,0.0,0.0,44.0,41.0,44.0,1.0,4.0,4.0,4.0,0.0,1.0,0.0,44.0,0.2,0.800000011920929,0.26666667461395266,15248.829956054688,6184.87158203125,3615.2841796875,666.2442016601562,3615.2841796875,666.2442016601562,35.7503122985363
test,dropout030_relay_failure,multi_relation,none,none,none,4,60,EA-RG-MAPPO-S,results/intercept_3d_gate1_hardened_safety_5seed_formal_candidate/runs/multi_relation/bc_ppo_seed4/actor_critic_update_0060.pt,310097,97,checkpoint,100,straight,True,True,80,0.2,1.0,0.3,0,0.0,1,40,80,True,1.0,1.0,1.0,0.03030303120613098,0.371212128888477,0.7234848537905649,34.18181789226153,0.0,0.0,0.0,44.0,41.0,44.0,1.0,4.0,4.0,4.0,0.0,1.0,0.0,44.0,0.2,0.6666666865348816,0.26666667461395266,15219.318503639915,6292.2421875,3686.13232421875,405.7719421386719,3686.13232421875,467.8721008300781,35.40368029475212
test,dropout030_relay_failure,multi_relation,none,none,none,4,60,EA-RG-MAPPO-S,results/intercept_3d_gate1_hardened_safety_5seed_formal_candidate/runs/multi_relation/bc_ppo_seed4/actor_critic_update_0060.pt,310052,52,checkpoint,100,straight,True,True,80,0.2,1.0,0.3,0,0.0,1,40,80,True,1.0,1.0,1.0,0.029629630512661403,0.3703703787591722,0.6962963038020664,31.48518507811758,0.0,0.0,0.0,45.0,42.0,45.0,1.0,5.0,5.0,5.0,0.0,1.0,0.0,45.0,0.16666666666666666,0.6666666865348816,0.19444445023934046,15051.693044704862,6169.6328125,3784.35693359375,466.20477294921875,3784.35693359375,707.7852172851562,35.52708849310875
test,dropout030_relay_failure,multi_relation,none,none,none,4,60,EA-RG-MAPPO-S,results/intercept_3d_gate1_hardened_safety_5seed_formal_candidate/runs/multi_relation/bc_ppo_seed4/actor_critic_update_0060.pt,310054,54,checkpoint,100,straight,True,True,80,0.2,1.0,0.3,0,0.0,1,40,80,True,1.0,1.0,1.0,0.029629630512661403,0.3777777850627899,0.625925933652454,36.33333327372869,0.0,0.0,0.0,45.0,42.0,45.0,1.0,5.0,5.0,5.0,0.0,1.0,0.0,45.0,0.16666666666666666,0.6111111293236414,0.1666666716337204,15041.11384548611,6096.8359375,3608.453857421875,652.0479125976562,3608.453857421875,652.0479125976562,35.06521886587143
test,dropout030_relay_failure,multi_relation,none,none,none,4,60,EA-RG-MAPPO-S,results/intercept_3d_gate1_hardened_safety_5seed_formal_candidate/runs/multi_relation/bc_ppo_seed4/actor_critic_update_0060.pt,310055,55,checkpoint,100,straight,True,True,80,0.2,1.0,0.3,0,0.0,1,40,80,True,1.0,1.0,1.0,0.029629630512661403,0.35555556416511536,0.6555555621782939,31.551851736836962,0.0,0.0,0.0,45.0,42.0,45.0,1.0,5.0,5.0,5.0,0.0,1.0,0.0,45.0,0.16666666666666666,0.6111111293236414,0.19444445023934046,15050.185275607639,6225.43115234375,3766.840087890625,465.1054992675781,3766.840087890625,649.275146484375,34.862675338983536
test,dropout030_relay_failure,multi_relation,none,none,none,4,60,EA-RG-MAPPO-S,results/intercept_3d_gate1_hardened_safety_5seed_formal_candidate/runs/multi_relation/bc_ppo_seed4/actor_critic_update_0060.pt,310056,56,checkpoint,100,straight,True,True,80,0.2,1.0,0.3,0,0.0,1,40,80,True,1.0,1.0,1.0,0.029629630512661403,0.3703703780968984,0.6592592689726088,37.21111134224468,0.0,0.0,0.0,45.0,42.0,45.0,1.0,5.0,5.0,5.0,0.0,1.0,0.0,45.0,0.16666666666666666,0.6666666865348816,0.19444445023934046,15010.788237847222,6049.26416015625,3610.74365234375,445.4747314453125,3610.74365234375,445.4747314453125,35.175743371248245
test,dropout030_relay_failure,multi_relation,none,none,none,4,60,EA-RG-MAPPO-S,results/intercept_3d_gate1_hardened_safety_5seed_formal_candidate/runs/multi_relation/bc_ppo_seed4/actor_critic_update_0060.pt,310057,57,checkpoint,100,straight,True,True,80,0.2,1.0,0.3,0,0.0,1,40,80,True,1.0,1.0,1.0,0.029629630512661403,0.37777778572506376,0.7111111170715756,38.24444450603591,0.0,0.0,0.0,45.0,42.0,45.0,1.0,5.0,5.0,5.0,0.0,1.0,0.0,45.0,0.16666666666666666,0.6666666865348816,0.19444445023934046,15004.040288628472,5992.17578125,3678.865234375,318.40191650390625,3678.865234375,419.71527099609375,35.66891810297966
test,dropout030_relay_failure,multi_relation,none,none,none,4,60,EA-RG-MAPPO-S,results/intercept_3d_gate1_hardened_safety_5seed_formal_candidate/runs/multi_relation/bc_ppo_seed4/actor_critic_update_0060.pt,310060,60,checkpoint,100,straight,True,True,80,0.2,1.0,0.3,0,0.0,1,40,80,True,1.0,1.0,1.0,0.029629630512661403,0.3703703780968984,0.7222222278515498,35.25185162723064,0.0,0.0,0.0,45.0,42.0,45.0,1.0,5.0,5.0,5.0,0.0,1.0,0.0,45.0,0.16666666666666666,0.6111111293236414,0.2777777860562007,15041.396419270834,6139.009765625,3709.21240234375,319.2528381347656,3709.21240234375,319.2528381347656,35.692387998104095
test,dropout030_relay_failure,multi_relation,none,none,none,4,60,EA-RG-MAPPO-S,results/intercept_3d_gate1_hardened_safety_5seed_formal_candidate/runs/multi_relation/bc_ppo_seed4/actor_critic_update_0060.pt,310062,62,checkpoint,100,straight,True,True,80,0.2,1.0,0.3,0,0.0,1,40,80,True,1.0,1.0,1.0,0.029629630512661403,0.37777778572506376,0.6740740812487073,38.19259264800284,0.0,0.0,0.0,45.0,42.0,45.0,1.0,5.0,5.0,5.0,0.0,1.0,0.0,45.0,0.16666666666666666,0.6666666865348816,0.1666666716337204,15033.25334201389,6005.97900390625,3486.779052734375,561.7785034179688,3486.779052734375,985.1279296875,35.37023991346359
test,dropout030_relay_failure,multi_relation,none,none,none,4,60,EA-RG-MAPPO-S,results/intercept_3d_gate1_hardened_safety_5seed_formal_candidate/runs/multi_relation/bc_ppo_seed4/actor_critic_update_0060.pt,310064,64,checkpoint,100,straight,True,True,80,0.2,1.0,0.3,0,0.0,1,40,80,True,1.0,1.0,1.0,0.029629630512661403,0.34814815521240233,0.6777777844005161,38.27037009331915,0.0,0.0,0.0,45.0,42.0,45.0,1.0,5.0,5.0,5.0,0.0,1.0,0.0,45.0,0.16666666666666666,0.5000000149011612,0.11111111442248027,15025.331922743055,6173.51123046875,3815.107177734375,837.3314819335938,3815.107177734375,837.3314819335938,34.834189772605896
test,dropout030_relay_failure,multi_relation,none,none,none,4,60,EA-RG-MAPPO-S,results/intercept_3d_gate1_hardened_safety_5seed_formal_candidate/runs/multi_relation/bc_ppo_seed4/actor_critic_update_0060.pt,310065,65,checkpoint,100,straight,True,True,80,0.2,1.0,0.3,0,0.0,1,40,80,True,1.0,1.0,1.0,0.029629630512661403,0.3185185273488363,0.6851851916975445,33.3703700919946,0.0,0.0,0.0,45.0,42.0,45.0,1.0,5.0,5.0,5.0,0.0,1.0,0.0,45.0,0.16666666666666666,0.4444444576899211,0.19444445023934046,15120.005523003472,6423.23974609375,3717.298095703125,679.3169555664062,3717.298095703125,699.1231079101562,34.23134580254555
test,dropout030_relay_failure,multi_relation,none,none,none,4,60,EA-RG-MAPPO-S,results/intercept_3d_gate1_hardened_safety_5seed_formal_candidate/runs/multi_relation/bc_ppo_seed4/actor_critic_update_0060.pt,310069,69,checkpoint,100,straight,True,True,80,0.2,1.0,0.3,0,0.0,1,40,80,True,1.0,1.0,1.0,0.029629630512661403,0.3925925996568468,0.6925926023059421,35.34814819991588,0.0,0.0,0.0,45.0,42.0,45.0,1.0,5.0,5.0,5.0,0.0,1.0,0.0,45.0,0.16666666666666666,0.6666666865348816,0.3055555646618207,15012.414811197918,5888.92822265625,3462.833740234375,339.8420715332031,3462.833740234375,339.8420715332031,36.14995801448822
test,dropout030_relay_failure,multi_relation,none,none,none,4,60,EA-RG-MAPPO-S,results/intercept_3d_gate1_hardened_safety_5seed_formal_candidate/runs/multi_relation/bc_ppo_seed4/actor_critic_update_0060.pt,310071,71,checkpoint,100,straight,True,True,80,0.2,1.0,0.3,0,0.0,1,40,80,True,1.0,1.0,1.0,0.029629630512661403,0.3629629711310069,0.66296297079987,34.529629767272205,0.0,0.0,0.0,45.0,42.0,45.0,1.0,5.0,5.0,5.0,0.0,1.0,0.0,45.0,0.16666666666666666,0.6666666865348816,0.3055555646618207,15018.295496961806,6037.84521484375,3641.048583984375,568.1859130859375,3641.048583984375,1259.4912109375,35.0477380156517
test,dropout030_relay_failure,multi_relation,none,none,none,4,60,EA-RG-MAPPO-S,results/intercept_3d_gate1_hardened_safety_5seed_formal_candidate/runs/multi_relation/bc_ppo_seed4/actor_critic_update_0060.pt,310075,75,checkpoint,100,straight,True,True,80,0.2,1.0,0.3,0,0.0,1,40,80,True,1.0,1.0,1.0,0.029629630512661403,0.3555555648273892,0.6851851920286814,34.3851849903663,0.0,0.0,0.0,45.0,42.0,45.0,1.0,5.0,5.0,5.0,0.0,1.0,0.0,45.0,0.16666666666666666,0.6666666865348816,0.2777777860562007,15105.463042534722,6282.974609375,3693.203125,241.84365844726562,3693.203125,762.7479248046875,34.88329854607582
test,dropout030_relay_failure,multi_relation,none,none,none,4,60,EA-RG-MAPPO-S,results/intercept_3d_gate1_hardened_safety_5seed_formal_candidate/runs/multi_relation/bc_ppo_seed4/actor_critic_update_0060.pt,310076,76,checkpoint,100,straight,True,True,80,0.2,1.0,0.3,0,0.0,1,40,80,True,1.0,1.0,1.0,0.029629630512661403,0.3703703787591722,0.6481481545501285,33.43703698449664,0.0,0.0,0.0,45.0,42.0,45.0,1.0,5.0,5.0,5.0,0.0,1.0,0.0,45.0,0.16666666666666666,0.6666666865348816,0.2777777860562007,15031.835134548612,5944.22705078125,3416.72216796875,742.9437866210938,3416.72216796875,1525.0809326171875,35.26068323850632
test,dropout030_relay_failure,multi_relation,none,none,none,4,60,EA-RG-MAPPO-S,results/intercept_3d_gate1_hardened_safety_5seed_formal_candidate/runs/multi_relation/bc_ppo_seed4/actor_critic_update_0060.pt,310083,83,checkpoint,100,straight,True,True,80,0.2,1.0,0.3,0,0.0,1,40,80,True,1.0,1.0,1.0,0.029629630512661403,0.3703703787591722,0.700000007947286,34.34444438384639,0.0,0.0,0.0,45.0,42.0,45.0,1.0,5.0,5.0,5.0,0.0,1.0,0.0,45.0,0.16666666666666666,0.6666666865348816,0.19444445023934046,15020.820746527777,6028.69873046875,3601.090576171875,376.7286682128906,3601.090576171875,1049.1455078125,35.52017819881439
test,dropout030_relay_failure,multi_relation,none,none,none,4,60,EA-RG-MAPPO-S,results/intercept_3d_gate1_hardened_safety_5seed_formal_candidate/runs/multi_relation/bc_ppo_seed4/actor_critic_update_0060.pt,310084,84,checkpoint,100,straight,True,True,80,0.2,1.0,0.3,0,0.0,1,40,80,True,1.0,1.0,1.0,0.029629630512661403,0.37777778572506376,0.6370370457569758,33.462963024112916,0.0,0.0,0.0,45.0,42.0,45.0,1.0,5.0,5.0,5.0,0.0,1.0,0.0,45.0,0.16666666666666666,0.6666666865348816,0.19444445023934046,15015.572808159723,6014.35693359375,3642.542236328125,568.4727783203125,3642.542236328125,644.0462036132812,35.30574372410774
test,dropout030_relay_failure,multi_relation,none,none,none,4,60,EA-RG-MAPPO-S,results/intercept_3d_gate1_hardened_safety_5seed_formal_candidate/runs/multi_relation/bc_ppo_seed4/actor_critic_update_0060.pt,310093,93,checkpoint,100,straight,True,True,80,0.2,1.0,0.3,0,0.0,1,40,80,True,1.0,1.0,1.0,0.029629630512661403,0.3555555648273892,0.6814814892080095,32.4555557227797,0.0,0.0,0.0,45.0,42.0,45.0,1.0,5.0,5.0,5.0,0.0,1.0,0.0,45.0,0.16666666666666666,0.6666666865348816,0.3055555646618207,15108.856532118056,6273.70947265625,3746.862060546875,565.37451171875,3746.862060546875,1162.5438232421875,34.95542901754379
test,dropout030_relay_failure,multi_relation,none,none,none,4,60,EA-RG-MAPPO-S,results/intercept_3d_gate1_hardened_safety_5seed_formal_candidate/runs/multi_relation/bc_ppo_seed4/actor_critic_update_0060.pt,310095,95,checkpoint,100,straight,True,True,80,0.2,1.0,0.3,0,0.0,1,40,80,True,1.0,1.0,1.0,0.029629630512661403,0.36296297046873305,0.700000007947286,34.2666666974624,0.0,0.0,0.0,45.0,42.0,45.0,1.0,5.0,5.0,5.0,0.0,1.0,0.0,45.0,0.16666666666666666,0.6111111293236414,0.22222222884496054,15062.719097222222,6042.025390625,3840.39208984375,587.7567138671875,3840.39208984375,915.029296875,35.51901423931122
test,dropout030_relay_failure,multi_relation,none,none,none,4,60,EA-RG-MAPPO-S,results/intercept_3d_gate1_hardened_safety_5seed_formal_candidate/runs/multi_relation/bc_ppo_seed4/actor_critic_update_0060.pt,310099,99,checkpoint,100,straight,True,True,80,0.2,1.0,0.3,0,0.0,1,40,80,True,1.0,1.0,1.0,0.029629630512661403,0.3629629717932807,0.6962963044643402,35.281481675306956,0.0,0.0,0.0,45.0,42.0,45.0,1.0,5.0,5.0,5.0,0.0,1.0,0.0,45.0,0.16666666666666666,0.6666666865348816,0.19444445023934046,15082.110709635417,6192.85888671875,3790.267333984375,355.9714050292969,3790.267333984375,809.1983032226562,35.30386361479759
test,dropout030_relay_failure,multi_relation,none,none,none,4,60,EA-RG-MAPPO-S,results/intercept_3d_gate1_hardened_safety_5seed_formal_candidate/runs/multi_relation/bc_ppo_seed4/actor_critic_update_0060.pt,310063,63,checkpoint,100,straight,True,True,80,0.2,1.0,0.3,0,0.0,1,40,80,True,1.0,1.0,1.0,0.028985508110212242,0.3623188494340233,0.6775362387947415,33.82246375861375,0.0,0.0,0.0,46.0,43.0,46.0,1.0,6.0,6.0,6.0,0.0,1.0,0.0,46.0,0.14285714285714285,0.6666666865348816,0.23809524519102915,14883.267737347147,6012.25,3665.7265625,250.1837615966797,3665.7265625,1078.504638671875,35.36744958162308
test,dropout030_relay_failure,multi_relation,none,none,none,4,60,EA-RG-MAPPO-S,results/intercept_3d_gate1_hardened_safety_5seed_formal_candidate/runs/multi_relation/bc_ppo_seed4/actor_critic_update_0060.pt,310067,67,checkpoint,100,straight,True,True,80,0.2,1.0,0.3,0,0.0,1,40,80,True,1.0,1.0,1.0,0.028985508110212242,0.3623188500818999,0.6920289931737859,32.68115952902514,0.0,0.0,0.0,46.0,43.0,46.0,1.0,6.0,6.0,6.0,0.0,1.0,0.0,46.0,0.14285714285714285,0.6666666865348816,0.23809524519102915,14905.811852496603,6101.35205078125,3828.195068359375,532.8616333007812,3828.195068359375,1186.1878662109375,35.48821598291397
test,dropout030_relay_failure,multi_relation,none,none,none,4,60,EA-RG-MAPPO-S,results/intercept_3d_gate1_hardened_safety_5seed_formal_candidate/runs/multi_relation/bc_ppo_seed4/actor_critic_update_0060.pt,310068,68,checkpoint,100,straight,True,True,80,0.2,1.0,0.3,0,0.0,1,40,80,True,1.0,1.0,1.0,0.028985508110212242,0.31884058791658154,0.6702898617671884,34.666666890616,0.0,0.0,0.0,46.0,43.0,46.0,1.0,6.0,6.0,6.0,0.0,1.0,0.0,46.0,0.14285714285714285,0.38095239230564665,0.21428572067192622,14925.005731997282,6101.390625,3433.113525390625,836.4100952148438,3433.113525390625,836.4100952148438,34.58632427453995
test,dropout030_relay_failure,multi_relation,none,none,none,4,60,EA-RG-MAPPO-S,results/intercept_3d_gate1_hardened_safety_5seed_formal_candidate/runs/multi_relation/bc_ppo_seed4/actor_critic_update_0060.pt,310073,73,checkpoint,100,straight,True,True,80,0.2,1.0,0.3,0,0.0,1,40,80,True,1.0,1.0,1.0,0.028985508110212242,0.3768116021933763,0.6594202971976736,35.73550694176684,0.0,0.0,0.0,46.0,43.0,46.0,1.0,6.0,6.0,6.0,0.0,1.0,0.0,46.0,0.14285714285714285,0.6666666865348816,0.21428572067192622,14820.736444887907,5767.09130859375,3455.7119140625,200.4381103515625,3455.7119140625,340.54022216796875,35.701521307229996
test,dropout030_relay_failure,multi_relation,none,none,none,4,60,EA-RG-MAPPO-S,results/intercept_3d_gate1_hardened_safety_5seed_formal_candidate/runs/multi_relation/bc_ppo_seed4/actor_critic_update_0060.pt,310074,74,checkpoint,100,straight,True,True,80,0.2,1.0,0.3,0,0.0,1,40,80,True,1.0,1.0,1.0,0.028985508110212242,0.3115942121847816,0.6847826154983562,32.739130436726235,0.0,0.0,0.0,46.0,43.0,46.0,1.0,6.0,6.0,6.0,0.0,1.0,0.0,46.0,0.14285714285714285,0.4761904903820583,0.23809524519102915,15011.983992866848,6351.39599609375,3747.770751953125,519.0985717773438,3747.770751953125,937.8858032226562,34.31314545869827
test,dropout030_relay_failure,multi_relation,none,none,none,4,60,EA-RG-MAPPO-S,results/intercept_3d_gate1_hardened_safety_5seed_formal_candidate/runs/multi_relation/bc_ppo_seed4/actor_critic_update_0060.pt,310080,80,checkpoint,100,straight,True,True,80,0.2,1.0,0.3,0,0.0,1,40,80,True,1.0,1.0,1.0,0.028985508110212242,0.3333333419716876,0.6521739211419354,33.83333326617013,0.0,0.0,0.0,46.0,43.0,46.0,1.0,6.0,6.0,6.0,0.0,1.0,0.0,46.0,0.14285714285714285,0.4761904903820583,0.21428572067192622,14902.04634425951,6028.28515625,3575.247802734375,460.47930908203125,3575.247802734375,460.47930908203125,34.783612817525864
test,dropout030_relay_failure,multi_relation,none,none,none,4,60,EA-RG-MAPPO-S,results/intercept_3d_gate1_hardened_safety_5seed_formal_candidate/runs/multi_relation/bc_ppo_seed4/actor_critic_update_0060.pt,310082,82,checkpoint,100,straight,True,True,80,0.2,1.0,0.3,0,0.0,1,40,80,True,1.0,1.0,1.0,0.028985508110212242,0.3405797196471173,0.6268116002497466,32.92391271111758,0.0,0.0,0.0,46.0,43.0,46.0,1.0,6.0,6.0,6.0,0.0,1.0,0.0,46.0,0.14285714285714285,0.5714285884584699,0.14285714711461747,14931.430802055027,6166.37646484375,3640.575439453125,572.2355346679688,3640.575439453125,1256.3087158203125,34.39505562186241
test,dropout030_relay_failure,multi_relation,none,none,none,4,60,EA-RG-MAPPO-S,results/intercept_3d_gate1_hardened_safety_5seed_formal_candidate/runs/multi_relation/bc_ppo_seed4/actor_critic_update_0060.pt,310087,87,checkpoint,100,straight,True,True,80,0.2,1.0,0.3,0,0.0,1,40,80,True,1.0,1.0,1.0,0.028985508110212242,0.304347834509352,0.7318840652056362,33.84057993053094,0.0,0.0,0.0,46.0,43.0,46.0,1.0,6.0,6.0,6.0,0.0,1.0,0.0,46.0,0.14285714285714285,0.3333333432674408,0.21428572067192622,14982.745106572691,6453.17578125,3958.8037109375,588.9242553710938,3958.8037109375,588.9242553710938,34.59270021319389
test,dropout030_relay_failure,multi_relation,none,none,none,4,60,EA-RG-MAPPO-S,results/intercept_3d_gate1_hardened_safety_5seed_formal_candidate/runs/multi_relation/bc_ppo_seed4/actor_critic_update_0060.pt,310090,90,checkpoint,100,straight,True,True,80,0.2,1.0,0.3,0,0.0,1,40,80,True,1.0,1.0,1.0,0.028985508110212242,0.3623188500818999,0.6739130522245946,33.71739128005245,0.0,0.0,0.0,46.0,43.0,46.0,1.0,6.0,6.0,6.0,0.0,1.0,0.0,46.0,0.14285714285714285,0.6666666865348816,0.19047619615282332,14929.670526919157,6062.08056640625,3709.328125,621.83740234375,3709.328125,1183.5498046875,35.32832404971123
test,dropout030_relay_failure,multi_relation,none,none,none,4,60,EA-RG-MAPPO-S,results/intercept_3d_gate1_hardened_safety_5seed_formal_candidate/runs/multi_relation/bc_ppo_seed4/actor_critic_update_0060.pt,310094,94,checkpoint,100,straight,True,True,80,0.2,1.0,0.3,0,0.0,1,40,80,True,1.0,1.0,1.0,0.028985508110212242,0.3550724717585937,0.6666666732534118,37.49275370104157,0.0,0.0,0.0,46.0,43.0,46.0,1.0,6.0,6.0,6.0,0.0,1.0,0.0,46.0,0.14285714285714285,0.5238095394202641,0.19047619615282332,14860.600755774456,5924.18359375,3609.767822265625,618.2411499023438,3609.767822265625,627.6378173828125,35.20800098776817
test,dropout030_relay_failure,multi_relation,none,none,none,4,60,EA-RG-MAPPO-S,results/intercept_3d_gate1_hardened_safety_5seed_formal_candidate/runs/multi_relation/bc_ppo_seed4/actor_critic_update_0060.pt,310096,96,checkpoint,100,straight,True,True,80,0.2,1.0,0.3,0,0.0,1,40,80,True,1.0,1.0,1.0,0.028985508110212242,0.3695652258136998,0.6956521794199944,37.41666652553755,0.0,0.0,0.0,46.0,43.0,46.0,1.0,6.0,6.0,6.0,0.0,1.0,0.0,46.0,0.14285714285714285,0.6666666865348816,0.1666666716337204,14847.282077955164,5802.93603515625,3526.7158203125,686.84716796875,3526.7158203125,1380.7840576171875,35.719372510910034
test,dropout030_relay_failure,multi_relation,none,none,none,4,60,EA-RG-MAPPO-S,results/intercept_3d_gate1_hardened_safety_5seed_formal_candidate/runs/multi_relation/bc_ppo_seed4/actor_critic_update_0060.pt,310050,50,checkpoint,100,straight,True,True,80,0.2,1.0,0.3,0,0.0,1,40,80,True,1.0,1.0,1.0,0.02836879517169709,0.28368795171697087,0.6453900790594994,37.705673489481846,0.0,0.0,0.0,47.0,44.0,47.0,1.0,7.0,7.0,7.0,0.0,1.0,0.0,47.0,0.125,0.3333333432674408,0.1666666716337204,14911.466505984043,6459.404296875,3793.801025390625,813.6572875976562,3793.801025390625,813.6572875976562,33.54831421375275
test,dropout030_relay_failure,multi_relation,none,none,none,4,60,EA-RG-MAPPO-S,results/intercept_3d_gate1_hardened_safety_5seed_formal_candidate/runs/multi_relation/bc_ppo_seed4/actor_critic_update_0060.pt,310061,61,checkpoint,100,straight,True,True,80,0.2,1.0,0.3,0,0.0,1,40,80,True,1.0,1.0,1.0,0.02836879517169709,0.33333334263334885,0.6241134842659565,32.2304966687522,0.0,0.0,0.0,47.0,44.0,47.0,1.0,7.0,7.0,7.0,0.0,1.0,0.0,47.0,0.125,0.5416666828095913,0.2500000074505806,14805.909990026596,6031.55224609375,3738.74951171875,558.9495849609375,3738.74951171875,1294.98388671875,34.62975087761879
test,dropout030_relay_failure,multi_relation,none,none,none,4,60,EA-RG-MAPPO-S,results/intercept_3d_gate1_hardened_safety_5seed_formal_candidate/runs/multi_relation/bc_ppo_seed4/actor_critic_update_0060.pt,310086,86,checkpoint,100,straight,True,True,80,0.2,1.0,0.3,0,0.0,1,40,80,True,1.0,1.0,1.0,0.02836879517169709,0.3049645480957437,0.5744680955689004,37.75177318840585,0.0,0.0,0.0,47.0,44.0,47.0,1.0,7.0,7.0,7.0,0.0,1.0,0.0,47.0,0.125,0.4583333469927311,0.22916667349636555,14910.102861120346,6463.638671875,3807.539794921875,440.0992431640625,3807.539794921875,1269.9066162109375,33.024381786584854
test,dropout030_relay_failure,multi_relation,none,none,none,4,60,EA-RG-MAPPO-S,results/intercept_3d_gate1_hardened_safety_5seed_formal_candidate/runs/multi_relation/bc_ppo_seed4/actor_critic_update_0060.pt,310089,89,checkpoint,100,straight,True,True,80,0.2,1.0,0.3,0,0.0,1,40,80,True,1.0,1.0,1.0,0.02836879517169709,0.33333334263334885,0.6134751863936161,32.485815876658926,0.0,0.0,0.0,47.0,44.0,47.0,1.0,7.0,7.0,7.0,0.0,1.0,0.0,47.0,0.125,0.5416666828095913,0.27083334140479565,14780.23591256649,6046.47607421875,3683.61572265625,412.9288635253906,3683.61572265625,1185.678466796875,34.48394390940666
test,dropout030_relay_failure,multi_relation,none,none,none,4,60,EA-RG-MAPPO-S,results/intercept_3d_gate1_hardened_safety_5seed_formal_candidate/runs/multi_relation/bc_ppo_seed4/actor_critic_update_0060.pt,310098,98,checkpoint,100,straight,True,True,80,0.2,1.0,0.3,0,0.0,1,40,80,True,1.0,1.0,1.0,0.02836879517169709,0.3262411438404246,0.6773049698231068,35.90070929520942,0.0,0.0,0.0,47.0,44.0,47.0,1.0,7.0,7.0,7.0,0.0,1.0,0.0,47.0,0.125,0.5000000149011612,0.14583333767950535,14811.161641871675,6097.41357421875,3551.321533203125,497.6103515625,3551.321533203125,1388.1419677734375,34.79895254969597
test,dropout030_relay_failure,multi_relation,none,none,none,4,60,EA-RG-MAPPO-S,results/intercept_3d_gate1_hardened_safety_5seed_formal_candidate/runs/multi_relation/bc_ppo_seed4/actor_critic_update_0060.pt,310051,51,checkpoint,100,straight,True,True,80,0.2,1.0,0.3,0,0.0,1,40,80,True,1.0,1.0,1.0,0.027777778605620067,0.3333333432674408,0.7013888955116272,34.406249896002315,0.0,0.0,0.0,48.0,45.0,48.0,1.0,8.0,8.0,8.0,0.0,1.0,0.0,48.0,0.1111111111111111,0.6666666865348816,0.22222222884496054,14791.289855957031,6233.53369140625,3883.7841796875,721.4260864257812,3883.7841796875,2474.5703125,35.13194897770882
test,dropout030_relay_failure,multi_relation,none,none,none,4,60,EA-RG-MAPPO-S,results/intercept_3d_gate1_hardened_safety_5seed_formal_candidate/runs/multi_relation/bc_ppo_seed4/actor_critic_update_0060.pt,310072,72,checkpoint,100,straight,True,True,80,0.2,1.0,0.3,0,0.0,1,40,80,True,1.0,1.0,1.0,0.027777778605620067,0.28472223070760566,0.6631944517915448,36.15277774104228,0.0,0.0,0.0,48.0,45.0,48.0,1.0,8.0,8.0,8.0,0.0,1.0,0.0,48.0,0.1111111111111111,0.3333333432674408,0.2592592669857873,14736.915618896484,6423.16650390625,3905.980224609375,614.0233764648438,3905.980224609375,719.3226928710938,33.867399752140045
test,dropout030_relay_failure,no_task_support,no_task_support,none,none,0,60,no_task_support,results/intercept_3d_gate1_hardened_safety_no_task_support_5seed_fixed_update60_candidate/runs/multi_relation/bc_ppo_seed0/actor_critic_update_0060.pt,130001,1,checkpoint,100,straight,True,True,80,0.2,1.0,0.3,0,0.0,1,40,80,True,1.0,1.0,1.0,0.03030303120613098,0.40909091383218765,0.6022727370939471,51.810606121000916,0.0,0.0,0.0,44.0,41.0,44.0,1.0,4.0,4.0,4.0,0.0,1.0,0.0,44.0,0.2,1.0,0.26666667461395266,15213.355723987926,5851.40380859375,3493.359130859375,3049.82080078125,3493.359130859375,3049.82080078125,34.98564666509628
test,dropout030_relay_failure,no_task_support,no_task_support,none,none,0,60,no_task_support,results/intercept_3d_gate1_hardened_safety_no_task_support_5seed_fixed_update60_candidate/runs/multi_relation/bc_ppo_seed0/actor_critic_update_0060.pt,130004,4,checkpoint,100,straight,True,True,80,0.2,1.0,0.3,0,0.0,1,40,80,True,1.0,1.0,1.0,0.03030303120613098,0.4166666716337204,0.628787886351347,48.848484643142335,0.0,0.0,0.0,44.0,41.0,44.0,1.0,4.0,4.0,4.0,0.0,1.0,0.0,44.0,0.2,1.0,0.26666667461395266,15202.506824840199,5805.01171875,3386.0654296875,2483.154541015625,3386.0654296875,2483.154541015625,35.504496693611145
test,dropout030_relay_failure,no_task_support,no_task_support,none,none,0,60,no_task_support,results/intercept_3d_gate1_hardened_safety_no_task_support_5seed_fixed_update60_candidate/runs/multi_relation/bc_ppo_seed0/actor_critic_update_0060.pt,130025,25,checkpoint,100,straight,True,True,80,0.2,1.0,0.3,0,0.0,1,40,80,True,1.0,1.0,1.0,0.03030303120613098,0.40909091383218765,0.6780303123999726,48.79166704145345,0.0,0.0,0.0,44.0,41.0,44.0,1.0,4.0,4.0,4.0,0.0,1.0,0.0,44.0,0.2,1.0,0.1666666716337204,15148.045687588778,5687.41455078125,3521.920654296875,2767.249267578125,3521.920654296875,2767.249267578125,35.90253448486328
test,dropout030_relay_failure,no_task_support,no_task_support,none,none,0,60,no_task_support,results/intercept_3d_gate1_hardened_safety_no_task_support_5seed_fixed_update60_candidate/runs/multi_relation/bc_ppo_seed0/actor_critic_update_0060.pt,130042,42,checkpoint,100,straight,True,True,80,0.2,1.0,0.3,0,0.0,1,40,80,True,1.0,1.0,1.0,0.03030303120613098,0.40909091383218765,0.723484856499867,47.76136346601627,0.0,0.0,0.0,44.0,41.0,44.0,1.0,4.0,4.0,4.0,0.0,1.0,0.0,44.0,0.2,1.0,0.26666667461395266,15136.272405450994,5621.38623046875,3787.239501953125,3281.716796875,3787.239501953125,3281.716796875,36.42496666312218
test,dropout030_relay_failure,no_task_support,no_task_support,none,none,0,60,no_task_support,results/intercept_3d_gate1_hardened_safety_no_task_support_5seed_fixed_update60_candidate/runs/multi_relation/bc_ppo_seed0/actor_critic_update_0060.pt,130000,0,checkpoint,100,straight,True,True,80,0.2,1.0,0.3,0,0.0,1,40,80,True,1.0,1.0,1.0,0.029629630512661403,0.4370370414521959,0.6037037130859163,53.58148182067606,0.0,0.0,0.0,45.0,42.0,45.0,1.0,5.0,5.0,5.0,0.0,1.0,0.0,45.0,0.16666666666666666,1.0,0.2500000074505806,14913.558159722223,5270.37353515625,3709.37060546875,3028.750732421875,3709.37060546875,3028.750732421875,36.203833758831024
test,dropout030_relay_failure,no_task_support,no_task_support,none,none,0,60,no_task_support,results/intercept_3d_gate1_hardened_safety_no_task_support_5seed_fixed_update60_candidate/runs/multi_relation/bc_ppo_seed0/actor_critic_update_0060.pt,130003,3,checkpoint,100,straight,True,True,80,0.2,1.0,0.3,0,0.0,1,40,80,True,1.0,1.0,1.0,0.029629630512661403,0.4370370414521959,0.6851851926909552,54.5296296864748,0.0,0.0,0.0,45.0,42.0,45.0,1.0,5.0,5.0,5.0,0.0,1.0,0.0,45.0,0.16666666666666666,1.0,0.22222222884496054,14909.879014756945,5323.81689453125,3741.22900390625,2613.624755859375,3741.22900390625,2613.624755859375,36.78514692187309
test,dropout030_relay_failure,no_task_support,no_task_support,none,none,0,60,no_task_support,results/intercept_3d_gate1_hardened_safety_no_task_support_5seed_fixed_update60_candidate/runs/multi_relation/bc_ppo_seed0/actor_critic_update_0060.pt,130005,5,checkpoint,100,straight,True,True,80,0.2,1.0,0.3,0,0.0,1,40,80,True,1.0,1.0,1.0,0.029629630512661403,0.4296296338240306,0.6222222288449605,45.98518540792995,0.0,0.0,0.0,45.0,42.0,45.0,1.0,5.0,5.0,5.0,0.0,1.0,0.0,45.0,0.16666666666666666,1.0,0.22222222884496054,14874.575314670139,5241.53125,3967.41455078125,2623.373779296875,3967.41455078125,2623.373779296875,36.55379268527031
test,dropout030_relay_failure,no_task_support,no_task_support,none,none,0,60,no_task_support,results/intercept_3d_gate1_hardened_safety_no_task_support_5seed_fixed_update60_candidate/runs/multi_relation/bc_ppo_seed0/actor_critic_update_0060.pt,130007,7,checkpoint,100,straight,True,True,80,0.2,1.0,0.3,0,0.0,1,40,80,True,1.0,1.0,1.0,0.029629630512661403,0.4370370414521959,0.6703703771034877,48.82962945898374,0.0,0.0,0.0,45.0,42.0,45.0,1.0,5.0,5.0,5.0,0.0,1.0,0.0,45.0,0.16666666666666666,1.0,0.19444445023934046,14883.468815104166,5193.12646484375,3788.643310546875,3143.249267578125,3788.643310546875,3143.249267578125,37.03853124380112
test,dropout030_relay_failure,no_task_support,no_task_support,none,none,0,60,no_task_support,results/intercept_3d_gate1_hardened_safety_no_task_support_5seed_fixed_update60_candidate/runs/multi_relation/bc_ppo_seed0/actor_critic_update_0060.pt,130008,8,checkpoint,100,straight,True,True,80,0.2,1.0,0.3,0,0.0,1,40,80,True,1.0,1.0,1.0,0.029629630512661403,0.4370370414521959,0.644444454047415,51.625925784971976,0.0,0.0,0.0,45.0,42.0,45.0,1.0,5.0,5.0,5.0,0.0,1.0,0.0,45.0,0.16666666666666666,1.0,0.22222222884496054,14907.377821180555,5241.28466796875,3890.843017578125,3588.671142578125,3890.843017578125,3588.671142578125,36.643539279699326
test,dropout030_relay_failure,no_task_support,no_task_support,none,none,0,60,no_task_support,results/intercept_3d_gate1_hardened_safety_no_task_support_5seed_fixed_update60_candidate/runs/multi_relation/bc_ppo_seed0/actor_critic_update_0060.pt,130010,10,checkpoint,100,straight,True,True,80,0.2,1.0,0.3,0,0.0,1,40,80,True,1.0,1.0,1.0,0.029629630512661403,0.4370370414521959,0.611111119389534,52.67777789202001,0.0,0.0,0.0,45.0,42.0,45.0,1.0,5.0,5.0,5.0,0.0,1.0,0.0,45.0,0.16666666666666666,1.0,0.22222222884496054,14912.540212673612,5326.20556640625,3784.53857421875,2635.96142578125,3784.53857421875,2635.96142578125,36.29608842730522
test,dropout030_relay_failure,no_task_support,no_task_support,none,none,0,60,no_task_support,results/intercept_3d_gate1_hardened_safety_no_task_support_5seed_fixed_update60_candidate/runs/multi_relation/bc_ppo_seed0/actor_critic_update_0060.pt,130013,13,checkpoint,100,straight,True,True,80,0.2,1.0,0.3,0,0.0,1,40,80,True,1.0,1.0,1.0,0.029629630512661403,0.4370370414521959,0.6925925989945729,44.892592421836326,0.0,0.0,0.0,45.0,42.0,45.0,1.0,5.0,5.0,5.0,0.0,1.0,0.0,45.0,0.16666666666666666,1.0,0.2777777860562007,14872.238216145834,5171.15283203125,3846.814453125,3088.943359375,3846.814453125,3088.943359375,37.43569931387901
test,dropout030_relay_failure,no_task_support,no_task_support,none,none,0,60,no_task_support,results/intercept_3d_gate1_hardened_safety_no_task_support_5seed_fixed_update60_candidate/runs/multi_relation/bc_ppo_seed0/actor_critic_update_0060.pt,130016,16,checkpoint,100,straight,True,True,80,0.2,1.0,0.3,0,0.0,1,40,80,True,1.0,1.0,1.0,0.029629630512661403,0.4296296338240306,0.6407407508956061,47.851852053734994,0.0,0.0,0.0,45.0,42.0,45.0,1.0,5.0,5.0,5.0,0.0,1.0,0.0,45.0,0.16666666666666666,1.0,0.2500000074505806,14865.569921875,5210.32470703125,3886.013427734375,2471.0556640625,3886.013427734375,2471.0556640625,36.737682193517685
test,dropout030_relay_failure,no_task_support,no_task_support,none,none,0,60,no_task_support,results/intercept_3d_gate1_hardened_safety_no_task_support_5seed_fixed_update60_candidate/runs/multi_relation/bc_ppo_seed0/actor_critic_update_0060.pt,130019,19,checkpoint,100,straight,True,True,80,0.2,1.0,0.3,0,0.0,1,40,80,True,1.0,1.0,1.0,0.029629630512661403,0.4296296338240306,0.6666666746139527,45.90000002980232,0.0,0.0,0.0,45.0,42.0,45.0,1.0,5.0,5.0,5.0,0.0,1.0,0.0,45.0,0.16666666666666666,1.0,0.22222222884496054,14912.904503038195,5184.49853515625,3625.994384765625,2718.92431640625,3625.994384765625,2718.92431640625,36.96911537647247
test,dropout030_relay_failure,no_task_support,no_task_support,none,none,0,60,no_task_support,results/intercept_3d_gate1_hardened_safety_no_task_support_5seed_fixed_update60_candidate/runs/multi_relation/bc_ppo_seed0/actor_critic_update_0060.pt,130023,23,checkpoint,100,straight,True,True,80,0.2,1.0,0.3,0,0.0,1,40,80,True,1.0,1.0,1.0,0.029629630512661403,0.4370370414521959,0.6481481555435392,54.5481477604972,0.0,0.0,0.0,45.0,42.0,45.0,1.0,5.0,5.0,5.0,0.0,1.0,0.0,45.0,0.16666666666666666,1.0,0.13888889302810034,14903.145692274305,5254.67724609375,3557.19873046875,3400.4580078125,3557.19873046875,3400.4580078125,36.523571252822876
test,dropout030_relay_failure,no_task_support,no_task_support,none,none,0,60,no_task_support,results/intercept_3d_gate1_hardened_safety_no_task_support_5seed_fixed_update60_candidate/runs/multi_relation/bc_ppo_seed0/actor_critic_update_0060.pt,130038,38,checkpoint,100,straight,True,True,80,0.2,1.0,0.3,0,0.0,1,40,80,True,1.0,1.0,1.0,0.029629630512661403,0.4370370414521959,0.6518518596887588,55.43703715436988,0.0,0.0,0.0,45.0,42.0,45.0,1.0,5.0,5.0,5.0,0.0,1.0,0.0,45.0,0.16666666666666666,1.0,0.22222222884496054,14910.297819010417,5314.93798828125,3710.1865234375,2972.05126953125,3710.1865234375,2972.05126953125,36.45449176430702
test,dropout030_relay_failure,no_task_support,no_task_support,none,none,0,60,no_task_support,results/intercept_3d_gate1_hardened_safety_no_task_support_5seed_fixed_update60_candidate/runs/multi_relation/bc_ppo_seed0/actor_critic_update_0060.pt,130040,40,checkpoint,100,straight,True,True,80,0.2,1.0,0.3,0,0.0,1,40,80,True,1.0,1.0,1.0,0.029629630512661403,0.4370370414521959,0.6518518593576219,53.53703704012765,0.0,0.0,0.0,45.0,42.0,45.0,1.0,5.0,5.0,5.0,0.0,1.0,0.0,45.0,0.16666666666666666,1.0,0.1666666716337204,14896.769889322917,5258.712890625,3621.235107421875,3248.76123046875,3621.235107421875,3248.76123046875,36.64598014950752
test,dropout030_relay_failure,no_task_support,no_task_support,none,none,0,60,no_task_support,results/intercept_3d_gate1_hardened_safety_no_task_support_5seed_fixed_update60_candidate/runs/multi_relation/bc_ppo_seed0/actor_critic_update_0060.pt,130045,45,checkpoint,100,straight,True,True,80,0.2,1.0,0.3,0,0.0,1,40,80,True,1.0,1.0,1.0,0.029629630512661403,0.4296296338240306,0.6629629684819116,46.90370336506102,0.0,0.0,0.0,45.0,42.0,45.0,1.0,5.0,5.0,5.0,0.0,1.0,0.0,45.0,0.16666666666666666,1.0,0.1666666716337204,14855.417697482639,5174.43505859375,3894.54052734375,3098.56005859375,3894.54052734375,3098.56005859375,36.93165022134781
test,dropout030_relay_failure,no_task_support,no_task_support,none,none,0,60,no_task_support,results/intercept_3d_gate1_hardened_safety_no_task_support_5seed_fixed_update60_candidate/runs/multi_relation/bc_ppo_seed0/actor_critic_update_0060.pt,130011,11,checkpoint,100,straight,True,True,80,0.2,1.0,0.3,0,0.0,1,40,80,True,1.0,1.0,1.0,0.028985508110212242,0.44927536663801776,0.6123188500818999,45.96376866134612,0.0,0.0,0.0,46.0,43.0,46.0,1.0,6.0,6.0,6.0,0.0,1.0,0.0,46.0,0.14285714285714285,1.0,0.21428572067192622,14664.599662449049,4834.74560546875,3594.896484375,2713.71337890625,3594.896484375,2713.71337890625,37.49040204286575
test,dropout030_relay_failure,no_task_support,no_task_support,none,none,0,60,no_task_support,results/intercept_3d_gate1_hardened_safety_no_task_support_5seed_fixed_update60_candidate/runs/multi_relation/bc_ppo_seed0/actor_critic_update_0060.pt,130017,17,checkpoint,100,straight,True,True,80,0.2,1.0,0.3,0,0.0,1,40,80,True,1.0,1.0,1.0,0.028985508110212242,0.44927536663801776,0.6340579805166825,53.44927552795929,0.0,0.0,0.0,46.0,43.0,46.0,1.0,6.0,6.0,6.0,0.0,1.0,0.0,46.0,0.14285714285714285,1.0,0.21428572067192622,14666.651452105978,4844.53271484375,3658.66552734375,3333.922607421875,3658.66552734375,3333.922607421875,37.25253617763519
test,dropout030_relay_failure,no_task_support,no_task_support,none,none,0,60,no_task_support,results/intercept_3d_gate1_hardened_safety_no_task_support_5seed_fixed_update60_candidate/runs/multi_relation/bc_ppo_seed0/actor_critic_update_0060.pt,130020,20,checkpoint,100,straight,True,True,80,0.2,1.0,0.3,0,0.0,1,40,80,True,1.0,1.0,1.0,0.028985508110212242,0.44927536663801776,0.5760869655920111,54.5507248568794,0.0,0.0,0.0,46.0,43.0,46.0,1.0,6.0,6.0,6.0,0.0,1.0,0.0,46.0,0.14285714285714285,1.0,0.19047619615282332,14717.539975373642,4921.45068359375,3740.590087890625,3122.114990234375,3740.590087890625,3122.114990234375,36.67872652411461
test,dropout030_relay_failure,no_task_support,no_task_support,none,none,0,60,no_task_support,results/intercept_3d_gate1_hardened_safety_no_task_support_5seed_fixed_update60_candidate/runs/multi_relation/bc_ppo_seed0/actor_critic_update_0060.pt,130027,27,checkpoint,100,straight,True,True,80,0.2,1.0,0.3,0,0.0,1,40,80,True,1.0,1.0,1.0,0.028985508110212242,0.44202898961046466,0.6594202975216119,52.47826070111731,0.0,0.0,0.0,46.0,43.0,46.0,1.0,6.0,6.0,6.0,0.0,1.0,0.0,46.0,0.14285714285714285,1.0,0.28571429422923494,14659.208071501358,4848.07275390625,3746.85986328125,3252.1669921875,3746.85986328125,3252.1669921875,37.39818009734154
test,dropout030_relay_failure,no_task_support,no_task_support,none,none,0,60,no_task_support,results/intercept_3d_gate1_hardened_safety_no_task_support_5seed_fixed_update60_candidate/runs/multi_relation/bc_ppo_seed0/actor_critic_update_0060.pt,130028,28,checkpoint,100,straight,True,True,80,0.2,1.0,0.3,0,0.0,1,40,80,True,1.0,1.0,1.0,0.028985508110212242,0.44202898961046466,0.6340579808406208,46.91304383945206,0.0,0.0,0.0,46.0,43.0,46.0,1.0,6.0,6.0,6.0,0.0,1.0,0.0,46.0,0.14285714285714285,1.0,0.23809524519102915,14680.55759595788,4881.390625,3930.17041015625,2411.989501953125,3930.17041015625,2411.989501953125,37.40520757436752
test,dropout030_relay_failure,no_task_support,no_task_support,none,none,0,60,no_task_support,results/intercept_3d_gate1_hardened_safety_no_task_support_5seed_fixed_update60_candidate/runs/multi_relation/bc_ppo_seed0/actor_critic_update_0060.pt,130030,30,checkpoint,100,straight,True,True,80,0.2,1.0,0.3,0,0.0,1,40,80,True,1.0,1.0,1.0,0.028985508110212242,0.44927536663801776,0.6195652245179467,46.9456520423941,0.0,0.0,0.0,46.0,43.0,46.0,1.0,6.0,6.0,6.0,0.0,1.0,0.0,46.0,0.14285714285714285,1.0,0.19047619615282332,14709.947934358017,4956.24072265625,3865.22412109375,2278.473388671875,3865.22412109375,2278.473388671875,37.415832221508026
test,dropout030_relay_failure,no_task_support,no_task_support,none,none,0,60,no_task_support,results/intercept_3d_gate1_hardened_safety_no_task_support_5seed_fixed_update60_candidate/runs/multi_relation/bc_ppo_seed0/actor_critic_update_0060.pt,130035,35,checkpoint,100,straight,True,True,80,0.2,1.0,0.3,0,0.0,1,40,80,True,1.0,1.0,1.0,0.028985508110212242,0.44927536663801776,0.644927544762259,51.55072486206241,0.0,0.0,0.0,46.0,43.0,46.0,1.0,6.0,6.0,6.0,0.0,1.0,0.0,46.0,0.14285714285714285,1.0,0.26190476971013205,14679.205831776495,4894.14892578125,3733.38330078125,2559.2509765625,3733.38330078125,2559.2509765625,37.40106663107872
test,dropout030_relay_failure,no_task_support,no_task_support,none,none,0,60,no_task_support,results/intercept_3d_gate1_hardened_safety_no_task_support_5seed_fixed_update60_candidate/runs/multi_relation/bc_ppo_seed0/actor_critic_update_0060.pt,130037,37,checkpoint,100,straight,True,True,80,0.2,1.0,0.3,0,0.0,1,40,80,True,1.0,1.0,1.0,0.028985508110212242,0.44927536663801776,0.6086956583287405,49.87681170196637,0.0,0.0,0.0,46.0,43.0,46.0,1.0,6.0,6.0,6.0,0.0,1.0,0.0,46.0,0.14285714285714285,1.0,0.1666666716337204,14689.037544582201,4964.05615234375,4026.259033203125,2597.76318359375,4026.259033203125,2597.76318359375,37.16820289194584
test,dropout030_relay_failure,no_task_support,no_task_support,none,none,0,60,no_task_support,results/intercept_3d_gate1_hardened_safety_no_task_support_5seed_fixed_update60_candidate/runs/multi_relation/bc_ppo_seed0/actor_critic_update_0060.pt,130044,44,checkpoint,100,straight,True,True,80,0.2,1.0,0.3,0,0.0,1,40,80,True,1.0,1.0,1.0,0.028985508110212242,0.44202898961046466,0.6159420379477999,60.0978258938893,0.0,0.0,0.0,46.0,43.0,46.0,1.0,6.0,6.0,6.0,0.0,1.0,0.0,46.0,0.14285714285714285,1.0,0.23809524519102915,14710.627133576767,4948.48583984375,3995.49951171875,3278.3095703125,3995.49951171875,3278.3095703125,36.5839546918869
test,dropout030_relay_failure,no_task_support,no_task_support,none,none,0,60,no_task_support,results/intercept_3d_gate1_hardened_safety_no_task_support_5seed_fixed_update60_candidate/runs/multi_relation/bc_ppo_seed0/actor_critic_update_0060.pt,130006,6,checkpoint,100,straight,True,True,80,0.2,1.0,0.3,0,0.0,1,40,80,True,1.0,1.0,1.0,0.02836879517169709,0.4609929120286982,0.6312056824247888,48.73049650483943,0.0,0.0,0.0,47.0,44.0,47.0,1.0,7.0,7.0,7.0,0.0,1.0,0.0,47.0,0.125,1.0,0.27083334140479565,14473.758757895612,4526.85498046875,3562.89453125,2980.76171875,3562.89453125,2980.76171875,38.271673291921616
test,dropout030_relay_failure,no_task_support,no_task_support,none,none,0,60,no_task_support,results/intercept_3d_gate1_hardened_safety_no_task_support_5seed_fixed_update60_candidate/runs/multi_relation/bc_ppo_seed0/actor_critic_update_0060.pt,130018,18,checkpoint,100,straight,True,True,80,0.2,1.0,0.3,0,0.0,1,40,80,True,1.0,1.0,1.0,0.02836879517169709,0.4539007132357739,0.6063829876006918,57.04609907180705,0.0,0.0,0.0,47.0,44.0,47.0,1.0,7.0,7.0,7.0,0.0,1.0,0.0,47.0,0.125,1.0,0.18750000558793545,14503.093053939494,4628.94287109375,3847.379638671875,2875.9560546875,3847.379638671875,2875.9560546875,37.43295580148697
test,dropout030_relay_failure,no_task_support,no_task_support,none,none,0,60,no_task_support,results/intercept_3d_gate1_hardened_safety_no_task_support_5seed_fixed_update60_candidate/runs/multi_relation/bc_ppo_seed0/actor_critic_update_0060.pt,130032,32,checkpoint,100,straight,True,True,80,0.2,1.0,0.3,0,0.0,1,40,80,True,1.0,1.0,1.0,0.02836879517169709,0.4609929120286982,0.5744680933495785,49.773049992766786,0.0,0.0,0.0,47.0,44.0,47.0,1.0,7.0,7.0,7.0,0.0,1.0,0.0,47.0,0.125,1.0,0.14583333767950535,14484.696341007313,4608.47119140625,3702.958740234375,2838.757568359375,3702.958740234375,2838.757568359375,37.63468140363693
test,dropout030_relay_failure,no_task_support,no_task_support,none,none,0,60,no_task_support,results/intercept_3d_gate1_hardened_safety_no_task_support_5seed_fixed_update60_candidate/runs/multi_relation/bc_ppo_seed0/actor_critic_update_0060.pt,130033,33,checkpoint,100,straight,True,True,80,0.2,1.0,0.3,0,0.0,1,40,80,True,1.0,1.0,1.0,0.02836879517169709,0.4609929120286982,0.6524822781694696,53.36524867345678,0.0,0.0,0.0,47.0,44.0,47.0,1.0,7.0,7.0,7.0,0.0,1.0,0.0,47.0,0.125,1.0,0.22916667349636555,14471.161382147606,4531.12548828125,3823.27099609375,2628.33837890625,3823.27099609375,2628.33837890625,38.37542602419853
test,dropout030_relay_failure,no_task_support,no_task_support,none,none,0,60,no_task_support,results/intercept_3d_gate1_hardened_safety_no_task_support_5seed_fixed_update60_candidate/runs/multi_relation/bc_ppo_seed0/actor_critic_update_0060.pt,130036,36,checkpoint,100,straight,True,True,80,0.2,1.0,0.3,0,0.0,1,40,80,True,1.0,1.0,1.0,0.02836879517169709,0.4539007132357739,0.6666666725848583,47.82624065305324,0.0,0.0,0.0,47.0,44.0,47.0,1.0,7.0,7.0,7.0,0.0,1.0,0.0,47.0,0.125,1.0,0.22916667349636555,14536.067652925532,4652.26708984375,3859.687744140625,2252.145751953125,3859.687744140625,2252.145751953125,38.45159122347832
test,dropout030_relay_failure,no_task_support,no_task_support,none,none,0,60,no_task_support,results/intercept_3d_gate1_hardened_safety_no_task_support_5seed_fixed_update60_candidate/runs/multi_relation/bc_ppo_seed0/actor_critic_update_0060.pt,130041,41,checkpoint,100,straight,True,True,80,0.2,1.0,0.3,0,0.0,1,40,80,True,1.0,1.0,1.0,0.02836879517169709,0.4609929120286982,0.6453900790594994,47.80851067317293,0.0,0.0,0.0,47.0,44.0,47.0,1.0,7.0,7.0,7.0,0.0,1.0,0.0,47.0,0.125,1.0,0.31250000931322575,14460.30686918218,4475.50830078125,3662.989990234375,2834.965087890625,3662.989990234375,2834.965087890625,38.4895798265934
test,dropout030_relay_failure,no_task_support,no_task_support,none,none,0,60,no_task_support,results/intercept_3d_gate1_hardened_safety_no_task_support_5seed_fixed_update60_candidate/runs/multi_relation/bc_ppo_seed0/actor_critic_update_0060.pt,130047,47,checkpoint,100,straight,True,True,80,0.2,1.0,0.3,0,0.0,1,40,80,True,1.0,1.0,1.0,0.02836879517169709,0.4609929120286982,0.6276595830283267,46.978723080234325,0.0,0.0,0.0,47.0,44.0,47.0,1.0,7.0,7.0,7.0,0.0,1.0,0.0,47.0,0.125,1.0,0.22916667349636555,14493.239870761303,4595.92138671875,3841.241455078125,2543.546142578125,3841.241455078125,2543.546142578125,38.280509650707245
test,dropout030_relay_failure,no_task_support,no_task_support,none,none,0,60,no_task_support,results/intercept_3d_gate1_hardened_safety_no_task_support_5seed_fixed_update60_candidate/runs/multi_relation/bc_ppo_seed0/actor_critic_update_0060.pt,130002,2,checkpoint,100,straight,True,True,80,0.2,1.0,0.3,0,0.0,1,40,80,True,1.0,1.0,1.0,0.027777778605620067,0.45833333767950535,0.572916676911215,44.319444661339126,0.0,0.0,0.0,48.0,45.0,48.0,1.0,8.0,8.0,8.0,0.0,1.0,0.0,48.0,0.1111111111111111,1.0,0.2592592669857873,14358.311981201172,4406.13720703125,3392.374267578125,2427.052734375,3392.374267578125,2427.052734375,38.324551463127136
test,dropout030_relay_failure,no_task_support,no_task_support,none,none,0,60,no_task_support,results/intercept_3d_gate1_hardened_safety_no_task_support_5seed_fixed_update60_candidate/runs/multi_relation/bc_ppo_seed0/actor_critic_update_0060.pt,130026,26,checkpoint,100,straight,True,True,80,0.2,1.0,0.3,0,0.0,1,40,80,True,1.0,1.0,1.0,0.027777778605620067,0.46527778171002865,0.6631944517915448,44.26736079994589,0.0,0.0,0.0,48.0,45.0,48.0,1.0,8.0,8.0,8.0,0.0,1.0,0.0,48.0,0.1111111111111111,1.0,0.2777777860562007,14373.645426432291,4446.07861328125,3459.2529296875,2322.72021484375,3459.2529296875,2322.72021484375,39.2836979329586
test,dropout030_relay_failure,no_task_support,no_task_support,none,none,0,60,no_task_support,results/intercept_3d_gate1_hardened_safety_no_task_support_5seed_fixed_update60_candidate/runs/multi_relation/bc_ppo_seed0/actor_critic_update_0060.pt,130043,43,checkpoint,100,straight,True,True,80,0.2,1.0,0.3,0,0.0,1,40,80,True,1.0,1.0,1.0,0.027777778605620067,0.46527778171002865,0.6250000090027849,51.50347211615493,0.0,0.0,0.0,48.0,45.0,48.0,1.0,8.0,8.0,8.0,0.0,1.0,0.0,48.0,0.1111111111111111,1.0,0.31481482419702744,14295.366119384766,4203.92236328125,3276.188232421875,2637.78173828125,3276.188232421875,2637.78173828125,38.76201109588146
test,dropout030_relay_failure,no_task_support,no_task_support,none,none,0,60,no_task_support,results/intercept_3d_gate1_hardened_safety_no_task_support_5seed_fixed_update60_candidate/runs/multi_relation/bc_ppo_seed0/actor_critic_update_0060.pt,130022,22,checkpoint,100,straight,True,True,80,0.2,1.0,0.3,0,0.0,1,40,80,True,1.0,1.0,1.0,0.027210885164689044,0.46938775935951543,0.5782312991059556,40.94217671758058,0.0,0.0,0.0,49.0,46.0,49.0,1.0,9.0,9.0,9.0,0.0,1.0,0.0,49.0,0.1,1.0,0.23333334028720856,14168.508480149872,4238.83349609375,2944.3779296875,2438.164794921875,2944.3779296875,2438.164794921875,39.20870199799538
test,dropout030_relay_failure,no_task_support,no_task_support,none,none,0,60,no_task_support,results/intercept_3d_gate1_hardened_safety_no_task_support_5seed_fixed_update60_candidate/runs/multi_relation/bc_ppo_seed0/actor_critic_update_0060.pt,130034,34,checkpoint,100,straight,True,True,80,0.2,1.0,0.3,0,0.0,1,40,80,True,1.0,1.0,1.0,0.027210885164689044,0.46258503806834317,0.632653067914807,41.690475820886846,0.0,0.0,0.0,49.0,46.0,49.0,1.0,9.0,9.0,9.0,0.0,1.0,0.0,49.0,0.1,1.0,0.26666667461395266,14189.219731544961,4068.263427734375,2782.86962890625,2776.031005859375,2782.86962890625,2776.031005859375,39.70349031686783
test,dropout030_relay_failure,no_task_support,no_task_support,none,none,0,60,no_task_support,results/intercept_3d_gate1_hardened_safety_no_task_support_5seed_fixed_update60_candidate/runs/multi_relation/bc_ppo_seed0/actor_critic_update_0060.pt,130046,46,checkpoint,100,straight,True,True,80,0.2,1.0,0.3,0,0.0,1,40,80,True,1.0,1.0,1.0,0.027210885164689044,0.47619048004247705,0.5918367441211428,43.54421764520966,0.0,0.0,0.0,49.0,46.0,49.0,1.0,9.0,9.0,9.0,0.0,1.0,0.0,49.0,0.1,1.0,0.2500000074505806,14128.2212761081,4092.067138671875,2722.193115234375,2714.983642578125,2722.193115234375,2714.983642578125,39.38312914967537
test,dropout030_relay_failure,no_task_support,no_task_support,none,none,0,60,no_task_support,results/intercept_3d_gate1_hardened_safety_no_task_support_5seed_fixed_update60_candidate/runs/multi_relation/bc_ppo_seed0/actor_critic_update_0060.pt,130048,48,checkpoint,100,straight,True,True,80,0.2,1.0,0.3,0,0.0,1,40,80,True,1.0,1.0,1.0,0.027210885164689044,0.46258503806834317,0.6496598717509484,45.23129230859328,0.0,0.0,0.0,49.0,46.0,49.0,1.0,9.0,9.0,9.0,0.0,1.0,0.0,49.0,0.1,1.0,0.23333334028720856,14154.446857063138,4016.44921875,2634.56689453125,2865.070068359375,2634.56689453125,2865.070068359375,39.71214523911476
test,dropout030_relay_failure,no_task_support,no_task_support,none,none,0,60,no_task_support,results/intercept_3d_gate1_hardened_safety_no_task_support_5seed_fixed_update60_candidate/runs/multi_relation/bc_ppo_seed0/actor_critic_update_0060.pt,130049,49,checkpoint,100,straight,True,True,80,0.2,1.0,0.3,0,0.0,1,40,80,True,1.0,1.0,1.0,0.027210885164689044,0.46938775935951543,0.6156462646868764,44.46258480390724,0.0,0.0,0.0,49.0,46.0,49.0,1.0,9.0,9.0,9.0,0.0,1.0,0.0,49.0,0.1,1.0,0.18333333879709243,14141.88209502551,4129.59912109375,2660.62060546875,2841.923828125,2660.62060546875,2841.923828125,39.42972204089165
test,dropout030_relay_failure,no_task_support,no_task_support,none,none,0,60,no_task_support,results/intercept_3d_gate1_hardened_safety_no_task_support_5seed_fixed_update60_candidate/runs/multi_relation/bc_ppo_seed0/actor_critic_update_0060.pt,130009,9,checkpoint,100,straight,True,True,80,0.2,1.0,0.3,0,0.0,1,40,80,True,1.0,1.0,1.0,0.026666667461395264,0.48000000417232513,0.5866666746139526,47.16000000089407,0.0,0.0,0.0,50.0,47.0,50.0,1.0,10.0,10.0,10.0,0.0,1.0,0.0,50.0,0.09090909090909091,0.969696971503171,0.24242424964904785,13952.169067382812,3859.843017578125,2431.289306640625,2521.966064453125,2431.289306640625,2521.966064453125,39.74574160575867
test,dropout030_relay_failure,no_task_support,no_task_support,none,none,0,60,no_task_support,results/intercept_3d_gate1_hardened_safety_no_task_support_5seed_fixed_update60_candidate/runs/multi_relation/bc_ppo_seed0/actor_critic_update_0060.pt,130012,12,checkpoint,100,straight,True,True,80,0.2,1.0,0.3,0,0.0,1,40,80,True,1.0,1.0,1.0,0.026666667461395264,0.4733333373069763,0.5733333420753479,43.070000088214876,0.0,0.0,0.0,50.0,47.0,50.0,1.0,10.0,10.0,10.0,0.0,1.0,0.0,50.0,0.09090909090909091,1.0,0.1515151560306549,14030.10048828125,4095.837890625,2849.629638671875,2478.521240234375,2849.629638671875,2478.521240234375,39.485188364982605
test,dropout030_relay_failure,no_task_support,no_task_support,none,none,0,60,no_task_support,results/intercept_3d_gate1_hardened_safety_no_task_support_5seed_fixed_update60_candidate/runs/multi_relation/bc_ppo_seed0/actor_critic_update_0060.pt,130014,14,checkpoint,100,straight,True,True,80,0.2,1.0,0.3,0,0.0,1,40,80,True,0.0,0.0,1.0,0.003846153960778163,0.09743589873497303,0.15064102806724033,91.96410255942207,0.0,1.0,0.0,260.0,46.0,-1.0,0.0,220.0,220.0,-1.0,0.0,0.0,1.0,-1.0,0.0,0.15416666828095912,0.13541667070239782,36931.102516526444,78202.2421875,1035.8135986328125,1918.8763427734375,71701.28125,10137.9306640625,-38.03299382328987
test,dropout030_relay_failure,no_task_support,no_task_support,none,none,0,60,no_task_support,results/intercept_3d_gate1_hardened_safety_no_task_support_5seed_fixed_update60_candidate/runs/multi_relation/bc_ppo_seed0/actor_critic_update_0060.pt,130015,15,checkpoint,100,straight,True,True,80,0.2,1.0,0.3,0,0.0,1,40,80,True,0.0,0.0,1.0,0.0012820513202593878,0.09230769333931116,0.15320513082238343,75.65833335885635,0.0,1.0,0.0,260.0,49.0,-1.0,0.0,220.0,220.0,-1.0,0.0,0.0,1.0,-1.0,0.0,0.14166666753590107,0.14166667088866233,37802.7619140625,79918.2578125,2070.089111328125,2089.25439453125,78580.3046875,10745.0439453125,-40.02390299551189
test,dropout030_relay_failure,no_task_support,no_task_support,none,none,0,60,no_task_support,results/intercept_3d_gate1_hardened_safety_no_task_support_5seed_fixed_update60_candidate/runs/multi_relation/bc_ppo_seed0/actor_critic_update_0060.pt,130021,21,checkpoint,100,straight,True,True,80,0.2,1.0,0.3,0,0.0,1,40,80,True,0.0,0.0,0.0,0.0,0.09230769345393548,0.16474359304859088,72.97692304385396,0.0,1.0,0.0,260.0,-1.0,-1.0,0.0,220.0,220.0,-1.0,0.0,0.0,1.0,-1.0,0.0,0.13750000149011612,0.15625000465661287,38030.20708477314,81560.6796875,1317.4354248046875,2204.3505859375,77750.09375,17889.259765625,-41.32395561411977
test,dropout030_relay_failure,no_task_support,no_task_support,none,none,0,60,no_task_support,results/intercept_3d_gate1_hardened_safety_no_task_support_5seed_fixed_update60_candidate/runs/multi_relation/bc_ppo_seed0/actor_critic_update_0060.pt,130024,24,checkpoint,100,straight,True,True,80,0.2,1.0,0.3,0,0.0,1,40,80,True,0.0,0.0,1.0,0.003846153960778163,0.09871794971135947,0.1724359006835864,72.87179489605703,0.0,1.0,0.0,260.0,47.0,-1.0,0.0,220.0,220.0,-1.0,0.0,0.0,1.0,-1.0,0.0,0.15416666753590108,0.1687500050291419,37908.51331411509,81671.4765625,480.1013488769531,1770.71728515625,79694.1875,10248.57421875,-38.20534713752568
test,dropout030_relay_failure,no_task_support,no_task_support,none,none,0,60,no_task_support,results/intercept_3d_gate1_hardened_safety_no_task_support_5seed_fixed_update60_candidate/runs/multi_relation/bc_ppo_seed0/actor_critic_update_0060.pt,130029,29,checkpoint,100,straight,True,True,80,0.2,1.0,0.3,0,0.0,1,40,80,True,0.0,0.0,0.0,0.0,0.09487179586520562,0.15448718208533066,76.40512884035707,0.0,1.0,0.0,260.0,-1.0,-1.0,0.0,220.0,220.0,-1.0,0.0,0.0,1.0,-1.0,0.0,0.15416666753590108,0.14166667088866233,37723.906294133114,79820.4921875,1762.8763427734375,1981.9383544921875,78509.6640625,10696.7412109375,-40.87268738821149
test,dropout030_relay_failure,no_task_support,no_task_support,none,none,0,60,no_task_support,results/intercept_3d_gate1_hardened_safety_no_task_support_5seed_fixed_update60_candidate/runs/multi_relation/bc_ppo_seed0/actor_critic_update_0060.pt,130031,31,checkpoint,100,straight,True,True,80,0.2,1.0,0.3,0,0.0,1,40,80,True,0.0,0.0,1.0,0.0025641026405187756,0.09871794982598378,0.16666666968510702,73.87820487010937,0.0,1.0,0.0,260.0,50.0,-1.0,0.0,220.0,220.0,-1.0,0.0,0.0,1.0,-1.0,0.0,0.16250000111758708,0.15000000447034836,37772.49083439753,80792.2109375,1724.31982421875,1452.9632568359375,78530.2578125,11257.0078125,-38.56535913422704
test,dropout030_relay_failure,no_task_support,no_task_support,none,none,0,60,no_task_support,results/intercept_3d_gate1_hardened_safety_no_task_support_5seed_fixed_update60_candidate/runs/multi_relation/bc_ppo_seed0/actor_critic_update_0060.pt,130039,39,checkpoint,100,straight,True,True,80,0.2,1.0,0.3,0,0.0,1,40,80,True,0.0,0.0,1.0,0.003846153960778163,0.09743589862034871,0.1621794897203262,76.14679448421185,0.0,1.0,0.0,260.0,47.0,-1.0,0.0,220.0,220.0,-1.0,0.0,0.0,1.0,-1.0,0.0,0.1583333346992731,0.15625000465661287,37713.77418494591,80144.34375,1100.069091796875,2040.8306884765625,78255.8125,9065.759765625,-38.058220051229
test,dropout030_relay_failure,no_task_support,no_task_support,none,none,0,60,no_task_support,results/intercept_3d_gate1_hardened_safety_no_task_support_5seed_fixed_update60_candidate/runs/multi_relation/bc_ppo_seed0/actor_critic_update_0060.pt,130051,51,checkpoint,100,straight,True,True,80,0.2,1.0,0.3,0,0.0,1,40,80,True,1.0,1.0,1.0,0.03030303120613098,0.4166666716337204,0.6515151604332707,45.92424288155003,0.0,0.0,0.0,44.0,41.0,44.0,1.0,4.0,4.0,4.0,0.0,1.0,0.0,44.0,0.2,1.0,0.13333333730697633,15130.50088778409,5698.67578125,3758.650390625,2543.807861328125,3758.650390625,2543.807861328125,35.96755197644234
test,dropout030_relay_failure,no_task_support,no_task_support,none,none,0,60,no_task_support,results/intercept_3d_gate1_hardened_safety_no_task_support_5seed_fixed_update60_candidate/runs/multi_relation/bc_ppo_seed0/actor_critic_update_0060.pt,130054,54,checkpoint,100,straight,True,True,80,0.2,1.0,0.3,0,0.0,1,40,80,True,1.0,1.0,1.0,0.03030303120613098,0.40909091383218765,0.659090917557478,54.662878730080344,0.0,0.0,0.0,44.0,41.0,44.0,1.0,4.0,4.0,4.0,0.0,1.0,0.0,44.0,0.2,1.0,0.20000000596046447,15187.524980024858,5783.69189453125,3445.464599609375,3513.049560546875,3445.464599609375,3513.049560546875,35.40288695693016
test,dropout030_relay_failure,no_task_support,no_task_support,none,none,0,60,no_task_support,results/intercept_3d_gate1_hardened_safety_no_task_support_5seed_fixed_update60_candidate/runs/multi_relation/bc_ppo_seed0/actor_critic_update_0060.pt,130060,60,checkpoint,100,straight,True,True,80,0.2,1.0,0.3,0,0.0,1,40,80,True,1.0,1.0,1.0,0.03030303120613098,0.4242424287579276,0.6742424318058924,49.734848428856246,0.0,0.0,0.0,44.0,41.0,44.0,1.0,4.0,4.0,4.0,0.0,1.0,0.0,44.0,0.2,1.0,0.23333334028720856,15108.202980735085,5643.033203125,3791.850341796875,2398.822509765625,3791.850341796875,2398.822509765625,36.15880414843559
test,dropout030_relay_failure,no_task_support,no_task_support,none,none,0,60,no_task_support,results/intercept_3d_gate1_hardened_safety_no_task_support_5seed_fixed_update60_candidate/runs/multi_relation/bc_ppo_seed0/actor_critic_update_0060.pt,130066,66,checkpoint,100,straight,True,True,80,0.2,1.0,0.3,0,0.0,1,40,80,True,1.0,1.0,1.0,0.03030303120613098,0.4166666716337204,0.6401515227149833,51.84848467429931,0.0,0.0,0.0,44.0,41.0,44.0,1.0,4.0,4.0,4.0,0.0,1.0,0.0,44.0,0.2,1.0,0.1666666716337204,15242.489624023438,5880.02490234375,3407.41064453125,2417.461181640625,3407.41064453125,2417.461181640625,35.429845958948135
test,dropout030_relay_failure,no_task_support,no_task_support,none,none,0,60,no_task_support,results/intercept_3d_gate1_hardened_safety_no_task_support_5seed_fixed_update60_candidate/runs/multi_relation/bc_ppo_seed0/actor_critic_update_0060.pt,130093,93,checkpoint,100,straight,True,True,80,0.2,1.0,0.3,0,0.0,1,40,80,True,1.0,1.0,1.0,0.03030303120613098,0.40909091383218765,0.6363636448302052,48.958333273841575,0.0,0.0,0.0,44.0,41.0,44.0,1.0,4.0,4.0,4.0,0.0,1.0,0.0,44.0,0.2,1.0,0.26666667461395266,15191.405561967329,5794.474609375,3557.849609375,1988.0806884765625,3557.849609375,1988.0806884765625,35.585823744535446
test,dropout030_relay_failure,no_task_support,no_task_support,none,none,0,60,no_task_support,results/intercept_3d_gate1_hardened_safety_no_task_support_5seed_fixed_update60_candidate/runs/multi_relation/bc_ppo_seed0/actor_critic_update_0060.pt,130098,98,checkpoint,100,straight,True,True,80,0.2,1.0,0.3,0,0.0,1,40,80,True,1.0,1.0,1.0,0.03030303120613098,0.4242424287579276,0.6401515250856226,45.86363665556366,0.0,0.0,0.0,44.0,41.0,44.0,1.0,4.0,4.0,4.0,0.0,1.0,0.0,44.0,0.2,1.0,0.1666666716337204,15105.338112571022,5578.35009765625,3802.33203125,2894.736328125,3802.33203125,2894.736328125,36.107547134160995
test,dropout030_relay_failure,no_task_support,no_task_support,none,none,0,60,no_task_support,results/intercept_3d_gate1_hardened_safety_no_task_support_5seed_fixed_update60_candidate/runs/multi_relation/bc_ppo_seed0/actor_critic_update_0060.pt,130056,56,checkpoint,100,straight,True,True,80,0.2,1.0,0.3,0,0.0,1,40,80,True,1.0,1.0,1.0,0.029629630512661403,0.4370370414521959,0.6629629704687331,39.16666666633553,0.0,0.0,0.0,45.0,42.0,45.0,1.0,5.0,5.0,5.0,0.0,1.0,0.0,45.0,0.16666666666666666,1.0,0.19444445023934046,14843.565245225695,5096.525390625,3586.691650390625,2581.659423828125,3586.691650390625,2581.659423828125,37.477434664964676
test,dropout030_relay_failure,no_task_support,no_task_support,none,none,0,60,no_task_support,results/intercept_3d_gate1_hardened_safety_no_task_support_5seed_fixed_update60_candidate/runs/multi_relation/bc_ppo_seed0/actor_critic_update_0060.pt,130063,63,checkpoint,100,straight,True,True,80,0.2,1.0,0.3,0,0.0,1,40,80,True,1.0,1.0,1.0,0.029629630512661403,0.4370370414521959,0.6481481571992238,44.00740760697259,0.0,0.0,0.0,45.0,42.0,45.0,1.0,5.0,5.0,5.0,0.0,1.0,0.0,45.0,0.16666666666666666,1.0,0.2500000074505806,14855.918641493055,5088.58642578125,3531.37060546875,2991.110107421875,3531.37060546875,2991.110107421875,37.22387719154358
test,dropout030_relay_failure,no_task_support,no_task_support,none,none,0,60,no_task_support,results/intercept_3d_gate1_hardened_safety_no_task_support_5seed_fixed_update60_candidate/runs/multi_relation/bc_ppo_seed0/actor_critic_update_0060.pt,130069,69,checkpoint,100,straight,True,True,80,0.2,1.0,0.3,0,0.0,1,40,80,True,1.0,1.0,1.0,0.029629630512661403,0.4370370414521959,0.614814821879069,54.68518509036965,0.0,0.0,0.0,45.0,42.0,45.0,1.0,5.0,5.0,5.0,0.0,1.0,0.0,45.0,0.16666666666666666,1.0,0.19444445023934046,14908.709657118055,5308.25537109375,3715.76171875,2647.490966796875,3715.76171875,2647.490966796875,36.195267140865326
test,dropout030_relay_failure,no_task_support,no_task_support,none,none,0,60,no_task_support,results/intercept_3d_gate1_hardened_safety_no_task_support_5seed_fixed_update60_candidate/runs/multi_relation/bc_ppo_seed0/actor_critic_update_0060.pt,130070,70,checkpoint,100,straight,True,True,80,0.2,1.0,0.3,0,0.0,1,40,80,True,1.0,1.0,1.0,0.029629630512661403,0.4370370414521959,0.6592592706282934,50.662963354918695,0.0,0.0,0.0,45.0,42.0,45.0,1.0,5.0,5.0,5.0,0.0,1.0,0.0,45.0,0.16666666666666666,1.0,0.2777777860562007,14902.634157986111,5221.873046875,3694.45068359375,3220.768310546875,3694.45068359375,3220.768310546875,36.83981481194496
test,dropout030_relay_failure,no_task_support,no_task_support,none,none,0,60,no_task_support,results/intercept_3d_gate1_hardened_safety_no_task_support_5seed_fixed_update60_candidate/runs/multi_relation/bc_ppo_seed0/actor_critic_update_0060.pt,130074,74,checkpoint,100,straight,True,True,80,0.2,1.0,0.3,0,0.0,1,40,80,True,1.0,1.0,1.0,0.029629630512661403,0.4370370414521959,0.6518518610133065,56.46666683852673,0.0,0.0,0.0,45.0,42.0,45.0,1.0,5.0,5.0,5.0,0.0,1.0,0.0,45.0,0.16666666666666666,1.0,0.19444445023934046,14901.83830295139,5321.91357421875,3796.544189453125,3433.055908203125,3796.544189453125,3433.055908203125,36.3974207341671
test,dropout030_relay_failure,no_task_support,no_task_support,none,none,0,60,no_task_support,results/intercept_3d_gate1_hardened_safety_no_task_support_5seed_fixed_update60_candidate/runs/multi_relation/bc_ppo_seed0/actor_critic_update_0060.pt,130076,76,checkpoint,100,straight,True,True,80,0.2,1.0,0.3,0,0.0,1,40,80,True,1.0,1.0,1.0,0.029629630512661403,0.4370370414521959,0.6740740838978025,50.61851908465226,0.0,0.0,0.0,45.0,42.0,45.0,1.0,5.0,5.0,5.0,0.0,1.0,0.0,45.0,0.16666666666666666,1.0,0.3055555646618207,14886.448111979167,5251.70068359375,3631.81396484375,3067.830322265625,3631.81396484375,3067.830322265625,36.932715743780136
test,dropout030_relay_failure,no_task_support,no_task_support,none,none,0,60,no_task_support,results/intercept_3d_gate1_hardened_safety_no_task_support_5seed_fixed_update60_candidate/runs/multi_relation/bc_ppo_seed0/actor_critic_update_0060.pt,130078,78,checkpoint,100,straight,True,True,80,0.2,1.0,0.3,0,0.0,1,40,80,True,1.0,1.0,1.0,0.029629630512661403,0.4370370414521959,0.7074074149131775,43.86666672858927,0.0,0.0,0.0,45.0,42.0,45.0,1.0,5.0,5.0,5.0,0.0,1.0,0.0,45.0,0.16666666666666666,1.0,0.19444445023934046,14872.562044270833,5216.97802734375,3620.458251953125,2535.328369140625,3620.458251953125,2535.328369140625,37.558554887771606
test,dropout030_relay_failure,no_task_support,no_task_support,none,none,0,60,no_task_support,results/intercept_3d_gate1_hardened_safety_no_task_support_5seed_fixed_update60_candidate/runs/multi_relation/bc_ppo_seed0/actor_critic_update_0060.pt,130082,82,checkpoint,100,straight,True,True,80,0.2,1.0,0.3,0,0.0,1,40,80,True,1.0,1.0,1.0,0.029629630512661403,0.4370370414521959,0.6185185263554255,51.68148106369707,0.0,0.0,0.0,45.0,42.0,45.0,1.0,5.0,5.0,5.0,0.0,1.0,0.0,45.0,0.16666666666666666,1.0,0.13888889302810034,14876.382541232639,5173.48291015625,3652.97900390625,3102.596435546875,3652.97900390625,3102.596435546875,36.441088169813156
test,dropout030_relay_failure,no_task_support,no_task_support,none,none,0,60,no_task_support,results/intercept_3d_gate1_hardened_safety_no_task_support_5seed_fixed_update60_candidate/runs/multi_relation/bc_ppo_seed0/actor_critic_update_0060.pt,130096,96,checkpoint,100,straight,True,True,80,0.2,1.0,0.3,0,0.0,1,40,80,True,1.0,1.0,1.0,0.029629630512661403,0.4370370414521959,0.6185185266865625,52.67407407959302,0.0,0.0,0.0,45.0,42.0,45.0,1.0,5.0,5.0,5.0,0.0,1.0,0.0,45.0,0.16666666666666666,1.0,0.2777777860562007,14879.602137586806,5234.18701171875,3702.9765625,3054.434326171875,3702.9765625,3054.434326171875,36.43121212720871
test,dropout030_relay_failure,no_task_support,no_task_support,none,none,0,60,no_task_support,results/intercept_3d_gate1_hardened_safety_no_task_support_5seed_fixed_update60_candidate/runs/multi_relation/bc_ppo_seed0/actor_critic_update_0060.pt,130052,52,checkpoint,100,straight,True,True,80,0.2,1.0,0.3,0,0.0,1,40,80,True,1.0,1.0,1.0,0.028985508110212242,0.44202898961046466,0.6594202984934268,50.63768146543399,0.0,0.0,0.0,46.0,43.0,46.0,1.0,6.0,6.0,6.0,0.0,1.0,0.0,46.0,0.14285714285714285,1.0,0.21428572067192622,14671.392790421196,4882.35205078125,3669.442626953125,2638.402587890625,3669.442626953125,2638.402587890625,37.4574299454689
test,dropout030_relay_failure,no_task_support,no_task_support,none,none,0,60,no_task_support,results/intercept_3d_gate1_hardened_safety_no_task_support_5seed_fixed_update60_candidate/runs/multi_relation/bc_ppo_seed0/actor_critic_update_0060.pt,130053,53,checkpoint,100,straight,True,True,80,0.2,1.0,0.3,0,0.0,1,40,80,True,1.0,1.0,1.0,0.028985508110212242,0.44927536663801776,0.6123188478143319,50.71014482560365,0.0,0.0,0.0,46.0,43.0,46.0,1.0,6.0,6.0,6.0,0.0,1.0,0.0,46.0,0.14285714285714285,1.0,0.21428572067192622,14700.17573879076,4882.39013671875,3794.824462890625,2749.599365234375,3794.824462890625,2749.599365234375,37.17011943459511
test,dropout030_relay_failure,no_task_support,no_task_support,none,none,0,60,no_task_support,results/intercept_3d_gate1_hardened_safety_no_task_support_5seed_fixed_update60_candidate/runs/multi_relation/bc_ppo_seed0/actor_critic_update_0060.pt,130057,57,checkpoint,100,straight,True,True,80,0.2,1.0,0.3,0,0.0,1,40,80,True,1.0,1.0,1.0,0.028985508110212242,0.44202898961046466,0.6811594247170116,40.28623154856589,0.0,0.0,0.0,46.0,43.0,46.0,1.0,6.0,6.0,6.0,0.0,1.0,0.0,46.0,0.14285714285714285,1.0,0.19047619615282332,14678.81980298913,4869.70263671875,4055.77587890625,2777.508544921875,4055.77587890625,2777.508544921875,38.163923770189285
test,dropout030_relay_failure,no_task_support,no_task_support,none,none,0,60,no_task_support,results/intercept_3d_gate1_hardened_safety_no_task_support_5seed_fixed_update60_candidate/runs/multi_relation/bc_ppo_seed0/actor_critic_update_0060.pt,130059,59,checkpoint,100,straight,True,True,80,0.2,1.0,0.3,0,0.0,1,40,80,True,1.0,1.0,1.0,0.028985508110212242,0.44202898961046466,0.6014492838926937,43.14130450817554,0.0,0.0,0.0,46.0,43.0,46.0,1.0,6.0,6.0,6.0,0.0,1.0,0.0,46.0,0.14285714285714285,1.0,0.21428572067192622,14642.892790421196,4779.50830078125,3681.32861328125,2547.393798828125,3681.32861328125,2547.393798828125,37.359411269426346
test,dropout030_relay_failure,no_task_support,no_task_support,none,none,0,60,no_task_support,results/intercept_3d_gate1_hardened_safety_no_task_support_5seed_fixed_update60_candidate/runs/multi_relation/bc_ppo_seed0/actor_critic_update_0060.pt,130083,83,checkpoint,100,straight,True,True,80,0.2,1.0,0.3,0,0.0,1,40,80,True,1.0,1.0,1.0,0.028985508110212242,0.44927536663801776,0.6521739204940589,49.65942030011312,0.0,0.0,0.0,46.0,43.0,46.0,1.0,6.0,6.0,6.0,0.0,1.0,0.0,46.0,0.14285714285714285,1.0,0.19047619615282332,14700.821586277174,4903.45947265625,3721.119384765625,2608.54833984375,3721.119384765625,2608.54833984375,37.57381397485733
test,dropout030_relay_failure,no_task_support,no_task_support,none,none,0,60,no_task_support,results/intercept_3d_gate1_hardened_safety_no_task_support_5seed_fixed_update60_candidate/runs/multi_relation/bc_ppo_seed0/actor_critic_update_0060.pt,130084,84,checkpoint,100,straight,True,True,80,0.2,1.0,0.3,0,0.0,1,40,80,True,1.0,1.0,1.0,0.028985508110212242,0.44927536663801776,0.6811594269845797,43.04710104089716,0.0,0.0,0.0,46.0,43.0,46.0,1.0,6.0,6.0,6.0,0.0,1.0,0.0,46.0,0.14285714285714285,1.0,0.21428572067192622,14673.106073794157,4832.10302734375,3802.52294921875,2537.38134765625,3802.52294921875,2537.38134765625,38.26435735821724
test,dropout030_relay_failure,no_task_support,no_task_support,none,none,0,60,no_task_support,results/intercept_3d_gate1_hardened_safety_no_task_support_5seed_fixed_update60_candidate/runs/multi_relation/bc_ppo_seed0/actor_critic_update_0060.pt,130086,86,checkpoint,100,straight,True,True,80,0.2,1.0,0.3,0,0.0,1,40,80,True,1.0,1.0,1.0,0.028985508110212242,0.44927536663801776,0.6123188487861467,43.19202912404485,0.0,0.0,0.0,46.0,43.0,46.0,1.0,6.0,6.0,6.0,0.0,1.0,0.0,46.0,0.14285714285714285,1.0,0.19047619615282332,14650.688996688179,4811.79443359375,3923.950439453125,2681.992919921875,3923.950439453125,2681.992919921875,37.62978449463844
test,dropout030_relay_failure,no_task_support,no_task_support,none,none,0,60,no_task_support,results/intercept_3d_gate1_hardened_safety_no_task_support_5seed_fixed_update60_candidate/runs/multi_relation/bc_ppo_seed0/actor_critic_update_0060.pt,130087,87,checkpoint,100,straight,True,True,80,0.2,1.0,0.3,0,0.0,1,40,80,True,1.0,1.0,1.0,0.028985508110212242,0.44202898961046466,0.6014492825969405,50.62681126043849,0.0,0.0,0.0,46.0,43.0,46.0,1.0,6.0,6.0,6.0,0.0,1.0,0.0,46.0,0.14285714285714285,1.0,0.21428572067192622,14676.510052224865,4863.07666015625,3893.466064453125,2731.720458984375,3893.466064453125,2731.720458984375,36.99314069747925
test,dropout030_relay_failure,no_task_support,no_task_support,none,none,0,60,no_task_support,results/intercept_3d_gate1_hardened_safety_no_task_support_5seed_fixed_update60_candidate/runs/multi_relation/bc_ppo_seed0/actor_critic_update_0060.pt,130088,88,checkpoint,100,straight,True,True,80,0.2,1.0,0.3,0,0.0,1,40,80,True,1.0,1.0,1.0,0.028985508110212242,0.44927536663801776,0.6123188500818999,52.65217388712841,0.0,0.0,0.0,46.0,43.0,46.0,1.0,6.0,6.0,6.0,0.0,1.0,0.0,46.0,0.14285714285714285,1.0,0.23809524519102915,14694.541928498642,4906.17822265625,3757.7548828125,2813.0107421875,3757.7548828125,2813.0107421875,37.146434754133224
test,dropout030_relay_failure,no_task_support,no_task_support,none,none,0,60,no_task_support,results/intercept_3d_gate1_hardened_safety_no_task_support_5seed_fixed_update60_candidate/runs/multi_relation/bc_ppo_seed0/actor_critic_update_0060.pt,130090,90,checkpoint,100,straight,True,True,80,0.2,1.0,0.3,0,0.0,1,40,80,True,1.0,1.0,1.0,0.028985508110212242,0.44927536663801776,0.6775362407383712,53.41666669722485,0.0,0.0,0.0,46.0,43.0,46.0,1.0,6.0,6.0,6.0,0.0,1.0,0.0,46.0,0.14285714285714285,1.0,0.3095238187483379,14673.904965608017,4863.81982421875,3618.446044921875,2840.279541015625,3618.446044921875,2840.279541015625,37.623877465724945
test,dropout030_relay_failure,no_task_support,no_task_support,none,none,0,60,no_task_support,results/intercept_3d_gate1_hardened_safety_no_task_support_5seed_fixed_update60_candidate/runs/multi_relation/bc_ppo_seed0/actor_critic_update_0060.pt,130099,99,checkpoint,100,straight,True,True,80,0.2,1.0,0.3,0,0.0,1,40,80,True,1.0,1.0,1.0,0.028985508110212242,0.44202898961046466,0.6340579795448676,40.32608696008506,0.0,0.0,0.0,46.0,43.0,46.0,1.0,6.0,6.0,6.0,0.0,1.0,0.0,46.0,0.14285714285714285,1.0,0.26190476971013205,14645.149806810461,4806.828125,3691.93603515625,2474.09033203125,3691.93603515625,2474.09033203125,37.77507323026657
test,dropout030_relay_failure,no_task_support,no_task_support,none,none,0,60,no_task_support,results/intercept_3d_gate1_hardened_safety_no_task_support_5seed_fixed_update60_candidate/runs/multi_relation/bc_ppo_seed0/actor_critic_update_0060.pt,130058,58,checkpoint,100,straight,True,True,80,0.2,1.0,0.3,0,0.0,1,40,80,True,1.0,1.0,1.0,0.02836879517169709,0.4539007132357739,0.6134751851254321,52.59929064582003,0.0,0.0,0.0,47.0,44.0,47.0,1.0,7.0,7.0,7.0,0.0,1.0,0.0,47.0,0.125,1.0,0.22916667349636555,14497.668882978724,4569.0244140625,3708.6826171875,2881.370849609375,3708.6826171875,2881.370849609375,37.82022216916084
test,dropout030_relay_failure,no_task_support,no_task_support,none,none,0,60,no_task_support,results/intercept_3d_gate1_hardened_safety_no_task_support_5seed_fixed_update60_candidate/runs/multi_relation/bc_ppo_seed0/actor_critic_update_0060.pt,130061,61,checkpoint,100,straight,True,True,80,0.2,1.0,0.3,0,0.0,1,40,80,True,1.0,1.0,1.0,0.02836879517169709,0.4609929120286982,0.5709219949042543,52.53900734953424,0.0,0.0,0.0,47.0,44.0,47.0,1.0,7.0,7.0,7.0,0.0,1.0,0.0,47.0,0.125,1.0,0.18750000558793545,14499.01446143617,4583.7099609375,3727.767822265625,2756.319580078125,3727.767822265625,2756.319580078125,37.572552651166916
test,dropout030_relay_failure,no_task_support,no_task_support,none,none,0,60,no_task_support,results/intercept_3d_gate1_hardened_safety_no_task_support_5seed_fixed_update60_candidate/runs/multi_relation/bc_ppo_seed0/actor_critic_update_0060.pt,130068,68,checkpoint,100,straight,True,True,80,0.2,1.0,0.3,0,0.0,1,40,80,True,1.0,1.0,1.0,0.02836879517169709,0.4539007132357739,0.6808510720729828,45.081560226513986,0.0,0.0,0.0,47.0,44.0,47.0,1.0,7.0,7.0,7.0,0.0,1.0,0.0,47.0,0.125,1.0,0.2916666753590107,14495.140822390293,4594.396484375,3728.236328125,2555.567626953125,3728.236328125,2555.567626953125,38.75333619117737
test,dropout030_relay_failure,no_task_support,no_task_support,none,none,0,60,no_task_support,results/intercept_3d_gate1_hardened_safety_no_task_support_5seed_fixed_update60_candidate/runs/multi_relation/bc_ppo_seed0/actor_critic_update_0060.pt,130072,72,checkpoint,100,straight,True,True,80,0.2,1.0,0.3,0,0.0,1,40,80,True,1.0,1.0,1.0,0.02836879517169709,0.4539007132357739,0.6702127742006424,44.085106328763864,0.0,0.0,0.0,47.0,44.0,47.0,1.0,7.0,7.0,7.0,0.0,1.0,0.0,47.0,0.125,1.0,0.2916666753590107,14490.413615774602,4619.11279296875,3740.076416015625,2556.7509765625,3740.076416015625,2556.7509765625,38.59422817826271
test,dropout030_relay_failure,no_task_support,no_task_support,none,none,0,60,no_task_support,results/intercept_3d_gate1_hardened_safety_no_task_support_5seed_fixed_update60_candidate/runs/multi_relation/bc_ppo_seed0/actor_critic_update_0060.pt,130077,77,checkpoint,100,straight,True,True,80,0.2,1.0,0.3,0,0.0,1,40,80,True,1.0,1.0,1.0,0.02836879517169709,0.4539007132357739,0.6312056805225129,51.47517682675352,0.0,0.0,0.0,47.0,44.0,47.0,1.0,7.0,7.0,7.0,0.0,1.0,0.0,47.0,0.125,1.0,0.22916667349636555,14527.616969331782,4676.17138671875,3875.50439453125,2464.266845703125,3875.50439453125,2464.266845703125,37.9699629843235
test,dropout030_relay_failure,no_task_support,no_task_support,none,none,0,60,no_task_support,results/intercept_3d_gate1_hardened_safety_no_task_support_5seed_fixed_update60_candidate/runs/multi_relation/bc_ppo_seed0/actor_critic_update_0060.pt,130080,80,checkpoint,100,straight,True,True,80,0.2,1.0,0.3,0,0.0,1,40,80,True,1.0,1.0,1.0,0.02836879517169709,0.4539007132357739,0.6205673826501724,43.23404249453798,0.0,0.0,0.0,47.0,44.0,47.0,1.0,7.0,7.0,7.0,0.0,1.0,0.0,47.0,0.125,1.0,0.2500000074505806,14528.867343334441,4636.94189453125,3745.296875,2644.958251953125,3745.296875,2644.958251953125,38.288018226623535
test,dropout030_relay_failure,no_task_support,no_task_support,none,none,0,60,no_task_support,results/intercept_3d_gate1_hardened_safety_no_task_support_5seed_fixed_update60_candidate/runs/multi_relation/bc_ppo_seed0/actor_critic_update_0060.pt,130081,81,checkpoint,100,straight,True,True,80,0.2,1.0,0.3,0,0.0,1,40,80,True,1.0,1.0,1.0,0.02836879517169709,0.4539007132357739,0.5921985900148432,56.223404083480226,0.0,0.0,0.0,47.0,44.0,47.0,1.0,7.0,7.0,7.0,0.0,1.0,0.0,47.0,0.125,1.0,0.18750000558793545,14486.091183926197,4573.05810546875,3802.452392578125,3215.302490234375,3802.452392578125,3215.302490234375,37.30075865983963
test,dropout030_relay_failure,no_task_support,no_task_support,none,none,0,60,no_task_support,results/intercept_3d_gate1_hardened_safety_no_task_support_5seed_fixed_update60_candidate/runs/multi_relation/bc_ppo_seed0/actor_critic_update_0060.pt,130092,92,checkpoint,100,straight,True,True,80,0.2,1.0,0.3,0,0.0,1,40,80,True,1.0,1.0,1.0,0.02836879517169709,0.4539007132357739,0.5744680920813946,44.34751749450856,0.0,0.0,0.0,47.0,44.0,47.0,1.0,7.0,7.0,7.0,0.0,1.0,0.0,47.0,0.125,1.0,0.2083333395421505,14484.259402011303,4556.369140625,3734.77685546875,2263.627685546875,3734.77685546875,2263.627685546875,37.732592195272446
test,dropout030_relay_failure,no_task_support,no_task_support,none,none,0,60,no_task_support,results/intercept_3d_gate1_hardened_safety_no_task_support_5seed_fixed_update60_candidate/runs/multi_relation/bc_ppo_seed0/actor_critic_update_0060.pt,130095,95,checkpoint,100,straight,True,True,80,0.2,1.0,0.3,0,0.0,1,40,80,True,1.0,1.0,1.0,0.02836879517169709,0.4609929120286982,0.5673758942396083,47.91489345025509,0.0,0.0,0.0,47.0,44.0,47.0,1.0,7.0,7.0,7.0,0.0,1.0,0.0,47.0,0.125,1.0,0.22916667349636555,14467.554219996675,4541.64306640625,3557.116455078125,3055.375732421875,3557.116455078125,3055.375732421875,37.700702488422394
test,dropout030_relay_failure,no_task_support,no_task_support,none,none,0,60,no_task_support,results/intercept_3d_gate1_hardened_safety_no_task_support_5seed_fixed_update60_candidate/runs/multi_relation/bc_ppo_seed0/actor_critic_update_0060.pt,130067,67,checkpoint,100,straight,True,True,80,0.2,1.0,0.3,0,0.0,1,40,80,True,1.0,1.0,1.0,0.027777778605620067,0.46527778171002865,0.6423611187686523,45.21180534735322,0.0,0.0,0.0,48.0,45.0,48.0,1.0,8.0,8.0,8.0,0.0,1.0,0.0,48.0,0.1111111111111111,1.0,0.24074074791537392,14296.451782226562,4217.173828125,3067.848876953125,2968.365478515625,3067.848876953125,2968.365478515625,39.171729147434235
test,dropout030_relay_failure,no_task_support,no_task_support,none,none,0,60,no_task_support,results/intercept_3d_gate1_hardened_safety_no_task_support_5seed_fixed_update60_candidate/runs/multi_relation/bc_ppo_seed0/actor_critic_update_0060.pt,130073,73,checkpoint,100,straight,True,True,80,0.2,1.0,0.3,0,0.0,1,40,80,True,1.0,1.0,1.0,0.027777778605620067,0.45138889364898205,0.6076388939594229,43.468749771515526,0.0,0.0,0.0,48.0,45.0,48.0,1.0,8.0,8.0,8.0,0.0,1.0,0.0,48.0,0.1111111111111111,0.9629629651705424,0.20370370977454716,14354.841654459635,4362.8798828125,3401.748291015625,2519.20703125,3401.748291015625,2519.20703125,38.624764531850815
test,dropout030_relay_failure,no_task_support,no_task_support,none,none,0,60,no_task_support,results/intercept_3d_gate1_hardened_safety_no_task_support_5seed_fixed_update60_candidate/runs/multi_relation/bc_ppo_seed0/actor_critic_update_0060.pt,130075,75,checkpoint,100,straight,True,True,80,0.2,1.0,0.3,0,0.0,1,40,80,True,1.0,1.0,1.0,0.027777778605620067,0.46527778171002865,0.6250000086923441,49.68750004718701,0.0,0.0,0.0,48.0,45.0,48.0,1.0,8.0,8.0,8.0,0.0,1.0,0.0,48.0,0.1111111111111111,1.0,0.31481482419702744,14303.317423502604,4264.65087890625,3095.83984375,3132.45947265625,3095.83984375,3132.45947265625,38.774340748786926
test,dropout030_relay_failure,no_task_support,no_task_support,none,none,0,60,no_task_support,results/intercept_3d_gate1_hardened_safety_no_task_support_5seed_fixed_update60_candidate/runs/multi_relation/bc_ppo_seed0/actor_critic_update_0060.pt,130089,89,checkpoint,100,straight,True,True,80,0.2,1.0,0.3,0,0.0,1,40,80,True,1.0,1.0,1.0,0.027777778605620067,0.46527778171002865,0.6215277866770824,49.736110715816416,0.0,0.0,0.0,48.0,45.0,48.0,1.0,8.0,8.0,8.0,0.0,1.0,0.0,48.0,0.1111111111111111,1.0,0.2777777860562007,14302.24048868815,4235.20849609375,3302.859375,2628.22021484375,3302.859375,2628.22021484375,38.791314244270325
test,dropout030_relay_failure,no_task_support,no_task_support,none,none,0,60,no_task_support,results/intercept_3d_gate1_hardened_safety_no_task_support_5seed_fixed_update60_candidate/runs/multi_relation/bc_ppo_seed0/actor_critic_update_0060.pt,130091,91,checkpoint,100,straight,True,True,80,0.2,1.0,0.3,0,0.0,1,40,80,True,1.0,1.0,1.0,0.027777778605620067,0.46527778171002865,0.6250000058983763,42.583333134651184,0.0,0.0,0.0,48.0,45.0,48.0,1.0,8.0,8.0,8.0,0.0,1.0,0.0,48.0,0.1111111111111111,1.0,0.1666666716337204,14311.161590576172,4337.2841796875,3186.17724609375,2612.26953125,3186.17724609375,2612.26953125,39.06042471528053
test,dropout030_relay_failure,no_task_support,no_task_support,none,none,0,60,no_task_support,results/intercept_3d_gate1_hardened_safety_no_task_support_5seed_fixed_update60_candidate/runs/multi_relation/bc_ppo_seed0/actor_critic_update_0060.pt,130064,64,checkpoint,100,straight,True,True,80,0.2,1.0,0.3,0,0.0,1,40,80,True,1.0,1.0,1.0,0.027210885164689044,0.46258503806834317,0.6258503475359508,45.323129101675384,0.0,0.0,0.0,49.0,46.0,49.0,1.0,9.0,9.0,9.0,0.0,1.0,0.0,49.0,0.1,1.0,0.23333334028720856,14187.25852997449,4152.326171875,2797.8427734375,2621.25244140625,2797.8427734375,2621.25244140625,39.388403713703156
test,dropout030_relay_failure,no_task_support,no_task_support,none,none,0,60,no_task_support,results/intercept_3d_gate1_hardened_safety_no_task_support_5seed_fixed_update60_candidate/runs/multi_relation/bc_ppo_seed0/actor_critic_update_0060.pt,130071,71,checkpoint,100,straight,True,True,80,0.2,1.0,0.3,0,0.0,1,40,80,True,1.0,1.0,1.0,0.027210885164689044,0.47619048004247705,0.6292517093979583,43.544217893967826,0.0,0.0,0.0,49.0,46.0,49.0,1.0,9.0,9.0,9.0,0.0,1.0,0.0,49.0,0.1,1.0,0.26666667461395266,14143.061000279018,4060.451904296875,2769.440673828125,2622.248046875,2769.440673828125,2622.248046875,39.796707421541214
test,dropout030_relay_failure,no_task_support,no_task_support,none,none,0,60,no_task_support,results/intercept_3d_gate1_hardened_safety_no_task_support_5seed_fixed_update60_candidate/runs/multi_relation/bc_ppo_seed0/actor_critic_update_0060.pt,130079,79,checkpoint,100,straight,True,True,80,0.2,1.0,0.3,0,0.0,1,40,80,True,1.0,1.0,1.0,0.027210885164689044,0.4557823173853816,0.5714285790312047,44.60544199238018,0.0,0.0,0.0,49.0,46.0,49.0,1.0,9.0,9.0,9.0,0.0,1.0,0.0,49.0,0.1,0.9666666686534882,0.2500000074505806,14222.672403140943,4178.35205078125,3007.95654296875,2337.395751953125,3007.95654296875,2337.395751953125,38.75152140855789
test,dropout030_relay_failure,no_task_support,no_task_support,none,none,0,60,no_task_support,results/intercept_3d_gate1_hardened_safety_no_task_support_5seed_fixed_update60_candidate/runs/multi_relation/bc_ppo_seed0/actor_critic_update_0060.pt,130097,97,checkpoint,100,straight,True,True,80,0.2,1.0,0.3,0,0.0,1,40,80,True,1.0,1.0,1.0,0.027210885164689044,0.46258503806834317,0.65646259243391,44.42176866744246,0.0,0.0,0.0,49.0,46.0,49.0,1.0,9.0,9.0,9.0,0.0,1.0,0.0,49.0,0.1,1.0,0.18333333879709243,14180.897510762117,4123.1708984375,2898.79638671875,2511.230224609375,2898.79638671875,2511.230224609375,39.7433662712574
test,dropout030_relay_failure,no_task_support,no_task_support,none,none,0,60,no_task_support,results/intercept_3d_gate1_hardened_safety_no_task_support_5seed_fixed_update60_candidate/runs/multi_relation/bc_ppo_seed0/actor_critic_update_0060.pt,130050,50,checkpoint,100,straight,True,True,80,0.2,1.0,0.3,0,0.0,1,40,80,True,1.0,1.0,1.0,0.026666667461395264,0.4733333373069763,0.6133333426713944,43.620000049471855,0.0,0.0,0.0,50.0,47.0,50.0,1.0,10.0,10.0,10.0,0.0,1.0,0.0,50.0,0.09090909090909091,1.0,0.22727273404598236,13963.421967773438,3851.455810546875,2309.6640625,2821.14306640625,2309.6640625,2821.14306640625,40.09897643327713
test,dropout030_relay_failure,no_task_support,no_task_support,none,none,0,60,no_task_support,results/intercept_3d_gate1_hardened_safety_no_task_support_5seed_fixed_update60_candidate/runs/multi_relation/bc_ppo_seed0/actor_critic_update_0060.pt,130065,65,checkpoint,100,straight,True,True,80,0.2,1.0,0.3,0,0.0,1,40,80,True,1.0,1.0,1.0,0.026666667461395264,0.4800000035762787,0.5833333417773247,55.07333323419094,0.0,0.0,0.0,50.0,47.0,50.0,1.0,10.0,10.0,10.0,0.0,1.0,0.0,50.0,0.09090909090909091,1.0,0.27272728085517883,13965.154194335937,3762.076904296875,2167.43994140625,2896.41552734375,2167.43994140625,2896.41552734375,39.353226125240326
test,dropout030_relay_failure,no_task_support,no_task_support,none,none,0,60,no_task_support,results/intercept_3d_gate1_hardened_safety_no_task_support_5seed_fixed_update60_candidate/runs/multi_relation/bc_ppo_seed0/actor_critic_update_0060.pt,130085,85,checkpoint,100,straight,True,True,80,0.2,1.0,0.3,0,0.0,1,40,80,True,1.0,1.0,1.0,0.026666667461395264,0.4733333373069763,0.6300000074505806,51.366666357219216,0.0,0.0,0.0,50.0,47.0,50.0,1.0,10.0,10.0,10.0,0.0,1.0,0.0,50.0,0.09090909090909091,0.969696971503171,0.21212121844291687,13953.552670898438,3779.221435546875,2213.497314453125,2851.9013671875,2213.497314453125,2851.9013671875,39.878013640642166
test,dropout030_relay_failure,no_task_support,no_task_support,none,none,0,60,no_task_support,results/intercept_3d_gate1_hardened_safety_no_task_support_5seed_fixed_update60_candidate/runs/multi_relation/bc_ppo_seed0/actor_critic_update_0060.pt,130094,94,checkpoint,100,straight,True,True,80,0.2,1.0,0.3,0,0.0,1,40,80,True,1.0,1.0,1.0,0.026666667461395264,0.4733333373069763,0.5633333417773246,51.420000590085984,0.0,0.0,0.0,50.0,47.0,50.0,1.0,10.0,10.0,10.0,0.0,1.0,0.0,50.0,0.09090909090909091,1.0,0.22727273404598236,14001.474243164062,3910.516845703125,2388.6689453125,2705.24658203125,2388.6689453125,2705.24658203125,39.18315410614014
test,dropout030_relay_failure,no_task_support,no_task_support,none,none,0,60,no_task_support,results/intercept_3d_gate1_hardened_safety_no_task_support_5seed_fixed_update60_candidate/runs/multi_relation/bc_ppo_seed0/actor_critic_update_0060.pt,130062,62,checkpoint,100,straight,True,True,80,0.2,1.0,0.3,0,0.0,1,40,80,True,1.0,1.0,1.0,0.026143791628818885,0.4771241872918372,0.6405228864328534,45.74509800649157,0.0,0.0,0.0,51.0,48.0,51.0,1.0,11.0,11.0,11.0,0.0,1.0,0.0,51.0,0.08333333333333333,0.9722222238779068,0.2777777860562007,13874.230396943934,3865.868408203125,2221.2900390625,2913.339111328125,2221.2900390625,2913.339111328125,40.531411200761795
test,dropout030_relay_failure,no_task_support,no_task_support,none,none,0,60,no_task_support,results/intercept_3d_gate1_hardened_safety_no_task_support_5seed_fixed_update60_candidate/runs/multi_relation/bc_ppo_seed0/actor_critic_update_0060.pt,130055,55,checkpoint,100,straight,True,True,80,0.2,1.0,0.3,0,0.0,1,40,80,True,0.0,0.0,0.0,0.0,0.09230769345393548,0.14743590022508915,75.22756352728376,0.0,1.0,0.0,260.0,-1.0,-1.0,0.0,220.0,220.0,-1.0,0.0,0.0,1.0,-1.0,0.0,0.1416666679084301,0.14166667088866233,37760.949568058895,79929.2734375,1526.6839599609375,2326.576904296875,77393.03125,9137.51953125,-41.1809162478894
test,dropout030_relay_failure,no_task_support,no_task_support,none,none,1,60,no_task_support,results/intercept_3d_gate1_hardened_safety_no_task_support_5seed_fixed_update60_candidate/runs/multi_relation/bc_ppo_seed1/actor_critic_update_0060.pt,130001,1,checkpoint,100,straight,True,True,80,0.2,1.0,0.3,0,0.0,1,40,80,True,1.0,1.0,1.0,0.03030303120613098,0.40909091383218765,0.6363636441528797,37.04545463757081,0.0,0.0,0.0,44.0,41.0,44.0,1.0,4.0,4.0,4.0,0.0,1.0,0.0,44.0,0.2,1.0,0.23333334028720856,15217.714854847301,5922.23046875,3728.277099609375,3031.827392578125,3728.277099609375,3031.827392578125,35.90364134311676
test,dropout030_relay_failure,no_task_support,no_task_support,none,none,1,60,no_task_support,results/intercept_3d_gate1_hardened_safety_no_task_support_5seed_fixed_update60_candidate/runs/multi_relation/bc_ppo_seed1/actor_critic_update_0060.pt,130003,3,checkpoint,100,straight,True,True,80,0.2,1.0,0.3,0,0.0,1,40,80,True,1.0,1.0,1.0,0.03030303120613098,0.4242424287579276,0.6893939467316325,47.7727273888886,0.0,0.0,0.0,44.0,41.0,44.0,1.0,4.0,4.0,4.0,0.0,1.0,0.0,44.0,0.2,1.0,0.1666666716337204,15095.012673117897,5615.02734375,3825.485107421875,2991.805908203125,3825.485107421875,2991.805908203125,36.401729077100754
test,dropout030_relay_failure,no_task_support,no_task_support,none,none,1,60,no_task_support,results/intercept_3d_gate1_hardened_safety_no_task_support_5seed_fixed_update60_candidate/runs/multi_relation/bc_ppo_seed1/actor_critic_update_0060.pt,130004,4,checkpoint,100,straight,True,True,80,0.2,1.0,0.3,0,0.0,1,40,80,True,1.0,1.0,1.0,0.03030303120613098,0.4166666716337204,0.6666666746816852,44.90530291843143,0.0,0.0,0.0,44.0,41.0,44.0,1.0,4.0,4.0,4.0,0.0,1.0,0.0,44.0,0.2,1.0,0.26666667461395266,15185.952270507812,5781.55810546875,3322.357177734375,3031.140869140625,3322.357177734375,3031.140869140625,36.040797144174576
test,dropout030_relay_failure,no_task_support,no_task_support,none,none,1,60,no_task_support,results/intercept_3d_gate1_hardened_safety_no_task_support_5seed_fixed_update60_candidate/runs/multi_relation/bc_ppo_seed1/actor_critic_update_0060.pt,130023,23,checkpoint,100,straight,True,True,80,0.2,1.0,0.3,0,0.0,1,40,80,True,1.0,1.0,1.0,0.03030303120613098,0.4242424287579276,0.6969697038558397,35.018939253620125,0.0,0.0,0.0,44.0,41.0,44.0,1.0,4.0,4.0,4.0,0.0,1.0,0.0,44.0,0.2,1.0,0.1666666716337204,15098.552767666903,5584.794921875,3735.36767578125,3548.1923828125,3735.36767578125,3548.1923828125,37.08688539266586
test,dropout030_relay_failure,no_task_support,no_task_support,none,none,1,60,no_task_support,results/intercept_3d_gate1_hardened_safety_no_task_support_5seed_fixed_update60_candidate/runs/multi_relation/bc_ppo_seed1/actor_critic_update_0060.pt,130025,25,checkpoint,100,straight,True,True,80,0.2,1.0,0.3,0,0.0,1,40,80,True,1.0,1.0,1.0,0.03030303120613098,0.40909091383218765,0.7121212197975679,39.94318199225447,0.0,0.0,0.0,44.0,41.0,44.0,1.0,4.0,4.0,4.0,0.0,1.0,0.0,44.0,0.2,1.0,0.23333334028720856,15134.89834872159,5675.04150390625,3475.27880859375,3341.345947265625,3475.27880859375,3341.345947265625,36.621584594249725
test,dropout030_relay_failure,no_task_support,no_task_support,none,none,1,60,no_task_support,results/intercept_3d_gate1_hardened_safety_no_task_support_5seed_fixed_update60_candidate/runs/multi_relation/bc_ppo_seed1/actor_critic_update_0060.pt,130038,38,checkpoint,100,straight,True,True,80,0.2,1.0,0.3,0,0.0,1,40,80,True,1.0,1.0,1.0,0.03030303120613098,0.4242424287579276,0.7310606119307604,41.87878793715076,0.0,0.0,0.0,44.0,41.0,44.0,1.0,4.0,4.0,4.0,0.0,1.0,0.0,44.0,0.2,1.0,0.23333334028720856,15073.392200816761,5534.33203125,3607.260986328125,3248.516357421875,3607.260986328125,3248.516357421875,37.094258546829224
test,dropout030_relay_failure,no_task_support,no_task_support,none,none,1,60,no_task_support,results/intercept_3d_gate1_hardened_safety_no_task_support_5seed_fixed_update60_candidate/runs/multi_relation/bc_ppo_seed1/actor_critic_update_0060.pt,130042,42,checkpoint,100,straight,True,True,80,0.2,1.0,0.3,0,0.0,1,40,80,True,1.0,1.0,1.0,0.03030303120613098,0.41666667095639487,0.6818181899460879,48.81060594692826,0.0,0.0,0.0,44.0,41.0,44.0,1.0,4.0,4.0,4.0,0.0,1.0,0.0,44.0,0.2,1.0,0.23333334028720856,15121.885597922585,5586.48095703125,3804.221923828125,3155.365966796875,3804.221923828125,3155.365966796875,36.15536883473396
test,dropout030_relay_failure,no_task_support,no_task_support,none,none,1,60,no_task_support,results/intercept_3d_gate1_hardened_safety_no_task_support_5seed_fixed_update60_candidate/runs/multi_relation/bc_ppo_seed1/actor_critic_update_0060.pt,130000,0,checkpoint,100,straight,True,True,80,0.2,1.0,0.3,0,0.0,1,40,80,True,1.0,1.0,1.0,0.029629630512661403,0.4222222275204129,0.6148148241970274,44.94444481564893,0.0,0.0,0.0,45.0,42.0,45.0,1.0,5.0,5.0,5.0,0.0,1.0,0.0,45.0,0.16666666666666666,0.8888888955116272,0.19444445023934046,14919.196050347222,5256.1318359375,3825.334228515625,2654.427978515625,3825.334228515625,2654.427978515625,36.55211806297302
test,dropout030_relay_failure,no_task_support,no_task_support,none,none,1,60,no_task_support,results/intercept_3d_gate1_hardened_safety_no_task_support_5seed_fixed_update60_candidate/runs/multi_relation/bc_ppo_seed1/actor_critic_update_0060.pt,130007,7,checkpoint,100,straight,True,True,80,0.2,1.0,0.3,0,0.0,1,40,80,True,1.0,1.0,1.0,0.029629630512661403,0.4370370414521959,0.6222222314940559,46.89259231719706,0.0,0.0,0.0,45.0,42.0,45.0,1.0,5.0,5.0,5.0,0.0,1.0,0.0,45.0,0.16666666666666666,1.0,0.22222222884496054,14875.45595703125,5217.48583984375,3997.573974609375,3024.192626953125,3997.573974609375,3024.192626953125,36.67406439781189
test,dropout030_relay_failure,no_task_support,no_task_support,none,none,1,60,no_task_support,results/intercept_3d_gate1_hardened_safety_no_task_support_5seed_fixed_update60_candidate/runs/multi_relation/bc_ppo_seed1/actor_critic_update_0060.pt,130008,8,checkpoint,100,straight,True,True,80,0.2,1.0,0.3,0,0.0,1,40,80,True,1.0,1.0,1.0,0.029629630512661403,0.4370370414521959,0.7000000082784229,38.2259258452389,0.0,0.0,0.0,45.0,42.0,45.0,1.0,5.0,5.0,5.0,0.0,1.0,0.0,45.0,0.16666666666666666,1.0,0.2777777860562007,14862.060948350694,5052.3359375,3497.1484375,3339.646728515625,3497.1484375,3339.646728515625,37.91029208898544
test,dropout030_relay_failure,no_task_support,no_task_support,none,none,1,60,no_task_support,results/intercept_3d_gate1_hardened_safety_no_task_support_5seed_fixed_update60_candidate/runs/multi_relation/bc_ppo_seed1/actor_critic_update_0060.pt,130010,10,checkpoint,100,straight,True,True,80,0.2,1.0,0.3,0,0.0,1,40,80,True,1.0,1.0,1.0,0.029629630512661403,0.42962963448630437,0.6370370441012912,44.97777794334623,0.0,0.0,0.0,45.0,42.0,45.0,1.0,5.0,5.0,5.0,0.0,1.0,0.0,45.0,0.16666666666666666,0.9444444477558136,0.2500000074505806,14914.190201822918,5313.1943359375,3880.870361328125,2683.761962890625,3880.870361328125,2683.761962890625,36.84981365501881
test,dropout030_relay_failure,no_task_support,no_task_support,none,none,1,60,no_task_support,results/intercept_3d_gate1_hardened_safety_no_task_support_5seed_fixed_update60_candidate/runs/multi_relation/bc_ppo_seed1/actor_critic_update_0060.pt,130013,13,checkpoint,100,straight,True,True,80,0.2,1.0,0.3,0,0.0,1,40,80,True,1.0,1.0,1.0,0.029629630512661403,0.4370370414521959,0.6777777853939269,40.12592570649253,0.0,0.0,0.0,45.0,42.0,45.0,1.0,5.0,5.0,5.0,0.0,1.0,0.0,45.0,0.16666666666666666,1.0,0.3055555646618207,14841.743739149306,5049.49853515625,3587.02001953125,2896.571533203125,3587.02001953125,2896.571533203125,37.6150327026844
test,dropout030_relay_failure,no_task_support,no_task_support,none,none,1,60,no_task_support,results/intercept_3d_gate1_hardened_safety_no_task_support_5seed_fixed_update60_candidate/runs/multi_relation/bc_ppo_seed1/actor_critic_update_0060.pt,130016,16,checkpoint,100,straight,True,True,80,0.2,1.0,0.3,0,0.0,1,40,80,True,1.0,1.0,1.0,0.029629630512661403,0.4370370414521959,0.6370370464192496,47.974074278937444,0.0,0.0,0.0,45.0,42.0,45.0,1.0,5.0,5.0,5.0,0.0,1.0,0.0,45.0,0.16666666666666666,1.0,0.22222222884496054,14847.449468315972,5128.81591796875,3776.390380859375,2596.543701171875,3776.390380859375,2596.543701171875,36.88427412509918
test,dropout030_relay_failure,no_task_support,no_task_support,none,none,1,60,no_task_support,results/intercept_3d_gate1_hardened_safety_no_task_support_5seed_fixed_update60_candidate/runs/multi_relation/bc_ppo_seed1/actor_critic_update_0060.pt,130019,19,checkpoint,100,straight,True,True,80,0.2,1.0,0.3,0,0.0,1,40,80,True,1.0,1.0,1.0,0.029629630512661403,0.4296296338240306,0.6592592659923765,41.05185191101498,0.0,0.0,0.0,45.0,42.0,45.0,1.0,5.0,5.0,5.0,0.0,1.0,0.0,45.0,0.16666666666666666,1.0,0.22222222884496054,14899.871082899306,5147.82666015625,3585.544677734375,2529.072265625,3585.544677734375,2529.072265625,37.16397553682327
test,dropout030_relay_failure,no_task_support,no_task_support,none,none,1,60,no_task_support,results/intercept_3d_gate1_hardened_safety_no_task_support_5seed_fixed_update60_candidate/runs/multi_relation/bc_ppo_seed1/actor_critic_update_0060.pt,130020,20,checkpoint,100,straight,True,True,80,0.2,1.0,0.3,0,0.0,1,40,80,True,1.0,1.0,1.0,0.029629630512661403,0.4370370414521959,0.6703703784280353,39.148148232367305,0.0,0.0,0.0,45.0,42.0,45.0,1.0,5.0,5.0,5.0,0.0,1.0,0.0,45.0,0.16666666666666666,1.0,0.3055555646618207,14864.863053385418,5049.63671875,3408.93115234375,3209.33349609375,3408.93115234375,3209.33349609375,37.65506857633591
test,dropout030_relay_failure,no_task_support,no_task_support,none,none,1,60,no_task_support,results/intercept_3d_gate1_hardened_safety_no_task_support_5seed_fixed_update60_candidate/runs/multi_relation/bc_ppo_seed1/actor_critic_update_0060.pt,130027,27,checkpoint,100,straight,True,True,80,0.2,1.0,0.3,0,0.0,1,40,80,True,1.0,1.0,1.0,0.029629630512661403,0.4296296338240306,0.6851851920286814,37.207407400012016,0.0,0.0,0.0,45.0,42.0,45.0,1.0,5.0,5.0,5.0,0.0,1.0,0.0,45.0,0.16666666666666666,1.0,0.22222222884496054,14848.680034722222,5133.31103515625,3778.106201171875,2887.014404296875,3778.106201171875,2887.014404296875,37.61785867810249
test,dropout030_relay_failure,no_task_support,no_task_support,none,none,1,60,no_task_support,results/intercept_3d_gate1_hardened_safety_no_task_support_5seed_fixed_update60_candidate/runs/multi_relation/bc_ppo_seed1/actor_critic_update_0060.pt,130030,30,checkpoint,100,straight,True,True,80,0.2,1.0,0.3,0,0.0,1,40,80,True,1.0,1.0,1.0,0.029629630512661403,0.4370370414521959,0.7148148198922475,31.392592482434377,0.0,0.0,0.0,45.0,42.0,45.0,1.0,5.0,5.0,5.0,0.0,1.0,0.0,45.0,0.16666666666666666,1.0,0.2777777860562007,14850.577202690973,5074.4326171875,3597.9345703125,2304.325439453125,3597.9345703125,2304.325439453125,38.40373829007149
test,dropout030_relay_failure,no_task_support,no_task_support,none,none,1,60,no_task_support,results/intercept_3d_gate1_hardened_safety_no_task_support_5seed_fixed_update60_candidate/runs/multi_relation/bc_ppo_seed1/actor_critic_update_0060.pt,130035,35,checkpoint,100,straight,True,True,80,0.2,1.0,0.3,0,0.0,1,40,80,True,1.0,1.0,1.0,0.029629630512661403,0.4370370414521959,0.685185193684366,41.01851869424184,0.0,0.0,0.0,45.0,42.0,45.0,1.0,5.0,5.0,5.0,0.0,1.0,0.0,45.0,0.16666666666666666,1.0,0.3055555646618207,14834.156770833333,5060.93359375,3518.07373046875,2631.213134765625,3518.07373046875,2631.213134765625,37.62170830368996
test,dropout030_relay_failure,no_task_support,no_task_support,none,none,1,60,no_task_support,results/intercept_3d_gate1_hardened_safety_no_task_support_5seed_fixed_update60_candidate/runs/multi_relation/bc_ppo_seed1/actor_critic_update_0060.pt,130037,37,checkpoint,100,straight,True,True,80,0.2,1.0,0.3,0,0.0,1,40,80,True,1.0,1.0,1.0,0.029629630512661403,0.4370370414521959,0.6370370434390173,40.311111177338496,0.0,0.0,0.0,45.0,42.0,45.0,1.0,5.0,5.0,5.0,0.0,1.0,0.0,45.0,0.16666666666666666,1.0,0.1666666716337204,14852.097211371527,5092.19384765625,3697.389404296875,2408.49365234375,3697.389404296875,2408.49365234375,37.27584528923035
test,dropout030_relay_failure,no_task_support,no_task_support,none,none,1,60,no_task_support,results/intercept_3d_gate1_hardened_safety_no_task_support_5seed_fixed_update60_candidate/runs/multi_relation/bc_ppo_seed1/actor_critic_update_0060.pt,130040,40,checkpoint,100,straight,True,True,80,0.2,1.0,0.3,0,0.0,1,40,80,True,1.0,1.0,1.0,0.029629630512661403,0.42962963448630437,0.655555565489663,49.770370399951936,0.0,0.0,0.0,45.0,42.0,45.0,1.0,5.0,5.0,5.0,0.0,1.0,0.0,45.0,0.16666666666666666,0.9444444477558136,0.2500000074505806,14913.6140625,5295.89208984375,3926.296875,3228.2998046875,3926.296875,3228.2998046875,36.76822027564049
test,dropout030_relay_failure,no_task_support,no_task_support,none,none,1,60,no_task_support,results/intercept_3d_gate1_hardened_safety_no_task_support_5seed_fixed_update60_candidate/runs/multi_relation/bc_ppo_seed1/actor_critic_update_0060.pt,130044,44,checkpoint,100,straight,True,True,80,0.2,1.0,0.3,0,0.0,1,40,80,True,1.0,1.0,1.0,0.029629630512661403,0.4370370414521959,0.6925926003191206,33.425925920406975,0.0,0.0,0.0,45.0,42.0,45.0,1.0,5.0,5.0,5.0,0.0,1.0,0.0,45.0,0.16666666666666666,1.0,0.19444445023934046,14855.103255208332,5039.23974609375,3548.675048828125,3335.185791015625,3548.675048828125,3335.185791015625,38.073275834321976
test,dropout030_relay_failure,no_task_support,no_task_support,none,none,1,60,no_task_support,results/intercept_3d_gate1_hardened_safety_no_task_support_5seed_fixed_update60_candidate/runs/multi_relation/bc_ppo_seed1/actor_critic_update_0060.pt,130045,45,checkpoint,100,straight,True,True,80,0.2,1.0,0.3,0,0.0,1,40,80,True,1.0,1.0,1.0,0.029629630512661403,0.4370370414521959,0.6629629688130485,39.21111076871554,0.0,0.0,0.0,45.0,42.0,45.0,1.0,5.0,5.0,5.0,0.0,1.0,0.0,45.0,0.16666666666666666,1.0,0.13888889302810034,14817.105045572916,5025.00244140625,3582.579833984375,2906.785400390625,3582.579833984375,2906.785400390625,37.52716639637947
test,dropout030_relay_failure,no_task_support,no_task_support,none,none,1,60,no_task_support,results/intercept_3d_gate1_hardened_safety_no_task_support_5seed_fixed_update60_candidate/runs/multi_relation/bc_ppo_seed1/actor_critic_update_0060.pt,130047,47,checkpoint,100,straight,True,True,80,0.2,1.0,0.3,0,0.0,1,40,80,True,1.0,1.0,1.0,0.029629630512661403,0.4370370414521959,0.6962963024775187,37.288888613714114,0.0,0.0,0.0,45.0,42.0,45.0,1.0,5.0,5.0,5.0,0.0,1.0,0.0,45.0,0.16666666666666666,1.0,0.13888889302810034,14847.057790798612,5033.60888671875,3687.914794921875,2651.265625,3687.914794921875,2651.265625,37.99805846810341
test,dropout030_relay_failure,no_task_support,no_task_support,none,none,1,60,no_task_support,results/intercept_3d_gate1_hardened_safety_no_task_support_5seed_fixed_update60_candidate/runs/multi_relation/bc_ppo_seed1/actor_critic_update_0060.pt,130006,6,checkpoint,100,straight,True,True,80,0.2,1.0,0.3,0,0.0,1,40,80,True,1.0,1.0,1.0,0.028985508110212242,0.44927536663801776,0.6811594279563945,39.36594209139762,0.0,0.0,0.0,46.0,43.0,46.0,1.0,6.0,6.0,6.0,0.0,1.0,0.0,46.0,0.14285714285714285,1.0,0.26190476971013205,14621.433806046196,4674.08984375,3733.46533203125,3334.31640625,3733.46533203125,3334.31640625,38.54709967970848
test,dropout030_relay_failure,no_task_support,no_task_support,none,none,1,60,no_task_support,results/intercept_3d_gate1_hardened_safety_no_task_support_5seed_fixed_update60_candidate/runs/multi_relation/bc_ppo_seed1/actor_critic_update_0060.pt,130018,18,checkpoint,100,straight,True,True,80,0.2,1.0,0.3,0,0.0,1,40,80,True,1.0,1.0,1.0,0.028985508110212242,0.44927536663801776,0.648550733923912,46.028985339014426,0.0,0.0,0.0,46.0,43.0,46.0,1.0,6.0,6.0,6.0,0.0,1.0,0.0,46.0,0.14285714285714285,1.0,0.21428572067192622,14652.876135784647,4833.73681640625,4042.819091796875,3254.223876953125,4042.819091796875,3254.223876953125,37.82994168996811
test,dropout030_relay_failure,no_task_support,no_task_support,none,none,1,60,no_task_support,results/intercept_3d_gate1_hardened_safety_no_task_support_5seed_fixed_update60_candidate/runs/multi_relation/bc_ppo_seed1/actor_critic_update_0060.pt,130026,26,checkpoint,100,straight,True,True,80,0.2,1.0,0.3,0,0.0,1,40,80,True,1.0,1.0,1.0,0.028985508110212242,0.44927536663801776,0.7355072524236597,34.605072240466654,0.0,0.0,0.0,46.0,43.0,46.0,1.0,6.0,6.0,6.0,0.0,1.0,0.0,46.0,0.14285714285714285,1.0,0.3095238187483379,14673.560727326767,4756.1806640625,3749.186767578125,2448.029296875,3749.186767578125,2448.029296875,39.254368245601654
test,dropout030_relay_failure,no_task_support,no_task_support,none,none,1,60,no_task_support,results/intercept_3d_gate1_hardened_safety_no_task_support_5seed_fixed_update60_candidate/runs/multi_relation/bc_ppo_seed1/actor_critic_update_0060.pt,130032,32,checkpoint,100,straight,True,True,80,0.2,1.0,0.3,0,0.0,1,40,80,True,1.0,1.0,1.0,0.028985508110212242,0.44927536663801776,0.6557971099796502,38.561594312929586,0.0,0.0,0.0,46.0,43.0,46.0,1.0,6.0,6.0,6.0,0.0,1.0,0.0,46.0,0.14285714285714285,1.0,0.1666666716337204,14607.979863705843,4596.59521484375,3477.834716796875,3391.808349609375,3477.834716796875,3391.808349609375,38.4338712990284
test,dropout030_relay_failure,no_task_support,no_task_support,none,none,1,60,no_task_support,results/intercept_3d_gate1_hardened_safety_no_task_support_5seed_fixed_update60_candidate/runs/multi_relation/bc_ppo_seed1/actor_critic_update_0060.pt,130036,36,checkpoint,100,straight,True,True,80,0.2,1.0,0.3,0,0.0,1,40,80,True,1.0,1.0,1.0,0.028985508110212242,0.44927536663801776,0.7065217462570771,36.539854744530246,0.0,0.0,0.0,46.0,43.0,46.0,1.0,6.0,6.0,6.0,0.0,1.0,0.0,46.0,0.14285714285714285,1.0,0.3333333432674408,14652.073327105978,4706.390625,3512.840087890625,2639.4599609375,3512.840087890625,2639.4599609375,38.922244131565094
test,dropout030_relay_failure,no_task_support,no_task_support,none,none,1,60,no_task_support,results/intercept_3d_gate1_hardened_safety_no_task_support_5seed_fixed_update60_candidate/runs/multi_relation/bc_ppo_seed1/actor_critic_update_0060.pt,130009,9,checkpoint,100,straight,True,True,80,0.2,1.0,0.3,0,0.0,1,40,80,True,1.0,1.0,1.0,0.02836879517169709,0.4609929120286982,0.6560283766147939,40.570922037388414,0.0,0.0,0.0,47.0,44.0,47.0,1.0,7.0,7.0,7.0,0.0,1.0,0.0,47.0,0.125,1.0,0.27083334140479565,14457.884111120346,4423.08251953125,3402.7880859375,3186.88427734375,3402.7880859375,3186.88427734375,39.028223633766174
test,dropout030_relay_failure,no_task_support,no_task_support,none,none,1,60,no_task_support,results/intercept_3d_gate1_hardened_safety_no_task_support_5seed_fixed_update60_candidate/runs/multi_relation/bc_ppo_seed1/actor_critic_update_0060.pt,130014,14,checkpoint,100,straight,True,True,80,0.2,1.0,0.3,0,0.0,1,40,80,True,1.0,1.0,1.0,0.02836879517169709,0.4539007132357739,0.6666666738530422,39.53191476711567,0.0,0.0,0.0,47.0,44.0,47.0,1.0,7.0,7.0,7.0,0.0,1.0,0.0,47.0,0.125,1.0,0.22916667349636555,14503.766965176197,4452.3818359375,3673.587890625,2595.129638671875,3673.587890625,2595.129638671875,39.075594663619995
test,dropout030_relay_failure,no_task_support,no_task_support,none,none,1,60,no_task_support,results/intercept_3d_gate1_hardened_safety_no_task_support_5seed_fixed_update60_candidate/runs/multi_relation/bc_ppo_seed1/actor_critic_update_0060.pt,130022,22,checkpoint,100,straight,True,True,80,0.2,1.0,0.3,0,0.0,1,40,80,True,1.0,1.0,1.0,0.02836879517169709,0.4539007132357739,0.6063829863325079,35.03191486286356,0.0,0.0,0.0,47.0,44.0,47.0,1.0,7.0,7.0,7.0,0.0,1.0,0.0,47.0,0.125,1.0,0.2083333395421505,14476.868143284575,4427.390625,3561.78759765625,2249.9716796875,3561.78759765625,2249.9716796875,38.71496465802193
test,dropout030_relay_failure,no_task_support,no_task_support,none,none,1,60,no_task_support,results/intercept_3d_gate1_hardened_safety_no_task_support_5seed_fixed_update60_candidate/runs/multi_relation/bc_ppo_seed1/actor_critic_update_0060.pt,130029,29,checkpoint,100,straight,True,True,80,0.2,1.0,0.3,0,0.0,1,40,80,True,1.0,1.0,1.0,0.02836879517169709,0.44680851507694164,0.6418439799800832,34.953900632706095,0.0,0.0,0.0,47.0,44.0,47.0,1.0,7.0,7.0,7.0,0.0,1.0,0.0,47.0,0.125,1.0,0.18750000558793545,14532.968542220744,4466.591796875,3230.091064453125,1641.701904296875,3230.091064453125,1641.701904296875,38.90139237046242
test,dropout030_relay_failure,no_task_support,no_task_support,none,none,1,60,no_task_support,results/intercept_3d_gate1_hardened_safety_no_task_support_5seed_fixed_update60_candidate/runs/multi_relation/bc_ppo_seed1/actor_critic_update_0060.pt,130048,48,checkpoint,100,straight,True,True,80,0.2,1.0,0.3,0,0.0,1,40,80,True,1.0,1.0,1.0,0.02836879517169709,0.4539007132357739,0.6985815671530176,33.97163077649918,0.0,0.0,0.0,47.0,44.0,47.0,1.0,7.0,7.0,7.0,0.0,1.0,0.0,47.0,0.125,1.0,0.2916666753590107,14511.31317528258,4527.98828125,3435.577880859375,2945.95361328125,3435.577880859375,2945.95361328125,39.542784333229065
test,dropout030_relay_failure,no_task_support,no_task_support,none,none,1,60,no_task_support,results/intercept_3d_gate1_hardened_safety_no_task_support_5seed_fixed_update60_candidate/runs/multi_relation/bc_ppo_seed1/actor_critic_update_0060.pt,130049,49,checkpoint,100,straight,True,True,80,0.2,1.0,0.3,0,0.0,1,40,80,True,1.0,1.0,1.0,0.02836879517169709,0.4539007132357739,0.6879432680124932,34.97163106723035,0.0,0.0,0.0,47.0,44.0,47.0,1.0,7.0,7.0,7.0,0.0,1.0,0.0,47.0,0.125,1.0,0.2500000074505806,14474.980998587102,4497.455078125,3463.325927734375,2843.6240234375,3463.325927734375,2843.6240234375,39.39410650730133
test,dropout030_relay_failure,no_task_support,no_task_support,none,none,1,60,no_task_support,results/intercept_3d_gate1_hardened_safety_no_task_support_5seed_fixed_update60_candidate/runs/multi_relation/bc_ppo_seed1/actor_critic_update_0060.pt,130002,2,checkpoint,100,straight,True,True,80,0.2,1.0,0.3,0,0.0,1,40,80,True,1.0,1.0,1.0,0.027777778605620067,0.46527778171002865,0.5902777863666415,38.93055582108597,0.0,0.0,0.0,48.0,45.0,48.0,1.0,8.0,8.0,8.0,0.0,1.0,0.0,48.0,0.1111111111111111,1.0,0.18518519070413378,14318.47232055664,4314.30126953125,3090.103515625,2679.72412109375,3090.103515625,2679.72412109375,38.95288172364235
test,dropout030_relay_failure,no_task_support,no_task_support,none,none,1,60,no_task_support,results/intercept_3d_gate1_hardened_safety_no_task_support_5seed_fixed_update60_candidate/runs/multi_relation/bc_ppo_seed1/actor_critic_update_0060.pt,130017,17,checkpoint,100,straight,True,True,80,0.2,1.0,0.3,0,0.0,1,40,80,True,1.0,1.0,1.0,0.027777778605620067,0.45138889364898205,0.6111111203208566,52.336805688527726,0.0,0.0,0.0,48.0,45.0,48.0,1.0,8.0,8.0,8.0,0.0,1.0,0.0,48.0,0.1111111111111111,0.9259259303410848,0.18518519070413378,14303.81810506185,4322.69921875,3497.252197265625,2958.03759765625,3497.252197265625,2958.03759765625,38.202031165361404
test,dropout030_relay_failure,no_task_support,no_task_support,none,none,1,60,no_task_support,results/intercept_3d_gate1_hardened_safety_no_task_support_5seed_fixed_update60_candidate/runs/multi_relation/bc_ppo_seed1/actor_critic_update_0060.pt,130028,28,checkpoint,100,straight,True,True,80,0.2,1.0,0.3,0,0.0,1,40,80,True,1.0,1.0,1.0,0.027777778605620067,0.45833333767950535,0.631944453343749,43.416666943890355,0.0,0.0,0.0,48.0,45.0,48.0,1.0,8.0,8.0,8.0,0.0,1.0,0.0,48.0,0.1111111111111111,0.9629629651705424,0.24074074791537392,14310.529846191406,4337.107421875,3411.779296875,2241.22314453125,3411.779296875,2241.22314453125,38.947407364845276
test,dropout030_relay_failure,no_task_support,no_task_support,none,none,1,60,no_task_support,results/intercept_3d_gate1_hardened_safety_no_task_support_5seed_fixed_update60_candidate/runs/multi_relation/bc_ppo_seed1/actor_critic_update_0060.pt,130033,33,checkpoint,100,straight,True,True,80,0.2,1.0,0.3,0,0.0,1,40,80,True,1.0,1.0,1.0,0.027777778605620067,0.4513888942698638,0.6284722303971648,45.35069497084866,0.0,0.0,0.0,48.0,45.0,48.0,1.0,8.0,8.0,8.0,0.0,1.0,0.0,48.0,0.1111111111111111,0.8888888955116272,0.22222222884496054,14276.3994140625,4233.99560546875,3318.91064453125,2589.7080078125,3318.91064453125,2589.7080078125,38.98746657371521
test,dropout030_relay_failure,no_task_support,no_task_support,none,none,1,60,no_task_support,results/intercept_3d_gate1_hardened_safety_no_task_support_5seed_fixed_update60_candidate/runs/multi_relation/bc_ppo_seed1/actor_critic_update_0060.pt,130039,39,checkpoint,100,straight,True,True,80,0.2,1.0,0.3,0,0.0,1,40,80,True,1.0,1.0,1.0,0.027777778605620067,0.45833333767950535,0.6597222294658422,37.98263878468424,0.0,0.0,0.0,48.0,45.0,48.0,1.0,8.0,8.0,8.0,0.0,1.0,0.0,48.0,0.1111111111111111,1.0,0.24074074791537392,14320.024881998697,4218.58154296875,2909.9462890625,3058.68212890625,2909.9462890625,3058.68212890625,39.62729984521866
test,dropout030_relay_failure,no_task_support,no_task_support,none,none,1,60,no_task_support,results/intercept_3d_gate1_hardened_safety_no_task_support_5seed_fixed_update60_candidate/runs/multi_relation/bc_ppo_seed1/actor_critic_update_0060.pt,130041,41,checkpoint,100,straight,True,True,80,0.2,1.0,0.3,0,0.0,1,40,80,True,1.0,1.0,1.0,0.027777778605620067,0.4722222263614337,0.635416674738129,46.94097225305935,0.0,0.0,0.0,48.0,45.0,48.0,1.0,8.0,8.0,8.0,0.0,1.0,0.0,48.0,0.1111111111111111,1.0,0.29629630512661403,14252.334014892578,4201.15185546875,3156.992919921875,3215.997314453125,3156.992919921875,3215.997314453125,39.16725319623947
test,dropout030_relay_failure,no_task_support,no_task_support,none,none,1,60,no_task_support,results/intercept_3d_gate1_hardened_safety_no_task_support_5seed_fixed_update60_candidate/runs/multi_relation/bc_ppo_seed1/actor_critic_update_0060.pt,130015,15,checkpoint,100,straight,True,True,80,0.2,1.0,0.3,0,0.0,1,40,80,True,1.0,1.0,1.0,0.027210885164689044,0.46258503806834317,0.6632653128127662,38.24829933229758,0.0,0.0,0.0,49.0,46.0,49.0,1.0,9.0,9.0,9.0,0.0,1.0,0.0,49.0,0.1,1.0,0.26666667461395266,14185.795290577169,4098.73681640625,2812.5029296875,2720.46826171875,2812.5029296875,2720.46826171875,40.15181463956833
test,dropout030_relay_failure,no_task_support,no_task_support,none,none,1,60,no_task_support,results/intercept_3d_gate1_hardened_safety_no_task_support_5seed_fixed_update60_candidate/runs/multi_relation/bc_ppo_seed1/actor_critic_update_0060.pt,130005,5,checkpoint,100,straight,True,True,80,0.2,1.0,0.3,0,0.0,1,40,80,True,0.0,0.0,1.0,0.003846153960778163,0.1038461555655186,0.14230769442824218,91.22948829147678,0.0,1.0,0.0,260.0,45.0,-1.0,0.0,220.0,220.0,-1.0,0.0,0.0,1.0,-1.0,0.0,0.17083333656191826,0.1250000037252903,36497.589079402045,80507.9453125,439.3124694824219,1730.94580078125,79069.90625,30015.9296875,-38.99132702499628
test,dropout030_relay_failure,no_task_support,no_task_support,none,none,1,60,no_task_support,results/intercept_3d_gate1_hardened_safety_no_task_support_5seed_fixed_update60_candidate/runs/multi_relation/bc_ppo_seed1/actor_critic_update_0060.pt,130011,11,checkpoint,100,straight,True,True,80,0.2,1.0,0.3,0,0.0,1,40,80,True,0.0,0.0,1.0,0.003846153960778163,0.10512820677115367,0.17628205452974027,55.378846111091285,0.0,1.0,0.0,260.0,45.0,-1.0,0.0,220.0,220.0,-1.0,0.0,0.0,1.0,-1.0,0.0,0.17083333618938923,0.1666666716337204,37648.81560903696,81250.3359375,738.414794921875,2274.85693359375,79185.1796875,20758.232421875,-34.06799138523638
test,dropout030_relay_failure,no_task_support,no_task_support,none,none,1,60,no_task_support,results/intercept_3d_gate1_hardened_safety_no_task_support_5seed_fixed_update60_candidate/runs/multi_relation/bc_ppo_seed1/actor_critic_update_0060.pt,130012,12,checkpoint,100,straight,True,True,80,0.2,1.0,0.3,0,0.0,1,40,80,True,0.0,0.0,0.0,0.0,0.09743589862034871,0.1653846186514084,73.50833370593878,0.0,1.0,0.0,260.0,-1.0,-1.0,0.0,220.0,220.0,-1.0,0.0,0.0,1.0,-1.0,0.0,0.16250000149011612,0.16250000484287738,36812.0091017503,81280.9140625,1860.0675048828125,2396.150390625,77062.0,20485.982421875,-40.27872527576983
test,dropout030_relay_failure,no_task_support,no_task_support,none,none,1,60,no_task_support,results/intercept_3d_gate1_hardened_safety_no_task_support_5seed_fixed_update60_candidate/runs/multi_relation/bc_ppo_seed1/actor_critic_update_0060.pt,130021,21,checkpoint,100,straight,True,True,80,0.2,1.0,0.3,0,0.0,1,40,80,True,0.0,0.0,0.0,0.0,0.10000000137549181,0.18782051669863553,70.21089746333085,0.0,1.0,0.0,260.0,-1.0,-1.0,0.0,220.0,220.0,-1.0,0.0,0.0,1.0,-1.0,0.0,0.1625000022351742,0.17500000521540643,36955.92526479868,81416.8515625,802.5536499023438,2402.24658203125,78841.2578125,15891.1669921875,-38.53461917117238
test,dropout030_relay_failure,no_task_support,no_task_support,none,none,1,60,no_task_support,results/intercept_3d_gate1_hardened_safety_no_task_support_5seed_fixed_update60_candidate/runs/multi_relation/bc_ppo_seed1/actor_critic_update_0060.pt,130024,24,checkpoint,100,straight,True,True,80,0.2,1.0,0.3,0,0.0,1,40,80,True,0.0,0.0,0.0,0.0,0.10000000137549181,0.18910256767502198,67.53782056266299,0.0,1.0,0.0,260.0,-1.0,-1.0,0.0,220.0,220.0,-1.0,0.0,0.0,1.0,-1.0,0.0,0.1625000022351742,0.1708333384245634,36961.98713191106,81028.9609375,685.709228515625,2409.135009765625,78495.40625,20318.48828125,-37.68211930990219
test,dropout030_relay_failure,no_task_support,no_task_support,none,none,1,60,no_task_support,results/intercept_3d_gate1_hardened_safety_no_task_support_5seed_fixed_update60_candidate/runs/multi_relation/bc_ppo_seed1/actor_critic_update_0060.pt,130031,31,checkpoint,100,straight,True,True,80,0.2,1.0,0.3,0,0.0,1,40,80,True,0.0,0.0,0.0,0.0,0.09487179609445426,0.19871795246234306,67.27307674718591,0.0,1.0,0.0,260.0,-1.0,-1.0,0.0,220.0,220.0,-1.0,0.0,0.0,1.0,-1.0,0.0,0.1500000014901161,0.1666666716337204,37072.96270470252,81007.8046875,1574.2388916015625,2273.529296875,77673.8671875,18896.39453125,-37.770934054628015
test,dropout030_relay_failure,no_task_support,no_task_support,none,none,1,60,no_task_support,results/intercept_3d_gate1_hardened_safety_no_task_support_5seed_fixed_update60_candidate/runs/multi_relation/bc_ppo_seed1/actor_critic_update_0060.pt,130034,34,checkpoint,100,straight,True,True,80,0.2,1.0,0.3,0,0.0,1,40,80,True,0.0,0.0,0.0,0.0,0.08974359127191398,0.17692307990330916,71.28910239539468,0.0,1.0,0.0,260.0,-1.0,-1.0,0.0,220.0,220.0,-1.0,0.0,0.0,1.0,-1.0,0.0,0.1375000026077032,0.17500000521540643,37112.94065786508,81454.4453125,1656.080322265625,2257.935791015625,79555.4140625,17919.541015625,-40.27280091261491
test,dropout030_relay_failure,no_task_support,no_task_support,none,none,1,60,no_task_support,results/intercept_3d_gate1_hardened_safety_no_task_support_5seed_fixed_update60_candidate/runs/multi_relation/bc_ppo_seed1/actor_critic_update_0060.pt,130043,43,checkpoint,100,straight,True,True,80,0.2,1.0,0.3,0,0.0,1,40,80,True,0.0,0.0,1.0,0.003846153960778163,0.1025641041306349,0.16923077238293793,72.68653844199501,0.0,1.0,0.0,260.0,46.0,-1.0,0.0,220.0,220.0,-1.0,0.0,0.0,1.0,-1.0,0.0,0.1666666693985462,0.15625000465661287,36822.40396259014,81404.1953125,416.8519592285156,2404.56982421875,80570.1171875,19035.326171875,-37.12332226336002
test,dropout030_relay_failure,no_task_support,no_task_support,none,none,1,60,no_task_support,results/intercept_3d_gate1_hardened_safety_no_task_support_5seed_fixed_update60_candidate/runs/multi_relation/bc_ppo_seed1/actor_critic_update_0060.pt,130046,46,checkpoint,100,straight,True,True,80,0.2,1.0,0.3,0,0.0,1,40,80,True,0.0,0.0,0.0,0.0,0.09871795016985674,0.19551282421900676,68.07564114355124,0.0,1.0,0.0,260.0,-1.0,-1.0,0.0,220.0,220.0,-1.0,0.0,0.0,1.0,-1.0,0.0,0.1583333358168602,0.18125000540167094,36731.09591440054,80759.1640625,1018.1267700195312,2412.15576171875,76449.140625,14292.9306640625,-37.44193960353732
test,dropout030_relay_failure,no_task_support,no_task_support,none,none,1,60,no_task_support,results/intercept_3d_gate1_hardened_safety_no_task_support_5seed_fixed_update60_candidate/runs/multi_relation/bc_ppo_seed1/actor_critic_update_0060.pt,130066,66,checkpoint,100,straight,True,True,80,0.2,1.0,0.3,0,0.0,1,40,80,True,1.0,1.0,1.0,0.031007752862087515,0.40310078027636503,0.6434108607990797,46.96124019941618,0.0,0.0,0.0,43.0,40.0,43.0,1.0,3.0,3.0,3.0,0.0,1.0,0.0,43.0,0.25,1.0,0.1666666716337204,15443.19785610465,6271.587890625,3757.63623046875,3130.31591796875,3757.63623046875,3130.31591796875,34.880434691905975
test,dropout030_relay_failure,no_task_support,no_task_support,none,none,1,60,no_task_support,results/intercept_3d_gate1_hardened_safety_no_task_support_5seed_fixed_update60_candidate/runs/multi_relation/bc_ppo_seed1/actor_critic_update_0060.pt,130051,51,checkpoint,100,straight,True,True,80,0.2,1.0,0.3,0,0.0,1,40,80,True,1.0,1.0,1.0,0.03030303120613098,0.4242424287579276,0.6287878897379745,41.05681866712191,0.0,0.0,0.0,44.0,41.0,44.0,1.0,4.0,4.0,4.0,0.0,1.0,0.0,44.0,0.2,1.0,0.26666667461395266,15107.084816672585,5610.55029296875,3614.36865234375,2323.662841796875,3614.36865234375,2323.662841796875,36.175622314214706
test,dropout030_relay_failure,no_task_support,no_task_support,none,none,1,60,no_task_support,results/intercept_3d_gate1_hardened_safety_no_task_support_5seed_fixed_update60_candidate/runs/multi_relation/bc_ppo_seed1/actor_critic_update_0060.pt,130052,52,checkpoint,100,straight,True,True,80,0.2,1.0,0.3,0,0.0,1,40,80,True,1.0,1.0,1.0,0.03030303120613098,0.4242424287579276,0.6931818283417008,35.931818592616104,0.0,0.0,0.0,44.0,41.0,44.0,1.0,4.0,4.0,4.0,0.0,1.0,0.0,44.0,0.2,1.0,0.3000000089406967,15043.51131924716,5451.39013671875,3765.02685546875,3114.897216796875,3765.02685546875,3114.897216796875,37.093777775764465
test,dropout030_relay_failure,no_task_support,no_task_support,none,none,1,60,no_task_support,results/intercept_3d_gate1_hardened_safety_no_task_support_5seed_fixed_update60_candidate/runs/multi_relation/bc_ppo_seed1/actor_critic_update_0060.pt,130060,60,checkpoint,100,straight,True,True,80,0.2,1.0,0.3,0,0.0,1,40,80,True,1.0,1.0,1.0,0.03030303120613098,0.4242424287579276,0.6969697025011886,39.90530302748084,0.0,0.0,0.0,44.0,41.0,44.0,1.0,4.0,4.0,4.0,0.0,1.0,0.0,44.0,0.2,1.0,0.23333334028720856,15082.373967950994,5545.095703125,3650.582275390625,2632.040283203125,3650.582275390625,2632.040283203125,36.88318532705307
test,dropout030_relay_failure,no_task_support,no_task_support,none,none,1,60,no_task_support,results/intercept_3d_gate1_hardened_safety_no_task_support_5seed_fixed_update60_candidate/runs/multi_relation/bc_ppo_seed1/actor_critic_update_0060.pt,130076,76,checkpoint,100,straight,True,True,80,0.2,1.0,0.3,0,0.0,1,40,80,True,1.0,1.0,1.0,0.03030303120613098,0.4242424287579276,0.6931818273257125,44.83712170069868,0.0,0.0,0.0,44.0,41.0,44.0,1.0,4.0,4.0,4.0,0.0,1.0,0.0,44.0,0.2,1.0,0.23333334028720856,15074.679998224432,5574.876953125,3715.10791015625,3867.7353515625,3715.10791015625,3867.7353515625,36.60362321138382
test,dropout030_relay_failure,no_task_support,no_task_support,none,none,1,60,no_task_support,results/intercept_3d_gate1_hardened_safety_no_task_support_5seed_fixed_update60_candidate/runs/multi_relation/bc_ppo_seed1/actor_critic_update_0060.pt,130078,78,checkpoint,100,straight,True,True,80,0.2,1.0,0.3,0,0.0,1,40,80,True,1.0,1.0,1.0,0.03030303120613098,0.4242424287579276,0.7045454616573724,37.897727271372624,0.0,0.0,0.0,44.0,41.0,44.0,1.0,4.0,4.0,4.0,0.0,1.0,0.0,44.0,0.2,1.0,0.20000000596046447,15058.766190962358,5499.22412109375,3728.9267578125,2755.033203125,3728.9267578125,2755.033203125,37.07114443182945
test,dropout030_relay_failure,no_task_support,no_task_support,none,none,1,60,no_task_support,results/intercept_3d_gate1_hardened_safety_no_task_support_5seed_fixed_update60_candidate/runs/multi_relation/bc_ppo_seed1/actor_critic_update_0060.pt,130082,82,checkpoint,100,straight,True,True,80,0.2,1.0,0.3,0,0.0,1,40,80,True,1.0,1.0,1.0,0.03030303120613098,0.4242424287579276,0.6818181896074251,39.973484555428676,0.0,0.0,0.0,44.0,41.0,44.0,1.0,4.0,4.0,4.0,0.0,1.0,0.0,44.0,0.2,1.0,0.23333334028720856,15056.010941938921,5454.22216796875,3824.5263671875,2918.99072265625,3824.5263671875,2918.99072265625,36.823915272951126
test,dropout030_relay_failure,no_task_support,no_task_support,none,none,1,60,no_task_support,results/intercept_3d_gate1_hardened_safety_no_task_support_5seed_fixed_update60_candidate/runs/multi_relation/bc_ppo_seed1/actor_critic_update_0060.pt,130083,83,checkpoint,100,straight,True,True,80,0.2,1.0,0.3,0,0.0,1,40,80,True,1.0,1.0,1.0,0.03030303120613098,0.4242424287579276,0.659090914848176,40.99999985674565,0.0,0.0,0.0,44.0,41.0,44.0,1.0,4.0,4.0,4.0,0.0,1.0,0.0,44.0,0.2,1.0,0.20000000596046447,15076.994617808949,5462.70166015625,3812.6318359375,2749.881591796875,3812.6318359375,2749.881591796875,36.578398033976555
test,dropout030_relay_failure,no_task_support,no_task_support,none,none,1,60,no_task_support,results/intercept_3d_gate1_hardened_safety_no_task_support_5seed_fixed_update60_candidate/runs/multi_relation/bc_ppo_seed1/actor_critic_update_0060.pt,130090,90,checkpoint,100,straight,True,True,80,0.2,1.0,0.3,0,0.0,1,40,80,True,1.0,1.0,1.0,0.03030303120613098,0.4242424287579276,0.7462121275338259,38.909090941602535,0.0,0.0,0.0,44.0,41.0,44.0,1.0,4.0,4.0,4.0,0.0,1.0,0.0,44.0,0.2,1.0,0.3000000089406967,15042.10370427912,5455.375,3765.01171875,3327.655517578125,3765.01171875,3327.655517578125,37.42112173140049
test,dropout030_relay_failure,no_task_support,no_task_support,none,none,1,60,no_task_support,results/intercept_3d_gate1_hardened_safety_no_task_support_5seed_fixed_update60_candidate/runs/multi_relation/bc_ppo_seed1/actor_critic_update_0060.pt,130093,93,checkpoint,100,straight,True,True,80,0.2,1.0,0.3,0,0.0,1,40,80,True,1.0,1.0,1.0,0.03030303120613098,0.4166666716337204,0.6666666750203479,45.86742412976243,0.0,0.0,0.0,44.0,41.0,44.0,1.0,4.0,4.0,4.0,0.0,1.0,0.0,44.0,0.2,1.0,0.26666667461395266,15167.413773970171,5725.16259765625,3424.274658203125,2420.638916015625,3424.274658203125,2420.638916015625,36.168034702539444
test,dropout030_relay_failure,no_task_support,no_task_support,none,none,1,60,no_task_support,results/intercept_3d_gate1_hardened_safety_no_task_support_5seed_fixed_update60_candidate/runs/multi_relation/bc_ppo_seed1/actor_critic_update_0060.pt,130053,53,checkpoint,100,straight,True,True,80,0.2,1.0,0.3,0,0.0,1,40,80,True,1.0,1.0,1.0,0.029629630512661403,0.4370370414521959,0.6888888958427641,40.12592573033439,0.0,0.0,0.0,45.0,42.0,45.0,1.0,5.0,5.0,5.0,0.0,1.0,0.0,45.0,0.16666666666666666,1.0,0.22222222884496054,14867.560004340277,5093.79833984375,3601.263427734375,3353.792236328125,3601.263427734375,3353.792236328125,37.679563730955124
test,dropout030_relay_failure,no_task_support,no_task_support,none,none,1,60,no_task_support,results/intercept_3d_gate1_hardened_safety_no_task_support_5seed_fixed_update60_candidate/runs/multi_relation/bc_ppo_seed1/actor_critic_update_0060.pt,130054,54,checkpoint,100,straight,True,True,80,0.2,1.0,0.3,0,0.0,1,40,80,True,1.0,1.0,1.0,0.029629630512661403,0.407407412926356,0.6407407499021954,56.42222216327985,0.0,0.0,0.0,45.0,42.0,45.0,1.0,5.0,5.0,5.0,0.0,1.0,0.0,45.0,0.16666666666666666,0.8888888955116272,0.2777777860562007,15011.019639756945,5564.83203125,3684.9873046875,3441.77490234375,3684.9873046875,3441.77490234375,35.666634395718575
test,dropout030_relay_failure,no_task_support,no_task_support,none,none,1,60,no_task_support,results/intercept_3d_gate1_hardened_safety_no_task_support_5seed_fixed_update60_candidate/runs/multi_relation/bc_ppo_seed1/actor_critic_update_0060.pt,130056,56,checkpoint,100,straight,True,True,80,0.2,1.0,0.3,0,0.0,1,40,80,True,1.0,1.0,1.0,0.029629630512661403,0.4370370414521959,0.6629629704687331,39.16666666633553,0.0,0.0,0.0,45.0,42.0,45.0,1.0,5.0,5.0,5.0,0.0,1.0,0.0,45.0,0.16666666666666666,1.0,0.19444445023934046,14839.40859375,5084.04443359375,3665.830078125,2614.734619140625,3665.830078125,2614.734619140625,37.49267956614494
test,dropout030_relay_failure,no_task_support,no_task_support,none,none,1,60,no_task_support,results/intercept_3d_gate1_hardened_safety_no_task_support_5seed_fixed_update60_candidate/runs/multi_relation/bc_ppo_seed1/actor_critic_update_0060.pt,130081,81,checkpoint,100,straight,True,True,80,0.2,1.0,0.3,0,0.0,1,40,80,True,1.0,1.0,1.0,0.029629630512661403,0.4296296338240306,0.6518518600198958,39.196296188897556,0.0,0.0,0.0,45.0,42.0,45.0,1.0,5.0,5.0,5.0,0.0,1.0,0.0,45.0,0.16666666666666666,1.0,0.19444445023934046,14824.873828125,5020.13134765625,3697.45068359375,3466.833740234375,3697.45068359375,3466.833740234375,37.30630671977997
test,dropout030_relay_failure,no_task_support,no_task_support,none,none,1,60,no_task_support,results/intercept_3d_gate1_hardened_safety_no_task_support_5seed_fixed_update60_candidate/runs/multi_relation/bc_ppo_seed1/actor_critic_update_0060.pt,130084,84,checkpoint,100,straight,True,True,80,0.2,1.0,0.3,0,0.0,1,40,80,True,1.0,1.0,1.0,0.029629630512661403,0.4370370414521959,0.7111111174027125,36.23703655103842,0.0,0.0,0.0,45.0,42.0,45.0,1.0,5.0,5.0,5.0,0.0,1.0,0.0,45.0,0.16666666666666666,1.0,0.22222222884496054,14834.270648871528,5041.439453125,3761.61376953125,3034.73974609375,3761.61376953125,3034.73974609375,38.17107453942299
test,dropout030_relay_failure,no_task_support,no_task_support,none,none,1,60,no_task_support,results/intercept_3d_gate1_hardened_safety_no_task_support_5seed_fixed_update60_candidate/runs/multi_relation/bc_ppo_seed1/actor_critic_update_0060.pt,130087,87,checkpoint,100,straight,True,True,80,0.2,1.0,0.3,0,0.0,1,40,80,True,1.0,1.0,1.0,0.029629630512661403,0.4370370414521959,0.6888888955116272,38.23333321875996,0.0,0.0,0.0,45.0,42.0,45.0,1.0,5.0,5.0,5.0,0.0,1.0,0.0,45.0,0.16666666666666666,1.0,0.2777777860562007,14819.111805555556,4994.43115234375,3567.63916015625,3059.25537109375,3567.63916015625,3059.25537109375,37.87812566757202
test,dropout030_relay_failure,no_task_support,no_task_support,none,none,1,60,no_task_support,results/intercept_3d_gate1_hardened_safety_no_task_support_5seed_fixed_update60_candidate/runs/multi_relation/bc_ppo_seed1/actor_critic_update_0060.pt,130088,88,checkpoint,100,straight,True,True,80,0.2,1.0,0.3,0,0.0,1,40,80,True,1.0,1.0,1.0,0.029629630512661403,0.4370370414521959,0.6851851930220921,43.0592592034075,0.0,0.0,0.0,45.0,42.0,45.0,1.0,5.0,5.0,5.0,0.0,1.0,0.0,45.0,0.16666666666666666,1.0,0.22222222884496054,14857.03703342014,5096.69287109375,3604.719970703125,2802.343505859375,3604.719970703125,2802.343505859375,37.60892695188522
test,dropout030_relay_failure,no_task_support,no_task_support,none,none,1,60,no_task_support,results/intercept_3d_gate1_hardened_safety_no_task_support_5seed_fixed_update60_candidate/runs/multi_relation/bc_ppo_seed1/actor_critic_update_0060.pt,130096,96,checkpoint,100,straight,True,True,80,0.2,1.0,0.3,0,0.0,1,40,80,True,1.0,1.0,1.0,0.029629630512661403,0.4370370414521959,0.6814814878834619,37.225925927029714,0.0,0.0,0.0,45.0,42.0,45.0,1.0,5.0,5.0,5.0,0.0,1.0,0.0,45.0,0.16666666666666666,1.0,0.19444445023934046,14853.45027126736,5136.287109375,3563.18505859375,2857.45947265625,3563.18505859375,2857.45947265625,37.7904012799263
test,dropout030_relay_failure,no_task_support,no_task_support,none,none,1,60,no_task_support,results/intercept_3d_gate1_hardened_safety_no_task_support_5seed_fixed_update60_candidate/runs/multi_relation/bc_ppo_seed1/actor_critic_update_0060.pt,130099,99,checkpoint,100,straight,True,True,80,0.2,1.0,0.3,0,0.0,1,40,80,True,1.0,1.0,1.0,0.029629630512661403,0.4370370414521959,0.6481481558746762,36.314814843734105,0.0,0.0,0.0,45.0,42.0,45.0,1.0,5.0,5.0,5.0,0.0,1.0,0.0,45.0,0.16666666666666666,1.0,0.19444445023934046,14819.261317274306,5012.76904296875,3569.365966796875,2385.350830078125,3569.365966796875,2385.350830078125,37.53448635339737
test,dropout030_relay_failure,no_task_support,no_task_support,none,none,1,60,no_task_support,results/intercept_3d_gate1_hardened_safety_no_task_support_5seed_fixed_update60_candidate/runs/multi_relation/bc_ppo_seed1/actor_critic_update_0060.pt,130068,68,checkpoint,100,straight,True,True,80,0.2,1.0,0.3,0,0.0,1,40,80,True,1.0,1.0,1.0,0.028985508110212242,0.44927536663801776,0.6920289931737859,38.416666678760365,0.0,0.0,0.0,46.0,43.0,46.0,1.0,6.0,6.0,6.0,0.0,1.0,0.0,46.0,0.14285714285714285,1.0,0.26190476971013205,14659.493960173233,4795.73486328125,3975.73828125,2593.65966796875,3975.73828125,2593.65966796875,38.629063963890076
test,dropout030_relay_failure,no_task_support,no_task_support,none,none,1,60,no_task_support,results/intercept_3d_gate1_hardened_safety_no_task_support_5seed_fixed_update60_candidate/runs/multi_relation/bc_ppo_seed1/actor_critic_update_0060.pt,130069,69,checkpoint,100,straight,True,True,80,0.2,1.0,0.3,0,0.0,1,40,80,True,1.0,1.0,1.0,0.028985508110212242,0.4347826132307882,0.6195652254897616,59.12681159636249,0.0,0.0,0.0,46.0,43.0,46.0,1.0,6.0,6.0,6.0,0.0,1.0,0.0,46.0,0.14285714285714285,0.9523809552192688,0.26190476971013205,14737.325471297554,5093.91943359375,3988.97021484375,2706.764404296875,3988.97021484375,2706.764404296875,36.51924183964729
test,dropout030_relay_failure,no_task_support,no_task_support,none,none,1,60,no_task_support,results/intercept_3d_gate1_hardened_safety_no_task_support_5seed_fixed_update60_candidate/runs/multi_relation/bc_ppo_seed1/actor_critic_update_0060.pt,130071,71,checkpoint,100,straight,True,True,80,0.2,1.0,0.3,0,0.0,1,40,80,True,1.0,1.0,1.0,0.028985508110212242,0.44202898961046466,0.6594202991413034,34.69565222930649,0.0,0.0,0.0,46.0,43.0,46.0,1.0,6.0,6.0,6.0,0.0,1.0,0.0,46.0,0.14285714285714285,1.0,0.23809524519102915,14657.776675016983,4685.60498046875,3785.4443359375,2472.90185546875,3785.4443359375,2472.90185546875,38.47890764474869
test,dropout030_relay_failure,no_task_support,no_task_support,none,none,1,60,no_task_support,results/intercept_3d_gate1_hardened_safety_no_task_support_5seed_fixed_update60_candidate/runs/multi_relation/bc_ppo_seed1/actor_critic_update_0060.pt,130072,72,checkpoint,100,straight,True,True,80,0.2,1.0,0.3,0,0.0,1,40,80,True,1.0,1.0,1.0,0.028985508110212242,0.44202898961046466,0.7101449354187302,36.43478261906168,0.0,0.0,0.0,46.0,43.0,46.0,1.0,6.0,6.0,6.0,0.0,1.0,0.0,46.0,0.14285714285714285,1.0,0.26190476971013205,14647.570684018343,4763.87451171875,3805.416748046875,2658.61572265625,3805.416748046875,2658.61572265625,38.6979877948761
test,dropout030_relay_failure,no_task_support,no_task_support,none,none,1,60,no_task_support,results/intercept_3d_gate1_hardened_safety_no_task_support_5seed_fixed_update60_candidate/runs/multi_relation/bc_ppo_seed1/actor_critic_update_0060.pt,130075,75,checkpoint,100,straight,True,True,80,0.2,1.0,0.3,0,0.0,1,40,80,True,1.0,1.0,1.0,0.028985508110212242,0.44927536663801776,0.6521739201701205,38.456521689891815,0.0,0.0,0.0,46.0,43.0,46.0,1.0,6.0,6.0,6.0,0.0,1.0,0.0,46.0,0.14285714285714285,1.0,0.21428572067192622,14645.094206436821,4731.27783203125,3875.488525390625,3206.412353515625,3875.488525390625,3206.412353515625,38.314536809921265
test,dropout030_relay_failure,no_task_support,no_task_support,none,none,1,60,no_task_support,results/intercept_3d_gate1_hardened_safety_no_task_support_5seed_fixed_update60_candidate/runs/multi_relation/bc_ppo_seed1/actor_critic_update_0060.pt,130079,79,checkpoint,100,straight,True,True,80,0.2,1.0,0.3,0,0.0,1,40,80,True,1.0,1.0,1.0,0.028985508110212242,0.44202898961046466,0.6376811677347058,34.731884119951204,0.0,0.0,0.0,46.0,43.0,46.0,1.0,6.0,6.0,6.0,0.0,1.0,0.0,46.0,0.14285714285714285,1.0,0.26190476971013205,14698.756623641304,4742.18603515625,3821.591796875,2778.683837890625,3821.591796875,2778.683837890625,38.2670042514801
test,dropout030_relay_failure,no_task_support,no_task_support,none,none,1,60,no_task_support,results/intercept_3d_gate1_hardened_safety_no_task_support_5seed_fixed_update60_candidate/runs/multi_relation/bc_ppo_seed1/actor_critic_update_0060.pt,130092,92,checkpoint,100,straight,True,True,80,0.2,1.0,0.3,0,0.0,1,40,80,True,1.0,1.0,1.0,0.028985508110212242,0.44202898961046466,0.6159420360041701,39.467391081802226,0.0,0.0,0.0,46.0,43.0,46.0,1.0,6.0,6.0,6.0,0.0,1.0,0.0,46.0,0.14285714285714285,1.0,0.19047619615282332,14648.203814962635,4753.60498046875,3661.475830078125,2363.363037109375,3661.475830078125,2363.363037109375,37.690660536289215
test,dropout030_relay_failure,no_task_support,no_task_support,none,none,1,60,no_task_support,results/intercept_3d_gate1_hardened_safety_no_task_support_5seed_fixed_update60_candidate/runs/multi_relation/bc_ppo_seed1/actor_critic_update_0060.pt,130095,95,checkpoint,100,straight,True,True,80,0.2,1.0,0.3,0,0.0,1,40,80,True,1.0,1.0,1.0,0.028985508110212242,0.44927536663801776,0.5833333426195643,32.93115931587375,0.0,0.0,0.0,46.0,43.0,46.0,1.0,6.0,6.0,6.0,0.0,1.0,0.0,46.0,0.14285714285714285,1.0,0.19047619615282332,14606.5185546875,4581.7158203125,3430.415771484375,2456.23388671875,3430.415771484375,2456.23388671875,38.03675463795662
test,dropout030_relay_failure,no_task_support,no_task_support,none,none,1,60,no_task_support,results/intercept_3d_gate1_hardened_safety_no_task_support_5seed_fixed_update60_candidate/runs/multi_relation/bc_ppo_seed1/actor_critic_update_0060.pt,130098,98,checkpoint,100,straight,True,True,80,0.2,1.0,0.3,0,0.0,1,40,80,True,1.0,1.0,1.0,0.028985508110212242,0.43478261387866474,0.6376811696783357,46.88768147385639,0.0,0.0,0.0,46.0,43.0,46.0,1.0,6.0,6.0,6.0,0.0,1.0,0.0,46.0,0.14285714285714285,0.9047619104385376,0.23809524519102915,14724.409614894701,4944.31884765625,3724.26171875,2564.537109375,3724.26171875,2564.537109375,37.37210178375244
test,dropout030_relay_failure,no_task_support,no_task_support,none,none,1,60,no_task_support,results/intercept_3d_gate1_hardened_safety_no_task_support_5seed_fixed_update60_candidate/runs/multi_relation/bc_ppo_seed1/actor_critic_update_0060.pt,130050,50,checkpoint,100,straight,True,True,80,0.2,1.0,0.3,0,0.0,1,40,80,True,1.0,1.0,1.0,0.02836879517169709,0.4539007132357739,0.65957447569421,36.8546100471248,0.0,0.0,0.0,47.0,44.0,47.0,1.0,7.0,7.0,7.0,0.0,1.0,0.0,47.0,0.125,1.0,0.18750000558793545,14496.56475440492,4531.47314453125,3404.10009765625,2994.151123046875,3404.10009765625,2994.151123046875,39.05712053179741
test,dropout030_relay_failure,no_task_support,no_task_support,none,none,1,60,no_task_support,results/intercept_3d_gate1_hardened_safety_no_task_support_5seed_fixed_update60_candidate/runs/multi_relation/bc_ppo_seed1/actor_critic_update_0060.pt,130061,61,checkpoint,100,straight,True,True,80,0.2,1.0,0.3,0,0.0,1,40,80,True,1.0,1.0,1.0,0.02836879517169709,0.4468085157110336,0.6028368888383216,45.16312089181961,0.0,0.0,0.0,47.0,44.0,47.0,1.0,7.0,7.0,7.0,0.0,1.0,0.0,47.0,0.125,0.9166666716337204,0.22916667349636555,14500.797872340425,4605.60986328125,3915.7265625,2910.369873046875,3915.7265625,2910.369873046875,38.050819143652916
test,dropout030_relay_failure,no_task_support,no_task_support,none,none,1,60,no_task_support,results/intercept_3d_gate1_hardened_safety_no_task_support_5seed_fixed_update60_candidate/runs/multi_relation/bc_ppo_seed1/actor_critic_update_0060.pt,130063,63,checkpoint,100,straight,True,True,80,0.2,1.0,0.3,0,0.0,1,40,80,True,1.0,1.0,1.0,0.02836879517169709,0.44680851507694164,0.5992907907100434,45.10638314866005,0.0,0.0,0.0,47.0,44.0,47.0,1.0,7.0,7.0,7.0,0.0,1.0,0.0,47.0,0.125,0.9583333358168602,0.27083334140479565,14514.222448470744,4627.35205078125,3991.3857421875,2328.84814453125,3991.3857421875,2328.84814453125,37.9338436126709
test,dropout030_relay_failure,no_task_support,no_task_support,none,none,1,60,no_task_support,results/intercept_3d_gate1_hardened_safety_no_task_support_5seed_fixed_update60_candidate/runs/multi_relation/bc_ppo_seed1/actor_critic_update_0060.pt,130065,65,checkpoint,100,straight,True,True,80,0.2,1.0,0.3,0,0.0,1,40,80,True,1.0,1.0,1.0,0.02836879517169709,0.4539007132357739,0.6773049723594746,41.32269498040068,0.0,0.0,0.0,47.0,44.0,47.0,1.0,7.0,7.0,7.0,0.0,1.0,0.0,47.0,0.125,1.0,0.31250000931322575,14434.04987741024,4304.58935546875,3274.728759765625,3599.65576171875,3274.728759765625,3599.65576171875,39.13024279475212
test,dropout030_relay_failure,no_task_support,no_task_support,none,none,1,60,no_task_support,results/intercept_3d_gate1_hardened_safety_no_task_support_5seed_fixed_update60_candidate/runs/multi_relation/bc_ppo_seed1/actor_critic_update_0060.pt,130067,67,checkpoint,100,straight,True,True,80,0.2,1.0,0.3,0,0.0,1,40,80,True,1.0,1.0,1.0,0.02836879517169709,0.4609929120286982,0.6843971689330771,35.83687933994101,0.0,0.0,0.0,47.0,44.0,47.0,1.0,7.0,7.0,7.0,0.0,1.0,0.0,47.0,0.125,1.0,0.2083333395421505,14443.16106008976,4381.505859375,3399.375,3206.462158203125,3399.375,3206.462158203125,39.511531472206116
test,dropout030_relay_failure,no_task_support,no_task_support,none,none,1,60,no_task_support,results/intercept_3d_gate1_hardened_safety_no_task_support_5seed_fixed_update60_candidate/runs/multi_relation/bc_ppo_seed1/actor_critic_update_0060.pt,130070,70,checkpoint,100,straight,True,True,80,0.2,1.0,0.3,0,0.0,1,40,80,True,1.0,1.0,1.0,0.02836879517169709,0.43262411875927703,0.6702127754688263,48.77305003017821,0.0,0.0,0.0,47.0,44.0,47.0,1.0,7.0,7.0,7.0,0.0,1.0,0.0,47.0,0.125,0.8750000074505806,0.27083334140479565,14530.824873254654,4655.78662109375,3900.819580078125,2750.14306640625,3900.819580078125,2750.14306640625,38.13151100277901
test,dropout030_relay_failure,no_task_support,no_task_support,none,none,1,60,no_task_support,results/intercept_3d_gate1_hardened_safety_no_task_support_5seed_fixed_update60_candidate/runs/multi_relation/bc_ppo_seed1/actor_critic_update_0060.pt,130074,74,checkpoint,100,straight,True,True,80,0.2,1.0,0.3,0,0.0,1,40,80,True,1.0,1.0,1.0,0.02836879517169709,0.43262411875927703,0.6312056827418348,55.19503562469432,0.0,0.0,0.0,47.0,44.0,47.0,1.0,7.0,7.0,7.0,0.0,1.0,0.0,47.0,0.125,0.8750000074505806,0.14583333767950535,14546.283442071144,4850.07177734375,4086.359375,3473.16748046875,4086.359375,3473.16748046875,37.271008998155594
test,dropout030_relay_failure,no_task_support,no_task_support,none,none,1,60,no_task_support,results/intercept_3d_gate1_hardened_safety_no_task_support_5seed_fixed_update60_candidate/runs/multi_relation/bc_ppo_seed1/actor_critic_update_0060.pt,130080,80,checkpoint,100,straight,True,True,80,0.2,1.0,0.3,0,0.0,1,40,80,True,1.0,1.0,1.0,0.02836879517169709,0.4539007132357739,0.6453900765231315,40.60283678072564,0.0,0.0,0.0,47.0,44.0,47.0,1.0,7.0,7.0,7.0,0.0,1.0,0.0,47.0,0.125,1.0,0.1666666716337204,14507.392526180187,4477.783203125,3659.004150390625,2601.20068359375,3659.004150390625,2601.20068359375,38.76615056395531
test,dropout030_relay_failure,no_task_support,no_task_support,none,none,1,60,no_task_support,results/intercept_3d_gate1_hardened_safety_no_task_support_5seed_fixed_update60_candidate/runs/multi_relation/bc_ppo_seed1/actor_critic_update_0060.pt,130085,85,checkpoint,100,straight,True,True,80,0.2,1.0,0.3,0,0.0,1,40,80,True,1.0,1.0,1.0,0.02836879517169709,0.4539007132357739,0.7021276655983417,38.59219833796329,0.0,0.0,0.0,47.0,44.0,47.0,1.0,7.0,7.0,7.0,0.0,1.0,0.0,47.0,0.125,1.0,0.14583333767950535,14457.458257147606,4434.0869140625,3370.947998046875,3061.263671875,3370.947998046875,3061.263671875,39.39975380897522
test,dropout030_relay_failure,no_task_support,no_task_support,none,none,1,60,no_task_support,results/intercept_3d_gate1_hardened_safety_no_task_support_5seed_fixed_update60_candidate/runs/multi_relation/bc_ppo_seed1/actor_critic_update_0060.pt,130089,89,checkpoint,100,straight,True,True,80,0.2,1.0,0.3,0,0.0,1,40,80,True,1.0,1.0,1.0,0.02836879517169709,0.4609929120286982,0.6524822788035616,40.439715942169755,0.0,0.0,0.0,47.0,44.0,47.0,1.0,7.0,7.0,7.0,0.0,1.0,0.0,47.0,0.125,1.0,0.27083334140479565,14446.668612865691,4386.25048828125,3621.23193359375,2682.778564453125,3621.23193359375,2682.778564453125,39.043639212846756
test,dropout030_relay_failure,no_task_support,no_task_support,none,none,1,60,no_task_support,results/intercept_3d_gate1_hardened_safety_no_task_support_5seed_fixed_update60_candidate/runs/multi_relation/bc_ppo_seed1/actor_critic_update_0060.pt,130091,91,checkpoint,100,straight,True,True,80,0.2,1.0,0.3,0,0.0,1,40,80,True,1.0,1.0,1.0,0.02836879517169709,0.4609929120286982,0.6241134810954967,38.80496435786815,0.0,0.0,0.0,47.0,44.0,47.0,1.0,7.0,7.0,7.0,0.0,1.0,0.0,47.0,0.125,1.0,0.1666666716337204,14461.819834607713,4448.30419921875,3673.152099609375,2442.185791015625,3673.152099609375,2442.185791015625,38.756024330854416
test,dropout030_relay_failure,no_task_support,no_task_support,none,none,1,60,no_task_support,results/intercept_3d_gate1_hardened_safety_no_task_support_5seed_fixed_update60_candidate/runs/multi_relation/bc_ppo_seed1/actor_critic_update_0060.pt,130058,58,checkpoint,100,straight,True,True,80,0.2,1.0,0.3,0,0.0,1,40,80,True,1.0,1.0,1.0,0.027777778605620067,0.45833333767950535,0.6319444514811039,43.36805545104047,0.0,0.0,0.0,48.0,45.0,48.0,1.0,8.0,8.0,8.0,0.0,1.0,0.0,48.0,0.1111111111111111,0.9629629651705424,0.20370370977454716,14304.092702229818,4295.54833984375,3222.924072265625,2732.286376953125,3222.924072265625,2732.286376953125,39.12408432364464
test,dropout030_relay_failure,no_task_support,no_task_support,none,none,1,60,no_task_support,results/intercept_3d_gate1_hardened_safety_no_task_support_5seed_fixed_update60_candidate/runs/multi_relation/bc_ppo_seed1/actor_critic_update_0060.pt,130059,59,checkpoint,100,straight,True,True,80,0.2,1.0,0.3,0,0.0,1,40,80,True,1.0,1.0,1.0,0.027777778605620067,0.45833333767950535,0.5902777869875232,44.298611304722726,0.0,0.0,0.0,48.0,45.0,48.0,1.0,8.0,8.0,8.0,0.0,1.0,0.0,48.0,0.1111111111111111,0.9629629651705424,0.2777777860562007,14308.329294840494,4327.33740234375,3440.314697265625,2119.124755859375,3440.314697265625,2119.124755859375,38.454466104507446
test,dropout030_relay_failure,no_task_support,no_task_support,none,none,1,60,no_task_support,results/intercept_3d_gate1_hardened_safety_no_task_support_5seed_fixed_update60_candidate/runs/multi_relation/bc_ppo_seed1/actor_critic_update_0060.pt,130057,57,checkpoint,100,straight,True,True,80,0.2,1.0,0.3,0,0.0,1,40,80,True,1.0,1.0,1.0,0.027210885164689044,0.4557823173853816,0.6632653122045555,45.204081476038816,0.0,0.0,0.0,49.0,46.0,49.0,1.0,9.0,9.0,9.0,0.0,1.0,0.0,49.0,0.1,0.9333333373069763,0.28333334177732467,14123.420071348852,3960.158203125,2704.743408203125,2811.795166015625,2704.743408203125,2811.795166015625,39.72137129306793
test,dropout030_relay_failure,no_task_support,no_task_support,none,none,1,60,no_task_support,results/intercept_3d_gate1_hardened_safety_no_task_support_5seed_fixed_update60_candidate/runs/multi_relation/bc_ppo_seed1/actor_critic_update_0060.pt,130064,64,checkpoint,100,straight,True,True,80,0.2,1.0,0.3,0,0.0,1,40,80,True,1.0,1.0,1.0,0.027210885164689044,0.47619048004247705,0.6462585111053623,42.58163247272677,0.0,0.0,0.0,49.0,46.0,49.0,1.0,9.0,9.0,9.0,0.0,1.0,0.0,49.0,0.1,1.0,0.2500000074505806,14171.33389967315,4087.942138671875,2826.401123046875,2431.33837890625,2826.401123046875,2431.33837890625,40.01817336678505
test,dropout030_relay_failure,no_task_support,no_task_support,none,none,1,60,no_task_support,results/intercept_3d_gate1_hardened_safety_no_task_support_5seed_fixed_update60_candidate/runs/multi_relation/bc_ppo_seed1/actor_critic_update_0060.pt,130097,97,checkpoint,100,straight,True,True,80,0.2,1.0,0.3,0,0.0,1,40,80,True,1.0,1.0,1.0,0.027210885164689044,0.46938775935951543,0.6904761964569286,36.517006699832116,0.0,0.0,0.0,49.0,46.0,49.0,1.0,9.0,9.0,9.0,0.0,1.0,0.0,49.0,0.1,1.0,0.18333333879709243,14181.67555205676,4150.771484375,2913.81396484375,2444.347412109375,2913.81396484375,2444.347412109375,40.58281201124191
test,dropout030_relay_failure,no_task_support,no_task_support,none,none,1,60,no_task_support,results/intercept_3d_gate1_hardened_safety_no_task_support_5seed_fixed_update60_candidate/runs/multi_relation/bc_ppo_seed1/actor_critic_update_0060.pt,130062,62,checkpoint,100,straight,True,True,80,0.2,1.0,0.3,0,0.0,1,40,80,True,1.0,1.0,1.0,0.026143791628818885,0.48366013461468266,0.6437908577568391,40.45424832140698,0.0,0.0,0.0,51.0,48.0,51.0,1.0,11.0,11.0,11.0,0.0,1.0,0.0,51.0,0.08333333333333333,1.0,0.22222222884496054,13820.317200903799,3578.893310546875,1494.5462646484375,3567.653076171875,1494.5462646484375,3567.653076171875,41.2689228951931
test,dropout030_relay_failure,no_task_support,no_task_support,none,none,1,60,no_task_support,results/intercept_3d_gate1_hardened_safety_no_task_support_5seed_fixed_update60_candidate/runs/multi_relation/bc_ppo_seed1/actor_critic_update_0060.pt,130094,94,checkpoint,100,straight,True,True,80,0.2,1.0,0.3,0,0.0,1,40,80,True,1.0,1.0,1.0,0.026143791628818885,0.4771241872918372,0.5980392235751245,45.558824075495494,0.0,0.0,0.0,51.0,48.0,51.0,1.0,11.0,11.0,11.0,0.0,1.0,0.0,51.0,0.08333333333333333,0.9444444477558136,0.22222222884496054,13781.332059972427,3501.973876953125,1628.76513671875,2970.438232421875,1628.76513671875,2970.438232421875,40.60710537433624
test,dropout030_relay_failure,no_task_support,no_task_support,none,none,1,60,no_task_support,results/intercept_3d_gate1_hardened_safety_no_task_support_5seed_fixed_update60_candidate/runs/multi_relation/bc_ppo_seed1/actor_critic_update_0060.pt,130055,55,checkpoint,100,straight,True,True,80,0.2,1.0,0.3,0,0.0,1,40,80,True,0.0,0.0,0.0,0.0,0.09743589862034871,0.1750000034387295,71.00641044212075,0.0,1.0,0.0,260.0,-1.0,-1.0,0.0,220.0,220.0,-1.0,0.0,0.0,1.0,-1.0,0.0,0.15833333507180214,0.15000000447034836,37056.63203970102,81165.5859375,958.1646118164062,2497.657470703125,79462.25,21909.57421875,-39.419325940310955
test,dropout030_relay_failure,no_task_support,no_task_support,none,none,1,60,no_task_support,results/intercept_3d_gate1_hardened_safety_no_task_support_5seed_fixed_update60_candidate/runs/multi_relation/bc_ppo_seed1/actor_critic_update_0060.pt,130073,73,checkpoint,100,straight,True,True,80,0.2,1.0,0.3,0,0.0,1,40,80,True,0.0,0.0,0.0,0.0,0.09871795039910536,0.1807692342079603,69.25705097076984,0.0,1.0,0.0,260.0,-1.0,-1.0,0.0,220.0,220.0,-1.0,0.0,0.0,1.0,-1.0,0.0,0.15833333656191825,0.18541667219251395,37702.277736253,80414.1875,423.2832946777344,1913.45849609375,78436.7265625,13194.4765625,-37.98278076387942
test,dropout030_relay_failure,no_task_support,no_task_support,none,none,1,60,no_task_support,results/intercept_3d_gate1_hardened_safety_no_task_support_5seed_fixed_update60_candidate/runs/multi_relation/bc_ppo_seed1/actor_critic_update_0060.pt,130077,77,checkpoint,100,straight,True,True,80,0.2,1.0,0.3,0,0.0,1,40,80,True,0.0,0.0,1.0,0.0025641026405187756,0.10384615545089428,0.15512820751621173,89.67564096548236,0.0,1.0,0.0,260.0,45.0,-1.0,0.0,220.0,220.0,-1.0,0.0,0.0,1.0,-1.0,0.0,0.17083333618938923,0.15416667126119138,36775.418533090444,81094.6484375,251.24163818359375,1934.925537109375,78482.4609375,24073.796875,-39.16807486116886
test,dropout030_relay_failure,no_task_support,no_task_support,none,none,1,60,no_task_support,results/intercept_3d_gate1_hardened_safety_no_task_support_5seed_fixed_update60_candidate/runs/multi_relation/bc_ppo_seed1/actor_critic_update_0060.pt,130086,86,checkpoint,100,straight,True,True,80,0.2,1.0,0.3,0,0.0,1,40,80,True,0.0,0.0,1.0,0.0012820513202593878,0.10256410401601057,0.1551282083758941,73.10961592850776,0.0,1.0,0.0,260.0,47.0,-1.0,0.0,220.0,220.0,-1.0,0.0,0.0,1.0,-1.0,0.0,0.16666666902601718,0.13333333730697633,36641.199438476564,78914.3125,842.7068481445312,2157.970947265625,71944.25,19617.791015625,-37.426975063979626
test,dropout030_relay_failure,no_task_support,no_task_support,none,none,2,60,no_task_support,results/intercept_3d_gate1_hardened_safety_no_task_support_5seed_fixed_update60_candidate/runs/multi_relation/bc_ppo_seed2/actor_critic_update_0060.pt,130005,5,checkpoint,100,straight,True,True,80,0.2,1.0,0.3,0,0.0,1,40,80,True,1.0,1.0,1.0,0.029629630512661403,0.4296296338240306,0.6111111183961232,33.537037155694435,0.0,0.0,0.0,45.0,42.0,45.0,1.0,5.0,5.0,5.0,0.0,1.0,0.0,45.0,0.16666666666666666,1.0,0.0833333358168602,14853.376671006945,5149.474609375,3553.19921875,3361.340576171875,3553.19921875,3361.340576171875,37.11191049218178
test,dropout030_relay_failure,no_task_support,no_task_support,none,none,2,60,no_task_support,results/intercept_3d_gate1_hardened_safety_no_task_support_5seed_fixed_update60_candidate/runs/multi_relation/bc_ppo_seed2/actor_critic_update_0060.pt,130008,8,checkpoint,100,straight,True,True,80,0.2,1.0,0.3,0,0.0,1,40,80,True,1.0,1.0,1.0,0.029629630512661403,0.4370370414521959,0.6962963031397925,33.42592587338554,0.0,0.0,0.0,45.0,42.0,45.0,1.0,5.0,5.0,5.0,0.0,1.0,0.0,45.0,0.16666666666666666,1.0,0.2777777860562007,14908.15480685764,5267.91455078125,3873.66796875,2915.76611328125,3873.66796875,2915.76611328125,37.94224125146866
test,dropout030_relay_failure,no_task_support,no_task_support,none,none,2,60,no_task_support,results/intercept_3d_gate1_hardened_safety_no_task_support_5seed_fixed_update60_candidate/runs/multi_relation/bc_ppo_seed2/actor_critic_update_0060.pt,130011,11,checkpoint,100,straight,True,True,80,0.2,1.0,0.3,0,0.0,1,40,80,True,1.0,1.0,1.0,0.029629630512661403,0.4370370414521959,0.6592592666546504,41.088889400164284,0.0,0.0,0.0,45.0,42.0,45.0,1.0,5.0,5.0,5.0,0.0,1.0,0.0,45.0,0.16666666666666666,1.0,0.22222222884496054,14863.473567708334,5196.15283203125,3605.26171875,3429.460693359375,3605.26171875,3429.460693359375,37.365184873342514
test,dropout030_relay_failure,no_task_support,no_task_support,none,none,2,60,no_task_support,results/intercept_3d_gate1_hardened_safety_no_task_support_5seed_fixed_update60_candidate/runs/multi_relation/bc_ppo_seed2/actor_critic_update_0060.pt,130018,18,checkpoint,100,straight,True,True,80,0.2,1.0,0.3,0,0.0,1,40,80,True,1.0,1.0,1.0,0.029629630512661403,0.4370370414521959,0.7037037124236425,32.455555488997035,0.0,0.0,0.0,45.0,42.0,45.0,1.0,5.0,5.0,5.0,0.0,1.0,0.0,45.0,0.16666666666666666,1.0,0.2777777860562007,14839.378895399306,5081.40185546875,3835.99072265625,2925.555419921875,3835.99072265625,2925.555419921875,38.247933357954025
test,dropout030_relay_failure,no_task_support,no_task_support,none,none,2,60,no_task_support,results/intercept_3d_gate1_hardened_safety_no_task_support_5seed_fixed_update60_candidate/runs/multi_relation/bc_ppo_seed2/actor_critic_update_0060.pt,130019,19,checkpoint,100,straight,True,True,80,0.2,1.0,0.3,0,0.0,1,40,80,True,1.0,1.0,1.0,0.029629630512661403,0.4296296338240306,0.7296296364731258,35.23333335949315,0.0,0.0,0.0,45.0,42.0,45.0,1.0,5.0,5.0,5.0,0.0,1.0,0.0,45.0,0.16666666666666666,1.0,0.22222222884496054,14954.921701388888,5303.583984375,3677.03955078125,3155.11572265625,3677.03955078125,3155.11572265625,37.93626371026039
test,dropout030_relay_failure,no_task_support,no_task_support,none,none,2,60,no_task_support,results/intercept_3d_gate1_hardened_safety_no_task_support_5seed_fixed_update60_candidate/runs/multi_relation/bc_ppo_seed2/actor_critic_update_0060.pt,130023,23,checkpoint,100,straight,True,True,80,0.2,1.0,0.3,0,0.0,1,40,80,True,1.0,1.0,1.0,0.029629630512661403,0.4370370414521959,0.7037037114302317,37.170370268159445,0.0,0.0,0.0,45.0,42.0,45.0,1.0,5.0,5.0,5.0,0.0,1.0,0.0,45.0,0.16666666666666666,1.0,0.2777777860562007,14921.63083767361,5390.75244140625,3696.8271484375,3124.291259765625,3696.8271484375,3124.291259765625,37.73671880364418
test,dropout030_relay_failure,no_task_support,no_task_support,none,none,2,60,no_task_support,results/intercept_3d_gate1_hardened_safety_no_task_support_5seed_fixed_update60_candidate/runs/multi_relation/bc_ppo_seed2/actor_critic_update_0060.pt,130027,27,checkpoint,100,straight,True,True,80,0.2,1.0,0.3,0,0.0,1,40,80,True,1.0,1.0,1.0,0.029629630512661403,0.4296296338240306,0.7000000072850121,37.18148148920801,0.0,0.0,0.0,45.0,42.0,45.0,1.0,5.0,5.0,5.0,0.0,1.0,0.0,45.0,0.16666666666666666,1.0,0.22222222884496054,14851.509537760418,5229.77734375,3871.103759765625,2908.898681640625,3871.103759765625,2908.898681640625,37.68126094341278
test,dropout030_relay_failure,no_task_support,no_task_support,none,none,2,60,no_task_support,results/intercept_3d_gate1_hardened_safety_no_task_support_5seed_fixed_update60_candidate/runs/multi_relation/bc_ppo_seed2/actor_critic_update_0060.pt,130028,28,checkpoint,100,straight,True,True,80,0.2,1.0,0.3,0,0.0,1,40,80,True,1.0,1.0,1.0,0.029629630512661403,0.4370370414521959,0.6888888958427641,37.29629634949896,0.0,0.0,0.0,45.0,42.0,45.0,1.0,5.0,5.0,5.0,0.0,1.0,0.0,45.0,0.16666666666666666,1.0,0.22222222884496054,14839.121397569445,5167.07421875,3852.234130859375,2911.53369140625,3852.234130859375,2911.53369140625,37.74621817469597
test,dropout030_relay_failure,no_task_support,no_task_support,none,none,2,60,no_task_support,results/intercept_3d_gate1_hardened_safety_no_task_support_5seed_fixed_update60_candidate/runs/multi_relation/bc_ppo_seed2/actor_critic_update_0060.pt,130030,30,checkpoint,100,straight,True,True,80,0.2,1.0,0.3,0,0.0,1,40,80,True,1.0,1.0,1.0,0.029629630512661403,0.4370370414521959,0.6518518583642112,38.31111108925607,0.0,0.0,0.0,45.0,42.0,45.0,1.0,5.0,5.0,5.0,0.0,1.0,0.0,45.0,0.16666666666666666,1.0,0.19444445023934046,14862.7251953125,5226.04345703125,3730.006591796875,3099.3017578125,3730.006591796875,3099.3017578125,37.39954249560833
test,dropout030_relay_failure,no_task_support,no_task_support,none,none,2,60,no_task_support,results/intercept_3d_gate1_hardened_safety_no_task_support_5seed_fixed_update60_candidate/runs/multi_relation/bc_ppo_seed2/actor_critic_update_0060.pt,130033,33,checkpoint,100,straight,True,True,80,0.2,1.0,0.3,0,0.0,1,40,80,True,1.0,1.0,1.0,0.029629630512661403,0.4370370414521959,0.6888888971673117,43.974074475301634,0.0,0.0,0.0,45.0,42.0,45.0,1.0,5.0,5.0,5.0,0.0,1.0,0.0,45.0,0.16666666666666666,1.0,0.2777777860562007,14835.616872829862,5076.58349609375,3625.651611328125,3521.60791015625,3625.651611328125,3521.60791015625,37.70741730928421
test,dropout030_relay_failure,no_task_support,no_task_support,none,none,2,60,no_task_support,results/intercept_3d_gate1_hardened_safety_no_task_support_5seed_fixed_update60_candidate/runs/multi_relation/bc_ppo_seed2/actor_critic_update_0060.pt,130035,35,checkpoint,100,straight,True,True,80,0.2,1.0,0.3,0,0.0,1,40,80,True,1.0,1.0,1.0,0.029629630512661403,0.4370370414521959,0.7259259326590433,34.2740742156903,0.0,0.0,0.0,45.0,42.0,45.0,1.0,5.0,5.0,5.0,0.0,1.0,0.0,45.0,0.16666666666666666,1.0,0.2500000074505806,14897.937337239584,5298.52392578125,3760.55078125,2986.654541015625,3760.55078125,2987.506103515625,38.12236338853836
test,dropout030_relay_failure,no_task_support,no_task_support,none,none,2,60,no_task_support,results/intercept_3d_gate1_hardened_safety_no_task_support_5seed_fixed_update60_candidate/runs/multi_relation/bc_ppo_seed2/actor_critic_update_0060.pt,130037,37,checkpoint,100,straight,True,True,80,0.2,1.0,0.3,0,0.0,1,40,80,True,1.0,1.0,1.0,0.029629630512661403,0.4370370414521959,0.644444450073772,33.51481487254302,0.0,0.0,0.0,45.0,42.0,45.0,1.0,5.0,5.0,5.0,0.0,1.0,0.0,45.0,0.16666666666666666,1.0,0.19444445023934046,14851.075032552084,5110.17236328125,3626.251953125,3228.3212890625,3626.251953125,3228.3212890625,37.65329900383949
test,dropout030_relay_failure,no_task_support,no_task_support,none,none,2,60,no_task_support,results/intercept_3d_gate1_hardened_safety_no_task_support_5seed_fixed_update60_candidate/runs/multi_relation/bc_ppo_seed2/actor_critic_update_0060.pt,130045,45,checkpoint,100,straight,True,True,80,0.2,1.0,0.3,0,0.0,1,40,80,True,1.0,1.0,1.0,0.029629630512661403,0.4296296338240306,0.6888888951804902,33.43333305882083,0.0,0.0,0.0,45.0,42.0,45.0,1.0,5.0,5.0,5.0,0.0,1.0,0.0,45.0,0.16666666666666666,1.0,0.1666666716337204,14855.342664930555,5210.1162109375,3829.795654296875,2892.47998046875,3829.795654296875,2892.47998046875,37.77017158269882
test,dropout030_relay_failure,no_task_support,no_task_support,none,none,2,60,no_task_support,results/intercept_3d_gate1_hardened_safety_no_task_support_5seed_fixed_update60_candidate/runs/multi_relation/bc_ppo_seed2/actor_critic_update_0060.pt,130047,47,checkpoint,100,straight,True,True,80,0.2,1.0,0.3,0,0.0,1,40,80,True,1.0,1.0,1.0,0.029629630512661403,0.4370370414521959,0.6962963024775187,37.288888613714114,0.0,0.0,0.0,45.0,42.0,45.0,1.0,5.0,5.0,5.0,0.0,1.0,0.0,45.0,0.16666666666666666,1.0,0.13888889302810034,14846.26174045139,5078.62451171875,3789.07958984375,3062.90283203125,3789.07958984375,3062.90283203125,37.96544924378395
test,dropout030_relay_failure,no_task_support,no_task_support,none,none,2,60,no_task_support,results/intercept_3d_gate1_hardened_safety_no_task_support_5seed_fixed_update60_candidate/runs/multi_relation/bc_ppo_seed2/actor_critic_update_0060.pt,130002,2,checkpoint,100,straight,True,True,80,0.2,1.0,0.3,0,0.0,1,40,80,True,1.0,1.0,1.0,0.028985508110212242,0.44202898961046466,0.6231884136795998,34.695652404233165,0.0,0.0,0.0,46.0,43.0,46.0,1.0,6.0,6.0,6.0,0.0,1.0,0.0,46.0,0.14285714285714285,1.0,0.21428572067192622,14648.100405485733,4686.263671875,3790.047607421875,2612.398681640625,3790.047607421875,2612.398681640625,38.15019476413727
test,dropout030_relay_failure,no_task_support,no_task_support,none,none,2,60,no_task_support,results/intercept_3d_gate1_hardened_safety_no_task_support_5seed_fixed_update60_candidate/runs/multi_relation/bc_ppo_seed2/actor_critic_update_0060.pt,130009,9,checkpoint,100,straight,True,True,80,0.2,1.0,0.3,0,0.0,1,40,80,True,1.0,1.0,1.0,0.028985508110212242,0.44927536663801776,0.6847826154983562,37.43478265663852,0.0,0.0,0.0,46.0,43.0,46.0,1.0,6.0,6.0,6.0,0.0,1.0,0.0,46.0,0.14285714285714285,1.0,0.23809524519102915,14653.771176545517,4762.90673828125,3858.6943359375,2391.51611328125,3858.6943359375,2391.51611328125,38.65957111120224
test,dropout030_relay_failure,no_task_support,no_task_support,none,none,2,60,no_task_support,results/intercept_3d_gate1_hardened_safety_no_task_support_5seed_fixed_update60_candidate/runs/multi_relation/bc_ppo_seed2/actor_critic_update_0060.pt,130014,14,checkpoint,100,straight,True,True,80,0.2,1.0,0.3,0,0.0,1,40,80,True,1.0,1.0,1.0,0.028985508110212242,0.44927536663801776,0.6847826158222945,35.510869455402315,0.0,0.0,0.0,46.0,43.0,46.0,1.0,6.0,6.0,6.0,0.0,1.0,0.0,46.0,0.14285714285714285,1.0,0.26190476971013205,14669.053933848505,4637.05126953125,3450.701171875,3325.766845703125,3450.701171875,3325.766845703125,38.902416437864304
test,dropout030_relay_failure,no_task_support,no_task_support,none,none,2,60,no_task_support,results/intercept_3d_gate1_hardened_safety_no_task_support_5seed_fixed_update60_candidate/runs/multi_relation/bc_ppo_seed2/actor_critic_update_0060.pt,130016,16,checkpoint,100,straight,True,True,80,0.2,1.0,0.3,0,0.0,1,40,80,True,1.0,1.0,1.0,0.028985508110212242,0.4347826132307882,0.6485507329520972,34.70289861119312,0.0,0.0,0.0,46.0,43.0,46.0,1.0,6.0,6.0,6.0,0.0,1.0,0.0,46.0,0.14285714285714285,0.9523809552192688,0.28571429422923494,14674.940249235733,4993.23388671875,3617.156005859375,2760.15380859375,3617.156005859375,2760.15380859375,38.00792799890041
test,dropout030_relay_failure,no_task_support,no_task_support,none,none,2,60,no_task_support,results/intercept_3d_gate1_hardened_safety_no_task_support_5seed_fixed_update60_candidate/runs/multi_relation/bc_ppo_seed2/actor_critic_update_0060.pt,130021,21,checkpoint,100,straight,True,True,80,0.2,1.0,0.3,0,0.0,1,40,80,True,1.0,1.0,1.0,0.028985508110212242,0.44202898961046466,0.6739130531964095,36.514493250976436,0.0,0.0,0.0,46.0,43.0,46.0,1.0,6.0,6.0,6.0,0.0,1.0,0.0,46.0,0.14285714285714285,1.0,0.26190476971013205,14641.704473080843,4676.91259765625,3759.971435546875,2639.294189453125,3759.971435546875,2639.294189453125,38.52747583389282
test,dropout030_relay_failure,no_task_support,no_task_support,none,none,2,60,no_task_support,results/intercept_3d_gate1_hardened_safety_no_task_support_5seed_fixed_update60_candidate/runs/multi_relation/bc_ppo_seed2/actor_critic_update_0060.pt,130024,24,checkpoint,100,straight,True,True,80,0.2,1.0,0.3,0,0.0,1,40,80,True,1.0,1.0,1.0,0.028985508110212242,0.44202898961046466,0.6992753698774006,41.25362302589676,0.0,0.0,0.0,46.0,43.0,46.0,1.0,6.0,6.0,6.0,0.0,1.0,0.0,46.0,0.14285714285714285,1.0,0.28571429422923494,14647.880339249321,4724.62255859375,3856.322998046875,2646.110107421875,3856.322998046875,2646.110107421875,38.528359949588776
test,dropout030_relay_failure,no_task_support,no_task_support,none,none,2,60,no_task_support,results/intercept_3d_gate1_hardened_safety_no_task_support_5seed_fixed_update60_candidate/runs/multi_relation/bc_ppo_seed2/actor_critic_update_0060.pt,130026,26,checkpoint,100,straight,True,True,80,0.2,1.0,0.3,0,0.0,1,40,80,True,1.0,1.0,1.0,0.028985508110212242,0.44927536663801776,0.7210144986924918,32.76811576990978,0.0,0.0,0.0,46.0,43.0,46.0,1.0,6.0,6.0,6.0,0.0,1.0,0.0,46.0,0.14285714285714285,1.0,0.19047619615282332,14642.835141389267,4634.66259765625,3499.06396484375,2705.3994140625,3499.06396484375,2705.3994140625,39.30044078826904
test,dropout030_relay_failure,no_task_support,no_task_support,none,none,2,60,no_task_support,results/intercept_3d_gate1_hardened_safety_no_task_support_5seed_fixed_update60_candidate/runs/multi_relation/bc_ppo_seed2/actor_critic_update_0060.pt,130032,32,checkpoint,100,straight,True,True,80,0.2,1.0,0.3,0,0.0,1,40,80,True,1.0,1.0,1.0,0.028985508110212242,0.44927536663801776,0.6557971083599589,35.644927622507446,0.0,0.0,0.0,46.0,43.0,46.0,1.0,6.0,6.0,6.0,0.0,1.0,0.0,46.0,0.14285714285714285,1.0,0.1666666716337204,14611.146579908289,4655.564453125,3525.693359375,2865.22314453125,3525.693359375,2865.22314453125,38.52554014325142
test,dropout030_relay_failure,no_task_support,no_task_support,none,none,2,60,no_task_support,results/intercept_3d_gate1_hardened_safety_no_task_support_5seed_fixed_update60_candidate/runs/multi_relation/bc_ppo_seed2/actor_critic_update_0060.pt,130036,36,checkpoint,100,straight,True,True,80,0.2,1.0,0.3,0,0.0,1,40,80,True,1.0,1.0,1.0,0.028985508110212242,0.44927536663801776,0.7246376872062683,32.75724616711555,0.0,0.0,0.0,46.0,43.0,46.0,1.0,6.0,6.0,6.0,0.0,1.0,0.0,46.0,0.14285714285714285,1.0,0.26190476971013205,14641.468144955843,4696.33935546875,3424.379150390625,2509.47021484375,3424.379150390625,2509.47021484375,39.276161670684814
test,dropout030_relay_failure,no_task_support,no_task_support,none,none,2,60,no_task_support,results/intercept_3d_gate1_hardened_safety_no_task_support_5seed_fixed_update60_candidate/runs/multi_relation/bc_ppo_seed2/actor_critic_update_0060.pt,130041,41,checkpoint,100,straight,True,True,80,0.2,1.0,0.3,0,0.0,1,40,80,True,1.0,1.0,1.0,0.028985508110212242,0.44927536663801776,0.6775362400904946,32.757246433392815,0.0,0.0,0.0,46.0,43.0,46.0,1.0,6.0,6.0,6.0,0.0,1.0,0.0,46.0,0.14285714285714285,1.0,0.23809524519102915,14630.075471297554,4708.099609375,3552.03173828125,2751.0302734375,3552.03173828125,2763.9248046875,38.823314398527145
test,dropout030_relay_failure,no_task_support,no_task_support,none,none,2,60,no_task_support,results/intercept_3d_gate1_hardened_safety_no_task_support_5seed_fixed_update60_candidate/runs/multi_relation/bc_ppo_seed2/actor_critic_update_0060.pt,130043,43,checkpoint,100,straight,True,True,80,0.2,1.0,0.3,0,0.0,1,40,80,True,1.0,1.0,1.0,0.028985508110212242,0.44927536663801776,0.6811594282803328,39.29710144420033,0.0,0.0,0.0,46.0,43.0,46.0,1.0,6.0,6.0,6.0,0.0,1.0,0.0,46.0,0.14285714285714285,1.0,0.3095238187483379,14622.507525900135,4642.939453125,3394.584716796875,3109.623046875,3394.584716796875,3109.623046875,38.64572834968567
test,dropout030_relay_failure,no_task_support,no_task_support,none,none,2,60,no_task_support,results/intercept_3d_gate1_hardened_safety_no_task_support_5seed_fixed_update60_candidate/runs/multi_relation/bc_ppo_seed2/actor_critic_update_0060.pt,130048,48,checkpoint,100,straight,True,True,80,0.2,1.0,0.3,0,0.0,1,40,80,True,1.0,1.0,1.0,0.028985508110212242,0.44202898961046466,0.7028985564475474,32.778985125539094,0.0,0.0,0.0,46.0,43.0,46.0,1.0,6.0,6.0,6.0,0.0,1.0,0.0,46.0,0.14285714285714285,1.0,0.23809524519102915,14670.311098845108,4670.0498046875,3637.7099609375,3064.094970703125,3637.7099609375,3064.094970703125,38.99445915222168
test,dropout030_relay_failure,no_task_support,no_task_support,none,none,2,60,no_task_support,results/intercept_3d_gate1_hardened_safety_no_task_support_5seed_fixed_update60_candidate/runs/multi_relation/bc_ppo_seed2/actor_critic_update_0060.pt,130012,12,checkpoint,100,straight,True,True,80,0.2,1.0,0.3,0,0.0,1,40,80,True,1.0,1.0,1.0,0.02836879517169709,0.44680851507694164,0.6524822788035616,38.666666772771386,0.0,0.0,0.0,47.0,44.0,47.0,1.0,7.0,7.0,7.0,0.0,1.0,0.0,47.0,0.125,1.0,0.2916666753590107,14496.971056349734,4434.9814453125,3145.910888671875,2813.537109375,3145.910888671875,2813.537109375,38.805222392082214
test,dropout030_relay_failure,no_task_support,no_task_support,none,none,2,60,no_task_support,results/intercept_3d_gate1_hardened_safety_no_task_support_5seed_fixed_update60_candidate/runs/multi_relation/bc_ppo_seed2/actor_critic_update_0060.pt,130015,15,checkpoint,100,straight,True,True,80,0.2,1.0,0.3,0,0.0,1,40,80,True,1.0,1.0,1.0,0.02836879517169709,0.44680851507694164,0.7198581616295144,32.14538996428885,0.0,0.0,0.0,47.0,44.0,47.0,1.0,7.0,7.0,7.0,0.0,1.0,0.0,47.0,0.125,1.0,0.22916667349636555,14486.485507396941,4347.06396484375,3064.077880859375,2471.635498046875,3064.077880859375,2471.635498046875,39.856649190187454
test,dropout030_relay_failure,no_task_support,no_task_support,none,none,2,60,no_task_support,results/intercept_3d_gate1_hardened_safety_no_task_support_5seed_fixed_update60_candidate/runs/multi_relation/bc_ppo_seed2/actor_critic_update_0060.pt,130022,22,checkpoint,100,straight,True,True,80,0.2,1.0,0.3,0,0.0,1,40,80,True,1.0,1.0,1.0,0.02836879517169709,0.4539007132357739,0.5673758936055163,37.106382804348115,0.0,0.0,0.0,47.0,44.0,47.0,1.0,7.0,7.0,7.0,0.0,1.0,0.0,47.0,0.125,1.0,0.1666666716337204,14426.187209109043,4247.98974609375,3244.427001953125,2679.484375,3244.427001953125,2679.484375,38.391582787036896
test,dropout030_relay_failure,no_task_support,no_task_support,none,none,2,60,no_task_support,results/intercept_3d_gate1_hardened_safety_no_task_support_5seed_fixed_update60_candidate/runs/multi_relation/bc_ppo_seed2/actor_critic_update_0060.pt,130031,31,checkpoint,100,straight,True,True,80,0.2,1.0,0.3,0,0.0,1,40,80,True,1.0,1.0,1.0,0.02836879517169709,0.44680851507694164,0.6666666748041802,38.606382707966134,0.0,0.0,0.0,47.0,44.0,47.0,1.0,7.0,7.0,7.0,0.0,1.0,0.0,47.0,0.125,1.0,0.31250000931322575,14502.351759890293,4464.52734375,3134.52099609375,2393.68603515625,3134.52099609375,2393.68603515625,39.00792211294174
test,dropout030_relay_failure,no_task_support,no_task_support,none,none,2,60,no_task_support,results/intercept_3d_gate1_hardened_safety_no_task_support_5seed_fixed_update60_candidate/runs/multi_relation/bc_ppo_seed2/actor_critic_update_0060.pt,130034,34,checkpoint,100,straight,True,True,80,0.2,1.0,0.3,0,0.0,1,40,80,True,1.0,1.0,1.0,0.02836879517169709,0.44680851507694164,0.6595744737919341,34.96808480962794,0.0,0.0,0.0,47.0,44.0,47.0,1.0,7.0,7.0,7.0,0.0,1.0,0.0,47.0,0.125,1.0,0.2500000074505806,14478.75409325133,4291.9755859375,3126.7587890625,2993.8427734375,3126.7587890625,2993.8427734375,39.20259591937065
test,dropout030_relay_failure,no_task_support,no_task_support,none,none,2,60,no_task_support,results/intercept_3d_gate1_hardened_safety_no_task_support_5seed_fixed_update60_candidate/runs/multi_relation/bc_ppo_seed2/actor_critic_update_0060.pt,130039,39,checkpoint,100,straight,True,True,80,0.2,1.0,0.3,0,0.0,1,40,80,True,1.0,1.0,1.0,0.02836879517169709,0.44680851507694164,0.6985815687382475,33.02127646543878,0.0,0.0,0.0,47.0,44.0,47.0,1.0,7.0,7.0,7.0,0.0,1.0,0.0,47.0,0.125,1.0,0.2500000074505806,14466.202875664894,4262.27001953125,3127.49365234375,2740.296142578125,3127.49365234375,2740.296142578125,39.673425525426865
test,dropout030_relay_failure,no_task_support,no_task_support,none,none,2,60,no_task_support,results/intercept_3d_gate1_hardened_safety_no_task_support_5seed_fixed_update60_candidate/runs/multi_relation/bc_ppo_seed2/actor_critic_update_0060.pt,130046,46,checkpoint,100,straight,True,True,80,0.2,1.0,0.3,0,0.0,1,40,80,True,1.0,1.0,1.0,0.02836879517169709,0.4609929120286982,0.6702127719813205,36.787234122131736,0.0,0.0,0.0,47.0,44.0,47.0,1.0,7.0,7.0,7.0,0.0,1.0,0.0,47.0,0.125,1.0,0.2500000074505806,14427.05043841423,4295.70361328125,3347.189208984375,2528.905517578125,3347.189208984375,2528.905517578125,39.39716899394989
test,dropout030_relay_failure,no_task_support,no_task_support,none,none,2,60,no_task_support,results/intercept_3d_gate1_hardened_safety_no_task_support_5seed_fixed_update60_candidate/runs/multi_relation/bc_ppo_seed2/actor_critic_update_0060.pt,130049,49,checkpoint,100,straight,True,True,80,0.2,1.0,0.3,0,0.0,1,40,80,True,1.0,1.0,1.0,0.02836879517169709,0.4539007132357739,0.6879432680124932,34.97163106723035,0.0,0.0,0.0,47.0,44.0,47.0,1.0,7.0,7.0,7.0,0.0,1.0,0.0,47.0,0.125,1.0,0.2500000074505806,14440.683957363697,4325.59814453125,3318.903076171875,2511.09375,3318.903076171875,2511.09375,39.52297422289848
test,dropout030_relay_failure,no_task_support,no_task_support,none,none,2,60,no_task_support,results/intercept_3d_gate1_hardened_safety_no_task_support_5seed_fixed_update60_candidate/runs/multi_relation/bc_ppo_seed2/actor_critic_update_0060.pt,130029,29,checkpoint,100,straight,True,True,80,0.2,1.0,0.3,0,0.0,1,40,80,True,1.0,1.0,1.0,0.027777778605620067,0.45833333767950535,0.6562500074505806,37.09027778326223,0.0,0.0,0.0,48.0,45.0,48.0,1.0,8.0,8.0,8.0,0.0,1.0,0.0,48.0,0.1111111111111111,1.0,0.22222222884496054,14314.843765258789,4028.789794921875,2599.2802734375,2889.48876953125,2599.2802734375,2889.48876953125,39.79803156852722
test,dropout030_relay_failure,no_task_support,no_task_support,none,none,2,60,no_task_support,results/intercept_3d_gate1_hardened_safety_no_task_support_5seed_fixed_update60_candidate/runs/multi_relation/bc_ppo_seed2/actor_critic_update_0060.pt,130010,10,checkpoint,100,straight,True,True,80,0.2,1.0,0.3,0,0.0,1,40,80,True,0.0,0.0,1.0,0.017857143389327184,0.47023810339825495,0.5654761974832841,34.74702383870525,1.0,0.0,0.0,56.0,42.0,-1.0,0.0,16.0,16.0,-1.0,0.0,0.0,1.0,-1.0,0.0,0.7450980544090271,0.24509804652017705,12744.43721662249,2964.153076171875,2464.64794921875,64.4487533569336,2711.97509765625,64.4487533569336,29.903534054756165
test,dropout030_relay_failure,no_task_support,no_task_support,none,none,2,60,no_task_support,results/intercept_3d_gate1_hardened_safety_no_task_support_5seed_fixed_update60_candidate/runs/multi_relation/bc_ppo_seed2/actor_critic_update_0060.pt,130000,0,checkpoint,100,straight,True,True,80,0.2,1.0,0.3,0,0.0,1,40,80,True,0.0,0.0,1.0,0.003846153960778163,0.10000000160474043,0.16410256738846118,73.22884608793717,0.0,1.0,0.0,260.0,42.0,-1.0,0.0,220.0,220.0,-1.0,0.0,0.0,1.0,-1.0,0.0,0.15416666939854623,0.15208333786576986,35156.12753530649,75061.5,1036.376953125,426.84710693359375,71038.9609375,27637.330078125,-32.77451438084245
test,dropout030_relay_failure,no_task_support,no_task_support,none,none,2,60,no_task_support,results/intercept_3d_gate1_hardened_safety_no_task_support_5seed_fixed_update60_candidate/runs/multi_relation/bc_ppo_seed2/actor_critic_update_0060.pt,130001,1,checkpoint,100,straight,True,True,80,0.2,1.0,0.3,0,0.0,1,40,80,True,0.0,0.0,1.0,0.003846153960778163,0.1717948757685148,0.13589743794156955,90.6538461545339,0.0,1.0,0.0,260.0,42.0,-1.0,0.0,220.0,220.0,-1.0,0.0,0.0,1.0,-1.0,0.0,0.16666667014360428,0.10000000298023223,31709.115077561597,67849.0859375,2786.397705078125,847.4170532226562,44624.63671875,18501.998046875,-18.273127652704716
test,dropout030_relay_failure,no_task_support,no_task_support,none,none,2,60,no_task_support,results/intercept_3d_gate1_hardened_safety_no_task_support_5seed_fixed_update60_candidate/runs/multi_relation/bc_ppo_seed2/actor_critic_update_0060.pt,130003,3,checkpoint,100,straight,True,True,80,0.2,1.0,0.3,0,0.0,1,40,80,True,0.0,0.0,1.0,0.003846153960778163,0.22179487702938228,0.15320513024926186,90.05576816098048,0.0,1.0,0.0,260.0,43.0,-1.0,0.0,220.0,220.0,-1.0,0.0,0.0,1.0,-1.0,0.0,0.17500000335276128,0.11458333674818277,30142.76303523137,61624.01171875,1576.3265380859375,651.0827026367188,25798.171875,19265.1328125,-4.804529948160052
test,dropout030_relay_failure,no_task_support,no_task_support,none,none,2,60,no_task_support,results/intercept_3d_gate1_hardened_safety_no_task_support_5seed_fixed_update60_candidate/runs/multi_relation/bc_ppo_seed2/actor_critic_update_0060.pt,130004,4,checkpoint,100,straight,True,True,80,0.2,1.0,0.3,0,0.0,1,40,80,True,0.0,0.0,1.0,0.0025641026405187756,0.09871795051372968,0.14679487404915004,88.84422970551711,0.0,1.0,0.0,260.0,42.0,-1.0,0.0,220.0,220.0,-1.0,0.0,0.0,1.0,-1.0,0.0,0.15833333656191825,0.1312500039115548,33206.111330003005,71005.1171875,2710.335205078125,919.144775390625,53680.5546875,17176.90234375,-31.710162732750177
test,dropout030_relay_failure,no_task_support,no_task_support,none,none,2,60,no_task_support,results/intercept_3d_gate1_hardened_safety_no_task_support_5seed_fixed_update60_candidate/runs/multi_relation/bc_ppo_seed2/actor_critic_update_0060.pt,130006,6,checkpoint,100,straight,True,True,80,0.2,1.0,0.3,0,0.0,1,40,80,True,0.0,0.0,1.0,0.0025641026405187756,0.10128205292499982,0.1698717975272582,72.30512855677651,0.0,1.0,0.0,260.0,44.0,-1.0,0.0,220.0,220.0,-1.0,0.0,0.0,1.0,-1.0,0.0,0.15833333618938922,0.1250000037252903,36288.219733605016,77745.125,808.6686401367188,1316.7501220703125,68802.53125,26810.169921875,-34.87519292533398
test,dropout030_relay_failure,no_task_support,no_task_support,none,none,2,60,no_task_support,results/intercept_3d_gate1_hardened_safety_no_task_support_5seed_fixed_update60_candidate/runs/multi_relation/bc_ppo_seed2/actor_critic_update_0060.pt,130007,7,checkpoint,100,straight,True,True,80,0.2,1.0,0.3,0,0.0,1,40,80,True,0.0,0.0,1.0,0.0025641026405187756,0.10128205292499982,0.16730769517330024,72.00384638951375,0.0,1.0,0.0,260.0,43.0,-1.0,0.0,220.0,220.0,-1.0,0.0,0.0,1.0,-1.0,0.0,0.16250000298023223,0.1312500039115548,36539.16354323167,77657.1015625,295.705810546875,547.4837036132812,68157.765625,29124.203125,-34.85127551853657
test,dropout030_relay_failure,no_task_support,no_task_support,none,none,2,60,no_task_support,results/intercept_3d_gate1_hardened_safety_no_task_support_5seed_fixed_update60_candidate/runs/multi_relation/bc_ppo_seed2/actor_critic_update_0060.pt,130013,13,checkpoint,100,straight,True,True,80,0.2,1.0,0.3,0,0.0,1,40,80,True,0.0,0.0,1.0,0.0012820513202593878,0.09743589930809461,0.17371795143072422,71.19294916185049,0.0,1.0,0.0,260.0,43.0,-1.0,0.0,220.0,220.0,-1.0,0.0,0.0,1.0,-1.0,0.0,0.1500000037252903,0.13541667070239782,36797.82415489783,78417.8359375,218.90553283691406,752.9417724609375,69566.921875,26821.58203125,-35.989101745188236
test,dropout030_relay_failure,no_task_support,no_task_support,none,none,2,60,no_task_support,results/intercept_3d_gate1_hardened_safety_no_task_support_5seed_fixed_update60_candidate/runs/multi_relation/bc_ppo_seed2/actor_critic_update_0060.pt,130017,17,checkpoint,100,straight,True,True,80,0.2,1.0,0.3,0,0.0,1,40,80,True,0.0,0.0,1.0,0.0025641026405187756,0.10000000160474043,0.1634615408686491,73.94230757882961,0.0,1.0,0.0,260.0,43.0,-1.0,0.0,220.0,220.0,-1.0,0.0,0.0,1.0,-1.0,0.0,0.15416666939854623,0.13333333730697633,32644.898627178485,66720.0390625,493.72027587890625,983.3685302734375,49964.9609375,30596.25,-27.32235517539084
test,dropout030_relay_failure,no_task_support,no_task_support,none,none,2,60,no_task_support,results/intercept_3d_gate1_hardened_safety_no_task_support_5seed_fixed_update60_candidate/runs/multi_relation/bc_ppo_seed2/actor_critic_update_0060.pt,130020,20,checkpoint,100,straight,True,True,80,0.2,1.0,0.3,0,0.0,1,40,80,True,0.0,0.0,0.0,0.0,0.09615384810245954,0.1506410285257376,73.54999955611733,0.0,1.0,0.0,260.0,-1.0,-1.0,0.0,220.0,220.0,-1.0,0.0,0.0,1.0,-1.0,0.0,0.1416666705161333,0.13541667070239782,34632.052465820314,74108.921875,200.00527954101562,1108.751220703125,66793.765625,31701.5390625,-35.44827087968588
test,dropout030_relay_failure,no_task_support,no_task_support,none,none,2,60,no_task_support,results/intercept_3d_gate1_hardened_safety_no_task_support_5seed_fixed_update60_candidate/runs/multi_relation/bc_ppo_seed2/actor_critic_update_0060.pt,130025,25,checkpoint,100,straight,True,True,80,0.2,1.0,0.3,0,0.0,1,40,80,True,0.0,0.0,1.0,0.0025641026405187756,0.09358974534731646,0.15256410527687805,88.26923080453506,0.0,1.0,0.0,260.0,42.0,-1.0,0.0,220.0,220.0,-1.0,0.0,0.0,1.0,-1.0,0.0,0.14166666977107525,0.13541667070239782,34227.28828688402,73054.3828125,2068.37646484375,253.71629333496094,61521.4296875,21788.478515625,-33.809291393263265
test,dropout030_relay_failure,no_task_support,no_task_support,none,none,2,60,no_task_support,results/intercept_3d_gate1_hardened_safety_no_task_support_5seed_fixed_update60_candidate/runs/multi_relation/bc_ppo_seed2/actor_critic_update_0060.pt,130038,38,checkpoint,100,straight,True,True,80,0.2,1.0,0.3,0,0.0,1,40,80,True,0.0,0.0,1.0,0.003846153960778163,0.09871795039910536,0.15833333530105076,89.75192412871581,0.0,1.0,0.0,260.0,42.0,-1.0,0.0,220.0,220.0,-1.0,0.0,0.0,1.0,-1.0,0.0,0.15000000298023225,0.12916667051613331,33405.77888653095,71363.9375,1469.0701904296875,215.6281280517578,57533.0859375,24329.033203125,-31.32671765051782
test,dropout030_relay_failure,no_task_support,no_task_support,none,none,2,60,no_task_support,results/intercept_3d_gate1_hardened_safety_no_task_support_5seed_fixed_update60_candidate/runs/multi_relation/bc_ppo_seed2/actor_critic_update_0060.pt,130040,40,checkpoint,100,straight,True,True,80,0.2,1.0,0.3,0,0.0,1,40,80,True,0.0,0.0,0.0,0.0,0.09615384787321091,0.16025641268262497,90.37564212066623,0.0,1.0,0.0,260.0,-1.0,-1.0,0.0,220.0,220.0,-1.0,0.0,0.0,1.0,-1.0,0.0,0.14166666977107525,0.14166667088866233,32942.13175424429,67929.28125,1357.7415771484375,669.4340209960938,50401.9296875,27506.357421875,-31.269918436184525
test,dropout030_relay_failure,no_task_support,no_task_support,none,none,2,60,no_task_support,results/intercept_3d_gate1_hardened_safety_no_task_support_5seed_fixed_update60_candidate/runs/multi_relation/bc_ppo_seed2/actor_critic_update_0060.pt,130042,42,checkpoint,100,straight,True,True,80,0.2,1.0,0.3,0,0.0,1,40,80,True,0.0,0.0,1.0,0.0012820513202593878,0.09871795051372968,0.16025641228143986,89.31794977864394,0.0,1.0,0.0,260.0,43.0,-1.0,0.0,220.0,220.0,-1.0,0.0,0.0,1.0,-1.0,0.0,0.15416667014360427,0.1250000037252903,35773.91474327674,73282.640625,958.0652465820312,256.6451721191406,65257.5390625,19961.42578125,-33.778766685165465
test,dropout030_relay_failure,no_task_support,no_task_support,none,none,2,60,no_task_support,results/intercept_3d_gate1_hardened_safety_no_task_support_5seed_fixed_update60_candidate/runs/multi_relation/bc_ppo_seed2/actor_critic_update_0060.pt,130044,44,checkpoint,100,straight,True,True,80,0.2,1.0,0.3,0,0.0,1,40,80,True,0.0,0.0,1.0,0.003846153960778163,0.1025641042452592,0.16987179764188254,71.93333373837746,0.0,1.0,0.0,260.0,43.0,-1.0,0.0,220.0,220.0,-1.0,0.0,0.0,1.0,-1.0,0.0,0.16250000298023223,0.1250000037252903,36240.401794433594,77224.8125,240.82818603515625,899.2864990234375,65973.9375,27321.9921875,-33.737388618290424
test,dropout030_relay_failure,no_task_support,no_task_support,none,none,2,60,no_task_support,results/intercept_3d_gate1_hardened_safety_no_task_support_5seed_fixed_update60_candidate/runs/multi_relation/bc_ppo_seed2/actor_critic_update_0060.pt,130051,51,checkpoint,100,straight,True,True,80,0.2,1.0,0.3,0,0.0,1,40,80,True,1.0,1.0,1.0,0.029629630512661403,0.42962963448630437,0.6407407492399215,38.29259313080046,0.0,0.0,0.0,45.0,42.0,45.0,1.0,5.0,5.0,5.0,0.0,1.0,0.0,45.0,0.16666666666666666,1.0,0.22222222884496054,14976.143098958333,5568.72607421875,3681.009033203125,3361.066162109375,3681.009033203125,3361.066162109375,36.844862937927246
test,dropout030_relay_failure,no_task_support,no_task_support,none,none,2,60,no_task_support,results/intercept_3d_gate1_hardened_safety_no_task_support_5seed_fixed_update60_candidate/runs/multi_relation/bc_ppo_seed2/actor_critic_update_0060.pt,130052,52,checkpoint,100,straight,True,True,80,0.2,1.0,0.3,0,0.0,1,40,80,True,1.0,1.0,1.0,0.029629630512661403,0.4370370414521959,0.6851851953400506,35.2222226238913,0.0,0.0,0.0,45.0,42.0,45.0,1.0,5.0,5.0,5.0,0.0,1.0,0.0,45.0,0.16666666666666666,1.0,0.3055555646618207,14868.871202256945,5279.6484375,3741.22216796875,3034.149658203125,3741.22216796875,3034.149658203125,37.72207733988762
test,dropout030_relay_failure,no_task_support,no_task_support,none,none,2,60,no_task_support,results/intercept_3d_gate1_hardened_safety_no_task_support_5seed_fixed_update60_candidate/runs/multi_relation/bc_ppo_seed2/actor_critic_update_0060.pt,130053,53,checkpoint,100,straight,True,True,80,0.2,1.0,0.3,0,0.0,1,40,80,True,1.0,1.0,1.0,0.029629630512661403,0.4370370414521959,0.6888888958427641,40.12592573033439,0.0,0.0,0.0,45.0,42.0,45.0,1.0,5.0,5.0,5.0,0.0,1.0,0.0,45.0,0.16666666666666666,1.0,0.22222222884496054,14901.59482421875,5294.12841796875,3795.6875,3011.103759765625,3795.6875,3011.103759765625,37.530722230672836
test,dropout030_relay_failure,no_task_support,no_task_support,none,none,2,60,no_task_support,results/intercept_3d_gate1_hardened_safety_no_task_support_5seed_fixed_update60_candidate/runs/multi_relation/bc_ppo_seed2/actor_critic_update_0060.pt,130056,56,checkpoint,100,straight,True,True,80,0.2,1.0,0.3,0,0.0,1,40,80,True,1.0,1.0,1.0,0.029629630512661403,0.4370370414521959,0.6740740829043919,34.40740741160181,0.0,0.0,0.0,45.0,42.0,45.0,1.0,5.0,5.0,5.0,0.0,1.0,0.0,45.0,0.16666666666666666,1.0,0.1666666716337204,14869.44580078125,5164.60302734375,3556.7705078125,3323.99072265625,3556.7705078125,3323.99072265625,37.752199202775955
test,dropout030_relay_failure,no_task_support,no_task_support,none,none,2,60,no_task_support,results/intercept_3d_gate1_hardened_safety_no_task_support_5seed_fixed_update60_candidate/runs/multi_relation/bc_ppo_seed2/actor_critic_update_0060.pt,130060,60,checkpoint,100,straight,True,True,80,0.2,1.0,0.3,0,0.0,1,40,80,True,1.0,1.0,1.0,0.029629630512661403,0.4370370414521959,0.6814814895391464,35.30370364685853,0.0,0.0,0.0,45.0,42.0,45.0,1.0,5.0,5.0,5.0,0.0,1.0,0.0,45.0,0.16666666666666666,1.0,0.3055555646618207,14948.907964409722,5467.05224609375,3622.049072265625,3326.847412109375,3622.049072265625,3326.847412109375,37.55166652798653
test,dropout030_relay_failure,no_task_support,no_task_support,none,none,2,60,no_task_support,results/intercept_3d_gate1_hardened_safety_no_task_support_5seed_fixed_update60_candidate/runs/multi_relation/bc_ppo_seed2/actor_critic_update_0060.pt,130061,61,checkpoint,100,straight,True,True,80,0.2,1.0,0.3,0,0.0,1,40,80,True,1.0,1.0,1.0,0.029629630512661403,0.4370370414521959,0.6555555638339784,39.14444483750396,0.0,0.0,0.0,45.0,42.0,45.0,1.0,5.0,5.0,5.0,0.0,1.0,0.0,45.0,0.16666666666666666,1.0,0.2500000074505806,14861.562999131944,5178.45947265625,3784.76123046875,3024.659912109375,3784.76123046875,3024.659912109375,37.527794778347015
test,dropout030_relay_failure,no_task_support,no_task_support,none,none,2,60,no_task_support,results/intercept_3d_gate1_hardened_safety_no_task_support_5seed_fixed_update60_candidate/runs/multi_relation/bc_ppo_seed2/actor_critic_update_0060.pt,130069,69,checkpoint,100,straight,True,True,80,0.2,1.0,0.3,0,0.0,1,40,80,True,1.0,1.0,1.0,0.029629630512661403,0.4370370414521959,0.677777784731653,40.199999967217444,0.0,0.0,0.0,45.0,42.0,45.0,1.0,5.0,5.0,5.0,0.0,1.0,0.0,45.0,0.16666666666666666,1.0,0.2500000074505806,14931.316927083333,5520.09375,3861.0283203125,2999.4453125,3861.0283203125,2999.4453125,37.28069508075714
test,dropout030_relay_failure,no_task_support,no_task_support,none,none,2,60,no_task_support,results/intercept_3d_gate1_hardened_safety_no_task_support_5seed_fixed_update60_candidate/runs/multi_relation/bc_ppo_seed2/actor_critic_update_0060.pt,130070,70,checkpoint,100,straight,True,True,80,0.2,1.0,0.3,0,0.0,1,40,80,True,1.0,1.0,1.0,0.029629630512661403,0.4370370414521959,0.7074074178934098,33.41111150979996,0.0,0.0,0.0,45.0,42.0,45.0,1.0,5.0,5.0,5.0,0.0,1.0,0.0,45.0,0.16666666666666666,1.0,0.3055555646618207,14930.630588107639,5304.09716796875,3764.246337890625,3030.08837890625,3764.246337890625,3030.08837890625,38.02019387483597
test,dropout030_relay_failure,no_task_support,no_task_support,none,none,2,60,no_task_support,results/intercept_3d_gate1_hardened_safety_no_task_support_5seed_fixed_update60_candidate/runs/multi_relation/bc_ppo_seed2/actor_critic_update_0060.pt,130074,74,checkpoint,100,straight,True,True,80,0.2,1.0,0.3,0,0.0,1,40,80,True,1.0,1.0,1.0,0.029629630512661403,0.4296296338240306,0.7000000062916014,36.35925928718514,0.0,0.0,0.0,45.0,42.0,45.0,1.0,5.0,5.0,5.0,0.0,1.0,0.0,45.0,0.16666666666666666,1.0,0.13888889302810034,14883.148285590278,5233.19970703125,3599.517822265625,3192.693603515625,3599.517822265625,3192.693603515625,37.71036967635155
test,dropout030_relay_failure,no_task_support,no_task_support,none,none,2,60,no_task_support,results/intercept_3d_gate1_hardened_safety_no_task_support_5seed_fixed_update60_candidate/runs/multi_relation/bc_ppo_seed2/actor_critic_update_0060.pt,130078,78,checkpoint,100,straight,True,True,80,0.2,1.0,0.3,0,0.0,1,40,80,True,1.0,1.0,1.0,0.029629630512661403,0.4370370414521959,0.7000000062916014,33.34074068201913,0.0,0.0,0.0,45.0,42.0,45.0,1.0,5.0,5.0,5.0,0.0,1.0,0.0,45.0,0.16666666666666666,1.0,0.1666666716337204,14885.411349826389,5240.45703125,3417.597900390625,3459.501953125,3417.597900390625,3459.501953125,37.97563189268112
test,dropout030_relay_failure,no_task_support,no_task_support,none,none,2,60,no_task_support,results/intercept_3d_gate1_hardened_safety_no_task_support_5seed_fixed_update60_candidate/runs/multi_relation/bc_ppo_seed2/actor_critic_update_0060.pt,130082,82,checkpoint,100,straight,True,True,80,0.2,1.0,0.3,0,0.0,1,40,80,True,1.0,1.0,1.0,0.029629630512661403,0.42962963448630437,0.6518518583642112,40.22222198976411,0.0,0.0,0.0,45.0,42.0,45.0,1.0,5.0,5.0,5.0,0.0,1.0,0.0,45.0,0.16666666666666666,0.9444444477558136,0.19444445023934046,14918.268250868055,5417.98291015625,3956.683349609375,2829.75439453125,3956.683349609375,2829.75439453125,36.97624319791794
test,dropout030_relay_failure,no_task_support,no_task_support,none,none,2,60,no_task_support,results/intercept_3d_gate1_hardened_safety_no_task_support_5seed_fixed_update60_candidate/runs/multi_relation/bc_ppo_seed2/actor_critic_update_0060.pt,130084,84,checkpoint,100,straight,True,True,80,0.2,1.0,0.3,0,0.0,1,40,80,True,1.0,1.0,1.0,0.029629630512661403,0.4370370414521959,0.7111111174027125,36.23703655103842,0.0,0.0,0.0,45.0,42.0,45.0,1.0,5.0,5.0,5.0,0.0,1.0,0.0,45.0,0.16666666666666666,1.0,0.22222222884496054,14833.837760416667,5030.28857421875,3635.10107421875,3390.885498046875,3635.10107421875,3390.885498046875,38.18134096264839
test,dropout030_relay_failure,no_task_support,no_task_support,none,none,2,60,no_task_support,results/intercept_3d_gate1_hardened_safety_no_task_support_5seed_fixed_update60_candidate/runs/multi_relation/bc_ppo_seed2/actor_critic_update_0060.pt,130087,87,checkpoint,100,straight,True,True,80,0.2,1.0,0.3,0,0.0,1,40,80,True,1.0,1.0,1.0,0.029629630512661403,0.4296296338240306,0.7000000062916014,38.207407328155305,0.0,0.0,0.0,45.0,42.0,45.0,1.0,5.0,5.0,5.0,0.0,1.0,0.0,45.0,0.16666666666666666,1.0,0.2500000074505806,14851.680186631944,5137.90185546875,3740.794677734375,3019.506591796875,3740.794677734375,3019.506591796875,37.73688206076622
test,dropout030_relay_failure,no_task_support,no_task_support,none,none,2,60,no_task_support,results/intercept_3d_gate1_hardened_safety_no_task_support_5seed_fixed_update60_candidate/runs/multi_relation/bc_ppo_seed2/actor_critic_update_0060.pt,130089,89,checkpoint,100,straight,True,True,80,0.2,1.0,0.3,0,0.0,1,40,80,True,1.0,1.0,1.0,0.029629630512661403,0.4370370414521959,0.7111111174027125,36.24814780619409,0.0,0.0,0.0,45.0,42.0,45.0,1.0,5.0,5.0,5.0,0.0,1.0,0.0,45.0,0.16666666666666666,1.0,0.22222222884496054,14834.907009548611,5033.72021484375,3758.5009765625,3182.84912109375,3758.5009765625,3182.84912109375,38.23350587487221
test,dropout030_relay_failure,no_task_support,no_task_support,none,none,2,60,no_task_support,results/intercept_3d_gate1_hardened_safety_no_task_support_5seed_fixed_update60_candidate/runs/multi_relation/bc_ppo_seed2/actor_critic_update_0060.pt,130090,90,checkpoint,100,straight,True,True,80,0.2,1.0,0.3,0,0.0,1,40,80,True,1.0,1.0,1.0,0.029629630512661403,0.4370370414521959,0.7185185253620148,37.199999970528815,0.0,0.0,0.0,45.0,42.0,45.0,1.0,5.0,5.0,5.0,0.0,1.0,0.0,45.0,0.16666666666666666,1.0,0.2777777860562007,14865.939984809027,5176.28173828125,3536.896240234375,3260.032958984375,3536.896240234375,3260.032958984375,38.00283037126064
test,dropout030_relay_failure,no_task_support,no_task_support,none,none,2,60,no_task_support,results/intercept_3d_gate1_hardened_safety_no_task_support_5seed_fixed_update60_candidate/runs/multi_relation/bc_ppo_seed2/actor_critic_update_0060.pt,130099,99,checkpoint,100,straight,True,True,80,0.2,1.0,0.3,0,0.0,1,40,80,True,1.0,1.0,1.0,0.029629630512661403,0.4296296338240306,0.66296297079987,34.359259231885275,0.0,0.0,0.0,45.0,42.0,45.0,1.0,5.0,5.0,5.0,0.0,1.0,0.0,45.0,0.16666666666666666,1.0,0.22222222884496054,14850.338422309027,5211.70751953125,3898.119873046875,2840.700927734375,3898.119873046875,2840.700927734375,37.49003881216049
test,dropout030_relay_failure,no_task_support,no_task_support,none,none,2,60,no_task_support,results/intercept_3d_gate1_hardened_safety_no_task_support_5seed_fixed_update60_candidate/runs/multi_relation/bc_ppo_seed2/actor_critic_update_0060.pt,130057,57,checkpoint,100,straight,True,True,80,0.2,1.0,0.3,0,0.0,1,40,80,True,1.0,1.0,1.0,0.028985508110212242,0.4347826132307882,0.7101449318554091,33.69927522864031,0.0,0.0,0.0,46.0,43.0,46.0,1.0,6.0,6.0,6.0,0.0,1.0,0.0,46.0,0.14285714285714285,0.9523809552192688,0.26190476971013205,14652.630360478941,4788.96826171875,3806.749755859375,2503.503662109375,3806.749755859375,2503.503662109375,38.68750384449959
test,dropout030_relay_failure,no_task_support,no_task_support,none,none,2,60,no_task_support,results/intercept_3d_gate1_hardened_safety_no_task_support_5seed_fixed_update60_candidate/runs/multi_relation/bc_ppo_seed2/actor_critic_update_0060.pt,130059,59,checkpoint,100,straight,True,True,80,0.2,1.0,0.3,0,0.0,1,40,80,True,1.0,1.0,1.0,0.028985508110212242,0.4347826132307882,0.6630434847396353,34.72101454048053,0.0,0.0,0.0,46.0,43.0,46.0,1.0,6.0,6.0,6.0,0.0,1.0,0.0,46.0,0.14285714285714285,0.9523809552192688,0.28571429422923494,14635.616996433424,4817.83154296875,3672.420166015625,2596.273193359375,3672.420166015625,2596.273193359375,38.18447843194008
test,dropout030_relay_failure,no_task_support,no_task_support,none,none,2,60,no_task_support,results/intercept_3d_gate1_hardened_safety_no_task_support_5seed_fixed_update60_candidate/runs/multi_relation/bc_ppo_seed2/actor_critic_update_0060.pt,130064,64,checkpoint,100,straight,True,True,80,0.2,1.0,0.3,0,0.0,1,40,80,True,1.0,1.0,1.0,0.028985508110212242,0.44202898961046466,0.6884058049839475,35.572463792627275,0.0,0.0,0.0,46.0,43.0,46.0,1.0,6.0,6.0,6.0,0.0,1.0,0.0,46.0,0.14285714285714285,1.0,0.19047619615282332,14669.552341627039,4664.89208984375,3765.50732421875,2725.369384765625,3765.50732421875,2725.369384765625,38.74272045493126
test,dropout030_relay_failure,no_task_support,no_task_support,none,none,2,60,no_task_support,results/intercept_3d_gate1_hardened_safety_no_task_support_5seed_fixed_update60_candidate/runs/multi_relation/bc_ppo_seed2/actor_critic_update_0060.pt,130065,65,checkpoint,100,straight,True,True,80,0.2,1.0,0.3,0,0.0,1,40,80,True,1.0,1.0,1.0,0.028985508110212242,0.44202898961046466,0.7028985574193622,36.5144926465076,0.0,0.0,0.0,46.0,43.0,46.0,1.0,6.0,6.0,6.0,0.0,1.0,0.0,46.0,0.14285714285714285,1.0,0.21428572067192622,14657.604226817255,4673.47119140625,3756.099609375,2818.450927734375,3756.099609375,2818.450927734375,38.79178312420845
test,dropout030_relay_failure,no_task_support,no_task_support,none,none,2,60,no_task_support,results/intercept_3d_gate1_hardened_safety_no_task_support_5seed_fixed_update60_candidate/runs/multi_relation/bc_ppo_seed2/actor_critic_update_0060.pt,130067,67,checkpoint,100,straight,True,True,80,0.2,1.0,0.3,0,0.0,1,40,80,True,1.0,1.0,1.0,0.028985508110212242,0.44927536663801776,0.7028985577433006,36.525362183542356,0.0,0.0,0.0,46.0,43.0,46.0,1.0,6.0,6.0,6.0,0.0,1.0,0.0,46.0,0.14285714285714285,1.0,0.23809524519102915,14643.163499915081,4697.17822265625,3757.5634765625,2837.99755859375,3757.5634765625,2837.99755859375,38.869222819805145
test,dropout030_relay_failure,no_task_support,no_task_support,none,none,2,60,no_task_support,results/intercept_3d_gate1_hardened_safety_no_task_support_5seed_fixed_update60_candidate/runs/multi_relation/bc_ppo_seed2/actor_critic_update_0060.pt,130068,68,checkpoint,100,straight,True,True,80,0.2,1.0,0.3,0,0.0,1,40,80,True,1.0,1.0,1.0,0.028985508110212242,0.44927536663801776,0.6666666751970416,35.67028994080813,0.0,0.0,0.0,46.0,43.0,46.0,1.0,6.0,6.0,6.0,0.0,1.0,0.0,46.0,0.14285714285714285,1.0,0.26190476971013205,14625.043796705164,4686.82470703125,3610.496826171875,2726.02001953125,3610.496826171875,2726.02001953125,38.603563994169235
test,dropout030_relay_failure,no_task_support,no_task_support,none,none,2,60,no_task_support,results/intercept_3d_gate1_hardened_safety_no_task_support_5seed_fixed_update60_candidate/runs/multi_relation/bc_ppo_seed2/actor_critic_update_0060.pt,130071,71,checkpoint,100,straight,True,True,80,0.2,1.0,0.3,0,0.0,1,40,80,True,1.0,1.0,1.0,0.028985508110212242,0.44202898961046466,0.6594202991413034,34.69565222930649,0.0,0.0,0.0,46.0,43.0,46.0,1.0,6.0,6.0,6.0,0.0,1.0,0.0,46.0,0.14285714285714285,1.0,0.23809524519102915,14647.511899201767,4655.12109375,3701.133056640625,3053.867919921875,3701.133056640625,3053.867919921875,38.50340750813484
test,dropout030_relay_failure,no_task_support,no_task_support,none,none,2,60,no_task_support,results/intercept_3d_gate1_hardened_safety_no_task_support_5seed_fixed_update60_candidate/runs/multi_relation/bc_ppo_seed2/actor_critic_update_0060.pt,130073,73,checkpoint,100,straight,True,True,80,0.2,1.0,0.3,0,0.0,1,40,80,True,1.0,1.0,1.0,0.028985508110212242,0.44927536663801776,0.6231884120599084,36.634057860983454,0.0,0.0,0.0,46.0,43.0,46.0,1.0,6.0,6.0,6.0,0.0,1.0,0.0,46.0,0.14285714285714285,1.0,0.23809524519102915,14669.054857336956,4661.240234375,3569.8505859375,2695.931640625,3569.8505859375,2695.931640625,38.21759784221649
test,dropout030_relay_failure,no_task_support,no_task_support,none,none,2,60,no_task_support,results/intercept_3d_gate1_hardened_safety_no_task_support_5seed_fixed_update60_candidate/runs/multi_relation/bc_ppo_seed2/actor_critic_update_0060.pt,130075,75,checkpoint,100,straight,True,True,80,0.2,1.0,0.3,0,0.0,1,40,80,True,1.0,1.0,1.0,0.028985508110212242,0.44927536663801776,0.6521739201701205,38.456521689891815,0.0,0.0,0.0,46.0,43.0,46.0,1.0,6.0,6.0,6.0,0.0,1.0,0.0,46.0,0.14285714285714285,1.0,0.21428572067192622,14629.480298913044,4656.0107421875,3694.614013671875,2901.128173828125,3694.614013671875,2901.128173828125,38.371296763420105
test,dropout030_relay_failure,no_task_support,no_task_support,none,none,2,60,no_task_support,results/intercept_3d_gate1_hardened_safety_no_task_support_5seed_fixed_update60_candidate/runs/multi_relation/bc_ppo_seed2/actor_critic_update_0060.pt,130077,77,checkpoint,100,straight,True,True,80,0.2,1.0,0.3,0,0.0,1,40,80,True,1.0,1.0,1.0,0.028985508110212242,0.44927536663801776,0.6847826135547265,35.58333273329165,0.0,0.0,0.0,46.0,43.0,46.0,1.0,6.0,6.0,6.0,0.0,1.0,0.0,46.0,0.14285714285714285,1.0,0.26190476971013205,14652.96632982337,4772.140625,3495.015869140625,2839.01611328125,3495.015869140625,2839.01611328125,38.76118090748787
test,dropout030_relay_failure,no_task_support,no_task_support,none,none,2,60,no_task_support,results/intercept_3d_gate1_hardened_safety_no_task_support_5seed_fixed_update60_candidate/runs/multi_relation/bc_ppo_seed2/actor_critic_update_0060.pt,130079,79,checkpoint,100,straight,True,True,80,0.2,1.0,0.3,0,0.0,1,40,80,True,1.0,1.0,1.0,0.028985508110212242,0.44202898961046466,0.5942029081608938,36.71739130791115,0.0,0.0,0.0,46.0,43.0,46.0,1.0,6.0,6.0,6.0,0.0,1.0,0.0,46.0,0.14285714285714285,1.0,0.21428572067192622,14673.231509001358,4660.52490234375,3691.51904296875,2916.57568359375,3691.51904296875,2916.57568359375,37.83433371782303
test,dropout030_relay_failure,no_task_support,no_task_support,none,none,2,60,no_task_support,results/intercept_3d_gate1_hardened_safety_no_task_support_5seed_fixed_update60_candidate/runs/multi_relation/bc_ppo_seed2/actor_critic_update_0060.pt,130080,80,checkpoint,100,straight,True,True,80,0.2,1.0,0.3,0,0.0,1,40,80,True,1.0,1.0,1.0,0.028985508110212242,0.44202898961046466,0.6702898627390033,34.69565197825432,0.0,0.0,0.0,46.0,43.0,46.0,1.0,6.0,6.0,6.0,0.0,1.0,0.0,46.0,0.14285714285714285,1.0,0.21428572067192622,14661.635837720789,4630.951171875,3483.01513671875,3176.2724609375,3483.01513671875,3178.8818359375,38.6361121237278
test,dropout030_relay_failure,no_task_support,no_task_support,none,none,2,60,no_task_support,results/intercept_3d_gate1_hardened_safety_no_task_support_5seed_fixed_update60_candidate/runs/multi_relation/bc_ppo_seed2/actor_critic_update_0060.pt,130081,81,checkpoint,100,straight,True,True,80,0.2,1.0,0.3,0,0.0,1,40,80,True,1.0,1.0,1.0,0.028985508110212242,0.44202898961046466,0.6594202984934268,34.62681154161692,0.0,0.0,0.0,46.0,43.0,46.0,1.0,6.0,6.0,6.0,0.0,1.0,0.0,46.0,0.14285714285714285,1.0,0.23809524519102915,14639.620796535326,4797.88134765625,3689.981201171875,2635.303955078125,3689.981201171875,2635.303955078125,38.29376867413521
test,dropout030_relay_failure,no_task_support,no_task_support,none,none,2,60,no_task_support,results/intercept_3d_gate1_hardened_safety_no_task_support_5seed_fixed_update60_candidate/runs/multi_relation/bc_ppo_seed2/actor_critic_update_0060.pt,130086,86,checkpoint,100,straight,True,True,80,0.2,1.0,0.3,0,0.0,1,40,80,True,1.0,1.0,1.0,0.028985508110212242,0.44927536663801776,0.6413043562484824,33.01086973463712,0.0,0.0,0.0,46.0,43.0,46.0,1.0,6.0,6.0,6.0,0.0,1.0,0.0,46.0,0.14285714285714285,1.0,0.26190476971013205,14620.315164317255,4636.4736328125,3522.016845703125,2760.73291015625,3522.016845703125,2760.73291015625,38.52175775170326
test,dropout030_relay_failure,no_task_support,no_task_support,none,none,2,60,no_task_support,results/intercept_3d_gate1_hardened_safety_no_task_support_5seed_fixed_update60_candidate/runs/multi_relation/bc_ppo_seed2/actor_critic_update_0060.pt,130091,91,checkpoint,100,straight,True,True,80,0.2,1.0,0.3,0,0.0,1,40,80,True,1.0,1.0,1.0,0.028985508110212242,0.44927536663801776,0.7101449328272239,33.749999892452486,0.0,0.0,0.0,46.0,43.0,46.0,1.0,6.0,6.0,6.0,0.0,1.0,0.0,46.0,0.14285714285714285,1.0,0.23809524519102915,14630.712115743885,4676.66064453125,3785.692626953125,2496.071533203125,3785.692626953125,2496.071533203125,39.09471437335014
test,dropout030_relay_failure,no_task_support,no_task_support,none,none,2,60,no_task_support,results/intercept_3d_gate1_hardened_safety_no_task_support_5seed_fixed_update60_candidate/runs/multi_relation/bc_ppo_seed2/actor_critic_update_0060.pt,130095,95,checkpoint,100,straight,True,True,80,0.2,1.0,0.3,0,0.0,1,40,80,True,1.0,1.0,1.0,0.028985508110212242,0.44927536663801776,0.5905797173795493,34.81884052669225,0.0,0.0,0.0,46.0,43.0,46.0,1.0,6.0,6.0,6.0,0.0,1.0,0.0,46.0,0.14285714285714285,1.0,0.21428572067192622,14607.747271993885,4649.259765625,3568.556396484375,2817.52490234375,3568.556396484375,2817.52490234375,37.96524214744568
test,dropout030_relay_failure,no_task_support,no_task_support,none,none,2,60,no_task_support,results/intercept_3d_gate1_hardened_safety_no_task_support_5seed_fixed_update60_candidate/runs/multi_relation/bc_ppo_seed2/actor_critic_update_0060.pt,130097,97,checkpoint,100,straight,True,True,80,0.2,1.0,0.3,0,0.0,1,40,80,True,1.0,1.0,1.0,0.028985508110212242,0.44202898961046466,0.7246376881780832,30.8550722323682,0.0,0.0,0.0,46.0,43.0,46.0,1.0,6.0,6.0,6.0,0.0,1.0,0.0,46.0,0.14285714285714285,1.0,0.14285714711461747,14668.537289826767,4637.4033203125,3623.88916015625,2834.41748046875,3623.88916015625,2834.41748046875,39.31488609313965
test,dropout030_relay_failure,no_task_support,no_task_support,none,none,2,60,no_task_support,results/intercept_3d_gate1_hardened_safety_no_task_support_5seed_fixed_update60_candidate/runs/multi_relation/bc_ppo_seed2/actor_critic_update_0060.pt,130050,50,checkpoint,100,straight,True,True,80,0.2,1.0,0.3,0,0.0,1,40,80,True,1.0,1.0,1.0,0.02836879517169709,0.4539007132357739,0.6808510701707069,33.06028375790474,0.0,0.0,0.0,47.0,44.0,47.0,1.0,7.0,7.0,7.0,0.0,1.0,0.0,47.0,0.125,1.0,0.14583333767950535,14439.657185006648,4281.705078125,3183.066162109375,2302.432861328125,3183.066162109375,2302.432861328125,39.628518760204315
test,dropout030_relay_failure,no_task_support,no_task_support,none,none,2,60,no_task_support,results/intercept_3d_gate1_hardened_safety_no_task_support_5seed_fixed_update60_candidate/runs/multi_relation/bc_ppo_seed2/actor_critic_update_0060.pt,130055,55,checkpoint,100,straight,True,True,80,0.2,1.0,0.3,0,0.0,1,40,80,True,1.0,1.0,1.0,0.02836879517169709,0.4539007132357739,0.634751780236021,38.695035300356274,0.0,0.0,0.0,47.0,44.0,47.0,1.0,7.0,7.0,7.0,0.0,1.0,0.0,47.0,0.125,1.0,0.18750000558793545,14457.523863447474,4288.95068359375,3180.928466796875,2814.931396484375,3180.928466796875,2814.931396484375,38.93713304400444
test,dropout030_relay_failure,no_task_support,no_task_support,none,none,2,60,no_task_support,results/intercept_3d_gate1_hardened_safety_no_task_support_5seed_fixed_update60_candidate/runs/multi_relation/bc_ppo_seed2/actor_critic_update_0060.pt,130085,85,checkpoint,100,straight,True,True,80,0.2,1.0,0.3,0,0.0,1,40,80,True,1.0,1.0,1.0,0.02836879517169709,0.4539007132357739,0.7163120619160064,34.85106355395723,0.0,0.0,0.0,47.0,44.0,47.0,1.0,7.0,7.0,7.0,0.0,1.0,0.0,47.0,0.125,1.0,0.18750000558793545,14427.80773146609,4309.43994140625,3415.796630859375,2418.4501953125,3415.796630859375,2418.4501953125,39.80687990784645
test,dropout030_relay_failure,no_task_support,no_task_support,none,none,2,60,no_task_support,results/intercept_3d_gate1_hardened_safety_no_task_support_5seed_fixed_update60_candidate/runs/multi_relation/bc_ppo_seed2/actor_critic_update_0060.pt,130094,94,checkpoint,100,straight,True,True,80,0.2,1.0,0.3,0,0.0,1,40,80,True,1.0,1.0,1.0,0.02836879517169709,0.4539007132357739,0.659574476645348,44.15957492463132,0.0,0.0,0.0,47.0,44.0,47.0,1.0,7.0,7.0,7.0,0.0,1.0,0.0,47.0,0.125,1.0,0.2500000074505806,14462.237543633644,4357.96923828125,3267.046875,2626.901611328125,3267.046875,2626.901611328125,38.87285712361336
test,dropout030_relay_failure,no_task_support,no_task_support,none,none,2,60,no_task_support,results/intercept_3d_gate1_hardened_safety_no_task_support_5seed_fixed_update60_candidate/runs/multi_relation/bc_ppo_seed2/actor_critic_update_0060.pt,130062,62,checkpoint,100,straight,True,True,80,0.2,1.0,0.3,0,0.0,1,40,80,True,1.0,1.0,1.0,0.027777778605620067,0.45833333767950535,0.7187500068296989,31.645833066664636,0.0,0.0,0.0,48.0,45.0,48.0,1.0,8.0,8.0,8.0,0.0,1.0,0.0,48.0,0.1111111111111111,1.0,0.2777777860562007,14299.947118123373,4012.952880859375,2584.511474609375,2247.38525390625,2584.511474609375,2247.38525390625,40.65215137600899
test,dropout030_relay_failure,no_task_support,no_task_support,none,none,2,60,no_task_support,results/intercept_3d_gate1_hardened_safety_no_task_support_5seed_fixed_update60_candidate/runs/multi_relation/bc_ppo_seed2/actor_critic_update_0060.pt,130054,54,checkpoint,100,straight,True,True,80,0.2,1.0,0.3,0,0.0,1,40,80,True,0.0,0.0,1.0,0.003846153960778163,0.10000000183398906,0.14807692542672157,90.5634626502601,0.0,1.0,0.0,260.0,42.0,-1.0,0.0,220.0,220.0,-1.0,0.0,0.0,1.0,-1.0,0.0,0.16250000335276127,0.12291667032986879,31066.539532940205,64226.53125,2628.378662109375,698.9588623046875,34258.4609375,16972.533203125,-25.98857379052788
test,dropout030_relay_failure,no_task_support,no_task_support,none,none,2,60,no_task_support,results/intercept_3d_gate1_hardened_safety_no_task_support_5seed_fixed_update60_candidate/runs/multi_relation/bc_ppo_seed2/actor_critic_update_0060.pt,130058,58,checkpoint,100,straight,True,True,80,0.2,1.0,0.3,0,0.0,1,40,80,True,0.0,0.0,1.0,0.003846153960778163,0.10128205292499982,0.14871795143072422,76.21794869962793,0.0,1.0,0.0,260.0,43.0,-1.0,0.0,220.0,220.0,-1.0,0.0,0.0,1.0,-1.0,0.0,0.16250000298023223,0.12916667051613331,35038.54349599985,72793.7890625,807.0370483398438,1049.4862060546875,66928.5,17753.48828125,-32.02341640740633
test,dropout030_relay_failure,no_task_support,no_task_support,none,none,2,60,no_task_support,results/intercept_3d_gate1_hardened_safety_no_task_support_5seed_fixed_update60_candidate/runs/multi_relation/bc_ppo_seed2/actor_critic_update_0060.pt,130063,63,checkpoint,100,straight,True,True,80,0.2,1.0,0.3,0,0.0,1,40,80,True,0.0,0.0,0.0,0.0,0.09487179689682447,0.15064102795261602,90.21410258269081,0.0,1.0,0.0,260.0,-1.0,-1.0,0.0,220.0,220.0,-1.0,0.0,0.0,1.0,-1.0,0.0,0.13750000409781932,0.12291667032986879,32651.276152155948,67379.4921875,742.678955078125,943.9078369140625,51098.62109375,29217.259765625,-31.367505203932524
test,dropout030_relay_failure,no_task_support,no_task_support,none,none,2,60,no_task_support,results/intercept_3d_gate1_hardened_safety_no_task_support_5seed_fixed_update60_candidate/runs/multi_relation/bc_ppo_seed2/actor_critic_update_0060.pt,130066,66,checkpoint,100,straight,True,True,80,0.2,1.0,0.3,0,0.0,1,40,80,True,0.0,0.0,1.0,0.0012820513202593878,0.17051282456287972,0.14615384810245954,91.17051168760428,0.0,1.0,0.0,260.0,43.0,-1.0,0.0,220.0,220.0,-1.0,0.0,0.0,1.0,-1.0,0.0,0.2000000048428774,0.11041666995733976,31209.378281813402,67651.8046875,2946.41259765625,1174.389892578125,43300.31640625,16463.951171875,-18.919240541756153
test,dropout030_relay_failure,no_task_support,no_task_support,none,none,2,60,no_task_support,results/intercept_3d_gate1_hardened_safety_no_task_support_5seed_fixed_update60_candidate/runs/multi_relation/bc_ppo_seed2/actor_critic_update_0060.pt,130072,72,checkpoint,100,straight,True,True,80,0.2,1.0,0.3,0,0.0,1,40,80,True,0.0,0.0,1.0,0.003846153960778163,0.10000000160474043,0.16858974614968666,73.85961571077888,0.0,1.0,0.0,260.0,43.0,-1.0,0.0,220.0,220.0,-1.0,0.0,0.0,1.0,-1.0,0.0,0.15833333618938922,0.1312500039115548,35169.091071026145,73868.78125,1129.255615234375,1143.4326171875,68218.4453125,13859.560546875,-31.626804664731026
test,dropout030_relay_failure,no_task_support,no_task_support,none,none,2,60,no_task_support,results/intercept_3d_gate1_hardened_safety_no_task_support_5seed_fixed_update60_candidate/runs/multi_relation/bc_ppo_seed2/actor_critic_update_0060.pt,130076,76,checkpoint,100,straight,True,True,80,0.2,1.0,0.3,0,0.0,1,40,80,True,0.0,0.0,1.0,0.003846153960778163,0.09871795028448105,0.15448718185608204,89.11153959104648,0.0,1.0,0.0,260.0,42.0,-1.0,0.0,220.0,220.0,-1.0,0.0,0.0,1.0,-1.0,0.0,0.15000000260770321,0.12291667032986879,32772.508126126806,67641.6171875,1466.9405517578125,317.34442138671875,48438.6953125,26829.220703125,-28.660849147010595
test,dropout030_relay_failure,no_task_support,no_task_support,none,none,2,60,no_task_support,results/intercept_3d_gate1_hardened_safety_no_task_support_5seed_fixed_update60_candidate/runs/multi_relation/bc_ppo_seed2/actor_critic_update_0060.pt,130083,83,checkpoint,100,straight,True,True,80,0.2,1.0,0.3,0,0.0,1,40,80,True,0.0,0.0,0.0,0.0,0.09871795051372968,0.14807692514016077,75.85064150421665,0.0,1.0,0.0,260.0,-1.0,-1.0,0.0,220.0,220.0,-1.0,0.0,0.0,1.0,-1.0,0.0,0.15000000335276126,0.12083333693444728,35080.29779897837,72452.765625,430.92291259765625,891.7447509765625,66930.7265625,21025.91796875,-34.40645122714341
test,dropout030_relay_failure,no_task_support,no_task_support,none,none,2,60,no_task_support,results/intercept_3d_gate1_hardened_safety_no_task_support_5seed_fixed_update60_candidate/runs/multi_relation/bc_ppo_seed2/actor_critic_update_0060.pt,130088,88,checkpoint,100,straight,True,True,80,0.2,1.0,0.3,0,0.0,1,40,80,True,0.0,0.0,0.0,0.0,0.09615384810245954,0.15320513082238343,74.292307170022,0.0,1.0,0.0,260.0,-1.0,-1.0,0.0,220.0,220.0,-1.0,0.0,0.0,1.0,-1.0,0.0,0.1416666705161333,0.12916667051613331,33441.074744591344,71163.3359375,428.6802062988281,797.29443359375,61668.32421875,28755.8125,-32.98487904667854
test,dropout030_relay_failure,no_task_support,no_task_support,none,none,2,60,no_task_support,results/intercept_3d_gate1_hardened_safety_no_task_support_5seed_fixed_update60_candidate/runs/multi_relation/bc_ppo_seed2/actor_critic_update_0060.pt,130092,92,checkpoint,100,straight,True,True,80,0.2,1.0,0.3,0,0.0,1,40,80,True,0.0,0.0,1.0,0.003846153960778163,0.10128205292499982,0.14294872026030833,75.0705132898803,0.0,1.0,0.0,260.0,43.0,-1.0,0.0,220.0,220.0,-1.0,0.0,0.0,1.0,-1.0,0.0,0.16250000298023223,0.11666667014360428,35176.53596144456,73707.3203125,517.777587890625,984.2716674804688,68880.171875,15228.25,-32.81341169029474
test,dropout030_relay_failure,no_task_support,no_task_support,none,none,2,60,no_task_support,results/intercept_3d_gate1_hardened_safety_no_task_support_5seed_fixed_update60_candidate/runs/multi_relation/bc_ppo_seed2/actor_critic_update_0060.pt,130093,93,checkpoint,100,straight,True,True,80,0.2,1.0,0.3,0,0.0,1,40,80,True,0.0,0.0,1.0,0.003846153960778163,0.16794872180773662,0.14743589959465542,91.71794982999563,0.0,1.0,0.0,260.0,42.0,-1.0,0.0,220.0,220.0,-1.0,0.0,0.0,1.0,-1.0,0.0,0.20000000447034835,0.10625000316649676,31082.165076622598,67614.71875,2281.9951171875,1232.2896728515625,43294.83203125,15307.6591796875,-18.001936472952366
test,dropout030_relay_failure,no_task_support,no_task_support,none,none,2,60,no_task_support,results/intercept_3d_gate1_hardened_safety_no_task_support_5seed_fixed_update60_candidate/runs/multi_relation/bc_ppo_seed2/actor_critic_update_0060.pt,130096,96,checkpoint,100,straight,True,True,80,0.2,1.0,0.3,0,0.0,1,40,80,True,0.0,0.0,1.0,0.003846153960778163,0.10128205292499982,0.15448718156952124,90.178204051004,0.0,1.0,0.0,260.0,43.0,-1.0,0.0,220.0,220.0,-1.0,0.0,0.0,1.0,-1.0,0.0,0.16250000298023223,0.12291667032986879,32190.586428598257,67754.8203125,1430.109130859375,295.1670227050781,46321.42578125,25755.98046875,-28.528222765773535
test,dropout030_relay_failure,no_task_support,no_task_support,none,none,2,60,no_task_support,results/intercept_3d_gate1_hardened_safety_no_task_support_5seed_fixed_update60_candidate/runs/multi_relation/bc_ppo_seed2/actor_critic_update_0060.pt,130098,98,checkpoint,100,straight,True,True,80,0.2,1.0,0.3,0,0.0,1,40,80,True,0.0,0.0,1.0,0.003846153960778163,0.10128205292499982,0.16153846423213297,73.68333303160392,0.0,1.0,0.0,260.0,42.0,-1.0,0.0,220.0,220.0,-1.0,0.0,0.0,1.0,-1.0,0.0,0.15833333618938922,0.15625000465661287,33489.543005371095,68911.25,1107.951171875,140.86459350585938,51389.13671875,23852.486328125,-27.983517415821552
test,dropout030_relay_failure,no_task_support,no_task_support,none,none,3,60,no_task_support,results/intercept_3d_gate1_hardened_safety_no_task_support_5seed_fixed_update60_candidate/runs/multi_relation/bc_ppo_seed3/actor_critic_update_0060.pt,130010,10,checkpoint,100,straight,True,True,80,0.2,1.0,0.3,0,0.0,1,40,80,True,1.0,1.0,1.0,0.03030303120613098,0.4166666716337204,0.6250000077892434,47.83333344859156,0.0,0.0,0.0,44.0,41.0,44.0,1.0,4.0,4.0,4.0,0.0,1.0,0.0,44.0,0.2,1.0,0.20000000596046447,15182.033513849432,5930.47265625,3796.103759765625,1849.3514404296875,3796.103759765625,1849.3514404296875,35.560155123472214
test,dropout030_relay_failure,no_task_support,no_task_support,none,none,3,60,no_task_support,results/intercept_3d_gate1_hardened_safety_no_task_support_5seed_fixed_update60_candidate/runs/multi_relation/bc_ppo_seed3/actor_critic_update_0060.pt,130011,11,checkpoint,100,straight,True,True,80,0.2,1.0,0.3,0,0.0,1,40,80,True,1.0,1.0,1.0,0.029629630512661403,0.4370370414521959,0.6592592666546504,41.088889400164284,0.0,0.0,0.0,45.0,42.0,45.0,1.0,5.0,5.0,5.0,0.0,1.0,0.0,45.0,0.16666666666666666,1.0,0.22222222884496054,14912.939290364584,5512.91943359375,3865.843017578125,1451.2637939453125,3865.843017578125,1451.5185546875,37.1164128780365
test,dropout030_relay_failure,no_task_support,no_task_support,none,none,3,60,no_task_support,results/intercept_3d_gate1_hardened_safety_no_task_support_5seed_fixed_update60_candidate/runs/multi_relation/bc_ppo_seed3/actor_critic_update_0060.pt,130016,16,checkpoint,100,straight,True,True,80,0.2,1.0,0.3,0,0.0,1,40,80,True,1.0,1.0,1.0,0.029629630512661403,0.42962963448630437,0.6629629704687331,41.23703720337815,0.0,0.0,0.0,45.0,42.0,45.0,1.0,5.0,5.0,5.0,0.0,1.0,0.0,45.0,0.16666666666666666,1.0,0.22222222884496054,14906.017881944445,5521.63037109375,3845.45947265625,1536.527587890625,3845.45947265625,1584.30029296875,37.01770266890526
test,dropout030_relay_failure,no_task_support,no_task_support,none,none,3,60,no_task_support,results/intercept_3d_gate1_hardened_safety_no_task_support_5seed_fixed_update60_candidate/runs/multi_relation/bc_ppo_seed3/actor_critic_update_0060.pt,130027,27,checkpoint,100,straight,True,True,80,0.2,1.0,0.3,0,0.0,1,40,80,True,1.0,1.0,1.0,0.029629630512661403,0.4296296338240306,0.6555555635028415,42.970370312862926,0.0,0.0,0.0,45.0,42.0,45.0,1.0,5.0,5.0,5.0,0.0,1.0,0.0,45.0,0.16666666666666666,1.0,0.2500000074505806,14878.422319878473,5394.16552734375,3754.23046875,1511.786376953125,3754.23046875,1511.786376953125,36.881246864795685
test,dropout030_relay_failure,no_task_support,no_task_support,none,none,3,60,no_task_support,results/intercept_3d_gate1_hardened_safety_no_task_support_5seed_fixed_update60_candidate/runs/multi_relation/bc_ppo_seed3/actor_critic_update_0060.pt,130036,36,checkpoint,100,straight,True,True,80,0.2,1.0,0.3,0,0.0,1,40,80,True,1.0,1.0,1.0,0.029629630512661403,0.4370370414521959,0.7148148198922475,41.0444439901246,0.0,0.0,0.0,45.0,42.0,45.0,1.0,5.0,5.0,5.0,0.0,1.0,0.0,45.0,0.16666666666666666,1.0,0.2500000074505806,14910.858387586806,5401.57421875,3695.569091796875,1336.0615234375,3695.569091796875,1336.0615234375,37.717919051647186
test,dropout030_relay_failure,no_task_support,no_task_support,none,none,3,60,no_task_support,results/intercept_3d_gate1_hardened_safety_no_task_support_5seed_fixed_update60_candidate/runs/multi_relation/bc_ppo_seed3/actor_critic_update_0060.pt,130014,14,checkpoint,100,straight,True,True,80,0.2,1.0,0.3,0,0.0,1,40,80,True,1.0,1.0,1.0,0.028985508110212242,0.42028986047143524,0.6594202978455502,41.213768087003544,0.0,0.0,0.0,46.0,43.0,46.0,1.0,6.0,6.0,6.0,0.0,1.0,0.0,46.0,0.14285714285714285,0.9047619104385376,0.3095238187483379,14762.076734459919,5172.12939453125,3824.221923828125,1388.8994140625,3824.221923828125,1388.8994140625,37.33321604132652
test,dropout030_relay_failure,no_task_support,no_task_support,none,none,3,60,no_task_support,results/intercept_3d_gate1_hardened_safety_no_task_support_5seed_fixed_update60_candidate/runs/multi_relation/bc_ppo_seed3/actor_critic_update_0060.pt,130018,18,checkpoint,100,straight,True,True,80,0.2,1.0,0.3,0,0.0,1,40,80,True,1.0,1.0,1.0,0.028985508110212242,0.43478261387866474,0.6557971106275268,44.09782598394415,0.0,0.0,0.0,46.0,43.0,46.0,1.0,6.0,6.0,6.0,0.0,1.0,0.0,46.0,0.14285714285714285,0.9523809552192688,0.19047619615282332,14717.649424677309,5208.04052734375,3445.27880859375,2069.063232421875,3445.27880859375,2177.40966796875,37.45423260331154
test,dropout030_relay_failure,no_task_support,no_task_support,none,none,3,60,no_task_support,results/intercept_3d_gate1_hardened_safety_no_task_support_5seed_fixed_update60_candidate/runs/multi_relation/bc_ppo_seed3/actor_critic_update_0060.pt,130024,24,checkpoint,100,straight,True,True,80,0.2,1.0,0.3,0,0.0,1,40,80,True,1.0,1.0,1.0,0.028985508110212242,0.4275362374989883,0.6811594282803328,42.11594194627327,0.0,0.0,0.0,46.0,43.0,46.0,1.0,6.0,6.0,6.0,0.0,1.0,0.0,46.0,0.14285714285714285,0.8571428656578064,0.3333333432674408,14725.121847401495,5230.59521484375,3837.777587890625,1574.2193603515625,3837.777587890625,1574.2193603515625,37.45451086759567
test,dropout030_relay_failure,no_task_support,no_task_support,none,none,3,60,no_task_support,results/intercept_3d_gate1_hardened_safety_no_task_support_5seed_fixed_update60_candidate/runs/multi_relation/bc_ppo_seed3/actor_critic_update_0060.pt,130026,26,checkpoint,100,straight,True,True,80,0.2,1.0,0.3,0,0.0,1,40,80,True,1.0,1.0,1.0,0.028985508110212242,0.4275362374989883,0.6847826161462328,45.876811262058176,0.0,0.0,0.0,46.0,43.0,46.0,1.0,6.0,6.0,6.0,0.0,1.0,0.0,46.0,0.14285714285714285,0.8571428656578064,0.26190476971013205,14738.759011973505,5174.52685546875,3728.241455078125,1511.7640380859375,3728.241455078125,1628.984619140625,37.32888960838318
test,dropout030_relay_failure,no_task_support,no_task_support,none,none,3,60,no_task_support,results/intercept_3d_gate1_hardened_safety_no_task_support_5seed_fixed_update60_candidate/runs/multi_relation/bc_ppo_seed3/actor_critic_update_0060.pt,130032,32,checkpoint,100,straight,True,True,80,0.2,1.0,0.3,0,0.0,1,40,80,True,1.0,1.0,1.0,0.028985508110212242,0.43478261387866474,0.6557971099796502,38.57246387814698,0.0,0.0,0.0,46.0,43.0,46.0,1.0,6.0,6.0,6.0,0.0,1.0,0.0,46.0,0.14285714285714285,0.9047619104385376,0.1666666716337204,14698.342571756115,5168.462890625,3475.213134765625,1834.005126953125,3475.213134765625,2075.252197265625,37.59360855817795
test,dropout030_relay_failure,no_task_support,no_task_support,none,none,3,60,no_task_support,results/intercept_3d_gate1_hardened_safety_no_task_support_5seed_fixed_update60_candidate/runs/multi_relation/bc_ppo_seed3/actor_critic_update_0060.pt,130033,33,checkpoint,100,straight,True,True,80,0.2,1.0,0.3,0,0.0,1,40,80,True,1.0,1.0,1.0,0.028985508110212242,0.44202899025834125,0.6521739208179972,43.224638132621415,0.0,0.0,0.0,46.0,43.0,46.0,1.0,6.0,6.0,6.0,0.0,1.0,0.0,46.0,0.14285714285714285,0.9523809552192688,0.1666666716337204,14677.982262652853,5103.70263671875,3602.097412109375,1392.22509765625,3602.097412109375,1392.22509765625,37.706820130348206
test,dropout030_relay_failure,no_task_support,no_task_support,none,none,3,60,no_task_support,results/intercept_3d_gate1_hardened_safety_no_task_support_5seed_fixed_update60_candidate/runs/multi_relation/bc_ppo_seed3/actor_critic_update_0060.pt,130037,37,checkpoint,100,straight,True,True,80,0.2,1.0,0.3,0,0.0,1,40,80,True,1.0,1.0,1.0,0.028985508110212242,0.43478261387866474,0.6449275421707527,41.49637689635806,0.0,0.0,0.0,46.0,43.0,46.0,1.0,6.0,6.0,6.0,0.0,1.0,0.0,46.0,0.14285714285714285,0.9523809552192688,0.3095238187483379,14755.120244565218,5353.52001953125,3769.99560546875,1426.9322509765625,3769.99560546875,1426.9322509765625,37.36360055208206
test,dropout030_relay_failure,no_task_support,no_task_support,none,none,3,60,no_task_support,results/intercept_3d_gate1_hardened_safety_no_task_support_5seed_fixed_update60_candidate/runs/multi_relation/bc_ppo_seed3/actor_critic_update_0060.pt,130044,44,checkpoint,100,straight,True,True,80,0.2,1.0,0.3,0,0.0,1,40,80,True,1.0,1.0,1.0,0.028985508110212242,0.44927536663801776,0.6739130512527798,44.07246359664461,0.0,0.0,0.0,46.0,43.0,46.0,1.0,6.0,6.0,6.0,0.0,1.0,0.0,46.0,0.14285714285714285,1.0,0.28571429422923494,14728.50583814538,5174.1220703125,3573.216552734375,1655.43994140625,3573.216552734375,1733.2657470703125,37.82797026634216
test,dropout030_relay_failure,no_task_support,no_task_support,none,none,3,60,no_task_support,results/intercept_3d_gate1_hardened_safety_no_task_support_5seed_fixed_update60_candidate/runs/multi_relation/bc_ppo_seed3/actor_critic_update_0060.pt,130047,47,checkpoint,100,straight,True,True,80,0.2,1.0,0.3,0,0.0,1,40,80,True,1.0,1.0,1.0,0.028985508110212242,0.44927536663801776,0.6340579795448676,47.88043445154376,0.0,0.0,0.0,46.0,43.0,46.0,1.0,6.0,6.0,6.0,0.0,1.0,0.0,46.0,0.14285714285714285,1.0,0.21428572067192622,14699.872176460598,5054.11083984375,3554.495849609375,1417.310791015625,3554.495849609375,1417.310791015625,37.43406963348389
test,dropout030_relay_failure,no_task_support,no_task_support,none,none,3,60,no_task_support,results/intercept_3d_gate1_hardened_safety_no_task_support_5seed_fixed_update60_candidate/runs/multi_relation/bc_ppo_seed3/actor_critic_update_0060.pt,130002,2,checkpoint,100,straight,True,True,80,0.2,1.0,0.3,0,0.0,1,40,80,True,1.0,1.0,1.0,0.02836879517169709,0.4113475242827801,0.6241134849000485,40.468085434842614,0.0,0.0,0.0,47.0,44.0,47.0,1.0,7.0,7.0,7.0,0.0,1.0,0.0,47.0,0.125,0.791666679084301,0.27083334140479565,14550.875311668882,4975.396484375,3496.13232421875,1596.0455322265625,3496.13232421875,1705.85205078125,37.04223021864891
test,dropout030_relay_failure,no_task_support,no_task_support,none,none,3,60,no_task_support,results/intercept_3d_gate1_hardened_safety_no_task_support_5seed_fixed_update60_candidate/runs/multi_relation/bc_ppo_seed3/actor_critic_update_0060.pt,130021,21,checkpoint,100,straight,True,True,80,0.2,1.0,0.3,0,0.0,1,40,80,True,1.0,1.0,1.0,0.02836879517169709,0.4184397224416124,0.6560283775659318,39.60283725883098,0.0,0.0,0.0,47.0,44.0,47.0,1.0,7.0,7.0,7.0,0.0,1.0,0.0,47.0,0.125,0.791666679084301,0.2083333395421505,14539.718812333776,4999.10009765625,3716.76123046875,1268.7396240234375,3716.76123046875,1444.31689453125,37.48034909367561
test,dropout030_relay_failure,no_task_support,no_task_support,none,none,3,60,no_task_support,results/intercept_3d_gate1_hardened_safety_no_task_support_5seed_fixed_update60_candidate/runs/multi_relation/bc_ppo_seed3/actor_critic_update_0060.pt,130039,39,checkpoint,100,straight,True,True,80,0.2,1.0,0.3,0,0.0,1,40,80,True,1.0,1.0,1.0,0.02836879517169709,0.4184397224416124,0.6808510711218448,41.333333116262516,0.0,0.0,0.0,47.0,44.0,47.0,1.0,7.0,7.0,7.0,0.0,1.0,0.0,47.0,0.125,0.791666679084301,0.22916667349636555,14582.914228723404,4976.49169921875,3814.125244140625,1310.97607421875,3814.125244140625,1322.0775146484375,37.680522471666336
test,dropout030_relay_failure,no_task_support,no_task_support,none,none,3,60,no_task_support,results/intercept_3d_gate1_hardened_safety_no_task_support_5seed_fixed_update60_candidate/runs/multi_relation/bc_ppo_seed3/actor_critic_update_0060.pt,130049,49,checkpoint,100,straight,True,True,80,0.2,1.0,0.3,0,0.0,1,40,80,True,1.0,1.0,1.0,0.02836879517169709,0.4184397224416124,0.6666666735359963,42.32624094124804,0.0,0.0,0.0,47.0,44.0,47.0,1.0,7.0,7.0,7.0,0.0,1.0,0.0,47.0,0.125,0.791666679084301,0.22916667349636555,14527.627015458776,4896.26171875,3677.006103515625,1387.073486328125,3677.006103515625,1387.073486328125,37.52882435917854
test,dropout030_relay_failure,no_task_support,no_task_support,none,none,3,60,no_task_support,results/intercept_3d_gate1_hardened_safety_no_task_support_5seed_fixed_update60_candidate/runs/multi_relation/bc_ppo_seed3/actor_critic_update_0060.pt,130015,15,checkpoint,100,straight,True,True,80,0.2,1.0,0.3,0,0.0,1,40,80,True,1.0,1.0,1.0,0.027777778605620067,0.40972222946584225,0.6736111181477705,40.579861057301365,0.0,0.0,0.0,48.0,45.0,48.0,1.0,8.0,8.0,8.0,0.0,1.0,0.0,48.0,0.1111111111111111,0.7407407561937968,0.2592592669857873,14407.92226155599,4744.54248046875,3556.399169921875,1429.19140625,3556.399169921875,1533.0687255859375,37.83512717485428
test,dropout030_relay_failure,no_task_support,no_task_support,none,none,3,60,no_task_support,results/intercept_3d_gate1_hardened_safety_no_task_support_5seed_fixed_update60_candidate/runs/multi_relation/bc_ppo_seed3/actor_critic_update_0060.pt,130031,31,checkpoint,100,straight,True,True,80,0.2,1.0,0.3,0,0.0,1,40,80,True,1.0,1.0,1.0,0.027777778605620067,0.40277778543531895,0.6284722300867239,43.35069409913073,0.0,0.0,0.0,48.0,45.0,48.0,1.0,8.0,8.0,8.0,0.0,1.0,0.0,48.0,0.1111111111111111,0.7037037213643392,0.2592592669857873,14421.856669108072,4940.43115234375,3661.888916015625,1201.516845703125,3661.888916015625,1710.124755859375,36.96678087115288
test,dropout030_relay_failure,no_task_support,no_task_support,none,none,3,60,no_task_support,results/intercept_3d_gate1_hardened_safety_no_task_support_5seed_fixed_update60_candidate/runs/multi_relation/bc_ppo_seed3/actor_critic_update_0060.pt,130034,34,checkpoint,100,straight,True,True,80,0.2,1.0,0.3,0,0.0,1,40,80,True,1.0,1.0,1.0,0.027777778605620067,0.3958333407839139,0.6388888967533907,38.06597191467881,0.0,0.0,0.0,48.0,45.0,48.0,1.0,8.0,8.0,8.0,0.0,1.0,0.0,48.0,0.1111111111111111,0.6666666832235124,0.2592592669857873,14423.7258199056,4896.41650390625,3678.077880859375,853.5628662109375,3678.077880859375,1898.4271240234375,37.192401081323624
test,dropout030_relay_failure,no_task_support,no_task_support,none,none,3,60,no_task_support,results/intercept_3d_gate1_hardened_safety_no_task_support_5seed_fixed_update60_candidate/runs/multi_relation/bc_ppo_seed3/actor_critic_update_0060.pt,130048,48,checkpoint,100,straight,True,True,80,0.2,1.0,0.3,0,0.0,1,40,80,True,1.0,1.0,1.0,0.027777778605620067,0.4097222288449605,0.6770833395421505,41.545138582897685,0.0,0.0,0.0,48.0,45.0,48.0,1.0,8.0,8.0,8.0,0.0,1.0,0.0,48.0,0.1111111111111111,0.70370371805297,0.24074074791537392,14393.421315511068,4795.9658203125,3744.2646484375,852.8593139648438,3744.2646484375,1594.270751953125,37.76099467277527
test,dropout030_relay_failure,no_task_support,no_task_support,none,none,3,60,no_task_support,results/intercept_3d_gate1_hardened_safety_no_task_support_5seed_fixed_update60_candidate/runs/multi_relation/bc_ppo_seed3/actor_critic_update_0060.pt,130009,9,checkpoint,100,straight,True,True,80,0.2,1.0,0.3,0,0.0,1,40,80,True,1.0,1.0,1.0,0.012820513202593876,0.18974359471064348,0.2576923111310372,41.38333316995547,0.0,0.0,0.0,130.0,125.0,130.0,1.0,90.0,90.0,90.0,0.0,1.0,0.0,130.0,0.0,0.11250000335276127,0.06666666865348816,10773.271548227163,10075.1142578125,3168.473388671875,148.3352508544922,4191.46044921875,10740.982421875,32.66940444987267
test,dropout030_relay_failure,no_task_support,no_task_support,none,none,3,60,no_task_support,results/intercept_3d_gate1_hardened_safety_no_task_support_5seed_fixed_update60_candidate/runs/multi_relation/bc_ppo_seed3/actor_critic_update_0060.pt,130006,6,checkpoint,100,straight,True,True,80,0.2,1.0,0.3,0,0.0,1,40,80,True,1.0,1.0,1.0,0.014814815256330702,0.24691358539793226,0.2530864237635224,40.469135837643236,0.0,0.0,0.0,135.0,44.0,135.0,1.0,95.0,95.0,95.0,0.0,1.0,0.0,135.0,0.0,0.1333333358168602,0.06666666865348816,10789.477074291088,10027.04296875,2259.09814453125,865.361328125,4584.22802734375,10525.49609375,37.37468678690493
test,dropout030_relay_failure,no_task_support,no_task_support,none,none,3,60,no_task_support,results/intercept_3d_gate1_hardened_safety_no_task_support_5seed_fixed_update60_candidate/runs/multi_relation/bc_ppo_seed3/actor_critic_update_0060.pt,130046,46,checkpoint,100,straight,True,True,80,0.2,1.0,0.3,0,0.0,1,40,80,True,1.0,1.0,1.0,0.012345679380275585,0.21975309098208393,0.254320991591171,40.01111099455092,0.0,0.0,0.0,135.0,44.0,135.0,1.0,95.0,95.0,95.0,0.0,1.0,0.0,135.0,0.0,0.1291666693985462,0.06458333525806666,10670.030788845486,9756.2138671875,2166.967041015625,648.466064453125,4715.28515625,9470.1455078125,34.82173012662679
test,dropout030_relay_failure,no_task_support,no_task_support,none,none,3,60,no_task_support,results/intercept_3d_gate1_hardened_safety_no_task_support_5seed_fixed_update60_candidate/runs/multi_relation/bc_ppo_seed3/actor_critic_update_0060.pt,130041,41,checkpoint,100,straight,True,True,80,0.2,1.0,0.3,0,0.0,1,40,80,True,1.0,1.0,1.0,0.008830022338210352,0.20971302994039676,0.23289183542033695,48.955850409158806,0.0,0.0,0.0,151.0,148.0,151.0,1.0,111.0,111.0,111.0,0.0,1.0,0.0,151.0,0.0,0.10833333656191826,0.06458333525806666,11643.339003000829,13223.7998046875,3080.177490234375,327.5460205078125,4703.66015625,9545.4345703125,29.58555362932384
test,dropout030_relay_failure,no_task_support,no_task_support,none,none,3,60,no_task_support,results/intercept_3d_gate1_hardened_safety_no_task_support_5seed_fixed_update60_candidate/runs/multi_relation/bc_ppo_seed3/actor_critic_update_0060.pt,130020,20,checkpoint,100,straight,True,True,80,0.2,1.0,0.3,0,0.0,1,40,80,True,1.0,1.0,1.0,0.008771930085985284,0.23684211134126312,0.23355263530423767,43.10087729559133,0.0,0.0,0.0,152.0,149.0,152.0,1.0,112.0,112.0,112.0,0.0,1.0,0.0,152.0,0.0,0.10416666977107525,0.06875000204890966,10875.380883467826,8954.4267578125,2325.05908203125,726.4935302734375,4674.87890625,10928.615234375,37.256720297038555
test,dropout030_relay_failure,no_task_support,no_task_support,none,none,3,60,no_task_support,results/intercept_3d_gate1_hardened_safety_no_task_support_5seed_fixed_update60_candidate/runs/multi_relation/bc_ppo_seed3/actor_critic_update_0060.pt,130007,7,checkpoint,100,straight,True,True,80,0.2,1.0,0.3,0,0.0,1,40,80,True,1.0,1.0,1.0,0.008658008916037423,0.23376623918483783,0.21536796839980335,51.08441552094051,0.0,0.0,0.0,154.0,151.0,154.0,1.0,114.0,114.0,114.0,0.0,1.0,0.0,154.0,0.0,0.13333333656191826,0.06666666865348816,11313.5071117847,11385.1552734375,2612.6494140625,922.1739501953125,4678.0224609375,10053.99609375,32.40574124082923
test,dropout030_relay_failure,no_task_support,no_task_support,none,none,3,60,no_task_support,results/intercept_3d_gate1_hardened_safety_no_task_support_5seed_fixed_update60_candidate/runs/multi_relation/bc_ppo_seed3/actor_critic_update_0060.pt,130008,8,checkpoint,100,straight,True,True,80,0.2,1.0,0.3,0,0.0,1,40,80,True,1.0,1.0,1.0,0.00854700880172925,0.2628205202710934,0.231837610881298,44.77670919513091,0.0,0.0,0.0,156.0,153.0,156.0,1.0,116.0,116.0,116.0,0.0,1.0,0.0,156.0,0.0,0.10000000298023223,0.0833333358168602,11240.662150065104,10144.5126953125,1958.4608154296875,247.39761352539062,4872.81884765625,10621.4921875,39.17258632928133
test,dropout030_relay_failure,no_task_support,no_task_support,none,none,3,60,no_task_support,results/intercept_3d_gate1_hardened_safety_no_task_support_5seed_fixed_update60_candidate/runs/multi_relation/bc_ppo_seed3/actor_critic_update_0060.pt,130000,0,checkpoint,100,straight,True,True,80,0.2,1.0,0.3,0,0.0,1,40,80,True,1.0,1.0,1.0,0.008492569255221422,0.24416136608761588,0.21868365547459595,50.57112492004018,0.0,0.0,0.0,157.0,154.0,157.0,1.0,117.0,117.0,117.0,0.0,1.0,0.0,157.0,0.0,0.10000000298023223,0.06666666865348816,11801.592823198647,11506.31640625,1755.578857421875,283.64654541015625,2240.41943359375,5827.3642578125,36.930042202118784
test,dropout030_relay_failure,no_task_support,no_task_support,none,none,3,60,no_task_support,results/intercept_3d_gate1_hardened_safety_no_task_support_5seed_fixed_update60_candidate/runs/multi_relation/bc_ppo_seed3/actor_critic_update_0060.pt,130043,43,checkpoint,100,straight,True,True,80,0.2,1.0,0.3,0,0.0,1,40,80,True,1.0,1.0,1.0,0.008385744484715492,0.23060797126788013,0.21907757110190842,51.83438153143199,0.0,0.0,0.0,159.0,156.0,159.0,1.0,119.0,119.0,119.0,0.0,1.0,0.0,159.0,0.0,0.12083333544433117,0.07083333544433117,11232.68732034935,12886.4033203125,2254.27783203125,647.0256958007812,4149.63427734375,8048.537109375,30.93245629814919
test,dropout030_relay_failure,no_task_support,no_task_support,none,none,3,60,no_task_support,results/intercept_3d_gate1_hardened_safety_no_task_support_5seed_fixed_update60_candidate/runs/multi_relation/bc_ppo_seed3/actor_critic_update_0060.pt,130023,23,checkpoint,100,straight,True,True,80,0.2,1.0,0.3,0,0.0,1,40,80,True,1.0,1.0,1.0,0.00833333358168602,0.23125000558793546,0.22395833656191827,51.81458334410563,0.0,0.0,0.0,160.0,157.0,160.0,1.0,120.0,120.0,120.0,0.0,1.0,0.0,160.0,0.0,0.10833333618938923,0.06250000186264515,11736.244396972656,12903.0322265625,2435.767333984375,873.1317749023438,3166.853759765625,6801.5810546875,32.02086736029014
test,dropout030_relay_failure,no_task_support,no_task_support,none,none,3,60,no_task_support,results/intercept_3d_gate1_hardened_safety_no_task_support_5seed_fixed_update60_candidate/runs/multi_relation/bc_ppo_seed3/actor_critic_update_0060.pt,130013,13,checkpoint,100,straight,True,True,80,0.2,1.0,0.3,0,0.0,1,40,80,True,1.0,1.0,1.0,0.008179959343986277,0.22699387051576486,0.21165644427750008,53.614519382547016,0.0,0.0,0.0,163.0,160.0,163.0,1.0,123.0,123.0,123.0,0.0,1.0,0.0,163.0,0.0,0.10833333618938923,0.07291666883975267,11156.664845846914,10426.6689453125,2483.65673828125,1220.750732421875,4772.77734375,9412.181640625,32.92641910171369
test,dropout030_relay_failure,no_task_support,no_task_support,none,none,3,60,no_task_support,results/intercept_3d_gate1_hardened_safety_no_task_support_5seed_fixed_update60_candidate/runs/multi_relation/bc_ppo_seed3/actor_critic_update_0060.pt,130042,42,checkpoint,100,straight,True,True,80,0.2,1.0,0.3,0,0.0,1,40,80,True,1.0,1.0,1.0,0.007984032174070439,0.25149701205556263,0.21357285699801531,54.9900192896763,0.0,0.0,0.0,167.0,164.0,167.0,1.0,127.0,127.0,127.0,0.0,1.0,0.0,167.0,0.0,0.1083333358168602,0.07291666883975267,11683.023472586077,12174.3720703125,1824.2161865234375,909.608642578125,4584.09619140625,7824.36865234375,34.78265089914203
test,dropout030_relay_failure,no_task_support,no_task_support,none,none,3,60,no_task_support,results/intercept_3d_gate1_hardened_safety_no_task_support_5seed_fixed_update60_candidate/runs/multi_relation/bc_ppo_seed3/actor_critic_update_0060.pt,130028,28,checkpoint,100,straight,True,True,80,0.2,1.0,0.3,0,0.0,1,40,80,True,1.0,1.0,1.0,0.009861933232764521,0.33530572815054266,0.23076923420796028,44.97731741134232,0.0,0.0,0.0,169.0,43.0,169.0,1.0,129.0,129.0,129.0,0.0,1.0,0.0,169.0,0.0,0.1208333358168602,0.06666666865348816,10664.316429363906,8130.03076171875,1463.070068359375,1082.270751953125,1463.070068359375,5807.83447265625,47.72023778408766
test,dropout030_relay_failure,no_task_support,no_task_support,none,none,3,60,no_task_support,results/intercept_3d_gate1_hardened_safety_no_task_support_5seed_fixed_update60_candidate/runs/multi_relation/bc_ppo_seed3/actor_critic_update_0060.pt,130045,45,checkpoint,100,straight,True,True,80,0.2,1.0,0.3,0,0.0,1,40,80,True,1.0,1.0,1.0,0.011428571769169399,0.2933333402020591,0.218095240848405,55.76381002570901,0.0,0.0,0.0,175.0,43.0,175.0,1.0,135.0,135.0,135.0,0.0,1.0,0.0,175.0,0.0,0.1041666679084301,0.06458333525806666,11952.852346540178,12812.265625,1744.1226806640625,887.052734375,1744.1226806640625,5785.1416015625,40.149916434660554
test,dropout030_relay_failure,no_task_support,no_task_support,none,none,3,60,no_task_support,results/intercept_3d_gate1_hardened_safety_no_task_support_5seed_fixed_update60_candidate/runs/multi_relation/bc_ppo_seed3/actor_critic_update_0060.pt,130040,40,checkpoint,100,straight,True,True,80,0.2,1.0,0.3,0,0.0,1,40,80,True,1.0,1.0,1.0,0.00854700880172925,0.3111111190074529,0.2384615428936787,48.71196582462543,0.0,0.0,0.0,195.0,42.0,195.0,1.0,155.0,155.0,155.0,0.0,1.0,0.0,195.0,0.0,0.11250000223517417,0.07916666902601718,10960.260451722756,10961.0693359375,1045.5068359375,967.247314453125,3330.547119140625,3084.46630859375,46.63665314903483
test,dropout030_relay_failure,no_task_support,no_task_support,none,none,3,60,no_task_support,results/intercept_3d_gate1_hardened_safety_no_task_support_5seed_fixed_update60_candidate/runs/multi_relation/bc_ppo_seed3/actor_critic_update_0060.pt,130025,25,checkpoint,100,straight,True,True,80,0.2,1.0,0.3,0,0.0,1,40,80,True,1.0,1.0,1.0,0.006768189711014026,0.21489002271957203,0.23688663746499775,59.03045687336607,0.0,0.0,0.0,197.0,194.0,197.0,1.0,157.0,157.0,157.0,0.0,1.0,0.0,197.0,0.0,0.10833333656191826,0.07500000223517418,12072.35049175127,15203.0791015625,1133.5628662109375,720.4367065429688,4841.83544921875,5805.15576171875,33.384333522757515
test,dropout030_relay_failure,no_task_support,no_task_support,none,none,3,60,no_task_support,results/intercept_3d_gate1_hardened_safety_no_task_support_5seed_fixed_update60_candidate/runs/multi_relation/bc_ppo_seed3/actor_critic_update_0060.pt,130038,38,checkpoint,100,straight,True,True,80,0.2,1.0,0.3,0,0.0,1,40,80,True,1.0,1.0,1.0,0.009389671641336361,0.2566510234640238,0.23082942512113724,62.536775731284855,0.0,0.0,0.0,213.0,42.0,213.0,1.0,173.0,173.0,173.0,0.0,1.0,0.0,213.0,0.0,0.1291666690260172,0.08125000242143869,13030.965900546507,17981.53125,1845.2047119140625,652.4661865234375,4962.34326171875,9925.2314453125,34.806733364704996
test,dropout030_relay_failure,no_task_support,no_task_support,none,none,3,60,no_task_support,results/intercept_3d_gate1_hardened_safety_no_task_support_5seed_fixed_update60_candidate/runs/multi_relation/bc_ppo_seed3/actor_critic_update_0060.pt,130001,1,checkpoint,100,straight,True,True,80,0.2,1.0,0.3,0,0.0,1,40,80,True,0.0,0.0,1.0,0.0012820513202593878,0.12564102846842545,0.13012820694309016,94.14487065712993,0.0,1.0,0.0,260.0,42.0,-1.0,0.0,220.0,220.0,-1.0,0.0,0.0,1.0,-1.0,0.0,0.17500000409781932,0.07916666902601718,21649.767005333535,35384.42578125,686.8851928710938,1736.0863037109375,16619.11328125,13272.642578125,-3.6643104162067175
test,dropout030_relay_failure,no_task_support,no_task_support,none,none,3,60,no_task_support,results/intercept_3d_gate1_hardened_safety_no_task_support_5seed_fixed_update60_candidate/runs/multi_relation/bc_ppo_seed3/actor_critic_update_0060.pt,130003,3,checkpoint,100,straight,True,True,80,0.2,1.0,0.3,0,0.0,1,40,80,True,0.0,0.0,0.0,0.0,0.10769231032866698,0.1557692330617171,77.48141027717637,0.0,1.0,0.0,260.0,-1.0,-1.0,0.0,220.0,220.0,-1.0,0.0,0.0,1.0,-1.0,0.0,0.11250000335276127,0.06666666865348816,17282.54394061749,18949.19140625,1457.239013671875,1065.45166015625,8077.66552734375,7800.24853515625,7.285397816449404
test,dropout030_relay_failure,no_task_support,no_task_support,none,none,3,60,no_task_support,results/intercept_3d_gate1_hardened_safety_no_task_support_5seed_fixed_update60_candidate/runs/multi_relation/bc_ppo_seed3/actor_critic_update_0060.pt,130004,4,checkpoint,100,straight,True,True,80,0.2,1.0,0.3,0,0.0,1,40,80,True,0.0,0.0,0.0,0.0,0.10256410516225374,0.17756410584999965,72.39743628719678,0.0,1.0,0.0,260.0,-1.0,-1.0,0.0,220.0,220.0,-1.0,0.0,0.0,1.0,-1.0,0.0,0.10416666977107525,0.06875000204890966,17892.01516488882,20583.81640625,1106.627197265625,1544.606689453125,13193.80859375,13367.3466796875,7.204724143608473
test,dropout030_relay_failure,no_task_support,no_task_support,none,none,3,60,no_task_support,results/intercept_3d_gate1_hardened_safety_no_task_support_5seed_fixed_update60_candidate/runs/multi_relation/bc_ppo_seed3/actor_critic_update_0060.pt,130005,5,checkpoint,100,straight,True,True,80,0.2,1.0,0.3,0,0.0,1,40,80,True,0.0,0.0,0.0,0.0,0.08076923237397121,0.14102564350916788,74.14487211893385,0.0,1.0,0.0,260.0,-1.0,-1.0,0.0,220.0,220.0,-1.0,0.0,0.0,1.0,-1.0,0.0,0.07916666865348816,0.06250000186264515,15458.583066969652,15133.50390625,2773.893310546875,1153.4508056640625,8177.73681640625,8924.0283203125,5.076870580436662
test,dropout030_relay_failure,no_task_support,no_task_support,none,none,3,60,no_task_support,results/intercept_3d_gate1_hardened_safety_no_task_support_5seed_fixed_update60_candidate/runs/multi_relation/bc_ppo_seed3/actor_critic_update_0060.pt,130012,12,checkpoint,100,straight,True,True,80,0.2,1.0,0.3,0,0.0,1,40,80,True,0.0,0.0,0.0,0.0,0.15769231158953448,0.19807692726071063,76.49358980116936,0.0,1.0,0.0,260.0,-1.0,-1.0,0.0,220.0,220.0,-1.0,0.0,0.0,1.0,-1.0,0.0,0.07916666865348816,0.06250000186264515,10970.534117713341,13318.2158203125,1387.2603759765625,387.0507507324219,4941.11474609375,13645.1064453125,21.181727189570665
test,dropout030_relay_failure,no_task_support,no_task_support,none,none,3,60,no_task_support,results/intercept_3d_gate1_hardened_safety_no_task_support_5seed_fixed_update60_candidate/runs/multi_relation/bc_ppo_seed3/actor_critic_update_0060.pt,130017,17,checkpoint,100,straight,True,True,80,0.2,1.0,0.3,0,0.0,1,40,80,True,0.0,0.0,1.0,0.020512821124150205,0.12820513145281717,0.18846154207220445,76.66025703870334,0.0,1.0,0.0,260.0,132.0,-1.0,0.0,220.0,220.0,-1.0,0.0,0.0,1.0,-1.0,0.0,0.11250000335276127,0.06041666846722364,10725.654966383714,13533.5185546875,502.6833190917969,549.4824829101562,2014.541748046875,17447.0625,26.922283546999097
test,dropout030_relay_failure,no_task_support,no_task_support,none,none,3,60,no_task_support,results/intercept_3d_gate1_hardened_safety_no_task_support_5seed_fixed_update60_candidate/runs/multi_relation/bc_ppo_seed3/actor_critic_update_0060.pt,130019,19,checkpoint,100,straight,True,True,80,0.2,1.0,0.3,0,0.0,1,40,80,True,0.0,0.0,0.0,0.0,0.1448717985015649,0.1602564131984344,80.68076944471552,0.0,1.0,0.0,260.0,-1.0,-1.0,0.0,220.0,220.0,-1.0,0.0,0.0,1.0,-1.0,0.0,0.15000000447034836,0.06875000204890966,12460.626696777344,15156.5888671875,2628.4267578125,994.19970703125,4217.0947265625,18680.822265625,12.864857136737555
test,dropout030_relay_failure,no_task_support,no_task_support,none,none,3,60,no_task_support,results/intercept_3d_gate1_hardened_safety_no_task_support_5seed_fixed_update60_candidate/runs/multi_relation/bc_ppo_seed3/actor_critic_update_0060.pt,130022,22,checkpoint,100,straight,True,True,80,0.2,1.0,0.3,0,0.0,1,40,80,True,0.0,0.0,1.0,0.019230769803890817,0.14487179827231628,0.18333333702041552,76.51025612623646,0.0,1.0,0.0,260.0,117.0,-1.0,0.0,220.0,220.0,-1.0,0.0,0.0,1.0,-1.0,0.0,0.07916666828095913,0.05833333507180214,10725.416033466046,13867.0615234375,469.775146484375,416.748291015625,5250.501953125,15057.7373046875,28.379620495717973
test,dropout030_relay_failure,no_task_support,no_task_support,none,none,3,60,no_task_support,results/intercept_3d_gate1_hardened_safety_no_task_support_5seed_fixed_update60_candidate/runs/multi_relation/bc_ppo_seed3/actor_critic_update_0060.pt,130029,29,checkpoint,100,straight,True,True,80,0.2,1.0,0.3,0,0.0,1,40,80,True,0.0,0.0,0.0,0.0,0.08846154018090321,0.18012820860514275,76.85192288240562,0.0,1.0,0.0,260.0,-1.0,-1.0,0.0,220.0,220.0,-1.0,0.0,0.0,1.0,-1.0,0.0,0.05416666753590107,0.05416666828095913,11958.42421875,16493.69140625,1723.51171875,253.9486846923828,9250.1904296875,17376.720703125,7.232159983366728
test,dropout030_relay_failure,no_task_support,no_task_support,none,none,3,60,no_task_support,results/intercept_3d_gate1_hardened_safety_no_task_support_5seed_fixed_update60_candidate/runs/multi_relation/bc_ppo_seed3/actor_critic_update_0060.pt,130030,30,checkpoint,100,straight,True,True,80,0.2,1.0,0.3,0,0.0,1,40,80,True,0.0,0.0,1.0,0.0012820513202593878,0.09102564270679768,0.15064102789530387,74.78012799649285,0.0,1.0,0.0,260.0,43.0,-1.0,0.0,220.0,220.0,-1.0,0.0,0.0,1.0,-1.0,0.0,0.0833333346992731,0.05416666828095913,16259.15900409405,17000.744140625,2233.975830078125,1474.52783203125,7690.42724609375,7995.0625,5.461150520481169
test,dropout030_relay_failure,no_task_support,no_task_support,none,none,3,60,no_task_support,results/intercept_3d_gate1_hardened_safety_no_task_support_5seed_fixed_update60_candidate/runs/multi_relation/bc_ppo_seed3/actor_critic_update_0060.pt,130035,35,checkpoint,100,straight,True,True,80,0.2,1.0,0.3,0,0.0,1,40,80,True,0.0,0.0,0.0,0.0,0.15128205510286186,0.1333333351291143,95.55769115021596,0.0,1.0,0.0,260.0,-1.0,-1.0,0.0,220.0,220.0,-1.0,0.0,0.0,1.0,-1.0,0.0,0.0833333358168602,0.07500000223517418,13212.583072603666,15888.1064453125,2417.258544921875,608.9512939453125,4153.818359375,17614.11328125,12.080903781577945
test,dropout030_relay_failure,no_task_support,no_task_support,none,none,3,60,no_task_support,results/intercept_3d_gate1_hardened_safety_no_task_support_5seed_fixed_update60_candidate/runs/multi_relation/bc_ppo_seed3/actor_critic_update_0060.pt,130056,56,checkpoint,100,straight,True,True,80,0.2,1.0,0.3,0,0.0,1,40,80,True,0.0,0.0,0.0,0.0,0.31060606986284256,0.6515151607719335,39.996212128549814,1.0,0.0,0.0,44.0,-1.0,-1.0,0.0,4.0,4.0,-1.0,0.0,0.0,1.0,-1.0,0.0,0.6000000178813935,0.1666666716337204,15276.03623268821,6636.92138671875,5872.71142578125,90.04994201660156,5872.71142578125,90.04994201660156,18.96849474310875
test,dropout030_relay_failure,no_task_support,no_task_support,none,none,3,60,no_task_support,results/intercept_3d_gate1_hardened_safety_no_task_support_5seed_fixed_update60_candidate/runs/multi_relation/bc_ppo_seed3/actor_critic_update_0060.pt,130052,52,checkpoint,100,straight,True,True,80,0.2,1.0,0.3,0,0.0,1,40,80,True,1.0,1.0,1.0,0.029629630512661403,0.4370370414521959,0.6925926009813944,43.996296636594664,0.0,0.0,0.0,45.0,42.0,45.0,1.0,5.0,5.0,5.0,0.0,1.0,0.0,45.0,0.16666666666666666,1.0,0.19444445023934046,14897.694997829862,5437.87158203125,3794.726318359375,1416.2193603515625,3794.726318359375,1416.2193603515625,37.24703612923622
test,dropout030_relay_failure,no_task_support,no_task_support,none,none,3,60,no_task_support,results/intercept_3d_gate1_hardened_safety_no_task_support_5seed_fixed_update60_candidate/runs/multi_relation/bc_ppo_seed3/actor_critic_update_0060.pt,130053,53,checkpoint,100,straight,True,True,80,0.2,1.0,0.3,0,0.0,1,40,80,True,1.0,1.0,1.0,0.029629630512661403,0.42962963448630437,0.6592592663235135,43.007407351666025,0.0,0.0,0.0,45.0,42.0,45.0,1.0,5.0,5.0,5.0,0.0,1.0,0.0,45.0,0.16666666666666666,1.0,0.22222222884496054,14956.96357421875,5603.02685546875,3963.619140625,1797.825927734375,3963.619140625,1826.5367431640625,36.772928327322006
test,dropout030_relay_failure,no_task_support,no_task_support,none,none,3,60,no_task_support,results/intercept_3d_gate1_hardened_safety_no_task_support_5seed_fixed_update60_candidate/runs/multi_relation/bc_ppo_seed3/actor_critic_update_0060.pt,130074,74,checkpoint,100,straight,True,True,80,0.2,1.0,0.3,0,0.0,1,40,80,True,1.0,1.0,1.0,0.029629630512661403,0.4370370414521959,0.6851851923598183,43.97407421072324,0.0,0.0,0.0,45.0,42.0,45.0,1.0,5.0,5.0,5.0,0.0,1.0,0.0,45.0,0.16666666666666666,1.0,0.2500000074505806,14916.60261501736,5509.89599609375,3806.242431640625,2184.580322265625,3806.242431640625,2184.580322265625,37.127332240343094
test,dropout030_relay_failure,no_task_support,no_task_support,none,none,3,60,no_task_support,results/intercept_3d_gate1_hardened_safety_no_task_support_5seed_fixed_update60_candidate/runs/multi_relation/bc_ppo_seed3/actor_critic_update_0060.pt,130096,96,checkpoint,100,straight,True,True,80,0.2,1.0,0.3,0,0.0,1,40,80,True,1.0,1.0,1.0,0.029629630512661403,0.4370370414521959,0.6703703784280353,49.759259263674416,0.0,0.0,0.0,45.0,42.0,45.0,1.0,5.0,5.0,5.0,0.0,1.0,0.0,45.0,0.16666666666666666,1.0,0.2777777860562007,14887.415266927082,5313.27587890625,3561.57763671875,1997.9403076171875,3561.57763671875,1997.9403076171875,36.96500289440155
test,dropout030_relay_failure,no_task_support,no_task_support,none,none,3,60,no_task_support,results/intercept_3d_gate1_hardened_safety_no_task_support_5seed_fixed_update60_candidate/runs/multi_relation/bc_ppo_seed3/actor_critic_update_0060.pt,130099,99,checkpoint,100,straight,True,True,80,0.2,1.0,0.3,0,0.0,1,40,80,True,1.0,1.0,1.0,0.029629630512661403,0.41481482055452135,0.63333334227403,40.12962965369225,0.0,0.0,0.0,45.0,42.0,45.0,1.0,5.0,5.0,5.0,0.0,1.0,0.0,45.0,0.16666666666666666,0.8888888955116272,0.2777777860562007,14934.104220920139,5708.81005859375,3861.2021484375,1884.9329833984375,3861.2021484375,1884.9329833984375,36.33076950907707
test,dropout030_relay_failure,no_task_support,no_task_support,none,none,3,60,no_task_support,results/intercept_3d_gate1_hardened_safety_no_task_support_5seed_fixed_update60_candidate/runs/multi_relation/bc_ppo_seed3/actor_critic_update_0060.pt,130068,68,checkpoint,100,straight,True,True,80,0.2,1.0,0.3,0,0.0,1,40,80,True,1.0,1.0,1.0,0.028985508110212242,0.4275362374989883,0.7028985567714857,40.30797095920729,0.0,0.0,0.0,46.0,43.0,46.0,1.0,6.0,6.0,6.0,0.0,1.0,0.0,46.0,0.14285714285714285,0.8571428656578064,0.28571429422923494,14701.600309952446,5142.47412109375,3493.23291015625,1752.867919921875,3493.23291015625,2084.511474609375,37.767569065093994
test,dropout030_relay_failure,no_task_support,no_task_support,none,none,3,60,no_task_support,results/intercept_3d_gate1_hardened_safety_no_task_support_5seed_fixed_update60_candidate/runs/multi_relation/bc_ppo_seed3/actor_critic_update_0060.pt,130073,73,checkpoint,100,straight,True,True,80,0.2,1.0,0.3,0,0.0,1,40,80,True,1.0,1.0,1.0,0.028985508110212242,0.42028986111931177,0.6050724694910257,36.612318725041725,0.0,0.0,0.0,46.0,43.0,46.0,1.0,6.0,6.0,6.0,0.0,1.0,0.0,46.0,0.14285714285714285,0.8571428656578064,0.1666666716337204,14808.170187245245,5396.712890625,3741.857666015625,1553.1312255859375,3741.857666015625,1601.8897705078125,36.76614585518837
test,dropout030_relay_failure,no_task_support,no_task_support,none,none,3,60,no_task_support,results/intercept_3d_gate1_hardened_safety_no_task_support_5seed_fixed_update60_candidate/runs/multi_relation/bc_ppo_seed3/actor_critic_update_0060.pt,130075,75,checkpoint,100,straight,True,True,80,0.2,1.0,0.3,0,0.0,1,40,80,True,1.0,1.0,1.0,0.028985508110212242,0.4275362374989883,0.6521739204940589,41.260869568456776,0.0,0.0,0.0,46.0,43.0,46.0,1.0,6.0,6.0,6.0,0.0,1.0,0.0,46.0,0.14285714285714285,0.9047619104385376,0.28571429422923494,14739.074823794157,5276.43701171875,3851.66064453125,1449.3111572265625,3851.66064453125,1449.3111572265625,37.23542594909668
test,dropout030_relay_failure,no_task_support,no_task_support,none,none,3,60,no_task_support,results/intercept_3d_gate1_hardened_safety_no_task_support_5seed_fixed_update60_candidate/runs/multi_relation/bc_ppo_seed3/actor_critic_update_0060.pt,130077,77,checkpoint,100,straight,True,True,80,0.2,1.0,0.3,0,0.0,1,40,80,True,1.0,1.0,1.0,0.028985508110212242,0.43478261387866474,0.6304347903832145,45.90579666747995,0.0,0.0,0.0,46.0,43.0,46.0,1.0,6.0,6.0,6.0,0.0,1.0,0.0,46.0,0.14285714285714285,0.9047619104385376,0.26190476971013205,14707.196883491848,5089.80908203125,3654.910888671875,1065.4141845703125,3654.910888671875,1065.4141845703125,37.118595004081726
test,dropout030_relay_failure,no_task_support,no_task_support,none,none,3,60,no_task_support,results/intercept_3d_gate1_hardened_safety_no_task_support_5seed_fixed_update60_candidate/runs/multi_relation/bc_ppo_seed3/actor_critic_update_0060.pt,130080,80,checkpoint,100,straight,True,True,80,0.2,1.0,0.3,0,0.0,1,40,80,True,1.0,1.0,1.0,0.028985508110212242,0.4275362368511117,0.6594202955779822,42.253623077079006,0.0,0.0,0.0,46.0,43.0,46.0,1.0,6.0,6.0,6.0,0.0,1.0,0.0,46.0,0.14285714285714285,0.9047619104385376,0.21428572067192622,14744.480320142664,5155.357421875,3772.14599609375,1616.2080078125,3772.14599609375,1616.2080078125,37.38165241479874
test,dropout030_relay_failure,no_task_support,no_task_support,none,none,3,60,no_task_support,results/intercept_3d_gate1_hardened_safety_no_task_support_5seed_fixed_update60_candidate/runs/multi_relation/bc_ppo_seed3/actor_critic_update_0060.pt,130084,84,checkpoint,100,straight,True,True,80,0.2,1.0,0.3,0,0.0,1,40,80,True,1.0,1.0,1.0,0.028985508110212242,0.44202899025834125,0.6956521797439327,40.2282604912053,0.0,0.0,0.0,46.0,43.0,46.0,1.0,6.0,6.0,6.0,0.0,1.0,0.0,46.0,0.14285714285714285,0.9523809552192688,0.21428572067192622,14687.869681980299,5092.65966796875,3529.69384765625,1342.571044921875,3529.69384765625,1342.571044921875,38.13293066620827
test,dropout030_relay_failure,no_task_support,no_task_support,none,none,3,60,no_task_support,results/intercept_3d_gate1_hardened_safety_no_task_support_5seed_fixed_update60_candidate/runs/multi_relation/bc_ppo_seed3/actor_critic_update_0060.pt,130091,91,checkpoint,100,straight,True,True,80,0.2,1.0,0.3,0,0.0,1,40,80,True,1.0,1.0,1.0,0.028985508110212242,0.4130434847396353,0.6449275428186292,39.42391284555197,0.0,0.0,0.0,46.0,43.0,46.0,1.0,6.0,6.0,6.0,0.0,1.0,0.0,46.0,0.14285714285714285,0.8095238208770752,0.21428572067192622,14733.650995669157,5298.79248046875,3676.01611328125,1944.8236083984375,3676.01611328125,1944.8236083984375,36.83144170045853
test,dropout030_relay_failure,no_task_support,no_task_support,none,none,3,60,no_task_support,results/intercept_3d_gate1_hardened_safety_no_task_support_5seed_fixed_update60_candidate/runs/multi_relation/bc_ppo_seed3/actor_critic_update_0060.pt,130095,95,checkpoint,100,straight,True,True,80,0.2,1.0,0.3,0,0.0,1,40,80,True,1.0,1.0,1.0,0.028985508110212242,0.42028986111931177,0.6195652251658232,39.40942015984784,0.0,0.0,0.0,46.0,43.0,46.0,1.0,6.0,6.0,6.0,0.0,1.0,0.0,46.0,0.14285714285714285,0.8571428656578064,0.19047619615282332,14742.452689792799,5365.29052734375,3925.978271484375,1270.6353759765625,3925.978271484375,1339.9697265625,36.74142000079155
test,dropout030_relay_failure,no_task_support,no_task_support,none,none,3,60,no_task_support,results/intercept_3d_gate1_hardened_safety_no_task_support_5seed_fixed_update60_candidate/runs/multi_relation/bc_ppo_seed3/actor_critic_update_0060.pt,130050,50,checkpoint,100,straight,True,True,80,0.2,1.0,0.3,0,0.0,1,40,80,True,1.0,1.0,1.0,0.02836879517169709,0.40425532612394777,0.6631205747736261,40.475177411703356,0.0,0.0,0.0,47.0,44.0,47.0,1.0,7.0,7.0,7.0,0.0,1.0,0.0,47.0,0.125,0.7500000149011612,0.22916667349636555,14575.328644448138,5087.89404296875,3696.7724609375,1583.7940673828125,3696.7724609375,1670.9927978515625,37.16824409365654
test,dropout030_relay_failure,no_task_support,no_task_support,none,none,3,60,no_task_support,results/intercept_3d_gate1_hardened_safety_no_task_support_5seed_fixed_update60_candidate/runs/multi_relation/bc_ppo_seed3/actor_critic_update_0060.pt,130055,55,checkpoint,100,straight,True,True,80,0.2,1.0,0.3,0,0.0,1,40,80,True,1.0,1.0,1.0,0.02836879517169709,0.40425532612394777,0.6489361775048236,37.85815591824816,0.0,0.0,0.0,47.0,44.0,47.0,1.0,7.0,7.0,7.0,0.0,1.0,0.0,47.0,0.125,0.7500000149011612,0.2083333395421505,14575.926435754654,5122.89697265625,3874.400390625,1066.3262939453125,3874.400390625,1474.649658203125,37.14745858311653
test,dropout030_relay_failure,no_task_support,no_task_support,none,none,3,60,no_task_support,results/intercept_3d_gate1_hardened_safety_no_task_support_5seed_fixed_update60_candidate/runs/multi_relation/bc_ppo_seed3/actor_critic_update_0060.pt,130065,65,checkpoint,100,straight,True,True,80,0.2,1.0,0.3,0,0.0,1,40,80,True,1.0,1.0,1.0,0.02836879517169709,0.4113475242827801,0.6560283772488857,46.93617007770437,0.0,0.0,0.0,47.0,44.0,47.0,1.0,7.0,7.0,7.0,0.0,1.0,0.0,47.0,0.125,0.7500000149011612,0.27083334140479565,14557.495543134974,4990.03564453125,3816.257568359375,1279.1854248046875,3816.257568359375,1380.755126953125,36.93436735868454
test,dropout030_relay_failure,no_task_support,no_task_support,none,none,3,60,no_task_support,results/intercept_3d_gate1_hardened_safety_no_task_support_5seed_fixed_update60_candidate/runs/multi_relation/bc_ppo_seed3/actor_critic_update_0060.pt,130071,71,checkpoint,100,straight,True,True,80,0.2,1.0,0.3,0,0.0,1,40,80,True,1.0,1.0,1.0,0.02836879517169709,0.40425532612394777,0.659574476645348,42.315602939813694,0.0,0.0,0.0,47.0,44.0,47.0,1.0,7.0,7.0,7.0,0.0,1.0,0.0,47.0,0.125,0.7083333507180214,0.27083334140479565,14583.430830285904,5082.9013671875,3711.900390625,1563.711669921875,3711.900390625,1779.84765625,36.930058509111404
test,dropout030_relay_failure,no_task_support,no_task_support,none,none,3,60,no_task_support,results/intercept_3d_gate1_hardened_safety_no_task_support_5seed_fixed_update60_candidate/runs/multi_relation/bc_ppo_seed3/actor_critic_update_0060.pt,130072,72,checkpoint,100,straight,True,True,80,0.2,1.0,0.3,0,0.0,1,40,80,True,1.0,1.0,1.0,0.02836879517169709,0.43262411875927703,0.6666666738530422,41.368794272871725,0.0,0.0,0.0,47.0,44.0,47.0,1.0,7.0,7.0,7.0,0.0,1.0,0.0,47.0,0.125,0.8750000074505806,0.31250000931322575,14501.495013297872,4844.986328125,3634.693359375,1242.1395263671875,3634.693359375,1261.694580078125,37.921796441078186
test,dropout030_relay_failure,no_task_support,no_task_support,none,none,3,60,no_task_support,results/intercept_3d_gate1_hardened_safety_no_task_support_5seed_fixed_update60_candidate/runs/multi_relation/bc_ppo_seed3/actor_critic_update_0060.pt,130079,79,checkpoint,100,straight,True,True,80,0.2,1.0,0.3,0,0.0,1,40,80,True,1.0,1.0,1.0,0.02836879517169709,0.3971631260628396,0.6205673839183564,39.609929055609605,0.0,0.0,0.0,47.0,44.0,47.0,1.0,7.0,7.0,7.0,0.0,1.0,0.0,47.0,0.125,0.7083333395421505,0.27083334140479565,14600.717866938165,5119.99755859375,3485.33349609375,1301.7823486328125,3485.33349609375,1384.7191162109375,36.81259521842003
test,dropout030_relay_failure,no_task_support,no_task_support,none,none,3,60,no_task_support,results/intercept_3d_gate1_hardened_safety_no_task_support_5seed_fixed_update60_candidate/runs/multi_relation/bc_ppo_seed3/actor_critic_update_0060.pt,130085,85,checkpoint,100,straight,True,True,80,0.2,1.0,0.3,0,0.0,1,40,80,True,1.0,1.0,1.0,0.02836879517169709,0.4255319206004447,0.7163120625500984,43.109928807679644,0.0,0.0,0.0,47.0,44.0,47.0,1.0,7.0,7.0,7.0,0.0,1.0,0.0,47.0,0.125,0.8333333432674408,0.18750000558793545,14519.231268700132,4786.7275390625,3478.0400390625,1543.8406982421875,3478.0400390625,1614.910400390625,38.24449980258942
test,dropout030_relay_failure,no_task_support,no_task_support,none,none,3,60,no_task_support,results/intercept_3d_gate1_hardened_safety_no_task_support_5seed_fixed_update60_candidate/runs/multi_relation/bc_ppo_seed3/actor_critic_update_0060.pt,130062,62,checkpoint,100,straight,True,True,80,0.2,1.0,0.3,0,0.0,1,40,80,True,1.0,1.0,1.0,0.017857143389327184,0.19642857515386172,0.3169642898387143,36.409225885623265,0.0,0.0,0.0,112.0,46.0,112.0,1.0,72.0,72.0,72.0,0.0,1.0,0.0,112.0,0.0136986301369863,0.12785388427237943,0.061643837453567815,10407.82564653669,10215.2744140625,1821.864013671875,223.72540283203125,4546.7666015625,9103.5732421875,33.83444933965802
test,dropout030_relay_failure,no_task_support,no_task_support,none,none,3,60,no_task_support,results/intercept_3d_gate1_hardened_safety_no_task_support_5seed_fixed_update60_candidate/runs/multi_relation/bc_ppo_seed3/actor_critic_update_0060.pt,130094,94,checkpoint,100,straight,True,True,80,0.2,1.0,0.3,0,0.0,1,40,80,True,1.0,1.0,1.0,0.010335917620695838,0.2093023299708847,0.25452196771322294,41.966408428180124,0.0,0.0,0.0,129.0,126.0,129.0,1.0,89.0,89.0,89.0,0.0,1.0,0.0,129.0,0.0,0.10000000223517418,0.06458333525806666,11216.439279009206,11741.9580078125,2417.12060546875,288.1452331542969,4720.546875,14553.3271484375,31.714944534935057
test,dropout030_relay_failure,no_task_support,no_task_support,none,none,3,60,no_task_support,results/intercept_3d_gate1_hardened_safety_no_task_support_5seed_fixed_update60_candidate/runs/multi_relation/bc_ppo_seed3/actor_critic_update_0060.pt,130087,87,checkpoint,100,straight,True,True,80,0.2,1.0,0.3,0,0.0,1,40,80,True,1.0,1.0,1.0,0.009592326424962326,0.2086330988853098,0.24340527885251764,45.43525145701367,0.0,0.0,0.0,139.0,136.0,139.0,1.0,99.0,99.0,99.0,0.0,1.0,0.0,139.0,0.0,0.11250000335276127,0.06666666865348816,11338.645943401529,12126.0888671875,3229.83740234375,371.7091064453125,4524.69384765625,11118.111328125,31.28093482553959
test,dropout030_relay_failure,no_task_support,no_task_support,none,none,3,60,no_task_support,results/intercept_3d_gate1_hardened_safety_no_task_support_5seed_fixed_update60_candidate/runs/multi_relation/bc_ppo_seed3/actor_critic_update_0060.pt,130092,92,checkpoint,100,straight,True,True,80,0.2,1.0,0.3,0,0.0,1,40,80,True,1.0,1.0,1.0,0.011904762259551458,0.21666667120797292,0.25000000425747465,42.27380946534021,0.0,0.0,0.0,140.0,44.0,140.0,1.0,100.0,100.0,100.0,0.0,1.0,0.0,140.0,0.0,0.12500000260770322,0.06458333525806666,10589.69560372489,8882.4697265625,2254.69873046875,764.2294921875,4605.48779296875,9114.5703125,35.36308530624956
test,dropout030_relay_failure,no_task_support,no_task_support,none,none,3,60,no_task_support,results/intercept_3d_gate1_hardened_safety_no_task_support_5seed_fixed_update60_candidate/runs/multi_relation/bc_ppo_seed3/actor_critic_update_0060.pt,130057,57,checkpoint,100,straight,True,True,80,0.2,1.0,0.3,0,0.0,1,40,80,True,1.0,1.0,1.0,0.009389671641336361,0.23708920831411656,0.2781690172326397,40.86619704269187,0.0,0.0,0.0,142.0,139.0,142.0,1.0,102.0,102.0,102.0,0.0,1.0,0.0,142.0,0.0,0.0833333358168602,0.07708333563059569,11068.382606183979,9570.205078125,3091.22021484375,290.3423767089844,4646.087890625,9852.5703125,37.64414680376649
test,dropout030_relay_failure,no_task_support,no_task_support,none,none,3,60,no_task_support,results/intercept_3d_gate1_hardened_safety_no_task_support_5seed_fixed_update60_candidate/runs/multi_relation/bc_ppo_seed3/actor_critic_update_0060.pt,130058,58,checkpoint,100,straight,True,True,80,0.2,1.0,0.3,0,0.0,1,40,80,True,1.0,1.0,1.0,0.0090090092774984,0.2770270334707724,0.25788288664173437,43.40765761714932,0.0,0.0,0.0,148.0,145.0,148.0,1.0,108.0,108.0,108.0,0.0,1.0,0.0,148.0,0.0,0.11666666902601719,0.07916666902601718,10960.408153637036,9689.9013671875,2341.6796875,863.2684326171875,4785.16064453125,10293.310546875,39.80394058674574
test,dropout030_relay_failure,no_task_support,no_task_support,none,none,3,60,no_task_support,results/intercept_3d_gate1_hardened_safety_no_task_support_5seed_fixed_update60_candidate/runs/multi_relation/bc_ppo_seed3/actor_critic_update_0060.pt,130064,64,checkpoint,100,straight,True,True,80,0.2,1.0,0.3,0,0.0,1,40,80,True,1.0,1.0,1.0,0.015659955723973728,0.2706935185714056,0.2404921731892848,48.10738252793382,0.0,0.0,0.0,149.0,44.0,149.0,1.0,109.0,109.0,109.0,0.0,1.0,0.0,149.0,0.0,0.12500000260770322,0.07083333544433117,11353.604865771813,12673.4033203125,2144.09326171875,764.6083984375,4754.52734375,9400.646484375,38.29215162526816
test,dropout030_relay_failure,no_task_support,no_task_support,none,none,3,60,no_task_support,results/intercept_3d_gate1_hardened_safety_no_task_support_5seed_fixed_update60_candidate/runs/multi_relation/bc_ppo_seed3/actor_critic_update_0060.pt,130088,88,checkpoint,100,straight,True,True,80,0.2,1.0,0.3,0,0.0,1,40,80,True,1.0,1.0,1.0,0.0416666679084301,0.19583333805203437,0.2197916698642075,52.03854215145111,0.0,0.0,0.0,160.0,140.0,160.0,1.0,120.0,120.0,120.0,0.0,1.0,0.0,160.0,0.0,0.1250000037252903,0.06041666846722364,10632.337342834473,8899.7978515625,2319.876953125,1126.841552734375,2319.876953125,7353.0517578125,44.49538460653275
test,dropout030_relay_failure,no_task_support,no_task_support,none,none,3,60,no_task_support,results/intercept_3d_gate1_hardened_safety_no_task_support_5seed_fixed_update60_candidate/runs/multi_relation/bc_ppo_seed3/actor_critic_update_0060.pt,130082,82,checkpoint,100,straight,True,True,80,0.2,1.0,0.3,0,0.0,1,40,80,True,1.0,1.0,1.0,0.008230452920183724,0.21810700201693875,0.20473251307820095,53.761317402216385,0.0,0.0,0.0,162.0,159.0,162.0,1.0,122.0,122.0,122.0,0.0,1.0,0.0,162.0,0.0,0.10000000298023223,0.06875000204890966,11834.117303542149,12427.3974609375,2419.196044921875,395.2457275390625,4537.17724609375,8804.2177734375,31.05451068468392
test,dropout030_relay_failure,no_task_support,no_task_support,none,none,3,60,no_task_support,results/intercept_3d_gate1_hardened_safety_no_task_support_5seed_fixed_update60_candidate/runs/multi_relation/bc_ppo_seed3/actor_critic_update_0060.pt,130076,76,checkpoint,100,straight,True,True,80,0.2,1.0,0.3,0,0.0,1,40,80,True,1.0,1.0,1.0,0.014227642700439545,0.26626016853786094,0.23882114223954154,50.282519974723094,0.0,0.0,0.0,164.0,42.0,164.0,1.0,124.0,124.0,124.0,0.0,1.0,0.0,164.0,0.0,0.13333333544433118,0.06041666846722364,11222.671313774295,10637.0810546875,798.3897705078125,580.81298828125,832.747802734375,4448.88037109375,42.00866268482059
test,dropout030_relay_failure,no_task_support,no_task_support,none,none,3,60,no_task_support,results/intercept_3d_gate1_hardened_safety_no_task_support_5seed_fixed_update60_candidate/runs/multi_relation/bc_ppo_seed3/actor_critic_update_0060.pt,130081,81,checkpoint,100,straight,True,True,80,0.2,1.0,0.3,0,0.0,1,40,80,True,1.0,1.0,1.0,0.046747968872872796,0.17073171186011013,0.2296747998675195,45.88312985075683,0.0,0.0,0.0,164.0,138.0,164.0,1.0,124.0,124.0,124.0,0.0,1.0,0.0,164.0,0.0,0.0833333358168602,0.05625000167638063,10475.649780273438,7901.93798828125,1591.7894287109375,463.7681884765625,1591.7894287109375,7272.48779296875,47.248266466893256
test,dropout030_relay_failure,no_task_support,no_task_support,none,none,3,60,no_task_support,results/intercept_3d_gate1_hardened_safety_no_task_support_5seed_fixed_update60_candidate/runs/multi_relation/bc_ppo_seed3/actor_critic_update_0060.pt,130090,90,checkpoint,100,straight,True,True,80,0.2,1.0,0.3,0,0.0,1,40,80,True,1.0,1.0,1.0,0.008130081543108313,0.2398374047948093,0.23882114133093416,53.08841519384849,0.0,0.0,0.0,164.0,161.0,164.0,1.0,124.0,124.0,124.0,0.0,1.0,0.0,164.0,0.0,0.10000000298023223,0.07708333563059569,11907.930274032966,13361.078125,2310.67724609375,695.5833129882812,2888.336181640625,6708.302734375,33.309809288941324
test,dropout030_relay_failure,no_task_support,no_task_support,none,none,3,60,no_task_support,results/intercept_3d_gate1_hardened_safety_no_task_support_5seed_fixed_update60_candidate/runs/multi_relation/bc_ppo_seed3/actor_critic_update_0060.pt,130059,59,checkpoint,100,straight,True,True,80,0.2,1.0,0.3,0,0.0,1,40,80,True,1.0,1.0,1.0,0.011834319879317426,0.32938856803453886,0.21597633497602137,53.73471468149205,0.0,0.0,0.0,169.0,43.0,169.0,1.0,129.0,129.0,129.0,0.0,1.0,0.0,169.0,0.0,0.11666666828095913,0.07500000223517418,11537.572463537814,11292.43359375,2298.9833984375,889.2471313476562,2435.47900390625,6586.001953125,44.40027717128396
test,dropout030_relay_failure,no_task_support,no_task_support,none,none,3,60,no_task_support,results/intercept_3d_gate1_hardened_safety_no_task_support_5seed_fixed_update60_candidate/runs/multi_relation/bc_ppo_seed3/actor_critic_update_0060.pt,130078,78,checkpoint,100,straight,True,True,80,0.2,1.0,0.3,0,0.0,1,40,80,True,1.0,1.0,1.0,0.007707129324102677,0.23314066084823168,0.23603083201915542,54.27263971241568,0.0,0.0,0.0,173.0,170.0,173.0,1.0,133.0,133.0,133.0,0.0,1.0,0.0,173.0,0.0,0.12916667051613331,0.06875000204890966,10491.99809767883,10948.3662109375,1166.3662109375,399.6417236328125,3242.185302734375,5027.89599609375,33.977694551460445
test,dropout030_relay_failure,no_task_support,no_task_support,none,none,3,60,no_task_support,results/intercept_3d_gate1_hardened_safety_no_task_support_5seed_fixed_update60_candidate/runs/multi_relation/bc_ppo_seed3/actor_critic_update_0060.pt,130098,98,checkpoint,100,straight,True,True,80,0.2,1.0,0.3,0,0.0,1,40,80,True,1.0,1.0,1.0,0.007575757801532745,0.32386364466087386,0.22632576144215735,54.75378746090626,0.0,0.0,0.0,176.0,173.0,176.0,1.0,136.0,136.0,136.0,0.0,1.0,0.0,176.0,0.0,0.11250000260770321,0.06875000204890966,11866.837971080433,12926.7744140625,1157.6392822265625,1397.95849609375,1979.179443359375,2974.739501953125,42.161617854610085
test,dropout030_relay_failure,no_task_support,no_task_support,none,none,3,60,no_task_support,results/intercept_3d_gate1_hardened_safety_no_task_support_5seed_fixed_update60_candidate/runs/multi_relation/bc_ppo_seed3/actor_critic_update_0060.pt,130089,89,checkpoint,100,straight,True,True,80,0.2,1.0,0.3,0,0.0,1,40,80,True,1.0,1.0,1.0,0.010989011316509038,0.21794872280660565,0.22344322707299347,58.3223437406532,0.0,0.0,0.0,182.0,43.0,182.0,1.0,142.0,142.0,142.0,0.0,1.0,0.0,182.0,0.0,0.08750000111758709,0.07916666902601718,12338.33152284727,13941.1630859375,2338.265380859375,934.7921752929688,3328.71533203125,5091.8701171875,31.982666700147092
test,dropout030_relay_failure,no_task_support,no_task_support,none,none,3,60,no_task_support,results/intercept_3d_gate1_hardened_safety_no_task_support_5seed_fixed_update60_candidate/runs/multi_relation/bc_ppo_seed3/actor_critic_update_0060.pt,130051,51,checkpoint,100,straight,True,True,80,0.2,1.0,0.3,0,0.0,1,40,80,True,0.0,0.0,1.0,0.0025641026405187756,0.08205128335035765,0.1461538488475176,77.08589789896057,0.0,1.0,0.0,260.0,42.0,-1.0,0.0,220.0,220.0,-1.0,0.0,0.0,1.0,-1.0,0.0,0.10000000149011612,0.06875000204890966,17433.653092134915,19131.181640625,2027.875,1830.4385986328125,9143.517578125,10183.2958984375,3.866568727651611
test,dropout030_relay_failure,no_task_support,no_task_support,none,none,3,60,no_task_support,results/intercept_3d_gate1_hardened_safety_no_task_support_5seed_fixed_update60_candidate/runs/multi_relation/bc_ppo_seed3/actor_critic_update_0060.pt,130054,54,checkpoint,100,straight,True,True,80,0.2,1.0,0.3,0,0.0,1,40,80,True,0.0,0.0,0.0,0.0,0.11282051595357748,0.1576923101567305,75.81858943167788,0.0,1.0,0.0,260.0,-1.0,-1.0,0.0,220.0,220.0,-1.0,0.0,0.0,1.0,-1.0,0.0,0.11666667014360428,0.07083333544433117,16052.801064828725,16061.6865234375,1049.18701171875,917.7260131835938,6887.61328125,9964.8115234375,10.930929065681994
test,dropout030_relay_failure,no_task_support,no_task_support,none,none,3,60,no_task_support,results/intercept_3d_gate1_hardened_safety_no_task_support_5seed_fixed_update60_candidate/runs/multi_relation/bc_ppo_seed3/actor_critic_update_0060.pt,130060,60,checkpoint,100,straight,True,True,80,0.2,1.0,0.3,0,0.0,1,40,80,True,0.0,0.0,0.0,0.0,0.14102564465541106,0.13974359155847477,82.26538404283615,0.0,1.0,0.0,260.0,-1.0,-1.0,0.0,220.0,220.0,-1.0,0.0,0.0,1.0,-1.0,0.0,0.15000000447034836,0.06875000204890966,12483.889756422777,20355.115234375,843.9453125,861.7413940429688,8887.8583984375,19578.974609375,6.190510514541529
test,dropout030_relay_failure,no_task_support,no_task_support,none,none,3,60,no_task_support,results/intercept_3d_gate1_hardened_safety_no_task_support_5seed_fixed_update60_candidate/runs/multi_relation/bc_ppo_seed3/actor_critic_update_0060.pt,130061,61,checkpoint,100,straight,True,True,80,0.2,1.0,0.3,0,0.0,1,40,80,True,0.0,0.0,1.0,0.0012820513202593878,0.13461538748099253,0.1442307717525042,72.42051304045778,0.0,1.0,0.0,260.0,43.0,-1.0,0.0,220.0,220.0,-1.0,0.0,0.0,1.0,-1.0,0.0,0.08333333432674409,0.05833333507180214,15011.824351149338,15096.5302734375,1457.154296875,1062.6671142578125,7189.01220703125,10387.623046875,12.83904861100018
test,dropout030_relay_failure,no_task_support,no_task_support,none,none,3,60,no_task_support,results/intercept_3d_gate1_hardened_safety_no_task_support_5seed_fixed_update60_candidate/runs/multi_relation/bc_ppo_seed3/actor_critic_update_0060.pt,130063,63,checkpoint,100,straight,True,True,80,0.2,1.0,0.3,0,0.0,1,40,80,True,0.0,0.0,1.0,0.014102564522853264,0.1012820541858673,0.18589743971824646,77.1999991396872,0.0,1.0,0.0,260.0,140.0,-1.0,0.0,220.0,220.0,-1.0,0.0,0.0,1.0,-1.0,0.0,0.0833333358168602,0.07083333544433117,10842.938170447716,12586.08984375,604.1708374023438,455.9693603515625,1267.3770751953125,15795.6982421875,20.498309588991106
test,dropout030_relay_failure,no_task_support,no_task_support,none,none,3,60,no_task_support,results/intercept_3d_gate1_hardened_safety_no_task_support_5seed_fixed_update60_candidate/runs/multi_relation/bc_ppo_seed3/actor_critic_update_0060.pt,130066,66,checkpoint,100,straight,True,True,80,0.2,1.0,0.3,0,0.0,1,40,80,True,0.0,0.0,0.0,0.0,0.09743589988121619,0.15961538690787094,75.74423042552975,0.0,1.0,0.0,260.0,-1.0,-1.0,0.0,220.0,220.0,-1.0,0.0,0.0,1.0,-1.0,0.0,0.11666667014360428,0.07500000223517418,17374.277099609375,18909.228515625,1076.835693359375,1892.466064453125,9033.060546875,12021.6162109375,6.5110917567508295
test,dropout030_relay_failure,no_task_support,no_task_support,none,none,3,60,no_task_support,results/intercept_3d_gate1_hardened_safety_no_task_support_5seed_fixed_update60_candidate/runs/multi_relation/bc_ppo_seed3/actor_critic_update_0060.pt,130067,67,checkpoint,100,straight,True,True,80,0.2,1.0,0.3,0,0.0,1,40,80,True,0.0,0.0,0.0,0.0,0.1320512857574683,0.19423077284143522,76.51794776326189,0.0,1.0,0.0,260.0,-1.0,-1.0,0.0,220.0,220.0,-1.0,0.0,0.0,1.0,-1.0,0.0,0.07500000223517418,0.06250000186264515,11298.969397911658,14229.2744140625,1762.435546875,335.5951232910156,6273.94140625,14857.2822265625,16.726609938777983
test,dropout030_relay_failure,no_task_support,no_task_support,none,none,3,60,no_task_support,results/intercept_3d_gate1_hardened_safety_no_task_support_5seed_fixed_update60_candidate/runs/multi_relation/bc_ppo_seed3/actor_critic_update_0060.pt,130069,69,checkpoint,100,straight,True,True,80,0.2,1.0,0.3,0,0.0,1,40,80,True,0.0,0.0,0.0,0.0,0.10897436141967773,0.1666666691692976,73.05833336877136,0.0,1.0,0.0,260.0,-1.0,-1.0,0.0,220.0,220.0,-1.0,0.0,0.0,1.0,-1.0,0.0,0.07916666865348816,0.06666666865348816,16020.491150841346,15797.37109375,1351.8875732421875,1395.27490234375,8181.501953125,7261.09375,10.232556743081659
test,dropout030_relay_failure,no_task_support,no_task_support,none,none,3,60,no_task_support,results/intercept_3d_gate1_hardened_safety_no_task_support_5seed_fixed_update60_candidate/runs/multi_relation/bc_ppo_seed3/actor_critic_update_0060.pt,130070,70,checkpoint,100,straight,True,True,80,0.2,1.0,0.3,0,0.0,1,40,80,True,0.0,0.0,1.0,0.0025641026405187756,0.10384615682638608,0.17371795211847013,78.24615428407606,0.0,1.0,0.0,260.0,131.0,-1.0,0.0,220.0,220.0,-1.0,0.0,0.0,1.0,-1.0,0.0,0.12916667051613331,0.05625000167638063,12657.494664588341,15728.64453125,2881.307373046875,386.06768798828125,3977.494140625,19177.123046875,9.300167968031019
test,dropout030_relay_failure,no_task_support,no_task_support,none,none,3,60,no_task_support,results/intercept_3d_gate1_hardened_safety_no_task_support_5seed_fixed_update60_candidate/runs/multi_relation/bc_ppo_seed3/actor_critic_update_0060.pt,130083,83,checkpoint,100,straight,True,True,80,0.2,1.0,0.3,0,0.0,1,40,80,True,0.0,0.0,0.0,0.0,0.11410256738846118,0.18333333673385474,76.81987210798722,0.0,1.0,0.0,260.0,-1.0,-1.0,0.0,220.0,220.0,-1.0,0.0,0.0,1.0,-1.0,0.0,0.05833333507180214,0.06458333525806666,10865.031460336539,13023.5546875,677.3829956054688,166.56581115722656,2993.602783203125,17683.27734375,14.62866376619786
test,dropout030_relay_failure,no_task_support,no_task_support,none,none,3,60,no_task_support,results/intercept_3d_gate1_hardened_safety_no_task_support_5seed_fixed_update60_candidate/runs/multi_relation/bc_ppo_seed3/actor_critic_update_0060.pt,130086,86,checkpoint,100,straight,True,True,80,0.2,1.0,0.3,0,0.0,1,40,80,True,0.0,0.0,1.0,0.003846153960778163,0.12435897691891744,0.12948718139758478,95.70705011658944,0.0,1.0,0.0,260.0,44.0,-1.0,0.0,220.0,220.0,-1.0,0.0,0.0,1.0,-1.0,0.0,0.1291666690260172,0.06875000204890966,12635.514118840145,16249.1533203125,2034.9273681640625,724.0979614257812,7602.7421875,16532.751953125,8.885816394584253
test,dropout030_relay_failure,no_task_support,no_task_support,none,none,3,60,no_task_support,results/intercept_3d_gate1_hardened_safety_no_task_support_5seed_fixed_update60_candidate/runs/multi_relation/bc_ppo_seed3/actor_critic_update_0060.pt,130093,93,checkpoint,100,straight,True,True,80,0.2,1.0,0.3,0,0.0,1,40,80,True,0.0,0.0,0.0,0.0,0.0730769252547851,0.13974359224622065,79.31538407848431,0.0,1.0,0.0,260.0,-1.0,-1.0,0.0,220.0,220.0,-1.0,0.0,0.0,1.0,-1.0,0.0,0.07916666902601718,0.0833333358168602,17147.617551832933,18458.302734375,1712.403076171875,1171.4444580078125,9684.1005859375,9411.80078125,1.6051338971592486
test,dropout030_relay_failure,no_task_support,no_task_support,none,none,3,60,no_task_support,results/intercept_3d_gate1_hardened_safety_no_task_support_5seed_fixed_update60_candidate/runs/multi_relation/bc_ppo_seed3/actor_critic_update_0060.pt,130097,97,checkpoint,100,straight,True,True,80,0.2,1.0,0.3,0,0.0,1,40,80,True,0.0,0.0,1.0,0.003846153960778163,0.14743590068358642,0.17756410573537534,78.16474269450858,0.0,1.0,0.0,260.0,45.0,-1.0,0.0,220.0,220.0,-1.0,0.0,0.0,1.0,-1.0,0.0,0.17500000409781932,0.06041666846722364,12693.953341909555,18144.056640625,1732.583984375,750.3306274414062,9796.1181640625,19277.369140625,13.262828627601266
test,dropout030_relay_failure,no_task_support,no_task_support,none,none,4,60,no_task_support,results/intercept_3d_gate1_hardened_safety_no_task_support_5seed_fixed_update60_candidate/runs/multi_relation/bc_ppo_seed4/actor_critic_update_0060.pt,130000,0,checkpoint,100,straight,True,True,80,0.2,1.0,0.3,0,0.0,1,40,80,True,0.0,0.0,0.0,0.0,0.04102564224830041,0.18910256796158276,69.61410264859978,0.0,1.0,0.0,260.0,-1.0,-1.0,0.0,220.0,220.0,-1.0,0.0,0.0,1.0,-1.0,0.0,0.01666666716337204,0.0416666679084301,11188.9361722506,15784.4580078125,3455.660888671875,789.2067260742188,11531.9677734375,7662.8046875,1.7876159951556474
test,dropout030_relay_failure,no_task_support,no_task_support,none,none,4,60,no_task_support,results/intercept_3d_gate1_hardened_safety_no_task_support_5seed_fixed_update60_candidate/runs/multi_relation/bc_ppo_seed4/actor_critic_update_0060.pt,130001,1,checkpoint,100,straight,True,True,80,0.2,1.0,0.3,0,0.0,1,40,80,True,0.0,0.0,0.0,0.0,0.055128206541905034,0.2083333373069763,63.295512477595075,0.0,1.0,0.0,260.0,-1.0,-1.0,0.0,220.0,220.0,-1.0,0.0,0.0,1.0,-1.0,0.0,0.0,0.03958333451300859,10039.19809758113,9941.4248046875,1482.70263671875,819.35400390625,4090.507568359375,3355.58935546875,8.601837853202596
test,dropout030_relay_failure,no_task_support,no_task_support,none,none,4,60,no_task_support,results/intercept_3d_gate1_hardened_safety_no_task_support_5seed_fixed_update60_candidate/runs/multi_relation/bc_ppo_seed4/actor_critic_update_0060.pt,130002,2,checkpoint,100,straight,True,True,80,0.2,1.0,0.3,0,0.0,1,40,80,True,0.0,0.0,0.0,0.0,0.02692307772544714,0.21282051698519633,61.97500000504347,0.0,1.0,0.0,260.0,-1.0,-1.0,0.0,220.0,220.0,-1.0,0.0,0.0,1.0,-1.0,0.0,0.0,0.05625000167638063,11288.529522235576,12626.3515625,2736.799072265625,2234.989013671875,3900.56201171875,5688.16064453125,4.143160821055062
test,dropout030_relay_failure,no_task_support,no_task_support,none,none,4,60,no_task_support,results/intercept_3d_gate1_hardened_safety_no_task_support_5seed_fixed_update60_candidate/runs/multi_relation/bc_ppo_seed4/actor_critic_update_0060.pt,130003,3,checkpoint,100,straight,True,True,80,0.2,1.0,0.3,0,0.0,1,40,80,True,0.0,0.0,0.0,0.0,0.1846153901173518,0.20576923415064813,66.81666643373094,0.0,1.0,0.0,260.0,-1.0,-1.0,0.0,220.0,220.0,-1.0,0.0,0.0,1.0,-1.0,0.0,0.03333333432674408,0.03541666772216558,10863.760469876803,12758.4560546875,1695.337158203125,489.0429992675781,6545.044921875,7871.1015625,18.209033153485507
test,dropout030_relay_failure,no_task_support,no_task_support,none,none,4,60,no_task_support,results/intercept_3d_gate1_hardened_safety_no_task_support_5seed_fixed_update60_candidate/runs/multi_relation/bc_ppo_seed4/actor_critic_update_0060.pt,130004,4,checkpoint,100,straight,True,True,80,0.2,1.0,0.3,0,0.0,1,40,80,True,0.0,0.0,0.0,0.0,0.08717948966301405,0.2038461580299414,65.44871807522499,0.0,1.0,0.0,260.0,-1.0,-1.0,0.0,220.0,220.0,-1.0,0.0,0.0,1.0,-1.0,0.0,0.00416666679084301,0.04375000130385161,10284.76282865084,11052.1376953125,2135.62451171875,1614.4930419921875,4392.39013671875,3962.9716796875,10.407486938871443
test,dropout030_relay_failure,no_task_support,no_task_support,none,none,4,60,no_task_support,results/intercept_3d_gate1_hardened_safety_no_task_support_5seed_fixed_update60_candidate/runs/multi_relation/bc_ppo_seed4/actor_critic_update_0060.pt,130005,5,checkpoint,100,straight,True,True,80,0.2,1.0,0.3,0,0.0,1,40,80,True,0.0,0.0,0.0,0.0,0.16025641503242347,0.2006410295000443,65.0993586228444,0.0,1.0,0.0,260.0,-1.0,-1.0,0.0,220.0,220.0,-1.0,0.0,0.0,1.0,-1.0,0.0,0.00833333358168602,0.027083334140479566,10421.315531099759,12810.8759765625,3433.228271484375,864.6813354492188,7159.85009765625,4978.86328125,15.786735358065926
test,dropout030_relay_failure,no_task_support,no_task_support,none,none,4,60,no_task_support,results/intercept_3d_gate1_hardened_safety_no_task_support_5seed_fixed_update60_candidate/runs/multi_relation/bc_ppo_seed4/actor_critic_update_0060.pt,130006,6,checkpoint,100,straight,True,True,80,0.2,1.0,0.3,0,0.0,1,40,80,True,0.0,0.0,0.0,0.0,0.030769231686225303,0.20961538834067492,65.6339743568347,0.0,1.0,0.0,260.0,-1.0,-1.0,0.0,220.0,220.0,-1.0,0.0,0.0,1.0,-1.0,0.0,0.0,0.04583333469927311,11520.598461914062,13523.0595703125,2194.73486328125,1630.309814453125,7689.8271484375,6661.759765625,3.480297229718417
test,dropout030_relay_failure,no_task_support,no_task_support,none,none,4,60,no_task_support,results/intercept_3d_gate1_hardened_safety_no_task_support_5seed_fixed_update60_candidate/runs/multi_relation/bc_ppo_seed4/actor_critic_update_0060.pt,130007,7,checkpoint,100,straight,True,True,80,0.2,1.0,0.3,0,0.0,1,40,80,True,0.0,0.0,0.0,0.0,0.028205129045706528,0.20833333724966416,64.84294832354554,0.0,1.0,0.0,260.0,-1.0,-1.0,0.0,220.0,220.0,-1.0,0.0,0.0,1.0,-1.0,0.0,0.0,0.03958333451300859,11442.260494290866,16177.8828125,3312.5771484375,1705.1329345703125,13858.8779296875,6434.78125,1.3535157369915396
test,dropout030_relay_failure,no_task_support,no_task_support,none,none,4,60,no_task_support,results/intercept_3d_gate1_hardened_safety_no_task_support_5seed_fixed_update60_candidate/runs/multi_relation/bc_ppo_seed4/actor_critic_update_0060.pt,130008,8,checkpoint,100,straight,True,True,80,0.2,1.0,0.3,0,0.0,1,40,80,True,0.0,0.0,0.0,0.0,0.06153846337245061,0.18076923352021437,73.71089718290247,0.0,1.0,0.0,260.0,-1.0,-1.0,0.0,220.0,220.0,-1.0,0.0,0.0,1.0,-1.0,0.0,0.01666666716337204,0.047916668094694616,13255.768408203125,23577.892578125,753.0352172851562,1036.31982421875,16295.6025390625,8027.3994140625,-0.745989226968959
test,dropout030_relay_failure,no_task_support,no_task_support,none,none,4,60,no_task_support,results/intercept_3d_gate1_hardened_safety_no_task_support_5seed_fixed_update60_candidate/runs/multi_relation/bc_ppo_seed4/actor_critic_update_0060.pt,130009,9,checkpoint,100,straight,True,True,80,0.2,1.0,0.3,0,0.0,1,40,80,True,0.0,0.0,0.0,0.0,0.07692307921556327,0.15897436164892637,78.98269238993525,0.0,1.0,0.0,260.0,-1.0,-1.0,0.0,220.0,220.0,-1.0,0.0,0.0,1.0,-1.0,0.0,0.00416666679084301,0.06875000204890966,14343.731150465745,22213.478515625,968.1049194335938,908.6766967773438,10433.0380859375,9575.6494140625,1.4112074736040086
test,dropout030_relay_failure,no_task_support,no_task_support,none,none,4,60,no_task_support,results/intercept_3d_gate1_hardened_safety_no_task_support_5seed_fixed_update60_candidate/runs/multi_relation/bc_ppo_seed4/actor_critic_update_0060.pt,130010,10,checkpoint,100,straight,True,True,80,0.2,1.0,0.3,0,0.0,1,40,80,True,0.0,0.0,0.0,0.0,0.04615384752933795,0.21602564534315696,61.625641188885155,0.0,1.0,0.0,260.0,-1.0,-1.0,0.0,220.0,220.0,-1.0,0.0,0.0,1.0,-1.0,0.0,0.0,0.03958333451300859,10204.42364032452,12003.8779296875,3112.299560546875,2064.00244140625,5645.353515625,4093.914794921875,6.690471269423142
test,dropout030_relay_failure,no_task_support,no_task_support,none,none,4,60,no_task_support,results/intercept_3d_gate1_hardened_safety_no_task_support_5seed_fixed_update60_candidate/runs/multi_relation/bc_ppo_seed4/actor_critic_update_0060.pt,130011,11,checkpoint,100,straight,True,True,80,0.2,1.0,0.3,0,0.0,1,40,80,True,0.0,0.0,0.0,0.0,0.06282051469271,0.20128205521748616,64.80641070099978,0.0,1.0,0.0,260.0,-1.0,-1.0,0.0,220.0,220.0,-1.0,0.0,0.0,1.0,-1.0,0.0,0.00833333358168602,0.03750000111758709,10177.47641413762,11388.6591796875,2966.36181640625,829.6830444335938,5900.8974609375,2527.06494140625,7.424449785146862
test,dropout030_relay_failure,no_task_support,no_task_support,none,none,4,60,no_task_support,results/intercept_3d_gate1_hardened_safety_no_task_support_5seed_fixed_update60_candidate/runs/multi_relation/bc_ppo_seed4/actor_critic_update_0060.pt,130012,12,checkpoint,100,straight,True,True,80,0.2,1.0,0.3,0,0.0,1,40,80,True,0.0,0.0,0.0,0.0,0.04358974488881918,0.1570512847831616,77.85641021877527,0.0,1.0,0.0,260.0,-1.0,-1.0,0.0,220.0,220.0,-1.0,0.0,0.0,1.0,-1.0,0.0,0.00416666679084301,0.05416666828095913,13065.898221529447,15532.9169921875,2390.795166015625,1011.1953125,11505.3154296875,9409.3994140625,1.4630957818590105
test,dropout030_relay_failure,no_task_support,no_task_support,none,none,4,60,no_task_support,results/intercept_3d_gate1_hardened_safety_no_task_support_5seed_fixed_update60_candidate/runs/multi_relation/bc_ppo_seed4/actor_critic_update_0060.pt,130013,13,checkpoint,100,straight,True,True,80,0.2,1.0,0.3,0,0.0,1,40,80,True,0.0,0.0,0.0,0.0,0.030769231686225303,0.19487179792844334,69.3365385150107,0.0,1.0,0.0,260.0,-1.0,-1.0,0.0,220.0,220.0,-1.0,0.0,0.0,1.0,-1.0,0.0,0.0,0.05833333507180214,11402.15255033053,15484.7685546875,3320.37451171875,1485.8521728515625,14316.1171875,7515.34912109375,1.5372262210585177
test,dropout030_relay_failure,no_task_support,no_task_support,none,none,4,60,no_task_support,results/intercept_3d_gate1_hardened_safety_no_task_support_5seed_fixed_update60_candidate/runs/multi_relation/bc_ppo_seed4/actor_critic_update_0060.pt,130014,14,checkpoint,100,straight,True,True,80,0.2,1.0,0.3,0,0.0,1,40,80,True,0.0,0.0,0.0,0.0,0.051282052810375504,0.21217949075194506,67.95512833870374,0.0,1.0,0.0,260.0,-1.0,-1.0,0.0,220.0,220.0,-1.0,0.0,0.0,1.0,-1.0,0.0,0.0,0.03750000111758709,10487.331529822717,11639.64453125,3239.31884765625,1056.0699462890625,4043.680419921875,5906.72412109375,6.903010591398925
test,dropout030_relay_failure,no_task_support,no_task_support,none,none,4,60,no_task_support,results/intercept_3d_gate1_hardened_safety_no_task_support_5seed_fixed_update60_candidate/runs/multi_relation/bc_ppo_seed4/actor_critic_update_0060.pt,130015,15,checkpoint,100,straight,True,True,80,0.2,1.0,0.3,0,0.0,1,40,80,True,0.0,0.0,0.0,0.0,0.08974359241815713,0.2032051316820658,67.71666673312967,0.0,1.0,0.0,260.0,-1.0,-1.0,0.0,220.0,220.0,-1.0,0.0,0.0,1.0,-1.0,0.0,0.0,0.04375000130385161,13343.572765174278,20013.0234375,564.610107421875,1362.71044921875,6842.0361328125,8718.9765625,6.178868031594902
test,dropout030_relay_failure,no_task_support,no_task_support,none,none,4,60,no_task_support,results/intercept_3d_gate1_hardened_safety_no_task_support_5seed_fixed_update60_candidate/runs/multi_relation/bc_ppo_seed4/actor_critic_update_0060.pt,130016,16,checkpoint,100,straight,True,True,80,0.2,1.0,0.3,0,0.0,1,40,80,True,0.0,0.0,0.0,0.0,0.044871796209078565,0.2128205174436936,61.624358854729394,0.0,1.0,0.0,260.0,-1.0,-1.0,0.0,220.0,220.0,-1.0,0.0,0.0,1.0,-1.0,0.0,0.0,0.03750000111758709,10376.861504657452,12799.7265625,4743.4736328125,1936.581298828125,7317.69482421875,5131.0654296875,5.761748012155294
test,dropout030_relay_failure,no_task_support,no_task_support,none,none,4,60,no_task_support,results/intercept_3d_gate1_hardened_safety_no_task_support_5seed_fixed_update60_candidate/runs/multi_relation/bc_ppo_seed4/actor_critic_update_0060.pt,130017,17,checkpoint,100,straight,True,True,80,0.2,1.0,0.3,0,0.0,1,40,80,True,0.0,0.0,0.0,0.0,0.023076923764668977,0.22051282467750402,63.528204712443625,0.0,1.0,0.0,260.0,-1.0,-1.0,0.0,220.0,220.0,-1.0,0.0,0.0,1.0,-1.0,0.0,0.0,0.05000000149011612,11233.898771784856,14758.6142578125,3828.215087890625,1858.1055908203125,12670.6611328125,6487.2734375,2.5579068097285926
test,dropout030_relay_failure,no_task_support,no_task_support,none,none,4,60,no_task_support,results/intercept_3d_gate1_hardened_safety_no_task_support_5seed_fixed_update60_candidate/runs/multi_relation/bc_ppo_seed4/actor_critic_update_0060.pt,130018,18,checkpoint,100,straight,True,True,80,0.2,1.0,0.3,0,0.0,1,40,80,True,0.0,0.0,0.0,0.0,0.03974359092804102,0.18653846514912753,69.16987171528432,0.0,1.0,0.0,260.0,-1.0,-1.0,0.0,220.0,220.0,-1.0,0.0,0.0,1.0,-1.0,0.0,0.0,0.03750000111758709,11231.777944711539,12581.9892578125,2709.048828125,1188.712890625,2798.87744140625,9072.7998046875,3.959785225102678
test,dropout030_relay_failure,no_task_support,no_task_support,none,none,4,60,no_task_support,results/intercept_3d_gate1_hardened_safety_no_task_support_5seed_fixed_update60_candidate/runs/multi_relation/bc_ppo_seed4/actor_critic_update_0060.pt,130019,19,checkpoint,100,straight,True,True,80,0.2,1.0,0.3,0,0.0,1,40,80,True,0.0,0.0,0.0,0.0,0.028205129045706528,0.21217949080925722,66.7794868958111,0.0,1.0,0.0,260.0,-1.0,-1.0,0.0,220.0,220.0,-1.0,0.0,0.0,1.0,-1.0,0.0,0.0,0.05000000149011612,11554.652124023438,16186.7939453125,2657.07763671875,1846.2332763671875,15175.17578125,6845.9296875,1.6165849450044334
test,dropout030_relay_failure,no_task_support,no_task_support,none,none,4,60,no_task_support,results/intercept_3d_gate1_hardened_safety_no_task_support_5seed_fixed_update60_candidate/runs/multi_relation/bc_ppo_seed4/actor_critic_update_0060.pt,130020,20,checkpoint,100,straight,True,True,80,0.2,1.0,0.3,0,0.0,1,40,80,True,0.0,0.0,0.0,0.0,0.044871796209078565,0.15833333604610883,77.8679487320093,0.0,1.0,0.0,260.0,-1.0,-1.0,0.0,220.0,220.0,-1.0,0.0,0.0,1.0,-1.0,0.0,0.04583333469927311,0.05416666828095913,12447.052529672475,17776.9765625,2402.656982421875,500.9264221191406,17478.087890625,12698.7978515625,-0.7147347582504153
test,dropout030_relay_failure,no_task_support,no_task_support,none,none,4,60,no_task_support,results/intercept_3d_gate1_hardened_safety_no_task_support_5seed_fixed_update60_candidate/runs/multi_relation/bc_ppo_seed4/actor_critic_update_0060.pt,130021,21,checkpoint,100,straight,True,True,80,0.2,1.0,0.3,0,0.0,1,40,80,True,0.0,0.0,0.0,0.0,0.04615384752933795,0.1910256447127232,69.83589747846126,0.0,1.0,0.0,260.0,-1.0,-1.0,0.0,220.0,220.0,-1.0,0.0,0.0,1.0,-1.0,0.0,0.0,0.04375000130385161,11357.942717097356,12918.73828125,2635.639892578125,1011.535888671875,5350.69580078125,7767.54345703125,4.299128162441775
test,dropout030_relay_failure,no_task_support,no_task_support,none,none,4,60,no_task_support,results/intercept_3d_gate1_hardened_safety_no_task_support_5seed_fixed_update60_candidate/runs/multi_relation/bc_ppo_seed4/actor_critic_update_0060.pt,130022,22,checkpoint,100,straight,True,True,80,0.2,1.0,0.3,0,0.0,1,40,80,True,0.0,0.0,0.0,0.0,0.03333333432674408,0.1929487216931123,67.51346131374056,0.0,1.0,0.0,260.0,-1.0,-1.0,0.0,220.0,220.0,-1.0,0.0,0.0,1.0,-1.0,0.0,0.0,0.03750000111758709,11590.974166165865,12919.5166015625,3146.849609375,1230.232177734375,7181.1494140625,7167.5517578125,3.2328876613173634
test,dropout030_relay_failure,no_task_support,no_task_support,none,none,4,60,no_task_support,results/intercept_3d_gate1_hardened_safety_no_task_support_5seed_fixed_update60_candidate/runs/multi_relation/bc_ppo_seed4/actor_critic_update_0060.pt,130023,23,checkpoint,100,straight,True,True,80,0.2,1.0,0.3,0,0.0,1,40,80,True,0.0,0.0,0.0,0.0,0.02692307772544714,0.2141025677896463,62.39615342221581,0.0,1.0,0.0,260.0,-1.0,-1.0,0.0,220.0,220.0,-1.0,0.0,0.0,1.0,-1.0,0.0,0.0,0.03333333432674408,10504.518130258413,13271.35546875,4325.65185546875,2160.462158203125,9317.2197265625,4340.689453125,3.5702238406520337
test,dropout030_relay_failure,no_task_support,no_task_support,none,none,4,60,no_task_support,results/intercept_3d_gate1_hardened_safety_no_task_support_5seed_fixed_update60_candidate/runs/multi_relation/bc_ppo_seed4/actor_critic_update_0060.pt,130024,24,checkpoint,100,straight,True,True,80,0.2,1.0,0.3,0,0.0,1,40,80,True,0.0,0.0,0.0,0.0,0.09487179769919468,0.19166666979973132,68.05576922761706,0.0,1.0,0.0,260.0,-1.0,-1.0,0.0,220.0,220.0,-1.0,0.0,0.0,1.0,-1.0,0.0,0.00416666679084301,0.05000000149011612,12434.342503004807,18714.607421875,417.3646240234375,1423.9371337890625,6210.0439453125,7996.91259765625,6.665790908969939
test,dropout030_relay_failure,no_task_support,no_task_support,none,none,4,60,no_task_support,results/intercept_3d_gate1_hardened_safety_no_task_support_5seed_fixed_update60_candidate/runs/multi_relation/bc_ppo_seed4/actor_critic_update_0060.pt,130025,25,checkpoint,100,straight,True,True,80,0.2,1.0,0.3,0,0.0,1,40,80,True,0.0,0.0,0.0,0.0,0.056410258091413056,0.20192308030449427,69.71666664389464,0.0,1.0,0.0,260.0,-1.0,-1.0,0.0,220.0,220.0,-1.0,0.0,0.0,1.0,-1.0,0.0,0.00416666679084301,0.03958333451300859,10888.547455303486,13421.5693359375,4706.3408203125,1437.1365966796875,7364.79541015625,6025.751953125,5.712112338747829
test,dropout030_relay_failure,no_task_support,no_task_support,none,none,4,60,no_task_support,results/intercept_3d_gate1_hardened_safety_no_task_support_5seed_fixed_update60_candidate/runs/multi_relation/bc_ppo_seed4/actor_critic_update_0060.pt,130026,26,checkpoint,100,straight,True,True,80,0.2,1.0,0.3,0,0.0,1,40,80,True,0.0,0.0,0.0,0.0,0.032051283006484695,0.23974359379364893,62.12948726650614,0.0,1.0,0.0,260.0,-1.0,-1.0,0.0,220.0,220.0,-1.0,0.0,0.0,1.0,-1.0,0.0,0.0,0.03958333451300859,10253.569427959736,10174.2431640625,1719.7391357421875,1789.7027587890625,1801.5098876953125,4285.888671875,7.679636177606881
test,dropout030_relay_failure,no_task_support,no_task_support,none,none,4,60,no_task_support,results/intercept_3d_gate1_hardened_safety_no_task_support_5seed_fixed_update60_candidate/runs/multi_relation/bc_ppo_seed4/actor_critic_update_0060.pt,130027,27,checkpoint,100,straight,True,True,80,0.2,1.0,0.3,0,0.0,1,40,80,True,0.0,0.0,0.0,0.0,0.025641026405187752,0.22692308099224018,62.87179447446878,0.0,1.0,0.0,260.0,-1.0,-1.0,0.0,220.0,220.0,-1.0,0.0,0.0,1.0,-1.0,0.0,0.0,0.047916668094694616,10581.367465444711,12477.3447265625,4664.6650390625,2252.1689453125,8208.3115234375,5965.98779296875,4.605681067332625
test,dropout030_relay_failure,no_task_support,no_task_support,none,none,4,60,no_task_support,results/intercept_3d_gate1_hardened_safety_no_task_support_5seed_fixed_update60_candidate/runs/multi_relation/bc_ppo_seed4/actor_critic_update_0060.pt,130028,28,checkpoint,100,straight,True,True,80,0.2,1.0,0.3,0,0.0,1,40,80,True,0.0,0.0,0.0,0.0,0.030769231686225303,0.20961538845529923,65.8814100087262,0.0,1.0,0.0,260.0,-1.0,-1.0,0.0,220.0,220.0,-1.0,0.0,0.0,1.0,-1.0,0.0,0.0,0.04375000130385161,11038.833079176682,14971.2783203125,3574.317626953125,1330.5845947265625,11895.453125,6841.0986328125,2.423239521915093
test,dropout030_relay_failure,no_task_support,no_task_support,none,none,4,60,no_task_support,results/intercept_3d_gate1_hardened_safety_no_task_support_5seed_fixed_update60_candidate/runs/multi_relation/bc_ppo_seed4/actor_critic_update_0060.pt,130029,29,checkpoint,100,straight,True,True,80,0.2,1.0,0.3,0,0.0,1,40,80,True,0.0,0.0,0.0,0.0,0.08974359241815713,0.16602564385304083,76.04871750663106,0.0,1.0,0.0,260.0,-1.0,-1.0,0.0,220.0,220.0,-1.0,0.0,0.0,1.0,-1.0,0.0,0.01250000037252903,0.031250000931322575,13103.903833007813,19853.994140625,473.6794128417969,718.2708129882812,8750.236328125,8140.4658203125,4.266798659344204
test,dropout030_relay_failure,no_task_support,no_task_support,none,none,4,60,no_task_support,results/intercept_3d_gate1_hardened_safety_no_task_support_5seed_fixed_update60_candidate/runs/multi_relation/bc_ppo_seed4/actor_critic_update_0060.pt,130030,30,checkpoint,100,straight,True,True,80,0.2,1.0,0.3,0,0.0,1,40,80,True,0.0,0.0,0.0,0.0,0.04743589884959734,0.22307692748995928,60.91025635921038,0.0,1.0,0.0,260.0,-1.0,-1.0,0.0,220.0,220.0,-1.0,0.0,0.0,1.0,-1.0,0.0,0.0,0.03958333451300859,10083.126483623799,11560.7802734375,2834.811279296875,1022.1150512695312,5720.03662109375,2886.88720703125,7.431939153000712
test,dropout030_relay_failure,no_task_support,no_task_support,none,none,4,60,no_task_support,results/intercept_3d_gate1_hardened_safety_no_task_support_5seed_fixed_update60_candidate/runs/multi_relation/bc_ppo_seed4/actor_critic_update_0060.pt,130031,31,checkpoint,100,straight,True,True,80,0.2,1.0,0.3,0,0.0,1,40,80,True,0.0,0.0,0.0,0.0,0.06794871997374755,0.2538461590615603,56.92756419571546,0.0,1.0,0.0,260.0,-1.0,-1.0,0.0,220.0,220.0,-1.0,0.0,0.0,1.0,-1.0,0.0,0.00416666679084301,0.06666666865348816,14045.053632061297,21282.291015625,1449.1943359375,1516.9759521484375,8833.7060546875,8554.5576171875,7.197867393027991
test,dropout030_relay_failure,no_task_support,no_task_support,none,none,4,60,no_task_support,results/intercept_3d_gate1_hardened_safety_no_task_support_5seed_fixed_update60_candidate/runs/multi_relation/bc_ppo_seed4/actor_critic_update_0060.pt,130032,32,checkpoint,100,straight,True,True,80,0.2,1.0,0.3,0,0.0,1,40,80,True,0.0,0.0,0.0,0.0,0.04358974488881918,0.19807692708877417,64.31859003036068,0.0,1.0,0.0,260.0,-1.0,-1.0,0.0,220.0,220.0,-1.0,0.0,0.0,1.0,-1.0,0.0,0.0,0.02916666753590107,10552.07647235577,11054.2861328125,1700.862060546875,2120.035400390625,1700.862060546875,5159.033203125,5.757763992995024
test,dropout030_relay_failure,no_task_support,no_task_support,none,none,4,60,no_task_support,results/intercept_3d_gate1_hardened_safety_no_task_support_5seed_fixed_update60_candidate/runs/multi_relation/bc_ppo_seed4/actor_critic_update_0060.pt,130033,33,checkpoint,100,straight,True,True,80,0.2,1.0,0.3,0,0.0,1,40,80,True,0.0,0.0,0.0,0.0,0.05769230941167244,0.19871795223309444,70.51987186383742,0.0,1.0,0.0,260.0,-1.0,-1.0,0.0,220.0,220.0,-1.0,0.0,0.0,1.0,-1.0,0.0,0.0,0.03541666772216558,10779.670535982572,11890.0546875,3838.733642578125,1427.5909423828125,3979.860595703125,7128.28662109375,6.447949671652168
test,dropout030_relay_failure,no_task_support,no_task_support,none,none,4,60,no_task_support,results/intercept_3d_gate1_hardened_safety_no_task_support_5seed_fixed_update60_candidate/runs/multi_relation/bc_ppo_seed4/actor_critic_update_0060.pt,130034,34,checkpoint,100,straight,True,True,80,0.2,1.0,0.3,0,0.0,1,40,80,True,0.0,0.0,0.0,0.0,0.08076923317634142,0.18012820849051842,71.25512813472977,0.0,1.0,0.0,260.0,-1.0,-1.0,0.0,220.0,220.0,-1.0,0.0,0.0,1.0,-1.0,0.0,0.0,0.04375000130385161,12531.011087740384,18491.984375,818.7158203125,881.2416381835938,5679.2822265625,7846.22412109375,4.713644258445129
test,dropout030_relay_failure,no_task_support,no_task_support,none,none,4,60,no_task_support,results/intercept_3d_gate1_hardened_safety_no_task_support_5seed_fixed_update60_candidate/runs/multi_relation/bc_ppo_seed4/actor_critic_update_0060.pt,130035,35,checkpoint,100,straight,True,True,80,0.2,1.0,0.3,0,0.0,1,40,80,True,0.0,0.0,0.0,0.0,0.04102564224830041,0.18525641337037085,71.22884633025298,0.0,1.0,0.0,260.0,-1.0,-1.0,0.0,220.0,220.0,-1.0,0.0,0.0,1.0,-1.0,0.0,0.00833333358168602,0.047916668094694616,11057.183986253005,14444.3134765625,3695.460693359375,1024.433349609375,11789.9169921875,6884.791015625,2.653249542345293
test,dropout030_relay_failure,no_task_support,no_task_support,none,none,4,60,no_task_support,results/intercept_3d_gate1_hardened_safety_no_task_support_5seed_fixed_update60_candidate/runs/multi_relation/bc_ppo_seed4/actor_critic_update_0060.pt,130036,36,checkpoint,100,straight,True,True,80,0.2,1.0,0.3,0,0.0,1,40,80,True,0.0,0.0,0.0,0.0,0.030769231686225303,0.24102564534315696,61.59935917413006,0.0,1.0,0.0,260.0,-1.0,-1.0,0.0,220.0,220.0,-1.0,0.0,0.0,1.0,-1.0,0.0,0.0,0.0416666679084301,10290.478280874398,11157.51953125,1506.0950927734375,1947.020751953125,2633.578369140625,5001.83935546875,7.007336565293372
test,dropout030_relay_failure,no_task_support,no_task_support,none,none,4,60,no_task_support,results/intercept_3d_gate1_hardened_safety_no_task_support_5seed_fixed_update60_candidate/runs/multi_relation/bc_ppo_seed4/actor_critic_update_0060.pt,130037,37,checkpoint,100,straight,True,True,80,0.2,1.0,0.3,0,0.0,1,40,80,True,0.0,0.0,0.0,0.0,0.05384615545089428,0.19102564442616243,68.16153851203048,0.0,1.0,0.0,260.0,-1.0,-1.0,0.0,220.0,220.0,-1.0,0.0,0.0,1.0,-1.0,0.0,0.0,0.03541666772216558,10593.487475585938,11350.1376953125,4320.84130859375,1602.323974609375,6158.5224609375,3328.43408203125,6.061624603578821
test,dropout030_relay_failure,no_task_support,no_task_support,none,none,4,60,no_task_support,results/intercept_3d_gate1_hardened_safety_no_task_support_5seed_fixed_update60_candidate/runs/multi_relation/bc_ppo_seed4/actor_critic_update_0060.pt,130038,38,checkpoint,100,straight,True,True,80,0.2,1.0,0.3,0,0.0,1,40,80,True,0.0,0.0,0.0,0.0,0.05512820677115367,0.2147435930485909,65.39551313937856,0.0,1.0,0.0,260.0,-1.0,-1.0,0.0,220.0,220.0,-1.0,0.0,0.0,1.0,-1.0,0.0,0.0,0.03541666772216558,10404.763393930289,12172.6279296875,4442.6640625,1504.2535400390625,7075.26953125,4529.9375,7.148482195334509
test,dropout030_relay_failure,no_task_support,no_task_support,none,none,4,60,no_task_support,results/intercept_3d_gate1_hardened_safety_no_task_support_5seed_fixed_update60_candidate/runs/multi_relation/bc_ppo_seed4/actor_critic_update_0060.pt,130039,39,checkpoint,100,straight,True,True,80,0.2,1.0,0.3,0,0.0,1,40,80,True,0.0,0.0,0.0,0.0,0.08205128449660082,0.2134615421295166,65.36410306342519,0.0,1.0,0.0,260.0,-1.0,-1.0,0.0,220.0,220.0,-1.0,0.0,0.0,1.0,-1.0,0.0,0.0,0.031250000931322575,12433.433847280648,18440.056640625,447.99468994140625,1760.5626220703125,4704.36962890625,6484.73876953125,6.563207685947418
test,dropout030_relay_failure,no_task_support,no_task_support,none,none,4,60,no_task_support,results/intercept_3d_gate1_hardened_safety_no_task_support_5seed_fixed_update60_candidate/runs/multi_relation/bc_ppo_seed4/actor_critic_update_0060.pt,130040,40,checkpoint,100,straight,True,True,80,0.2,1.0,0.3,0,0.0,1,40,80,True,0.0,0.0,0.0,0.0,0.029487180365965916,0.2339743633682911,60.94999978169799,0.0,1.0,0.0,260.0,-1.0,-1.0,0.0,220.0,220.0,-1.0,0.0,0.0,1.0,-1.0,0.0,0.0,0.03958333451300859,10660.167134915866,14391.1767578125,4056.122314453125,2049.552734375,10209.6181640625,5497.05322265625,4.334852872416377
test,dropout030_relay_failure,no_task_support,no_task_support,none,none,4,60,no_task_support,results/intercept_3d_gate1_hardened_safety_no_task_support_5seed_fixed_update60_candidate/runs/multi_relation/bc_ppo_seed4/actor_critic_update_0060.pt,130041,41,checkpoint,100,straight,True,True,80,0.2,1.0,0.3,0,0.0,1,40,80,True,0.0,0.0,0.0,0.0,0.09102564373841653,0.204487183288886,65.16602523470154,0.0,1.0,0.0,260.0,-1.0,-1.0,0.0,220.0,220.0,-1.0,0.0,0.0,1.0,-1.0,0.0,0.00416666679084301,0.052083334885537624,11280.854676231971,13558.0224609375,3960.728271484375,770.5203247070312,3960.728271484375,8673.25390625,9.043701000977308
test,dropout030_relay_failure,no_task_support,no_task_support,none,none,4,60,no_task_support,results/intercept_3d_gate1_hardened_safety_no_task_support_5seed_fixed_update60_candidate/runs/multi_relation/bc_ppo_seed4/actor_critic_update_0060.pt,130042,42,checkpoint,100,straight,True,True,80,0.2,1.0,0.3,0,0.0,1,40,80,True,0.0,0.0,0.0,0.0,0.04102564224830041,0.17243590005315268,77.09102568454468,0.0,1.0,0.0,260.0,-1.0,-1.0,0.0,220.0,220.0,-1.0,0.0,0.0,1.0,-1.0,0.0,0.03750000111758709,0.0416666679084301,11989.132528921275,16320.0615234375,3654.345458984375,1018.9768676757812,15430.171875,11459.9189453125,0.7585546760819852
test,dropout030_relay_failure,no_task_support,no_task_support,none,none,4,60,no_task_support,results/intercept_3d_gate1_hardened_safety_no_task_support_5seed_fixed_update60_candidate/runs/multi_relation/bc_ppo_seed4/actor_critic_update_0060.pt,130043,43,checkpoint,100,straight,True,True,80,0.2,1.0,0.3,0,0.0,1,40,80,True,0.0,0.0,1.0,0.0012820513202593878,0.05512820677115367,0.20897436268054523,64.7256412672882,0.0,1.0,0.0,260.0,44.0,-1.0,0.0,220.0,220.0,-1.0,0.0,0.0,1.0,-1.0,0.0,0.01666666716337204,0.03750000111758709,10356.691667292669,11654.6904296875,2087.26416015625,1104.805908203125,2087.26416015625,2267.10498046875,7.897703247144818
test,dropout030_relay_failure,no_task_support,no_task_support,none,none,4,60,no_task_support,results/intercept_3d_gate1_hardened_safety_no_task_support_5seed_fixed_update60_candidate/runs/multi_relation/bc_ppo_seed4/actor_critic_update_0060.pt,130044,44,checkpoint,100,straight,True,True,80,0.2,1.0,0.3,0,0.0,1,40,80,True,0.0,0.0,0.0,0.0,0.024358975084928364,0.2288461579153171,62.00320539812629,0.0,1.0,0.0,260.0,-1.0,-1.0,0.0,220.0,220.0,-1.0,0.0,0.0,1.0,-1.0,0.0,0.0,0.05625000167638063,11837.404306265023,17513.51953125,3599.84033203125,2036.963623046875,13574.84375,8580.46484375,1.2183633719105273
test,dropout030_relay_failure,no_task_support,no_task_support,none,none,4,60,no_task_support,results/intercept_3d_gate1_hardened_safety_no_task_support_5seed_fixed_update60_candidate/runs/multi_relation/bc_ppo_seed4/actor_critic_update_0060.pt,130045,45,checkpoint,100,straight,True,True,80,0.2,1.0,0.3,0,0.0,1,40,80,True,0.0,0.0,0.0,0.0,0.051282052810375504,0.21987179873081353,63.90448725842513,0.0,1.0,0.0,260.0,-1.0,-1.0,0.0,220.0,220.0,-1.0,0.0,0.0,1.0,-1.0,0.0,0.0,0.031250000931322575,10577.015454101562,14032.5830078125,4125.44091796875,1610.40625,10189.23828125,3773.978759765625,5.575742435874417
test,dropout030_relay_failure,no_task_support,no_task_support,none,none,4,60,no_task_support,results/intercept_3d_gate1_hardened_safety_no_task_support_5seed_fixed_update60_candidate/runs/multi_relation/bc_ppo_seed4/actor_critic_update_0060.pt,130046,46,checkpoint,100,straight,True,True,80,0.2,1.0,0.3,0,0.0,1,40,80,True,0.0,0.0,0.0,0.0,0.0833333358168602,0.2032051318540023,67.87820519965429,0.0,1.0,0.0,260.0,-1.0,-1.0,0.0,220.0,220.0,-1.0,0.0,0.0,1.0,-1.0,0.0,0.0,0.04583333469927311,13291.046266526442,20749.681640625,380.6738586425781,1358.658203125,8636.05078125,7491.6787109375,5.1985605247318745
test,dropout030_relay_failure,no_task_support,no_task_support,none,none,4,60,no_task_support,results/intercept_3d_gate1_hardened_safety_no_task_support_5seed_fixed_update60_candidate/runs/multi_relation/bc_ppo_seed4/actor_critic_update_0060.pt,130047,47,checkpoint,100,straight,True,True,80,0.2,1.0,0.3,0,0.0,1,40,80,True,0.0,0.0,0.0,0.0,0.03333333432674408,0.22948718414856836,60.66410264710967,0.0,1.0,0.0,260.0,-1.0,-1.0,0.0,220.0,220.0,-1.0,0.0,0.0,1.0,-1.0,0.0,0.00416666679084301,0.03750000111758709,10074.922752028246,10489.5517578125,1515.3917236328125,960.8229370117188,2087.550537109375,3704.872314453125,7.080004339339212
test,dropout030_relay_failure,no_task_support,no_task_support,none,none,4,60,no_task_support,results/intercept_3d_gate1_hardened_safety_no_task_support_5seed_fixed_update60_candidate/runs/multi_relation/bc_ppo_seed4/actor_critic_update_0060.pt,130048,48,checkpoint,100,straight,True,True,80,0.2,1.0,0.3,0,0.0,1,40,80,True,0.0,0.0,1.0,0.005128205281037551,0.04743589884959734,0.2282051321405631,60.057051155314994,0.0,1.0,0.0,260.0,44.0,-1.0,0.0,220.0,220.0,-1.0,0.0,0.0,1.0,-1.0,0.0,0.02916666753590107,0.03333333432674408,11147.105538236177,14622.46484375,2113.130859375,1084.8199462890625,5313.4990234375,3518.16748046875,8.759864946594462
test,dropout030_relay_failure,no_task_support,no_task_support,none,none,4,60,no_task_support,results/intercept_3d_gate1_hardened_safety_no_task_support_5seed_fixed_update60_candidate/runs/multi_relation/bc_ppo_seed4/actor_critic_update_0060.pt,130049,49,checkpoint,100,straight,True,True,80,0.2,1.0,0.3,0,0.0,1,40,80,True,0.0,0.0,0.0,0.0,0.06410256601296939,0.24487179964780809,57.42499994796056,0.0,1.0,0.0,260.0,-1.0,-1.0,0.0,220.0,220.0,-1.0,0.0,0.0,1.0,-1.0,0.0,0.0,0.03958333451300859,12997.234846379206,20576.814453125,170.62303161621094,2004.7569580078125,5342.34716796875,7402.33203125,6.10164038836956
test,dropout030_relay_failure,no_task_support,no_task_support,none,none,4,60,no_task_support,results/intercept_3d_gate1_hardened_safety_no_task_support_5seed_fixed_update60_candidate/runs/multi_relation/bc_ppo_seed4/actor_critic_update_0060.pt,130050,50,checkpoint,100,straight,True,True,80,0.2,1.0,0.3,0,0.0,1,40,80,True,0.0,0.0,0.0,0.0,0.08846154109789775,0.1608974379988817,79.10576978956277,0.0,1.0,0.0,260.0,-1.0,-1.0,0.0,220.0,220.0,-1.0,0.0,0.0,1.0,-1.0,0.0,0.00416666679084301,0.052083334885537624,13800.381719501202,21169.189453125,395.2701416015625,841.317138671875,9098.3701171875,9264.2216796875,3.296871906844899
test,dropout030_relay_failure,no_task_support,no_task_support,none,none,4,60,no_task_support,results/intercept_3d_gate1_hardened_safety_no_task_support_5seed_fixed_update60_candidate/runs/multi_relation/bc_ppo_seed4/actor_critic_update_0060.pt,130051,51,checkpoint,100,straight,True,True,80,0.2,1.0,0.3,0,0.0,1,40,80,True,0.0,0.0,0.0,0.0,0.1974359033199457,0.17820513110894423,73.58974337182366,0.0,1.0,0.0,260.0,-1.0,-1.0,0.0,220.0,220.0,-1.0,0.0,0.0,1.0,-1.0,0.0,0.03333333432674408,0.04583333469927311,10922.405254657451,11352.1748046875,3476.716796875,618.3801879882812,4848.962890625,7137.47412109375,19.03199615504127
test,dropout030_relay_failure,no_task_support,no_task_support,none,none,4,60,no_task_support,results/intercept_3d_gate1_hardened_safety_no_task_support_5seed_fixed_update60_candidate/runs/multi_relation/bc_ppo_seed4/actor_critic_update_0060.pt,130052,52,checkpoint,100,straight,True,True,80,0.2,1.0,0.3,0,0.0,1,40,80,True,0.0,0.0,0.0,0.0,0.037179488287522246,0.22692308156536176,61.479487162771136,0.0,1.0,0.0,260.0,-1.0,-1.0,0.0,220.0,220.0,-1.0,0.0,0.0,1.0,-1.0,0.0,0.00833333358168602,0.0416666679084301,10033.357275390625,12150.5205078125,2638.95947265625,560.6885375976562,7359.14892578125,4001.708984375,5.9807302937842906
test,dropout030_relay_failure,no_task_support,no_task_support,none,none,4,60,no_task_support,results/intercept_3d_gate1_hardened_safety_no_task_support_5seed_fixed_update60_candidate/runs/multi_relation/bc_ppo_seed4/actor_critic_update_0060.pt,130053,53,checkpoint,100,straight,True,True,80,0.2,1.0,0.3,0,0.0,1,40,80,True,0.0,0.0,0.0,0.0,0.02692307772544714,0.20064102938542,65.81858947420349,0.0,1.0,0.0,260.0,-1.0,-1.0,0.0,220.0,220.0,-1.0,0.0,0.0,1.0,-1.0,0.0,0.0,0.05833333507180214,11561.557540189302,15665.9375,3915.612060546875,1588.0052490234375,14006.328125,7653.81201171875,1.252782423980534
test,dropout030_relay_failure,no_task_support,no_task_support,none,none,4,60,no_task_support,results/intercept_3d_gate1_hardened_safety_no_task_support_5seed_fixed_update60_candidate/runs/multi_relation/bc_ppo_seed4/actor_critic_update_0060.pt,130054,54,checkpoint,100,straight,True,True,80,0.2,1.0,0.3,0,0.0,1,40,80,True,0.0,0.0,0.0,0.0,0.03461538564700347,0.2429487223808582,58.91346141042618,0.0,1.0,0.0,260.0,-1.0,-1.0,0.0,220.0,220.0,-1.0,0.0,0.0,1.0,-1.0,0.0,0.0,0.0416666679084301,9978.018372521034,11996.3056640625,3461.559814453125,553.6008911132812,6082.51416015625,4841.68701171875,7.363529853057116
test,dropout030_relay_failure,no_task_support,no_task_support,none,none,4,60,no_task_support,results/intercept_3d_gate1_hardened_safety_no_task_support_5seed_fixed_update60_candidate/runs/multi_relation/bc_ppo_seed4/actor_critic_update_0060.pt,130055,55,checkpoint,100,straight,True,True,80,0.2,1.0,0.3,0,0.0,1,40,80,True,0.0,0.0,0.0,0.0,0.07948718185608204,0.20320513202593876,65.52564040594376,0.0,1.0,0.0,260.0,-1.0,-1.0,0.0,220.0,220.0,-1.0,0.0,0.0,1.0,-1.0,0.0,0.0,0.031250000931322575,12485.642980018029,18745.30859375,333.3761291503906,1571.3355712890625,4751.0517578125,6449.9853515625,5.81591210141778
test,dropout030_relay_failure,no_task_support,no_task_support,none,none,4,60,no_task_support,results/intercept_3d_gate1_hardened_safety_no_task_support_5seed_fixed_update60_candidate/runs/multi_relation/bc_ppo_seed4/actor_critic_update_0060.pt,130056,56,checkpoint,100,straight,True,True,80,0.2,1.0,0.3,0,0.0,1,40,80,True,0.0,0.0,0.0,0.0,0.032051283006484695,0.15256410453182,79.2256410123064,0.0,1.0,0.0,260.0,-1.0,-1.0,0.0,220.0,220.0,-1.0,0.0,0.0,1.0,-1.0,0.0,0.01250000037252903,0.03958333451300859,11978.921630859375,15330.4453125,3638.55029296875,702.8538818359375,12986.6357421875,10080.9443359375,-0.5993562841322273
test,dropout030_relay_failure,no_task_support,no_task_support,none,none,4,60,no_task_support,results/intercept_3d_gate1_hardened_safety_no_task_support_5seed_fixed_update60_candidate/runs/multi_relation/bc_ppo_seed4/actor_critic_update_0060.pt,130057,57,checkpoint,100,straight,True,True,80,0.2,1.0,0.3,0,0.0,1,40,80,True,0.0,0.0,0.0,0.0,0.07692307921556327,0.1641025661275937,78.70064042004255,0.0,1.0,0.0,260.0,-1.0,-1.0,0.0,220.0,220.0,-1.0,0.0,0.0,1.0,-1.0,0.0,0.02500000074505806,0.06041666846722364,13963.377108999399,21973.439453125,448.60162353515625,606.6620483398438,10412.3427734375,10123.9140625,1.4705629905220121
test,dropout030_relay_failure,no_task_support,no_task_support,none,none,4,60,no_task_support,results/intercept_3d_gate1_hardened_safety_no_task_support_5seed_fixed_update60_candidate/runs/multi_relation/bc_ppo_seed4/actor_critic_update_0060.pt,130058,58,checkpoint,100,straight,True,True,80,0.2,1.0,0.3,0,0.0,1,40,80,True,0.0,0.0,0.0,0.0,0.06794871997374755,0.1923076956317975,67.06923027072962,0.0,1.0,0.0,260.0,-1.0,-1.0,0.0,220.0,220.0,-1.0,0.0,0.0,1.0,-1.0,0.0,0.0,0.05833333507180214,13339.73846905048,20619.892578125,563.85107421875,1558.0958251953125,8312.4501953125,8468.6171875,2.8836010922677815
test,dropout030_relay_failure,no_task_support,no_task_support,none,none,4,60,no_task_support,results/intercept_3d_gate1_hardened_safety_no_task_support_5seed_fixed_update60_candidate/runs/multi_relation/bc_ppo_seed4/actor_critic_update_0060.pt,130059,59,checkpoint,100,straight,True,True,80,0.2,1.0,0.3,0,0.0,1,40,80,True,0.0,0.0,0.0,0.0,0.03589743696726286,0.21923077324262033,61.74487136287185,0.0,1.0,0.0,260.0,-1.0,-1.0,0.0,220.0,220.0,-1.0,0.0,0.0,1.0,-1.0,0.0,0.0,0.04375000130385161,11044.709318659856,13455.890625,2937.070556640625,1998.5804443359375,3146.63330078125,6118.5751953125,4.73298448882997
test,dropout030_relay_failure,no_task_support,no_task_support,none,none,4,60,no_task_support,results/intercept_3d_gate1_hardened_safety_no_task_support_5seed_fixed_update60_candidate/runs/multi_relation/bc_ppo_seed4/actor_critic_update_0060.pt,130060,60,checkpoint,100,straight,True,True,80,0.2,1.0,0.3,0,0.0,1,40,80,True,0.0,0.0,0.0,0.0,0.06538461733322877,0.2160256448846597,65.80000008086745,0.0,1.0,0.0,260.0,-1.0,-1.0,0.0,220.0,220.0,-1.0,0.0,0.0,1.0,-1.0,0.0,0.0,0.0416666679084301,10249.470321890025,12332.9072265625,3865.3642578125,614.5896606445312,7184.9697265625,1949.5556640625,7.772071240935475
test,dropout030_relay_failure,no_task_support,no_task_support,none,none,4,60,no_task_support,results/intercept_3d_gate1_hardened_safety_no_task_support_5seed_fixed_update60_candidate/runs/multi_relation/bc_ppo_seed4/actor_critic_update_0060.pt,130061,61,checkpoint,100,straight,True,True,80,0.2,1.0,0.3,0,0.0,1,40,80,True,0.0,0.0,0.0,0.0,0.05897436073193183,0.19102564477003536,67.51282060048901,0.0,1.0,0.0,260.0,-1.0,-1.0,0.0,220.0,220.0,-1.0,0.0,0.0,1.0,-1.0,0.0,0.0,0.02916666753590107,10413.596467472957,11565.5263671875,3954.20751953125,1253.2052001953125,6429.8154296875,4377.525390625,6.443528034258634
test,dropout030_relay_failure,no_task_support,no_task_support,none,none,4,60,no_task_support,results/intercept_3d_gate1_hardened_safety_no_task_support_5seed_fixed_update60_candidate/runs/multi_relation/bc_ppo_seed4/actor_critic_update_0060.pt,130062,62,checkpoint,100,straight,True,True,80,0.2,1.0,0.3,0,0.0,1,40,80,True,0.0,0.0,0.0,0.0,0.06794871997374755,0.16538461779172603,74.73525643365888,0.0,1.0,0.0,260.0,-1.0,-1.0,0.0,220.0,220.0,-1.0,0.0,0.0,1.0,-1.0,0.0,0.00833333358168602,0.06458333525806666,14725.48369891827,22388.201171875,1467.124267578125,1137.01708984375,10986.91796875,9193.41796875,1.1680075731128454
test,dropout030_relay_failure,no_task_support,no_task_support,none,none,4,60,no_task_support,results/intercept_3d_gate1_hardened_safety_no_task_support_5seed_fixed_update60_candidate/runs/multi_relation/bc_ppo_seed4/actor_critic_update_0060.pt,130063,63,checkpoint,100,straight,True,True,80,0.2,1.0,0.3,0,0.0,1,40,80,True,0.0,0.0,0.0,0.0,0.04615384752933795,0.1570512847831616,78.11025702368755,0.0,1.0,0.0,260.0,-1.0,-1.0,0.0,220.0,220.0,-1.0,0.0,0.0,1.0,-1.0,0.0,0.05416666828095913,0.06041666846722364,12328.399938025841,16968.814453125,2663.49169921875,377.49285888671875,15272.4755859375,12641.7041015625,-0.18300156760960817
test,dropout030_relay_failure,no_task_support,no_task_support,none,none,4,60,no_task_support,results/intercept_3d_gate1_hardened_safety_no_task_support_5seed_fixed_update60_candidate/runs/multi_relation/bc_ppo_seed4/actor_critic_update_0060.pt,130064,64,checkpoint,100,straight,True,True,80,0.2,1.0,0.3,0,0.0,1,40,80,True,0.0,0.0,1.0,0.0012820513202593878,0.06282051469271,0.2038461578006928,64.31538467831336,0.0,1.0,0.0,260.0,45.0,-1.0,0.0,220.0,220.0,-1.0,0.0,0.0,1.0,-1.0,0.0,0.02500000074505806,0.03750000111758709,10667.395830829328,12133.6220703125,2689.826416015625,1383.047607421875,3464.16552734375,4770.29345703125,8.083478855900466
test,dropout030_relay_failure,no_task_support,no_task_support,none,none,4,60,no_task_support,results/intercept_3d_gate1_hardened_safety_no_task_support_5seed_fixed_update60_candidate/runs/multi_relation/bc_ppo_seed4/actor_critic_update_0060.pt,130065,65,checkpoint,100,straight,True,True,80,0.2,1.0,0.3,0,0.0,1,40,80,True,0.0,0.0,0.0,0.0,0.02692307772544714,0.23717949201281255,60.24551279372894,0.0,1.0,0.0,260.0,-1.0,-1.0,0.0,220.0,220.0,-1.0,0.0,0.0,1.0,-1.0,0.0,0.0,0.05625000167638063,11700.161767578125,12937.9208984375,2998.634033203125,1746.649169921875,4810.8603515625,6912.5986328125,5.284289140254259
test,dropout030_relay_failure,no_task_support,no_task_support,none,none,4,60,no_task_support,results/intercept_3d_gate1_hardened_safety_no_task_support_5seed_fixed_update60_candidate/runs/multi_relation/bc_ppo_seed4/actor_critic_update_0060.pt,130066,66,checkpoint,100,straight,True,True,80,0.2,1.0,0.3,0,0.0,1,40,80,True,0.0,0.0,0.0,0.0,0.12179487542464183,0.20705128587209262,65.29551274398199,0.0,1.0,0.0,260.0,-1.0,-1.0,0.0,220.0,220.0,-1.0,0.0,0.0,1.0,-1.0,0.0,0.02916666753590107,0.03958333451300859,10535.424275090145,11734.7626953125,1529.4366455078125,913.772705078125,4378.69482421875,6063.3212890625,13.606699678115547
test,dropout030_relay_failure,no_task_support,no_task_support,none,none,4,60,no_task_support,results/intercept_3d_gate1_hardened_safety_no_task_support_5seed_fixed_update60_candidate/runs/multi_relation/bc_ppo_seed4/actor_critic_update_0060.pt,130067,67,checkpoint,100,straight,True,True,80,0.2,1.0,0.3,0,0.0,1,40,80,True,0.0,0.0,0.0,0.0,0.04230769356855979,0.25961538965885456,55.84935889926094,0.0,1.0,0.0,260.0,-1.0,-1.0,0.0,220.0,220.0,-1.0,0.0,0.0,1.0,-1.0,0.0,0.00833333358168602,0.03750000111758709,12049.671905048077,15569.140625,2351.907958984375,741.0938110351562,9436.5244140625,7635.65771484375,7.100001649232581
test,dropout030_relay_failure,no_task_support,no_task_support,none,none,4,60,no_task_support,results/intercept_3d_gate1_hardened_safety_no_task_support_5seed_fixed_update60_candidate/runs/multi_relation/bc_ppo_seed4/actor_critic_update_0060.pt,130068,68,checkpoint,100,straight,True,True,80,0.2,1.0,0.3,0,0.0,1,40,80,True,0.0,0.0,0.0,0.0,0.03974359092804102,0.2333333375935371,61.07564077107952,0.0,1.0,0.0,260.0,-1.0,-1.0,0.0,220.0,220.0,-1.0,0.0,0.0,1.0,-1.0,0.0,0.0,0.04375000130385161,10534.028680889423,11157.7783203125,2018.8267822265625,2070.906494140625,2018.8267822265625,5316.94287109375,7.578723870799877
test,dropout030_relay_failure,no_task_support,no_task_support,none,none,4,60,no_task_support,results/intercept_3d_gate1_hardened_safety_no_task_support_5seed_fixed_update60_candidate/runs/multi_relation/bc_ppo_seed4/actor_critic_update_0060.pt,130069,69,checkpoint,100,straight,True,True,80,0.2,1.0,0.3,0,0.0,1,40,80,True,0.0,0.0,0.0,0.0,0.19487180067942692,0.19487179832962842,66.38141009710156,0.0,1.0,0.0,260.0,-1.0,-1.0,0.0,220.0,220.0,-1.0,0.0,0.0,1.0,-1.0,0.0,0.02916666753590107,0.04583333469927311,10562.999173677885,13454.0546875,2321.80712890625,436.5965576171875,5859.16357421875,7661.69970703125,18.16114366124384
test,dropout030_relay_failure,no_task_support,no_task_support,none,none,4,60,no_task_support,results/intercept_3d_gate1_hardened_safety_no_task_support_5seed_fixed_update60_candidate/runs/multi_relation/bc_ppo_seed4/actor_critic_update_0060.pt,130070,70,checkpoint,100,straight,True,True,80,0.2,1.0,0.3,0,0.0,1,40,80,True,0.0,0.0,0.0,0.0,0.038461539607781633,0.19679487502345672,69.53012821101225,0.0,1.0,0.0,260.0,-1.0,-1.0,0.0,220.0,220.0,-1.0,0.0,0.0,1.0,-1.0,0.0,0.01666666716337204,0.04583333469927311,11681.409209735577,17278.875,2737.732666015625,1052.7283935546875,14580.302734375,7816.79345703125,0.9085519041400403
test,dropout030_relay_failure,no_task_support,no_task_support,none,none,4,60,no_task_support,results/intercept_3d_gate1_hardened_safety_no_task_support_5seed_fixed_update60_candidate/runs/multi_relation/bc_ppo_seed4/actor_critic_update_0060.pt,130071,71,checkpoint,100,straight,True,True,80,0.2,1.0,0.3,0,0.0,1,40,80,True,0.0,0.0,0.0,0.0,0.07179487393452572,0.2108974399474951,64.87115388426643,0.0,1.0,0.0,260.0,-1.0,-1.0,0.0,220.0,220.0,-1.0,0.0,0.0,1.0,-1.0,0.0,0.0,0.05625000167638063,12561.765532977764,18560.501953125,757.1388549804688,1926.730224609375,4443.80517578125,7028.8408203125,5.344480581814423
test,dropout030_relay_failure,no_task_support,no_task_support,none,none,4,60,no_task_support,results/intercept_3d_gate1_hardened_safety_no_task_support_5seed_fixed_update60_candidate/runs/multi_relation/bc_ppo_seed4/actor_critic_update_0060.pt,130072,72,checkpoint,100,straight,True,True,80,0.2,1.0,0.3,0,0.0,1,40,80,True,0.0,0.0,0.0,0.0,0.07051282261426632,0.16538461773441387,78.66474418130059,0.0,1.0,0.0,260.0,-1.0,-1.0,0.0,220.0,220.0,-1.0,0.0,0.0,1.0,-1.0,0.0,0.01250000037252903,0.06458333525806666,13999.113762019231,21112.068359375,655.090576171875,1079.3831787109375,10484.2900390625,10053.2939453125,1.599484186153859
test,dropout030_relay_failure,no_task_support,no_task_support,none,none,4,60,no_task_support,results/intercept_3d_gate1_hardened_safety_no_task_support_5seed_fixed_update60_candidate/runs/multi_relation/bc_ppo_seed4/actor_critic_update_0060.pt,130073,73,checkpoint,100,straight,True,True,80,0.2,1.0,0.3,0,0.0,1,40,80,True,0.0,0.0,0.0,0.0,0.14871795315008898,0.19551282381782165,67.68076924790557,0.0,1.0,0.0,260.0,-1.0,-1.0,0.0,220.0,220.0,-1.0,0.0,0.0,1.0,-1.0,0.0,0.00416666679084301,0.03750000111758709,10698.773600886418,15406.4501953125,3975.383544921875,468.4195251464844,8864.248046875,7916.81103515625,12.034678873140365
test,dropout030_relay_failure,no_task_support,no_task_support,none,none,4,60,no_task_support,results/intercept_3d_gate1_hardened_safety_no_task_support_5seed_fixed_update60_candidate/runs/multi_relation/bc_ppo_seed4/actor_critic_update_0060.pt,130074,74,checkpoint,100,straight,True,True,80,0.2,1.0,0.3,0,0.0,1,40,80,True,0.0,0.0,0.0,0.0,0.044871796209078565,0.21538461888065705,63.883333795001874,0.0,1.0,0.0,260.0,-1.0,-1.0,0.0,220.0,220.0,-1.0,0.0,0.0,1.0,-1.0,0.0,0.0,0.02916666753590107,10533.26522686298,11971.0458984375,2888.36572265625,1953.10986328125,5089.16552734375,3146.01904296875,6.30059270944912
test,dropout030_relay_failure,no_task_support,no_task_support,none,none,4,60,no_task_support,results/intercept_3d_gate1_hardened_safety_no_task_support_5seed_fixed_update60_candidate/runs/multi_relation/bc_ppo_seed4/actor_critic_update_0060.pt,130075,75,checkpoint,100,straight,True,True,80,0.2,1.0,0.3,0,0.0,1,40,80,True,0.0,0.0,0.0,0.0,0.029487180365965916,0.22307692748995928,61.42499981321968,0.0,1.0,0.0,260.0,-1.0,-1.0,0.0,220.0,220.0,-1.0,0.0,0.0,1.0,-1.0,0.0,0.0,0.047916668094694616,10626.561388221155,10556.896484375,3289.2568359375,1848.337158203125,3289.2568359375,5130.98388671875,6.375269235111773
test,dropout030_relay_failure,no_task_support,no_task_support,none,none,4,60,no_task_support,results/intercept_3d_gate1_hardened_safety_no_task_support_5seed_fixed_update60_candidate/runs/multi_relation/bc_ppo_seed4/actor_critic_update_0060.pt,130076,76,checkpoint,100,straight,True,True,80,0.2,1.0,0.3,0,0.0,1,40,80,True,0.0,0.0,0.0,0.0,0.05512820677115367,0.21025641423005323,64.90769241142732,0.0,1.0,0.0,260.0,-1.0,-1.0,0.0,220.0,220.0,-1.0,0.0,0.0,1.0,-1.0,0.0,0.0,0.04583333469927311,10375.253297776442,13220.0859375,4430.4873046875,1590.5709228515625,9272.099609375,4045.975830078125,6.107225942891091
test,dropout030_relay_failure,no_task_support,no_task_support,none,none,4,60,no_task_support,results/intercept_3d_gate1_hardened_safety_no_task_support_5seed_fixed_update60_candidate/runs/multi_relation/bc_ppo_seed4/actor_critic_update_0060.pt,130077,77,checkpoint,100,straight,True,True,80,0.2,1.0,0.3,0,0.0,1,40,80,True,0.0,0.0,1.0,0.0012820513202593878,0.051282052810375504,0.2250000037252903,62.6147436770109,0.0,1.0,0.0,260.0,43.0,-1.0,0.0,220.0,220.0,-1.0,0.0,0.0,1.0,-1.0,0.0,0.01666666716337204,0.03333333432674408,10185.512813626803,12250.9677734375,1224.4462890625,837.1259155273438,2922.185302734375,3774.43408203125,7.886183382710442
test,dropout030_relay_failure,no_task_support,no_task_support,none,none,4,60,no_task_support,results/intercept_3d_gate1_hardened_safety_no_task_support_5seed_fixed_update60_candidate/runs/multi_relation/bc_ppo_seed4/actor_critic_update_0060.pt,130078,78,checkpoint,100,straight,True,True,80,0.2,1.0,0.3,0,0.0,1,40,80,True,0.0,0.0,0.0,0.0,0.04871795016985673,0.2269230805337429,63.66410250594983,0.0,1.0,0.0,260.0,-1.0,-1.0,0.0,220.0,220.0,-1.0,0.0,0.0,1.0,-1.0,0.0,0.0,0.03750000111758709,10222.052978515625,11789.7314453125,3886.597900390625,1061.9708251953125,6884.927734375,2792.94384765625,7.482780943857506
test,dropout030_relay_failure,no_task_support,no_task_support,none,none,4,60,no_task_support,results/intercept_3d_gate1_hardened_safety_no_task_support_5seed_fixed_update60_candidate/runs/multi_relation/bc_ppo_seed4/actor_critic_update_0060.pt,130079,79,checkpoint,100,straight,True,True,80,0.2,1.0,0.3,0,0.0,1,40,80,True,0.0,0.0,0.0,0.0,0.12820513202593878,0.1794871824292036,70.94038485930515,0.0,1.0,0.0,260.0,-1.0,-1.0,0.0,220.0,220.0,-1.0,0.0,0.0,1.0,-1.0,0.0,0.00833333358168602,0.03958333451300859,10336.645716271034,11521.0498046875,3460.79345703125,383.7615966796875,3544.22509765625,9021.15625,12.317976451129653
test,dropout030_relay_failure,no_task_support,no_task_support,none,none,4,60,no_task_support,results/intercept_3d_gate1_hardened_safety_no_task_support_5seed_fixed_update60_candidate/runs/multi_relation/bc_ppo_seed4/actor_critic_update_0060.pt,130080,80,checkpoint,100,straight,True,True,80,0.2,1.0,0.3,0,0.0,1,40,80,True,0.0,0.0,0.0,0.0,0.05256410413063489,0.2160256448846597,63.873076769996146,0.0,1.0,0.0,260.0,-1.0,-1.0,0.0,220.0,220.0,-1.0,0.0,0.0,1.0,-1.0,0.0,0.00833333358168602,0.02916666753590107,10453.048597130408,11227.5126953125,2874.29541015625,1232.4559326171875,3124.96435546875,4069.324462890625,7.471805477747694
test,dropout030_relay_failure,no_task_support,no_task_support,none,none,4,60,no_task_support,results/intercept_3d_gate1_hardened_safety_no_task_support_5seed_fixed_update60_candidate/runs/multi_relation/bc_ppo_seed4/actor_critic_update_0060.pt,130081,81,checkpoint,100,straight,True,True,80,0.2,1.0,0.3,0,0.0,1,40,80,True,0.0,0.0,0.0,0.0,0.03974359092804102,0.18269231061522778,69.73076921065267,0.0,1.0,0.0,260.0,-1.0,-1.0,0.0,220.0,220.0,-1.0,0.0,0.0,1.0,-1.0,0.0,0.0,0.05625000167638063,12076.29316030649,14721.2783203125,2730.282470703125,1152.875732421875,6933.990234375,9320.857421875,2.1372236530296504
test,dropout030_relay_failure,no_task_support,no_task_support,none,none,4,60,no_task_support,results/intercept_3d_gate1_hardened_safety_no_task_support_5seed_fixed_update60_candidate/runs/multi_relation/bc_ppo_seed4/actor_critic_update_0060.pt,130082,82,checkpoint,100,straight,True,True,80,0.2,1.0,0.3,0,0.0,1,40,80,True,0.0,0.0,0.0,0.0,0.03461538564700347,0.2044871838046954,65.13141060717977,0.0,1.0,0.0,260.0,-1.0,-1.0,0.0,220.0,220.0,-1.0,0.0,0.0,1.0,-1.0,0.0,0.0,0.027083334140479566,10574.530508188102,13986.8701171875,3944.85498046875,1637.082763671875,12035.130859375,5562.9169921875,3.2105243327096105
test,dropout030_relay_failure,no_task_support,no_task_support,none,none,4,60,no_task_support,results/intercept_3d_gate1_hardened_safety_no_task_support_5seed_fixed_update60_candidate/runs/multi_relation/bc_ppo_seed4/actor_critic_update_0060.pt,130083,83,checkpoint,100,straight,True,True,80,0.2,1.0,0.3,0,0.0,1,40,80,True,0.0,0.0,0.0,0.0,0.04615384752933795,0.18782051612551395,69.31923085588676,0.0,1.0,0.0,260.0,-1.0,-1.0,0.0,220.0,220.0,-1.0,0.0,0.0,1.0,-1.0,0.0,0.05000000149011612,0.03958333451300859,11954.396486253005,16087.2919921875,2785.91650390625,246.27182006835938,14821.6240234375,5340.91259765625,2.0723898177966475
test,dropout030_relay_failure,no_task_support,no_task_support,none,none,4,60,no_task_support,results/intercept_3d_gate1_hardened_safety_no_task_support_5seed_fixed_update60_candidate/runs/multi_relation/bc_ppo_seed4/actor_critic_update_0060.pt,130084,84,checkpoint,100,straight,True,True,80,0.2,1.0,0.3,0,0.0,1,40,80,True,0.0,0.0,0.0,0.0,0.03974359092804102,0.23461538868454787,61.143589399755,0.0,1.0,0.0,260.0,-1.0,-1.0,0.0,220.0,220.0,-1.0,0.0,0.0,1.0,-1.0,0.0,0.00833333358168602,0.03958333451300859,10211.986840820313,11584.96484375,1567.9501953125,627.8222045898438,2016.75732421875,4134.39892578125,7.3166722322348505
test,dropout030_relay_failure,no_task_support,no_task_support,none,none,4,60,no_task_support,results/intercept_3d_gate1_hardened_safety_no_task_support_5seed_fixed_update60_candidate/runs/multi_relation/bc_ppo_seed4/actor_critic_update_0060.pt,130085,85,checkpoint,100,straight,True,True,80,0.2,1.0,0.3,0,0.0,1,40,80,True,0.0,0.0,0.0,0.0,0.032051283006484695,0.22243590108477151,62.975640638344565,0.0,1.0,0.0,260.0,-1.0,-1.0,0.0,220.0,220.0,-1.0,0.0,0.0,1.0,-1.0,0.0,0.0,0.04583333469927311,11419.985892427885,13140.15625,3381.363525390625,1724.4219970703125,5718.68359375,6616.49951171875,4.671726727159694
test,dropout030_relay_failure,no_task_support,no_task_support,none,none,4,60,no_task_support,results/intercept_3d_gate1_hardened_safety_no_task_support_5seed_fixed_update60_candidate/runs/multi_relation/bc_ppo_seed4/actor_critic_update_0060.pt,130086,86,checkpoint,100,straight,True,True,80,0.2,1.0,0.3,0,0.0,1,40,80,True,0.0,0.0,0.0,0.0,0.05000000149011612,0.18589743920243704,69.64230769322468,0.0,1.0,0.0,260.0,-1.0,-1.0,0.0,220.0,220.0,-1.0,0.0,0.0,1.0,-1.0,0.0,0.0,0.03541666772216558,11251.440146108775,12996.4638671875,2681.381591796875,1232.40576171875,6824.53955078125,7486.517578125,4.443766773678362
test,dropout030_relay_failure,no_task_support,no_task_support,none,none,4,60,no_task_support,results/intercept_3d_gate1_hardened_safety_no_task_support_5seed_fixed_update60_candidate/runs/multi_relation/bc_ppo_seed4/actor_critic_update_0060.pt,130087,87,checkpoint,100,straight,True,True,80,0.2,1.0,0.3,0,0.0,1,40,80,True,0.0,0.0,0.0,0.0,0.032051283006484695,0.18846154178564364,71.18782041112964,0.0,1.0,0.0,260.0,-1.0,-1.0,0.0,220.0,220.0,-1.0,0.0,0.0,1.0,-1.0,0.0,0.00416666679084301,0.0416666679084301,11401.910712139423,16122.9013671875,2182.555908203125,855.6080932617188,13268.5478515625,7418.78369140625,0.8030305877327919
test,dropout030_relay_failure,no_task_support,no_task_support,none,none,4,60,no_task_support,results/intercept_3d_gate1_hardened_safety_no_task_support_5seed_fixed_update60_candidate/runs/multi_relation/bc_ppo_seed4/actor_critic_update_0060.pt,130088,88,checkpoint,100,straight,True,True,80,0.2,1.0,0.3,0,0.0,1,40,80,True,0.0,0.0,0.0,0.0,0.038461539607781633,0.17756410544881454,74.09743552517432,0.0,1.0,0.0,260.0,-1.0,-1.0,0.0,220.0,220.0,-1.0,0.0,0.0,1.0,-1.0,0.0,0.02083333395421505,0.0416666679084301,11270.807095102164,15360.06640625,3496.62158203125,669.2718505859375,13725.1123046875,8274.384765625,1.2766864192672074
test,dropout030_relay_failure,no_task_support,no_task_support,none,none,4,60,no_task_support,results/intercept_3d_gate1_hardened_safety_no_task_support_5seed_fixed_update60_candidate/runs/multi_relation/bc_ppo_seed4/actor_critic_update_0060.pt,130089,89,checkpoint,100,straight,True,True,80,0.2,1.0,0.3,0,0.0,1,40,80,True,0.0,0.0,0.0,0.0,0.13333333730697633,0.1692307718671285,76.95192368053473,0.0,1.0,0.0,260.0,-1.0,-1.0,0.0,220.0,220.0,-1.0,0.0,0.0,1.0,-1.0,0.0,0.00833333358168602,0.0416666679084301,10734.934502704327,12694.5048828125,3958.190673828125,540.451171875,4832.49951171875,8898.71484375,11.617402757750824
test,dropout030_relay_failure,no_task_support,no_task_support,none,none,4,60,no_task_support,results/intercept_3d_gate1_hardened_safety_no_task_support_5seed_fixed_update60_candidate/runs/multi_relation/bc_ppo_seed4/actor_critic_update_0060.pt,130090,90,checkpoint,100,straight,True,True,80,0.2,1.0,0.3,0,0.0,1,40,80,True,0.0,0.0,0.0,0.0,0.03589743696726286,0.21666667025822858,65.24358960183767,0.0,1.0,0.0,260.0,-1.0,-1.0,0.0,220.0,220.0,-1.0,0.0,0.0,1.0,-1.0,0.0,0.0,0.047916668094694616,10339.38837890625,13087.5908203125,4173.9658203125,1592.8067626953125,9746.779296875,5623.91064453125,4.668244622182101
test,dropout030_relay_failure,no_task_support,no_task_support,none,none,4,60,no_task_support,results/intercept_3d_gate1_hardened_safety_no_task_support_5seed_fixed_update60_candidate/runs/multi_relation/bc_ppo_seed4/actor_critic_update_0060.pt,130091,91,checkpoint,100,straight,True,True,80,0.2,1.0,0.3,0,0.0,1,40,80,True,0.0,0.0,0.0,0.0,0.02692307772544714,0.20641025992540213,65.6160253575215,0.0,1.0,0.0,260.0,-1.0,-1.0,0.0,220.0,220.0,-1.0,0.0,0.0,1.0,-1.0,0.0,0.0,0.03750000111758709,11976.714400540865,13790.37890625,3396.81884765625,1010.9462890625,6199.82470703125,7942.40185546875,2.8671511800494045
test,dropout030_relay_failure,no_task_support,no_task_support,none,none,4,60,no_task_support,results/intercept_3d_gate1_hardened_safety_no_task_support_5seed_fixed_update60_candidate/runs/multi_relation/bc_ppo_seed4/actor_critic_update_0060.pt,130092,92,checkpoint,100,straight,True,True,80,0.2,1.0,0.3,0,0.0,1,40,80,True,0.0,0.0,0.0,0.0,0.04102564224830041,0.18974359281934225,70.4006408935556,0.0,1.0,0.0,260.0,-1.0,-1.0,0.0,220.0,220.0,-1.0,0.0,0.0,1.0,-1.0,0.0,0.0,0.03958333451300859,12175.093246694712,14669.1865234375,2454.940673828125,1459.9801025390625,9218.5712890625,8171.7666015625,2.6293963459320366
test,dropout030_relay_failure,no_task_support,no_task_support,none,none,4,60,no_task_support,results/intercept_3d_gate1_hardened_safety_no_task_support_5seed_fixed_update60_candidate/runs/multi_relation/bc_ppo_seed4/actor_critic_update_0060.pt,130093,93,checkpoint,100,straight,True,True,80,0.2,1.0,0.3,0,0.0,1,40,80,True,0.0,0.0,0.0,0.0,0.17179487691475795,0.20512820894901568,66.12884652488506,0.0,1.0,0.0,260.0,-1.0,-1.0,0.0,220.0,220.0,-1.0,0.0,0.0,1.0,-1.0,0.0,0.03333333432674408,0.04583333469927311,10743.762451171875,12271.25390625,1665.2816162109375,688.8458862304688,5709.59033203125,7441.26025390625,18.01194818224758
test,dropout030_relay_failure,no_task_support,no_task_support,none,none,4,60,no_task_support,results/intercept_3d_gate1_hardened_safety_no_task_support_5seed_fixed_update60_candidate/runs/multi_relation/bc_ppo_seed4/actor_critic_update_0060.pt,130094,94,checkpoint,100,straight,True,True,80,0.2,1.0,0.3,0,0.0,1,40,80,True,0.0,0.0,0.0,0.0,0.08589743845737897,0.19102564436885028,69.89807711478609,0.0,1.0,0.0,260.0,-1.0,-1.0,0.0,220.0,220.0,-1.0,0.0,0.0,1.0,-1.0,0.0,0.0,0.05416666828095913,13527.043207256611,20407.302734375,440.40924072265625,1121.9779052734375,7546.4267578125,9172.119140625,4.941575000062585
test,dropout030_relay_failure,no_task_support,no_task_support,none,none,4,60,no_task_support,results/intercept_3d_gate1_hardened_safety_no_task_support_5seed_fixed_update60_candidate/runs/multi_relation/bc_ppo_seed4/actor_critic_update_0060.pt,130095,95,checkpoint,100,straight,True,True,80,0.2,1.0,0.3,0,0.0,1,40,80,True,0.0,0.0,0.0,0.0,0.032051283006484695,0.22371795378052273,59.32307675629854,0.0,1.0,0.0,260.0,-1.0,-1.0,0.0,220.0,220.0,-1.0,0.0,0.0,1.0,-1.0,0.0,0.0,0.03958333451300859,10795.988065279447,11959.5703125,2715.890625,1618.927978515625,4655.1474609375,4003.747802734375,5.843079530401155
test,dropout030_relay_failure,no_task_support,no_task_support,none,none,4,60,no_task_support,results/intercept_3d_gate1_hardened_safety_no_task_support_5seed_fixed_update60_candidate/runs/multi_relation/bc_ppo_seed4/actor_critic_update_0060.pt,130096,96,checkpoint,100,straight,True,True,80,0.2,1.0,0.3,0,0.0,1,40,80,True,0.0,0.0,0.0,0.0,0.04230769356855979,0.23525641486048698,61.655769230138795,0.0,1.0,0.0,260.0,-1.0,-1.0,0.0,220.0,220.0,-1.0,0.0,0.0,1.0,-1.0,0.0,0.0,0.047916668094694616,10062.809262319712,11507.5146484375,3074.64892578125,899.51416015625,5812.47509765625,3320.74658203125,7.453847736120224
test,dropout030_relay_failure,no_task_support,no_task_support,none,none,4,60,no_task_support,results/intercept_3d_gate1_hardened_safety_no_task_support_5seed_fixed_update60_candidate/runs/multi_relation/bc_ppo_seed4/actor_critic_update_0060.pt,130097,97,checkpoint,100,straight,True,True,80,0.2,1.0,0.3,0,0.0,1,40,80,True,0.0,0.0,0.0,0.0,0.04743589884959734,0.19615384901945407,70.84166639040296,0.0,1.0,0.0,260.0,-1.0,-1.0,0.0,220.0,220.0,-1.0,0.0,0.0,1.0,-1.0,0.0,0.0,0.02916666753590107,11039.586191030648,11909.5078125,3140.47998046875,1167.6123046875,5794.02880859375,7404.5556640625,5.387210797518492
test,dropout030_relay_failure,no_task_support,no_task_support,none,none,4,60,no_task_support,results/intercept_3d_gate1_hardened_safety_no_task_support_5seed_fixed_update60_candidate/runs/multi_relation/bc_ppo_seed4/actor_critic_update_0060.pt,130098,98,checkpoint,100,straight,True,True,80,0.2,1.0,0.3,0,0.0,1,40,80,True,0.0,0.0,0.0,0.0,0.037179488287522246,0.21089744017674372,64.67179491107281,0.0,1.0,0.0,260.0,-1.0,-1.0,0.0,220.0,220.0,-1.0,0.0,0.0,1.0,-1.0,0.0,0.01250000037252903,0.04583333469927311,11260.21699969952,16075.5859375,3812.469970703125,1148.0484619140625,11365.3505859375,7734.62841796875,2.6508153670001775
test,dropout030_relay_failure,no_task_support,no_task_support,none,none,4,60,no_task_support,results/intercept_3d_gate1_hardened_safety_no_task_support_5seed_fixed_update60_candidate/runs/multi_relation/bc_ppo_seed4/actor_critic_update_0060.pt,130099,99,checkpoint,100,straight,True,True,80,0.2,1.0,0.3,0,0.0,1,40,80,True,0.0,0.0,0.0,0.0,0.04615384752933795,0.18333333713503985,69.77564104686563,0.0,1.0,0.0,260.0,-1.0,-1.0,0.0,220.0,220.0,-1.0,0.0,0.0,1.0,-1.0,0.0,0.0,0.047916668094694616,11131.500392503005,15132.7177734375,3328.6015625,1286.762939453125,11059.9208984375,6559.9501953125,2.5310624656267464
