source_commit,historical_path,sha256,bytes,data_rows,has_strict_pre_endpoint_field,has_after_loss_field,has_survival_like_fields
e02a753,docs/paper_assets_v1_5/robustness_absolute_recovery_v1_5.csv,ea760eedbe085a9ace7c25eb2265237c57797c0197817d416c84e0006dc35754,1786,70,False,False,False
e02a753,docs/statistics/survival_results_v1_1/hierarchical_bootstrap.csv,0e3f8d09b571aa837690f62d79b4c5ae66f8cc2a4319e7ac772e000bf8581ab1,2260,48,False,False,True
e02a753,docs/statistics/survival_results_v1_1/rmst_seedwise.csv,e968bd8d1dfc82c40a4611fc4fee10c99c36d3cac2ac6539aa503ae89ed6ef6c,793,27,False,False,True
e02a753,docs/statistics/survival_results_v1_1/rmst_summary.csv,47019bdf4756773fe0030fad843ea2eda7ac1487153fda500686e4715cecb134,624,9,False,False,True
e02a753,docs/statistics/survival_results_v1_1/sensitivity_rmst.csv,d06f665f25f0585a98aacd1776cf4f8fbd218cefc13a2ddc451b1ff92efb6e4c,471,6,False,False,True
e02a753,docs/statistics/survival_results_v1_1/survival_data_audit.csv,5db8b6cf60fea4554ba14ac1309989015a497d841fe8c7354e02f0356e5736c4,436,11,False,False,False
e02a753,results/aggregate_robustness_summary.csv,94aac6ccb28a1d0670f2d32af0d5aa7a05990fa1d70091800ad0114704737c1a,963,6,False,False,False
e02a753,results/comm_dropout_robustness_eval.csv,69749b7bc46b24f63ff2d935618bc04a420da908a453879e069b741611929384,8236,54,False,False,False
e02a753,results/comm_dropout_robustness_summary.csv,838f26d97b8bb9f4550c8b9a79a29ece636aa407f0af90cf630e32473eb7f378,3092,18,False,False,False
e02a753,results/gate1_nominal_checkpoint_selection_smoke/validation_checkpoint_summary.csv,a27973ac9a4b158d97c05c8ccedc9f96eb052b9fab42a76c2c2e64def1f0eb09,400,1,False,False,False
e02a753,results/gate1_nominal_checkpoint_selection_smoke/validation_episode_metrics.csv,148d295a66a4c80b9301993838eacc1242174b9d4498655978abf851b6d69604,2248,2,False,True,True
e02a753,results/gate1_nominal_checkpoint_selection_smoke/validation_selected_checkpoints.csv,f26273f9173609fb8fe8c20bed76665b23e1de2a9247bc86377c0d2efa82bee9,373,1,False,False,False
e02a753,results/gate1_nominal_weaving_mild_formal_protocol/test_checkpoint_selection/test_checkpoint_summary.csv,ebbe3c3bacbb2c8a7b0392dc9345f422885211b85da22c219d51560933efc96f,2099,9,False,False,False
e02a753,results/gate1_nominal_weaving_mild_formal_protocol/test_checkpoint_selection/test_episode_metrics.csv,d8f2a934c0231772a9544f10a4db5fc05007d809b2bbff226970197424177431,492367,900,False,True,True
e02a753,results/gate1_nominal_weaving_mild_formal_protocol/test_checkpoint_selection/test_selected_checkpoints.csv,ae23af35752d5694acf1592f6c62e4084ad6560dcf8f9e4990da0c74487ad31f,2027,9,False,False,False
e02a753,results/gate1_nominal_weaving_mild_formal_protocol/validation_checkpoint_selection/validation_checkpoint_summary.csv,e79419fa875e58dcc9aee19a5745b417a2d2c3680d4f16bcfbf304cb09df4d86,11848,54,False,False,False
e02a753,results/gate1_nominal_weaving_mild_formal_protocol/validation_checkpoint_selection/validation_episode_metrics.csv,d2a28b3c2caaf66ff3cc01e7157f84d2db026b330e26ea5918cfb6fb1b17eeb2,894270,1620,False,True,True
e02a753,results/gate1_nominal_weaving_mild_formal_protocol/validation_checkpoint_selection/validation_selected_checkpoints.csv,61b08bc75f5f85562428a6194d7b393ff0ca16340d94396a1781d88d8ec2522e,2094,9,False,False,False
e02a753,results/gate1_nominal_weaving_mild_formal_protocol_smoke/test_checkpoint_selection/test_checkpoint_summary.csv,eb84955759ab87be2de8af675c4b70ceab84763015bbe953b28233227a2a2009,432,1,False,False,False
e02a753,results/gate1_nominal_weaving_mild_formal_protocol_smoke/test_checkpoint_selection/test_episode_metrics.csv,9deb5f408d2807de61d059f79e633fe1eaf555453b735c6ad7728a583a7d9970,2274,2,False,True,True
e02a753,results/gate1_nominal_weaving_mild_formal_protocol_smoke/test_checkpoint_selection/test_selected_checkpoints.csv,4617e56fe0e27c59f1dec2e31c479dda4d2959b36c9d32bf05b262a7e39e1d4a,407,1,False,False,False
e02a753,results/gate1_nominal_weaving_mild_formal_protocol_smoke/validation_checkpoint_selection/validation_checkpoint_summary.csv,5271521ad6999187a1163d7022c7431e70a37e3630629ad7543828ba74d60d15,438,1,False,False,False
e02a753,results/gate1_nominal_weaving_mild_formal_protocol_smoke/validation_checkpoint_selection/validation_episode_metrics.csv,079d66e53faaeb2479c7ad766730c7f1d36bf1712f521329f5e3495c50481a27,2286,2,False,True,True
e02a753,results/gate1_nominal_weaving_mild_formal_protocol_smoke/validation_checkpoint_selection/validation_selected_checkpoints.csv,bc07a3c6084b36d1bc6a462d6f7014f50520b5b0cb07c89ba69f2c369e447e20,413,1,False,False,False
e02a753,results/gate1_nominal_weaving_mild_no_graph_validation_selection_dev10/validation_checkpoint_summary.csv,c93c8dc3939a3c891ccaee6bdd9b61402027a55f4aa6d0e049dec1c41653b2de,3219,18,False,False,False
e02a753,results/gate1_nominal_weaving_mild_no_graph_validation_selection_dev10/validation_episode_metrics.csv,e3083867989157ea59da044b77f896c9b012015ed85e4cdfab2d9ea844ed0207,91684,180,False,True,True
e02a753,results/gate1_nominal_weaving_mild_no_graph_validation_selection_dev10/validation_selected_checkpoints.csv,284e93e623907cd6e5aa627e8bf9731eeab84aee5e66f3c929834381b1539ab8,696,3,False,False,False
e02a753,results/gate1_nominal_weaving_mild_no_graph_validation_selection_dev10_test30/test_checkpoint_summary.csv,7e37144b007c4bdf8ef51b2e4e17c1e60b5601aa54a2bfee1c2036da939005bb,711,3,False,False,False
e02a753,results/gate1_nominal_weaving_mild_no_graph_validation_selection_dev10_test30/test_episode_metrics.csv,9aa1ecfc7ff41a99f232902324ea8e7f8f60f19d8c3e4de1e70a0b40c7adb480,46000,90,False,True,True
e02a753,results/gate1_nominal_weaving_mild_no_graph_validation_selection_dev10_test30/test_selected_checkpoints.csv,590aa7c9661149a84d1361329d82483d1dfab1be731c59740a92de5d4f36d9be,678,3,False,False,False
e02a753,results/gate1_nominal_weaving_mild_oracle_assisted_3method_validation_selected_dev10_test30/test_selected_checkpoints_3method.csv,ee495437bb7da4eb48ec61be68ce2a4fd25cd2274ee466fd42d6d4cc6aa6820f,1622,9,False,False,False
e02a753,results/gate1_nominal_weaving_mild_oracle_assisted_validation_selection_dev10/validation_checkpoint_summary.csv,2df3c7d2613ca610efd4411471ecbcd2910e3e9f3ccc9cf5b2fc1de3e3c92612,6243,36,False,False,False
e02a753,results/gate1_nominal_weaving_mild_oracle_assisted_validation_selection_dev10/validation_episode_metrics.csv,6634c587dd44737552cb5ae0e6b01ef1e718a56e06e901fb2d56c8f86cb5a633,184440,360,False,True,True
e02a753,results/gate1_nominal_weaving_mild_oracle_assisted_validation_selection_dev10/validation_selected_checkpoints.csv,5cbe3556718226f4dc32458ed8ff4bd72e27e8d61913b5b41603a44c5ce61047,1178,6,False,False,False
e02a753,results/gate1_nominal_weaving_mild_oracle_assisted_validation_selection_dev10_test30/test_checkpoint_summary.csv,98a5dc0536739f0cd0f79283ebb013b4d390185bb6278513e6240eb9494c118b,1219,6,False,False,False
e02a753,results/gate1_nominal_weaving_mild_oracle_assisted_validation_selection_dev10_test30/test_episode_metrics.csv,57b2c447716a8a1a5bba714ebe74b1aaff8eea1e5a1ad07e3d4a9e1e0cdd9e61,91876,180,False,True,True
e02a753,results/gate1_nominal_weaving_mild_oracle_assisted_validation_selection_dev10_test30/test_selected_checkpoints.csv,4c43111aef0448bebb7c2a20c098aa0a41c1f3955e93cd1650a6287dcee31a8c,1161,6,False,False,False
e02a753,results/gate1_safety_fx60_dropout030_delay2_scout_failure_diag20/seed_aware_multi_vs_no_graph/intercept_3d_strict_sensing_recovered_only_steps.csv,697be7fecfc18ef7555bbe92bd03cf334ee13a07be25fd7a291ee155ece437e1,387,2,False,False,False
e02a753,results/gate1_safety_fx60_dropout030_delay2_scout_failure_diag20/seed_aware_multi_vs_no_graph/intercept_3d_strict_sensing_seed_aware_bootstrap.csv,de89d47d65437f70d28216cb3801a62e58de72908814e85c95e9e8ca10cb01fb,1092,8,False,False,True
e02a753,results/gate1_safety_fx60_dropout030_delay2_scout_failure_diag20/seed_aware_multi_vs_no_graph/intercept_3d_strict_sensing_seed_level_deltas.csv,b25dac7e19962efc23a072c634c1c1ca00628f2e1cfd7710b411cbe5723f0d32,3118,40,False,False,False
e02a753,results/gate1_safety_fx60_dropout030_delay2_scout_failure_diag20/seed_aware_multi_vs_single/intercept_3d_strict_sensing_recovered_only_steps.csv,f926467464a24abd8e1fd0962812a0f61856668e532cffb492d9a4d3578ee6e2,385,2,False,False,False
e02a753,results/gate1_safety_fx60_dropout030_delay2_scout_failure_diag20/seed_aware_multi_vs_single/intercept_3d_strict_sensing_seed_aware_bootstrap.csv,008fd8ae8832b0e45a2cecb2135225047c94f84eadf27eaa90c4f0ab151ca179,1092,8,False,False,True
e02a753,results/gate1_safety_fx60_dropout030_delay2_scout_failure_diag20/seed_aware_multi_vs_single/intercept_3d_strict_sensing_seed_level_deltas.csv,2a0255397db1a8c487e07fef2c65d4cdceb9e5c49a01149b3771ca549b1adb66,3171,40,False,False,False
e02a753,results/gate1_safety_fx60_dropout030_delay2_scout_failure_diag20/validation_checkpoint_summary.csv,3b18ed941f7717c749b8e078023b0259ed4d1f07f3b06de3f5793b5f035ce2dd,4922,15,False,False,False
e02a753,results/gate1_safety_fx60_dropout030_delay2_scout_failure_diag20/validation_episode_metrics.csv,4def685cdc9fdeb04e8bb4c324c7e21589f8b927533e4b26e287467f243ac8e1,180278,300,False,True,True
e02a753,results/gate1_safety_fx60_dropout030_delay2_scout_failure_diag20/validation_selected_checkpoints.csv,c79bad837536de5550d44516b681dd5eaf3e8d3382339741ba7510317fa6e90a,4321,15,False,False,False
e02a753,results/gate1_safety_fx60_dropout030_delay2_scout_failure_smoke/validation_checkpoint_summary.csv,0549fcc559202276612877b0954e92691c07d21d34f87a57d254c72b3277c105,863,1,False,False,False
e02a753,results/gate1_safety_fx60_dropout030_delay2_scout_failure_smoke/validation_episode_metrics.csv,9d4ea6b38352620aae9c2733fb78f2a83873560dae9bee345e0db1aec0a83cc2,1789,1,False,True,True
e02a753,results/gate1_safety_fx60_dropout030_delay2_scout_failure_smoke/validation_selected_checkpoints.csv,ab11fd8e00f3b2b89de374d68f63198e3ff173be1623f07641cf853c6982d867,737,1,False,False,False
e02a753,results/gate1_safety_fx60_dropout030_scout_failure_diag20/seed_aware_multi_vs_no_graph/intercept_3d_strict_sensing_recovered_only_steps.csv,de0a2d5be8399bc0c5408c1354840a9857612a1a175dec17c3017a45eae2bab7,380,2,False,False,False
e02a753,results/gate1_safety_fx60_dropout030_scout_failure_diag20/seed_aware_multi_vs_no_graph/intercept_3d_strict_sensing_seed_aware_bootstrap.csv,ed92c9003a789f2daab376e1295ca81fbf60ec77d5f7eaeb3870b51dc33ec97c,1089,8,False,False,True
e02a753,results/gate1_safety_fx60_dropout030_scout_failure_diag20/seed_aware_multi_vs_no_graph/intercept_3d_strict_sensing_seed_level_deltas.csv,acb8eb3bb73f3f165de3b1573f9f30d72b35d3603f3a3843e046a2693d9d6196,3129,40,False,False,False
e02a753,results/gate1_safety_fx60_dropout030_scout_failure_diag20/seed_aware_multi_vs_single/intercept_3d_strict_sensing_recovered_only_steps.csv,6a5d50f99478f3deb6a65faddd3fe0525fec5d09333950e0733a8b0360d526fa,385,2,False,False,False
e02a753,results/gate1_safety_fx60_dropout030_scout_failure_diag20/seed_aware_multi_vs_single/intercept_3d_strict_sensing_seed_aware_bootstrap.csv,e23a1c530b3bda6137ec54a3e040f039c420383bb70c320f8d1e0f5fbd77c8ce,1097,8,False,False,True
e02a753,results/gate1_safety_fx60_dropout030_scout_failure_diag20/seed_aware_multi_vs_single/intercept_3d_strict_sensing_seed_level_deltas.csv,10c97b87a7391026286adae511838b1c13b54e258f9ab3ded8e893df9fdcca71,3185,40,False,False,False
e02a753,results/gate1_safety_fx60_dropout030_scout_failure_diag20/validation_checkpoint_summary.csv,6969c0fd59c5d8c71e8ab60b9397fd45719a18204c1659381cdde6cbe0e050f0,4830,15,False,False,False
e02a753,results/gate1_safety_fx60_dropout030_scout_failure_diag20/validation_episode_metrics.csv,9b52aef2631a7b004c943f6bf5eeb663fd77da010d3e10ea796d21bf5e666b36,177209,300,False,True,True
e02a753,results/gate1_safety_fx60_dropout030_scout_failure_diag20/validation_selected_checkpoints.csv,18525e066845313798536e7dc0c898399494227b9b90e1ebf883893feb078f8e,4212,15,False,False,False
e02a753,results/gate1_safety_fx60_dropout030_scout_failure_smoke/validation_checkpoint_summary.csv,71d03e101d73aef2dd8777c4a450f738186f392479e14223ff379f175dbf41fd,862,1,False,False,False
e02a753,results/gate1_safety_fx60_dropout030_scout_failure_smoke/validation_episode_metrics.csv,9461f6ebfd6df65d76f1ad65ce9083812957958adc9bed7b0db3de033413dfa9,1802,1,False,True,True
e02a753,results/gate1_safety_fx60_dropout030_scout_failure_smoke/validation_selected_checkpoints.csv,3c99974276a8e8a73debccac4889e67770d1a536699fcc34a33f6fc1489e7f6e,730,1,False,False,False
e02a753,results/gate1_safety_fx60_failure_timing_generalization_delayed55_diag5/test_checkpoint_summary.csv,4961987894c14a628111e49568911bd311488dd2ea9bf5c8e7a4f2b82c380f0b,4619,15,False,False,False
e02a753,results/gate1_safety_fx60_failure_timing_generalization_delayed55_diag5/test_episode_metrics.csv,e2ca721c81e1ef1d80a0052984ec0faef720ed051ca2d3ceb756771db3c1bd54,43695,75,False,True,True
e02a753,results/gate1_safety_fx60_failure_timing_generalization_delayed55_diag5/test_selected_checkpoints.csv,3954b6a0f452622e9dee7055ed374c9d6cbb9af34e1db0ef9551e44af7dcbb3d,4159,15,False,False,False
e02a753,results/gate1_safety_fx60_failure_timing_generalization_diag5/test_checkpoint_summary.csv,2eeca5a5e6a82a797bac1cb4dc39f7660fe3bf5712ff41001c7072b9272af542,12700,45,False,False,False
e02a753,results/gate1_safety_fx60_failure_timing_generalization_diag5/test_episode_metrics.csv,8042dfef1304d2741f8e21e59eb97d64cf8dd3716426c078241dbb8a6a819884,131443,225,False,True,True
e02a753,results/gate1_safety_fx60_failure_timing_generalization_diag5/test_selected_checkpoints.csv,f98a5254376e6d348f4e62e8337e5081e9bb0f99d1eec8abb41eaa0501d753d3,11356,45,False,False,False
e02a753,results/gate1_safety_fx60_failure_timing_generalization_formal/test_checkpoint_summary.csv,dc6c2fee3ed4d094c3fca3ec8feac3dc1074f2383099bda15f01b2a6e2bdf997,10639,35,False,False,False
e02a753,results/gate1_safety_fx60_failure_timing_generalization_formal/test_episode_metrics.csv,f70c96a3cf01448014c1b1abad0247a0206cbf44e7ff46b1cc991c983018a00d,2082409,3500,False,True,True
e02a753,results/gate1_safety_fx60_failure_timing_generalization_formal/test_selected_checkpoints.csv,3b10db97668d512457619a37d2323bea7e4a0872cfb68154e44a17630aaf78e1,7975,30,False,False,False
e02a753,results/gate1_safety_fx60_failure_timing_generalization_formal_merged/seed_aware/early_multi_vs_no_graph/intercept_3d_strict_sensing_recovered_only_steps.csv,c3f04fa011385d91909378117f32ea7cc6979d855f25172e0368a8d790d4479d,388,2,False,False,False
e02a753,results/gate1_safety_fx60_failure_timing_generalization_formal_merged/seed_aware/early_multi_vs_no_graph/intercept_3d_strict_sensing_seed_aware_bootstrap.csv,c86c7e32a4fed318b515a584daa018e1deb6a4c639e00a768749558b1f875dd7,1162,8,False,False,True
e02a753,results/gate1_safety_fx60_failure_timing_generalization_formal_merged/seed_aware/early_multi_vs_no_graph/intercept_3d_strict_sensing_seed_level_deltas.csv,8c46e42b16fca0eec13f57dfbcfb54bdc59bb4860b94d282c28dc00c5aa75c08,3254,40,False,False,False
e02a753,results/gate1_safety_fx60_failure_timing_generalization_formal_merged/seed_aware/early_multi_vs_single/intercept_3d_strict_sensing_recovered_only_steps.csv,dcfb33512230001169e7b5a325000d0b454595de96f96bb95d59ffae45fe48cb,387,2,False,False,False
e02a753,results/gate1_safety_fx60_failure_timing_generalization_formal_merged/seed_aware/early_multi_vs_single/intercept_3d_strict_sensing_seed_aware_bootstrap.csv,8fd5d55d9e43775b63c3d5dbfe1df538700a85be90fdd06cbd31a1ed0f594ca1,1167,8,False,False,True
e02a753,results/gate1_safety_fx60_failure_timing_generalization_formal_merged/seed_aware/early_multi_vs_single/intercept_3d_strict_sensing_seed_level_deltas.csv,ec0db95377cb89a5501a0316815bcd34b3d736812084a2e335fdc01c7d52b5a5,3283,40,False,False,False
e02a753,results/gate1_safety_fx60_failure_timing_generalization_formal_merged/seed_aware/nominal_multi_vs_no_graph/intercept_3d_strict_sensing_recovered_only_steps.csv,b6e16cd68615a200a2f907e2d5cb76862963ab87d690c14bc5265f37fbf2dd07,389,2,False,False,False
e02a753,results/gate1_safety_fx60_failure_timing_generalization_formal_merged/seed_aware/nominal_multi_vs_no_graph/intercept_3d_strict_sensing_seed_aware_bootstrap.csv,5f69d557681aab9b4acaf4e8d0bb1024a04864b52873d8d20b69dd9c6e89dc6c,1165,8,False,False,True
e02a753,results/gate1_safety_fx60_failure_timing_generalization_formal_merged/seed_aware/nominal_multi_vs_no_graph/intercept_3d_strict_sensing_seed_level_deltas.csv,a62e64656fc334df23a196f67a057a8e74190f05e736abe6a0287985de627853,3231,40,False,False,False
e02a753,results/gate1_safety_fx60_failure_timing_generalization_formal_merged/seed_aware/nominal_multi_vs_single/intercept_3d_strict_sensing_recovered_only_steps.csv,a25249d56608a62541da71e6ad62b4c5e5778ef464d06b78f673f6bce8e67a4f,387,2,False,False,False
e02a753,results/gate1_safety_fx60_failure_timing_generalization_formal_merged/seed_aware/nominal_multi_vs_single/intercept_3d_strict_sensing_seed_aware_bootstrap.csv,674c472269bc0c8a0daa7818ccf8370f035ace0e044771f8e10bacc0f0e18706,1162,8,False,False,True
e02a753,results/gate1_safety_fx60_failure_timing_generalization_formal_merged/seed_aware/nominal_multi_vs_single/intercept_3d_strict_sensing_seed_level_deltas.csv,94352457d4a8c8c6e6df1be0f9090fbb8db6ec66f36f5eaaae3ffe9c890283f1,3260,40,False,False,False
e02a753,results/gate1_safety_fx60_failure_timing_generalization_formal_merged/test_checkpoint_summary.csv,0201fc296da7abe07440da9e860dda5b2ae83feb2950cdd1e29893baebae3914,9173,30,False,False,False
e02a753,results/gate1_safety_fx60_failure_timing_generalization_formal_merged/test_episode_metrics.csv,a9aab824e96e58e2abe9b1a4b5b311de76e644aa5770130d8a51c5b40be448e6,1776361,3000,False,True,True
e02a753,results/gate1_safety_fx60_failure_timing_generalization_formal_merged/test_selected_checkpoints.csv,3b10db97668d512457619a37d2323bea7e4a0872cfb68154e44a17630aaf78e1,7975,30,False,False,False
e02a753,results/gate1_safety_fx60_failure_timing_generalization_smoke/test_checkpoint_summary.csv,ff771eca3165d33c61d83b6e8ba018fa1a361bc3c4ad20c619ef6ac87bd7b583,867,1,False,False,False
e02a753,results/gate1_safety_fx60_failure_timing_generalization_smoke/test_episode_metrics.csv,751ee52d2215051554baacf3051cc63b04672f6adadb4704bb8838293c53adf6,1800,1,False,True,True
e02a753,results/gate1_safety_fx60_failure_timing_generalization_smoke/test_selected_checkpoints.csv,364f576522806c99f60d877245a08d57f27af76d8be208a3286650574767f608,733,1,False,False,False
e02a753,results/gate1_safety_fx60_no_curriculum_3seed_dev60_sweep_eval30/curriculum/validation_checkpoint_summary.csv,d1f916f6972235a70c6b4fd1e641e8a000188eea5d05f15b71783bcded490db3,5980,18,False,False,False
e02a753,results/gate1_safety_fx60_no_curriculum_3seed_dev60_sweep_eval30/curriculum/validation_episode_metrics.csv,e0a650f29622f53c135df5cb3ffcdf962f3b4362695b72bee1e3302b25727ba0,324044,540,False,True,True
e02a753,results/gate1_safety_fx60_no_curriculum_3seed_dev60_sweep_eval30/curriculum/validation_selected_checkpoints.csv,ee7cf95c7604386e6d6bef27fd8909c92c26633b84d539049008e67b6899683b,1267,3,False,False,False
e02a753,results/gate1_safety_fx60_no_curriculum_3seed_dev60_sweep_eval30/no_curriculum/validation_checkpoint_summary.csv,305f961c51c1331f60833b976493f787935fa26fb4e85c6b496246e2af78eab6,5821,18,False,False,False
e02a753,results/gate1_safety_fx60_no_curriculum_3seed_dev60_sweep_eval30/no_curriculum/validation_episode_metrics.csv,3d4f4b46c6880174efa6d5d10e7bb02467416deca62680424ff4bd6e9ff723e3,316545,540,False,True,True
e02a753,results/gate1_safety_fx60_no_curriculum_3seed_dev60_sweep_eval30/no_curriculum/validation_selected_checkpoints.csv,27ba3803ccb2dd4291e4b165eaba8f6af83ef9563a557f9d4a079b3fada3492c,1234,3,False,False,False
e02a753,results/gate1_safety_fx60_no_curriculum_seed0_dev10_eval30/curriculum/validation_checkpoint_summary.csv,e7a7cd23b8a512ddc9ecd8bd998256e213da86c35c8b349a97713758c3f4f331,886,1,False,False,False
e02a753,results/gate1_safety_fx60_no_curriculum_seed0_dev10_eval30/curriculum/validation_episode_metrics.csv,d03703bf0f319beddf1b4bd71e657283fdf916a50c678266d70a5efece5c8a19,19154,30,False,True,True
e02a753,results/gate1_safety_fx60_no_curriculum_seed0_dev10_eval30/curriculum/validation_selected_checkpoints.csv,cf5c17ebdcfae5aceb0ccb8196b41f791d800b784dd0d25a1815eb3723e7f1aa,737,1,False,False,False
e02a753,results/gate1_safety_fx60_no_curriculum_seed0_dev10_eval30/no_curriculum/validation_checkpoint_summary.csv,9eb9fe3dbf2610ee4a27a9abf37435969164907ddb5e2770945bfc78ccc98b5d,893,1,False,False,False
e02a753,results/gate1_safety_fx60_no_curriculum_seed0_dev10_eval30/no_curriculum/validation_episode_metrics.csv,d82e778b91d5600870ae9b815e25cbcd19a6d9e0c99e54307f3c7c32f86ed290,18751,30,False,True,True
e02a753,results/gate1_safety_fx60_no_curriculum_seed0_dev10_eval30/no_curriculum/validation_selected_checkpoints.csv,22f1d0c95cac6e8b1cd4e5894377ad240938dee144e73116002e276c8ce4be35,739,1,False,False,False
e02a753,results/gate1_safety_fx60_no_curriculum_seed0_dev60_sweep_eval30/curriculum/validation_checkpoint_summary.csv,c5f728d6e24b7a127b427927a45688e5afa2ac81e3ac07159b6c15fd971c03e1,2460,6,False,False,False
e02a753,results/gate1_safety_fx60_no_curriculum_seed0_dev60_sweep_eval30/curriculum/validation_episode_metrics.csv,b6c56c527e0705a4e8233ff261c5169eb8c4b4111b497ab15d1e9f36d5117639,108653,180,False,True,True
e02a753,results/gate1_safety_fx60_no_curriculum_seed0_dev60_sweep_eval30/curriculum/validation_selected_checkpoints.csv,67f2ac560668f7e76cc02d203000305162be16e5b043b68d76bca26102f82bbb,754,1,False,False,False
e02a753,results/gate1_safety_fx60_no_curriculum_seed0_dev60_sweep_eval30/no_curriculum/validation_checkpoint_summary.csv,1b3aa472da9a970de84d0c2f8a91615e1d1ba8560c15b76b70c152ad571a9185,2366,6,False,False,False
e02a753,results/gate1_safety_fx60_no_curriculum_seed0_dev60_sweep_eval30/no_curriculum/validation_episode_metrics.csv,c2d53a0788c0b600654f132688cdfa2c4fedefa6670ca1ba1cea1bd6791146dd,106012,180,False,True,True
e02a753,results/gate1_safety_fx60_no_curriculum_seed0_dev60_sweep_eval30/no_curriculum/validation_selected_checkpoints.csv,2ce63b649296aed5e8e3464a3cf88cf34c245b480d01123c26cfb7c79ea047a4,730,1,False,False,False
e02a753,results/gate1_safety_fx60_paper_tables/seed_aware_deltas.csv,56b82195757890517a6c42fbdf6713d01ec707a68656f84566414917464c72be,3324,24,False,False,False
e02a753,results/gate1_safety_fx60_weaving_mild_finetune_3seed_dev20/checkpoint_sweep/test_checkpoint_summary.csv,be12aaf3b5b79dfc0224453b6db9ce920a5ed0c0adda634ea777ce3ce7dadae0,1322,3,False,False,False
e02a753,results/gate1_safety_fx60_weaving_mild_finetune_3seed_dev20/checkpoint_sweep/test_episode_metrics.csv,40ccaf33187eaf437f1db57c0a3b4612bfc66b9718623eb1341a2744edbc0a64,17608,30,False,True,True
e02a753,results/gate1_safety_fx60_weaving_mild_finetune_3seed_dev20/checkpoint_sweep/test_selected_checkpoints.csv,bcf215a84bc18d325d2ec2f2d41ed69a8f83fe22fff4ad45b8d601a155b26f7b,1153,3,False,False,False
e02a753,results/gate1_safety_fx60_weaving_mild_finetune_3seed_dev20/checkpoint_sweep/validation_checkpoint_summary.csv,67eb4c26d43ad9ddf5e16abe0292cde2c3f2e2c83eaaffaf45129adc06568483,3602,12,False,False,False
e02a753,results/gate1_safety_fx60_weaving_mild_finetune_3seed_dev20/checkpoint_sweep/validation_episode_metrics.csv,764c4aaf0df103c2ef06a520af1f0c7db60d1cb9e96b987d74dd609aba5a6e16,66512,120,False,True,True
e02a753,results/gate1_safety_fx60_weaving_mild_finetune_3seed_dev20/checkpoint_sweep/validation_selected_checkpoints.csv,323b9cd17b7c06b9ba285c27973028761b547d94af00d324388f7710afc82561,1173,3,False,False,False
e02a753,results/gate1_safety_fx60_weaving_mild_finetune_3seed_dev20/checkpoint_sweep_all3/test_checkpoint_summary.csv,96be5cfe8094c233b403805b3f9d6d5b08b4a583b3b07740c0c550eb7b6256d5,2108,6,False,False,False
e02a753,results/gate1_safety_fx60_weaving_mild_finetune_3seed_dev20/checkpoint_sweep_all3/test_episode_metrics.csv,2d6084776a5bd25bb1cbb86d99eaecd2c04ae1ba06290b5858c73a2ae5966e5d,34323,60,False,True,True
e02a753,results/gate1_safety_fx60_weaving_mild_finetune_3seed_dev20/checkpoint_sweep_all3/test_selected_checkpoints.csv,c9ace6f7e0807d1844dde07397e9dae3c7b43778687d38c3267f73b0cafc30ca,1875,6,False,False,False
e02a753,results/gate1_safety_fx60_weaving_mild_finetune_3seed_dev20/checkpoint_sweep_all3/validation_checkpoint_summary.csv,a198d542198887bb070cbf3c7167ebd107458e4545f9953857a902996c21de2b,6854,24,False,False,False
e02a753,results/gate1_safety_fx60_weaving_mild_finetune_3seed_dev20/checkpoint_sweep_all3/validation_episode_metrics.csv,09bdb0498341fcc68d4a782cdd2eece7694e680c1c5ee0b277b09c50ece975a4,134886,240,False,True,True
e02a753,results/gate1_safety_fx60_weaving_mild_finetune_3seed_dev20/checkpoint_sweep_all3/validation_selected_checkpoints.csv,276b19d80c272a41a4c53d17359d7afde6922f4b9c2f636a5a03b6732fccb245,1914,6,False,False,False
e02a753,results/gate1_safety_fx60_weaving_mild_fixed_checkpoint_diag20/summary_by_method.csv,6133dc00e3c3d4440448b37669b05d4d9dc300afa617df10685b8f5e53839686,1149,3,False,False,False
e02a753,results/gate1_safety_fx60_weaving_mild_fixed_checkpoint_diag20/test_checkpoint_summary.csv,b183dbaf817e1262229526c497b2f708a070de66bc7148a28cb1700cad92dbac,4573,15,False,False,False
e02a753,results/gate1_safety_fx60_weaving_mild_fixed_checkpoint_diag20/test_episode_metrics.csv,5c8c46060de2c9fecda48898391aa76bac09063161f8dfd7716e66b43d84898c,173259,300,False,True,True
e02a753,results/gate1_safety_fx60_weaving_mild_fixed_checkpoint_diag20/test_selected_checkpoints.csv,4352fdbaa4c359ff1fd1bad5a3fa67f4201f2525899e9bb7c9a5a3cfd4770ece,4060,15,False,False,False
e02a753,results/gate1_safety_fx60_weaving_mild_nominal_finetune_from_straight_h64_lr1e5_dev20/checkpoint_sweep_nominal/test_checkpoint_summary.csv,708d4aac5d7700ab6cd6b6e12f442f1f5c335b9bcb3ebbf533227a5a502af0b1,1421,3,False,False,False
e02a753,results/gate1_safety_fx60_weaving_mild_nominal_finetune_from_straight_h64_lr1e5_dev20/checkpoint_sweep_nominal/test_episode_metrics.csv,449a00140f983dd95301956825dbf4d18b1b47df00930cc25a51f7b2eac90794,69429,120,False,True,True
e02a753,results/gate1_safety_fx60_weaving_mild_nominal_finetune_from_straight_h64_lr1e5_dev20/checkpoint_sweep_nominal/test_selected_checkpoints.csv,050ed164e230b864ba58249de40c9015cedf03a58cd5d348a9a9d347bc5bbdce,1251,3,False,False,False
e02a753,results/gate1_safety_fx60_weaving_mild_nominal_finetune_from_straight_h64_lr1e5_dev20/checkpoint_sweep_nominal/validation_checkpoint_summary.csv,fe952d3f1542f1655e5fb7a30741e4de0639f38b75ac1d9f1cc335ccb8c90dda,3933,12,False,False,False
e02a753,results/gate1_safety_fx60_weaving_mild_nominal_finetune_from_straight_h64_lr1e5_dev20/checkpoint_sweep_nominal/validation_episode_metrics.csv,5c2d1ebdcf2ec5eebcbe5f7d38ab2f2579774c7caf5d8225b0ed4efeffc06cfd,139121,240,False,True,True
e02a753,results/gate1_safety_fx60_weaving_mild_nominal_finetune_from_straight_h64_lr1e5_dev20/checkpoint_sweep_nominal/validation_selected_checkpoints.csv,a4d0eb37347ec5a36c1e68726467598f8fdef9205ee28610f233ee619d457e21,1260,3,False,False,False
e02a753,results/gate1_safety_fx60_weaving_mild_nominal_finetune_from_straight_h64_lr1e5_dev20/checkpoint_sweep_nominal_both/validation_checkpoint_summary.csv,e56a58a7c373539ddd03599b5e994ee248a4bd696792840318f2b52b3d22b9ac,5409,18,False,False,False
e02a753,results/gate1_safety_fx60_weaving_mild_nominal_finetune_from_straight_h64_lr1e5_dev20/checkpoint_sweep_nominal_both/validation_episode_metrics.csv,11576ea315f643a04345c2692c0e67d06ddc66f24ecc8d9b4ce9af1c8425641d,202952,360,False,True,True
e02a753,results/gate1_safety_fx60_weaving_mild_nominal_finetune_from_straight_h64_lr1e5_dev20/checkpoint_sweep_nominal_single/test_checkpoint_summary.csv,e823544541673d9db01e6a5bf6fde6021cff4944b6542e864b9816524fad8b53,1358,3,False,False,False
e02a753,results/gate1_safety_fx60_weaving_mild_nominal_finetune_from_straight_h64_lr1e5_dev20/checkpoint_sweep_nominal_single/test_episode_metrics.csv,9bddec64a28b79a4b039281dfe7bd17f8bb7b280661226e60bfc83e692af5429,66722,120,False,True,True
e02a753,results/gate1_safety_fx60_weaving_mild_nominal_finetune_from_straight_h64_lr1e5_dev20/checkpoint_sweep_nominal_single/test_selected_checkpoints.csv,f634ba19a1d9509dab46993780d6b2465c522e1977b904f99cbffd9a67448c22,1195,3,False,False,False
e02a753,results/gate1_safety_fx60_weaving_mild_nominal_finetune_from_straight_h64_lr1e5_dev20/checkpoint_sweep_nominal_single/validation_checkpoint_summary.csv,5c393eb430d68150970d98b86991c4d891120a5046b27b47eab5638f82a41516,3741,12,False,False,False
e02a753,results/gate1_safety_fx60_weaving_mild_nominal_finetune_from_straight_h64_lr1e5_dev20/checkpoint_sweep_nominal_single/validation_episode_metrics.csv,092c17033547fcb3b1183b4e3cf65b86a1a8be643acaee27e556054087016661,133595,240,False,True,True
e02a753,results/gate1_safety_fx60_weaving_mild_nominal_finetune_from_straight_h64_lr1e5_dev20/checkpoint_sweep_nominal_single/validation_selected_checkpoints.csv,9b4f7728aebeb68a59698dd55bcda4043dda32dea26cadfc9049a1cf8b29976b,1216,3,False,False,False
e02a753,results/gate1_safety_fx60_weaving_mild_nominal_finetune_from_straight_h64_lr1e5_dev20/combined_nominal_summary/test_selected_checkpoint_summary.csv,f71afb5163217942a3f2feace7df7688c05009dd8bb5b551639cf894a7c3bd71,2225,6,False,False,False
e02a753,results/gate1_safety_fx60_weaving_mild_nominal_finetune_from_straight_h64_lr1e5_dev60/checkpoint_sweep_nominal_multi/validation_checkpoint_summary.csv,f49b4fc8b84f41b2864a7c026454108ac50ed2baa12269fc9e6fece90c31fbde,6860,22,False,False,False
e02a753,results/gate1_safety_fx60_weaving_mild_nominal_finetune_from_straight_h64_lr1e5_dev60/checkpoint_sweep_nominal_multi/validation_episode_metrics.csv,59df4e6d3400ce3bd974cb482f696fa3b328c5ef131a8adc58b895074c24eaf1,381928,660,False,True,True
e02a753,results/gate1_safety_fx60_weaving_mild_nominal_finetune_from_straight_h64_lr1e5_dev60/clean_validation_selection/validation_checkpoint_summary_clean.csv,1fb5c42c191806dca441001f5ed2392c9a1bf9477391b19db8e5ca631c8eeda9,3711,18,False,False,False
e02a753,results/gate1_safety_fx60_weaving_mild_nominal_finetune_from_straight_h64_lr1e5_dev60/clean_validation_selection/validation_selected_checkpoints_clean.csv,5a071f8f91b8c2ab87ccff05ed1a2ff1149cb9ae28f88264a7e557cbc6e411fc,738,3,False,False,False
e02a753,results/gate1_safety_fx60_weaving_mild_stage1_nominal_dev/bc_checkpoint_eval30/multi_relation/seed0/episode_metrics.csv,d1b85410370371cd212cf4def6d4ab8dec9320d70b06a0bb42175e090bf1bb9e,16045,30,False,True,True
e02a753,results/gate1_safety_fx60_weaving_mild_stage1_nominal_dev/bc_checkpoint_eval30/multi_relation/seed1/episode_metrics.csv,4f5535e8ad815d3382da1f02c8083463a1dbf4c95f8a0a16339a9a4e7863dfd4,16082,30,False,True,True
e02a753,results/gate1_safety_fx60_weaving_mild_stage1_nominal_dev/bc_checkpoint_eval30/multi_relation/seed2/episode_metrics.csv,81ed3ebc555c549c0dcfc72f39fb522f8b177a849676303c20479b5c478f5c6b,16022,30,False,True,True
e02a753,results/gate1_safety_fx60_weaving_mild_stage1_nominal_dev/bc_checkpoint_eval30/single/seed0/episode_metrics.csv,04a7092071e60fdd4fb7328cfb64f95f684526bf86e79a52e74d2a5fd2c9e6f8,15710,30,False,True,True
e02a753,results/gate1_safety_fx60_weaving_mild_stage1_nominal_dev/bc_checkpoint_eval30/single/seed1/episode_metrics.csv,b3235d6067d6f9681cd5c795457e3d1a3a5a9caec3f2184c137baf289b2f1f67,16016,30,False,True,True
e02a753,results/gate1_safety_fx60_weaving_mild_stage1_nominal_dev/bc_checkpoint_eval30/single/seed2/episode_metrics.csv,ca80d1e3ba2553cd1f061a66bcde7b58505011fac3aeb9032bb21e429009ce3e,15918,30,False,True,True
e02a753,results/gate1_safety_fx60_weaving_mild_stage1_nominal_dev/bc_checkpoint_eval30/summary/combined_episode_metrics.csv,da7b6043d557ee0dd91d70a430bf55f521a1e84b5748313e5759da6bd1b524a6,92130,180,False,True,True
e02a753,results/gate1_safety_fx60_weaving_mild_stage1_nominal_dev/bc_checkpoint_eval30/summary/seed_summary.csv,d6c2fd3bff667d0aa05d0854bc276b194517f1aaf7191953724a5bdccba5e621,856,6,False,False,False
e02a753,results/gate1_safety_fx60_weaving_mild_stage1_nominal_dev/bc_checkpoint_eval30/summary/summary_by_method.csv,3e43e5ae97e1ebffcd40609e665f161eb122ecfe2c1533f56e6139f9e7af3574,970,2,False,False,False
e02a753,results/gate1_safety_fx60_weaving_mild_stage1_nominal_dev/checkpoint_sweep_nominal_best/test_checkpoint_summary.csv,f7dbc64598286168932811c7a7aa4192bd52b7406c9a0809c32c55b928d6cab8,2101,6,False,False,False
e02a753,results/gate1_safety_fx60_weaving_mild_stage1_nominal_dev/checkpoint_sweep_nominal_best/test_episode_metrics.csv,d979e8e3bf3b76837e5ae306abda58a9fdbca58176f7750242166bf60fa79ab4,98045,180,False,True,True
e02a753,results/gate1_safety_fx60_weaving_mild_stage1_nominal_dev/checkpoint_sweep_nominal_best/test_seed_summary_compact.csv,364c61d2bbb931807bf25641dec18087b24d4db21ac23f78811b74237bd01f9c,595,6,False,False,False
e02a753,results/gate1_safety_fx60_weaving_mild_stage1_nominal_dev/checkpoint_sweep_nominal_best/test_selected_checkpoints.csv,9cbe91de1a1527a0b99a56ff29b4dad4e34a9ac9d57dd3909413ce85e05c23b9,1863,6,False,False,False
e02a753,results/gate1_safety_fx60_weaving_mild_stage1_nominal_dev/checkpoint_sweep_nominal_best/test_summary_by_method_compact.csv,b09cec84d74b4d45dfecd47465d80a370738569e1be80da1883f513ccc569258,823,2,False,False,False
e02a753,results/gate1_safety_fx60_weaving_mild_stage1_nominal_dev/checkpoint_sweep_nominal_best/validation_checkpoint_summary.csv,fee06a976cbd8adfad98dde2503c83d5a8d7ace2cc94eb42694f29ed3d5a1634,2084,6,False,False,False
e02a753,results/gate1_safety_fx60_weaving_mild_stage1_nominal_dev/checkpoint_sweep_nominal_best/validation_episode_metrics.csv,a2c741aa21b6842c3ba382be241deea8b7db32c9c997d20be15c73ee32fef41f,66518,120,False,True,True
e02a753,results/gate1_safety_fx60_weaving_mild_stage1_nominal_dev/checkpoint_sweep_nominal_best/validation_seed_summary_compact.csv,8761f410d16dd2d4b21420523a2b052d0a8739b44fbd834b3e06cb4409a4bed5,549,6,False,False,False
e02a753,results/gate1_safety_fx60_weaving_mild_stage1_nominal_dev/checkpoint_sweep_nominal_best/validation_selected_checkpoints.csv,e40a2e8f586c097f0c398a2228d2c7abb33a6b47d5404e4a191a1410a56a0403,1873,6,False,False,False
e02a753,results/gate1_safety_fx60_weaving_mild_stage1_nominal_dev/checkpoint_sweep_nominal_best/validation_summary_by_method_compact.csv,622000e23fc42236f64d7f9834e026860a019e95e238bb0abd29fb78f716ebc2,799,2,False,False,False
e02a753,results/gate1_target_policy_curriculum_multi_3seed_dev30x2/checkpoint_sweep_weaving_mild/test_checkpoint_summary.csv,926e92c27744c0ebcf71dcfb620e3ed0cfa64b1febe49e8af3e3eb16c39e9789,1395,3,False,False,False
e02a753,results/gate1_target_policy_curriculum_multi_3seed_dev30x2/checkpoint_sweep_weaving_mild/test_episode_metrics.csv,3396d3f8b7e2355a05834b50b640e4b82bb55d8b8078f406be675370f9d30440,85730,150,False,True,True
e02a753,results/gate1_target_policy_curriculum_multi_3seed_dev30x2/checkpoint_sweep_weaving_mild/test_selected_checkpoints.csv,36dd7bbf178ae4b87978cbd075997fc2d11466012d47c64a2c7166b412c9727b,1228,3,False,False,False
e02a753,results/gate1_target_policy_curriculum_multi_3seed_dev30x2/checkpoint_sweep_weaving_mild/test_selected_seed_summary_compact.csv,138f1d0cebc0e185f3dff86f455190c67e0be9c0b1935111beb5215e3aa5f1ee,301,3,False,False,False
e02a753,results/gate1_target_policy_curriculum_multi_3seed_dev30x2/checkpoint_sweep_weaving_mild/test_selected_summary_by_method_compact.csv,ebb77e9a66dac711d556234917c751681110038559ea3fd3539dbf681ef4bb88,375,1,False,False,False
e02a753,results/gate1_target_policy_curriculum_multi_3seed_dev30x2/checkpoint_sweep_weaving_mild/validation_checkpoint_summary.csv,c3f2734288e1168b868888a7bf07770457e7298afacdeed46f6d634b6c7ae8fd,3060,9,False,False,False
e02a753,results/gate1_target_policy_curriculum_multi_3seed_dev30x2/checkpoint_sweep_weaving_mild/validation_episode_metrics.csv,1da9799be66eea24242e03e2a11f28bf21caf07d85e6678231e7fccea0c6013d,154901,270,False,True,True
e02a753,results/gate1_target_policy_curriculum_multi_3seed_dev30x2/checkpoint_sweep_weaving_mild/validation_selected_checkpoints.csv,9caa663d277b02bf8b31847c95619a34092252d60c36d604d739d617b3bcaf2d,1244,3,False,False,False
e02a753,results/gate1_target_policy_curriculum_multi_3seed_dev30x2/checkpoint_sweep_weaving_mild/validation_selected_seed_summary_compact.csv,f64fdb922a8b6b92cae145126d59924b6539d4d6e9ad097b9293d4ba0b7c91c7,299,3,False,False,False
e02a753,results/gate1_target_policy_curriculum_multi_3seed_dev30x2/checkpoint_sweep_weaving_mild/validation_selected_summary_by_method_compact.csv,8ff202990bd53aa67fb3c3d6e72a64004157b0d5a028600e57567cded6f8a7b8,344,1,False,False,False
e02a753,results/happo_checkpoint_sweep_smoke/test_checkpoint_summary.csv,e983a0879655a04c3b21cf91898f1d35105a2c3707b9c73f0767aaaeaf2c8f73,791,1,False,False,False
e02a753,results/happo_checkpoint_sweep_smoke/test_episode_metrics.csv,e9ec0babab4dc39973d7d3c4554418a1b3c0582b4040c52e0ee76cff89fe2ea3,1703,1,False,True,True
e02a753,results/happo_checkpoint_sweep_smoke/test_selected_checkpoints.csv,2fec794e43825f987f74ef5dcb627c0bc1f5108c075b5927caad981cf4eebea3,656,1,False,False,False
e02a753,results/happo_checkpoint_sweep_smoke/validation_checkpoint_summary.csv,cf8a711e8dd1b0b36bd4a4e05ab39877bd03e0b164d9ebd98241e0e496f8f0cd,799,1,False,False,False
e02a753,results/happo_checkpoint_sweep_smoke/validation_episode_metrics.csv,3a970986bcc1c398a8dc8de9dca1b687230d8644c86dffb0fa99c0fb9c7fb418,1715,1,False,True,True
e02a753,results/happo_checkpoint_sweep_smoke/validation_selected_checkpoints.csv,c92a7df31f5104d2961eed8ceafc072aa78f25ba9fe1bcaf11d0aad73f8ab522,661,1,False,False,False
e02a753,results/intercept_3d_bottleneck_checkpoint_sweep_metadata_smoke/validation_checkpoint_summary.csv,3772059c3a0f5c4682e91132b703cae22f4851b1cda604227d840a938bcdd43d,635,1,False,False,False
e02a753,results/intercept_3d_bottleneck_checkpoint_sweep_metadata_smoke/validation_episode_metrics.csv,42e183a272779f6c0b24e160fbba206518fc181edeb89edfb60f2072f579ec5b,1308,1,False,False,False
e02a753,results/intercept_3d_bottleneck_checkpoint_sweep_metadata_smoke/validation_selected_checkpoints.csv,8a91d58dc067c17d7c0a10b4f9412ee8f9abcbfa9bad37a85bf8129509cfacd7,457,1,False,False,False
e02a753,results/intercept_3d_bottleneck_checkpoint_sweep_smoke/test_checkpoint_summary.csv,6679f93247f94fa3fb6139d76ba9159c638283fc14040fb0f009f6568a20fdfc,571,1,False,False,False
e02a753,results/intercept_3d_bottleneck_checkpoint_sweep_smoke/test_episode_metrics.csv,72d699fafa9e1622402a666085c90eac8018a35f71ec5c2e7094447de3333221,1252,1,False,False,False
e02a753,results/intercept_3d_bottleneck_checkpoint_sweep_smoke/test_selected_checkpoints.csv,c9635c3e7ddd9ff1d59f19e09d48d47713bbbdbdf9d6b58966255873d7a7d4a9,390,1,False,False,False
e02a753,results/intercept_3d_break_turn_curriculum_seed0_pilot/robustness_eval/episode_metrics.csv,6247af9116510fde83594b207eb098c7ba65c0cf69b0ec3bef67eeb099672d4b,53422,120,False,False,False
e02a753,results/intercept_3d_fair_source_checkpoint_inventory.csv,c9e0f3ca3bad157939b72e7a05e9cb556d7b7ab7c2691787e8868ccf58b352f5,3546,9,False,False,False
e02a753,results/intercept_3d_fair_staged_source_dev_seed0/stage4_strict_smoke/checkpoint_sweep/test_checkpoint_summary.csv,b25e5bfca5be8e6173d81a4de7513a7d03442c9c2946c764ccec054ba86f068f,761,2,False,False,False
e02a753,results/intercept_3d_fair_staged_source_dev_seed0/stage4_strict_smoke/checkpoint_sweep/test_episode_metrics.csv,193fd6665ce4029ee3047842bfb95f3aa3b301fd3abe4cc7ce8a1542bf84e7d6,5335,10,False,False,False
e02a753,results/intercept_3d_fair_staged_source_dev_seed0/stage4_strict_smoke/checkpoint_sweep/test_selected_checkpoints.csv,d10e9a73327750591794fbe5e728daf252bdfca26865c70b71c1978b0fcc8280,555,2,False,False,False
e02a753,results/intercept_3d_fair_staged_source_dev_seed0/stage4_strict_smoke/checkpoint_sweep/validation_checkpoint_summary.csv,5d6574996228e0bed429fb7d2749abca18aa1899cde665ac8b70c559966936d0,1630,6,False,False,False
e02a753,results/intercept_3d_fair_staged_source_dev_seed0/stage4_strict_smoke/checkpoint_sweep/validation_episode_metrics.csv,5c010c887315d19fa466de80ee1312cef4a9daf5d67ab920dd21d3bee8396bc8,14626,30,False,False,False
e02a753,results/intercept_3d_fair_staged_source_dev_seed0/stage4_strict_smoke/checkpoint_sweep/validation_selected_checkpoints.csv,1eca93530965792a13fd5ce67994284943b4c298618f3a2b67137f04198dc8fe,567,2,False,False,False
e02a753,results/intercept_3d_fair_staged_source_smoke/stage4_strict_smoke/checkpoint_sweep/test_checkpoint_summary.csv,722ae3160b1552f48dec36a1f40b41894037253df8bc338bf6beb1d7ad2499ca,958,3,False,False,False
e02a753,results/intercept_3d_fair_staged_source_smoke/stage4_strict_smoke/checkpoint_sweep/test_episode_metrics.csv,47e38bfc9c556f3e99d4896da9bd29f40f01ad58dff4838d503423c58042bdd7,2096,3,False,False,False
e02a753,results/intercept_3d_fair_staged_source_smoke/stage4_strict_smoke/checkpoint_sweep/test_selected_checkpoints.csv,3a2c03a655db53b0fbb2b577212f040acf5872e457450d6bc19d3b0e279d7255,717,3,False,False,False
e02a753,results/intercept_3d_fair_staged_source_smoke/stage4_strict_smoke/checkpoint_sweep/validation_checkpoint_summary.csv,9b623aa50bec2ecb1249266d22ed5078d92548aa4513b018792887df50fedb63,975,3,False,False,False
e02a753,results/intercept_3d_fair_staged_source_smoke/stage4_strict_smoke/checkpoint_sweep/validation_episode_metrics.csv,ec660d8ec3c1a46a17a9ec0488091653a3701c93e421938fa4c0183405fd6f44,2116,3,False,False,False
e02a753,results/intercept_3d_fair_staged_source_smoke/stage4_strict_smoke/checkpoint_sweep/validation_selected_checkpoints.csv,0db0f732e24398387a111d426b7b30b59fbdda80028efc0bb93c7612696191e9,735,3,False,False,False
e02a753,results/intercept_3d_formal_protocol_collision_option_smoke3/checkpoint_sweep/test_checkpoint_summary.csv,3d04003ef59bb10e86259b33b12d92737c94abc5ce1666cefbb25a915061ba9f,605,1,False,False,False
e02a753,results/intercept_3d_formal_protocol_collision_option_smoke3/checkpoint_sweep/test_episode_metrics.csv,520407a8bbd4400edcf8fa25bb89e6f39501f5ae1afb216cb9e32dd0224dae60,1280,1,False,False,False
e02a753,results/intercept_3d_formal_protocol_collision_option_smoke3/checkpoint_sweep/test_selected_checkpoints.csv,107b7ed42cdb13993abc8a2a3e6bd985d8beac62f9fbd7ad1f07f454e3e9bad6,474,1,False,False,False
e02a753,results/intercept_3d_formal_protocol_collision_option_smoke3/checkpoint_sweep/validation_checkpoint_summary.csv,4e397a2ed1d66e7d816df1251e6a91bca87b81bba503850147c8c07e2d4d38bd,611,1,False,False,False
e02a753,results/intercept_3d_formal_protocol_collision_option_smoke3/checkpoint_sweep/validation_episode_metrics.csv,0d6607cdf1ccc0732d33f812e307b7f16dad4bf3865c5600d7b475b5593c116e,1287,1,False,False,False
e02a753,results/intercept_3d_formal_protocol_collision_option_smoke3/checkpoint_sweep/validation_selected_checkpoints.csv,2a765b981533209af1bbe50dd4d64ce88bdcdee6e9b8ecf681ba38911887983c,480,1,False,False,False
e02a753,results/intercept_3d_formal_seed34_source_generation/stage4_strict_smoke/checkpoint_sweep/test_checkpoint_summary.csv,e79bf6b6ace7d36d5f05b43bafdbbde8da68809adaa111c0cd85886e0bc30ca9,635,1,False,False,False
e02a753,results/intercept_3d_formal_seed34_source_generation/stage4_strict_smoke/checkpoint_sweep/test_episode_metrics.csv,f383590f684d63e3f211c08bfdc084a1b77f1a64a22d2a7f4af263eca7d17ff8,1327,1,False,False,False
e02a753,results/intercept_3d_formal_seed34_source_generation/stage4_strict_smoke/checkpoint_sweep/test_selected_checkpoints.csv,ca2747c134fda2c57b98816b4f9a323820388a96581b6698aa7ac3407ee7da27,492,1,False,False,False
e02a753,results/intercept_3d_formal_seed34_source_generation/stage4_strict_smoke/checkpoint_sweep/validation_checkpoint_summary.csv,f9428f438c43f64224f8b4dae984f7f236431b5682d4c6edbb135aaa2d1e30ad,638,1,False,False,False
e02a753,results/intercept_3d_formal_seed34_source_generation/stage4_strict_smoke/checkpoint_sweep/validation_episode_metrics.csv,606af320ada723055408d8b2aaeeea879cafa01cffae7c8dd7f9eb907137c9fc,1319,1,False,False,False
e02a753,results/intercept_3d_formal_seed34_source_generation/stage4_strict_smoke/checkpoint_sweep/validation_selected_checkpoints.csv,48dd246229e375822644aa31770b65ddcdf025ba38f0775fceadec5dc194c119,498,1,False,False,False
e02a753,results/intercept_3d_gate1_collision_selection_smoke/validation_checkpoint_summary.csv,867e4fc816ffd4736f6a28705dcb67779eb4c0c94b50b7b26dd2f50d7118bb60,607,1,False,False,False
e02a753,results/intercept_3d_gate1_collision_selection_smoke/validation_episode_metrics.csv,04551456f37cc564c24da3b0e06b300fde0df5fa4768a118868a6192de878872,1282,1,False,False,False
e02a753,results/intercept_3d_gate1_collision_selection_smoke/validation_selected_checkpoints.csv,15aa451b6f77b82f444b428120a7b11cb4adf673cd6f702cfd9853e12c9dc711,436,1,False,False,False
e02a753,results/intercept_3d_gate1_collision_selection_smoke2/validation_checkpoint_summary.csv,6b657ccf96cfcabf184bf9e27490e0fd28c5abebf67e198437ac02e89c97c23e,617,1,False,False,False
e02a753,results/intercept_3d_gate1_collision_selection_smoke2/validation_episode_metrics.csv,040f7bdc78c87236f01cdff26e7d2f9770ad813e25be9fcd8fbe1817df81ec74,1302,1,False,False,False
e02a753,results/intercept_3d_gate1_collision_selection_smoke2/validation_selected_checkpoints.csv,794a495aa4bd2ab11b5bbf3cd58ad74488c65cd58934f203147fed2c56b07d1a,436,1,False,False,False
e02a753,results/intercept_3d_gate1_dropout030_bottleneck_5seed_formal/checkpoint_sweep/test_checkpoint_summary.csv,bb50e2a1c26c6a6ef863e17eab6751d6b192c5ebd6ea10b6e9941f3752c8dd09,4029,15,False,False,False
e02a753,results/intercept_3d_gate1_dropout030_bottleneck_5seed_formal/checkpoint_sweep/test_episode_metrics.csv,ec6afae090048ff92285b63b469dfb2861572cb85a0c2fa0940b525e144ff631,721705,1500,False,False,False
e02a753,results/intercept_3d_gate1_dropout030_bottleneck_5seed_formal/checkpoint_sweep/test_selected_checkpoints.csv,aaa26f64193a4645120f5090c83ab1a1963426ea812c33aefc603226201893b2,3368,15,False,False,False
e02a753,results/intercept_3d_gate1_dropout030_bottleneck_5seed_formal/checkpoint_sweep/validation_checkpoint_summary.csv,73781834131966778864982d2ad774d93e75d46ddd99c5a5e9495ab46677540f,22496,90,False,False,False
e02a753,results/intercept_3d_gate1_dropout030_bottleneck_5seed_formal/checkpoint_sweep/validation_episode_metrics.csv,a818b90158602afb547d30d50d33b5f1cfb1a814267a657c9b69e7c471ec96d4,2185936,4500,False,False,False
e02a753,results/intercept_3d_gate1_dropout030_bottleneck_5seed_formal/checkpoint_sweep/validation_selected_checkpoints.csv,c00cbf8e14f0d6d02e20f20f3edfb1961fc94deed107861b7ff0ae8386e07acc,3412,15,False,False,False
e02a753,results/intercept_3d_gate1_dropout030_bottleneck_5seed_formal/seed_aware_no_graph_vs_multi/intercept_3d_strict_sensing_recovered_only_steps.csv,32e83721be43b509db7ac75347412711a23cc84276601d478ff6655212e89241,389,2,False,False,False
e02a753,results/intercept_3d_gate1_dropout030_bottleneck_5seed_formal/seed_aware_no_graph_vs_multi/intercept_3d_strict_sensing_seed_aware_bootstrap.csv,da43449d6b55225d7e07dd43147e4fd7037b33254cc7dbeacfb941a3cb3d728a,1162,8,False,False,True
e02a753,results/intercept_3d_gate1_dropout030_bottleneck_5seed_formal/seed_aware_no_graph_vs_multi/intercept_3d_strict_sensing_seed_level_deltas.csv,d68c05d8ba798cc7cef884281c65909c4f0eab9e9ba814558d01bd0ba7e561cc,3258,40,False,False,False
e02a753,results/intercept_3d_gate1_dropout030_bottleneck_5seed_formal/seed_aware_single_vs_multi/intercept_3d_strict_sensing_recovered_only_steps.csv,d94153be167f1a6f91c53b4157b29888fc607ff79b37f8afd9fa24bdc5573002,387,2,False,False,False
e02a753,results/intercept_3d_gate1_dropout030_bottleneck_5seed_formal/seed_aware_single_vs_multi/intercept_3d_strict_sensing_seed_aware_bootstrap.csv,a09f688d0944aee5de99496f7b27b8f0031a38a6af6559dfb41d5cf005f100ef,1163,8,False,False,True
e02a753,results/intercept_3d_gate1_dropout030_bottleneck_5seed_formal/seed_aware_single_vs_multi/intercept_3d_strict_sensing_seed_level_deltas.csv,be5faa2d9d9c2937de73201a9bd8c0e57b3fc6a705fe0afde768ec67515ba979,3290,40,False,False,False
e02a753,results/intercept_3d_gate1_hardened_20update_3seed_dev/checkpoint_sweep/validation_checkpoint_summary.csv,64fdbcd0982569cac00a42ea45db09aa47fed713c71c8f7858b5202d7d8b569b,5058,18,False,False,False
e02a753,results/intercept_3d_gate1_hardened_20update_3seed_dev/checkpoint_sweep/validation_episode_metrics.csv,9a4a1249b9d7b9842beef48614f66c42f9c69b365ab484b0562fefaba6ba6dd1,270553,540,False,True,False
e02a753,results/intercept_3d_gate1_hardened_20update_3seed_dev/checkpoint_sweep_relaxed/test_checkpoint_summary.csv,a71a7342dd3cd3df204a4841773e3a5d2c833de3bcb3a4386b5bca32ead3f6ee,2614,9,False,False,False
e02a753,results/intercept_3d_gate1_hardened_20update_3seed_dev/checkpoint_sweep_relaxed/test_episode_metrics.csv,58797096192ceb11d044cb7eda5d29f870856fac4c42c5c14f8e907652dce9e0,223166,450,False,True,False
e02a753,results/intercept_3d_gate1_hardened_20update_3seed_dev/checkpoint_sweep_relaxed/test_selected_checkpoints.csv,ff1c6583acc5b66b5f0e3eef6dde883c5d31dd90e370a2712682a264a851758c,2178,9,False,False,False
e02a753,results/intercept_3d_gate1_hardened_20update_3seed_dev/checkpoint_sweep_relaxed/validation_checkpoint_summary.csv,549e21be9fb4d514b5f229ce6f5533c5f6f063898b8635b8ab24d02dccc75966,5059,18,False,False,False
e02a753,results/intercept_3d_gate1_hardened_20update_3seed_dev/checkpoint_sweep_relaxed/validation_episode_metrics.csv,9a4a1249b9d7b9842beef48614f66c42f9c69b365ab484b0562fefaba6ba6dd1,270553,540,False,True,False
e02a753,results/intercept_3d_gate1_hardened_20update_3seed_dev/checkpoint_sweep_relaxed/validation_selected_checkpoints.csv,2c405d31f8d4faaafdc20d6b0c6af16de718391b2e7833f40334b1d3038e6f89,2291,9,False,False,False
e02a753,results/intercept_3d_gate1_hardened_60update_3seed_dev/checkpoint_sweep/test_checkpoint_summary.csv,1e8d657bc45fcfa1db3f1c3bd81b9e54e4087b86f490982119855c82ee85d0e6,2632,9,False,False,False
e02a753,results/intercept_3d_gate1_hardened_60update_3seed_dev/checkpoint_sweep/test_episode_metrics.csv,9d010fe86a0df044917c3fa63b0c0f00911af56ef44fa96988b240837bc8ee4f,222925,450,False,True,False
e02a753,results/intercept_3d_gate1_hardened_60update_3seed_dev/checkpoint_sweep/test_selected_checkpoints.csv,99dfc0302d48b47a7a246a67a252b5f620af861dc7ec575192a2b5ad55071d09,2194,9,False,False,False
e02a753,results/intercept_3d_gate1_hardened_60update_3seed_dev/checkpoint_sweep/validation_checkpoint_summary.csv,36a210e32bf22be46b7b499c3ea9803f37c53b6fef567ce555abf31648a36232,14047,54,False,False,False
e02a753,results/intercept_3d_gate1_hardened_60update_3seed_dev/checkpoint_sweep/validation_episode_metrics.csv,fbce17d9c26cdcbc02785cdcfd2ec5598f44b55f7a8564170c2ade8e55aaa15a,808000,1620,False,True,False
e02a753,results/intercept_3d_gate1_hardened_60update_3seed_dev/checkpoint_sweep/validation_selected_checkpoints.csv,c9caea8841f0ed4d0095d724b12d05fdc1920bb49c2d51d21db223563694d654,2259,9,False,False,False
e02a753,results/intercept_3d_gate1_hardened_60update_3seed_dev/seed_aware_multi_vs_no_graph/intercept_3d_strict_sensing_recovered_only_steps.csv,a197f0b5deb300a5004deb7265da9ee612e579af5e0107483133371d47460e6e,379,2,False,False,False
e02a753,results/intercept_3d_gate1_hardened_60update_3seed_dev/seed_aware_multi_vs_no_graph/intercept_3d_strict_sensing_seed_aware_bootstrap.csv,f9fde0d391e588f26fc085fa775f931dd75d90262e2a5ba43fd9d54b76de0af0,1281,8,False,False,True
e02a753,results/intercept_3d_gate1_hardened_60update_3seed_dev/seed_aware_multi_vs_no_graph/intercept_3d_strict_sensing_seed_level_deltas.csv,c88bd9036b7b1c6dbe99f807798a7475ac324afde4a1d4d9716bbb944ff05363,1972,24,False,False,False
e02a753,results/intercept_3d_gate1_hardened_60update_3seed_dev/seed_aware_multi_vs_single/intercept_3d_strict_sensing_recovered_only_steps.csv,f179a60e794d657e64c82b93a3f79ec03892cde93dc5d9d110699ac530c36e04,383,2,False,False,False
e02a753,results/intercept_3d_gate1_hardened_60update_3seed_dev/seed_aware_multi_vs_single/intercept_3d_strict_sensing_seed_aware_bootstrap.csv,b56940c88021e2a1919105bb26733c927999973283b21a728113b776be360970,1253,8,False,False,True
e02a753,results/intercept_3d_gate1_hardened_60update_3seed_dev/seed_aware_multi_vs_single/intercept_3d_strict_sensing_seed_level_deltas.csv,59d2f53a7fb11856d3cfe295449ef0e693cdb0a086643c59d366c986c0484863,1996,24,False,False,False
e02a753,results/intercept_3d_gate1_hardened_60update_safety_diag/checkpoint_sweep/test_checkpoint_summary.csv,80973dc94868e18e870acc084b4e753d743af4750e8dc6f3b74988de2133c3cd,2629,9,False,False,False
e02a753,results/intercept_3d_gate1_hardened_60update_safety_diag/checkpoint_sweep/test_episode_metrics.csv,b6a46792c9202d9c14dd093471253f225f74bf4c7e5763e9467903ec5835c937,228577,450,False,True,True
e02a753,results/intercept_3d_gate1_hardened_60update_safety_diag/checkpoint_sweep/test_selected_checkpoints.csv,87d5cd68376aec1feb537eb530f2ad88d7378f9efd33e9d12a812c6e77df7fd7,2177,9,False,False,False
e02a753,results/intercept_3d_gate1_hardened_60update_safety_diag/checkpoint_sweep/validation_checkpoint_summary.csv,f8f44b83a31db3f842a05416e215acaad16c4cb27b5490461d88bce210444e9c,14168,54,False,False,False
e02a753,results/intercept_3d_gate1_hardened_60update_safety_diag/checkpoint_sweep/validation_episode_metrics.csv,32becdf5678b377dc034670486a9dd61072db402c7132d1570a2334e9d6fe0ff,828306,1620,False,True,True
e02a753,results/intercept_3d_gate1_hardened_60update_safety_diag/checkpoint_sweep/validation_selected_checkpoints.csv,ec3b0d88ce0c5fae356e0055ceedf3a8ebf5169be13acc859066bb89c1ed774c,2295,9,False,False,False
e02a753,results/intercept_3d_gate1_hardened_60update_safety_diag/seed_aware_stats/multi_vs_no_graph/intercept_3d_strict_sensing_recovered_only_steps.csv,af1dd295771b1ff8ad9ab6d7667f73c2a3c2c711e9906870b84a97b25161d583,387,2,False,False,False
e02a753,results/intercept_3d_gate1_hardened_60update_safety_diag/seed_aware_stats/multi_vs_no_graph/intercept_3d_strict_sensing_seed_aware_bootstrap.csv,00481a95aa1cd7aa4c4efae04f1e7f84bdf0ac556ceda7d3b7ced27e72354cfa,1221,8,False,False,True
e02a753,results/intercept_3d_gate1_hardened_60update_safety_diag/seed_aware_stats/multi_vs_no_graph/intercept_3d_strict_sensing_seed_level_deltas.csv,059fbb7773117c41040bbb3a3bf16c9447c1264f1c9ae1b35b688050745f73ed,1982,24,False,False,False
e02a753,results/intercept_3d_gate1_hardened_60update_safety_diag/seed_aware_stats/multi_vs_single/intercept_3d_strict_sensing_recovered_only_steps.csv,991c6d9adfe1ae184f993f4231e895fcd3fe02d604eb7879423a6bdc6ddc1665,380,2,False,False,False
e02a753,results/intercept_3d_gate1_hardened_60update_safety_diag/seed_aware_stats/multi_vs_single/intercept_3d_strict_sensing_seed_aware_bootstrap.csv,35aeb242795d235e6e0b3252dcd11721e17911ef9889a09dfc478b15c19bd0f4,1250,8,False,False,True
e02a753,results/intercept_3d_gate1_hardened_60update_safety_diag/seed_aware_stats/multi_vs_single/intercept_3d_strict_sensing_seed_level_deltas.csv,b5fdaaf78fb853605847d179adbb7379d3600d5eb274664c88b482fcf18cf789,1990,24,False,False,False
e02a753,results/intercept_3d_gate1_hardened_60update_safety_diag_min_distance_eval/checkpoint_sweep/test_checkpoint_summary.csv,1a078b5253e004f3c3bd0b9f3d8ab148bbeff4dbacc164e6a7233dc2d6e43b3d,2843,9,False,False,False
e02a753,results/intercept_3d_gate1_hardened_60update_safety_diag_min_distance_eval/checkpoint_sweep/test_episode_metrics.csv,71e2233eeb4bddbebe5710c807ddcb18511d5ade4f654fc81a9ecec920e76017,258860,450,False,True,True
e02a753,results/intercept_3d_gate1_hardened_60update_safety_diag_min_distance_eval/checkpoint_sweep/test_selected_checkpoints.csv,af7175bb5d6d6d168f4c8832cf790122ab7c8af6cce93ae4b5bded214afd9ff4,2391,9,False,False,False
e02a753,results/intercept_3d_gate1_hardened_safety_5seed_formal_candidate/checkpoint_sweep/validation_checkpoint_summary.csv,8ba0e48fd630c1662877b8a0e18c7c3bda2efb1771e51af36c97bba3c102be26,3721,12,False,False,False
e02a753,results/intercept_3d_gate1_hardened_safety_5seed_formal_candidate/checkpoint_sweep/validation_episode_metrics.csv,7ca85f31b816dd67168e1a1bec81a5e32cb646883e41e9901abc09bd92517bcb,352140,600,False,True,True
e02a753,results/intercept_3d_gate1_hardened_safety_5seed_formal_candidate/checkpoint_sweep_fixed_update60_test/merged/fixed_update60_selected_checkpoints.csv,213b8592d9100337440958761c1bbff7950983d08a1b99c38a8262c4f44f00df,2720,15,False,False,False
e02a753,results/intercept_3d_gate1_hardened_safety_5seed_formal_candidate/checkpoint_sweep_fixed_update60_test/merged/test_checkpoint_summary.csv,bd0782d8023420a50518a0b3d9f3158f13cb9d0b35acd64e4f214c710a944265,4561,15,False,False,False
e02a753,results/intercept_3d_gate1_hardened_safety_5seed_formal_candidate/checkpoint_sweep_fixed_update60_test/merged/test_episode_metrics.csv,609da15ae199219b9adc363c4f5e0157983af8d6817b9dacdfb9554f5f877122,877250,1500,False,True,True
e02a753,results/intercept_3d_gate1_hardened_safety_5seed_formal_candidate/checkpoint_sweep_fixed_update60_test/merged/test_selected_checkpoints.csv,c985b4c2fc48b1dc77a7f62c6ada23637f162596f91cc8fbbad53fcd66204a83,3904,15,False,False,False
e02a753,results/intercept_3d_gate1_hardened_safety_5seed_formal_candidate/checkpoint_sweep_fixed_update60_test/merged_seed_aware_stats/multi_vs_no_graph/intercept_3d_strict_sensing_recovered_only_steps.csv,90c6bd12ce7a479296a2bf50030b4071bbff35323b7f42ab120e752ba46b8f39,389,2,False,False,False
e02a753,results/intercept_3d_gate1_hardened_safety_5seed_formal_candidate/checkpoint_sweep_fixed_update60_test/merged_seed_aware_stats/multi_vs_no_graph/intercept_3d_strict_sensing_seed_aware_bootstrap.csv,4eeffe1ea0442b50deac4c06aee8c15d2ef252a445416bd3aa749f0dc985cd9c,1112,8,False,False,True
e02a753,results/intercept_3d_gate1_hardened_safety_5seed_formal_candidate/checkpoint_sweep_fixed_update60_test/merged_seed_aware_stats/multi_vs_no_graph/intercept_3d_strict_sensing_seed_level_deltas.csv,ac7ec00d8ee7364e2d8837834e56622aaf855ed2d2546a37eaa41eb0a235c6ea,3249,40,False,False,False
e02a753,results/intercept_3d_gate1_hardened_safety_5seed_formal_candidate/checkpoint_sweep_fixed_update60_test/merged_seed_aware_stats/multi_vs_single/intercept_3d_strict_sensing_recovered_only_steps.csv,054b6a4c5a50b02135a435655ab827900e232e692bb426c8d21ac2e8d3c113fe,387,2,False,False,False
e02a753,results/intercept_3d_gate1_hardened_safety_5seed_formal_candidate/checkpoint_sweep_fixed_update60_test/merged_seed_aware_stats/multi_vs_single/intercept_3d_strict_sensing_seed_aware_bootstrap.csv,b7519646ec17891d63efee743f5a214d462cc0b9f0ae8c7df179f11d4ddb8474,1104,8,False,False,True
e02a753,results/intercept_3d_gate1_hardened_safety_5seed_formal_candidate/checkpoint_sweep_fixed_update60_test/merged_seed_aware_stats/multi_vs_single/intercept_3d_strict_sensing_seed_level_deltas.csv,633f6b932aeb43c320ef45adf616e560da92a7b3c149617b1fec162d63bee6ee,3285,40,False,False,False
e02a753,results/intercept_3d_gate1_hardened_safety_5seed_formal_candidate/checkpoint_sweep_fixed_update60_test/seed0/test_checkpoint_summary.csv,67745c6c5c070505e47fe739be374ef94acf46f716e5604f342b4f63747f645c,1331,3,False,False,False
e02a753,results/intercept_3d_gate1_hardened_safety_5seed_formal_candidate/checkpoint_sweep_fixed_update60_test/seed0/test_episode_metrics.csv,e7d67722d0cea5c3c491c3237fe1cb104ea69a3c69d2bbe40093fa2ad85fa7ba,174860,300,False,True,True
e02a753,results/intercept_3d_gate1_hardened_safety_5seed_formal_candidate/checkpoint_sweep_fixed_update60_test/seed0/test_selected_checkpoints.csv,a4206104c9efeca0fb42b29b14ffc5a8aa32a32c33a86d44bc859fd25a45fd5a,1111,3,False,False,False
e02a753,results/intercept_3d_gate1_hardened_safety_5seed_formal_candidate/checkpoint_sweep_fixed_update60_test/seed1/test_checkpoint_summary.csv,a0312ee72b103cfca5ac60a294fccf097e9b1f3889d4bb13275d1f52397eeded,1337,3,False,False,False
e02a753,results/intercept_3d_gate1_hardened_safety_5seed_formal_candidate/checkpoint_sweep_fixed_update60_test/seed1/test_episode_metrics.csv,4b1ae93007e6a942cdfddf238e2549655c4335c6ea18652b2f2a98b16c233c0f,177931,300,False,True,True
e02a753,results/intercept_3d_gate1_hardened_safety_5seed_formal_candidate/checkpoint_sweep_fixed_update60_test/seed1/test_selected_checkpoints.csv,4d36c58bf691e4df23a09e163464a10c2a7d91ac7f607fa99530f4fbf1832744,1113,3,False,False,False
e02a753,results/intercept_3d_gate1_hardened_safety_5seed_formal_candidate/checkpoint_sweep_fixed_update60_test/seed2/test_checkpoint_summary.csv,316d3141316627f7cd9c4bccb16d4d2ed6becd0e5b51b222ff98a15961f068f1,1314,3,False,False,False
e02a753,results/intercept_3d_gate1_hardened_safety_5seed_formal_candidate/checkpoint_sweep_fixed_update60_test/seed2/test_episode_metrics.csv,02de749a397689ad9ec47054698ccaba76acdde5e41da1a36816690d4b30a18d,174118,300,False,True,True
e02a753,results/intercept_3d_gate1_hardened_safety_5seed_formal_candidate/checkpoint_sweep_fixed_update60_test/seed2/test_selected_checkpoints.csv,d712878962eb24e80fcb2e8e6b67c52e23d80b20596aaa738b75da7bd6aeaae7,1101,3,False,False,False
e02a753,results/intercept_3d_gate1_hardened_safety_5seed_formal_candidate/checkpoint_sweep_fixed_update60_test/seed3/test_checkpoint_summary.csv,9fe04acf731aadad8bc0c328559aaca2886d20a2ea4e34669521a1d9cbfdbdaf,1322,3,False,False,False
e02a753,results/intercept_3d_gate1_hardened_safety_5seed_formal_candidate/checkpoint_sweep_fixed_update60_test/seed3/test_episode_metrics.csv,fda6927bbe888ff091508828ff4667c24a33401fd818c76818fd6966b92ed86c,176525,300,False,True,True
e02a753,results/intercept_3d_gate1_hardened_safety_5seed_formal_candidate/checkpoint_sweep_fixed_update60_test/seed3/test_selected_checkpoints.csv,4fe352ccd769f5633e7bb429bf7abd7388925b64fed72b40d5c10dac74f99eca,1108,3,False,False,False
e02a753,results/intercept_3d_gate1_hardened_safety_5seed_formal_candidate/checkpoint_sweep_fixed_update60_test/seed4/test_checkpoint_summary.csv,71a67cf627c65078091b6b8e429b80a2ed80e201f4e3ec636bdead8a9f3f36c4,1353,3,False,False,False
e02a753,results/intercept_3d_gate1_hardened_safety_5seed_formal_candidate/checkpoint_sweep_fixed_update60_test/seed4/test_episode_metrics.csv,96dd9bc92a5c1068bfa21a21d4173f580a9bf3bf8fbe6fcbeb043e7eb97676b2,178632,300,False,True,True
e02a753,results/intercept_3d_gate1_hardened_safety_5seed_formal_candidate/checkpoint_sweep_fixed_update60_test/seed4/test_selected_checkpoints.csv,8ffa02908d45210e77b8819453f2c7d7dbee1bf5ca4a66c6f383fe0bcc008c7f,1123,3,False,False,False
e02a753,results/intercept_3d_gate1_hardened_safety_5seed_formal_candidate/checkpoint_sweep_parallel/seed0/validation_checkpoint_summary.csv,b351ed470339b057727f2b9013177e6e914ffc3f60bf6f1d429de5a47f172c3e,1282,3,False,False,False
e02a753,results/intercept_3d_gate1_hardened_safety_5seed_formal_candidate/checkpoint_sweep_parallel/seed0/validation_episode_metrics.csv,1f7e7da55327f88b3889a04c16af45a2c44ee864a3f72024aabd449b67b807cd,86243,150,False,True,True
e02a753,results/intercept_3d_gate1_hardened_safety_5seed_formal_candidate/checkpoint_sweep_parallel/seed1/validation_checkpoint_summary.csv,3d94ed3cf789a187d5fa1b57249dda566ef475919d0501493eb494fd58325185,2446,7,False,False,False
e02a753,results/intercept_3d_gate1_hardened_safety_5seed_formal_candidate/checkpoint_sweep_parallel/seed1/validation_episode_metrics.csv,0782725a40bbfaba74a21cd7d65e2941e32da96fac673c103e039efa83483241,210156,350,False,True,True
e02a753,results/intercept_3d_gate1_hardened_safety_5seed_formal_candidate/checkpoint_sweep_parallel/seed2/validation_checkpoint_summary.csv,c08b05ba3f97abe0223b4e8a65822c9977bcb9c9cefb153f3d34b03dd0ddcd5e,1296,3,False,False,False
e02a753,results/intercept_3d_gate1_hardened_safety_5seed_formal_candidate/checkpoint_sweep_parallel/seed2/validation_episode_metrics.csv,0f8d11ca29fc372a77b2a952c02073234411bb2bc00eb03b09a7d841f9454386,87273,150,False,True,True
e02a753,results/intercept_3d_gate1_hardened_safety_5seed_formal_candidate/checkpoint_sweep_parallel/seed3/validation_checkpoint_summary.csv,7daddf61bf4ec91a79a84f42b62e4e39c43a64359831eebe65ee91e51f0aad2e,1270,3,False,False,False
e02a753,results/intercept_3d_gate1_hardened_safety_5seed_formal_candidate/checkpoint_sweep_parallel/seed3/validation_episode_metrics.csv,f33488b7ea863cf3f59b7174b7de003697e528219018e4138c5be3f818c6b15d,85915,150,False,True,True
e02a753,results/intercept_3d_gate1_hardened_safety_5seed_formal_candidate/checkpoint_sweep_parallel/seed4/validation_checkpoint_summary.csv,4b5abf00ef4861a6bb0cf5cc9e6eec352b066f7682289289f8f7f931831e473e,1632,4,False,False,False
e02a753,results/intercept_3d_gate1_hardened_safety_5seed_formal_candidate/checkpoint_sweep_parallel/seed4/validation_episode_metrics.csv,4f8bcecca311c762d29560c9d847c11e35eb7a2c1948a11f26bdd87cbb022ec8,117334,200,False,True,True
e02a753,results/intercept_3d_gate1_hardened_safety_5seed_formal_candidate/checkpoint_sweep_parallel_batched10/seed0/validation_checkpoint_summary.csv,1f0ed523c18353820e2fca7c88e4cb2fdaf50cea0bdaad910e708f218c0a2815,5422,18,False,False,False
e02a753,results/intercept_3d_gate1_hardened_safety_5seed_formal_candidate/checkpoint_sweep_parallel_batched10/seed0/validation_episode_metrics.csv,da45906cb1b75981041c37a6c88cd061ae82401604fcac1f76b6803645c5cd01,525880,900,False,True,True
e02a753,results/intercept_3d_gate1_hardened_safety_5seed_formal_candidate/checkpoint_sweep_parallel_batched10/seed0/validation_selected_checkpoints.csv,4d28217e1aa8658632c8f69c178168f0655850f9016ff6ab72e4c6de6d624ca3,1128,3,False,False,False
e02a753,results/intercept_3d_gate1_hardened_safety_5seed_formal_candidate/checkpoint_sweep_parallel_batched10/seed1/validation_checkpoint_summary.csv,23fddefb34a9f3358e27bed6d1eaaa7ac91f3d29f38f4c545d19bdafb8fff5e7,5544,18,False,False,False
e02a753,results/intercept_3d_gate1_hardened_safety_5seed_formal_candidate/checkpoint_sweep_parallel_batched10/seed1/validation_episode_metrics.csv,536631e1d30f4e593b872a27df434a189abae277af2d5af6118f353d6934c2b9,535156,900,False,True,True
e02a753,results/intercept_3d_gate1_hardened_safety_5seed_formal_candidate/checkpoint_sweep_parallel_batched10/seed1/validation_selected_checkpoints.csv,d4fb3556332305fce0431de9c895842a036527091649dbec9900f2ed4c5e5f26,1135,3,False,False,False
e02a753,results/intercept_3d_gate1_hardened_safety_5seed_formal_candidate/checkpoint_sweep_parallel_batched10/seed2/validation_checkpoint_summary.csv,1b4cc786e9fc99d5d8399efee80c83767344caebde2c31f1509492d678267f89,5246,18,False,False,False
e02a753,results/intercept_3d_gate1_hardened_safety_5seed_formal_candidate/checkpoint_sweep_parallel_batched10/seed2/validation_episode_metrics.csv,c8212bae65c514b0354f936c49255e4e470572cb09b229473aaf86ae6e93e60c,524842,900,False,True,True
e02a753,results/intercept_3d_gate1_hardened_safety_5seed_formal_candidate/checkpoint_sweep_parallel_batched10/seed2/validation_selected_checkpoints.csv,dde3b728303e3dabc120c83b90567c0d10ef23e81e6b69849504ab1176af4a70,1103,3,False,False,False
e02a753,results/intercept_3d_gate1_hardened_safety_5seed_formal_candidate/checkpoint_sweep_parallel_batched10/seed3/validation_checkpoint_summary.csv,59af4d9ebbd61d8283acb9e5ed813b712e1bb4f0420fcb5199d1a406e28f5ec5,5313,18,False,False,False
e02a753,results/intercept_3d_gate1_hardened_safety_5seed_formal_candidate/checkpoint_sweep_parallel_batched10/seed3/validation_episode_metrics.csv,087e71c52c0213351d542aaffb78838ef87d0e9b66477114e15dcc661b442ac3,525460,900,False,True,True
e02a753,results/intercept_3d_gate1_hardened_safety_5seed_formal_candidate/checkpoint_sweep_parallel_batched10/seed3/validation_selected_checkpoints.csv,c88977a80485cf6eef77f569c0ffa8f54a06519d5723bee3a3672173365288a0,1113,3,False,False,False
e02a753,results/intercept_3d_gate1_hardened_safety_5seed_formal_candidate/checkpoint_sweep_parallel_batched10/seed4/validation_checkpoint_summary.csv,34453d7c6957432732ee653c7cf16e7f2a5abc69b206888a66beb2c0b9e965db,5531,18,False,False,False
e02a753,results/intercept_3d_gate1_hardened_safety_5seed_formal_candidate/checkpoint_sweep_parallel_batched10/seed4/validation_episode_metrics.csv,c70af2c300f21c6df97f601723c3b688cdd7fb7f21c5b9afae26928a38fce1f5,536466,900,False,True,True
e02a753,results/intercept_3d_gate1_hardened_safety_5seed_formal_candidate/checkpoint_sweep_parallel_batched10/seed4/validation_selected_checkpoints.csv,8cc4f0e63a0d2e64f2a86838db62f9e470fd3c8cf0bc07707412d6487e2b171d,1126,3,False,False,False
e02a753,results/intercept_3d_gate1_hardened_safety_5seed_formal_candidate/checkpoint_sweep_parallel_limited/seed0/validation_checkpoint_summary.csv,c3c0f2ef5973fd4831ba04b0537bc1cc03b59614e8d4f59029e72aa10583d0d2,2335,7,False,False,False
e02a753,results/intercept_3d_gate1_hardened_safety_5seed_formal_candidate/checkpoint_sweep_parallel_limited/seed0/validation_episode_metrics.csv,fac033bd06d72760a596ac6a7850227559a4d22278c8bffbcb226786d737a147,201375,350,False,True,True
e02a753,results/intercept_3d_gate1_hardened_safety_5seed_formal_candidate/checkpoint_sweep_parallel_limited/seed1/validation_checkpoint_summary.csv,5bb627d812044576a53e001845a2fb31e3b23d64b103a94a1e63219958a58312,3818,12,False,False,False
e02a753,results/intercept_3d_gate1_hardened_safety_5seed_formal_candidate/checkpoint_sweep_parallel_limited/seed1/validation_episode_metrics.csv,1033384e8dca955907287f213704f58f1fbfb711433f940b8fba9589695fec88,355409,600,False,True,True
e02a753,results/intercept_3d_gate1_hardened_safety_5seed_formal_candidate/checkpoint_sweep_parallel_limited/seed2/validation_checkpoint_summary.csv,361de6e31948f5b0b9bff40bde238bf014e9f513f037dd6079ead6cabf261e4c,2076,6,False,False,False
e02a753,results/intercept_3d_gate1_hardened_safety_5seed_formal_candidate/checkpoint_sweep_parallel_limited/seed2/validation_episode_metrics.csv,2c48538813ffa2346e458c270c668ddc32dbb7357044fc09b093d26ee3ebbb15,173860,300,False,True,True
e02a753,results/intercept_3d_gate1_hardened_safety_5seed_formal_candidate/checkpoint_sweep_parallel_limited/seed3/validation_checkpoint_summary.csv,39c3f8ca94b9188c2f7db7faba5f5824e503e747d7535a4294c0d88c40ee7eb1,2032,6,False,False,False
e02a753,results/intercept_3d_gate1_hardened_safety_5seed_formal_candidate/checkpoint_sweep_parallel_limited/seed3/validation_episode_metrics.csv,e9a3995a2b8c6274c4cf7ae955f29abdd92a0fb8a96e78e4a0cec4e3b718bcad,170600,300,False,True,True
e02a753,results/intercept_3d_gate1_hardened_safety_5seed_formal_candidate/checkpoint_sweep_parallel_limited/seed4/validation_checkpoint_summary.csv,5c367aa3a7452396f00010f9adb9a67e0006d91a3d824132cd2e27aa6e646d65,2738,8,False,False,False
e02a753,results/intercept_3d_gate1_hardened_safety_5seed_formal_candidate/checkpoint_sweep_parallel_limited/seed4/validation_episode_metrics.csv,f361421bfae34bea530a4e17c9fec883ccd0ae5ed2e6e409e8830bf965916815,233934,400,False,True,True
e02a753,results/intercept_3d_gate1_hardened_safety_no_role_pair_gate_5seed_fixed_update60_candidate/checkpoint_sweep_fixed_update60_test_matched_full/test_checkpoint_summary.csv,0852d26796714df6589f1a277ee69158e48aa09796a8cb1b09edf87eef7b8ed6,2251,5,False,False,False
e02a753,results/intercept_3d_gate1_hardened_safety_no_role_pair_gate_5seed_fixed_update60_candidate/checkpoint_sweep_fixed_update60_test_matched_full/test_episode_metrics.csv,5ba06591c153f1f1d49f0f5a4c399c92e11e58f9575439631afedf8d60865c85,317727,500,False,True,True
e02a753,results/intercept_3d_gate1_hardened_safety_no_role_pair_gate_5seed_fixed_update60_candidate/checkpoint_sweep_fixed_update60_test_matched_full/test_selected_checkpoints.csv,5eadc48bcc50dc9ae1ac7fc6d7b8f2be02b95164ad3f4c154e68c8d3f9d2c166,1957,5,False,False,False
e02a753,results/intercept_3d_gate1_hardened_safety_no_role_pair_gate_5seed_fixed_update60_candidate/comparison_vs_full/seed_aware_stats_matched_full/intercept_3d_strict_sensing_recovered_only_steps.csv,b3b365b309f34d367c61d0619b48018684414811cb9b9a51254b8a412fd29e65,398,2,False,False,False
e02a753,results/intercept_3d_gate1_hardened_safety_no_role_pair_gate_5seed_fixed_update60_candidate/comparison_vs_full/seed_aware_stats_matched_full/intercept_3d_strict_sensing_seed_aware_bootstrap.csv,6f6007ef92cc51b2d02691963d621b2792c4710023101898aee9e3aeb3f9d61a,1123,8,False,False,True
e02a753,results/intercept_3d_gate1_hardened_safety_no_role_pair_gate_5seed_fixed_update60_candidate/comparison_vs_full/seed_aware_stats_matched_full/intercept_3d_strict_sensing_seed_level_deltas.csv,d3e608d1833788146348080f05df40afb8286d2c930a3f43b679199b0da63d5e,3302,40,False,False,False
e02a753,results/intercept_3d_gate1_hardened_safety_no_task_support_5seed_fixed_update60_candidate/checkpoint_sweep_fixed_update60_test_matched_full/test_checkpoint_summary.csv,be7af1d58de5c9191425300b97ffccf719027b45e63bca5c63cba063c60e0fb6,2240,5,False,False,False
e02a753,results/intercept_3d_gate1_hardened_safety_no_task_support_5seed_fixed_update60_candidate/checkpoint_sweep_fixed_update60_test_matched_full/test_episode_metrics.csv,5d35e3b9c1f6cb737c2e78a60ffff68d536c27e8382b046a24ef628113f7ff3d,315740,500,False,True,True
e02a753,results/intercept_3d_gate1_hardened_safety_no_task_support_5seed_fixed_update60_candidate/checkpoint_sweep_fixed_update60_test_matched_full/test_selected_checkpoints.csv,5df56da001219ace155933c7fc878b892fa08e08c115b011833c652030687721,1951,5,False,False,False
e02a753,results/intercept_3d_gate1_hardened_safety_no_task_support_5seed_fixed_update60_candidate/comparison_vs_full/seed_aware_stats_matched_full/intercept_3d_strict_sensing_recovered_only_steps.csv,7dec5c470dd1d506da41271f9926b74d049c575c002bbb4be0e6a937089fac8c,396,2,False,False,False
e02a753,results/intercept_3d_gate1_hardened_safety_no_task_support_5seed_fixed_update60_candidate/comparison_vs_full/seed_aware_stats_matched_full/intercept_3d_strict_sensing_seed_aware_bootstrap.csv,3ccec59d8c2195ce4d1ab7b542400e15ae200231671acd66e2865a031bf58e2c,1134,8,False,False,True
e02a753,results/intercept_3d_gate1_hardened_safety_no_task_support_5seed_fixed_update60_candidate/comparison_vs_full/seed_aware_stats_matched_full/intercept_3d_strict_sensing_seed_level_deltas.csv,6420757af83271e10b05435a004e91b8e8ddd5c584e2faa2e62499c53e2d60fd,3287,40,False,False,False
e02a753,results/intercept_3d_gate1_mechanism_benchmark_one_ep/test_checkpoint_summary.csv,21e2f3729517efe054e75f34665e5f89df9b549948411424cffe3638be9e47ca,613,1,False,False,False
e02a753,results/intercept_3d_gate1_mechanism_benchmark_one_ep/test_episode_metrics.csv,35db4a1fb45fc4e233fa02117ba3c08a0e3f7e201139917578254db5e8b33c93,1275,1,False,False,False
e02a753,results/intercept_3d_gate1_mechanism_benchmark_one_ep/test_selected_checkpoints.csv,ca9e51a44c7ebfa4c3412e8e99b1fd4bfe57b688a556b79102083ad69f01517f,482,1,False,False,False
e02a753,results/intercept_3d_gate1_post_change_3seed_diag/seed_aware_no_graph_vs_multi/intercept_3d_strict_sensing_recovered_only_steps.csv,78d3e38beee14d33ff65cab528aaa7d0c5645cacb48703f42ba6ec1df6747147,386,2,False,False,False
e02a753,results/intercept_3d_gate1_post_change_3seed_diag/seed_aware_no_graph_vs_multi/intercept_3d_strict_sensing_seed_aware_bootstrap.csv,3c855af92145bee1c6526be5503672fdfffd5c2149dc266ed150e9e3c5cf8f1a,1229,8,False,False,True
e02a753,results/intercept_3d_gate1_post_change_3seed_diag/seed_aware_no_graph_vs_multi/intercept_3d_strict_sensing_seed_level_deltas.csv,b918edacdbfe6429b2049b09eac77010ec2564320f4a2605eb514beba035a20c,1882,24,False,False,False
e02a753,results/intercept_3d_gate1_post_change_3seed_diag/seed_aware_single_vs_multi/intercept_3d_strict_sensing_recovered_only_steps.csv,66092a8b55540e4e8cd2a08c8d9c9ace1dc2861414f8cdccdd652eace4080508,378,2,False,False,False
e02a753,results/intercept_3d_gate1_post_change_3seed_diag/seed_aware_single_vs_multi/intercept_3d_strict_sensing_seed_aware_bootstrap.csv,d293da9ee9d604a44514b298f408a65fc9eeddcb95ad22bc714e4f8dfa09d54d,1222,8,False,False,True
e02a753,results/intercept_3d_gate1_post_change_3seed_diag/seed_aware_single_vs_multi/intercept_3d_strict_sensing_seed_level_deltas.csv,f3d0570ba11c4ee119d65bb7ddf24302891cc7db9233266d5824bd8d27959deb,1931,24,False,False,False
e02a753,results/intercept_3d_gate1_post_change_3seed_diag/test_checkpoint_summary.csv,3cc223cdaaad06f657a7ee4de27820e734992bebca450d93d4433e005d0c606b,2500,9,False,False,False
e02a753,results/intercept_3d_gate1_post_change_3seed_diag/test_episode_metrics.csv,1b119982ae4162d1acd0d7954740166d22e03306b3248127c4a6cadff80e23b6,43812,90,False,False,False
e02a753,results/intercept_3d_gate1_post_change_3seed_diag/test_selected_checkpoints.csv,4c1b2c59996952555c935f7d75eadc25e996f1837ce7ef9e65027e7b5af0d71c,2026,9,False,False,False
e02a753,results/intercept_3d_gate1_post_change_retrain_20update_diag/checkpoint_sweep/test_checkpoint_summary.csv,df250fc94729d99c3e62189552435fed5c476bed74319ff868d22a3f1055b16c,1832,6,False,False,False
e02a753,results/intercept_3d_gate1_post_change_retrain_20update_diag/checkpoint_sweep/test_episode_metrics.csv,59ec8d87815ea4881d8e295c705ac551ad787562bdd147212fa74d8165f8c846,58101,120,False,False,False
e02a753,results/intercept_3d_gate1_post_change_retrain_20update_diag/checkpoint_sweep/test_selected_checkpoints.csv,f1c3dbce9618e9a6fbe3d4ca7d4d492975f903263ceeea03d4561b00faaff9bd,1438,6,False,False,False
e02a753,results/intercept_3d_gate1_post_change_retrain_20update_diag/checkpoint_sweep/validation_checkpoint_summary.csv,c96494ca393270ea7f29eb8f31f6815fcd585fa5a3399946f13be18ad607afc3,5973,24,False,False,False
e02a753,results/intercept_3d_gate1_post_change_retrain_20update_diag/checkpoint_sweep/validation_episode_metrics.csv,906bf0885bd6e209b95e109e989b8f8b83502812088edb2d042657e2b9e46847,116752,240,False,False,False
e02a753,results/intercept_3d_gate1_post_change_retrain_20update_diag/checkpoint_sweep/validation_selected_checkpoints.csv,1ca4caf4cc17ecd35d431a9b8b71bb94069d1dcb746d260c875f52a3d5e768b2,1439,6,False,False,False
e02a753,results/intercept_3d_gate1_post_change_retrain_20update_diag/seed_aware_single_vs_multi/intercept_3d_strict_sensing_recovered_only_steps.csv,33ef40d39ba549a832a3a0f87e250682d561f6945c98a4ad13cadf1d92e54c59,378,2,False,False,False
e02a753,results/intercept_3d_gate1_post_change_retrain_20update_diag/seed_aware_single_vs_multi/intercept_3d_strict_sensing_seed_aware_bootstrap.csv,c3bb0d99aa9a1f306d0499da3eca134aaca9ada9b7765943b732a65be8bc1d77,1262,8,False,False,True
e02a753,results/intercept_3d_gate1_post_change_retrain_20update_diag/seed_aware_single_vs_multi/intercept_3d_strict_sensing_seed_level_deltas.csv,425ca7afb64867b895dc22674fba62b8ed09b0610045604d0f460ac9a690019a,1956,24,False,False,False
e02a753,results/intercept_3d_gate1_post_change_retrain_3seed_diag/checkpoint_sweep/test_checkpoint_summary.csv,c62ed547664263c65baa679e7186940c82dec7ad473681e600f8a2627399dac6,1807,6,False,False,False
e02a753,results/intercept_3d_gate1_post_change_retrain_3seed_diag/checkpoint_sweep/test_episode_metrics.csv,0e3158413b7dd1194cbadd1c88541fc8e1b8200b72636fbe6e578b4897af29a4,57557,120,False,False,False
e02a753,results/intercept_3d_gate1_post_change_retrain_3seed_diag/checkpoint_sweep/test_selected_checkpoints.csv,8b004a70c79ccf05951222d02636e77c639e8d6ef9ebf48cd7c35f9a6cdba369,1407,6,False,False,False
e02a753,results/intercept_3d_gate1_post_change_retrain_3seed_diag/seed_aware_single_vs_multi/intercept_3d_strict_sensing_recovered_only_steps.csv,70afb64146a3b0beef9de4cb7874ebfeb57e205823b34adb51e3052dd7ecaedb,385,2,False,False,False
e02a753,results/intercept_3d_gate1_post_change_retrain_3seed_diag/seed_aware_single_vs_multi/intercept_3d_strict_sensing_seed_aware_bootstrap.csv,1c55da3207a37e6a8d5eee12b6cb7f8d013653c5b6b0bed5881dff1d1cbe18d8,1204,8,False,False,True
e02a753,results/intercept_3d_gate1_post_change_retrain_3seed_diag/seed_aware_single_vs_multi/intercept_3d_strict_sensing_seed_level_deltas.csv,e5fcd3408856b4db87657be09ee33126850a901fd54d21f94c98c88c0117ba29,1973,24,False,False,False
e02a753,results/intercept_3d_gate1_post_change_retrain_60update_5seed_integration_diag/checkpoint_sweep/test_checkpoint_summary.csv,4b8bfad3f8e9549847269b767b990b97404ce3d3a7e14008a22003ca3eb9c215,3855,15,False,False,False
e02a753,results/intercept_3d_gate1_post_change_retrain_60update_5seed_integration_diag/checkpoint_sweep/test_episode_metrics.csv,1ae8d87ed8ca6134f02aab01330c08ba19295c9670fdcb2b6c0feed4a0feac0d,72535,150,False,False,False
e02a753,results/intercept_3d_gate1_post_change_retrain_60update_5seed_integration_diag/checkpoint_sweep/test_selected_checkpoints.csv,7b2dfec15cef1063519af666aa701bcb9008c9f3918f3f73a48d0692012ce727,3264,15,False,False,False
e02a753,results/intercept_3d_gate1_post_change_retrain_60update_5seed_integration_diag/checkpoint_sweep/validation_checkpoint_summary.csv,3b5724d9d84bc472c97d182478b0e641b32ba8e11883b88a6cb5cc5e2c02a575,21767,90,False,False,False
e02a753,results/intercept_3d_gate1_post_change_retrain_60update_5seed_integration_diag/checkpoint_sweep/validation_episode_metrics.csv,4cecd691ba096bec5b72739bc0a35eac229a1ad9a8287b6401101f9030e50312,130369,270,False,False,False
e02a753,results/intercept_3d_gate1_post_change_retrain_60update_5seed_integration_diag/checkpoint_sweep/validation_selected_checkpoints.csv,b1ac091d98769ac0a7b29395c53a95a79a96838eaa213d9d5bfa72e6da4a9609,3388,15,False,False,False
e02a753,results/intercept_3d_gate1_post_change_retrain_60update_5seed_integration_diag/seed_aware_no_graph_vs_multi/intercept_3d_strict_sensing_recovered_only_steps.csv,b2ec6c7c7e219c33084c5c51468f665f15873ec35c16e5beaabce07e2cfa6ac8,386,2,False,False,False
e02a753,results/intercept_3d_gate1_post_change_retrain_60update_5seed_integration_diag/seed_aware_no_graph_vs_multi/intercept_3d_strict_sensing_seed_aware_bootstrap.csv,23b9142f5996c975abbd764128eefa51d41b949af65911efad809e362c4384be,1126,8,False,False,True
e02a753,results/intercept_3d_gate1_post_change_retrain_60update_5seed_integration_diag/seed_aware_no_graph_vs_multi/intercept_3d_strict_sensing_seed_level_deltas.csv,3c8982864fff758cad5b40d4c86548e26e46c8622f99cd81adab8da19940a316,3091,40,False,False,False
e02a753,results/intercept_3d_gate1_post_change_retrain_60update_5seed_integration_diag/seed_aware_single_vs_multi/intercept_3d_strict_sensing_recovered_only_steps.csv,94c56827212ac096e82ebd2c0b6179a28dd36937a209fe94a687d7d1aee29ff6,384,2,False,False,False
e02a753,results/intercept_3d_gate1_post_change_retrain_60update_5seed_integration_diag/seed_aware_single_vs_multi/intercept_3d_strict_sensing_seed_aware_bootstrap.csv,af9e3d8fce7a53516fdec97eb1cf7c5f716db91385a62dddb9ae8e00056e1195,1129,8,False,False,True
e02a753,results/intercept_3d_gate1_post_change_retrain_60update_5seed_integration_diag/seed_aware_single_vs_multi/intercept_3d_strict_sensing_seed_level_deltas.csv,0dd6a0d4e93db2c899e7b73e396c975f6558d02ae640f4f98cc7ba8f6f730aef,3129,40,False,False,False
e02a753,results/intercept_3d_gate1_post_change_retrain_60update_diag/checkpoint_sweep/test_checkpoint_summary.csv,4d1cf6134fdcc9645baee4da5b78a0f229df5a2e3d00be901d1de3c097eca524,1852,6,False,False,False
e02a753,results/intercept_3d_gate1_post_change_retrain_60update_diag/checkpoint_sweep/test_episode_metrics.csv,acffe71c5dba2513e79857ca759980a43d2aec5c453b746ca306975a02a8f918,58267,120,False,False,False
e02a753,results/intercept_3d_gate1_post_change_retrain_60update_diag/checkpoint_sweep/test_selected_checkpoints.csv,5fcd8471b41a75058adbeed75702819bb39ef2636c6d947af4d9df8399c7df8b,1455,6,False,False,False
e02a753,results/intercept_3d_gate1_post_change_retrain_60update_diag/checkpoint_sweep/validation_checkpoint_summary.csv,9e286a1226ad875907d5088adbcbbcc03fd6a9e18cb5aea74f773986461e08ec,8940,36,False,False,False
e02a753,results/intercept_3d_gate1_post_change_retrain_60update_diag/checkpoint_sweep/validation_episode_metrics.csv,00a63576ff5b995215b6346ae2ebc5e809484feb9e8e66215386763222b85adf,174167,360,False,False,False
e02a753,results/intercept_3d_gate1_post_change_retrain_60update_diag/checkpoint_sweep/validation_selected_checkpoints.csv,928cf6d3d433d6492d07450c9d3bd89496c376f667740eaac74b01f772084025,1451,6,False,False,False
e02a753,results/intercept_3d_gate1_post_change_retrain_60update_diag/seed_aware_single_vs_multi/intercept_3d_strict_sensing_recovered_only_steps.csv,4a14664f5050d548468089a49006ebd8e4b1dbac95c433e816fe95a1738445f5,385,2,False,False,False
e02a753,results/intercept_3d_gate1_post_change_retrain_60update_diag/seed_aware_single_vs_multi/intercept_3d_strict_sensing_seed_aware_bootstrap.csv,86fa779de81f47b3ad443794c06626b38c0deb8d5942cae6a471b8742206033f,1195,8,False,False,True
e02a753,results/intercept_3d_gate1_post_change_retrain_60update_diag/seed_aware_single_vs_multi/intercept_3d_strict_sensing_seed_level_deltas.csv,fbb5ce1c80f3e290d5f36a1cbdafe5a871cdab6154fea439f57953e0110968ec,1967,24,False,False,False
e02a753,results/intercept_3d_gate1_post_change_retrain_60update_three_method_safety_selected_diag/checkpoint_sweep/test_checkpoint_summary.csv,874ca2d58d2f2355f6dc689ead3523eed8c0f8d17702530e2941d71f80051bdf,2494,9,False,False,False
e02a753,results/intercept_3d_gate1_post_change_retrain_60update_three_method_safety_selected_diag/checkpoint_sweep/test_episode_metrics.csv,da6e97ad1397324d9dd07ad0f5f23af175aace6d2b5a4bdf81dc4822843ccc2c,86248,180,False,False,False
e02a753,results/intercept_3d_gate1_post_change_retrain_60update_three_method_safety_selected_diag/checkpoint_sweep/test_selected_checkpoints.csv,a443d006ffd2fd6f83fe3bfbe431119afec1ae6b0eeafc885b6b18fadaf30e52,2093,9,False,False,False
e02a753,results/intercept_3d_gate1_post_change_retrain_60update_three_method_safety_selected_diag/checkpoint_sweep/validation_checkpoint_summary.csv,7ec45afc140a1803ee4f3b27ba77ec17e0aec5dfb4f88012903f6f891189d115,13166,54,False,False,False
e02a753,results/intercept_3d_gate1_post_change_retrain_60update_three_method_safety_selected_diag/checkpoint_sweep/validation_episode_metrics.csv,99d34f6e15bd74b2b8fbd76c947d339fad607525732742600c4232b92ec1357b,260792,540,False,False,False
e02a753,results/intercept_3d_gate1_post_change_retrain_60update_three_method_safety_selected_diag/checkpoint_sweep/validation_selected_checkpoints.csv,908abef0c459fa63cdf2ad37b584058a503e91b1a93fe3e057c73f4089670a34,2133,9,False,False,False
e02a753,results/intercept_3d_gate1_post_change_retrain_60update_three_method_safety_selected_diag/seed_aware_no_graph_vs_multi/intercept_3d_strict_sensing_recovered_only_steps.csv,6e988a88a03a646aaf811c74776faa7f357d717042bf8c5d15f9d787678b1383,387,2,False,False,False
e02a753,results/intercept_3d_gate1_post_change_retrain_60update_three_method_safety_selected_diag/seed_aware_no_graph_vs_multi/intercept_3d_strict_sensing_seed_aware_bootstrap.csv,89090925357ca4f4b2e540b58375009e00afc77f73f692213dcbe5004fda3070,1232,8,False,False,True
e02a753,results/intercept_3d_gate1_post_change_retrain_60update_three_method_safety_selected_diag/seed_aware_no_graph_vs_multi/intercept_3d_strict_sensing_seed_level_deltas.csv,b11339a2fbffdc10e838ea42f0a8ee9345f50ada55134e1442e1b6d17240f09d,1853,24,False,False,False
e02a753,results/intercept_3d_gate1_post_change_retrain_60update_three_method_safety_selected_diag/seed_aware_single_vs_multi/intercept_3d_strict_sensing_recovered_only_steps.csv,f3f6025694fd0c8a57239f4901ae75fe595c1046e33f253dcfdfd4e4f91f374d,385,2,False,False,False
e02a753,results/intercept_3d_gate1_post_change_retrain_60update_three_method_safety_selected_diag/seed_aware_single_vs_multi/intercept_3d_strict_sensing_seed_aware_bootstrap.csv,3cb44938bf7a9188d317a5d368f8c21044afbdc3d3546a177e97564dc6814d47,1240,8,False,False,True
e02a753,results/intercept_3d_gate1_post_change_retrain_60update_three_method_safety_selected_diag/seed_aware_single_vs_multi/intercept_3d_strict_sensing_seed_level_deltas.csv,d928d3980c5b1fbb710025c93ab991603d233a2d9232be3f7b02871d8661343f,1942,24,False,False,False
e02a753,results/intercept_3d_gate1_post_change_retrain_smoke/checkpoint_sweep/test_checkpoint_summary.csv,44f6806652a70d78aefaa8e35ffe4d167819124ac889107848b2d9bbb200b982,849,2,False,False,False
e02a753,results/intercept_3d_gate1_post_change_retrain_smoke/checkpoint_sweep/test_episode_metrics.csv,add1163b595e29582b2cbb87afdd5d08ccdb5424de881c847529d8219775f4b2,10215,20,False,False,False
e02a753,results/intercept_3d_gate1_post_change_retrain_smoke/checkpoint_sweep/test_selected_checkpoints.csv,154992c7b696df8404a0fc76339e8024642fc988474f559a5ff1016395bc64ef,627,2,False,False,False
e02a753,results/intercept_3d_gate1_post_change_three_method_smoke/test_checkpoint_summary.csv,94674ded5c2bbe33241a98aa99e46ba2b3a31f0347953e663dec30ae91be9e19,1088,3,False,False,False
e02a753,results/intercept_3d_gate1_post_change_three_method_smoke/test_episode_metrics.csv,c485ab3ba1ab79efc34523867b677c7ad7bf4448fdc7c8912daeeb695ca66517,7907,15,False,False,False
e02a753,results/intercept_3d_gate1_post_change_three_method_smoke/test_selected_checkpoints.csv,e37a07d16e0bc704b0b2fbacefedcc5c9db118508bb4ffdfc588ccc67b7e937a,845,3,False,False,False
e02a753,results/intercept_3d_min_distance_sweep_smoke/validation_checkpoint_summary.csv,016fee5701229657bf266ffbdf7437a3995feba0829d72e69f2113f184a225cb,1984,6,False,False,False
e02a753,results/intercept_3d_min_distance_sweep_smoke/validation_episode_metrics.csv,24ab002f879f69b13dd21be5eb31808cc593b84bf7b5525a3d270480da2f6cd1,4709,6,False,True,True
e02a753,results/intercept_3d_min_distance_sweep_smoke/validation_selected_checkpoints.csv,0b3f3a3973eae82d7fe62fbbe28eeed15fa6158beeb1e3533736806251b02a69,638,1,False,False,False
e02a753,results/intercept_3d_no_edge_features_topology_seed0_diagnostic/robustness_eval/episode_metrics.csv,83ca929d8ce3bb7d563a57b18ed21e2766ffd607048e43cc08ade659021c049e,29124,60,False,False,False
e02a753,results/intercept_3d_no_role_identity_topology_formal/robustness_eval/episode_metrics.csv,90e1ee4e06f89196d5029759d78bccf925689bc6a567b2ef0cb28daf1a97a76d,83670,180,False,False,False
e02a753,results/intercept_3d_no_role_identity_topology_seed0_diagnostic/robustness_eval/episode_metrics.csv,bad2c0da91d6808b1d45a123ad97407ee7f869807c069780797e5bb9f3bba9d7,29144,60,False,False,False
e02a753,results/intercept_3d_no_role_pair_gate_topology_formal/robustness_eval/episode_metrics.csv,76b704fa6fb39e1d7ae8ff263cad3fc6df19a526e790ca6ba02358bd234d09c0,28059,60,False,False,False
e02a753,results/intercept_3d_no_role_pair_gate_topology_formal_scale_matched/robustness_eval/episode_metrics.csv,3ecd2b616e9a07657eef1dc22c1ac7cd77561963871e37a8e838084658fedddf,85496,180,False,False,False
e02a753,results/intercept_3d_no_task_support_topology_formal/robustness_eval/episode_metrics.csv,4f20f568acb1bf1ffaf03dca158d030d3c46e40c921b230d651e9e50b1f32df8,81493,180,False,False,False
e02a753,results/intercept_3d_no_task_support_topology_formal_seed0/robustness_eval/episode_metrics.csv,3e150f060228b13325a1020db699145c79d12a26c6bb908d5fd3d1d4b5f6b5cc,27992,60,False,False,False
e02a753,results/intercept_3d_no_task_support_topology_seed0_pilot/robustness_eval/episode_metrics.csv,f720f4b52699e449a8856997e0a28ee169a0d00caaf1d846cef57978afa2a240,9705,20,False,False,False
e02a753,results/intercept_3d_node_failure_curriculum_pilot_seed0/robustness_eval/episode_metrics.csv,78a0a63c0fbf75d754b603fdccf094453833a5a8d014a94ddf83b00e6456d364,118703,330,False,False,False
e02a753,results/intercept_3d_node_failure_curriculum_smoke/robustness_eval/episode_metrics.csv,0f5d88c70b073d829da5e1e24e2ced5c76f1f34855bf1333d57cfe76fa733338,1230,2,False,False,False
e02a753,results/intercept_3d_strict_sensing_bc_strength_diag_seed0/checkpoint_sweep/test_checkpoint_summary.csv,d75191b85561206f430c91b7c9053dd9cb2caf278e2da0a29b1da3a62bbad967,748,2,False,False,False
e02a753,results/intercept_3d_strict_sensing_bc_strength_diag_seed0/checkpoint_sweep/test_episode_metrics.csv,b42b451119cb0c15582b680124599cf31026c29924a30942ab698908c857e560,5213,10,False,False,False
e02a753,results/intercept_3d_strict_sensing_bc_strength_diag_seed0/checkpoint_sweep/test_selected_checkpoints.csv,3691a12e12dc6764ea770b8becd8c0a1039bee217ae95579973633205223de0e,533,2,False,False,False
e02a753,results/intercept_3d_strict_sensing_bc_strength_diag_seed0/checkpoint_sweep/validation_checkpoint_summary.csv,fe8329dc63cc61b2910a8672439d5e82825002d51663486971e3b05e38214298,1558,6,False,False,False
e02a753,results/intercept_3d_strict_sensing_bc_strength_diag_seed0/checkpoint_sweep/validation_episode_metrics.csv,c4e19306268ed996c477aed9a711bc44d5725061c2a05fa96df10ce380295780,14288,30,False,False,False
e02a753,results/intercept_3d_strict_sensing_bc_strength_diag_seed0/checkpoint_sweep/validation_selected_checkpoints.csv,eeb7ca728f0d820b1633d4b3cb5a4889f028723dc0d2d73f248c8a847b10e5bd,545,2,False,False,False
e02a753,results/intercept_3d_strict_sensing_curriculum_seed0_pilot/robustness_eval/episode_metrics.csv,3f68b82b738d73c798fd0b1a81708b66aa5fe0602f5a34358f6b7c6a1e53c924,27613,60,False,False,False
e02a753,results/intercept_3d_strict_sensing_dropout030_relay_scenario_smoke/checkpoint_sweep/test_checkpoint_summary.csv,992140de8dd4b1a4121460580663ad73969da4d813ff33a4de0e5e9d66f642ae,544,1,False,False,False
e02a753,results/intercept_3d_strict_sensing_dropout030_relay_scenario_smoke/checkpoint_sweep/test_episode_metrics.csv,b04050d1b3fbb071b4cfef716c514147344defc7869a9aee90b4058a97c64687,1211,1,False,False,False
e02a753,results/intercept_3d_strict_sensing_dropout030_relay_scenario_smoke/checkpoint_sweep/test_selected_checkpoints.csv,58b8072b9fc4f3024558485c06acb54e2fee5929d6afe84c6f3b53f1dcd202cd,366,1,False,False,False
e02a753,results/intercept_3d_strict_sensing_fair_30update_diag/checkpoint_sweep/test_checkpoint_summary.csv,b48e483d98d69102a20bcc178a68fdb634dbc8c8b99dbe17a4681c894f55ae80,2230,9,False,False,False
e02a753,results/intercept_3d_strict_sensing_fair_30update_diag/checkpoint_sweep/test_episode_metrics.csv,b8fc25741f8385e4f9a0b8a926034e30b7aa771c5f0676e74a905c63db84dfab,81658,180,False,False,False
e02a753,results/intercept_3d_strict_sensing_fair_30update_diag/checkpoint_sweep/test_selected_checkpoints.csv,34142e7d6bb3d5767bf093467f36a3732122df0a67d0408b4e7bde2111395a4e,1730,9,False,False,False
e02a753,results/intercept_3d_strict_sensing_fair_30update_diag/checkpoint_sweep/validation_checkpoint_summary.csv,695c9d78f913703d7595d1871f2ef477d0d0eb6c471f5cf42c448fc274b6e54a,11872,54,False,False,False
e02a753,results/intercept_3d_strict_sensing_fair_30update_diag/checkpoint_sweep/validation_episode_metrics.csv,4064a9ebd999feba1f2f955b3a05c8cce47bddf7292ac293e4983d66346f88a6,492998,1080,False,False,False
e02a753,results/intercept_3d_strict_sensing_fair_30update_diag/checkpoint_sweep/validation_selected_checkpoints.csv,75768eb7b045c7a9d58a9d623b340572519326da8ab8385d884d49ec19e85039,1751,9,False,False,False
e02a753,results/intercept_3d_strict_sensing_fair_30update_diag/seed_aware_no_graph_vs_multi/intercept_3d_strict_sensing_recovered_only_steps.csv,97b0a21ed2a66b2135e937c721f45c939f925a2bc658564ffce7b94513542e82,377,2,False,False,False
e02a753,results/intercept_3d_strict_sensing_fair_30update_diag/seed_aware_no_graph_vs_multi/intercept_3d_strict_sensing_seed_aware_bootstrap.csv,63def79bda0526ba8f311257bc3dd23a37e28bea1fea7a954ba05f052fe3f76e,1207,8,False,False,True
e02a753,results/intercept_3d_strict_sensing_fair_30update_diag/seed_aware_no_graph_vs_multi/intercept_3d_strict_sensing_seed_level_deltas.csv,8fbd8faae266a32bf648546efd51dd1a1ee1fe913b3e524d759a16abae8b8f9c,1940,24,False,False,False
e02a753,results/intercept_3d_strict_sensing_fair_30update_diag/seed_aware_single_vs_multi/intercept_3d_strict_sensing_recovered_only_steps.csv,4df31eb52be48270ccd389e8dcc3615b6cbe2e3b75f1e2835fe326587af74c30,375,2,False,False,False
e02a753,results/intercept_3d_strict_sensing_fair_30update_diag/seed_aware_single_vs_multi/intercept_3d_strict_sensing_seed_aware_bootstrap.csv,9ff5293be049af79899cdf7cff6c59ce73e2b33e414804fdd1cfd42e41bb0b2d,1208,8,False,False,True
e02a753,results/intercept_3d_strict_sensing_fair_30update_diag/seed_aware_single_vs_multi/intercept_3d_strict_sensing_seed_level_deltas.csv,c0ffcfcfc2bc4adb6cdc71c11ee909a6aada0a9f77e9d2cbbf160b48456b5ec3,1925,24,False,False,False
e02a753,results/intercept_3d_strict_sensing_fair_30update_dropout030_formal_diag/checkpoint_sweep/test_checkpoint_summary.csv,17d551f421418b4fea7f732fe4e0afe26ccf8edc90be0b9405206081e1fa733a,2311,9,False,False,False
e02a753,results/intercept_3d_strict_sensing_fair_30update_dropout030_formal_diag/checkpoint_sweep/test_episode_metrics.csv,a2a13d3ddc7a83b7cd51921909c95a8ab95ce9a9c34fb9da555163cb825594a2,83782,180,False,False,False
e02a753,results/intercept_3d_strict_sensing_fair_30update_dropout030_formal_diag/checkpoint_sweep/test_selected_checkpoints.csv,83e247a4ab27e6bcf08c9edbd394d5238496d3ed0c55d77cfb38e754fc9b7500,1823,9,False,False,False
e02a753,results/intercept_3d_strict_sensing_fair_30update_dropout030_formal_diag/checkpoint_sweep/validation_checkpoint_summary.csv,8ede2b1179835796d6830c57e5f0322c9b3f56526427c18b67ee7458764aa431,12446,54,False,False,False
e02a753,results/intercept_3d_strict_sensing_fair_30update_dropout030_formal_diag/checkpoint_sweep/validation_episode_metrics.csv,c6f8b67a914da469023e852e56019d52628e065972134f38a48dfc0c712bbd3a,503152,1080,False,False,False
e02a753,results/intercept_3d_strict_sensing_fair_30update_dropout030_formal_diag/checkpoint_sweep/validation_selected_checkpoints.csv,8008b077b36338a3173b84bcf3232f1f5366cb900a9cd1da16f95486d835b336,1866,9,False,False,False
e02a753,results/intercept_3d_strict_sensing_fair_30update_dropout030_formal_diag/seed_aware_no_graph_vs_multi/intercept_3d_strict_sensing_recovered_only_steps.csv,9aca6657449e4027d73bc22162377a4a3210a4fab8b185f11718e6bcbea1b270,387,2,False,False,False
e02a753,results/intercept_3d_strict_sensing_fair_30update_dropout030_formal_diag/seed_aware_no_graph_vs_multi/intercept_3d_strict_sensing_seed_aware_bootstrap.csv,a228cd10410dcabbde0b6f17e8d432aba52eea34dffa07287106012c55d040bf,1209,8,False,False,True
e02a753,results/intercept_3d_strict_sensing_fair_30update_dropout030_formal_diag/seed_aware_no_graph_vs_multi/intercept_3d_strict_sensing_seed_level_deltas.csv,683956412bc9e0c679243ad77f6812408714d1eedfd2da11e9092b04f4bfd98a,1918,24,False,False,False
e02a753,results/intercept_3d_strict_sensing_fair_30update_dropout030_formal_diag/seed_aware_single_vs_multi/intercept_3d_strict_sensing_recovered_only_steps.csv,05df6d7f45167f524c5ea9e9f00c934c2f15c41152b1164788d7c989a60a041f,385,2,False,False,False
e02a753,results/intercept_3d_strict_sensing_fair_30update_dropout030_formal_diag/seed_aware_single_vs_multi/intercept_3d_strict_sensing_seed_aware_bootstrap.csv,29d344be1ce00decba709c1ca2620144a3c4b6f826aeea55c93a3441f49f4f94,1272,8,False,False,True
e02a753,results/intercept_3d_strict_sensing_fair_30update_dropout030_formal_diag/seed_aware_single_vs_multi/intercept_3d_strict_sensing_seed_level_deltas.csv,83f0f68dcbc277256d1541c1873d9b6883031356ba4cafd53ff6b1cbcac15b95,1906,24,False,False,False
e02a753,results/intercept_3d_strict_sensing_fair_30update_dropout030_relay_probe/checkpoint_summary.csv,f201de2974d1e00b35f05681ca44b1f459ea805dea799acce055bd035c3c0dbd,1332,9,False,False,False
e02a753,results/intercept_3d_strict_sensing_fair_30update_dropout030_relay_probe/seed_aware_no_graph_vs_multi/intercept_3d_strict_sensing_recovered_only_steps.csv,1dd932d6a3c2ee3fcbd9f5139ed2c75c845700f8506a5a81e68ba564a5de8051,387,2,False,False,False
e02a753,results/intercept_3d_strict_sensing_fair_30update_dropout030_relay_probe/seed_aware_no_graph_vs_multi/intercept_3d_strict_sensing_seed_aware_bootstrap.csv,8875c4cfd33b283cce1ddc4eeda7fd19febd943e620639e1a9dfc3bb4e682995,1226,8,False,False,True
e02a753,results/intercept_3d_strict_sensing_fair_30update_dropout030_relay_probe/seed_aware_no_graph_vs_multi/intercept_3d_strict_sensing_seed_level_deltas.csv,eb839815156c537574f88fb940f9a966b8463076c2d96799ba3e00365c498a66,1888,24,False,False,False
e02a753,results/intercept_3d_strict_sensing_fair_30update_dropout030_relay_probe/seed_aware_single_vs_multi/intercept_3d_strict_sensing_recovered_only_steps.csv,693a687b2eff58421166eee42b794554560d72074bc78371f856eecced4e2143,385,2,False,False,False
e02a753,results/intercept_3d_strict_sensing_fair_30update_dropout030_relay_probe/seed_aware_single_vs_multi/intercept_3d_strict_sensing_seed_aware_bootstrap.csv,a94f4ae65c8172115abfdf488f5c995ce101d3df009487693637d492ba65fb6b,1298,8,False,False,True
e02a753,results/intercept_3d_strict_sensing_fair_30update_dropout030_relay_probe/seed_aware_single_vs_multi/intercept_3d_strict_sensing_seed_level_deltas.csv,fd0a12caffbc3d5612a5006af7d14f8ee71f1865d644fbbd707b6bb704db92e6,1948,24,False,False,False
e02a753,results/intercept_3d_strict_sensing_fair_30update_radar010_relay_probe/checkpoint_summary.csv,01af5eb5d87cb14464792745558f3514bb341be1966296a7cb6af10ac7d16c07,1334,9,False,False,False
e02a753,results/intercept_3d_strict_sensing_fair_30update_radar010_relay_probe/seed_aware_no_graph_vs_multi/intercept_3d_strict_sensing_recovered_only_steps.csv,b1c790e97b0ccc031d8c7af1c6b8e6dc1e4524e4326176be252e2785432e0951,381,2,False,False,False
e02a753,results/intercept_3d_strict_sensing_fair_30update_radar010_relay_probe/seed_aware_no_graph_vs_multi/intercept_3d_strict_sensing_seed_aware_bootstrap.csv,6708b258cb941b708146e486fc87b9708de5a06814f1c56078d963906edd2ff0,1238,8,False,False,True
e02a753,results/intercept_3d_strict_sensing_fair_30update_radar010_relay_probe/seed_aware_no_graph_vs_multi/intercept_3d_strict_sensing_seed_level_deltas.csv,d7f5ac4621ad484fb4088a9ac5e2b8565e106ed3439bba57a7dd4adceb8d15e4,1960,24,False,False,False
e02a753,results/intercept_3d_strict_sensing_fair_30update_radar010_relay_probe/seed_aware_single_vs_multi/intercept_3d_strict_sensing_recovered_only_steps.csv,3df0f766affe20d5b8db26653a31dab39c0eb4ec65d111b36b8501ff40efdc63,378,2,False,False,False
e02a753,results/intercept_3d_strict_sensing_fair_30update_radar010_relay_probe/seed_aware_single_vs_multi/intercept_3d_strict_sensing_seed_aware_bootstrap.csv,9a3ea9c06d98a3d9e2ce35ae9c37e5e7243917b274ab03978f750118f1feecb8,1240,8,False,False,True
e02a753,results/intercept_3d_strict_sensing_fair_30update_radar010_relay_probe/seed_aware_single_vs_multi/intercept_3d_strict_sensing_seed_level_deltas.csv,d89190af8b64ac109fd1f19c83cd82e8d60a6a43aa3282526d6e2f0c93cb0cfe,1951,24,False,False,False
e02a753,results/intercept_3d_strict_sensing_fair_30update_range075_relay_probe/checkpoint_summary.csv,4652d41edc47e1f9a7fc5df51226ff85841962ccce670bbfb0cc0d057ac74d82,1307,9,False,False,False
e02a753,results/intercept_3d_strict_sensing_fair_30update_range075_relay_probe/seed_aware_no_graph_vs_multi/intercept_3d_strict_sensing_recovered_only_steps.csv,b57b5759ee3114275465aade71690f7eae940ee554842728f06434adb1e0a658,377,2,False,False,False
e02a753,results/intercept_3d_strict_sensing_fair_30update_range075_relay_probe/seed_aware_no_graph_vs_multi/intercept_3d_strict_sensing_seed_aware_bootstrap.csv,67af22e71444ecf99ffdd7f55e5895a3d3f0619908e372ab7c89fe693972aba2,1235,8,False,False,True
e02a753,results/intercept_3d_strict_sensing_fair_30update_range075_relay_probe/seed_aware_no_graph_vs_multi/intercept_3d_strict_sensing_seed_level_deltas.csv,982b5c66215b0176c98c6ea105249863a328e6793ad17d13f759baf3c04ee4e9,1923,24,False,False,False
e02a753,results/intercept_3d_strict_sensing_fair_30update_range075_relay_probe/seed_aware_single_vs_multi/intercept_3d_strict_sensing_recovered_only_steps.csv,d5c85de8d463405b60d3e46d5397321b99779b5e95e0c6300fc19ed47ca8baf0,375,2,False,False,False
e02a753,results/intercept_3d_strict_sensing_fair_30update_range075_relay_probe/seed_aware_single_vs_multi/intercept_3d_strict_sensing_seed_aware_bootstrap.csv,6b85e095021c662886ff818711de9b87be9ccd371108fe5b70ea15dbfa5e9a72,1276,8,False,False,True
e02a753,results/intercept_3d_strict_sensing_fair_30update_range075_relay_probe/seed_aware_single_vs_multi/intercept_3d_strict_sensing_seed_level_deltas.csv,7e95161f5ddf7a4d65a113654c63f65b0e2bc38c6dc69a57a70083f55f39ff5b,1939,24,False,False,False
e02a753,results/intercept_3d_strict_sensing_fair_30update_weaving_mild_probe/checkpoint_sweep/test_checkpoint_summary.csv,f911bf3b0fc8be9efa2f1107f66d5c911aa53c9bd67837f0d19e96f118457b97,2113,9,False,False,False
e02a753,results/intercept_3d_strict_sensing_fair_30update_weaving_mild_probe/checkpoint_sweep/test_episode_metrics.csv,8f68ee342386f559772840b93bc5d7746535647addac103b5f07f3873ac83cf9,80446,180,False,False,False
e02a753,results/intercept_3d_strict_sensing_fair_30update_weaving_mild_probe/checkpoint_sweep/test_selected_checkpoints.csv,9798a4786eb7c481b01d70b51620d82b0ad9054328f0ae45a745716d0dd29f0e,1678,9,False,False,False
e02a753,results/intercept_3d_strict_sensing_fair_30update_weaving_mild_probe/seed_aware_no_graph_vs_multi/intercept_3d_strict_sensing_recovered_only_steps.csv,9ec89cfe6f085693cde833c1e0d3a5fc1f94bebe5010550e16781471f28901c6,371,2,False,False,False
e02a753,results/intercept_3d_strict_sensing_fair_30update_weaving_mild_probe/seed_aware_no_graph_vs_multi/intercept_3d_strict_sensing_seed_aware_bootstrap.csv,287bd1d60e96466c03008cc0ad39040402758cab21b299c294467787e815163b,1145,8,False,False,True
e02a753,results/intercept_3d_strict_sensing_fair_30update_weaving_mild_probe/seed_aware_no_graph_vs_multi/intercept_3d_strict_sensing_seed_level_deltas.csv,619a33191e75d24d052b3aff3ddfbde38a8bcec545419a0467f0396468595760,1834,24,False,False,False
e02a753,results/intercept_3d_strict_sensing_fair_30update_weaving_mild_probe/seed_aware_single_vs_multi/intercept_3d_strict_sensing_recovered_only_steps.csv,88d97def408a904445d50979a69a686261ec34c264930eef0be249a66a736978,369,2,False,False,False
e02a753,results/intercept_3d_strict_sensing_fair_30update_weaving_mild_probe/seed_aware_single_vs_multi/intercept_3d_strict_sensing_seed_aware_bootstrap.csv,9b373f683e7ba02245c35dabe6dad4edc3970118ea10e639c98e83929ec4c088,1147,8,False,False,True
e02a753,results/intercept_3d_strict_sensing_fair_30update_weaving_mild_probe/seed_aware_single_vs_multi/intercept_3d_strict_sensing_seed_level_deltas.csv,5bd4fc13d0c45940ebbb2485fe2541c6f039201af1c8b04acf947d51da3de120,1834,24,False,False,False
e02a753,results/intercept_3d_strict_sensing_fair_3seed_diag/checkpoint_sweep/test_checkpoint_summary.csv,3753cd87809781f3c1043fdcf81c61554113867513595f078c4ab5c5ee59915b,2125,9,False,False,False
e02a753,results/intercept_3d_strict_sensing_fair_3seed_diag/checkpoint_sweep/test_episode_metrics.csv,5b1feaf1cf2aa43f269e9ff8610f0ab63502ef0ffea3debd3a543ed6eaa479c6,40838,90,False,False,False
e02a753,results/intercept_3d_strict_sensing_fair_3seed_diag/checkpoint_sweep/test_selected_checkpoints.csv,fd16e79585cc030b441b9e44ffae7f0c6d161f7ddfade0f2e0807ddb534a569b,1665,9,False,False,False
e02a753,results/intercept_3d_strict_sensing_fair_3seed_diag/checkpoint_sweep/validation_checkpoint_summary.csv,cb8f8eccc19d273aac0a3ca14df9f9c02bad1178a72fcc8355da7c37ad5f8754,9481,45,False,False,False
e02a753,results/intercept_3d_strict_sensing_fair_3seed_diag/checkpoint_sweep/validation_episode_metrics.csv,f99a4deb3c728ea6166cfcf46e786afd87a6e24454879ee7ca7746cc0b837185,203183,450,False,False,False
e02a753,results/intercept_3d_strict_sensing_fair_3seed_diag/checkpoint_sweep/validation_selected_checkpoints.csv,1aac6ca8790191f6602437a1638326f401d7e8479355de67bd9c5afb7b91cbe2,1721,9,False,False,False
e02a753,results/intercept_3d_strict_sensing_fair_3seed_diag/seed_aware_no_graph_vs_multi/intercept_3d_strict_sensing_recovered_only_steps.csv,01c8e041d77336ec1892235573545d78ff8f548be1185dfd9bbc13e4de8ed439,372,2,False,False,False
e02a753,results/intercept_3d_strict_sensing_fair_3seed_diag/seed_aware_no_graph_vs_multi/intercept_3d_strict_sensing_seed_aware_bootstrap.csv,f56ed2c693363520d44e7e9c4140429947a9b235d7bf96361391eb927a45bc9d,1120,8,False,False,True
e02a753,results/intercept_3d_strict_sensing_fair_3seed_diag/seed_aware_no_graph_vs_multi/intercept_3d_strict_sensing_seed_level_deltas.csv,29a7c46ea4a1f8fc4f310c4aa87b2f75b712e27b923de3dc66d3554cd557d58f,1882,24,False,False,False
e02a753,results/intercept_3d_strict_sensing_fair_3seed_diag/seed_aware_single_vs_multi/intercept_3d_strict_sensing_recovered_only_steps.csv,5c2276dea3ced8a151bf4ceff3a6fedbc9cb03328cea4a86c34fa0105f0c6f24,377,2,False,False,False
e02a753,results/intercept_3d_strict_sensing_fair_3seed_diag/seed_aware_single_vs_multi/intercept_3d_strict_sensing_seed_aware_bootstrap.csv,2eaf5cc2a0ff74e948b3a1e4824e9c5fc73d548c7b97a19191dcf1825ace025c,1177,8,False,False,True
e02a753,results/intercept_3d_strict_sensing_fair_3seed_diag/seed_aware_single_vs_multi/intercept_3d_strict_sensing_seed_level_deltas.csv,db8d2263988e05c3253fcc2fa7ce84d9571f2f6cc0c9a808d2b13306a6b60c54,1828,24,False,False,False
e02a753,results/intercept_3d_strict_sensing_fair_60update_dropout030_bottleneck_formal_diag/checkpoint_sweep/test_checkpoint_summary.csv,9a35e650a16c35819a37c35de4b6cb6865b32de86a83bcfd348614d06106d81e,2419,9,False,False,False
e02a753,results/intercept_3d_strict_sensing_fair_60update_dropout030_bottleneck_formal_diag/checkpoint_sweep/test_episode_metrics.csv,d0547852b212841dd7ddc6018fd3f7265fb36618d36560ae9a02ac27e9c6636c,85337,180,False,False,False
e02a753,results/intercept_3d_strict_sensing_fair_60update_dropout030_bottleneck_formal_diag/checkpoint_sweep/test_selected_checkpoints.csv,2d56c4e9e7baf6c7727d7fdfac0091237ad15a31bc56719977283789088bc2ce,1927,9,False,False,False
e02a753,results/intercept_3d_strict_sensing_fair_60update_dropout030_bottleneck_formal_diag/checkpoint_sweep/validation_checkpoint_summary.csv,88728ca6064b5ef3ee1bb6d6f1ad1211b54dc1a62e2dd1a0561d83e1b23d81ce,13144,54,False,False,False
e02a753,results/intercept_3d_strict_sensing_fair_60update_dropout030_bottleneck_formal_diag/checkpoint_sweep/validation_episode_metrics.csv,62917ee41d114789519a45f1e0a02a3244e18f4256ddb22cb15d1f69d5cf7ece,514300,1080,False,False,False
e02a753,results/intercept_3d_strict_sensing_fair_60update_dropout030_bottleneck_formal_diag/checkpoint_sweep/validation_selected_checkpoints.csv,8bf23f4067aac26724bc1f806aa65bddcd0541544761893be3faccdc38e2809c,1965,9,False,False,False
e02a753,results/intercept_3d_strict_sensing_fair_60update_dropout030_bottleneck_formal_diag/seed_aware_no_graph_vs_multi/intercept_3d_strict_sensing_recovered_only_steps.csv,8b55a436aac13d67e9951912f5bd8d845c9cc1dd1fff72283d14e498d3b3a716,387,2,False,False,False
e02a753,results/intercept_3d_strict_sensing_fair_60update_dropout030_bottleneck_formal_diag/seed_aware_no_graph_vs_multi/intercept_3d_strict_sensing_seed_aware_bootstrap.csv,5a70893167b95d8320c3fa6ce8b3bf82b8294fd5576ec70db97ec492b2b03d60,1158,8,False,False,True
e02a753,results/intercept_3d_strict_sensing_fair_60update_dropout030_bottleneck_formal_diag/seed_aware_no_graph_vs_multi/intercept_3d_strict_sensing_seed_level_deltas.csv,12c9ecda4584cb85746e096d2c058ac3d37244a2da416f1f2f845b3b828e6802,1924,24,False,False,False
e02a753,results/intercept_3d_strict_sensing_fair_60update_dropout030_bottleneck_formal_diag/seed_aware_single_vs_multi/intercept_3d_strict_sensing_recovered_only_steps.csv,21553285efb6548f34b6e932d81eb0147b25216a4afc42c56cb0571559331632,385,2,False,False,False
e02a753,results/intercept_3d_strict_sensing_fair_60update_dropout030_bottleneck_formal_diag/seed_aware_single_vs_multi/intercept_3d_strict_sensing_seed_aware_bootstrap.csv,193ca7c8bd0c0b250f2ed27cb03ec10aa2627fb1e34bdf474b469e4bf9c2cf5e,1271,8,False,False,True
e02a753,results/intercept_3d_strict_sensing_fair_60update_dropout030_bottleneck_formal_diag/seed_aware_single_vs_multi/intercept_3d_strict_sensing_seed_level_deltas.csv,22b7e44d10051067956581842f64e76959fc30569d5f0c2dbcf30f91a54673fc,1956,24,False,False,False
e02a753,results/intercept_3d_strict_sensing_fair_60update_dropout030_diag/checkpoint_sweep/test_checkpoint_summary.csv,e0cdf801d3fa271759d516719b80c18b7b20e3ca8c6bc034c02efbfc10819234,1724,6,False,False,False
e02a753,results/intercept_3d_strict_sensing_fair_60update_dropout030_diag/checkpoint_sweep/test_episode_metrics.csv,9cd0e8040dc76ff0221e50bb54423aa9f042ea408912ef7ff13b99f7bdc09ff1,57582,120,False,False,False
e02a753,results/intercept_3d_strict_sensing_fair_60update_dropout030_diag/checkpoint_sweep/test_selected_checkpoints.csv,b09954c6ca16809e814b91155cdea5cc34f212d852f7ede70d343512bbc52491,1357,6,False,False,False
e02a753,results/intercept_3d_strict_sensing_fair_60update_dropout030_diag/checkpoint_sweep/validation_checkpoint_summary.csv,3c4cc7b9542c956c14f4f04108823d0eb58d9788f764b59df77cdfdd1dab0816,8926,36,False,False,False
e02a753,results/intercept_3d_strict_sensing_fair_60update_dropout030_diag/checkpoint_sweep/validation_episode_metrics.csv,07e40e517b656bb111597e49e5507dbb53fa8566731bfba41c2d2e1d419ce52e,344506,720,False,False,False
e02a753,results/intercept_3d_strict_sensing_fair_60update_dropout030_diag/checkpoint_sweep/validation_selected_checkpoints.csv,15fff86fcc7a5e8c4875b7d9b37455269839a7e3594cea97c44eaa002eaae487,1390,6,False,False,False
e02a753,results/intercept_3d_strict_sensing_fair_60update_dropout030_diag/seed_aware_single_vs_multi/intercept_3d_strict_sensing_recovered_only_steps.csv,74dbc9af2d86edba19362200e77f7e615cb3ffb0e55455c1de303a3799fa93db,385,2,False,False,False
e02a753,results/intercept_3d_strict_sensing_fair_60update_dropout030_diag/seed_aware_single_vs_multi/intercept_3d_strict_sensing_seed_aware_bootstrap.csv,f5967c0802527f87c0bba7d855aae78e8e64a380a8d7c4e84e5194339af3e551,1300,8,False,False,True
e02a753,results/intercept_3d_strict_sensing_fair_60update_dropout030_diag/seed_aware_single_vs_multi/intercept_3d_strict_sensing_seed_level_deltas.csv,9e585f644e332e59a18e48d078639f914676638d5ddd16293ec8516691576425,1894,24,False,False,False
e02a753,results/intercept_3d_strict_sensing_fair_60update_dropout030_info_bottleneck_probe/checkpoint_sweep/test_checkpoint_summary.csv,22bf7971d98950ba3de712dd09f733e69f68015e40d3bedbe4dd5b3333b2130f,1753,6,False,False,False
e02a753,results/intercept_3d_strict_sensing_fair_60update_dropout030_info_bottleneck_probe/checkpoint_sweep/test_episode_metrics.csv,84ebc5aad22b3c584a06afdd4699b720da16e44f2a801d1a21825aee4f20dac6,57551,120,False,False,False
e02a753,results/intercept_3d_strict_sensing_fair_60update_dropout030_info_bottleneck_probe/checkpoint_sweep/test_selected_checkpoints.csv,627cb15a38fb95bbfc9c5d0f305253ff1df895546569222a50d7d8bc85f7adf4,1367,6,False,False,False
e02a753,results/intercept_3d_strict_sensing_fair_60update_dropout030_info_bottleneck_probe/seed_aware_single_vs_multi/intercept_3d_strict_sensing_recovered_only_steps.csv,1928c541ebb7cb91fea5d644546aa4875986edcd6e787977a859a7517a820b28,385,2,False,False,False
e02a753,results/intercept_3d_strict_sensing_fair_60update_dropout030_info_bottleneck_probe/seed_aware_single_vs_multi/intercept_3d_strict_sensing_seed_aware_bootstrap.csv,45c4be690976dd48b766b67aeb1d91ce8cdba727600a730a7706e96e55748885,1265,8,False,False,True
e02a753,results/intercept_3d_strict_sensing_fair_60update_dropout030_info_bottleneck_probe/seed_aware_single_vs_multi/intercept_3d_strict_sensing_seed_level_deltas.csv,f95c449fdabe2d8afb6b1d78abcf978f10a61efc2c110d62ddc0cd44d35344d3,1951,24,False,False,False
e02a753,results/intercept_3d_strict_sensing_fair_baselines_dev2/checkpoint_sweep/test_checkpoint_summary.csv,d58cefb418181b74e8d4880ee3834c1b0a6b18b873798864ec965f94bd235b5b,1507,6,False,False,False
e02a753,results/intercept_3d_strict_sensing_fair_baselines_dev2/checkpoint_sweep/test_episode_metrics.csv,6c3bd4d86670eca5f89ef48aa53ea943e306ef0d78b84ac0cb0db54de85ece76,13640,30,False,False,False
e02a753,results/intercept_3d_strict_sensing_fair_baselines_dev2/checkpoint_sweep/test_selected_checkpoints.csv,bfa37d78b632796e2f66e4d7d8ccf6293f07c256aba2d1675e5eda4d77114db1,1185,6,False,False,False
e02a753,results/intercept_3d_strict_sensing_fair_baselines_dev2/checkpoint_sweep/validation_checkpoint_summary.csv,49c3dd2ca2f4b53c05d0889b143cbf5378b026fc7040a5d90b012b72018d644b,6197,30,False,False,False
e02a753,results/intercept_3d_strict_sensing_fair_baselines_dev2/checkpoint_sweep/validation_episode_metrics.csv,5a305b782ef7559e4892058ea1537b323901976a1203a9550d47c3551504d6fe,39914,90,False,False,False
e02a753,results/intercept_3d_strict_sensing_fair_baselines_dev2/checkpoint_sweep/validation_selected_checkpoints.csv,ab838a23aa907a9654b195dbb4f7a800d3c72effbf1415a55b9865c5bd5248ba,1211,6,False,False,False
e02a753,results/intercept_3d_strict_sensing_fair_baselines_smoke/checkpoint_sweep/test_checkpoint_summary.csv,62de4867e6aba31a8081bdcf9251431fc5797362b37f4926b1ac1e219572380f,926,3,False,False,False
e02a753,results/intercept_3d_strict_sensing_fair_baselines_smoke/checkpoint_sweep/test_episode_metrics.csv,ef5b33307d0af3b0b9ab0f59140ee30fe248a3babc357fb86b1b89b7f2f5fdff,2060,3,False,False,False
e02a753,results/intercept_3d_strict_sensing_fair_baselines_smoke/checkpoint_sweep/test_selected_checkpoints.csv,360883de58f65c7966ec01096715e1ed95440770bfafccbdd7176c4431b47299,690,3,False,False,False
e02a753,results/intercept_3d_strict_sensing_fair_baselines_smoke/checkpoint_sweep/validation_checkpoint_summary.csv,af3100c1503b8202000211eb6dbff93a60ea7cb21633f0520b28574f95ea0099,945,3,False,False,False
e02a753,results/intercept_3d_strict_sensing_fair_baselines_smoke/checkpoint_sweep/validation_episode_metrics.csv,80d0e1a3672d0665bcddcd7b05676576848962cae3f4eb7760cece17f0a68015,2093,3,False,False,False
e02a753,results/intercept_3d_strict_sensing_fair_baselines_smoke/checkpoint_sweep/validation_selected_checkpoints.csv,29c7a8190f770e9480a6ebf17fd40b06b7d96591495a6ff19dcfac8f9c784b15,708,3,False,False,False
e02a753,results/intercept_3d_strict_sensing_formal_seed0_dev/checkpoint_sweep/test_checkpoint_summary.csv,819c248b6e464024d49564cab0886ca7446ba8d72ed964e564b6884701e510ce,764,2,False,False,False
e02a753,results/intercept_3d_strict_sensing_formal_seed0_dev/checkpoint_sweep/test_episode_metrics.csv,62c2adaff8f8c69d3fa59821a0157287f4ca9bad929ac30efcb81d9a638a3b0b,90805,200,False,False,False
e02a753,results/intercept_3d_strict_sensing_formal_seed0_dev/checkpoint_sweep/test_selected_checkpoints.csv,16a867282cc6afd4a5a1afe199fad23020940c58bb95a5fbdee55ae0d965ee0f,540,2,False,False,False
e02a753,results/intercept_3d_strict_sensing_formal_seed0_dev/checkpoint_sweep/validation_checkpoint_summary.csv,1c5f7c3b9637c42f59d7042bb530b2df5740cf4fb3bebaf8975cbeb8731c7d53,5559,24,False,False,False
e02a753,results/intercept_3d_strict_sensing_formal_seed0_dev/checkpoint_sweep/validation_episode_metrics.csv,b911bc557a25276569d7b0cd5a9af21376edde5dd50c6ac4b292b919a547c01a,546623,1200,False,False,False
e02a753,results/intercept_3d_strict_sensing_formal_seed0_dev/checkpoint_sweep/validation_selected_checkpoints.csv,419e9cb797829523ad2bae588d3894adee957113e7247a3ec3bba4e68b53d2d6,552,2,False,False,False
e02a753,results/intercept_3d_strict_sensing_formal_seed1_dev/checkpoint_sweep/test_checkpoint_summary.csv,d7e76029b66e058e74a19c1ed8fa49a519b399b0cb032ecb388a138d179f2672,768,2,False,False,False
e02a753,results/intercept_3d_strict_sensing_formal_seed1_dev/checkpoint_sweep/test_episode_metrics.csv,d892168ed11fee3e737bdde647f1b17e023df776d3cfeb25b2565c621f7be17c,91054,200,False,False,False
e02a753,results/intercept_3d_strict_sensing_formal_seed1_dev/checkpoint_sweep/test_selected_checkpoints.csv,ed3a2363a05ca7af377fedec678d6f0f30ea4fb89eab0d813da1765506fe9472,542,2,False,False,False
e02a753,results/intercept_3d_strict_sensing_formal_seed1_dev/checkpoint_sweep/validation_checkpoint_summary.csv,5d2c60dc316b3f70d4cdbdc5d15cf9116f80ddbba10b767d3d17b9758f5055dc,5618,24,False,False,False
e02a753,results/intercept_3d_strict_sensing_formal_seed1_dev/checkpoint_sweep/validation_episode_metrics.csv,461af1409c689003a5e9d2f16a8bf1d0e6ee0128720b736c07871f57d8fc0319,546182,1200,False,False,False
e02a753,results/intercept_3d_strict_sensing_formal_seed1_dev/checkpoint_sweep/validation_selected_checkpoints.csv,b13ff9db024667d0e5edc9c80b9397a42bcbc167d968a69f954b30adc2ee4914,553,2,False,False,False
e02a753,results/intercept_3d_strict_sensing_formal_seed2_dev/checkpoint_sweep/test_checkpoint_summary.csv,a425f9ac7e61ac1065b5d183acfbb8a2fc52f702cf75a209f3e1bed2bf1f3596,755,2,False,False,False
e02a753,results/intercept_3d_strict_sensing_formal_seed2_dev/checkpoint_sweep/test_episode_metrics.csv,7add48d0c03db2a4fbb302eab6027c013284d3d71014f868fba0a05074f3b3a6,90938,200,False,False,False
e02a753,results/intercept_3d_strict_sensing_formal_seed2_dev/checkpoint_sweep/test_selected_checkpoints.csv,00db46f278d2b21fce23525bdbf2dda11cb4d7852424e1e2ad1b2a640258631f,533,2,False,False,False
e02a753,results/intercept_3d_strict_sensing_formal_seed2_dev/checkpoint_sweep/validation_checkpoint_summary.csv,aeb654a862bd9087e710d0760fb61c940660b8a554a76251183990704d142b51,5408,24,False,False,False
e02a753,results/intercept_3d_strict_sensing_formal_seed2_dev/checkpoint_sweep/validation_episode_metrics.csv,dae2a894ed9ee40338fba692b109a22b3f69807c17c199e01bac42e5c61ddbc9,547611,1200,False,False,False
e02a753,results/intercept_3d_strict_sensing_formal_seed2_dev/checkpoint_sweep/validation_selected_checkpoints.csv,6128f8982eb80875d4b70b53d27363187b55de9ce35421643bbbbed8a67203e5,543,2,False,False,False
e02a753,results/intercept_3d_strict_sensing_formal_smoke/checkpoint_sweep/test_checkpoint_summary.csv,cf4e61961ca122e0c4c4432ae90e1d05013376ad98c8f95c049c1966ef0a05a0,521,1,False,False,False
e02a753,results/intercept_3d_strict_sensing_formal_smoke/checkpoint_sweep/test_episode_metrics.csv,b6512b8837cd70d2997dc83e27c498f057905143b9357b47700b87e0df4aa2bc,1194,1,False,False,False
e02a753,results/intercept_3d_strict_sensing_formal_smoke/checkpoint_sweep/test_selected_checkpoints.csv,6b1a9186367044b214349df74b370618690960a7e42b43f2b3f358ac836ff9ef,345,1,False,False,False
e02a753,results/intercept_3d_strict_sensing_formal_smoke/checkpoint_sweep/validation_checkpoint_summary.csv,b5d3d2f15762aa273be96bad0928fcd7cfdcd0c7ae5bd968782786201e6836b1,532,1,False,False,False
e02a753,results/intercept_3d_strict_sensing_formal_smoke/checkpoint_sweep/validation_episode_metrics.csv,50119623fbe4b67ef746dac4e7f471433c3d1cec2ee5246412c0faad06acced0,1220,1,False,False,False
e02a753,results/intercept_3d_strict_sensing_formal_smoke/checkpoint_sweep/validation_selected_checkpoints.csv,fd63a2f05bc7e0fa7f63c31b384f4f40fbed90fe11a517d05609569b74555c8f,351,1,False,False,False
e02a753,results/intercept_3d_strict_sensing_mixed_source_seed0_diag/checkpoint_sweep/test_checkpoint_summary.csv,a5c12ce32a28611d87a699dc0c4bc8deb4df25d8203c668ad121f8a4c33a8bb7,973,3,False,False,False
e02a753,results/intercept_3d_strict_sensing_mixed_source_seed0_diag/checkpoint_sweep/test_episode_metrics.csv,758579e3e0bb74c79e4b9113fff771eb1175ddb8689d997482cd1445da69c3e8,14438,30,False,False,False
e02a753,results/intercept_3d_strict_sensing_mixed_source_seed0_diag/checkpoint_sweep/test_selected_checkpoints.csv,d9f8da2c15905f3eccd24141e163a7eeff9624c2222020e669f925daa15d41a2,717,3,False,False,False
e02a753,results/intercept_3d_strict_sensing_mixed_source_seed0_diag/checkpoint_sweep/validation_checkpoint_summary.csv,c09962f52574fd618d1e7241ec63d0ab126439a26126ba875091bc9f36220d0f,3585,15,False,False,False
e02a753,results/intercept_3d_strict_sensing_mixed_source_seed0_diag/checkpoint_sweep/validation_episode_metrics.csv,c5704ece0ad28d44f03cd331078483b048741bf354197a50612c6bc7e8aa9ee6,69767,150,False,False,False
e02a753,results/intercept_3d_strict_sensing_mixed_source_seed0_diag/checkpoint_sweep/validation_selected_checkpoints.csv,90cdf6789c9714fe992b37f01af8105f4447420650655c3cbe7990866fe813dd,734,3,False,False,False
e02a753,results/intercept_3d_strict_sensing_seed_aware_bootstrap.csv,28e6e76b4e227e585bba9d5383bde88eb4bc70540afc1f4929170c453cc68f88,1209,8,False,False,True
e02a753,results/intercept_3d_topology_curriculum_protocol_seed0_pilot/robustness_eval/episode_metrics.csv,0b97aa72b572ad98d047f6a074bf9051ae5a4b144aa1e6a78d3c14b43d1f71f6,120441,330,False,False,False
e02a753,results/intercept_3d_topology_curriculum_protocol_smoke/robustness_eval/episode_metrics.csv,ba7196ecec2da50a08427b4e22f1236c237b3eb42cd77dbf817927693c5b149f,2659,6,False,False,False
e02a753,results/intercept_3d_topology_robustness_screen/episode_metrics.csv,fe17e1a3fdac3c61ea869cf2519261fbf47b69c8e9e2441b60a2de6606dfbbb0,112436,330,False,False,False
e02a753,results/intercept_3d_topology_robustness_smoke/episode_metrics.csv,719b08b1dce161f32560f8bd08c912035c7bd28b3c47351e86dcbfcc1389479a,2547,6,False,False,False
e02a753,results/paper_config_runs/dev_1m/checkpoint_sweeps/dropout030_delay2_relay_failure_early_happo_seed0_2_validation/validation_checkpoint_summary.csv,f03433672f0c848532046b69dbdbb638394b1ffbbf3283c211281c17fa852166,15942,59,False,False,False
e02a753,results/paper_config_runs/dev_1m/checkpoint_sweeps/dropout030_delay2_relay_failure_early_happo_seed0_2_validation/validation_episode_metrics.csv,b1c9aebbce692e92a879b95a5edd419e18d23ec79b9a2758a99dcc9fade85223,1654978,2950,False,True,True
e02a753,results/paper_config_runs/dev_1m/checkpoint_sweeps/dropout030_delay2_relay_failure_early_seed0_2_validation/validation_checkpoint_summary.csv,658af2d9d6b5ae21b927df0d0e5414081276a4ae39c5ba510d6535356b488a0a,119305,443,False,False,False
e02a753,results/paper_config_runs/dev_1m/checkpoint_sweeps/dropout030_delay2_relay_failure_early_seed0_2_validation/validation_episode_metrics.csv,1f5e8aa38287e03ad2505932b949500830aa57c05da7db91551253184cf8cbf0,12658932,22150,False,True,True
e02a753,results/paper_config_runs/dev_1m/checkpoint_sweeps/dropout030_delay2_relay_failure_early_seed0_2_validation/validation_selected_checkpoints.csv,c3aa25df1ced63c7ecaf8073b61f9b000f58f777c03cb24012e5cdf26edb9228,2731,9,False,False,False
e02a753,results/paper_config_runs/dev_1m/checkpoint_sweeps/dropout030_delay2_relay_failure_happo_seed0_2_validation/validation_checkpoint_summary.csv,253b6636b549d09998fceb3f9913079e54f30665f06d5ce7374e0fdf65329477,36112,140,False,False,False
e02a753,results/paper_config_runs/dev_1m/checkpoint_sweeps/dropout030_delay2_relay_failure_happo_seed0_2_validation/validation_episode_metrics.csv,911eb41f8162f0dbfd23ac7588e09ecb2620ad6ec064b134f26af8928c38e679,3842135,7000,False,True,True
e02a753,results/paper_config_runs/dev_1m/checkpoint_sweeps/dropout030_delay2_relay_failure_happo_seed0_2_validation/validation_selected_checkpoints.csv,7e4ac673a6f5a2b1c379855da6b6913dfb7d076ea58b8651c2e6a6ca3fe4485f,1207,3,False,False,False
e02a753,results/paper_config_runs/dev_1m/checkpoint_sweeps/dropout030_delay2_relay_failure_happo_smoke/validation_checkpoint_summary.csv,81da17575fd52022edf3c2d94bfe4906784749ffdc60e55d9beb77707717d068,865,1,False,False,False
e02a753,results/paper_config_runs/dev_1m/checkpoint_sweeps/dropout030_delay2_relay_failure_happo_smoke/validation_episode_metrics.csv,d4c04be2f18df994309f23215ef79c0ac7f56a4f76439be37192c3466a707fc8,2340,2,False,True,True
e02a753,results/paper_config_runs/dev_1m/checkpoint_sweeps/dropout030_delay2_relay_failure_happo_smoke/validation_selected_checkpoints.csv,1f6d39374f730dae0c52a62cafee451ac2936121414507ebd63ee55a923b7d96,727,1,False,False,False
e02a753,results/paper_config_runs/dev_1m/checkpoint_sweeps/dropout030_delay2_relay_failure_seed0_2_validation/validation_checkpoint_summary.csv,7fdd0a049c3f8de2ade73cfe3af5ac870ece5c25d09d2c2b18ccea6af1f98569,117060,443,False,False,False
e02a753,results/paper_config_runs/dev_1m/checkpoint_sweeps/dropout030_delay2_relay_failure_seed0_2_validation/validation_episode_metrics.csv,7ba3f7cba325b09066fe63ce4eb739b5447d95d77314c9f39fee358e11a109b4,12490887,22150,False,True,True
e02a753,results/paper_config_runs/dev_1m/checkpoint_sweeps/dropout030_delay2_relay_failure_seed0_2_validation/validation_selected_checkpoints.csv,9525e0b2bf468a5aec6a0171d653351f5f6e86e0d81de9f479de3099200a737a,2670,9,False,False,False
e02a753,results/paper_config_runs/dev_1m/checkpoint_sweeps/dropout030_delay2_relay_failure_smoke/validation_checkpoint_summary.csv,a20519df81a3ae71e5a24f427369cbfea805b6be303d3cbf1e0829fca393706b,874,1,False,False,False
e02a753,results/paper_config_runs/dev_1m/checkpoint_sweeps/dropout030_delay2_relay_failure_smoke/validation_episode_metrics.csv,83d98bc043f6a35636de9690a56ffee8e72052cd2d90bc07075bf0b2447d0bbb,2366,2,False,True,True
e02a753,results/paper_config_runs/dev_1m/checkpoint_sweeps/dropout030_delay2_relay_failure_smoke/validation_selected_checkpoints.csv,796ef8fd083a48060cefebd88f6929b72b2a1fa8814f5fdde5af8e5f437f72c0,740,1,False,False,False
e02a753,results/paper_config_runs/dev_1m/checkpoint_sweeps/dropout030_relay_failure_happo_seed0_2_validation/validation_checkpoint_summary.csv,3c1cc493c9edd12390b16de0e2963ad8ec8eb7be9a50c762c643f403b46afe27,34793,140,False,False,False
e02a753,results/paper_config_runs/dev_1m/checkpoint_sweeps/dropout030_relay_failure_happo_seed0_2_validation/validation_episode_metrics.csv,01e61c1f13245cf21ded5be17c52a90787f5b71f141c0745c92a422ce2deff67,3788820,7000,False,True,True
e02a753,results/paper_config_runs/dev_1m/checkpoint_sweeps/dropout030_relay_failure_happo_seed0_2_validation/validation_selected_checkpoints.csv,7e5504a0fc6a957a21e7006317f68c7329005ac13d3cb47b3f918ff786b10db4,1177,3,False,False,False
e02a753,results/paper_config_runs/dev_1m/checkpoint_sweeps/dropout030_relay_failure_seed0_2_validation/validation_checkpoint_summary.csv,a0f16d8ea5dc2681543f7c93283ed1831dbf8a3ffa85a014a3e22b571a10aa89,113564,443,False,False,False
e02a753,results/paper_config_runs/dev_1m/checkpoint_sweeps/dropout030_relay_failure_seed0_2_validation/validation_episode_metrics.csv,595be697097ac87566b31b88263d7e4740cdaa6cc384d110451087eeb36c58c0,12334917,22150,False,True,True
e02a753,results/paper_config_runs/dev_1m/checkpoint_sweeps/dropout030_relay_failure_seed0_2_validation/validation_selected_checkpoints.csv,eee8425e3f483ce9d8e47340ea80c93e153174a78e286d79ad853f7acc64e6c7,2597,9,False,False,False
e02a753,results/paper_config_runs/dev_1m/checkpoint_sweeps/ea_rg_mappo_seed0/validation_checkpoint_summary.csv,c2e2f22cc1baffed704a3332f9ce06aad2f6c09cb081060d3fde2af0aa6f560b,12722,48,False,False,False
e02a753,results/paper_config_runs/dev_1m/checkpoint_sweeps/ea_rg_mappo_seed0/validation_episode_metrics.csv,0b2890452d41010df20a06c46f26778ef1b51c8c9203eb15ad4b8dbfe41c982f,1329165,2400,False,True,True
e02a753,results/paper_config_runs/dev_1m/checkpoint_sweeps/ea_rg_mappo_seed0/validation_selected_checkpoints.csv,bdf658e3d8a0f44b66fc2b762eab0cfa6d802c19e4048045fb9b886f65a11419,736,1,False,False,False
e02a753,results/paper_config_runs/dev_1m/checkpoint_sweeps/ea_rg_mappo_seeds1_2/validation_checkpoint_summary.csv,c87672f2e834c2c33f382736d9c56c767eb2e5b3b2f75c79ad435b69cdaf159d,25417,100,False,False,False
e02a753,results/paper_config_runs/dev_1m/checkpoint_sweeps/ea_rg_mappo_seeds1_2/validation_episode_metrics.csv,d52eb86c9037e2dbd18321f679e865b74d4db86f8969b5637d7809339d4a0b67,2752877,5000,False,True,True
e02a753,results/paper_config_runs/dev_1m/checkpoint_sweeps/ea_rg_mappo_seeds1_2/validation_selected_checkpoints.csv,01081d162d8e7cfd7df91617335b1cc7d4210b78870cab3ae792e1144ae87c5f,966,2,False,False,False
e02a753,results/paper_config_runs/dev_1m/checkpoint_sweeps/happo_seed0/validation_checkpoint_summary.csv,50f0ea01e433199278010026fb0d4e105d3e7293d529b99c7480a034b99ed9d0,10097,40,False,False,False
e02a753,results/paper_config_runs/dev_1m/checkpoint_sweeps/happo_seed0/validation_episode_metrics.csv,c1ecb57530105b03ac33428e54d5beca4dce289856af0bdea82fdb08f0060af6,1073084,2000,False,True,True
e02a753,results/paper_config_runs/dev_1m/checkpoint_sweeps/happo_seed0/validation_selected_checkpoints.csv,5513dc5057137b68e033d2995499733e05cca8f8057a92b8a87ed1b4c4008e6e,722,1,False,False,False
e02a753,results/paper_config_runs/dev_1m/checkpoint_sweeps/happo_seed0_2_validation_selected_for_stress_test.csv,f3067d7b94b8928f69a87a5743fb3567c62b8efed07180f1c1dc20a2ea7f84fd,1142,3,False,False,False
e02a753,results/paper_config_runs/dev_1m/checkpoint_sweeps/happo_seeds1_2/validation_checkpoint_summary.csv,35c21a12283e68042737e58e24346c0e35e5ccbab6f331d07ecd50a099f11daf,23860,100,False,False,False
e02a753,results/paper_config_runs/dev_1m/checkpoint_sweeps/happo_seeds1_2/validation_episode_metrics.csv,5434b887506ff948aa963a68db5e70d96ae9dd40342477b7c81a7fbb9216d2e4,2629358,5000,False,True,True
e02a753,results/paper_config_runs/dev_1m/checkpoint_sweeps/happo_seeds1_2/validation_selected_checkpoints.csv,e9ebfba5ccf54e232dd6ecae31aaeac4e0ba7ab88bd16138ba0c6fa8a289454c,927,2,False,False,False
e02a753,results/paper_config_runs/dev_1m/checkpoint_sweeps/mappo_seed0/validation_checkpoint_summary.csv,cbf195d3abb79eef0b5c2a2ccea66cfa951d23b3f05ad6e53d8ad5925b216fdf,12121,47,False,False,False
e02a753,results/paper_config_runs/dev_1m/checkpoint_sweeps/mappo_seed0/validation_episode_metrics.csv,e79f32cac51d1aaf5a6f0a1a4eff1e2b81a026142aba44f1a44b0f2ba3b7fb11,1275534,2350,False,True,True
e02a753,results/paper_config_runs/dev_1m/checkpoint_sweeps/mappo_seed0/validation_selected_checkpoints.csv,3265d44c0ac463e1cc2e27a59f9ca4447d1098d405313c55fa59df07b3cb6b87,724,1,False,False,False
e02a753,results/paper_config_runs/dev_1m/checkpoint_sweeps/mappo_seeds1_2/validation_checkpoint_summary.csv,ea03f4360d688bd5029d6c56a1ff7c09fc40ea20846ca67a6431fdf049d27527,24133,100,False,False,False
e02a753,results/paper_config_runs/dev_1m/checkpoint_sweeps/mappo_seeds1_2/validation_episode_metrics.csv,599968b8fa82cf588d54d3efe44d8692c9fa6310c384bdae5f12aa6de7736e92,2679925,5000,False,True,True
e02a753,results/paper_config_runs/dev_1m/checkpoint_sweeps/mappo_seeds1_2/validation_selected_checkpoints.csv,3132c1f80e16763f31622ed511f2ca8c11f7b40c59c2724e31522dcb2de563b7,932,2,False,False,False
e02a753,results/paper_config_runs/dev_1m/checkpoint_sweeps/seed0_2_validation_selected_for_stress_test.csv,0e7e3abf3d7f0e2d9054346c54d994354c7ff34fdbce24a78a2e0d5af3b81c45,2508,9,False,False,False
e02a753,results/paper_config_runs/dev_1m/checkpoint_sweeps/seed0_graph_validation_selected_checkpoints.csv,62f79592b4958b002860553f6c3eb7683e2168f65683ed4b7714159cb0c2fcee,1183,3,False,False,False
e02a753,results/paper_config_runs/dev_1m/checkpoint_sweeps/seed0_validation_selected_summary.csv,1e093e72dbcda180039f57f45060228eea8a99d037f42dc143ea3b2bdb5c6379,630,4,False,False,False
e02a753,results/paper_config_runs/dev_1m/checkpoint_sweeps/seed1_2_validation_selected_for_test.csv,93b2077d3b15ecb027a171643d3c86b0e9461741900835af1495fc28d8d7759c,1831,6,False,False,False
e02a753,results/paper_config_runs/dev_1m/checkpoint_sweeps/single_graph_seed0/validation_checkpoint_summary.csv,998309136fbcd92782531dce0e541fc449f6be45b9101dba680048fca0e20f63,12228,48,False,False,False
e02a753,results/paper_config_runs/dev_1m/checkpoint_sweeps/single_graph_seed0/validation_episode_metrics.csv,56b1e4a329fc9c1c32c127059716b03489983d5f3f9d9379389e48e791b4bfb7,1313607,2400,False,True,True
e02a753,results/paper_config_runs/dev_1m/checkpoint_sweeps/single_graph_seed0/validation_selected_checkpoints.csv,cec54285016f6b537d3b2d4dc74570b81e742ff78f8c1d5b8e6522df9734948c,729,1,False,False,False
e02a753,results/paper_config_runs/dev_1m/checkpoint_sweeps/single_graph_seeds1_2/validation_checkpoint_summary.csv,a41e3a2a9b9df6c0a0d4e9f2a3700089ac4287bd78ae6a580b6cd66500702bab,24758,100,False,False,False
e02a753,results/paper_config_runs/dev_1m/checkpoint_sweeps/single_graph_seeds1_2/validation_episode_metrics.csv,c72d2248938d76f6fda8d2438867e374384911c701347cb1327bdce10152608c,2718622,5000,False,True,True
e02a753,results/paper_config_runs/dev_1m/checkpoint_sweeps/single_graph_seeds1_2/validation_selected_checkpoints.csv,366817a5d67bb5869780e118a3a25ce0e5ba198641d46067a58656c08d20ecd1,946,2,False,False,False
e02a753,results/paper_config_runs/dev_1m/delayed_recovery_sweep_mappo_seed1_u2000_2400/validation_checkpoint_summary.csv,662d673d3fb969cd85322acf6a6003cdc7410dc49ccd074026d08602c9a61cce,2143,5,False,True,False
e02a753,results/paper_config_runs/dev_1m/delayed_recovery_sweep_mappo_seed1_u2000_2400/validation_episode_metrics.csv,be1f31cb45bc126a06758d48b1a2d6f28b79c123b3e79a96b8c3875afdc2faf6,29000,50,False,True,True
e02a753,results/paper_config_runs/dev_1m/delayed_recovery_sweep_mappo_seed1_u2000_2400/validation_selected_checkpoints.csv,4b703b93d3f039db093c00d62d85abf91dcdb9dfb792f4ad9c7cf93fb3392b42,904,1,False,True,False
e02a753,results/paper_config_runs/dev_1m/delayed_recovery_sweep_mappo_seed1_u2000_2400_success0/validation_checkpoint_summary.csv,d75a84815f52a5f052423b5a4a5ee63501c7d61117b7980566481b30ecceb155,2179,5,False,True,False
e02a753,results/paper_config_runs/dev_1m/delayed_recovery_sweep_mappo_seed1_u2000_2400_success0/validation_episode_metrics.csv,be1f31cb45bc126a06758d48b1a2d6f28b79c123b3e79a96b8c3875afdc2faf6,29000,50,False,True,True
e02a753,results/paper_config_runs/dev_1m/delayed_recovery_sweep_mappo_seed1_u2000_2400_success0/validation_selected_checkpoints.csv,ee974ed3e84e87276b666543d36c489535cc97c5a58e7a5b2a731bbd143e53ff,932,1,False,True,False
e02a753,results/paper_config_runs/dev_1m/delayed_recovery_sweep_seed0_2_small/ea_rg_mappo/validation_checkpoint_summary.csv,97cfd455a294aaff2ca6388bf0d41c1c9cdb4e01e67e840596ee50664c3b8bc9,5169,15,False,True,False
e02a753,results/paper_config_runs/dev_1m/delayed_recovery_sweep_seed0_2_small/ea_rg_mappo/validation_episode_metrics.csv,01f43a3a68b35e9732b56b68825db125db1c8c28ad283481302590b623670b2d,44058,75,False,True,True
e02a753,results/paper_config_runs/dev_1m/delayed_recovery_sweep_seed0_2_small/ea_rg_mappo/validation_selected_checkpoints.csv,1238a78a411e0cc84b39881d27ee6de983c275db3626db6235039b2eef97aa56,1476,3,False,True,False
e02a753,results/paper_config_runs/dev_1m/delayed_recovery_sweep_seed0_2_small/mappo/validation_checkpoint_summary.csv,3021b46bc595917c92c977832337222ed5d1ebd5b8619ccaba3434bd70388a9e,5778,18,False,True,False
e02a753,results/paper_config_runs/dev_1m/delayed_recovery_sweep_seed0_2_small/mappo/validation_episode_metrics.csv,6aff1ee68eab1141b5291221f6e7cb5feb0c374c3179e1a9a8042680d45e1ce3,51182,90,False,True,True
e02a753,results/paper_config_runs/dev_1m/delayed_recovery_sweep_seed0_2_small/mappo/validation_selected_checkpoints.csv,479f08c4b6391c96415ff9fad2a926a676637031077b78854bb52a1796ac67e8,1434,3,False,True,False
e02a753,results/paper_config_runs/dev_1m/delayed_recovery_sweep_seed0_2_small/single_graph/validation_checkpoint_summary.csv,12a9b2408e67f9f8b28e879be4d1c8cb9f44345c251324dc803b0040267456cc,5671,17,False,True,False
e02a753,results/paper_config_runs/dev_1m/delayed_recovery_sweep_seed0_2_small/single_graph/validation_episode_metrics.csv,678bb449fe5ce26e1183c5951bdda6c3daa106db9b7f9afd6b2b7cbbf023d8cf,49304,85,False,True,True
e02a753,results/paper_config_runs/dev_1m/delayed_recovery_sweep_seed0_2_small/single_graph/validation_selected_checkpoints.csv,244e32ce8ceb76bc82bc9ef672c2f4a67cd6e268a21156274b14c90d94229153,1448,3,False,True,False
e02a753,results/paper_config_runs/dev_1m/frozen_suite_candidate_sweep/ea_rg_mappo/validation_checkpoint_summary.csv,c900eea57694d8985f21a1cec79224439a864a301d76edd77650eaeedc8f6022,18888,60,False,True,False
e02a753,results/paper_config_runs/dev_1m/frozen_suite_candidate_sweep/ea_rg_mappo/validation_episode_metrics.csv,9a1b84cda0e67b6364ed7337f0225216194e19c126339576e2770141a263fb56,174566,300,False,True,True
e02a753,results/paper_config_runs/dev_1m/frozen_suite_candidate_sweep/ea_rg_mappo/validation_selected_checkpoints.csv,3aae9e811ffd1886bc7884bcf73c2ce85d062b8b90e3c511ad08d6b720c1d27d,1457,3,False,True,False
e02a753,results/paper_config_runs/dev_1m/frozen_suite_candidate_sweep/happo/validation_checkpoint_summary.csv,42537090011e534cb0254ef3d350e6cc683b81a4b55edb9c060b3637b872d668,10140,36,False,True,False
e02a753,results/paper_config_runs/dev_1m/frozen_suite_candidate_sweep/happo/validation_episode_metrics.csv,4c472b8ab4d77b3f52e09aa1b01e638a5762ecd8a5ef43f11798ade35c926169,100022,180,False,True,True
e02a753,results/paper_config_runs/dev_1m/frozen_suite_candidate_sweep/happo/validation_selected_checkpoints.csv,d270eb2812b78f7ac054564d1eb867598b424d73d0eee267bf0b396d28e83139,1362,3,False,True,False
e02a753,results/paper_config_runs/dev_1m/frozen_suite_candidate_sweep/happo_aligned/validation_checkpoint_summary.csv,67db364251fdaf92f06bfa72c434464d69efa269e9a7601ad99ee8e6ab981728,10932,36,False,True,False
e02a753,results/paper_config_runs/dev_1m/frozen_suite_candidate_sweep/happo_aligned/validation_episode_metrics.csv,4c472b8ab4d77b3f52e09aa1b01e638a5762ecd8a5ef43f11798ade35c926169,100022,180,False,True,True
e02a753,results/paper_config_runs/dev_1m/frozen_suite_candidate_sweep/happo_aligned/validation_selected_checkpoints.csv,a210a73c7c4aa2cb2ca47a620c50423b68e6349ae624332432043a1ce0b47417,1383,3,False,True,False
e02a753,results/paper_config_runs/dev_1m/frozen_suite_candidate_sweep/mappo/validation_checkpoint_summary.csv,ef428c4dff6538c06fbe8ab8730f6d3134ede4016135d70ed9ff87f086529c5a,17969,60,False,True,False
e02a753,results/paper_config_runs/dev_1m/frozen_suite_candidate_sweep/mappo/validation_episode_metrics.csv,dd95666e974a53accd8e4af6ca85dc351e8b8062184e4d01d0a580887fc21c4f,168534,300,False,True,True
e02a753,results/paper_config_runs/dev_1m/frozen_suite_candidate_sweep/mappo/validation_selected_checkpoints.csv,6c61dcf4a49e3323ab56f3d54b64f606bae219b4f5320ac39033b0f69bf34995,1397,3,False,True,False
e02a753,results/paper_config_runs/dev_1m/frozen_suite_candidate_sweep/single_graph/validation_checkpoint_summary.csv,bf835f0917e125361ccde748540f40c21de4af3b62dadc9228fc9f2540bb41ee,18420,60,False,True,False
e02a753,results/paper_config_runs/dev_1m/frozen_suite_candidate_sweep/single_graph/validation_episode_metrics.csv,9829bcd8e80735f8cb8e7be52aa972fa9dfeb018a72b60e5870b04bcdb366679,170742,300,False,True,True
e02a753,results/paper_config_runs/dev_1m/frozen_suite_candidate_sweep/single_graph/validation_selected_checkpoints.csv,ef8ba6b0d6eceb0dee51ab61149e14384f958df0e5a7bc7d9dcb64a5de41b3b2,1437,3,False,True,False
e02a753,results/paper_config_runs/dev_1m/frozen_suite_smoke/mappo/validation_checkpoint_summary.csv,5f35977feb732cb59758c4de186d0050c595449a3c2b9dac4dc4934532513d23,1888,4,False,True,False
e02a753,results/paper_config_runs/dev_1m/frozen_suite_smoke/mappo/validation_episode_metrics.csv,ffcdd9c83c1cc41d34be1889806ed86dfd6e8b6fe0278b4a55af543233de0eec,3415,4,False,True,True
e02a753,results/paper_config_runs/dev_1m/frozen_suite_smoke/mappo/validation_selected_checkpoints.csv,666e255461c9e6f98d8b83716b3070d7187f75d5252bcbbc9dc9adb1053a0628,1713,4,False,True,False
e02a753,results/paper_config_runs/dev_1m/frozen_suite_smoke_suite_selection/happo/validation_checkpoint_summary.csv,52d8b0b737772922749cf806ce0708bb226cc9f22f36d582515a2a9bafca8ecd,2873,8,False,True,False
e02a753,results/paper_config_runs/dev_1m/frozen_suite_smoke_suite_selection/happo/validation_episode_metrics.csv,e8b11386715195bcb19503234376a8433013574d433dd877b07b9fbfdbf103f0,5617,8,False,True,True
e02a753,results/paper_config_runs/dev_1m/frozen_suite_smoke_suite_selection/happo/validation_selected_checkpoints.csv,a7bb4a7888f098a30bf6d70daa5d4dda30b0ff634dac149d283ea06ab13389d6,898,1,False,True,False
e02a753,results/paper_config_runs/dev_1m/frozen_suite_smoke_suite_selection/mappo/validation_checkpoint_summary.csv,c3c818887562bd39583e9a9b6a42ed3cc62c70433a8cc500232de27f1e2f492e,3059,8,False,True,False
e02a753,results/paper_config_runs/dev_1m/frozen_suite_smoke_suite_selection/mappo/validation_episode_metrics.csv,0ca3e1db237e8185057bdffdf5ba40aa11aef3f110bd39dfdedb8a12f600e112,5745,8,False,True,True
e02a753,results/paper_config_runs/dev_1m/frozen_suite_smoke_suite_selection/mappo/validation_selected_checkpoints.csv,185cae622bdd5257e62fce3b918ce29d5233289a3ae8ee14cbe04ca1bba6cc0b,905,1,False,True,False
e02a753,results/paper_config_runs/dev_1m/selected_ablation_eval/dropout030_delay2_early_no_role_pair_gate/validation_checkpoint_summary.csv,ab5a35ad53a9582279d42de793aeeb2b1d4d1c36399080c06ec5a2dd8bc8a15c,1530,3,False,False,False
e02a753,results/paper_config_runs/dev_1m/selected_ablation_eval/dropout030_delay2_early_no_role_pair_gate/validation_episode_metrics.csv,b0bbdce0c84f2ab1c118b956a0cdf2193fc8b6fe47aa2da4a61875aaa4d95833,92900,150,False,True,True
e02a753,results/paper_config_runs/dev_1m/selected_ablation_eval/dropout030_delay2_early_no_role_pair_gate/validation_selected_checkpoints.csv,1b2a287879ebd9e34b55812f2d7192bae0e00783a4f3f1ecfe9933e7fee58d34,1303,3,False,False,False
e02a753,results/paper_config_runs/dev_1m/selected_ablation_eval/dropout030_delay2_early_no_task_support/validation_checkpoint_summary.csv,a2fa0bcfd4a90db38e70b683139247c80eaac5cf99629bfa701c4846487748ef,1522,3,False,False,False
e02a753,results/paper_config_runs/dev_1m/selected_ablation_eval/dropout030_delay2_early_no_task_support/validation_episode_metrics.csv,5cb4fd626f4e0a866fb0e7f976673a6ce66dc8f1e9144e0c3e33ac23fe8a3fba,92535,150,False,True,True
e02a753,results/paper_config_runs/dev_1m/selected_ablation_eval/dropout030_delay2_early_no_task_support/validation_selected_checkpoints.csv,c7cab31ac5608d42af77a1242d4ccc745e117aa38a01f4c7ade5fdf3b13a59ad,1295,3,False,False,False
e02a753,results/paper_config_runs/dev_1m/strict_recovery_sweep_smoke/validation_checkpoint_summary.csv,5a9e67fab72e0e562a18442ff48ad8424183d9d8a2bfdb2969b4094441284539,1019,1,False,True,False
e02a753,results/paper_config_runs/dev_1m/strict_recovery_sweep_smoke/validation_episode_metrics.csv,a71f6925a0250b9b8adb779f935858cc85508370569b49b98ae497b5aaff0849,2380,2,False,True,True
e02a753,results/paper_config_runs/dev_1m/strict_recovery_sweep_smoke/validation_selected_checkpoints.csv,33e02f4bcfbf2687942ccd93fcb639ea89d5b4fba8c8a2b32bd3850e78d2bb74,875,1,False,True,False
e02a753,results/paper_config_runs/dev_1m/test_eval/dropout030_relay_failure_happo_seed0_2_stress_test/test_checkpoint_summary.csv,0fb362a79415c094ebd910e3cf492072b070e0144afc534757913b7928224297,1384,3,False,False,False
e02a753,results/paper_config_runs/dev_1m/test_eval/dropout030_relay_failure_happo_seed0_2_stress_test/test_episode_metrics.csv,733a1d8fa7026d17dbf9260f6038b754edfb08fa97a27c71f70aedb5d6e690d6,164077,300,False,True,True
e02a753,results/paper_config_runs/dev_1m/test_eval/dropout030_relay_failure_happo_seed0_2_stress_test/test_selected_checkpoints.csv,00a1d2180ba833bfb110b94d01abaf9774e4f9e424c0a9ebd8f5061a0cd02909,1159,3,False,False,False
e02a753,results/paper_config_runs/dev_1m/test_eval/dropout030_relay_failure_seed0_2_stress_test/test_checkpoint_summary.csv,efa0e7cba5da0a81b80fbb47ea7d835d8764bf3f44a7a50b6f83dfbda331fc67,2985,9,False,False,False
e02a753,results/paper_config_runs/dev_1m/test_eval/dropout030_relay_failure_seed0_2_stress_test/test_episode_metrics.csv,a276c51bf9526ad8b042488e6fb16af5b2bc612992ab69002ee069117cbd7087,503854,900,False,True,True
e02a753,results/paper_config_runs/dev_1m/test_eval/happo_seeds1_2_heldout_test/test_checkpoint_summary.csv,378fb79ac508521009bd23271972e237600765fc8eb702d2306f5057979ad731,1084,2,False,False,False
e02a753,results/paper_config_runs/dev_1m/test_eval/happo_seeds1_2_heldout_test/test_episode_metrics.csv,a00c3e6b601b78611a73593b369275a4100f1c9db60b97749118c0b42fe99138,107763,200,False,True,True
e02a753,results/paper_config_runs/dev_1m/test_eval/happo_seeds1_2_heldout_test/test_selected_checkpoints.csv,a70b538cb4b4cf36f65f676c23bd9d4e38e50065f4e1513b5cbe7f1839b53931,914,2,False,False,False
e02a753,results/paper_config_runs/dev_1m/test_eval/seed0_graph_selected/test_checkpoint_summary.csv,b0a093d34e650def2296e2cc878ffea0b4bee6a0261097736786212cb6b96a3e,1390,3,False,False,False
e02a753,results/paper_config_runs/dev_1m/test_eval/seed0_graph_selected/test_episode_metrics.csv,93e5d473cfb8533d6a1ab1b730d9904c65f2cbee33ceae2b9942cc1b0c558147,169678,300,False,True,True
e02a753,results/paper_config_runs/dev_1m/test_eval/seed0_graph_selected/test_selected_checkpoints.csv,913633ffefddc2a1bd9b4b88a574e236d14061a38149b4151cb05fa7b7b7ee56,1164,3,False,False,False
e02a753,results/paper_config_runs/dev_1m/test_eval/seed0_happo_selected/test_checkpoint_summary.csv,90c79b7082ade27b1ef6fd50cdcba88db02ea1c5346f49042b6dcbcd0e9787ec,867,1,False,False,False
e02a753,results/paper_config_runs/dev_1m/test_eval/seed0_happo_selected/test_episode_metrics.csv,921498f62f2d793fe7c5b2b8df1b314e7439c6116ff497fe0816db4f9f7cca21,55086,100,False,True,True
e02a753,results/paper_config_runs/dev_1m/test_eval/seed0_happo_selected/test_selected_checkpoints.csv,e216e2496be652d4479efafe30ad2e8e9ca73190a41dfc829d20147b9d752041,713,1,False,False,False
e02a753,results/paper_config_runs/dev_1m/test_eval/seeds1_2_heldout_test/test_checkpoint_summary.csv,380cba43f8030056265258668cb4687a69ac1314098d63834a4cbe40086ddd00,2127,6,False,False,False
e02a753,results/paper_config_runs/dev_1m/test_eval/seeds1_2_heldout_test/test_episode_metrics.csv,f2019c14e8ba4398c9af0e8d2d7a5e15f57c22086eb2c32e995cf149cc08ba6b,333917,600,False,True,True
e02a753,results/paper_config_runs/dev_1m/test_eval/seeds1_2_heldout_test/test_selected_checkpoints.csv,7ca0646282f291f6538535f38f15cbd6444ae329cda4904cb880664020563b10,1796,6,False,False,False
e02a753,results/paper_config_runs/gate_prior_dev100_validation/gate_prior_04/validation_checkpoint_summary.csv,01dcccf92b27bd42b0e320f477a5e1f7b1c7392b169f1008e80b2068cc569f70,4988,15,False,False,False
e02a753,results/paper_config_runs/gate_prior_dev100_validation/gate_prior_04/validation_episode_metrics.csv,b75e6de77f3b0561dc0000762b67469033e38c399ad15c54c34b381e606ddb09,268768,450,False,True,True
e02a753,results/paper_config_runs/gate_prior_dev100_validation/gate_prior_04/validation_selected_checkpoints.csv,bb6e13b8b7dcce7c0fc317301f5ce7a251c086fc655b162bc32633184389f1e7,1313,3,False,False,False
e02a753,results/paper_config_runs/gate_prior_dev100_validation/original_ea/validation_checkpoint_summary.csv,303f816db63638b68eade2052d56eb5c1d9a9d2c1f9c3489e0b65815fa8c3981,4793,15,False,False,False
e02a753,results/paper_config_runs/gate_prior_dev100_validation/original_ea/validation_episode_metrics.csv,18831602afaf34866b1524b26c35ac4c2e358b08d86d7d2fc04474382ddb7c9d,260788,450,False,True,True
e02a753,results/paper_config_runs/gate_prior_dev100_validation/original_ea/validation_selected_checkpoints.csv,a23121120c60371523c43a0dd99c97f9d7ed1c684d2fc239cfe22c222321b128,1266,3,False,False,False
e02a753,results/paper_config_runs/stability_dev/checkpoint_sweeps/ea_rg_mappo_offset_balanced_recovery_bc_ppo_seed0_2_dev60/validation_checkpoint_summary.csv,d659f89079a5fef040a6bf91edf2d350950bdf634a200073f1e7c199512dd44a,17202,48,False,True,False
e02a753,results/paper_config_runs/stability_dev/checkpoint_sweeps/ea_rg_mappo_offset_balanced_recovery_bc_ppo_seed0_2_dev60/validation_episode_metrics.csv,8b49668746846147d79f9e3168b897cb9b5177222002e6c48f64d8a4a77852ee,298117,480,False,True,True
e02a753,results/paper_config_runs/stability_dev/checkpoint_sweeps/ea_rg_mappo_offset_balanced_recovery_bc_ppo_seed0_2_dev60/validation_selected_checkpoints.csv,fde583b343c0d28d1c2ee1e332cdf7d688794f89078a0c8da6c7e87999ebacf8,1570,3,False,True,False
e02a753,results/paper_config_runs/stability_dev/checkpoint_sweeps/ea_rg_mappo_offset_balanced_recovery_bc_ppo_seed0_dev60/validation_checkpoint_summary.csv,9b55b2d2992caddbe937fe3d6c7539030dd9bfc9527f99171620cbd0d23967ff,6389,16,False,True,False
e02a753,results/paper_config_runs/stability_dev/checkpoint_sweeps/ea_rg_mappo_offset_balanced_recovery_bc_ppo_seed0_dev60/validation_episode_metrics.csv,4a4feba65abc32ab0efc96421661da50e54b6f5986ddf5ece7569aa1d8726e8f,101046,160,False,True,True
e02a753,results/paper_config_runs/stability_dev/checkpoint_sweeps/ea_rg_mappo_offset_balanced_recovery_bc_ppo_seed0_dev60/validation_selected_checkpoints.csv,1c912018d7fcab153db5bea4b4559f4e29227313de46a78d3e5401fc979c15d7,972,1,False,True,False
e02a753,results/paper_config_runs/stability_dev/checkpoint_sweeps/ea_rg_mappo_original_strong_offset_balanced_recovery_bc_safety05_seed0_2_dev100/validation_checkpoint_summary.csv,d3b2a43751734624cfd9a9bb12bc1c5dddd21d1530db0b58c1424b8ed3f51898,22504,60,False,True,False
e02a753,results/paper_config_runs/stability_dev/checkpoint_sweeps/ea_rg_mappo_original_strong_offset_balanced_recovery_bc_safety05_seed0_2_dev100/validation_episode_metrics.csv,78057ce14366b116ff41aeb7e3b06446a8d83660db8804af6887ea7ab0bd1259,387834,600,False,True,True
e02a753,results/paper_config_runs/stability_dev/checkpoint_sweeps/ea_rg_mappo_original_strong_offset_balanced_recovery_bc_safety05_seed0_2_dev100/validation_selected_checkpoints.csv,0b807bb4ed9d1e95e4b153883e766e5465ec9ed36afb9d619eeae632c85839db,1624,3,False,True,False
e02a753,results/paper_config_runs/stability_dev/checkpoint_sweeps/ea_rg_mappo_original_strong_offset_balanced_recovery_bc_safety05_seed0_dev100/validation_checkpoint_summary.csv,918d3d132010f5e677c8f65138dc4a673ee082f1dbcc5f6cd68794709ea670b4,7889,20,False,True,False
e02a753,results/paper_config_runs/stability_dev/checkpoint_sweeps/ea_rg_mappo_original_strong_offset_balanced_recovery_bc_safety05_seed0_dev100/validation_episode_metrics.csv,79aacaa99e01b1c5b1e7e5a68e8b04a4422dd6c1b352d1870a9c5b850e8abd54,130366,200,False,True,True
e02a753,results/paper_config_runs/stability_dev/checkpoint_sweeps/ea_rg_mappo_original_strong_offset_balanced_recovery_bc_safety05_seed0_dev100/validation_selected_checkpoints.csv,b1e91b120654efbc39229b4608e6d768494805ab4c99cccc796343e5f8eaa43e,984,1,False,True,False
e02a753,results/paper_config_runs/stability_dev/checkpoint_sweeps/ea_rg_mappo_post_loss_reclosure_seed0_dev60/validation_checkpoint_summary.csv,cc4a887eb21065b222fd15a18ab59194081ce2cd4870ffcb278fc924d247fc19,4621,12,False,True,False
e02a753,results/paper_config_runs/stability_dev/checkpoint_sweeps/ea_rg_mappo_post_loss_reclosure_seed0_dev60/validation_episode_metrics.csv,a1d19915ddc3c98258a3533f666c7ce914fe031bc929587f0cb073c53ce8d307,73764,120,False,True,True
e02a753,results/paper_config_runs/stability_dev/checkpoint_sweeps/ea_rg_mappo_post_loss_reclosure_seed0_dev60/validation_selected_checkpoints.csv,8cbda60fb86c7fa04b0bcdd8c3a64c935b6cccecd638b498be2b4080390a9cd1,938,1,False,True,False
e02a753,results/paper_config_runs/stability_dev/checkpoint_sweeps/ea_rg_mappo_random_failure_seed0_dev60/validation_checkpoint_summary.csv,c63dc0c3016e10dbf594d73f20793c343504cf2ca842a6bfd98df92a24df0719,4632,12,False,True,False
e02a753,results/paper_config_runs/stability_dev/checkpoint_sweeps/ea_rg_mappo_random_failure_seed0_dev60/validation_episode_metrics.csv,d4088634d5bafee1d4995acc54971706fccc2a107c410ae2191dd05e7c597ffc,71994,120,False,True,True
e02a753,results/paper_config_runs/stability_dev/checkpoint_sweeps/ea_rg_mappo_random_failure_seed0_dev60/validation_selected_checkpoints.csv,db8bebda7851a8915264a21ca0e6761da3fc5a3f35aba9e77b0194377fc17d7c,939,1,False,True,False
e02a753,results/paper_config_runs/stability_dev/checkpoint_sweeps/ea_rg_mappo_recovery_bc_ppo_seed0_dev60/validation_checkpoint_summary.csv,ea364032024d1e5314a26ab98ccdeec121b3cdb1c46e0f3e7c33b10ce937bb24,5870,16,False,True,False
e02a753,results/paper_config_runs/stability_dev/checkpoint_sweeps/ea_rg_mappo_recovery_bc_ppo_seed0_dev60/validation_episode_metrics.csv,fee465758a08dd5e6090569d6103dda9a4aca0b0bf96c2503face21004b3013e,97685,160,False,True,True
e02a753,results/paper_config_runs/stability_dev/checkpoint_sweeps/ea_rg_mappo_recovery_bc_ppo_seed0_dev60/validation_selected_checkpoints.csv,c705f66d61a30e441765fd1aad428b399bd7ca8412c827c519411fb3f40cf437,934,1,False,True,False
e02a753,results/paper_config_runs/stability_dev/checkpoint_sweeps/ea_rg_mappo_role_gate_prior_strong_offset_balanced_recovery_bc_safety05_seed0_2_dev100/validation_checkpoint_summary.csv,84977186fa3f40fb785de2ffe088765957794f6359108fa5adc2da22764f4b21,23295,60,False,True,False
e02a753,results/paper_config_runs/stability_dev/checkpoint_sweeps/ea_rg_mappo_role_gate_prior_strong_offset_balanced_recovery_bc_safety05_seed0_2_dev100/validation_episode_metrics.csv,d2814b7a410e1b6e1e65ce781708befd04b448fe99e0d3e1a1e4dc062db87c1a,396330,600,False,True,True
e02a753,results/paper_config_runs/stability_dev/checkpoint_sweeps/ea_rg_mappo_role_gate_prior_strong_offset_balanced_recovery_bc_safety05_seed0_2_dev100/validation_selected_checkpoints.csv,926ba1a57380ba4060613f478e33cfe7f82b8619a563a5fa4c0962272aec4f04,1650,3,False,True,False
e02a753,results/paper_config_runs/stability_dev/checkpoint_sweeps/ea_rg_mappo_role_gate_prior_strong_offset_balanced_recovery_bc_safety05_seed0_dev100/validation_checkpoint_summary.csv,40ecd610ded5d915a04b08c49ab1ca4c0d161217bfd0a83aefb933e4192fb7fa,8201,20,False,True,False
e02a753,results/paper_config_runs/stability_dev/checkpoint_sweeps/ea_rg_mappo_role_gate_prior_strong_offset_balanced_recovery_bc_safety05_seed0_dev100/validation_episode_metrics.csv,27c14946eac884db538c8e0a7cd8c366f4a25f44ded140ff313904ec5cc56b16,133031,200,False,True,True
e02a753,results/paper_config_runs/stability_dev/checkpoint_sweeps/ea_rg_mappo_role_gate_prior_strong_offset_balanced_recovery_bc_safety05_seed0_dev100/validation_selected_checkpoints.csv,a278786a4ba706769394e90af46580afc7009570335239d9b61de67dfd9ed9b9,990,1,False,True,False
e02a753,results/paper_config_runs/stability_dev/checkpoint_sweeps/ea_rg_mappo_seed1_strong_offset_balanced_recovery_bc_safety03_ppo_dev40/validation_checkpoint_summary.csv,c92823c155c9d1abe8b7cd4d7946bb75808d9d6edc0987c92eb9ff1347add505,5160,12,False,True,False
e02a753,results/paper_config_runs/stability_dev/checkpoint_sweeps/ea_rg_mappo_seed1_strong_offset_balanced_recovery_bc_safety03_ppo_dev40/validation_episode_metrics.csv,8c7e9030b3bc59af01e60c77099bacdbc1134327ab48334d49a3ae2db13a6896,78659,120,False,True,True
e02a753,results/paper_config_runs/stability_dev/checkpoint_sweeps/ea_rg_mappo_seed1_strong_offset_balanced_recovery_bc_safety03_ppo_dev40/validation_selected_checkpoints.csv,4d12f783a5a0848d4a238597fcc8dd4e8918f72b5b4f2ad2363b98bb7070b22c,988,1,False,True,False
e02a753,results/paper_config_runs/stability_dev/checkpoint_sweeps/ea_rg_mappo_seed1_strong_offset_balanced_recovery_bc_safety05_ppo_dev40/validation_checkpoint_summary.csv,87b32b7e9e5723446a47082a2bcfa9e685e080ea5c062ac09e056e00c7282ba5,5127,12,False,True,False
e02a753,results/paper_config_runs/stability_dev/checkpoint_sweeps/ea_rg_mappo_seed1_strong_offset_balanced_recovery_bc_safety05_ppo_dev40/validation_episode_metrics.csv,2a857097bea36732b05010cde3f1920d2663938b9904a46fb12863b2d423d25d,78585,120,False,True,True
e02a753,results/paper_config_runs/stability_dev/checkpoint_sweeps/ea_rg_mappo_seed1_strong_offset_balanced_recovery_bc_safety05_ppo_dev40/validation_selected_checkpoints.csv,06353f08648bebc3c06b284cb5544d9f9d8eb1b2f2bbfc31961c5b54bd1ed24a,984,1,False,True,False
e02a753,results/paper_config_runs/stability_dev/checkpoint_sweeps/ea_rg_mappo_seed1_strong_offset_balanced_recovery_bc_safety_ppo_dev60/validation_checkpoint_summary.csv,d5b83442da40ffbffaf7cf9a4f5e7812d47e94c975c4b239884d43bccea01fcb,6599,16,False,True,False
e02a753,results/paper_config_runs/stability_dev/checkpoint_sweeps/ea_rg_mappo_seed1_strong_offset_balanced_recovery_bc_safety_ppo_dev60/validation_episode_metrics.csv,012f738494c0c7e6d53f2e150509088431c5f381b6f71a91086879923b4e1fab,104453,160,False,True,True
e02a753,results/paper_config_runs/stability_dev/checkpoint_sweeps/ea_rg_mappo_seed1_strong_offset_balanced_recovery_bc_safety_ppo_dev60/validation_selected_checkpoints.csv,efd3ab8875ea0d364476d3c1bf3fc295dbba8b8176d5ba4d0e1df0e243c5c826,981,1,False,True,False
e02a753,results/paper_config_runs/stability_dev/checkpoint_sweeps/ea_rg_mappo_seed2_strong_offset_balanced_recovery_bc_safety05_ppo_dev40/validation_checkpoint_summary.csv,f815b62fd3239940a18804797d364a5a64ed1928a8f222f3916b30648f3a47da,5173,12,False,True,False
e02a753,results/paper_config_runs/stability_dev/checkpoint_sweeps/ea_rg_mappo_seed2_strong_offset_balanced_recovery_bc_safety05_ppo_dev40/validation_episode_metrics.csv,155582dfa666cb541ec5c1e91388fbff43a2aa0def109435c6c766df40872c8f,78469,120,False,True,True
e02a753,results/paper_config_runs/stability_dev/checkpoint_sweeps/ea_rg_mappo_seed2_strong_offset_balanced_recovery_bc_safety05_ppo_dev40/validation_selected_checkpoints.csv,6806c5783d857f9dca5f1a3f84e0bb15ce7b68ca9fb55fb42214ba518ee22176,986,1,False,True,False
e02a753,results/paper_config_runs/stability_dev/checkpoint_sweeps/ea_rg_mappo_strong_offset_balanced_recovery_bc_safety05_seed0_2_dev40/validation_checkpoint_summary.csv,773c44dd3063eff1300a42f07b369c63918c125a1b5fd042f3a43757a2e5b362,13831,36,False,True,False
e02a753,results/paper_config_runs/stability_dev/checkpoint_sweeps/ea_rg_mappo_strong_offset_balanced_recovery_bc_safety05_seed0_2_dev40/validation_episode_metrics.csv,ecddc00d7b2bc31dc7f74aff1ad57b2a04f9af5761abc971d8b360b1fe285d0c,233114,360,False,True,True
e02a753,results/paper_config_runs/stability_dev/checkpoint_sweeps/ea_rg_mappo_strong_offset_balanced_recovery_bc_safety05_seed0_2_dev40/validation_selected_checkpoints.csv,d5b63d504093a27873a633e0532b7e0f38668cdc1caf8a21d3241451e26f5a7b,1623,3,False,True,False
e02a753,results/paper_config_runs/stability_dev/checkpoint_sweeps/ea_rg_mappo_warmup120_h64/validation_checkpoint_summary.csv,f17e0df0dd8728e01e9a0054581044b7c05de13542730fa1698834c0d7434675,15715,48,False,True,False
e02a753,results/paper_config_runs/stability_dev/checkpoint_sweeps/ea_rg_mappo_warmup120_h64/validation_episode_metrics.csv,65b8e7916ebb195534ab31dcb4cade85b2c4a79588ee7f743c1ddef6142f0702,141460,240,False,True,True
e02a753,results/paper_config_runs/stability_dev/checkpoint_sweeps/ea_rg_mappo_warmup120_h64/validation_selected_checkpoints.csv,c19803d65ddc77392e6314dcc55699852d04b6788697fb435bd4cf1b1aaa20f1,1466,3,False,True,False
e02a753,results/paper_config_runs/stability_dev/checkpoint_sweeps/ea_rg_mappo_warmup180_h64/validation_checkpoint_summary.csv,871a99bdfe0f8e513830d54a7888d872058d8f5d9320b7005635e46345b656d7,15712,48,False,True,False
e02a753,results/paper_config_runs/stability_dev/checkpoint_sweeps/ea_rg_mappo_warmup180_h64/validation_episode_metrics.csv,bd23473a65bc16f46863f16086f22a596f0abd45bc6ccfd9ac4d8d9c7d06c2f1,141522,240,False,True,True
e02a753,results/paper_config_runs/stability_dev/checkpoint_sweeps/ea_rg_mappo_warmup180_h64/validation_selected_checkpoints.csv,ec1825260656b8fe62635bc543a5d45e5b11333555ac3cfb10c4f1670cc2e44f,1464,3,False,True,False
e02a753,results/paper_config_runs/stability_dev/checkpoint_sweeps/ea_rg_mappo_warmup60_h64/validation_checkpoint_summary.csv,3fa88090e9154e424e07d014b71192685035315e311af9cad4aa21b659053a18,11939,36,False,True,False
e02a753,results/paper_config_runs/stability_dev/checkpoint_sweeps/ea_rg_mappo_warmup60_h64/validation_episode_metrics.csv,e2ef2396e2ad8c93de026a340216561260e9914f13f1b64bf3af8c95345a4922,106130,180,False,True,True
e02a753,results/paper_config_runs/stability_dev/checkpoint_sweeps/ea_rg_mappo_warmup60_h64/validation_selected_checkpoints.csv,5f1de7b26d62ff4c2e7e14cfcf3e5ac467e0e10d9abe236a38bb626228f36d3f,1463,3,False,True,False
e02a753,results/paper_config_runs/stability_dev/checkpoint_sweeps/happo_protocol_smoke/validation_checkpoint_summary.csv,f659355dcee750ec818460799bf749d1c998af3dfcf15af3bad4c944ac4a47d4,1067,1,False,True,False
e02a753,results/paper_config_runs/stability_dev/checkpoint_sweeps/happo_protocol_smoke/validation_episode_metrics.csv,7782617797738a8e108d746acee5847f4cf994948466bc5ffc4d9b9bad759136,1804,1,False,True,True
e02a753,results/paper_config_runs/stability_dev/checkpoint_sweeps/happo_protocol_smoke/validation_selected_checkpoints.csv,96c397b5d7560c527498e2393360578dc8baa31e6c96dc8a6afc6b02b31c49b3,914,1,False,True,False
e02a753,results/paper_config_runs/stability_dev/checkpoint_sweeps/happo_strong_offset_balanced_recovery_bc_safety05_seed0_2_dev40/validation_checkpoint_summary.csv,680e9fb8fd9d2a3bdd0e16a21f344678039db6002c5de5cf999f92f7f77b8167,12507,36,False,True,False
e02a753,results/paper_config_runs/stability_dev/checkpoint_sweeps/happo_strong_offset_balanced_recovery_bc_safety05_seed0_2_dev40/validation_episode_metrics.csv,dd9a28bb778e3933095cea3ad05089cc7b4d8815c56ce3dbb98645e0240aa54c,217144,360,False,True,True
e02a753,results/paper_config_runs/stability_dev/checkpoint_sweeps/happo_strong_offset_balanced_recovery_bc_safety05_seed0_2_dev40/validation_selected_checkpoints.csv,bd7bb686d47837b88a3756d9ceef83c3f90f2981d41fd1b4009fb992e6563e34,1512,3,False,True,False
e02a753,results/paper_config_runs/stability_dev/checkpoint_sweeps/happo_strong_offset_balanced_recovery_bc_safety05_seed0_dev40/validation_checkpoint_summary.csv,5f132ad45553f605a0445a0ceaeb806faa25c0e0a6158336551ffabbc68c7508,4697,12,False,True,False
e02a753,results/paper_config_runs/stability_dev/checkpoint_sweeps/happo_strong_offset_balanced_recovery_bc_safety05_seed0_dev40/validation_episode_metrics.csv,279b1b15a9d949d5c22c0139a85b50382511ac2b8357d450bbf0d1bce0dd7996,73033,120,False,True,True
e02a753,results/paper_config_runs/stability_dev/checkpoint_sweeps/happo_strong_offset_balanced_recovery_bc_safety05_seed0_dev40/validation_selected_checkpoints.csv,82d44809955099c8904406fa465523d55f59e4ac197ae3f479cf433cc373e737,954,1,False,True,False
e02a753,results/paper_config_runs/stability_dev/checkpoint_sweeps/no_graph_strong_offset_balanced_recovery_bc_safety05_seed0_2_dev40/validation_checkpoint_summary.csv,2add06af63fc1e5f8e93408612894c2a3080742c74c9855a4ecfbc43e43acf5f,13474,36,False,True,False
e02a753,results/paper_config_runs/stability_dev/checkpoint_sweeps/no_graph_strong_offset_balanced_recovery_bc_safety05_seed0_2_dev40/validation_episode_metrics.csv,f3fd293bb004eafb60fd18ae0039e42fee5eb47d715969a029bff0cae7e43141,228540,360,False,True,True
e02a753,results/paper_config_runs/stability_dev/checkpoint_sweeps/no_graph_strong_offset_balanced_recovery_bc_safety05_seed0_2_dev40/validation_selected_checkpoints.csv,3b228c82927ab085d07f1d720b91307acd2487589db9fa95040664dbb0722f0d,1603,3,False,True,False
e02a753,results/paper_config_runs/stability_dev/checkpoint_sweeps/single_graph_seed0_strong_offset_balanced_recovery_bc_safety10_dev40/validation_checkpoint_summary.csv,f6629c45add4ea41d42ceca4984eb7a6ed7cc2a332d1b8282f6e6ee01746ed94,5082,12,False,True,False
e02a753,results/paper_config_runs/stability_dev/checkpoint_sweeps/single_graph_seed0_strong_offset_balanced_recovery_bc_safety10_dev40/validation_episode_metrics.csv,96f15703ae41e0e48e69aff5eb4be80f6870d9bb18ef255949c0b2e951c05190,77972,120,False,True,True
e02a753,results/paper_config_runs/stability_dev/checkpoint_sweeps/single_graph_seed0_strong_offset_balanced_recovery_bc_safety10_dev40/validation_selected_checkpoints.csv,c3e24c06d7b44e6482b50f8fb7365da15ebee83eaf2975a70fbddbf7205f042a,979,1,False,True,False
e02a753,results/paper_config_runs/stability_dev/checkpoint_sweeps/single_graph_strong_offset_balanced_recovery_bc_safety05_seed0_2_dev40/validation_checkpoint_summary.csv,dd6bb33ab8bf22f985be4c607a6633ba92c2147e8d03f4f136cc4ecf4023d9da,13644,36,False,True,False
e02a753,results/paper_config_runs/stability_dev/checkpoint_sweeps/single_graph_strong_offset_balanced_recovery_bc_safety05_seed0_2_dev40/validation_episode_metrics.csv,8cc66ba790582ca770fd124f7a2f8ebaa3c63f4f5d55aa12da1960fb7ed8f148,231282,360,False,True,True
e02a753,results/paper_config_runs/stability_dev/checkpoint_sweeps/single_graph_strong_offset_balanced_recovery_bc_safety05_seed0_2_dev40/validation_selected_checkpoints.csv,829707348b7667ca82f8f88dad9e43e34090ed8d3ea2220c79edc3e621ee6730,1600,3,False,True,False
e02a753,results/param_matched_single_graph_3seed_bottleneck_strict_dev10/checkpoint_sweep/test_checkpoint_summary.csv,71d831d877202bdd718ec6ed41cb0e6204df090ec30eae16e57af95c4a48e3e0,1105,2,False,False,False
e02a753,results/param_matched_single_graph_3seed_bottleneck_strict_dev10/checkpoint_sweep/test_episode_metrics.csv,08a761042bdd8aaf42bf0ba78efb67ec21d881398c945eb0b215c46ac545b08b,12449,20,False,True,True
e02a753,results/param_matched_single_graph_3seed_bottleneck_strict_dev10/checkpoint_sweep/test_selected_checkpoints.csv,56357cb793a91eef916939404f09e32376d686c6be05e70d650cda90db982cb1,941,2,False,False,False
e02a753,results/param_matched_single_graph_3seed_bottleneck_strict_dev10/checkpoint_sweep/validation_checkpoint_summary.csv,9246e259651d6d12111c9826dbd2838f50ac482fff2ab3c05b88f0f4c562fd12,1633,4,False,False,False
e02a753,results/param_matched_single_graph_3seed_bottleneck_strict_dev10/checkpoint_sweep/validation_episode_metrics.csv,cc5697a4d63dc9618e7f4b404fd0f084c12d36ff80cc76648dc3bc4cd2f38075,23867,40,False,True,True
e02a753,results/param_matched_single_graph_3seed_bottleneck_strict_dev10/checkpoint_sweep/validation_selected_checkpoints.csv,0b5da5589f59e056b82bdd52b8fcccfd76c7d657302c9ca77fc2832661ad5b09,952,2,False,False,False
e02a753,results/param_matched_single_graph_3seed_bottleneck_strict_update60_dev/checkpoint_sweep/test_checkpoint_summary.csv,68f0531f227eb84ecbfa7adb9f763c9cd017fed4c51528645104acfe338be8a3,1121,2,False,False,False
e02a753,results/param_matched_single_graph_3seed_bottleneck_strict_update60_dev/checkpoint_sweep/test_episode_metrics.csv,d3f84cdcea22478aeed1c037545665f20eb57a3fd5ef0393ab642c80e803e031,23981,40,False,True,True
e02a753,results/param_matched_single_graph_3seed_bottleneck_strict_update60_dev/checkpoint_sweep/test_selected_checkpoints.csv,f2d629795f5abc06c906b70715e7c269ce202d82337fb29345dc6ad6068d375b,955,2,False,False,False
e02a753,results/param_matched_single_graph_3seed_bottleneck_strict_update60_dev/checkpoint_sweep/validation_checkpoint_summary.csv,ef7c261f16521e508a3e5842d7356a1c48ab68f2e8ceb5507dfef93501f8e57b,3824,12,False,False,False
e02a753,results/param_matched_single_graph_3seed_bottleneck_strict_update60_dev/checkpoint_sweep/validation_episode_metrics.csv,1093d9b2e8fae854eb5dcec77766ce6977eee737bb4194fc8bc6840eaee1db50,138920,240,False,True,True
e02a753,results/param_matched_single_graph_3seed_bottleneck_strict_update60_dev/checkpoint_sweep/validation_selected_checkpoints.csv,815805c1acdcb12ed527746db7695b37d39baed32d078d98f1f20d2d97f96518,967,2,False,False,False
e02a753,results/param_matched_single_graph_3seed_bottleneck_strict_update60_dev/checkpoint_sweep_all3/test_checkpoint_summary.csv,94222a0e78dd8f95fe1351cf691cc0a93befceba25c2e7438f5c706f65a03030,1407,3,False,False,False
e02a753,results/param_matched_single_graph_3seed_bottleneck_strict_update60_dev/checkpoint_sweep_all3/test_episode_metrics.csv,cfcd57e794fc3c0a7eca6d9b9483fa208bf4ebf900ab37e872239bbc97738694,35797,60,False,True,True
e02a753,results/param_matched_single_graph_3seed_bottleneck_strict_update60_dev/checkpoint_sweep_all3/test_selected_checkpoints.csv,d9cb1e6efaf1538d43ba36eae9628a3603de2a12d77f4952b116ed5aaef31801,1204,3,False,False,False
e02a753,results/param_matched_single_graph_3seed_bottleneck_strict_update60_dev/checkpoint_sweep_all3/validation_checkpoint_summary.csv,79e049c0cf2bb3a910529ae4699470eaff09804ef5bdbf1159d688ae1e8bea7b,5523,18,False,False,False
e02a753,results/param_matched_single_graph_3seed_bottleneck_strict_update60_dev/checkpoint_sweep_all3/validation_episode_metrics.csv,ecce83cf72988c9d4e167ecc94c5e079f3a5208dda795cc1f6005eb07c4e1db9,208576,360,False,True,True
e02a753,results/param_matched_single_graph_3seed_bottleneck_strict_update60_dev/checkpoint_sweep_all3/validation_selected_checkpoints.csv,569934a86c590dcbe161b03afb2b0422436b81d8138437d1677c6b44ad0bb921,1221,3,False,False,False
e02a753,results/param_matched_single_graph_3seed_dev10_full_reference_same_split/test_checkpoint_summary.csv,29d14355400deb0e4fe118334ebbe3b43038cf0b89dac8a74b9da8d899203a6f,1150,2,False,False,False
e02a753,results/param_matched_single_graph_3seed_dev10_full_reference_same_split/test_episode_metrics.csv,c46e417c0f42892286816ab2e534be9ca3d0df09636d4fb95bf205f300b8893d,12973,20,False,True,True
e02a753,results/param_matched_single_graph_3seed_dev10_full_reference_same_split/test_selected_checkpoints.csv,c79089fec5222b3b8c48ec0373e207bc2f6455d150b4e6f0e09cafd8b4a6a12d,976,2,False,False,False
e02a753,results/param_matched_single_graph_3seed_update60_full_reference_same_split/test_checkpoint_summary.csv,96b028f1581a110a6c02490cf94290f0294902ab69dd8179a09c08cd489b4f40,1455,3,False,False,False
e02a753,results/param_matched_single_graph_3seed_update60_full_reference_same_split/test_episode_metrics.csv,b0e6782525dceec13a9ab90394a079ec115ab7b0d2ede3bd1864258b9bd3ebc8,36719,60,False,True,True
e02a753,results/param_matched_single_graph_3seed_update60_full_reference_same_split/test_selected_checkpoints.csv,2f470fa88da50b6d72ea47c3cdfae6849ee5f5371dcb9e3818942ce5735ad49b,1241,3,False,False,False
e02a753,results/param_matched_single_graph_5seed_bottleneck_strict_update60_formal_candidate/checkpoint_selection_all5/validation_selected_checkpoints.csv,68a2e1f2a5c4559af5ad5f9456c92b98b169036edec21f3693a8a9ecae8765be,1759,5,False,False,False
e02a753,results/param_matched_single_graph_5seed_bottleneck_strict_update60_formal_candidate/checkpoint_sweep/test_checkpoint_summary.csv,e6080503c921145d9bf9fa26349171e712431b0a4c217b398a61a3da1564a9fb,1148,2,False,False,False
e02a753,results/param_matched_single_graph_5seed_bottleneck_strict_update60_formal_candidate/checkpoint_sweep/test_episode_metrics.csv,7a2472833c65ed21c803e9a904917a2639d9fa4c9b6a8878dabf660fe94371e9,24914,40,False,True,True
e02a753,results/param_matched_single_graph_5seed_bottleneck_strict_update60_formal_candidate/checkpoint_sweep/test_selected_checkpoints.csv,a20bd535039458a0b66b7e0d6e229dc042ef3f0a9eddd8cd637ebc515ba45d7c,979,2,False,False,False
e02a753,results/param_matched_single_graph_5seed_bottleneck_strict_update60_formal_candidate/checkpoint_sweep/validation_checkpoint_summary.csv,7749770855cac3685bd37b4cb3ec41f455b0b1b40b52938c18f40a83f299668b,4081,12,False,False,False
e02a753,results/param_matched_single_graph_5seed_bottleneck_strict_update60_formal_candidate/checkpoint_sweep/validation_episode_metrics.csv,99748fdab4039abb0974d550266f5ccf90ebbb294605e089e408520f8e1fea6c,145194,240,False,True,True
e02a753,results/param_matched_single_graph_5seed_bottleneck_strict_update60_formal_candidate/checkpoint_sweep/validation_selected_checkpoints.csv,bfd899a82ea4d114c95114d70ab60c257205866553bebcd46c0a6beee8c2f30f,995,2,False,False,False
e02a753,results/param_matched_single_graph_5seed_bottleneck_strict_update60_formal_candidate/checkpoint_sweep_seed34_20eps/test_checkpoint_summary.csv,e6080503c921145d9bf9fa26349171e712431b0a4c217b398a61a3da1564a9fb,1148,2,False,False,False
e02a753,results/param_matched_single_graph_5seed_bottleneck_strict_update60_formal_candidate/checkpoint_sweep_seed34_20eps/test_episode_metrics.csv,6ac9daeca3c788a54afb3d859097419f07e00f19ebb8b49267dd31a28c2b5481,24914,40,False,True,True
e02a753,results/param_matched_single_graph_5seed_bottleneck_strict_update60_formal_candidate/checkpoint_sweep_seed34_20eps/test_selected_checkpoints.csv,a20bd535039458a0b66b7e0d6e229dc042ef3f0a9eddd8cd637ebc515ba45d7c,979,2,False,False,False
e02a753,results/param_matched_single_graph_5seed_bottleneck_strict_update60_formal_candidate/checkpoint_sweep_seed34_20eps/validation_checkpoint_summary.csv,7749770855cac3685bd37b4cb3ec41f455b0b1b40b52938c18f40a83f299668b,4081,12,False,False,False
e02a753,results/param_matched_single_graph_5seed_bottleneck_strict_update60_formal_candidate/checkpoint_sweep_seed34_20eps/validation_episode_metrics.csv,b5d53288c9d27505871c05d3b5a21f6e758da737e96e1dbffca4ab4f88231d80,145194,240,False,True,True
e02a753,results/param_matched_single_graph_5seed_bottleneck_strict_update60_formal_candidate/checkpoint_sweep_seed34_20eps/validation_selected_checkpoints.csv,bfd899a82ea4d114c95114d70ab60c257205866553bebcd46c0a6beee8c2f30f,995,2,False,False,False
e02a753,results/param_matched_single_graph_5seed_update60_candidate_test50/full_multi_reference/test_checkpoint_summary.csv,83b712fe799d99cf80823d50782630cdf57b561feac327ab8f7b0683826e2619,2057,5,False,False,False
e02a753,results/param_matched_single_graph_5seed_update60_candidate_test50/full_multi_reference/test_episode_metrics.csv,94dffd8ab43419be80132b833552af6939c18da7d5d8a469015ac453b81a6eb7,150868,250,False,True,True
e02a753,results/param_matched_single_graph_5seed_update60_candidate_test50/full_multi_reference/test_selected_checkpoints.csv,8da4b2f28b3856a9e2d356627140f8884b72f5bf8c45247e12ffcd090b479283,1767,5,False,False,False
e02a753,results/param_matched_single_graph_5seed_update60_candidate_test50/param_matched_single/test_checkpoint_summary.csv,57ecf13fbfa6a2edf38d5aac83e2707b910e84c84f0557efc4833631e4b0f160,1974,5,False,False,False
e02a753,results/param_matched_single_graph_5seed_update60_candidate_test50/param_matched_single/test_episode_metrics.csv,004f154c1cd1bcd923375e87bfd794cdef6531da35a6925474a5c3831b6bca32,147199,250,False,True,True
e02a753,results/param_matched_single_graph_5seed_update60_candidate_test50/param_matched_single/test_selected_checkpoints.csv,6cb51705a0038aab92ec34e32446e8635c933aaba2f40c88709be072cbf1572b,1702,5,False,False,False
e02a753,results/param_matched_single_graph_5seed_update60_candidate_test50/seed_aware_stats/intercept_3d_strict_sensing_recovered_only_steps.csv,c4cf7fc865cb4c5a8208ca3906b86c45d6a581ef0b76a0fb0512451dc06f8f10,386,2,False,False,False
e02a753,results/param_matched_single_graph_5seed_update60_candidate_test50/seed_aware_stats/intercept_3d_strict_sensing_seed_aware_bootstrap.csv,5339ed41c04092ef386a045e0e411146a959e408fdbbcac8211712048aa85bdc,1163,8,False,False,True
e02a753,results/param_matched_single_graph_5seed_update60_candidate_test50/seed_aware_stats/intercept_3d_strict_sensing_seed_level_deltas.csv,04b4a283b035b8fcdd63ec89e2123f3ea103ef888511de4d9e320dac94856ca3,3166,40,False,False,False
e02a753,results/param_matched_single_graph_5seed_update60_full_reference_same_split/test_checkpoint_summary.csv,ea4b745553df2a5004f7e33d8e81abd3701763746961f5b43f3a3603bf6a7374,1179,2,False,False,False
e02a753,results/param_matched_single_graph_5seed_update60_full_reference_same_split/test_episode_metrics.csv,89351c90d0785d77e9451042ed58a5ff436e637f94c69c5ba75ae17d314bf900,25416,40,False,True,True
e02a753,results/param_matched_single_graph_5seed_update60_full_reference_same_split/test_selected_checkpoints.csv,0ee91ac879ddcc6e90693c11e1905b042c749bb7b92494579cb6fece46399cdf,997,2,False,False,False
e02a753,results/param_matched_single_graph_seed0_bottleneck_strict_dev10/checkpoint_sweep/test_checkpoint_summary.csv,66aa3c40ed515fffd21624ef5a8a377ede4cf450ce21f10179ecc17738bed4ba,861,1,False,False,False
e02a753,results/param_matched_single_graph_seed0_bottleneck_strict_dev10/checkpoint_sweep/test_episode_metrics.csv,c7099e3fac8ae0a8eb364558d98dead5cec9c21df7cee0f499703baea03fd0a3,6845,10,False,True,True
e02a753,results/param_matched_single_graph_seed0_bottleneck_strict_dev10/checkpoint_sweep/test_selected_checkpoints.csv,bf6bb6af2948992a48591a0813356204bffdd75a6488072731e84895a4448e1c,711,1,False,False,False
e02a753,results/param_matched_single_graph_seed0_bottleneck_strict_dev10/checkpoint_sweep/validation_checkpoint_summary.csv,96f482b24f354a0e8d120668357286dc256b99433c55cb72de74c13e23a95be7,1125,2,False,False,False
e02a753,results/param_matched_single_graph_seed0_bottleneck_strict_dev10/checkpoint_sweep/validation_episode_metrics.csv,7f769aff683d9d2e3c9c85e432953243c5b40349782bb4b5781718454076aee8,12710,20,False,True,True
e02a753,results/param_matched_single_graph_seed0_bottleneck_strict_dev10/checkpoint_sweep/validation_selected_checkpoints.csv,17966deac13b0a339af2437cdecc4185623ab09eb20d8de046ae4c264300e831,716,1,False,False,False
e02a753,results/param_matched_single_graph_seed0_bottleneck_strict_diag/checkpoint_sweep/test_checkpoint_summary.csv,8fcaae7aa247fe5854869cb5076344b1bdaa74fa5dd9ab2b9736f57f7c0e2adb,847,1,False,False,False
e02a753,results/param_matched_single_graph_seed0_bottleneck_strict_diag/checkpoint_sweep/test_episode_metrics.csv,f29d0eecc108f89b602b1a684fa4d654f7f8c0336f1c671186f5a3ad22507fc0,3997,5,False,True,True
e02a753,results/param_matched_single_graph_seed0_bottleneck_strict_diag/checkpoint_sweep/test_selected_checkpoints.csv,c5d98b5922c04242db66b8445c9829f1fb56277f183d59294e1c26e4238c7c0b,707,1,False,False,False
e02a753,results/param_matched_single_graph_seed0_bottleneck_strict_diag/checkpoint_sweep/validation_checkpoint_summary.csv,c812e871ec457eecaa6f7aeccc6c9797b286912d36fbf55b6ad0ce32c20a61eb,1107,2,False,False,False
e02a753,results/param_matched_single_graph_seed0_bottleneck_strict_diag/checkpoint_sweep/validation_episode_metrics.csv,ee9799b7be329ac9701eb6bffd81a40d61c955a3c4d43d74b2276cd2ee60d640,6874,10,False,True,True
e02a753,results/param_matched_single_graph_seed0_bottleneck_strict_diag/checkpoint_sweep/validation_selected_checkpoints.csv,78f26ec9056badd38ddf35f230ed9b59d1de6faf07523159d4f9efd4abbafa3e,714,1,False,False,False
e02a753,results/param_matched_single_graph_seed0_dev10_full_reference_same_split/test_checkpoint_summary.csv,62a4ab57d46ae819764c6704efaccd42086b88662f9984873f0c7d5f3b3574d9,883,1,False,False,False
e02a753,results/param_matched_single_graph_seed0_dev10_full_reference_same_split/test_episode_metrics.csv,27912d0700011a7d145135a753e6595bbaef9706fc9c156e07c4374f147ac372,7060,10,False,True,True
e02a753,results/param_matched_single_graph_seed0_dev10_full_reference_same_split/test_selected_checkpoints.csv,6b82313f3d24d6eb2a6e3c09d8fc3ea83cdff7efd8b738f81fb2422ff26eee1d,737,1,False,False,False
e02a753,results/param_matched_single_graph_seed0_smoke/stage4_strict_smoke/checkpoint_sweep/test_checkpoint_summary.csv,8b7e30987984d1e686825644efe39111806bdbb3eec2db981e26ec251de36656,840,1,False,False,False
e02a753,results/param_matched_single_graph_seed0_smoke/stage4_strict_smoke/checkpoint_sweep/test_episode_metrics.csv,27d1f819f3231eb80e93f274aed4adb7935717254c218dfb2d5e94540e80b7af,3981,5,False,True,True
e02a753,results/param_matched_single_graph_seed0_smoke/stage4_strict_smoke/checkpoint_sweep/test_selected_checkpoints.csv,82e81a4c62d29df7808052531481a0404f75faf883284152ca822563ebf5f808,701,1,False,False,False
e02a753,results/param_matched_single_graph_seed0_smoke/stage4_strict_smoke/checkpoint_sweep/validation_checkpoint_summary.csv,6ca380d692aa2d2b7e0ce7852fd05af25da83ac82de6fc0f02a82ca878554a71,1095,2,False,False,False
e02a753,results/param_matched_single_graph_seed0_smoke/stage4_strict_smoke/checkpoint_sweep/validation_episode_metrics.csv,ceb355f044236b15c4e59ed2f7dff47ae54b56361a30da44a2699ab5ae032e1c,6762,10,False,True,True
e02a753,results/param_matched_single_graph_seed0_smoke/stage4_strict_smoke/checkpoint_sweep/validation_selected_checkpoints.csv,f5b2bcf47b479a0fc9174c90c3a3bf4210600e8fec8ae4737b0742e6c334d951,705,1,False,False,False
e02a753,results/speed_robustness_eval.csv,bc3bcb63acf681cda2c5c08d13e6dcfc87fa026569d0978cc85a3c7d4e1e0bf6,8004,54,False,False,False
e02a753,results/speed_robustness_smoke_eval.csv,2acba16c247d750c8b8e94506ada88c4718f276cc6795e2d2abeb3008c0effb6,2659,18,False,False,False
e02a753,results/speed_robustness_smoke_summary.csv,229f7744821e2093bffd6da6a65c484ae96a4e9503876458374adf02d1c6a695,755,6,False,False,False
e02a753,results/speed_robustness_summary.csv,05a13e579a1954ae983a0e9d032d23a8d61cf73616930a1e4522dbedd750be27,3103,18,False,False,False
e02a753,results/true_no_role_identity_hardened_3seed_dev20_full_reference_same_split/test_checkpoint_summary.csv,9f4d2a2e5ed412e03fb1793bff8446daa299b85157da90fdd2a54712dc83c08c,1425,3,False,False,False
e02a753,results/true_no_role_identity_hardened_3seed_dev20_full_reference_same_split/test_episode_metrics.csv,99918073ae31e5c19b01b4d00b39b98c89882e95d0f16d83e1464622102840e2,18970,30,False,True,True
e02a753,results/true_no_role_identity_hardened_3seed_dev20_full_reference_same_split/test_selected_checkpoints.csv,ad412fcb5518dd7a8de4de0583dc23688e2e1ea82b18a69bc2d8e6a777135df6,1224,3,False,False,False
e02a753,results/true_no_role_identity_hardened_3seed_strict_dev20/checkpoint_sweep/test_checkpoint_summary.csv,f6c9622379046a5dda60013ab11146ba0f9cf4be5c4e8616d209eadc754e4648,1461,3,False,False,False
e02a753,results/true_no_role_identity_hardened_3seed_strict_dev20/checkpoint_sweep/test_episode_metrics.csv,75c6e8cf705297fb8cb473bbdf762e217837bcc88121c59ad3a818f3a74e25f7,18929,30,False,True,True
e02a753,results/true_no_role_identity_hardened_3seed_strict_dev20/checkpoint_sweep/test_selected_checkpoints.csv,b0e07f3c21d7b6c6ffc2ffc205d4dc32ccabfd1a5797278e3243c935f2ab8cc4,1250,3,False,False,False
e02a753,results/true_no_role_identity_hardened_3seed_strict_dev20/checkpoint_sweep/validation_checkpoint_summary.csv,7de05ed149907f6cf4afc5eceebbf93fe212887b4ad286061f919492b8d137c2,4101,12,False,False,False
e02a753,results/true_no_role_identity_hardened_3seed_strict_dev20/checkpoint_sweep/validation_episode_metrics.csv,6f701bf1fa5c7459c1dd50274429e3efaea2f7fd279ffbee455fac864100bd21,72905,120,False,True,True
e02a753,results/true_no_role_identity_hardened_3seed_strict_dev20/checkpoint_sweep/validation_selected_checkpoints.csv,6218bcad6924a5975e34a00e0b44df88e8451395a7794bcb7a084a5b85283f4c,1266,3,False,False,False
e02a753,results/true_no_role_identity_hardened_3seed_strict_dev20/checkpoint_sweep_all3/test_checkpoint_summary.csv,6c6fc7d2a1ade44ed7c23d1e6b50d8d7dc2fc844091775ce50fc97cd1ae79c54,1456,3,False,False,False
e02a753,results/true_no_role_identity_hardened_3seed_strict_dev20/checkpoint_sweep_all3/test_episode_metrics.csv,ca4b4f36b3f2e4e9f894026ac183e4eae9a2cb28d1ce5678160b0eeb0336c49e,18926,30,False,True,True
e02a753,results/true_no_role_identity_hardened_3seed_strict_dev20/checkpoint_sweep_all3/test_selected_checkpoints.csv,b0e07f3c21d7b6c6ffc2ffc205d4dc32ccabfd1a5797278e3243c935f2ab8cc4,1250,3,False,False,False
e02a753,results/true_no_role_identity_hardened_3seed_strict_dev20/checkpoint_sweep_all3/validation_checkpoint_summary.csv,7de05ed149907f6cf4afc5eceebbf93fe212887b4ad286061f919492b8d137c2,4101,12,False,False,False
e02a753,results/true_no_role_identity_hardened_3seed_strict_dev20/checkpoint_sweep_all3/validation_episode_metrics.csv,6c9b07d1a01a78c71a18fd66922555832ddce2b500304e7a5b9dd966ef943074,72905,120,False,True,True
e02a753,results/true_no_role_identity_hardened_3seed_strict_dev20/checkpoint_sweep_all3/validation_selected_checkpoints.csv,6218bcad6924a5975e34a00e0b44df88e8451395a7794bcb7a084a5b85283f4c,1266,3,False,False,False
e02a753,results/true_no_role_identity_hardened_5seed_strict_update60_formal_candidate/checkpoint_selection_all5_formal/validation_selected_checkpoints.csv,d76954b026081e9401020d608860c2a2c87855520a9c9fedc7eec9af44948776,1915,5,False,False,False
e02a753,results/true_no_role_identity_hardened_5seed_strict_update60_formal_candidate/checkpoint_sweep/test_checkpoint_summary.csv,3ad49d18e414b9b7ad42dda3f619e964a62b91b2b66e51220c9fb99161c49203,1229,2,False,False,False
e02a753,results/true_no_role_identity_hardened_5seed_strict_update60_formal_candidate/checkpoint_sweep/test_episode_metrics.csv,00a7e50a06c7b68d60ec7e15f4e6c0107d1059e26da8f1f1eecdf6523906d049,26297,40,False,True,True
e02a753,results/true_no_role_identity_hardened_5seed_strict_update60_formal_candidate/checkpoint_sweep/test_selected_checkpoints.csv,828cb4ca67665857a3d0667346b3f8e2669addb59d6b47eff3730e253ba3a47d,1044,2,False,False,False
e02a753,results/true_no_role_identity_hardened_5seed_strict_update60_formal_candidate/checkpoint_sweep/validation_checkpoint_summary.csv,b7ba16f9a9bb0fbcaffd2bb5419992dd16a5079513ef6466abd113486a133b70,4348,12,False,False,False
e02a753,results/true_no_role_identity_hardened_5seed_strict_update60_formal_candidate/checkpoint_sweep/validation_episode_metrics.csv,7efa2d9b741d37f85372fb08741f1446f5e3fe22689811eb612e3a4efa049ca9,149294,240,False,True,True
e02a753,results/true_no_role_identity_hardened_5seed_strict_update60_formal_candidate/checkpoint_sweep/validation_selected_checkpoints.csv,2445751e4824350f6deb9a27a6d628311b6bc22f7823d775d5147f9ca9d899d1,1056,2,False,False,False
e02a753,results/true_no_role_identity_hardened_5seed_strict_update60_formal_candidate/checkpoint_sweep_all5_formal/validation_checkpoint_summary.csv,2b9035f48f80f13a76e9fb7dbbe4c72f02dbcfe8fdc8c6e4dd6aa8935ffdd524,4438,12,False,False,False
e02a753,results/true_no_role_identity_hardened_5seed_strict_update60_formal_candidate/checkpoint_sweep_all5_formal/validation_episode_metrics.csv,0e83a371735f74c680a3e14583a3a09ae25d3f0a75d4255cf6c92efbc7ab6acc,150560,240,False,True,True
e02a753,results/true_no_role_identity_hardened_5seed_strict_update60_formal_candidate/checkpoint_sweep_seed0_formal/validation_checkpoint_summary.csv,3138e831c4ec05fbb8121383b31e7396cddff50b610e8b52183178676cbd848d,2500,6,False,False,False
e02a753,results/true_no_role_identity_hardened_5seed_strict_update60_formal_candidate/checkpoint_sweep_seed0_formal/validation_episode_metrics.csv,320b1c546e1713624c537270296ef34cc476b251be0228e441f4bad4b787d203,75502,120,False,True,True
e02a753,results/true_no_role_identity_hardened_5seed_strict_update60_formal_candidate/checkpoint_sweep_seed0_formal/validation_selected_checkpoints.csv,eadf8851d493c80bc9bfb76de8be3e36c9bfd3aae514a198d0eeefc7f6b7071b,769,1,False,False,False
e02a753,results/true_no_role_identity_hardened_5seed_strict_update60_formal_candidate/checkpoint_sweep_seed1_formal/validation_checkpoint_summary.csv,e983642e898f74934a36a52f011dcf35035f2ae87b1ec646a005606641a0fad1,2530,6,False,False,False
e02a753,results/true_no_role_identity_hardened_5seed_strict_update60_formal_candidate/checkpoint_sweep_seed1_formal/validation_episode_metrics.csv,f4c52a8e39d7aa20d84ca004e266c90b1382b57b20df75aad3b710201dd64650,76262,120,False,True,True
e02a753,results/true_no_role_identity_hardened_5seed_strict_update60_formal_candidate/checkpoint_sweep_seed1_formal/validation_selected_checkpoints.csv,d68b6598365bd0845346cfd176fdac19635b8851cf77cd8fce3ec1c49659c34f,766,1,False,False,False
e02a753,results/true_no_role_identity_hardened_5seed_strict_update60_formal_candidate/checkpoint_sweep_seed2_formal/validation_checkpoint_summary.csv,046126968c0755484b344cf4a14b93758398c674aa05911ea5f899f6c8a17439,2458,6,False,False,False
e02a753,results/true_no_role_identity_hardened_5seed_strict_update60_formal_candidate/checkpoint_sweep_seed2_formal/validation_episode_metrics.csv,09c5262f08135fffb92fd8c497096b79675bf7a82ca8405ca9d985996d9112ac,74487,120,False,True,True
e02a753,results/true_no_role_identity_hardened_5seed_strict_update60_formal_candidate/checkpoint_sweep_seed2_formal/validation_selected_checkpoints.csv,3ddbae612e1447ea55430bccd23313ead5433d82397ebd82baaa8f6c8c2bf29b,760,1,False,False,False
e02a753,results/true_no_role_identity_hardened_5seed_strict_update60_formal_candidate/checkpoint_sweep_seed3_formal/validation_checkpoint_summary.csv,18096f4b52a4b0c10c41c0c2a470067fd758a0442878c40a11420534d0d3dc89,2446,6,False,False,False
e02a753,results/true_no_role_identity_hardened_5seed_strict_update60_formal_candidate/checkpoint_sweep_seed3_formal/validation_episode_metrics.csv,32c2d13c9b796b7239c5fd460bd9b7df5c767dcecd12a1cba26dcc2694413921,75033,120,False,True,True
e02a753,results/true_no_role_identity_hardened_5seed_strict_update60_formal_candidate/checkpoint_sweep_seed3_formal/validation_selected_checkpoints.csv,afa95d634e533d7fc5b38e253dcbd31711ab13635e810f8314d385c9bc5be13f,759,1,False,False,False
e02a753,results/true_no_role_identity_hardened_5seed_strict_update60_formal_candidate/checkpoint_sweep_seed4_formal/validation_checkpoint_summary.csv,e9c191d1816aa7cfd92299680a8a8d7ff51ff5c55951451749243691ccdac89a,2477,6,False,False,False
e02a753,results/true_no_role_identity_hardened_5seed_strict_update60_formal_candidate/checkpoint_sweep_seed4_formal/validation_episode_metrics.csv,f4ae9115b1ea2aab7c0fbb57fc9f07d25b47d7408c40742b12c9c8d672551f6d,75679,120,False,True,True
e02a753,results/true_no_role_identity_hardened_5seed_strict_update60_formal_candidate/checkpoint_sweep_seed4_formal/validation_selected_checkpoints.csv,91a35e058071f79c1804d87d48f3d6b2d8dd1fb6deb515da0d140d244970e9c1,767,1,False,False,False
e02a753,results/true_no_role_identity_hardened_5seed_update60_formal_test50/full_multi_reference/test_checkpoint_summary.csv,37c9f47ab6cf362a0882caa1276fcdf4b023e56ff5e295554f91678ca26b6c67,2051,5,False,False,False
e02a753,results/true_no_role_identity_hardened_5seed_update60_formal_test50/full_multi_reference/test_episode_metrics.csv,f851533f98c58494f61175222ff3e4d38c29a5456ca0ff42cb981c2f5172b8f5,150636,250,False,True,True
e02a753,results/true_no_role_identity_hardened_5seed_update60_formal_test50/full_multi_reference/test_selected_checkpoints.csv,ecffd288a7a67a98c21d3bc56be2f98dc048f950d22347bf678905c562e31e2d,1757,5,False,False,False
e02a753,results/true_no_role_identity_hardened_5seed_update60_formal_test50/no_role_identity/test_checkpoint_summary.csv,0586494f2badf03cd71802547dc0cc1cf529851d87915b02c506067decfd14f0,2180,5,False,False,False
e02a753,results/true_no_role_identity_hardened_5seed_update60_formal_test50/no_role_identity/test_episode_metrics.csv,3a2b7d801f911d727446c1771e97d9c9f9b90f6ab6c9c39dbab6a4c57006009b,156251,250,False,True,True
e02a753,results/true_no_role_identity_hardened_5seed_update60_formal_test50/no_role_identity/test_selected_checkpoints.csv,90f7e7ea9f5bef9ad3d20d2c3a199ff0b2f4993683b8cceaeb026c3729fa713b,1880,5,False,False,False
e02a753,results/true_no_role_identity_hardened_5seed_update60_formal_test50/seed_aware_stats/intercept_3d_strict_sensing_recovered_only_steps.csv,3461221177d0beff05a767dafc4546767361106d183f90e51d9689bae0528db0,392,2,False,False,False
e02a753,results/true_no_role_identity_hardened_5seed_update60_formal_test50/seed_aware_stats/intercept_3d_strict_sensing_seed_aware_bootstrap.csv,4da02d6e38c611d74a73d35fa7009bdb2bb152e2b1b815736d299ac0ef05fa35,1167,8,False,False,True
e02a753,results/true_no_role_identity_hardened_5seed_update60_formal_test50/seed_aware_stats/intercept_3d_strict_sensing_seed_level_deltas.csv,30cab37b06bf56490d850f8977a6a00ed2b16596f6ed81a3e80f520b0ed2c329,3238,40,False,False,False
e02a753,results/true_no_role_identity_hardened_seed0_strict_smoke/checkpoint_sweep/test_checkpoint_summary.csv,5244d0b506e0a2e3db954c8a727b33d322b544541b046a73932e9bb6b9b5bb76,870,1,False,False,False
e02a753,results/true_no_role_identity_hardened_seed0_strict_smoke/checkpoint_sweep/test_episode_metrics.csv,9afba2afe0b2374672301de8bf6bb7dcccc9cc0d033c67ccafca151014cd3e23,2374,2,False,True,True
e02a753,results/true_no_role_identity_hardened_seed0_strict_smoke/checkpoint_sweep/test_selected_checkpoints.csv,d2aa8d7aef7d5dbae4d1e310e16ce6d0dd85bc9855beb42025a84560710c175e,729,1,False,False,False
e02a753,results/true_no_role_identity_hardened_seed0_strict_smoke/checkpoint_sweep/validation_checkpoint_summary.csv,dd310c03fb0f829a36bcbc61304dadf8fc08c02c9b54d23c27dbc5f19a3cd976,1148,2,False,False,False
e02a753,results/true_no_role_identity_hardened_seed0_strict_smoke/checkpoint_sweep/validation_episode_metrics.csv,7774b1f58b78b7a95d147775bdd2df01e2e63d6be9c4a7fd6915a4bfbe41d8a6,3585,4,False,True,True
e02a753,results/true_no_role_identity_hardened_seed0_strict_smoke/checkpoint_sweep/validation_selected_checkpoints.csv,2031cd3d5a49c55b802a52333b8c49454ae5622b27a5a77add00ba9af11b88cd,736,1,False,False,False
e02a753,results/true_no_role_identity_post_hardening_full_reference_diag10/test_checkpoint_summary.csv,4cec4a3bee0ad846c238247667d1526c006ae12ff7dbc0223098c621deff2f76,2259,6,False,False,False
e02a753,results/true_no_role_identity_post_hardening_full_reference_diag10/test_episode_metrics.csv,79d7274e492a33a9f148318d2da246d33ee7a3136e8303cde5338294054bc351,36327,60,False,True,True
e02a753,results/true_no_role_identity_post_hardening_full_reference_diag10/test_selected_checkpoints.csv,c2000289dccf3f45bca85248da1b21e4ee404be1da4b64c6bf1313426fd0d41f,1956,6,False,False,False
