cohort,state_seed,step,snapshot_code,history_code,transition_label
A,83011,1,"{""age_steps"":[0,0,40,0,0,0,40,0,0],""comm"":[1,1,0,1,1,1,0,1,1],""support"":[0,0,0,0,0,0,0,0,0]}","{""age_steps"":[0,0,40,0,0,0,40,0,0],""comm"":[1,1,0,1,1,1,0,1,1],""support"":[0,0,0,0,0,0,0,0,0]}=>{""age_steps"":[0,0,40,0,0,0,40,0,0],""comm"":[1,1,0,1,1,1,0,1,1],""support"":[0,0,0,0,0,0,0,0,0]}",stable
A,83011,2,"{""age_steps"":[0,0,40,0,0,0,40,0,0],""comm"":[1,1,0,1,1,1,0,1,1],""support"":[0,0,0,0,0,0,0,0,0]}","{""age_steps"":[0,0,40,0,0,0,40,0,0],""comm"":[1,1,0,1,1,1,0,1,1],""support"":[0,0,0,0,0,0,0,0,0]}=>{""age_steps"":[0,0,40,0,0,0,40,0,0],""comm"":[1,1,0,1,1,1,0,1,1],""support"":[0,0,0,0,0,0,0,0,0]}",stable
A,83011,3,"{""age_steps"":[0,0,40,0,0,0,40,0,0],""comm"":[1,1,0,1,1,1,0,1,1],""support"":[0,0,0,0,0,0,0,0,0]}","{""age_steps"":[0,0,40,0,0,0,40,0,0],""comm"":[1,1,0,1,1,1,0,1,1],""support"":[0,0,0,0,0,0,0,0,0]}=>{""age_steps"":[0,0,40,0,0,0,40,0,0],""comm"":[1,1,0,1,1,1,0,1,1],""support"":[0,0,0,0,0,0,0,0,0]}",stable
A,83011,4,"{""age_steps"":[0,0,40,0,0,0,40,0,0],""comm"":[1,1,0,1,1,1,0,1,1],""support"":[0,0,0,0,0,0,0,0,0]}","{""age_steps"":[0,0,40,0,0,0,40,0,0],""comm"":[1,1,0,1,1,1,0,1,1],""support"":[0,0,0,0,0,0,0,0,0]}=>{""age_steps"":[0,0,40,0,0,0,40,0,0],""comm"":[1,1,0,1,1,1,0,1,1],""support"":[0,0,0,0,0,0,0,0,0]}",stable
A,83011,5,"{""age_steps"":[0,0,40,0,0,0,40,0,0],""comm"":[1,1,0,1,1,1,0,1,1],""support"":[0,0,0,0,0,0,0,0,0]}","{""age_steps"":[0,0,40,0,0,0,40,0,0],""comm"":[1,1,0,1,1,1,0,1,1],""support"":[0,0,0,0,0,0,0,0,0]}=>{""age_steps"":[0,0,40,0,0,0,40,0,0],""comm"":[1,1,0,1,1,1,0,1,1],""support"":[0,0,0,0,0,0,0,0,0]}",stable
A,83011,6,"{""age_steps"":[0,0,40,0,0,0,40,0,0],""comm"":[1,1,0,1,1,1,0,1,1],""support"":[0,0,0,0,0,0,0,0,0]}","{""age_steps"":[0,0,40,0,0,0,40,0,0],""comm"":[1,1,0,1,1,1,0,1,1],""support"":[0,0,0,0,0,0,0,0,0]}=>{""age_steps"":[0,0,40,0,0,0,40,0,0],""comm"":[1,1,0,1,1,1,0,1,1],""support"":[0,0,0,0,0,0,0,0,0]}",stable
A,83011,7,"{""age_steps"":[0,0,40,0,0,0,40,0,0],""comm"":[1,1,0,1,1,1,0,1,1],""support"":[0,0,0,0,0,0,0,0,0]}","{""age_steps"":[0,0,40,0,0,0,40,0,0],""comm"":[1,1,0,1,1,1,0,1,1],""support"":[0,0,0,0,0,0,0,0,0]}=>{""age_steps"":[0,0,40,0,0,0,40,0,0],""comm"":[1,1,0,1,1,1,0,1,1],""support"":[0,0,0,0,0,0,0,0,0]}",stable
A,83011,8,"{""age_steps"":[0,0,40,0,0,0,40,0,0],""comm"":[1,1,0,1,1,1,0,1,1],""support"":[0,0,0,0,0,0,0,0,0]}","{""age_steps"":[0,0,40,0,0,0,40,0,0],""comm"":[1,1,0,1,1,1,0,1,1],""support"":[0,0,0,0,0,0,0,0,0]}=>{""age_steps"":[0,0,40,0,0,0,40,0,0],""comm"":[1,1,0,1,1,1,0,1,1],""support"":[0,0,0,0,0,0,0,0,0]}",stable
A,83011,9,"{""age_steps"":[0,0,40,0,0,0,40,0,0],""comm"":[1,1,0,1,1,1,0,1,1],""support"":[0,0,0,0,0,0,0,0,0]}","{""age_steps"":[0,0,40,0,0,0,40,0,0],""comm"":[1,1,0,1,1,1,0,1,1],""support"":[0,0,0,0,0,0,0,0,0]}=>{""age_steps"":[0,0,40,0,0,0,40,0,0],""comm"":[1,1,0,1,1,1,0,1,1],""support"":[0,0,0,0,0,0,0,0,0]}",stable
A,83011,10,"{""age_steps"":[0,0,40,0,0,0,40,0,0],""comm"":[1,1,0,1,1,1,0,1,1],""support"":[0,0,0,0,0,0,0,0,0]}","{""age_steps"":[0,0,40,0,0,0,40,0,0],""comm"":[1,1,0,1,1,1,0,1,1],""support"":[0,0,0,0,0,0,0,0,0]}=>{""age_steps"":[0,0,40,0,0,0,40,0,0],""comm"":[1,1,0,1,1,1,0,1,1],""support"":[0,0,0,0,0,0,0,0,0]}",stable
A,83011,11,"{""age_steps"":[0,0,40,0,0,0,40,0,0],""comm"":[1,1,0,1,1,1,0,1,1],""support"":[0,0,0,0,0,0,0,0,0]}","{""age_steps"":[0,0,40,0,0,0,40,0,0],""comm"":[1,1,0,1,1,1,0,1,1],""support"":[0,0,0,0,0,0,0,0,0]}=>{""age_steps"":[0,0,40,0,0,0,40,0,0],""comm"":[1,1,0,1,1,1,0,1,1],""support"":[0,0,0,0,0,0,0,0,0]}",stable
A,83011,12,"{""age_steps"":[0,1,40,1,0,1,40,1,0],""comm"":[1,0,0,0,1,0,0,0,1],""support"":[0,0,0,0,0,0,0,0,0]}","{""age_steps"":[0,0,40,0,0,0,40,0,0],""comm"":[1,1,0,1,1,1,0,1,1],""support"":[0,0,0,0,0,0,0,0,0]}=>{""age_steps"":[0,1,40,1,0,1,40,1,0],""comm"":[1,0,0,0,1,0,0,0,1],""support"":[0,0,0,0,0,0,0,0,0]}",loss
A,83011,13,"{""age_steps"":[0,2,40,2,0,2,40,2,0],""comm"":[1,0,0,0,1,0,0,0,1],""support"":[0,0,0,0,0,0,0,0,0]}","{""age_steps"":[0,1,40,1,0,1,40,1,0],""comm"":[1,0,0,0,1,0,0,0,1],""support"":[0,0,0,0,0,0,0,0,0]}=>{""age_steps"":[0,2,40,2,0,2,40,2,0],""comm"":[1,0,0,0,1,0,0,0,1],""support"":[0,0,0,0,0,0,0,0,0]}",stable
A,83011,14,"{""age_steps"":[0,3,40,3,0,3,40,3,0],""comm"":[1,0,0,0,1,0,0,0,1],""support"":[0,0,0,0,0,0,0,0,0]}","{""age_steps"":[0,2,40,2,0,2,40,2,0],""comm"":[1,0,0,0,1,0,0,0,1],""support"":[0,0,0,0,0,0,0,0,0]}=>{""age_steps"":[0,3,40,3,0,3,40,3,0],""comm"":[1,0,0,0,1,0,0,0,1],""support"":[0,0,0,0,0,0,0,0,0]}",stable
A,83011,15,"{""age_steps"":[0,4,40,4,0,4,40,4,0],""comm"":[1,0,0,0,1,0,0,0,1],""support"":[0,0,0,0,0,0,0,0,0]}","{""age_steps"":[0,3,40,3,0,3,40,3,0],""comm"":[1,0,0,0,1,0,0,0,1],""support"":[0,0,0,0,0,0,0,0,0]}=>{""age_steps"":[0,4,40,4,0,4,40,4,0],""comm"":[1,0,0,0,1,0,0,0,1],""support"":[0,0,0,0,0,0,0,0,0]}",stable
A,83011,16,"{""age_steps"":[0,5,40,5,0,5,40,5,0],""comm"":[1,0,0,0,1,0,0,0,1],""support"":[0,0,0,0,0,0,0,0,0]}","{""age_steps"":[0,4,40,4,0,4,40,4,0],""comm"":[1,0,0,0,1,0,0,0,1],""support"":[0,0,0,0,0,0,0,0,0]}=>{""age_steps"":[0,5,40,5,0,5,40,5,0],""comm"":[1,0,0,0,1,0,0,0,1],""support"":[0,0,0,0,0,0,0,0,0]}",stable
A,83011,17,"{""age_steps"":[0,6,40,6,0,6,40,6,0],""comm"":[1,0,0,0,1,0,0,0,1],""support"":[0,0,0,0,0,0,0,0,0]}","{""age_steps"":[0,5,40,5,0,5,40,5,0],""comm"":[1,0,0,0,1,0,0,0,1],""support"":[0,0,0,0,0,0,0,0,0]}=>{""age_steps"":[0,6,40,6,0,6,40,6,0],""comm"":[1,0,0,0,1,0,0,0,1],""support"":[0,0,0,0,0,0,0,0,0]}",stable
A,83011,18,"{""age_steps"":[0,7,40,7,0,7,40,7,0],""comm"":[1,0,0,0,1,0,0,0,1],""support"":[0,0,0,0,0,0,0,0,0]}","{""age_steps"":[0,6,40,6,0,6,40,6,0],""comm"":[1,0,0,0,1,0,0,0,1],""support"":[0,0,0,0,0,0,0,0,0]}=>{""age_steps"":[0,7,40,7,0,7,40,7,0],""comm"":[1,0,0,0,1,0,0,0,1],""support"":[0,0,0,0,0,0,0,0,0]}",stable
A,83011,19,"{""age_steps"":[0,8,40,8,0,8,40,8,0],""comm"":[1,0,0,0,1,0,0,0,1],""support"":[0,0,0,0,0,0,0,0,0]}","{""age_steps"":[0,7,40,7,0,7,40,7,0],""comm"":[1,0,0,0,1,0,0,0,1],""support"":[0,0,0,0,0,0,0,0,0]}=>{""age_steps"":[0,8,40,8,0,8,40,8,0],""comm"":[1,0,0,0,1,0,0,0,1],""support"":[0,0,0,0,0,0,0,0,0]}",stable
A,83011,20,"{""age_steps"":[0,0,40,0,0,0,40,0,0],""comm"":[1,1,0,1,1,1,0,1,1],""support"":[0,1,0,0,0,0,0,1,0]}","{""age_steps"":[0,8,40,8,0,8,40,8,0],""comm"":[1,0,0,0,1,0,0,0,1],""support"":[0,0,0,0,0,0,0,0,0]}=>{""age_steps"":[0,0,40,0,0,0,40,0,0],""comm"":[1,1,0,1,1,1,0,1,1],""support"":[0,1,0,0,0,0,0,1,0]}",recovery
A,83011,21,"{""age_steps"":[0,0,40,0,0,0,40,0,0],""comm"":[1,1,0,1,1,1,0,1,1],""support"":[0,1,0,0,0,0,0,1,0]}","{""age_steps"":[0,0,40,0,0,0,40,0,0],""comm"":[1,1,0,1,1,1,0,1,1],""support"":[0,1,0,0,0,0,0,1,0]}=>{""age_steps"":[0,0,40,0,0,0,40,0,0],""comm"":[1,1,0,1,1,1,0,1,1],""support"":[0,1,0,0,0,0,0,1,0]}",stable
A,83011,22,"{""age_steps"":[0,0,40,0,0,0,40,0,0],""comm"":[1,1,0,1,1,1,0,1,1],""support"":[0,1,0,0,0,0,0,1,0]}","{""age_steps"":[0,0,40,0,0,0,40,0,0],""comm"":[1,1,0,1,1,1,0,1,1],""support"":[0,1,0,0,0,0,0,1,0]}=>{""age_steps"":[0,0,40,0,0,0,40,0,0],""comm"":[1,1,0,1,1,1,0,1,1],""support"":[0,1,0,0,0,0,0,1,0]}",stable
A,83011,23,"{""age_steps"":[0,0,40,0,0,0,40,0,0],""comm"":[1,1,0,1,1,1,0,1,1],""support"":[0,1,0,0,0,0,0,1,0]}","{""age_steps"":[0,0,40,0,0,0,40,0,0],""comm"":[1,1,0,1,1,1,0,1,1],""support"":[0,1,0,0,0,0,0,1,0]}=>{""age_steps"":[0,0,40,0,0,0,40,0,0],""comm"":[1,1,0,1,1,1,0,1,1],""support"":[0,1,0,0,0,0,0,1,0]}",stable
A,83011,24,"{""age_steps"":[0,0,40,0,0,0,40,0,0],""comm"":[1,1,0,1,1,1,0,1,1],""support"":[0,1,0,0,0,0,0,1,0]}","{""age_steps"":[0,0,40,0,0,0,40,0,0],""comm"":[1,1,0,1,1,1,0,1,1],""support"":[0,1,0,0,0,0,0,1,0]}=>{""age_steps"":[0,0,40,0,0,0,40,0,0],""comm"":[1,1,0,1,1,1,0,1,1],""support"":[0,1,0,0,0,0,0,1,0]}",stable
A,83011,25,"{""age_steps"":[0,0,40,0,0,0,40,0,0],""comm"":[1,1,0,1,1,1,0,1,1],""support"":[0,1,0,0,0,0,0,1,0]}","{""age_steps"":[0,0,40,0,0,0,40,0,0],""comm"":[1,1,0,1,1,1,0,1,1],""support"":[0,1,0,0,0,0,0,1,0]}=>{""age_steps"":[0,0,40,0,0,0,40,0,0],""comm"":[1,1,0,1,1,1,0,1,1],""support"":[0,1,0,0,0,0,0,1,0]}",stable
A,83011,26,"{""age_steps"":[0,0,40,0,0,0,40,0,0],""comm"":[1,1,0,1,1,1,0,1,1],""support"":[0,1,0,0,0,0,0,1,0]}","{""age_steps"":[0,0,40,0,0,0,40,0,0],""comm"":[1,1,0,1,1,1,0,1,1],""support"":[0,1,0,0,0,0,0,1,0]}=>{""age_steps"":[0,0,40,0,0,0,40,0,0],""comm"":[1,1,0,1,1,1,0,1,1],""support"":[0,1,0,0,0,0,0,1,0]}",stable
A,83011,27,"{""age_steps"":[0,0,40,0,0,0,40,0,0],""comm"":[1,1,0,1,1,1,0,1,1],""support"":[0,1,0,0,0,0,0,1,0]}","{""age_steps"":[0,0,40,0,0,0,40,0,0],""comm"":[1,1,0,1,1,1,0,1,1],""support"":[0,1,0,0,0,0,0,1,0]}=>{""age_steps"":[0,0,40,0,0,0,40,0,0],""comm"":[1,1,0,1,1,1,0,1,1],""support"":[0,1,0,0,0,0,0,1,0]}",stable
A,83011,28,"{""age_steps"":[0,0,40,0,0,0,40,0,0],""comm"":[1,1,0,1,1,1,0,1,1],""support"":[0,1,0,0,0,0,0,1,0]}","{""age_steps"":[0,0,40,0,0,0,40,0,0],""comm"":[1,1,0,1,1,1,0,1,1],""support"":[0,1,0,0,0,0,0,1,0]}=>{""age_steps"":[0,0,40,0,0,0,40,0,0],""comm"":[1,1,0,1,1,1,0,1,1],""support"":[0,1,0,0,0,0,0,1,0]}",stable
A,83011,29,"{""age_steps"":[0,0,40,0,0,0,40,0,0],""comm"":[1,1,0,1,1,1,0,1,1],""support"":[0,1,0,0,0,0,0,1,0]}","{""age_steps"":[0,0,40,0,0,0,40,0,0],""comm"":[1,1,0,1,1,1,0,1,1],""support"":[0,1,0,0,0,0,0,1,0]}=>{""age_steps"":[0,0,40,0,0,0,40,0,0],""comm"":[1,1,0,1,1,1,0,1,1],""support"":[0,1,0,0,0,0,0,1,0]}",stable
A,83011,30,"{""age_steps"":[0,0,40,0,0,0,40,0,0],""comm"":[1,1,0,1,1,1,0,1,1],""support"":[0,1,0,0,0,0,0,1,0]}","{""age_steps"":[0,0,40,0,0,0,40,0,0],""comm"":[1,1,0,1,1,1,0,1,1],""support"":[0,1,0,0,0,0,0,1,0]}=>{""age_steps"":[0,0,40,0,0,0,40,0,0],""comm"":[1,1,0,1,1,1,0,1,1],""support"":[0,1,0,0,0,0,0,1,0]}",stable
A,83011,31,"{""age_steps"":[0,0,40,0,0,0,40,0,0],""comm"":[1,1,0,1,1,1,0,1,1],""support"":[0,1,0,0,0,0,0,1,0]}","{""age_steps"":[0,0,40,0,0,0,40,0,0],""comm"":[1,1,0,1,1,1,0,1,1],""support"":[0,1,0,0,0,0,0,1,0]}=>{""age_steps"":[0,0,40,0,0,0,40,0,0],""comm"":[1,1,0,1,1,1,0,1,1],""support"":[0,1,0,0,0,0,0,1,0]}",stable
A,83011,32,"{""age_steps"":[0,0,40,0,0,0,40,0,0],""comm"":[1,1,0,1,1,1,0,1,1],""support"":[0,1,0,0,0,0,0,1,0]}","{""age_steps"":[0,0,40,0,0,0,40,0,0],""comm"":[1,1,0,1,1,1,0,1,1],""support"":[0,1,0,0,0,0,0,1,0]}=>{""age_steps"":[0,0,40,0,0,0,40,0,0],""comm"":[1,1,0,1,1,1,0,1,1],""support"":[0,1,0,0,0,0,0,1,0]}",stable
A,83012,1,"{""age_steps"":[0,0,40,0,0,0,40,0,0],""comm"":[1,1,0,1,1,1,0,1,1],""support"":[0,0,0,0,0,0,0,0,0]}","{""age_steps"":[0,0,40,0,0,0,40,0,0],""comm"":[1,1,0,1,1,1,0,1,1],""support"":[0,0,0,0,0,0,0,0,0]}=>{""age_steps"":[0,0,40,0,0,0,40,0,0],""comm"":[1,1,0,1,1,1,0,1,1],""support"":[0,0,0,0,0,0,0,0,0]}",stable
A,83012,2,"{""age_steps"":[0,0,40,0,0,0,40,0,0],""comm"":[1,1,0,1,1,1,0,1,1],""support"":[0,0,0,0,0,0,0,0,0]}","{""age_steps"":[0,0,40,0,0,0,40,0,0],""comm"":[1,1,0,1,1,1,0,1,1],""support"":[0,0,0,0,0,0,0,0,0]}=>{""age_steps"":[0,0,40,0,0,0,40,0,0],""comm"":[1,1,0,1,1,1,0,1,1],""support"":[0,0,0,0,0,0,0,0,0]}",stable
A,83012,3,"{""age_steps"":[0,0,40,0,0,0,40,0,0],""comm"":[1,1,0,1,1,1,0,1,1],""support"":[0,0,0,0,0,0,0,0,0]}","{""age_steps"":[0,0,40,0,0,0,40,0,0],""comm"":[1,1,0,1,1,1,0,1,1],""support"":[0,0,0,0,0,0,0,0,0]}=>{""age_steps"":[0,0,40,0,0,0,40,0,0],""comm"":[1,1,0,1,1,1,0,1,1],""support"":[0,0,0,0,0,0,0,0,0]}",stable
A,83012,4,"{""age_steps"":[0,0,40,0,0,0,40,0,0],""comm"":[1,1,0,1,1,1,0,1,1],""support"":[0,0,0,0,0,0,0,0,0]}","{""age_steps"":[0,0,40,0,0,0,40,0,0],""comm"":[1,1,0,1,1,1,0,1,1],""support"":[0,0,0,0,0,0,0,0,0]}=>{""age_steps"":[0,0,40,0,0,0,40,0,0],""comm"":[1,1,0,1,1,1,0,1,1],""support"":[0,0,0,0,0,0,0,0,0]}",stable
A,83012,5,"{""age_steps"":[0,0,40,0,0,0,40,0,0],""comm"":[1,1,0,1,1,1,0,1,1],""support"":[0,0,0,0,0,0,0,0,0]}","{""age_steps"":[0,0,40,0,0,0,40,0,0],""comm"":[1,1,0,1,1,1,0,1,1],""support"":[0,0,0,0,0,0,0,0,0]}=>{""age_steps"":[0,0,40,0,0,0,40,0,0],""comm"":[1,1,0,1,1,1,0,1,1],""support"":[0,0,0,0,0,0,0,0,0]}",stable
A,83012,6,"{""age_steps"":[0,0,40,0,0,0,40,0,0],""comm"":[1,1,0,1,1,1,0,1,1],""support"":[0,0,0,0,0,0,0,0,0]}","{""age_steps"":[0,0,40,0,0,0,40,0,0],""comm"":[1,1,0,1,1,1,0,1,1],""support"":[0,0,0,0,0,0,0,0,0]}=>{""age_steps"":[0,0,40,0,0,0,40,0,0],""comm"":[1,1,0,1,1,1,0,1,1],""support"":[0,0,0,0,0,0,0,0,0]}",stable
A,83012,7,"{""age_steps"":[0,0,40,0,0,0,40,0,0],""comm"":[1,1,0,1,1,1,0,1,1],""support"":[0,0,0,0,0,0,0,0,0]}","{""age_steps"":[0,0,40,0,0,0,40,0,0],""comm"":[1,1,0,1,1,1,0,1,1],""support"":[0,0,0,0,0,0,0,0,0]}=>{""age_steps"":[0,0,40,0,0,0,40,0,0],""comm"":[1,1,0,1,1,1,0,1,1],""support"":[0,0,0,0,0,0,0,0,0]}",stable
A,83012,8,"{""age_steps"":[0,0,40,0,0,0,40,0,0],""comm"":[1,1,0,1,1,1,0,1,1],""support"":[0,0,0,0,0,0,0,0,0]}","{""age_steps"":[0,0,40,0,0,0,40,0,0],""comm"":[1,1,0,1,1,1,0,1,1],""support"":[0,0,0,0,0,0,0,0,0]}=>{""age_steps"":[0,0,40,0,0,0,40,0,0],""comm"":[1,1,0,1,1,1,0,1,1],""support"":[0,0,0,0,0,0,0,0,0]}",stable
A,83012,9,"{""age_steps"":[0,0,40,0,0,0,40,0,0],""comm"":[1,1,0,1,1,1,0,1,1],""support"":[0,0,0,0,0,0,0,0,0]}","{""age_steps"":[0,0,40,0,0,0,40,0,0],""comm"":[1,1,0,1,1,1,0,1,1],""support"":[0,0,0,0,0,0,0,0,0]}=>{""age_steps"":[0,0,40,0,0,0,40,0,0],""comm"":[1,1,0,1,1,1,0,1,1],""support"":[0,0,0,0,0,0,0,0,0]}",stable
A,83012,10,"{""age_steps"":[0,0,40,0,0,0,40,0,0],""comm"":[1,1,0,1,1,1,0,1,1],""support"":[0,0,0,0,0,0,0,0,0]}","{""age_steps"":[0,0,40,0,0,0,40,0,0],""comm"":[1,1,0,1,1,1,0,1,1],""support"":[0,0,0,0,0,0,0,0,0]}=>{""age_steps"":[0,0,40,0,0,0,40,0,0],""comm"":[1,1,0,1,1,1,0,1,1],""support"":[0,0,0,0,0,0,0,0,0]}",stable
A,83012,11,"{""age_steps"":[0,0,40,0,0,0,40,0,0],""comm"":[1,1,0,1,1,1,0,1,1],""support"":[0,0,0,0,0,0,0,0,0]}","{""age_steps"":[0,0,40,0,0,0,40,0,0],""comm"":[1,1,0,1,1,1,0,1,1],""support"":[0,0,0,0,0,0,0,0,0]}=>{""age_steps"":[0,0,40,0,0,0,40,0,0],""comm"":[1,1,0,1,1,1,0,1,1],""support"":[0,0,0,0,0,0,0,0,0]}",stable
A,83012,12,"{""age_steps"":[0,1,40,1,0,1,40,1,0],""comm"":[1,0,0,0,1,0,0,0,1],""support"":[0,0,0,0,0,0,0,0,0]}","{""age_steps"":[0,0,40,0,0,0,40,0,0],""comm"":[1,1,0,1,1,1,0,1,1],""support"":[0,0,0,0,0,0,0,0,0]}=>{""age_steps"":[0,1,40,1,0,1,40,1,0],""comm"":[1,0,0,0,1,0,0,0,1],""support"":[0,0,0,0,0,0,0,0,0]}",loss
A,83012,13,"{""age_steps"":[0,2,40,2,0,2,40,2,0],""comm"":[1,0,0,0,1,0,0,0,1],""support"":[0,0,0,0,0,0,0,0,0]}","{""age_steps"":[0,1,40,1,0,1,40,1,0],""comm"":[1,0,0,0,1,0,0,0,1],""support"":[0,0,0,0,0,0,0,0,0]}=>{""age_steps"":[0,2,40,2,0,2,40,2,0],""comm"":[1,0,0,0,1,0,0,0,1],""support"":[0,0,0,0,0,0,0,0,0]}",stable
A,83012,14,"{""age_steps"":[0,3,40,3,0,3,40,3,0],""comm"":[1,0,0,0,1,0,0,0,1],""support"":[0,0,0,0,0,0,0,0,0]}","{""age_steps"":[0,2,40,2,0,2,40,2,0],""comm"":[1,0,0,0,1,0,0,0,1],""support"":[0,0,0,0,0,0,0,0,0]}=>{""age_steps"":[0,3,40,3,0,3,40,3,0],""comm"":[1,0,0,0,1,0,0,0,1],""support"":[0,0,0,0,0,0,0,0,0]}",stable
A,83012,15,"{""age_steps"":[0,4,40,4,0,4,40,4,0],""comm"":[1,0,0,0,1,0,0,0,1],""support"":[0,0,0,0,0,0,0,0,0]}","{""age_steps"":[0,3,40,3,0,3,40,3,0],""comm"":[1,0,0,0,1,0,0,0,1],""support"":[0,0,0,0,0,0,0,0,0]}=>{""age_steps"":[0,4,40,4,0,4,40,4,0],""comm"":[1,0,0,0,1,0,0,0,1],""support"":[0,0,0,0,0,0,0,0,0]}",stable
A,83012,16,"{""age_steps"":[0,5,40,5,0,5,40,5,0],""comm"":[1,0,0,0,1,0,0,0,1],""support"":[0,0,0,0,0,0,0,0,0]}","{""age_steps"":[0,4,40,4,0,4,40,4,0],""comm"":[1,0,0,0,1,0,0,0,1],""support"":[0,0,0,0,0,0,0,0,0]}=>{""age_steps"":[0,5,40,5,0,5,40,5,0],""comm"":[1,0,0,0,1,0,0,0,1],""support"":[0,0,0,0,0,0,0,0,0]}",stable
A,83012,17,"{""age_steps"":[0,6,40,6,0,6,40,6,0],""comm"":[1,0,0,0,1,0,0,0,1],""support"":[0,0,0,0,0,0,0,0,0]}","{""age_steps"":[0,5,40,5,0,5,40,5,0],""comm"":[1,0,0,0,1,0,0,0,1],""support"":[0,0,0,0,0,0,0,0,0]}=>{""age_steps"":[0,6,40,6,0,6,40,6,0],""comm"":[1,0,0,0,1,0,0,0,1],""support"":[0,0,0,0,0,0,0,0,0]}",stable
A,83012,18,"{""age_steps"":[0,7,40,7,0,7,40,7,0],""comm"":[1,0,0,0,1,0,0,0,1],""support"":[0,0,0,0,0,0,0,0,0]}","{""age_steps"":[0,6,40,6,0,6,40,6,0],""comm"":[1,0,0,0,1,0,0,0,1],""support"":[0,0,0,0,0,0,0,0,0]}=>{""age_steps"":[0,7,40,7,0,7,40,7,0],""comm"":[1,0,0,0,1,0,0,0,1],""support"":[0,0,0,0,0,0,0,0,0]}",stable
A,83012,19,"{""age_steps"":[0,8,40,8,0,8,40,8,0],""comm"":[1,0,0,0,1,0,0,0,1],""support"":[0,0,0,0,0,0,0,0,0]}","{""age_steps"":[0,7,40,7,0,7,40,7,0],""comm"":[1,0,0,0,1,0,0,0,1],""support"":[0,0,0,0,0,0,0,0,0]}=>{""age_steps"":[0,8,40,8,0,8,40,8,0],""comm"":[1,0,0,0,1,0,0,0,1],""support"":[0,0,0,0,0,0,0,0,0]}",stable
A,83012,20,"{""age_steps"":[0,0,40,0,0,0,40,0,0],""comm"":[1,1,0,1,1,1,0,1,1],""support"":[0,1,0,0,0,0,0,1,0]}","{""age_steps"":[0,8,40,8,0,8,40,8,0],""comm"":[1,0,0,0,1,0,0,0,1],""support"":[0,0,0,0,0,0,0,0,0]}=>{""age_steps"":[0,0,40,0,0,0,40,0,0],""comm"":[1,1,0,1,1,1,0,1,1],""support"":[0,1,0,0,0,0,0,1,0]}",recovery
A,83012,21,"{""age_steps"":[0,0,40,0,0,0,40,0,0],""comm"":[1,1,0,1,1,1,0,1,1],""support"":[0,1,0,0,0,0,0,1,0]}","{""age_steps"":[0,0,40,0,0,0,40,0,0],""comm"":[1,1,0,1,1,1,0,1,1],""support"":[0,1,0,0,0,0,0,1,0]}=>{""age_steps"":[0,0,40,0,0,0,40,0,0],""comm"":[1,1,0,1,1,1,0,1,1],""support"":[0,1,0,0,0,0,0,1,0]}",stable
A,83012,22,"{""age_steps"":[0,0,40,0,0,0,40,0,0],""comm"":[1,1,0,1,1,1,0,1,1],""support"":[0,1,0,0,0,0,0,1,0]}","{""age_steps"":[0,0,40,0,0,0,40,0,0],""comm"":[1,1,0,1,1,1,0,1,1],""support"":[0,1,0,0,0,0,0,1,0]}=>{""age_steps"":[0,0,40,0,0,0,40,0,0],""comm"":[1,1,0,1,1,1,0,1,1],""support"":[0,1,0,0,0,0,0,1,0]}",stable
A,83012,23,"{""age_steps"":[0,0,40,0,0,0,40,0,0],""comm"":[1,1,0,1,1,1,0,1,1],""support"":[0,1,0,0,0,0,0,1,0]}","{""age_steps"":[0,0,40,0,0,0,40,0,0],""comm"":[1,1,0,1,1,1,0,1,1],""support"":[0,1,0,0,0,0,0,1,0]}=>{""age_steps"":[0,0,40,0,0,0,40,0,0],""comm"":[1,1,0,1,1,1,0,1,1],""support"":[0,1,0,0,0,0,0,1,0]}",stable
A,83012,24,"{""age_steps"":[0,0,40,0,0,0,40,0,0],""comm"":[1,1,0,1,1,1,0,1,1],""support"":[0,1,0,0,0,0,0,1,0]}","{""age_steps"":[0,0,40,0,0,0,40,0,0],""comm"":[1,1,0,1,1,1,0,1,1],""support"":[0,1,0,0,0,0,0,1,0]}=>{""age_steps"":[0,0,40,0,0,0,40,0,0],""comm"":[1,1,0,1,1,1,0,1,1],""support"":[0,1,0,0,0,0,0,1,0]}",stable
A,83012,25,"{""age_steps"":[0,0,40,0,0,0,40,0,0],""comm"":[1,1,0,1,1,1,0,1,1],""support"":[0,1,0,0,0,0,0,1,0]}","{""age_steps"":[0,0,40,0,0,0,40,0,0],""comm"":[1,1,0,1,1,1,0,1,1],""support"":[0,1,0,0,0,0,0,1,0]}=>{""age_steps"":[0,0,40,0,0,0,40,0,0],""comm"":[1,1,0,1,1,1,0,1,1],""support"":[0,1,0,0,0,0,0,1,0]}",stable
A,83012,26,"{""age_steps"":[0,0,40,0,0,0,40,0,0],""comm"":[1,1,0,1,1,1,0,1,1],""support"":[0,1,0,0,0,0,0,1,0]}","{""age_steps"":[0,0,40,0,0,0,40,0,0],""comm"":[1,1,0,1,1,1,0,1,1],""support"":[0,1,0,0,0,0,0,1,0]}=>{""age_steps"":[0,0,40,0,0,0,40,0,0],""comm"":[1,1,0,1,1,1,0,1,1],""support"":[0,1,0,0,0,0,0,1,0]}",stable
A,83012,27,"{""age_steps"":[0,0,40,0,0,0,40,0,0],""comm"":[1,1,0,1,1,1,0,1,1],""support"":[0,1,0,0,0,0,0,1,0]}","{""age_steps"":[0,0,40,0,0,0,40,0,0],""comm"":[1,1,0,1,1,1,0,1,1],""support"":[0,1,0,0,0,0,0,1,0]}=>{""age_steps"":[0,0,40,0,0,0,40,0,0],""comm"":[1,1,0,1,1,1,0,1,1],""support"":[0,1,0,0,0,0,0,1,0]}",stable
A,83012,28,"{""age_steps"":[0,0,40,0,0,0,40,0,0],""comm"":[1,1,0,1,1,1,0,1,1],""support"":[0,1,0,0,0,0,0,1,0]}","{""age_steps"":[0,0,40,0,0,0,40,0,0],""comm"":[1,1,0,1,1,1,0,1,1],""support"":[0,1,0,0,0,0,0,1,0]}=>{""age_steps"":[0,0,40,0,0,0,40,0,0],""comm"":[1,1,0,1,1,1,0,1,1],""support"":[0,1,0,0,0,0,0,1,0]}",stable
A,83012,29,"{""age_steps"":[0,0,40,0,0,0,40,0,0],""comm"":[1,1,0,1,1,1,0,1,1],""support"":[0,1,0,0,0,0,0,1,0]}","{""age_steps"":[0,0,40,0,0,0,40,0,0],""comm"":[1,1,0,1,1,1,0,1,1],""support"":[0,1,0,0,0,0,0,1,0]}=>{""age_steps"":[0,0,40,0,0,0,40,0,0],""comm"":[1,1,0,1,1,1,0,1,1],""support"":[0,1,0,0,0,0,0,1,0]}",stable
A,83012,30,"{""age_steps"":[0,0,40,0,0,0,40,0,0],""comm"":[1,1,0,1,1,1,0,1,1],""support"":[0,1,0,0,0,0,0,1,0]}","{""age_steps"":[0,0,40,0,0,0,40,0,0],""comm"":[1,1,0,1,1,1,0,1,1],""support"":[0,1,0,0,0,0,0,1,0]}=>{""age_steps"":[0,0,40,0,0,0,40,0,0],""comm"":[1,1,0,1,1,1,0,1,1],""support"":[0,1,0,0,0,0,0,1,0]}",stable
A,83012,31,"{""age_steps"":[0,0,40,0,0,0,40,0,0],""comm"":[1,1,0,1,1,1,0,1,1],""support"":[0,1,0,0,0,0,0,1,0]}","{""age_steps"":[0,0,40,0,0,0,40,0,0],""comm"":[1,1,0,1,1,1,0,1,1],""support"":[0,1,0,0,0,0,0,1,0]}=>{""age_steps"":[0,0,40,0,0,0,40,0,0],""comm"":[1,1,0,1,1,1,0,1,1],""support"":[0,1,0,0,0,0,0,1,0]}",stable
A,83012,32,"{""age_steps"":[0,0,40,0,0,0,40,0,0],""comm"":[1,1,0,1,1,1,0,1,1],""support"":[0,1,0,0,0,0,0,1,0]}","{""age_steps"":[0,0,40,0,0,0,40,0,0],""comm"":[1,1,0,1,1,1,0,1,1],""support"":[0,1,0,0,0,0,0,1,0]}=>{""age_steps"":[0,0,40,0,0,0,40,0,0],""comm"":[1,1,0,1,1,1,0,1,1],""support"":[0,1,0,0,0,0,0,1,0]}",stable
A,83013,1,"{""age_steps"":[0,0,40,0,0,0,40,0,0],""comm"":[1,1,0,1,1,1,0,1,1],""support"":[0,0,0,0,0,0,0,0,0]}","{""age_steps"":[0,0,40,0,0,0,40,0,0],""comm"":[1,1,0,1,1,1,0,1,1],""support"":[0,0,0,0,0,0,0,0,0]}=>{""age_steps"":[0,0,40,0,0,0,40,0,0],""comm"":[1,1,0,1,1,1,0,1,1],""support"":[0,0,0,0,0,0,0,0,0]}",stable
A,83013,2,"{""age_steps"":[0,0,40,0,0,0,40,0,0],""comm"":[1,1,0,1,1,1,0,1,1],""support"":[0,0,0,0,0,0,0,0,0]}","{""age_steps"":[0,0,40,0,0,0,40,0,0],""comm"":[1,1,0,1,1,1,0,1,1],""support"":[0,0,0,0,0,0,0,0,0]}=>{""age_steps"":[0,0,40,0,0,0,40,0,0],""comm"":[1,1,0,1,1,1,0,1,1],""support"":[0,0,0,0,0,0,0,0,0]}",stable
A,83013,3,"{""age_steps"":[0,0,40,0,0,0,40,0,0],""comm"":[1,1,0,1,1,1,0,1,1],""support"":[0,0,0,0,0,0,0,0,0]}","{""age_steps"":[0,0,40,0,0,0,40,0,0],""comm"":[1,1,0,1,1,1,0,1,1],""support"":[0,0,0,0,0,0,0,0,0]}=>{""age_steps"":[0,0,40,0,0,0,40,0,0],""comm"":[1,1,0,1,1,1,0,1,1],""support"":[0,0,0,0,0,0,0,0,0]}",stable
A,83013,4,"{""age_steps"":[0,0,40,0,0,0,40,0,0],""comm"":[1,1,0,1,1,1,0,1,1],""support"":[0,0,0,0,0,0,0,0,0]}","{""age_steps"":[0,0,40,0,0,0,40,0,0],""comm"":[1,1,0,1,1,1,0,1,1],""support"":[0,0,0,0,0,0,0,0,0]}=>{""age_steps"":[0,0,40,0,0,0,40,0,0],""comm"":[1,1,0,1,1,1,0,1,1],""support"":[0,0,0,0,0,0,0,0,0]}",stable
A,83013,5,"{""age_steps"":[0,0,40,0,0,0,40,0,0],""comm"":[1,1,0,1,1,1,0,1,1],""support"":[0,0,0,0,0,0,0,0,0]}","{""age_steps"":[0,0,40,0,0,0,40,0,0],""comm"":[1,1,0,1,1,1,0,1,1],""support"":[0,0,0,0,0,0,0,0,0]}=>{""age_steps"":[0,0,40,0,0,0,40,0,0],""comm"":[1,1,0,1,1,1,0,1,1],""support"":[0,0,0,0,0,0,0,0,0]}",stable
A,83013,6,"{""age_steps"":[0,0,40,0,0,0,40,0,0],""comm"":[1,1,0,1,1,1,0,1,1],""support"":[0,0,0,0,0,0,0,0,0]}","{""age_steps"":[0,0,40,0,0,0,40,0,0],""comm"":[1,1,0,1,1,1,0,1,1],""support"":[0,0,0,0,0,0,0,0,0]}=>{""age_steps"":[0,0,40,0,0,0,40,0,0],""comm"":[1,1,0,1,1,1,0,1,1],""support"":[0,0,0,0,0,0,0,0,0]}",stable
A,83013,7,"{""age_steps"":[0,0,40,0,0,0,40,0,0],""comm"":[1,1,0,1,1,1,0,1,1],""support"":[0,0,0,0,0,0,0,0,0]}","{""age_steps"":[0,0,40,0,0,0,40,0,0],""comm"":[1,1,0,1,1,1,0,1,1],""support"":[0,0,0,0,0,0,0,0,0]}=>{""age_steps"":[0,0,40,0,0,0,40,0,0],""comm"":[1,1,0,1,1,1,0,1,1],""support"":[0,0,0,0,0,0,0,0,0]}",stable
A,83013,8,"{""age_steps"":[0,0,40,0,0,0,40,0,0],""comm"":[1,1,0,1,1,1,0,1,1],""support"":[0,0,0,0,0,0,0,0,0]}","{""age_steps"":[0,0,40,0,0,0,40,0,0],""comm"":[1,1,0,1,1,1,0,1,1],""support"":[0,0,0,0,0,0,0,0,0]}=>{""age_steps"":[0,0,40,0,0,0,40,0,0],""comm"":[1,1,0,1,1,1,0,1,1],""support"":[0,0,0,0,0,0,0,0,0]}",stable
A,83013,9,"{""age_steps"":[0,0,40,0,0,0,40,0,0],""comm"":[1,1,0,1,1,1,0,1,1],""support"":[0,0,0,0,0,0,0,0,0]}","{""age_steps"":[0,0,40,0,0,0,40,0,0],""comm"":[1,1,0,1,1,1,0,1,1],""support"":[0,0,0,0,0,0,0,0,0]}=>{""age_steps"":[0,0,40,0,0,0,40,0,0],""comm"":[1,1,0,1,1,1,0,1,1],""support"":[0,0,0,0,0,0,0,0,0]}",stable
A,83013,10,"{""age_steps"":[0,0,40,0,0,0,40,0,0],""comm"":[1,1,0,1,1,1,0,1,1],""support"":[0,0,0,0,0,0,0,0,0]}","{""age_steps"":[0,0,40,0,0,0,40,0,0],""comm"":[1,1,0,1,1,1,0,1,1],""support"":[0,0,0,0,0,0,0,0,0]}=>{""age_steps"":[0,0,40,0,0,0,40,0,0],""comm"":[1,1,0,1,1,1,0,1,1],""support"":[0,0,0,0,0,0,0,0,0]}",stable
A,83013,11,"{""age_steps"":[0,0,40,0,0,0,40,0,0],""comm"":[1,1,0,1,1,1,0,1,1],""support"":[0,0,0,0,0,0,0,0,0]}","{""age_steps"":[0,0,40,0,0,0,40,0,0],""comm"":[1,1,0,1,1,1,0,1,1],""support"":[0,0,0,0,0,0,0,0,0]}=>{""age_steps"":[0,0,40,0,0,0,40,0,0],""comm"":[1,1,0,1,1,1,0,1,1],""support"":[0,0,0,0,0,0,0,0,0]}",stable
A,83013,12,"{""age_steps"":[0,1,40,1,0,1,40,1,0],""comm"":[1,0,0,0,1,0,0,0,1],""support"":[0,0,0,0,0,0,0,0,0]}","{""age_steps"":[0,0,40,0,0,0,40,0,0],""comm"":[1,1,0,1,1,1,0,1,1],""support"":[0,0,0,0,0,0,0,0,0]}=>{""age_steps"":[0,1,40,1,0,1,40,1,0],""comm"":[1,0,0,0,1,0,0,0,1],""support"":[0,0,0,0,0,0,0,0,0]}",loss
A,83013,13,"{""age_steps"":[0,2,40,2,0,2,40,2,0],""comm"":[1,0,0,0,1,0,0,0,1],""support"":[0,0,0,0,0,0,0,0,0]}","{""age_steps"":[0,1,40,1,0,1,40,1,0],""comm"":[1,0,0,0,1,0,0,0,1],""support"":[0,0,0,0,0,0,0,0,0]}=>{""age_steps"":[0,2,40,2,0,2,40,2,0],""comm"":[1,0,0,0,1,0,0,0,1],""support"":[0,0,0,0,0,0,0,0,0]}",stable
A,83013,14,"{""age_steps"":[0,3,40,3,0,3,40,3,0],""comm"":[1,0,0,0,1,0,0,0,1],""support"":[0,0,0,0,0,0,0,0,0]}","{""age_steps"":[0,2,40,2,0,2,40,2,0],""comm"":[1,0,0,0,1,0,0,0,1],""support"":[0,0,0,0,0,0,0,0,0]}=>{""age_steps"":[0,3,40,3,0,3,40,3,0],""comm"":[1,0,0,0,1,0,0,0,1],""support"":[0,0,0,0,0,0,0,0,0]}",stable
A,83013,15,"{""age_steps"":[0,4,40,4,0,4,40,4,0],""comm"":[1,0,0,0,1,0,0,0,1],""support"":[0,0,0,0,0,0,0,0,0]}","{""age_steps"":[0,3,40,3,0,3,40,3,0],""comm"":[1,0,0,0,1,0,0,0,1],""support"":[0,0,0,0,0,0,0,0,0]}=>{""age_steps"":[0,4,40,4,0,4,40,4,0],""comm"":[1,0,0,0,1,0,0,0,1],""support"":[0,0,0,0,0,0,0,0,0]}",stable
A,83013,16,"{""age_steps"":[0,5,40,5,0,5,40,5,0],""comm"":[1,0,0,0,1,0,0,0,1],""support"":[0,0,0,0,0,0,0,0,0]}","{""age_steps"":[0,4,40,4,0,4,40,4,0],""comm"":[1,0,0,0,1,0,0,0,1],""support"":[0,0,0,0,0,0,0,0,0]}=>{""age_steps"":[0,5,40,5,0,5,40,5,0],""comm"":[1,0,0,0,1,0,0,0,1],""support"":[0,0,0,0,0,0,0,0,0]}",stable
A,83013,17,"{""age_steps"":[0,6,40,6,0,6,40,6,0],""comm"":[1,0,0,0,1,0,0,0,1],""support"":[0,0,0,0,0,0,0,0,0]}","{""age_steps"":[0,5,40,5,0,5,40,5,0],""comm"":[1,0,0,0,1,0,0,0,1],""support"":[0,0,0,0,0,0,0,0,0]}=>{""age_steps"":[0,6,40,6,0,6,40,6,0],""comm"":[1,0,0,0,1,0,0,0,1],""support"":[0,0,0,0,0,0,0,0,0]}",stable
A,83013,18,"{""age_steps"":[0,7,40,7,0,7,40,7,0],""comm"":[1,0,0,0,1,0,0,0,1],""support"":[0,0,0,0,0,0,0,0,0]}","{""age_steps"":[0,6,40,6,0,6,40,6,0],""comm"":[1,0,0,0,1,0,0,0,1],""support"":[0,0,0,0,0,0,0,0,0]}=>{""age_steps"":[0,7,40,7,0,7,40,7,0],""comm"":[1,0,0,0,1,0,0,0,1],""support"":[0,0,0,0,0,0,0,0,0]}",stable
A,83013,19,"{""age_steps"":[0,8,40,8,0,8,40,8,0],""comm"":[1,0,0,0,1,0,0,0,1],""support"":[0,0,0,0,0,0,0,0,0]}","{""age_steps"":[0,7,40,7,0,7,40,7,0],""comm"":[1,0,0,0,1,0,0,0,1],""support"":[0,0,0,0,0,0,0,0,0]}=>{""age_steps"":[0,8,40,8,0,8,40,8,0],""comm"":[1,0,0,0,1,0,0,0,1],""support"":[0,0,0,0,0,0,0,0,0]}",stable
A,83013,20,"{""age_steps"":[0,0,40,0,0,0,40,0,0],""comm"":[1,1,0,1,1,1,0,1,1],""support"":[0,1,0,0,0,0,0,1,0]}","{""age_steps"":[0,8,40,8,0,8,40,8,0],""comm"":[1,0,0,0,1,0,0,0,1],""support"":[0,0,0,0,0,0,0,0,0]}=>{""age_steps"":[0,0,40,0,0,0,40,0,0],""comm"":[1,1,0,1,1,1,0,1,1],""support"":[0,1,0,0,0,0,0,1,0]}",recovery
A,83013,21,"{""age_steps"":[0,0,40,0,0,0,40,0,0],""comm"":[1,1,0,1,1,1,0,1,1],""support"":[0,1,0,0,0,0,0,1,0]}","{""age_steps"":[0,0,40,0,0,0,40,0,0],""comm"":[1,1,0,1,1,1,0,1,1],""support"":[0,1,0,0,0,0,0,1,0]}=>{""age_steps"":[0,0,40,0,0,0,40,0,0],""comm"":[1,1,0,1,1,1,0,1,1],""support"":[0,1,0,0,0,0,0,1,0]}",stable
A,83013,22,"{""age_steps"":[0,0,40,0,0,0,40,0,0],""comm"":[1,1,0,1,1,1,0,1,1],""support"":[0,1,0,0,0,0,0,1,0]}","{""age_steps"":[0,0,40,0,0,0,40,0,0],""comm"":[1,1,0,1,1,1,0,1,1],""support"":[0,1,0,0,0,0,0,1,0]}=>{""age_steps"":[0,0,40,0,0,0,40,0,0],""comm"":[1,1,0,1,1,1,0,1,1],""support"":[0,1,0,0,0,0,0,1,0]}",stable
A,83013,23,"{""age_steps"":[0,0,40,0,0,0,40,0,0],""comm"":[1,1,0,1,1,1,0,1,1],""support"":[0,1,0,0,0,0,0,1,0]}","{""age_steps"":[0,0,40,0,0,0,40,0,0],""comm"":[1,1,0,1,1,1,0,1,1],""support"":[0,1,0,0,0,0,0,1,0]}=>{""age_steps"":[0,0,40,0,0,0,40,0,0],""comm"":[1,1,0,1,1,1,0,1,1],""support"":[0,1,0,0,0,0,0,1,0]}",stable
A,83013,24,"{""age_steps"":[0,0,40,0,0,0,40,0,0],""comm"":[1,1,0,1,1,1,0,1,1],""support"":[0,1,0,0,0,0,0,1,0]}","{""age_steps"":[0,0,40,0,0,0,40,0,0],""comm"":[1,1,0,1,1,1,0,1,1],""support"":[0,1,0,0,0,0,0,1,0]}=>{""age_steps"":[0,0,40,0,0,0,40,0,0],""comm"":[1,1,0,1,1,1,0,1,1],""support"":[0,1,0,0,0,0,0,1,0]}",stable
A,83013,25,"{""age_steps"":[0,0,40,0,0,0,40,0,0],""comm"":[1,1,0,1,1,1,0,1,1],""support"":[0,1,0,0,0,0,0,1,0]}","{""age_steps"":[0,0,40,0,0,0,40,0,0],""comm"":[1,1,0,1,1,1,0,1,1],""support"":[0,1,0,0,0,0,0,1,0]}=>{""age_steps"":[0,0,40,0,0,0,40,0,0],""comm"":[1,1,0,1,1,1,0,1,1],""support"":[0,1,0,0,0,0,0,1,0]}",stable
A,83013,26,"{""age_steps"":[0,0,40,0,0,0,40,0,0],""comm"":[1,1,0,1,1,1,0,1,1],""support"":[0,1,0,0,0,0,0,1,0]}","{""age_steps"":[0,0,40,0,0,0,40,0,0],""comm"":[1,1,0,1,1,1,0,1,1],""support"":[0,1,0,0,0,0,0,1,0]}=>{""age_steps"":[0,0,40,0,0,0,40,0,0],""comm"":[1,1,0,1,1,1,0,1,1],""support"":[0,1,0,0,0,0,0,1,0]}",stable
A,83013,27,"{""age_steps"":[0,0,40,0,0,0,40,0,0],""comm"":[1,1,0,1,1,1,0,1,1],""support"":[0,1,0,0,0,0,0,1,0]}","{""age_steps"":[0,0,40,0,0,0,40,0,0],""comm"":[1,1,0,1,1,1,0,1,1],""support"":[0,1,0,0,0,0,0,1,0]}=>{""age_steps"":[0,0,40,0,0,0,40,0,0],""comm"":[1,1,0,1,1,1,0,1,1],""support"":[0,1,0,0,0,0,0,1,0]}",stable
A,83013,28,"{""age_steps"":[0,0,40,0,0,0,40,0,0],""comm"":[1,1,0,1,1,1,0,1,1],""support"":[0,1,0,0,0,0,0,1,0]}","{""age_steps"":[0,0,40,0,0,0,40,0,0],""comm"":[1,1,0,1,1,1,0,1,1],""support"":[0,1,0,0,0,0,0,1,0]}=>{""age_steps"":[0,0,40,0,0,0,40,0,0],""comm"":[1,1,0,1,1,1,0,1,1],""support"":[0,1,0,0,0,0,0,1,0]}",stable
A,83013,29,"{""age_steps"":[0,0,40,0,0,0,40,0,0],""comm"":[1,1,0,1,1,1,0,1,1],""support"":[0,1,0,0,0,0,0,1,0]}","{""age_steps"":[0,0,40,0,0,0,40,0,0],""comm"":[1,1,0,1,1,1,0,1,1],""support"":[0,1,0,0,0,0,0,1,0]}=>{""age_steps"":[0,0,40,0,0,0,40,0,0],""comm"":[1,1,0,1,1,1,0,1,1],""support"":[0,1,0,0,0,0,0,1,0]}",stable
A,83013,30,"{""age_steps"":[0,0,40,0,0,0,40,0,0],""comm"":[1,1,0,1,1,1,0,1,1],""support"":[0,1,0,0,0,0,0,1,0]}","{""age_steps"":[0,0,40,0,0,0,40,0,0],""comm"":[1,1,0,1,1,1,0,1,1],""support"":[0,1,0,0,0,0,0,1,0]}=>{""age_steps"":[0,0,40,0,0,0,40,0,0],""comm"":[1,1,0,1,1,1,0,1,1],""support"":[0,1,0,0,0,0,0,1,0]}",stable
A,83013,31,"{""age_steps"":[0,0,40,0,0,0,40,0,0],""comm"":[1,1,0,1,1,1,0,1,1],""support"":[0,1,0,0,0,0,0,1,0]}","{""age_steps"":[0,0,40,0,0,0,40,0,0],""comm"":[1,1,0,1,1,1,0,1,1],""support"":[0,1,0,0,0,0,0,1,0]}=>{""age_steps"":[0,0,40,0,0,0,40,0,0],""comm"":[1,1,0,1,1,1,0,1,1],""support"":[0,1,0,0,0,0,0,1,0]}",stable
A,83013,32,"{""age_steps"":[0,0,40,0,0,0,40,0,0],""comm"":[1,1,0,1,1,1,0,1,1],""support"":[0,1,0,0,0,0,0,1,0]}","{""age_steps"":[0,0,40,0,0,0,40,0,0],""comm"":[1,1,0,1,1,1,0,1,1],""support"":[0,1,0,0,0,0,0,1,0]}=>{""age_steps"":[0,0,40,0,0,0,40,0,0],""comm"":[1,1,0,1,1,1,0,1,1],""support"":[0,1,0,0,0,0,0,1,0]}",stable
A,83014,1,"{""age_steps"":[0,0,40,0,0,0,40,0,0],""comm"":[1,1,0,1,1,1,0,1,1],""support"":[0,0,0,0,0,0,0,0,0]}","{""age_steps"":[0,0,40,0,0,0,40,0,0],""comm"":[1,1,0,1,1,1,0,1,1],""support"":[0,0,0,0,0,0,0,0,0]}=>{""age_steps"":[0,0,40,0,0,0,40,0,0],""comm"":[1,1,0,1,1,1,0,1,1],""support"":[0,0,0,0,0,0,0,0,0]}",stable
A,83014,2,"{""age_steps"":[0,0,40,0,0,0,40,0,0],""comm"":[1,1,0,1,1,1,0,1,1],""support"":[0,0,0,0,0,0,0,0,0]}","{""age_steps"":[0,0,40,0,0,0,40,0,0],""comm"":[1,1,0,1,1,1,0,1,1],""support"":[0,0,0,0,0,0,0,0,0]}=>{""age_steps"":[0,0,40,0,0,0,40,0,0],""comm"":[1,1,0,1,1,1,0,1,1],""support"":[0,0,0,0,0,0,0,0,0]}",stable
A,83014,3,"{""age_steps"":[0,0,40,0,0,0,40,0,0],""comm"":[1,1,0,1,1,1,0,1,1],""support"":[0,0,0,0,0,0,0,0,0]}","{""age_steps"":[0,0,40,0,0,0,40,0,0],""comm"":[1,1,0,1,1,1,0,1,1],""support"":[0,0,0,0,0,0,0,0,0]}=>{""age_steps"":[0,0,40,0,0,0,40,0,0],""comm"":[1,1,0,1,1,1,0,1,1],""support"":[0,0,0,0,0,0,0,0,0]}",stable
A,83014,4,"{""age_steps"":[0,0,40,0,0,0,40,0,0],""comm"":[1,1,0,1,1,1,0,1,1],""support"":[0,0,0,0,0,0,0,0,0]}","{""age_steps"":[0,0,40,0,0,0,40,0,0],""comm"":[1,1,0,1,1,1,0,1,1],""support"":[0,0,0,0,0,0,0,0,0]}=>{""age_steps"":[0,0,40,0,0,0,40,0,0],""comm"":[1,1,0,1,1,1,0,1,1],""support"":[0,0,0,0,0,0,0,0,0]}",stable
A,83014,5,"{""age_steps"":[0,0,40,0,0,0,40,0,0],""comm"":[1,1,0,1,1,1,0,1,1],""support"":[0,0,0,0,0,0,0,0,0]}","{""age_steps"":[0,0,40,0,0,0,40,0,0],""comm"":[1,1,0,1,1,1,0,1,1],""support"":[0,0,0,0,0,0,0,0,0]}=>{""age_steps"":[0,0,40,0,0,0,40,0,0],""comm"":[1,1,0,1,1,1,0,1,1],""support"":[0,0,0,0,0,0,0,0,0]}",stable
A,83014,6,"{""age_steps"":[0,0,40,0,0,0,40,0,0],""comm"":[1,1,0,1,1,1,0,1,1],""support"":[0,0,0,0,0,0,0,0,0]}","{""age_steps"":[0,0,40,0,0,0,40,0,0],""comm"":[1,1,0,1,1,1,0,1,1],""support"":[0,0,0,0,0,0,0,0,0]}=>{""age_steps"":[0,0,40,0,0,0,40,0,0],""comm"":[1,1,0,1,1,1,0,1,1],""support"":[0,0,0,0,0,0,0,0,0]}",stable
A,83014,7,"{""age_steps"":[0,0,40,0,0,0,40,0,0],""comm"":[1,1,0,1,1,1,0,1,1],""support"":[0,0,0,0,0,0,0,0,0]}","{""age_steps"":[0,0,40,0,0,0,40,0,0],""comm"":[1,1,0,1,1,1,0,1,1],""support"":[0,0,0,0,0,0,0,0,0]}=>{""age_steps"":[0,0,40,0,0,0,40,0,0],""comm"":[1,1,0,1,1,1,0,1,1],""support"":[0,0,0,0,0,0,0,0,0]}",stable
A,83014,8,"{""age_steps"":[0,0,40,0,0,0,40,0,0],""comm"":[1,1,0,1,1,1,0,1,1],""support"":[0,0,0,0,0,0,0,0,0]}","{""age_steps"":[0,0,40,0,0,0,40,0,0],""comm"":[1,1,0,1,1,1,0,1,1],""support"":[0,0,0,0,0,0,0,0,0]}=>{""age_steps"":[0,0,40,0,0,0,40,0,0],""comm"":[1,1,0,1,1,1,0,1,1],""support"":[0,0,0,0,0,0,0,0,0]}",stable
A,83014,9,"{""age_steps"":[0,0,40,0,0,0,40,0,0],""comm"":[1,1,0,1,1,1,0,1,1],""support"":[0,0,0,0,0,0,0,0,0]}","{""age_steps"":[0,0,40,0,0,0,40,0,0],""comm"":[1,1,0,1,1,1,0,1,1],""support"":[0,0,0,0,0,0,0,0,0]}=>{""age_steps"":[0,0,40,0,0,0,40,0,0],""comm"":[1,1,0,1,1,1,0,1,1],""support"":[0,0,0,0,0,0,0,0,0]}",stable
A,83014,10,"{""age_steps"":[0,0,40,0,0,0,40,0,0],""comm"":[1,1,0,1,1,1,0,1,1],""support"":[0,0,0,0,0,0,0,0,0]}","{""age_steps"":[0,0,40,0,0,0,40,0,0],""comm"":[1,1,0,1,1,1,0,1,1],""support"":[0,0,0,0,0,0,0,0,0]}=>{""age_steps"":[0,0,40,0,0,0,40,0,0],""comm"":[1,1,0,1,1,1,0,1,1],""support"":[0,0,0,0,0,0,0,0,0]}",stable
A,83014,11,"{""age_steps"":[0,0,40,0,0,0,40,0,0],""comm"":[1,1,0,1,1,1,0,1,1],""support"":[0,0,0,0,0,0,0,0,0]}","{""age_steps"":[0,0,40,0,0,0,40,0,0],""comm"":[1,1,0,1,1,1,0,1,1],""support"":[0,0,0,0,0,0,0,0,0]}=>{""age_steps"":[0,0,40,0,0,0,40,0,0],""comm"":[1,1,0,1,1,1,0,1,1],""support"":[0,0,0,0,0,0,0,0,0]}",stable
A,83014,12,"{""age_steps"":[0,1,40,1,0,1,40,1,0],""comm"":[1,0,0,0,1,0,0,0,1],""support"":[0,0,0,0,0,0,0,0,0]}","{""age_steps"":[0,0,40,0,0,0,40,0,0],""comm"":[1,1,0,1,1,1,0,1,1],""support"":[0,0,0,0,0,0,0,0,0]}=>{""age_steps"":[0,1,40,1,0,1,40,1,0],""comm"":[1,0,0,0,1,0,0,0,1],""support"":[0,0,0,0,0,0,0,0,0]}",loss
A,83014,13,"{""age_steps"":[0,2,40,2,0,2,40,2,0],""comm"":[1,0,0,0,1,0,0,0,1],""support"":[0,0,0,0,0,0,0,0,0]}","{""age_steps"":[0,1,40,1,0,1,40,1,0],""comm"":[1,0,0,0,1,0,0,0,1],""support"":[0,0,0,0,0,0,0,0,0]}=>{""age_steps"":[0,2,40,2,0,2,40,2,0],""comm"":[1,0,0,0,1,0,0,0,1],""support"":[0,0,0,0,0,0,0,0,0]}",stable
A,83014,14,"{""age_steps"":[0,3,40,3,0,3,40,3,0],""comm"":[1,0,0,0,1,0,0,0,1],""support"":[0,0,0,0,0,0,0,0,0]}","{""age_steps"":[0,2,40,2,0,2,40,2,0],""comm"":[1,0,0,0,1,0,0,0,1],""support"":[0,0,0,0,0,0,0,0,0]}=>{""age_steps"":[0,3,40,3,0,3,40,3,0],""comm"":[1,0,0,0,1,0,0,0,1],""support"":[0,0,0,0,0,0,0,0,0]}",stable
A,83014,15,"{""age_steps"":[0,4,40,4,0,4,40,4,0],""comm"":[1,0,0,0,1,0,0,0,1],""support"":[0,0,0,0,0,0,0,0,0]}","{""age_steps"":[0,3,40,3,0,3,40,3,0],""comm"":[1,0,0,0,1,0,0,0,1],""support"":[0,0,0,0,0,0,0,0,0]}=>{""age_steps"":[0,4,40,4,0,4,40,4,0],""comm"":[1,0,0,0,1,0,0,0,1],""support"":[0,0,0,0,0,0,0,0,0]}",stable
A,83014,16,"{""age_steps"":[0,5,40,5,0,5,40,5,0],""comm"":[1,0,0,0,1,0,0,0,1],""support"":[0,0,0,0,0,0,0,0,0]}","{""age_steps"":[0,4,40,4,0,4,40,4,0],""comm"":[1,0,0,0,1,0,0,0,1],""support"":[0,0,0,0,0,0,0,0,0]}=>{""age_steps"":[0,5,40,5,0,5,40,5,0],""comm"":[1,0,0,0,1,0,0,0,1],""support"":[0,0,0,0,0,0,0,0,0]}",stable
A,83014,17,"{""age_steps"":[0,6,40,6,0,6,40,6,0],""comm"":[1,0,0,0,1,0,0,0,1],""support"":[0,0,0,0,0,0,0,0,0]}","{""age_steps"":[0,5,40,5,0,5,40,5,0],""comm"":[1,0,0,0,1,0,0,0,1],""support"":[0,0,0,0,0,0,0,0,0]}=>{""age_steps"":[0,6,40,6,0,6,40,6,0],""comm"":[1,0,0,0,1,0,0,0,1],""support"":[0,0,0,0,0,0,0,0,0]}",stable
A,83014,18,"{""age_steps"":[0,7,40,7,0,7,40,7,0],""comm"":[1,0,0,0,1,0,0,0,1],""support"":[0,0,0,0,0,0,0,0,0]}","{""age_steps"":[0,6,40,6,0,6,40,6,0],""comm"":[1,0,0,0,1,0,0,0,1],""support"":[0,0,0,0,0,0,0,0,0]}=>{""age_steps"":[0,7,40,7,0,7,40,7,0],""comm"":[1,0,0,0,1,0,0,0,1],""support"":[0,0,0,0,0,0,0,0,0]}",stable
A,83014,19,"{""age_steps"":[0,8,40,8,0,8,40,8,0],""comm"":[1,0,0,0,1,0,0,0,1],""support"":[0,0,0,0,0,0,0,0,0]}","{""age_steps"":[0,7,40,7,0,7,40,7,0],""comm"":[1,0,0,0,1,0,0,0,1],""support"":[0,0,0,0,0,0,0,0,0]}=>{""age_steps"":[0,8,40,8,0,8,40,8,0],""comm"":[1,0,0,0,1,0,0,0,1],""support"":[0,0,0,0,0,0,0,0,0]}",stable
A,83014,20,"{""age_steps"":[0,0,40,0,0,0,40,0,0],""comm"":[1,1,0,1,1,1,0,1,1],""support"":[0,1,0,0,0,0,0,1,0]}","{""age_steps"":[0,8,40,8,0,8,40,8,0],""comm"":[1,0,0,0,1,0,0,0,1],""support"":[0,0,0,0,0,0,0,0,0]}=>{""age_steps"":[0,0,40,0,0,0,40,0,0],""comm"":[1,1,0,1,1,1,0,1,1],""support"":[0,1,0,0,0,0,0,1,0]}",recovery
A,83014,21,"{""age_steps"":[0,0,40,0,0,0,40,0,0],""comm"":[1,1,0,1,1,1,0,1,1],""support"":[0,1,0,0,0,0,0,1,0]}","{""age_steps"":[0,0,40,0,0,0,40,0,0],""comm"":[1,1,0,1,1,1,0,1,1],""support"":[0,1,0,0,0,0,0,1,0]}=>{""age_steps"":[0,0,40,0,0,0,40,0,0],""comm"":[1,1,0,1,1,1,0,1,1],""support"":[0,1,0,0,0,0,0,1,0]}",stable
A,83014,22,"{""age_steps"":[0,0,40,0,0,0,40,0,0],""comm"":[1,1,0,1,1,1,0,1,1],""support"":[0,1,0,0,0,0,0,1,0]}","{""age_steps"":[0,0,40,0,0,0,40,0,0],""comm"":[1,1,0,1,1,1,0,1,1],""support"":[0,1,0,0,0,0,0,1,0]}=>{""age_steps"":[0,0,40,0,0,0,40,0,0],""comm"":[1,1,0,1,1,1,0,1,1],""support"":[0,1,0,0,0,0,0,1,0]}",stable
A,83014,23,"{""age_steps"":[0,0,40,0,0,0,40,0,0],""comm"":[1,1,0,1,1,1,0,1,1],""support"":[0,1,0,0,0,0,0,1,0]}","{""age_steps"":[0,0,40,0,0,0,40,0,0],""comm"":[1,1,0,1,1,1,0,1,1],""support"":[0,1,0,0,0,0,0,1,0]}=>{""age_steps"":[0,0,40,0,0,0,40,0,0],""comm"":[1,1,0,1,1,1,0,1,1],""support"":[0,1,0,0,0,0,0,1,0]}",stable
A,83014,24,"{""age_steps"":[0,0,40,0,0,0,40,0,0],""comm"":[1,1,0,1,1,1,0,1,1],""support"":[0,1,0,0,0,0,0,1,0]}","{""age_steps"":[0,0,40,0,0,0,40,0,0],""comm"":[1,1,0,1,1,1,0,1,1],""support"":[0,1,0,0,0,0,0,1,0]}=>{""age_steps"":[0,0,40,0,0,0,40,0,0],""comm"":[1,1,0,1,1,1,0,1,1],""support"":[0,1,0,0,0,0,0,1,0]}",stable
A,83014,25,"{""age_steps"":[0,0,40,0,0,0,40,0,0],""comm"":[1,1,0,1,1,1,0,1,1],""support"":[0,1,0,0,0,0,0,1,0]}","{""age_steps"":[0,0,40,0,0,0,40,0,0],""comm"":[1,1,0,1,1,1,0,1,1],""support"":[0,1,0,0,0,0,0,1,0]}=>{""age_steps"":[0,0,40,0,0,0,40,0,0],""comm"":[1,1,0,1,1,1,0,1,1],""support"":[0,1,0,0,0,0,0,1,0]}",stable
A,83014,26,"{""age_steps"":[0,0,40,0,0,0,40,0,0],""comm"":[1,1,0,1,1,1,0,1,1],""support"":[0,1,0,0,0,0,0,1,0]}","{""age_steps"":[0,0,40,0,0,0,40,0,0],""comm"":[1,1,0,1,1,1,0,1,1],""support"":[0,1,0,0,0,0,0,1,0]}=>{""age_steps"":[0,0,40,0,0,0,40,0,0],""comm"":[1,1,0,1,1,1,0,1,1],""support"":[0,1,0,0,0,0,0,1,0]}",stable
A,83014,27,"{""age_steps"":[0,0,40,0,0,0,40,0,0],""comm"":[1,1,0,1,1,1,0,1,1],""support"":[0,1,0,0,0,0,0,1,0]}","{""age_steps"":[0,0,40,0,0,0,40,0,0],""comm"":[1,1,0,1,1,1,0,1,1],""support"":[0,1,0,0,0,0,0,1,0]}=>{""age_steps"":[0,0,40,0,0,0,40,0,0],""comm"":[1,1,0,1,1,1,0,1,1],""support"":[0,1,0,0,0,0,0,1,0]}",stable
A,83014,28,"{""age_steps"":[0,0,40,0,0,0,40,0,0],""comm"":[1,1,0,1,1,1,0,1,1],""support"":[0,1,0,0,0,0,0,1,0]}","{""age_steps"":[0,0,40,0,0,0,40,0,0],""comm"":[1,1,0,1,1,1,0,1,1],""support"":[0,1,0,0,0,0,0,1,0]}=>{""age_steps"":[0,0,40,0,0,0,40,0,0],""comm"":[1,1,0,1,1,1,0,1,1],""support"":[0,1,0,0,0,0,0,1,0]}",stable
A,83014,29,"{""age_steps"":[0,0,40,0,0,0,40,0,0],""comm"":[1,1,0,1,1,1,0,1,1],""support"":[0,1,0,0,0,0,0,1,0]}","{""age_steps"":[0,0,40,0,0,0,40,0,0],""comm"":[1,1,0,1,1,1,0,1,1],""support"":[0,1,0,0,0,0,0,1,0]}=>{""age_steps"":[0,0,40,0,0,0,40,0,0],""comm"":[1,1,0,1,1,1,0,1,1],""support"":[0,1,0,0,0,0,0,1,0]}",stable
A,83014,30,"{""age_steps"":[0,0,40,0,0,0,40,0,0],""comm"":[1,1,0,1,1,1,0,1,1],""support"":[0,1,0,0,0,0,0,1,0]}","{""age_steps"":[0,0,40,0,0,0,40,0,0],""comm"":[1,1,0,1,1,1,0,1,1],""support"":[0,1,0,0,0,0,0,1,0]}=>{""age_steps"":[0,0,40,0,0,0,40,0,0],""comm"":[1,1,0,1,1,1,0,1,1],""support"":[0,1,0,0,0,0,0,1,0]}",stable
A,83014,31,"{""age_steps"":[0,0,40,0,0,0,40,0,0],""comm"":[1,1,0,1,1,1,0,1,1],""support"":[0,1,0,0,0,0,0,1,0]}","{""age_steps"":[0,0,40,0,0,0,40,0,0],""comm"":[1,1,0,1,1,1,0,1,1],""support"":[0,1,0,0,0,0,0,1,0]}=>{""age_steps"":[0,0,40,0,0,0,40,0,0],""comm"":[1,1,0,1,1,1,0,1,1],""support"":[0,1,0,0,0,0,0,1,0]}",stable
A,83014,32,"{""age_steps"":[0,0,40,0,0,0,40,0,0],""comm"":[1,1,0,1,1,1,0,1,1],""support"":[0,1,0,0,0,0,0,1,0]}","{""age_steps"":[0,0,40,0,0,0,40,0,0],""comm"":[1,1,0,1,1,1,0,1,1],""support"":[0,1,0,0,0,0,0,1,0]}=>{""age_steps"":[0,0,40,0,0,0,40,0,0],""comm"":[1,1,0,1,1,1,0,1,1],""support"":[0,1,0,0,0,0,0,1,0]}",stable
A,83015,1,"{""age_steps"":[0,0,40,0,0,0,40,0,0],""comm"":[1,1,0,1,1,1,0,1,1],""support"":[0,0,0,0,0,0,0,0,0]}","{""age_steps"":[0,0,40,0,0,0,40,0,0],""comm"":[1,1,0,1,1,1,0,1,1],""support"":[0,0,0,0,0,0,0,0,0]}=>{""age_steps"":[0,0,40,0,0,0,40,0,0],""comm"":[1,1,0,1,1,1,0,1,1],""support"":[0,0,0,0,0,0,0,0,0]}",stable
A,83015,2,"{""age_steps"":[0,0,40,0,0,0,40,0,0],""comm"":[1,1,0,1,1,1,0,1,1],""support"":[0,0,0,0,0,0,0,0,0]}","{""age_steps"":[0,0,40,0,0,0,40,0,0],""comm"":[1,1,0,1,1,1,0,1,1],""support"":[0,0,0,0,0,0,0,0,0]}=>{""age_steps"":[0,0,40,0,0,0,40,0,0],""comm"":[1,1,0,1,1,1,0,1,1],""support"":[0,0,0,0,0,0,0,0,0]}",stable
A,83015,3,"{""age_steps"":[0,0,40,0,0,0,40,0,0],""comm"":[1,1,0,1,1,1,0,1,1],""support"":[0,0,0,0,0,0,0,0,0]}","{""age_steps"":[0,0,40,0,0,0,40,0,0],""comm"":[1,1,0,1,1,1,0,1,1],""support"":[0,0,0,0,0,0,0,0,0]}=>{""age_steps"":[0,0,40,0,0,0,40,0,0],""comm"":[1,1,0,1,1,1,0,1,1],""support"":[0,0,0,0,0,0,0,0,0]}",stable
A,83015,4,"{""age_steps"":[0,0,40,0,0,0,40,0,0],""comm"":[1,1,0,1,1,1,0,1,1],""support"":[0,0,0,0,0,0,0,0,0]}","{""age_steps"":[0,0,40,0,0,0,40,0,0],""comm"":[1,1,0,1,1,1,0,1,1],""support"":[0,0,0,0,0,0,0,0,0]}=>{""age_steps"":[0,0,40,0,0,0,40,0,0],""comm"":[1,1,0,1,1,1,0,1,1],""support"":[0,0,0,0,0,0,0,0,0]}",stable
A,83015,5,"{""age_steps"":[0,0,40,0,0,0,40,0,0],""comm"":[1,1,0,1,1,1,0,1,1],""support"":[0,0,0,0,0,0,0,0,0]}","{""age_steps"":[0,0,40,0,0,0,40,0,0],""comm"":[1,1,0,1,1,1,0,1,1],""support"":[0,0,0,0,0,0,0,0,0]}=>{""age_steps"":[0,0,40,0,0,0,40,0,0],""comm"":[1,1,0,1,1,1,0,1,1],""support"":[0,0,0,0,0,0,0,0,0]}",stable
A,83015,6,"{""age_steps"":[0,0,40,0,0,0,40,0,0],""comm"":[1,1,0,1,1,1,0,1,1],""support"":[0,0,0,0,0,0,0,0,0]}","{""age_steps"":[0,0,40,0,0,0,40,0,0],""comm"":[1,1,0,1,1,1,0,1,1],""support"":[0,0,0,0,0,0,0,0,0]}=>{""age_steps"":[0,0,40,0,0,0,40,0,0],""comm"":[1,1,0,1,1,1,0,1,1],""support"":[0,0,0,0,0,0,0,0,0]}",stable
A,83015,7,"{""age_steps"":[0,0,40,0,0,0,40,0,0],""comm"":[1,1,0,1,1,1,0,1,1],""support"":[0,0,0,0,0,0,0,0,0]}","{""age_steps"":[0,0,40,0,0,0,40,0,0],""comm"":[1,1,0,1,1,1,0,1,1],""support"":[0,0,0,0,0,0,0,0,0]}=>{""age_steps"":[0,0,40,0,0,0,40,0,0],""comm"":[1,1,0,1,1,1,0,1,1],""support"":[0,0,0,0,0,0,0,0,0]}",stable
A,83015,8,"{""age_steps"":[0,0,40,0,0,0,40,0,0],""comm"":[1,1,0,1,1,1,0,1,1],""support"":[0,0,0,0,0,0,0,0,0]}","{""age_steps"":[0,0,40,0,0,0,40,0,0],""comm"":[1,1,0,1,1,1,0,1,1],""support"":[0,0,0,0,0,0,0,0,0]}=>{""age_steps"":[0,0,40,0,0,0,40,0,0],""comm"":[1,1,0,1,1,1,0,1,1],""support"":[0,0,0,0,0,0,0,0,0]}",stable
A,83015,9,"{""age_steps"":[0,0,40,0,0,0,40,0,0],""comm"":[1,1,0,1,1,1,0,1,1],""support"":[0,0,0,0,0,0,0,0,0]}","{""age_steps"":[0,0,40,0,0,0,40,0,0],""comm"":[1,1,0,1,1,1,0,1,1],""support"":[0,0,0,0,0,0,0,0,0]}=>{""age_steps"":[0,0,40,0,0,0,40,0,0],""comm"":[1,1,0,1,1,1,0,1,1],""support"":[0,0,0,0,0,0,0,0,0]}",stable
A,83015,10,"{""age_steps"":[0,0,40,0,0,0,40,0,0],""comm"":[1,1,0,1,1,1,0,1,1],""support"":[0,0,0,0,0,0,0,0,0]}","{""age_steps"":[0,0,40,0,0,0,40,0,0],""comm"":[1,1,0,1,1,1,0,1,1],""support"":[0,0,0,0,0,0,0,0,0]}=>{""age_steps"":[0,0,40,0,0,0,40,0,0],""comm"":[1,1,0,1,1,1,0,1,1],""support"":[0,0,0,0,0,0,0,0,0]}",stable
A,83015,11,"{""age_steps"":[0,0,40,0,0,0,40,0,0],""comm"":[1,1,0,1,1,1,0,1,1],""support"":[0,0,0,0,0,0,0,0,0]}","{""age_steps"":[0,0,40,0,0,0,40,0,0],""comm"":[1,1,0,1,1,1,0,1,1],""support"":[0,0,0,0,0,0,0,0,0]}=>{""age_steps"":[0,0,40,0,0,0,40,0,0],""comm"":[1,1,0,1,1,1,0,1,1],""support"":[0,0,0,0,0,0,0,0,0]}",stable
A,83015,12,"{""age_steps"":[0,1,40,1,0,1,40,1,0],""comm"":[1,0,0,0,1,0,0,0,1],""support"":[0,0,0,0,0,0,0,0,0]}","{""age_steps"":[0,0,40,0,0,0,40,0,0],""comm"":[1,1,0,1,1,1,0,1,1],""support"":[0,0,0,0,0,0,0,0,0]}=>{""age_steps"":[0,1,40,1,0,1,40,1,0],""comm"":[1,0,0,0,1,0,0,0,1],""support"":[0,0,0,0,0,0,0,0,0]}",loss
A,83015,13,"{""age_steps"":[0,2,40,2,0,2,40,2,0],""comm"":[1,0,0,0,1,0,0,0,1],""support"":[0,0,0,0,0,0,0,0,0]}","{""age_steps"":[0,1,40,1,0,1,40,1,0],""comm"":[1,0,0,0,1,0,0,0,1],""support"":[0,0,0,0,0,0,0,0,0]}=>{""age_steps"":[0,2,40,2,0,2,40,2,0],""comm"":[1,0,0,0,1,0,0,0,1],""support"":[0,0,0,0,0,0,0,0,0]}",stable
A,83015,14,"{""age_steps"":[0,3,40,3,0,3,40,3,0],""comm"":[1,0,0,0,1,0,0,0,1],""support"":[0,0,0,0,0,0,0,0,0]}","{""age_steps"":[0,2,40,2,0,2,40,2,0],""comm"":[1,0,0,0,1,0,0,0,1],""support"":[0,0,0,0,0,0,0,0,0]}=>{""age_steps"":[0,3,40,3,0,3,40,3,0],""comm"":[1,0,0,0,1,0,0,0,1],""support"":[0,0,0,0,0,0,0,0,0]}",stable
A,83015,15,"{""age_steps"":[0,4,40,4,0,4,40,4,0],""comm"":[1,0,0,0,1,0,0,0,1],""support"":[0,0,0,0,0,0,0,0,0]}","{""age_steps"":[0,3,40,3,0,3,40,3,0],""comm"":[1,0,0,0,1,0,0,0,1],""support"":[0,0,0,0,0,0,0,0,0]}=>{""age_steps"":[0,4,40,4,0,4,40,4,0],""comm"":[1,0,0,0,1,0,0,0,1],""support"":[0,0,0,0,0,0,0,0,0]}",stable
A,83015,16,"{""age_steps"":[0,5,40,5,0,5,40,5,0],""comm"":[1,0,0,0,1,0,0,0,1],""support"":[0,0,0,0,0,0,0,0,0]}","{""age_steps"":[0,4,40,4,0,4,40,4,0],""comm"":[1,0,0,0,1,0,0,0,1],""support"":[0,0,0,0,0,0,0,0,0]}=>{""age_steps"":[0,5,40,5,0,5,40,5,0],""comm"":[1,0,0,0,1,0,0,0,1],""support"":[0,0,0,0,0,0,0,0,0]}",stable
A,83015,17,"{""age_steps"":[0,6,40,6,0,6,40,6,0],""comm"":[1,0,0,0,1,0,0,0,1],""support"":[0,0,0,0,0,0,0,0,0]}","{""age_steps"":[0,5,40,5,0,5,40,5,0],""comm"":[1,0,0,0,1,0,0,0,1],""support"":[0,0,0,0,0,0,0,0,0]}=>{""age_steps"":[0,6,40,6,0,6,40,6,0],""comm"":[1,0,0,0,1,0,0,0,1],""support"":[0,0,0,0,0,0,0,0,0]}",stable
A,83015,18,"{""age_steps"":[0,7,40,7,0,7,40,7,0],""comm"":[1,0,0,0,1,0,0,0,1],""support"":[0,0,0,0,0,0,0,0,0]}","{""age_steps"":[0,6,40,6,0,6,40,6,0],""comm"":[1,0,0,0,1,0,0,0,1],""support"":[0,0,0,0,0,0,0,0,0]}=>{""age_steps"":[0,7,40,7,0,7,40,7,0],""comm"":[1,0,0,0,1,0,0,0,1],""support"":[0,0,0,0,0,0,0,0,0]}",stable
A,83015,19,"{""age_steps"":[0,8,40,8,0,8,40,8,0],""comm"":[1,0,0,0,1,0,0,0,1],""support"":[0,0,0,0,0,0,0,0,0]}","{""age_steps"":[0,7,40,7,0,7,40,7,0],""comm"":[1,0,0,0,1,0,0,0,1],""support"":[0,0,0,0,0,0,0,0,0]}=>{""age_steps"":[0,8,40,8,0,8,40,8,0],""comm"":[1,0,0,0,1,0,0,0,1],""support"":[0,0,0,0,0,0,0,0,0]}",stable
A,83015,20,"{""age_steps"":[0,0,40,0,0,0,40,0,0],""comm"":[1,1,0,1,1,1,0,1,1],""support"":[0,1,0,0,0,0,0,1,0]}","{""age_steps"":[0,8,40,8,0,8,40,8,0],""comm"":[1,0,0,0,1,0,0,0,1],""support"":[0,0,0,0,0,0,0,0,0]}=>{""age_steps"":[0,0,40,0,0,0,40,0,0],""comm"":[1,1,0,1,1,1,0,1,1],""support"":[0,1,0,0,0,0,0,1,0]}",recovery
A,83015,21,"{""age_steps"":[0,0,40,0,0,0,40,0,0],""comm"":[1,1,0,1,1,1,0,1,1],""support"":[0,1,0,0,0,0,0,1,0]}","{""age_steps"":[0,0,40,0,0,0,40,0,0],""comm"":[1,1,0,1,1,1,0,1,1],""support"":[0,1,0,0,0,0,0,1,0]}=>{""age_steps"":[0,0,40,0,0,0,40,0,0],""comm"":[1,1,0,1,1,1,0,1,1],""support"":[0,1,0,0,0,0,0,1,0]}",stable
A,83015,22,"{""age_steps"":[0,0,40,0,0,0,40,0,0],""comm"":[1,1,0,1,1,1,0,1,1],""support"":[0,1,0,0,0,0,0,1,0]}","{""age_steps"":[0,0,40,0,0,0,40,0,0],""comm"":[1,1,0,1,1,1,0,1,1],""support"":[0,1,0,0,0,0,0,1,0]}=>{""age_steps"":[0,0,40,0,0,0,40,0,0],""comm"":[1,1,0,1,1,1,0,1,1],""support"":[0,1,0,0,0,0,0,1,0]}",stable
A,83015,23,"{""age_steps"":[0,0,40,0,0,0,40,0,0],""comm"":[1,1,0,1,1,1,0,1,1],""support"":[0,1,0,0,0,0,0,1,0]}","{""age_steps"":[0,0,40,0,0,0,40,0,0],""comm"":[1,1,0,1,1,1,0,1,1],""support"":[0,1,0,0,0,0,0,1,0]}=>{""age_steps"":[0,0,40,0,0,0,40,0,0],""comm"":[1,1,0,1,1,1,0,1,1],""support"":[0,1,0,0,0,0,0,1,0]}",stable
A,83015,24,"{""age_steps"":[0,0,40,0,0,0,40,0,0],""comm"":[1,1,0,1,1,1,0,1,1],""support"":[0,1,0,0,0,0,0,1,0]}","{""age_steps"":[0,0,40,0,0,0,40,0,0],""comm"":[1,1,0,1,1,1,0,1,1],""support"":[0,1,0,0,0,0,0,1,0]}=>{""age_steps"":[0,0,40,0,0,0,40,0,0],""comm"":[1,1,0,1,1,1,0,1,1],""support"":[0,1,0,0,0,0,0,1,0]}",stable
A,83015,25,"{""age_steps"":[0,0,40,0,0,0,40,0,0],""comm"":[1,1,0,1,1,1,0,1,1],""support"":[0,1,0,0,0,0,0,1,0]}","{""age_steps"":[0,0,40,0,0,0,40,0,0],""comm"":[1,1,0,1,1,1,0,1,1],""support"":[0,1,0,0,0,0,0,1,0]}=>{""age_steps"":[0,0,40,0,0,0,40,0,0],""comm"":[1,1,0,1,1,1,0,1,1],""support"":[0,1,0,0,0,0,0,1,0]}",stable
A,83015,26,"{""age_steps"":[0,0,40,0,0,0,40,0,0],""comm"":[1,1,0,1,1,1,0,1,1],""support"":[0,1,0,0,0,0,0,1,0]}","{""age_steps"":[0,0,40,0,0,0,40,0,0],""comm"":[1,1,0,1,1,1,0,1,1],""support"":[0,1,0,0,0,0,0,1,0]}=>{""age_steps"":[0,0,40,0,0,0,40,0,0],""comm"":[1,1,0,1,1,1,0,1,1],""support"":[0,1,0,0,0,0,0,1,0]}",stable
A,83015,27,"{""age_steps"":[0,0,40,0,0,0,40,0,0],""comm"":[1,1,0,1,1,1,0,1,1],""support"":[0,1,0,0,0,0,0,1,0]}","{""age_steps"":[0,0,40,0,0,0,40,0,0],""comm"":[1,1,0,1,1,1,0,1,1],""support"":[0,1,0,0,0,0,0,1,0]}=>{""age_steps"":[0,0,40,0,0,0,40,0,0],""comm"":[1,1,0,1,1,1,0,1,1],""support"":[0,1,0,0,0,0,0,1,0]}",stable
A,83015,28,"{""age_steps"":[0,0,40,0,0,0,40,0,0],""comm"":[1,1,0,1,1,1,0,1,1],""support"":[0,1,0,0,0,0,0,1,0]}","{""age_steps"":[0,0,40,0,0,0,40,0,0],""comm"":[1,1,0,1,1,1,0,1,1],""support"":[0,1,0,0,0,0,0,1,0]}=>{""age_steps"":[0,0,40,0,0,0,40,0,0],""comm"":[1,1,0,1,1,1,0,1,1],""support"":[0,1,0,0,0,0,0,1,0]}",stable
A,83015,29,"{""age_steps"":[0,0,40,0,0,0,40,0,0],""comm"":[1,1,0,1,1,1,0,1,1],""support"":[0,1,0,0,0,0,0,1,0]}","{""age_steps"":[0,0,40,0,0,0,40,0,0],""comm"":[1,1,0,1,1,1,0,1,1],""support"":[0,1,0,0,0,0,0,1,0]}=>{""age_steps"":[0,0,40,0,0,0,40,0,0],""comm"":[1,1,0,1,1,1,0,1,1],""support"":[0,1,0,0,0,0,0,1,0]}",stable
A,83015,30,"{""age_steps"":[0,0,40,0,0,0,40,0,0],""comm"":[1,1,0,1,1,1,0,1,1],""support"":[0,1,0,0,0,0,0,1,0]}","{""age_steps"":[0,0,40,0,0,0,40,0,0],""comm"":[1,1,0,1,1,1,0,1,1],""support"":[0,1,0,0,0,0,0,1,0]}=>{""age_steps"":[0,0,40,0,0,0,40,0,0],""comm"":[1,1,0,1,1,1,0,1,1],""support"":[0,1,0,0,0,0,0,1,0]}",stable
A,83015,31,"{""age_steps"":[0,0,40,0,0,0,40,0,0],""comm"":[1,1,0,1,1,1,0,1,1],""support"":[0,1,0,0,0,0,0,1,0]}","{""age_steps"":[0,0,40,0,0,0,40,0,0],""comm"":[1,1,0,1,1,1,0,1,1],""support"":[0,1,0,0,0,0,0,1,0]}=>{""age_steps"":[0,0,40,0,0,0,40,0,0],""comm"":[1,1,0,1,1,1,0,1,1],""support"":[0,1,0,0,0,0,0,1,0]}",stable
A,83015,32,"{""age_steps"":[0,0,40,0,0,0,40,0,0],""comm"":[1,1,0,1,1,1,0,1,1],""support"":[0,1,0,0,0,0,0,1,0]}","{""age_steps"":[0,0,40,0,0,0,40,0,0],""comm"":[1,1,0,1,1,1,0,1,1],""support"":[0,1,0,0,0,0,0,1,0]}=>{""age_steps"":[0,0,40,0,0,0,40,0,0],""comm"":[1,1,0,1,1,1,0,1,1],""support"":[0,1,0,0,0,0,0,1,0]}",stable
A,83016,1,"{""age_steps"":[0,0,40,0,0,0,40,0,0],""comm"":[1,1,0,1,1,1,0,1,1],""support"":[0,0,0,0,0,0,0,0,0]}","{""age_steps"":[0,0,40,0,0,0,40,0,0],""comm"":[1,1,0,1,1,1,0,1,1],""support"":[0,0,0,0,0,0,0,0,0]}=>{""age_steps"":[0,0,40,0,0,0,40,0,0],""comm"":[1,1,0,1,1,1,0,1,1],""support"":[0,0,0,0,0,0,0,0,0]}",stable
A,83016,2,"{""age_steps"":[0,0,40,0,0,0,40,0,0],""comm"":[1,1,0,1,1,1,0,1,1],""support"":[0,0,0,0,0,0,0,0,0]}","{""age_steps"":[0,0,40,0,0,0,40,0,0],""comm"":[1,1,0,1,1,1,0,1,1],""support"":[0,0,0,0,0,0,0,0,0]}=>{""age_steps"":[0,0,40,0,0,0,40,0,0],""comm"":[1,1,0,1,1,1,0,1,1],""support"":[0,0,0,0,0,0,0,0,0]}",stable
A,83016,3,"{""age_steps"":[0,0,40,0,0,0,40,0,0],""comm"":[1,1,0,1,1,1,0,1,1],""support"":[0,0,0,0,0,0,0,0,0]}","{""age_steps"":[0,0,40,0,0,0,40,0,0],""comm"":[1,1,0,1,1,1,0,1,1],""support"":[0,0,0,0,0,0,0,0,0]}=>{""age_steps"":[0,0,40,0,0,0,40,0,0],""comm"":[1,1,0,1,1,1,0,1,1],""support"":[0,0,0,0,0,0,0,0,0]}",stable
A,83016,4,"{""age_steps"":[0,0,40,0,0,0,40,0,0],""comm"":[1,1,0,1,1,1,0,1,1],""support"":[0,0,0,0,0,0,0,0,0]}","{""age_steps"":[0,0,40,0,0,0,40,0,0],""comm"":[1,1,0,1,1,1,0,1,1],""support"":[0,0,0,0,0,0,0,0,0]}=>{""age_steps"":[0,0,40,0,0,0,40,0,0],""comm"":[1,1,0,1,1,1,0,1,1],""support"":[0,0,0,0,0,0,0,0,0]}",stable
A,83016,5,"{""age_steps"":[0,0,40,0,0,0,40,0,0],""comm"":[1,1,0,1,1,1,0,1,1],""support"":[0,0,0,0,0,0,0,0,0]}","{""age_steps"":[0,0,40,0,0,0,40,0,0],""comm"":[1,1,0,1,1,1,0,1,1],""support"":[0,0,0,0,0,0,0,0,0]}=>{""age_steps"":[0,0,40,0,0,0,40,0,0],""comm"":[1,1,0,1,1,1,0,1,1],""support"":[0,0,0,0,0,0,0,0,0]}",stable
A,83016,6,"{""age_steps"":[0,0,40,0,0,0,40,0,0],""comm"":[1,1,0,1,1,1,0,1,1],""support"":[0,0,0,0,0,0,0,0,0]}","{""age_steps"":[0,0,40,0,0,0,40,0,0],""comm"":[1,1,0,1,1,1,0,1,1],""support"":[0,0,0,0,0,0,0,0,0]}=>{""age_steps"":[0,0,40,0,0,0,40,0,0],""comm"":[1,1,0,1,1,1,0,1,1],""support"":[0,0,0,0,0,0,0,0,0]}",stable
A,83016,7,"{""age_steps"":[0,0,40,0,0,0,40,0,0],""comm"":[1,1,0,1,1,1,0,1,1],""support"":[0,0,0,0,0,0,0,0,0]}","{""age_steps"":[0,0,40,0,0,0,40,0,0],""comm"":[1,1,0,1,1,1,0,1,1],""support"":[0,0,0,0,0,0,0,0,0]}=>{""age_steps"":[0,0,40,0,0,0,40,0,0],""comm"":[1,1,0,1,1,1,0,1,1],""support"":[0,0,0,0,0,0,0,0,0]}",stable
A,83016,8,"{""age_steps"":[0,0,40,0,0,0,40,0,0],""comm"":[1,1,0,1,1,1,0,1,1],""support"":[0,0,0,0,0,0,0,0,0]}","{""age_steps"":[0,0,40,0,0,0,40,0,0],""comm"":[1,1,0,1,1,1,0,1,1],""support"":[0,0,0,0,0,0,0,0,0]}=>{""age_steps"":[0,0,40,0,0,0,40,0,0],""comm"":[1,1,0,1,1,1,0,1,1],""support"":[0,0,0,0,0,0,0,0,0]}",stable
A,83016,9,"{""age_steps"":[0,0,40,0,0,0,40,0,0],""comm"":[1,1,0,1,1,1,0,1,1],""support"":[0,0,0,0,0,0,0,0,0]}","{""age_steps"":[0,0,40,0,0,0,40,0,0],""comm"":[1,1,0,1,1,1,0,1,1],""support"":[0,0,0,0,0,0,0,0,0]}=>{""age_steps"":[0,0,40,0,0,0,40,0,0],""comm"":[1,1,0,1,1,1,0,1,1],""support"":[0,0,0,0,0,0,0,0,0]}",stable
A,83016,10,"{""age_steps"":[0,0,40,0,0,0,40,0,0],""comm"":[1,1,0,1,1,1,0,1,1],""support"":[0,0,0,0,0,0,0,0,0]}","{""age_steps"":[0,0,40,0,0,0,40,0,0],""comm"":[1,1,0,1,1,1,0,1,1],""support"":[0,0,0,0,0,0,0,0,0]}=>{""age_steps"":[0,0,40,0,0,0,40,0,0],""comm"":[1,1,0,1,1,1,0,1,1],""support"":[0,0,0,0,0,0,0,0,0]}",stable
A,83016,11,"{""age_steps"":[0,0,40,0,0,0,40,0,0],""comm"":[1,1,0,1,1,1,0,1,1],""support"":[0,0,0,0,0,0,0,0,0]}","{""age_steps"":[0,0,40,0,0,0,40,0,0],""comm"":[1,1,0,1,1,1,0,1,1],""support"":[0,0,0,0,0,0,0,0,0]}=>{""age_steps"":[0,0,40,0,0,0,40,0,0],""comm"":[1,1,0,1,1,1,0,1,1],""support"":[0,0,0,0,0,0,0,0,0]}",stable
A,83016,12,"{""age_steps"":[0,1,40,1,0,1,40,1,0],""comm"":[1,0,0,0,1,0,0,0,1],""support"":[0,0,0,0,0,0,0,0,0]}","{""age_steps"":[0,0,40,0,0,0,40,0,0],""comm"":[1,1,0,1,1,1,0,1,1],""support"":[0,0,0,0,0,0,0,0,0]}=>{""age_steps"":[0,1,40,1,0,1,40,1,0],""comm"":[1,0,0,0,1,0,0,0,1],""support"":[0,0,0,0,0,0,0,0,0]}",loss
A,83016,13,"{""age_steps"":[0,2,40,2,0,2,40,2,0],""comm"":[1,0,0,0,1,0,0,0,1],""support"":[0,0,0,0,0,0,0,0,0]}","{""age_steps"":[0,1,40,1,0,1,40,1,0],""comm"":[1,0,0,0,1,0,0,0,1],""support"":[0,0,0,0,0,0,0,0,0]}=>{""age_steps"":[0,2,40,2,0,2,40,2,0],""comm"":[1,0,0,0,1,0,0,0,1],""support"":[0,0,0,0,0,0,0,0,0]}",stable
A,83016,14,"{""age_steps"":[0,3,40,3,0,3,40,3,0],""comm"":[1,0,0,0,1,0,0,0,1],""support"":[0,0,0,0,0,0,0,0,0]}","{""age_steps"":[0,2,40,2,0,2,40,2,0],""comm"":[1,0,0,0,1,0,0,0,1],""support"":[0,0,0,0,0,0,0,0,0]}=>{""age_steps"":[0,3,40,3,0,3,40,3,0],""comm"":[1,0,0,0,1,0,0,0,1],""support"":[0,0,0,0,0,0,0,0,0]}",stable
A,83016,15,"{""age_steps"":[0,4,40,4,0,4,40,4,0],""comm"":[1,0,0,0,1,0,0,0,1],""support"":[0,0,0,0,0,0,0,0,0]}","{""age_steps"":[0,3,40,3,0,3,40,3,0],""comm"":[1,0,0,0,1,0,0,0,1],""support"":[0,0,0,0,0,0,0,0,0]}=>{""age_steps"":[0,4,40,4,0,4,40,4,0],""comm"":[1,0,0,0,1,0,0,0,1],""support"":[0,0,0,0,0,0,0,0,0]}",stable
A,83016,16,"{""age_steps"":[0,5,40,5,0,5,40,5,0],""comm"":[1,0,0,0,1,0,0,0,1],""support"":[0,0,0,0,0,0,0,0,0]}","{""age_steps"":[0,4,40,4,0,4,40,4,0],""comm"":[1,0,0,0,1,0,0,0,1],""support"":[0,0,0,0,0,0,0,0,0]}=>{""age_steps"":[0,5,40,5,0,5,40,5,0],""comm"":[1,0,0,0,1,0,0,0,1],""support"":[0,0,0,0,0,0,0,0,0]}",stable
A,83016,17,"{""age_steps"":[0,6,40,6,0,6,40,6,0],""comm"":[1,0,0,0,1,0,0,0,1],""support"":[0,0,0,0,0,0,0,0,0]}","{""age_steps"":[0,5,40,5,0,5,40,5,0],""comm"":[1,0,0,0,1,0,0,0,1],""support"":[0,0,0,0,0,0,0,0,0]}=>{""age_steps"":[0,6,40,6,0,6,40,6,0],""comm"":[1,0,0,0,1,0,0,0,1],""support"":[0,0,0,0,0,0,0,0,0]}",stable
A,83016,18,"{""age_steps"":[0,7,40,7,0,7,40,7,0],""comm"":[1,0,0,0,1,0,0,0,1],""support"":[0,0,0,0,0,0,0,0,0]}","{""age_steps"":[0,6,40,6,0,6,40,6,0],""comm"":[1,0,0,0,1,0,0,0,1],""support"":[0,0,0,0,0,0,0,0,0]}=>{""age_steps"":[0,7,40,7,0,7,40,7,0],""comm"":[1,0,0,0,1,0,0,0,1],""support"":[0,0,0,0,0,0,0,0,0]}",stable
A,83016,19,"{""age_steps"":[0,8,40,8,0,8,40,8,0],""comm"":[1,0,0,0,1,0,0,0,1],""support"":[0,0,0,0,0,0,0,0,0]}","{""age_steps"":[0,7,40,7,0,7,40,7,0],""comm"":[1,0,0,0,1,0,0,0,1],""support"":[0,0,0,0,0,0,0,0,0]}=>{""age_steps"":[0,8,40,8,0,8,40,8,0],""comm"":[1,0,0,0,1,0,0,0,1],""support"":[0,0,0,0,0,0,0,0,0]}",stable
A,83016,20,"{""age_steps"":[0,0,40,0,0,0,40,0,0],""comm"":[1,1,0,1,1,1,0,1,1],""support"":[0,1,0,0,0,0,0,1,0]}","{""age_steps"":[0,8,40,8,0,8,40,8,0],""comm"":[1,0,0,0,1,0,0,0,1],""support"":[0,0,0,0,0,0,0,0,0]}=>{""age_steps"":[0,0,40,0,0,0,40,0,0],""comm"":[1,1,0,1,1,1,0,1,1],""support"":[0,1,0,0,0,0,0,1,0]}",recovery
A,83016,21,"{""age_steps"":[0,0,40,0,0,0,40,0,0],""comm"":[1,1,0,1,1,1,0,1,1],""support"":[0,1,0,0,0,0,0,1,0]}","{""age_steps"":[0,0,40,0,0,0,40,0,0],""comm"":[1,1,0,1,1,1,0,1,1],""support"":[0,1,0,0,0,0,0,1,0]}=>{""age_steps"":[0,0,40,0,0,0,40,0,0],""comm"":[1,1,0,1,1,1,0,1,1],""support"":[0,1,0,0,0,0,0,1,0]}",stable
A,83016,22,"{""age_steps"":[0,0,40,0,0,0,40,0,0],""comm"":[1,1,0,1,1,1,0,1,1],""support"":[0,1,0,0,0,0,0,1,0]}","{""age_steps"":[0,0,40,0,0,0,40,0,0],""comm"":[1,1,0,1,1,1,0,1,1],""support"":[0,1,0,0,0,0,0,1,0]}=>{""age_steps"":[0,0,40,0,0,0,40,0,0],""comm"":[1,1,0,1,1,1,0,1,1],""support"":[0,1,0,0,0,0,0,1,0]}",stable
A,83016,23,"{""age_steps"":[0,0,40,0,0,0,40,0,0],""comm"":[1,1,0,1,1,1,0,1,1],""support"":[0,1,0,0,0,0,0,1,0]}","{""age_steps"":[0,0,40,0,0,0,40,0,0],""comm"":[1,1,0,1,1,1,0,1,1],""support"":[0,1,0,0,0,0,0,1,0]}=>{""age_steps"":[0,0,40,0,0,0,40,0,0],""comm"":[1,1,0,1,1,1,0,1,1],""support"":[0,1,0,0,0,0,0,1,0]}",stable
A,83016,24,"{""age_steps"":[0,0,40,0,0,0,40,0,0],""comm"":[1,1,0,1,1,1,0,1,1],""support"":[0,1,0,0,0,0,0,1,0]}","{""age_steps"":[0,0,40,0,0,0,40,0,0],""comm"":[1,1,0,1,1,1,0,1,1],""support"":[0,1,0,0,0,0,0,1,0]}=>{""age_steps"":[0,0,40,0,0,0,40,0,0],""comm"":[1,1,0,1,1,1,0,1,1],""support"":[0,1,0,0,0,0,0,1,0]}",stable
A,83016,25,"{""age_steps"":[0,0,40,0,0,0,40,0,0],""comm"":[1,1,0,1,1,1,0,1,1],""support"":[0,1,0,0,0,0,0,1,0]}","{""age_steps"":[0,0,40,0,0,0,40,0,0],""comm"":[1,1,0,1,1,1,0,1,1],""support"":[0,1,0,0,0,0,0,1,0]}=>{""age_steps"":[0,0,40,0,0,0,40,0,0],""comm"":[1,1,0,1,1,1,0,1,1],""support"":[0,1,0,0,0,0,0,1,0]}",stable
A,83016,26,"{""age_steps"":[0,0,40,0,0,0,40,0,0],""comm"":[1,1,0,1,1,1,0,1,1],""support"":[0,1,0,0,0,0,0,1,0]}","{""age_steps"":[0,0,40,0,0,0,40,0,0],""comm"":[1,1,0,1,1,1,0,1,1],""support"":[0,1,0,0,0,0,0,1,0]}=>{""age_steps"":[0,0,40,0,0,0,40,0,0],""comm"":[1,1,0,1,1,1,0,1,1],""support"":[0,1,0,0,0,0,0,1,0]}",stable
A,83016,27,"{""age_steps"":[0,0,40,0,0,0,40,0,0],""comm"":[1,1,0,1,1,1,0,1,1],""support"":[0,1,0,0,0,0,0,1,0]}","{""age_steps"":[0,0,40,0,0,0,40,0,0],""comm"":[1,1,0,1,1,1,0,1,1],""support"":[0,1,0,0,0,0,0,1,0]}=>{""age_steps"":[0,0,40,0,0,0,40,0,0],""comm"":[1,1,0,1,1,1,0,1,1],""support"":[0,1,0,0,0,0,0,1,0]}",stable
A,83016,28,"{""age_steps"":[0,0,40,0,0,0,40,0,0],""comm"":[1,1,0,1,1,1,0,1,1],""support"":[0,1,0,0,0,0,0,1,0]}","{""age_steps"":[0,0,40,0,0,0,40,0,0],""comm"":[1,1,0,1,1,1,0,1,1],""support"":[0,1,0,0,0,0,0,1,0]}=>{""age_steps"":[0,0,40,0,0,0,40,0,0],""comm"":[1,1,0,1,1,1,0,1,1],""support"":[0,1,0,0,0,0,0,1,0]}",stable
A,83016,29,"{""age_steps"":[0,0,40,0,0,0,40,0,0],""comm"":[1,1,0,1,1,1,0,1,1],""support"":[0,1,0,0,0,0,0,1,0]}","{""age_steps"":[0,0,40,0,0,0,40,0,0],""comm"":[1,1,0,1,1,1,0,1,1],""support"":[0,1,0,0,0,0,0,1,0]}=>{""age_steps"":[0,0,40,0,0,0,40,0,0],""comm"":[1,1,0,1,1,1,0,1,1],""support"":[0,1,0,0,0,0,0,1,0]}",stable
A,83016,30,"{""age_steps"":[0,0,40,0,0,0,40,0,0],""comm"":[1,1,0,1,1,1,0,1,1],""support"":[0,1,0,0,0,0,0,1,0]}","{""age_steps"":[0,0,40,0,0,0,40,0,0],""comm"":[1,1,0,1,1,1,0,1,1],""support"":[0,1,0,0,0,0,0,1,0]}=>{""age_steps"":[0,0,40,0,0,0,40,0,0],""comm"":[1,1,0,1,1,1,0,1,1],""support"":[0,1,0,0,0,0,0,1,0]}",stable
A,83016,31,"{""age_steps"":[0,0,40,0,0,0,40,0,0],""comm"":[1,1,0,1,1,1,0,1,1],""support"":[0,1,0,0,0,0,0,1,0]}","{""age_steps"":[0,0,40,0,0,0,40,0,0],""comm"":[1,1,0,1,1,1,0,1,1],""support"":[0,1,0,0,0,0,0,1,0]}=>{""age_steps"":[0,0,40,0,0,0,40,0,0],""comm"":[1,1,0,1,1,1,0,1,1],""support"":[0,1,0,0,0,0,0,1,0]}",stable
A,83016,32,"{""age_steps"":[0,0,40,0,0,0,40,0,0],""comm"":[1,1,0,1,1,1,0,1,1],""support"":[0,1,0,0,0,0,0,1,0]}","{""age_steps"":[0,0,40,0,0,0,40,0,0],""comm"":[1,1,0,1,1,1,0,1,1],""support"":[0,1,0,0,0,0,0,1,0]}=>{""age_steps"":[0,0,40,0,0,0,40,0,0],""comm"":[1,1,0,1,1,1,0,1,1],""support"":[0,1,0,0,0,0,0,1,0]}",stable
A,83017,1,"{""age_steps"":[0,0,40,0,0,0,40,0,0],""comm"":[1,1,0,1,1,1,0,1,1],""support"":[0,0,0,0,0,0,0,0,0]}","{""age_steps"":[0,0,40,0,0,0,40,0,0],""comm"":[1,1,0,1,1,1,0,1,1],""support"":[0,0,0,0,0,0,0,0,0]}=>{""age_steps"":[0,0,40,0,0,0,40,0,0],""comm"":[1,1,0,1,1,1,0,1,1],""support"":[0,0,0,0,0,0,0,0,0]}",stable
A,83017,2,"{""age_steps"":[0,0,40,0,0,0,40,0,0],""comm"":[1,1,0,1,1,1,0,1,1],""support"":[0,0,0,0,0,0,0,0,0]}","{""age_steps"":[0,0,40,0,0,0,40,0,0],""comm"":[1,1,0,1,1,1,0,1,1],""support"":[0,0,0,0,0,0,0,0,0]}=>{""age_steps"":[0,0,40,0,0,0,40,0,0],""comm"":[1,1,0,1,1,1,0,1,1],""support"":[0,0,0,0,0,0,0,0,0]}",stable
A,83017,3,"{""age_steps"":[0,0,40,0,0,0,40,0,0],""comm"":[1,1,0,1,1,1,0,1,1],""support"":[0,0,0,0,0,0,0,0,0]}","{""age_steps"":[0,0,40,0,0,0,40,0,0],""comm"":[1,1,0,1,1,1,0,1,1],""support"":[0,0,0,0,0,0,0,0,0]}=>{""age_steps"":[0,0,40,0,0,0,40,0,0],""comm"":[1,1,0,1,1,1,0,1,1],""support"":[0,0,0,0,0,0,0,0,0]}",stable
A,83017,4,"{""age_steps"":[0,0,40,0,0,0,40,0,0],""comm"":[1,1,0,1,1,1,0,1,1],""support"":[0,0,0,0,0,0,0,0,0]}","{""age_steps"":[0,0,40,0,0,0,40,0,0],""comm"":[1,1,0,1,1,1,0,1,1],""support"":[0,0,0,0,0,0,0,0,0]}=>{""age_steps"":[0,0,40,0,0,0,40,0,0],""comm"":[1,1,0,1,1,1,0,1,1],""support"":[0,0,0,0,0,0,0,0,0]}",stable
A,83017,5,"{""age_steps"":[0,0,40,0,0,0,40,0,0],""comm"":[1,1,0,1,1,1,0,1,1],""support"":[0,0,0,0,0,0,0,0,0]}","{""age_steps"":[0,0,40,0,0,0,40,0,0],""comm"":[1,1,0,1,1,1,0,1,1],""support"":[0,0,0,0,0,0,0,0,0]}=>{""age_steps"":[0,0,40,0,0,0,40,0,0],""comm"":[1,1,0,1,1,1,0,1,1],""support"":[0,0,0,0,0,0,0,0,0]}",stable
A,83017,6,"{""age_steps"":[0,0,40,0,0,0,40,0,0],""comm"":[1,1,0,1,1,1,0,1,1],""support"":[0,0,0,0,0,0,0,0,0]}","{""age_steps"":[0,0,40,0,0,0,40,0,0],""comm"":[1,1,0,1,1,1,0,1,1],""support"":[0,0,0,0,0,0,0,0,0]}=>{""age_steps"":[0,0,40,0,0,0,40,0,0],""comm"":[1,1,0,1,1,1,0,1,1],""support"":[0,0,0,0,0,0,0,0,0]}",stable
A,83017,7,"{""age_steps"":[0,0,40,0,0,0,40,0,0],""comm"":[1,1,0,1,1,1,0,1,1],""support"":[0,0,0,0,0,0,0,0,0]}","{""age_steps"":[0,0,40,0,0,0,40,0,0],""comm"":[1,1,0,1,1,1,0,1,1],""support"":[0,0,0,0,0,0,0,0,0]}=>{""age_steps"":[0,0,40,0,0,0,40,0,0],""comm"":[1,1,0,1,1,1,0,1,1],""support"":[0,0,0,0,0,0,0,0,0]}",stable
A,83017,8,"{""age_steps"":[0,0,40,0,0,0,40,0,0],""comm"":[1,1,0,1,1,1,0,1,1],""support"":[0,0,0,0,0,0,0,0,0]}","{""age_steps"":[0,0,40,0,0,0,40,0,0],""comm"":[1,1,0,1,1,1,0,1,1],""support"":[0,0,0,0,0,0,0,0,0]}=>{""age_steps"":[0,0,40,0,0,0,40,0,0],""comm"":[1,1,0,1,1,1,0,1,1],""support"":[0,0,0,0,0,0,0,0,0]}",stable
A,83017,9,"{""age_steps"":[0,0,40,0,0,0,40,0,0],""comm"":[1,1,0,1,1,1,0,1,1],""support"":[0,0,0,0,0,0,0,0,0]}","{""age_steps"":[0,0,40,0,0,0,40,0,0],""comm"":[1,1,0,1,1,1,0,1,1],""support"":[0,0,0,0,0,0,0,0,0]}=>{""age_steps"":[0,0,40,0,0,0,40,0,0],""comm"":[1,1,0,1,1,1,0,1,1],""support"":[0,0,0,0,0,0,0,0,0]}",stable
A,83017,10,"{""age_steps"":[0,0,40,0,0,0,40,0,0],""comm"":[1,1,0,1,1,1,0,1,1],""support"":[0,0,0,0,0,0,0,0,0]}","{""age_steps"":[0,0,40,0,0,0,40,0,0],""comm"":[1,1,0,1,1,1,0,1,1],""support"":[0,0,0,0,0,0,0,0,0]}=>{""age_steps"":[0,0,40,0,0,0,40,0,0],""comm"":[1,1,0,1,1,1,0,1,1],""support"":[0,0,0,0,0,0,0,0,0]}",stable
A,83017,11,"{""age_steps"":[0,0,40,0,0,0,40,0,0],""comm"":[1,1,0,1,1,1,0,1,1],""support"":[0,0,0,0,0,0,0,0,0]}","{""age_steps"":[0,0,40,0,0,0,40,0,0],""comm"":[1,1,0,1,1,1,0,1,1],""support"":[0,0,0,0,0,0,0,0,0]}=>{""age_steps"":[0,0,40,0,0,0,40,0,0],""comm"":[1,1,0,1,1,1,0,1,1],""support"":[0,0,0,0,0,0,0,0,0]}",stable
A,83017,12,"{""age_steps"":[0,1,40,1,0,1,40,1,0],""comm"":[1,0,0,0,1,0,0,0,1],""support"":[0,0,0,0,0,0,0,0,0]}","{""age_steps"":[0,0,40,0,0,0,40,0,0],""comm"":[1,1,0,1,1,1,0,1,1],""support"":[0,0,0,0,0,0,0,0,0]}=>{""age_steps"":[0,1,40,1,0,1,40,1,0],""comm"":[1,0,0,0,1,0,0,0,1],""support"":[0,0,0,0,0,0,0,0,0]}",loss
A,83017,13,"{""age_steps"":[0,2,40,2,0,2,40,2,0],""comm"":[1,0,0,0,1,0,0,0,1],""support"":[0,0,0,0,0,0,0,0,0]}","{""age_steps"":[0,1,40,1,0,1,40,1,0],""comm"":[1,0,0,0,1,0,0,0,1],""support"":[0,0,0,0,0,0,0,0,0]}=>{""age_steps"":[0,2,40,2,0,2,40,2,0],""comm"":[1,0,0,0,1,0,0,0,1],""support"":[0,0,0,0,0,0,0,0,0]}",stable
A,83017,14,"{""age_steps"":[0,3,40,3,0,3,40,3,0],""comm"":[1,0,0,0,1,0,0,0,1],""support"":[0,0,0,0,0,0,0,0,0]}","{""age_steps"":[0,2,40,2,0,2,40,2,0],""comm"":[1,0,0,0,1,0,0,0,1],""support"":[0,0,0,0,0,0,0,0,0]}=>{""age_steps"":[0,3,40,3,0,3,40,3,0],""comm"":[1,0,0,0,1,0,0,0,1],""support"":[0,0,0,0,0,0,0,0,0]}",stable
A,83017,15,"{""age_steps"":[0,4,40,4,0,4,40,4,0],""comm"":[1,0,0,0,1,0,0,0,1],""support"":[0,0,0,0,0,0,0,0,0]}","{""age_steps"":[0,3,40,3,0,3,40,3,0],""comm"":[1,0,0,0,1,0,0,0,1],""support"":[0,0,0,0,0,0,0,0,0]}=>{""age_steps"":[0,4,40,4,0,4,40,4,0],""comm"":[1,0,0,0,1,0,0,0,1],""support"":[0,0,0,0,0,0,0,0,0]}",stable
A,83017,16,"{""age_steps"":[0,5,40,5,0,5,40,5,0],""comm"":[1,0,0,0,1,0,0,0,1],""support"":[0,0,0,0,0,0,0,0,0]}","{""age_steps"":[0,4,40,4,0,4,40,4,0],""comm"":[1,0,0,0,1,0,0,0,1],""support"":[0,0,0,0,0,0,0,0,0]}=>{""age_steps"":[0,5,40,5,0,5,40,5,0],""comm"":[1,0,0,0,1,0,0,0,1],""support"":[0,0,0,0,0,0,0,0,0]}",stable
A,83017,17,"{""age_steps"":[0,6,40,6,0,6,40,6,0],""comm"":[1,0,0,0,1,0,0,0,1],""support"":[0,0,0,0,0,0,0,0,0]}","{""age_steps"":[0,5,40,5,0,5,40,5,0],""comm"":[1,0,0,0,1,0,0,0,1],""support"":[0,0,0,0,0,0,0,0,0]}=>{""age_steps"":[0,6,40,6,0,6,40,6,0],""comm"":[1,0,0,0,1,0,0,0,1],""support"":[0,0,0,0,0,0,0,0,0]}",stable
A,83017,18,"{""age_steps"":[0,7,40,7,0,7,40,7,0],""comm"":[1,0,0,0,1,0,0,0,1],""support"":[0,0,0,0,0,0,0,0,0]}","{""age_steps"":[0,6,40,6,0,6,40,6,0],""comm"":[1,0,0,0,1,0,0,0,1],""support"":[0,0,0,0,0,0,0,0,0]}=>{""age_steps"":[0,7,40,7,0,7,40,7,0],""comm"":[1,0,0,0,1,0,0,0,1],""support"":[0,0,0,0,0,0,0,0,0]}",stable
A,83017,19,"{""age_steps"":[0,8,40,8,0,8,40,8,0],""comm"":[1,0,0,0,1,0,0,0,1],""support"":[0,0,0,0,0,0,0,0,0]}","{""age_steps"":[0,7,40,7,0,7,40,7,0],""comm"":[1,0,0,0,1,0,0,0,1],""support"":[0,0,0,0,0,0,0,0,0]}=>{""age_steps"":[0,8,40,8,0,8,40,8,0],""comm"":[1,0,0,0,1,0,0,0,1],""support"":[0,0,0,0,0,0,0,0,0]}",stable
A,83017,20,"{""age_steps"":[0,0,40,0,0,0,40,0,0],""comm"":[1,1,0,1,1,1,0,1,1],""support"":[0,1,0,0,0,0,0,1,0]}","{""age_steps"":[0,8,40,8,0,8,40,8,0],""comm"":[1,0,0,0,1,0,0,0,1],""support"":[0,0,0,0,0,0,0,0,0]}=>{""age_steps"":[0,0,40,0,0,0,40,0,0],""comm"":[1,1,0,1,1,1,0,1,1],""support"":[0,1,0,0,0,0,0,1,0]}",recovery
A,83017,21,"{""age_steps"":[0,0,40,0,0,0,40,0,0],""comm"":[1,1,0,1,1,1,0,1,1],""support"":[0,1,0,0,0,0,0,1,0]}","{""age_steps"":[0,0,40,0,0,0,40,0,0],""comm"":[1,1,0,1,1,1,0,1,1],""support"":[0,1,0,0,0,0,0,1,0]}=>{""age_steps"":[0,0,40,0,0,0,40,0,0],""comm"":[1,1,0,1,1,1,0,1,1],""support"":[0,1,0,0,0,0,0,1,0]}",stable
A,83017,22,"{""age_steps"":[0,0,40,0,0,0,40,0,0],""comm"":[1,1,0,1,1,1,0,1,1],""support"":[0,1,0,0,0,0,0,1,0]}","{""age_steps"":[0,0,40,0,0,0,40,0,0],""comm"":[1,1,0,1,1,1,0,1,1],""support"":[0,1,0,0,0,0,0,1,0]}=>{""age_steps"":[0,0,40,0,0,0,40,0,0],""comm"":[1,1,0,1,1,1,0,1,1],""support"":[0,1,0,0,0,0,0,1,0]}",stable
A,83017,23,"{""age_steps"":[0,0,40,0,0,0,40,0,0],""comm"":[1,1,0,1,1,1,0,1,1],""support"":[0,1,0,0,0,0,0,1,0]}","{""age_steps"":[0,0,40,0,0,0,40,0,0],""comm"":[1,1,0,1,1,1,0,1,1],""support"":[0,1,0,0,0,0,0,1,0]}=>{""age_steps"":[0,0,40,0,0,0,40,0,0],""comm"":[1,1,0,1,1,1,0,1,1],""support"":[0,1,0,0,0,0,0,1,0]}",stable
A,83017,24,"{""age_steps"":[0,0,40,0,0,0,40,0,0],""comm"":[1,1,0,1,1,1,0,1,1],""support"":[0,1,0,0,0,0,0,1,0]}","{""age_steps"":[0,0,40,0,0,0,40,0,0],""comm"":[1,1,0,1,1,1,0,1,1],""support"":[0,1,0,0,0,0,0,1,0]}=>{""age_steps"":[0,0,40,0,0,0,40,0,0],""comm"":[1,1,0,1,1,1,0,1,1],""support"":[0,1,0,0,0,0,0,1,0]}",stable
A,83017,25,"{""age_steps"":[0,0,40,0,0,0,40,0,0],""comm"":[1,1,0,1,1,1,0,1,1],""support"":[0,1,0,0,0,0,0,1,0]}","{""age_steps"":[0,0,40,0,0,0,40,0,0],""comm"":[1,1,0,1,1,1,0,1,1],""support"":[0,1,0,0,0,0,0,1,0]}=>{""age_steps"":[0,0,40,0,0,0,40,0,0],""comm"":[1,1,0,1,1,1,0,1,1],""support"":[0,1,0,0,0,0,0,1,0]}",stable
A,83017,26,"{""age_steps"":[0,0,40,0,0,0,40,0,0],""comm"":[1,1,0,1,1,1,0,1,1],""support"":[0,1,0,0,0,0,0,1,0]}","{""age_steps"":[0,0,40,0,0,0,40,0,0],""comm"":[1,1,0,1,1,1,0,1,1],""support"":[0,1,0,0,0,0,0,1,0]}=>{""age_steps"":[0,0,40,0,0,0,40,0,0],""comm"":[1,1,0,1,1,1,0,1,1],""support"":[0,1,0,0,0,0,0,1,0]}",stable
A,83017,27,"{""age_steps"":[0,0,40,0,0,0,40,0,0],""comm"":[1,1,0,1,1,1,0,1,1],""support"":[0,1,0,0,0,0,0,1,0]}","{""age_steps"":[0,0,40,0,0,0,40,0,0],""comm"":[1,1,0,1,1,1,0,1,1],""support"":[0,1,0,0,0,0,0,1,0]}=>{""age_steps"":[0,0,40,0,0,0,40,0,0],""comm"":[1,1,0,1,1,1,0,1,1],""support"":[0,1,0,0,0,0,0,1,0]}",stable
A,83017,28,"{""age_steps"":[0,0,40,0,0,0,40,0,0],""comm"":[1,1,0,1,1,1,0,1,1],""support"":[0,1,0,0,0,0,0,1,0]}","{""age_steps"":[0,0,40,0,0,0,40,0,0],""comm"":[1,1,0,1,1,1,0,1,1],""support"":[0,1,0,0,0,0,0,1,0]}=>{""age_steps"":[0,0,40,0,0,0,40,0,0],""comm"":[1,1,0,1,1,1,0,1,1],""support"":[0,1,0,0,0,0,0,1,0]}",stable
A,83017,29,"{""age_steps"":[0,0,40,0,0,0,40,0,0],""comm"":[1,1,0,1,1,1,0,1,1],""support"":[0,1,0,0,0,0,0,1,0]}","{""age_steps"":[0,0,40,0,0,0,40,0,0],""comm"":[1,1,0,1,1,1,0,1,1],""support"":[0,1,0,0,0,0,0,1,0]}=>{""age_steps"":[0,0,40,0,0,0,40,0,0],""comm"":[1,1,0,1,1,1,0,1,1],""support"":[0,1,0,0,0,0,0,1,0]}",stable
A,83017,30,"{""age_steps"":[0,0,40,0,0,0,40,0,0],""comm"":[1,1,0,1,1,1,0,1,1],""support"":[0,1,0,0,0,0,0,1,0]}","{""age_steps"":[0,0,40,0,0,0,40,0,0],""comm"":[1,1,0,1,1,1,0,1,1],""support"":[0,1,0,0,0,0,0,1,0]}=>{""age_steps"":[0,0,40,0,0,0,40,0,0],""comm"":[1,1,0,1,1,1,0,1,1],""support"":[0,1,0,0,0,0,0,1,0]}",stable
A,83017,31,"{""age_steps"":[0,0,40,0,0,0,40,0,0],""comm"":[1,1,0,1,1,1,0,1,1],""support"":[0,1,0,0,0,0,0,1,0]}","{""age_steps"":[0,0,40,0,0,0,40,0,0],""comm"":[1,1,0,1,1,1,0,1,1],""support"":[0,1,0,0,0,0,0,1,0]}=>{""age_steps"":[0,0,40,0,0,0,40,0,0],""comm"":[1,1,0,1,1,1,0,1,1],""support"":[0,1,0,0,0,0,0,1,0]}",stable
A,83017,32,"{""age_steps"":[0,0,40,0,0,0,40,0,0],""comm"":[1,1,0,1,1,1,0,1,1],""support"":[0,1,0,0,0,0,0,1,0]}","{""age_steps"":[0,0,40,0,0,0,40,0,0],""comm"":[1,1,0,1,1,1,0,1,1],""support"":[0,1,0,0,0,0,0,1,0]}=>{""age_steps"":[0,0,40,0,0,0,40,0,0],""comm"":[1,1,0,1,1,1,0,1,1],""support"":[0,1,0,0,0,0,0,1,0]}",stable
A,83018,1,"{""age_steps"":[0,0,40,0,0,0,40,0,0],""comm"":[1,1,0,1,1,1,0,1,1],""support"":[0,0,0,0,0,0,0,0,0]}","{""age_steps"":[0,0,40,0,0,0,40,0,0],""comm"":[1,1,0,1,1,1,0,1,1],""support"":[0,0,0,0,0,0,0,0,0]}=>{""age_steps"":[0,0,40,0,0,0,40,0,0],""comm"":[1,1,0,1,1,1,0,1,1],""support"":[0,0,0,0,0,0,0,0,0]}",stable
A,83018,2,"{""age_steps"":[0,0,40,0,0,0,40,0,0],""comm"":[1,1,0,1,1,1,0,1,1],""support"":[0,0,0,0,0,0,0,0,0]}","{""age_steps"":[0,0,40,0,0,0,40,0,0],""comm"":[1,1,0,1,1,1,0,1,1],""support"":[0,0,0,0,0,0,0,0,0]}=>{""age_steps"":[0,0,40,0,0,0,40,0,0],""comm"":[1,1,0,1,1,1,0,1,1],""support"":[0,0,0,0,0,0,0,0,0]}",stable
A,83018,3,"{""age_steps"":[0,0,40,0,0,0,40,0,0],""comm"":[1,1,0,1,1,1,0,1,1],""support"":[0,0,0,0,0,0,0,0,0]}","{""age_steps"":[0,0,40,0,0,0,40,0,0],""comm"":[1,1,0,1,1,1,0,1,1],""support"":[0,0,0,0,0,0,0,0,0]}=>{""age_steps"":[0,0,40,0,0,0,40,0,0],""comm"":[1,1,0,1,1,1,0,1,1],""support"":[0,0,0,0,0,0,0,0,0]}",stable
A,83018,4,"{""age_steps"":[0,0,40,0,0,0,40,0,0],""comm"":[1,1,0,1,1,1,0,1,1],""support"":[0,0,0,0,0,0,0,0,0]}","{""age_steps"":[0,0,40,0,0,0,40,0,0],""comm"":[1,1,0,1,1,1,0,1,1],""support"":[0,0,0,0,0,0,0,0,0]}=>{""age_steps"":[0,0,40,0,0,0,40,0,0],""comm"":[1,1,0,1,1,1,0,1,1],""support"":[0,0,0,0,0,0,0,0,0]}",stable
A,83018,5,"{""age_steps"":[0,0,40,0,0,0,40,0,0],""comm"":[1,1,0,1,1,1,0,1,1],""support"":[0,0,0,0,0,0,0,0,0]}","{""age_steps"":[0,0,40,0,0,0,40,0,0],""comm"":[1,1,0,1,1,1,0,1,1],""support"":[0,0,0,0,0,0,0,0,0]}=>{""age_steps"":[0,0,40,0,0,0,40,0,0],""comm"":[1,1,0,1,1,1,0,1,1],""support"":[0,0,0,0,0,0,0,0,0]}",stable
A,83018,6,"{""age_steps"":[0,0,40,0,0,0,40,0,0],""comm"":[1,1,0,1,1,1,0,1,1],""support"":[0,0,0,0,0,0,0,0,0]}","{""age_steps"":[0,0,40,0,0,0,40,0,0],""comm"":[1,1,0,1,1,1,0,1,1],""support"":[0,0,0,0,0,0,0,0,0]}=>{""age_steps"":[0,0,40,0,0,0,40,0,0],""comm"":[1,1,0,1,1,1,0,1,1],""support"":[0,0,0,0,0,0,0,0,0]}",stable
A,83018,7,"{""age_steps"":[0,0,40,0,0,0,40,0,0],""comm"":[1,1,0,1,1,1,0,1,1],""support"":[0,0,0,0,0,0,0,0,0]}","{""age_steps"":[0,0,40,0,0,0,40,0,0],""comm"":[1,1,0,1,1,1,0,1,1],""support"":[0,0,0,0,0,0,0,0,0]}=>{""age_steps"":[0,0,40,0,0,0,40,0,0],""comm"":[1,1,0,1,1,1,0,1,1],""support"":[0,0,0,0,0,0,0,0,0]}",stable
A,83018,8,"{""age_steps"":[0,0,40,0,0,0,40,0,0],""comm"":[1,1,0,1,1,1,0,1,1],""support"":[0,0,0,0,0,0,0,0,0]}","{""age_steps"":[0,0,40,0,0,0,40,0,0],""comm"":[1,1,0,1,1,1,0,1,1],""support"":[0,0,0,0,0,0,0,0,0]}=>{""age_steps"":[0,0,40,0,0,0,40,0,0],""comm"":[1,1,0,1,1,1,0,1,1],""support"":[0,0,0,0,0,0,0,0,0]}",stable
A,83018,9,"{""age_steps"":[0,0,40,0,0,0,40,0,0],""comm"":[1,1,0,1,1,1,0,1,1],""support"":[0,0,0,0,0,0,0,0,0]}","{""age_steps"":[0,0,40,0,0,0,40,0,0],""comm"":[1,1,0,1,1,1,0,1,1],""support"":[0,0,0,0,0,0,0,0,0]}=>{""age_steps"":[0,0,40,0,0,0,40,0,0],""comm"":[1,1,0,1,1,1,0,1,1],""support"":[0,0,0,0,0,0,0,0,0]}",stable
A,83018,10,"{""age_steps"":[0,0,40,0,0,0,40,0,0],""comm"":[1,1,0,1,1,1,0,1,1],""support"":[0,0,0,0,0,0,0,0,0]}","{""age_steps"":[0,0,40,0,0,0,40,0,0],""comm"":[1,1,0,1,1,1,0,1,1],""support"":[0,0,0,0,0,0,0,0,0]}=>{""age_steps"":[0,0,40,0,0,0,40,0,0],""comm"":[1,1,0,1,1,1,0,1,1],""support"":[0,0,0,0,0,0,0,0,0]}",stable
A,83018,11,"{""age_steps"":[0,0,40,0,0,0,40,0,0],""comm"":[1,1,0,1,1,1,0,1,1],""support"":[0,0,0,0,0,0,0,0,0]}","{""age_steps"":[0,0,40,0,0,0,40,0,0],""comm"":[1,1,0,1,1,1,0,1,1],""support"":[0,0,0,0,0,0,0,0,0]}=>{""age_steps"":[0,0,40,0,0,0,40,0,0],""comm"":[1,1,0,1,1,1,0,1,1],""support"":[0,0,0,0,0,0,0,0,0]}",stable
A,83018,12,"{""age_steps"":[0,1,40,1,0,1,40,1,0],""comm"":[1,0,0,0,1,0,0,0,1],""support"":[0,0,0,0,0,0,0,0,0]}","{""age_steps"":[0,0,40,0,0,0,40,0,0],""comm"":[1,1,0,1,1,1,0,1,1],""support"":[0,0,0,0,0,0,0,0,0]}=>{""age_steps"":[0,1,40,1,0,1,40,1,0],""comm"":[1,0,0,0,1,0,0,0,1],""support"":[0,0,0,0,0,0,0,0,0]}",loss
A,83018,13,"{""age_steps"":[0,2,40,2,0,2,40,2,0],""comm"":[1,0,0,0,1,0,0,0,1],""support"":[0,0,0,0,0,0,0,0,0]}","{""age_steps"":[0,1,40,1,0,1,40,1,0],""comm"":[1,0,0,0,1,0,0,0,1],""support"":[0,0,0,0,0,0,0,0,0]}=>{""age_steps"":[0,2,40,2,0,2,40,2,0],""comm"":[1,0,0,0,1,0,0,0,1],""support"":[0,0,0,0,0,0,0,0,0]}",stable
A,83018,14,"{""age_steps"":[0,3,40,3,0,3,40,3,0],""comm"":[1,0,0,0,1,0,0,0,1],""support"":[0,0,0,0,0,0,0,0,0]}","{""age_steps"":[0,2,40,2,0,2,40,2,0],""comm"":[1,0,0,0,1,0,0,0,1],""support"":[0,0,0,0,0,0,0,0,0]}=>{""age_steps"":[0,3,40,3,0,3,40,3,0],""comm"":[1,0,0,0,1,0,0,0,1],""support"":[0,0,0,0,0,0,0,0,0]}",stable
A,83018,15,"{""age_steps"":[0,4,40,4,0,4,40,4,0],""comm"":[1,0,0,0,1,0,0,0,1],""support"":[0,0,0,0,0,0,0,0,0]}","{""age_steps"":[0,3,40,3,0,3,40,3,0],""comm"":[1,0,0,0,1,0,0,0,1],""support"":[0,0,0,0,0,0,0,0,0]}=>{""age_steps"":[0,4,40,4,0,4,40,4,0],""comm"":[1,0,0,0,1,0,0,0,1],""support"":[0,0,0,0,0,0,0,0,0]}",stable
A,83018,16,"{""age_steps"":[0,5,40,5,0,5,40,5,0],""comm"":[1,0,0,0,1,0,0,0,1],""support"":[0,0,0,0,0,0,0,0,0]}","{""age_steps"":[0,4,40,4,0,4,40,4,0],""comm"":[1,0,0,0,1,0,0,0,1],""support"":[0,0,0,0,0,0,0,0,0]}=>{""age_steps"":[0,5,40,5,0,5,40,5,0],""comm"":[1,0,0,0,1,0,0,0,1],""support"":[0,0,0,0,0,0,0,0,0]}",stable
A,83018,17,"{""age_steps"":[0,6,40,6,0,6,40,6,0],""comm"":[1,0,0,0,1,0,0,0,1],""support"":[0,0,0,0,0,0,0,0,0]}","{""age_steps"":[0,5,40,5,0,5,40,5,0],""comm"":[1,0,0,0,1,0,0,0,1],""support"":[0,0,0,0,0,0,0,0,0]}=>{""age_steps"":[0,6,40,6,0,6,40,6,0],""comm"":[1,0,0,0,1,0,0,0,1],""support"":[0,0,0,0,0,0,0,0,0]}",stable
A,83018,18,"{""age_steps"":[0,7,40,7,0,7,40,7,0],""comm"":[1,0,0,0,1,0,0,0,1],""support"":[0,0,0,0,0,0,0,0,0]}","{""age_steps"":[0,6,40,6,0,6,40,6,0],""comm"":[1,0,0,0,1,0,0,0,1],""support"":[0,0,0,0,0,0,0,0,0]}=>{""age_steps"":[0,7,40,7,0,7,40,7,0],""comm"":[1,0,0,0,1,0,0,0,1],""support"":[0,0,0,0,0,0,0,0,0]}",stable
A,83018,19,"{""age_steps"":[0,8,40,8,0,8,40,8,0],""comm"":[1,0,0,0,1,0,0,0,1],""support"":[0,0,0,0,0,0,0,0,0]}","{""age_steps"":[0,7,40,7,0,7,40,7,0],""comm"":[1,0,0,0,1,0,0,0,1],""support"":[0,0,0,0,0,0,0,0,0]}=>{""age_steps"":[0,8,40,8,0,8,40,8,0],""comm"":[1,0,0,0,1,0,0,0,1],""support"":[0,0,0,0,0,0,0,0,0]}",stable
A,83018,20,"{""age_steps"":[0,0,40,0,0,0,40,0,0],""comm"":[1,1,0,1,1,1,0,1,1],""support"":[0,1,0,0,0,0,0,1,0]}","{""age_steps"":[0,8,40,8,0,8,40,8,0],""comm"":[1,0,0,0,1,0,0,0,1],""support"":[0,0,0,0,0,0,0,0,0]}=>{""age_steps"":[0,0,40,0,0,0,40,0,0],""comm"":[1,1,0,1,1,1,0,1,1],""support"":[0,1,0,0,0,0,0,1,0]}",recovery
A,83018,21,"{""age_steps"":[0,0,40,0,0,0,40,0,0],""comm"":[1,1,0,1,1,1,0,1,1],""support"":[0,1,0,0,0,0,0,1,0]}","{""age_steps"":[0,0,40,0,0,0,40,0,0],""comm"":[1,1,0,1,1,1,0,1,1],""support"":[0,1,0,0,0,0,0,1,0]}=>{""age_steps"":[0,0,40,0,0,0,40,0,0],""comm"":[1,1,0,1,1,1,0,1,1],""support"":[0,1,0,0,0,0,0,1,0]}",stable
A,83018,22,"{""age_steps"":[0,0,40,0,0,0,40,0,0],""comm"":[1,1,0,1,1,1,0,1,1],""support"":[0,1,0,0,0,0,0,1,0]}","{""age_steps"":[0,0,40,0,0,0,40,0,0],""comm"":[1,1,0,1,1,1,0,1,1],""support"":[0,1,0,0,0,0,0,1,0]}=>{""age_steps"":[0,0,40,0,0,0,40,0,0],""comm"":[1,1,0,1,1,1,0,1,1],""support"":[0,1,0,0,0,0,0,1,0]}",stable
A,83018,23,"{""age_steps"":[0,0,40,0,0,0,40,0,0],""comm"":[1,1,0,1,1,1,0,1,1],""support"":[0,1,0,0,0,0,0,1,0]}","{""age_steps"":[0,0,40,0,0,0,40,0,0],""comm"":[1,1,0,1,1,1,0,1,1],""support"":[0,1,0,0,0,0,0,1,0]}=>{""age_steps"":[0,0,40,0,0,0,40,0,0],""comm"":[1,1,0,1,1,1,0,1,1],""support"":[0,1,0,0,0,0,0,1,0]}",stable
A,83018,24,"{""age_steps"":[0,0,40,0,0,0,40,0,0],""comm"":[1,1,0,1,1,1,0,1,1],""support"":[0,1,0,0,0,0,0,1,0]}","{""age_steps"":[0,0,40,0,0,0,40,0,0],""comm"":[1,1,0,1,1,1,0,1,1],""support"":[0,1,0,0,0,0,0,1,0]}=>{""age_steps"":[0,0,40,0,0,0,40,0,0],""comm"":[1,1,0,1,1,1,0,1,1],""support"":[0,1,0,0,0,0,0,1,0]}",stable
A,83018,25,"{""age_steps"":[0,0,40,0,0,0,40,0,0],""comm"":[1,1,0,1,1,1,0,1,1],""support"":[0,1,0,0,0,0,0,1,0]}","{""age_steps"":[0,0,40,0,0,0,40,0,0],""comm"":[1,1,0,1,1,1,0,1,1],""support"":[0,1,0,0,0,0,0,1,0]}=>{""age_steps"":[0,0,40,0,0,0,40,0,0],""comm"":[1,1,0,1,1,1,0,1,1],""support"":[0,1,0,0,0,0,0,1,0]}",stable
A,83018,26,"{""age_steps"":[0,0,40,0,0,0,40,0,0],""comm"":[1,1,0,1,1,1,0,1,1],""support"":[0,1,0,0,0,0,0,1,0]}","{""age_steps"":[0,0,40,0,0,0,40,0,0],""comm"":[1,1,0,1,1,1,0,1,1],""support"":[0,1,0,0,0,0,0,1,0]}=>{""age_steps"":[0,0,40,0,0,0,40,0,0],""comm"":[1,1,0,1,1,1,0,1,1],""support"":[0,1,0,0,0,0,0,1,0]}",stable
A,83018,27,"{""age_steps"":[0,0,40,0,0,0,40,0,0],""comm"":[1,1,0,1,1,1,0,1,1],""support"":[0,1,0,0,0,0,0,1,0]}","{""age_steps"":[0,0,40,0,0,0,40,0,0],""comm"":[1,1,0,1,1,1,0,1,1],""support"":[0,1,0,0,0,0,0,1,0]}=>{""age_steps"":[0,0,40,0,0,0,40,0,0],""comm"":[1,1,0,1,1,1,0,1,1],""support"":[0,1,0,0,0,0,0,1,0]}",stable
A,83018,28,"{""age_steps"":[0,0,40,0,0,0,40,0,0],""comm"":[1,1,0,1,1,1,0,1,1],""support"":[0,1,0,0,0,0,0,1,0]}","{""age_steps"":[0,0,40,0,0,0,40,0,0],""comm"":[1,1,0,1,1,1,0,1,1],""support"":[0,1,0,0,0,0,0,1,0]}=>{""age_steps"":[0,0,40,0,0,0,40,0,0],""comm"":[1,1,0,1,1,1,0,1,1],""support"":[0,1,0,0,0,0,0,1,0]}",stable
A,83018,29,"{""age_steps"":[0,0,40,0,0,0,40,0,0],""comm"":[1,1,0,1,1,1,0,1,1],""support"":[0,1,0,0,0,0,0,1,0]}","{""age_steps"":[0,0,40,0,0,0,40,0,0],""comm"":[1,1,0,1,1,1,0,1,1],""support"":[0,1,0,0,0,0,0,1,0]}=>{""age_steps"":[0,0,40,0,0,0,40,0,0],""comm"":[1,1,0,1,1,1,0,1,1],""support"":[0,1,0,0,0,0,0,1,0]}",stable
A,83018,30,"{""age_steps"":[0,0,40,0,0,0,40,0,0],""comm"":[1,1,0,1,1,1,0,1,1],""support"":[0,1,0,0,0,0,0,1,0]}","{""age_steps"":[0,0,40,0,0,0,40,0,0],""comm"":[1,1,0,1,1,1,0,1,1],""support"":[0,1,0,0,0,0,0,1,0]}=>{""age_steps"":[0,0,40,0,0,0,40,0,0],""comm"":[1,1,0,1,1,1,0,1,1],""support"":[0,1,0,0,0,0,0,1,0]}",stable
A,83018,31,"{""age_steps"":[0,0,40,0,0,0,40,0,0],""comm"":[1,1,0,1,1,1,0,1,1],""support"":[0,1,0,0,0,0,0,1,0]}","{""age_steps"":[0,0,40,0,0,0,40,0,0],""comm"":[1,1,0,1,1,1,0,1,1],""support"":[0,1,0,0,0,0,0,1,0]}=>{""age_steps"":[0,0,40,0,0,0,40,0,0],""comm"":[1,1,0,1,1,1,0,1,1],""support"":[0,1,0,0,0,0,0,1,0]}",stable
A,83018,32,"{""age_steps"":[0,0,40,0,0,0,40,0,0],""comm"":[1,1,0,1,1,1,0,1,1],""support"":[0,1,0,0,0,0,0,1,0]}","{""age_steps"":[0,0,40,0,0,0,40,0,0],""comm"":[1,1,0,1,1,1,0,1,1],""support"":[0,1,0,0,0,0,0,1,0]}=>{""age_steps"":[0,0,40,0,0,0,40,0,0],""comm"":[1,1,0,1,1,1,0,1,1],""support"":[0,1,0,0,0,0,0,1,0]}",stable
A,83019,1,"{""age_steps"":[0,0,40,0,0,0,40,0,0],""comm"":[1,1,0,1,1,1,0,1,1],""support"":[0,0,0,0,0,0,0,0,0]}","{""age_steps"":[0,0,40,0,0,0,40,0,0],""comm"":[1,1,0,1,1,1,0,1,1],""support"":[0,0,0,0,0,0,0,0,0]}=>{""age_steps"":[0,0,40,0,0,0,40,0,0],""comm"":[1,1,0,1,1,1,0,1,1],""support"":[0,0,0,0,0,0,0,0,0]}",stable
A,83019,2,"{""age_steps"":[0,0,40,0,0,0,40,0,0],""comm"":[1,1,0,1,1,1,0,1,1],""support"":[0,0,0,0,0,0,0,0,0]}","{""age_steps"":[0,0,40,0,0,0,40,0,0],""comm"":[1,1,0,1,1,1,0,1,1],""support"":[0,0,0,0,0,0,0,0,0]}=>{""age_steps"":[0,0,40,0,0,0,40,0,0],""comm"":[1,1,0,1,1,1,0,1,1],""support"":[0,0,0,0,0,0,0,0,0]}",stable
A,83019,3,"{""age_steps"":[0,0,40,0,0,0,40,0,0],""comm"":[1,1,0,1,1,1,0,1,1],""support"":[0,0,0,0,0,0,0,0,0]}","{""age_steps"":[0,0,40,0,0,0,40,0,0],""comm"":[1,1,0,1,1,1,0,1,1],""support"":[0,0,0,0,0,0,0,0,0]}=>{""age_steps"":[0,0,40,0,0,0,40,0,0],""comm"":[1,1,0,1,1,1,0,1,1],""support"":[0,0,0,0,0,0,0,0,0]}",stable
A,83019,4,"{""age_steps"":[0,0,40,0,0,0,40,0,0],""comm"":[1,1,0,1,1,1,0,1,1],""support"":[0,0,0,0,0,0,0,0,0]}","{""age_steps"":[0,0,40,0,0,0,40,0,0],""comm"":[1,1,0,1,1,1,0,1,1],""support"":[0,0,0,0,0,0,0,0,0]}=>{""age_steps"":[0,0,40,0,0,0,40,0,0],""comm"":[1,1,0,1,1,1,0,1,1],""support"":[0,0,0,0,0,0,0,0,0]}",stable
A,83019,5,"{""age_steps"":[0,0,40,0,0,0,40,0,0],""comm"":[1,1,0,1,1,1,0,1,1],""support"":[0,0,0,0,0,0,0,0,0]}","{""age_steps"":[0,0,40,0,0,0,40,0,0],""comm"":[1,1,0,1,1,1,0,1,1],""support"":[0,0,0,0,0,0,0,0,0]}=>{""age_steps"":[0,0,40,0,0,0,40,0,0],""comm"":[1,1,0,1,1,1,0,1,1],""support"":[0,0,0,0,0,0,0,0,0]}",stable
A,83019,6,"{""age_steps"":[0,0,40,0,0,0,40,0,0],""comm"":[1,1,0,1,1,1,0,1,1],""support"":[0,0,0,0,0,0,0,0,0]}","{""age_steps"":[0,0,40,0,0,0,40,0,0],""comm"":[1,1,0,1,1,1,0,1,1],""support"":[0,0,0,0,0,0,0,0,0]}=>{""age_steps"":[0,0,40,0,0,0,40,0,0],""comm"":[1,1,0,1,1,1,0,1,1],""support"":[0,0,0,0,0,0,0,0,0]}",stable
A,83019,7,"{""age_steps"":[0,0,40,0,0,0,40,0,0],""comm"":[1,1,0,1,1,1,0,1,1],""support"":[0,0,0,0,0,0,0,0,0]}","{""age_steps"":[0,0,40,0,0,0,40,0,0],""comm"":[1,1,0,1,1,1,0,1,1],""support"":[0,0,0,0,0,0,0,0,0]}=>{""age_steps"":[0,0,40,0,0,0,40,0,0],""comm"":[1,1,0,1,1,1,0,1,1],""support"":[0,0,0,0,0,0,0,0,0]}",stable
A,83019,8,"{""age_steps"":[0,0,40,0,0,0,40,0,0],""comm"":[1,1,0,1,1,1,0,1,1],""support"":[0,0,0,0,0,0,0,0,0]}","{""age_steps"":[0,0,40,0,0,0,40,0,0],""comm"":[1,1,0,1,1,1,0,1,1],""support"":[0,0,0,0,0,0,0,0,0]}=>{""age_steps"":[0,0,40,0,0,0,40,0,0],""comm"":[1,1,0,1,1,1,0,1,1],""support"":[0,0,0,0,0,0,0,0,0]}",stable
A,83019,9,"{""age_steps"":[0,0,40,0,0,0,40,0,0],""comm"":[1,1,0,1,1,1,0,1,1],""support"":[0,0,0,0,0,0,0,0,0]}","{""age_steps"":[0,0,40,0,0,0,40,0,0],""comm"":[1,1,0,1,1,1,0,1,1],""support"":[0,0,0,0,0,0,0,0,0]}=>{""age_steps"":[0,0,40,0,0,0,40,0,0],""comm"":[1,1,0,1,1,1,0,1,1],""support"":[0,0,0,0,0,0,0,0,0]}",stable
A,83019,10,"{""age_steps"":[0,0,40,0,0,0,40,0,0],""comm"":[1,1,0,1,1,1,0,1,1],""support"":[0,0,0,0,0,0,0,0,0]}","{""age_steps"":[0,0,40,0,0,0,40,0,0],""comm"":[1,1,0,1,1,1,0,1,1],""support"":[0,0,0,0,0,0,0,0,0]}=>{""age_steps"":[0,0,40,0,0,0,40,0,0],""comm"":[1,1,0,1,1,1,0,1,1],""support"":[0,0,0,0,0,0,0,0,0]}",stable
A,83019,11,"{""age_steps"":[0,0,40,0,0,0,40,0,0],""comm"":[1,1,0,1,1,1,0,1,1],""support"":[0,0,0,0,0,0,0,0,0]}","{""age_steps"":[0,0,40,0,0,0,40,0,0],""comm"":[1,1,0,1,1,1,0,1,1],""support"":[0,0,0,0,0,0,0,0,0]}=>{""age_steps"":[0,0,40,0,0,0,40,0,0],""comm"":[1,1,0,1,1,1,0,1,1],""support"":[0,0,0,0,0,0,0,0,0]}",stable
A,83019,12,"{""age_steps"":[0,1,40,1,0,1,40,1,0],""comm"":[1,0,0,0,1,0,0,0,1],""support"":[0,0,0,0,0,0,0,0,0]}","{""age_steps"":[0,0,40,0,0,0,40,0,0],""comm"":[1,1,0,1,1,1,0,1,1],""support"":[0,0,0,0,0,0,0,0,0]}=>{""age_steps"":[0,1,40,1,0,1,40,1,0],""comm"":[1,0,0,0,1,0,0,0,1],""support"":[0,0,0,0,0,0,0,0,0]}",loss
A,83019,13,"{""age_steps"":[0,2,40,2,0,2,40,2,0],""comm"":[1,0,0,0,1,0,0,0,1],""support"":[0,0,0,0,0,0,0,0,0]}","{""age_steps"":[0,1,40,1,0,1,40,1,0],""comm"":[1,0,0,0,1,0,0,0,1],""support"":[0,0,0,0,0,0,0,0,0]}=>{""age_steps"":[0,2,40,2,0,2,40,2,0],""comm"":[1,0,0,0,1,0,0,0,1],""support"":[0,0,0,0,0,0,0,0,0]}",stable
A,83019,14,"{""age_steps"":[0,3,40,3,0,3,40,3,0],""comm"":[1,0,0,0,1,0,0,0,1],""support"":[0,0,0,0,0,0,0,0,0]}","{""age_steps"":[0,2,40,2,0,2,40,2,0],""comm"":[1,0,0,0,1,0,0,0,1],""support"":[0,0,0,0,0,0,0,0,0]}=>{""age_steps"":[0,3,40,3,0,3,40,3,0],""comm"":[1,0,0,0,1,0,0,0,1],""support"":[0,0,0,0,0,0,0,0,0]}",stable
A,83019,15,"{""age_steps"":[0,4,40,4,0,4,40,4,0],""comm"":[1,0,0,0,1,0,0,0,1],""support"":[0,0,0,0,0,0,0,0,0]}","{""age_steps"":[0,3,40,3,0,3,40,3,0],""comm"":[1,0,0,0,1,0,0,0,1],""support"":[0,0,0,0,0,0,0,0,0]}=>{""age_steps"":[0,4,40,4,0,4,40,4,0],""comm"":[1,0,0,0,1,0,0,0,1],""support"":[0,0,0,0,0,0,0,0,0]}",stable
A,83019,16,"{""age_steps"":[0,5,40,5,0,5,40,5,0],""comm"":[1,0,0,0,1,0,0,0,1],""support"":[0,0,0,0,0,0,0,0,0]}","{""age_steps"":[0,4,40,4,0,4,40,4,0],""comm"":[1,0,0,0,1,0,0,0,1],""support"":[0,0,0,0,0,0,0,0,0]}=>{""age_steps"":[0,5,40,5,0,5,40,5,0],""comm"":[1,0,0,0,1,0,0,0,1],""support"":[0,0,0,0,0,0,0,0,0]}",stable
A,83019,17,"{""age_steps"":[0,6,40,6,0,6,40,6,0],""comm"":[1,0,0,0,1,0,0,0,1],""support"":[0,0,0,0,0,0,0,0,0]}","{""age_steps"":[0,5,40,5,0,5,40,5,0],""comm"":[1,0,0,0,1,0,0,0,1],""support"":[0,0,0,0,0,0,0,0,0]}=>{""age_steps"":[0,6,40,6,0,6,40,6,0],""comm"":[1,0,0,0,1,0,0,0,1],""support"":[0,0,0,0,0,0,0,0,0]}",stable
A,83019,18,"{""age_steps"":[0,7,40,7,0,7,40,7,0],""comm"":[1,0,0,0,1,0,0,0,1],""support"":[0,0,0,0,0,0,0,0,0]}","{""age_steps"":[0,6,40,6,0,6,40,6,0],""comm"":[1,0,0,0,1,0,0,0,1],""support"":[0,0,0,0,0,0,0,0,0]}=>{""age_steps"":[0,7,40,7,0,7,40,7,0],""comm"":[1,0,0,0,1,0,0,0,1],""support"":[0,0,0,0,0,0,0,0,0]}",stable
A,83019,19,"{""age_steps"":[0,8,40,8,0,8,40,8,0],""comm"":[1,0,0,0,1,0,0,0,1],""support"":[0,0,0,0,0,0,0,0,0]}","{""age_steps"":[0,7,40,7,0,7,40,7,0],""comm"":[1,0,0,0,1,0,0,0,1],""support"":[0,0,0,0,0,0,0,0,0]}=>{""age_steps"":[0,8,40,8,0,8,40,8,0],""comm"":[1,0,0,0,1,0,0,0,1],""support"":[0,0,0,0,0,0,0,0,0]}",stable
A,83019,20,"{""age_steps"":[0,0,40,0,0,0,40,0,0],""comm"":[1,1,0,1,1,1,0,1,1],""support"":[0,1,0,0,0,0,0,1,0]}","{""age_steps"":[0,8,40,8,0,8,40,8,0],""comm"":[1,0,0,0,1,0,0,0,1],""support"":[0,0,0,0,0,0,0,0,0]}=>{""age_steps"":[0,0,40,0,0,0,40,0,0],""comm"":[1,1,0,1,1,1,0,1,1],""support"":[0,1,0,0,0,0,0,1,0]}",recovery
A,83019,21,"{""age_steps"":[0,0,40,0,0,0,40,0,0],""comm"":[1,1,0,1,1,1,0,1,1],""support"":[0,1,0,0,0,0,0,1,0]}","{""age_steps"":[0,0,40,0,0,0,40,0,0],""comm"":[1,1,0,1,1,1,0,1,1],""support"":[0,1,0,0,0,0,0,1,0]}=>{""age_steps"":[0,0,40,0,0,0,40,0,0],""comm"":[1,1,0,1,1,1,0,1,1],""support"":[0,1,0,0,0,0,0,1,0]}",stable
A,83019,22,"{""age_steps"":[0,0,40,0,0,0,40,0,0],""comm"":[1,1,0,1,1,1,0,1,1],""support"":[0,1,0,0,0,0,0,1,0]}","{""age_steps"":[0,0,40,0,0,0,40,0,0],""comm"":[1,1,0,1,1,1,0,1,1],""support"":[0,1,0,0,0,0,0,1,0]}=>{""age_steps"":[0,0,40,0,0,0,40,0,0],""comm"":[1,1,0,1,1,1,0,1,1],""support"":[0,1,0,0,0,0,0,1,0]}",stable
A,83019,23,"{""age_steps"":[0,0,40,0,0,0,40,0,0],""comm"":[1,1,0,1,1,1,0,1,1],""support"":[0,1,0,0,0,0,0,1,0]}","{""age_steps"":[0,0,40,0,0,0,40,0,0],""comm"":[1,1,0,1,1,1,0,1,1],""support"":[0,1,0,0,0,0,0,1,0]}=>{""age_steps"":[0,0,40,0,0,0,40,0,0],""comm"":[1,1,0,1,1,1,0,1,1],""support"":[0,1,0,0,0,0,0,1,0]}",stable
A,83019,24,"{""age_steps"":[0,0,40,0,0,0,40,0,0],""comm"":[1,1,0,1,1,1,0,1,1],""support"":[0,1,0,0,0,0,0,1,0]}","{""age_steps"":[0,0,40,0,0,0,40,0,0],""comm"":[1,1,0,1,1,1,0,1,1],""support"":[0,1,0,0,0,0,0,1,0]}=>{""age_steps"":[0,0,40,0,0,0,40,0,0],""comm"":[1,1,0,1,1,1,0,1,1],""support"":[0,1,0,0,0,0,0,1,0]}",stable
A,83019,25,"{""age_steps"":[0,0,40,0,0,0,40,0,0],""comm"":[1,1,0,1,1,1,0,1,1],""support"":[0,1,0,0,0,0,0,1,0]}","{""age_steps"":[0,0,40,0,0,0,40,0,0],""comm"":[1,1,0,1,1,1,0,1,1],""support"":[0,1,0,0,0,0,0,1,0]}=>{""age_steps"":[0,0,40,0,0,0,40,0,0],""comm"":[1,1,0,1,1,1,0,1,1],""support"":[0,1,0,0,0,0,0,1,0]}",stable
A,83019,26,"{""age_steps"":[0,0,40,0,0,0,40,0,0],""comm"":[1,1,0,1,1,1,0,1,1],""support"":[0,1,0,0,0,0,0,1,0]}","{""age_steps"":[0,0,40,0,0,0,40,0,0],""comm"":[1,1,0,1,1,1,0,1,1],""support"":[0,1,0,0,0,0,0,1,0]}=>{""age_steps"":[0,0,40,0,0,0,40,0,0],""comm"":[1,1,0,1,1,1,0,1,1],""support"":[0,1,0,0,0,0,0,1,0]}",stable
A,83019,27,"{""age_steps"":[0,0,40,0,0,0,40,0,0],""comm"":[1,1,0,1,1,1,0,1,1],""support"":[0,1,0,0,0,0,0,1,0]}","{""age_steps"":[0,0,40,0,0,0,40,0,0],""comm"":[1,1,0,1,1,1,0,1,1],""support"":[0,1,0,0,0,0,0,1,0]}=>{""age_steps"":[0,0,40,0,0,0,40,0,0],""comm"":[1,1,0,1,1,1,0,1,1],""support"":[0,1,0,0,0,0,0,1,0]}",stable
A,83019,28,"{""age_steps"":[0,0,40,0,0,0,40,0,0],""comm"":[1,1,0,1,1,1,0,1,1],""support"":[0,1,0,0,0,0,0,1,0]}","{""age_steps"":[0,0,40,0,0,0,40,0,0],""comm"":[1,1,0,1,1,1,0,1,1],""support"":[0,1,0,0,0,0,0,1,0]}=>{""age_steps"":[0,0,40,0,0,0,40,0,0],""comm"":[1,1,0,1,1,1,0,1,1],""support"":[0,1,0,0,0,0,0,1,0]}",stable
A,83019,29,"{""age_steps"":[0,0,40,0,0,0,40,0,0],""comm"":[1,1,0,1,1,1,0,1,1],""support"":[0,1,0,0,0,0,0,1,0]}","{""age_steps"":[0,0,40,0,0,0,40,0,0],""comm"":[1,1,0,1,1,1,0,1,1],""support"":[0,1,0,0,0,0,0,1,0]}=>{""age_steps"":[0,0,40,0,0,0,40,0,0],""comm"":[1,1,0,1,1,1,0,1,1],""support"":[0,1,0,0,0,0,0,1,0]}",stable
A,83019,30,"{""age_steps"":[0,0,40,0,0,0,40,0,0],""comm"":[1,1,0,1,1,1,0,1,1],""support"":[0,1,0,0,0,0,0,1,0]}","{""age_steps"":[0,0,40,0,0,0,40,0,0],""comm"":[1,1,0,1,1,1,0,1,1],""support"":[0,1,0,0,0,0,0,1,0]}=>{""age_steps"":[0,0,40,0,0,0,40,0,0],""comm"":[1,1,0,1,1,1,0,1,1],""support"":[0,1,0,0,0,0,0,1,0]}",stable
A,83019,31,"{""age_steps"":[0,0,40,0,0,0,40,0,0],""comm"":[1,1,0,1,1,1,0,1,1],""support"":[0,1,0,0,0,0,0,1,0]}","{""age_steps"":[0,0,40,0,0,0,40,0,0],""comm"":[1,1,0,1,1,1,0,1,1],""support"":[0,1,0,0,0,0,0,1,0]}=>{""age_steps"":[0,0,40,0,0,0,40,0,0],""comm"":[1,1,0,1,1,1,0,1,1],""support"":[0,1,0,0,0,0,0,1,0]}",stable
A,83019,32,"{""age_steps"":[0,0,40,0,0,0,40,0,0],""comm"":[1,1,0,1,1,1,0,1,1],""support"":[0,1,0,0,0,0,0,1,0]}","{""age_steps"":[0,0,40,0,0,0,40,0,0],""comm"":[1,1,0,1,1,1,0,1,1],""support"":[0,1,0,0,0,0,0,1,0]}=>{""age_steps"":[0,0,40,0,0,0,40,0,0],""comm"":[1,1,0,1,1,1,0,1,1],""support"":[0,1,0,0,0,0,0,1,0]}",stable
A,83020,1,"{""age_steps"":[0,0,40,0,0,0,40,0,0],""comm"":[1,1,0,1,1,1,0,1,1],""support"":[0,0,0,0,0,0,0,0,0]}","{""age_steps"":[0,0,40,0,0,0,40,0,0],""comm"":[1,1,0,1,1,1,0,1,1],""support"":[0,0,0,0,0,0,0,0,0]}=>{""age_steps"":[0,0,40,0,0,0,40,0,0],""comm"":[1,1,0,1,1,1,0,1,1],""support"":[0,0,0,0,0,0,0,0,0]}",stable
A,83020,2,"{""age_steps"":[0,0,40,0,0,0,40,0,0],""comm"":[1,1,0,1,1,1,0,1,1],""support"":[0,0,0,0,0,0,0,0,0]}","{""age_steps"":[0,0,40,0,0,0,40,0,0],""comm"":[1,1,0,1,1,1,0,1,1],""support"":[0,0,0,0,0,0,0,0,0]}=>{""age_steps"":[0,0,40,0,0,0,40,0,0],""comm"":[1,1,0,1,1,1,0,1,1],""support"":[0,0,0,0,0,0,0,0,0]}",stable
A,83020,3,"{""age_steps"":[0,0,40,0,0,0,40,0,0],""comm"":[1,1,0,1,1,1,0,1,1],""support"":[0,0,0,0,0,0,0,0,0]}","{""age_steps"":[0,0,40,0,0,0,40,0,0],""comm"":[1,1,0,1,1,1,0,1,1],""support"":[0,0,0,0,0,0,0,0,0]}=>{""age_steps"":[0,0,40,0,0,0,40,0,0],""comm"":[1,1,0,1,1,1,0,1,1],""support"":[0,0,0,0,0,0,0,0,0]}",stable
A,83020,4,"{""age_steps"":[0,0,40,0,0,0,40,0,0],""comm"":[1,1,0,1,1,1,0,1,1],""support"":[0,0,0,0,0,0,0,0,0]}","{""age_steps"":[0,0,40,0,0,0,40,0,0],""comm"":[1,1,0,1,1,1,0,1,1],""support"":[0,0,0,0,0,0,0,0,0]}=>{""age_steps"":[0,0,40,0,0,0,40,0,0],""comm"":[1,1,0,1,1,1,0,1,1],""support"":[0,0,0,0,0,0,0,0,0]}",stable
A,83020,5,"{""age_steps"":[0,0,40,0,0,0,40,0,0],""comm"":[1,1,0,1,1,1,0,1,1],""support"":[0,0,0,0,0,0,0,0,0]}","{""age_steps"":[0,0,40,0,0,0,40,0,0],""comm"":[1,1,0,1,1,1,0,1,1],""support"":[0,0,0,0,0,0,0,0,0]}=>{""age_steps"":[0,0,40,0,0,0,40,0,0],""comm"":[1,1,0,1,1,1,0,1,1],""support"":[0,0,0,0,0,0,0,0,0]}",stable
A,83020,6,"{""age_steps"":[0,0,40,0,0,0,40,0,0],""comm"":[1,1,0,1,1,1,0,1,1],""support"":[0,0,0,0,0,0,0,0,0]}","{""age_steps"":[0,0,40,0,0,0,40,0,0],""comm"":[1,1,0,1,1,1,0,1,1],""support"":[0,0,0,0,0,0,0,0,0]}=>{""age_steps"":[0,0,40,0,0,0,40,0,0],""comm"":[1,1,0,1,1,1,0,1,1],""support"":[0,0,0,0,0,0,0,0,0]}",stable
A,83020,7,"{""age_steps"":[0,0,40,0,0,0,40,0,0],""comm"":[1,1,0,1,1,1,0,1,1],""support"":[0,0,0,0,0,0,0,0,0]}","{""age_steps"":[0,0,40,0,0,0,40,0,0],""comm"":[1,1,0,1,1,1,0,1,1],""support"":[0,0,0,0,0,0,0,0,0]}=>{""age_steps"":[0,0,40,0,0,0,40,0,0],""comm"":[1,1,0,1,1,1,0,1,1],""support"":[0,0,0,0,0,0,0,0,0]}",stable
A,83020,8,"{""age_steps"":[0,0,40,0,0,0,40,0,0],""comm"":[1,1,0,1,1,1,0,1,1],""support"":[0,0,0,0,0,0,0,0,0]}","{""age_steps"":[0,0,40,0,0,0,40,0,0],""comm"":[1,1,0,1,1,1,0,1,1],""support"":[0,0,0,0,0,0,0,0,0]}=>{""age_steps"":[0,0,40,0,0,0,40,0,0],""comm"":[1,1,0,1,1,1,0,1,1],""support"":[0,0,0,0,0,0,0,0,0]}",stable
A,83020,9,"{""age_steps"":[0,0,40,0,0,0,40,0,0],""comm"":[1,1,0,1,1,1,0,1,1],""support"":[0,0,0,0,0,0,0,0,0]}","{""age_steps"":[0,0,40,0,0,0,40,0,0],""comm"":[1,1,0,1,1,1,0,1,1],""support"":[0,0,0,0,0,0,0,0,0]}=>{""age_steps"":[0,0,40,0,0,0,40,0,0],""comm"":[1,1,0,1,1,1,0,1,1],""support"":[0,0,0,0,0,0,0,0,0]}",stable
A,83020,10,"{""age_steps"":[0,0,40,0,0,0,40,0,0],""comm"":[1,1,0,1,1,1,0,1,1],""support"":[0,0,0,0,0,0,0,0,0]}","{""age_steps"":[0,0,40,0,0,0,40,0,0],""comm"":[1,1,0,1,1,1,0,1,1],""support"":[0,0,0,0,0,0,0,0,0]}=>{""age_steps"":[0,0,40,0,0,0,40,0,0],""comm"":[1,1,0,1,1,1,0,1,1],""support"":[0,0,0,0,0,0,0,0,0]}",stable
A,83020,11,"{""age_steps"":[0,0,40,0,0,0,40,0,0],""comm"":[1,1,0,1,1,1,0,1,1],""support"":[0,0,0,0,0,0,0,0,0]}","{""age_steps"":[0,0,40,0,0,0,40,0,0],""comm"":[1,1,0,1,1,1,0,1,1],""support"":[0,0,0,0,0,0,0,0,0]}=>{""age_steps"":[0,0,40,0,0,0,40,0,0],""comm"":[1,1,0,1,1,1,0,1,1],""support"":[0,0,0,0,0,0,0,0,0]}",stable
A,83020,12,"{""age_steps"":[0,1,40,1,0,1,40,1,0],""comm"":[1,0,0,0,1,0,0,0,1],""support"":[0,0,0,0,0,0,0,0,0]}","{""age_steps"":[0,0,40,0,0,0,40,0,0],""comm"":[1,1,0,1,1,1,0,1,1],""support"":[0,0,0,0,0,0,0,0,0]}=>{""age_steps"":[0,1,40,1,0,1,40,1,0],""comm"":[1,0,0,0,1,0,0,0,1],""support"":[0,0,0,0,0,0,0,0,0]}",loss
A,83020,13,"{""age_steps"":[0,2,40,2,0,2,40,2,0],""comm"":[1,0,0,0,1,0,0,0,1],""support"":[0,0,0,0,0,0,0,0,0]}","{""age_steps"":[0,1,40,1,0,1,40,1,0],""comm"":[1,0,0,0,1,0,0,0,1],""support"":[0,0,0,0,0,0,0,0,0]}=>{""age_steps"":[0,2,40,2,0,2,40,2,0],""comm"":[1,0,0,0,1,0,0,0,1],""support"":[0,0,0,0,0,0,0,0,0]}",stable
A,83020,14,"{""age_steps"":[0,3,40,3,0,3,40,3,0],""comm"":[1,0,0,0,1,0,0,0,1],""support"":[0,0,0,0,0,0,0,0,0]}","{""age_steps"":[0,2,40,2,0,2,40,2,0],""comm"":[1,0,0,0,1,0,0,0,1],""support"":[0,0,0,0,0,0,0,0,0]}=>{""age_steps"":[0,3,40,3,0,3,40,3,0],""comm"":[1,0,0,0,1,0,0,0,1],""support"":[0,0,0,0,0,0,0,0,0]}",stable
A,83020,15,"{""age_steps"":[0,4,40,4,0,4,40,4,0],""comm"":[1,0,0,0,1,0,0,0,1],""support"":[0,0,0,0,0,0,0,0,0]}","{""age_steps"":[0,3,40,3,0,3,40,3,0],""comm"":[1,0,0,0,1,0,0,0,1],""support"":[0,0,0,0,0,0,0,0,0]}=>{""age_steps"":[0,4,40,4,0,4,40,4,0],""comm"":[1,0,0,0,1,0,0,0,1],""support"":[0,0,0,0,0,0,0,0,0]}",stable
A,83020,16,"{""age_steps"":[0,5,40,5,0,5,40,5,0],""comm"":[1,0,0,0,1,0,0,0,1],""support"":[0,0,0,0,0,0,0,0,0]}","{""age_steps"":[0,4,40,4,0,4,40,4,0],""comm"":[1,0,0,0,1,0,0,0,1],""support"":[0,0,0,0,0,0,0,0,0]}=>{""age_steps"":[0,5,40,5,0,5,40,5,0],""comm"":[1,0,0,0,1,0,0,0,1],""support"":[0,0,0,0,0,0,0,0,0]}",stable
A,83020,17,"{""age_steps"":[0,6,40,6,0,6,40,6,0],""comm"":[1,0,0,0,1,0,0,0,1],""support"":[0,0,0,0,0,0,0,0,0]}","{""age_steps"":[0,5,40,5,0,5,40,5,0],""comm"":[1,0,0,0,1,0,0,0,1],""support"":[0,0,0,0,0,0,0,0,0]}=>{""age_steps"":[0,6,40,6,0,6,40,6,0],""comm"":[1,0,0,0,1,0,0,0,1],""support"":[0,0,0,0,0,0,0,0,0]}",stable
A,83020,18,"{""age_steps"":[0,7,40,7,0,7,40,7,0],""comm"":[1,0,0,0,1,0,0,0,1],""support"":[0,0,0,0,0,0,0,0,0]}","{""age_steps"":[0,6,40,6,0,6,40,6,0],""comm"":[1,0,0,0,1,0,0,0,1],""support"":[0,0,0,0,0,0,0,0,0]}=>{""age_steps"":[0,7,40,7,0,7,40,7,0],""comm"":[1,0,0,0,1,0,0,0,1],""support"":[0,0,0,0,0,0,0,0,0]}",stable
A,83020,19,"{""age_steps"":[0,8,40,8,0,8,40,8,0],""comm"":[1,0,0,0,1,0,0,0,1],""support"":[0,0,0,0,0,0,0,0,0]}","{""age_steps"":[0,7,40,7,0,7,40,7,0],""comm"":[1,0,0,0,1,0,0,0,1],""support"":[0,0,0,0,0,0,0,0,0]}=>{""age_steps"":[0,8,40,8,0,8,40,8,0],""comm"":[1,0,0,0,1,0,0,0,1],""support"":[0,0,0,0,0,0,0,0,0]}",stable
A,83020,20,"{""age_steps"":[0,0,40,0,0,0,40,0,0],""comm"":[1,1,0,1,1,1,0,1,1],""support"":[0,1,0,0,0,0,0,1,0]}","{""age_steps"":[0,8,40,8,0,8,40,8,0],""comm"":[1,0,0,0,1,0,0,0,1],""support"":[0,0,0,0,0,0,0,0,0]}=>{""age_steps"":[0,0,40,0,0,0,40,0,0],""comm"":[1,1,0,1,1,1,0,1,1],""support"":[0,1,0,0,0,0,0,1,0]}",recovery
A,83020,21,"{""age_steps"":[0,0,40,0,0,0,40,0,0],""comm"":[1,1,0,1,1,1,0,1,1],""support"":[0,1,0,0,0,0,0,1,0]}","{""age_steps"":[0,0,40,0,0,0,40,0,0],""comm"":[1,1,0,1,1,1,0,1,1],""support"":[0,1,0,0,0,0,0,1,0]}=>{""age_steps"":[0,0,40,0,0,0,40,0,0],""comm"":[1,1,0,1,1,1,0,1,1],""support"":[0,1,0,0,0,0,0,1,0]}",stable
A,83020,22,"{""age_steps"":[0,0,40,0,0,0,40,0,0],""comm"":[1,1,0,1,1,1,0,1,1],""support"":[0,1,0,0,0,0,0,1,0]}","{""age_steps"":[0,0,40,0,0,0,40,0,0],""comm"":[1,1,0,1,1,1,0,1,1],""support"":[0,1,0,0,0,0,0,1,0]}=>{""age_steps"":[0,0,40,0,0,0,40,0,0],""comm"":[1,1,0,1,1,1,0,1,1],""support"":[0,1,0,0,0,0,0,1,0]}",stable
A,83020,23,"{""age_steps"":[0,0,40,0,0,0,40,0,0],""comm"":[1,1,0,1,1,1,0,1,1],""support"":[0,1,0,0,0,0,0,1,0]}","{""age_steps"":[0,0,40,0,0,0,40,0,0],""comm"":[1,1,0,1,1,1,0,1,1],""support"":[0,1,0,0,0,0,0,1,0]}=>{""age_steps"":[0,0,40,0,0,0,40,0,0],""comm"":[1,1,0,1,1,1,0,1,1],""support"":[0,1,0,0,0,0,0,1,0]}",stable
A,83020,24,"{""age_steps"":[0,0,40,0,0,0,40,0,0],""comm"":[1,1,0,1,1,1,0,1,1],""support"":[0,1,0,0,0,0,0,1,0]}","{""age_steps"":[0,0,40,0,0,0,40,0,0],""comm"":[1,1,0,1,1,1,0,1,1],""support"":[0,1,0,0,0,0,0,1,0]}=>{""age_steps"":[0,0,40,0,0,0,40,0,0],""comm"":[1,1,0,1,1,1,0,1,1],""support"":[0,1,0,0,0,0,0,1,0]}",stable
A,83020,25,"{""age_steps"":[0,0,40,0,0,0,40,0,0],""comm"":[1,1,0,1,1,1,0,1,1],""support"":[0,1,0,0,0,0,0,1,0]}","{""age_steps"":[0,0,40,0,0,0,40,0,0],""comm"":[1,1,0,1,1,1,0,1,1],""support"":[0,1,0,0,0,0,0,1,0]}=>{""age_steps"":[0,0,40,0,0,0,40,0,0],""comm"":[1,1,0,1,1,1,0,1,1],""support"":[0,1,0,0,0,0,0,1,0]}",stable
A,83020,26,"{""age_steps"":[0,0,40,0,0,0,40,0,0],""comm"":[1,1,0,1,1,1,0,1,1],""support"":[0,1,0,0,0,0,0,1,0]}","{""age_steps"":[0,0,40,0,0,0,40,0,0],""comm"":[1,1,0,1,1,1,0,1,1],""support"":[0,1,0,0,0,0,0,1,0]}=>{""age_steps"":[0,0,40,0,0,0,40,0,0],""comm"":[1,1,0,1,1,1,0,1,1],""support"":[0,1,0,0,0,0,0,1,0]}",stable
A,83020,27,"{""age_steps"":[0,0,40,0,0,0,40,0,0],""comm"":[1,1,0,1,1,1,0,1,1],""support"":[0,1,0,0,0,0,0,1,0]}","{""age_steps"":[0,0,40,0,0,0,40,0,0],""comm"":[1,1,0,1,1,1,0,1,1],""support"":[0,1,0,0,0,0,0,1,0]}=>{""age_steps"":[0,0,40,0,0,0,40,0,0],""comm"":[1,1,0,1,1,1,0,1,1],""support"":[0,1,0,0,0,0,0,1,0]}",stable
A,83020,28,"{""age_steps"":[0,0,40,0,0,0,40,0,0],""comm"":[1,1,0,1,1,1,0,1,1],""support"":[0,1,0,0,0,0,0,1,0]}","{""age_steps"":[0,0,40,0,0,0,40,0,0],""comm"":[1,1,0,1,1,1,0,1,1],""support"":[0,1,0,0,0,0,0,1,0]}=>{""age_steps"":[0,0,40,0,0,0,40,0,0],""comm"":[1,1,0,1,1,1,0,1,1],""support"":[0,1,0,0,0,0,0,1,0]}",stable
A,83020,29,"{""age_steps"":[0,0,40,0,0,0,40,0,0],""comm"":[1,1,0,1,1,1,0,1,1],""support"":[0,1,0,0,0,0,0,1,0]}","{""age_steps"":[0,0,40,0,0,0,40,0,0],""comm"":[1,1,0,1,1,1,0,1,1],""support"":[0,1,0,0,0,0,0,1,0]}=>{""age_steps"":[0,0,40,0,0,0,40,0,0],""comm"":[1,1,0,1,1,1,0,1,1],""support"":[0,1,0,0,0,0,0,1,0]}",stable
A,83020,30,"{""age_steps"":[0,0,40,0,0,0,40,0,0],""comm"":[1,1,0,1,1,1,0,1,1],""support"":[0,1,0,0,0,0,0,1,0]}","{""age_steps"":[0,0,40,0,0,0,40,0,0],""comm"":[1,1,0,1,1,1,0,1,1],""support"":[0,1,0,0,0,0,0,1,0]}=>{""age_steps"":[0,0,40,0,0,0,40,0,0],""comm"":[1,1,0,1,1,1,0,1,1],""support"":[0,1,0,0,0,0,0,1,0]}",stable
A,83020,31,"{""age_steps"":[0,0,40,0,0,0,40,0,0],""comm"":[1,1,0,1,1,1,0,1,1],""support"":[0,1,0,0,0,0,0,1,0]}","{""age_steps"":[0,0,40,0,0,0,40,0,0],""comm"":[1,1,0,1,1,1,0,1,1],""support"":[0,1,0,0,0,0,0,1,0]}=>{""age_steps"":[0,0,40,0,0,0,40,0,0],""comm"":[1,1,0,1,1,1,0,1,1],""support"":[0,1,0,0,0,0,0,1,0]}",stable
A,83020,32,"{""age_steps"":[0,0,40,0,0,0,40,0,0],""comm"":[1,1,0,1,1,1,0,1,1],""support"":[0,1,0,0,0,0,0,1,0]}","{""age_steps"":[0,0,40,0,0,0,40,0,0],""comm"":[1,1,0,1,1,1,0,1,1],""support"":[0,1,0,0,0,0,0,1,0]}=>{""age_steps"":[0,0,40,0,0,0,40,0,0],""comm"":[1,1,0,1,1,1,0,1,1],""support"":[0,1,0,0,0,0,0,1,0]}",stable
B,83021,1,"{""age_steps"":[0,0,40,0,0,0,40,0,0],""comm"":[1,1,0,1,1,1,0,1,1],""support"":[0,0,0,0,0,0,0,0,0]}","{""age_steps"":[0,0,40,0,0,0,40,0,0],""comm"":[1,1,0,1,1,1,0,1,1],""support"":[0,0,0,0,0,0,0,0,0]}=>{""age_steps"":[0,0,40,0,0,0,40,0,0],""comm"":[1,1,0,1,1,1,0,1,1],""support"":[0,0,0,0,0,0,0,0,0]}",stable
B,83021,2,"{""age_steps"":[0,0,40,0,0,0,40,0,0],""comm"":[1,1,0,1,1,1,0,1,1],""support"":[0,0,0,0,0,0,0,0,0]}","{""age_steps"":[0,0,40,0,0,0,40,0,0],""comm"":[1,1,0,1,1,1,0,1,1],""support"":[0,0,0,0,0,0,0,0,0]}=>{""age_steps"":[0,0,40,0,0,0,40,0,0],""comm"":[1,1,0,1,1,1,0,1,1],""support"":[0,0,0,0,0,0,0,0,0]}",stable
B,83021,3,"{""age_steps"":[0,0,40,0,0,0,40,0,0],""comm"":[1,1,0,1,1,1,0,1,1],""support"":[0,0,0,0,0,0,0,0,0]}","{""age_steps"":[0,0,40,0,0,0,40,0,0],""comm"":[1,1,0,1,1,1,0,1,1],""support"":[0,0,0,0,0,0,0,0,0]}=>{""age_steps"":[0,0,40,0,0,0,40,0,0],""comm"":[1,1,0,1,1,1,0,1,1],""support"":[0,0,0,0,0,0,0,0,0]}",stable
B,83021,4,"{""age_steps"":[0,0,40,0,0,0,40,0,0],""comm"":[1,1,0,1,1,1,0,1,1],""support"":[0,0,0,0,0,0,0,0,0]}","{""age_steps"":[0,0,40,0,0,0,40,0,0],""comm"":[1,1,0,1,1,1,0,1,1],""support"":[0,0,0,0,0,0,0,0,0]}=>{""age_steps"":[0,0,40,0,0,0,40,0,0],""comm"":[1,1,0,1,1,1,0,1,1],""support"":[0,0,0,0,0,0,0,0,0]}",stable
B,83021,5,"{""age_steps"":[0,0,40,0,0,0,40,0,0],""comm"":[1,1,0,1,1,1,0,1,1],""support"":[0,0,0,0,0,0,0,0,0]}","{""age_steps"":[0,0,40,0,0,0,40,0,0],""comm"":[1,1,0,1,1,1,0,1,1],""support"":[0,0,0,0,0,0,0,0,0]}=>{""age_steps"":[0,0,40,0,0,0,40,0,0],""comm"":[1,1,0,1,1,1,0,1,1],""support"":[0,0,0,0,0,0,0,0,0]}",stable
B,83021,6,"{""age_steps"":[0,0,40,0,0,0,40,0,0],""comm"":[1,1,0,1,1,1,0,1,1],""support"":[0,0,0,0,0,0,0,0,0]}","{""age_steps"":[0,0,40,0,0,0,40,0,0],""comm"":[1,1,0,1,1,1,0,1,1],""support"":[0,0,0,0,0,0,0,0,0]}=>{""age_steps"":[0,0,40,0,0,0,40,0,0],""comm"":[1,1,0,1,1,1,0,1,1],""support"":[0,0,0,0,0,0,0,0,0]}",stable
B,83021,7,"{""age_steps"":[0,0,40,0,0,0,40,0,0],""comm"":[1,1,0,1,1,1,0,1,1],""support"":[0,0,0,0,0,0,0,0,0]}","{""age_steps"":[0,0,40,0,0,0,40,0,0],""comm"":[1,1,0,1,1,1,0,1,1],""support"":[0,0,0,0,0,0,0,0,0]}=>{""age_steps"":[0,0,40,0,0,0,40,0,0],""comm"":[1,1,0,1,1,1,0,1,1],""support"":[0,0,0,0,0,0,0,0,0]}",stable
B,83021,8,"{""age_steps"":[0,0,40,0,0,0,40,0,0],""comm"":[1,1,0,1,1,1,0,1,1],""support"":[0,0,0,0,0,0,0,0,0]}","{""age_steps"":[0,0,40,0,0,0,40,0,0],""comm"":[1,1,0,1,1,1,0,1,1],""support"":[0,0,0,0,0,0,0,0,0]}=>{""age_steps"":[0,0,40,0,0,0,40,0,0],""comm"":[1,1,0,1,1,1,0,1,1],""support"":[0,0,0,0,0,0,0,0,0]}",stable
B,83021,9,"{""age_steps"":[0,0,40,0,0,0,40,0,0],""comm"":[1,1,0,1,1,1,0,1,1],""support"":[0,0,0,0,0,0,0,0,0]}","{""age_steps"":[0,0,40,0,0,0,40,0,0],""comm"":[1,1,0,1,1,1,0,1,1],""support"":[0,0,0,0,0,0,0,0,0]}=>{""age_steps"":[0,0,40,0,0,0,40,0,0],""comm"":[1,1,0,1,1,1,0,1,1],""support"":[0,0,0,0,0,0,0,0,0]}",stable
B,83021,10,"{""age_steps"":[0,0,40,0,0,0,40,0,0],""comm"":[1,1,0,1,1,1,0,1,1],""support"":[0,0,0,0,0,0,0,0,0]}","{""age_steps"":[0,0,40,0,0,0,40,0,0],""comm"":[1,1,0,1,1,1,0,1,1],""support"":[0,0,0,0,0,0,0,0,0]}=>{""age_steps"":[0,0,40,0,0,0,40,0,0],""comm"":[1,1,0,1,1,1,0,1,1],""support"":[0,0,0,0,0,0,0,0,0]}",stable
B,83021,11,"{""age_steps"":[0,0,40,0,0,0,40,0,0],""comm"":[1,1,0,1,1,1,0,1,1],""support"":[0,0,0,0,0,0,0,0,0]}","{""age_steps"":[0,0,40,0,0,0,40,0,0],""comm"":[1,1,0,1,1,1,0,1,1],""support"":[0,0,0,0,0,0,0,0,0]}=>{""age_steps"":[0,0,40,0,0,0,40,0,0],""comm"":[1,1,0,1,1,1,0,1,1],""support"":[0,0,0,0,0,0,0,0,0]}",stable
B,83021,12,"{""age_steps"":[0,1,40,1,0,1,40,1,0],""comm"":[1,0,0,0,1,0,0,0,1],""support"":[0,0,0,0,0,0,0,0,0]}","{""age_steps"":[0,0,40,0,0,0,40,0,0],""comm"":[1,1,0,1,1,1,0,1,1],""support"":[0,0,0,0,0,0,0,0,0]}=>{""age_steps"":[0,1,40,1,0,1,40,1,0],""comm"":[1,0,0,0,1,0,0,0,1],""support"":[0,0,0,0,0,0,0,0,0]}",loss
B,83021,13,"{""age_steps"":[0,2,40,2,0,2,40,2,0],""comm"":[1,0,0,0,1,0,0,0,1],""support"":[0,0,0,0,0,0,0,0,0]}","{""age_steps"":[0,1,40,1,0,1,40,1,0],""comm"":[1,0,0,0,1,0,0,0,1],""support"":[0,0,0,0,0,0,0,0,0]}=>{""age_steps"":[0,2,40,2,0,2,40,2,0],""comm"":[1,0,0,0,1,0,0,0,1],""support"":[0,0,0,0,0,0,0,0,0]}",stable
B,83021,14,"{""age_steps"":[0,3,40,3,0,3,40,3,0],""comm"":[1,0,0,0,1,0,0,0,1],""support"":[0,0,0,0,0,0,0,0,0]}","{""age_steps"":[0,2,40,2,0,2,40,2,0],""comm"":[1,0,0,0,1,0,0,0,1],""support"":[0,0,0,0,0,0,0,0,0]}=>{""age_steps"":[0,3,40,3,0,3,40,3,0],""comm"":[1,0,0,0,1,0,0,0,1],""support"":[0,0,0,0,0,0,0,0,0]}",stable
B,83021,15,"{""age_steps"":[0,4,40,4,0,4,40,4,0],""comm"":[1,0,0,0,1,0,0,0,1],""support"":[0,0,0,0,0,0,0,0,0]}","{""age_steps"":[0,3,40,3,0,3,40,3,0],""comm"":[1,0,0,0,1,0,0,0,1],""support"":[0,0,0,0,0,0,0,0,0]}=>{""age_steps"":[0,4,40,4,0,4,40,4,0],""comm"":[1,0,0,0,1,0,0,0,1],""support"":[0,0,0,0,0,0,0,0,0]}",stable
B,83021,16,"{""age_steps"":[0,5,40,5,0,5,40,5,0],""comm"":[1,0,0,0,1,0,0,0,1],""support"":[0,0,0,0,0,0,0,0,0]}","{""age_steps"":[0,4,40,4,0,4,40,4,0],""comm"":[1,0,0,0,1,0,0,0,1],""support"":[0,0,0,0,0,0,0,0,0]}=>{""age_steps"":[0,5,40,5,0,5,40,5,0],""comm"":[1,0,0,0,1,0,0,0,1],""support"":[0,0,0,0,0,0,0,0,0]}",stable
B,83021,17,"{""age_steps"":[0,6,40,6,0,6,40,6,0],""comm"":[1,0,0,0,1,0,0,0,1],""support"":[0,0,0,0,0,0,0,0,0]}","{""age_steps"":[0,5,40,5,0,5,40,5,0],""comm"":[1,0,0,0,1,0,0,0,1],""support"":[0,0,0,0,0,0,0,0,0]}=>{""age_steps"":[0,6,40,6,0,6,40,6,0],""comm"":[1,0,0,0,1,0,0,0,1],""support"":[0,0,0,0,0,0,0,0,0]}",stable
B,83021,18,"{""age_steps"":[0,7,40,7,0,7,40,7,0],""comm"":[1,0,0,0,1,0,0,0,1],""support"":[0,0,0,0,0,0,0,0,0]}","{""age_steps"":[0,6,40,6,0,6,40,6,0],""comm"":[1,0,0,0,1,0,0,0,1],""support"":[0,0,0,0,0,0,0,0,0]}=>{""age_steps"":[0,7,40,7,0,7,40,7,0],""comm"":[1,0,0,0,1,0,0,0,1],""support"":[0,0,0,0,0,0,0,0,0]}",stable
B,83021,19,"{""age_steps"":[0,8,40,8,0,8,40,8,0],""comm"":[1,0,0,0,1,0,0,0,1],""support"":[0,0,0,0,0,0,0,0,0]}","{""age_steps"":[0,7,40,7,0,7,40,7,0],""comm"":[1,0,0,0,1,0,0,0,1],""support"":[0,0,0,0,0,0,0,0,0]}=>{""age_steps"":[0,8,40,8,0,8,40,8,0],""comm"":[1,0,0,0,1,0,0,0,1],""support"":[0,0,0,0,0,0,0,0,0]}",stable
B,83021,20,"{""age_steps"":[0,0,40,0,0,0,40,0,0],""comm"":[1,1,0,1,1,1,0,1,1],""support"":[0,1,0,0,0,0,0,1,0]}","{""age_steps"":[0,8,40,8,0,8,40,8,0],""comm"":[1,0,0,0,1,0,0,0,1],""support"":[0,0,0,0,0,0,0,0,0]}=>{""age_steps"":[0,0,40,0,0,0,40,0,0],""comm"":[1,1,0,1,1,1,0,1,1],""support"":[0,1,0,0,0,0,0,1,0]}",recovery
B,83021,21,"{""age_steps"":[0,0,40,0,0,0,40,0,0],""comm"":[1,1,0,1,1,1,0,1,1],""support"":[0,1,0,0,0,0,0,1,0]}","{""age_steps"":[0,0,40,0,0,0,40,0,0],""comm"":[1,1,0,1,1,1,0,1,1],""support"":[0,1,0,0,0,0,0,1,0]}=>{""age_steps"":[0,0,40,0,0,0,40,0,0],""comm"":[1,1,0,1,1,1,0,1,1],""support"":[0,1,0,0,0,0,0,1,0]}",stable
B,83021,22,"{""age_steps"":[0,0,40,0,0,0,40,0,0],""comm"":[1,1,0,1,1,1,0,1,1],""support"":[0,1,0,0,0,0,0,1,0]}","{""age_steps"":[0,0,40,0,0,0,40,0,0],""comm"":[1,1,0,1,1,1,0,1,1],""support"":[0,1,0,0,0,0,0,1,0]}=>{""age_steps"":[0,0,40,0,0,0,40,0,0],""comm"":[1,1,0,1,1,1,0,1,1],""support"":[0,1,0,0,0,0,0,1,0]}",stable
B,83021,23,"{""age_steps"":[0,0,40,0,0,0,40,0,0],""comm"":[1,1,0,1,1,1,0,1,1],""support"":[0,1,0,0,0,0,0,1,0]}","{""age_steps"":[0,0,40,0,0,0,40,0,0],""comm"":[1,1,0,1,1,1,0,1,1],""support"":[0,1,0,0,0,0,0,1,0]}=>{""age_steps"":[0,0,40,0,0,0,40,0,0],""comm"":[1,1,0,1,1,1,0,1,1],""support"":[0,1,0,0,0,0,0,1,0]}",stable
B,83021,24,"{""age_steps"":[0,0,40,0,0,0,40,0,0],""comm"":[1,1,0,1,1,1,0,1,1],""support"":[0,1,0,0,0,0,0,1,0]}","{""age_steps"":[0,0,40,0,0,0,40,0,0],""comm"":[1,1,0,1,1,1,0,1,1],""support"":[0,1,0,0,0,0,0,1,0]}=>{""age_steps"":[0,0,40,0,0,0,40,0,0],""comm"":[1,1,0,1,1,1,0,1,1],""support"":[0,1,0,0,0,0,0,1,0]}",stable
B,83021,25,"{""age_steps"":[0,0,40,0,0,0,40,0,0],""comm"":[1,1,0,1,1,1,0,1,1],""support"":[0,1,0,0,0,0,0,1,0]}","{""age_steps"":[0,0,40,0,0,0,40,0,0],""comm"":[1,1,0,1,1,1,0,1,1],""support"":[0,1,0,0,0,0,0,1,0]}=>{""age_steps"":[0,0,40,0,0,0,40,0,0],""comm"":[1,1,0,1,1,1,0,1,1],""support"":[0,1,0,0,0,0,0,1,0]}",stable
B,83021,26,"{""age_steps"":[0,0,40,0,0,0,40,0,0],""comm"":[1,1,0,1,1,1,0,1,1],""support"":[0,1,0,0,0,0,0,1,0]}","{""age_steps"":[0,0,40,0,0,0,40,0,0],""comm"":[1,1,0,1,1,1,0,1,1],""support"":[0,1,0,0,0,0,0,1,0]}=>{""age_steps"":[0,0,40,0,0,0,40,0,0],""comm"":[1,1,0,1,1,1,0,1,1],""support"":[0,1,0,0,0,0,0,1,0]}",stable
B,83021,27,"{""age_steps"":[0,0,40,0,0,0,40,0,0],""comm"":[1,1,0,1,1,1,0,1,1],""support"":[0,1,0,0,0,0,0,1,0]}","{""age_steps"":[0,0,40,0,0,0,40,0,0],""comm"":[1,1,0,1,1,1,0,1,1],""support"":[0,1,0,0,0,0,0,1,0]}=>{""age_steps"":[0,0,40,0,0,0,40,0,0],""comm"":[1,1,0,1,1,1,0,1,1],""support"":[0,1,0,0,0,0,0,1,0]}",stable
B,83021,28,"{""age_steps"":[0,0,40,0,0,0,40,0,0],""comm"":[1,1,0,1,1,1,0,1,1],""support"":[0,1,0,0,0,0,0,1,0]}","{""age_steps"":[0,0,40,0,0,0,40,0,0],""comm"":[1,1,0,1,1,1,0,1,1],""support"":[0,1,0,0,0,0,0,1,0]}=>{""age_steps"":[0,0,40,0,0,0,40,0,0],""comm"":[1,1,0,1,1,1,0,1,1],""support"":[0,1,0,0,0,0,0,1,0]}",stable
B,83021,29,"{""age_steps"":[0,0,40,0,0,0,40,0,0],""comm"":[1,1,0,1,1,1,0,1,1],""support"":[0,1,0,0,0,0,0,1,0]}","{""age_steps"":[0,0,40,0,0,0,40,0,0],""comm"":[1,1,0,1,1,1,0,1,1],""support"":[0,1,0,0,0,0,0,1,0]}=>{""age_steps"":[0,0,40,0,0,0,40,0,0],""comm"":[1,1,0,1,1,1,0,1,1],""support"":[0,1,0,0,0,0,0,1,0]}",stable
B,83021,30,"{""age_steps"":[0,0,40,0,0,0,40,0,0],""comm"":[1,1,0,1,1,1,0,1,1],""support"":[0,1,0,0,0,0,0,1,0]}","{""age_steps"":[0,0,40,0,0,0,40,0,0],""comm"":[1,1,0,1,1,1,0,1,1],""support"":[0,1,0,0,0,0,0,1,0]}=>{""age_steps"":[0,0,40,0,0,0,40,0,0],""comm"":[1,1,0,1,1,1,0,1,1],""support"":[0,1,0,0,0,0,0,1,0]}",stable
B,83021,31,"{""age_steps"":[0,0,40,0,0,0,40,0,0],""comm"":[1,1,0,1,1,1,0,1,1],""support"":[0,1,0,0,0,0,0,1,0]}","{""age_steps"":[0,0,40,0,0,0,40,0,0],""comm"":[1,1,0,1,1,1,0,1,1],""support"":[0,1,0,0,0,0,0,1,0]}=>{""age_steps"":[0,0,40,0,0,0,40,0,0],""comm"":[1,1,0,1,1,1,0,1,1],""support"":[0,1,0,0,0,0,0,1,0]}",stable
B,83021,32,"{""age_steps"":[0,0,40,0,0,0,40,0,0],""comm"":[1,1,0,1,1,1,0,1,1],""support"":[0,1,0,0,0,0,0,1,0]}","{""age_steps"":[0,0,40,0,0,0,40,0,0],""comm"":[1,1,0,1,1,1,0,1,1],""support"":[0,1,0,0,0,0,0,1,0]}=>{""age_steps"":[0,0,40,0,0,0,40,0,0],""comm"":[1,1,0,1,1,1,0,1,1],""support"":[0,1,0,0,0,0,0,1,0]}",stable
B,83022,1,"{""age_steps"":[0,0,40,0,0,0,40,0,0],""comm"":[1,1,0,1,1,1,0,1,1],""support"":[0,0,0,0,0,0,0,0,0]}","{""age_steps"":[0,0,40,0,0,0,40,0,0],""comm"":[1,1,0,1,1,1,0,1,1],""support"":[0,0,0,0,0,0,0,0,0]}=>{""age_steps"":[0,0,40,0,0,0,40,0,0],""comm"":[1,1,0,1,1,1,0,1,1],""support"":[0,0,0,0,0,0,0,0,0]}",stable
B,83022,2,"{""age_steps"":[0,0,40,0,0,0,40,0,0],""comm"":[1,1,0,1,1,1,0,1,1],""support"":[0,0,0,0,0,0,0,0,0]}","{""age_steps"":[0,0,40,0,0,0,40,0,0],""comm"":[1,1,0,1,1,1,0,1,1],""support"":[0,0,0,0,0,0,0,0,0]}=>{""age_steps"":[0,0,40,0,0,0,40,0,0],""comm"":[1,1,0,1,1,1,0,1,1],""support"":[0,0,0,0,0,0,0,0,0]}",stable
B,83022,3,"{""age_steps"":[0,0,40,0,0,0,40,0,0],""comm"":[1,1,0,1,1,1,0,1,1],""support"":[0,0,0,0,0,0,0,0,0]}","{""age_steps"":[0,0,40,0,0,0,40,0,0],""comm"":[1,1,0,1,1,1,0,1,1],""support"":[0,0,0,0,0,0,0,0,0]}=>{""age_steps"":[0,0,40,0,0,0,40,0,0],""comm"":[1,1,0,1,1,1,0,1,1],""support"":[0,0,0,0,0,0,0,0,0]}",stable
B,83022,4,"{""age_steps"":[0,0,40,0,0,0,40,0,0],""comm"":[1,1,0,1,1,1,0,1,1],""support"":[0,0,0,0,0,0,0,0,0]}","{""age_steps"":[0,0,40,0,0,0,40,0,0],""comm"":[1,1,0,1,1,1,0,1,1],""support"":[0,0,0,0,0,0,0,0,0]}=>{""age_steps"":[0,0,40,0,0,0,40,0,0],""comm"":[1,1,0,1,1,1,0,1,1],""support"":[0,0,0,0,0,0,0,0,0]}",stable
B,83022,5,"{""age_steps"":[0,0,40,0,0,0,40,0,0],""comm"":[1,1,0,1,1,1,0,1,1],""support"":[0,0,0,0,0,0,0,0,0]}","{""age_steps"":[0,0,40,0,0,0,40,0,0],""comm"":[1,1,0,1,1,1,0,1,1],""support"":[0,0,0,0,0,0,0,0,0]}=>{""age_steps"":[0,0,40,0,0,0,40,0,0],""comm"":[1,1,0,1,1,1,0,1,1],""support"":[0,0,0,0,0,0,0,0,0]}",stable
B,83022,6,"{""age_steps"":[0,0,40,0,0,0,40,0,0],""comm"":[1,1,0,1,1,1,0,1,1],""support"":[0,0,0,0,0,0,0,0,0]}","{""age_steps"":[0,0,40,0,0,0,40,0,0],""comm"":[1,1,0,1,1,1,0,1,1],""support"":[0,0,0,0,0,0,0,0,0]}=>{""age_steps"":[0,0,40,0,0,0,40,0,0],""comm"":[1,1,0,1,1,1,0,1,1],""support"":[0,0,0,0,0,0,0,0,0]}",stable
B,83022,7,"{""age_steps"":[0,0,40,0,0,0,40,0,0],""comm"":[1,1,0,1,1,1,0,1,1],""support"":[0,0,0,0,0,0,0,0,0]}","{""age_steps"":[0,0,40,0,0,0,40,0,0],""comm"":[1,1,0,1,1,1,0,1,1],""support"":[0,0,0,0,0,0,0,0,0]}=>{""age_steps"":[0,0,40,0,0,0,40,0,0],""comm"":[1,1,0,1,1,1,0,1,1],""support"":[0,0,0,0,0,0,0,0,0]}",stable
B,83022,8,"{""age_steps"":[0,0,40,0,0,0,40,0,0],""comm"":[1,1,0,1,1,1,0,1,1],""support"":[0,0,0,0,0,0,0,0,0]}","{""age_steps"":[0,0,40,0,0,0,40,0,0],""comm"":[1,1,0,1,1,1,0,1,1],""support"":[0,0,0,0,0,0,0,0,0]}=>{""age_steps"":[0,0,40,0,0,0,40,0,0],""comm"":[1,1,0,1,1,1,0,1,1],""support"":[0,0,0,0,0,0,0,0,0]}",stable
B,83022,9,"{""age_steps"":[0,0,40,0,0,0,40,0,0],""comm"":[1,1,0,1,1,1,0,1,1],""support"":[0,0,0,0,0,0,0,0,0]}","{""age_steps"":[0,0,40,0,0,0,40,0,0],""comm"":[1,1,0,1,1,1,0,1,1],""support"":[0,0,0,0,0,0,0,0,0]}=>{""age_steps"":[0,0,40,0,0,0,40,0,0],""comm"":[1,1,0,1,1,1,0,1,1],""support"":[0,0,0,0,0,0,0,0,0]}",stable
B,83022,10,"{""age_steps"":[0,0,40,0,0,0,40,0,0],""comm"":[1,1,0,1,1,1,0,1,1],""support"":[0,0,0,0,0,0,0,0,0]}","{""age_steps"":[0,0,40,0,0,0,40,0,0],""comm"":[1,1,0,1,1,1,0,1,1],""support"":[0,0,0,0,0,0,0,0,0]}=>{""age_steps"":[0,0,40,0,0,0,40,0,0],""comm"":[1,1,0,1,1,1,0,1,1],""support"":[0,0,0,0,0,0,0,0,0]}",stable
B,83022,11,"{""age_steps"":[0,0,40,0,0,0,40,0,0],""comm"":[1,1,0,1,1,1,0,1,1],""support"":[0,0,0,0,0,0,0,0,0]}","{""age_steps"":[0,0,40,0,0,0,40,0,0],""comm"":[1,1,0,1,1,1,0,1,1],""support"":[0,0,0,0,0,0,0,0,0]}=>{""age_steps"":[0,0,40,0,0,0,40,0,0],""comm"":[1,1,0,1,1,1,0,1,1],""support"":[0,0,0,0,0,0,0,0,0]}",stable
B,83022,12,"{""age_steps"":[0,1,40,1,0,1,40,1,0],""comm"":[1,0,0,0,1,0,0,0,1],""support"":[0,0,0,0,0,0,0,0,0]}","{""age_steps"":[0,0,40,0,0,0,40,0,0],""comm"":[1,1,0,1,1,1,0,1,1],""support"":[0,0,0,0,0,0,0,0,0]}=>{""age_steps"":[0,1,40,1,0,1,40,1,0],""comm"":[1,0,0,0,1,0,0,0,1],""support"":[0,0,0,0,0,0,0,0,0]}",loss
B,83022,13,"{""age_steps"":[0,2,40,2,0,2,40,2,0],""comm"":[1,0,0,0,1,0,0,0,1],""support"":[0,0,0,0,0,0,0,0,0]}","{""age_steps"":[0,1,40,1,0,1,40,1,0],""comm"":[1,0,0,0,1,0,0,0,1],""support"":[0,0,0,0,0,0,0,0,0]}=>{""age_steps"":[0,2,40,2,0,2,40,2,0],""comm"":[1,0,0,0,1,0,0,0,1],""support"":[0,0,0,0,0,0,0,0,0]}",stable
B,83022,14,"{""age_steps"":[0,3,40,3,0,3,40,3,0],""comm"":[1,0,0,0,1,0,0,0,1],""support"":[0,0,0,0,0,0,0,0,0]}","{""age_steps"":[0,2,40,2,0,2,40,2,0],""comm"":[1,0,0,0,1,0,0,0,1],""support"":[0,0,0,0,0,0,0,0,0]}=>{""age_steps"":[0,3,40,3,0,3,40,3,0],""comm"":[1,0,0,0,1,0,0,0,1],""support"":[0,0,0,0,0,0,0,0,0]}",stable
B,83022,15,"{""age_steps"":[0,4,40,4,0,4,40,4,0],""comm"":[1,0,0,0,1,0,0,0,1],""support"":[0,0,0,0,0,0,0,0,0]}","{""age_steps"":[0,3,40,3,0,3,40,3,0],""comm"":[1,0,0,0,1,0,0,0,1],""support"":[0,0,0,0,0,0,0,0,0]}=>{""age_steps"":[0,4,40,4,0,4,40,4,0],""comm"":[1,0,0,0,1,0,0,0,1],""support"":[0,0,0,0,0,0,0,0,0]}",stable
B,83022,16,"{""age_steps"":[0,5,40,5,0,5,40,5,0],""comm"":[1,0,0,0,1,0,0,0,1],""support"":[0,0,0,0,0,0,0,0,0]}","{""age_steps"":[0,4,40,4,0,4,40,4,0],""comm"":[1,0,0,0,1,0,0,0,1],""support"":[0,0,0,0,0,0,0,0,0]}=>{""age_steps"":[0,5,40,5,0,5,40,5,0],""comm"":[1,0,0,0,1,0,0,0,1],""support"":[0,0,0,0,0,0,0,0,0]}",stable
B,83022,17,"{""age_steps"":[0,6,40,6,0,6,40,6,0],""comm"":[1,0,0,0,1,0,0,0,1],""support"":[0,0,0,0,0,0,0,0,0]}","{""age_steps"":[0,5,40,5,0,5,40,5,0],""comm"":[1,0,0,0,1,0,0,0,1],""support"":[0,0,0,0,0,0,0,0,0]}=>{""age_steps"":[0,6,40,6,0,6,40,6,0],""comm"":[1,0,0,0,1,0,0,0,1],""support"":[0,0,0,0,0,0,0,0,0]}",stable
B,83022,18,"{""age_steps"":[0,7,40,7,0,7,40,7,0],""comm"":[1,0,0,0,1,0,0,0,1],""support"":[0,0,0,0,0,0,0,0,0]}","{""age_steps"":[0,6,40,6,0,6,40,6,0],""comm"":[1,0,0,0,1,0,0,0,1],""support"":[0,0,0,0,0,0,0,0,0]}=>{""age_steps"":[0,7,40,7,0,7,40,7,0],""comm"":[1,0,0,0,1,0,0,0,1],""support"":[0,0,0,0,0,0,0,0,0]}",stable
B,83022,19,"{""age_steps"":[0,8,40,8,0,8,40,8,0],""comm"":[1,0,0,0,1,0,0,0,1],""support"":[0,0,0,0,0,0,0,0,0]}","{""age_steps"":[0,7,40,7,0,7,40,7,0],""comm"":[1,0,0,0,1,0,0,0,1],""support"":[0,0,0,0,0,0,0,0,0]}=>{""age_steps"":[0,8,40,8,0,8,40,8,0],""comm"":[1,0,0,0,1,0,0,0,1],""support"":[0,0,0,0,0,0,0,0,0]}",stable
B,83022,20,"{""age_steps"":[0,0,40,0,0,0,40,0,0],""comm"":[1,1,0,1,1,1,0,1,1],""support"":[0,1,0,0,0,0,0,1,0]}","{""age_steps"":[0,8,40,8,0,8,40,8,0],""comm"":[1,0,0,0,1,0,0,0,1],""support"":[0,0,0,0,0,0,0,0,0]}=>{""age_steps"":[0,0,40,0,0,0,40,0,0],""comm"":[1,1,0,1,1,1,0,1,1],""support"":[0,1,0,0,0,0,0,1,0]}",recovery
B,83022,21,"{""age_steps"":[0,0,40,0,0,0,40,0,0],""comm"":[1,1,0,1,1,1,0,1,1],""support"":[0,1,0,0,0,0,0,1,0]}","{""age_steps"":[0,0,40,0,0,0,40,0,0],""comm"":[1,1,0,1,1,1,0,1,1],""support"":[0,1,0,0,0,0,0,1,0]}=>{""age_steps"":[0,0,40,0,0,0,40,0,0],""comm"":[1,1,0,1,1,1,0,1,1],""support"":[0,1,0,0,0,0,0,1,0]}",stable
B,83022,22,"{""age_steps"":[0,0,40,0,0,0,40,0,0],""comm"":[1,1,0,1,1,1,0,1,1],""support"":[0,1,0,0,0,0,0,1,0]}","{""age_steps"":[0,0,40,0,0,0,40,0,0],""comm"":[1,1,0,1,1,1,0,1,1],""support"":[0,1,0,0,0,0,0,1,0]}=>{""age_steps"":[0,0,40,0,0,0,40,0,0],""comm"":[1,1,0,1,1,1,0,1,1],""support"":[0,1,0,0,0,0,0,1,0]}",stable
B,83022,23,"{""age_steps"":[0,0,40,0,0,0,40,0,0],""comm"":[1,1,0,1,1,1,0,1,1],""support"":[0,1,0,0,0,0,0,1,0]}","{""age_steps"":[0,0,40,0,0,0,40,0,0],""comm"":[1,1,0,1,1,1,0,1,1],""support"":[0,1,0,0,0,0,0,1,0]}=>{""age_steps"":[0,0,40,0,0,0,40,0,0],""comm"":[1,1,0,1,1,1,0,1,1],""support"":[0,1,0,0,0,0,0,1,0]}",stable
B,83022,24,"{""age_steps"":[0,0,40,0,0,0,40,0,0],""comm"":[1,1,0,1,1,1,0,1,1],""support"":[0,1,0,0,0,0,0,1,0]}","{""age_steps"":[0,0,40,0,0,0,40,0,0],""comm"":[1,1,0,1,1,1,0,1,1],""support"":[0,1,0,0,0,0,0,1,0]}=>{""age_steps"":[0,0,40,0,0,0,40,0,0],""comm"":[1,1,0,1,1,1,0,1,1],""support"":[0,1,0,0,0,0,0,1,0]}",stable
B,83022,25,"{""age_steps"":[0,0,40,0,0,0,40,0,0],""comm"":[1,1,0,1,1,1,0,1,1],""support"":[0,1,0,0,0,0,0,1,0]}","{""age_steps"":[0,0,40,0,0,0,40,0,0],""comm"":[1,1,0,1,1,1,0,1,1],""support"":[0,1,0,0,0,0,0,1,0]}=>{""age_steps"":[0,0,40,0,0,0,40,0,0],""comm"":[1,1,0,1,1,1,0,1,1],""support"":[0,1,0,0,0,0,0,1,0]}",stable
B,83022,26,"{""age_steps"":[0,0,40,0,0,0,40,0,0],""comm"":[1,1,0,1,1,1,0,1,1],""support"":[0,1,0,0,0,0,0,1,0]}","{""age_steps"":[0,0,40,0,0,0,40,0,0],""comm"":[1,1,0,1,1,1,0,1,1],""support"":[0,1,0,0,0,0,0,1,0]}=>{""age_steps"":[0,0,40,0,0,0,40,0,0],""comm"":[1,1,0,1,1,1,0,1,1],""support"":[0,1,0,0,0,0,0,1,0]}",stable
B,83022,27,"{""age_steps"":[0,0,40,0,0,0,40,0,0],""comm"":[1,1,0,1,1,1,0,1,1],""support"":[0,1,0,0,0,0,0,1,0]}","{""age_steps"":[0,0,40,0,0,0,40,0,0],""comm"":[1,1,0,1,1,1,0,1,1],""support"":[0,1,0,0,0,0,0,1,0]}=>{""age_steps"":[0,0,40,0,0,0,40,0,0],""comm"":[1,1,0,1,1,1,0,1,1],""support"":[0,1,0,0,0,0,0,1,0]}",stable
B,83022,28,"{""age_steps"":[0,0,40,0,0,0,40,0,0],""comm"":[1,1,0,1,1,1,0,1,1],""support"":[0,1,0,0,0,0,0,1,0]}","{""age_steps"":[0,0,40,0,0,0,40,0,0],""comm"":[1,1,0,1,1,1,0,1,1],""support"":[0,1,0,0,0,0,0,1,0]}=>{""age_steps"":[0,0,40,0,0,0,40,0,0],""comm"":[1,1,0,1,1,1,0,1,1],""support"":[0,1,0,0,0,0,0,1,0]}",stable
B,83022,29,"{""age_steps"":[0,0,40,0,0,0,40,0,0],""comm"":[1,1,0,1,1,1,0,1,1],""support"":[0,1,0,0,0,0,0,1,0]}","{""age_steps"":[0,0,40,0,0,0,40,0,0],""comm"":[1,1,0,1,1,1,0,1,1],""support"":[0,1,0,0,0,0,0,1,0]}=>{""age_steps"":[0,0,40,0,0,0,40,0,0],""comm"":[1,1,0,1,1,1,0,1,1],""support"":[0,1,0,0,0,0,0,1,0]}",stable
B,83022,30,"{""age_steps"":[0,0,40,0,0,0,40,0,0],""comm"":[1,1,0,1,1,1,0,1,1],""support"":[0,1,0,0,0,0,0,1,0]}","{""age_steps"":[0,0,40,0,0,0,40,0,0],""comm"":[1,1,0,1,1,1,0,1,1],""support"":[0,1,0,0,0,0,0,1,0]}=>{""age_steps"":[0,0,40,0,0,0,40,0,0],""comm"":[1,1,0,1,1,1,0,1,1],""support"":[0,1,0,0,0,0,0,1,0]}",stable
B,83022,31,"{""age_steps"":[0,0,40,0,0,0,40,0,0],""comm"":[1,1,0,1,1,1,0,1,1],""support"":[0,1,0,0,0,0,0,1,0]}","{""age_steps"":[0,0,40,0,0,0,40,0,0],""comm"":[1,1,0,1,1,1,0,1,1],""support"":[0,1,0,0,0,0,0,1,0]}=>{""age_steps"":[0,0,40,0,0,0,40,0,0],""comm"":[1,1,0,1,1,1,0,1,1],""support"":[0,1,0,0,0,0,0,1,0]}",stable
B,83022,32,"{""age_steps"":[0,0,40,0,0,0,40,0,0],""comm"":[1,1,0,1,1,1,0,1,1],""support"":[0,1,0,0,0,0,0,1,0]}","{""age_steps"":[0,0,40,0,0,0,40,0,0],""comm"":[1,1,0,1,1,1,0,1,1],""support"":[0,1,0,0,0,0,0,1,0]}=>{""age_steps"":[0,0,40,0,0,0,40,0,0],""comm"":[1,1,0,1,1,1,0,1,1],""support"":[0,1,0,0,0,0,0,1,0]}",stable
B,83023,1,"{""age_steps"":[0,0,40,0,0,0,40,0,0],""comm"":[1,1,0,1,1,1,0,1,1],""support"":[0,0,0,0,0,0,0,0,0]}","{""age_steps"":[0,0,40,0,0,0,40,0,0],""comm"":[1,1,0,1,1,1,0,1,1],""support"":[0,0,0,0,0,0,0,0,0]}=>{""age_steps"":[0,0,40,0,0,0,40,0,0],""comm"":[1,1,0,1,1,1,0,1,1],""support"":[0,0,0,0,0,0,0,0,0]}",stable
B,83023,2,"{""age_steps"":[0,0,40,0,0,0,40,0,0],""comm"":[1,1,0,1,1,1,0,1,1],""support"":[0,0,0,0,0,0,0,0,0]}","{""age_steps"":[0,0,40,0,0,0,40,0,0],""comm"":[1,1,0,1,1,1,0,1,1],""support"":[0,0,0,0,0,0,0,0,0]}=>{""age_steps"":[0,0,40,0,0,0,40,0,0],""comm"":[1,1,0,1,1,1,0,1,1],""support"":[0,0,0,0,0,0,0,0,0]}",stable
B,83023,3,"{""age_steps"":[0,0,40,0,0,0,40,0,0],""comm"":[1,1,0,1,1,1,0,1,1],""support"":[0,0,0,0,0,0,0,0,0]}","{""age_steps"":[0,0,40,0,0,0,40,0,0],""comm"":[1,1,0,1,1,1,0,1,1],""support"":[0,0,0,0,0,0,0,0,0]}=>{""age_steps"":[0,0,40,0,0,0,40,0,0],""comm"":[1,1,0,1,1,1,0,1,1],""support"":[0,0,0,0,0,0,0,0,0]}",stable
B,83023,4,"{""age_steps"":[0,0,40,0,0,0,40,0,0],""comm"":[1,1,0,1,1,1,0,1,1],""support"":[0,0,0,0,0,0,0,0,0]}","{""age_steps"":[0,0,40,0,0,0,40,0,0],""comm"":[1,1,0,1,1,1,0,1,1],""support"":[0,0,0,0,0,0,0,0,0]}=>{""age_steps"":[0,0,40,0,0,0,40,0,0],""comm"":[1,1,0,1,1,1,0,1,1],""support"":[0,0,0,0,0,0,0,0,0]}",stable
B,83023,5,"{""age_steps"":[0,0,40,0,0,0,40,0,0],""comm"":[1,1,0,1,1,1,0,1,1],""support"":[0,0,0,0,0,0,0,0,0]}","{""age_steps"":[0,0,40,0,0,0,40,0,0],""comm"":[1,1,0,1,1,1,0,1,1],""support"":[0,0,0,0,0,0,0,0,0]}=>{""age_steps"":[0,0,40,0,0,0,40,0,0],""comm"":[1,1,0,1,1,1,0,1,1],""support"":[0,0,0,0,0,0,0,0,0]}",stable
B,83023,6,"{""age_steps"":[0,0,40,0,0,0,40,0,0],""comm"":[1,1,0,1,1,1,0,1,1],""support"":[0,0,0,0,0,0,0,0,0]}","{""age_steps"":[0,0,40,0,0,0,40,0,0],""comm"":[1,1,0,1,1,1,0,1,1],""support"":[0,0,0,0,0,0,0,0,0]}=>{""age_steps"":[0,0,40,0,0,0,40,0,0],""comm"":[1,1,0,1,1,1,0,1,1],""support"":[0,0,0,0,0,0,0,0,0]}",stable
B,83023,7,"{""age_steps"":[0,0,40,0,0,0,40,0,0],""comm"":[1,1,0,1,1,1,0,1,1],""support"":[0,0,0,0,0,0,0,0,0]}","{""age_steps"":[0,0,40,0,0,0,40,0,0],""comm"":[1,1,0,1,1,1,0,1,1],""support"":[0,0,0,0,0,0,0,0,0]}=>{""age_steps"":[0,0,40,0,0,0,40,0,0],""comm"":[1,1,0,1,1,1,0,1,1],""support"":[0,0,0,0,0,0,0,0,0]}",stable
B,83023,8,"{""age_steps"":[0,0,40,0,0,0,40,0,0],""comm"":[1,1,0,1,1,1,0,1,1],""support"":[0,0,0,0,0,0,0,0,0]}","{""age_steps"":[0,0,40,0,0,0,40,0,0],""comm"":[1,1,0,1,1,1,0,1,1],""support"":[0,0,0,0,0,0,0,0,0]}=>{""age_steps"":[0,0,40,0,0,0,40,0,0],""comm"":[1,1,0,1,1,1,0,1,1],""support"":[0,0,0,0,0,0,0,0,0]}",stable
B,83023,9,"{""age_steps"":[0,0,40,0,0,0,40,0,0],""comm"":[1,1,0,1,1,1,0,1,1],""support"":[0,0,0,0,0,0,0,0,0]}","{""age_steps"":[0,0,40,0,0,0,40,0,0],""comm"":[1,1,0,1,1,1,0,1,1],""support"":[0,0,0,0,0,0,0,0,0]}=>{""age_steps"":[0,0,40,0,0,0,40,0,0],""comm"":[1,1,0,1,1,1,0,1,1],""support"":[0,0,0,0,0,0,0,0,0]}",stable
B,83023,10,"{""age_steps"":[0,0,40,0,0,0,40,0,0],""comm"":[1,1,0,1,1,1,0,1,1],""support"":[0,0,0,0,0,0,0,0,0]}","{""age_steps"":[0,0,40,0,0,0,40,0,0],""comm"":[1,1,0,1,1,1,0,1,1],""support"":[0,0,0,0,0,0,0,0,0]}=>{""age_steps"":[0,0,40,0,0,0,40,0,0],""comm"":[1,1,0,1,1,1,0,1,1],""support"":[0,0,0,0,0,0,0,0,0]}",stable
B,83023,11,"{""age_steps"":[0,0,40,0,0,0,40,0,0],""comm"":[1,1,0,1,1,1,0,1,1],""support"":[0,0,0,0,0,0,0,0,0]}","{""age_steps"":[0,0,40,0,0,0,40,0,0],""comm"":[1,1,0,1,1,1,0,1,1],""support"":[0,0,0,0,0,0,0,0,0]}=>{""age_steps"":[0,0,40,0,0,0,40,0,0],""comm"":[1,1,0,1,1,1,0,1,1],""support"":[0,0,0,0,0,0,0,0,0]}",stable
B,83023,12,"{""age_steps"":[0,1,40,1,0,1,40,1,0],""comm"":[1,0,0,0,1,0,0,0,1],""support"":[0,0,0,0,0,0,0,0,0]}","{""age_steps"":[0,0,40,0,0,0,40,0,0],""comm"":[1,1,0,1,1,1,0,1,1],""support"":[0,0,0,0,0,0,0,0,0]}=>{""age_steps"":[0,1,40,1,0,1,40,1,0],""comm"":[1,0,0,0,1,0,0,0,1],""support"":[0,0,0,0,0,0,0,0,0]}",loss
B,83023,13,"{""age_steps"":[0,2,40,2,0,2,40,2,0],""comm"":[1,0,0,0,1,0,0,0,1],""support"":[0,0,0,0,0,0,0,0,0]}","{""age_steps"":[0,1,40,1,0,1,40,1,0],""comm"":[1,0,0,0,1,0,0,0,1],""support"":[0,0,0,0,0,0,0,0,0]}=>{""age_steps"":[0,2,40,2,0,2,40,2,0],""comm"":[1,0,0,0,1,0,0,0,1],""support"":[0,0,0,0,0,0,0,0,0]}",stable
B,83023,14,"{""age_steps"":[0,3,40,3,0,3,40,3,0],""comm"":[1,0,0,0,1,0,0,0,1],""support"":[0,0,0,0,0,0,0,0,0]}","{""age_steps"":[0,2,40,2,0,2,40,2,0],""comm"":[1,0,0,0,1,0,0,0,1],""support"":[0,0,0,0,0,0,0,0,0]}=>{""age_steps"":[0,3,40,3,0,3,40,3,0],""comm"":[1,0,0,0,1,0,0,0,1],""support"":[0,0,0,0,0,0,0,0,0]}",stable
B,83023,15,"{""age_steps"":[0,4,40,4,0,4,40,4,0],""comm"":[1,0,0,0,1,0,0,0,1],""support"":[0,0,0,0,0,0,0,0,0]}","{""age_steps"":[0,3,40,3,0,3,40,3,0],""comm"":[1,0,0,0,1,0,0,0,1],""support"":[0,0,0,0,0,0,0,0,0]}=>{""age_steps"":[0,4,40,4,0,4,40,4,0],""comm"":[1,0,0,0,1,0,0,0,1],""support"":[0,0,0,0,0,0,0,0,0]}",stable
B,83023,16,"{""age_steps"":[0,5,40,5,0,5,40,5,0],""comm"":[1,0,0,0,1,0,0,0,1],""support"":[0,0,0,0,0,0,0,0,0]}","{""age_steps"":[0,4,40,4,0,4,40,4,0],""comm"":[1,0,0,0,1,0,0,0,1],""support"":[0,0,0,0,0,0,0,0,0]}=>{""age_steps"":[0,5,40,5,0,5,40,5,0],""comm"":[1,0,0,0,1,0,0,0,1],""support"":[0,0,0,0,0,0,0,0,0]}",stable
B,83023,17,"{""age_steps"":[0,6,40,6,0,6,40,6,0],""comm"":[1,0,0,0,1,0,0,0,1],""support"":[0,0,0,0,0,0,0,0,0]}","{""age_steps"":[0,5,40,5,0,5,40,5,0],""comm"":[1,0,0,0,1,0,0,0,1],""support"":[0,0,0,0,0,0,0,0,0]}=>{""age_steps"":[0,6,40,6,0,6,40,6,0],""comm"":[1,0,0,0,1,0,0,0,1],""support"":[0,0,0,0,0,0,0,0,0]}",stable
B,83023,18,"{""age_steps"":[0,7,40,7,0,7,40,7,0],""comm"":[1,0,0,0,1,0,0,0,1],""support"":[0,0,0,0,0,0,0,0,0]}","{""age_steps"":[0,6,40,6,0,6,40,6,0],""comm"":[1,0,0,0,1,0,0,0,1],""support"":[0,0,0,0,0,0,0,0,0]}=>{""age_steps"":[0,7,40,7,0,7,40,7,0],""comm"":[1,0,0,0,1,0,0,0,1],""support"":[0,0,0,0,0,0,0,0,0]}",stable
B,83023,19,"{""age_steps"":[0,8,40,8,0,8,40,8,0],""comm"":[1,0,0,0,1,0,0,0,1],""support"":[0,0,0,0,0,0,0,0,0]}","{""age_steps"":[0,7,40,7,0,7,40,7,0],""comm"":[1,0,0,0,1,0,0,0,1],""support"":[0,0,0,0,0,0,0,0,0]}=>{""age_steps"":[0,8,40,8,0,8,40,8,0],""comm"":[1,0,0,0,1,0,0,0,1],""support"":[0,0,0,0,0,0,0,0,0]}",stable
B,83023,20,"{""age_steps"":[0,0,40,0,0,0,40,0,0],""comm"":[1,1,0,1,1,1,0,1,1],""support"":[0,1,0,0,0,0,0,1,0]}","{""age_steps"":[0,8,40,8,0,8,40,8,0],""comm"":[1,0,0,0,1,0,0,0,1],""support"":[0,0,0,0,0,0,0,0,0]}=>{""age_steps"":[0,0,40,0,0,0,40,0,0],""comm"":[1,1,0,1,1,1,0,1,1],""support"":[0,1,0,0,0,0,0,1,0]}",recovery
B,83023,21,"{""age_steps"":[0,0,40,0,0,0,40,0,0],""comm"":[1,1,0,1,1,1,0,1,1],""support"":[0,1,0,0,0,0,0,1,0]}","{""age_steps"":[0,0,40,0,0,0,40,0,0],""comm"":[1,1,0,1,1,1,0,1,1],""support"":[0,1,0,0,0,0,0,1,0]}=>{""age_steps"":[0,0,40,0,0,0,40,0,0],""comm"":[1,1,0,1,1,1,0,1,1],""support"":[0,1,0,0,0,0,0,1,0]}",stable
B,83023,22,"{""age_steps"":[0,0,40,0,0,0,40,0,0],""comm"":[1,1,0,1,1,1,0,1,1],""support"":[0,1,0,0,0,0,0,1,0]}","{""age_steps"":[0,0,40,0,0,0,40,0,0],""comm"":[1,1,0,1,1,1,0,1,1],""support"":[0,1,0,0,0,0,0,1,0]}=>{""age_steps"":[0,0,40,0,0,0,40,0,0],""comm"":[1,1,0,1,1,1,0,1,1],""support"":[0,1,0,0,0,0,0,1,0]}",stable
B,83023,23,"{""age_steps"":[0,0,40,0,0,0,40,0,0],""comm"":[1,1,0,1,1,1,0,1,1],""support"":[0,1,0,0,0,0,0,1,0]}","{""age_steps"":[0,0,40,0,0,0,40,0,0],""comm"":[1,1,0,1,1,1,0,1,1],""support"":[0,1,0,0,0,0,0,1,0]}=>{""age_steps"":[0,0,40,0,0,0,40,0,0],""comm"":[1,1,0,1,1,1,0,1,1],""support"":[0,1,0,0,0,0,0,1,0]}",stable
B,83023,24,"{""age_steps"":[0,0,40,0,0,0,40,0,0],""comm"":[1,1,0,1,1,1,0,1,1],""support"":[0,1,0,0,0,0,0,1,0]}","{""age_steps"":[0,0,40,0,0,0,40,0,0],""comm"":[1,1,0,1,1,1,0,1,1],""support"":[0,1,0,0,0,0,0,1,0]}=>{""age_steps"":[0,0,40,0,0,0,40,0,0],""comm"":[1,1,0,1,1,1,0,1,1],""support"":[0,1,0,0,0,0,0,1,0]}",stable
B,83023,25,"{""age_steps"":[0,0,40,0,0,0,40,0,0],""comm"":[1,1,0,1,1,1,0,1,1],""support"":[0,1,0,0,0,0,0,1,0]}","{""age_steps"":[0,0,40,0,0,0,40,0,0],""comm"":[1,1,0,1,1,1,0,1,1],""support"":[0,1,0,0,0,0,0,1,0]}=>{""age_steps"":[0,0,40,0,0,0,40,0,0],""comm"":[1,1,0,1,1,1,0,1,1],""support"":[0,1,0,0,0,0,0,1,0]}",stable
B,83023,26,"{""age_steps"":[0,0,40,0,0,0,40,0,0],""comm"":[1,1,0,1,1,1,0,1,1],""support"":[0,1,0,0,0,0,0,1,0]}","{""age_steps"":[0,0,40,0,0,0,40,0,0],""comm"":[1,1,0,1,1,1,0,1,1],""support"":[0,1,0,0,0,0,0,1,0]}=>{""age_steps"":[0,0,40,0,0,0,40,0,0],""comm"":[1,1,0,1,1,1,0,1,1],""support"":[0,1,0,0,0,0,0,1,0]}",stable
B,83023,27,"{""age_steps"":[0,0,40,0,0,0,40,0,0],""comm"":[1,1,0,1,1,1,0,1,1],""support"":[0,1,0,0,0,0,0,1,0]}","{""age_steps"":[0,0,40,0,0,0,40,0,0],""comm"":[1,1,0,1,1,1,0,1,1],""support"":[0,1,0,0,0,0,0,1,0]}=>{""age_steps"":[0,0,40,0,0,0,40,0,0],""comm"":[1,1,0,1,1,1,0,1,1],""support"":[0,1,0,0,0,0,0,1,0]}",stable
B,83023,28,"{""age_steps"":[0,0,40,0,0,0,40,0,0],""comm"":[1,1,0,1,1,1,0,1,1],""support"":[0,1,0,0,0,0,0,1,0]}","{""age_steps"":[0,0,40,0,0,0,40,0,0],""comm"":[1,1,0,1,1,1,0,1,1],""support"":[0,1,0,0,0,0,0,1,0]}=>{""age_steps"":[0,0,40,0,0,0,40,0,0],""comm"":[1,1,0,1,1,1,0,1,1],""support"":[0,1,0,0,0,0,0,1,0]}",stable
B,83023,29,"{""age_steps"":[0,0,40,0,0,0,40,0,0],""comm"":[1,1,0,1,1,1,0,1,1],""support"":[0,1,0,0,0,0,0,1,0]}","{""age_steps"":[0,0,40,0,0,0,40,0,0],""comm"":[1,1,0,1,1,1,0,1,1],""support"":[0,1,0,0,0,0,0,1,0]}=>{""age_steps"":[0,0,40,0,0,0,40,0,0],""comm"":[1,1,0,1,1,1,0,1,1],""support"":[0,1,0,0,0,0,0,1,0]}",stable
B,83023,30,"{""age_steps"":[0,0,40,0,0,0,40,0,0],""comm"":[1,1,0,1,1,1,0,1,1],""support"":[0,1,0,0,0,0,0,1,0]}","{""age_steps"":[0,0,40,0,0,0,40,0,0],""comm"":[1,1,0,1,1,1,0,1,1],""support"":[0,1,0,0,0,0,0,1,0]}=>{""age_steps"":[0,0,40,0,0,0,40,0,0],""comm"":[1,1,0,1,1,1,0,1,1],""support"":[0,1,0,0,0,0,0,1,0]}",stable
B,83023,31,"{""age_steps"":[0,0,40,0,0,0,40,0,0],""comm"":[1,1,0,1,1,1,0,1,1],""support"":[0,1,0,0,0,0,0,1,0]}","{""age_steps"":[0,0,40,0,0,0,40,0,0],""comm"":[1,1,0,1,1,1,0,1,1],""support"":[0,1,0,0,0,0,0,1,0]}=>{""age_steps"":[0,0,40,0,0,0,40,0,0],""comm"":[1,1,0,1,1,1,0,1,1],""support"":[0,1,0,0,0,0,0,1,0]}",stable
B,83023,32,"{""age_steps"":[0,0,40,0,0,0,40,0,0],""comm"":[1,1,0,1,1,1,0,1,1],""support"":[0,1,0,0,0,0,0,1,0]}","{""age_steps"":[0,0,40,0,0,0,40,0,0],""comm"":[1,1,0,1,1,1,0,1,1],""support"":[0,1,0,0,0,0,0,1,0]}=>{""age_steps"":[0,0,40,0,0,0,40,0,0],""comm"":[1,1,0,1,1,1,0,1,1],""support"":[0,1,0,0,0,0,0,1,0]}",stable
B,83024,1,"{""age_steps"":[0,0,40,0,0,0,40,0,0],""comm"":[1,1,0,1,1,1,0,1,1],""support"":[0,0,0,0,0,0,0,0,0]}","{""age_steps"":[0,0,40,0,0,0,40,0,0],""comm"":[1,1,0,1,1,1,0,1,1],""support"":[0,0,0,0,0,0,0,0,0]}=>{""age_steps"":[0,0,40,0,0,0,40,0,0],""comm"":[1,1,0,1,1,1,0,1,1],""support"":[0,0,0,0,0,0,0,0,0]}",stable
B,83024,2,"{""age_steps"":[0,0,40,0,0,0,40,0,0],""comm"":[1,1,0,1,1,1,0,1,1],""support"":[0,0,0,0,0,0,0,0,0]}","{""age_steps"":[0,0,40,0,0,0,40,0,0],""comm"":[1,1,0,1,1,1,0,1,1],""support"":[0,0,0,0,0,0,0,0,0]}=>{""age_steps"":[0,0,40,0,0,0,40,0,0],""comm"":[1,1,0,1,1,1,0,1,1],""support"":[0,0,0,0,0,0,0,0,0]}",stable
B,83024,3,"{""age_steps"":[0,0,40,0,0,0,40,0,0],""comm"":[1,1,0,1,1,1,0,1,1],""support"":[0,0,0,0,0,0,0,0,0]}","{""age_steps"":[0,0,40,0,0,0,40,0,0],""comm"":[1,1,0,1,1,1,0,1,1],""support"":[0,0,0,0,0,0,0,0,0]}=>{""age_steps"":[0,0,40,0,0,0,40,0,0],""comm"":[1,1,0,1,1,1,0,1,1],""support"":[0,0,0,0,0,0,0,0,0]}",stable
B,83024,4,"{""age_steps"":[0,0,40,0,0,0,40,0,0],""comm"":[1,1,0,1,1,1,0,1,1],""support"":[0,0,0,0,0,0,0,0,0]}","{""age_steps"":[0,0,40,0,0,0,40,0,0],""comm"":[1,1,0,1,1,1,0,1,1],""support"":[0,0,0,0,0,0,0,0,0]}=>{""age_steps"":[0,0,40,0,0,0,40,0,0],""comm"":[1,1,0,1,1,1,0,1,1],""support"":[0,0,0,0,0,0,0,0,0]}",stable
B,83024,5,"{""age_steps"":[0,0,40,0,0,0,40,0,0],""comm"":[1,1,0,1,1,1,0,1,1],""support"":[0,0,0,0,0,0,0,0,0]}","{""age_steps"":[0,0,40,0,0,0,40,0,0],""comm"":[1,1,0,1,1,1,0,1,1],""support"":[0,0,0,0,0,0,0,0,0]}=>{""age_steps"":[0,0,40,0,0,0,40,0,0],""comm"":[1,1,0,1,1,1,0,1,1],""support"":[0,0,0,0,0,0,0,0,0]}",stable
B,83024,6,"{""age_steps"":[0,0,40,0,0,0,40,0,0],""comm"":[1,1,0,1,1,1,0,1,1],""support"":[0,0,0,0,0,0,0,0,0]}","{""age_steps"":[0,0,40,0,0,0,40,0,0],""comm"":[1,1,0,1,1,1,0,1,1],""support"":[0,0,0,0,0,0,0,0,0]}=>{""age_steps"":[0,0,40,0,0,0,40,0,0],""comm"":[1,1,0,1,1,1,0,1,1],""support"":[0,0,0,0,0,0,0,0,0]}",stable
B,83024,7,"{""age_steps"":[0,0,40,0,0,0,40,0,0],""comm"":[1,1,0,1,1,1,0,1,1],""support"":[0,0,0,0,0,0,0,0,0]}","{""age_steps"":[0,0,40,0,0,0,40,0,0],""comm"":[1,1,0,1,1,1,0,1,1],""support"":[0,0,0,0,0,0,0,0,0]}=>{""age_steps"":[0,0,40,0,0,0,40,0,0],""comm"":[1,1,0,1,1,1,0,1,1],""support"":[0,0,0,0,0,0,0,0,0]}",stable
B,83024,8,"{""age_steps"":[0,0,40,0,0,0,40,0,0],""comm"":[1,1,0,1,1,1,0,1,1],""support"":[0,0,0,0,0,0,0,0,0]}","{""age_steps"":[0,0,40,0,0,0,40,0,0],""comm"":[1,1,0,1,1,1,0,1,1],""support"":[0,0,0,0,0,0,0,0,0]}=>{""age_steps"":[0,0,40,0,0,0,40,0,0],""comm"":[1,1,0,1,1,1,0,1,1],""support"":[0,0,0,0,0,0,0,0,0]}",stable
B,83024,9,"{""age_steps"":[0,0,40,0,0,0,40,0,0],""comm"":[1,1,0,1,1,1,0,1,1],""support"":[0,0,0,0,0,0,0,0,0]}","{""age_steps"":[0,0,40,0,0,0,40,0,0],""comm"":[1,1,0,1,1,1,0,1,1],""support"":[0,0,0,0,0,0,0,0,0]}=>{""age_steps"":[0,0,40,0,0,0,40,0,0],""comm"":[1,1,0,1,1,1,0,1,1],""support"":[0,0,0,0,0,0,0,0,0]}",stable
B,83024,10,"{""age_steps"":[0,0,40,0,0,0,40,0,0],""comm"":[1,1,0,1,1,1,0,1,1],""support"":[0,0,0,0,0,0,0,0,0]}","{""age_steps"":[0,0,40,0,0,0,40,0,0],""comm"":[1,1,0,1,1,1,0,1,1],""support"":[0,0,0,0,0,0,0,0,0]}=>{""age_steps"":[0,0,40,0,0,0,40,0,0],""comm"":[1,1,0,1,1,1,0,1,1],""support"":[0,0,0,0,0,0,0,0,0]}",stable
B,83024,11,"{""age_steps"":[0,0,40,0,0,0,40,0,0],""comm"":[1,1,0,1,1,1,0,1,1],""support"":[0,0,0,0,0,0,0,0,0]}","{""age_steps"":[0,0,40,0,0,0,40,0,0],""comm"":[1,1,0,1,1,1,0,1,1],""support"":[0,0,0,0,0,0,0,0,0]}=>{""age_steps"":[0,0,40,0,0,0,40,0,0],""comm"":[1,1,0,1,1,1,0,1,1],""support"":[0,0,0,0,0,0,0,0,0]}",stable
B,83024,12,"{""age_steps"":[0,1,40,1,0,1,40,1,0],""comm"":[1,0,0,0,1,0,0,0,1],""support"":[0,0,0,0,0,0,0,0,0]}","{""age_steps"":[0,0,40,0,0,0,40,0,0],""comm"":[1,1,0,1,1,1,0,1,1],""support"":[0,0,0,0,0,0,0,0,0]}=>{""age_steps"":[0,1,40,1,0,1,40,1,0],""comm"":[1,0,0,0,1,0,0,0,1],""support"":[0,0,0,0,0,0,0,0,0]}",loss
B,83024,13,"{""age_steps"":[0,2,40,2,0,2,40,2,0],""comm"":[1,0,0,0,1,0,0,0,1],""support"":[0,0,0,0,0,0,0,0,0]}","{""age_steps"":[0,1,40,1,0,1,40,1,0],""comm"":[1,0,0,0,1,0,0,0,1],""support"":[0,0,0,0,0,0,0,0,0]}=>{""age_steps"":[0,2,40,2,0,2,40,2,0],""comm"":[1,0,0,0,1,0,0,0,1],""support"":[0,0,0,0,0,0,0,0,0]}",stable
B,83024,14,"{""age_steps"":[0,3,40,3,0,3,40,3,0],""comm"":[1,0,0,0,1,0,0,0,1],""support"":[0,0,0,0,0,0,0,0,0]}","{""age_steps"":[0,2,40,2,0,2,40,2,0],""comm"":[1,0,0,0,1,0,0,0,1],""support"":[0,0,0,0,0,0,0,0,0]}=>{""age_steps"":[0,3,40,3,0,3,40,3,0],""comm"":[1,0,0,0,1,0,0,0,1],""support"":[0,0,0,0,0,0,0,0,0]}",stable
B,83024,15,"{""age_steps"":[0,4,40,4,0,4,40,4,0],""comm"":[1,0,0,0,1,0,0,0,1],""support"":[0,0,0,0,0,0,0,0,0]}","{""age_steps"":[0,3,40,3,0,3,40,3,0],""comm"":[1,0,0,0,1,0,0,0,1],""support"":[0,0,0,0,0,0,0,0,0]}=>{""age_steps"":[0,4,40,4,0,4,40,4,0],""comm"":[1,0,0,0,1,0,0,0,1],""support"":[0,0,0,0,0,0,0,0,0]}",stable
B,83024,16,"{""age_steps"":[0,5,40,5,0,5,40,5,0],""comm"":[1,0,0,0,1,0,0,0,1],""support"":[0,0,0,0,0,0,0,0,0]}","{""age_steps"":[0,4,40,4,0,4,40,4,0],""comm"":[1,0,0,0,1,0,0,0,1],""support"":[0,0,0,0,0,0,0,0,0]}=>{""age_steps"":[0,5,40,5,0,5,40,5,0],""comm"":[1,0,0,0,1,0,0,0,1],""support"":[0,0,0,0,0,0,0,0,0]}",stable
B,83024,17,"{""age_steps"":[0,6,40,6,0,6,40,6,0],""comm"":[1,0,0,0,1,0,0,0,1],""support"":[0,0,0,0,0,0,0,0,0]}","{""age_steps"":[0,5,40,5,0,5,40,5,0],""comm"":[1,0,0,0,1,0,0,0,1],""support"":[0,0,0,0,0,0,0,0,0]}=>{""age_steps"":[0,6,40,6,0,6,40,6,0],""comm"":[1,0,0,0,1,0,0,0,1],""support"":[0,0,0,0,0,0,0,0,0]}",stable
B,83024,18,"{""age_steps"":[0,7,40,7,0,7,40,7,0],""comm"":[1,0,0,0,1,0,0,0,1],""support"":[0,0,0,0,0,0,0,0,0]}","{""age_steps"":[0,6,40,6,0,6,40,6,0],""comm"":[1,0,0,0,1,0,0,0,1],""support"":[0,0,0,0,0,0,0,0,0]}=>{""age_steps"":[0,7,40,7,0,7,40,7,0],""comm"":[1,0,0,0,1,0,0,0,1],""support"":[0,0,0,0,0,0,0,0,0]}",stable
B,83024,19,"{""age_steps"":[0,8,40,8,0,8,40,8,0],""comm"":[1,0,0,0,1,0,0,0,1],""support"":[0,0,0,0,0,0,0,0,0]}","{""age_steps"":[0,7,40,7,0,7,40,7,0],""comm"":[1,0,0,0,1,0,0,0,1],""support"":[0,0,0,0,0,0,0,0,0]}=>{""age_steps"":[0,8,40,8,0,8,40,8,0],""comm"":[1,0,0,0,1,0,0,0,1],""support"":[0,0,0,0,0,0,0,0,0]}",stable
B,83024,20,"{""age_steps"":[0,0,40,0,0,0,40,0,0],""comm"":[1,1,0,1,1,1,0,1,1],""support"":[0,1,0,0,0,0,0,1,0]}","{""age_steps"":[0,8,40,8,0,8,40,8,0],""comm"":[1,0,0,0,1,0,0,0,1],""support"":[0,0,0,0,0,0,0,0,0]}=>{""age_steps"":[0,0,40,0,0,0,40,0,0],""comm"":[1,1,0,1,1,1,0,1,1],""support"":[0,1,0,0,0,0,0,1,0]}",recovery
B,83024,21,"{""age_steps"":[0,0,40,0,0,0,40,0,0],""comm"":[1,1,0,1,1,1,0,1,1],""support"":[0,1,0,0,0,0,0,1,0]}","{""age_steps"":[0,0,40,0,0,0,40,0,0],""comm"":[1,1,0,1,1,1,0,1,1],""support"":[0,1,0,0,0,0,0,1,0]}=>{""age_steps"":[0,0,40,0,0,0,40,0,0],""comm"":[1,1,0,1,1,1,0,1,1],""support"":[0,1,0,0,0,0,0,1,0]}",stable
B,83024,22,"{""age_steps"":[0,0,40,0,0,0,40,0,0],""comm"":[1,1,0,1,1,1,0,1,1],""support"":[0,1,0,0,0,0,0,1,0]}","{""age_steps"":[0,0,40,0,0,0,40,0,0],""comm"":[1,1,0,1,1,1,0,1,1],""support"":[0,1,0,0,0,0,0,1,0]}=>{""age_steps"":[0,0,40,0,0,0,40,0,0],""comm"":[1,1,0,1,1,1,0,1,1],""support"":[0,1,0,0,0,0,0,1,0]}",stable
B,83024,23,"{""age_steps"":[0,0,40,0,0,0,40,0,0],""comm"":[1,1,0,1,1,1,0,1,1],""support"":[0,1,0,0,0,0,0,1,0]}","{""age_steps"":[0,0,40,0,0,0,40,0,0],""comm"":[1,1,0,1,1,1,0,1,1],""support"":[0,1,0,0,0,0,0,1,0]}=>{""age_steps"":[0,0,40,0,0,0,40,0,0],""comm"":[1,1,0,1,1,1,0,1,1],""support"":[0,1,0,0,0,0,0,1,0]}",stable
B,83024,24,"{""age_steps"":[0,0,40,0,0,0,40,0,0],""comm"":[1,1,0,1,1,1,0,1,1],""support"":[0,1,0,0,0,0,0,1,0]}","{""age_steps"":[0,0,40,0,0,0,40,0,0],""comm"":[1,1,0,1,1,1,0,1,1],""support"":[0,1,0,0,0,0,0,1,0]}=>{""age_steps"":[0,0,40,0,0,0,40,0,0],""comm"":[1,1,0,1,1,1,0,1,1],""support"":[0,1,0,0,0,0,0,1,0]}",stable
B,83024,25,"{""age_steps"":[0,0,40,0,0,0,40,0,0],""comm"":[1,1,0,1,1,1,0,1,1],""support"":[0,1,0,0,0,0,0,1,0]}","{""age_steps"":[0,0,40,0,0,0,40,0,0],""comm"":[1,1,0,1,1,1,0,1,1],""support"":[0,1,0,0,0,0,0,1,0]}=>{""age_steps"":[0,0,40,0,0,0,40,0,0],""comm"":[1,1,0,1,1,1,0,1,1],""support"":[0,1,0,0,0,0,0,1,0]}",stable
B,83024,26,"{""age_steps"":[0,0,40,0,0,0,40,0,0],""comm"":[1,1,0,1,1,1,0,1,1],""support"":[0,1,0,0,0,0,0,1,0]}","{""age_steps"":[0,0,40,0,0,0,40,0,0],""comm"":[1,1,0,1,1,1,0,1,1],""support"":[0,1,0,0,0,0,0,1,0]}=>{""age_steps"":[0,0,40,0,0,0,40,0,0],""comm"":[1,1,0,1,1,1,0,1,1],""support"":[0,1,0,0,0,0,0,1,0]}",stable
B,83024,27,"{""age_steps"":[0,0,40,0,0,0,40,0,0],""comm"":[1,1,0,1,1,1,0,1,1],""support"":[0,1,0,0,0,0,0,1,0]}","{""age_steps"":[0,0,40,0,0,0,40,0,0],""comm"":[1,1,0,1,1,1,0,1,1],""support"":[0,1,0,0,0,0,0,1,0]}=>{""age_steps"":[0,0,40,0,0,0,40,0,0],""comm"":[1,1,0,1,1,1,0,1,1],""support"":[0,1,0,0,0,0,0,1,0]}",stable
B,83024,28,"{""age_steps"":[0,0,40,0,0,0,40,0,0],""comm"":[1,1,0,1,1,1,0,1,1],""support"":[0,1,0,0,0,0,0,1,0]}","{""age_steps"":[0,0,40,0,0,0,40,0,0],""comm"":[1,1,0,1,1,1,0,1,1],""support"":[0,1,0,0,0,0,0,1,0]}=>{""age_steps"":[0,0,40,0,0,0,40,0,0],""comm"":[1,1,0,1,1,1,0,1,1],""support"":[0,1,0,0,0,0,0,1,0]}",stable
B,83024,29,"{""age_steps"":[0,0,40,0,0,0,40,0,0],""comm"":[1,1,0,1,1,1,0,1,1],""support"":[0,1,0,0,0,0,0,1,0]}","{""age_steps"":[0,0,40,0,0,0,40,0,0],""comm"":[1,1,0,1,1,1,0,1,1],""support"":[0,1,0,0,0,0,0,1,0]}=>{""age_steps"":[0,0,40,0,0,0,40,0,0],""comm"":[1,1,0,1,1,1,0,1,1],""support"":[0,1,0,0,0,0,0,1,0]}",stable
B,83024,30,"{""age_steps"":[0,0,40,0,0,0,40,0,0],""comm"":[1,1,0,1,1,1,0,1,1],""support"":[0,1,0,0,0,0,0,1,0]}","{""age_steps"":[0,0,40,0,0,0,40,0,0],""comm"":[1,1,0,1,1,1,0,1,1],""support"":[0,1,0,0,0,0,0,1,0]}=>{""age_steps"":[0,0,40,0,0,0,40,0,0],""comm"":[1,1,0,1,1,1,0,1,1],""support"":[0,1,0,0,0,0,0,1,0]}",stable
B,83024,31,"{""age_steps"":[0,0,40,0,0,0,40,0,0],""comm"":[1,1,0,1,1,1,0,1,1],""support"":[0,1,0,0,0,0,0,1,0]}","{""age_steps"":[0,0,40,0,0,0,40,0,0],""comm"":[1,1,0,1,1,1,0,1,1],""support"":[0,1,0,0,0,0,0,1,0]}=>{""age_steps"":[0,0,40,0,0,0,40,0,0],""comm"":[1,1,0,1,1,1,0,1,1],""support"":[0,1,0,0,0,0,0,1,0]}",stable
B,83024,32,"{""age_steps"":[0,0,40,0,0,0,40,0,0],""comm"":[1,1,0,1,1,1,0,1,1],""support"":[0,1,0,0,0,0,0,1,0]}","{""age_steps"":[0,0,40,0,0,0,40,0,0],""comm"":[1,1,0,1,1,1,0,1,1],""support"":[0,1,0,0,0,0,0,1,0]}=>{""age_steps"":[0,0,40,0,0,0,40,0,0],""comm"":[1,1,0,1,1,1,0,1,1],""support"":[0,1,0,0,0,0,0,1,0]}",stable
B,83025,1,"{""age_steps"":[0,0,40,0,0,0,40,0,0],""comm"":[1,1,0,1,1,1,0,1,1],""support"":[0,0,0,0,0,0,0,0,0]}","{""age_steps"":[0,0,40,0,0,0,40,0,0],""comm"":[1,1,0,1,1,1,0,1,1],""support"":[0,0,0,0,0,0,0,0,0]}=>{""age_steps"":[0,0,40,0,0,0,40,0,0],""comm"":[1,1,0,1,1,1,0,1,1],""support"":[0,0,0,0,0,0,0,0,0]}",stable
B,83025,2,"{""age_steps"":[0,0,40,0,0,0,40,0,0],""comm"":[1,1,0,1,1,1,0,1,1],""support"":[0,0,0,0,0,0,0,0,0]}","{""age_steps"":[0,0,40,0,0,0,40,0,0],""comm"":[1,1,0,1,1,1,0,1,1],""support"":[0,0,0,0,0,0,0,0,0]}=>{""age_steps"":[0,0,40,0,0,0,40,0,0],""comm"":[1,1,0,1,1,1,0,1,1],""support"":[0,0,0,0,0,0,0,0,0]}",stable
B,83025,3,"{""age_steps"":[0,0,40,0,0,0,40,0,0],""comm"":[1,1,0,1,1,1,0,1,1],""support"":[0,0,0,0,0,0,0,0,0]}","{""age_steps"":[0,0,40,0,0,0,40,0,0],""comm"":[1,1,0,1,1,1,0,1,1],""support"":[0,0,0,0,0,0,0,0,0]}=>{""age_steps"":[0,0,40,0,0,0,40,0,0],""comm"":[1,1,0,1,1,1,0,1,1],""support"":[0,0,0,0,0,0,0,0,0]}",stable
B,83025,4,"{""age_steps"":[0,0,40,0,0,0,40,0,0],""comm"":[1,1,0,1,1,1,0,1,1],""support"":[0,0,0,0,0,0,0,0,0]}","{""age_steps"":[0,0,40,0,0,0,40,0,0],""comm"":[1,1,0,1,1,1,0,1,1],""support"":[0,0,0,0,0,0,0,0,0]}=>{""age_steps"":[0,0,40,0,0,0,40,0,0],""comm"":[1,1,0,1,1,1,0,1,1],""support"":[0,0,0,0,0,0,0,0,0]}",stable
B,83025,5,"{""age_steps"":[0,0,40,0,0,0,40,0,0],""comm"":[1,1,0,1,1,1,0,1,1],""support"":[0,0,0,0,0,0,0,0,0]}","{""age_steps"":[0,0,40,0,0,0,40,0,0],""comm"":[1,1,0,1,1,1,0,1,1],""support"":[0,0,0,0,0,0,0,0,0]}=>{""age_steps"":[0,0,40,0,0,0,40,0,0],""comm"":[1,1,0,1,1,1,0,1,1],""support"":[0,0,0,0,0,0,0,0,0]}",stable
B,83025,6,"{""age_steps"":[0,0,40,0,0,0,40,0,0],""comm"":[1,1,0,1,1,1,0,1,1],""support"":[0,0,0,0,0,0,0,0,0]}","{""age_steps"":[0,0,40,0,0,0,40,0,0],""comm"":[1,1,0,1,1,1,0,1,1],""support"":[0,0,0,0,0,0,0,0,0]}=>{""age_steps"":[0,0,40,0,0,0,40,0,0],""comm"":[1,1,0,1,1,1,0,1,1],""support"":[0,0,0,0,0,0,0,0,0]}",stable
B,83025,7,"{""age_steps"":[0,0,40,0,0,0,40,0,0],""comm"":[1,1,0,1,1,1,0,1,1],""support"":[0,0,0,0,0,0,0,0,0]}","{""age_steps"":[0,0,40,0,0,0,40,0,0],""comm"":[1,1,0,1,1,1,0,1,1],""support"":[0,0,0,0,0,0,0,0,0]}=>{""age_steps"":[0,0,40,0,0,0,40,0,0],""comm"":[1,1,0,1,1,1,0,1,1],""support"":[0,0,0,0,0,0,0,0,0]}",stable
B,83025,8,"{""age_steps"":[0,0,40,0,0,0,40,0,0],""comm"":[1,1,0,1,1,1,0,1,1],""support"":[0,0,0,0,0,0,0,0,0]}","{""age_steps"":[0,0,40,0,0,0,40,0,0],""comm"":[1,1,0,1,1,1,0,1,1],""support"":[0,0,0,0,0,0,0,0,0]}=>{""age_steps"":[0,0,40,0,0,0,40,0,0],""comm"":[1,1,0,1,1,1,0,1,1],""support"":[0,0,0,0,0,0,0,0,0]}",stable
B,83025,9,"{""age_steps"":[0,0,40,0,0,0,40,0,0],""comm"":[1,1,0,1,1,1,0,1,1],""support"":[0,0,0,0,0,0,0,0,0]}","{""age_steps"":[0,0,40,0,0,0,40,0,0],""comm"":[1,1,0,1,1,1,0,1,1],""support"":[0,0,0,0,0,0,0,0,0]}=>{""age_steps"":[0,0,40,0,0,0,40,0,0],""comm"":[1,1,0,1,1,1,0,1,1],""support"":[0,0,0,0,0,0,0,0,0]}",stable
B,83025,10,"{""age_steps"":[0,0,40,0,0,0,40,0,0],""comm"":[1,1,0,1,1,1,0,1,1],""support"":[0,0,0,0,0,0,0,0,0]}","{""age_steps"":[0,0,40,0,0,0,40,0,0],""comm"":[1,1,0,1,1,1,0,1,1],""support"":[0,0,0,0,0,0,0,0,0]}=>{""age_steps"":[0,0,40,0,0,0,40,0,0],""comm"":[1,1,0,1,1,1,0,1,1],""support"":[0,0,0,0,0,0,0,0,0]}",stable
B,83025,11,"{""age_steps"":[0,0,40,0,0,0,40,0,0],""comm"":[1,1,0,1,1,1,0,1,1],""support"":[0,0,0,0,0,0,0,0,0]}","{""age_steps"":[0,0,40,0,0,0,40,0,0],""comm"":[1,1,0,1,1,1,0,1,1],""support"":[0,0,0,0,0,0,0,0,0]}=>{""age_steps"":[0,0,40,0,0,0,40,0,0],""comm"":[1,1,0,1,1,1,0,1,1],""support"":[0,0,0,0,0,0,0,0,0]}",stable
B,83025,12,"{""age_steps"":[0,1,40,1,0,1,40,1,0],""comm"":[1,0,0,0,1,0,0,0,1],""support"":[0,0,0,0,0,0,0,0,0]}","{""age_steps"":[0,0,40,0,0,0,40,0,0],""comm"":[1,1,0,1,1,1,0,1,1],""support"":[0,0,0,0,0,0,0,0,0]}=>{""age_steps"":[0,1,40,1,0,1,40,1,0],""comm"":[1,0,0,0,1,0,0,0,1],""support"":[0,0,0,0,0,0,0,0,0]}",loss
B,83025,13,"{""age_steps"":[0,2,40,2,0,2,40,2,0],""comm"":[1,0,0,0,1,0,0,0,1],""support"":[0,0,0,0,0,0,0,0,0]}","{""age_steps"":[0,1,40,1,0,1,40,1,0],""comm"":[1,0,0,0,1,0,0,0,1],""support"":[0,0,0,0,0,0,0,0,0]}=>{""age_steps"":[0,2,40,2,0,2,40,2,0],""comm"":[1,0,0,0,1,0,0,0,1],""support"":[0,0,0,0,0,0,0,0,0]}",stable
B,83025,14,"{""age_steps"":[0,3,40,3,0,3,40,3,0],""comm"":[1,0,0,0,1,0,0,0,1],""support"":[0,0,0,0,0,0,0,0,0]}","{""age_steps"":[0,2,40,2,0,2,40,2,0],""comm"":[1,0,0,0,1,0,0,0,1],""support"":[0,0,0,0,0,0,0,0,0]}=>{""age_steps"":[0,3,40,3,0,3,40,3,0],""comm"":[1,0,0,0,1,0,0,0,1],""support"":[0,0,0,0,0,0,0,0,0]}",stable
B,83025,15,"{""age_steps"":[0,4,40,4,0,4,40,4,0],""comm"":[1,0,0,0,1,0,0,0,1],""support"":[0,0,0,0,0,0,0,0,0]}","{""age_steps"":[0,3,40,3,0,3,40,3,0],""comm"":[1,0,0,0,1,0,0,0,1],""support"":[0,0,0,0,0,0,0,0,0]}=>{""age_steps"":[0,4,40,4,0,4,40,4,0],""comm"":[1,0,0,0,1,0,0,0,1],""support"":[0,0,0,0,0,0,0,0,0]}",stable
B,83025,16,"{""age_steps"":[0,5,40,5,0,5,40,5,0],""comm"":[1,0,0,0,1,0,0,0,1],""support"":[0,0,0,0,0,0,0,0,0]}","{""age_steps"":[0,4,40,4,0,4,40,4,0],""comm"":[1,0,0,0,1,0,0,0,1],""support"":[0,0,0,0,0,0,0,0,0]}=>{""age_steps"":[0,5,40,5,0,5,40,5,0],""comm"":[1,0,0,0,1,0,0,0,1],""support"":[0,0,0,0,0,0,0,0,0]}",stable
B,83025,17,"{""age_steps"":[0,6,40,6,0,6,40,6,0],""comm"":[1,0,0,0,1,0,0,0,1],""support"":[0,0,0,0,0,0,0,0,0]}","{""age_steps"":[0,5,40,5,0,5,40,5,0],""comm"":[1,0,0,0,1,0,0,0,1],""support"":[0,0,0,0,0,0,0,0,0]}=>{""age_steps"":[0,6,40,6,0,6,40,6,0],""comm"":[1,0,0,0,1,0,0,0,1],""support"":[0,0,0,0,0,0,0,0,0]}",stable
B,83025,18,"{""age_steps"":[0,7,40,7,0,7,40,7,0],""comm"":[1,0,0,0,1,0,0,0,1],""support"":[0,0,0,0,0,0,0,0,0]}","{""age_steps"":[0,6,40,6,0,6,40,6,0],""comm"":[1,0,0,0,1,0,0,0,1],""support"":[0,0,0,0,0,0,0,0,0]}=>{""age_steps"":[0,7,40,7,0,7,40,7,0],""comm"":[1,0,0,0,1,0,0,0,1],""support"":[0,0,0,0,0,0,0,0,0]}",stable
B,83025,19,"{""age_steps"":[0,8,40,8,0,8,40,8,0],""comm"":[1,0,0,0,1,0,0,0,1],""support"":[0,0,0,0,0,0,0,0,0]}","{""age_steps"":[0,7,40,7,0,7,40,7,0],""comm"":[1,0,0,0,1,0,0,0,1],""support"":[0,0,0,0,0,0,0,0,0]}=>{""age_steps"":[0,8,40,8,0,8,40,8,0],""comm"":[1,0,0,0,1,0,0,0,1],""support"":[0,0,0,0,0,0,0,0,0]}",stable
B,83025,20,"{""age_steps"":[0,0,40,0,0,0,40,0,0],""comm"":[1,1,0,1,1,1,0,1,1],""support"":[0,1,0,0,0,0,0,1,0]}","{""age_steps"":[0,8,40,8,0,8,40,8,0],""comm"":[1,0,0,0,1,0,0,0,1],""support"":[0,0,0,0,0,0,0,0,0]}=>{""age_steps"":[0,0,40,0,0,0,40,0,0],""comm"":[1,1,0,1,1,1,0,1,1],""support"":[0,1,0,0,0,0,0,1,0]}",recovery
B,83025,21,"{""age_steps"":[0,0,40,0,0,0,40,0,0],""comm"":[1,1,0,1,1,1,0,1,1],""support"":[0,1,0,0,0,0,0,1,0]}","{""age_steps"":[0,0,40,0,0,0,40,0,0],""comm"":[1,1,0,1,1,1,0,1,1],""support"":[0,1,0,0,0,0,0,1,0]}=>{""age_steps"":[0,0,40,0,0,0,40,0,0],""comm"":[1,1,0,1,1,1,0,1,1],""support"":[0,1,0,0,0,0,0,1,0]}",stable
B,83025,22,"{""age_steps"":[0,0,40,0,0,0,40,0,0],""comm"":[1,1,0,1,1,1,0,1,1],""support"":[0,1,0,0,0,0,0,1,0]}","{""age_steps"":[0,0,40,0,0,0,40,0,0],""comm"":[1,1,0,1,1,1,0,1,1],""support"":[0,1,0,0,0,0,0,1,0]}=>{""age_steps"":[0,0,40,0,0,0,40,0,0],""comm"":[1,1,0,1,1,1,0,1,1],""support"":[0,1,0,0,0,0,0,1,0]}",stable
B,83025,23,"{""age_steps"":[0,0,40,0,0,0,40,0,0],""comm"":[1,1,0,1,1,1,0,1,1],""support"":[0,1,0,0,0,0,0,1,0]}","{""age_steps"":[0,0,40,0,0,0,40,0,0],""comm"":[1,1,0,1,1,1,0,1,1],""support"":[0,1,0,0,0,0,0,1,0]}=>{""age_steps"":[0,0,40,0,0,0,40,0,0],""comm"":[1,1,0,1,1,1,0,1,1],""support"":[0,1,0,0,0,0,0,1,0]}",stable
B,83025,24,"{""age_steps"":[0,0,40,0,0,0,40,0,0],""comm"":[1,1,0,1,1,1,0,1,1],""support"":[0,1,0,0,0,0,0,1,0]}","{""age_steps"":[0,0,40,0,0,0,40,0,0],""comm"":[1,1,0,1,1,1,0,1,1],""support"":[0,1,0,0,0,0,0,1,0]}=>{""age_steps"":[0,0,40,0,0,0,40,0,0],""comm"":[1,1,0,1,1,1,0,1,1],""support"":[0,1,0,0,0,0,0,1,0]}",stable
B,83025,25,"{""age_steps"":[0,0,40,0,0,0,40,0,0],""comm"":[1,1,0,1,1,1,0,1,1],""support"":[0,1,0,0,0,0,0,1,0]}","{""age_steps"":[0,0,40,0,0,0,40,0,0],""comm"":[1,1,0,1,1,1,0,1,1],""support"":[0,1,0,0,0,0,0,1,0]}=>{""age_steps"":[0,0,40,0,0,0,40,0,0],""comm"":[1,1,0,1,1,1,0,1,1],""support"":[0,1,0,0,0,0,0,1,0]}",stable
B,83025,26,"{""age_steps"":[0,0,40,0,0,0,40,0,0],""comm"":[1,1,0,1,1,1,0,1,1],""support"":[0,1,0,0,0,0,0,1,0]}","{""age_steps"":[0,0,40,0,0,0,40,0,0],""comm"":[1,1,0,1,1,1,0,1,1],""support"":[0,1,0,0,0,0,0,1,0]}=>{""age_steps"":[0,0,40,0,0,0,40,0,0],""comm"":[1,1,0,1,1,1,0,1,1],""support"":[0,1,0,0,0,0,0,1,0]}",stable
B,83025,27,"{""age_steps"":[0,0,40,0,0,0,40,0,0],""comm"":[1,1,0,1,1,1,0,1,1],""support"":[0,1,0,0,0,0,0,1,0]}","{""age_steps"":[0,0,40,0,0,0,40,0,0],""comm"":[1,1,0,1,1,1,0,1,1],""support"":[0,1,0,0,0,0,0,1,0]}=>{""age_steps"":[0,0,40,0,0,0,40,0,0],""comm"":[1,1,0,1,1,1,0,1,1],""support"":[0,1,0,0,0,0,0,1,0]}",stable
B,83025,28,"{""age_steps"":[0,0,40,0,0,0,40,0,0],""comm"":[1,1,0,1,1,1,0,1,1],""support"":[0,1,0,0,0,0,0,1,0]}","{""age_steps"":[0,0,40,0,0,0,40,0,0],""comm"":[1,1,0,1,1,1,0,1,1],""support"":[0,1,0,0,0,0,0,1,0]}=>{""age_steps"":[0,0,40,0,0,0,40,0,0],""comm"":[1,1,0,1,1,1,0,1,1],""support"":[0,1,0,0,0,0,0,1,0]}",stable
B,83025,29,"{""age_steps"":[0,0,40,0,0,0,40,0,0],""comm"":[1,1,0,1,1,1,0,1,1],""support"":[0,1,0,0,0,0,0,1,0]}","{""age_steps"":[0,0,40,0,0,0,40,0,0],""comm"":[1,1,0,1,1,1,0,1,1],""support"":[0,1,0,0,0,0,0,1,0]}=>{""age_steps"":[0,0,40,0,0,0,40,0,0],""comm"":[1,1,0,1,1,1,0,1,1],""support"":[0,1,0,0,0,0,0,1,0]}",stable
B,83025,30,"{""age_steps"":[0,0,40,0,0,0,40,0,0],""comm"":[1,1,0,1,1,1,0,1,1],""support"":[0,1,0,0,0,0,0,1,0]}","{""age_steps"":[0,0,40,0,0,0,40,0,0],""comm"":[1,1,0,1,1,1,0,1,1],""support"":[0,1,0,0,0,0,0,1,0]}=>{""age_steps"":[0,0,40,0,0,0,40,0,0],""comm"":[1,1,0,1,1,1,0,1,1],""support"":[0,1,0,0,0,0,0,1,0]}",stable
B,83025,31,"{""age_steps"":[0,0,40,0,0,0,40,0,0],""comm"":[1,1,0,1,1,1,0,1,1],""support"":[0,1,0,0,0,0,0,1,0]}","{""age_steps"":[0,0,40,0,0,0,40,0,0],""comm"":[1,1,0,1,1,1,0,1,1],""support"":[0,1,0,0,0,0,0,1,0]}=>{""age_steps"":[0,0,40,0,0,0,40,0,0],""comm"":[1,1,0,1,1,1,0,1,1],""support"":[0,1,0,0,0,0,0,1,0]}",stable
B,83025,32,"{""age_steps"":[0,0,40,0,0,0,40,0,0],""comm"":[1,1,0,1,1,1,0,1,1],""support"":[0,1,0,0,0,0,0,1,0]}","{""age_steps"":[0,0,40,0,0,0,40,0,0],""comm"":[1,1,0,1,1,1,0,1,1],""support"":[0,1,0,0,0,0,0,1,0]}=>{""age_steps"":[0,0,40,0,0,0,40,0,0],""comm"":[1,1,0,1,1,1,0,1,1],""support"":[0,1,0,0,0,0,0,1,0]}",stable
B,83026,1,"{""age_steps"":[0,0,40,0,0,0,40,0,0],""comm"":[1,1,0,1,1,1,0,1,1],""support"":[0,0,0,0,0,0,0,0,0]}","{""age_steps"":[0,0,40,0,0,0,40,0,0],""comm"":[1,1,0,1,1,1,0,1,1],""support"":[0,0,0,0,0,0,0,0,0]}=>{""age_steps"":[0,0,40,0,0,0,40,0,0],""comm"":[1,1,0,1,1,1,0,1,1],""support"":[0,0,0,0,0,0,0,0,0]}",stable
B,83026,2,"{""age_steps"":[0,0,40,0,0,0,40,0,0],""comm"":[1,1,0,1,1,1,0,1,1],""support"":[0,0,0,0,0,0,0,0,0]}","{""age_steps"":[0,0,40,0,0,0,40,0,0],""comm"":[1,1,0,1,1,1,0,1,1],""support"":[0,0,0,0,0,0,0,0,0]}=>{""age_steps"":[0,0,40,0,0,0,40,0,0],""comm"":[1,1,0,1,1,1,0,1,1],""support"":[0,0,0,0,0,0,0,0,0]}",stable
B,83026,3,"{""age_steps"":[0,0,40,0,0,0,40,0,0],""comm"":[1,1,0,1,1,1,0,1,1],""support"":[0,0,0,0,0,0,0,0,0]}","{""age_steps"":[0,0,40,0,0,0,40,0,0],""comm"":[1,1,0,1,1,1,0,1,1],""support"":[0,0,0,0,0,0,0,0,0]}=>{""age_steps"":[0,0,40,0,0,0,40,0,0],""comm"":[1,1,0,1,1,1,0,1,1],""support"":[0,0,0,0,0,0,0,0,0]}",stable
B,83026,4,"{""age_steps"":[0,0,40,0,0,0,40,0,0],""comm"":[1,1,0,1,1,1,0,1,1],""support"":[0,0,0,0,0,0,0,0,0]}","{""age_steps"":[0,0,40,0,0,0,40,0,0],""comm"":[1,1,0,1,1,1,0,1,1],""support"":[0,0,0,0,0,0,0,0,0]}=>{""age_steps"":[0,0,40,0,0,0,40,0,0],""comm"":[1,1,0,1,1,1,0,1,1],""support"":[0,0,0,0,0,0,0,0,0]}",stable
B,83026,5,"{""age_steps"":[0,0,40,0,0,0,40,0,0],""comm"":[1,1,0,1,1,1,0,1,1],""support"":[0,0,0,0,0,0,0,0,0]}","{""age_steps"":[0,0,40,0,0,0,40,0,0],""comm"":[1,1,0,1,1,1,0,1,1],""support"":[0,0,0,0,0,0,0,0,0]}=>{""age_steps"":[0,0,40,0,0,0,40,0,0],""comm"":[1,1,0,1,1,1,0,1,1],""support"":[0,0,0,0,0,0,0,0,0]}",stable
B,83026,6,"{""age_steps"":[0,0,40,0,0,0,40,0,0],""comm"":[1,1,0,1,1,1,0,1,1],""support"":[0,0,0,0,0,0,0,0,0]}","{""age_steps"":[0,0,40,0,0,0,40,0,0],""comm"":[1,1,0,1,1,1,0,1,1],""support"":[0,0,0,0,0,0,0,0,0]}=>{""age_steps"":[0,0,40,0,0,0,40,0,0],""comm"":[1,1,0,1,1,1,0,1,1],""support"":[0,0,0,0,0,0,0,0,0]}",stable
B,83026,7,"{""age_steps"":[0,0,40,0,0,0,40,0,0],""comm"":[1,1,0,1,1,1,0,1,1],""support"":[0,0,0,0,0,0,0,0,0]}","{""age_steps"":[0,0,40,0,0,0,40,0,0],""comm"":[1,1,0,1,1,1,0,1,1],""support"":[0,0,0,0,0,0,0,0,0]}=>{""age_steps"":[0,0,40,0,0,0,40,0,0],""comm"":[1,1,0,1,1,1,0,1,1],""support"":[0,0,0,0,0,0,0,0,0]}",stable
B,83026,8,"{""age_steps"":[0,0,40,0,0,0,40,0,0],""comm"":[1,1,0,1,1,1,0,1,1],""support"":[0,0,0,0,0,0,0,0,0]}","{""age_steps"":[0,0,40,0,0,0,40,0,0],""comm"":[1,1,0,1,1,1,0,1,1],""support"":[0,0,0,0,0,0,0,0,0]}=>{""age_steps"":[0,0,40,0,0,0,40,0,0],""comm"":[1,1,0,1,1,1,0,1,1],""support"":[0,0,0,0,0,0,0,0,0]}",stable
B,83026,9,"{""age_steps"":[0,0,40,0,0,0,40,0,0],""comm"":[1,1,0,1,1,1,0,1,1],""support"":[0,0,0,0,0,0,0,0,0]}","{""age_steps"":[0,0,40,0,0,0,40,0,0],""comm"":[1,1,0,1,1,1,0,1,1],""support"":[0,0,0,0,0,0,0,0,0]}=>{""age_steps"":[0,0,40,0,0,0,40,0,0],""comm"":[1,1,0,1,1,1,0,1,1],""support"":[0,0,0,0,0,0,0,0,0]}",stable
B,83026,10,"{""age_steps"":[0,0,40,0,0,0,40,0,0],""comm"":[1,1,0,1,1,1,0,1,1],""support"":[0,0,0,0,0,0,0,0,0]}","{""age_steps"":[0,0,40,0,0,0,40,0,0],""comm"":[1,1,0,1,1,1,0,1,1],""support"":[0,0,0,0,0,0,0,0,0]}=>{""age_steps"":[0,0,40,0,0,0,40,0,0],""comm"":[1,1,0,1,1,1,0,1,1],""support"":[0,0,0,0,0,0,0,0,0]}",stable
B,83026,11,"{""age_steps"":[0,0,40,0,0,0,40,0,0],""comm"":[1,1,0,1,1,1,0,1,1],""support"":[0,0,0,0,0,0,0,0,0]}","{""age_steps"":[0,0,40,0,0,0,40,0,0],""comm"":[1,1,0,1,1,1,0,1,1],""support"":[0,0,0,0,0,0,0,0,0]}=>{""age_steps"":[0,0,40,0,0,0,40,0,0],""comm"":[1,1,0,1,1,1,0,1,1],""support"":[0,0,0,0,0,0,0,0,0]}",stable
B,83026,12,"{""age_steps"":[0,1,40,1,0,1,40,1,0],""comm"":[1,0,0,0,1,0,0,0,1],""support"":[0,0,0,0,0,0,0,0,0]}","{""age_steps"":[0,0,40,0,0,0,40,0,0],""comm"":[1,1,0,1,1,1,0,1,1],""support"":[0,0,0,0,0,0,0,0,0]}=>{""age_steps"":[0,1,40,1,0,1,40,1,0],""comm"":[1,0,0,0,1,0,0,0,1],""support"":[0,0,0,0,0,0,0,0,0]}",loss
B,83026,13,"{""age_steps"":[0,2,40,2,0,2,40,2,0],""comm"":[1,0,0,0,1,0,0,0,1],""support"":[0,0,0,0,0,0,0,0,0]}","{""age_steps"":[0,1,40,1,0,1,40,1,0],""comm"":[1,0,0,0,1,0,0,0,1],""support"":[0,0,0,0,0,0,0,0,0]}=>{""age_steps"":[0,2,40,2,0,2,40,2,0],""comm"":[1,0,0,0,1,0,0,0,1],""support"":[0,0,0,0,0,0,0,0,0]}",stable
B,83026,14,"{""age_steps"":[0,3,40,3,0,3,40,3,0],""comm"":[1,0,0,0,1,0,0,0,1],""support"":[0,0,0,0,0,0,0,0,0]}","{""age_steps"":[0,2,40,2,0,2,40,2,0],""comm"":[1,0,0,0,1,0,0,0,1],""support"":[0,0,0,0,0,0,0,0,0]}=>{""age_steps"":[0,3,40,3,0,3,40,3,0],""comm"":[1,0,0,0,1,0,0,0,1],""support"":[0,0,0,0,0,0,0,0,0]}",stable
B,83026,15,"{""age_steps"":[0,4,40,4,0,4,40,4,0],""comm"":[1,0,0,0,1,0,0,0,1],""support"":[0,0,0,0,0,0,0,0,0]}","{""age_steps"":[0,3,40,3,0,3,40,3,0],""comm"":[1,0,0,0,1,0,0,0,1],""support"":[0,0,0,0,0,0,0,0,0]}=>{""age_steps"":[0,4,40,4,0,4,40,4,0],""comm"":[1,0,0,0,1,0,0,0,1],""support"":[0,0,0,0,0,0,0,0,0]}",stable
B,83026,16,"{""age_steps"":[0,5,40,5,0,5,40,5,0],""comm"":[1,0,0,0,1,0,0,0,1],""support"":[0,0,0,0,0,0,0,0,0]}","{""age_steps"":[0,4,40,4,0,4,40,4,0],""comm"":[1,0,0,0,1,0,0,0,1],""support"":[0,0,0,0,0,0,0,0,0]}=>{""age_steps"":[0,5,40,5,0,5,40,5,0],""comm"":[1,0,0,0,1,0,0,0,1],""support"":[0,0,0,0,0,0,0,0,0]}",stable
B,83026,17,"{""age_steps"":[0,6,40,6,0,6,40,6,0],""comm"":[1,0,0,0,1,0,0,0,1],""support"":[0,0,0,0,0,0,0,0,0]}","{""age_steps"":[0,5,40,5,0,5,40,5,0],""comm"":[1,0,0,0,1,0,0,0,1],""support"":[0,0,0,0,0,0,0,0,0]}=>{""age_steps"":[0,6,40,6,0,6,40,6,0],""comm"":[1,0,0,0,1,0,0,0,1],""support"":[0,0,0,0,0,0,0,0,0]}",stable
B,83026,18,"{""age_steps"":[0,7,40,7,0,7,40,7,0],""comm"":[1,0,0,0,1,0,0,0,1],""support"":[0,0,0,0,0,0,0,0,0]}","{""age_steps"":[0,6,40,6,0,6,40,6,0],""comm"":[1,0,0,0,1,0,0,0,1],""support"":[0,0,0,0,0,0,0,0,0]}=>{""age_steps"":[0,7,40,7,0,7,40,7,0],""comm"":[1,0,0,0,1,0,0,0,1],""support"":[0,0,0,0,0,0,0,0,0]}",stable
B,83026,19,"{""age_steps"":[0,8,40,8,0,8,40,8,0],""comm"":[1,0,0,0,1,0,0,0,1],""support"":[0,0,0,0,0,0,0,0,0]}","{""age_steps"":[0,7,40,7,0,7,40,7,0],""comm"":[1,0,0,0,1,0,0,0,1],""support"":[0,0,0,0,0,0,0,0,0]}=>{""age_steps"":[0,8,40,8,0,8,40,8,0],""comm"":[1,0,0,0,1,0,0,0,1],""support"":[0,0,0,0,0,0,0,0,0]}",stable
B,83026,20,"{""age_steps"":[0,0,40,0,0,0,40,0,0],""comm"":[1,1,0,1,1,1,0,1,1],""support"":[0,1,0,0,0,0,0,1,0]}","{""age_steps"":[0,8,40,8,0,8,40,8,0],""comm"":[1,0,0,0,1,0,0,0,1],""support"":[0,0,0,0,0,0,0,0,0]}=>{""age_steps"":[0,0,40,0,0,0,40,0,0],""comm"":[1,1,0,1,1,1,0,1,1],""support"":[0,1,0,0,0,0,0,1,0]}",recovery
B,83026,21,"{""age_steps"":[0,0,40,0,0,0,40,0,0],""comm"":[1,1,0,1,1,1,0,1,1],""support"":[0,1,0,0,0,0,0,1,0]}","{""age_steps"":[0,0,40,0,0,0,40,0,0],""comm"":[1,1,0,1,1,1,0,1,1],""support"":[0,1,0,0,0,0,0,1,0]}=>{""age_steps"":[0,0,40,0,0,0,40,0,0],""comm"":[1,1,0,1,1,1,0,1,1],""support"":[0,1,0,0,0,0,0,1,0]}",stable
B,83026,22,"{""age_steps"":[0,0,40,0,0,0,40,0,0],""comm"":[1,1,0,1,1,1,0,1,1],""support"":[0,1,0,0,0,0,0,1,0]}","{""age_steps"":[0,0,40,0,0,0,40,0,0],""comm"":[1,1,0,1,1,1,0,1,1],""support"":[0,1,0,0,0,0,0,1,0]}=>{""age_steps"":[0,0,40,0,0,0,40,0,0],""comm"":[1,1,0,1,1,1,0,1,1],""support"":[0,1,0,0,0,0,0,1,0]}",stable
B,83026,23,"{""age_steps"":[0,0,40,0,0,0,40,0,0],""comm"":[1,1,0,1,1,1,0,1,1],""support"":[0,1,0,0,0,0,0,1,0]}","{""age_steps"":[0,0,40,0,0,0,40,0,0],""comm"":[1,1,0,1,1,1,0,1,1],""support"":[0,1,0,0,0,0,0,1,0]}=>{""age_steps"":[0,0,40,0,0,0,40,0,0],""comm"":[1,1,0,1,1,1,0,1,1],""support"":[0,1,0,0,0,0,0,1,0]}",stable
B,83026,24,"{""age_steps"":[0,0,40,0,0,0,40,0,0],""comm"":[1,1,0,1,1,1,0,1,1],""support"":[0,1,0,0,0,0,0,1,0]}","{""age_steps"":[0,0,40,0,0,0,40,0,0],""comm"":[1,1,0,1,1,1,0,1,1],""support"":[0,1,0,0,0,0,0,1,0]}=>{""age_steps"":[0,0,40,0,0,0,40,0,0],""comm"":[1,1,0,1,1,1,0,1,1],""support"":[0,1,0,0,0,0,0,1,0]}",stable
B,83026,25,"{""age_steps"":[0,0,40,0,0,0,40,0,0],""comm"":[1,1,0,1,1,1,0,1,1],""support"":[0,1,0,0,0,0,0,1,0]}","{""age_steps"":[0,0,40,0,0,0,40,0,0],""comm"":[1,1,0,1,1,1,0,1,1],""support"":[0,1,0,0,0,0,0,1,0]}=>{""age_steps"":[0,0,40,0,0,0,40,0,0],""comm"":[1,1,0,1,1,1,0,1,1],""support"":[0,1,0,0,0,0,0,1,0]}",stable
B,83026,26,"{""age_steps"":[0,0,40,0,0,0,40,0,0],""comm"":[1,1,0,1,1,1,0,1,1],""support"":[0,1,0,0,0,0,0,1,0]}","{""age_steps"":[0,0,40,0,0,0,40,0,0],""comm"":[1,1,0,1,1,1,0,1,1],""support"":[0,1,0,0,0,0,0,1,0]}=>{""age_steps"":[0,0,40,0,0,0,40,0,0],""comm"":[1,1,0,1,1,1,0,1,1],""support"":[0,1,0,0,0,0,0,1,0]}",stable
B,83026,27,"{""age_steps"":[0,0,40,0,0,0,40,0,0],""comm"":[1,1,0,1,1,1,0,1,1],""support"":[0,1,0,0,0,0,0,1,0]}","{""age_steps"":[0,0,40,0,0,0,40,0,0],""comm"":[1,1,0,1,1,1,0,1,1],""support"":[0,1,0,0,0,0,0,1,0]}=>{""age_steps"":[0,0,40,0,0,0,40,0,0],""comm"":[1,1,0,1,1,1,0,1,1],""support"":[0,1,0,0,0,0,0,1,0]}",stable
B,83026,28,"{""age_steps"":[0,0,40,0,0,0,40,0,0],""comm"":[1,1,0,1,1,1,0,1,1],""support"":[0,1,0,0,0,0,0,1,0]}","{""age_steps"":[0,0,40,0,0,0,40,0,0],""comm"":[1,1,0,1,1,1,0,1,1],""support"":[0,1,0,0,0,0,0,1,0]}=>{""age_steps"":[0,0,40,0,0,0,40,0,0],""comm"":[1,1,0,1,1,1,0,1,1],""support"":[0,1,0,0,0,0,0,1,0]}",stable
B,83026,29,"{""age_steps"":[0,0,40,0,0,0,40,0,0],""comm"":[1,1,0,1,1,1,0,1,1],""support"":[0,1,0,0,0,0,0,1,0]}","{""age_steps"":[0,0,40,0,0,0,40,0,0],""comm"":[1,1,0,1,1,1,0,1,1],""support"":[0,1,0,0,0,0,0,1,0]}=>{""age_steps"":[0,0,40,0,0,0,40,0,0],""comm"":[1,1,0,1,1,1,0,1,1],""support"":[0,1,0,0,0,0,0,1,0]}",stable
B,83026,30,"{""age_steps"":[0,0,40,0,0,0,40,0,0],""comm"":[1,1,0,1,1,1,0,1,1],""support"":[0,1,0,0,0,0,0,1,0]}","{""age_steps"":[0,0,40,0,0,0,40,0,0],""comm"":[1,1,0,1,1,1,0,1,1],""support"":[0,1,0,0,0,0,0,1,0]}=>{""age_steps"":[0,0,40,0,0,0,40,0,0],""comm"":[1,1,0,1,1,1,0,1,1],""support"":[0,1,0,0,0,0,0,1,0]}",stable
B,83026,31,"{""age_steps"":[0,0,40,0,0,0,40,0,0],""comm"":[1,1,0,1,1,1,0,1,1],""support"":[0,1,0,0,0,0,0,1,0]}","{""age_steps"":[0,0,40,0,0,0,40,0,0],""comm"":[1,1,0,1,1,1,0,1,1],""support"":[0,1,0,0,0,0,0,1,0]}=>{""age_steps"":[0,0,40,0,0,0,40,0,0],""comm"":[1,1,0,1,1,1,0,1,1],""support"":[0,1,0,0,0,0,0,1,0]}",stable
B,83026,32,"{""age_steps"":[0,0,40,0,0,0,40,0,0],""comm"":[1,1,0,1,1,1,0,1,1],""support"":[0,1,0,0,0,0,0,1,0]}","{""age_steps"":[0,0,40,0,0,0,40,0,0],""comm"":[1,1,0,1,1,1,0,1,1],""support"":[0,1,0,0,0,0,0,1,0]}=>{""age_steps"":[0,0,40,0,0,0,40,0,0],""comm"":[1,1,0,1,1,1,0,1,1],""support"":[0,1,0,0,0,0,0,1,0]}",stable
B,83027,1,"{""age_steps"":[0,0,40,0,0,0,40,0,0],""comm"":[1,1,0,1,1,1,0,1,1],""support"":[0,0,0,0,0,0,0,0,0]}","{""age_steps"":[0,0,40,0,0,0,40,0,0],""comm"":[1,1,0,1,1,1,0,1,1],""support"":[0,0,0,0,0,0,0,0,0]}=>{""age_steps"":[0,0,40,0,0,0,40,0,0],""comm"":[1,1,0,1,1,1,0,1,1],""support"":[0,0,0,0,0,0,0,0,0]}",stable
B,83027,2,"{""age_steps"":[0,0,40,0,0,0,40,0,0],""comm"":[1,1,0,1,1,1,0,1,1],""support"":[0,0,0,0,0,0,0,0,0]}","{""age_steps"":[0,0,40,0,0,0,40,0,0],""comm"":[1,1,0,1,1,1,0,1,1],""support"":[0,0,0,0,0,0,0,0,0]}=>{""age_steps"":[0,0,40,0,0,0,40,0,0],""comm"":[1,1,0,1,1,1,0,1,1],""support"":[0,0,0,0,0,0,0,0,0]}",stable
B,83027,3,"{""age_steps"":[0,0,40,0,0,0,40,0,0],""comm"":[1,1,0,1,1,1,0,1,1],""support"":[0,0,0,0,0,0,0,0,0]}","{""age_steps"":[0,0,40,0,0,0,40,0,0],""comm"":[1,1,0,1,1,1,0,1,1],""support"":[0,0,0,0,0,0,0,0,0]}=>{""age_steps"":[0,0,40,0,0,0,40,0,0],""comm"":[1,1,0,1,1,1,0,1,1],""support"":[0,0,0,0,0,0,0,0,0]}",stable
B,83027,4,"{""age_steps"":[0,0,40,0,0,0,40,0,0],""comm"":[1,1,0,1,1,1,0,1,1],""support"":[0,0,0,0,0,0,0,0,0]}","{""age_steps"":[0,0,40,0,0,0,40,0,0],""comm"":[1,1,0,1,1,1,0,1,1],""support"":[0,0,0,0,0,0,0,0,0]}=>{""age_steps"":[0,0,40,0,0,0,40,0,0],""comm"":[1,1,0,1,1,1,0,1,1],""support"":[0,0,0,0,0,0,0,0,0]}",stable
B,83027,5,"{""age_steps"":[0,0,40,0,0,0,40,0,0],""comm"":[1,1,0,1,1,1,0,1,1],""support"":[0,0,0,0,0,0,0,0,0]}","{""age_steps"":[0,0,40,0,0,0,40,0,0],""comm"":[1,1,0,1,1,1,0,1,1],""support"":[0,0,0,0,0,0,0,0,0]}=>{""age_steps"":[0,0,40,0,0,0,40,0,0],""comm"":[1,1,0,1,1,1,0,1,1],""support"":[0,0,0,0,0,0,0,0,0]}",stable
B,83027,6,"{""age_steps"":[0,0,40,0,0,0,40,0,0],""comm"":[1,1,0,1,1,1,0,1,1],""support"":[0,0,0,0,0,0,0,0,0]}","{""age_steps"":[0,0,40,0,0,0,40,0,0],""comm"":[1,1,0,1,1,1,0,1,1],""support"":[0,0,0,0,0,0,0,0,0]}=>{""age_steps"":[0,0,40,0,0,0,40,0,0],""comm"":[1,1,0,1,1,1,0,1,1],""support"":[0,0,0,0,0,0,0,0,0]}",stable
B,83027,7,"{""age_steps"":[0,0,40,0,0,0,40,0,0],""comm"":[1,1,0,1,1,1,0,1,1],""support"":[0,0,0,0,0,0,0,0,0]}","{""age_steps"":[0,0,40,0,0,0,40,0,0],""comm"":[1,1,0,1,1,1,0,1,1],""support"":[0,0,0,0,0,0,0,0,0]}=>{""age_steps"":[0,0,40,0,0,0,40,0,0],""comm"":[1,1,0,1,1,1,0,1,1],""support"":[0,0,0,0,0,0,0,0,0]}",stable
B,83027,8,"{""age_steps"":[0,0,40,0,0,0,40,0,0],""comm"":[1,1,0,1,1,1,0,1,1],""support"":[0,0,0,0,0,0,0,0,0]}","{""age_steps"":[0,0,40,0,0,0,40,0,0],""comm"":[1,1,0,1,1,1,0,1,1],""support"":[0,0,0,0,0,0,0,0,0]}=>{""age_steps"":[0,0,40,0,0,0,40,0,0],""comm"":[1,1,0,1,1,1,0,1,1],""support"":[0,0,0,0,0,0,0,0,0]}",stable
B,83027,9,"{""age_steps"":[0,0,40,0,0,0,40,0,0],""comm"":[1,1,0,1,1,1,0,1,1],""support"":[0,0,0,0,0,0,0,0,0]}","{""age_steps"":[0,0,40,0,0,0,40,0,0],""comm"":[1,1,0,1,1,1,0,1,1],""support"":[0,0,0,0,0,0,0,0,0]}=>{""age_steps"":[0,0,40,0,0,0,40,0,0],""comm"":[1,1,0,1,1,1,0,1,1],""support"":[0,0,0,0,0,0,0,0,0]}",stable
B,83027,10,"{""age_steps"":[0,0,40,0,0,0,40,0,0],""comm"":[1,1,0,1,1,1,0,1,1],""support"":[0,0,0,0,0,0,0,0,0]}","{""age_steps"":[0,0,40,0,0,0,40,0,0],""comm"":[1,1,0,1,1,1,0,1,1],""support"":[0,0,0,0,0,0,0,0,0]}=>{""age_steps"":[0,0,40,0,0,0,40,0,0],""comm"":[1,1,0,1,1,1,0,1,1],""support"":[0,0,0,0,0,0,0,0,0]}",stable
B,83027,11,"{""age_steps"":[0,0,40,0,0,0,40,0,0],""comm"":[1,1,0,1,1,1,0,1,1],""support"":[0,0,0,0,0,0,0,0,0]}","{""age_steps"":[0,0,40,0,0,0,40,0,0],""comm"":[1,1,0,1,1,1,0,1,1],""support"":[0,0,0,0,0,0,0,0,0]}=>{""age_steps"":[0,0,40,0,0,0,40,0,0],""comm"":[1,1,0,1,1,1,0,1,1],""support"":[0,0,0,0,0,0,0,0,0]}",stable
B,83027,12,"{""age_steps"":[0,1,40,1,0,1,40,1,0],""comm"":[1,0,0,0,1,0,0,0,1],""support"":[0,0,0,0,0,0,0,0,0]}","{""age_steps"":[0,0,40,0,0,0,40,0,0],""comm"":[1,1,0,1,1,1,0,1,1],""support"":[0,0,0,0,0,0,0,0,0]}=>{""age_steps"":[0,1,40,1,0,1,40,1,0],""comm"":[1,0,0,0,1,0,0,0,1],""support"":[0,0,0,0,0,0,0,0,0]}",loss
B,83027,13,"{""age_steps"":[0,2,40,2,0,2,40,2,0],""comm"":[1,0,0,0,1,0,0,0,1],""support"":[0,0,0,0,0,0,0,0,0]}","{""age_steps"":[0,1,40,1,0,1,40,1,0],""comm"":[1,0,0,0,1,0,0,0,1],""support"":[0,0,0,0,0,0,0,0,0]}=>{""age_steps"":[0,2,40,2,0,2,40,2,0],""comm"":[1,0,0,0,1,0,0,0,1],""support"":[0,0,0,0,0,0,0,0,0]}",stable
B,83027,14,"{""age_steps"":[0,3,40,3,0,3,40,3,0],""comm"":[1,0,0,0,1,0,0,0,1],""support"":[0,0,0,0,0,0,0,0,0]}","{""age_steps"":[0,2,40,2,0,2,40,2,0],""comm"":[1,0,0,0,1,0,0,0,1],""support"":[0,0,0,0,0,0,0,0,0]}=>{""age_steps"":[0,3,40,3,0,3,40,3,0],""comm"":[1,0,0,0,1,0,0,0,1],""support"":[0,0,0,0,0,0,0,0,0]}",stable
B,83027,15,"{""age_steps"":[0,4,40,4,0,4,40,4,0],""comm"":[1,0,0,0,1,0,0,0,1],""support"":[0,0,0,0,0,0,0,0,0]}","{""age_steps"":[0,3,40,3,0,3,40,3,0],""comm"":[1,0,0,0,1,0,0,0,1],""support"":[0,0,0,0,0,0,0,0,0]}=>{""age_steps"":[0,4,40,4,0,4,40,4,0],""comm"":[1,0,0,0,1,0,0,0,1],""support"":[0,0,0,0,0,0,0,0,0]}",stable
B,83027,16,"{""age_steps"":[0,5,40,5,0,5,40,5,0],""comm"":[1,0,0,0,1,0,0,0,1],""support"":[0,0,0,0,0,0,0,0,0]}","{""age_steps"":[0,4,40,4,0,4,40,4,0],""comm"":[1,0,0,0,1,0,0,0,1],""support"":[0,0,0,0,0,0,0,0,0]}=>{""age_steps"":[0,5,40,5,0,5,40,5,0],""comm"":[1,0,0,0,1,0,0,0,1],""support"":[0,0,0,0,0,0,0,0,0]}",stable
B,83027,17,"{""age_steps"":[0,6,40,6,0,6,40,6,0],""comm"":[1,0,0,0,1,0,0,0,1],""support"":[0,0,0,0,0,0,0,0,0]}","{""age_steps"":[0,5,40,5,0,5,40,5,0],""comm"":[1,0,0,0,1,0,0,0,1],""support"":[0,0,0,0,0,0,0,0,0]}=>{""age_steps"":[0,6,40,6,0,6,40,6,0],""comm"":[1,0,0,0,1,0,0,0,1],""support"":[0,0,0,0,0,0,0,0,0]}",stable
B,83027,18,"{""age_steps"":[0,7,40,7,0,7,40,7,0],""comm"":[1,0,0,0,1,0,0,0,1],""support"":[0,0,0,0,0,0,0,0,0]}","{""age_steps"":[0,6,40,6,0,6,40,6,0],""comm"":[1,0,0,0,1,0,0,0,1],""support"":[0,0,0,0,0,0,0,0,0]}=>{""age_steps"":[0,7,40,7,0,7,40,7,0],""comm"":[1,0,0,0,1,0,0,0,1],""support"":[0,0,0,0,0,0,0,0,0]}",stable
B,83027,19,"{""age_steps"":[0,8,40,8,0,8,40,8,0],""comm"":[1,0,0,0,1,0,0,0,1],""support"":[0,0,0,0,0,0,0,0,0]}","{""age_steps"":[0,7,40,7,0,7,40,7,0],""comm"":[1,0,0,0,1,0,0,0,1],""support"":[0,0,0,0,0,0,0,0,0]}=>{""age_steps"":[0,8,40,8,0,8,40,8,0],""comm"":[1,0,0,0,1,0,0,0,1],""support"":[0,0,0,0,0,0,0,0,0]}",stable
B,83027,20,"{""age_steps"":[0,0,40,0,0,0,40,0,0],""comm"":[1,1,0,1,1,1,0,1,1],""support"":[0,1,0,0,0,0,0,1,0]}","{""age_steps"":[0,8,40,8,0,8,40,8,0],""comm"":[1,0,0,0,1,0,0,0,1],""support"":[0,0,0,0,0,0,0,0,0]}=>{""age_steps"":[0,0,40,0,0,0,40,0,0],""comm"":[1,1,0,1,1,1,0,1,1],""support"":[0,1,0,0,0,0,0,1,0]}",recovery
B,83027,21,"{""age_steps"":[0,0,40,0,0,0,40,0,0],""comm"":[1,1,0,1,1,1,0,1,1],""support"":[0,1,0,0,0,0,0,1,0]}","{""age_steps"":[0,0,40,0,0,0,40,0,0],""comm"":[1,1,0,1,1,1,0,1,1],""support"":[0,1,0,0,0,0,0,1,0]}=>{""age_steps"":[0,0,40,0,0,0,40,0,0],""comm"":[1,1,0,1,1,1,0,1,1],""support"":[0,1,0,0,0,0,0,1,0]}",stable
B,83027,22,"{""age_steps"":[0,0,40,0,0,0,40,0,0],""comm"":[1,1,0,1,1,1,0,1,1],""support"":[0,1,0,0,0,0,0,1,0]}","{""age_steps"":[0,0,40,0,0,0,40,0,0],""comm"":[1,1,0,1,1,1,0,1,1],""support"":[0,1,0,0,0,0,0,1,0]}=>{""age_steps"":[0,0,40,0,0,0,40,0,0],""comm"":[1,1,0,1,1,1,0,1,1],""support"":[0,1,0,0,0,0,0,1,0]}",stable
B,83027,23,"{""age_steps"":[0,0,40,0,0,0,40,0,0],""comm"":[1,1,0,1,1,1,0,1,1],""support"":[0,1,0,0,0,0,0,1,0]}","{""age_steps"":[0,0,40,0,0,0,40,0,0],""comm"":[1,1,0,1,1,1,0,1,1],""support"":[0,1,0,0,0,0,0,1,0]}=>{""age_steps"":[0,0,40,0,0,0,40,0,0],""comm"":[1,1,0,1,1,1,0,1,1],""support"":[0,1,0,0,0,0,0,1,0]}",stable
B,83027,24,"{""age_steps"":[0,0,40,0,0,0,40,0,0],""comm"":[1,1,0,1,1,1,0,1,1],""support"":[0,1,0,0,0,0,0,1,0]}","{""age_steps"":[0,0,40,0,0,0,40,0,0],""comm"":[1,1,0,1,1,1,0,1,1],""support"":[0,1,0,0,0,0,0,1,0]}=>{""age_steps"":[0,0,40,0,0,0,40,0,0],""comm"":[1,1,0,1,1,1,0,1,1],""support"":[0,1,0,0,0,0,0,1,0]}",stable
B,83027,25,"{""age_steps"":[0,0,40,0,0,0,40,0,0],""comm"":[1,1,0,1,1,1,0,1,1],""support"":[0,1,0,0,0,0,0,1,0]}","{""age_steps"":[0,0,40,0,0,0,40,0,0],""comm"":[1,1,0,1,1,1,0,1,1],""support"":[0,1,0,0,0,0,0,1,0]}=>{""age_steps"":[0,0,40,0,0,0,40,0,0],""comm"":[1,1,0,1,1,1,0,1,1],""support"":[0,1,0,0,0,0,0,1,0]}",stable
B,83027,26,"{""age_steps"":[0,0,40,0,0,0,40,0,0],""comm"":[1,1,0,1,1,1,0,1,1],""support"":[0,1,0,0,0,0,0,1,0]}","{""age_steps"":[0,0,40,0,0,0,40,0,0],""comm"":[1,1,0,1,1,1,0,1,1],""support"":[0,1,0,0,0,0,0,1,0]}=>{""age_steps"":[0,0,40,0,0,0,40,0,0],""comm"":[1,1,0,1,1,1,0,1,1],""support"":[0,1,0,0,0,0,0,1,0]}",stable
B,83027,27,"{""age_steps"":[0,0,40,0,0,0,40,0,0],""comm"":[1,1,0,1,1,1,0,1,1],""support"":[0,1,0,0,0,0,0,1,0]}","{""age_steps"":[0,0,40,0,0,0,40,0,0],""comm"":[1,1,0,1,1,1,0,1,1],""support"":[0,1,0,0,0,0,0,1,0]}=>{""age_steps"":[0,0,40,0,0,0,40,0,0],""comm"":[1,1,0,1,1,1,0,1,1],""support"":[0,1,0,0,0,0,0,1,0]}",stable
B,83027,28,"{""age_steps"":[0,0,40,0,0,0,40,0,0],""comm"":[1,1,0,1,1,1,0,1,1],""support"":[0,1,0,0,0,0,0,1,0]}","{""age_steps"":[0,0,40,0,0,0,40,0,0],""comm"":[1,1,0,1,1,1,0,1,1],""support"":[0,1,0,0,0,0,0,1,0]}=>{""age_steps"":[0,0,40,0,0,0,40,0,0],""comm"":[1,1,0,1,1,1,0,1,1],""support"":[0,1,0,0,0,0,0,1,0]}",stable
B,83027,29,"{""age_steps"":[0,0,40,0,0,0,40,0,0],""comm"":[1,1,0,1,1,1,0,1,1],""support"":[0,1,0,0,0,0,0,1,0]}","{""age_steps"":[0,0,40,0,0,0,40,0,0],""comm"":[1,1,0,1,1,1,0,1,1],""support"":[0,1,0,0,0,0,0,1,0]}=>{""age_steps"":[0,0,40,0,0,0,40,0,0],""comm"":[1,1,0,1,1,1,0,1,1],""support"":[0,1,0,0,0,0,0,1,0]}",stable
B,83027,30,"{""age_steps"":[0,0,40,0,0,0,40,0,0],""comm"":[1,1,0,1,1,1,0,1,1],""support"":[0,1,0,0,0,0,0,1,0]}","{""age_steps"":[0,0,40,0,0,0,40,0,0],""comm"":[1,1,0,1,1,1,0,1,1],""support"":[0,1,0,0,0,0,0,1,0]}=>{""age_steps"":[0,0,40,0,0,0,40,0,0],""comm"":[1,1,0,1,1,1,0,1,1],""support"":[0,1,0,0,0,0,0,1,0]}",stable
B,83027,31,"{""age_steps"":[0,0,40,0,0,0,40,0,0],""comm"":[1,1,0,1,1,1,0,1,1],""support"":[0,1,0,0,0,0,0,1,0]}","{""age_steps"":[0,0,40,0,0,0,40,0,0],""comm"":[1,1,0,1,1,1,0,1,1],""support"":[0,1,0,0,0,0,0,1,0]}=>{""age_steps"":[0,0,40,0,0,0,40,0,0],""comm"":[1,1,0,1,1,1,0,1,1],""support"":[0,1,0,0,0,0,0,1,0]}",stable
B,83027,32,"{""age_steps"":[0,0,40,0,0,0,40,0,0],""comm"":[1,1,0,1,1,1,0,1,1],""support"":[0,1,0,0,0,0,0,1,0]}","{""age_steps"":[0,0,40,0,0,0,40,0,0],""comm"":[1,1,0,1,1,1,0,1,1],""support"":[0,1,0,0,0,0,0,1,0]}=>{""age_steps"":[0,0,40,0,0,0,40,0,0],""comm"":[1,1,0,1,1,1,0,1,1],""support"":[0,1,0,0,0,0,0,1,0]}",stable
B,83028,1,"{""age_steps"":[0,0,40,0,0,0,40,0,0],""comm"":[1,1,0,1,1,1,0,1,1],""support"":[0,0,0,0,0,0,0,0,0]}","{""age_steps"":[0,0,40,0,0,0,40,0,0],""comm"":[1,1,0,1,1,1,0,1,1],""support"":[0,0,0,0,0,0,0,0,0]}=>{""age_steps"":[0,0,40,0,0,0,40,0,0],""comm"":[1,1,0,1,1,1,0,1,1],""support"":[0,0,0,0,0,0,0,0,0]}",stable
B,83028,2,"{""age_steps"":[0,0,40,0,0,0,40,0,0],""comm"":[1,1,0,1,1,1,0,1,1],""support"":[0,0,0,0,0,0,0,0,0]}","{""age_steps"":[0,0,40,0,0,0,40,0,0],""comm"":[1,1,0,1,1,1,0,1,1],""support"":[0,0,0,0,0,0,0,0,0]}=>{""age_steps"":[0,0,40,0,0,0,40,0,0],""comm"":[1,1,0,1,1,1,0,1,1],""support"":[0,0,0,0,0,0,0,0,0]}",stable
B,83028,3,"{""age_steps"":[0,0,40,0,0,0,40,0,0],""comm"":[1,1,0,1,1,1,0,1,1],""support"":[0,0,0,0,0,0,0,0,0]}","{""age_steps"":[0,0,40,0,0,0,40,0,0],""comm"":[1,1,0,1,1,1,0,1,1],""support"":[0,0,0,0,0,0,0,0,0]}=>{""age_steps"":[0,0,40,0,0,0,40,0,0],""comm"":[1,1,0,1,1,1,0,1,1],""support"":[0,0,0,0,0,0,0,0,0]}",stable
B,83028,4,"{""age_steps"":[0,0,40,0,0,0,40,0,0],""comm"":[1,1,0,1,1,1,0,1,1],""support"":[0,0,0,0,0,0,0,0,0]}","{""age_steps"":[0,0,40,0,0,0,40,0,0],""comm"":[1,1,0,1,1,1,0,1,1],""support"":[0,0,0,0,0,0,0,0,0]}=>{""age_steps"":[0,0,40,0,0,0,40,0,0],""comm"":[1,1,0,1,1,1,0,1,1],""support"":[0,0,0,0,0,0,0,0,0]}",stable
B,83028,5,"{""age_steps"":[0,0,40,0,0,0,40,0,0],""comm"":[1,1,0,1,1,1,0,1,1],""support"":[0,0,0,0,0,0,0,0,0]}","{""age_steps"":[0,0,40,0,0,0,40,0,0],""comm"":[1,1,0,1,1,1,0,1,1],""support"":[0,0,0,0,0,0,0,0,0]}=>{""age_steps"":[0,0,40,0,0,0,40,0,0],""comm"":[1,1,0,1,1,1,0,1,1],""support"":[0,0,0,0,0,0,0,0,0]}",stable
B,83028,6,"{""age_steps"":[0,0,40,0,0,0,40,0,0],""comm"":[1,1,0,1,1,1,0,1,1],""support"":[0,0,0,0,0,0,0,0,0]}","{""age_steps"":[0,0,40,0,0,0,40,0,0],""comm"":[1,1,0,1,1,1,0,1,1],""support"":[0,0,0,0,0,0,0,0,0]}=>{""age_steps"":[0,0,40,0,0,0,40,0,0],""comm"":[1,1,0,1,1,1,0,1,1],""support"":[0,0,0,0,0,0,0,0,0]}",stable
B,83028,7,"{""age_steps"":[0,0,40,0,0,0,40,0,0],""comm"":[1,1,0,1,1,1,0,1,1],""support"":[0,0,0,0,0,0,0,0,0]}","{""age_steps"":[0,0,40,0,0,0,40,0,0],""comm"":[1,1,0,1,1,1,0,1,1],""support"":[0,0,0,0,0,0,0,0,0]}=>{""age_steps"":[0,0,40,0,0,0,40,0,0],""comm"":[1,1,0,1,1,1,0,1,1],""support"":[0,0,0,0,0,0,0,0,0]}",stable
B,83028,8,"{""age_steps"":[0,0,40,0,0,0,40,0,0],""comm"":[1,1,0,1,1,1,0,1,1],""support"":[0,0,0,0,0,0,0,0,0]}","{""age_steps"":[0,0,40,0,0,0,40,0,0],""comm"":[1,1,0,1,1,1,0,1,1],""support"":[0,0,0,0,0,0,0,0,0]}=>{""age_steps"":[0,0,40,0,0,0,40,0,0],""comm"":[1,1,0,1,1,1,0,1,1],""support"":[0,0,0,0,0,0,0,0,0]}",stable
B,83028,9,"{""age_steps"":[0,0,40,0,0,0,40,0,0],""comm"":[1,1,0,1,1,1,0,1,1],""support"":[0,0,0,0,0,0,0,0,0]}","{""age_steps"":[0,0,40,0,0,0,40,0,0],""comm"":[1,1,0,1,1,1,0,1,1],""support"":[0,0,0,0,0,0,0,0,0]}=>{""age_steps"":[0,0,40,0,0,0,40,0,0],""comm"":[1,1,0,1,1,1,0,1,1],""support"":[0,0,0,0,0,0,0,0,0]}",stable
B,83028,10,"{""age_steps"":[0,0,40,0,0,0,40,0,0],""comm"":[1,1,0,1,1,1,0,1,1],""support"":[0,0,0,0,0,0,0,0,0]}","{""age_steps"":[0,0,40,0,0,0,40,0,0],""comm"":[1,1,0,1,1,1,0,1,1],""support"":[0,0,0,0,0,0,0,0,0]}=>{""age_steps"":[0,0,40,0,0,0,40,0,0],""comm"":[1,1,0,1,1,1,0,1,1],""support"":[0,0,0,0,0,0,0,0,0]}",stable
B,83028,11,"{""age_steps"":[0,0,40,0,0,0,40,0,0],""comm"":[1,1,0,1,1,1,0,1,1],""support"":[0,0,0,0,0,0,0,0,0]}","{""age_steps"":[0,0,40,0,0,0,40,0,0],""comm"":[1,1,0,1,1,1,0,1,1],""support"":[0,0,0,0,0,0,0,0,0]}=>{""age_steps"":[0,0,40,0,0,0,40,0,0],""comm"":[1,1,0,1,1,1,0,1,1],""support"":[0,0,0,0,0,0,0,0,0]}",stable
B,83028,12,"{""age_steps"":[0,1,40,1,0,1,40,1,0],""comm"":[1,0,0,0,1,0,0,0,1],""support"":[0,0,0,0,0,0,0,0,0]}","{""age_steps"":[0,0,40,0,0,0,40,0,0],""comm"":[1,1,0,1,1,1,0,1,1],""support"":[0,0,0,0,0,0,0,0,0]}=>{""age_steps"":[0,1,40,1,0,1,40,1,0],""comm"":[1,0,0,0,1,0,0,0,1],""support"":[0,0,0,0,0,0,0,0,0]}",loss
B,83028,13,"{""age_steps"":[0,2,40,2,0,2,40,2,0],""comm"":[1,0,0,0,1,0,0,0,1],""support"":[0,0,0,0,0,0,0,0,0]}","{""age_steps"":[0,1,40,1,0,1,40,1,0],""comm"":[1,0,0,0,1,0,0,0,1],""support"":[0,0,0,0,0,0,0,0,0]}=>{""age_steps"":[0,2,40,2,0,2,40,2,0],""comm"":[1,0,0,0,1,0,0,0,1],""support"":[0,0,0,0,0,0,0,0,0]}",stable
B,83028,14,"{""age_steps"":[0,3,40,3,0,3,40,3,0],""comm"":[1,0,0,0,1,0,0,0,1],""support"":[0,0,0,0,0,0,0,0,0]}","{""age_steps"":[0,2,40,2,0,2,40,2,0],""comm"":[1,0,0,0,1,0,0,0,1],""support"":[0,0,0,0,0,0,0,0,0]}=>{""age_steps"":[0,3,40,3,0,3,40,3,0],""comm"":[1,0,0,0,1,0,0,0,1],""support"":[0,0,0,0,0,0,0,0,0]}",stable
B,83028,15,"{""age_steps"":[0,4,40,4,0,4,40,4,0],""comm"":[1,0,0,0,1,0,0,0,1],""support"":[0,0,0,0,0,0,0,0,0]}","{""age_steps"":[0,3,40,3,0,3,40,3,0],""comm"":[1,0,0,0,1,0,0,0,1],""support"":[0,0,0,0,0,0,0,0,0]}=>{""age_steps"":[0,4,40,4,0,4,40,4,0],""comm"":[1,0,0,0,1,0,0,0,1],""support"":[0,0,0,0,0,0,0,0,0]}",stable
B,83028,16,"{""age_steps"":[0,5,40,5,0,5,40,5,0],""comm"":[1,0,0,0,1,0,0,0,1],""support"":[0,0,0,0,0,0,0,0,0]}","{""age_steps"":[0,4,40,4,0,4,40,4,0],""comm"":[1,0,0,0,1,0,0,0,1],""support"":[0,0,0,0,0,0,0,0,0]}=>{""age_steps"":[0,5,40,5,0,5,40,5,0],""comm"":[1,0,0,0,1,0,0,0,1],""support"":[0,0,0,0,0,0,0,0,0]}",stable
B,83028,17,"{""age_steps"":[0,6,40,6,0,6,40,6,0],""comm"":[1,0,0,0,1,0,0,0,1],""support"":[0,0,0,0,0,0,0,0,0]}","{""age_steps"":[0,5,40,5,0,5,40,5,0],""comm"":[1,0,0,0,1,0,0,0,1],""support"":[0,0,0,0,0,0,0,0,0]}=>{""age_steps"":[0,6,40,6,0,6,40,6,0],""comm"":[1,0,0,0,1,0,0,0,1],""support"":[0,0,0,0,0,0,0,0,0]}",stable
B,83028,18,"{""age_steps"":[0,7,40,7,0,7,40,7,0],""comm"":[1,0,0,0,1,0,0,0,1],""support"":[0,0,0,0,0,0,0,0,0]}","{""age_steps"":[0,6,40,6,0,6,40,6,0],""comm"":[1,0,0,0,1,0,0,0,1],""support"":[0,0,0,0,0,0,0,0,0]}=>{""age_steps"":[0,7,40,7,0,7,40,7,0],""comm"":[1,0,0,0,1,0,0,0,1],""support"":[0,0,0,0,0,0,0,0,0]}",stable
B,83028,19,"{""age_steps"":[0,8,40,8,0,8,40,8,0],""comm"":[1,0,0,0,1,0,0,0,1],""support"":[0,0,0,0,0,0,0,0,0]}","{""age_steps"":[0,7,40,7,0,7,40,7,0],""comm"":[1,0,0,0,1,0,0,0,1],""support"":[0,0,0,0,0,0,0,0,0]}=>{""age_steps"":[0,8,40,8,0,8,40,8,0],""comm"":[1,0,0,0,1,0,0,0,1],""support"":[0,0,0,0,0,0,0,0,0]}",stable
B,83028,20,"{""age_steps"":[0,0,40,0,0,0,40,0,0],""comm"":[1,1,0,1,1,1,0,1,1],""support"":[0,1,0,0,0,0,0,1,0]}","{""age_steps"":[0,8,40,8,0,8,40,8,0],""comm"":[1,0,0,0,1,0,0,0,1],""support"":[0,0,0,0,0,0,0,0,0]}=>{""age_steps"":[0,0,40,0,0,0,40,0,0],""comm"":[1,1,0,1,1,1,0,1,1],""support"":[0,1,0,0,0,0,0,1,0]}",recovery
B,83028,21,"{""age_steps"":[0,0,40,0,0,0,40,0,0],""comm"":[1,1,0,1,1,1,0,1,1],""support"":[0,1,0,0,0,0,0,1,0]}","{""age_steps"":[0,0,40,0,0,0,40,0,0],""comm"":[1,1,0,1,1,1,0,1,1],""support"":[0,1,0,0,0,0,0,1,0]}=>{""age_steps"":[0,0,40,0,0,0,40,0,0],""comm"":[1,1,0,1,1,1,0,1,1],""support"":[0,1,0,0,0,0,0,1,0]}",stable
B,83028,22,"{""age_steps"":[0,0,40,0,0,0,40,0,0],""comm"":[1,1,0,1,1,1,0,1,1],""support"":[0,1,0,0,0,0,0,1,0]}","{""age_steps"":[0,0,40,0,0,0,40,0,0],""comm"":[1,1,0,1,1,1,0,1,1],""support"":[0,1,0,0,0,0,0,1,0]}=>{""age_steps"":[0,0,40,0,0,0,40,0,0],""comm"":[1,1,0,1,1,1,0,1,1],""support"":[0,1,0,0,0,0,0,1,0]}",stable
B,83028,23,"{""age_steps"":[0,0,40,0,0,0,40,0,0],""comm"":[1,1,0,1,1,1,0,1,1],""support"":[0,1,0,0,0,0,0,1,0]}","{""age_steps"":[0,0,40,0,0,0,40,0,0],""comm"":[1,1,0,1,1,1,0,1,1],""support"":[0,1,0,0,0,0,0,1,0]}=>{""age_steps"":[0,0,40,0,0,0,40,0,0],""comm"":[1,1,0,1,1,1,0,1,1],""support"":[0,1,0,0,0,0,0,1,0]}",stable
B,83028,24,"{""age_steps"":[0,0,40,0,0,0,40,0,0],""comm"":[1,1,0,1,1,1,0,1,1],""support"":[0,1,0,0,0,0,0,1,0]}","{""age_steps"":[0,0,40,0,0,0,40,0,0],""comm"":[1,1,0,1,1,1,0,1,1],""support"":[0,1,0,0,0,0,0,1,0]}=>{""age_steps"":[0,0,40,0,0,0,40,0,0],""comm"":[1,1,0,1,1,1,0,1,1],""support"":[0,1,0,0,0,0,0,1,0]}",stable
B,83028,25,"{""age_steps"":[0,0,40,0,0,0,40,0,0],""comm"":[1,1,0,1,1,1,0,1,1],""support"":[0,1,0,0,0,0,0,1,0]}","{""age_steps"":[0,0,40,0,0,0,40,0,0],""comm"":[1,1,0,1,1,1,0,1,1],""support"":[0,1,0,0,0,0,0,1,0]}=>{""age_steps"":[0,0,40,0,0,0,40,0,0],""comm"":[1,1,0,1,1,1,0,1,1],""support"":[0,1,0,0,0,0,0,1,0]}",stable
B,83028,26,"{""age_steps"":[0,0,40,0,0,0,40,0,0],""comm"":[1,1,0,1,1,1,0,1,1],""support"":[0,1,0,0,0,0,0,1,0]}","{""age_steps"":[0,0,40,0,0,0,40,0,0],""comm"":[1,1,0,1,1,1,0,1,1],""support"":[0,1,0,0,0,0,0,1,0]}=>{""age_steps"":[0,0,40,0,0,0,40,0,0],""comm"":[1,1,0,1,1,1,0,1,1],""support"":[0,1,0,0,0,0,0,1,0]}",stable
B,83028,27,"{""age_steps"":[0,0,40,0,0,0,40,0,0],""comm"":[1,1,0,1,1,1,0,1,1],""support"":[0,1,0,0,0,0,0,1,0]}","{""age_steps"":[0,0,40,0,0,0,40,0,0],""comm"":[1,1,0,1,1,1,0,1,1],""support"":[0,1,0,0,0,0,0,1,0]}=>{""age_steps"":[0,0,40,0,0,0,40,0,0],""comm"":[1,1,0,1,1,1,0,1,1],""support"":[0,1,0,0,0,0,0,1,0]}",stable
B,83028,28,"{""age_steps"":[0,0,40,0,0,0,40,0,0],""comm"":[1,1,0,1,1,1,0,1,1],""support"":[0,1,0,0,0,0,0,1,0]}","{""age_steps"":[0,0,40,0,0,0,40,0,0],""comm"":[1,1,0,1,1,1,0,1,1],""support"":[0,1,0,0,0,0,0,1,0]}=>{""age_steps"":[0,0,40,0,0,0,40,0,0],""comm"":[1,1,0,1,1,1,0,1,1],""support"":[0,1,0,0,0,0,0,1,0]}",stable
B,83028,29,"{""age_steps"":[0,0,40,0,0,0,40,0,0],""comm"":[1,1,0,1,1,1,0,1,1],""support"":[0,1,0,0,0,0,0,1,0]}","{""age_steps"":[0,0,40,0,0,0,40,0,0],""comm"":[1,1,0,1,1,1,0,1,1],""support"":[0,1,0,0,0,0,0,1,0]}=>{""age_steps"":[0,0,40,0,0,0,40,0,0],""comm"":[1,1,0,1,1,1,0,1,1],""support"":[0,1,0,0,0,0,0,1,0]}",stable
B,83028,30,"{""age_steps"":[0,0,40,0,0,0,40,0,0],""comm"":[1,1,0,1,1,1,0,1,1],""support"":[0,1,0,0,0,0,0,1,0]}","{""age_steps"":[0,0,40,0,0,0,40,0,0],""comm"":[1,1,0,1,1,1,0,1,1],""support"":[0,1,0,0,0,0,0,1,0]}=>{""age_steps"":[0,0,40,0,0,0,40,0,0],""comm"":[1,1,0,1,1,1,0,1,1],""support"":[0,1,0,0,0,0,0,1,0]}",stable
B,83028,31,"{""age_steps"":[0,0,40,0,0,0,40,0,0],""comm"":[1,1,0,1,1,1,0,1,1],""support"":[0,1,0,0,0,0,0,1,0]}","{""age_steps"":[0,0,40,0,0,0,40,0,0],""comm"":[1,1,0,1,1,1,0,1,1],""support"":[0,1,0,0,0,0,0,1,0]}=>{""age_steps"":[0,0,40,0,0,0,40,0,0],""comm"":[1,1,0,1,1,1,0,1,1],""support"":[0,1,0,0,0,0,0,1,0]}",stable
B,83028,32,"{""age_steps"":[0,0,40,0,0,0,40,0,0],""comm"":[1,1,0,1,1,1,0,1,1],""support"":[0,1,0,0,0,0,0,1,0]}","{""age_steps"":[0,0,40,0,0,0,40,0,0],""comm"":[1,1,0,1,1,1,0,1,1],""support"":[0,1,0,0,0,0,0,1,0]}=>{""age_steps"":[0,0,40,0,0,0,40,0,0],""comm"":[1,1,0,1,1,1,0,1,1],""support"":[0,1,0,0,0,0,0,1,0]}",stable
B,83029,1,"{""age_steps"":[0,0,40,0,0,0,40,0,0],""comm"":[1,1,0,1,1,1,0,1,1],""support"":[0,0,0,0,0,0,0,0,0]}","{""age_steps"":[0,0,40,0,0,0,40,0,0],""comm"":[1,1,0,1,1,1,0,1,1],""support"":[0,0,0,0,0,0,0,0,0]}=>{""age_steps"":[0,0,40,0,0,0,40,0,0],""comm"":[1,1,0,1,1,1,0,1,1],""support"":[0,0,0,0,0,0,0,0,0]}",stable
B,83029,2,"{""age_steps"":[0,0,40,0,0,0,40,0,0],""comm"":[1,1,0,1,1,1,0,1,1],""support"":[0,0,0,0,0,0,0,0,0]}","{""age_steps"":[0,0,40,0,0,0,40,0,0],""comm"":[1,1,0,1,1,1,0,1,1],""support"":[0,0,0,0,0,0,0,0,0]}=>{""age_steps"":[0,0,40,0,0,0,40,0,0],""comm"":[1,1,0,1,1,1,0,1,1],""support"":[0,0,0,0,0,0,0,0,0]}",stable
B,83029,3,"{""age_steps"":[0,0,40,0,0,0,40,0,0],""comm"":[1,1,0,1,1,1,0,1,1],""support"":[0,0,0,0,0,0,0,0,0]}","{""age_steps"":[0,0,40,0,0,0,40,0,0],""comm"":[1,1,0,1,1,1,0,1,1],""support"":[0,0,0,0,0,0,0,0,0]}=>{""age_steps"":[0,0,40,0,0,0,40,0,0],""comm"":[1,1,0,1,1,1,0,1,1],""support"":[0,0,0,0,0,0,0,0,0]}",stable
B,83029,4,"{""age_steps"":[0,0,40,0,0,0,40,0,0],""comm"":[1,1,0,1,1,1,0,1,1],""support"":[0,0,0,0,0,0,0,0,0]}","{""age_steps"":[0,0,40,0,0,0,40,0,0],""comm"":[1,1,0,1,1,1,0,1,1],""support"":[0,0,0,0,0,0,0,0,0]}=>{""age_steps"":[0,0,40,0,0,0,40,0,0],""comm"":[1,1,0,1,1,1,0,1,1],""support"":[0,0,0,0,0,0,0,0,0]}",stable
B,83029,5,"{""age_steps"":[0,0,40,0,0,0,40,0,0],""comm"":[1,1,0,1,1,1,0,1,1],""support"":[0,0,0,0,0,0,0,0,0]}","{""age_steps"":[0,0,40,0,0,0,40,0,0],""comm"":[1,1,0,1,1,1,0,1,1],""support"":[0,0,0,0,0,0,0,0,0]}=>{""age_steps"":[0,0,40,0,0,0,40,0,0],""comm"":[1,1,0,1,1,1,0,1,1],""support"":[0,0,0,0,0,0,0,0,0]}",stable
B,83029,6,"{""age_steps"":[0,0,40,0,0,0,40,0,0],""comm"":[1,1,0,1,1,1,0,1,1],""support"":[0,0,0,0,0,0,0,0,0]}","{""age_steps"":[0,0,40,0,0,0,40,0,0],""comm"":[1,1,0,1,1,1,0,1,1],""support"":[0,0,0,0,0,0,0,0,0]}=>{""age_steps"":[0,0,40,0,0,0,40,0,0],""comm"":[1,1,0,1,1,1,0,1,1],""support"":[0,0,0,0,0,0,0,0,0]}",stable
B,83029,7,"{""age_steps"":[0,0,40,0,0,0,40,0,0],""comm"":[1,1,0,1,1,1,0,1,1],""support"":[0,0,0,0,0,0,0,0,0]}","{""age_steps"":[0,0,40,0,0,0,40,0,0],""comm"":[1,1,0,1,1,1,0,1,1],""support"":[0,0,0,0,0,0,0,0,0]}=>{""age_steps"":[0,0,40,0,0,0,40,0,0],""comm"":[1,1,0,1,1,1,0,1,1],""support"":[0,0,0,0,0,0,0,0,0]}",stable
B,83029,8,"{""age_steps"":[0,0,40,0,0,0,40,0,0],""comm"":[1,1,0,1,1,1,0,1,1],""support"":[0,0,0,0,0,0,0,0,0]}","{""age_steps"":[0,0,40,0,0,0,40,0,0],""comm"":[1,1,0,1,1,1,0,1,1],""support"":[0,0,0,0,0,0,0,0,0]}=>{""age_steps"":[0,0,40,0,0,0,40,0,0],""comm"":[1,1,0,1,1,1,0,1,1],""support"":[0,0,0,0,0,0,0,0,0]}",stable
B,83029,9,"{""age_steps"":[0,0,40,0,0,0,40,0,0],""comm"":[1,1,0,1,1,1,0,1,1],""support"":[0,0,0,0,0,0,0,0,0]}","{""age_steps"":[0,0,40,0,0,0,40,0,0],""comm"":[1,1,0,1,1,1,0,1,1],""support"":[0,0,0,0,0,0,0,0,0]}=>{""age_steps"":[0,0,40,0,0,0,40,0,0],""comm"":[1,1,0,1,1,1,0,1,1],""support"":[0,0,0,0,0,0,0,0,0]}",stable
B,83029,10,"{""age_steps"":[0,0,40,0,0,0,40,0,0],""comm"":[1,1,0,1,1,1,0,1,1],""support"":[0,0,0,0,0,0,0,0,0]}","{""age_steps"":[0,0,40,0,0,0,40,0,0],""comm"":[1,1,0,1,1,1,0,1,1],""support"":[0,0,0,0,0,0,0,0,0]}=>{""age_steps"":[0,0,40,0,0,0,40,0,0],""comm"":[1,1,0,1,1,1,0,1,1],""support"":[0,0,0,0,0,0,0,0,0]}",stable
B,83029,11,"{""age_steps"":[0,0,40,0,0,0,40,0,0],""comm"":[1,1,0,1,1,1,0,1,1],""support"":[0,0,0,0,0,0,0,0,0]}","{""age_steps"":[0,0,40,0,0,0,40,0,0],""comm"":[1,1,0,1,1,1,0,1,1],""support"":[0,0,0,0,0,0,0,0,0]}=>{""age_steps"":[0,0,40,0,0,0,40,0,0],""comm"":[1,1,0,1,1,1,0,1,1],""support"":[0,0,0,0,0,0,0,0,0]}",stable
B,83029,12,"{""age_steps"":[0,1,40,1,0,1,40,1,0],""comm"":[1,0,0,0,1,0,0,0,1],""support"":[0,0,0,0,0,0,0,0,0]}","{""age_steps"":[0,0,40,0,0,0,40,0,0],""comm"":[1,1,0,1,1,1,0,1,1],""support"":[0,0,0,0,0,0,0,0,0]}=>{""age_steps"":[0,1,40,1,0,1,40,1,0],""comm"":[1,0,0,0,1,0,0,0,1],""support"":[0,0,0,0,0,0,0,0,0]}",loss
B,83029,13,"{""age_steps"":[0,2,40,2,0,2,40,2,0],""comm"":[1,0,0,0,1,0,0,0,1],""support"":[0,0,0,0,0,0,0,0,0]}","{""age_steps"":[0,1,40,1,0,1,40,1,0],""comm"":[1,0,0,0,1,0,0,0,1],""support"":[0,0,0,0,0,0,0,0,0]}=>{""age_steps"":[0,2,40,2,0,2,40,2,0],""comm"":[1,0,0,0,1,0,0,0,1],""support"":[0,0,0,0,0,0,0,0,0]}",stable
B,83029,14,"{""age_steps"":[0,3,40,3,0,3,40,3,0],""comm"":[1,0,0,0,1,0,0,0,1],""support"":[0,0,0,0,0,0,0,0,0]}","{""age_steps"":[0,2,40,2,0,2,40,2,0],""comm"":[1,0,0,0,1,0,0,0,1],""support"":[0,0,0,0,0,0,0,0,0]}=>{""age_steps"":[0,3,40,3,0,3,40,3,0],""comm"":[1,0,0,0,1,0,0,0,1],""support"":[0,0,0,0,0,0,0,0,0]}",stable
B,83029,15,"{""age_steps"":[0,4,40,4,0,4,40,4,0],""comm"":[1,0,0,0,1,0,0,0,1],""support"":[0,0,0,0,0,0,0,0,0]}","{""age_steps"":[0,3,40,3,0,3,40,3,0],""comm"":[1,0,0,0,1,0,0,0,1],""support"":[0,0,0,0,0,0,0,0,0]}=>{""age_steps"":[0,4,40,4,0,4,40,4,0],""comm"":[1,0,0,0,1,0,0,0,1],""support"":[0,0,0,0,0,0,0,0,0]}",stable
B,83029,16,"{""age_steps"":[0,5,40,5,0,5,40,5,0],""comm"":[1,0,0,0,1,0,0,0,1],""support"":[0,0,0,0,0,0,0,0,0]}","{""age_steps"":[0,4,40,4,0,4,40,4,0],""comm"":[1,0,0,0,1,0,0,0,1],""support"":[0,0,0,0,0,0,0,0,0]}=>{""age_steps"":[0,5,40,5,0,5,40,5,0],""comm"":[1,0,0,0,1,0,0,0,1],""support"":[0,0,0,0,0,0,0,0,0]}",stable
B,83029,17,"{""age_steps"":[0,6,40,6,0,6,40,6,0],""comm"":[1,0,0,0,1,0,0,0,1],""support"":[0,0,0,0,0,0,0,0,0]}","{""age_steps"":[0,5,40,5,0,5,40,5,0],""comm"":[1,0,0,0,1,0,0,0,1],""support"":[0,0,0,0,0,0,0,0,0]}=>{""age_steps"":[0,6,40,6,0,6,40,6,0],""comm"":[1,0,0,0,1,0,0,0,1],""support"":[0,0,0,0,0,0,0,0,0]}",stable
B,83029,18,"{""age_steps"":[0,7,40,7,0,7,40,7,0],""comm"":[1,0,0,0,1,0,0,0,1],""support"":[0,0,0,0,0,0,0,0,0]}","{""age_steps"":[0,6,40,6,0,6,40,6,0],""comm"":[1,0,0,0,1,0,0,0,1],""support"":[0,0,0,0,0,0,0,0,0]}=>{""age_steps"":[0,7,40,7,0,7,40,7,0],""comm"":[1,0,0,0,1,0,0,0,1],""support"":[0,0,0,0,0,0,0,0,0]}",stable
B,83029,19,"{""age_steps"":[0,8,40,8,0,8,40,8,0],""comm"":[1,0,0,0,1,0,0,0,1],""support"":[0,0,0,0,0,0,0,0,0]}","{""age_steps"":[0,7,40,7,0,7,40,7,0],""comm"":[1,0,0,0,1,0,0,0,1],""support"":[0,0,0,0,0,0,0,0,0]}=>{""age_steps"":[0,8,40,8,0,8,40,8,0],""comm"":[1,0,0,0,1,0,0,0,1],""support"":[0,0,0,0,0,0,0,0,0]}",stable
B,83029,20,"{""age_steps"":[0,0,40,0,0,0,40,0,0],""comm"":[1,1,0,1,1,1,0,1,1],""support"":[0,0,0,0,0,0,0,0,0]}","{""age_steps"":[0,8,40,8,0,8,40,8,0],""comm"":[1,0,0,0,1,0,0,0,1],""support"":[0,0,0,0,0,0,0,0,0]}=>{""age_steps"":[0,0,40,0,0,0,40,0,0],""comm"":[1,1,0,1,1,1,0,1,1],""support"":[0,0,0,0,0,0,0,0,0]}",recovery
B,83029,21,"{""age_steps"":[0,0,40,0,0,0,40,0,0],""comm"":[1,1,0,1,1,1,0,1,1],""support"":[0,1,0,0,0,0,0,1,0]}","{""age_steps"":[0,0,40,0,0,0,40,0,0],""comm"":[1,1,0,1,1,1,0,1,1],""support"":[0,0,0,0,0,0,0,0,0]}=>{""age_steps"":[0,0,40,0,0,0,40,0,0],""comm"":[1,1,0,1,1,1,0,1,1],""support"":[0,1,0,0,0,0,0,1,0]}",stable
B,83029,22,"{""age_steps"":[0,0,40,0,0,0,40,0,0],""comm"":[1,1,0,1,1,1,0,1,1],""support"":[0,1,0,0,0,0,0,1,0]}","{""age_steps"":[0,0,40,0,0,0,40,0,0],""comm"":[1,1,0,1,1,1,0,1,1],""support"":[0,1,0,0,0,0,0,1,0]}=>{""age_steps"":[0,0,40,0,0,0,40,0,0],""comm"":[1,1,0,1,1,1,0,1,1],""support"":[0,1,0,0,0,0,0,1,0]}",stable
B,83029,23,"{""age_steps"":[0,0,40,0,0,0,40,0,0],""comm"":[1,1,0,1,1,1,0,1,1],""support"":[0,1,0,0,0,0,0,1,0]}","{""age_steps"":[0,0,40,0,0,0,40,0,0],""comm"":[1,1,0,1,1,1,0,1,1],""support"":[0,1,0,0,0,0,0,1,0]}=>{""age_steps"":[0,0,40,0,0,0,40,0,0],""comm"":[1,1,0,1,1,1,0,1,1],""support"":[0,1,0,0,0,0,0,1,0]}",stable
B,83029,24,"{""age_steps"":[0,0,40,0,0,0,40,0,0],""comm"":[1,1,0,1,1,1,0,1,1],""support"":[0,1,0,0,0,0,0,1,0]}","{""age_steps"":[0,0,40,0,0,0,40,0,0],""comm"":[1,1,0,1,1,1,0,1,1],""support"":[0,1,0,0,0,0,0,1,0]}=>{""age_steps"":[0,0,40,0,0,0,40,0,0],""comm"":[1,1,0,1,1,1,0,1,1],""support"":[0,1,0,0,0,0,0,1,0]}",stable
B,83029,25,"{""age_steps"":[0,0,40,0,0,0,40,0,0],""comm"":[1,1,0,1,1,1,0,1,1],""support"":[0,1,0,0,0,0,0,1,0]}","{""age_steps"":[0,0,40,0,0,0,40,0,0],""comm"":[1,1,0,1,1,1,0,1,1],""support"":[0,1,0,0,0,0,0,1,0]}=>{""age_steps"":[0,0,40,0,0,0,40,0,0],""comm"":[1,1,0,1,1,1,0,1,1],""support"":[0,1,0,0,0,0,0,1,0]}",stable
B,83029,26,"{""age_steps"":[0,0,40,0,0,0,40,0,0],""comm"":[1,1,0,1,1,1,0,1,1],""support"":[0,1,0,0,0,0,0,1,0]}","{""age_steps"":[0,0,40,0,0,0,40,0,0],""comm"":[1,1,0,1,1,1,0,1,1],""support"":[0,1,0,0,0,0,0,1,0]}=>{""age_steps"":[0,0,40,0,0,0,40,0,0],""comm"":[1,1,0,1,1,1,0,1,1],""support"":[0,1,0,0,0,0,0,1,0]}",stable
B,83029,27,"{""age_steps"":[0,0,40,0,0,0,40,0,0],""comm"":[1,1,0,1,1,1,0,1,1],""support"":[0,1,0,0,0,0,0,1,0]}","{""age_steps"":[0,0,40,0,0,0,40,0,0],""comm"":[1,1,0,1,1,1,0,1,1],""support"":[0,1,0,0,0,0,0,1,0]}=>{""age_steps"":[0,0,40,0,0,0,40,0,0],""comm"":[1,1,0,1,1,1,0,1,1],""support"":[0,1,0,0,0,0,0,1,0]}",stable
B,83029,28,"{""age_steps"":[0,0,40,0,0,0,40,0,0],""comm"":[1,1,0,1,1,1,0,1,1],""support"":[0,1,0,0,0,0,0,1,0]}","{""age_steps"":[0,0,40,0,0,0,40,0,0],""comm"":[1,1,0,1,1,1,0,1,1],""support"":[0,1,0,0,0,0,0,1,0]}=>{""age_steps"":[0,0,40,0,0,0,40,0,0],""comm"":[1,1,0,1,1,1,0,1,1],""support"":[0,1,0,0,0,0,0,1,0]}",stable
B,83029,29,"{""age_steps"":[0,0,40,0,0,0,40,0,0],""comm"":[1,1,0,1,1,1,0,1,1],""support"":[0,1,0,0,0,0,0,1,0]}","{""age_steps"":[0,0,40,0,0,0,40,0,0],""comm"":[1,1,0,1,1,1,0,1,1],""support"":[0,1,0,0,0,0,0,1,0]}=>{""age_steps"":[0,0,40,0,0,0,40,0,0],""comm"":[1,1,0,1,1,1,0,1,1],""support"":[0,1,0,0,0,0,0,1,0]}",stable
B,83029,30,"{""age_steps"":[0,0,40,0,0,0,40,0,0],""comm"":[1,1,0,1,1,1,0,1,1],""support"":[0,1,0,0,0,0,0,1,0]}","{""age_steps"":[0,0,40,0,0,0,40,0,0],""comm"":[1,1,0,1,1,1,0,1,1],""support"":[0,1,0,0,0,0,0,1,0]}=>{""age_steps"":[0,0,40,0,0,0,40,0,0],""comm"":[1,1,0,1,1,1,0,1,1],""support"":[0,1,0,0,0,0,0,1,0]}",stable
B,83029,31,"{""age_steps"":[0,0,40,0,0,0,40,0,0],""comm"":[1,1,0,1,1,1,0,1,1],""support"":[0,1,0,0,0,0,0,1,0]}","{""age_steps"":[0,0,40,0,0,0,40,0,0],""comm"":[1,1,0,1,1,1,0,1,1],""support"":[0,1,0,0,0,0,0,1,0]}=>{""age_steps"":[0,0,40,0,0,0,40,0,0],""comm"":[1,1,0,1,1,1,0,1,1],""support"":[0,1,0,0,0,0,0,1,0]}",stable
B,83029,32,"{""age_steps"":[0,0,40,0,0,0,40,0,0],""comm"":[1,1,0,1,1,1,0,1,1],""support"":[0,1,0,0,0,0,0,1,0]}","{""age_steps"":[0,0,40,0,0,0,40,0,0],""comm"":[1,1,0,1,1,1,0,1,1],""support"":[0,1,0,0,0,0,0,1,0]}=>{""age_steps"":[0,0,40,0,0,0,40,0,0],""comm"":[1,1,0,1,1,1,0,1,1],""support"":[0,1,0,0,0,0,0,1,0]}",stable
B,83030,1,"{""age_steps"":[0,0,40,0,0,0,40,0,0],""comm"":[1,1,0,1,1,1,0,1,1],""support"":[0,0,0,0,0,0,0,0,0]}","{""age_steps"":[0,0,40,0,0,0,40,0,0],""comm"":[1,1,0,1,1,1,0,1,1],""support"":[0,0,0,0,0,0,0,0,0]}=>{""age_steps"":[0,0,40,0,0,0,40,0,0],""comm"":[1,1,0,1,1,1,0,1,1],""support"":[0,0,0,0,0,0,0,0,0]}",stable
B,83030,2,"{""age_steps"":[0,0,40,0,0,0,40,0,0],""comm"":[1,1,0,1,1,1,0,1,1],""support"":[0,0,0,0,0,0,0,0,0]}","{""age_steps"":[0,0,40,0,0,0,40,0,0],""comm"":[1,1,0,1,1,1,0,1,1],""support"":[0,0,0,0,0,0,0,0,0]}=>{""age_steps"":[0,0,40,0,0,0,40,0,0],""comm"":[1,1,0,1,1,1,0,1,1],""support"":[0,0,0,0,0,0,0,0,0]}",stable
B,83030,3,"{""age_steps"":[0,0,40,0,0,0,40,0,0],""comm"":[1,1,0,1,1,1,0,1,1],""support"":[0,0,0,0,0,0,0,0,0]}","{""age_steps"":[0,0,40,0,0,0,40,0,0],""comm"":[1,1,0,1,1,1,0,1,1],""support"":[0,0,0,0,0,0,0,0,0]}=>{""age_steps"":[0,0,40,0,0,0,40,0,0],""comm"":[1,1,0,1,1,1,0,1,1],""support"":[0,0,0,0,0,0,0,0,0]}",stable
B,83030,4,"{""age_steps"":[0,0,40,0,0,0,40,0,0],""comm"":[1,1,0,1,1,1,0,1,1],""support"":[0,0,0,0,0,0,0,0,0]}","{""age_steps"":[0,0,40,0,0,0,40,0,0],""comm"":[1,1,0,1,1,1,0,1,1],""support"":[0,0,0,0,0,0,0,0,0]}=>{""age_steps"":[0,0,40,0,0,0,40,0,0],""comm"":[1,1,0,1,1,1,0,1,1],""support"":[0,0,0,0,0,0,0,0,0]}",stable
B,83030,5,"{""age_steps"":[0,0,40,0,0,0,40,0,0],""comm"":[1,1,0,1,1,1,0,1,1],""support"":[0,0,0,0,0,0,0,0,0]}","{""age_steps"":[0,0,40,0,0,0,40,0,0],""comm"":[1,1,0,1,1,1,0,1,1],""support"":[0,0,0,0,0,0,0,0,0]}=>{""age_steps"":[0,0,40,0,0,0,40,0,0],""comm"":[1,1,0,1,1,1,0,1,1],""support"":[0,0,0,0,0,0,0,0,0]}",stable
B,83030,6,"{""age_steps"":[0,0,40,0,0,0,40,0,0],""comm"":[1,1,0,1,1,1,0,1,1],""support"":[0,0,0,0,0,0,0,0,0]}","{""age_steps"":[0,0,40,0,0,0,40,0,0],""comm"":[1,1,0,1,1,1,0,1,1],""support"":[0,0,0,0,0,0,0,0,0]}=>{""age_steps"":[0,0,40,0,0,0,40,0,0],""comm"":[1,1,0,1,1,1,0,1,1],""support"":[0,0,0,0,0,0,0,0,0]}",stable
B,83030,7,"{""age_steps"":[0,0,40,0,0,0,40,0,0],""comm"":[1,1,0,1,1,1,0,1,1],""support"":[0,0,0,0,0,0,0,0,0]}","{""age_steps"":[0,0,40,0,0,0,40,0,0],""comm"":[1,1,0,1,1,1,0,1,1],""support"":[0,0,0,0,0,0,0,0,0]}=>{""age_steps"":[0,0,40,0,0,0,40,0,0],""comm"":[1,1,0,1,1,1,0,1,1],""support"":[0,0,0,0,0,0,0,0,0]}",stable
B,83030,8,"{""age_steps"":[0,0,40,0,0,0,40,0,0],""comm"":[1,1,0,1,1,1,0,1,1],""support"":[0,0,0,0,0,0,0,0,0]}","{""age_steps"":[0,0,40,0,0,0,40,0,0],""comm"":[1,1,0,1,1,1,0,1,1],""support"":[0,0,0,0,0,0,0,0,0]}=>{""age_steps"":[0,0,40,0,0,0,40,0,0],""comm"":[1,1,0,1,1,1,0,1,1],""support"":[0,0,0,0,0,0,0,0,0]}",stable
B,83030,9,"{""age_steps"":[0,0,40,0,0,0,40,0,0],""comm"":[1,1,0,1,1,1,0,1,1],""support"":[0,0,0,0,0,0,0,0,0]}","{""age_steps"":[0,0,40,0,0,0,40,0,0],""comm"":[1,1,0,1,1,1,0,1,1],""support"":[0,0,0,0,0,0,0,0,0]}=>{""age_steps"":[0,0,40,0,0,0,40,0,0],""comm"":[1,1,0,1,1,1,0,1,1],""support"":[0,0,0,0,0,0,0,0,0]}",stable
B,83030,10,"{""age_steps"":[0,0,40,0,0,0,40,0,0],""comm"":[1,1,0,1,1,1,0,1,1],""support"":[0,0,0,0,0,0,0,0,0]}","{""age_steps"":[0,0,40,0,0,0,40,0,0],""comm"":[1,1,0,1,1,1,0,1,1],""support"":[0,0,0,0,0,0,0,0,0]}=>{""age_steps"":[0,0,40,0,0,0,40,0,0],""comm"":[1,1,0,1,1,1,0,1,1],""support"":[0,0,0,0,0,0,0,0,0]}",stable
B,83030,11,"{""age_steps"":[0,0,40,0,0,0,40,0,0],""comm"":[1,1,0,1,1,1,0,1,1],""support"":[0,0,0,0,0,0,0,0,0]}","{""age_steps"":[0,0,40,0,0,0,40,0,0],""comm"":[1,1,0,1,1,1,0,1,1],""support"":[0,0,0,0,0,0,0,0,0]}=>{""age_steps"":[0,0,40,0,0,0,40,0,0],""comm"":[1,1,0,1,1,1,0,1,1],""support"":[0,0,0,0,0,0,0,0,0]}",stable
B,83030,12,"{""age_steps"":[0,1,40,1,0,1,40,1,0],""comm"":[1,0,0,0,1,0,0,0,1],""support"":[0,0,0,0,0,0,0,0,0]}","{""age_steps"":[0,0,40,0,0,0,40,0,0],""comm"":[1,1,0,1,1,1,0,1,1],""support"":[0,0,0,0,0,0,0,0,0]}=>{""age_steps"":[0,1,40,1,0,1,40,1,0],""comm"":[1,0,0,0,1,0,0,0,1],""support"":[0,0,0,0,0,0,0,0,0]}",loss
B,83030,13,"{""age_steps"":[0,2,40,2,0,2,40,2,0],""comm"":[1,0,0,0,1,0,0,0,1],""support"":[0,0,0,0,0,0,0,0,0]}","{""age_steps"":[0,1,40,1,0,1,40,1,0],""comm"":[1,0,0,0,1,0,0,0,1],""support"":[0,0,0,0,0,0,0,0,0]}=>{""age_steps"":[0,2,40,2,0,2,40,2,0],""comm"":[1,0,0,0,1,0,0,0,1],""support"":[0,0,0,0,0,0,0,0,0]}",stable
B,83030,14,"{""age_steps"":[0,3,40,3,0,3,40,3,0],""comm"":[1,0,0,0,1,0,0,0,1],""support"":[0,0,0,0,0,0,0,0,0]}","{""age_steps"":[0,2,40,2,0,2,40,2,0],""comm"":[1,0,0,0,1,0,0,0,1],""support"":[0,0,0,0,0,0,0,0,0]}=>{""age_steps"":[0,3,40,3,0,3,40,3,0],""comm"":[1,0,0,0,1,0,0,0,1],""support"":[0,0,0,0,0,0,0,0,0]}",stable
B,83030,15,"{""age_steps"":[0,4,40,4,0,4,40,4,0],""comm"":[1,0,0,0,1,0,0,0,1],""support"":[0,0,0,0,0,0,0,0,0]}","{""age_steps"":[0,3,40,3,0,3,40,3,0],""comm"":[1,0,0,0,1,0,0,0,1],""support"":[0,0,0,0,0,0,0,0,0]}=>{""age_steps"":[0,4,40,4,0,4,40,4,0],""comm"":[1,0,0,0,1,0,0,0,1],""support"":[0,0,0,0,0,0,0,0,0]}",stable
B,83030,16,"{""age_steps"":[0,5,40,5,0,5,40,5,0],""comm"":[1,0,0,0,1,0,0,0,1],""support"":[0,0,0,0,0,0,0,0,0]}","{""age_steps"":[0,4,40,4,0,4,40,4,0],""comm"":[1,0,0,0,1,0,0,0,1],""support"":[0,0,0,0,0,0,0,0,0]}=>{""age_steps"":[0,5,40,5,0,5,40,5,0],""comm"":[1,0,0,0,1,0,0,0,1],""support"":[0,0,0,0,0,0,0,0,0]}",stable
B,83030,17,"{""age_steps"":[0,6,40,6,0,6,40,6,0],""comm"":[1,0,0,0,1,0,0,0,1],""support"":[0,0,0,0,0,0,0,0,0]}","{""age_steps"":[0,5,40,5,0,5,40,5,0],""comm"":[1,0,0,0,1,0,0,0,1],""support"":[0,0,0,0,0,0,0,0,0]}=>{""age_steps"":[0,6,40,6,0,6,40,6,0],""comm"":[1,0,0,0,1,0,0,0,1],""support"":[0,0,0,0,0,0,0,0,0]}",stable
B,83030,18,"{""age_steps"":[0,7,40,7,0,7,40,7,0],""comm"":[1,0,0,0,1,0,0,0,1],""support"":[0,0,0,0,0,0,0,0,0]}","{""age_steps"":[0,6,40,6,0,6,40,6,0],""comm"":[1,0,0,0,1,0,0,0,1],""support"":[0,0,0,0,0,0,0,0,0]}=>{""age_steps"":[0,7,40,7,0,7,40,7,0],""comm"":[1,0,0,0,1,0,0,0,1],""support"":[0,0,0,0,0,0,0,0,0]}",stable
B,83030,19,"{""age_steps"":[0,8,40,8,0,8,40,8,0],""comm"":[1,0,0,0,1,0,0,0,1],""support"":[0,0,0,0,0,0,0,0,0]}","{""age_steps"":[0,7,40,7,0,7,40,7,0],""comm"":[1,0,0,0,1,0,0,0,1],""support"":[0,0,0,0,0,0,0,0,0]}=>{""age_steps"":[0,8,40,8,0,8,40,8,0],""comm"":[1,0,0,0,1,0,0,0,1],""support"":[0,0,0,0,0,0,0,0,0]}",stable
B,83030,20,"{""age_steps"":[0,0,40,0,0,0,40,0,0],""comm"":[1,1,0,1,1,1,0,1,1],""support"":[0,1,0,0,0,0,0,1,0]}","{""age_steps"":[0,8,40,8,0,8,40,8,0],""comm"":[1,0,0,0,1,0,0,0,1],""support"":[0,0,0,0,0,0,0,0,0]}=>{""age_steps"":[0,0,40,0,0,0,40,0,0],""comm"":[1,1,0,1,1,1,0,1,1],""support"":[0,1,0,0,0,0,0,1,0]}",recovery
B,83030,21,"{""age_steps"":[0,0,40,0,0,0,40,0,0],""comm"":[1,1,0,1,1,1,0,1,1],""support"":[0,1,0,0,0,0,0,1,0]}","{""age_steps"":[0,0,40,0,0,0,40,0,0],""comm"":[1,1,0,1,1,1,0,1,1],""support"":[0,1,0,0,0,0,0,1,0]}=>{""age_steps"":[0,0,40,0,0,0,40,0,0],""comm"":[1,1,0,1,1,1,0,1,1],""support"":[0,1,0,0,0,0,0,1,0]}",stable
B,83030,22,"{""age_steps"":[0,0,40,0,0,0,40,0,0],""comm"":[1,1,0,1,1,1,0,1,1],""support"":[0,1,0,0,0,0,0,1,0]}","{""age_steps"":[0,0,40,0,0,0,40,0,0],""comm"":[1,1,0,1,1,1,0,1,1],""support"":[0,1,0,0,0,0,0,1,0]}=>{""age_steps"":[0,0,40,0,0,0,40,0,0],""comm"":[1,1,0,1,1,1,0,1,1],""support"":[0,1,0,0,0,0,0,1,0]}",stable
B,83030,23,"{""age_steps"":[0,0,40,0,0,0,40,0,0],""comm"":[1,1,0,1,1,1,0,1,1],""support"":[0,1,0,0,0,0,0,1,0]}","{""age_steps"":[0,0,40,0,0,0,40,0,0],""comm"":[1,1,0,1,1,1,0,1,1],""support"":[0,1,0,0,0,0,0,1,0]}=>{""age_steps"":[0,0,40,0,0,0,40,0,0],""comm"":[1,1,0,1,1,1,0,1,1],""support"":[0,1,0,0,0,0,0,1,0]}",stable
B,83030,24,"{""age_steps"":[0,0,40,0,0,0,40,0,0],""comm"":[1,1,0,1,1,1,0,1,1],""support"":[0,1,0,0,0,0,0,1,0]}","{""age_steps"":[0,0,40,0,0,0,40,0,0],""comm"":[1,1,0,1,1,1,0,1,1],""support"":[0,1,0,0,0,0,0,1,0]}=>{""age_steps"":[0,0,40,0,0,0,40,0,0],""comm"":[1,1,0,1,1,1,0,1,1],""support"":[0,1,0,0,0,0,0,1,0]}",stable
B,83030,25,"{""age_steps"":[0,0,40,0,0,0,40,0,0],""comm"":[1,1,0,1,1,1,0,1,1],""support"":[0,1,0,0,0,0,0,1,0]}","{""age_steps"":[0,0,40,0,0,0,40,0,0],""comm"":[1,1,0,1,1,1,0,1,1],""support"":[0,1,0,0,0,0,0,1,0]}=>{""age_steps"":[0,0,40,0,0,0,40,0,0],""comm"":[1,1,0,1,1,1,0,1,1],""support"":[0,1,0,0,0,0,0,1,0]}",stable
B,83030,26,"{""age_steps"":[0,0,40,0,0,0,40,0,0],""comm"":[1,1,0,1,1,1,0,1,1],""support"":[0,1,0,0,0,0,0,1,0]}","{""age_steps"":[0,0,40,0,0,0,40,0,0],""comm"":[1,1,0,1,1,1,0,1,1],""support"":[0,1,0,0,0,0,0,1,0]}=>{""age_steps"":[0,0,40,0,0,0,40,0,0],""comm"":[1,1,0,1,1,1,0,1,1],""support"":[0,1,0,0,0,0,0,1,0]}",stable
B,83030,27,"{""age_steps"":[0,0,40,0,0,0,40,0,0],""comm"":[1,1,0,1,1,1,0,1,1],""support"":[0,1,0,0,0,0,0,1,0]}","{""age_steps"":[0,0,40,0,0,0,40,0,0],""comm"":[1,1,0,1,1,1,0,1,1],""support"":[0,1,0,0,0,0,0,1,0]}=>{""age_steps"":[0,0,40,0,0,0,40,0,0],""comm"":[1,1,0,1,1,1,0,1,1],""support"":[0,1,0,0,0,0,0,1,0]}",stable
B,83030,28,"{""age_steps"":[0,0,40,0,0,0,40,0,0],""comm"":[1,1,0,1,1,1,0,1,1],""support"":[0,1,0,0,0,0,0,1,0]}","{""age_steps"":[0,0,40,0,0,0,40,0,0],""comm"":[1,1,0,1,1,1,0,1,1],""support"":[0,1,0,0,0,0,0,1,0]}=>{""age_steps"":[0,0,40,0,0,0,40,0,0],""comm"":[1,1,0,1,1,1,0,1,1],""support"":[0,1,0,0,0,0,0,1,0]}",stable
B,83030,29,"{""age_steps"":[0,0,40,0,0,0,40,0,0],""comm"":[1,1,0,1,1,1,0,1,1],""support"":[0,1,0,0,0,0,0,1,0]}","{""age_steps"":[0,0,40,0,0,0,40,0,0],""comm"":[1,1,0,1,1,1,0,1,1],""support"":[0,1,0,0,0,0,0,1,0]}=>{""age_steps"":[0,0,40,0,0,0,40,0,0],""comm"":[1,1,0,1,1,1,0,1,1],""support"":[0,1,0,0,0,0,0,1,0]}",stable
B,83030,30,"{""age_steps"":[0,0,40,0,0,0,40,0,0],""comm"":[1,1,0,1,1,1,0,1,1],""support"":[0,1,0,0,0,0,0,1,0]}","{""age_steps"":[0,0,40,0,0,0,40,0,0],""comm"":[1,1,0,1,1,1,0,1,1],""support"":[0,1,0,0,0,0,0,1,0]}=>{""age_steps"":[0,0,40,0,0,0,40,0,0],""comm"":[1,1,0,1,1,1,0,1,1],""support"":[0,1,0,0,0,0,0,1,0]}",stable
B,83030,31,"{""age_steps"":[0,0,40,0,0,0,40,0,0],""comm"":[1,1,0,1,1,1,0,1,1],""support"":[0,1,0,0,0,0,0,1,0]}","{""age_steps"":[0,0,40,0,0,0,40,0,0],""comm"":[1,1,0,1,1,1,0,1,1],""support"":[0,1,0,0,0,0,0,1,0]}=>{""age_steps"":[0,0,40,0,0,0,40,0,0],""comm"":[1,1,0,1,1,1,0,1,1],""support"":[0,1,0,0,0,0,0,1,0]}",stable
B,83030,32,"{""age_steps"":[0,0,40,0,0,0,40,0,0],""comm"":[1,1,0,1,1,1,0,1,1],""support"":[0,1,0,0,0,0,0,1,0]}","{""age_steps"":[0,0,40,0,0,0,40,0,0],""comm"":[1,1,0,1,1,1,0,1,1],""support"":[0,1,0,0,0,0,0,1,0]}=>{""age_steps"":[0,0,40,0,0,0,40,0,0],""comm"":[1,1,0,1,1,1,0,1,1],""support"":[0,1,0,0,0,0,0,1,0]}",stable
