method,seed,scenario,episode,success,steps,failure_step,recovery_step,post_failure_chain_recovered,t_recovery_steps,action_hash
full,0,dropout030_delay2_relay_failure,0,1,44,39,44,1,1.0,2a5602bd1779034d
full,0,dropout030_delay2_relay_failure,1,1,44,39,44,1,1.0,25987ac1a814f586
full,0,dropout030_delay2_relay_failure,3,1,44,39,44,1,1.0,083f9f57e831ff48
full,0,dropout030_delay2_relay_failure,2,1,45,39,45,1,2.0,3799138a1f751030
full,0,dropout030_delay2_relay_failure,5,1,45,39,45,1,2.0,1802e1c7ad588780
full,0,dropout030_delay2_relay_failure,6,1,45,39,45,1,2.0,85a1fe0d09e04f1b
full,0,dropout030_delay2_relay_failure,4,1,47,39,47,1,4.0,684cf9c6edc4d897
full,0,dropout030_delay2_relay_failure,7,1,47,39,47,1,4.0,f6296c0c6de1e788
full,0,dropout030_delay2_relay_failure,9,1,44,39,44,1,1.0,6a394999bed8bc7d
full,0,dropout030_delay2_relay_failure,8,1,46,39,46,1,3.0,d31ede4801c64e25
full,0,dropout030_delay2_relay_failure,11,1,46,39,46,1,3.0,97a2c4c9d6f7768d
full,0,dropout030_delay2_relay_failure,10,1,48,39,48,1,5.0,2ef0328f24958244
full,0,dropout030_delay2_relay_failure,15,1,44,39,44,1,1.0,0c311f39e1922472
full,0,dropout030_delay2_relay_failure,12,1,46,39,46,1,3.0,92bec7d5cc2b17b1
full,0,dropout030_delay2_relay_failure,13,1,47,39,47,1,4.0,6c9ee2768a187f48
full,0,dropout030_delay2_relay_failure,14,0,260,39,-1,0,220.0,762cfd7755ec182a
full,0,dropout030_delay2_relay_failure,19,1,45,39,45,1,2.0,40cb06325efec2ef
full,0,dropout030_delay2_relay_failure,17,1,46,39,46,1,3.0,611bbf4c0536cd78
full,0,dropout030_delay2_relay_failure,16,1,47,39,47,1,4.0,04b89435dc1c3887
full,0,dropout030_delay2_relay_failure,18,1,48,39,48,1,5.0,41a0d9505b6a29a9
full,0,dropout030_delay2_relay_failure,20,1,44,39,44,1,1.0,50c58b1949ddb4f0
full,0,dropout030_delay2_relay_failure,23,1,44,39,44,1,1.0,bff3a83a70892f40
full,0,dropout030_delay2_relay_failure,21,1,46,39,46,1,3.0,5bca364b1397e3f7
full,0,dropout030_delay2_relay_failure,22,1,48,39,48,1,5.0,6b9535a7fe39ba89
full,0,dropout030_delay2_relay_failure,25,1,44,39,44,1,1.0,e91bec10478df02c
full,0,dropout030_delay2_relay_failure,27,1,44,39,44,1,1.0,ee3b2d1fbfe41f67
full,0,dropout030_delay2_relay_failure,24,1,46,39,46,1,3.0,0e439a7ce5a7622b
full,0,dropout030_delay2_relay_failure,26,1,48,39,48,1,5.0,92450dd1e930da26
full,0,dropout030_delay2_relay_failure,30,1,45,39,45,1,2.0,16147c18bf033c7d
full,0,dropout030_delay2_relay_failure,31,1,45,39,45,1,2.0,39345c8876e4a516
full,0,dropout030_delay2_relay_failure,28,1,47,39,47,1,4.0,099433ae4cdb3d65
full,0,dropout030_delay2_relay_failure,29,1,47,39,47,1,4.0,74b2cd8965bcd14e
full,0,dropout030_delay2_relay_failure,33,1,44,39,44,1,1.0,8d940286b4c39d83
full,0,dropout030_delay2_relay_failure,35,1,44,39,44,1,1.0,5b8d848f2da5b1a7
full,0,dropout030_delay2_relay_failure,34,1,46,39,46,1,3.0,e1000b3e08d1c277
full,0,dropout030_delay2_relay_failure,32,0,260,39,-1,0,220.0,4bfb0cf52de38b46
full,0,dropout030_delay2_relay_failure,39,1,44,39,44,1,1.0,b47a9aab209c90fe
full,0,dropout030_delay2_relay_failure,37,1,46,39,46,1,3.0,71cdb5e09f569549
full,0,dropout030_delay2_relay_failure,38,1,46,39,46,1,3.0,2c139cf2c05f4d18
full,0,dropout030_delay2_relay_failure,36,1,49,39,49,1,6.0,a570e31af567882c
full,0,dropout030_delay2_relay_failure,41,1,44,39,44,1,1.0,6f55bc9383bd79b6
full,0,dropout030_delay2_relay_failure,40,1,45,39,45,1,2.0,8ab46634b8bd7942
full,0,dropout030_delay2_relay_failure,43,1,45,39,45,1,2.0,b3436f8320a2b822
full,0,dropout030_delay2_relay_failure,42,1,47,39,47,1,4.0,46c35bbf79765a4b
full,0,dropout030_delay2_relay_failure,46,1,44,39,44,1,1.0,81c3378a7585bb41
full,0,dropout030_delay2_relay_failure,44,1,45,39,45,1,2.0,98ff0a0f50c8ddf8
full,0,dropout030_delay2_relay_failure,47,1,46,39,46,1,3.0,c1412ada5d8b19ee
full,0,dropout030_delay2_relay_failure,45,0,260,39,-1,0,220.0,d7227116ccfedde1
full,0,dropout030_delay2_relay_failure,49,1,44,39,44,1,1.0,6b0856ca550cb70d
full,0,dropout030_delay2_relay_failure,50,1,45,39,45,1,2.0,75e9dd6bee836efd
full,0,dropout030_delay2_relay_failure,51,1,45,39,45,1,2.0,c287978c0a6799b3
full,0,dropout030_delay2_relay_failure,48,1,47,39,47,1,4.0,b7313ad4c11200de
full,0,dropout030_delay2_relay_failure,53,1,44,39,44,1,1.0,cc9ab2589fa29a9f
full,0,dropout030_delay2_relay_failure,52,1,45,39,45,1,2.0,fbda6a43af8a4926
full,0,dropout030_delay2_relay_failure,54,1,45,39,45,1,2.0,47786a867549b41e
full,0,dropout030_delay2_relay_failure,55,1,45,39,45,1,2.0,d0cc76edbdba179a
full,0,dropout030_delay2_relay_failure,56,1,44,39,44,1,1.0,941e64de6147ef8a
full,0,dropout030_delay2_relay_failure,58,1,44,39,44,1,1.0,99f9efe2e424e17c
full,0,dropout030_delay2_relay_failure,57,1,46,39,46,1,3.0,6de08c601e4ffd13
full,0,dropout030_delay2_relay_failure,59,1,46,39,46,1,3.0,384d18379f43cf84
full,0,dropout030_delay2_relay_failure,60,1,45,39,45,1,2.0,b703cc99bb48d0bd
full,0,dropout030_delay2_relay_failure,62,1,45,39,45,1,2.0,c21988432f2c8262
full,0,dropout030_delay2_relay_failure,63,1,46,39,46,1,3.0,29b4c2286095392d
full,0,dropout030_delay2_relay_failure,61,0,260,39,-1,0,220.0,3b0d445d712f77c8
full,0,dropout030_delay2_relay_failure,64,1,44,39,44,1,1.0,4530e6458d7b0fc1
full,0,dropout030_delay2_relay_failure,65,1,46,39,46,1,3.0,87cde1a152f7c877
full,0,dropout030_delay2_relay_failure,67,1,47,39,47,1,4.0,c0a0dcd60b857ba4
full,0,dropout030_delay2_relay_failure,66,0,260,39,-1,0,220.0,d5ea3032b9d17dc6
full,0,dropout030_delay2_relay_failure,68,1,45,39,45,1,2.0,da86d5b4e5b300a5
full,0,dropout030_delay2_relay_failure,69,1,47,39,47,1,4.0,96d905b6dc6a316a
full,0,dropout030_delay2_relay_failure,70,0,260,39,-1,0,220.0,55c1d49f0feafb40
full,0,dropout030_delay2_relay_failure,71,0,260,39,-1,0,220.0,8bd69c22c7553aeb
full,0,dropout030_delay2_relay_failure,74,1,46,39,46,1,3.0,f2db7489eb8c4e3f
full,0,dropout030_delay2_relay_failure,73,1,47,39,47,1,4.0,0d3779b3526cc364
full,0,dropout030_delay2_relay_failure,72,1,48,39,48,1,5.0,4d637c6a5175f2a7
full,0,dropout030_delay2_relay_failure,75,0,260,39,-1,0,220.0,d3f3c6e67e5447e1
full,0,dropout030_delay2_relay_failure,79,1,46,39,46,1,3.0,c4729776d1bc4437
full,0,dropout030_delay2_relay_failure,76,1,47,39,47,1,4.0,34d995cfa9c1b206
full,0,dropout030_delay2_relay_failure,77,1,47,39,47,1,4.0,ba38e9f401403437
full,0,dropout030_delay2_relay_failure,78,1,47,39,47,1,4.0,52dc370f416f034b
full,0,dropout030_delay2_relay_failure,80,1,44,39,44,1,1.0,7f5470ff3a5d1ad3
full,0,dropout030_delay2_relay_failure,83,1,44,39,44,1,1.0,0c2f15d57eff472f
full,0,dropout030_delay2_relay_failure,81,1,46,39,46,1,3.0,3a762b3af126f56c
full,0,dropout030_delay2_relay_failure,82,1,46,39,46,1,3.0,5b6562cc3f68a370
full,0,dropout030_delay2_relay_failure,87,1,44,39,44,1,1.0,898373c91c6c7895
full,0,dropout030_delay2_relay_failure,84,1,45,39,45,1,2.0,ab820c3e44a66d06
full,0,dropout030_delay2_relay_failure,86,1,45,39,45,1,2.0,9c48bd79c2b0ac3a
full,0,dropout030_delay2_relay_failure,85,1,48,39,48,1,5.0,f94a0d6dbb22d835
full,0,dropout030_delay2_relay_failure,88,1,45,39,45,1,2.0,be6ecc7f2d09b94a
full,0,dropout030_delay2_relay_failure,91,1,45,39,45,1,2.0,162727185ad4c817
full,0,dropout030_delay2_relay_failure,89,1,46,39,46,1,3.0,97e49bd7b5ba3ede
full,0,dropout030_delay2_relay_failure,90,0,260,39,-1,0,220.0,d8938e6d62f6dfe7
full,0,dropout030_delay2_relay_failure,93,1,44,39,44,1,1.0,6aef19b7c2b01ccc
full,0,dropout030_delay2_relay_failure,95,1,45,39,45,1,2.0,fc5a113eaa027229
full,0,dropout030_delay2_relay_failure,94,1,48,39,48,1,5.0,e86f05458215e483
full,0,dropout030_delay2_relay_failure,92,0,260,39,-1,0,220.0,f048081e718a189c
full,0,dropout030_delay2_relay_failure,96,1,44,39,44,1,1.0,1d51a6266d4bddb2
full,0,dropout030_delay2_relay_failure,98,1,44,39,44,1,1.0,1935047574a19967
full,0,dropout030_delay2_relay_failure,97,1,46,39,46,1,3.0,f3cae8c0e7783165
full,0,dropout030_delay2_relay_failure,99,1,48,39,48,1,5.0,2b85c3d766ce97b3
full,0,dropout030_delay2_relay_failure_early,0,1,44,24,44,1,16.0,e233c20b20e8caf3
full,0,dropout030_delay2_relay_failure_early,1,1,44,24,44,1,16.0,25987ac1a814f586
full,0,dropout030_delay2_relay_failure_early,3,1,44,24,44,1,16.0,921dfa2d02cf1287
full,0,dropout030_delay2_relay_failure_early,2,1,45,24,45,1,17.0,e2ed5e5901d44515
full,0,dropout030_delay2_relay_failure_early,5,1,45,24,45,1,17.0,2a69d81ce5adbfe4
full,0,dropout030_delay2_relay_failure_early,6,1,45,24,45,1,17.0,d8a185994ff6dec3
full,0,dropout030_delay2_relay_failure_early,4,1,47,24,47,1,19.0,684cf9c6edc4d897
full,0,dropout030_delay2_relay_failure_early,7,1,47,24,47,1,19.0,f6296c0c6de1e788
full,0,dropout030_delay2_relay_failure_early,9,1,44,24,44,1,16.0,5140a941d2ef1974
full,0,dropout030_delay2_relay_failure_early,8,1,46,24,46,1,18.0,d587b313167a1faf
full,0,dropout030_delay2_relay_failure_early,11,1,46,24,46,1,18.0,cd5366b893ec42b6
full,0,dropout030_delay2_relay_failure_early,10,0,260,24,-1,0,235.0,90ec60864bb69b3f
full,0,dropout030_delay2_relay_failure_early,15,1,44,24,44,1,16.0,0c311f39e1922472
full,0,dropout030_delay2_relay_failure_early,12,1,46,24,46,1,18.0,bdd2eec9b72adeaf
full,0,dropout030_delay2_relay_failure_early,13,1,47,24,47,1,19.0,7e3bf26a7867b8d8
full,0,dropout030_delay2_relay_failure_early,14,1,48,24,48,1,20.0,fea14c3c4b7a99ed
full,0,dropout030_delay2_relay_failure_early,19,1,45,24,45,1,17.0,7f5e5268273d17e5
full,0,dropout030_delay2_relay_failure_early,17,1,46,24,46,1,18.0,8398ac694710dd90
full,0,dropout030_delay2_relay_failure_early,16,1,47,24,47,1,19.0,d109f85f3da55cae
full,0,dropout030_delay2_relay_failure_early,18,1,48,24,48,1,20.0,e5ac8797d88b62f6
full,0,dropout030_delay2_relay_failure_early,20,1,44,24,44,1,16.0,50c58b1949ddb4f0
full,0,dropout030_delay2_relay_failure_early,23,1,44,24,44,1,16.0,8228c49d0919881d
full,0,dropout030_delay2_relay_failure_early,21,1,46,24,46,1,18.0,bb15c69d6606471e
full,0,dropout030_delay2_relay_failure_early,22,0,260,24,-1,0,235.0,bad32e3f850afbbb
full,0,dropout030_delay2_relay_failure_early,25,1,44,24,44,1,16.0,ea4d796121fe7c61
full,0,dropout030_delay2_relay_failure_early,27,1,44,24,44,1,16.0,e90f1a0e3542ab70
full,0,dropout030_delay2_relay_failure_early,24,1,46,24,46,1,18.0,5e8f87542904522c
full,0,dropout030_delay2_relay_failure_early,26,1,48,24,48,1,20.0,19e58d7b41c67e37
full,0,dropout030_delay2_relay_failure_early,30,1,45,24,45,1,17.0,d6a1d4139cf8e72d
full,0,dropout030_delay2_relay_failure_early,31,1,45,24,45,1,17.0,fe2c7835d5230f46
full,0,dropout030_delay2_relay_failure_early,28,1,47,24,47,1,19.0,f7cab7c341674ffd
full,0,dropout030_delay2_relay_failure_early,29,1,47,24,47,1,19.0,092feb88d370d02c
full,0,dropout030_delay2_relay_failure_early,33,1,44,24,44,1,16.0,106c3aa1e7f2d3e7
full,0,dropout030_delay2_relay_failure_early,35,1,44,24,44,1,16.0,f2c9504a963f59da
full,0,dropout030_delay2_relay_failure_early,34,1,46,24,46,1,18.0,2534cbe70c39d15a
full,0,dropout030_delay2_relay_failure_early,32,0,260,24,-1,0,235.0,1ba65bf11e8b5df7
full,0,dropout030_delay2_relay_failure_early,39,1,44,24,44,1,16.0,6d6431f13a9644b0
full,0,dropout030_delay2_relay_failure_early,37,1,46,24,46,1,18.0,bd077a77344e19d2
full,0,dropout030_delay2_relay_failure_early,38,1,46,24,46,1,18.0,e51d41c6fe413f0e
full,0,dropout030_delay2_relay_failure_early,36,0,260,24,-1,0,235.0,5acfd50dfcbe911f
full,0,dropout030_delay2_relay_failure_early,41,1,44,24,44,1,16.0,6f55bc9383bd79b6
full,0,dropout030_delay2_relay_failure_early,40,1,45,24,45,1,17.0,83bda1e4a49fa8cb
full,0,dropout030_delay2_relay_failure_early,43,1,45,24,45,1,17.0,dc2965d48184dc7d
full,0,dropout030_delay2_relay_failure_early,42,1,47,24,47,1,19.0,46c35bbf79765a4b
full,0,dropout030_delay2_relay_failure_early,46,1,44,24,44,1,16.0,a37bda103e668d0e
full,0,dropout030_delay2_relay_failure_early,44,1,45,24,45,1,17.0,9a9dce60bd0660b8
full,0,dropout030_delay2_relay_failure_early,47,1,46,24,46,1,18.0,ad2e0b35b9067f89
full,0,dropout030_delay2_relay_failure_early,45,0,260,24,-1,0,235.0,5379eb4d5aea6b61
full,0,dropout030_delay2_relay_failure_early,49,1,44,24,44,1,16.0,6b0856ca550cb70d
full,0,dropout030_delay2_relay_failure_early,50,1,45,24,45,1,17.0,75e9dd6bee836efd
full,0,dropout030_delay2_relay_failure_early,51,1,45,24,45,1,17.0,aa059287b6269468
full,0,dropout030_delay2_relay_failure_early,48,1,47,24,47,1,19.0,34efd13164d7541f
full,0,dropout030_delay2_relay_failure_early,53,1,44,24,44,1,16.0,af8f7c8b9060d172
full,0,dropout030_delay2_relay_failure_early,52,1,45,24,45,1,17.0,4d3e6a0100bb2a06
full,0,dropout030_delay2_relay_failure_early,54,1,45,24,45,1,17.0,ca2b98b92e3a9ac0
full,0,dropout030_delay2_relay_failure_early,55,1,45,24,45,1,17.0,d0cc76edbdba179a
full,0,dropout030_delay2_relay_failure_early,56,1,44,24,44,1,16.0,73320a86cebad1cc
full,0,dropout030_delay2_relay_failure_early,58,1,44,24,44,1,16.0,ddf58ca833e4839a
full,0,dropout030_delay2_relay_failure_early,57,1,46,24,46,1,18.0,4cb9643d4177519b
full,0,dropout030_delay2_relay_failure_early,59,1,46,24,46,1,18.0,3b613550f572c200
full,0,dropout030_delay2_relay_failure_early,60,1,45,24,45,1,17.0,b703cc99bb48d0bd
full,0,dropout030_delay2_relay_failure_early,62,1,45,24,45,1,17.0,2157cb1b08dd84d1
full,0,dropout030_delay2_relay_failure_early,63,1,46,24,46,1,18.0,29b4c2286095392d
full,0,dropout030_delay2_relay_failure_early,61,0,260,24,-1,0,235.0,752b0170927ee7df
full,0,dropout030_delay2_relay_failure_early,64,1,44,24,44,1,16.0,d61ec01c7742c89e
full,0,dropout030_delay2_relay_failure_early,65,1,46,24,46,1,18.0,0aeb0b273837db45
full,0,dropout030_delay2_relay_failure_early,67,1,47,24,47,1,19.0,2fa53f39617d3d97
full,0,dropout030_delay2_relay_failure_early,66,0,260,24,-1,0,235.0,ee6b8c3b0a6857bf
full,0,dropout030_delay2_relay_failure_early,68,1,45,24,45,1,17.0,25f820b13c0442d3
full,0,dropout030_delay2_relay_failure_early,69,1,47,24,47,1,19.0,638838751c022d78
full,0,dropout030_delay2_relay_failure_early,70,0,260,24,-1,0,235.0,db20c1250ecd97c8
full,0,dropout030_delay2_relay_failure_early,71,0,260,24,-1,0,235.0,64fdbae2d0d49af4
full,0,dropout030_delay2_relay_failure_early,74,1,46,24,46,1,18.0,4216c0f08384d91e
full,0,dropout030_delay2_relay_failure_early,73,1,47,24,47,1,19.0,272f26669dafba79
full,0,dropout030_delay2_relay_failure_early,72,0,260,24,-1,0,235.0,130da721856a2e7b
full,0,dropout030_delay2_relay_failure_early,75,0,260,24,-1,0,235.0,4b93c8571385a93f
full,0,dropout030_delay2_relay_failure_early,79,1,46,24,46,1,18.0,9b9009199c503d93
full,0,dropout030_delay2_relay_failure_early,76,1,47,24,47,1,19.0,f3878b126afa72e5
full,0,dropout030_delay2_relay_failure_early,77,1,47,24,47,1,19.0,6aa6b6646e0877c2
full,0,dropout030_delay2_relay_failure_early,78,1,47,24,47,1,19.0,5945284428480a6f
full,0,dropout030_delay2_relay_failure_early,80,1,44,24,44,1,16.0,7f5470ff3a5d1ad3
full,0,dropout030_delay2_relay_failure_early,83,1,44,24,44,1,16.0,0720e6310bc4cb42
full,0,dropout030_delay2_relay_failure_early,81,1,46,24,46,1,18.0,5e6b5d76248118f5
full,0,dropout030_delay2_relay_failure_early,82,1,46,24,46,1,18.0,2e9f3fc5a7c45c08
full,0,dropout030_delay2_relay_failure_early,87,1,44,24,44,1,16.0,2577abc0825d1ad0
full,0,dropout030_delay2_relay_failure_early,84,1,45,24,45,1,17.0,a5076c281c482bdb
full,0,dropout030_delay2_relay_failure_early,86,1,45,24,45,1,17.0,80cc0526c0bb5cb1
full,0,dropout030_delay2_relay_failure_early,85,1,48,24,48,1,20.0,364b548e386f92d9
full,0,dropout030_delay2_relay_failure_early,88,1,45,24,45,1,17.0,65885ed89bd0f8fa
full,0,dropout030_delay2_relay_failure_early,91,1,45,24,45,1,17.0,110c6fc932368f8e
full,0,dropout030_delay2_relay_failure_early,89,1,46,24,46,1,18.0,599ab24bed712797
full,0,dropout030_delay2_relay_failure_early,90,0,260,24,-1,0,235.0,9f9dda117003be2d
full,0,dropout030_delay2_relay_failure_early,93,1,44,24,44,1,16.0,6933ebc9ab7741d5
full,0,dropout030_delay2_relay_failure_early,95,1,45,24,45,1,17.0,dc855b8a10e5f63c
full,0,dropout030_delay2_relay_failure_early,92,1,48,24,48,1,20.0,42a5f453e2c30deb
full,0,dropout030_delay2_relay_failure_early,94,0,260,24,-1,0,235.0,c4b4e9f2f33177c5
full,0,dropout030_delay2_relay_failure_early,96,1,44,24,44,1,16.0,74f760fb6dca40db
full,0,dropout030_delay2_relay_failure_early,98,1,44,24,44,1,16.0,dbd968cc26e38299
full,0,dropout030_delay2_relay_failure_early,97,1,46,24,46,1,18.0,8c2240c0426c3aaa
full,0,dropout030_delay2_relay_failure_early,99,0,260,24,-1,0,235.0,3827192063aca8ef
full,1,dropout030_delay2_relay_failure,0,1,44,39,44,1,1.0,38953b3681619666
full,1,dropout030_delay2_relay_failure,1,1,44,39,44,1,1.0,f69401a049864331
full,1,dropout030_delay2_relay_failure,2,1,45,39,45,1,2.0,c600153b19d65458
full,1,dropout030_delay2_relay_failure,3,1,45,39,45,1,2.0,f4454fedf1d44b58
full,1,dropout030_delay2_relay_failure,5,1,45,39,45,1,2.0,f9c6ece67e526cc2
full,1,dropout030_delay2_relay_failure,6,1,46,39,46,1,3.0,b3611ccfc2cfe15b
full,1,dropout030_delay2_relay_failure,4,1,47,39,47,1,4.0,35dde53b73122788
full,1,dropout030_delay2_relay_failure,7,1,47,39,47,1,4.0,16a17656c0c2480b
full,1,dropout030_delay2_relay_failure,11,1,46,39,46,1,3.0,347df0b91f90710b
full,1,dropout030_delay2_relay_failure,8,1,47,39,47,1,4.0,53b7032475eb6fc3
full,1,dropout030_delay2_relay_failure,10,1,48,39,48,1,5.0,a6e0d1f861b87f80
full,1,dropout030_delay2_relay_failure,9,0,260,39,-1,0,220.0,4a7f08430857c78f
full,1,dropout030_delay2_relay_failure,15,1,44,39,44,1,1.0,ceb98ea6f0764f9c
full,1,dropout030_delay2_relay_failure,12,1,46,39,46,1,3.0,077ce56c1112bf34
full,1,dropout030_delay2_relay_failure,13,1,47,39,47,1,4.0,89eeedf38e586623
full,1,dropout030_delay2_relay_failure,14,1,49,39,49,1,6.0,bd41787c35244a21
full,1,dropout030_delay2_relay_failure,19,1,45,39,45,1,2.0,0f71beb3999d7866
full,1,dropout030_delay2_relay_failure,17,1,46,39,46,1,3.0,e600fdac17ffcbc0
full,1,dropout030_delay2_relay_failure,16,1,47,39,47,1,4.0,d10c603044094ef2
full,1,dropout030_delay2_relay_failure,18,1,48,39,48,1,5.0,81f2167287d28455
full,1,dropout030_delay2_relay_failure,23,1,44,39,44,1,1.0,de335a15ed83fb52
full,1,dropout030_delay2_relay_failure,20,1,45,39,45,1,2.0,3dcdd04087335786
full,1,dropout030_delay2_relay_failure,21,1,46,39,46,1,3.0,5909e3db110c93ae
full,1,dropout030_delay2_relay_failure,22,1,50,39,50,1,7.0,7e94506c534b784c
full,1,dropout030_delay2_relay_failure,27,1,44,39,44,1,1.0,9bb8a7de2e347c20
full,1,dropout030_delay2_relay_failure,24,1,47,39,47,1,4.0,08ff205b9d632272
full,1,dropout030_delay2_relay_failure,26,1,48,39,48,1,5.0,c63a84b4d42d3ea7
full,1,dropout030_delay2_relay_failure,25,0,260,39,-1,0,220.0,f6ab9806a0d8f465
full,1,dropout030_delay2_relay_failure,30,1,45,39,45,1,2.0,651bc251fae1f0f5
full,1,dropout030_delay2_relay_failure,31,1,45,39,45,1,2.0,680f1c668e55f09d
full,1,dropout030_delay2_relay_failure,28,1,47,39,47,1,4.0,241b7265600ede99
full,1,dropout030_delay2_relay_failure,29,1,47,39,47,1,4.0,d6c37b9f0e948150
full,1,dropout030_delay2_relay_failure,33,1,44,39,44,1,1.0,841fa326539539ad
full,1,dropout030_delay2_relay_failure,35,1,44,39,44,1,1.0,3876b35821680b78
full,1,dropout030_delay2_relay_failure,34,1,46,39,46,1,3.0,2e510da26193fa4b
full,1,dropout030_delay2_relay_failure,32,1,51,39,51,1,8.0,8f3f11ab578f64a8
full,1,dropout030_delay2_relay_failure,39,1,45,39,45,1,2.0,9712be3765665809
full,1,dropout030_delay2_relay_failure,37,1,46,39,46,1,3.0,736354f9810bdad8
full,1,dropout030_delay2_relay_failure,38,1,47,39,47,1,4.0,2988727035e6e5a3
full,1,dropout030_delay2_relay_failure,36,1,50,39,50,1,7.0,6db096ff64d38ef5
full,1,dropout030_delay2_relay_failure,41,1,44,39,44,1,1.0,62cf4ad34079a109
full,1,dropout030_delay2_relay_failure,40,1,45,39,45,1,2.0,7efd028d9a2f237f
full,1,dropout030_delay2_relay_failure,43,1,45,39,45,1,2.0,89fc4278027d6c24
full,1,dropout030_delay2_relay_failure,42,1,48,39,48,1,5.0,2e2ecc8ac3207304
full,1,dropout030_delay2_relay_failure,46,1,44,39,44,1,1.0,6f5e1d0aeb1fce2e
full,1,dropout030_delay2_relay_failure,44,1,45,39,45,1,2.0,782cc158013d6005
full,1,dropout030_delay2_relay_failure,47,1,47,39,47,1,4.0,aa23069e5cd7d037
full,1,dropout030_delay2_relay_failure,45,1,49,39,49,1,6.0,1890e0726c6cd259
full,1,dropout030_delay2_relay_failure,49,1,44,39,44,1,1.0,adc4a9f4daf382e6
full,1,dropout030_delay2_relay_failure,51,1,45,39,45,1,2.0,040f18a05c0bf9a2
full,1,dropout030_delay2_relay_failure,50,1,46,39,46,1,3.0,3dd39195014b3c10
full,1,dropout030_delay2_relay_failure,48,1,48,39,48,1,5.0,95f456ba2344f4e1
full,1,dropout030_delay2_relay_failure,53,1,44,39,44,1,1.0,6365f62634b31d13
full,1,dropout030_delay2_relay_failure,52,1,45,39,45,1,2.0,89dfedc314a14dd0
full,1,dropout030_delay2_relay_failure,54,1,45,39,45,1,2.0,032eba3c5190799a
full,1,dropout030_delay2_relay_failure,55,1,45,39,45,1,2.0,d65bde4876d95597
full,1,dropout030_delay2_relay_failure,56,1,44,39,44,1,1.0,1037b47435e54acc
full,1,dropout030_delay2_relay_failure,58,1,44,39,44,1,1.0,8669eb82b8014393
full,1,dropout030_delay2_relay_failure,57,1,46,39,46,1,3.0,380103733629eb6d
full,1,dropout030_delay2_relay_failure,59,1,46,39,46,1,3.0,37a2fa467c0e2979
full,1,dropout030_delay2_relay_failure,60,1,45,39,45,1,2.0,7ebd72491e9a1f66
full,1,dropout030_delay2_relay_failure,62,1,46,39,46,1,3.0,9c440ff757fbed6c
full,1,dropout030_delay2_relay_failure,63,1,46,39,46,1,3.0,ed6be7c97bec8bc4
full,1,dropout030_delay2_relay_failure,61,0,260,39,-1,0,220.0,e146734277b7f270
full,1,dropout030_delay2_relay_failure,64,1,44,39,44,1,1.0,cc62bfdcef1ffda2
full,1,dropout030_delay2_relay_failure,65,1,46,39,46,1,3.0,2d82382635b30461
full,1,dropout030_delay2_relay_failure,67,1,47,39,47,1,4.0,09434db1efae752f
full,1,dropout030_delay2_relay_failure,66,1,52,39,52,1,9.0,74442b66ef721283
full,1,dropout030_delay2_relay_failure,68,1,46,39,46,1,3.0,33685415318f2f3e
full,1,dropout030_delay2_relay_failure,69,1,47,39,47,1,4.0,99c98b48f650a01f
full,1,dropout030_delay2_relay_failure,70,1,53,39,53,1,10.0,757e2f36e595ccde
full,1,dropout030_delay2_relay_failure,71,1,53,39,53,1,10.0,7217e2ad3d37fbd0
full,1,dropout030_delay2_relay_failure,74,1,45,39,45,1,2.0,c642eef065022962
full,1,dropout030_delay2_relay_failure,73,1,48,39,48,1,5.0,cdc663cc1f0f819b
full,1,dropout030_delay2_relay_failure,72,1,49,39,49,1,6.0,e1feef8a32bdca85
full,1,dropout030_delay2_relay_failure,75,0,260,39,-1,0,220.0,1e7298c13971f6dc
full,1,dropout030_delay2_relay_failure,77,1,46,39,46,1,3.0,54f19ba1cbc8a9c6
full,1,dropout030_delay2_relay_failure,79,1,46,39,46,1,3.0,7641853dc41407ef
full,1,dropout030_delay2_relay_failure,78,1,47,39,47,1,4.0,1070c05dd0f182e9
full,1,dropout030_delay2_relay_failure,76,1,48,39,48,1,5.0,a27e0da13d8d8026
full,1,dropout030_delay2_relay_failure,80,1,44,39,44,1,1.0,761e13790fbf8d2a
full,1,dropout030_delay2_relay_failure,83,1,45,39,45,1,2.0,676c8a57b344885f
full,1,dropout030_delay2_relay_failure,81,1,46,39,46,1,3.0,e37a865837eed0be
full,1,dropout030_delay2_relay_failure,82,1,47,39,47,1,4.0,ac9d5f9e63d09a07
full,1,dropout030_delay2_relay_failure,87,1,44,39,44,1,1.0,378007714a47f565
full,1,dropout030_delay2_relay_failure,84,1,45,39,45,1,2.0,8644ba4275611473
full,1,dropout030_delay2_relay_failure,86,1,46,39,46,1,3.0,b557aa7becfe0846
full,1,dropout030_delay2_relay_failure,85,1,48,39,48,1,5.0,0ce12e26b74410b7
full,1,dropout030_delay2_relay_failure,88,1,45,39,45,1,2.0,7cf6aaa8356e5709
full,1,dropout030_delay2_relay_failure,91,1,45,39,45,1,2.0,f7fbd8a242f4c269
full,1,dropout030_delay2_relay_failure,89,1,46,39,46,1,3.0,58874dbbf1b705a9
full,1,dropout030_delay2_relay_failure,90,1,48,39,48,1,5.0,8b602cce3b7a5d4e
full,1,dropout030_delay2_relay_failure,95,1,45,39,45,1,2.0,a95c7ff843804210
full,1,dropout030_delay2_relay_failure,92,1,48,39,48,1,5.0,6a053a1ba563c69a
full,1,dropout030_delay2_relay_failure,94,1,48,39,48,1,5.0,5189bad64b16106e
full,1,dropout030_delay2_relay_failure,93,0,260,39,-1,0,220.0,bca603e0b3221bfe
full,1,dropout030_delay2_relay_failure,98,1,44,39,44,1,1.0,ba274a57c831da7d
full,1,dropout030_delay2_relay_failure,96,1,45,39,45,1,2.0,2089ef6b5cce9eee
full,1,dropout030_delay2_relay_failure,97,1,47,39,47,1,4.0,5360c2c2c825f99b
full,1,dropout030_delay2_relay_failure,99,1,49,39,49,1,6.0,f6dea9c501d78def
full,1,dropout030_delay2_relay_failure_early,0,1,45,24,45,1,17.0,b5c3dec6f2931686
full,1,dropout030_delay2_relay_failure_early,1,1,45,24,45,1,17.0,6ad636d4a0cf1235
full,1,dropout030_delay2_relay_failure_early,2,1,45,24,45,1,17.0,f289a20f2d397e86
full,1,dropout030_delay2_relay_failure_early,3,1,45,24,45,1,17.0,05f7a3face179437
full,1,dropout030_delay2_relay_failure_early,5,1,46,24,46,1,18.0,370fc6543f84d878
full,1,dropout030_delay2_relay_failure_early,6,1,46,24,46,1,18.0,3959ddcf96e91165
full,1,dropout030_delay2_relay_failure_early,4,1,47,24,47,1,19.0,ec296d64113f3f36
full,1,dropout030_delay2_relay_failure_early,7,1,47,24,47,1,19.0,a42bc7aeeaf5abb7
full,1,dropout030_delay2_relay_failure_early,9,1,44,24,44,1,16.0,3f13768f9ef54197
full,1,dropout030_delay2_relay_failure_early,8,1,47,24,47,1,19.0,613db2329100c123
full,1,dropout030_delay2_relay_failure_early,11,1,47,24,47,1,19.0,e5cecad07d47b157
full,1,dropout030_delay2_relay_failure_early,10,1,48,24,48,1,20.0,460c81315aad310e
full,1,dropout030_delay2_relay_failure_early,15,1,44,24,44,1,16.0,14b9e32020300584
full,1,dropout030_delay2_relay_failure_early,12,1,46,24,46,1,18.0,e3db28d66a745ee5
full,1,dropout030_delay2_relay_failure_early,13,1,47,24,47,1,19.0,b3b73a51a4d426c6
full,1,dropout030_delay2_relay_failure_early,14,1,49,24,49,1,21.0,64294c9e46667b95
full,1,dropout030_delay2_relay_failure_early,19,1,45,24,45,1,17.0,7e6507bf5f33961e
full,1,dropout030_delay2_relay_failure_early,16,1,47,24,47,1,19.0,e78482aa12806af0
full,1,dropout030_delay2_relay_failure_early,17,1,47,24,47,1,19.0,90d8695d345bd2ff
full,1,dropout030_delay2_relay_failure_early,18,1,48,24,48,1,20.0,3d157943952b3eb9
full,1,dropout030_delay2_relay_failure_early,20,1,44,24,44,1,16.0,b8095639f6df9ed9
full,1,dropout030_delay2_relay_failure_early,23,1,44,24,44,1,16.0,209981174390453d
full,1,dropout030_delay2_relay_failure_early,21,1,46,24,46,1,18.0,00153fc7e9b11b74
full,1,dropout030_delay2_relay_failure_early,22,1,50,24,50,1,22.0,5a67db4a4edc82f3
full,1,dropout030_delay2_relay_failure_early,27,1,44,24,44,1,16.0,686fa9114dffcbd7
full,1,dropout030_delay2_relay_failure_early,25,1,45,24,45,1,17.0,656e55807ca03b7f
full,1,dropout030_delay2_relay_failure_early,24,1,47,24,47,1,19.0,9ff25b5ebcdcc54e
full,1,dropout030_delay2_relay_failure_early,26,1,48,24,48,1,20.0,5cb42766e17ca947
full,1,dropout030_delay2_relay_failure_early,30,1,45,24,45,1,17.0,5fd32a0e4cc54041
full,1,dropout030_delay2_relay_failure_early,31,1,45,24,45,1,17.0,3324f48f0d45b161
full,1,dropout030_delay2_relay_failure_early,29,1,47,24,47,1,19.0,e8d17f6765e19cdf
full,1,dropout030_delay2_relay_failure_early,28,1,48,24,48,1,20.0,60e96a009f721283
full,1,dropout030_delay2_relay_failure_early,33,1,44,24,44,1,16.0,7d51d6449b5bc579
full,1,dropout030_delay2_relay_failure_early,35,1,44,24,44,1,16.0,039a014ed9caab57
full,1,dropout030_delay2_relay_failure_early,34,1,46,24,46,1,18.0,b48a49abaaf71425
full,1,dropout030_delay2_relay_failure_early,32,1,52,24,52,1,24.0,60be02b9de70e6ef
full,1,dropout030_delay2_relay_failure_early,39,1,45,24,45,1,17.0,071db9913e20f758
full,1,dropout030_delay2_relay_failure_early,37,1,46,24,46,1,18.0,845834133144ff97
full,1,dropout030_delay2_relay_failure_early,38,1,47,24,47,1,19.0,74ea6aecc2fd0002
full,1,dropout030_delay2_relay_failure_early,36,1,50,24,50,1,22.0,a0895958db65e469
full,1,dropout030_delay2_relay_failure_early,41,1,44,24,44,1,16.0,081fa9d3d2147349
full,1,dropout030_delay2_relay_failure_early,40,1,45,24,45,1,17.0,66f20a6965e34f28
full,1,dropout030_delay2_relay_failure_early,43,1,45,24,45,1,17.0,9cdca470923df3bc
full,1,dropout030_delay2_relay_failure_early,42,1,48,24,48,1,20.0,0e12c375c4fcf9ff
full,1,dropout030_delay2_relay_failure_early,46,1,44,24,44,1,16.0,5a7ff5ac76e0a18e
full,1,dropout030_delay2_relay_failure_early,44,1,45,24,45,1,17.0,2006b8b43543a4b3
full,1,dropout030_delay2_relay_failure_early,47,1,47,24,47,1,19.0,acb361fafcfd0046
full,1,dropout030_delay2_relay_failure_early,45,1,50,24,50,1,22.0,3716072608190a45
full,1,dropout030_delay2_relay_failure_early,49,1,44,24,44,1,16.0,9d84122e6e9ffa43
full,1,dropout030_delay2_relay_failure_early,50,1,46,24,46,1,18.0,6ba60b1d1b4f5dce
full,1,dropout030_delay2_relay_failure_early,51,1,46,24,46,1,18.0,0846a08a9a24e8da
full,1,dropout030_delay2_relay_failure_early,48,1,48,24,48,1,20.0,deecd9d0663f6e67
full,1,dropout030_delay2_relay_failure_early,52,1,45,24,45,1,17.0,8add4c580c7c7d7c
full,1,dropout030_delay2_relay_failure_early,53,1,45,24,45,1,17.0,d80afd111c5bf3b4
full,1,dropout030_delay2_relay_failure_early,55,1,45,24,45,1,17.0,77be04c8ff7369ef
full,1,dropout030_delay2_relay_failure_early,54,1,46,24,46,1,18.0,6136018edc2147a9
full,1,dropout030_delay2_relay_failure_early,58,1,44,24,44,1,16.0,a3f87ffe986ddcd0
full,1,dropout030_delay2_relay_failure_early,56,1,45,24,45,1,17.0,e8eaddc05cc6470d
full,1,dropout030_delay2_relay_failure_early,57,1,46,24,46,1,18.0,0ff009510132084e
full,1,dropout030_delay2_relay_failure_early,59,1,46,24,46,1,18.0,6daae226c4b27ed4
full,1,dropout030_delay2_relay_failure_early,60,1,46,24,46,1,18.0,8a2d444423288731
full,1,dropout030_delay2_relay_failure_early,62,1,46,24,46,1,18.0,0a2a0c7c22bf99ff
full,1,dropout030_delay2_relay_failure_early,63,1,46,24,46,1,18.0,438548e7d3e83c5c
full,1,dropout030_delay2_relay_failure_early,61,1,49,24,49,1,21.0,286416597698bf4c
full,1,dropout030_delay2_relay_failure_early,64,1,45,24,45,1,17.0,a87205a337f71d84
full,1,dropout030_delay2_relay_failure_early,65,1,47,24,47,1,19.0,0981f7040052ac53
full,1,dropout030_delay2_relay_failure_early,67,1,48,24,48,1,20.0,7860804144a6022a
full,1,dropout030_delay2_relay_failure_early,66,1,52,24,52,1,24.0,4c118eb46e968a1b
full,1,dropout030_delay2_relay_failure_early,68,1,46,24,46,1,18.0,6c43540ff60b5d50
full,1,dropout030_delay2_relay_failure_early,69,1,47,24,47,1,19.0,300bac3568a4b725
full,1,dropout030_delay2_relay_failure_early,70,1,52,24,52,1,24.0,7b960ddf1024477c
full,1,dropout030_delay2_relay_failure_early,71,0,260,24,-1,0,235.0,33884e18221f9aea
full,1,dropout030_delay2_relay_failure_early,74,1,46,24,46,1,18.0,5fae4fe1bf0970d2
full,1,dropout030_delay2_relay_failure_early,73,1,48,24,48,1,20.0,2a28e43c8a1164a7
full,1,dropout030_delay2_relay_failure_early,75,1,49,24,49,1,21.0,c90be3c05b8ff58e
full,1,dropout030_delay2_relay_failure_early,72,0,260,24,-1,0,235.0,4ddb357fed1fe3af
full,1,dropout030_delay2_relay_failure_early,77,1,47,24,47,1,19.0,9a31756160632925
full,1,dropout030_delay2_relay_failure_early,78,1,47,24,47,1,19.0,512e614f4151d85d
full,1,dropout030_delay2_relay_failure_early,79,1,47,24,47,1,19.0,7adb4ec0c6e9d4bd
full,1,dropout030_delay2_relay_failure_early,76,1,48,24,48,1,20.0,e6de7f9b14ec048a
full,1,dropout030_delay2_relay_failure_early,80,1,44,24,44,1,16.0,7fa676b339250df0
full,1,dropout030_delay2_relay_failure_early,83,1,44,24,44,1,16.0,ee388a7c05ed303f
full,1,dropout030_delay2_relay_failure_early,81,1,46,24,46,1,18.0,12e4ef3cada146f5
full,1,dropout030_delay2_relay_failure_early,82,1,47,24,47,1,19.0,7543fbbabd566e76
full,1,dropout030_delay2_relay_failure_early,87,1,45,24,45,1,17.0,e045db93078e47bd
full,1,dropout030_delay2_relay_failure_early,84,1,46,24,46,1,18.0,197473c39cf7fc95
full,1,dropout030_delay2_relay_failure_early,86,1,47,24,47,1,19.0,db078226ec5bdfc3
full,1,dropout030_delay2_relay_failure_early,85,1,48,24,48,1,20.0,4461653862d647c3
full,1,dropout030_delay2_relay_failure_early,88,1,45,24,45,1,17.0,ae9273fbedffce8e
full,1,dropout030_delay2_relay_failure_early,89,1,46,24,46,1,18.0,a8db422d0f036541
full,1,dropout030_delay2_relay_failure_early,91,1,46,24,46,1,18.0,ad472cabd54a402b
full,1,dropout030_delay2_relay_failure_early,90,1,50,24,50,1,22.0,df47136dba182b37
full,1,dropout030_delay2_relay_failure_early,93,1,44,24,44,1,16.0,b6d448103be8944c
full,1,dropout030_delay2_relay_failure_early,95,1,45,24,45,1,17.0,5a8727cdd358f641
full,1,dropout030_delay2_relay_failure_early,92,1,48,24,48,1,20.0,64ce5a15ec086b15
full,1,dropout030_delay2_relay_failure_early,94,1,49,24,49,1,21.0,f42a559587ecd580
full,1,dropout030_delay2_relay_failure_early,98,1,44,24,44,1,16.0,742ca8e1cd324b96
full,1,dropout030_delay2_relay_failure_early,96,1,45,24,45,1,17.0,828c5f207c70ccb3
full,1,dropout030_delay2_relay_failure_early,97,1,47,24,47,1,19.0,d22d884fad53f204
full,1,dropout030_delay2_relay_failure_early,99,1,49,24,49,1,21.0,b44dbc3e4ffdf9d7
full,2,dropout030_delay2_relay_failure,2,1,45,39,45,1,2.0,a08e71f16cd02711
full,2,dropout030_delay2_relay_failure,0,0,260,39,-1,0,220.0,8d95751b2248d6be
full,2,dropout030_delay2_relay_failure,1,0,260,39,-1,0,220.0,3b20965c75dbf3f9
full,2,dropout030_delay2_relay_failure,3,0,260,39,-1,0,220.0,4eb009a8cd607f59
full,2,dropout030_delay2_relay_failure,4,1,46,39,46,1,3.0,768ca5ddea9e3550
full,2,dropout030_delay2_relay_failure,7,1,46,39,46,1,3.0,0badcf51b3520f04
full,2,dropout030_delay2_relay_failure,5,0,260,39,-1,0,220.0,f145f7f60ff2d1d4
full,2,dropout030_delay2_relay_failure,6,0,260,39,-1,0,220.0,a26bb1ea82c9ce05
full,2,dropout030_delay2_relay_failure,11,1,45,39,45,1,2.0,7825f9baf1ce0e5e
full,2,dropout030_delay2_relay_failure,8,1,46,39,46,1,3.0,3bee2978d0562486
full,2,dropout030_delay2_relay_failure,10,1,47,39,47,1,4.0,720c428ac1522490
full,2,dropout030_delay2_relay_failure,9,0,260,39,-1,0,220.0,a24f4a2e84e6055f
full,2,dropout030_delay2_relay_failure,15,1,44,39,44,1,1.0,c6f63ea32f40e366
full,2,dropout030_delay2_relay_failure,12,1,46,39,46,1,3.0,f576b709bf1a912f
full,2,dropout030_delay2_relay_failure,13,1,46,39,46,1,3.0,3f5f5f6508cedfd7
full,2,dropout030_delay2_relay_failure,14,1,48,39,48,1,5.0,757523b401c65098
full,2,dropout030_delay2_relay_failure,19,1,44,39,44,1,1.0,76534152874c1cb5
full,2,dropout030_delay2_relay_failure,16,1,46,39,46,1,3.0,1ab9965d2bd6e098
full,2,dropout030_delay2_relay_failure,17,1,46,39,46,1,3.0,98ea365b08ae56cb
full,2,dropout030_delay2_relay_failure,18,1,47,39,47,1,4.0,8b03339f233f67c4
full,2,dropout030_delay2_relay_failure,20,1,44,39,44,1,1.0,eb7873abc5e8506e
full,2,dropout030_delay2_relay_failure,23,1,44,39,44,1,1.0,466b4f99e3b764c6
full,2,dropout030_delay2_relay_failure,21,1,46,39,46,1,3.0,b9f6ff52ccf70dc7
full,2,dropout030_delay2_relay_failure,22,1,46,39,46,1,3.0,1520d078a385b0df
full,2,dropout030_delay2_relay_failure,25,1,44,39,44,1,1.0,10e5517afe54ca08
full,2,dropout030_delay2_relay_failure,24,1,46,39,46,1,3.0,7c5b0ff8216b8fd4
full,2,dropout030_delay2_relay_failure,26,1,46,39,46,1,3.0,db5ae29e31c6326f
full,2,dropout030_delay2_relay_failure,27,0,260,39,-1,0,220.0,433040cf22a340cc
full,2,dropout030_delay2_relay_failure,31,1,45,39,45,1,2.0,5a536113695c3f13
full,2,dropout030_delay2_relay_failure,28,1,46,39,46,1,3.0,31556f7a04b9bb83
full,2,dropout030_delay2_relay_failure,29,1,46,39,46,1,3.0,f42bbff364f835e5
full,2,dropout030_delay2_relay_failure,30,0,260,39,-1,0,220.0,c2e683ad615cb664
full,2,dropout030_delay2_relay_failure,34,1,45,39,45,1,2.0,6c7476316d8e03a6
full,2,dropout030_delay2_relay_failure,32,1,49,39,49,1,6.0,cb46a56e189963e4
full,2,dropout030_delay2_relay_failure,33,0,260,39,-1,0,220.0,52eaa981e20bb08f
full,2,dropout030_delay2_relay_failure,35,0,260,39,-1,0,220.0,556253e210bc572a
full,2,dropout030_delay2_relay_failure,39,1,44,39,44,1,1.0,db05305c4e6fbd65
full,2,dropout030_delay2_relay_failure,37,1,45,39,45,1,2.0,45c0a0727d56311b
full,2,dropout030_delay2_relay_failure,38,1,46,39,46,1,3.0,b7a41cc221377f00
full,2,dropout030_delay2_relay_failure,36,1,47,39,47,1,4.0,8d3787a085055d06
full,2,dropout030_delay2_relay_failure,40,1,45,39,45,1,2.0,af451e1155610d9f
full,2,dropout030_delay2_relay_failure,43,1,45,39,45,1,2.0,f3e2f998718bcea9
full,2,dropout030_delay2_relay_failure,42,1,46,39,46,1,3.0,e9669cc5f3e9d741
full,2,dropout030_delay2_relay_failure,41,0,260,39,-1,0,220.0,2221ce41b8b6bd51
full,2,dropout030_delay2_relay_failure,44,1,45,39,45,1,2.0,066ac7ce8bec3502
full,2,dropout030_delay2_relay_failure,47,1,46,39,46,1,3.0,73e75813c6b564c1
full,2,dropout030_delay2_relay_failure,45,1,47,39,47,1,4.0,75c8e3decc9862d5
full,2,dropout030_delay2_relay_failure,46,0,260,39,-1,0,220.0,99c49762d3a3fae9
full,2,dropout030_delay2_relay_failure,49,1,44,39,44,1,1.0,8371f79d32e56256
full,2,dropout030_delay2_relay_failure,50,1,45,39,45,1,2.0,c3feaa87d3a3a0c0
full,2,dropout030_delay2_relay_failure,51,1,45,39,45,1,2.0,5195425a3c902ef1
full,2,dropout030_delay2_relay_failure,48,1,46,39,46,1,3.0,8d6c22558bf0a3d1
full,2,dropout030_delay2_relay_failure,53,1,44,39,44,1,1.0,3545e82c6741d7e9
full,2,dropout030_delay2_relay_failure,52,1,45,39,45,1,2.0,8e2236ab919ceb61
full,2,dropout030_delay2_relay_failure,54,1,45,39,45,1,2.0,6f04321ef2565aec
full,2,dropout030_delay2_relay_failure,55,1,45,39,45,1,2.0,d2849bedebd556d6
full,2,dropout030_delay2_relay_failure,58,1,45,39,45,1,2.0,d376ce79967fe48f
full,2,dropout030_delay2_relay_failure,57,1,46,39,46,1,3.0,b8b251a7748f4662
full,2,dropout030_delay2_relay_failure,56,0,260,39,-1,0,220.0,73ce732f2ad95507
full,2,dropout030_delay2_relay_failure,59,0,260,39,-1,0,220.0,207fefb058fecca6
full,2,dropout030_delay2_relay_failure,60,1,45,39,45,1,2.0,171baf0c6cfa400c
full,2,dropout030_delay2_relay_failure,62,1,45,39,45,1,2.0,99169f8af97b62c5
full,2,dropout030_delay2_relay_failure,63,1,46,39,46,1,3.0,57bb511b41e95592
full,2,dropout030_delay2_relay_failure,61,0,260,39,-1,0,220.0,35c7b0f303ffa27b
full,2,dropout030_delay2_relay_failure,64,1,44,39,44,1,1.0,a6b911406cb8f6fd
full,2,dropout030_delay2_relay_failure,65,1,46,39,46,1,3.0,3332a87d27b9f71f
full,2,dropout030_delay2_relay_failure,67,1,46,39,46,1,3.0,057493dd3b4d37c9
full,2,dropout030_delay2_relay_failure,66,1,48,39,48,1,5.0,18ce9fdcc5de58e9
full,2,dropout030_delay2_relay_failure,68,1,45,39,45,1,2.0,6e4d48833c02ff1b
full,2,dropout030_delay2_relay_failure,69,1,46,39,46,1,3.0,5e424e4a2f316d06
full,2,dropout030_delay2_relay_failure,70,1,48,39,48,1,5.0,12d9a2e05487fd98
full,2,dropout030_delay2_relay_failure,71,1,48,39,48,1,5.0,ce6117d4b8d326d1
full,2,dropout030_delay2_relay_failure,74,1,45,39,45,1,2.0,650414ed9a9389e2
full,2,dropout030_delay2_relay_failure,73,1,46,39,46,1,3.0,9e73765c4eeacfc2
full,2,dropout030_delay2_relay_failure,72,1,47,39,47,1,4.0,d9ed20ad5590f1af
full,2,dropout030_delay2_relay_failure,75,1,47,39,47,1,4.0,91521690846f36dc
full,2,dropout030_delay2_relay_failure,77,1,46,39,46,1,3.0,1cf65d6ed72b61cb
full,2,dropout030_delay2_relay_failure,78,1,46,39,46,1,3.0,166e2b5ead57291f
full,2,dropout030_delay2_relay_failure,76,1,47,39,47,1,4.0,a44b5987d14ce676
full,2,dropout030_delay2_relay_failure,79,0,260,39,-1,0,220.0,1ebcf1aef0773a1a
full,2,dropout030_delay2_relay_failure,83,1,44,39,44,1,1.0,599ae3a8618dcfb1
full,2,dropout030_delay2_relay_failure,81,1,46,39,46,1,3.0,6e7860fa0b25b4a1
full,2,dropout030_delay2_relay_failure,82,1,46,39,46,1,3.0,6782f5041dc882fd
full,2,dropout030_delay2_relay_failure,80,0,260,39,-1,0,220.0,d11f0c6f7e59e418
full,2,dropout030_delay2_relay_failure,87,1,44,39,44,1,1.0,5290db33f77fa70f
full,2,dropout030_delay2_relay_failure,86,1,45,39,45,1,2.0,086255f403740d75
full,2,dropout030_delay2_relay_failure,85,1,47,39,47,1,4.0,c35a8dd790ba8d51
full,2,dropout030_delay2_relay_failure,84,0,260,39,-1,0,220.0,005fd715a9fd18b8
full,2,dropout030_delay2_relay_failure,88,1,45,39,45,1,2.0,b194aafbbf237d5b
full,2,dropout030_delay2_relay_failure,89,1,45,39,45,1,2.0,342c46c28291e72b
full,2,dropout030_delay2_relay_failure,91,1,45,39,45,1,2.0,9fb0ff6b027196b8
full,2,dropout030_delay2_relay_failure,90,1,47,39,47,1,4.0,ac13258e7f5e4c21
full,2,dropout030_delay2_relay_failure,92,1,47,39,47,1,4.0,59519feff1ea2579
full,2,dropout030_delay2_relay_failure,94,1,47,39,47,1,4.0,f48a284f1159fc97
full,2,dropout030_delay2_relay_failure,93,0,260,39,-1,0,220.0,2eea18f678f108c2
full,2,dropout030_delay2_relay_failure,95,0,260,39,-1,0,220.0,6fce7356957dfbb5
full,2,dropout030_delay2_relay_failure,97,1,46,39,46,1,3.0,7bc922b336e83de0
full,2,dropout030_delay2_relay_failure,99,1,47,39,47,1,4.0,255abc3b3031f23e
full,2,dropout030_delay2_relay_failure,96,0,260,39,-1,0,220.0,975f18b1c3e2d0a2
full,2,dropout030_delay2_relay_failure,98,0,260,39,-1,0,220.0,d220d34753841413
full,2,dropout030_delay2_relay_failure_early,2,1,45,24,45,1,17.0,4c011dba3686516d
full,2,dropout030_delay2_relay_failure_early,0,0,260,24,-1,0,235.0,edd697fa032e1153
full,2,dropout030_delay2_relay_failure_early,1,0,260,24,-1,0,235.0,54a960ee2168a5c4
full,2,dropout030_delay2_relay_failure_early,3,0,260,24,-1,0,235.0,941461e4f916320e
full,2,dropout030_delay2_relay_failure_early,4,1,46,24,46,1,18.0,e44c3803fd306c6b
full,2,dropout030_delay2_relay_failure_early,7,1,46,24,46,1,18.0,8b6b05857c621117
full,2,dropout030_delay2_relay_failure_early,5,0,260,24,-1,0,235.0,bc8c37391f439715
full,2,dropout030_delay2_relay_failure_early,6,0,260,24,-1,0,235.0,d532dadecd625dde
full,2,dropout030_delay2_relay_failure_early,8,1,46,24,46,1,18.0,451704394a653a74
full,2,dropout030_delay2_relay_failure_early,11,1,46,24,46,1,18.0,fdfb3382ac22a338
full,2,dropout030_delay2_relay_failure_early,10,1,47,24,47,1,19.0,25fecb0a3dcd9044
full,2,dropout030_delay2_relay_failure_early,9,0,260,24,-1,0,235.0,85f5e5d8319d1e6f
full,2,dropout030_delay2_relay_failure_early,12,1,46,24,46,1,18.0,33f2c8963ffe25d2
full,2,dropout030_delay2_relay_failure_early,13,1,46,24,46,1,18.0,ff6bc16274df0a0e
full,2,dropout030_delay2_relay_failure_early,14,1,47,24,47,1,19.0,df77763bb4f652f5
full,2,dropout030_delay2_relay_failure_early,15,0,260,24,-1,0,235.0,b1a7c808b8aa21ca
full,2,dropout030_delay2_relay_failure_early,16,1,46,24,46,1,18.0,cc4280dd648b38e9
full,2,dropout030_delay2_relay_failure_early,17,1,46,24,46,1,18.0,25ef765d064e3d92
full,2,dropout030_delay2_relay_failure_early,18,1,47,24,47,1,19.0,8d6a005244e15b41
full,2,dropout030_delay2_relay_failure_early,19,0,260,24,-1,0,235.0,49557f1b1c4c48fc
full,2,dropout030_delay2_relay_failure_early,20,1,44,24,44,1,16.0,224ec6e9ea1f19ea
full,2,dropout030_delay2_relay_failure_early,21,1,46,24,46,1,18.0,8ae02dbb5250d7e6
full,2,dropout030_delay2_relay_failure_early,22,1,46,24,46,1,18.0,d81443c5fe329e38
full,2,dropout030_delay2_relay_failure_early,23,0,260,24,-1,0,235.0,9414f4ed690a1c98
full,2,dropout030_delay2_relay_failure_early,24,1,46,24,46,1,18.0,1bc709a341e980a2
full,2,dropout030_delay2_relay_failure_early,26,1,47,24,47,1,19.0,103fb784aa793aee
full,2,dropout030_delay2_relay_failure_early,25,0,260,24,-1,0,235.0,9910b505e64f8132
full,2,dropout030_delay2_relay_failure_early,27,0,260,24,-1,0,235.0,58aab071f489562b
full,2,dropout030_delay2_relay_failure_early,31,1,45,24,45,1,17.0,4aac7274420ab4eb
full,2,dropout030_delay2_relay_failure_early,28,1,46,24,46,1,18.0,abb7950c23d8fa02
full,2,dropout030_delay2_relay_failure_early,29,1,46,24,46,1,18.0,09b1033f173e9b58
full,2,dropout030_delay2_relay_failure_early,30,0,260,24,-1,0,235.0,76a67d3671f5d4f1
full,2,dropout030_delay2_relay_failure_early,34,1,46,24,46,1,18.0,74f1708eb7e7fc87
full,2,dropout030_delay2_relay_failure_early,32,1,50,24,50,1,22.0,fa3ceab7c40e1f4c
full,2,dropout030_delay2_relay_failure_early,33,0,260,24,-1,0,235.0,a0229b8b25b48a7d
full,2,dropout030_delay2_relay_failure_early,35,0,260,24,-1,0,235.0,ced53d5fe39a6611
full,2,dropout030_delay2_relay_failure_early,37,1,45,24,45,1,17.0,32ae8e787b8fa17a
full,2,dropout030_delay2_relay_failure_early,38,1,46,24,46,1,18.0,87f6a77417053e32
full,2,dropout030_delay2_relay_failure_early,36,1,47,24,47,1,19.0,835e4199e76c39c7
full,2,dropout030_delay2_relay_failure_early,39,0,260,24,-1,0,235.0,d05560398ce5e29a
full,2,dropout030_delay2_relay_failure_early,40,1,45,24,45,1,17.0,ce5288e03abab252
full,2,dropout030_delay2_relay_failure_early,42,1,46,24,46,1,18.0,7988e5586274db18
full,2,dropout030_delay2_relay_failure_early,41,0,260,24,-1,0,235.0,0124d3f7e7a69b4f
full,2,dropout030_delay2_relay_failure_early,43,0,260,24,-1,0,235.0,487e380b63b80ec8
full,2,dropout030_delay2_relay_failure_early,44,1,45,24,45,1,17.0,58157404209ee768
full,2,dropout030_delay2_relay_failure_early,47,1,46,24,46,1,18.0,91f20e6212355656
full,2,dropout030_delay2_relay_failure_early,45,1,47,24,47,1,19.0,09efc1eea9fa8b7e
full,2,dropout030_delay2_relay_failure_early,46,0,260,24,-1,0,235.0,723694759ce3de54
full,2,dropout030_delay2_relay_failure_early,50,1,45,24,45,1,17.0,764ccfcc630d4759
full,2,dropout030_delay2_relay_failure_early,51,1,45,24,45,1,17.0,293617bc6a8b56fa
full,2,dropout030_delay2_relay_failure_early,48,1,46,24,46,1,18.0,1ea56f0376a80562
full,2,dropout030_delay2_relay_failure_early,49,0,260,24,-1,0,235.0,87124fb6980a59b4
full,2,dropout030_delay2_relay_failure_early,53,1,44,24,44,1,16.0,e31e4a4a54dbb64c
full,2,dropout030_delay2_relay_failure_early,52,1,45,24,45,1,17.0,2913a9a00dff8833
full,2,dropout030_delay2_relay_failure_early,54,1,45,24,45,1,17.0,a6f0ddcee68ff24b
full,2,dropout030_delay2_relay_failure_early,55,1,45,24,45,1,17.0,577fb022bafa8afb
full,2,dropout030_delay2_relay_failure_early,58,1,44,24,44,1,16.0,78307a9aa0d802c0
full,2,dropout030_delay2_relay_failure_early,56,1,45,24,45,1,17.0,835b5faaead8addd
full,2,dropout030_delay2_relay_failure_early,57,1,46,24,46,1,18.0,8204adb12e4f314d
full,2,dropout030_delay2_relay_failure_early,59,0,260,24,-1,0,235.0,1a7c310ee984569f
full,2,dropout030_delay2_relay_failure_early,62,1,45,24,45,1,17.0,31678346c70170a6
full,2,dropout030_delay2_relay_failure_early,63,1,46,24,46,1,18.0,fa7d1dfdc4be7720
full,2,dropout030_delay2_relay_failure_early,61,1,47,24,47,1,19.0,0113429a9db01aa0
full,2,dropout030_delay2_relay_failure_early,60,0,260,24,-1,0,235.0,8cf5fb3f0d17d43e
full,2,dropout030_delay2_relay_failure_early,65,1,46,24,46,1,18.0,47946294dd20d9ca
full,2,dropout030_delay2_relay_failure_early,67,1,46,24,46,1,18.0,2df755fe54fc1dac
full,2,dropout030_delay2_relay_failure_early,66,1,48,24,48,1,20.0,3bafcbb276d10f31
full,2,dropout030_delay2_relay_failure_early,64,0,260,24,-1,0,235.0,6c337cef10f85cdb
full,2,dropout030_delay2_relay_failure_early,68,1,45,24,45,1,17.0,2f9822aeea4bdf21
full,2,dropout030_delay2_relay_failure_early,69,1,46,24,46,1,18.0,43f62f301da5ae14
full,2,dropout030_delay2_relay_failure_early,70,1,48,24,48,1,20.0,151a88027a2fbe9f
full,2,dropout030_delay2_relay_failure_early,71,1,49,24,49,1,21.0,673b579ae8f26229
full,2,dropout030_delay2_relay_failure_early,74,1,45,24,45,1,17.0,964226b0df9fa6fe
full,2,dropout030_delay2_relay_failure_early,73,1,46,24,46,1,18.0,fcf193758d7dcab8
full,2,dropout030_delay2_relay_failure_early,72,1,47,24,47,1,19.0,c77b3f4b4b38fa11
full,2,dropout030_delay2_relay_failure_early,75,1,47,24,47,1,19.0,06b5c81abc58a967
full,2,dropout030_delay2_relay_failure_early,79,1,45,24,45,1,17.0,ee143d8293154711
full,2,dropout030_delay2_relay_failure_early,77,1,46,24,46,1,18.0,a5a0d12868f21c89
full,2,dropout030_delay2_relay_failure_early,78,1,46,24,46,1,18.0,f3eac49ea2f3c595
full,2,dropout030_delay2_relay_failure_early,76,1,47,24,47,1,19.0,20d508756b76f42f
full,2,dropout030_delay2_relay_failure_early,81,1,46,24,46,1,18.0,8886e86108202fdd
full,2,dropout030_delay2_relay_failure_early,82,1,46,24,46,1,18.0,cefe4107bb24eae1
full,2,dropout030_delay2_relay_failure_early,80,0,260,24,-1,0,235.0,87afb8c25f4d6956
full,2,dropout030_delay2_relay_failure_early,83,0,260,24,-1,0,235.0,c30c5eef42a8398f
full,2,dropout030_delay2_relay_failure_early,87,1,44,24,44,1,16.0,3fffb4c8ed24bd37
full,2,dropout030_delay2_relay_failure_early,86,1,45,24,45,1,17.0,dde8ce3d825c3e03
full,2,dropout030_delay2_relay_failure_early,85,1,47,24,47,1,19.0,3db4c62ad64f7e4d
full,2,dropout030_delay2_relay_failure_early,84,0,260,24,-1,0,235.0,3c45b3f9ca47c638
full,2,dropout030_delay2_relay_failure_early,88,1,45,24,45,1,17.0,21debd82b921f9c7
full,2,dropout030_delay2_relay_failure_early,89,1,45,24,45,1,17.0,bb14d15f1df57c87
full,2,dropout030_delay2_relay_failure_early,91,1,45,24,45,1,17.0,757d23f6b3181946
full,2,dropout030_delay2_relay_failure_early,90,1,47,24,47,1,19.0,45db6492d307a987
full,2,dropout030_delay2_relay_failure_early,92,1,47,24,47,1,19.0,da6b2d1c7fd65f9d
full,2,dropout030_delay2_relay_failure_early,94,1,47,24,47,1,19.0,401557b3479be708
full,2,dropout030_delay2_relay_failure_early,93,0,260,24,-1,0,235.0,089494223b1d75b1
full,2,dropout030_delay2_relay_failure_early,95,0,260,24,-1,0,235.0,ac4192027e831692
full,2,dropout030_delay2_relay_failure_early,97,1,46,24,46,1,18.0,6c15f4e168a65091
full,2,dropout030_delay2_relay_failure_early,96,0,260,24,-1,0,235.0,5784ecaee5f9d4dc
full,2,dropout030_delay2_relay_failure_early,98,0,260,24,-1,0,235.0,360f8a4a8bdbe7c3
full,2,dropout030_delay2_relay_failure_early,99,0,260,24,-1,0,235.0,01015703f1d7786d
w_o_task_support,0,dropout030_delay2_relay_failure,0,1,44,39,44,1,1.0,a17e86466a283103
w_o_task_support,0,dropout030_delay2_relay_failure,1,1,44,39,44,1,1.0,246b8fcb60ef2e98
w_o_task_support,0,dropout030_delay2_relay_failure,2,1,45,39,45,1,2.0,4b499fccae3321a5
w_o_task_support,0,dropout030_delay2_relay_failure,3,1,45,39,45,1,2.0,c1b31fba3070f94d
w_o_task_support,0,dropout030_delay2_relay_failure,5,1,45,39,45,1,2.0,4f0a51ed1026e1ca
w_o_task_support,0,dropout030_delay2_relay_failure,6,1,46,39,46,1,3.0,f4265069203b6b7a
w_o_task_support,0,dropout030_delay2_relay_failure,4,1,47,39,47,1,4.0,102fdfde7d22c92c
w_o_task_support,0,dropout030_delay2_relay_failure,7,1,47,39,47,1,4.0,a3536d274ad95f82
w_o_task_support,0,dropout030_delay2_relay_failure,9,1,44,39,44,1,1.0,8452971e3e5c3cd8
w_o_task_support,0,dropout030_delay2_relay_failure,8,1,46,39,46,1,3.0,7d4f24fb2b52a8bb
w_o_task_support,0,dropout030_delay2_relay_failure,11,1,46,39,46,1,3.0,1a444f5c55dd9a66
w_o_task_support,0,dropout030_delay2_relay_failure,10,1,48,39,48,1,5.0,13e09df8b02dfa81
w_o_task_support,0,dropout030_delay2_relay_failure,15,1,45,39,45,1,2.0,041532eabf53757f
w_o_task_support,0,dropout030_delay2_relay_failure,12,1,46,39,46,1,3.0,0d64d2a6334c5d49
w_o_task_support,0,dropout030_delay2_relay_failure,13,1,47,39,47,1,4.0,c6311fe848bdbf74
w_o_task_support,0,dropout030_delay2_relay_failure,14,1,49,39,49,1,6.0,9c02589b7ed22f52
w_o_task_support,0,dropout030_delay2_relay_failure,19,1,45,39,45,1,2.0,74f5ce76586490c1
w_o_task_support,0,dropout030_delay2_relay_failure,16,1,47,39,47,1,4.0,b3844ebd8a3e3db1
w_o_task_support,0,dropout030_delay2_relay_failure,17,1,47,39,47,1,4.0,f0e30354cadd9483
w_o_task_support,0,dropout030_delay2_relay_failure,18,0,260,39,-1,0,220.0,b1e47a4770fbab79
w_o_task_support,0,dropout030_delay2_relay_failure,20,1,44,39,44,1,1.0,af0907f65f9dea52
w_o_task_support,0,dropout030_delay2_relay_failure,23,1,45,39,45,1,2.0,124387111376c147
w_o_task_support,0,dropout030_delay2_relay_failure,21,1,46,39,46,1,3.0,3aa2b4a52b968de1
w_o_task_support,0,dropout030_delay2_relay_failure,22,1,47,39,47,1,4.0,69d8c5c1aa383ddf
w_o_task_support,0,dropout030_delay2_relay_failure,25,1,44,39,44,1,1.0,5ff781027b593a37
w_o_task_support,0,dropout030_delay2_relay_failure,24,1,47,39,47,1,4.0,d4b3e597898229dd
w_o_task_support,0,dropout030_delay2_relay_failure,26,1,48,39,48,1,5.0,0ea1514b478d1597
w_o_task_support,0,dropout030_delay2_relay_failure,27,1,131,39,131,1,88.0,f546d9ad8e3e06df
w_o_task_support,0,dropout030_delay2_relay_failure,30,1,45,39,45,1,2.0,20754a3b68fe7334
w_o_task_support,0,dropout030_delay2_relay_failure,31,1,45,39,45,1,2.0,f816018a85bf1442
w_o_task_support,0,dropout030_delay2_relay_failure,28,1,47,39,47,1,4.0,d72535004f419449
w_o_task_support,0,dropout030_delay2_relay_failure,29,1,47,39,47,1,4.0,f5577e37b7256309
w_o_task_support,0,dropout030_delay2_relay_failure,35,1,44,39,44,1,1.0,8e1d591b5f127fb6
w_o_task_support,0,dropout030_delay2_relay_failure,33,1,45,39,45,1,2.0,7d504cedabdc072f
w_o_task_support,0,dropout030_delay2_relay_failure,34,1,46,39,46,1,3.0,5c41bced8677632b
w_o_task_support,0,dropout030_delay2_relay_failure,32,0,260,39,-1,0,220.0,0cdb3d20dd35f5da
w_o_task_support,0,dropout030_delay2_relay_failure,39,1,45,39,45,1,2.0,aea9cb71543c2b25
w_o_task_support,0,dropout030_delay2_relay_failure,37,1,46,39,46,1,3.0,beb73d202ff23527
w_o_task_support,0,dropout030_delay2_relay_failure,38,1,46,39,46,1,3.0,08f2870fb205793f
w_o_task_support,0,dropout030_delay2_relay_failure,36,1,49,39,49,1,6.0,8dc8783e693c405b
w_o_task_support,0,dropout030_delay2_relay_failure,40,1,45,39,45,1,2.0,14cf8652fc19cba8
w_o_task_support,0,dropout030_delay2_relay_failure,43,1,45,39,45,1,2.0,7ffe91163ba07b62
w_o_task_support,0,dropout030_delay2_relay_failure,42,1,47,39,47,1,4.0,8605d856b3097dfe
w_o_task_support,0,dropout030_delay2_relay_failure,41,0,260,39,-1,0,220.0,9ab7a13a8792f927
w_o_task_support,0,dropout030_delay2_relay_failure,46,1,44,39,44,1,1.0,773a08232e665437
w_o_task_support,0,dropout030_delay2_relay_failure,44,1,45,39,45,1,2.0,41c19d711c33a9aa
w_o_task_support,0,dropout030_delay2_relay_failure,47,1,47,39,47,1,4.0,f729a7a86cce6f3c
w_o_task_support,0,dropout030_delay2_relay_failure,45,1,48,39,48,1,5.0,7a1e2f1e69d94d82
w_o_task_support,0,dropout030_delay2_relay_failure,49,1,45,39,45,1,2.0,956646d818fb7cc6
w_o_task_support,0,dropout030_delay2_relay_failure,50,1,45,39,45,1,2.0,05b9da774f31f010
w_o_task_support,0,dropout030_delay2_relay_failure,51,1,46,39,46,1,3.0,272b294bd4b7fcf7
w_o_task_support,0,dropout030_delay2_relay_failure,48,1,47,39,47,1,4.0,9c818bde31575e32
w_o_task_support,0,dropout030_delay2_relay_failure,53,1,45,39,45,1,2.0,6fbb2a094c428348
w_o_task_support,0,dropout030_delay2_relay_failure,54,1,45,39,45,1,2.0,6d9d57a538ac79c0
w_o_task_support,0,dropout030_delay2_relay_failure,55,1,45,39,45,1,2.0,5e774e0bfbb6eb61
w_o_task_support,0,dropout030_delay2_relay_failure,52,1,46,39,46,1,3.0,014d38c55900c7c3
w_o_task_support,0,dropout030_delay2_relay_failure,56,1,45,39,45,1,2.0,756a643d2c2f392a
w_o_task_support,0,dropout030_delay2_relay_failure,58,1,45,39,45,1,2.0,2cb2c059af1bfed2
w_o_task_support,0,dropout030_delay2_relay_failure,59,1,46,39,46,1,3.0,35368242ef3ddff2
w_o_task_support,0,dropout030_delay2_relay_failure,57,1,47,39,47,1,4.0,2b23693b3920a4ee
w_o_task_support,0,dropout030_delay2_relay_failure,60,1,46,39,46,1,3.0,1095ae20b3d6fda9
w_o_task_support,0,dropout030_delay2_relay_failure,63,1,47,39,47,1,4.0,c9a001db614d190b
w_o_task_support,0,dropout030_delay2_relay_failure,61,1,50,39,50,1,7.0,7794ebb8e814fa98
w_o_task_support,0,dropout030_delay2_relay_failure,62,0,260,39,-1,0,220.0,9f2a9bf8b203fa4e
w_o_task_support,0,dropout030_delay2_relay_failure,65,1,46,39,46,1,3.0,b7863d2e33f27e1c
w_o_task_support,0,dropout030_delay2_relay_failure,67,1,47,39,47,1,4.0,22284c4bf130aa32
w_o_task_support,0,dropout030_delay2_relay_failure,64,1,138,39,138,1,95.0,17e2a5cd1b45132e
w_o_task_support,0,dropout030_delay2_relay_failure,66,0,260,39,-1,0,220.0,7df2f1322c1f850d
w_o_task_support,0,dropout030_delay2_relay_failure,68,1,46,39,46,1,3.0,6fb6da03c2caa6f7
w_o_task_support,0,dropout030_delay2_relay_failure,69,1,48,39,48,1,5.0,72d392343ace71fb
w_o_task_support,0,dropout030_delay2_relay_failure,70,1,50,39,50,1,7.0,7015f00c4220a3b3
w_o_task_support,0,dropout030_delay2_relay_failure,71,0,260,39,-1,0,220.0,2d5e4d3b5ac010da
w_o_task_support,0,dropout030_delay2_relay_failure,74,1,46,39,46,1,3.0,931dd18cacafb637
w_o_task_support,0,dropout030_delay2_relay_failure,73,1,47,39,47,1,4.0,d074f08791caecd3
w_o_task_support,0,dropout030_delay2_relay_failure,72,1,49,39,49,1,6.0,01083424c4977cb5
w_o_task_support,0,dropout030_delay2_relay_failure,75,1,49,39,49,1,6.0,806df6bfbb1168cc
w_o_task_support,0,dropout030_delay2_relay_failure,79,1,46,39,46,1,3.0,24b5a73202bd6a0d
w_o_task_support,0,dropout030_delay2_relay_failure,76,1,47,39,47,1,4.0,d81095c508c9158b
w_o_task_support,0,dropout030_delay2_relay_failure,77,1,47,39,47,1,4.0,6bfb5288d57d0ebb
w_o_task_support,0,dropout030_delay2_relay_failure,78,1,47,39,47,1,4.0,5ac9126633e03e51
w_o_task_support,0,dropout030_delay2_relay_failure,80,1,45,39,45,1,2.0,f6d64636f88ae526
w_o_task_support,0,dropout030_delay2_relay_failure,81,1,46,39,46,1,3.0,7f5c50632d646b5b
w_o_task_support,0,dropout030_delay2_relay_failure,82,1,46,39,46,1,3.0,1dc8a730d3e17976
w_o_task_support,0,dropout030_delay2_relay_failure,83,0,151,39,-1,0,111.0,0b3559e540247854
w_o_task_support,0,dropout030_delay2_relay_failure,87,1,44,39,44,1,1.0,6945550a1369dec2
w_o_task_support,0,dropout030_delay2_relay_failure,84,1,45,39,45,1,2.0,9d7485b9810e5a68
w_o_task_support,0,dropout030_delay2_relay_failure,86,1,46,39,46,1,3.0,b56c4d49cea32962
w_o_task_support,0,dropout030_delay2_relay_failure,85,1,48,39,48,1,5.0,6c9ce345de59aecb
w_o_task_support,0,dropout030_delay2_relay_failure,91,1,45,39,45,1,2.0,61659e2395649454
w_o_task_support,0,dropout030_delay2_relay_failure,89,1,46,39,46,1,3.0,44e95e719046097d
w_o_task_support,0,dropout030_delay2_relay_failure,90,1,50,39,50,1,7.0,19f4e1f9f228766e
w_o_task_support,0,dropout030_delay2_relay_failure,88,0,260,39,-1,0,220.0,cf1e0928e140a356
w_o_task_support,0,dropout030_delay2_relay_failure,93,1,45,39,45,1,2.0,f0bb85fd3bec6bd1
w_o_task_support,0,dropout030_delay2_relay_failure,95,1,45,39,45,1,2.0,2f5c0cd7ea2847fe
w_o_task_support,0,dropout030_delay2_relay_failure,92,1,48,39,48,1,5.0,bd08d1a49f209ac3
w_o_task_support,0,dropout030_delay2_relay_failure,94,1,49,39,49,1,6.0,7f39daf6bf7b0c83
w_o_task_support,0,dropout030_delay2_relay_failure,96,1,45,39,45,1,2.0,9d69e47e5c7bcac0
w_o_task_support,0,dropout030_delay2_relay_failure,98,1,45,39,45,1,2.0,5909e85a178bc2c8
w_o_task_support,0,dropout030_delay2_relay_failure,97,1,47,39,47,1,4.0,189efd0e10ccc4c8
w_o_task_support,0,dropout030_delay2_relay_failure,99,1,48,39,48,1,5.0,825743ccf2fd5d7b
w_o_task_support,0,dropout030_delay2_relay_failure_early,0,1,44,24,44,1,16.0,8e891863066705bf
w_o_task_support,0,dropout030_delay2_relay_failure_early,1,1,45,24,45,1,17.0,6260bfb7db60bcf1
w_o_task_support,0,dropout030_delay2_relay_failure_early,2,1,45,24,45,1,17.0,c963ba70574da43e
w_o_task_support,0,dropout030_delay2_relay_failure_early,3,1,45,24,45,1,17.0,c8edafcefacebe2b
w_o_task_support,0,dropout030_delay2_relay_failure_early,6,1,46,24,46,1,18.0,2a555606c7769766
w_o_task_support,0,dropout030_delay2_relay_failure_early,7,1,47,24,47,1,19.0,55f2d21edc39b48f
w_o_task_support,0,dropout030_delay2_relay_failure_early,4,1,48,24,48,1,20.0,492cd18b530b1e74
w_o_task_support,0,dropout030_delay2_relay_failure_early,5,0,260,24,-1,0,235.0,aca1f058f9c1e228
w_o_task_support,0,dropout030_delay2_relay_failure_early,9,1,44,24,44,1,16.0,ec92a540deeebe35
w_o_task_support,0,dropout030_delay2_relay_failure_early,11,1,46,24,46,1,18.0,17a57487bec60f03
w_o_task_support,0,dropout030_delay2_relay_failure_early,8,1,47,24,47,1,19.0,90fc8c7b5cbc7726
w_o_task_support,0,dropout030_delay2_relay_failure_early,10,1,48,24,48,1,20.0,4fa0baa3d3e68841
w_o_task_support,0,dropout030_delay2_relay_failure_early,15,1,44,24,44,1,16.0,4a7592ba7f1369ea
w_o_task_support,0,dropout030_delay2_relay_failure_early,12,1,46,24,46,1,18.0,919399e7092af60a
w_o_task_support,0,dropout030_delay2_relay_failure_early,13,1,47,24,47,1,19.0,22333b5106a7f5ca
w_o_task_support,0,dropout030_delay2_relay_failure_early,14,1,48,24,48,1,20.0,0a15a24842b997e9
w_o_task_support,0,dropout030_delay2_relay_failure_early,19,1,46,24,46,1,18.0,4cfb6c4825fd8b68
w_o_task_support,0,dropout030_delay2_relay_failure_early,16,1,47,24,47,1,19.0,57850c4b3257df01
w_o_task_support,0,dropout030_delay2_relay_failure_early,17,1,47,24,47,1,19.0,a859981772930528
w_o_task_support,0,dropout030_delay2_relay_failure_early,18,1,48,24,48,1,20.0,177741ca618f8109
w_o_task_support,0,dropout030_delay2_relay_failure_early,20,1,45,24,45,1,17.0,8cbd259579e6e356
w_o_task_support,0,dropout030_delay2_relay_failure_early,23,1,45,24,45,1,17.0,63150efd1d73be8b
w_o_task_support,0,dropout030_delay2_relay_failure_early,21,1,47,24,47,1,19.0,4620de1bd173c3a2
w_o_task_support,0,dropout030_delay2_relay_failure_early,22,1,47,24,47,1,19.0,02746f052926a5b0
w_o_task_support,0,dropout030_delay2_relay_failure_early,26,1,48,24,48,1,20.0,7e05edefc11063b2
w_o_task_support,0,dropout030_delay2_relay_failure_early,24,0,260,24,-1,0,235.0,9def4825570462c1
w_o_task_support,0,dropout030_delay2_relay_failure_early,25,0,260,24,-1,0,235.0,f895b6194f8c628b
w_o_task_support,0,dropout030_delay2_relay_failure_early,27,0,260,24,-1,0,235.0,5a994ceacd39bc21
w_o_task_support,0,dropout030_delay2_relay_failure_early,30,1,45,24,45,1,17.0,53b2f5e008385338
w_o_task_support,0,dropout030_delay2_relay_failure_early,31,1,46,24,46,1,18.0,3e9e423fa63fde0d
w_o_task_support,0,dropout030_delay2_relay_failure_early,28,1,47,24,47,1,19.0,5d998954dce64d6a
w_o_task_support,0,dropout030_delay2_relay_failure_early,29,1,47,24,47,1,19.0,e86e2ff8f17c1faa
w_o_task_support,0,dropout030_delay2_relay_failure_early,33,1,45,24,45,1,17.0,1202c052061a659f
w_o_task_support,0,dropout030_delay2_relay_failure_early,34,1,46,24,46,1,18.0,e6c86d69a9e8d65c
w_o_task_support,0,dropout030_delay2_relay_failure_early,32,0,260,24,-1,0,235.0,7d20c40b8f103e12
w_o_task_support,0,dropout030_delay2_relay_failure_early,35,0,260,24,-1,0,235.0,9512a0cf1fa045e8
w_o_task_support,0,dropout030_delay2_relay_failure_early,39,1,45,24,45,1,17.0,cffd5d89126aced2
w_o_task_support,0,dropout030_delay2_relay_failure_early,37,1,46,24,46,1,18.0,6c26e0cf01aab8eb
w_o_task_support,0,dropout030_delay2_relay_failure_early,38,1,46,24,46,1,18.0,d08941cba7d2737f
w_o_task_support,0,dropout030_delay2_relay_failure_early,36,1,49,24,49,1,21.0,1a12b17dbf9daea3
w_o_task_support,0,dropout030_delay2_relay_failure_early,41,1,45,24,45,1,17.0,f2198a226449388c
w_o_task_support,0,dropout030_delay2_relay_failure_early,40,1,46,24,46,1,18.0,31ccaed7f6158380
w_o_task_support,0,dropout030_delay2_relay_failure_early,42,1,47,24,47,1,19.0,189b4902f977bb91
w_o_task_support,0,dropout030_delay2_relay_failure_early,43,0,260,24,-1,0,235.0,e256c4605253a8d4
w_o_task_support,0,dropout030_delay2_relay_failure_early,44,1,46,24,46,1,18.0,0832e23ff9f6e887
w_o_task_support,0,dropout030_delay2_relay_failure_early,47,1,47,24,47,1,19.0,5e6d847ec660eabd
w_o_task_support,0,dropout030_delay2_relay_failure_early,45,1,49,24,49,1,21.0,cf8c94c9470e73c4
w_o_task_support,0,dropout030_delay2_relay_failure_early,46,0,260,24,-1,0,235.0,4c00633748322a8a
w_o_task_support,0,dropout030_delay2_relay_failure_early,51,1,46,24,46,1,18.0,acad7cc764838a0a
w_o_task_support,0,dropout030_delay2_relay_failure_early,48,1,47,24,47,1,19.0,2ece987363f6bfbf
w_o_task_support,0,dropout030_delay2_relay_failure_early,49,0,260,24,-1,0,235.0,daf7599c311b55a4
w_o_task_support,0,dropout030_delay2_relay_failure_early,50,0,260,24,-1,0,235.0,0c95c23576cc59d6
w_o_task_support,0,dropout030_delay2_relay_failure_early,53,1,45,24,45,1,17.0,34cec3ff04b1a788
w_o_task_support,0,dropout030_delay2_relay_failure_early,55,1,45,24,45,1,17.0,6d66ad241b3042e0
w_o_task_support,0,dropout030_delay2_relay_failure_early,52,1,46,24,46,1,18.0,39aa3171b060b361
w_o_task_support,0,dropout030_delay2_relay_failure_early,54,1,46,24,46,1,18.0,b1e5dad1554eaf0e
w_o_task_support,0,dropout030_delay2_relay_failure_early,56,1,45,24,45,1,17.0,aba9ca9b7402b3bb
w_o_task_support,0,dropout030_delay2_relay_failure_early,57,1,46,24,46,1,18.0,8772583a4782dc41
w_o_task_support,0,dropout030_delay2_relay_failure_early,59,1,46,24,46,1,18.0,234dfd97afa06d19
w_o_task_support,0,dropout030_delay2_relay_failure_early,58,0,260,24,-1,0,235.0,f9cb6d4e3d3db44c
w_o_task_support,0,dropout030_delay2_relay_failure_early,63,1,46,24,46,1,18.0,207255a039689f23
w_o_task_support,0,dropout030_delay2_relay_failure_early,61,1,49,24,49,1,21.0,fc0e01ccc49c9937
w_o_task_support,0,dropout030_delay2_relay_failure_early,60,0,260,24,-1,0,235.0,674a67e1716951c0
w_o_task_support,0,dropout030_delay2_relay_failure_early,62,0,260,24,-1,0,235.0,789c8fa8294caa62
w_o_task_support,0,dropout030_delay2_relay_failure_early,65,1,46,24,46,1,18.0,3c5f4346bf3da879
w_o_task_support,0,dropout030_delay2_relay_failure_early,67,1,48,24,48,1,20.0,e94cb27fcc8e8fd4
w_o_task_support,0,dropout030_delay2_relay_failure_early,66,1,50,24,50,1,22.0,40d5795e27bd7f42
w_o_task_support,0,dropout030_delay2_relay_failure_early,64,1,145,24,145,1,117.0,478ee1ba61d01485
w_o_task_support,0,dropout030_delay2_relay_failure_early,68,1,46,24,46,1,18.0,52c80c84a2edb4f6
w_o_task_support,0,dropout030_delay2_relay_failure_early,69,1,47,24,47,1,19.0,294a7607b1c74a06
w_o_task_support,0,dropout030_delay2_relay_failure_early,71,1,53,24,53,1,25.0,162efa825169f9d8
w_o_task_support,0,dropout030_delay2_relay_failure_early,70,0,260,24,-1,0,235.0,55bf0a235b57446c
w_o_task_support,0,dropout030_delay2_relay_failure_early,74,1,46,24,46,1,18.0,8ef105761d761dc4
w_o_task_support,0,dropout030_delay2_relay_failure_early,72,1,48,24,48,1,20.0,800a9c2081d905d2
w_o_task_support,0,dropout030_delay2_relay_failure_early,75,1,49,24,49,1,21.0,9e0842bcef3f82e4
w_o_task_support,0,dropout030_delay2_relay_failure_early,73,0,260,24,-1,0,235.0,dfa65d3294563e1e
w_o_task_support,0,dropout030_delay2_relay_failure_early,77,1,47,24,47,1,19.0,d7d6dee0c73f58a3
w_o_task_support,0,dropout030_delay2_relay_failure_early,78,1,47,24,47,1,19.0,00897bcfcae66ae1
w_o_task_support,0,dropout030_delay2_relay_failure_early,79,1,47,24,47,1,19.0,038d9b780b2864fa
w_o_task_support,0,dropout030_delay2_relay_failure_early,76,0,260,24,-1,0,235.0,cb90d7c07881cbea
w_o_task_support,0,dropout030_delay2_relay_failure_early,80,1,45,24,45,1,17.0,f628fb5e2526b076
w_o_task_support,0,dropout030_delay2_relay_failure_early,81,1,47,24,47,1,19.0,7d7410bec5d4fd79
w_o_task_support,0,dropout030_delay2_relay_failure_early,82,1,47,24,47,1,19.0,1942ad15c69a7128
w_o_task_support,0,dropout030_delay2_relay_failure_early,83,0,260,24,-1,0,235.0,b211bade909c82d2
w_o_task_support,0,dropout030_delay2_relay_failure_early,84,1,45,24,45,1,17.0,a71b594177f34661
w_o_task_support,0,dropout030_delay2_relay_failure_early,87,1,45,24,45,1,17.0,08a59576da9f8dfe
w_o_task_support,0,dropout030_delay2_relay_failure_early,86,1,46,24,46,1,18.0,e29305b7e902613c
w_o_task_support,0,dropout030_delay2_relay_failure_early,85,1,49,24,49,1,21.0,f5bcec58de9a2086
w_o_task_support,0,dropout030_delay2_relay_failure_early,88,1,46,24,46,1,18.0,290d872a3709a266
w_o_task_support,0,dropout030_delay2_relay_failure_early,89,1,46,24,46,1,18.0,7b04eb0e0b4b742d
w_o_task_support,0,dropout030_delay2_relay_failure_early,91,1,46,24,46,1,18.0,8b7913ec9153ffbe
w_o_task_support,0,dropout030_delay2_relay_failure_early,90,1,49,24,49,1,21.0,fc7130f59caae3d6
w_o_task_support,0,dropout030_delay2_relay_failure_early,93,1,45,24,45,1,17.0,fd267dab6b81c289
w_o_task_support,0,dropout030_delay2_relay_failure_early,95,1,46,24,46,1,18.0,7f22a4a8b0ea1cbe
w_o_task_support,0,dropout030_delay2_relay_failure_early,92,1,48,24,48,1,20.0,96bd87612377a617
w_o_task_support,0,dropout030_delay2_relay_failure_early,94,1,49,24,49,1,21.0,7ed7fbe4f66796c6
w_o_task_support,0,dropout030_delay2_relay_failure_early,96,1,45,24,45,1,17.0,b9ca6fac9af8c9d8
w_o_task_support,0,dropout030_delay2_relay_failure_early,98,1,45,24,45,1,17.0,e4c99495466ffa3d
w_o_task_support,0,dropout030_delay2_relay_failure_early,97,1,47,24,47,1,19.0,ced473faa6a22465
w_o_task_support,0,dropout030_delay2_relay_failure_early,99,1,48,24,48,1,20.0,a79d7069279e5fea
w_o_task_support,1,dropout030_delay2_relay_failure,2,1,45,39,45,1,2.0,37e1c47d1bea4638
w_o_task_support,1,dropout030_delay2_relay_failure,3,1,45,39,45,1,2.0,212a2ef24d532ed6
w_o_task_support,1,dropout030_delay2_relay_failure,0,0,260,39,-1,0,220.0,a51f47fcf2a58ced
w_o_task_support,1,dropout030_delay2_relay_failure,1,0,260,39,-1,0,220.0,bf4956c7efcff3aa
w_o_task_support,1,dropout030_delay2_relay_failure,6,1,46,39,46,1,3.0,ec28b62c51abf2b8
w_o_task_support,1,dropout030_delay2_relay_failure,4,1,233,39,233,1,190.0,ad9c85dc2ea1d3d0
w_o_task_support,1,dropout030_delay2_relay_failure,5,0,260,39,-1,0,220.0,ac141951a203ce7f
w_o_task_support,1,dropout030_delay2_relay_failure,7,0,260,39,-1,0,220.0,f8f40c170b1b2ed8
w_o_task_support,1,dropout030_delay2_relay_failure,8,1,46,39,46,1,3.0,7dfa261a6955e696
w_o_task_support,1,dropout030_delay2_relay_failure,10,1,48,39,48,1,5.0,91f48f0b23f12ecb
w_o_task_support,1,dropout030_delay2_relay_failure,9,0,260,39,-1,0,220.0,7ed559e8ba9ea5e1
w_o_task_support,1,dropout030_delay2_relay_failure,11,0,260,39,-1,0,220.0,79bee223f44e80d9
w_o_task_support,1,dropout030_delay2_relay_failure,12,1,47,39,47,1,4.0,c2ed6623026f3683
w_o_task_support,1,dropout030_delay2_relay_failure,13,0,260,39,-1,0,220.0,f0721c16b0b016d0
w_o_task_support,1,dropout030_delay2_relay_failure,14,0,260,39,-1,0,220.0,5df4ed29fcb0cd8b
w_o_task_support,1,dropout030_delay2_relay_failure,15,0,260,39,-1,0,220.0,208cacf0e1d186f7
w_o_task_support,1,dropout030_delay2_relay_failure,19,1,45,39,45,1,2.0,5f016c680ae29804
w_o_task_support,1,dropout030_delay2_relay_failure,18,1,48,39,48,1,5.0,8f4bd1eb0dcb9f51
w_o_task_support,1,dropout030_delay2_relay_failure,16,0,260,39,-1,0,220.0,c5d246c3c5dada87
w_o_task_support,1,dropout030_delay2_relay_failure,17,0,260,39,-1,0,220.0,585e32826f25f691
w_o_task_support,1,dropout030_delay2_relay_failure,20,1,45,39,45,1,2.0,26c627bb09b0c3b5
w_o_task_support,1,dropout030_delay2_relay_failure,23,1,45,39,45,1,2.0,be7cdb474840ab7d
w_o_task_support,1,dropout030_delay2_relay_failure,21,0,260,39,-1,0,220.0,e9c2a62361109909
w_o_task_support,1,dropout030_delay2_relay_failure,22,0,260,39,-1,0,220.0,5514d69cb127b6f5
w_o_task_support,1,dropout030_delay2_relay_failure,24,1,47,39,47,1,4.0,b4b4c87f889274ef
w_o_task_support,1,dropout030_delay2_relay_failure,26,1,48,39,48,1,5.0,f0fbceb41bd1c2a0
w_o_task_support,1,dropout030_delay2_relay_failure,25,0,260,39,-1,0,220.0,b6f575bf27efded0
w_o_task_support,1,dropout030_delay2_relay_failure,27,0,260,39,-1,0,220.0,290b1c47c5284c43
w_o_task_support,1,dropout030_delay2_relay_failure,30,1,45,39,45,1,2.0,fc77ae1d9ee51ad3
w_o_task_support,1,dropout030_delay2_relay_failure,31,1,45,39,45,1,2.0,a14ee9af8b311153
w_o_task_support,1,dropout030_delay2_relay_failure,28,0,260,39,-1,0,220.0,8805dad85d453653
w_o_task_support,1,dropout030_delay2_relay_failure,29,0,260,39,-1,0,220.0,c2b7a794e4b4e311
w_o_task_support,1,dropout030_delay2_relay_failure,33,1,45,39,45,1,2.0,6d19865744715fc8
w_o_task_support,1,dropout030_delay2_relay_failure,34,1,45,39,45,1,2.0,084ecd539a8cea61
w_o_task_support,1,dropout030_delay2_relay_failure,35,1,45,39,45,1,2.0,5551eab6cef3aabd
w_o_task_support,1,dropout030_delay2_relay_failure,32,0,260,39,-1,0,220.0,6b1bee35f1035f6b
w_o_task_support,1,dropout030_delay2_relay_failure,37,1,46,39,46,1,3.0,ffebf5ed6ef2fe2b
w_o_task_support,1,dropout030_delay2_relay_failure,38,1,46,39,46,1,3.0,93d700971d094c67
w_o_task_support,1,dropout030_delay2_relay_failure,36,0,260,39,-1,0,220.0,ad773255a05f0dd5
w_o_task_support,1,dropout030_delay2_relay_failure,39,0,260,39,-1,0,220.0,8789bcd9dc70f197
w_o_task_support,1,dropout030_delay2_relay_failure,42,1,47,39,47,1,4.0,e34d3bcc61542980
w_o_task_support,1,dropout030_delay2_relay_failure,40,0,260,39,-1,0,220.0,0ee8c6f859380040
w_o_task_support,1,dropout030_delay2_relay_failure,41,0,260,39,-1,0,220.0,083aa4f4fd76f898
w_o_task_support,1,dropout030_delay2_relay_failure,43,0,260,39,-1,0,220.0,f1426f7c9b9036ed
w_o_task_support,1,dropout030_delay2_relay_failure,44,1,45,39,45,1,2.0,1e7c73c25e21d51c
w_o_task_support,1,dropout030_delay2_relay_failure,47,1,47,39,47,1,4.0,43935c480160aba9
w_o_task_support,1,dropout030_delay2_relay_failure,45,1,247,39,247,1,204.0,cfbbf1326da79a9f
w_o_task_support,1,dropout030_delay2_relay_failure,46,0,260,39,-1,0,220.0,1f8dcef0e98fd03a
w_o_task_support,1,dropout030_delay2_relay_failure,50,1,46,39,46,1,3.0,f7814eff05a5fcf3
w_o_task_support,1,dropout030_delay2_relay_failure,48,1,47,39,47,1,4.0,3680d337351b676c
w_o_task_support,1,dropout030_delay2_relay_failure,49,0,260,39,-1,0,220.0,1a30a7c92b62272f
w_o_task_support,1,dropout030_delay2_relay_failure,51,1,260,39,260,1,217.0,a456380286e01be1
w_o_task_support,1,dropout030_delay2_relay_failure,54,1,45,39,45,1,2.0,b40c6e76727b7a57
w_o_task_support,1,dropout030_delay2_relay_failure,52,1,259,39,259,1,216.0,ece6c20571c5c382
w_o_task_support,1,dropout030_delay2_relay_failure,53,0,260,39,-1,0,220.0,417439766bc07b63
w_o_task_support,1,dropout030_delay2_relay_failure,55,0,260,39,-1,0,220.0,6646c0f1f7be44db
w_o_task_support,1,dropout030_delay2_relay_failure,57,1,47,39,47,1,4.0,b19566a1645c03a0
w_o_task_support,1,dropout030_delay2_relay_failure,59,1,47,39,47,1,4.0,fb380b4b6069b0cc
w_o_task_support,1,dropout030_delay2_relay_failure,56,0,260,39,-1,0,220.0,5aadd5eadaa629d9
w_o_task_support,1,dropout030_delay2_relay_failure,58,0,260,39,-1,0,220.0,3737becc703398d2
w_o_task_support,1,dropout030_delay2_relay_failure,62,1,46,39,46,1,3.0,45c5f82f3b897830
w_o_task_support,1,dropout030_delay2_relay_failure,63,1,46,39,46,1,3.0,630dc9c77d4dd80d
w_o_task_support,1,dropout030_delay2_relay_failure,60,0,260,39,-1,0,220.0,fb3863ae7f69a43f
w_o_task_support,1,dropout030_delay2_relay_failure,61,0,260,39,-1,0,220.0,364d92ef10fa5c3c
w_o_task_support,1,dropout030_delay2_relay_failure,66,1,50,39,50,1,7.0,bc127db01a9bdc1d
w_o_task_support,1,dropout030_delay2_relay_failure,64,0,260,39,-1,0,220.0,d1165f9ef3eb6399
w_o_task_support,1,dropout030_delay2_relay_failure,65,0,260,39,-1,0,220.0,73a566303d9f79b4
w_o_task_support,1,dropout030_delay2_relay_failure,67,0,260,39,-1,0,220.0,409e27fec0f6d599
w_o_task_support,1,dropout030_delay2_relay_failure,69,1,47,39,47,1,4.0,0fcc5b2b8522bafa
w_o_task_support,1,dropout030_delay2_relay_failure,70,1,241,39,241,1,198.0,5431d28776a2e75c
w_o_task_support,1,dropout030_delay2_relay_failure,68,0,260,39,-1,0,220.0,97bb6b211754889e
w_o_task_support,1,dropout030_delay2_relay_failure,71,0,260,39,-1,0,220.0,597c23c6df2926c3
w_o_task_support,1,dropout030_delay2_relay_failure,73,1,47,39,47,1,4.0,7286f38d568baa63
w_o_task_support,1,dropout030_delay2_relay_failure,72,1,208,39,208,1,165.0,f001c54685aa2a45
w_o_task_support,1,dropout030_delay2_relay_failure,74,1,252,39,252,1,209.0,bd0101ec3b00b771
w_o_task_support,1,dropout030_delay2_relay_failure,75,0,260,39,-1,0,220.0,fd7f0395c6e7e853
w_o_task_support,1,dropout030_delay2_relay_failure,78,1,46,39,46,1,3.0,d98d80977a04a3a8
w_o_task_support,1,dropout030_delay2_relay_failure,77,1,47,39,47,1,4.0,1102dcefb77e5688
w_o_task_support,1,dropout030_delay2_relay_failure,76,0,260,39,-1,0,220.0,2545967a4322c01f
w_o_task_support,1,dropout030_delay2_relay_failure,79,0,260,39,-1,0,220.0,fbef2f96aba430a9
w_o_task_support,1,dropout030_delay2_relay_failure,80,1,45,39,45,1,2.0,e08c10767c75de9f
w_o_task_support,1,dropout030_delay2_relay_failure,81,1,46,39,46,1,3.0,3bfb7f241d5da2bf
w_o_task_support,1,dropout030_delay2_relay_failure,82,1,46,39,46,1,3.0,e61c3c9885aa2b13
w_o_task_support,1,dropout030_delay2_relay_failure,83,0,260,39,-1,0,220.0,2d358ea3205dadd7
w_o_task_support,1,dropout030_delay2_relay_failure,84,1,45,39,45,1,2.0,31c7d0ce847a4fbe
w_o_task_support,1,dropout030_delay2_relay_failure,85,1,48,39,48,1,5.0,333494e41989ed1d
w_o_task_support,1,dropout030_delay2_relay_failure,86,0,260,39,-1,0,220.0,8c105503ce72ba98
w_o_task_support,1,dropout030_delay2_relay_failure,87,0,260,39,-1,0,220.0,a3c0dd78a37ab7ae
w_o_task_support,1,dropout030_delay2_relay_failure,91,1,45,39,45,1,2.0,7c9d146c3b07323f
w_o_task_support,1,dropout030_delay2_relay_failure,89,1,46,39,46,1,3.0,dc72807dbf0b4624
w_o_task_support,1,dropout030_delay2_relay_failure,88,0,260,39,-1,0,220.0,9cf645d43da18153
w_o_task_support,1,dropout030_delay2_relay_failure,90,0,260,39,-1,0,220.0,c11ed11d7391925a
w_o_task_support,1,dropout030_delay2_relay_failure,93,1,44,39,44,1,1.0,d1b6f99c79e80b2c
w_o_task_support,1,dropout030_delay2_relay_failure,94,1,236,39,236,1,193.0,376e3cafb7039758
w_o_task_support,1,dropout030_delay2_relay_failure,95,1,257,39,257,1,214.0,bacbb87ad2c90880
w_o_task_support,1,dropout030_delay2_relay_failure,92,0,260,39,-1,0,220.0,eeb0f47d58af38a1
w_o_task_support,1,dropout030_delay2_relay_failure,98,1,45,39,45,1,2.0,66298677a3f874b0
w_o_task_support,1,dropout030_delay2_relay_failure,97,1,47,39,47,1,4.0,339aa410730ef5e5
w_o_task_support,1,dropout030_delay2_relay_failure,96,0,260,39,-1,0,220.0,56dd5f7c8e1cb765
w_o_task_support,1,dropout030_delay2_relay_failure,99,0,260,39,-1,0,220.0,f43525e025dca653
w_o_task_support,1,dropout030_delay2_relay_failure_early,2,1,45,24,45,1,17.0,14ec45661cc42de8
w_o_task_support,1,dropout030_delay2_relay_failure_early,0,0,260,24,-1,0,235.0,b43bba369c9358eb
w_o_task_support,1,dropout030_delay2_relay_failure_early,1,0,260,24,-1,0,235.0,1839fe4f74edc9d5
w_o_task_support,1,dropout030_delay2_relay_failure_early,3,0,260,24,-1,0,235.0,b2b796cbdc07448d
w_o_task_support,1,dropout030_delay2_relay_failure_early,4,1,47,24,47,1,19.0,bb6909dea25211ae
w_o_task_support,1,dropout030_delay2_relay_failure_early,7,1,48,24,48,1,20.0,f69b8ca52b7c78ae
w_o_task_support,1,dropout030_delay2_relay_failure_early,5,0,260,24,-1,0,235.0,c31e1cbb3c6f256b
w_o_task_support,1,dropout030_delay2_relay_failure_early,6,0,260,24,-1,0,235.0,5b50ae4dbe8ec864
w_o_task_support,1,dropout030_delay2_relay_failure_early,8,1,47,24,47,1,19.0,d8a2b0ad9beed50f
w_o_task_support,1,dropout030_delay2_relay_failure_early,10,1,48,24,48,1,20.0,e1adc417e9ee9561
w_o_task_support,1,dropout030_delay2_relay_failure_early,9,0,260,24,-1,0,235.0,fd75750333bc436b
w_o_task_support,1,dropout030_delay2_relay_failure_early,11,0,260,24,-1,0,235.0,a4a39eb78f4e7d6c
w_o_task_support,1,dropout030_delay2_relay_failure_early,12,1,47,24,47,1,19.0,3b3fc7ab0265faf0
w_o_task_support,1,dropout030_delay2_relay_failure_early,13,0,260,24,-1,0,235.0,107bdd5fa090d467
w_o_task_support,1,dropout030_delay2_relay_failure_early,14,0,260,24,-1,0,235.0,43bcca5f0d013a08
w_o_task_support,1,dropout030_delay2_relay_failure_early,15,0,260,24,-1,0,235.0,54dc5dcf2e5737c5
w_o_task_support,1,dropout030_delay2_relay_failure_early,19,1,45,24,45,1,17.0,9878fdc7da27f571
w_o_task_support,1,dropout030_delay2_relay_failure_early,16,1,47,24,47,1,19.0,4ed92f9f942391d2
w_o_task_support,1,dropout030_delay2_relay_failure_early,17,1,47,24,47,1,19.0,e1a3ac143f63b451
w_o_task_support,1,dropout030_delay2_relay_failure_early,18,1,233,24,233,1,205.0,0a8cdd3dba19e07b
w_o_task_support,1,dropout030_delay2_relay_failure_early,23,1,45,24,45,1,17.0,34ce7d860c7eeeca
w_o_task_support,1,dropout030_delay2_relay_failure_early,20,0,260,24,-1,0,235.0,e6b136bfda443ce5
w_o_task_support,1,dropout030_delay2_relay_failure_early,21,0,260,24,-1,0,235.0,e5ebb7ec55a1783a
w_o_task_support,1,dropout030_delay2_relay_failure_early,22,0,260,24,-1,0,235.0,526a377fc8f7747c
w_o_task_support,1,dropout030_delay2_relay_failure_early,24,1,47,24,47,1,19.0,9e902028978bb379
w_o_task_support,1,dropout030_delay2_relay_failure_early,26,1,48,24,48,1,20.0,c15a3e97e0798afc
w_o_task_support,1,dropout030_delay2_relay_failure_early,25,0,260,24,-1,0,235.0,d933cd4c834afad1
w_o_task_support,1,dropout030_delay2_relay_failure_early,27,0,260,24,-1,0,235.0,924c5a8d3fb21b9b
w_o_task_support,1,dropout030_delay2_relay_failure_early,30,1,45,24,45,1,17.0,0edeb32a47aab911
w_o_task_support,1,dropout030_delay2_relay_failure_early,31,1,45,24,45,1,17.0,12dffe252ac17794
w_o_task_support,1,dropout030_delay2_relay_failure_early,29,1,186,24,186,1,158.0,ce14664512dce879
w_o_task_support,1,dropout030_delay2_relay_failure_early,28,0,260,24,-1,0,235.0,a03d03ee7924e239
w_o_task_support,1,dropout030_delay2_relay_failure_early,35,1,45,24,45,1,17.0,7b2be2033226a2e3
w_o_task_support,1,dropout030_delay2_relay_failure_early,32,0,260,24,-1,0,235.0,8d01b34c157cad2d
w_o_task_support,1,dropout030_delay2_relay_failure_early,33,0,260,24,-1,0,235.0,ab0ea7f9402c4937
w_o_task_support,1,dropout030_delay2_relay_failure_early,34,0,260,24,-1,0,235.0,8ed1b0f441fd7d3e
w_o_task_support,1,dropout030_delay2_relay_failure_early,36,1,49,24,49,1,21.0,44b2d991cc99081d
w_o_task_support,1,dropout030_delay2_relay_failure_early,37,0,260,24,-1,0,235.0,12b9e32ed10b5642
w_o_task_support,1,dropout030_delay2_relay_failure_early,38,0,260,24,-1,0,235.0,5eba3ad37103a34d
w_o_task_support,1,dropout030_delay2_relay_failure_early,39,0,260,24,-1,0,235.0,970aa22f10939f10
w_o_task_support,1,dropout030_delay2_relay_failure_early,42,1,47,24,47,1,19.0,1af8856f72a84681
w_o_task_support,1,dropout030_delay2_relay_failure_early,40,0,260,24,-1,0,235.0,21344fadde337b3b
w_o_task_support,1,dropout030_delay2_relay_failure_early,41,0,260,24,-1,0,235.0,ec201455092fe948
w_o_task_support,1,dropout030_delay2_relay_failure_early,43,0,260,24,-1,0,235.0,c6c0709f1e1c034c
w_o_task_support,1,dropout030_delay2_relay_failure_early,47,1,46,24,46,1,18.0,31be6abc2d5130e1
w_o_task_support,1,dropout030_delay2_relay_failure_early,44,0,260,24,-1,0,235.0,b49e2cd0fbc94d94
w_o_task_support,1,dropout030_delay2_relay_failure_early,45,0,260,24,-1,0,235.0,674e4750466cfb46
w_o_task_support,1,dropout030_delay2_relay_failure_early,46,0,260,24,-1,0,235.0,d867f5431e76d46d
w_o_task_support,1,dropout030_delay2_relay_failure_early,50,1,46,24,46,1,18.0,f77c2efa30f3a172
w_o_task_support,1,dropout030_delay2_relay_failure_early,48,1,47,24,47,1,19.0,b2d3e4f35c907a07
w_o_task_support,1,dropout030_delay2_relay_failure_early,49,0,260,24,-1,0,235.0,1d620bde313e8a55
w_o_task_support,1,dropout030_delay2_relay_failure_early,51,0,260,24,-1,0,235.0,95e5bad4e4799f68
w_o_task_support,1,dropout030_delay2_relay_failure_early,52,0,260,24,-1,0,235.0,87e5f5007bbb5f0f
w_o_task_support,1,dropout030_delay2_relay_failure_early,53,0,260,24,-1,0,235.0,845e407ef86fdc5a
w_o_task_support,1,dropout030_delay2_relay_failure_early,54,0,260,24,-1,0,235.0,fee3a646a690ab41
w_o_task_support,1,dropout030_delay2_relay_failure_early,55,0,260,24,-1,0,235.0,95b5bdc2a17af478
w_o_task_support,1,dropout030_delay2_relay_failure_early,57,1,46,24,46,1,18.0,2d5b1218bc87ecf5
w_o_task_support,1,dropout030_delay2_relay_failure_early,59,1,47,24,47,1,19.0,48306cc9bef7f2bd
w_o_task_support,1,dropout030_delay2_relay_failure_early,56,0,260,24,-1,0,235.0,b17fc864fc6abffd
w_o_task_support,1,dropout030_delay2_relay_failure_early,58,0,260,24,-1,0,235.0,57234861407794cd
w_o_task_support,1,dropout030_delay2_relay_failure_early,62,1,46,24,46,1,18.0,85488f7fc43cfb10
w_o_task_support,1,dropout030_delay2_relay_failure_early,63,1,46,24,46,1,18.0,09a6bc0764f57a50
w_o_task_support,1,dropout030_delay2_relay_failure_early,60,0,260,24,-1,0,235.0,c16641b78a6f14c3
w_o_task_support,1,dropout030_delay2_relay_failure_early,61,0,260,24,-1,0,235.0,4cbf72c5dd1a44d4
w_o_task_support,1,dropout030_delay2_relay_failure_early,65,1,46,24,46,1,18.0,52a3ea7d79f1787a
w_o_task_support,1,dropout030_delay2_relay_failure_early,66,1,49,24,49,1,21.0,33d886079a85ff2a
w_o_task_support,1,dropout030_delay2_relay_failure_early,64,0,260,24,-1,0,235.0,c07d3b8f69eeaa07
w_o_task_support,1,dropout030_delay2_relay_failure_early,67,0,260,24,-1,0,235.0,bca3ef7ecda19195
w_o_task_support,1,dropout030_delay2_relay_failure_early,68,0,260,24,-1,0,235.0,71d27a6224870a3e
w_o_task_support,1,dropout030_delay2_relay_failure_early,69,0,260,24,-1,0,235.0,49f30292dadfc596
w_o_task_support,1,dropout030_delay2_relay_failure_early,70,0,260,24,-1,0,235.0,bef233cc59171fdc
w_o_task_support,1,dropout030_delay2_relay_failure_early,71,0,260,24,-1,0,235.0,dcc61b9ed942c473
w_o_task_support,1,dropout030_delay2_relay_failure_early,72,1,202,24,202,1,174.0,7f528f14fd5bf503
w_o_task_support,1,dropout030_delay2_relay_failure_early,73,0,260,24,-1,0,235.0,2c9cae4b723ce6d4
w_o_task_support,1,dropout030_delay2_relay_failure_early,74,0,260,24,-1,0,235.0,15faa61d7fbc04d1
w_o_task_support,1,dropout030_delay2_relay_failure_early,75,0,260,24,-1,0,235.0,78964838e8a777a1
w_o_task_support,1,dropout030_delay2_relay_failure_early,76,0,260,24,-1,0,235.0,1688a389cf748eca
w_o_task_support,1,dropout030_delay2_relay_failure_early,77,0,260,24,-1,0,235.0,43cb3c020b4b2c51
w_o_task_support,1,dropout030_delay2_relay_failure_early,78,0,260,24,-1,0,235.0,e551e6ca91c4b1d7
w_o_task_support,1,dropout030_delay2_relay_failure_early,79,0,260,24,-1,0,235.0,91e41b2d7f1326cd
w_o_task_support,1,dropout030_delay2_relay_failure_early,80,1,44,24,44,1,16.0,5e25ffddffd8cef5
w_o_task_support,1,dropout030_delay2_relay_failure_early,81,1,46,24,46,1,18.0,c4779981ca838dde
w_o_task_support,1,dropout030_delay2_relay_failure_early,82,0,260,24,-1,0,235.0,339e10a8913709db
w_o_task_support,1,dropout030_delay2_relay_failure_early,83,0,260,24,-1,0,235.0,246580cb0f7e484a
w_o_task_support,1,dropout030_delay2_relay_failure_early,84,1,45,24,45,1,17.0,d06090a5e05891bb
w_o_task_support,1,dropout030_delay2_relay_failure_early,85,1,48,24,48,1,20.0,e6c2506545ebf941
w_o_task_support,1,dropout030_delay2_relay_failure_early,86,0,260,24,-1,0,235.0,1f7c4e2aefa9dea9
w_o_task_support,1,dropout030_delay2_relay_failure_early,87,0,260,24,-1,0,235.0,07540848075fbb78
w_o_task_support,1,dropout030_delay2_relay_failure_early,88,0,260,24,-1,0,235.0,5ebe93708238bde2
w_o_task_support,1,dropout030_delay2_relay_failure_early,89,0,260,24,-1,0,235.0,752d5d17f7503178
w_o_task_support,1,dropout030_delay2_relay_failure_early,90,0,260,24,-1,0,235.0,56134f146c360dfd
w_o_task_support,1,dropout030_delay2_relay_failure_early,91,0,260,24,-1,0,235.0,f37fb96a8ab214cf
w_o_task_support,1,dropout030_delay2_relay_failure_early,95,1,46,24,46,1,18.0,a39ed09e58ea17af
w_o_task_support,1,dropout030_delay2_relay_failure_early,92,1,49,24,49,1,21.0,34d2dced9120e980
w_o_task_support,1,dropout030_delay2_relay_failure_early,94,1,49,24,49,1,21.0,1a309f7152b25078
w_o_task_support,1,dropout030_delay2_relay_failure_early,93,0,260,24,-1,0,235.0,03bb057e8a7407b9
w_o_task_support,1,dropout030_delay2_relay_failure_early,98,1,44,24,44,1,16.0,c987eefd260d8ece
w_o_task_support,1,dropout030_delay2_relay_failure_early,97,1,47,24,47,1,19.0,584131fd72d260a4
w_o_task_support,1,dropout030_delay2_relay_failure_early,96,0,260,24,-1,0,235.0,92f3bed8738bd596
w_o_task_support,1,dropout030_delay2_relay_failure_early,99,0,260,24,-1,0,235.0,466f35fa6b3adc10
w_o_task_support,2,dropout030_delay2_relay_failure,0,1,44,39,44,1,1.0,311fac98ed3a04c8
w_o_task_support,2,dropout030_delay2_relay_failure,1,1,44,39,44,1,1.0,fdbf63221f3e23a2
w_o_task_support,2,dropout030_delay2_relay_failure,2,1,45,39,45,1,2.0,745384ce1b218377
w_o_task_support,2,dropout030_delay2_relay_failure,3,1,45,39,45,1,2.0,9264d4e01ac77933
w_o_task_support,2,dropout030_delay2_relay_failure,5,1,45,39,45,1,2.0,bc7d7ad9a67f8727
w_o_task_support,2,dropout030_delay2_relay_failure,7,1,46,39,46,1,3.0,fa08cf50a07322c9
w_o_task_support,2,dropout030_delay2_relay_failure,6,1,48,39,48,1,5.0,d8b72c5e9765ad76
w_o_task_support,2,dropout030_delay2_relay_failure,4,1,49,39,49,1,6.0,e73c110464a3844a
w_o_task_support,2,dropout030_delay2_relay_failure,8,1,46,39,46,1,3.0,958742d1ad4f79b2
w_o_task_support,2,dropout030_delay2_relay_failure,9,1,46,39,46,1,3.0,a141ec7768a9d8cd
w_o_task_support,2,dropout030_delay2_relay_failure,10,1,48,39,48,1,5.0,d2b02c081a7f07e4
w_o_task_support,2,dropout030_delay2_relay_failure,11,1,48,39,48,1,5.0,5bc76486d24fc9c9
w_o_task_support,2,dropout030_delay2_relay_failure,15,1,46,39,46,1,3.0,7799700b8072ad59
w_o_task_support,2,dropout030_delay2_relay_failure,14,1,48,39,48,1,5.0,540456da4f02871e
w_o_task_support,2,dropout030_delay2_relay_failure,12,1,49,39,49,1,6.0,acbca70aebd3d8eb
w_o_task_support,2,dropout030_delay2_relay_failure,13,1,50,39,50,1,7.0,e20e635906927fc6
w_o_task_support,2,dropout030_delay2_relay_failure,18,1,47,39,47,1,4.0,1e8f82559e08bb37
w_o_task_support,2,dropout030_delay2_relay_failure,19,1,47,39,47,1,4.0,2739d50f98749080
w_o_task_support,2,dropout030_delay2_relay_failure,16,1,48,39,48,1,5.0,327aadf90808d53f
w_o_task_support,2,dropout030_delay2_relay_failure,17,1,49,39,49,1,6.0,265d3036f92b8f8c
w_o_task_support,2,dropout030_delay2_relay_failure,20,1,46,39,46,1,3.0,fcd0a0278e282360
w_o_task_support,2,dropout030_delay2_relay_failure,23,1,46,39,46,1,3.0,460acfaa7f894639
w_o_task_support,2,dropout030_delay2_relay_failure,22,1,47,39,47,1,4.0,a8f1547e5d6cc478
w_o_task_support,2,dropout030_delay2_relay_failure,21,1,48,39,48,1,5.0,302c5681fd770f46
w_o_task_support,2,dropout030_delay2_relay_failure,27,1,46,39,46,1,3.0,6d0c32e8b6b73df4
w_o_task_support,2,dropout030_delay2_relay_failure,24,1,49,39,49,1,6.0,c1e5e3e942b9423b
w_o_task_support,2,dropout030_delay2_relay_failure,26,1,50,39,50,1,7.0,80347bce1c499e18
w_o_task_support,2,dropout030_delay2_relay_failure,25,0,260,39,-1,0,220.0,bdf8cd1e1952a5ec
w_o_task_support,2,dropout030_delay2_relay_failure,29,1,47,39,47,1,4.0,5849033120c58eb4
w_o_task_support,2,dropout030_delay2_relay_failure,30,1,47,39,47,1,4.0,736decd87f0572b1
w_o_task_support,2,dropout030_delay2_relay_failure,31,1,47,39,47,1,4.0,87e2bdd835ce19d1
w_o_task_support,2,dropout030_delay2_relay_failure,28,1,49,39,49,1,6.0,28a981aa23262ed1
w_o_task_support,2,dropout030_delay2_relay_failure,33,1,45,39,45,1,2.0,001dfa6aa8e99ed3
w_o_task_support,2,dropout030_delay2_relay_failure,35,1,45,39,45,1,2.0,75a2fe21c3c9471a
w_o_task_support,2,dropout030_delay2_relay_failure,32,1,54,39,54,1,11.0,c2de1d6c57510f89
w_o_task_support,2,dropout030_delay2_relay_failure,34,0,260,39,-1,0,220.0,405b3ee586280d71
w_o_task_support,2,dropout030_delay2_relay_failure,38,1,46,39,46,1,3.0,a81d85b30bda0073
w_o_task_support,2,dropout030_delay2_relay_failure,37,1,48,39,48,1,5.0,aaddc290da3d901e
w_o_task_support,2,dropout030_delay2_relay_failure,36,0,260,39,-1,0,220.0,368779e148c9f967
w_o_task_support,2,dropout030_delay2_relay_failure,39,0,260,39,-1,0,220.0,bf99f43a11ab9430
w_o_task_support,2,dropout030_delay2_relay_failure,43,1,45,39,45,1,2.0,987cf6c504ec7a02
w_o_task_support,2,dropout030_delay2_relay_failure,41,1,46,39,46,1,3.0,afc13794f80c8c97
w_o_task_support,2,dropout030_delay2_relay_failure,40,1,47,39,47,1,4.0,e839fe0b4467676d
w_o_task_support,2,dropout030_delay2_relay_failure,42,1,47,39,47,1,4.0,74780ea9272afa67
w_o_task_support,2,dropout030_delay2_relay_failure,46,1,44,39,44,1,1.0,3b1b2f651678f439
w_o_task_support,2,dropout030_delay2_relay_failure,44,1,47,39,47,1,4.0,68f28df4569105d5
w_o_task_support,2,dropout030_delay2_relay_failure,45,1,49,39,49,1,6.0,c55d3c7a14db8769
w_o_task_support,2,dropout030_delay2_relay_failure,47,1,49,39,49,1,6.0,a3453ea9c56b1d6d
w_o_task_support,2,dropout030_delay2_relay_failure,50,1,45,39,45,1,2.0,b7e55e9a9d0d58d9
w_o_task_support,2,dropout030_delay2_relay_failure,49,1,46,39,46,1,3.0,e6976eaf85a12ba0
w_o_task_support,2,dropout030_delay2_relay_failure,51,1,47,39,47,1,4.0,21d7a3193e06fd80
w_o_task_support,2,dropout030_delay2_relay_failure,48,0,260,39,-1,0,220.0,e34e7977b3bec6c5
w_o_task_support,2,dropout030_delay2_relay_failure,54,1,45,39,45,1,2.0,0f6326eb9a3e60f8
w_o_task_support,2,dropout030_delay2_relay_failure,53,1,46,39,46,1,3.0,3239e0307995b5e8
w_o_task_support,2,dropout030_delay2_relay_failure,55,1,47,39,47,1,4.0,da0a9bbea054ea9f
w_o_task_support,2,dropout030_delay2_relay_failure,52,1,48,39,48,1,5.0,38fde78deb3536f2
w_o_task_support,2,dropout030_delay2_relay_failure,56,1,46,39,46,1,3.0,905e3ac88a9321c2
w_o_task_support,2,dropout030_delay2_relay_failure,57,1,46,39,46,1,3.0,ec471a4e147c3bc4
w_o_task_support,2,dropout030_delay2_relay_failure,58,1,46,39,46,1,3.0,f8e24eb85d536d33
w_o_task_support,2,dropout030_delay2_relay_failure,59,1,49,39,49,1,6.0,1ed7a19bb86af311
w_o_task_support,2,dropout030_delay2_relay_failure,60,1,46,39,46,1,3.0,af8bdddbe671f881
w_o_task_support,2,dropout030_delay2_relay_failure,61,1,48,39,48,1,5.0,67ae3ac8b063bec6
w_o_task_support,2,dropout030_delay2_relay_failure,62,1,48,39,48,1,5.0,a89e75d15a74b098
w_o_task_support,2,dropout030_delay2_relay_failure,63,1,48,39,48,1,5.0,a65254239f8d2b12
w_o_task_support,2,dropout030_delay2_relay_failure,64,1,46,39,46,1,3.0,a292ce56dc7838c3
w_o_task_support,2,dropout030_delay2_relay_failure,65,1,46,39,46,1,3.0,a6bd4fe1d31aa05b
w_o_task_support,2,dropout030_delay2_relay_failure,67,1,50,39,50,1,7.0,4ead2e680e312da9
w_o_task_support,2,dropout030_delay2_relay_failure,66,0,260,39,-1,0,220.0,9d6d83019c3ba010
w_o_task_support,2,dropout030_delay2_relay_failure,68,1,48,39,48,1,5.0,5f2a7cda04aee4d2
w_o_task_support,2,dropout030_delay2_relay_failure,69,1,49,39,49,1,6.0,83f357616d865bf3
w_o_task_support,2,dropout030_delay2_relay_failure,70,1,50,39,50,1,7.0,2f72e4e6cff240b0
w_o_task_support,2,dropout030_delay2_relay_failure,71,1,50,39,50,1,7.0,7aecadd933e476a1
w_o_task_support,2,dropout030_delay2_relay_failure,74,1,46,39,46,1,3.0,db29791c0e6817cc
w_o_task_support,2,dropout030_delay2_relay_failure,73,1,47,39,47,1,4.0,4b70864ddeddfea7
w_o_task_support,2,dropout030_delay2_relay_failure,72,1,48,39,48,1,5.0,28750ccbe5582621
w_o_task_support,2,dropout030_delay2_relay_failure,75,1,51,39,51,1,8.0,e77c7eb6a45ee4c8
w_o_task_support,2,dropout030_delay2_relay_failure,78,1,47,39,47,1,4.0,68509805d708238b
w_o_task_support,2,dropout030_delay2_relay_failure,79,1,48,39,48,1,5.0,c3be1cdd9ba52580
w_o_task_support,2,dropout030_delay2_relay_failure,77,1,49,39,49,1,6.0,79779700e0f2a48b
w_o_task_support,2,dropout030_delay2_relay_failure,76,0,260,39,-1,0,220.0,c7b9eee61b282475
w_o_task_support,2,dropout030_delay2_relay_failure,80,1,44,39,44,1,1.0,45e4e1d8a0c4501f
w_o_task_support,2,dropout030_delay2_relay_failure,83,1,45,39,45,1,2.0,e5009b982534d5d4
w_o_task_support,2,dropout030_delay2_relay_failure,82,1,46,39,46,1,3.0,cbf27a114bf133af
w_o_task_support,2,dropout030_delay2_relay_failure,81,1,49,39,49,1,6.0,3168ffe8fa5a44d9
w_o_task_support,2,dropout030_delay2_relay_failure,87,1,45,39,45,1,2.0,2c0be774326d1dfb
w_o_task_support,2,dropout030_delay2_relay_failure,84,1,47,39,47,1,4.0,be5f78dab792b2e6
w_o_task_support,2,dropout030_delay2_relay_failure,86,1,48,39,48,1,5.0,3071653f48a57a7c
w_o_task_support,2,dropout030_delay2_relay_failure,85,1,50,39,50,1,7.0,ddd74fef7b5da449
w_o_task_support,2,dropout030_delay2_relay_failure,89,1,46,39,46,1,3.0,dd48488456a8b6e1
w_o_task_support,2,dropout030_delay2_relay_failure,88,1,47,39,47,1,4.0,58e2ba12e042beae
w_o_task_support,2,dropout030_delay2_relay_failure,91,1,47,39,47,1,4.0,06a3ea6ac83e7b15
w_o_task_support,2,dropout030_delay2_relay_failure,90,1,53,39,53,1,10.0,1883bb350e33eeb3
w_o_task_support,2,dropout030_delay2_relay_failure,93,1,46,39,46,1,3.0,81c5baff3507b574
w_o_task_support,2,dropout030_delay2_relay_failure,94,1,50,39,50,1,7.0,69dc23fee7d13f9e
w_o_task_support,2,dropout030_delay2_relay_failure,92,0,260,39,-1,0,220.0,bb6e8272f96ef284
w_o_task_support,2,dropout030_delay2_relay_failure,95,0,260,39,-1,0,220.0,730eafc8772f9bbf
w_o_task_support,2,dropout030_delay2_relay_failure,96,1,46,39,46,1,3.0,d4aeee296bffc87d
w_o_task_support,2,dropout030_delay2_relay_failure,98,1,46,39,46,1,3.0,363f05854b0b733c
w_o_task_support,2,dropout030_delay2_relay_failure,97,0,260,39,-1,0,220.0,80241c25dc45ae4d
w_o_task_support,2,dropout030_delay2_relay_failure,99,0,260,39,-1,0,220.0,1dbb2fe77a151d30
w_o_task_support,2,dropout030_delay2_relay_failure_early,2,1,45,24,45,1,17.0,30c61c4dfeaa5f9b
w_o_task_support,2,dropout030_delay2_relay_failure_early,3,1,45,24,45,1,17.0,919ad04f0344e249
w_o_task_support,2,dropout030_delay2_relay_failure_early,0,1,125,24,125,1,97.0,67ddb282f5f10ef7
w_o_task_support,2,dropout030_delay2_relay_failure_early,1,1,125,24,125,1,97.0,370c43d48165f819
w_o_task_support,2,dropout030_delay2_relay_failure_early,5,1,45,24,45,1,17.0,eafba556230f886a
w_o_task_support,2,dropout030_delay2_relay_failure_early,6,1,47,24,47,1,19.0,5375656983283b5c
w_o_task_support,2,dropout030_delay2_relay_failure_early,7,1,47,24,47,1,19.0,b517e14953fec480
w_o_task_support,2,dropout030_delay2_relay_failure_early,4,0,260,24,-1,0,235.0,dd2ac03c32a0e192
w_o_task_support,2,dropout030_delay2_relay_failure_early,8,1,46,24,46,1,18.0,e449f767229abc22
w_o_task_support,2,dropout030_delay2_relay_failure_early,9,1,46,24,46,1,18.0,ab8b1f3d4aef9407
w_o_task_support,2,dropout030_delay2_relay_failure_early,10,1,48,24,48,1,20.0,d583d48a50d71453
w_o_task_support,2,dropout030_delay2_relay_failure_early,11,1,48,24,48,1,20.0,33017ee07f35de99
w_o_task_support,2,dropout030_delay2_relay_failure_early,15,1,46,24,46,1,18.0,2c408f1de36c8dab
w_o_task_support,2,dropout030_delay2_relay_failure_early,14,1,48,24,48,1,20.0,c78541cbbed6a641
w_o_task_support,2,dropout030_delay2_relay_failure_early,12,1,49,24,49,1,21.0,c7f9ca13d4421a08
w_o_task_support,2,dropout030_delay2_relay_failure_early,13,1,49,24,49,1,21.0,45c22997df869f97
w_o_task_support,2,dropout030_delay2_relay_failure_early,19,1,46,24,46,1,18.0,6ac34f022f72ca41
w_o_task_support,2,dropout030_delay2_relay_failure_early,17,1,48,24,48,1,20.0,e2c069555f8a2569
w_o_task_support,2,dropout030_delay2_relay_failure_early,18,1,48,24,48,1,20.0,5598b0d91629262b
w_o_task_support,2,dropout030_delay2_relay_failure_early,16,1,49,24,49,1,21.0,d8e31e100692269c
w_o_task_support,2,dropout030_delay2_relay_failure_early,20,1,46,24,46,1,18.0,59beaf5e5091dfaa
w_o_task_support,2,dropout030_delay2_relay_failure_early,23,1,46,24,46,1,18.0,54912a3f5c8f8a52
w_o_task_support,2,dropout030_delay2_relay_failure_early,21,1,48,24,48,1,20.0,72c819e12bcb94a3
w_o_task_support,2,dropout030_delay2_relay_failure_early,22,1,48,24,48,1,20.0,80b3884435e73d07
w_o_task_support,2,dropout030_delay2_relay_failure_early,24,1,49,24,49,1,21.0,8f7bca16bacf12d3
w_o_task_support,2,dropout030_delay2_relay_failure_early,27,1,123,24,123,1,95.0,bc2f25b8528fbca0
w_o_task_support,2,dropout030_delay2_relay_failure_early,25,0,260,24,-1,0,235.0,cafb91a7c001d019
w_o_task_support,2,dropout030_delay2_relay_failure_early,26,0,260,24,-1,0,235.0,5dedb5fe39178e65
w_o_task_support,2,dropout030_delay2_relay_failure_early,29,1,47,24,47,1,19.0,7eeddbe4d27201c9
w_o_task_support,2,dropout030_delay2_relay_failure_early,30,1,47,24,47,1,19.0,845d1c15dc46d6b6
w_o_task_support,2,dropout030_delay2_relay_failure_early,31,1,47,24,47,1,19.0,0b8363e7e55a2351
w_o_task_support,2,dropout030_delay2_relay_failure_early,28,0,260,24,-1,0,235.0,0f7038737faeed04
w_o_task_support,2,dropout030_delay2_relay_failure_early,35,1,44,24,44,1,16.0,5f79511b5b7516b1
w_o_task_support,2,dropout030_delay2_relay_failure_early,33,1,45,24,45,1,17.0,5a97f20500591570
w_o_task_support,2,dropout030_delay2_relay_failure_early,32,1,55,24,55,1,27.0,47aaaa31d1f85f84
w_o_task_support,2,dropout030_delay2_relay_failure_early,34,0,260,24,-1,0,235.0,fffcacab3f07dbfd
w_o_task_support,2,dropout030_delay2_relay_failure_early,38,1,46,24,46,1,18.0,f303675f7b652339
w_o_task_support,2,dropout030_delay2_relay_failure_early,37,1,48,24,48,1,20.0,899b2a97d1da3e9e
w_o_task_support,2,dropout030_delay2_relay_failure_early,36,1,52,24,52,1,24.0,ed71c953d157dd41
w_o_task_support,2,dropout030_delay2_relay_failure_early,39,0,260,24,-1,0,235.0,683c536dfec61ad1
w_o_task_support,2,dropout030_delay2_relay_failure_early,43,1,45,24,45,1,17.0,25a3e5bb4bca4424
w_o_task_support,2,dropout030_delay2_relay_failure_early,41,1,46,24,46,1,18.0,9bfb75e2e62173ab
w_o_task_support,2,dropout030_delay2_relay_failure_early,40,1,47,24,47,1,19.0,d9507c1265b381f7
w_o_task_support,2,dropout030_delay2_relay_failure_early,42,0,260,24,-1,0,235.0,dcf8592afe0e7a94
w_o_task_support,2,dropout030_delay2_relay_failure_early,46,1,44,24,44,1,16.0,03178c43e2ff7d94
w_o_task_support,2,dropout030_delay2_relay_failure_early,44,1,47,24,47,1,19.0,a102c3b12960741e
w_o_task_support,2,dropout030_delay2_relay_failure_early,45,1,48,24,48,1,20.0,112d9578662e2586
w_o_task_support,2,dropout030_delay2_relay_failure_early,47,0,260,24,-1,0,235.0,e857a0f01f04fa9e
w_o_task_support,2,dropout030_delay2_relay_failure_early,50,1,46,24,46,1,18.0,e92705eb50a86c41
w_o_task_support,2,dropout030_delay2_relay_failure_early,51,1,47,24,47,1,19.0,1ccf86a0d2153645
w_o_task_support,2,dropout030_delay2_relay_failure_early,49,0,61,24,-1,0,36.0,c558769945f0d871
w_o_task_support,2,dropout030_delay2_relay_failure_early,48,0,260,24,-1,0,235.0,da726a4164ba4572
w_o_task_support,2,dropout030_delay2_relay_failure_early,54,1,45,24,45,1,17.0,810f91c653ab4abe
w_o_task_support,2,dropout030_delay2_relay_failure_early,55,1,47,24,47,1,19.0,f61146ec4230bad2
w_o_task_support,2,dropout030_delay2_relay_failure_early,52,1,48,24,48,1,20.0,33529d4e78c09e5f
w_o_task_support,2,dropout030_delay2_relay_failure_early,53,0,260,24,-1,0,235.0,c121c212cad3c724
w_o_task_support,2,dropout030_delay2_relay_failure_early,58,1,46,24,46,1,18.0,e88e42d47503664b
w_o_task_support,2,dropout030_delay2_relay_failure_early,56,1,47,24,47,1,19.0,0e19d22b219f378f
w_o_task_support,2,dropout030_delay2_relay_failure_early,57,1,47,24,47,1,19.0,db225054e42a10b8
w_o_task_support,2,dropout030_delay2_relay_failure_early,59,1,49,24,49,1,21.0,9c1378b62f394c63
w_o_task_support,2,dropout030_delay2_relay_failure_early,60,1,46,24,46,1,18.0,d76878bc880d87ae
w_o_task_support,2,dropout030_delay2_relay_failure_early,61,1,48,24,48,1,20.0,053e0f92bff9270e
w_o_task_support,2,dropout030_delay2_relay_failure_early,62,1,48,24,48,1,20.0,1d0ad6303a80b721
w_o_task_support,2,dropout030_delay2_relay_failure_early,63,1,48,24,48,1,20.0,51b8249af002fa63
w_o_task_support,2,dropout030_delay2_relay_failure_early,65,1,46,24,46,1,18.0,c5cb23a42e6250a9
w_o_task_support,2,dropout030_delay2_relay_failure_early,66,1,52,24,52,1,24.0,eff9bf12f690ffd8
w_o_task_support,2,dropout030_delay2_relay_failure_early,64,1,130,24,130,1,102.0,4df7a8aa5cfaab49
w_o_task_support,2,dropout030_delay2_relay_failure_early,67,0,260,24,-1,0,235.0,cedf788e1cc80cfa
w_o_task_support,2,dropout030_delay2_relay_failure_early,69,1,49,24,49,1,21.0,390a6b51018fdda4
w_o_task_support,2,dropout030_delay2_relay_failure_early,70,1,50,24,50,1,22.0,b03dc3a4e22f4efd
w_o_task_support,2,dropout030_delay2_relay_failure_early,71,1,50,24,50,1,22.0,e2d0471463129259
w_o_task_support,2,dropout030_delay2_relay_failure_early,68,0,260,24,-1,0,235.0,97ac064bbef2bb7c
w_o_task_support,2,dropout030_delay2_relay_failure_early,74,1,46,24,46,1,18.0,e3f1a5a8f770aa67
w_o_task_support,2,dropout030_delay2_relay_failure_early,72,1,48,24,48,1,20.0,8466bf9ae3ac2cf3
w_o_task_support,2,dropout030_delay2_relay_failure_early,73,1,48,24,48,1,20.0,b199df6e97a97461
w_o_task_support,2,dropout030_delay2_relay_failure_early,75,1,51,24,51,1,23.0,9fad29f2c72383a3
w_o_task_support,2,dropout030_delay2_relay_failure_early,78,1,47,24,47,1,19.0,7cf937a75a867a6f
w_o_task_support,2,dropout030_delay2_relay_failure_early,79,1,48,24,48,1,20.0,63f51eb895f847a4
w_o_task_support,2,dropout030_delay2_relay_failure_early,76,1,50,24,50,1,22.0,97066ae02dc28ee5
w_o_task_support,2,dropout030_delay2_relay_failure_early,77,0,260,24,-1,0,235.0,14b30d5de2ceb6a0
w_o_task_support,2,dropout030_delay2_relay_failure_early,80,1,44,24,44,1,16.0,4134aef3c50fdd1d
w_o_task_support,2,dropout030_delay2_relay_failure_early,83,1,45,24,45,1,17.0,aaf5cad03ba04671
w_o_task_support,2,dropout030_delay2_relay_failure_early,82,1,46,24,46,1,18.0,d69ee0534cd88b4b
w_o_task_support,2,dropout030_delay2_relay_failure_early,81,0,260,24,-1,0,235.0,482f02310e18c135
w_o_task_support,2,dropout030_delay2_relay_failure_early,87,1,45,24,45,1,17.0,5875c7c1de8f1f8b
w_o_task_support,2,dropout030_delay2_relay_failure_early,86,1,48,24,48,1,20.0,b0105b1f2f9bd899
w_o_task_support,2,dropout030_delay2_relay_failure_early,85,1,50,24,50,1,22.0,49d04e58484ea883
w_o_task_support,2,dropout030_delay2_relay_failure_early,84,0,260,24,-1,0,235.0,361f662334e2ecc9
w_o_task_support,2,dropout030_delay2_relay_failure_early,89,1,46,24,46,1,18.0,d7fce5a53e36578d
w_o_task_support,2,dropout030_delay2_relay_failure_early,88,1,47,24,47,1,19.0,23f16328025b424b
w_o_task_support,2,dropout030_delay2_relay_failure_early,91,1,47,24,47,1,19.0,658bd909b05d87c7
w_o_task_support,2,dropout030_delay2_relay_failure_early,90,1,51,24,51,1,23.0,4d2e24f47da9f18e
w_o_task_support,2,dropout030_delay2_relay_failure_early,93,1,46,24,46,1,18.0,598d730751ef0843
w_o_task_support,2,dropout030_delay2_relay_failure_early,95,1,47,24,47,1,19.0,2daaac3eb1c3376a
w_o_task_support,2,dropout030_delay2_relay_failure_early,92,0,260,24,-1,0,235.0,57a1942293eb3148
w_o_task_support,2,dropout030_delay2_relay_failure_early,94,0,260,24,-1,0,235.0,c371095a83dab146
w_o_task_support,2,dropout030_delay2_relay_failure_early,98,1,46,24,46,1,18.0,542c08860c4b7283
w_o_task_support,2,dropout030_delay2_relay_failure_early,99,1,50,24,50,1,22.0,fba33193a19d1c1c
w_o_task_support,2,dropout030_delay2_relay_failure_early,96,0,260,24,-1,0,235.0,0e4b5db0151863b7
w_o_task_support,2,dropout030_delay2_relay_failure_early,97,0,260,24,-1,0,235.0,57206e19d86c08aa
