split,scenario,graph_encoder,graph_relation_ablation,graph_message_ablation,graph_input_ablation,train_seed,checkpoint_update,method,checkpoint,seed,episode,policy_source,episodes,target_policy,strict_target_sensing,agent_target_info_bottleneck,max_target_message_age_steps,min_target_confidence,communication_range_scale,communication_dropout_prob,message_delay_steps,radar_dropout_prob,failed_blue_agent,node_failure_start_step,node_failure_duration_steps,deterministic,success,chain_closed,attack_window_formed,attack_window_rate,tracking_rate,comm_connectivity,mean_message_age,collision,timeout,constraint_violation,steps,first_attack_window_step,first_chain_close_step,post_failure_chain_recovered,post_failure_chain_recovery_steps,post_failure_chain_recovery_steps_censored,post_failure_chain_recovered_only_steps,post_failure_chain_maintained,post_failure_chain_recovered_after_loss,post_failure_chain_unrecovered,post_failure_first_chain_step,chain_closed_during_failure_rate,tracking_during_failure_rate,connectivity_during_failure,avg_mean_range,final_mean_range,episode_min_blue_red_distance,episode_min_blue_blue_distance,final_min_blue_red_distance,final_min_blue_blue_distance,reward_sum
test,dropout030_relay_failure,multi_relation,none,none,none,0,60,EA-RG-MAPPO-S,results/intercept_3d_gate1_hardened_safety_5seed_formal_candidate/runs/multi_relation/bc_ppo_seed0/actor_critic_update_0060.pt,310001,1,checkpoint,100,straight,True,True,80,0.2,1.0,0.3,0,0.0,1,40,80,True,1.0,1.0,1.0,0.03030303120613098,0.4242424287579276,0.6439394012770869,52.70833330330524,0.0,0.0,0.0,44.0,41.0,44.0,1.0,4.0,4.0,4.0,0.0,1.0,0.0,44.0,0.2,1.0,0.26666667461395266,15123.064675071022,5722.01708984375,3854.68017578125,3387.378173828125,3854.68017578125,3387.378173828125,35.691112250089645
test,dropout030_relay_failure,multi_relation,none,none,none,0,60,EA-RG-MAPPO-S,results/intercept_3d_gate1_hardened_safety_5seed_formal_candidate/runs/multi_relation/bc_ppo_seed0/actor_critic_update_0060.pt,310002,2,checkpoint,100,straight,True,True,80,0.2,1.0,0.3,0,0.0,1,40,80,True,1.0,1.0,1.0,0.03030303120613098,0.4166666716337204,0.6250000098212198,46.8674242391505,0.0,0.0,0.0,44.0,41.0,44.0,1.0,4.0,4.0,4.0,0.0,1.0,0.0,44.0,0.2,1.0,0.1666666716337204,15245.872336647728,5876.20703125,3326.49072265625,2371.23388671875,3326.49072265625,2371.23388671875,35.57107773423195
test,dropout030_relay_failure,multi_relation,none,none,none,0,60,EA-RG-MAPPO-S,results/intercept_3d_gate1_hardened_safety_5seed_formal_candidate/runs/multi_relation/bc_ppo_seed0/actor_critic_update_0060.pt,310004,4,checkpoint,100,straight,True,True,80,0.2,1.0,0.3,0,0.0,1,40,80,True,1.0,1.0,1.0,0.03030303120613098,0.41666667095639487,0.6553030376407233,48.803030273792416,0.0,0.0,0.0,44.0,41.0,44.0,1.0,4.0,4.0,4.0,0.0,1.0,0.0,44.0,0.2,1.0,0.1666666716337204,15120.111161665483,5623.1171875,3879.96435546875,3055.1611328125,3879.96435546875,3055.1611328125,35.876622557640076
test,dropout030_relay_failure,multi_relation,none,none,none,0,60,EA-RG-MAPPO-S,results/intercept_3d_gate1_hardened_safety_5seed_formal_candidate/runs/multi_relation/bc_ppo_seed0/actor_critic_update_0060.pt,310005,5,checkpoint,100,straight,True,True,80,0.2,1.0,0.3,0,0.0,1,40,80,True,1.0,1.0,1.0,0.03030303120613098,0.41666667095639487,0.6136363707482815,55.723484678363256,0.0,0.0,0.0,44.0,41.0,44.0,1.0,4.0,4.0,4.0,0.0,1.0,0.0,44.0,0.2,1.0,0.26666667461395266,15156.351606889204,5725.9140625,3628.844482421875,3390.188720703125,3628.844482421875,3390.188720703125,35.11680522561073
test,dropout030_relay_failure,multi_relation,none,none,none,0,60,EA-RG-MAPPO-S,results/intercept_3d_gate1_hardened_safety_5seed_formal_candidate/runs/multi_relation/bc_ppo_seed0/actor_critic_update_0060.pt,310011,11,checkpoint,100,straight,True,True,80,0.2,1.0,0.3,0,0.0,1,40,80,True,1.0,1.0,1.0,0.03030303120613098,0.4242424287579276,0.6590909172188152,45.810606174848296,0.0,0.0,0.0,44.0,41.0,44.0,1.0,4.0,4.0,4.0,0.0,1.0,0.0,44.0,0.2,1.0,0.26666667461395266,15107.714499733665,5636.85302734375,3879.030029296875,2815.831298828125,3879.030029296875,2815.831298828125,36.2227857708931
test,dropout030_relay_failure,multi_relation,none,none,none,0,60,EA-RG-MAPPO-S,results/intercept_3d_gate1_hardened_safety_5seed_formal_candidate/runs/multi_relation/bc_ppo_seed0/actor_critic_update_0060.pt,310014,14,checkpoint,100,straight,True,True,80,0.2,1.0,0.3,0,0.0,1,40,80,True,1.0,1.0,1.0,0.03030303120613098,0.41666667095639487,0.6439394029704008,45.95833327316425,0.0,0.0,0.0,44.0,41.0,44.0,1.0,4.0,4.0,4.0,0.0,1.0,0.0,44.0,0.2,1.0,0.3333333432674408,15130.285433682528,5656.35009765625,3667.7412109375,2440.0986328125,3667.7412109375,2440.0986328125,35.88127365708351
test,dropout030_relay_failure,multi_relation,none,none,none,0,60,EA-RG-MAPPO-S,results/intercept_3d_gate1_hardened_safety_5seed_formal_candidate/runs/multi_relation/bc_ppo_seed0/actor_critic_update_0060.pt,310017,17,checkpoint,100,straight,True,True,80,0.2,1.0,0.3,0,0.0,1,40,80,True,1.0,1.0,1.0,0.03030303120613098,0.4166666716337204,0.6363636441528797,45.98106045851653,0.0,0.0,0.0,44.0,41.0,44.0,1.0,4.0,4.0,4.0,0.0,1.0,0.0,44.0,0.2,1.0,0.23333334028720856,15165.17236328125,5709.80322265625,3437.858154296875,2061.14697265625,3437.858154296875,2061.14697265625,35.76692795753479
test,dropout030_relay_failure,multi_relation,none,none,none,0,60,EA-RG-MAPPO-S,results/intercept_3d_gate1_hardened_safety_5seed_formal_candidate/runs/multi_relation/bc_ppo_seed0/actor_critic_update_0060.pt,310024,24,checkpoint,100,straight,True,True,80,0.2,1.0,0.3,0,0.0,1,40,80,True,1.0,1.0,1.0,0.03030303120613098,0.41666667095639487,0.6590909162028269,51.82196964289654,0.0,0.0,0.0,44.0,41.0,44.0,1.0,4.0,4.0,4.0,0.0,1.0,0.0,44.0,0.2,1.0,0.20000000596046447,15150.01845481179,5721.20703125,3721.352783203125,3620.585205078125,3721.352783203125,3620.585205078125,35.70470690727234
test,dropout030_relay_failure,multi_relation,none,none,none,0,60,EA-RG-MAPPO-S,results/intercept_3d_gate1_hardened_safety_5seed_formal_candidate/runs/multi_relation/bc_ppo_seed0/actor_critic_update_0060.pt,310026,26,checkpoint,100,straight,True,True,80,0.2,1.0,0.3,0,0.0,1,40,80,True,1.0,1.0,1.0,0.03030303120613098,0.4242424287579276,0.6363636427982287,52.77651520445943,0.0,0.0,0.0,44.0,41.0,44.0,1.0,4.0,4.0,4.0,0.0,1.0,0.0,44.0,0.2,1.0,0.1666666716337204,15118.987471147017,5661.642578125,3699.95849609375,2821.50390625,3699.95849609375,2821.50390625,35.716806858778
test,dropout030_relay_failure,multi_relation,none,none,none,0,60,EA-RG-MAPPO-S,results/intercept_3d_gate1_hardened_safety_5seed_formal_candidate/runs/multi_relation/bc_ppo_seed0/actor_critic_update_0060.pt,310029,29,checkpoint,100,straight,True,True,80,0.2,1.0,0.3,0,0.0,1,40,80,True,1.0,1.0,1.0,0.03030303120613098,0.40909091383218765,0.7196969762444496,50.62878750738773,0.0,0.0,0.0,44.0,41.0,44.0,1.0,4.0,4.0,4.0,0.0,1.0,0.0,44.0,0.2,1.0,0.3000000089406967,15150.233021129261,5708.62890625,3594.955810546875,3041.985107421875,3594.955810546875,3041.985107421875,36.16804453730583
test,dropout030_relay_failure,multi_relation,none,none,none,0,60,EA-RG-MAPPO-S,results/intercept_3d_gate1_hardened_safety_5seed_formal_candidate/runs/multi_relation/bc_ppo_seed0/actor_critic_update_0060.pt,310034,34,checkpoint,100,straight,True,True,80,0.2,1.0,0.3,0,0.0,1,40,80,True,1.0,1.0,1.0,0.03030303120613098,0.4242424287579276,0.6704545532437888,45.90151477537372,0.0,0.0,0.0,44.0,41.0,44.0,1.0,4.0,4.0,4.0,0.0,1.0,0.0,44.0,0.2,1.0,0.20000000596046447,15102.718605735085,5623.111328125,3844.114501953125,2341.508544921875,3844.114501953125,2341.508544921875,36.31781995296478
test,dropout030_relay_failure,multi_relation,none,none,none,0,60,EA-RG-MAPPO-S,results/intercept_3d_gate1_hardened_safety_5seed_formal_candidate/runs/multi_relation/bc_ppo_seed0/actor_critic_update_0060.pt,310040,40,checkpoint,100,straight,True,True,80,0.2,1.0,0.3,0,0.0,1,40,80,True,1.0,1.0,1.0,0.03030303120613098,0.41666667095639487,0.7272727343846451,59.53409062664617,0.0,0.0,0.0,44.0,41.0,44.0,1.0,4.0,4.0,4.0,0.0,1.0,0.0,44.0,0.2,1.0,0.1666666716337204,15156.182062322443,5749.5,3775.7841796875,3789.468505859375,3775.7841796875,3789.468505859375,36.01373118162155
test,dropout030_relay_failure,multi_relation,none,none,none,0,60,EA-RG-MAPPO-S,results/intercept_3d_gate1_hardened_safety_5seed_formal_candidate/runs/multi_relation/bc_ppo_seed0/actor_critic_update_0060.pt,310042,42,checkpoint,100,straight,True,True,80,0.2,1.0,0.3,0,0.0,1,40,80,True,1.0,1.0,1.0,0.03030303120613098,0.4242424287579276,0.6401515233923089,50.75757567008788,0.0,0.0,0.0,44.0,41.0,44.0,1.0,4.0,4.0,4.0,0.0,1.0,0.0,44.0,0.2,1.0,0.23333334028720856,15108.538929332386,5651.427734375,3853.034423828125,2801.626708984375,3853.034423828125,2801.626708984375,35.806971967220306
test,dropout030_relay_failure,multi_relation,none,none,none,0,60,EA-RG-MAPPO-S,results/intercept_3d_gate1_hardened_safety_5seed_formal_candidate/runs/multi_relation/bc_ppo_seed0/actor_critic_update_0060.pt,310048,48,checkpoint,100,straight,True,True,80,0.2,1.0,0.3,0,0.0,1,40,80,True,1.0,1.0,1.0,0.03030303120613098,0.41666667095639487,0.6590909168801524,50.787878620692275,0.0,0.0,0.0,44.0,41.0,44.0,1.0,4.0,4.0,4.0,0.0,1.0,0.0,44.0,0.2,1.0,0.23333334028720856,15142.582774769176,5680.93212890625,3780.33642578125,2994.263916015625,3780.33642578125,2994.263916015625,35.78553247451782
test,dropout030_relay_failure,multi_relation,none,none,none,0,60,EA-RG-MAPPO-S,results/intercept_3d_gate1_hardened_safety_5seed_formal_candidate/runs/multi_relation/bc_ppo_seed0/actor_critic_update_0060.pt,310003,3,checkpoint,100,straight,True,True,80,0.2,1.0,0.3,0,0.0,1,40,80,True,1.0,1.0,1.0,0.029629630512661403,0.4296296338240306,0.6888888971673117,55.4037034554614,0.0,0.0,0.0,45.0,42.0,45.0,1.0,5.0,5.0,5.0,0.0,1.0,0.0,45.0,0.16666666666666666,1.0,0.19444445023934046,14936.81394314236,5282.30615234375,3745.74658203125,3424.803466796875,3745.74658203125,3424.803466796875,36.748758882284164
test,dropout030_relay_failure,multi_relation,none,none,none,0,60,EA-RG-MAPPO-S,results/intercept_3d_gate1_hardened_safety_5seed_formal_candidate/runs/multi_relation/bc_ppo_seed0/actor_critic_update_0060.pt,310010,10,checkpoint,100,straight,True,True,80,0.2,1.0,0.3,0,0.0,1,40,80,True,1.0,1.0,1.0,0.029629630512661403,0.4296296338240306,0.6259259359704124,62.21481506692039,0.0,0.0,0.0,45.0,42.0,45.0,1.0,5.0,5.0,5.0,0.0,1.0,0.0,45.0,0.16666666666666666,1.0,0.2777777860562007,14962.510557725695,5376.328125,3567.43896484375,3835.130126953125,3567.43896484375,3835.130126953125,35.74361476302147
test,dropout030_relay_failure,multi_relation,none,none,none,0,60,EA-RG-MAPPO-S,results/intercept_3d_gate1_hardened_safety_5seed_formal_candidate/runs/multi_relation/bc_ppo_seed0/actor_critic_update_0060.pt,310016,16,checkpoint,100,straight,True,True,80,0.2,1.0,0.3,0,0.0,1,40,80,True,1.0,1.0,1.0,0.029629630512661403,0.4370370414521959,0.6518518610133065,47.79629666639699,0.0,0.0,0.0,45.0,42.0,45.0,1.0,5.0,5.0,5.0,0.0,1.0,0.0,45.0,0.16666666666666666,1.0,0.22222222884496054,14866.075998263888,5256.1748046875,3992.837890625,2478.774658203125,3992.837890625,2478.774658203125,36.847843676805496
test,dropout030_relay_failure,multi_relation,none,none,none,0,60,EA-RG-MAPPO-S,results/intercept_3d_gate1_hardened_safety_5seed_formal_candidate/runs/multi_relation/bc_ppo_seed0/actor_critic_update_0060.pt,310019,19,checkpoint,100,straight,True,True,80,0.2,1.0,0.3,0,0.0,1,40,80,True,1.0,1.0,1.0,0.029629630512661403,0.4296296338240306,0.6703703787591723,52.55925937791665,0.0,0.0,0.0,45.0,42.0,45.0,1.0,5.0,5.0,5.0,0.0,1.0,0.0,45.0,0.16666666666666666,1.0,0.2500000074505806,14939.875499131944,5335.37744140625,3679.457275390625,2934.841796875,3679.457275390625,2934.841796875,36.58451300859451
test,dropout030_relay_failure,multi_relation,none,none,none,0,60,EA-RG-MAPPO-S,results/intercept_3d_gate1_hardened_safety_5seed_formal_candidate/runs/multi_relation/bc_ppo_seed0/actor_critic_update_0060.pt,310031,31,checkpoint,100,straight,True,True,80,0.2,1.0,0.3,0,0.0,1,40,80,True,1.0,1.0,1.0,0.029629630512661403,0.4296296338240306,0.6111111220386293,65.12962969044844,0.0,0.0,0.0,45.0,42.0,45.0,1.0,5.0,5.0,5.0,0.0,1.0,0.0,45.0,0.16666666666666666,1.0,0.2777777860562007,14955.404937065972,5428.6025390625,3840.089111328125,3593.458740234375,3840.089111328125,3593.458740234375,35.36911141872406
test,dropout030_relay_failure,multi_relation,none,none,none,0,60,EA-RG-MAPPO-S,results/intercept_3d_gate1_hardened_safety_5seed_formal_candidate/runs/multi_relation/bc_ppo_seed0/actor_critic_update_0060.pt,310036,36,checkpoint,100,straight,True,True,80,0.2,1.0,0.3,0,0.0,1,40,80,True,1.0,1.0,1.0,0.029629630512661403,0.4370370414521959,0.6518518586953481,46.02592584590117,0.0,0.0,0.0,45.0,42.0,45.0,1.0,5.0,5.0,5.0,0.0,1.0,0.0,45.0,0.16666666666666666,1.0,0.1666666716337204,14885.732660590278,5265.0166015625,3571.042236328125,2588.856689453125,3571.042236328125,2588.856689453125,36.91840973496437
test,dropout030_relay_failure,multi_relation,none,none,none,0,60,EA-RG-MAPPO-S,results/intercept_3d_gate1_hardened_safety_5seed_formal_candidate/runs/multi_relation/bc_ppo_seed0/actor_critic_update_0060.pt,310038,38,checkpoint,100,straight,True,True,80,0.2,1.0,0.3,0,0.0,1,40,80,True,1.0,1.0,1.0,0.029629630512661403,0.4370370414521959,0.6407407492399215,46.907407356964214,0.0,0.0,0.0,45.0,42.0,45.0,1.0,5.0,5.0,5.0,0.0,1.0,0.0,45.0,0.16666666666666666,1.0,0.19444445023934046,14872.566764322917,5195.61669921875,3766.433349609375,2905.113037109375,3766.433349609375,2905.113037109375,36.84752593934536
test,dropout030_relay_failure,multi_relation,none,none,none,0,60,EA-RG-MAPPO-S,results/intercept_3d_gate1_hardened_safety_5seed_formal_candidate/runs/multi_relation/bc_ppo_seed0/actor_critic_update_0060.pt,310041,41,checkpoint,100,straight,True,True,80,0.2,1.0,0.3,0,0.0,1,40,80,True,1.0,1.0,1.0,0.029629630512661403,0.4370370414521959,0.6111111187272602,45.95555541349782,0.0,0.0,0.0,45.0,42.0,45.0,1.0,5.0,5.0,5.0,0.0,1.0,0.0,45.0,0.16666666666666666,1.0,0.22222222884496054,14870.082790798611,5266.79638671875,3798.08642578125,2106.535400390625,3798.08642578125,2106.535400390625,36.560906663537025
test,dropout030_relay_failure,multi_relation,none,none,none,0,60,EA-RG-MAPPO-S,results/intercept_3d_gate1_hardened_safety_5seed_formal_candidate/runs/multi_relation/bc_ppo_seed0/actor_critic_update_0060.pt,310049,49,checkpoint,100,straight,True,True,80,0.2,1.0,0.3,0,0.0,1,40,80,True,1.0,1.0,1.0,0.029629630512661403,0.4370370414521959,0.5851851956711875,52.659259567989245,0.0,0.0,0.0,45.0,42.0,45.0,1.0,5.0,5.0,5.0,0.0,1.0,0.0,45.0,0.16666666666666666,1.0,0.2777777860562007,14890.165635850695,5232.63720703125,3806.05029296875,2706.204345703125,3806.05029296875,2706.204345703125,36.05199816823006
test,dropout030_relay_failure,multi_relation,none,none,none,0,60,EA-RG-MAPPO-S,results/intercept_3d_gate1_hardened_safety_5seed_formal_candidate/runs/multi_relation/bc_ppo_seed0/actor_critic_update_0060.pt,310000,0,checkpoint,100,straight,True,True,80,0.2,1.0,0.3,0,0.0,1,40,80,True,1.0,1.0,1.0,0.028985508110212242,0.44202898961046466,0.5978260976464852,55.33333377118992,0.0,0.0,0.0,46.0,43.0,46.0,1.0,6.0,6.0,6.0,0.0,1.0,0.0,46.0,0.14285714285714285,1.0,0.23809524519102915,14670.80564283288,4939.8134765625,3987.071044921875,3049.99365234375,3987.071044921875,3049.99365234375,36.62477895617485
test,dropout030_relay_failure,multi_relation,none,none,none,0,60,EA-RG-MAPPO-S,results/intercept_3d_gate1_hardened_safety_5seed_formal_candidate/runs/multi_relation/bc_ppo_seed0/actor_critic_update_0060.pt,310006,6,checkpoint,100,straight,True,True,80,0.2,1.0,0.3,0,0.0,1,40,80,True,1.0,1.0,1.0,0.028985508110212242,0.44927536663801776,0.6340579792209293,45.98550713839738,0.0,0.0,0.0,46.0,43.0,46.0,1.0,6.0,6.0,6.0,0.0,1.0,0.0,46.0,0.14285714285714285,1.0,0.19047619615282332,14655.408585258152,4830.32421875,3714.90576171875,2497.762451171875,3714.90576171875,2497.762451171875,37.62173908948898
test,dropout030_relay_failure,multi_relation,none,none,none,0,60,EA-RG-MAPPO-S,results/intercept_3d_gate1_hardened_safety_5seed_formal_candidate/runs/multi_relation/bc_ppo_seed0/actor_critic_update_0060.pt,310020,20,checkpoint,100,straight,True,True,80,0.2,1.0,0.3,0,0.0,1,40,80,True,1.0,1.0,1.0,0.028985508110212242,0.44927536663801776,0.601449284216632,57.391304006071195,0.0,0.0,0.0,46.0,43.0,46.0,1.0,6.0,6.0,6.0,0.0,1.0,0.0,46.0,0.14285714285714285,1.0,0.26190476971013205,14688.385073454483,4963.36181640625,3862.719482421875,3677.739990234375,3862.719482421875,3677.739990234375,36.75058859586716
test,dropout030_relay_failure,multi_relation,none,none,none,0,60,EA-RG-MAPPO-S,results/intercept_3d_gate1_hardened_safety_5seed_formal_candidate/runs/multi_relation/bc_ppo_seed0/actor_critic_update_0060.pt,310022,22,checkpoint,100,straight,True,True,80,0.2,1.0,0.3,0,0.0,1,40,80,True,1.0,1.0,1.0,0.028985508110212242,0.44202898961046466,0.6014492838926937,45.13043489371953,0.0,0.0,0.0,46.0,43.0,46.0,1.0,6.0,6.0,6.0,0.0,1.0,0.0,46.0,0.14285714285714285,1.0,0.1666666716337204,14652.549719769022,4907.4443359375,3998.9287109375,2234.06396484375,3998.9287109375,2234.06396484375,37.16507175564766
test,dropout030_relay_failure,multi_relation,none,none,none,0,60,EA-RG-MAPPO-S,results/intercept_3d_gate1_hardened_safety_5seed_formal_candidate/runs/multi_relation/bc_ppo_seed0/actor_critic_update_0060.pt,310025,25,checkpoint,100,straight,True,True,80,0.2,1.0,0.3,0,0.0,1,40,80,True,1.0,1.0,1.0,0.028985508110212242,0.44927536663801776,0.6847826161462328,51.65217374945464,0.0,0.0,0.0,46.0,43.0,46.0,1.0,6.0,6.0,6.0,0.0,1.0,0.0,46.0,0.14285714285714285,1.0,0.19047619615282332,14650.518002717392,4876.1982421875,4082.173095703125,3679.114501953125,4082.173095703125,3679.114501953125,37.88308671116829
test,dropout030_relay_failure,multi_relation,none,none,none,0,60,EA-RG-MAPPO-S,results/intercept_3d_gate1_hardened_safety_5seed_formal_candidate/runs/multi_relation/bc_ppo_seed0/actor_critic_update_0060.pt,310028,28,checkpoint,100,straight,True,True,80,0.2,1.0,0.3,0,0.0,1,40,80,True,1.0,1.0,1.0,0.028985508110212242,0.44927536663801776,0.699275369229524,45.833333115214884,0.0,0.0,0.0,46.0,43.0,46.0,1.0,6.0,6.0,6.0,0.0,1.0,0.0,46.0,0.14285714285714285,1.0,0.21428572067192622,14660.360903532608,4890.67333984375,3927.4404296875,3087.2275390625,3927.4404296875,3087.2275390625,38.25188308954239
test,dropout030_relay_failure,multi_relation,none,none,none,0,60,EA-RG-MAPPO-S,results/intercept_3d_gate1_hardened_safety_5seed_formal_candidate/runs/multi_relation/bc_ppo_seed0/actor_critic_update_0060.pt,310035,35,checkpoint,100,straight,True,True,80,0.2,1.0,0.3,0,0.0,1,40,80,True,1.0,1.0,1.0,0.028985508110212242,0.44927536663801776,0.6594202971976736,53.38405779975912,0.0,0.0,0.0,46.0,43.0,46.0,1.0,6.0,6.0,6.0,0.0,1.0,0.0,46.0,0.14285714285714285,1.0,0.1666666716337204,14646.817499575407,4852.4345703125,3773.807861328125,3010.37255859375,3773.807861328125,3010.37255859375,37.51090535521507
test,dropout030_relay_failure,multi_relation,none,none,none,0,60,EA-RG-MAPPO-S,results/intercept_3d_gate1_hardened_safety_5seed_formal_candidate/runs/multi_relation/bc_ppo_seed0/actor_critic_update_0060.pt,310039,39,checkpoint,100,straight,True,True,80,0.2,1.0,0.3,0,0.0,1,40,80,True,1.0,1.0,1.0,0.028985508110212242,0.44202898961046466,0.6594202962258587,49.695651903424576,0.0,0.0,0.0,46.0,43.0,46.0,1.0,6.0,6.0,6.0,0.0,1.0,0.0,46.0,0.14285714285714285,1.0,0.3095238187483379,14656.898426885191,4902.59912109375,3912.136962890625,2961.279052734375,3912.136962890625,2961.279052734375,37.48834699392319
test,dropout030_relay_failure,multi_relation,none,none,none,0,60,EA-RG-MAPPO-S,results/intercept_3d_gate1_hardened_safety_5seed_formal_candidate/runs/multi_relation/bc_ppo_seed0/actor_critic_update_0060.pt,310045,45,checkpoint,100,straight,True,True,80,0.2,1.0,0.3,0,0.0,1,40,80,True,1.0,1.0,1.0,0.028985508110212242,0.44927536663801776,0.6594202975216119,50.60869584297357,0.0,0.0,0.0,46.0,43.0,46.0,1.0,6.0,6.0,6.0,0.0,1.0,0.0,46.0,0.14285714285714285,1.0,0.26190476971013205,14645.6162109375,4882.13427734375,3917.3349609375,2644.114990234375,3917.3349609375,2644.114990234375,37.66894921660423
test,dropout030_relay_failure,multi_relation,none,none,none,0,60,EA-RG-MAPPO-S,results/intercept_3d_gate1_hardened_safety_5seed_formal_candidate/runs/multi_relation/bc_ppo_seed0/actor_critic_update_0060.pt,310046,46,checkpoint,100,straight,True,True,80,0.2,1.0,0.3,0,0.0,1,40,80,True,1.0,1.0,1.0,0.028985508110212242,0.44927536663801776,0.6123188478143319,47.855072354168996,0.0,0.0,0.0,46.0,43.0,46.0,1.0,6.0,6.0,6.0,0.0,1.0,0.0,46.0,0.14285714285714285,1.0,0.26190476971013205,14649.982963230299,4874.634765625,3898.864990234375,2396.952392578125,3898.864990234375,2396.952392578125,37.38156580924988
test,dropout030_relay_failure,multi_relation,none,none,none,0,60,EA-RG-MAPPO-S,results/intercept_3d_gate1_hardened_safety_5seed_formal_candidate/runs/multi_relation/bc_ppo_seed0/actor_critic_update_0060.pt,310032,32,checkpoint,100,straight,True,True,80,0.2,1.0,0.3,0,0.0,1,40,80,True,1.0,1.0,1.0,0.02836879517169709,0.4539007138698659,0.6382978837540809,54.23049661992712,0.0,0.0,0.0,47.0,44.0,47.0,1.0,7.0,7.0,7.0,0.0,1.0,0.0,47.0,0.125,0.9583333358168602,0.2500000074505806,14445.815627077793,4528.10400390625,3830.68994140625,3169.490234375,3830.68994140625,3169.490234375,38.03078845143318
test,dropout030_relay_failure,multi_relation,none,none,none,0,60,EA-RG-MAPPO-S,results/intercept_3d_gate1_hardened_safety_5seed_formal_candidate/runs/multi_relation/bc_ppo_seed0/actor_critic_update_0060.pt,310037,37,checkpoint,100,straight,True,True,80,0.2,1.0,0.3,0,0.0,1,40,80,True,1.0,1.0,1.0,0.027777778605620067,0.46527778171002865,0.6388888970638315,47.93402751069516,0.0,0.0,0.0,48.0,45.0,48.0,1.0,8.0,8.0,8.0,0.0,1.0,0.0,48.0,0.1111111111111111,1.0,0.24074074791537392,14289.413258870443,4335.58642578125,3138.757080078125,2860.89208984375,3138.757080078125,2860.89208984375,38.91697070002556
test,dropout030_relay_failure,multi_relation,none,none,none,0,60,EA-RG-MAPPO-S,results/intercept_3d_gate1_hardened_safety_5seed_formal_candidate/runs/multi_relation/bc_ppo_seed0/actor_critic_update_0060.pt,310007,7,checkpoint,100,straight,True,True,80,0.2,1.0,0.3,0,0.0,1,40,80,True,0.0,0.0,0.0,0.0,0.09615384764396227,0.1756410288122984,72.6673073326739,0.0,1.0,0.0,260.0,-1.0,-1.0,0.0,220.0,220.0,-1.0,0.0,0.0,1.0,-1.0,0.0,0.1458333358168602,0.15416667126119138,37540.575759652944,79321.9921875,1240.5185546875,1727.668212890625,72879.6328125,13283.7373046875,-38.68373473873362
test,dropout030_relay_failure,multi_relation,none,none,none,0,60,EA-RG-MAPPO-S,results/intercept_3d_gate1_hardened_safety_5seed_formal_candidate/runs/multi_relation/bc_ppo_seed0/actor_critic_update_0060.pt,310008,8,checkpoint,100,straight,True,True,80,0.2,1.0,0.3,0,0.0,1,40,80,True,0.0,0.0,1.0,0.0012820513202593878,0.1025641041306349,0.17051282381782165,73.63846143759214,0.0,1.0,0.0,260.0,45.0,-1.0,0.0,220.0,220.0,-1.0,0.0,0.0,1.0,-1.0,0.0,0.1666666693985462,0.15833333805203437,37292.74778489333,79267.625,836.0081787109375,1763.7396240234375,72771.4140625,14681.263671875,-37.58196736127138
test,dropout030_relay_failure,multi_relation,none,none,none,0,60,EA-RG-MAPPO-S,results/intercept_3d_gate1_hardened_safety_5seed_formal_candidate/runs/multi_relation/bc_ppo_seed0/actor_critic_update_0060.pt,310009,9,checkpoint,100,straight,True,True,80,0.2,1.0,0.3,0,0.0,1,40,80,True,0.0,0.0,1.0,0.003846153960778163,0.10256410401601057,0.14615384861826897,76.01410264842785,0.0,1.0,0.0,260.0,45.0,-1.0,0.0,220.0,220.0,-1.0,0.0,0.0,1.0,-1.0,0.0,0.16666666902601718,0.1270833371207118,37112.64080998347,79422.8984375,941.5333251953125,1600.237548828125,71361.2421875,18957.849609375,-37.816529616713524
test,dropout030_relay_failure,multi_relation,none,none,none,0,60,EA-RG-MAPPO-S,results/intercept_3d_gate1_hardened_safety_5seed_formal_candidate/runs/multi_relation/bc_ppo_seed0/actor_critic_update_0060.pt,310012,12,checkpoint,100,straight,True,True,80,0.2,1.0,0.3,0,0.0,1,40,80,True,0.0,0.0,0.0,0.0,0.09487179632370289,0.1570512847831616,73.77692363995772,0.0,1.0,0.0,260.0,-1.0,-1.0,0.0,220.0,220.0,-1.0,0.0,0.0,1.0,-1.0,0.0,0.14166666902601718,0.11875000353902579,37257.69368145282,78310.234375,1082.48388671875,1475.80126953125,70770.65625,13713.8642578125,-39.21933160349727
test,dropout030_relay_failure,multi_relation,none,none,none,0,60,EA-RG-MAPPO-S,results/intercept_3d_gate1_hardened_safety_5seed_formal_candidate/runs/multi_relation/bc_ppo_seed0/actor_critic_update_0060.pt,310013,13,checkpoint,100,straight,True,True,80,0.2,1.0,0.3,0,0.0,1,40,80,True,0.0,0.0,1.0,0.0012820513202593878,0.09871795016985674,0.171794875481954,72.53333350190749,0.0,1.0,0.0,260.0,45.0,-1.0,0.0,220.0,220.0,-1.0,0.0,0.0,1.0,-1.0,0.0,0.1541666690260172,0.15000000447034836,37569.49450589693,79474.0859375,911.990478515625,1577.2572021484375,73289.3515625,11389.11328125,-38.03480954095721
test,dropout030_relay_failure,multi_relation,none,none,none,0,60,EA-RG-MAPPO-S,results/intercept_3d_gate1_hardened_safety_5seed_formal_candidate/runs/multi_relation/bc_ppo_seed0/actor_critic_update_0060.pt,310015,15,checkpoint,100,straight,True,True,80,0.2,1.0,0.3,0,0.0,1,40,80,True,0.0,0.0,0.0,0.0,0.09230769345393548,0.1884615421295166,69.75641044555948,0.0,1.0,0.0,260.0,-1.0,-1.0,0.0,220.0,220.0,-1.0,0.0,0.0,1.0,-1.0,0.0,0.1416666679084301,0.1312500039115548,37607.88708120493,79144.1796875,2254.047607421875,1782.7763671875,75001.0234375,4664.06787109375,-38.90413060877472
test,dropout030_relay_failure,multi_relation,none,none,none,0,60,EA-RG-MAPPO-S,results/intercept_3d_gate1_hardened_safety_5seed_formal_candidate/runs/multi_relation/bc_ppo_seed0/actor_critic_update_0060.pt,310018,18,checkpoint,100,straight,True,True,80,0.2,1.0,0.3,0,0.0,1,40,80,True,0.0,0.0,1.0,0.0012820513202593878,0.10128205269575119,0.18269231136028583,70.55192279586426,0.0,1.0,0.0,260.0,46.0,-1.0,0.0,220.0,220.0,-1.0,0.0,0.0,1.0,-1.0,0.0,0.1625000022351742,0.16250000484287738,37897.10389873798,81063.1953125,1198.546142578125,1971.860107421875,77566.109375,12865.681640625,-38.10242584347725
test,dropout030_relay_failure,multi_relation,none,none,none,0,60,EA-RG-MAPPO-S,results/intercept_3d_gate1_hardened_safety_5seed_formal_candidate/runs/multi_relation/bc_ppo_seed0/actor_critic_update_0060.pt,310021,21,checkpoint,100,straight,True,True,80,0.2,1.0,0.3,0,0.0,1,40,80,True,0.0,0.0,1.0,0.003846153960778163,0.10384615533626997,0.18012820803202115,71.66794832262855,0.0,1.0,0.0,260.0,44.0,-1.0,0.0,220.0,220.0,-1.0,0.0,0.0,1.0,-1.0,0.0,0.1708333358168602,0.15625000465661287,37628.66987022987,80162.0859375,603.7940063476562,1788.3741455078125,74672.9453125,14075.6357421875,-35.94198767840862
test,dropout030_relay_failure,multi_relation,none,none,none,0,60,EA-RG-MAPPO-S,results/intercept_3d_gate1_hardened_safety_5seed_formal_candidate/runs/multi_relation/bc_ppo_seed0/actor_critic_update_0060.pt,310023,23,checkpoint,100,straight,True,True,80,0.2,1.0,0.3,0,0.0,1,40,80,True,0.0,0.0,1.0,0.0025641026405187756,0.09871795005523241,0.1705128238751338,73.40512777492404,0.0,1.0,0.0,260.0,46.0,-1.0,0.0,220.0,220.0,-1.0,0.0,0.0,1.0,-1.0,0.0,0.15416666865348816,0.13333333730697633,37401.82904616136,79896.7265625,1108.69384765625,1592.33984375,73066.078125,16186.87890625,-37.962455119006336
test,dropout030_relay_failure,multi_relation,none,none,none,0,60,EA-RG-MAPPO-S,results/intercept_3d_gate1_hardened_safety_5seed_formal_candidate/runs/multi_relation/bc_ppo_seed0/actor_critic_update_0060.pt,310027,27,checkpoint,100,straight,True,True,80,0.2,1.0,0.3,0,0.0,1,40,80,True,0.0,0.0,1.0,0.0025641026405187756,0.10128205258112688,0.18269231158953447,70.05448683007405,0.0,1.0,0.0,260.0,47.0,-1.0,0.0,220.0,220.0,-1.0,0.0,0.0,1.0,-1.0,0.0,0.16250000186264515,0.12083333693444728,37175.496397986775,78710.6953125,825.0886840820312,1657.9271240234375,74080.796875,5792.2138671875,-36.27822130359709
test,dropout030_relay_failure,multi_relation,none,none,none,0,60,EA-RG-MAPPO-S,results/intercept_3d_gate1_hardened_safety_5seed_formal_candidate/runs/multi_relation/bc_ppo_seed0/actor_critic_update_0060.pt,310030,30,checkpoint,100,straight,True,True,80,0.2,1.0,0.3,0,0.0,1,40,80,True,0.0,0.0,0.0,0.0,0.10000000160474043,0.15769231050060345,74.44615399768719,0.0,1.0,0.0,260.0,-1.0,-1.0,0.0,220.0,220.0,-1.0,0.0,0.0,1.0,-1.0,0.0,0.15833333618938922,0.13541667070239782,37048.87538217398,78144.5,675.174560546875,1556.4676513671875,70220.828125,16266.49609375,-38.58788879215717
test,dropout030_relay_failure,multi_relation,none,none,none,0,60,EA-RG-MAPPO-S,results/intercept_3d_gate1_hardened_safety_5seed_formal_candidate/runs/multi_relation/bc_ppo_seed0/actor_critic_update_0060.pt,310033,33,checkpoint,100,straight,True,True,80,0.2,1.0,0.3,0,0.0,1,40,80,True,0.0,0.0,1.0,0.0025641026405187756,0.09743589873497303,0.1512820537846822,75.47948756263806,0.0,1.0,0.0,260.0,45.0,-1.0,0.0,220.0,220.0,-1.0,0.0,0.0,1.0,-1.0,0.0,0.15000000186264514,0.1270833371207118,37242.4090228741,78909.7734375,1153.912841796875,1523.71630859375,70882.515625,17195.810546875,-38.3536780141294
test,dropout030_relay_failure,multi_relation,none,none,none,0,60,EA-RG-MAPPO-S,results/intercept_3d_gate1_hardened_safety_5seed_formal_candidate/runs/multi_relation/bc_ppo_seed0/actor_critic_update_0060.pt,310043,43,checkpoint,100,straight,True,True,80,0.2,1.0,0.3,0,0.0,1,40,80,True,0.0,0.0,0.0,0.0,0.09743589907884598,0.20192308059105507,67.27884606014078,0.0,1.0,0.0,260.0,-1.0,-1.0,0.0,220.0,220.0,-1.0,0.0,0.0,1.0,-1.0,0.0,0.15000000298023225,0.1708333384245634,37916.329102501506,79927.1875,999.2962646484375,1899.59912109375,75318.40625,8523.7197265625,-37.46005357801914
test,dropout030_relay_failure,multi_relation,none,none,none,0,60,EA-RG-MAPPO-S,results/intercept_3d_gate1_hardened_safety_5seed_formal_candidate/runs/multi_relation/bc_ppo_seed0/actor_critic_update_0060.pt,310044,44,checkpoint,100,straight,True,True,80,0.2,1.0,0.3,0,0.0,1,40,80,True,0.0,0.0,1.0,0.003846153960778163,0.10897436073193183,0.14615384879020543,76.32307728443008,0.0,1.0,0.0,260.0,43.0,-1.0,0.0,220.0,220.0,-1.0,0.0,0.0,1.0,-1.0,0.0,0.18333333656191825,0.12291667032986879,36860.78087158203,78742.7890625,579.0285034179688,1454.2210693359375,73302.640625,10620.1767578125,-36.712585121393204
test,dropout030_relay_failure,multi_relation,none,none,none,0,60,EA-RG-MAPPO-S,results/intercept_3d_gate1_hardened_safety_5seed_formal_candidate/runs/multi_relation/bc_ppo_seed0/actor_critic_update_0060.pt,310047,47,checkpoint,100,straight,True,True,80,0.2,1.0,0.3,0,0.0,1,40,80,True,0.0,0.0,1.0,0.0025641026405187756,0.09871795005523241,0.15961538690787094,75.37564062458965,0.0,1.0,0.0,260.0,46.0,-1.0,0.0,220.0,220.0,-1.0,0.0,0.0,1.0,-1.0,0.0,0.15416666865348816,0.12083333693444728,37123.70067044772,79270.1484375,1089.4185791015625,1502.6907958984375,70898.0859375,19018.662109375,-38.033276128582656
test,dropout030_relay_failure,multi_relation,none,none,none,0,60,EA-RG-MAPPO-S,results/intercept_3d_gate1_hardened_safety_5seed_formal_candidate/runs/multi_relation/bc_ppo_seed0/actor_critic_update_0060.pt,310059,59,checkpoint,100,straight,True,True,80,0.2,1.0,0.3,0,0.0,1,40,80,True,1.0,1.0,1.0,0.03030303120613098,0.41666667095639487,0.6553030373020605,47.82954528284344,0.0,0.0,0.0,44.0,41.0,44.0,1.0,4.0,4.0,4.0,0.0,1.0,0.0,44.0,0.2,1.0,0.26666667461395266,15115.546497691761,5634.32861328125,3771.915283203125,2881.400146484375,3771.915283203125,2881.400146484375,35.90756809711456
test,dropout030_relay_failure,multi_relation,none,none,none,0,60,EA-RG-MAPPO-S,results/intercept_3d_gate1_hardened_safety_5seed_formal_candidate/runs/multi_relation/bc_ppo_seed0/actor_critic_update_0060.pt,310077,77,checkpoint,100,straight,True,True,80,0.2,1.0,0.3,0,0.0,1,40,80,True,1.0,1.0,1.0,0.03030303120613098,0.40909091383218765,0.6553030383180488,49.77651515569199,0.0,0.0,0.0,44.0,41.0,44.0,1.0,4.0,4.0,4.0,0.0,1.0,0.0,44.0,0.2,1.0,0.23333334028720856,15156.550858931108,5695.634765625,3630.18115234375,3121.397705078125,3630.18115234375,3121.397705078125,35.6679684817791
test,dropout030_relay_failure,multi_relation,none,none,none,0,60,EA-RG-MAPPO-S,results/intercept_3d_gate1_hardened_safety_5seed_formal_candidate/runs/multi_relation/bc_ppo_seed0/actor_critic_update_0060.pt,310088,88,checkpoint,100,straight,True,True,80,0.2,1.0,0.3,0,0.0,1,40,80,True,1.0,1.0,1.0,0.03030303120613098,0.4166666716337204,0.651515160094608,50.738636535677045,0.0,0.0,0.0,44.0,41.0,44.0,1.0,4.0,4.0,4.0,0.0,1.0,0.0,44.0,0.2,1.0,0.26666667461395266,15222.498779296875,5840.00048828125,3383.707275390625,3166.257568359375,3383.707275390625,3166.257568359375,35.65804880857468
test,dropout030_relay_failure,multi_relation,none,none,none,0,60,EA-RG-MAPPO-S,results/intercept_3d_gate1_hardened_safety_5seed_formal_candidate/runs/multi_relation/bc_ppo_seed0/actor_critic_update_0060.pt,310092,92,checkpoint,100,straight,True,True,80,0.2,1.0,0.3,0,0.0,1,40,80,True,1.0,1.0,1.0,0.03030303120613098,0.40909091383218765,0.6439394029704008,55.70454563302073,0.0,0.0,0.0,44.0,41.0,44.0,1.0,4.0,4.0,4.0,0.0,1.0,0.0,44.0,0.2,1.0,0.20000000596046447,15196.578813032671,5887.97705078125,3529.189453125,3896.59228515625,3529.189453125,3896.59228515625,35.13429003953934
test,dropout030_relay_failure,multi_relation,none,none,none,0,60,EA-RG-MAPPO-S,results/intercept_3d_gate1_hardened_safety_5seed_formal_candidate/runs/multi_relation/bc_ppo_seed0/actor_critic_update_0060.pt,310053,53,checkpoint,100,straight,True,True,80,0.2,1.0,0.3,0,0.0,1,40,80,True,1.0,1.0,1.0,0.029629630512661403,0.4370370414521959,0.703703710436821,46.781481483247546,0.0,0.0,0.0,45.0,42.0,45.0,1.0,5.0,5.0,5.0,0.0,1.0,0.0,45.0,0.16666666666666666,1.0,0.19444445023934046,14859.872569444444,5128.39111328125,3475.1259765625,2813.4912109375,3475.1259765625,2813.4912109375,37.564207792282104
test,dropout030_relay_failure,multi_relation,none,none,none,0,60,EA-RG-MAPPO-S,results/intercept_3d_gate1_hardened_safety_5seed_formal_candidate/runs/multi_relation/bc_ppo_seed0/actor_critic_update_0060.pt,310054,54,checkpoint,100,straight,True,True,80,0.2,1.0,0.3,0,0.0,1,40,80,True,1.0,1.0,1.0,0.029629630512661403,0.4370370414521959,0.6592592656612396,40.16296291020181,0.0,0.0,0.0,45.0,42.0,45.0,1.0,5.0,5.0,5.0,0.0,1.0,0.0,45.0,0.16666666666666666,1.0,0.1666666716337204,14872.730815972222,5161.2431640625,3776.815673828125,2544.204345703125,3776.815673828125,2544.204345703125,37.41596654057503
test,dropout030_relay_failure,multi_relation,none,none,none,0,60,EA-RG-MAPPO-S,results/intercept_3d_gate1_hardened_safety_5seed_formal_candidate/runs/multi_relation/bc_ppo_seed0/actor_critic_update_0060.pt,310058,58,checkpoint,100,straight,True,True,80,0.2,1.0,0.3,0,0.0,1,40,80,True,1.0,1.0,1.0,0.029629630512661403,0.4370370414521959,0.6703703754478031,43.08148102958997,0.0,0.0,0.0,45.0,42.0,45.0,1.0,5.0,5.0,5.0,0.0,1.0,0.0,45.0,0.16666666666666666,1.0,0.22222222884496054,14879.686783854168,5258.8828125,3787.86865234375,2207.06982421875,3787.86865234375,2207.06982421875,37.32157385349274
test,dropout030_relay_failure,multi_relation,none,none,none,0,60,EA-RG-MAPPO-S,results/intercept_3d_gate1_hardened_safety_5seed_formal_candidate/runs/multi_relation/bc_ppo_seed0/actor_critic_update_0060.pt,310062,62,checkpoint,100,straight,True,True,80,0.2,1.0,0.3,0,0.0,1,40,80,True,1.0,1.0,1.0,0.029629630512661403,0.4370370414521959,0.6370370450947019,45.8666667216354,0.0,0.0,0.0,45.0,42.0,45.0,1.0,5.0,5.0,5.0,0.0,1.0,0.0,45.0,0.16666666666666666,1.0,0.19444445023934046,14870.527278645834,5276.67431640625,3989.91455078125,2255.905517578125,3989.91455078125,2255.905517578125,36.83051419258118
test,dropout030_relay_failure,multi_relation,none,none,none,0,60,EA-RG-MAPPO-S,results/intercept_3d_gate1_hardened_safety_5seed_formal_candidate/runs/multi_relation/bc_ppo_seed0/actor_critic_update_0060.pt,310066,66,checkpoint,100,straight,True,True,80,0.2,1.0,0.3,0,0.0,1,40,80,True,1.0,1.0,1.0,0.029629630512661403,0.4370370414521959,0.6037037137481901,51.725925812456346,0.0,0.0,0.0,45.0,42.0,45.0,1.0,5.0,5.0,5.0,0.0,1.0,0.0,45.0,0.16666666666666666,1.0,0.2777777860562007,14906.831065538194,5328.72998046875,3795.0478515625,2423.779296875,3795.0478515625,2423.779296875,36.23109745979309
test,dropout030_relay_failure,multi_relation,none,none,none,0,60,EA-RG-MAPPO-S,results/intercept_3d_gate1_hardened_safety_5seed_formal_candidate/runs/multi_relation/bc_ppo_seed0/actor_critic_update_0060.pt,310069,69,checkpoint,100,straight,True,True,80,0.2,1.0,0.3,0,0.0,1,40,80,True,1.0,1.0,1.0,0.029629630512661403,0.4296296338240306,0.6259259346458647,54.61851857569483,0.0,0.0,0.0,45.0,42.0,45.0,1.0,5.0,5.0,5.0,0.0,1.0,0.0,45.0,0.16666666666666666,1.0,0.22222222884496054,14925.860036892362,5266.05908203125,3771.306884765625,3154.475341796875,3771.306884765625,3154.475341796875,36.13116979598999
test,dropout030_relay_failure,multi_relation,none,none,none,0,60,EA-RG-MAPPO-S,results/intercept_3d_gate1_hardened_safety_5seed_formal_candidate/runs/multi_relation/bc_ppo_seed0/actor_critic_update_0060.pt,310070,70,checkpoint,100,straight,True,True,80,0.2,1.0,0.3,0,0.0,1,40,80,True,1.0,1.0,1.0,0.029629630512661403,0.4370370414521959,0.6000000099341075,51.63703725702233,0.0,0.0,0.0,45.0,42.0,45.0,1.0,5.0,5.0,5.0,0.0,1.0,0.0,45.0,0.16666666666666666,1.0,0.19444445023934046,14921.908463541668,5423.841796875,3976.34814453125,2079.998779296875,3976.34814453125,2079.998779296875,36.1220006942749
test,dropout030_relay_failure,multi_relation,none,none,none,0,60,EA-RG-MAPPO-S,results/intercept_3d_gate1_hardened_safety_5seed_formal_candidate/runs/multi_relation/bc_ppo_seed0/actor_critic_update_0060.pt,310076,76,checkpoint,100,straight,True,True,80,0.2,1.0,0.3,0,0.0,1,40,80,True,1.0,1.0,1.0,0.029629630512661403,0.4370370414521959,0.6370370441012912,47.85185154477755,0.0,0.0,0.0,45.0,42.0,45.0,1.0,5.0,5.0,5.0,0.0,1.0,0.0,45.0,0.16666666666666666,1.0,0.3333333432674408,14878.835807291667,5258.658203125,4032.841064453125,2775.524169921875,4032.841064453125,2775.524169921875,36.72194027900696
test,dropout030_relay_failure,multi_relation,none,none,none,0,60,EA-RG-MAPPO-S,results/intercept_3d_gate1_hardened_safety_5seed_formal_candidate/runs/multi_relation/bc_ppo_seed0/actor_critic_update_0060.pt,310078,78,checkpoint,100,straight,True,True,80,0.2,1.0,0.3,0,0.0,1,40,80,True,1.0,1.0,1.0,0.029629630512661403,0.4370370414521959,0.6296296394533581,45.94814792440997,0.0,0.0,0.0,45.0,42.0,45.0,1.0,5.0,5.0,5.0,0.0,1.0,0.0,45.0,0.16666666666666666,1.0,0.19444445023934046,14872.998958333334,5209.87158203125,3581.094482421875,2415.096435546875,3581.094482421875,2415.096435546875,36.77726325392723
test,dropout030_relay_failure,multi_relation,none,none,none,0,60,EA-RG-MAPPO-S,results/intercept_3d_gate1_hardened_safety_5seed_formal_candidate/runs/multi_relation/bc_ppo_seed0/actor_critic_update_0060.pt,310079,79,checkpoint,100,straight,True,True,80,0.2,1.0,0.3,0,0.0,1,40,80,True,1.0,1.0,1.0,0.029629630512661403,0.4370370414521959,0.6222222318251928,54.55925920142068,0.0,0.0,0.0,45.0,42.0,45.0,1.0,5.0,5.0,5.0,0.0,1.0,0.0,45.0,0.16666666666666666,1.0,0.22222222884496054,14906.317730034722,5294.68310546875,3535.5625,3515.597412109375,3535.5625,3515.597412109375,36.261246621608734
test,dropout030_relay_failure,multi_relation,none,none,none,0,60,EA-RG-MAPPO-S,results/intercept_3d_gate1_hardened_safety_5seed_formal_candidate/runs/multi_relation/bc_ppo_seed0/actor_critic_update_0060.pt,310081,81,checkpoint,100,straight,True,True,80,0.2,1.0,0.3,0,0.0,1,40,80,True,1.0,1.0,1.0,0.029629630512661403,0.4370370414521959,0.6592592653301027,47.803703700171575,0.0,0.0,0.0,45.0,42.0,45.0,1.0,5.0,5.0,5.0,0.0,1.0,0.0,45.0,0.16666666666666666,1.0,0.1666666716337204,14875.358224826388,5211.25048828125,3691.936279296875,2896.3212890625,3691.936279296875,2896.3212890625,36.959191888570786
test,dropout030_relay_failure,multi_relation,none,none,none,0,60,EA-RG-MAPPO-S,results/intercept_3d_gate1_hardened_safety_5seed_formal_candidate/runs/multi_relation/bc_ppo_seed0/actor_critic_update_0060.pt,310085,85,checkpoint,100,straight,True,True,80,0.2,1.0,0.3,0,0.0,1,40,80,True,1.0,1.0,1.0,0.029629630512661403,0.4296296338240306,0.6148148228724798,55.592592198650046,0.0,0.0,0.0,45.0,42.0,45.0,1.0,5.0,5.0,5.0,0.0,1.0,0.0,45.0,0.16666666666666666,1.0,0.19444445023934046,14919.489105902778,5328.21142578125,3693.264892578125,2914.9052734375,3693.264892578125,2914.9052734375,35.961876064538956
test,dropout030_relay_failure,multi_relation,none,none,none,0,60,EA-RG-MAPPO-S,results/intercept_3d_gate1_hardened_safety_5seed_formal_candidate/runs/multi_relation/bc_ppo_seed0/actor_critic_update_0060.pt,310091,91,checkpoint,100,straight,True,True,80,0.2,1.0,0.3,0,0.0,1,40,80,True,1.0,1.0,1.0,0.029629630512661403,0.4370370414521959,0.6592592669857873,45.12962979276975,0.0,0.0,0.0,45.0,42.0,45.0,1.0,5.0,5.0,5.0,0.0,1.0,0.0,45.0,0.16666666666666666,1.0,0.22222222884496054,14873.443674045138,5193.798828125,3778.685791015625,2625.9560546875,3778.685791015625,2625.9560546875,37.19731590151787
test,dropout030_relay_failure,multi_relation,none,none,none,0,60,EA-RG-MAPPO-S,results/intercept_3d_gate1_hardened_safety_5seed_formal_candidate/runs/multi_relation/bc_ppo_seed0/actor_critic_update_0060.pt,310095,95,checkpoint,100,straight,True,True,80,0.2,1.0,0.3,0,0.0,1,40,80,True,1.0,1.0,1.0,0.029629630512661403,0.4296296338240306,0.6555555664830738,48.81111150085926,0.0,0.0,0.0,45.0,42.0,45.0,1.0,5.0,5.0,5.0,0.0,1.0,0.0,45.0,0.16666666666666666,1.0,0.3055555646618207,14919.37265625,5284.0400390625,3807.0615234375,3151.016357421875,3807.0615234375,3151.016357421875,36.65973389148712
test,dropout030_relay_failure,multi_relation,none,none,none,0,60,EA-RG-MAPPO-S,results/intercept_3d_gate1_hardened_safety_5seed_formal_candidate/runs/multi_relation/bc_ppo_seed0/actor_critic_update_0060.pt,310056,56,checkpoint,100,straight,True,True,80,0.2,1.0,0.3,0,0.0,1,40,80,True,1.0,1.0,1.0,0.028985508110212242,0.44202898961046466,0.6413043562484824,45.92029007394677,0.0,0.0,0.0,46.0,43.0,46.0,1.0,6.0,6.0,6.0,0.0,1.0,0.0,46.0,0.14285714285714285,1.0,0.1666666716337204,14646.476254670517,4882.35400390625,4058.517822265625,2924.063720703125,4058.517822265625,2924.063720703125,37.60060656070709
test,dropout030_relay_failure,multi_relation,none,none,none,0,60,EA-RG-MAPPO-S,results/intercept_3d_gate1_hardened_safety_5seed_formal_candidate/runs/multi_relation/bc_ppo_seed0/actor_critic_update_0060.pt,310057,57,checkpoint,100,straight,True,True,80,0.2,1.0,0.3,0,0.0,1,40,80,True,1.0,1.0,1.0,0.028985508110212242,0.44927536663801776,0.641304356896359,49.62318867898506,0.0,0.0,0.0,46.0,43.0,46.0,1.0,6.0,6.0,6.0,0.0,1.0,0.0,46.0,0.14285714285714285,1.0,0.21428572067192622,14653.82033372962,4883.19677734375,3893.7138671875,2890.88916015625,3893.7138671875,2890.88916015625,37.4661830663681
test,dropout030_relay_failure,multi_relation,none,none,none,0,60,EA-RG-MAPPO-S,results/intercept_3d_gate1_hardened_safety_5seed_formal_candidate/runs/multi_relation/bc_ppo_seed0/actor_critic_update_0060.pt,310060,60,checkpoint,100,straight,True,True,80,0.2,1.0,0.3,0,0.0,1,40,80,True,1.0,1.0,1.0,0.028985508110212242,0.44927536663801776,0.6847826148504796,45.905796883546785,0.0,0.0,0.0,46.0,43.0,46.0,1.0,6.0,6.0,6.0,0.0,1.0,0.0,46.0,0.14285714285714285,1.0,0.23809524519102915,14668.370722231657,4867.50634765625,3908.584716796875,2815.7509765625,3908.584716796875,2815.7509765625,38.05825510621071
test,dropout030_relay_failure,multi_relation,none,none,none,0,60,EA-RG-MAPPO-S,results/intercept_3d_gate1_hardened_safety_5seed_formal_candidate/runs/multi_relation/bc_ppo_seed0/actor_critic_update_0060.pt,310064,64,checkpoint,100,straight,True,True,80,0.2,1.0,0.3,0,0.0,1,40,80,True,1.0,1.0,1.0,0.028985508110212242,0.44202898961046466,0.6304347910310911,57.20652163547018,0.0,0.0,0.0,46.0,43.0,46.0,1.0,6.0,6.0,6.0,0.0,1.0,0.0,46.0,0.14285714285714285,1.0,0.1666666716337204,14667.98976732337,4924.01806640625,3944.696533203125,4322.2421875,3944.696533203125,4322.2421875,36.9384945333004
test,dropout030_relay_failure,multi_relation,none,none,none,0,60,EA-RG-MAPPO-S,results/intercept_3d_gate1_hardened_safety_5seed_formal_candidate/runs/multi_relation/bc_ppo_seed0/actor_critic_update_0060.pt,310071,71,checkpoint,100,straight,True,True,80,0.2,1.0,0.3,0,0.0,1,40,80,True,1.0,1.0,1.0,0.028985508110212242,0.44202898961046466,0.6014492835687555,50.717391223039314,0.0,0.0,0.0,46.0,43.0,46.0,1.0,6.0,6.0,6.0,0.0,1.0,0.0,46.0,0.14285714285714285,1.0,0.26190476971013205,14650.806587550951,4884.85546875,4042.168701171875,2938.898193359375,4042.168701171875,2938.898193359375,36.91954645514488
test,dropout030_relay_failure,multi_relation,none,none,none,0,60,EA-RG-MAPPO-S,results/intercept_3d_gate1_hardened_safety_5seed_formal_candidate/runs/multi_relation/bc_ppo_seed0/actor_critic_update_0060.pt,310083,83,checkpoint,100,straight,True,True,80,0.2,1.0,0.3,0,0.0,1,40,80,True,1.0,1.0,1.0,0.028985508110212242,0.44202898961046466,0.6630434863593268,49.62681148233621,0.0,0.0,0.0,46.0,43.0,46.0,1.0,6.0,6.0,6.0,0.0,1.0,0.0,46.0,0.14285714285714285,1.0,0.19047619615282332,14660.539497707201,4893.61474609375,3973.86865234375,2962.6953125,3973.86865234375,2962.6953125,37.53182002902031
test,dropout030_relay_failure,multi_relation,none,none,none,0,60,EA-RG-MAPPO-S,results/intercept_3d_gate1_hardened_safety_5seed_formal_candidate/runs/multi_relation/bc_ppo_seed0/actor_critic_update_0060.pt,310084,84,checkpoint,100,straight,True,True,80,0.2,1.0,0.3,0,0.0,1,40,80,True,1.0,1.0,1.0,0.028985508110212242,0.44927536663801776,0.6014492832448172,47.81521722965914,0.0,0.0,0.0,46.0,43.0,46.0,1.0,6.0,6.0,6.0,0.0,1.0,0.0,46.0,0.14285714285714285,1.0,0.21428572067192622,14652.705630095108,4861.44482421875,3858.38134765625,2677.681640625,3858.38134765625,2677.681640625,37.29640284180641
test,dropout030_relay_failure,multi_relation,none,none,none,0,60,EA-RG-MAPPO-S,results/intercept_3d_gate1_hardened_safety_5seed_formal_candidate/runs/multi_relation/bc_ppo_seed0/actor_critic_update_0060.pt,310055,55,checkpoint,100,straight,True,True,80,0.2,1.0,0.3,0,0.0,1,40,80,True,1.0,1.0,1.0,0.02836879517169709,0.4609929120286982,0.560283695446684,56.226950226311985,0.0,0.0,0.0,47.0,44.0,47.0,1.0,7.0,7.0,7.0,0.0,1.0,0.0,47.0,0.125,1.0,0.14583333767950535,14469.954911901596,4626.89111328125,3802.76953125,3377.203857421875,3802.76953125,3377.203857421875,37.15698716044426
test,dropout030_relay_failure,multi_relation,none,none,none,0,60,EA-RG-MAPPO-S,results/intercept_3d_gate1_hardened_safety_5seed_formal_candidate/runs/multi_relation/bc_ppo_seed0/actor_critic_update_0060.pt,310065,65,checkpoint,100,straight,True,True,80,0.2,1.0,0.3,0,0.0,1,40,80,True,1.0,1.0,1.0,0.02836879517169709,0.4539007138698659,0.6418439780778074,39.54609901981151,0.0,0.0,0.0,47.0,44.0,47.0,1.0,7.0,7.0,7.0,0.0,1.0,0.0,47.0,0.125,0.9583333358168602,0.18750000558793545,14480.508841007313,4628.63916015625,3959.4658203125,2047.203125,3959.4658203125,2047.203125,38.62683990597725
test,dropout030_relay_failure,multi_relation,none,none,none,0,60,EA-RG-MAPPO-S,results/intercept_3d_gate1_hardened_safety_5seed_formal_candidate/runs/multi_relation/bc_ppo_seed0/actor_critic_update_0060.pt,310073,73,checkpoint,100,straight,True,True,80,0.2,1.0,0.3,0,0.0,1,40,80,True,1.0,1.0,1.0,0.02836879517169709,0.4539007132357739,0.634751780870113,47.97163103679393,0.0,0.0,0.0,47.0,44.0,47.0,1.0,7.0,7.0,7.0,0.0,1.0,0.0,47.0,0.125,1.0,0.2500000074505806,14449.61362408577,4523.82958984375,3756.987060546875,2942.585205078125,3756.987060546875,2942.585205078125,38.13894408941269
test,dropout030_relay_failure,multi_relation,none,none,none,0,60,EA-RG-MAPPO-S,results/intercept_3d_gate1_hardened_safety_5seed_formal_candidate/runs/multi_relation/bc_ppo_seed0/actor_critic_update_0060.pt,310096,96,checkpoint,100,straight,True,True,80,0.2,1.0,0.3,0,0.0,1,40,80,True,1.0,1.0,1.0,0.02836879517169709,0.4539007132357739,0.6382978789983912,50.62056732589894,0.0,0.0,0.0,47.0,44.0,47.0,1.0,7.0,7.0,7.0,0.0,1.0,0.0,47.0,0.125,1.0,0.2083333395421505,14464.317175033244,4629.24755859375,3834.966796875,2624.203369140625,3834.966796875,2624.203369140625,37.96529999375343
test,dropout030_relay_failure,multi_relation,none,none,none,0,60,EA-RG-MAPPO-S,results/intercept_3d_gate1_hardened_safety_5seed_formal_candidate/runs/multi_relation/bc_ppo_seed0/actor_critic_update_0060.pt,310094,94,checkpoint,100,straight,True,True,80,0.2,1.0,0.3,0,0.0,1,40,80,True,1.0,1.0,1.0,0.027777778605620067,0.45833333767950535,0.6111111203208566,55.9965279645597,0.0,0.0,0.0,48.0,45.0,48.0,1.0,8.0,8.0,8.0,0.0,1.0,0.0,48.0,0.1111111111111111,0.9629629651705424,0.18518519070413378,14281.390747070312,4309.6806640625,3230.256591796875,3311.571533203125,3230.256591796875,3311.571533203125,38.15241512656212
test,dropout030_relay_failure,multi_relation,none,none,none,0,60,EA-RG-MAPPO-S,results/intercept_3d_gate1_hardened_safety_5seed_formal_candidate/runs/multi_relation/bc_ppo_seed0/actor_critic_update_0060.pt,310050,50,checkpoint,100,straight,True,True,80,0.2,1.0,0.3,0,0.0,1,40,80,True,0.0,0.0,0.0,0.0,0.09358974488881919,0.1673076953452367,73.15641001485861,0.0,1.0,0.0,260.0,-1.0,-1.0,0.0,220.0,220.0,-1.0,0.0,0.0,1.0,-1.0,0.0,0.14166666865348815,0.13750000409781932,37544.27227877104,79599.9296875,1503.462158203125,1713.911376953125,72947.859375,14345.0341796875,-39.763568489812315
test,dropout030_relay_failure,multi_relation,none,none,none,0,60,EA-RG-MAPPO-S,results/intercept_3d_gate1_hardened_safety_5seed_formal_candidate/runs/multi_relation/bc_ppo_seed0/actor_critic_update_0060.pt,310051,51,checkpoint,100,straight,True,True,80,0.2,1.0,0.3,0,0.0,1,40,80,True,0.0,0.0,0.0,0.0,0.09743589862034871,0.2198717994758716,66.20641060952957,0.0,1.0,0.0,260.0,-1.0,-1.0,0.0,220.0,220.0,-1.0,0.0,0.0,1.0,-1.0,0.0,0.1583333346992731,0.13333333730697633,37559.70868577224,79308.1953125,2064.92822265625,1992.291259765625,77765.875,4243.0458984375,-36.52858435921371
test,dropout030_relay_failure,multi_relation,none,none,none,0,60,EA-RG-MAPPO-S,results/intercept_3d_gate1_hardened_safety_5seed_formal_candidate/runs/multi_relation/bc_ppo_seed0/actor_critic_update_0060.pt,310052,52,checkpoint,100,straight,True,True,80,0.2,1.0,0.3,0,0.0,1,40,80,True,0.0,0.0,1.0,0.003846153960778163,0.10256410401601057,0.16987179746994605,73.73717894949593,0.0,1.0,0.0,260.0,44.0,-1.0,0.0,220.0,220.0,-1.0,0.0,0.0,1.0,-1.0,0.0,0.16666666902601718,0.13333333730697633,37461.95960505559,79822.75,541.0064086914062,1585.376953125,75867.921875,13715.7255859375,-36.83017322421074
test,dropout030_relay_failure,multi_relation,none,none,none,0,60,EA-RG-MAPPO-S,results/intercept_3d_gate1_hardened_safety_5seed_formal_candidate/runs/multi_relation/bc_ppo_seed0/actor_critic_update_0060.pt,310061,61,checkpoint,100,straight,True,True,80,0.2,1.0,0.3,0,0.0,1,40,80,True,0.0,0.0,1.0,0.0012820513202593878,0.09871795005523241,0.16410256698727607,73.4153846087364,0.0,1.0,0.0,260.0,46.0,-1.0,0.0,220.0,220.0,-1.0,0.0,0.0,1.0,-1.0,0.0,0.15416666865348816,0.14583333767950535,37435.75984919621,79658.453125,1186.458251953125,1683.74072265625,72298.203125,17708.623046875,-38.47763961087912
test,dropout030_relay_failure,multi_relation,none,none,none,0,60,EA-RG-MAPPO-S,results/intercept_3d_gate1_hardened_safety_5seed_formal_candidate/runs/multi_relation/bc_ppo_seed0/actor_critic_update_0060.pt,310063,63,checkpoint,100,straight,True,True,80,0.2,1.0,0.3,0,0.0,1,40,80,True,0.0,0.0,1.0,0.0012820513202593878,0.09743589896422167,0.20833333776547358,66.55000020861625,0.0,1.0,0.0,260.0,45.0,-1.0,0.0,220.0,220.0,-1.0,0.0,0.0,1.0,-1.0,0.0,0.15000000260770321,0.14166667088866233,37792.11692833534,79848.953125,722.528076171875,1626.0062255859375,75166.828125,7637.25927734375,-36.423690009862185
test,dropout030_relay_failure,multi_relation,none,none,none,0,60,EA-RG-MAPPO-S,results/intercept_3d_gate1_hardened_safety_5seed_formal_candidate/runs/multi_relation/bc_ppo_seed0/actor_critic_update_0060.pt,310067,67,checkpoint,100,straight,True,True,80,0.2,1.0,0.3,0,0.0,1,40,80,True,0.0,0.0,1.0,0.0025641026405187756,0.1012820528103755,0.18589743903050057,71.95320549257673,0.0,1.0,0.0,260.0,45.0,-1.0,0.0,220.0,220.0,-1.0,0.0,0.0,1.0,-1.0,0.0,0.1583333358168602,0.14166667088866233,37603.91240891677,79900.8984375,870.0807495117188,1677.519287109375,74139.234375,11989.4140625,-36.66893967241049
test,dropout030_relay_failure,multi_relation,none,none,none,0,60,EA-RG-MAPPO-S,results/intercept_3d_gate1_hardened_safety_5seed_formal_candidate/runs/multi_relation/bc_ppo_seed0/actor_critic_update_0060.pt,310068,68,checkpoint,100,straight,True,True,80,0.2,1.0,0.3,0,0.0,1,40,80,True,0.0,0.0,0.0,0.0,0.09871795039910536,0.16538461847947195,75.22307714051925,0.0,1.0,0.0,260.0,-1.0,-1.0,0.0,220.0,220.0,-1.0,0.0,0.0,1.0,-1.0,0.0,0.15416666977107524,0.1604166714474559,37120.071965144234,78252.2109375,818.2769775390625,1575.6959228515625,71064.0234375,14136.646484375,-38.516147553920746
test,dropout030_relay_failure,multi_relation,none,none,none,0,60,EA-RG-MAPPO-S,results/intercept_3d_gate1_hardened_safety_5seed_formal_candidate/runs/multi_relation/bc_ppo_seed0/actor_critic_update_0060.pt,310072,72,checkpoint,100,straight,True,True,80,0.2,1.0,0.3,0,0.0,1,40,80,True,0.0,0.0,0.0,0.0,0.09230769368318412,0.18525641411542892,70.15705144015642,0.0,1.0,0.0,260.0,-1.0,-1.0,0.0,220.0,220.0,-1.0,0.0,0.0,1.0,-1.0,0.0,0.13750000223517417,0.1666666716337204,38102.91286714994,80814.2421875,1628.069091796875,1821.1744384765625,76808.59375,11759.6416015625,-39.5723423846066
test,dropout030_relay_failure,multi_relation,none,none,none,0,60,EA-RG-MAPPO-S,results/intercept_3d_gate1_hardened_safety_5seed_formal_candidate/runs/multi_relation/bc_ppo_seed0/actor_critic_update_0060.pt,310074,74,checkpoint,100,straight,True,True,80,0.2,1.0,0.3,0,0.0,1,40,80,True,0.0,0.0,1.0,0.0012820513202593878,0.10128205269575119,0.15833333610342099,74.73012775864738,0.0,1.0,0.0,260.0,46.0,-1.0,0.0,220.0,220.0,-1.0,0.0,0.0,1.0,-1.0,0.0,0.1625000022351742,0.14166667088866233,37220.75743596003,79423.2265625,1170.6414794921875,1676.5501708984375,71745.1484375,20338.701171875,-38.3862031660974
test,dropout030_relay_failure,multi_relation,none,none,none,0,60,EA-RG-MAPPO-S,results/intercept_3d_gate1_hardened_safety_5seed_formal_candidate/runs/multi_relation/bc_ppo_seed0/actor_critic_update_0060.pt,310075,75,checkpoint,100,straight,True,True,80,0.2,1.0,0.3,0,0.0,1,40,80,True,0.0,0.0,1.0,0.003846153960778163,0.10769230929704812,0.14871795108685126,77.34358978942036,0.0,1.0,0.0,260.0,44.0,-1.0,0.0,220.0,220.0,-1.0,0.0,0.0,1.0,-1.0,0.0,0.17916666939854622,0.1250000037252903,36586.200253530646,78975.0234375,347.3625793457031,1300.3624267578125,72679.859375,17406.06640625,-36.95463915914297
test,dropout030_relay_failure,multi_relation,none,none,none,0,60,EA-RG-MAPPO-S,results/intercept_3d_gate1_hardened_safety_5seed_formal_candidate/runs/multi_relation/bc_ppo_seed0/actor_critic_update_0060.pt,310080,80,checkpoint,100,straight,True,True,80,0.2,1.0,0.3,0,0.0,1,40,80,True,0.0,0.0,0.0,0.0,0.10128205292499982,0.1474358998812162,76.93525650610144,0.0,1.0,0.0,260.0,-1.0,-1.0,0.0,220.0,220.0,-1.0,0.0,0.0,1.0,-1.0,0.0,0.16250000298023223,0.13541667070239782,36779.547115384616,77826.125,694.8494873046875,1437.195556640625,69581.5234375,16928.685546875,-39.08116018027067
test,dropout030_relay_failure,multi_relation,none,none,none,0,60,EA-RG-MAPPO-S,results/intercept_3d_gate1_hardened_safety_5seed_formal_candidate/runs/multi_relation/bc_ppo_seed0/actor_critic_update_0060.pt,310082,82,checkpoint,100,straight,True,True,80,0.2,1.0,0.3,0,0.0,1,40,80,True,0.0,0.0,1.0,0.003846153960778163,0.10128205258112688,0.154487182199955,73.8852566001507,0.0,1.0,0.0,260.0,45.0,-1.0,0.0,220.0,220.0,-1.0,0.0,0.0,1.0,-1.0,0.0,0.15833333507180214,0.12291667032986879,37448.69355844351,79899.1328125,1004.512939453125,1642.6671142578125,73052.28125,18220.52734375,-37.732115413062274
test,dropout030_relay_failure,multi_relation,none,none,none,0,60,EA-RG-MAPPO-S,results/intercept_3d_gate1_hardened_safety_5seed_formal_candidate/runs/multi_relation/bc_ppo_seed0/actor_critic_update_0060.pt,310086,86,checkpoint,100,straight,True,True,80,0.2,1.0,0.3,0,0.0,1,40,80,True,0.0,0.0,0.0,0.0,0.09358974488881919,0.1660256448846597,71.15256409524726,0.0,1.0,0.0,260.0,-1.0,-1.0,0.0,220.0,220.0,-1.0,0.0,0.0,1.0,-1.0,0.0,0.14583333507180213,0.13333333730697633,37743.49995304988,80342.03125,1720.5760498046875,1798.613037109375,75309.375,12363.8544921875,-40.37884945049882
test,dropout030_relay_failure,multi_relation,none,none,none,0,60,EA-RG-MAPPO-S,results/intercept_3d_gate1_hardened_safety_5seed_formal_candidate/runs/multi_relation/bc_ppo_seed0/actor_critic_update_0060.pt,310087,87,checkpoint,100,straight,True,True,80,0.2,1.0,0.3,0,0.0,1,40,80,True,0.0,0.0,1.0,0.0012820513202593878,0.09871795005523241,0.16282051555239238,74.54679475254737,0.0,1.0,0.0,260.0,46.0,-1.0,0.0,220.0,220.0,-1.0,0.0,0.0,1.0,-1.0,0.0,0.15416666865348816,0.11875000353902579,37358.09942063552,79605.15625,1120.8656005859375,1577.03662109375,72122.1796875,16226.73046875,-38.974195510149
test,dropout030_relay_failure,multi_relation,none,none,none,0,60,EA-RG-MAPPO-S,results/intercept_3d_gate1_hardened_safety_5seed_formal_candidate/runs/multi_relation/bc_ppo_seed0/actor_critic_update_0060.pt,310089,89,checkpoint,100,straight,True,True,80,0.2,1.0,0.3,0,0.0,1,40,80,True,0.0,0.0,0.0,0.0,0.10000000149011612,0.17371795234771875,72.49679521580155,0.0,1.0,0.0,260.0,-1.0,-1.0,0.0,220.0,220.0,-1.0,0.0,0.0,1.0,-1.0,0.0,0.1583333358168602,0.1729166718199849,37652.092831655646,80063.375,896.5277709960938,1847.719482421875,74289.515625,13372.990234375,-39.20773797482252
test,dropout030_relay_failure,multi_relation,none,none,none,0,60,EA-RG-MAPPO-S,results/intercept_3d_gate1_hardened_safety_5seed_formal_candidate/runs/multi_relation/bc_ppo_seed0/actor_critic_update_0060.pt,310090,90,checkpoint,100,straight,True,True,80,0.2,1.0,0.3,0,0.0,1,40,80,True,0.0,0.0,1.0,0.0012820513202593878,0.10641025797678874,0.15384615688369824,63.05897457227111,0.0,1.0,0.0,260.0,46.0,-1.0,0.0,220.0,220.0,-1.0,0.0,0.0,1.0,-1.0,0.0,0.17916666939854622,0.15625000465661287,37098.42600003756,79447.375,945.514404296875,1665.698486328125,72225.1328125,20780.478515625,-37.044572453945875
test,dropout030_relay_failure,multi_relation,none,none,none,0,60,EA-RG-MAPPO-S,results/intercept_3d_gate1_hardened_safety_5seed_formal_candidate/runs/multi_relation/bc_ppo_seed0/actor_critic_update_0060.pt,310093,93,checkpoint,100,straight,True,True,80,0.2,1.0,0.3,0,0.0,1,40,80,True,0.0,0.0,1.0,0.003846153960778163,0.10384615533626997,0.15512820791739684,74.42948735912259,0.0,1.0,0.0,260.0,44.0,-1.0,0.0,220.0,220.0,-1.0,0.0,0.0,1.0,-1.0,0.0,0.16666666902601718,0.13333333730697633,36890.74382136418,78091.375,382.91790771484375,1524.4781494140625,69698.671875,16965.439453125,-35.85792778618634
test,dropout030_relay_failure,multi_relation,none,none,none,0,60,EA-RG-MAPPO-S,results/intercept_3d_gate1_hardened_safety_5seed_formal_candidate/runs/multi_relation/bc_ppo_seed0/actor_critic_update_0060.pt,310097,97,checkpoint,100,straight,True,True,80,0.2,1.0,0.3,0,0.0,1,40,80,True,0.0,0.0,1.0,0.003846153960778163,0.10897436073193183,0.15576923329096573,75.7929483294487,0.0,1.0,0.0,260.0,43.0,-1.0,0.0,220.0,220.0,-1.0,0.0,0.0,1.0,-1.0,0.0,0.18333333656191825,0.13750000409781932,36995.24603647085,78771.2890625,207.40704345703125,1475.3505859375,73528.3984375,11335.82421875,-36.145079769194126
test,dropout030_relay_failure,multi_relation,none,none,none,0,60,EA-RG-MAPPO-S,results/intercept_3d_gate1_hardened_safety_5seed_formal_candidate/runs/multi_relation/bc_ppo_seed0/actor_critic_update_0060.pt,310098,98,checkpoint,100,straight,True,True,80,0.2,1.0,0.3,0,0.0,1,40,80,True,0.0,0.0,1.0,0.003846153960778163,0.09871795005523241,0.169230772039065,73.58653822094202,0.0,1.0,0.0,260.0,45.0,-1.0,0.0,220.0,220.0,-1.0,0.0,0.0,1.0,-1.0,0.0,0.15416666865348816,0.14375000428408385,37445.319485238884,79809.4609375,1198.412353515625,1686.628173828125,72687.34375,16572.025390625,-37.10496370494366
test,dropout030_relay_failure,multi_relation,none,none,none,0,60,EA-RG-MAPPO-S,results/intercept_3d_gate1_hardened_safety_5seed_formal_candidate/runs/multi_relation/bc_ppo_seed0/actor_critic_update_0060.pt,310099,99,checkpoint,100,straight,True,True,80,0.2,1.0,0.3,0,0.0,1,40,80,True,0.0,0.0,0.0,0.0,0.09743589907884598,0.15576923346290222,75.55448704459346,0.0,1.0,0.0,260.0,-1.0,-1.0,0.0,220.0,220.0,-1.0,0.0,0.0,1.0,-1.0,0.0,0.15000000298023225,0.13333333730697633,36897.82327411358,77214.8359375,599.7175903320312,1445.9573974609375,69423.4609375,11720.86328125,-38.305388040840626
test,dropout030_relay_failure,multi_relation,none,none,none,1,60,EA-RG-MAPPO-S,results/intercept_3d_gate1_hardened_safety_5seed_formal_candidate/runs/multi_relation/bc_ppo_seed1/actor_critic_update_0060.pt,310001,1,checkpoint,100,straight,True,True,80,0.2,1.0,0.3,0,0.0,1,40,80,True,1.0,1.0,1.0,0.03030303120613098,0.4242424287579276,0.6780303093520078,47.78409082340923,0.0,0.0,0.0,44.0,41.0,44.0,1.0,4.0,4.0,4.0,0.0,1.0,0.0,44.0,0.2,1.0,0.20000000596046447,15101.960027521307,5583.66015625,3715.00634765625,2461.954833984375,3715.00634765625,2461.954833984375,36.31810384988785
test,dropout030_relay_failure,multi_relation,none,none,none,1,60,EA-RG-MAPPO-S,results/intercept_3d_gate1_hardened_safety_5seed_formal_candidate/runs/multi_relation/bc_ppo_seed1/actor_critic_update_0060.pt,310002,2,checkpoint,100,straight,True,True,80,0.2,1.0,0.3,0,0.0,1,40,80,True,1.0,1.0,1.0,0.03030303120613098,0.4166666716337204,0.6553030400113626,39.95075755261562,0.0,0.0,0.0,44.0,41.0,44.0,1.0,4.0,4.0,4.0,0.0,1.0,0.0,44.0,0.2,1.0,0.26666667461395266,15263.367953213778,6011.77490234375,3876.948486328125,1658.9730224609375,3876.948486328125,1658.9730224609375,36.04967796802521
test,dropout030_relay_failure,multi_relation,none,none,none,1,60,EA-RG-MAPPO-S,results/intercept_3d_gate1_hardened_safety_5seed_formal_candidate/runs/multi_relation/bc_ppo_seed1/actor_critic_update_0060.pt,310005,5,checkpoint,100,straight,True,True,80,0.2,1.0,0.3,0,0.0,1,40,80,True,1.0,1.0,1.0,0.03030303120613098,0.41666667095639487,0.6666666756976735,42.92045463181355,0.0,0.0,0.0,44.0,41.0,44.0,1.0,4.0,4.0,4.0,0.0,1.0,0.0,44.0,0.2,1.0,0.3000000089406967,15127.401822176847,5646.69189453125,3703.43798828125,2717.83544921875,3703.43798828125,2717.83544921875,36.23089635372162
test,dropout030_relay_failure,multi_relation,none,none,none,1,60,EA-RG-MAPPO-S,results/intercept_3d_gate1_hardened_safety_5seed_formal_candidate/runs/multi_relation/bc_ppo_seed1/actor_critic_update_0060.pt,310014,14,checkpoint,100,straight,True,True,80,0.2,1.0,0.3,0,0.0,1,40,80,True,1.0,1.0,1.0,0.03030303120613098,0.41666667095639487,0.6515151590786197,39.01136360994794,0.0,0.0,0.0,44.0,41.0,44.0,1.0,4.0,4.0,4.0,0.0,1.0,0.0,44.0,0.2,1.0,0.23333334028720856,15124.230524236506,5600.59765625,3586.782470703125,1810.0848388671875,3586.782470703125,1810.0848388671875,36.30283084511757
test,dropout030_relay_failure,multi_relation,none,none,none,1,60,EA-RG-MAPPO-S,results/intercept_3d_gate1_hardened_safety_5seed_formal_candidate/runs/multi_relation/bc_ppo_seed1/actor_critic_update_0060.pt,310017,17,checkpoint,100,straight,True,True,80,0.2,1.0,0.3,0,0.0,1,40,80,True,1.0,1.0,1.0,0.03030303120613098,0.40909091383218765,0.6515151594172824,42.912878672169015,0.0,0.0,0.0,44.0,41.0,44.0,1.0,4.0,4.0,4.0,0.0,1.0,0.0,44.0,0.2,1.0,0.20000000596046447,15178.20596590909,5767.484375,3722.957275390625,2014.125,3722.957275390625,2014.125,35.87811028957367
test,dropout030_relay_failure,multi_relation,none,none,none,1,60,EA-RG-MAPPO-S,results/intercept_3d_gate1_hardened_safety_5seed_formal_candidate/runs/multi_relation/bc_ppo_seed1/actor_critic_update_0060.pt,310019,19,checkpoint,100,straight,True,True,80,0.2,1.0,0.3,0,0.0,1,40,80,True,1.0,1.0,1.0,0.03030303120613098,0.41666667095639487,0.7310606136240743,41.882575876672156,0.0,0.0,0.0,44.0,41.0,44.0,1.0,4.0,4.0,4.0,0.0,1.0,0.0,44.0,0.2,1.0,0.3000000089406967,15123.35506924716,5579.103515625,3725.070556640625,2476.199462890625,3725.070556640625,2476.199462890625,36.900861501693726
test,dropout030_relay_failure,multi_relation,none,none,none,1,60,EA-RG-MAPPO-S,results/intercept_3d_gate1_hardened_safety_5seed_formal_candidate/runs/multi_relation/bc_ppo_seed1/actor_critic_update_0060.pt,310026,26,checkpoint,100,straight,True,True,80,0.2,1.0,0.3,0,0.0,1,40,80,True,1.0,1.0,1.0,0.03030303120613098,0.4242424287579276,0.6590909172188152,41.05681812560017,0.0,0.0,0.0,44.0,41.0,44.0,1.0,4.0,4.0,4.0,0.0,1.0,0.0,44.0,0.2,1.0,0.20000000596046447,15105.034712357954,5601.49072265625,3676.6162109375,2062.78759765625,3676.6162109375,2062.78759765625,36.50421467423439
test,dropout030_relay_failure,multi_relation,none,none,none,1,60,EA-RG-MAPPO-S,results/intercept_3d_gate1_hardened_safety_5seed_formal_candidate/runs/multi_relation/bc_ppo_seed1/actor_critic_update_0060.pt,310029,29,checkpoint,100,straight,True,True,80,0.2,1.0,0.3,0,0.0,1,40,80,True,1.0,1.0,1.0,0.03030303120613098,0.40909091383218765,0.738636370070956,42.77272718162699,0.0,0.0,0.0,44.0,41.0,44.0,1.0,4.0,4.0,4.0,0.0,1.0,0.0,44.0,0.2,1.0,0.23333334028720856,15132.749722567472,5663.14013671875,3679.87060546875,2357.84423828125,3679.87060546875,2357.84423828125,36.73031905293465
test,dropout030_relay_failure,multi_relation,none,none,none,1,60,EA-RG-MAPPO-S,results/intercept_3d_gate1_hardened_safety_5seed_formal_candidate/runs/multi_relation/bc_ppo_seed1/actor_critic_update_0060.pt,310034,34,checkpoint,100,straight,True,True,80,0.2,1.0,0.3,0,0.0,1,40,80,True,1.0,1.0,1.0,0.03030303120613098,0.4242424287579276,0.6931818256323988,39.98863601616838,0.0,0.0,0.0,44.0,41.0,44.0,1.0,4.0,4.0,4.0,0.0,1.0,0.0,44.0,0.2,1.0,0.20000000596046447,15123.665960138494,5621.25048828125,3759.3310546875,1567.3216552734375,3759.3310546875,1567.3216552734375,36.79798558354378
test,dropout030_relay_failure,multi_relation,none,none,none,1,60,EA-RG-MAPPO-S,results/intercept_3d_gate1_hardened_safety_5seed_formal_candidate/runs/multi_relation/bc_ppo_seed1/actor_critic_update_0060.pt,310036,36,checkpoint,100,straight,True,True,80,0.2,1.0,0.3,0,0.0,1,40,80,True,1.0,1.0,1.0,0.03030303120613098,0.4242424287579276,0.655303037979386,42.049242254685275,0.0,0.0,0.0,44.0,41.0,44.0,1.0,4.0,4.0,4.0,0.0,1.0,0.0,44.0,0.2,1.0,0.20000000596046447,15113.132879083807,5638.65380859375,3781.760498046875,1726.8055419921875,3781.760498046875,1726.8055419921875,36.33598190546036
test,dropout030_relay_failure,multi_relation,none,none,none,1,60,EA-RG-MAPPO-S,results/intercept_3d_gate1_hardened_safety_5seed_formal_candidate/runs/multi_relation/bc_ppo_seed1/actor_critic_update_0060.pt,310042,42,checkpoint,100,straight,True,True,80,0.2,1.0,0.3,0,0.0,1,40,80,True,1.0,1.0,1.0,0.03030303120613098,0.4242424287579276,0.6477272825484927,41.928030303933404,0.0,0.0,0.0,44.0,41.0,44.0,1.0,4.0,4.0,4.0,0.0,1.0,0.0,44.0,0.2,1.0,0.23333334028720856,15110.77010830966,5609.50390625,3731.821044921875,1723.7294921875,3731.821044921875,1723.7294921875,36.31318341195583
test,dropout030_relay_failure,multi_relation,none,none,none,1,60,EA-RG-MAPPO-S,results/intercept_3d_gate1_hardened_safety_5seed_formal_candidate/runs/multi_relation/bc_ppo_seed1/actor_critic_update_0060.pt,310048,48,checkpoint,100,straight,True,True,80,0.2,1.0,0.3,0,0.0,1,40,80,True,1.0,1.0,1.0,0.03030303120613098,0.41666667095639487,0.6325757659294389,43.92424231090329,0.0,0.0,0.0,44.0,41.0,44.0,1.0,4.0,4.0,4.0,0.0,1.0,0.0,44.0,0.2,1.0,0.23333334028720856,15140.123979048296,5653.67138671875,3842.546142578125,1889.1300048828125,3842.546142578125,1889.1300048828125,35.89077892899513
test,dropout030_relay_failure,multi_relation,none,none,none,1,60,EA-RG-MAPPO-S,results/intercept_3d_gate1_hardened_safety_5seed_formal_candidate/runs/multi_relation/bc_ppo_seed1/actor_critic_update_0060.pt,310000,0,checkpoint,100,straight,True,True,80,0.2,1.0,0.3,0,0.0,1,40,80,True,1.0,1.0,1.0,0.029629630512661403,0.4370370414521959,0.6555555638339784,43.04444461166859,0.0,0.0,0.0,45.0,42.0,45.0,1.0,5.0,5.0,5.0,0.0,1.0,0.0,45.0,0.16666666666666666,1.0,0.22222222884496054,14827.07333984375,5039.794921875,3567.193359375,2971.74365234375,3567.193359375,2971.74365234375,37.26201519370079
test,dropout030_relay_failure,multi_relation,none,none,none,1,60,EA-RG-MAPPO-S,results/intercept_3d_gate1_hardened_safety_5seed_formal_candidate/runs/multi_relation/bc_ppo_seed1/actor_critic_update_0060.pt,310006,6,checkpoint,100,straight,True,True,80,0.2,1.0,0.3,0,0.0,1,40,80,True,1.0,1.0,1.0,0.029629630512661403,0.4370370414521959,0.6222222301695082,44.9925925400522,0.0,0.0,0.0,45.0,42.0,45.0,1.0,5.0,5.0,5.0,0.0,1.0,0.0,45.0,0.16666666666666666,1.0,0.1666666716337204,14864.22062717014,5097.38720703125,3752.56689453125,2652.02197265625,3752.56689453125,2652.02197265625,36.85329353809357
test,dropout030_relay_failure,multi_relation,none,none,none,1,60,EA-RG-MAPPO-S,results/intercept_3d_gate1_hardened_safety_5seed_formal_candidate/runs/multi_relation/bc_ppo_seed1/actor_critic_update_0060.pt,310016,16,checkpoint,100,straight,True,True,80,0.2,1.0,0.3,0,0.0,1,40,80,True,1.0,1.0,1.0,0.029629630512661403,0.4370370414521959,0.6814814882145988,37.24074102507697,0.0,0.0,0.0,45.0,42.0,45.0,1.0,5.0,5.0,5.0,0.0,1.0,0.0,45.0,0.16666666666666666,1.0,0.1666666716337204,14874.569053819445,5156.10107421875,3556.120361328125,1671.3265380859375,3556.120361328125,1671.3265380859375,37.67723688483238
test,dropout030_relay_failure,multi_relation,none,none,none,1,60,EA-RG-MAPPO-S,results/intercept_3d_gate1_hardened_safety_5seed_formal_candidate/runs/multi_relation/bc_ppo_seed1/actor_critic_update_0060.pt,310020,20,checkpoint,100,straight,True,True,80,0.2,1.0,0.3,0,0.0,1,40,80,True,1.0,1.0,1.0,0.029629630512661403,0.4370370414521959,0.6592592666546504,44.91851823396153,0.0,0.0,0.0,45.0,42.0,45.0,1.0,5.0,5.0,5.0,0.0,1.0,0.0,45.0,0.16666666666666666,1.0,0.2500000074505806,14875.625336371528,5119.9912109375,3791.215576171875,2473.34765625,3791.215576171875,2473.34765625,37.231203734874725
test,dropout030_relay_failure,multi_relation,none,none,none,1,60,EA-RG-MAPPO-S,results/intercept_3d_gate1_hardened_safety_5seed_formal_candidate/runs/multi_relation/bc_ppo_seed1/actor_critic_update_0060.pt,310028,28,checkpoint,100,straight,True,True,80,0.2,1.0,0.3,0,0.0,1,40,80,True,1.0,1.0,1.0,0.029629630512661403,0.4296296338240306,0.7222222291760975,41.04814809560776,0.0,0.0,0.0,45.0,42.0,45.0,1.0,5.0,5.0,5.0,0.0,1.0,0.0,45.0,0.16666666666666666,1.0,0.22222222884496054,14873.213530815972,5121.8876953125,3821.778076171875,2450.381591796875,3821.778076171875,2450.381591796875,37.78322544693947
test,dropout030_relay_failure,multi_relation,none,none,none,1,60,EA-RG-MAPPO-S,results/intercept_3d_gate1_hardened_safety_5seed_formal_candidate/runs/multi_relation/bc_ppo_seed1/actor_critic_update_0060.pt,310031,31,checkpoint,100,straight,True,True,80,0.2,1.0,0.3,0,0.0,1,40,80,True,1.0,1.0,1.0,0.029629630512661403,0.4296296338240306,0.6555555644962523,42.9888889948527,0.0,0.0,0.0,45.0,42.0,45.0,1.0,5.0,5.0,5.0,0.0,1.0,0.0,45.0,0.16666666666666666,1.0,0.3055555646618207,14893.613899739583,5177.7880859375,3462.662353515625,2465.49853515625,3462.662353515625,2465.49853515625,37.0034738779068
test,dropout030_relay_failure,multi_relation,none,none,none,1,60,EA-RG-MAPPO-S,results/intercept_3d_gate1_hardened_safety_5seed_formal_candidate/runs/multi_relation/bc_ppo_seed1/actor_critic_update_0060.pt,310035,35,checkpoint,100,straight,True,True,80,0.2,1.0,0.3,0,0.0,1,40,80,True,1.0,1.0,1.0,0.029629630512661403,0.4296296338240306,0.6740740825732549,43.96666655374898,0.0,0.0,0.0,45.0,42.0,45.0,1.0,5.0,5.0,5.0,0.0,1.0,0.0,45.0,0.16666666666666666,1.0,0.2777777860562007,14859.466666666667,5126.77685546875,3702.611572265625,2053.37451171875,3702.611572265625,2053.37451171875,37.249436527490616
test,dropout030_relay_failure,multi_relation,none,none,none,1,60,EA-RG-MAPPO-S,results/intercept_3d_gate1_hardened_safety_5seed_formal_candidate/runs/multi_relation/bc_ppo_seed1/actor_critic_update_0060.pt,310038,38,checkpoint,100,straight,True,True,80,0.2,1.0,0.3,0,0.0,1,40,80,True,1.0,1.0,1.0,0.029629630512661403,0.4370370414521959,0.6333333406183455,42.096296266052455,0.0,0.0,0.0,45.0,42.0,45.0,1.0,5.0,5.0,5.0,0.0,1.0,0.0,45.0,0.16666666666666666,1.0,0.1666666716337204,14877.497200520833,5102.94775390625,3482.987548828125,2087.483642578125,3482.987548828125,2087.483642578125,37.089982092380524
test,dropout030_relay_failure,multi_relation,none,none,none,1,60,EA-RG-MAPPO-S,results/intercept_3d_gate1_hardened_safety_5seed_formal_candidate/runs/multi_relation/bc_ppo_seed1/actor_critic_update_0060.pt,310039,39,checkpoint,100,straight,True,True,80,0.2,1.0,0.3,0,0.0,1,40,80,True,1.0,1.0,1.0,0.029629630512661403,0.4296296338240306,0.7000000043047799,42.970370085703,0.0,0.0,0.0,45.0,42.0,45.0,1.0,5.0,5.0,5.0,0.0,1.0,0.0,45.0,0.16666666666666666,1.0,0.2500000074505806,14864.768934461805,5106.39501953125,3722.738037109375,2298.03271484375,3722.738037109375,2298.03271484375,37.50367021560669
test,dropout030_relay_failure,multi_relation,none,none,none,1,60,EA-RG-MAPPO-S,results/intercept_3d_gate1_hardened_safety_5seed_formal_candidate/runs/multi_relation/bc_ppo_seed1/actor_critic_update_0060.pt,310041,41,checkpoint,100,straight,True,True,80,0.2,1.0,0.3,0,0.0,1,40,80,True,1.0,1.0,1.0,0.029629630512661403,0.4370370414521959,0.6148148215479321,41.192592429452475,0.0,0.0,0.0,45.0,42.0,45.0,1.0,5.0,5.0,5.0,0.0,1.0,0.0,45.0,0.16666666666666666,1.0,0.22222222884496054,14884.328569878473,5175.13671875,3567.539306640625,1787.8294677734375,3567.539306640625,1787.8294677734375,36.89462348818779
test,dropout030_relay_failure,multi_relation,none,none,none,1,60,EA-RG-MAPPO-S,results/intercept_3d_gate1_hardened_safety_5seed_formal_candidate/runs/multi_relation/bc_ppo_seed1/actor_critic_update_0060.pt,310044,44,checkpoint,100,straight,True,True,80,0.2,1.0,0.3,0,0.0,1,40,80,True,1.0,1.0,1.0,0.029629630512661403,0.4370370414521959,0.6333333402872086,41.092592712574536,0.0,0.0,0.0,45.0,42.0,45.0,1.0,5.0,5.0,5.0,0.0,1.0,0.0,45.0,0.16666666666666666,1.0,0.19444445023934046,14854.02595486111,5129.90283203125,3530.55810546875,2060.7724609375,3530.55810546875,2060.7724609375,37.18381553888321
test,dropout030_relay_failure,multi_relation,none,none,none,1,60,EA-RG-MAPPO-S,results/intercept_3d_gate1_hardened_safety_5seed_formal_candidate/runs/multi_relation/bc_ppo_seed1/actor_critic_update_0060.pt,310045,45,checkpoint,100,straight,True,True,80,0.2,1.0,0.3,0,0.0,1,40,80,True,1.0,1.0,1.0,0.029629630512661403,0.4370370414521959,0.6703703780968984,39.162963297963145,0.0,0.0,0.0,45.0,42.0,45.0,1.0,5.0,5.0,5.0,0.0,1.0,0.0,45.0,0.16666666666666666,1.0,0.22222222884496054,14834.702777777778,5043.93115234375,3598.837646484375,2286.180419921875,3598.837646484375,2286.180419921875,37.672207325696945
test,dropout030_relay_failure,multi_relation,none,none,none,1,60,EA-RG-MAPPO-S,results/intercept_3d_gate1_hardened_safety_5seed_formal_candidate/runs/multi_relation/bc_ppo_seed1/actor_critic_update_0060.pt,310046,46,checkpoint,100,straight,True,True,80,0.2,1.0,0.3,0,0.0,1,40,80,True,1.0,1.0,1.0,0.029629630512661403,0.4370370414521959,0.6259259353081386,41.137036924229726,0.0,0.0,0.0,45.0,42.0,45.0,1.0,5.0,5.0,5.0,0.0,1.0,0.0,45.0,0.16666666666666666,1.0,0.22222222884496054,14853.232107204862,5108.76806640625,3787.97998046875,2290.592529296875,3787.97998046875,2290.592529296875,37.1347339451313
test,dropout030_relay_failure,multi_relation,none,none,none,1,60,EA-RG-MAPPO-S,results/intercept_3d_gate1_hardened_safety_5seed_formal_candidate/runs/multi_relation/bc_ppo_seed1/actor_critic_update_0060.pt,310049,49,checkpoint,100,straight,True,True,80,0.2,1.0,0.3,0,0.0,1,40,80,True,1.0,1.0,1.0,0.029629630512661403,0.4370370414521959,0.6148148241970274,42.09259267581834,0.0,0.0,0.0,45.0,42.0,45.0,1.0,5.0,5.0,5.0,0.0,1.0,0.0,45.0,0.16666666666666666,1.0,0.2500000074505806,14871.546712239584,5104.22509765625,3577.604736328125,2456.45947265625,3577.604736328125,2456.45947265625,36.92231625318527
test,dropout030_relay_failure,multi_relation,none,none,none,1,60,EA-RG-MAPPO-S,results/intercept_3d_gate1_hardened_safety_5seed_formal_candidate/runs/multi_relation/bc_ppo_seed1/actor_critic_update_0060.pt,310013,13,checkpoint,100,straight,True,True,80,0.2,1.0,0.3,0,0.0,1,40,80,True,1.0,1.0,1.0,0.028985508110212242,0.44927536663801776,0.6485507352196652,42.351449416059516,0.0,0.0,0.0,46.0,43.0,46.0,1.0,6.0,6.0,6.0,0.0,1.0,0.0,46.0,0.14285714285714285,1.0,0.21428572067192622,14708.658171280571,4883.873046875,3855.232177734375,1969.837890625,3855.232177734375,1969.837890625,37.94385176897049
test,dropout030_relay_failure,multi_relation,none,none,none,1,60,EA-RG-MAPPO-S,results/intercept_3d_gate1_hardened_safety_5seed_formal_candidate/runs/multi_relation/bc_ppo_seed1/actor_critic_update_0060.pt,310021,21,checkpoint,100,straight,True,True,80,0.2,1.0,0.3,0,0.0,1,40,80,True,1.0,1.0,1.0,0.028985508110212242,0.44202898961046466,0.67753623717505,39.43115900586481,0.0,0.0,0.0,46.0,43.0,46.0,1.0,6.0,6.0,6.0,0.0,1.0,0.0,46.0,0.14285714285714285,1.0,0.14285714711461747,14652.687330163044,4748.29150390625,3588.140380859375,2078.371826171875,3588.140380859375,2078.371826171875,38.26167869567871
test,dropout030_relay_failure,multi_relation,none,none,none,1,60,EA-RG-MAPPO-S,results/intercept_3d_gate1_hardened_safety_5seed_formal_candidate/runs/multi_relation/bc_ppo_seed1/actor_critic_update_0060.pt,310022,22,checkpoint,100,straight,True,True,80,0.2,1.0,0.3,0,0.0,1,40,80,True,1.0,1.0,1.0,0.028985508110212242,0.44202898961046466,0.6304347910310911,41.329710348792695,0.0,0.0,0.0,46.0,43.0,46.0,1.0,6.0,6.0,6.0,0.0,1.0,0.0,46.0,0.14285714285714285,1.0,0.26190476971013205,14656.73732591712,4729.0908203125,3434.9775390625,1891.22216796875,3434.9775390625,1891.22216796875,37.75130024552345
test,dropout030_relay_failure,multi_relation,none,none,none,1,60,EA-RG-MAPPO-S,results/intercept_3d_gate1_hardened_safety_5seed_formal_candidate/runs/multi_relation/bc_ppo_seed1/actor_critic_update_0060.pt,310025,25,checkpoint,100,straight,True,True,80,0.2,1.0,0.3,0,0.0,1,40,80,True,1.0,1.0,1.0,0.028985508110212242,0.44927536663801776,0.7246376865583918,36.532608553119324,0.0,0.0,0.0,46.0,43.0,46.0,1.0,6.0,6.0,6.0,0.0,1.0,0.0,46.0,0.14285714285714285,1.0,0.21428572067192622,14626.577562415081,4689.796875,3599.556640625,1592.2703857421875,3599.556640625,1592.2703857421875,39.110665291547775
test,dropout030_relay_failure,multi_relation,none,none,none,1,60,EA-RG-MAPPO-S,results/intercept_3d_gate1_hardened_safety_5seed_formal_candidate/runs/multi_relation/bc_ppo_seed1/actor_critic_update_0060.pt,310027,27,checkpoint,100,straight,True,True,80,0.2,1.0,0.3,0,0.0,1,40,80,True,1.0,1.0,1.0,0.028985508110212242,0.44927536663801776,0.6557971096557119,39.41666672637929,0.0,0.0,0.0,46.0,43.0,46.0,1.0,6.0,6.0,6.0,0.0,1.0,0.0,46.0,0.14285714285714285,1.0,0.19047619615282332,14674.02592136549,4782.4580078125,3810.329345703125,2439.710693359375,3810.329345703125,2439.710693359375,38.22956073284149
test,dropout030_relay_failure,multi_relation,none,none,none,1,60,EA-RG-MAPPO-S,results/intercept_3d_gate1_hardened_safety_5seed_formal_candidate/runs/multi_relation/bc_ppo_seed1/actor_critic_update_0060.pt,310030,30,checkpoint,100,straight,True,True,80,0.2,1.0,0.3,0,0.0,1,40,80,True,1.0,1.0,1.0,0.028985508110212242,0.44927536663801776,0.6630434863593268,42.2173915275413,0.0,0.0,0.0,46.0,43.0,46.0,1.0,6.0,6.0,6.0,0.0,1.0,0.0,46.0,0.14285714285714285,1.0,0.19047619615282332,14717.232984459919,4796.45068359375,3608.736572265625,1980.5072021484375,3608.736572265625,1980.5072021484375,38.17953139543533
test,dropout030_relay_failure,multi_relation,none,none,none,1,60,EA-RG-MAPPO-S,results/intercept_3d_gate1_hardened_safety_5seed_formal_candidate/runs/multi_relation/bc_ppo_seed1/actor_critic_update_0060.pt,310032,32,checkpoint,100,straight,True,True,80,0.2,1.0,0.3,0,0.0,1,40,80,True,1.0,1.0,1.0,0.028985508110212242,0.44927536663801776,0.688405806603639,41.27536236851112,0.0,0.0,0.0,46.0,43.0,46.0,1.0,6.0,6.0,6.0,0.0,1.0,0.0,46.0,0.14285714285714285,1.0,0.28571429422923494,14638.253980553669,4752.00439453125,3803.01953125,1814.58154296875,3803.01953125,1814.58154296875,38.558377504348755
test,dropout030_relay_failure,multi_relation,none,none,none,1,60,EA-RG-MAPPO-S,results/intercept_3d_gate1_hardened_safety_5seed_formal_candidate/runs/multi_relation/bc_ppo_seed1/actor_critic_update_0060.pt,310007,7,checkpoint,100,straight,True,True,80,0.2,1.0,0.3,0,0.0,1,40,80,True,1.0,1.0,1.0,0.02836879517169709,0.4539007132357739,0.6560283756636559,36.8333330740954,0.0,0.0,0.0,47.0,44.0,47.0,1.0,7.0,7.0,7.0,0.0,1.0,0.0,47.0,0.125,1.0,0.27083334140479565,14507.724256150266,4455.34375,3543.017333984375,1368.029296875,3543.017333984375,1368.029296875,39.095058500766754
test,dropout030_relay_failure,multi_relation,none,none,none,1,60,EA-RG-MAPPO-S,results/intercept_3d_gate1_hardened_safety_5seed_formal_candidate/runs/multi_relation/bc_ppo_seed1/actor_critic_update_0060.pt,310008,8,checkpoint,100,straight,True,True,80,0.2,1.0,0.3,0,0.0,1,40,80,True,1.0,1.0,1.0,0.02836879517169709,0.4539007132357739,0.6666666735359963,47.80141841414127,0.0,0.0,0.0,47.0,44.0,47.0,1.0,7.0,7.0,7.0,0.0,1.0,0.0,47.0,0.125,1.0,0.2083333395421505,14482.63539935173,4354.02294921875,3558.3623046875,3001.714111328125,3558.3623046875,3001.714111328125,38.68734699487686
test,dropout030_relay_failure,multi_relation,none,none,none,1,60,EA-RG-MAPPO-S,results/intercept_3d_gate1_hardened_safety_5seed_formal_candidate/runs/multi_relation/bc_ppo_seed1/actor_critic_update_0060.pt,310009,9,checkpoint,100,straight,True,True,80,0.2,1.0,0.3,0,0.0,1,40,80,True,1.0,1.0,1.0,0.02836879517169709,0.4539007132357739,0.5638297942090542,43.40070951460524,0.0,0.0,0.0,47.0,44.0,47.0,1.0,7.0,7.0,7.0,0.0,1.0,0.0,47.0,0.125,1.0,0.2083333395421505,14563.914613115026,4538.5595703125,3732.555908203125,2051.1181640625,3732.555908203125,2051.1181640625,37.8551661670208
test,dropout030_relay_failure,multi_relation,none,none,none,1,60,EA-RG-MAPPO-S,results/intercept_3d_gate1_hardened_safety_5seed_formal_candidate/runs/multi_relation/bc_ppo_seed1/actor_critic_update_0060.pt,310012,12,checkpoint,100,straight,True,True,80,0.2,1.0,0.3,0,0.0,1,40,80,True,1.0,1.0,1.0,0.02836879517169709,0.4539007132357739,0.6382978805836211,43.25531926053635,0.0,0.0,0.0,47.0,44.0,47.0,1.0,7.0,7.0,7.0,0.0,1.0,0.0,47.0,0.125,1.0,0.2083333395421505,14511.192185422207,4445.6328125,3448.7578125,2113.460693359375,3448.7578125,2113.460693359375,38.66536831855774
test,dropout030_relay_failure,multi_relation,none,none,none,1,60,EA-RG-MAPPO-S,results/intercept_3d_gate1_hardened_safety_5seed_formal_candidate/runs/multi_relation/bc_ppo_seed1/actor_critic_update_0060.pt,310018,18,checkpoint,100,straight,True,True,80,0.2,1.0,0.3,0,0.0,1,40,80,True,1.0,1.0,1.0,0.02836879517169709,0.4609929120286982,0.6418439802971292,39.56737626264704,0.0,0.0,0.0,47.0,44.0,47.0,1.0,7.0,7.0,7.0,0.0,1.0,0.0,47.0,0.125,1.0,0.2500000074505806,14497.076815990691,4507.31396484375,3670.108642578125,1952.7518310546875,3670.108642578125,1952.7518310546875,38.83492490649223
test,dropout030_relay_failure,multi_relation,none,none,none,1,60,EA-RG-MAPPO-S,results/intercept_3d_gate1_hardened_safety_5seed_formal_candidate/runs/multi_relation/bc_ppo_seed1/actor_critic_update_0060.pt,310023,23,checkpoint,100,straight,True,True,80,0.2,1.0,0.3,0,0.0,1,40,80,True,1.0,1.0,1.0,0.02836879517169709,0.4539007132357739,0.6453900803276833,42.329787262576694,0.0,0.0,0.0,47.0,44.0,47.0,1.0,7.0,7.0,7.0,0.0,1.0,0.0,47.0,0.125,1.0,0.27083334140479565,14475.571943567154,4407.06787109375,3615.15771484375,2635.441162109375,3615.15771484375,2635.441162109375,38.68988436460495
test,dropout030_relay_failure,multi_relation,none,none,none,1,60,EA-RG-MAPPO-S,results/intercept_3d_gate1_hardened_safety_5seed_formal_candidate/runs/multi_relation/bc_ppo_seed1/actor_critic_update_0060.pt,310033,33,checkpoint,100,straight,True,True,80,0.2,1.0,0.3,0,0.0,1,40,80,True,1.0,1.0,1.0,0.02836879517169709,0.4539007132357739,0.6241134820466346,40.58156033684599,0.0,0.0,0.0,47.0,44.0,47.0,1.0,7.0,7.0,7.0,0.0,1.0,0.0,47.0,0.125,1.0,0.2083333395421505,14521.093053939494,4460.56201171875,3448.379150390625,1546.03857421875,3448.379150390625,1546.03857421875,38.707162111997604
test,dropout030_relay_failure,multi_relation,none,none,none,1,60,EA-RG-MAPPO-S,results/intercept_3d_gate1_hardened_safety_5seed_formal_candidate/runs/multi_relation/bc_ppo_seed1/actor_critic_update_0060.pt,310037,37,checkpoint,100,straight,True,True,80,0.2,1.0,0.3,0,0.0,1,40,80,True,1.0,1.0,1.0,0.02836879517169709,0.4539007132357739,0.6453900781083615,41.38297844757425,0.0,0.0,0.0,47.0,44.0,47.0,1.0,7.0,7.0,7.0,0.0,1.0,0.0,47.0,0.125,1.0,0.2500000074505806,14522.61997174202,4592.89013671875,3827.933837890625,2219.41064453125,3827.933837890625,2219.41064453125,38.595414251089096
test,dropout030_relay_failure,multi_relation,none,none,none,1,60,EA-RG-MAPPO-S,results/intercept_3d_gate1_hardened_safety_5seed_formal_candidate/runs/multi_relation/bc_ppo_seed1/actor_critic_update_0060.pt,310043,43,checkpoint,100,straight,True,True,80,0.2,1.0,0.3,0,0.0,1,40,80,True,1.0,1.0,1.0,0.02836879517169709,0.4539007132357739,0.6737588710607366,38.652482378038954,0.0,0.0,0.0,47.0,44.0,47.0,1.0,7.0,7.0,7.0,0.0,1.0,0.0,47.0,0.125,1.0,0.2083333395421505,14497.551913646941,4508.466796875,3639.245361328125,1940.191650390625,3639.245361328125,1940.191650390625,39.109819024801254
test,dropout030_relay_failure,multi_relation,none,none,none,1,60,EA-RG-MAPPO-S,results/intercept_3d_gate1_hardened_safety_5seed_formal_candidate/runs/multi_relation/bc_ppo_seed1/actor_critic_update_0060.pt,310047,47,checkpoint,100,straight,True,True,80,0.2,1.0,0.3,0,0.0,1,40,80,True,1.0,1.0,1.0,0.02836879517169709,0.4539007132357739,0.680851069853661,37.72340448961613,0.0,0.0,0.0,47.0,44.0,47.0,1.0,7.0,7.0,7.0,0.0,1.0,0.0,47.0,0.125,1.0,0.27083334140479565,14549.571735787898,4560.71044921875,3452.61181640625,1692.3336181640625,3452.61181640625,1692.3336181640625,39.210142731666565
test,dropout030_relay_failure,multi_relation,none,none,none,1,60,EA-RG-MAPPO-S,results/intercept_3d_gate1_hardened_safety_5seed_formal_candidate/runs/multi_relation/bc_ppo_seed1/actor_critic_update_0060.pt,310015,15,checkpoint,100,straight,True,True,80,0.2,1.0,0.3,0,0.0,1,40,80,True,1.0,1.0,1.0,0.026143791628818885,0.47058823996899174,0.620915039789443,35.46078423016212,0.0,0.0,0.0,51.0,48.0,51.0,1.0,11.0,11.0,11.0,0.0,1.0,0.0,51.0,0.08333333333333333,0.9444444477558136,0.2916666753590107,13921.912626378677,3992.52734375,2990.587890625,2082.604736328125,2990.587890625,2082.604736328125,40.60816928744316
test,dropout030_relay_failure,multi_relation,none,none,none,1,60,EA-RG-MAPPO-S,results/intercept_3d_gate1_hardened_safety_5seed_formal_candidate/runs/multi_relation/bc_ppo_seed1/actor_critic_update_0060.pt,310003,3,checkpoint,100,straight,True,True,80,0.2,1.0,0.3,0,0.0,1,40,80,True,0.0,0.0,0.0,0.0,0.1000000020632377,0.16217948943376542,76.16858922237387,0.0,1.0,0.0,260.0,-1.0,-1.0,0.0,220.0,220.0,-1.0,0.0,0.0,1.0,-1.0,0.0,0.15833333767950536,0.09166666939854622,34741.48001474234,72642.15625,354.3500061035156,878.7215576171875,51841.6640625,17946.10546875,-33.65692071989179
test,dropout030_relay_failure,multi_relation,none,none,none,1,60,EA-RG-MAPPO-S,results/intercept_3d_gate1_hardened_safety_5seed_formal_candidate/runs/multi_relation/bc_ppo_seed1/actor_critic_update_0060.pt,310004,4,checkpoint,100,straight,True,True,80,0.2,1.0,0.3,0,0.0,1,40,80,True,0.0,0.0,0.0,0.0,0.10128205315424846,0.14166666894004895,77.22820459839244,0.0,1.0,0.0,260.0,-1.0,-1.0,0.0,220.0,220.0,-1.0,0.0,0.0,1.0,-1.0,0.0,0.1625000037252903,0.09375000279396772,36677.354485144984,80595.5,392.3410949707031,1106.8218994140625,76607.09375,17801.509765625,-40.5137924104929
test,dropout030_relay_failure,multi_relation,none,none,none,1,60,EA-RG-MAPPO-S,results/intercept_3d_gate1_hardened_safety_5seed_formal_candidate/runs/multi_relation/bc_ppo_seed1/actor_critic_update_0060.pt,310010,10,checkpoint,100,straight,True,True,80,0.2,1.0,0.3,0,0.0,1,40,80,True,0.0,0.0,0.0,0.0,0.09743589930809461,0.18076923409333595,72.33525669013079,0.0,1.0,0.0,260.0,-1.0,-1.0,0.0,220.0,220.0,-1.0,0.0,0.0,1.0,-1.0,0.0,0.1500000037252903,0.11666667014360428,36042.74005878155,79466.296875,991.92529296875,194.66830444335938,72772.328125,20121.443359375,-38.16057575494051
test,dropout030_relay_failure,multi_relation,none,none,none,1,60,EA-RG-MAPPO-S,results/intercept_3d_gate1_hardened_safety_5seed_formal_candidate/runs/multi_relation/bc_ppo_seed1/actor_critic_update_0060.pt,310011,11,checkpoint,100,straight,True,True,80,0.2,1.0,0.3,0,0.0,1,40,80,True,0.0,0.0,1.0,0.003846153960778163,0.10256410435988353,0.15000000200592556,76.83782009006693,0.0,1.0,0.0,260.0,42.0,-1.0,0.0,220.0,220.0,-1.0,0.0,0.0,1.0,-1.0,0.0,0.16250000335276127,0.10416666977107525,36205.22173884465,80718.7265625,1173.670654296875,705.9356079101562,77544.4375,19636.93359375,-37.949251315090805
test,dropout030_relay_failure,multi_relation,none,none,none,1,60,EA-RG-MAPPO-S,results/intercept_3d_gate1_hardened_safety_5seed_formal_candidate/runs/multi_relation/bc_ppo_seed1/actor_critic_update_0060.pt,310024,24,checkpoint,100,straight,True,True,80,0.2,1.0,0.3,0,0.0,1,40,80,True,0.0,0.0,1.0,0.003846153960778163,0.09871795051372968,0.17435897720547822,73.40512860193849,0.0,1.0,0.0,260.0,41.0,-1.0,0.0,220.0,220.0,-1.0,0.0,0.0,1.0,-1.0,0.0,0.15416667014360427,0.13541667070239782,36866.788685021034,77751.9765625,1591.0064697265625,480.5892333984375,66767.640625,18329.5390625,-34.679700184613466
test,dropout030_relay_failure,multi_relation,none,none,none,1,60,EA-RG-MAPPO-S,results/intercept_3d_gate1_hardened_safety_5seed_formal_candidate/runs/multi_relation/bc_ppo_seed1/actor_critic_update_0060.pt,310040,40,checkpoint,100,straight,True,True,80,0.2,1.0,0.3,0,0.0,1,40,80,True,0.0,0.0,1.0,0.0025641026405187756,0.09871795051372968,0.1673076949440516,75.65192334800959,0.0,1.0,0.0,260.0,42.0,-1.0,0.0,220.0,220.0,-1.0,0.0,0.0,1.0,-1.0,0.0,0.15416667014360427,0.11041666995733976,36615.89485426683,76720.40625,1485.2330322265625,505.0999450683594,64833.625,20236.34765625,-35.12285307049751
test,dropout030_relay_failure,multi_relation,none,none,none,1,60,EA-RG-MAPPO-S,results/intercept_3d_gate1_hardened_safety_5seed_formal_candidate/runs/multi_relation/bc_ppo_seed1/actor_critic_update_0060.pt,310066,66,checkpoint,100,straight,True,True,80,0.2,1.0,0.3,0,0.0,1,40,80,True,1.0,1.0,1.0,0.03030303120613098,0.4242424287579276,0.6818181879141114,40.94696970046921,0.0,0.0,0.0,44.0,41.0,44.0,1.0,4.0,4.0,4.0,0.0,1.0,0.0,44.0,0.2,1.0,0.1666666716337204,15106.2529296875,5611.88916015625,3754.452392578125,1665.150390625,3754.452392578125,1665.150390625,36.69694098830223
test,dropout030_relay_failure,multi_relation,none,none,none,1,60,EA-RG-MAPPO-S,results/intercept_3d_gate1_hardened_safety_5seed_formal_candidate/runs/multi_relation/bc_ppo_seed1/actor_critic_update_0060.pt,310077,77,checkpoint,100,straight,True,True,80,0.2,1.0,0.3,0,0.0,1,40,80,True,1.0,1.0,1.0,0.03030303120613098,0.40909091383218765,0.655303037979386,40.92803039367903,0.0,0.0,0.0,44.0,41.0,44.0,1.0,4.0,4.0,4.0,0.0,1.0,0.0,44.0,0.2,1.0,0.26666667461395266,15132.376520330256,5595.60302734375,3576.1943359375,2100.25927734375,3576.1943359375,2100.25927734375,36.14667820930481
test,dropout030_relay_failure,multi_relation,none,none,none,1,60,EA-RG-MAPPO-S,results/intercept_3d_gate1_hardened_safety_5seed_formal_candidate/runs/multi_relation/bc_ppo_seed1/actor_critic_update_0060.pt,310079,79,checkpoint,100,straight,True,True,80,0.2,1.0,0.3,0,0.0,1,40,80,True,1.0,1.0,1.0,0.03030303120613098,0.4242424287579276,0.6780303110453215,39.97348456186327,0.0,0.0,0.0,44.0,41.0,44.0,1.0,4.0,4.0,4.0,0.0,1.0,0.0,44.0,0.2,1.0,0.3000000089406967,15086.705910422585,5535.50244140625,3751.512451171875,2075.2900390625,3751.512451171875,2075.2900390625,36.73286443948746
test,dropout030_relay_failure,multi_relation,none,none,none,1,60,EA-RG-MAPPO-S,results/intercept_3d_gate1_hardened_safety_5seed_formal_candidate/runs/multi_relation/bc_ppo_seed1/actor_critic_update_0060.pt,310085,85,checkpoint,100,straight,True,True,80,0.2,1.0,0.3,0,0.0,1,40,80,True,1.0,1.0,1.0,0.03030303120613098,0.41666667095639487,0.6477272788232024,43.890151028944686,0.0,0.0,0.0,44.0,41.0,44.0,1.0,4.0,4.0,4.0,0.0,1.0,0.0,44.0,0.2,1.0,0.1666666716337204,15111.80322265625,5573.94482421875,3721.390380859375,2086.619140625,3721.390380859375,2086.619140625,36.106073290109634
test,dropout030_relay_failure,multi_relation,none,none,none,1,60,EA-RG-MAPPO-S,results/intercept_3d_gate1_hardened_safety_5seed_formal_candidate/runs/multi_relation/bc_ppo_seed1/actor_critic_update_0060.pt,310092,92,checkpoint,100,straight,True,True,80,0.2,1.0,0.3,0,0.0,1,40,80,True,1.0,1.0,1.0,0.03030303120613098,0.40909091383218765,0.6780303110453215,41.92803036252206,0.0,0.0,0.0,44.0,41.0,44.0,1.0,4.0,4.0,4.0,0.0,1.0,0.0,44.0,0.2,1.0,0.20000000596046447,15149.440174449574,5710.04150390625,3508.2021484375,2743.996826171875,3508.2021484375,2743.996826171875,36.20008251070976
test,dropout030_relay_failure,multi_relation,none,none,none,1,60,EA-RG-MAPPO-S,results/intercept_3d_gate1_hardened_safety_5seed_formal_candidate/runs/multi_relation/bc_ppo_seed1/actor_critic_update_0060.pt,310097,97,checkpoint,100,straight,True,True,80,0.2,1.0,0.3,0,0.0,1,40,80,True,1.0,1.0,1.0,0.03030303120613098,0.4242424287579276,0.6969697021625259,44.08333286913958,0.0,0.0,0.0,44.0,41.0,44.0,1.0,4.0,4.0,4.0,0.0,1.0,0.0,44.0,0.2,1.0,0.20000000596046447,15075.550992098722,5503.86181640625,3755.244384765625,2098.181884765625,3755.244384765625,2098.181884765625,36.693923979997635
test,dropout030_relay_failure,multi_relation,none,none,none,1,60,EA-RG-MAPPO-S,results/intercept_3d_gate1_hardened_safety_5seed_formal_candidate/runs/multi_relation/bc_ppo_seed1/actor_critic_update_0060.pt,310052,52,checkpoint,100,straight,True,True,80,0.2,1.0,0.3,0,0.0,1,40,80,True,1.0,1.0,1.0,0.029629630512661403,0.4296296338240306,0.6925925993257098,39.09259248044756,0.0,0.0,0.0,45.0,42.0,45.0,1.0,5.0,5.0,5.0,0.0,1.0,0.0,45.0,0.16666666666666666,1.0,0.1666666716337204,14908.116297743056,5244.73974609375,3878.43359375,1664.7607421875,3878.43359375,1664.7607421875,37.52485179901123
test,dropout030_relay_failure,multi_relation,none,none,none,1,60,EA-RG-MAPPO-S,results/intercept_3d_gate1_hardened_safety_5seed_formal_candidate/runs/multi_relation/bc_ppo_seed1/actor_critic_update_0060.pt,310053,53,checkpoint,100,straight,True,True,80,0.2,1.0,0.3,0,0.0,1,40,80,True,1.0,1.0,1.0,0.029629630512661403,0.4370370414521959,0.7111111174027125,43.00370358857844,0.0,0.0,0.0,45.0,42.0,45.0,1.0,5.0,5.0,5.0,0.0,1.0,0.0,45.0,0.16666666666666666,1.0,0.2500000074505806,14867.6314453125,5096.96826171875,3485.413330078125,2097.66650390625,3485.413330078125,2097.66650390625,37.834675431251526
test,dropout030_relay_failure,multi_relation,none,none,none,1,60,EA-RG-MAPPO-S,results/intercept_3d_gate1_hardened_safety_5seed_formal_candidate/runs/multi_relation/bc_ppo_seed1/actor_critic_update_0060.pt,310054,54,checkpoint,100,straight,True,True,80,0.2,1.0,0.3,0,0.0,1,40,80,True,1.0,1.0,1.0,0.029629630512661403,0.4370370414521959,0.6185185263554255,40.19259247713619,0.0,0.0,0.0,45.0,42.0,45.0,1.0,5.0,5.0,5.0,0.0,1.0,0.0,45.0,0.16666666666666666,1.0,0.19444445023934046,14897.096180555556,5203.51416015625,3805.129638671875,1878.1182861328125,3805.129638671875,1878.1182861328125,37.00989004969597
test,dropout030_relay_failure,multi_relation,none,none,none,1,60,EA-RG-MAPPO-S,results/intercept_3d_gate1_hardened_safety_5seed_formal_candidate/runs/multi_relation/bc_ppo_seed1/actor_critic_update_0060.pt,310056,56,checkpoint,100,straight,True,True,80,0.2,1.0,0.3,0,0.0,1,40,80,True,1.0,1.0,1.0,0.029629630512661403,0.4296296338240306,0.6703703784280353,39.14074090520541,0.0,0.0,0.0,45.0,42.0,45.0,1.0,5.0,5.0,5.0,0.0,1.0,0.0,45.0,0.16666666666666666,1.0,0.22222222884496054,14853.40146484375,5102.27001953125,3716.984619140625,1997.2391357421875,3716.984619140625,1997.2391357421875,37.504230976104736
test,dropout030_relay_failure,multi_relation,none,none,none,1,60,EA-RG-MAPPO-S,results/intercept_3d_gate1_hardened_safety_5seed_formal_candidate/runs/multi_relation/bc_ppo_seed1/actor_critic_update_0060.pt,310057,57,checkpoint,100,straight,True,True,80,0.2,1.0,0.3,0,0.0,1,40,80,True,1.0,1.0,1.0,0.029629630512661403,0.4296296338240306,0.6740740825732549,42.95185207724571,0.0,0.0,0.0,45.0,42.0,45.0,1.0,5.0,5.0,5.0,0.0,1.0,0.0,45.0,0.16666666666666666,1.0,0.22222222884496054,14863.474327256945,5115.4228515625,3780.472412109375,2178.286376953125,3780.472412109375,2178.286376953125,37.2689523100853
test,dropout030_relay_failure,multi_relation,none,none,none,1,60,EA-RG-MAPPO-S,results/intercept_3d_gate1_hardened_safety_5seed_formal_candidate/runs/multi_relation/bc_ppo_seed1/actor_critic_update_0060.pt,310058,58,checkpoint,100,straight,True,True,80,0.2,1.0,0.3,0,0.0,1,40,80,True,1.0,1.0,1.0,0.029629630512661403,0.4370370414521959,0.6777777840693792,37.229629349046284,0.0,0.0,0.0,45.0,42.0,45.0,1.0,5.0,5.0,5.0,0.0,1.0,0.0,45.0,0.16666666666666666,1.0,0.2500000074505806,14874.360188802084,5138.32568359375,3447.67529296875,1956.163818359375,3447.67529296875,1956.163818359375,37.75645537674427
test,dropout030_relay_failure,multi_relation,none,none,none,1,60,EA-RG-MAPPO-S,results/intercept_3d_gate1_hardened_safety_5seed_formal_candidate/runs/multi_relation/bc_ppo_seed1/actor_critic_update_0060.pt,310059,59,checkpoint,100,straight,True,True,80,0.2,1.0,0.3,0,0.0,1,40,80,True,1.0,1.0,1.0,0.029629630512661403,0.4296296338240306,0.637037044763565,37.2592592590385,0.0,0.0,0.0,45.0,42.0,45.0,1.0,5.0,5.0,5.0,0.0,1.0,0.0,45.0,0.16666666666666666,1.0,0.22222222884496054,14920.929546440972,5302.734375,3687.417724609375,1702.958984375,3687.417724609375,1702.958984375,37.000528156757355
test,dropout030_relay_failure,multi_relation,none,none,none,1,60,EA-RG-MAPPO-S,results/intercept_3d_gate1_hardened_safety_5seed_formal_candidate/runs/multi_relation/bc_ppo_seed1/actor_critic_update_0060.pt,310062,62,checkpoint,100,straight,True,True,80,0.2,1.0,0.3,0,0.0,1,40,80,True,1.0,1.0,1.0,0.029629630512661403,0.4370370414521959,0.6740740825732549,34.41851869457298,0.0,0.0,0.0,45.0,42.0,45.0,1.0,5.0,5.0,5.0,0.0,1.0,0.0,45.0,0.16666666666666666,1.0,0.3055555646618207,14864.769346788195,5157.77734375,3635.55224609375,1927.0255126953125,3635.55224609375,1927.0255126953125,37.7892624437809
test,dropout030_relay_failure,multi_relation,none,none,none,1,60,EA-RG-MAPPO-S,results/intercept_3d_gate1_hardened_safety_5seed_formal_candidate/runs/multi_relation/bc_ppo_seed1/actor_critic_update_0060.pt,310069,69,checkpoint,100,straight,True,True,80,0.2,1.0,0.3,0,0.0,1,40,80,True,1.0,1.0,1.0,0.029629630512661403,0.4370370414521959,0.6444444537162781,44.162963069809805,0.0,0.0,0.0,45.0,42.0,45.0,1.0,5.0,5.0,5.0,0.0,1.0,0.0,45.0,0.16666666666666666,1.0,0.2500000074505806,14907.11716579861,5245.85205078125,3980.56640625,2875.310791015625,3980.56640625,2875.310791015625,36.99690592288971
test,dropout030_relay_failure,multi_relation,none,none,none,1,60,EA-RG-MAPPO-S,results/intercept_3d_gate1_hardened_safety_5seed_formal_candidate/runs/multi_relation/bc_ppo_seed1/actor_critic_update_0060.pt,310070,70,checkpoint,100,straight,True,True,80,0.2,1.0,0.3,0,0.0,1,40,80,True,1.0,1.0,1.0,0.029629630512661403,0.4370370414521959,0.6592592693037457,41.98518546124299,0.0,0.0,0.0,45.0,42.0,45.0,1.0,5.0,5.0,5.0,0.0,1.0,0.0,45.0,0.16666666666666666,1.0,0.22222222884496054,14889.134581163195,5178.69580078125,3379.054931640625,1864.2742919921875,3379.054931640625,1864.2742919921875,37.293769001960754
test,dropout030_relay_failure,multi_relation,none,none,none,1,60,EA-RG-MAPPO-S,results/intercept_3d_gate1_hardened_safety_5seed_formal_candidate/runs/multi_relation/bc_ppo_seed1/actor_critic_update_0060.pt,310071,71,checkpoint,100,straight,True,True,80,0.2,1.0,0.3,0,0.0,1,40,80,True,1.0,1.0,1.0,0.029629630512661403,0.4296296338240306,0.6592592669857873,41.19259265330103,0.0,0.0,0.0,45.0,42.0,45.0,1.0,5.0,5.0,5.0,0.0,1.0,0.0,45.0,0.16666666666666666,1.0,0.2777777860562007,14865.030598958334,5164.73583984375,3884.75048828125,1917.6259765625,3884.75048828125,1917.6259765625,37.165062725543976
test,dropout030_relay_failure,multi_relation,none,none,none,1,60,EA-RG-MAPPO-S,results/intercept_3d_gate1_hardened_safety_5seed_formal_candidate/runs/multi_relation/bc_ppo_seed1/actor_critic_update_0060.pt,310075,75,checkpoint,100,straight,True,True,80,0.2,1.0,0.3,0,0.0,1,40,80,True,1.0,1.0,1.0,0.029629630512661403,0.4370370414521959,0.6666666749450896,38.25555544793606,0.0,0.0,0.0,45.0,42.0,45.0,1.0,5.0,5.0,5.0,0.0,1.0,0.0,45.0,0.16666666666666666,1.0,0.2500000074505806,14925.554329427083,5292.00048828125,3800.131103515625,1485.846923828125,3800.131103515625,1485.846923828125,37.48667222261429
test,dropout030_relay_failure,multi_relation,none,none,none,1,60,EA-RG-MAPPO-S,results/intercept_3d_gate1_hardened_safety_5seed_formal_candidate/runs/multi_relation/bc_ppo_seed1/actor_critic_update_0060.pt,310076,76,checkpoint,100,straight,True,True,80,0.2,1.0,0.3,0,0.0,1,40,80,True,1.0,1.0,1.0,0.029629630512661403,0.4370370414521959,0.651851859026485,39.233333105511136,0.0,0.0,0.0,45.0,42.0,45.0,1.0,5.0,5.0,5.0,0.0,1.0,0.0,45.0,0.16666666666666666,1.0,0.2500000074505806,14866.1248046875,5140.46826171875,3698.444580078125,2344.765380859375,3698.444580078125,2344.765380859375,37.351610988378525
test,dropout030_relay_failure,multi_relation,none,none,none,1,60,EA-RG-MAPPO-S,results/intercept_3d_gate1_hardened_safety_5seed_formal_candidate/runs/multi_relation/bc_ppo_seed1/actor_critic_update_0060.pt,310083,83,checkpoint,100,straight,True,True,80,0.2,1.0,0.3,0,0.0,1,40,80,True,1.0,1.0,1.0,0.029629630512661403,0.4296296338240306,0.6777777860562006,41.070370366507106,0.0,0.0,0.0,45.0,42.0,45.0,1.0,5.0,5.0,5.0,0.0,1.0,0.0,45.0,0.16666666666666666,1.0,0.19444445023934046,14870.680512152778,5146.22900390625,3815.542236328125,2120.789794921875,3815.542236328125,2120.789794921875,37.35915723443031
test,dropout030_relay_failure,multi_relation,none,none,none,1,60,EA-RG-MAPPO-S,results/intercept_3d_gate1_hardened_safety_5seed_formal_candidate/runs/multi_relation/bc_ppo_seed1/actor_critic_update_0060.pt,310084,84,checkpoint,100,straight,True,True,80,0.2,1.0,0.3,0,0.0,1,40,80,True,1.0,1.0,1.0,0.029629630512661403,0.4370370414521959,0.6111111187272602,45.8740739941597,0.0,0.0,0.0,45.0,42.0,45.0,1.0,5.0,5.0,5.0,0.0,1.0,0.0,45.0,0.16666666666666666,1.0,0.19444445023934046,14873.724793836805,5152.244140625,3877.048583984375,2246.7421875,3877.048583984375,2246.7421875,36.750424295663834
test,dropout030_relay_failure,multi_relation,none,none,none,1,60,EA-RG-MAPPO-S,results/intercept_3d_gate1_hardened_safety_5seed_formal_candidate/runs/multi_relation/bc_ppo_seed1/actor_critic_update_0060.pt,310091,91,checkpoint,100,straight,True,True,80,0.2,1.0,0.3,0,0.0,1,40,80,True,1.0,1.0,1.0,0.029629630512661403,0.4370370414521959,0.6444444520605935,39.251852020290166,0.0,0.0,0.0,45.0,42.0,45.0,1.0,5.0,5.0,5.0,0.0,1.0,0.0,45.0,0.16666666666666666,1.0,0.13888889302810034,14894.829296875,5228.20166015625,3805.96142578125,1835.7579345703125,3805.96142578125,1835.7579345703125,37.31593418121338
test,dropout030_relay_failure,multi_relation,none,none,none,1,60,EA-RG-MAPPO-S,results/intercept_3d_gate1_hardened_safety_5seed_formal_candidate/runs/multi_relation/bc_ppo_seed1/actor_critic_update_0060.pt,310095,95,checkpoint,100,straight,True,True,80,0.2,1.0,0.3,0,0.0,1,40,80,True,1.0,1.0,1.0,0.029629630512661403,0.4296296338240306,0.6518518600198958,41.07777800858021,0.0,0.0,0.0,45.0,42.0,45.0,1.0,5.0,5.0,5.0,0.0,1.0,0.0,45.0,0.16666666666666666,1.0,0.1666666716337204,14910.467220052084,5172.47314453125,3579.613037109375,2054.86865234375,3579.613037109375,2054.86865234375,37.073113799095154
test,dropout030_relay_failure,multi_relation,none,none,none,1,60,EA-RG-MAPPO-S,results/intercept_3d_gate1_hardened_safety_5seed_formal_candidate/runs/multi_relation/bc_ppo_seed1/actor_critic_update_0060.pt,310055,55,checkpoint,100,straight,True,True,80,0.2,1.0,0.3,0,0.0,1,40,80,True,1.0,1.0,1.0,0.028985508110212242,0.44927536663801776,0.6231884120599084,40.44202887493631,0.0,0.0,0.0,46.0,43.0,46.0,1.0,6.0,6.0,6.0,0.0,1.0,0.0,46.0,0.14285714285714285,1.0,0.19047619615282332,14671.626029636549,4783.55517578125,3744.453857421875,2090.714599609375,3744.453857421875,2090.714599609375,37.89060892164707
test,dropout030_relay_failure,multi_relation,none,none,none,1,60,EA-RG-MAPPO-S,results/intercept_3d_gate1_hardened_safety_5seed_formal_candidate/runs/multi_relation/bc_ppo_seed1/actor_critic_update_0060.pt,310060,60,checkpoint,100,straight,True,True,80,0.2,1.0,0.3,0,0.0,1,40,80,True,1.0,1.0,1.0,0.028985508110212242,0.44927536663801776,0.684782615174418,38.39855056191268,0.0,0.0,0.0,46.0,43.0,46.0,1.0,6.0,6.0,6.0,0.0,1.0,0.0,46.0,0.14285714285714285,1.0,0.26190476971013205,14653.466213060461,4757.0830078125,3583.1298828125,1988.65966796875,3583.1298828125,1988.65966796875,38.50273314118385
test,dropout030_relay_failure,multi_relation,none,none,none,1,60,EA-RG-MAPPO-S,results/intercept_3d_gate1_hardened_safety_5seed_formal_candidate/runs/multi_relation/bc_ppo_seed1/actor_critic_update_0060.pt,310063,63,checkpoint,100,straight,True,True,80,0.2,1.0,0.3,0,0.0,1,40,80,True,1.0,1.0,1.0,0.028985508110212242,0.44202898961046466,0.684782618737739,36.55434793590204,0.0,0.0,0.0,46.0,43.0,46.0,1.0,6.0,6.0,6.0,0.0,1.0,0.0,46.0,0.14285714285714285,1.0,0.3095238187483379,14669.538404381794,4800.10791015625,3712.66796875,1948.23291015625,3712.66796875,1948.23291015625,38.42307171225548
test,dropout030_relay_failure,multi_relation,none,none,none,1,60,EA-RG-MAPPO-S,results/intercept_3d_gate1_hardened_safety_5seed_formal_candidate/runs/multi_relation/bc_ppo_seed1/actor_critic_update_0060.pt,310064,64,checkpoint,100,straight,True,True,80,0.2,1.0,0.3,0,0.0,1,40,80,True,1.0,1.0,1.0,0.028985508110212242,0.44927536663801776,0.6630434853875119,44.1340575846641,0.0,0.0,0.0,46.0,43.0,46.0,1.0,6.0,6.0,6.0,0.0,1.0,0.0,46.0,0.14285714285714285,1.0,0.19047619615282332,14646.163457455843,4703.78759765625,3634.091552734375,2387.513916015625,3634.091552734375,2387.513916015625,38.227614998817444
test,dropout030_relay_failure,multi_relation,none,none,none,1,60,EA-RG-MAPPO-S,results/intercept_3d_gate1_hardened_safety_5seed_formal_candidate/runs/multi_relation/bc_ppo_seed1/actor_critic_update_0060.pt,310065,65,checkpoint,100,straight,True,True,80,0.2,1.0,0.3,0,0.0,1,40,80,True,1.0,1.0,1.0,0.028985508110212242,0.44927536663801776,0.6775362387947415,36.478260591950104,0.0,0.0,0.0,46.0,43.0,46.0,1.0,6.0,6.0,6.0,0.0,1.0,0.0,46.0,0.14285714285714285,1.0,0.23809524519102915,14673.619034476902,4718.4921875,3378.726318359375,1962.7962646484375,3378.726318359375,1962.7962646484375,38.63724820315838
test,dropout030_relay_failure,multi_relation,none,none,none,1,60,EA-RG-MAPPO-S,results/intercept_3d_gate1_hardened_safety_5seed_formal_candidate/runs/multi_relation/bc_ppo_seed1/actor_critic_update_0060.pt,310067,67,checkpoint,100,straight,True,True,80,0.2,1.0,0.3,0,0.0,1,40,80,True,1.0,1.0,1.0,0.028985508110212242,0.44927536663801776,0.6775362404144328,40.21376817932595,0.0,0.0,0.0,46.0,43.0,46.0,1.0,6.0,6.0,6.0,0.0,1.0,0.0,46.0,0.14285714285714285,1.0,0.23809524519102915,14640.594503651495,4692.33740234375,3692.701171875,2775.586181640625,3692.701171875,2775.586181640625,38.46257355809212
test,dropout030_relay_failure,multi_relation,none,none,none,1,60,EA-RG-MAPPO-S,results/intercept_3d_gate1_hardened_safety_5seed_formal_candidate/runs/multi_relation/bc_ppo_seed1/actor_critic_update_0060.pt,310068,68,checkpoint,100,straight,True,True,80,0.2,1.0,0.3,0,0.0,1,40,80,True,1.0,1.0,1.0,0.028985508110212242,0.44927536663801776,0.6775362404144328,37.43840610657049,0.0,0.0,0.0,46.0,43.0,46.0,1.0,6.0,6.0,6.0,0.0,1.0,0.0,46.0,0.14285714285714285,1.0,0.19047619615282332,14683.995520550272,4750.71728515625,3521.236328125,2078.880859375,3521.236328125,2078.880859375,38.57565379142761
test,dropout030_relay_failure,multi_relation,none,none,none,1,60,EA-RG-MAPPO-S,results/intercept_3d_gate1_hardened_safety_5seed_formal_candidate/runs/multi_relation/bc_ppo_seed1/actor_critic_update_0060.pt,310073,73,checkpoint,100,straight,True,True,80,0.2,1.0,0.3,0,0.0,1,40,80,True,1.0,1.0,1.0,0.028985508110212242,0.44202898961046466,0.6702898620911266,42.28260846695174,0.0,0.0,0.0,46.0,43.0,46.0,1.0,6.0,6.0,6.0,0.0,1.0,0.0,46.0,0.14285714285714285,1.0,0.23809524519102915,14662.881241508152,4743.35205078125,3683.290283203125,2679.198486328125,3683.290283203125,2679.198486328125,38.06766474246979
test,dropout030_relay_failure,multi_relation,none,none,none,1,60,EA-RG-MAPPO-S,results/intercept_3d_gate1_hardened_safety_5seed_formal_candidate/runs/multi_relation/bc_ppo_seed1/actor_critic_update_0060.pt,310080,80,checkpoint,100,straight,True,True,80,0.2,1.0,0.3,0,0.0,1,40,80,True,1.0,1.0,1.0,0.028985508110212242,0.44927536663801776,0.6485507326281589,41.22826070208912,0.0,0.0,0.0,46.0,43.0,46.0,1.0,6.0,6.0,6.0,0.0,1.0,0.0,46.0,0.14285714285714285,1.0,0.21428572067192622,14699.142737347147,4817.10986328125,3551.5361328125,1857.00341796875,3551.5361328125,1857.00341796875,38.119263619184494
test,dropout030_relay_failure,multi_relation,none,none,none,1,60,EA-RG-MAPPO-S,results/intercept_3d_gate1_hardened_safety_5seed_formal_candidate/runs/multi_relation/bc_ppo_seed1/actor_critic_update_0060.pt,310082,82,checkpoint,100,straight,True,True,80,0.2,1.0,0.3,0,0.0,1,40,80,True,1.0,1.0,1.0,0.028985508110212242,0.44927536663801776,0.6376811664389528,35.57608662934407,0.0,0.0,0.0,46.0,43.0,46.0,1.0,6.0,6.0,6.0,0.0,1.0,0.0,46.0,0.14285714285714285,1.0,0.19047619615282332,14709.13669752038,4910.27880859375,3707.870849609375,1644.0260009765625,3707.870849609375,1644.0260009765625,38.16057991981506
test,dropout030_relay_failure,multi_relation,none,none,none,1,60,EA-RG-MAPPO-S,results/intercept_3d_gate1_hardened_safety_5seed_formal_candidate/runs/multi_relation/bc_ppo_seed1/actor_critic_update_0060.pt,310093,93,checkpoint,100,straight,True,True,80,0.2,1.0,0.3,0,0.0,1,40,80,True,1.0,1.0,1.0,0.028985508110212242,0.44927536663801776,0.6485507313324057,39.463768254155696,0.0,0.0,0.0,46.0,43.0,46.0,1.0,6.0,6.0,6.0,0.0,1.0,0.0,46.0,0.14285714285714285,1.0,0.1666666716337204,14757.620223335598,4941.40234375,3622.77685546875,1494.970458984375,3622.77685546875,1494.970458984375,38.06802886724472
test,dropout030_relay_failure,multi_relation,none,none,none,1,60,EA-RG-MAPPO-S,results/intercept_3d_gate1_hardened_safety_5seed_formal_candidate/runs/multi_relation/bc_ppo_seed1/actor_critic_update_0060.pt,310094,94,checkpoint,100,straight,True,True,80,0.2,1.0,0.3,0,0.0,1,40,80,True,1.0,1.0,1.0,0.028985508110212242,0.44927536663801776,0.6594202984934268,41.20652192733858,0.0,0.0,0.0,46.0,43.0,46.0,1.0,6.0,6.0,6.0,0.0,1.0,0.0,46.0,0.14285714285714285,1.0,0.23809524519102915,14645.526399031929,4699.4658203125,3797.373046875,2250.97509765625,3797.373046875,2250.97509765625,38.254952520132065
test,dropout030_relay_failure,multi_relation,none,none,none,1,60,EA-RG-MAPPO-S,results/intercept_3d_gate1_hardened_safety_5seed_formal_candidate/runs/multi_relation/bc_ppo_seed1/actor_critic_update_0060.pt,310099,99,checkpoint,100,straight,True,True,80,0.2,1.0,0.3,0,0.0,1,40,80,True,1.0,1.0,1.0,0.028985508110212242,0.44927536663801776,0.6811594286042711,42.14492758752211,0.0,0.0,0.0,46.0,43.0,46.0,1.0,6.0,6.0,6.0,0.0,1.0,0.0,46.0,0.14285714285714285,1.0,0.19047619615282332,14713.500063688858,4842.4013671875,3587.849609375,1799.980712890625,3587.849609375,1799.980712890625,38.4039531648159
test,dropout030_relay_failure,multi_relation,none,none,none,1,60,EA-RG-MAPPO-S,results/intercept_3d_gate1_hardened_safety_5seed_formal_candidate/runs/multi_relation/bc_ppo_seed1/actor_critic_update_0060.pt,310061,61,checkpoint,100,straight,True,True,80,0.2,1.0,0.3,0,0.0,1,40,80,True,1.0,1.0,1.0,0.02836879517169709,0.4539007132357739,0.6453900784254074,37.68439727672871,0.0,0.0,0.0,47.0,44.0,47.0,1.0,7.0,7.0,7.0,0.0,1.0,0.0,47.0,0.125,1.0,0.2083333395421505,14561.511656416224,4638.69873046875,3968.78857421875,2028.60791015625,3968.78857421875,2028.60791015625,38.78375855088234
test,dropout030_relay_failure,multi_relation,none,none,none,1,60,EA-RG-MAPPO-S,results/intercept_3d_gate1_hardened_safety_5seed_formal_candidate/runs/multi_relation/bc_ppo_seed1/actor_critic_update_0060.pt,310087,87,checkpoint,100,straight,True,True,80,0.2,1.0,0.3,0,0.0,1,40,80,True,1.0,1.0,1.0,0.02836879517169709,0.4539007132357739,0.6737588720118746,41.33687948800148,0.0,0.0,0.0,47.0,44.0,47.0,1.0,7.0,7.0,7.0,0.0,1.0,0.0,47.0,0.125,1.0,0.2083333395421505,14535.266663896276,4554.3896484375,3800.1015625,2099.031494140625,3800.1015625,2099.031494140625,38.91419097781181
test,dropout030_relay_failure,multi_relation,none,none,none,1,60,EA-RG-MAPPO-S,results/intercept_3d_gate1_hardened_safety_5seed_formal_candidate/runs/multi_relation/bc_ppo_seed1/actor_critic_update_0060.pt,310089,89,checkpoint,100,straight,True,True,80,0.2,1.0,0.3,0,0.0,1,40,80,True,1.0,1.0,1.0,0.02836879517169709,0.4539007132357739,0.613475186710662,40.6028372892674,0.0,0.0,0.0,47.0,44.0,47.0,1.0,7.0,7.0,7.0,0.0,1.0,0.0,47.0,0.125,1.0,0.2500000074505806,14498.078976894947,4461.822265625,3619.0810546875,2261.31591796875,3619.0810546875,2261.31591796875,38.441678166389465
test,dropout030_relay_failure,multi_relation,none,none,none,1,60,EA-RG-MAPPO-S,results/intercept_3d_gate1_hardened_safety_5seed_formal_candidate/runs/multi_relation/bc_ppo_seed1/actor_critic_update_0060.pt,310090,90,checkpoint,100,straight,True,True,80,0.2,1.0,0.3,0,0.0,1,40,80,True,1.0,1.0,1.0,0.02836879517169709,0.4539007132357739,0.638297881851805,43.22695025072453,0.0,0.0,0.0,47.0,44.0,47.0,1.0,7.0,7.0,7.0,0.0,1.0,0.0,47.0,0.125,1.0,0.2083333395421505,14478.448335688165,4347.23486328125,3539.68701171875,2869.98388671875,3539.68701171875,2869.98388671875,38.65194955468178
test,dropout030_relay_failure,multi_relation,none,none,none,1,60,EA-RG-MAPPO-S,results/intercept_3d_gate1_hardened_safety_5seed_formal_candidate/runs/multi_relation/bc_ppo_seed1/actor_critic_update_0060.pt,310098,98,checkpoint,100,straight,True,True,80,0.2,1.0,0.3,0,0.0,1,40,80,True,1.0,1.0,1.0,0.02836879517169709,0.4539007132357739,0.6312056798884209,40.45035466298144,0.0,0.0,0.0,47.0,44.0,47.0,1.0,7.0,7.0,7.0,0.0,1.0,0.0,47.0,0.125,1.0,0.18750000558793545,14557.605385638299,4576.21923828125,3749.346435546875,1962.011474609375,3749.346435546875,1962.011474609375,38.591112822294235
test,dropout030_relay_failure,multi_relation,none,none,none,1,60,EA-RG-MAPPO-S,results/intercept_3d_gate1_hardened_safety_5seed_formal_candidate/runs/multi_relation/bc_ppo_seed1/actor_critic_update_0060.pt,310050,50,checkpoint,100,straight,True,True,80,0.2,1.0,0.3,0,0.0,1,40,80,True,1.0,1.0,1.0,0.027777778605620067,0.46527778171002865,0.6388888970638315,40.70486084930599,0.0,0.0,0.0,48.0,45.0,48.0,1.0,8.0,8.0,8.0,0.0,1.0,0.0,48.0,0.1111111111111111,1.0,0.22222222884496054,14379.696502685547,4312.20556640625,3645.725830078125,2022.767333984375,3645.725830078125,2022.767333984375,39.529374957084656
test,dropout030_relay_failure,multi_relation,none,none,none,1,60,EA-RG-MAPPO-S,results/intercept_3d_gate1_hardened_safety_5seed_formal_candidate/runs/multi_relation/bc_ppo_seed1/actor_critic_update_0060.pt,310072,72,checkpoint,100,straight,True,True,80,0.2,1.0,0.3,0,0.0,1,40,80,True,1.0,1.0,1.0,0.027777778605620067,0.46527778171002865,0.6319444536541899,39.77083318121731,0.0,0.0,0.0,48.0,45.0,48.0,1.0,8.0,8.0,8.0,0.0,1.0,0.0,48.0,0.1111111111111111,1.0,0.22222222884496054,14368.164337158203,4300.474609375,3553.94140625,1877.7899169921875,3553.94140625,1877.7899169921875,39.3607302904129
test,dropout030_relay_failure,multi_relation,none,none,none,1,60,EA-RG-MAPPO-S,results/intercept_3d_gate1_hardened_safety_5seed_formal_candidate/runs/multi_relation/bc_ppo_seed1/actor_critic_update_0060.pt,310074,74,checkpoint,100,straight,True,True,80,0.2,1.0,0.3,0,0.0,1,40,80,True,1.0,1.0,1.0,0.027777778605620067,0.46527778171002865,0.6562500086923441,38.92708338828137,0.0,0.0,0.0,48.0,45.0,48.0,1.0,8.0,8.0,8.0,0.0,1.0,0.0,48.0,0.1111111111111111,1.0,0.24074074791537392,14401.371602376303,4441.18994140625,3580.703125,1975.845458984375,3580.703125,1975.845458984375,39.507400542497635
test,dropout030_relay_failure,multi_relation,none,none,none,1,60,EA-RG-MAPPO-S,results/intercept_3d_gate1_hardened_safety_5seed_formal_candidate/runs/multi_relation/bc_ppo_seed1/actor_critic_update_0060.pt,310086,86,checkpoint,100,straight,True,True,80,0.2,1.0,0.3,0,0.0,1,40,80,True,1.0,1.0,1.0,0.027777778605620067,0.45833333767950535,0.5833333417152365,38.08680581798156,0.0,0.0,0.0,48.0,45.0,48.0,1.0,8.0,8.0,8.0,0.0,1.0,0.0,48.0,0.1111111111111111,1.0,0.18518519070413378,14372.925384521484,4358.22900390625,3473.4990234375,2273.556884765625,3473.4990234375,2273.556884765625,38.81341242790222
test,dropout030_relay_failure,multi_relation,none,none,none,1,60,EA-RG-MAPPO-S,results/intercept_3d_gate1_hardened_safety_5seed_formal_candidate/runs/multi_relation/bc_ppo_seed1/actor_critic_update_0060.pt,310051,51,checkpoint,100,straight,True,True,80,0.2,1.0,0.3,0,0.0,1,40,80,True,1.0,1.0,1.0,0.027210885164689044,0.46258503806834317,0.6768707563074268,37.31632643481907,0.0,0.0,0.0,49.0,46.0,49.0,1.0,9.0,9.0,9.0,0.0,1.0,0.0,49.0,0.1,1.0,0.2500000074505806,14245.636140784438,4226.2138671875,3392.32568359375,999.6680297851562,3392.32568359375,999.6680297851562,40.26031273603439
test,dropout030_relay_failure,multi_relation,none,none,none,1,60,EA-RG-MAPPO-S,results/intercept_3d_gate1_hardened_safety_5seed_formal_candidate/runs/multi_relation/bc_ppo_seed1/actor_critic_update_0060.pt,310078,78,checkpoint,100,straight,True,True,80,0.2,1.0,0.3,0,0.0,1,40,80,True,0.0,0.0,1.0,0.0012820513202593878,0.10256410447450784,0.13717948908989247,92.44422954097391,0.0,1.0,0.0,260.0,43.0,-1.0,0.0,220.0,220.0,-1.0,0.0,0.0,1.0,-1.0,0.0,0.1625000037252903,0.08958333600312471,36085.47641601563,75651.015625,269.2967834472656,1004.3568115234375,65024.90234375,30153.75,-36.89923068881035
test,dropout030_relay_failure,multi_relation,none,none,none,1,60,EA-RG-MAPPO-S,results/intercept_3d_gate1_hardened_safety_5seed_formal_candidate/runs/multi_relation/bc_ppo_seed1/actor_critic_update_0060.pt,310081,81,checkpoint,100,straight,True,True,80,0.2,1.0,0.3,0,0.0,1,40,80,True,0.0,0.0,1.0,0.003846153960778163,0.10256410435988353,0.13589743805619386,93.06025527497897,0.0,1.0,0.0,260.0,42.0,-1.0,0.0,220.0,220.0,-1.0,0.0,0.0,1.0,-1.0,0.0,0.16250000335276127,0.09166666939854622,36317.86402587891,80248.4765625,237.35337829589844,770.1976318359375,77158.796875,18646.31640625,-39.325177393853664
test,dropout030_relay_failure,multi_relation,none,none,none,1,60,EA-RG-MAPPO-S,results/intercept_3d_gate1_hardened_safety_5seed_formal_candidate/runs/multi_relation/bc_ppo_seed1/actor_critic_update_0060.pt,310088,88,checkpoint,100,straight,True,True,80,0.2,1.0,0.3,0,0.0,1,40,80,True,0.0,0.0,1.0,0.0012820513202593878,0.09615384798783522,0.15192307898631463,75.68141016667852,0.0,1.0,0.0,260.0,42.0,-1.0,0.0,220.0,220.0,-1.0,0.0,0.0,1.0,-1.0,0.0,0.15000000335276126,0.11250000335276127,37370.21654146635,78900.2109375,1814.594482421875,1412.35498046875,72768.296875,21581.23046875,-38.06858486123383
test,dropout030_relay_failure,multi_relation,none,none,none,1,60,EA-RG-MAPPO-S,results/intercept_3d_gate1_hardened_safety_5seed_formal_candidate/runs/multi_relation/bc_ppo_seed1/actor_critic_update_0060.pt,310096,96,checkpoint,100,straight,True,True,80,0.2,1.0,0.3,0,0.0,1,40,80,True,0.0,0.0,1.0,0.0025641026405187756,0.10000000171936475,0.17371795148803637,72.98782076996106,0.0,1.0,0.0,260.0,43.0,-1.0,0.0,220.0,220.0,-1.0,0.0,0.0,1.0,-1.0,0.0,0.15833333656191825,0.09375000279396772,36135.90193387545,81249.6328125,283.64251708984375,698.3414306640625,76808.390625,17799.724609375,-37.72616088017821
test,dropout030_relay_failure,multi_relation,none,none,none,2,60,EA-RG-MAPPO-S,results/intercept_3d_gate1_hardened_safety_5seed_formal_candidate/runs/multi_relation/bc_ppo_seed2/actor_critic_update_0060.pt,310001,1,checkpoint,100,straight,True,True,80,0.2,1.0,0.3,0,0.0,1,40,80,True,1.0,1.0,1.0,0.03030303120613098,0.4242424287579276,0.6856060678308661,41.916666558181696,0.0,0.0,0.0,44.0,41.0,44.0,1.0,4.0,4.0,4.0,0.0,1.0,0.0,44.0,0.2,1.0,0.20000000596046447,15160.965853604403,5777.68896484375,3777.2373046875,3607.163330078125,3777.2373046875,3607.163330078125,36.51731041073799
test,dropout030_relay_failure,multi_relation,none,none,none,2,60,EA-RG-MAPPO-S,results/intercept_3d_gate1_hardened_safety_5seed_formal_candidate/runs/multi_relation/bc_ppo_seed2/actor_critic_update_0060.pt,310002,2,checkpoint,100,straight,True,True,80,0.2,1.0,0.3,0,0.0,1,40,80,True,1.0,1.0,1.0,0.03030303120613098,0.4166666716337204,0.6250000098212198,46.8674242391505,0.0,0.0,0.0,44.0,41.0,44.0,1.0,4.0,4.0,4.0,0.0,1.0,0.0,44.0,0.2,1.0,0.1666666716337204,15354.87225896662,6334.43408203125,3794.293212890625,3993.103515625,3794.293212890625,3993.103515625,35.23615275323391
test,dropout030_relay_failure,multi_relation,none,none,none,2,60,EA-RG-MAPPO-S,results/intercept_3d_gate1_hardened_safety_5seed_formal_candidate/runs/multi_relation/bc_ppo_seed2/actor_critic_update_0060.pt,310004,4,checkpoint,100,straight,True,True,80,0.2,1.0,0.3,0,0.0,1,40,80,True,1.0,1.0,1.0,0.03030303120613098,0.41666667095639487,0.6439394019544125,49.82575751299208,0.0,0.0,0.0,44.0,41.0,44.0,1.0,4.0,4.0,4.0,0.0,1.0,0.0,44.0,0.2,1.0,0.13333333730697633,15193.226251775568,5909.00341796875,3806.62109375,3666.08349609375,3806.62109375,3666.08349609375,35.52903109788895
test,dropout030_relay_failure,multi_relation,none,none,none,2,60,EA-RG-MAPPO-S,results/intercept_3d_gate1_hardened_safety_5seed_formal_candidate/runs/multi_relation/bc_ppo_seed2/actor_critic_update_0060.pt,310005,5,checkpoint,100,straight,True,True,80,0.2,1.0,0.3,0,0.0,1,40,80,True,1.0,1.0,1.0,0.03030303120613098,0.41666667095639487,0.6363636441528797,44.928030336445026,0.0,0.0,0.0,44.0,41.0,44.0,1.0,4.0,4.0,4.0,0.0,1.0,0.0,44.0,0.2,1.0,0.20000000596046447,15200.500599254261,5936.97265625,3572.52001953125,4072.7529296875,3572.52001953125,4072.7529296875,35.65861386060715
test,dropout030_relay_failure,multi_relation,none,none,none,2,60,EA-RG-MAPPO-S,results/intercept_3d_gate1_hardened_safety_5seed_formal_candidate/runs/multi_relation/bc_ppo_seed2/actor_critic_update_0060.pt,310010,10,checkpoint,100,straight,True,True,80,0.2,1.0,0.3,0,0.0,1,40,80,True,1.0,1.0,1.0,0.03030303120613098,0.41666667095639487,0.6742424331605434,52.73484871739691,0.0,0.0,0.0,44.0,41.0,44.0,1.0,4.0,4.0,4.0,0.0,1.0,0.0,44.0,0.2,1.0,0.26666667461395266,15182.378351384943,5725.55322265625,3619.119873046875,4215.865234375,3619.119873046875,4215.865234375,35.85797816514969
test,dropout030_relay_failure,multi_relation,none,none,none,2,60,EA-RG-MAPPO-S,results/intercept_3d_gate1_hardened_safety_5seed_formal_candidate/runs/multi_relation/bc_ppo_seed2/actor_critic_update_0060.pt,310011,11,checkpoint,100,straight,True,True,80,0.2,1.0,0.3,0,0.0,1,40,80,True,1.0,1.0,1.0,0.03030303120613098,0.41666667095639487,0.6893939463929697,40.92424253983931,0.0,0.0,0.0,44.0,41.0,44.0,1.0,4.0,4.0,4.0,0.0,1.0,0.0,44.0,0.2,1.0,0.23333334028720856,15147.86279296875,5687.21435546875,3640.76806640625,3766.182861328125,3640.76806640625,3766.182861328125,36.4795365780592
test,dropout030_relay_failure,multi_relation,none,none,none,2,60,EA-RG-MAPPO-S,results/intercept_3d_gate1_hardened_safety_5seed_formal_candidate/runs/multi_relation/bc_ppo_seed2/actor_critic_update_0060.pt,310014,14,checkpoint,100,straight,True,True,80,0.2,1.0,0.3,0,0.0,1,40,80,True,1.0,1.0,1.0,0.03030303120613098,0.41666667095639487,0.6628787971355699,41.98863641951572,0.0,0.0,0.0,44.0,41.0,44.0,1.0,4.0,4.0,4.0,0.0,1.0,0.0,44.0,0.2,1.0,0.23333334028720856,15233.793257279829,5995.615234375,3776.918212890625,3658.19580078125,3776.918212890625,3658.19580078125,35.982601791620255
test,dropout030_relay_failure,multi_relation,none,none,none,2,60,EA-RG-MAPPO-S,results/intercept_3d_gate1_hardened_safety_5seed_formal_candidate/runs/multi_relation/bc_ppo_seed2/actor_critic_update_0060.pt,310017,17,checkpoint,100,straight,True,True,80,0.2,1.0,0.3,0,0.0,1,40,80,True,1.0,1.0,1.0,0.03030303120613098,0.40909091383218765,0.6401515230536461,47.82954522052949,0.0,0.0,0.0,44.0,41.0,44.0,1.0,4.0,4.0,4.0,0.0,1.0,0.0,44.0,0.2,1.0,0.20000000596046447,15268.923572887074,6055.47314453125,3570.30224609375,4103.1259765625,3570.30224609375,4103.1259765625,35.35585668683052
test,dropout030_relay_failure,multi_relation,none,none,none,2,60,EA-RG-MAPPO-S,results/intercept_3d_gate1_hardened_safety_5seed_formal_candidate/runs/multi_relation/bc_ppo_seed2/actor_critic_update_0060.pt,310019,19,checkpoint,100,straight,True,True,80,0.2,1.0,0.3,0,0.0,1,40,80,True,1.0,1.0,1.0,0.03030303120613098,0.41666667095639487,0.6893939474089579,47.76893945106051,0.0,0.0,0.0,44.0,41.0,44.0,1.0,4.0,4.0,4.0,0.0,1.0,0.0,44.0,0.2,1.0,0.1666666716337204,15221.758655894886,5986.20654296875,3695.640380859375,3823.7119140625,3695.640380859375,3823.7119140625,35.97339925169945
test,dropout030_relay_failure,multi_relation,none,none,none,2,60,EA-RG-MAPPO-S,results/intercept_3d_gate1_hardened_safety_5seed_formal_candidate/runs/multi_relation/bc_ppo_seed2/actor_critic_update_0060.pt,310024,24,checkpoint,100,straight,True,True,80,0.2,1.0,0.3,0,0.0,1,40,80,True,1.0,1.0,1.0,0.03030303120613098,0.41666667095639487,0.6780303107066588,48.79924242774194,0.0,0.0,0.0,44.0,41.0,44.0,1.0,4.0,4.0,4.0,0.0,1.0,0.0,44.0,0.2,1.0,0.1666666716337204,15206.911121715199,5898.349609375,3547.94677734375,4129.26806640625,3547.94677734375,4129.26806640625,35.883587062358856
test,dropout030_relay_failure,multi_relation,none,none,none,2,60,EA-RG-MAPPO-S,results/intercept_3d_gate1_hardened_safety_5seed_formal_candidate/runs/multi_relation/bc_ppo_seed2/actor_critic_update_0060.pt,310026,26,checkpoint,100,straight,True,True,80,0.2,1.0,0.3,0,0.0,1,40,80,True,1.0,1.0,1.0,0.03030303120613098,0.41666667095639487,0.6553030396726999,49.80303015627644,0.0,0.0,0.0,44.0,41.0,44.0,1.0,4.0,4.0,4.0,0.0,1.0,0.0,44.0,0.2,1.0,0.23333334028720856,15184.79218084162,5883.53515625,3644.165771484375,3934.67138671875,3644.165771484375,3934.67138671875,35.66249442100525
test,dropout030_relay_failure,multi_relation,none,none,none,2,60,EA-RG-MAPPO-S,results/intercept_3d_gate1_hardened_safety_5seed_formal_candidate/runs/multi_relation/bc_ppo_seed2/actor_critic_update_0060.pt,310029,29,checkpoint,100,straight,True,True,80,0.2,1.0,0.3,0,0.0,1,40,80,True,1.0,1.0,1.0,0.03030303120613098,0.40909091383218765,0.7272727337073196,44.749999801204964,0.0,0.0,0.0,44.0,41.0,44.0,1.0,4.0,4.0,4.0,0.0,1.0,0.0,44.0,0.2,1.0,0.23333334028720856,15245.127064098011,6020.35107421875,3776.87548828125,3689.06982421875,3776.87548828125,3689.06982421875,36.27734759449959
test,dropout030_relay_failure,multi_relation,none,none,none,2,60,EA-RG-MAPPO-S,results/intercept_3d_gate1_hardened_safety_5seed_formal_candidate/runs/multi_relation/bc_ppo_seed2/actor_critic_update_0060.pt,310031,31,checkpoint,100,straight,True,True,80,0.2,1.0,0.3,0,0.0,1,40,80,True,1.0,1.0,1.0,0.03030303120613098,0.41666667095639487,0.6628787967969071,43.87121223319661,0.0,0.0,0.0,44.0,41.0,44.0,1.0,4.0,4.0,4.0,0.0,1.0,0.0,44.0,0.2,1.0,0.3000000089406967,15186.190995649858,5804.20849609375,3730.78857421875,3701.49853515625,3730.78857421875,3701.49853515625,36.04168862104416
test,dropout030_relay_failure,multi_relation,none,none,none,2,60,EA-RG-MAPPO-S,results/intercept_3d_gate1_hardened_safety_5seed_formal_candidate/runs/multi_relation/bc_ppo_seed2/actor_critic_update_0060.pt,310034,34,checkpoint,100,straight,True,True,80,0.2,1.0,0.3,0,0.0,1,40,80,True,1.0,1.0,1.0,0.03030303120613098,0.41666667095639487,0.6818181906234134,47.84848461909728,0.0,0.0,0.0,44.0,41.0,44.0,1.0,4.0,4.0,4.0,0.0,1.0,0.0,44.0,0.2,1.0,0.3000000089406967,15167.687355735085,5829.31787109375,3581.306884765625,4055.638427734375,3581.306884765625,4055.638427734375,35.9906290769577
test,dropout030_relay_failure,multi_relation,none,none,none,2,60,EA-RG-MAPPO-S,results/intercept_3d_gate1_hardened_safety_5seed_formal_candidate/runs/multi_relation/bc_ppo_seed2/actor_critic_update_0060.pt,310036,36,checkpoint,100,straight,True,True,80,0.2,1.0,0.3,0,0.0,1,40,80,True,1.0,1.0,1.0,0.03030303120613098,0.4242424287579276,0.655303037979386,42.049242254685275,0.0,0.0,0.0,44.0,41.0,44.0,1.0,4.0,4.0,4.0,0.0,1.0,0.0,44.0,0.2,1.0,0.20000000596046447,15138.655162464489,5712.15576171875,3707.513916015625,3557.914794921875,3707.513916015625,3557.914794921875,36.285801619291306
test,dropout030_relay_failure,multi_relation,none,none,none,2,60,EA-RG-MAPPO-S,results/intercept_3d_gate1_hardened_safety_5seed_formal_candidate/runs/multi_relation/bc_ppo_seed2/actor_critic_update_0060.pt,310038,38,checkpoint,100,straight,True,True,80,0.2,1.0,0.3,0,0.0,1,40,80,True,1.0,1.0,1.0,0.03030303120613098,0.4242424287579276,0.6401515223763206,42.95075754482638,0.0,0.0,0.0,44.0,41.0,44.0,1.0,4.0,4.0,4.0,0.0,1.0,0.0,44.0,0.2,1.0,0.13333333730697633,15130.392378373579,5689.59619140625,3746.26513671875,3778.088134765625,3746.26513671875,3778.088134765625,36.15751051902771
test,dropout030_relay_failure,multi_relation,none,none,none,2,60,EA-RG-MAPPO-S,results/intercept_3d_gate1_hardened_safety_5seed_formal_candidate/runs/multi_relation/bc_ppo_seed2/actor_critic_update_0060.pt,310040,40,checkpoint,100,straight,True,True,80,0.2,1.0,0.3,0,0.0,1,40,80,True,1.0,1.0,1.0,0.03030303120613098,0.41666667095639487,0.7234848558225415,51.64772698858922,0.0,0.0,0.0,44.0,41.0,44.0,1.0,4.0,4.0,4.0,0.0,1.0,0.0,44.0,0.2,1.0,0.23333334028720856,15200.185657848011,5918.00048828125,3677.79296875,3864.700927734375,3677.79296875,3864.700927734375,36.22266820073128
test,dropout030_relay_failure,multi_relation,none,none,none,2,60,EA-RG-MAPPO-S,results/intercept_3d_gate1_hardened_safety_5seed_formal_candidate/runs/multi_relation/bc_ppo_seed2/actor_critic_update_0060.pt,310042,42,checkpoint,100,straight,True,True,80,0.2,1.0,0.3,0,0.0,1,40,80,True,1.0,1.0,1.0,0.03030303120613098,0.4242424287579276,0.6477272825484927,41.928030303933404,0.0,0.0,0.0,44.0,41.0,44.0,1.0,4.0,4.0,4.0,0.0,1.0,0.0,44.0,0.2,1.0,0.23333334028720856,15163.377197265625,5768.62890625,3766.856201171875,3632.185546875,3766.856201171875,3632.185546875,36.19857166707516
test,dropout030_relay_failure,multi_relation,none,none,none,2,60,EA-RG-MAPPO-S,results/intercept_3d_gate1_hardened_safety_5seed_formal_candidate/runs/multi_relation/bc_ppo_seed2/actor_critic_update_0060.pt,310044,44,checkpoint,100,straight,True,True,80,0.2,1.0,0.3,0,0.0,1,40,80,True,1.0,1.0,1.0,0.03030303120613098,0.4242424287579276,0.6553030376407233,47.848484906960614,0.0,0.0,0.0,44.0,41.0,44.0,1.0,4.0,4.0,4.0,0.0,1.0,0.0,44.0,0.2,1.0,0.20000000596046447,15096.80381081321,5645.15087890625,3686.105712890625,4102.61474609375,3686.105712890625,4102.61474609375,36.16054791212082
test,dropout030_relay_failure,multi_relation,none,none,none,2,60,EA-RG-MAPPO-S,results/intercept_3d_gate1_hardened_safety_5seed_formal_candidate/runs/multi_relation/bc_ppo_seed2/actor_critic_update_0060.pt,310048,48,checkpoint,100,straight,True,True,80,0.2,1.0,0.3,0,0.0,1,40,80,True,1.0,1.0,1.0,0.03030303120613098,0.41666667095639487,0.6553030383180488,46.82575748725371,0.0,0.0,0.0,44.0,41.0,44.0,1.0,4.0,4.0,4.0,0.0,1.0,0.0,44.0,0.2,1.0,0.26666667461395266,15200.398981267756,5923.50244140625,3695.017333984375,3827.43212890625,3695.017333984375,3827.43212890625,35.75794538855553
test,dropout030_relay_failure,multi_relation,none,none,none,2,60,EA-RG-MAPPO-S,results/intercept_3d_gate1_hardened_safety_5seed_formal_candidate/runs/multi_relation/bc_ppo_seed2/actor_critic_update_0060.pt,310049,49,checkpoint,100,straight,True,True,80,0.2,1.0,0.3,0,0.0,1,40,80,True,1.0,1.0,1.0,0.03030303120613098,0.4242424287579276,0.5909091014076363,53.761363955722615,0.0,0.0,0.0,44.0,41.0,44.0,1.0,4.0,4.0,4.0,0.0,1.0,0.0,44.0,0.2,1.0,0.26666667461395266,15144.829478870739,5781.40625,3760.64306640625,3995.02783203125,3760.64306640625,3995.02783203125,35.15218025445938
test,dropout030_relay_failure,multi_relation,none,none,none,2,60,EA-RG-MAPPO-S,results/intercept_3d_gate1_hardened_safety_5seed_formal_candidate/runs/multi_relation/bc_ppo_seed2/actor_critic_update_0060.pt,310000,0,checkpoint,100,straight,True,True,80,0.2,1.0,0.3,0,0.0,1,40,80,True,1.0,1.0,1.0,0.029629630512661403,0.4370370414521959,0.6370370454258389,48.766666971643765,0.0,0.0,0.0,45.0,42.0,45.0,1.0,5.0,5.0,5.0,0.0,1.0,0.0,45.0,0.16666666666666666,1.0,0.19444445023934046,14850.061957465277,5172.58642578125,3386.21484375,4141.37060546875,3386.21484375,4141.37060546875,36.73440358042717
test,dropout030_relay_failure,multi_relation,none,none,none,2,60,EA-RG-MAPPO-S,results/intercept_3d_gate1_hardened_safety_5seed_formal_candidate/runs/multi_relation/bc_ppo_seed2/actor_critic_update_0060.pt,310003,3,checkpoint,100,straight,True,True,80,0.2,1.0,0.3,0,0.0,1,40,80,True,1.0,1.0,1.0,0.029629630512661403,0.4296296338240306,0.7185185256931517,47.677777439024716,0.0,0.0,0.0,45.0,42.0,45.0,1.0,5.0,5.0,5.0,0.0,1.0,0.0,45.0,0.16666666666666666,1.0,0.2500000074505806,14993.647102864583,5508.11572265625,3538.88671875,3415.33447265625,3538.88671875,3415.33447265625,37.21277144551277
test,dropout030_relay_failure,multi_relation,none,none,none,2,60,EA-RG-MAPPO-S,results/intercept_3d_gate1_hardened_safety_5seed_formal_candidate/runs/multi_relation/bc_ppo_seed2/actor_critic_update_0060.pt,310006,6,checkpoint,100,straight,True,True,80,0.2,1.0,0.3,0,0.0,1,40,80,True,1.0,1.0,1.0,0.029629630512661403,0.4370370414521959,0.6370370457569758,43.00740741226408,0.0,0.0,0.0,45.0,42.0,45.0,1.0,5.0,5.0,5.0,0.0,1.0,0.0,45.0,0.16666666666666666,1.0,0.19444445023934046,14881.121148003473,5226.47412109375,3445.160400390625,3742.128662109375,3445.160400390625,3742.128662109375,36.986086666584015
test,dropout030_relay_failure,multi_relation,none,none,none,2,60,EA-RG-MAPPO-S,results/intercept_3d_gate1_hardened_safety_5seed_formal_candidate/runs/multi_relation/bc_ppo_seed2/actor_critic_update_0060.pt,310016,16,checkpoint,100,straight,True,True,80,0.2,1.0,0.3,0,0.0,1,40,80,True,1.0,1.0,1.0,0.029629630512661403,0.4370370414521959,0.6518518610133065,47.79629666639699,0.0,0.0,0.0,45.0,42.0,45.0,1.0,5.0,5.0,5.0,0.0,1.0,0.0,45.0,0.16666666666666666,1.0,0.22222222884496054,14896.723491753472,5362.5087890625,3395.367919921875,3609.052734375,3395.367919921875,3609.052734375,36.77447798848152
test,dropout030_relay_failure,multi_relation,none,none,none,2,60,EA-RG-MAPPO-S,results/intercept_3d_gate1_hardened_safety_5seed_formal_candidate/runs/multi_relation/bc_ppo_seed2/actor_critic_update_0060.pt,310020,20,checkpoint,100,straight,True,True,80,0.2,1.0,0.3,0,0.0,1,40,80,True,1.0,1.0,1.0,0.029629630512661403,0.4370370414521959,0.6814814882145988,46.844444105029105,0.0,0.0,0.0,45.0,42.0,45.0,1.0,5.0,5.0,5.0,0.0,1.0,0.0,45.0,0.16666666666666666,1.0,0.2500000074505806,14882.011078559028,5248.45654296875,3548.406005859375,3521.83251953125,3548.406005859375,3521.83251953125,37.2481250166893
test,dropout030_relay_failure,multi_relation,none,none,none,2,60,EA-RG-MAPPO-S,results/intercept_3d_gate1_hardened_safety_5seed_formal_candidate/runs/multi_relation/bc_ppo_seed2/actor_critic_update_0060.pt,310021,21,checkpoint,100,straight,True,True,80,0.2,1.0,0.3,0,0.0,1,40,80,True,1.0,1.0,1.0,0.029629630512661403,0.4296296338240306,0.7037037084499995,43.90740701291296,0.0,0.0,0.0,45.0,42.0,45.0,1.0,5.0,5.0,5.0,0.0,1.0,0.0,45.0,0.16666666666666666,1.0,0.22222222884496054,14850.097884114582,5157.36181640625,3676.56787109375,3693.478271484375,3676.56787109375,3693.478271484375,37.45583215355873
test,dropout030_relay_failure,multi_relation,none,none,none,2,60,EA-RG-MAPPO-S,results/intercept_3d_gate1_hardened_safety_5seed_formal_candidate/runs/multi_relation/bc_ppo_seed2/actor_critic_update_0060.pt,310022,22,checkpoint,100,straight,True,True,80,0.2,1.0,0.3,0,0.0,1,40,80,True,1.0,1.0,1.0,0.029629630512661403,0.4370370414521959,0.5888888994852702,48.911111226346755,0.0,0.0,0.0,45.0,42.0,45.0,1.0,5.0,5.0,5.0,0.0,1.0,0.0,45.0,0.16666666666666666,1.0,0.22222222884496054,14858.92197265625,5203.82568359375,3506.895751953125,3829.44482421875,3506.895751953125,3829.44482421875,36.271572291851044
test,dropout030_relay_failure,multi_relation,none,none,none,2,60,EA-RG-MAPPO-S,results/intercept_3d_gate1_hardened_safety_5seed_formal_candidate/runs/multi_relation/bc_ppo_seed2/actor_critic_update_0060.pt,310025,25,checkpoint,100,straight,True,True,80,0.2,1.0,0.3,0,0.0,1,40,80,True,1.0,1.0,1.0,0.029629630512661403,0.4370370414521959,0.7333333402872085,46.811110775007144,0.0,0.0,0.0,45.0,42.0,45.0,1.0,5.0,5.0,5.0,0.0,1.0,0.0,45.0,0.16666666666666666,1.0,0.2777777860562007,14852.234006076389,5146.67138671875,3759.119873046875,3783.930908203125,3759.119873046875,3783.930908203125,37.83416587114334
test,dropout030_relay_failure,multi_relation,none,none,none,2,60,EA-RG-MAPPO-S,results/intercept_3d_gate1_hardened_safety_5seed_formal_candidate/runs/multi_relation/bc_ppo_seed2/actor_critic_update_0060.pt,310028,28,checkpoint,100,straight,True,True,80,0.2,1.0,0.3,0,0.0,1,40,80,True,1.0,1.0,1.0,0.029629630512661403,0.4296296338240306,0.700000007616149,42.94814808666706,0.0,0.0,0.0,45.0,42.0,45.0,1.0,5.0,5.0,5.0,0.0,1.0,0.0,45.0,0.16666666666666666,1.0,0.22222222884496054,14874.690798611111,5226.5791015625,3485.397216796875,3547.853515625,3485.397216796875,3547.853515625,37.41914305090904
test,dropout030_relay_failure,multi_relation,none,none,none,2,60,EA-RG-MAPPO-S,results/intercept_3d_gate1_hardened_safety_5seed_formal_candidate/runs/multi_relation/bc_ppo_seed2/actor_critic_update_0060.pt,310030,30,checkpoint,100,straight,True,True,80,0.2,1.0,0.3,0,0.0,1,40,80,True,1.0,1.0,1.0,0.029629630512661403,0.4370370414521959,0.6703703784280353,43.0407409724262,0.0,0.0,0.0,45.0,42.0,45.0,1.0,5.0,5.0,5.0,0.0,1.0,0.0,45.0,0.16666666666666666,1.0,0.1666666716337204,14864.334819878472,5092.5595703125,3783.840087890625,3727.590087890625,3783.840087890625,3727.590087890625,37.46598994731903
test,dropout030_relay_failure,multi_relation,none,none,none,2,60,EA-RG-MAPPO-S,results/intercept_3d_gate1_hardened_safety_5seed_formal_candidate/runs/multi_relation/bc_ppo_seed2/actor_critic_update_0060.pt,310032,32,checkpoint,100,straight,True,True,80,0.2,1.0,0.3,0,0.0,1,40,80,True,1.0,1.0,1.0,0.029629630512661403,0.4370370414521959,0.6407407522201538,54.53703709377183,0.0,0.0,0.0,45.0,42.0,45.0,1.0,5.0,5.0,5.0,0.0,1.0,0.0,45.0,0.16666666666666666,1.0,0.22222222884496054,14862.517491319444,5220.55615234375,3727.51416015625,3827.021728515625,3727.51416015625,3827.021728515625,36.632694989442825
test,dropout030_relay_failure,multi_relation,none,none,none,2,60,EA-RG-MAPPO-S,results/intercept_3d_gate1_hardened_safety_5seed_formal_candidate/runs/multi_relation/bc_ppo_seed2/actor_critic_update_0060.pt,310035,35,checkpoint,100,straight,True,True,80,0.2,1.0,0.3,0,0.0,1,40,80,True,1.0,1.0,1.0,0.029629630512661403,0.4370370414521959,0.6444444517294566,43.02592578596539,0.0,0.0,0.0,45.0,42.0,45.0,1.0,5.0,5.0,5.0,0.0,1.0,0.0,45.0,0.16666666666666666,1.0,0.19444445023934046,14844.590538194445,5095.15087890625,3381.9912109375,3710.90625,3381.9912109375,3710.90625,37.173704236745834
test,dropout030_relay_failure,multi_relation,none,none,none,2,60,EA-RG-MAPPO-S,results/intercept_3d_gate1_hardened_safety_5seed_formal_candidate/runs/multi_relation/bc_ppo_seed2/actor_critic_update_0060.pt,310039,39,checkpoint,100,straight,True,True,80,0.2,1.0,0.3,0,0.0,1,40,80,True,1.0,1.0,1.0,0.029629630512661403,0.4370370414521959,0.6925925973388883,42.97037009000778,0.0,0.0,0.0,45.0,42.0,45.0,1.0,5.0,5.0,5.0,0.0,1.0,0.0,45.0,0.16666666666666666,1.0,0.2500000074505806,14864.358170572918,5176.15869140625,3398.9814453125,3893.2744140625,3398.9814453125,3893.2744140625,37.508645594120026
test,dropout030_relay_failure,multi_relation,none,none,none,2,60,EA-RG-MAPPO-S,results/intercept_3d_gate1_hardened_safety_5seed_formal_candidate/runs/multi_relation/bc_ppo_seed2/actor_critic_update_0060.pt,310041,41,checkpoint,100,straight,True,True,80,0.2,1.0,0.3,0,0.0,1,40,80,True,1.0,1.0,1.0,0.029629630512661403,0.4370370414521959,0.6148148215479321,41.192592429452475,0.0,0.0,0.0,45.0,42.0,45.0,1.0,5.0,5.0,5.0,0.0,1.0,0.0,45.0,0.16666666666666666,1.0,0.22222222884496054,14895.862348090277,5319.96240234375,3360.56787109375,3578.646484375,3360.56787109375,3578.646484375,36.789701610803604
test,dropout030_relay_failure,multi_relation,none,none,none,2,60,EA-RG-MAPPO-S,results/intercept_3d_gate1_hardened_safety_5seed_formal_candidate/runs/multi_relation/bc_ppo_seed2/actor_critic_update_0060.pt,310045,45,checkpoint,100,straight,True,True,80,0.2,1.0,0.3,0,0.0,1,40,80,True,1.0,1.0,1.0,0.029629630512661403,0.4370370414521959,0.6666666742828157,51.6296298282014,0.0,0.0,0.0,45.0,42.0,45.0,1.0,5.0,5.0,5.0,0.0,1.0,0.0,45.0,0.16666666666666666,1.0,0.2500000074505806,14872.594921875,5229.767578125,3427.107177734375,3912.553466796875,3427.107177734375,3912.553466796875,36.92101067304611
test,dropout030_relay_failure,multi_relation,none,none,none,2,60,EA-RG-MAPPO-S,results/intercept_3d_gate1_hardened_safety_5seed_formal_candidate/runs/multi_relation/bc_ppo_seed2/actor_critic_update_0060.pt,310046,46,checkpoint,100,straight,True,True,80,0.2,1.0,0.3,0,0.0,1,40,80,True,1.0,1.0,1.0,0.029629630512661403,0.4370370414521959,0.6185185256931517,46.859259092476634,0.0,0.0,0.0,45.0,42.0,45.0,1.0,5.0,5.0,5.0,0.0,1.0,0.0,45.0,0.16666666666666666,1.0,0.2777777860562007,14871.833940972223,5166.00927734375,3496.36279296875,3497.2138671875,3496.36279296875,3497.2138671875,36.756870418787
test,dropout030_relay_failure,multi_relation,none,none,none,2,60,EA-RG-MAPPO-S,results/intercept_3d_gate1_hardened_safety_5seed_formal_candidate/runs/multi_relation/bc_ppo_seed2/actor_critic_update_0060.pt,310007,7,checkpoint,100,straight,True,True,80,0.2,1.0,0.3,0,0.0,1,40,80,True,1.0,1.0,1.0,0.028985508110212242,0.44927536663801776,0.6630434853875119,44.08333322179058,0.0,0.0,0.0,46.0,43.0,46.0,1.0,6.0,6.0,6.0,0.0,1.0,0.0,46.0,0.14285714285714285,1.0,0.26190476971013205,14659.512504245924,4720.08251953125,3659.324951171875,3500.59326171875,3659.324951171875,3500.59326171875,38.20979928970337
test,dropout030_relay_failure,multi_relation,none,none,none,2,60,EA-RG-MAPPO-S,results/intercept_3d_gate1_hardened_safety_5seed_formal_candidate/runs/multi_relation/bc_ppo_seed2/actor_critic_update_0060.pt,310008,8,checkpoint,100,straight,True,True,80,0.2,1.0,0.3,0,0.0,1,40,80,True,1.0,1.0,1.0,0.028985508110212242,0.44927536663801776,0.6956521820115007,40.31159437188636,0.0,0.0,0.0,46.0,43.0,46.0,1.0,6.0,6.0,6.0,0.0,1.0,0.0,46.0,0.14285714285714285,1.0,0.23809524519102915,14656.160273012907,4752.0908203125,3398.874755859375,3169.988037109375,3398.874755859375,3169.988037109375,38.61677148938179
test,dropout030_relay_failure,multi_relation,none,none,none,2,60,EA-RG-MAPPO-S,results/intercept_3d_gate1_hardened_safety_5seed_formal_candidate/runs/multi_relation/bc_ppo_seed2/actor_critic_update_0060.pt,310009,9,checkpoint,100,straight,True,True,80,0.2,1.0,0.3,0,0.0,1,40,80,True,1.0,1.0,1.0,0.028985508110212242,0.44202898961046466,0.6086956583287405,49.73188436614431,0.0,0.0,0.0,46.0,43.0,46.0,1.0,6.0,6.0,6.0,0.0,1.0,0.0,46.0,0.14285714285714285,1.0,0.23809524519102915,14692.585109544836,4820.81494140625,3690.10693359375,3830.056884765625,3690.10693359375,3830.056884765625,37.256687849760056
test,dropout030_relay_failure,multi_relation,none,none,none,2,60,EA-RG-MAPPO-S,results/intercept_3d_gate1_hardened_safety_5seed_formal_candidate/runs/multi_relation/bc_ppo_seed2/actor_critic_update_0060.pt,310012,12,checkpoint,100,straight,True,True,80,0.2,1.0,0.3,0,0.0,1,40,80,True,1.0,1.0,1.0,0.028985508110212242,0.44927536663801776,0.6666666748731033,42.141304459584795,0.0,0.0,0.0,46.0,43.0,46.0,1.0,6.0,6.0,6.0,0.0,1.0,0.0,46.0,0.14285714285714285,1.0,0.19047619615282332,14646.047777258831,4672.18408203125,3536.2890625,3772.032470703125,3536.2890625,3772.032470703125,38.418613106012344
test,dropout030_relay_failure,multi_relation,none,none,none,2,60,EA-RG-MAPPO-S,results/intercept_3d_gate1_hardened_safety_5seed_formal_candidate/runs/multi_relation/bc_ppo_seed2/actor_critic_update_0060.pt,310013,13,checkpoint,100,straight,True,True,80,0.2,1.0,0.3,0,0.0,1,40,80,True,1.0,1.0,1.0,0.028985508110212242,0.44927536663801776,0.6702898640347563,40.380435001590975,0.0,0.0,0.0,46.0,43.0,46.0,1.0,6.0,6.0,6.0,0.0,1.0,0.0,46.0,0.14285714285714285,1.0,0.21428572067192622,14624.712264351223,4663.92626953125,3390.3671875,3398.954833984375,3390.3671875,3398.954833984375,38.426896184682846
test,dropout030_relay_failure,multi_relation,none,none,none,2,60,EA-RG-MAPPO-S,results/intercept_3d_gate1_hardened_safety_5seed_formal_candidate/runs/multi_relation/bc_ppo_seed2/actor_critic_update_0060.pt,310018,18,checkpoint,100,straight,True,True,80,0.2,1.0,0.3,0,0.0,1,40,80,True,1.0,1.0,1.0,0.028985508110212242,0.44927536663801776,0.6268116038130678,44.079710539916285,0.0,0.0,0.0,46.0,43.0,46.0,1.0,6.0,6.0,6.0,0.0,1.0,0.0,46.0,0.14285714285714285,1.0,0.26190476971013205,14654.719386888586,4809.1015625,3604.326904296875,3209.973876953125,3604.326904296875,3209.973876953125,37.73750413954258
test,dropout030_relay_failure,multi_relation,none,none,none,2,60,EA-RG-MAPPO-S,results/intercept_3d_gate1_hardened_safety_5seed_formal_candidate/runs/multi_relation/bc_ppo_seed2/actor_critic_update_0060.pt,310023,23,checkpoint,100,straight,True,True,80,0.2,1.0,0.3,0,0.0,1,40,80,True,1.0,1.0,1.0,0.028985508110212242,0.44927536663801776,0.6666666751970416,43.123188429876514,0.0,0.0,0.0,46.0,43.0,46.0,1.0,6.0,6.0,6.0,0.0,1.0,0.0,46.0,0.14285714285714285,1.0,0.21428572067192622,14638.560111667799,4733.44189453125,3640.6279296875,3696.148193359375,3640.6279296875,3696.148193359375,38.20936334133148
test,dropout030_relay_failure,multi_relation,none,none,none,2,60,EA-RG-MAPPO-S,results/intercept_3d_gate1_hardened_safety_5seed_formal_candidate/runs/multi_relation/bc_ppo_seed2/actor_critic_update_0060.pt,310027,27,checkpoint,100,straight,True,True,80,0.2,1.0,0.3,0,0.0,1,40,80,True,1.0,1.0,1.0,0.028985508110212242,0.44927536663801776,0.6557971096557119,39.41666672637929,0.0,0.0,0.0,46.0,43.0,46.0,1.0,6.0,6.0,6.0,0.0,1.0,0.0,46.0,0.14285714285714285,1.0,0.19047619615282332,14623.814230213995,4701.82763671875,3510.70849609375,3824.420166015625,3510.70849609375,3824.420166015625,38.29790487885475
test,dropout030_relay_failure,multi_relation,none,none,none,2,60,EA-RG-MAPPO-S,results/intercept_3d_gate1_hardened_safety_5seed_formal_candidate/runs/multi_relation/bc_ppo_seed2/actor_critic_update_0060.pt,310033,33,checkpoint,100,straight,True,True,80,0.2,1.0,0.3,0,0.0,1,40,80,True,1.0,1.0,1.0,0.028985508110212242,0.44202898961046466,0.6159420360041701,46.03985504741254,0.0,0.0,0.0,46.0,43.0,46.0,1.0,6.0,6.0,6.0,0.0,1.0,0.0,46.0,0.14285714285714285,1.0,0.21428572067192622,14669.832891049593,4696.23681640625,3627.0908203125,3327.850830078125,3627.0908203125,3327.850830078125,37.67827317118645
test,dropout030_relay_failure,multi_relation,none,none,none,2,60,EA-RG-MAPPO-S,results/intercept_3d_gate1_hardened_safety_5seed_formal_candidate/runs/multi_relation/bc_ppo_seed2/actor_critic_update_0060.pt,310037,37,checkpoint,100,straight,True,True,80,0.2,1.0,0.3,0,0.0,1,40,80,True,1.0,1.0,1.0,0.028985508110212242,0.44927536663801776,0.6594202971976736,45.93478238453036,0.0,0.0,0.0,46.0,43.0,46.0,1.0,6.0,6.0,6.0,0.0,1.0,0.0,46.0,0.14285714285714285,1.0,0.23809524519102915,14657.97465183424,4821.79150390625,3730.734375,3471.063720703125,3730.734375,3471.063720703125,37.939299181103706
test,dropout030_relay_failure,multi_relation,none,none,none,2,60,EA-RG-MAPPO-S,results/intercept_3d_gate1_hardened_safety_5seed_formal_candidate/runs/multi_relation/bc_ppo_seed2/actor_critic_update_0060.pt,310043,43,checkpoint,100,straight,True,True,80,0.2,1.0,0.3,0,0.0,1,40,80,True,1.0,1.0,1.0,0.028985508110212242,0.44927536663801776,0.6956521794199944,39.380434900198296,0.0,0.0,0.0,46.0,43.0,46.0,1.0,6.0,6.0,6.0,0.0,1.0,0.0,46.0,0.14285714285714285,1.0,0.23809524519102915,14617.827880859375,4673.7060546875,3423.661376953125,3294.391357421875,3423.661376953125,3294.391357421875,38.745118245482445
test,dropout030_relay_failure,multi_relation,none,none,none,2,60,EA-RG-MAPPO-S,results/intercept_3d_gate1_hardened_safety_5seed_formal_candidate/runs/multi_relation/bc_ppo_seed2/actor_critic_update_0060.pt,310047,47,checkpoint,100,straight,True,True,80,0.2,1.0,0.3,0,0.0,1,40,80,True,1.0,1.0,1.0,0.028985508110212242,0.44202898961046466,0.6630434850635736,49.73188409241645,0.0,0.0,0.0,46.0,43.0,46.0,1.0,6.0,6.0,6.0,0.0,1.0,0.0,46.0,0.14285714285714285,1.0,0.26190476971013205,14687.351965862772,4799.11279296875,3731.506103515625,3842.852783203125,3731.506103515625,3842.852783203125,37.769480377435684
test,dropout030_relay_failure,multi_relation,none,none,none,2,60,EA-RG-MAPPO-S,results/intercept_3d_gate1_hardened_safety_5seed_formal_candidate/runs/multi_relation/bc_ppo_seed2/actor_critic_update_0060.pt,310015,15,checkpoint,100,straight,True,True,80,0.2,1.0,0.3,0,0.0,1,40,80,True,1.0,1.0,1.0,0.02836879517169709,0.44680851507694164,0.5992907878566296,41.56382962807696,0.0,0.0,0.0,47.0,44.0,47.0,1.0,7.0,7.0,7.0,0.0,1.0,0.0,47.0,0.125,1.0,0.2083333395421505,14527.315647855718,4489.677734375,3213.322021484375,2987.779052734375,3213.322021484375,2987.779052734375,38.16793128848076
test,dropout030_relay_failure,multi_relation,none,none,none,2,60,EA-RG-MAPPO-S,results/intercept_3d_gate1_hardened_safety_5seed_formal_candidate/runs/multi_relation/bc_ppo_seed2/actor_critic_update_0060.pt,310053,53,checkpoint,100,straight,True,True,80,0.2,1.0,0.3,0,0.0,1,40,80,True,1.0,1.0,1.0,0.03030303120613098,0.4242424287579276,0.715909097682346,47.74242424423044,0.0,0.0,0.0,44.0,41.0,44.0,1.0,4.0,4.0,4.0,0.0,1.0,0.0,44.0,0.2,1.0,0.20000000596046447,15143.164195667614,5782.49951171875,3800.540771484375,3629.7333984375,3800.540771484375,3629.7333984375,36.618133425712585
test,dropout030_relay_failure,multi_relation,none,none,none,2,60,EA-RG-MAPPO-S,results/intercept_3d_gate1_hardened_safety_5seed_formal_candidate/runs/multi_relation/bc_ppo_seed2/actor_critic_update_0060.pt,310058,58,checkpoint,100,straight,True,True,80,0.2,1.0,0.3,0,0.0,1,40,80,True,1.0,1.0,1.0,0.03030303120613098,0.4242424287579276,0.6515151597559452,48.833332842385225,0.0,0.0,0.0,44.0,41.0,44.0,1.0,4.0,4.0,4.0,0.0,1.0,0.0,44.0,0.2,1.0,0.23333334028720856,15111.81064675071,5700.60986328125,3791.912841796875,3843.109375,3791.912841796875,3843.109375,36.04191257059574
test,dropout030_relay_failure,multi_relation,none,none,none,2,60,EA-RG-MAPPO-S,results/intercept_3d_gate1_hardened_safety_5seed_formal_candidate/runs/multi_relation/bc_ppo_seed2/actor_critic_update_0060.pt,310059,59,checkpoint,100,straight,True,True,80,0.2,1.0,0.3,0,0.0,1,40,80,True,1.0,1.0,1.0,0.03030303120613098,0.41666667095639487,0.6401515233923089,46.83712112497199,0.0,0.0,0.0,44.0,41.0,44.0,1.0,4.0,4.0,4.0,0.0,1.0,0.0,44.0,0.2,1.0,0.26666667461395266,15171.514137961647,5888.3203125,3707.7822265625,3804.483642578125,3707.7822265625,3804.483642578125,35.631449818611145
test,dropout030_relay_failure,multi_relation,none,none,none,2,60,EA-RG-MAPPO-S,results/intercept_3d_gate1_hardened_safety_5seed_formal_candidate/runs/multi_relation/bc_ppo_seed2/actor_critic_update_0060.pt,310066,66,checkpoint,100,straight,True,True,80,0.2,1.0,0.3,0,0.0,1,40,80,True,1.0,1.0,1.0,0.03030303120613098,0.4242424287579276,0.6250000081279061,50.837121158499606,0.0,0.0,0.0,44.0,41.0,44.0,1.0,4.0,4.0,4.0,0.0,1.0,0.0,44.0,0.2,1.0,0.1666666716337204,15162.052501331676,5879.03271484375,3751.496826171875,3787.177734375,3751.496826171875,3787.177734375,35.55133271217346
test,dropout030_relay_failure,multi_relation,none,none,none,2,60,EA-RG-MAPPO-S,results/intercept_3d_gate1_hardened_safety_5seed_formal_candidate/runs/multi_relation/bc_ppo_seed2/actor_critic_update_0060.pt,310077,77,checkpoint,100,straight,True,True,80,0.2,1.0,0.3,0,0.0,1,40,80,True,1.0,1.0,1.0,0.03030303120613098,0.40909091383218765,0.613636372780258,45.924242535775356,0.0,0.0,0.0,44.0,41.0,44.0,1.0,4.0,4.0,4.0,0.0,1.0,0.0,44.0,0.2,1.0,0.1666666716337204,15228.491266424006,5899.02587890625,3680.394775390625,3807.921875,3680.394775390625,3807.921875,35.33479803800583
test,dropout030_relay_failure,multi_relation,none,none,none,2,60,EA-RG-MAPPO-S,results/intercept_3d_gate1_hardened_safety_5seed_formal_candidate/runs/multi_relation/bc_ppo_seed2/actor_critic_update_0060.pt,310078,78,checkpoint,100,straight,True,True,80,0.2,1.0,0.3,0,0.0,1,40,80,True,1.0,1.0,1.0,0.03030303120613098,0.4242424287579276,0.6401515250856226,46.89015128632838,0.0,0.0,0.0,44.0,41.0,44.0,1.0,4.0,4.0,4.0,0.0,1.0,0.0,44.0,0.2,1.0,0.20000000596046447,15136.987093838778,5685.79833984375,3639.657470703125,3964.08740234375,3639.657470703125,3964.08740234375,35.96654608845711
test,dropout030_relay_failure,multi_relation,none,none,none,2,60,EA-RG-MAPPO-S,results/intercept_3d_gate1_hardened_safety_5seed_formal_candidate/runs/multi_relation/bc_ppo_seed2/actor_critic_update_0060.pt,310081,81,checkpoint,100,straight,True,True,80,0.2,1.0,0.3,0,0.0,1,40,80,True,1.0,1.0,1.0,0.03030303120613098,0.4242424287579276,0.6477272808551788,49.840909094634384,0.0,0.0,0.0,44.0,41.0,44.0,1.0,4.0,4.0,4.0,0.0,1.0,0.0,44.0,0.2,1.0,0.10000000298023223,15126.058882279829,5649.826171875,3653.10791015625,4134.716796875,3653.10791015625,4134.716796875,35.9344824552536
test,dropout030_relay_failure,multi_relation,none,none,none,2,60,EA-RG-MAPPO-S,results/intercept_3d_gate1_hardened_safety_5seed_formal_candidate/runs/multi_relation/bc_ppo_seed2/actor_critic_update_0060.pt,310085,85,checkpoint,100,straight,True,True,80,0.2,1.0,0.3,0,0.0,1,40,80,True,1.0,1.0,1.0,0.03030303120613098,0.41666667095639487,0.6477272788232024,43.890151028944686,0.0,0.0,0.0,44.0,41.0,44.0,1.0,4.0,4.0,4.0,0.0,1.0,0.0,44.0,0.2,1.0,0.1666666716337204,15159.433338512074,5729.29248046875,3733.975830078125,3664.939453125,3733.975830078125,3664.939453125,35.99366998672485
test,dropout030_relay_failure,multi_relation,none,none,none,2,60,EA-RG-MAPPO-S,results/intercept_3d_gate1_hardened_safety_5seed_formal_candidate/runs/multi_relation/bc_ppo_seed2/actor_critic_update_0060.pt,310091,91,checkpoint,100,straight,True,True,80,0.2,1.0,0.3,0,0.0,1,40,80,True,1.0,1.0,1.0,0.03030303120613098,0.4242424287579276,0.6666666743430224,46.03787895833904,0.0,0.0,0.0,44.0,41.0,44.0,1.0,4.0,4.0,4.0,0.0,1.0,0.0,44.0,0.2,1.0,0.20000000596046447,15126.314763849432,5709.265625,3744.811767578125,3906.72705078125,3744.811767578125,3906.72705078125,36.325671434402466
test,dropout030_relay_failure,multi_relation,none,none,none,2,60,EA-RG-MAPPO-S,results/intercept_3d_gate1_hardened_safety_5seed_formal_candidate/runs/multi_relation/bc_ppo_seed2/actor_critic_update_0060.pt,310092,92,checkpoint,100,straight,True,True,80,0.2,1.0,0.3,0,0.0,1,40,80,True,1.0,1.0,1.0,0.03030303120613098,0.40909091383218765,0.6439394019544125,52.68181826919317,0.0,0.0,0.0,44.0,41.0,44.0,1.0,4.0,4.0,4.0,0.0,1.0,0.0,44.0,0.2,1.0,0.1666666716337204,15242.016934481535,6021.294921875,3542.46630859375,4219.54833984375,3542.46630859375,4219.54833984375,35.17663502693176
test,dropout030_relay_failure,multi_relation,none,none,none,2,60,EA-RG-MAPPO-S,results/intercept_3d_gate1_hardened_safety_5seed_formal_candidate/runs/multi_relation/bc_ppo_seed2/actor_critic_update_0060.pt,310097,97,checkpoint,100,straight,True,True,80,0.2,1.0,0.3,0,0.0,1,40,80,True,1.0,1.0,1.0,0.03030303120613098,0.4242424287579276,0.6931818232617595,45.92802983759479,0.0,0.0,0.0,44.0,41.0,44.0,1.0,4.0,4.0,4.0,0.0,1.0,0.0,44.0,0.2,1.0,0.23333334028720856,15123.23006924716,5679.96826171875,3756.072509765625,3681.7421875,3756.072509765625,3681.7421875,36.472916811704636
test,dropout030_relay_failure,multi_relation,none,none,none,2,60,EA-RG-MAPPO-S,results/intercept_3d_gate1_hardened_safety_5seed_formal_candidate/runs/multi_relation/bc_ppo_seed2/actor_critic_update_0060.pt,310052,52,checkpoint,100,straight,True,True,80,0.2,1.0,0.3,0,0.0,1,40,80,True,1.0,1.0,1.0,0.029629630512661403,0.4370370414521959,0.6888888948493533,42.951851630210875,0.0,0.0,0.0,45.0,42.0,45.0,1.0,5.0,5.0,5.0,0.0,1.0,0.0,45.0,0.16666666666666666,1.0,0.19444445023934046,14909.76875,5383.94775390625,3765.80078125,3060.673095703125,3765.80078125,3060.673095703125,37.33265379071236
test,dropout030_relay_failure,multi_relation,none,none,none,2,60,EA-RG-MAPPO-S,results/intercept_3d_gate1_hardened_safety_5seed_formal_candidate/runs/multi_relation/bc_ppo_seed2/actor_critic_update_0060.pt,310054,54,checkpoint,100,straight,True,True,80,0.2,1.0,0.3,0,0.0,1,40,80,True,1.0,1.0,1.0,0.029629630512661403,0.4370370414521959,0.6259259343147278,46.95185184909238,0.0,0.0,0.0,45.0,42.0,45.0,1.0,5.0,5.0,5.0,0.0,1.0,0.0,45.0,0.16666666666666666,1.0,0.22222222884496054,14930.711740451388,5345.11865234375,3432.706787109375,3717.231201171875,3432.706787109375,3717.231201171875,36.66777387261391
test,dropout030_relay_failure,multi_relation,none,none,none,2,60,EA-RG-MAPPO-S,results/intercept_3d_gate1_hardened_safety_5seed_formal_candidate/runs/multi_relation/bc_ppo_seed2/actor_critic_update_0060.pt,310055,55,checkpoint,100,straight,True,True,80,0.2,1.0,0.3,0,0.0,1,40,80,True,1.0,1.0,1.0,0.029629630512661403,0.4370370414521959,0.6222222285138236,43.148148097263444,0.0,0.0,0.0,45.0,42.0,45.0,1.0,5.0,5.0,5.0,0.0,1.0,0.0,45.0,0.16666666666666666,1.0,0.22222222884496054,14855.395713975695,5214.05517578125,3755.90771484375,3352.9140625,3755.90771484375,3352.9140625,36.919717252254486
test,dropout030_relay_failure,multi_relation,none,none,none,2,60,EA-RG-MAPPO-S,results/intercept_3d_gate1_hardened_safety_5seed_formal_candidate/runs/multi_relation/bc_ppo_seed2/actor_critic_update_0060.pt,310056,56,checkpoint,100,straight,True,True,80,0.2,1.0,0.3,0,0.0,1,40,80,True,1.0,1.0,1.0,0.029629630512661403,0.4296296338240306,0.6518518603510327,46.829629853367805,0.0,0.0,0.0,45.0,42.0,45.0,1.0,5.0,5.0,5.0,0.0,1.0,0.0,45.0,0.16666666666666666,1.0,0.1666666716337204,14859.628526475695,5167.62646484375,3519.3740234375,3563.00732421875,3519.3740234375,3563.00732421875,36.936937034130096
test,dropout030_relay_failure,multi_relation,none,none,none,2,60,EA-RG-MAPPO-S,results/intercept_3d_gate1_hardened_safety_5seed_formal_candidate/runs/multi_relation/bc_ppo_seed2/actor_critic_update_0060.pt,310057,57,checkpoint,100,straight,True,True,80,0.2,1.0,0.3,0,0.0,1,40,80,True,1.0,1.0,1.0,0.029629630512661403,0.4370370414521959,0.6444444530540042,48.7037039856116,0.0,0.0,0.0,45.0,42.0,45.0,1.0,5.0,5.0,5.0,0.0,1.0,0.0,45.0,0.16666666666666666,1.0,0.19444445023934046,14880.530544704861,5260.32373046875,3474.25048828125,3952.36181640625,3474.25048828125,3952.36181640625,36.751277297735214
test,dropout030_relay_failure,multi_relation,none,none,none,2,60,EA-RG-MAPPO-S,results/intercept_3d_gate1_hardened_safety_5seed_formal_candidate/runs/multi_relation/bc_ppo_seed2/actor_critic_update_0060.pt,310060,60,checkpoint,100,straight,True,True,80,0.2,1.0,0.3,0,0.0,1,40,80,True,1.0,1.0,1.0,0.029629630512661403,0.4370370414521959,0.7259259313344956,43.90740715828207,0.0,0.0,0.0,45.0,42.0,45.0,1.0,5.0,5.0,5.0,0.0,1.0,0.0,45.0,0.16666666666666666,1.0,0.2777777860562007,14896.76142578125,5203.8974609375,3524.5205078125,3699.16552734375,3524.5205078125,3699.16552734375,37.753338277339935
test,dropout030_relay_failure,multi_relation,none,none,none,2,60,EA-RG-MAPPO-S,results/intercept_3d_gate1_hardened_safety_5seed_formal_candidate/runs/multi_relation/bc_ppo_seed2/actor_critic_update_0060.pt,310062,62,checkpoint,100,straight,True,True,80,0.2,1.0,0.3,0,0.0,1,40,80,True,1.0,1.0,1.0,0.029629630512661403,0.4370370414521959,0.6370370450947019,45.8666667216354,0.0,0.0,0.0,45.0,42.0,45.0,1.0,5.0,5.0,5.0,0.0,1.0,0.0,45.0,0.16666666666666666,1.0,0.19444445023934046,14861.032530381945,5154.681640625,3320.71337890625,3856.69873046875,3320.71337890625,3856.69873046875,36.93328884243965
test,dropout030_relay_failure,multi_relation,none,none,none,2,60,EA-RG-MAPPO-S,results/intercept_3d_gate1_hardened_safety_5seed_formal_candidate/runs/multi_relation/bc_ppo_seed2/actor_critic_update_0060.pt,310063,63,checkpoint,100,straight,True,True,80,0.2,1.0,0.3,0,0.0,1,40,80,True,1.0,1.0,1.0,0.029629630512661403,0.4296296338240306,0.6592592693037457,44.97407423853874,0.0,0.0,0.0,45.0,42.0,45.0,1.0,5.0,5.0,5.0,0.0,1.0,0.0,45.0,0.16666666666666666,1.0,0.2500000074505806,14863.819997829862,5168.39697265625,3865.94091796875,3778.02880859375,3865.94091796875,3778.02880859375,37.00020748376846
test,dropout030_relay_failure,multi_relation,none,none,none,2,60,EA-RG-MAPPO-S,results/intercept_3d_gate1_hardened_safety_5seed_formal_candidate/runs/multi_relation/bc_ppo_seed2/actor_critic_update_0060.pt,310064,64,checkpoint,100,straight,True,True,80,0.2,1.0,0.3,0,0.0,1,40,80,True,1.0,1.0,1.0,0.029629630512661403,0.4296296338240306,0.6370370467503865,47.885184933079614,0.0,0.0,0.0,45.0,42.0,45.0,1.0,5.0,5.0,5.0,0.0,1.0,0.0,45.0,0.16666666666666666,1.0,0.2500000074505806,14852.91300998264,5187.48974609375,3698.284912109375,3718.95166015625,3698.284912109375,3718.95166015625,36.735311299562454
test,dropout030_relay_failure,multi_relation,none,none,none,2,60,EA-RG-MAPPO-S,results/intercept_3d_gate1_hardened_safety_5seed_formal_candidate/runs/multi_relation/bc_ppo_seed2/actor_critic_update_0060.pt,310065,65,checkpoint,100,straight,True,True,80,0.2,1.0,0.3,0,0.0,1,40,80,True,1.0,1.0,1.0,0.029629630512661403,0.4370370414521959,0.6481481562058131,45.892592285407915,0.0,0.0,0.0,45.0,42.0,45.0,1.0,5.0,5.0,5.0,0.0,1.0,0.0,45.0,0.16666666666666666,1.0,0.19444445023934046,14858.585134548612,5120.10205078125,3619.603759765625,3854.528076171875,3619.603759765625,3854.528076171875,37.10222485661507
test,dropout030_relay_failure,multi_relation,none,none,none,2,60,EA-RG-MAPPO-S,results/intercept_3d_gate1_hardened_safety_5seed_formal_candidate/runs/multi_relation/bc_ppo_seed2/actor_critic_update_0060.pt,310069,69,checkpoint,100,straight,True,True,80,0.2,1.0,0.3,0,0.0,1,40,80,True,1.0,1.0,1.0,0.029629630512661403,0.4296296338240306,0.6481481562058131,44.06296299364832,0.0,0.0,0.0,45.0,42.0,45.0,1.0,5.0,5.0,5.0,0.0,1.0,0.0,45.0,0.16666666666666666,1.0,0.22222222884496054,14968.413823784722,5473.24560546875,3604.686279296875,3249.28759765625,3604.686279296875,3249.28759765625,36.66768375039101
test,dropout030_relay_failure,multi_relation,none,none,none,2,60,EA-RG-MAPPO-S,results/intercept_3d_gate1_hardened_safety_5seed_formal_candidate/runs/multi_relation/bc_ppo_seed2/actor_critic_update_0060.pt,310070,70,checkpoint,100,straight,True,True,80,0.2,1.0,0.3,0,0.0,1,40,80,True,1.0,1.0,1.0,0.029629630512661403,0.4370370414521959,0.6370370480749342,44.92962994045681,0.0,0.0,0.0,45.0,42.0,45.0,1.0,5.0,5.0,5.0,0.0,1.0,0.0,45.0,0.16666666666666666,1.0,0.2500000074505806,14960.343608940972,5543.31494140625,3511.55224609375,3400.90966796875,3511.55224609375,3400.90966796875,36.6822894513607
test,dropout030_relay_failure,multi_relation,none,none,none,2,60,EA-RG-MAPPO-S,results/intercept_3d_gate1_hardened_safety_5seed_formal_candidate/runs/multi_relation/bc_ppo_seed2/actor_critic_update_0060.pt,310071,71,checkpoint,100,straight,True,True,80,0.2,1.0,0.3,0,0.0,1,40,80,True,1.0,1.0,1.0,0.029629630512661403,0.4370370414521959,0.6333333419428931,47.903703737921184,0.0,0.0,0.0,45.0,42.0,45.0,1.0,5.0,5.0,5.0,0.0,1.0,0.0,45.0,0.16666666666666666,1.0,0.2500000074505806,14861.768413628472,5212.71484375,3565.48681640625,3512.533447265625,3565.48681640625,3512.533447265625,36.706842601299286
test,dropout030_relay_failure,multi_relation,none,none,none,2,60,EA-RG-MAPPO-S,results/intercept_3d_gate1_hardened_safety_5seed_formal_candidate/runs/multi_relation/bc_ppo_seed2/actor_critic_update_0060.pt,310073,73,checkpoint,100,straight,True,True,80,0.2,1.0,0.3,0,0.0,1,40,80,True,1.0,1.0,1.0,0.029629630512661403,0.4296296338240306,0.6666666746139527,41.15925909148322,0.0,0.0,0.0,45.0,42.0,45.0,1.0,5.0,5.0,5.0,0.0,1.0,0.0,45.0,0.16666666666666666,1.0,0.19444445023934046,14874.187239583332,5165.6484375,3677.68896484375,3581.085205078125,3677.68896484375,3581.085205078125,37.25048905611038
test,dropout030_relay_failure,multi_relation,none,none,none,2,60,EA-RG-MAPPO-S,results/intercept_3d_gate1_hardened_safety_5seed_formal_candidate/runs/multi_relation/bc_ppo_seed2/actor_critic_update_0060.pt,310075,75,checkpoint,100,straight,True,True,80,0.2,1.0,0.3,0,0.0,1,40,80,True,1.0,1.0,1.0,0.029629630512661403,0.4370370414521959,0.6407407492399215,46.95555564463139,0.0,0.0,0.0,45.0,42.0,45.0,1.0,5.0,5.0,5.0,0.0,1.0,0.0,45.0,0.16666666666666666,1.0,0.2500000074505806,14866.7193359375,5125.79443359375,3602.88916015625,3848.7529296875,3602.88916015625,3848.7529296875,36.9779486656189
test,dropout030_relay_failure,multi_relation,none,none,none,2,60,EA-RG-MAPPO-S,results/intercept_3d_gate1_hardened_safety_5seed_formal_candidate/runs/multi_relation/bc_ppo_seed2/actor_critic_update_0060.pt,310076,76,checkpoint,100,straight,True,True,80,0.2,1.0,0.3,0,0.0,1,40,80,True,1.0,1.0,1.0,0.029629630512661403,0.4370370414521959,0.6370370441012912,47.85185154477755,0.0,0.0,0.0,45.0,42.0,45.0,1.0,5.0,5.0,5.0,0.0,1.0,0.0,45.0,0.16666666666666666,1.0,0.3333333432674408,14892.621538628473,5182.72509765625,3348.874267578125,3906.77685546875,3348.874267578125,3906.77685546875,36.7905256152153
test,dropout030_relay_failure,multi_relation,none,none,none,2,60,EA-RG-MAPPO-S,results/intercept_3d_gate1_hardened_safety_5seed_formal_candidate/runs/multi_relation/bc_ppo_seed2/actor_critic_update_0060.pt,310079,79,checkpoint,100,straight,True,True,80,0.2,1.0,0.3,0,0.0,1,40,80,True,1.0,1.0,1.0,0.029629630512661403,0.4370370414521959,0.6407407482465108,45.04444410635365,0.0,0.0,0.0,45.0,42.0,45.0,1.0,5.0,5.0,5.0,0.0,1.0,0.0,45.0,0.16666666666666666,1.0,0.2500000074505806,14965.26884765625,5544.685546875,3463.201171875,3395.46142578125,3463.201171875,3395.46142578125,36.68816348910332
test,dropout030_relay_failure,multi_relation,none,none,none,2,60,EA-RG-MAPPO-S,results/intercept_3d_gate1_hardened_safety_5seed_formal_candidate/runs/multi_relation/bc_ppo_seed2/actor_critic_update_0060.pt,310080,80,checkpoint,100,straight,True,True,80,0.2,1.0,0.3,0,0.0,1,40,80,True,1.0,1.0,1.0,0.029629630512661403,0.4370370414521959,0.6555555635028415,42.040740573075084,0.0,0.0,0.0,45.0,42.0,45.0,1.0,5.0,5.0,5.0,0.0,1.0,0.0,45.0,0.16666666666666666,1.0,0.19444445023934046,14854.828287760416,5085.9326171875,3748.7958984375,3674.60888671875,3748.7958984375,3674.60888671875,37.427930265665054
test,dropout030_relay_failure,multi_relation,none,none,none,2,60,EA-RG-MAPPO-S,results/intercept_3d_gate1_hardened_safety_5seed_formal_candidate/runs/multi_relation/bc_ppo_seed2/actor_critic_update_0060.pt,310083,83,checkpoint,100,straight,True,True,80,0.2,1.0,0.3,0,0.0,1,40,80,True,1.0,1.0,1.0,0.029629630512661403,0.4370370414521959,0.66296297079987,41.10740740067429,0.0,0.0,0.0,45.0,42.0,45.0,1.0,5.0,5.0,5.0,0.0,1.0,0.0,45.0,0.16666666666666666,1.0,0.1666666716337204,14868.775086805555,5137.27685546875,3487.670654296875,3621.72216796875,3487.670654296875,3621.72216796875,37.35759490728378
test,dropout030_relay_failure,multi_relation,none,none,none,2,60,EA-RG-MAPPO-S,results/intercept_3d_gate1_hardened_safety_5seed_formal_candidate/runs/multi_relation/bc_ppo_seed2/actor_critic_update_0060.pt,310084,84,checkpoint,100,straight,True,True,80,0.2,1.0,0.3,0,0.0,1,40,80,True,1.0,1.0,1.0,0.029629630512661403,0.4370370414521959,0.6111111190583971,42.125926013125316,0.0,0.0,0.0,45.0,42.0,45.0,1.0,5.0,5.0,5.0,0.0,1.0,0.0,45.0,0.16666666666666666,1.0,0.19444445023934046,14881.754947916666,5261.45849609375,3583.7373046875,3287.090087890625,3583.7373046875,3287.090087890625,36.84621647000313
test,dropout030_relay_failure,multi_relation,none,none,none,2,60,EA-RG-MAPPO-S,results/intercept_3d_gate1_hardened_safety_5seed_formal_candidate/runs/multi_relation/bc_ppo_seed2/actor_critic_update_0060.pt,310090,90,checkpoint,100,straight,True,True,80,0.2,1.0,0.3,0,0.0,1,40,80,True,1.0,1.0,1.0,0.029629630512661403,0.4370370414521959,0.6629629727866915,41.081481375628044,0.0,0.0,0.0,45.0,42.0,45.0,1.0,5.0,5.0,5.0,0.0,1.0,0.0,45.0,0.16666666666666666,1.0,0.19444445023934046,14869.865809461806,5122.5361328125,3805.328369140625,3599.2431640625,3805.328369140625,3599.2431640625,37.47717523574829
test,dropout030_relay_failure,multi_relation,none,none,none,2,60,EA-RG-MAPPO-S,results/intercept_3d_gate1_hardened_safety_5seed_formal_candidate/runs/multi_relation/bc_ppo_seed2/actor_critic_update_0060.pt,310093,93,checkpoint,100,straight,True,True,80,0.2,1.0,0.3,0,0.0,1,40,80,True,1.0,1.0,1.0,0.029629630512661403,0.4370370414521959,0.6444444523917304,41.15925942791833,0.0,0.0,0.0,45.0,42.0,45.0,1.0,5.0,5.0,5.0,0.0,1.0,0.0,45.0,0.16666666666666666,1.0,0.22222222884496054,14879.001182725695,5155.75732421875,3618.9052734375,3615.527587890625,3618.9052734375,3615.527587890625,37.2760009765625
test,dropout030_relay_failure,multi_relation,none,none,none,2,60,EA-RG-MAPPO-S,results/intercept_3d_gate1_hardened_safety_5seed_formal_candidate/runs/multi_relation/bc_ppo_seed2/actor_critic_update_0060.pt,310095,95,checkpoint,100,straight,True,True,80,0.2,1.0,0.3,0,0.0,1,40,80,True,1.0,1.0,1.0,0.029629630512661403,0.4296296338240306,0.6518518600198958,41.07777800858021,0.0,0.0,0.0,45.0,42.0,45.0,1.0,5.0,5.0,5.0,0.0,1.0,0.0,45.0,0.16666666666666666,1.0,0.1666666716337204,14979.436968315973,5377.66357421875,3364.547119140625,3581.575439453125,3364.547119140625,3581.575439453125,36.925221145153046
test,dropout030_relay_failure,multi_relation,none,none,none,2,60,EA-RG-MAPPO-S,results/intercept_3d_gate1_hardened_safety_5seed_formal_candidate/runs/multi_relation/bc_ppo_seed2/actor_critic_update_0060.pt,310099,99,checkpoint,100,straight,True,True,80,0.2,1.0,0.3,0,0.0,1,40,80,True,1.0,1.0,1.0,0.029629630512661403,0.4370370414521959,0.6962963047954771,42.955555611517696,0.0,0.0,0.0,45.0,42.0,45.0,1.0,5.0,5.0,5.0,0.0,1.0,0.0,45.0,0.16666666666666666,1.0,0.22222222884496054,14859.18508029514,5086.37646484375,3668.602783203125,3570.021240234375,3668.602783203125,3570.021240234375,37.79733228683472
test,dropout030_relay_failure,multi_relation,none,none,none,2,60,EA-RG-MAPPO-S,results/intercept_3d_gate1_hardened_safety_5seed_formal_candidate/runs/multi_relation/bc_ppo_seed2/actor_critic_update_0060.pt,310061,61,checkpoint,100,straight,True,True,80,0.2,1.0,0.3,0,0.0,1,40,80,True,1.0,1.0,1.0,0.028985508110212242,0.44202898961046466,0.6449275457340738,45.89855078575404,0.0,0.0,0.0,46.0,43.0,46.0,1.0,6.0,6.0,6.0,0.0,1.0,0.0,46.0,0.14285714285714285,1.0,0.3095238187483379,14683.30562160326,4772.6005859375,3888.477783203125,3891.232666015625,3888.477783203125,3891.232666015625,37.76563969254494
test,dropout030_relay_failure,multi_relation,none,none,none,2,60,EA-RG-MAPPO-S,results/intercept_3d_gate1_hardened_safety_5seed_formal_candidate/runs/multi_relation/bc_ppo_seed2/actor_critic_update_0060.pt,310067,67,checkpoint,100,straight,True,True,80,0.2,1.0,0.3,0,0.0,1,40,80,True,1.0,1.0,1.0,0.028985508110212242,0.44927536663801776,0.6775362384708031,45.931159365112364,0.0,0.0,0.0,46.0,43.0,46.0,1.0,6.0,6.0,6.0,0.0,1.0,0.0,46.0,0.14285714285714285,1.0,0.23809524519102915,14641.860733695652,4755.71484375,3572.03466796875,3855.633056640625,3572.03466796875,3855.633056640625,38.150466710329056
test,dropout030_relay_failure,multi_relation,none,none,none,2,60,EA-RG-MAPPO-S,results/intercept_3d_gate1_hardened_safety_5seed_formal_candidate/runs/multi_relation/bc_ppo_seed2/actor_critic_update_0060.pt,310068,68,checkpoint,100,straight,True,True,80,0.2,1.0,0.3,0,0.0,1,40,80,True,1.0,1.0,1.0,0.028985508110212242,0.44927536663801776,0.6884058056318242,40.2862322230054,0.0,0.0,0.0,46.0,43.0,46.0,1.0,6.0,6.0,6.0,0.0,1.0,0.0,46.0,0.14285714285714285,1.0,0.28571429422923494,14645.598961871603,4714.37353515625,3564.201416015625,3738.083251953125,3564.201416015625,3738.083251953125,38.579751551151276
test,dropout030_relay_failure,multi_relation,none,none,none,2,60,EA-RG-MAPPO-S,results/intercept_3d_gate1_hardened_safety_5seed_formal_candidate/runs/multi_relation/bc_ppo_seed2/actor_critic_update_0060.pt,310074,74,checkpoint,100,straight,True,True,80,0.2,1.0,0.3,0,0.0,1,40,80,True,1.0,1.0,1.0,0.028985508110212242,0.44202898961046466,0.6557971099796502,44.949275309300944,0.0,0.0,0.0,46.0,43.0,46.0,1.0,6.0,6.0,6.0,0.0,1.0,0.0,46.0,0.14285714285714285,1.0,0.21428572067192622,14681.929761803669,4754.96142578125,3656.999267578125,3711.516845703125,3656.999267578125,3711.516845703125,37.92772662639618
test,dropout030_relay_failure,multi_relation,none,none,none,2,60,EA-RG-MAPPO-S,results/intercept_3d_gate1_hardened_safety_5seed_formal_candidate/runs/multi_relation/bc_ppo_seed2/actor_critic_update_0060.pt,310082,82,checkpoint,100,straight,True,True,80,0.2,1.0,0.3,0,0.0,1,40,80,True,1.0,1.0,1.0,0.028985508110212242,0.44927536663801776,0.6268116015454998,44.992753322357714,0.0,0.0,0.0,46.0,43.0,46.0,1.0,6.0,6.0,6.0,0.0,1.0,0.0,46.0,0.14285714285714285,1.0,0.21428572067192622,14641.086988366169,4775.54931640625,3468.51904296875,3255.076904296875,3468.51904296875,3255.076904296875,37.719567716121674
test,dropout030_relay_failure,multi_relation,none,none,none,2,60,EA-RG-MAPPO-S,results/intercept_3d_gate1_hardened_safety_5seed_formal_candidate/runs/multi_relation/bc_ppo_seed2/actor_critic_update_0060.pt,310087,87,checkpoint,100,straight,True,True,80,0.2,1.0,0.3,0,0.0,1,40,80,True,1.0,1.0,1.0,0.028985508110212242,0.44927536663801776,0.6775362397665563,44.03623199819223,0.0,0.0,0.0,46.0,43.0,46.0,1.0,6.0,6.0,6.0,0.0,1.0,0.0,46.0,0.14285714285714285,1.0,0.21428572067192622,14645.156218155571,4690.83251953125,3627.433349609375,3607.52880859375,3627.433349609375,3607.52880859375,38.316805720329285
test,dropout030_relay_failure,multi_relation,none,none,none,2,60,EA-RG-MAPPO-S,results/intercept_3d_gate1_hardened_safety_5seed_formal_candidate/runs/multi_relation/bc_ppo_seed2/actor_critic_update_0060.pt,310089,89,checkpoint,100,straight,True,True,80,0.2,1.0,0.3,0,0.0,1,40,80,True,1.0,1.0,1.0,0.028985508110212242,0.44927536663801776,0.5543478364529817,46.99637722062028,0.0,0.0,0.0,46.0,43.0,46.0,1.0,6.0,6.0,6.0,0.0,1.0,0.0,46.0,0.14285714285714285,1.0,0.21428572067192622,14660.971329398777,4787.86962890625,3968.851806640625,4043.61572265625,3968.851806640625,4043.61572265625,36.9626522064209
test,dropout030_relay_failure,multi_relation,none,none,none,2,60,EA-RG-MAPPO-S,results/intercept_3d_gate1_hardened_safety_5seed_formal_candidate/runs/multi_relation/bc_ppo_seed2/actor_critic_update_0060.pt,310094,94,checkpoint,100,straight,True,True,80,0.2,1.0,0.3,0,0.0,1,40,80,True,1.0,1.0,1.0,0.028985508110212242,0.44927536663801776,0.6630434860353884,42.21014514857012,0.0,0.0,0.0,46.0,43.0,46.0,1.0,6.0,6.0,6.0,0.0,1.0,0.0,46.0,0.14285714285714285,1.0,0.26190476971013205,14639.282619310461,4741.15625,3471.86572265625,3192.57275390625,3471.86572265625,3192.57275390625,38.21647161245346
test,dropout030_relay_failure,multi_relation,none,none,none,2,60,EA-RG-MAPPO-S,results/intercept_3d_gate1_hardened_safety_5seed_formal_candidate/runs/multi_relation/bc_ppo_seed2/actor_critic_update_0060.pt,310096,96,checkpoint,100,straight,True,True,80,0.2,1.0,0.3,0,0.0,1,40,80,True,1.0,1.0,1.0,0.028985508110212242,0.44202898961046466,0.6630434853875119,50.626811566560164,0.0,0.0,0.0,46.0,43.0,46.0,1.0,6.0,6.0,6.0,0.0,1.0,0.0,46.0,0.14285714285714285,1.0,0.1666666716337204,14649.774254840353,4818.81494140625,3462.8701171875,3962.171630859375,3462.8701171875,3962.171630859375,37.545973122119904
test,dropout030_relay_failure,multi_relation,none,none,none,2,60,EA-RG-MAPPO-S,results/intercept_3d_gate1_hardened_safety_5seed_formal_candidate/runs/multi_relation/bc_ppo_seed2/actor_critic_update_0060.pt,310098,98,checkpoint,100,straight,True,True,80,0.2,1.0,0.3,0,0.0,1,40,80,True,1.0,1.0,1.0,0.028985508110212242,0.44927536663801776,0.6739130512527798,45.87318834856801,0.0,0.0,0.0,46.0,43.0,46.0,1.0,6.0,6.0,6.0,0.0,1.0,0.0,46.0,0.14285714285714285,1.0,0.21428572067192622,14665.489459493885,4774.828125,3778.10595703125,3742.6767578125,3778.10595703125,3742.6767578125,38.178151190280914
test,dropout030_relay_failure,multi_relation,none,none,none,2,60,EA-RG-MAPPO-S,results/intercept_3d_gate1_hardened_safety_5seed_formal_candidate/runs/multi_relation/bc_ppo_seed2/actor_critic_update_0060.pt,310050,50,checkpoint,100,straight,True,True,80,0.2,1.0,0.3,0,0.0,1,40,80,True,1.0,1.0,1.0,0.02836879517169709,0.4539007132357739,0.6134751848083861,47.91134716158218,0.0,0.0,0.0,47.0,44.0,47.0,1.0,7.0,7.0,7.0,0.0,1.0,0.0,47.0,0.125,1.0,0.18750000558793545,14478.271380485372,4371.45849609375,3497.181640625,3722.10107421875,3497.181640625,3722.10107421875,38.37682616710663
test,dropout030_relay_failure,multi_relation,none,none,none,2,60,EA-RG-MAPPO-S,results/intercept_3d_gate1_hardened_safety_5seed_formal_candidate/runs/multi_relation/bc_ppo_seed2/actor_critic_update_0060.pt,310072,72,checkpoint,100,straight,True,True,80,0.2,1.0,0.3,0,0.0,1,40,80,True,1.0,1.0,1.0,0.02836879517169709,0.4539007132357739,0.6418439809312212,40.47517715299383,0.0,0.0,0.0,47.0,44.0,47.0,1.0,7.0,7.0,7.0,0.0,1.0,0.0,47.0,0.125,1.0,0.22916667349636555,14449.449499251994,4352.0283203125,3404.576416015625,3538.7529296875,3404.576416015625,3538.7529296875,38.86649030447006
test,dropout030_relay_failure,multi_relation,none,none,none,2,60,EA-RG-MAPPO-S,results/intercept_3d_gate1_hardened_safety_5seed_formal_candidate/runs/multi_relation/bc_ppo_seed2/actor_critic_update_0060.pt,310086,86,checkpoint,100,straight,True,True,80,0.2,1.0,0.3,0,0.0,1,40,80,True,1.0,1.0,1.0,0.02836879517169709,0.44680851507694164,0.5567375970013598,43.32269524862158,0.0,0.0,0.0,47.0,44.0,47.0,1.0,7.0,7.0,7.0,0.0,1.0,0.0,47.0,0.125,1.0,0.1666666716337204,14486.434559923537,4487.19482421875,3208.8896484375,3804.17431640625,3208.8896484375,3804.17431640625,37.70258751511574
test,dropout030_relay_failure,multi_relation,none,none,none,2,60,EA-RG-MAPPO-S,results/intercept_3d_gate1_hardened_safety_5seed_formal_candidate/runs/multi_relation/bc_ppo_seed2/actor_critic_update_0060.pt,310051,51,checkpoint,100,straight,True,True,80,0.2,1.0,0.3,0,0.0,1,40,80,True,1.0,1.0,1.0,0.027777778605620067,0.4513888930281003,0.6354166750485698,49.624999859680734,0.0,0.0,0.0,48.0,45.0,48.0,1.0,8.0,8.0,8.0,0.0,1.0,0.0,48.0,0.1111111111111111,1.0,0.14814815256330702,14348.11361694336,4265.3603515625,2715.864990234375,3438.221435546875,2715.864990234375,3438.221435546875,38.686138957738876
test,dropout030_relay_failure,multi_relation,none,none,none,2,60,EA-RG-MAPPO-S,results/intercept_3d_gate1_hardened_safety_5seed_formal_candidate/runs/multi_relation/bc_ppo_seed2/actor_critic_update_0060.pt,310088,88,checkpoint,100,straight,True,True,80,0.2,1.0,0.3,0,0.0,1,40,80,True,0.0,0.0,1.0,0.003846153960778163,0.17307692708877417,0.14743589948003108,91.58269339003242,0.0,1.0,0.0,260.0,42.0,-1.0,0.0,220.0,220.0,-1.0,0.0,0.0,1.0,-1.0,0.0,0.22500000521540642,0.12291667032986879,31261.044765061597,67877.1875,2529.351806640625,1294.803955078125,44518.52734375,15695.150390625,-17.664490155875683
test,dropout030_relay_failure,multi_relation,none,none,none,3,60,EA-RG-MAPPO-S,results/intercept_3d_gate1_hardened_safety_5seed_formal_candidate/runs/multi_relation/bc_ppo_seed3/actor_critic_update_0060.pt,310004,4,checkpoint,100,straight,True,True,80,0.2,1.0,0.3,0,0.0,1,40,80,True,1.0,1.0,1.0,0.03030303120613098,0.40909091383218765,0.6742424314672296,46.8143939125267,0.0,0.0,0.0,44.0,41.0,44.0,1.0,4.0,4.0,4.0,0.0,1.0,0.0,44.0,0.2,1.0,0.1666666716337204,15198.648015802557,5893.65771484375,3786.16650390625,1818.1026611328125,3786.16650390625,1818.1026611328125,35.8103988468647
test,dropout030_relay_failure,multi_relation,none,none,none,3,60,EA-RG-MAPPO-S,results/intercept_3d_gate1_hardened_safety_5seed_formal_candidate/runs/multi_relation/bc_ppo_seed3/actor_critic_update_0060.pt,310011,11,checkpoint,100,straight,True,True,80,0.2,1.0,0.3,0,0.0,1,40,80,True,1.0,1.0,1.0,0.03030303120613098,0.41666667095639487,0.6477272832258181,51.799242769113995,0.0,0.0,0.0,44.0,41.0,44.0,1.0,4.0,4.0,4.0,0.0,1.0,0.0,44.0,0.2,1.0,0.20000000596046447,15147.622824928978,5761.83251953125,3842.200439453125,2515.359375,3842.200439453125,2515.359375,35.55397284030914
test,dropout030_relay_failure,multi_relation,none,none,none,3,60,EA-RG-MAPPO-S,results/intercept_3d_gate1_hardened_safety_5seed_formal_candidate/runs/multi_relation/bc_ppo_seed3/actor_critic_update_0060.pt,310026,26,checkpoint,100,straight,True,True,80,0.2,1.0,0.3,0,0.0,1,40,80,True,1.0,1.0,1.0,0.03030303120613098,0.4166666716337204,0.6515151594172824,51.75378781963479,0.0,0.0,0.0,44.0,41.0,44.0,1.0,4.0,4.0,4.0,0.0,1.0,0.0,44.0,0.2,1.0,0.23333334028720856,15198.847511985085,6032.3828125,3666.620849609375,1886.0152587890625,3666.620849609375,1929.72509765625,35.49666553735733
test,dropout030_relay_failure,multi_relation,none,none,none,3,60,EA-RG-MAPPO-S,results/intercept_3d_gate1_hardened_safety_5seed_formal_candidate/runs/multi_relation/bc_ppo_seed3/actor_critic_update_0060.pt,310029,29,checkpoint,100,straight,True,True,80,0.2,1.0,0.3,0,0.0,1,40,80,True,1.0,1.0,1.0,0.03030303120613098,0.40909091383218765,0.7234848544678905,48.68939368122003,0.0,0.0,0.0,44.0,41.0,44.0,1.0,4.0,4.0,4.0,0.0,1.0,0.0,44.0,0.2,1.0,0.1666666716337204,15201.824917879972,5849.42138671875,3630.486572265625,1806.2027587890625,3630.486572265625,1806.2027587890625,36.1827212870121
test,dropout030_relay_failure,multi_relation,none,none,none,3,60,EA-RG-MAPPO-S,results/intercept_3d_gate1_hardened_safety_5seed_formal_candidate/runs/multi_relation/bc_ppo_seed3/actor_critic_update_0060.pt,310038,38,checkpoint,100,straight,True,True,80,0.2,1.0,0.3,0,0.0,1,40,80,True,1.0,1.0,1.0,0.03030303120613098,0.4166666716337204,0.6666666733270342,46.82575765929439,0.0,0.0,0.0,44.0,41.0,44.0,1.0,4.0,4.0,4.0,0.0,1.0,0.0,44.0,0.2,1.0,0.1666666716337204,15135.511474609375,5774.759765625,3780.810546875,1427.5582275390625,3780.810546875,1427.5582275390625,36.02110090851784
test,dropout030_relay_failure,multi_relation,none,none,none,3,60,EA-RG-MAPPO-S,results/intercept_3d_gate1_hardened_safety_5seed_formal_candidate/runs/multi_relation/bc_ppo_seed3/actor_critic_update_0060.pt,310040,40,checkpoint,100,straight,True,True,80,0.2,1.0,0.3,0,0.0,1,40,80,True,1.0,1.0,1.0,0.03030303120613098,0.40909091383218765,0.7424242496490479,49.670454201034524,0.0,0.0,0.0,44.0,41.0,44.0,1.0,4.0,4.0,4.0,0.0,1.0,0.0,44.0,0.2,1.0,0.20000000596046447,15164.360185102983,5759.376953125,3659.93798828125,1711.62451171875,3659.93798828125,1711.62451171875,36.46870732307434
test,dropout030_relay_failure,multi_relation,none,none,none,3,60,EA-RG-MAPPO-S,results/intercept_3d_gate1_hardened_safety_5seed_formal_candidate/runs/multi_relation/bc_ppo_seed3/actor_critic_update_0060.pt,310003,3,checkpoint,100,straight,True,True,80,0.2,1.0,0.3,0,0.0,1,40,80,True,1.0,1.0,1.0,0.029629630512661403,0.42222222685813904,0.7185185256931517,47.72592559125688,0.0,0.0,0.0,45.0,42.0,45.0,1.0,5.0,5.0,5.0,0.0,1.0,0.0,45.0,0.16666666666666666,1.0,0.2500000074505806,15001.2001953125,5556.40478515625,3680.7314453125,1815.373779296875,3680.7314453125,1833.5364990234375,37.04588243365288
test,dropout030_relay_failure,multi_relation,none,none,none,3,60,EA-RG-MAPPO-S,results/intercept_3d_gate1_hardened_safety_5seed_formal_candidate/runs/multi_relation/bc_ppo_seed3/actor_critic_update_0060.pt,310006,6,checkpoint,100,straight,True,True,80,0.2,1.0,0.3,0,0.0,1,40,80,True,1.0,1.0,1.0,0.029629630512661403,0.42962963448630437,0.625925933652454,42.125925896896256,0.0,0.0,0.0,45.0,42.0,45.0,1.0,5.0,5.0,5.0,0.0,1.0,0.0,45.0,0.16666666666666666,1.0,0.11111111442248027,14960.102495659723,5675.31884765625,3850.780517578125,1939.7666015625,3850.780517578125,1939.7666015625,36.453369945287704
test,dropout030_relay_failure,multi_relation,none,none,none,3,60,EA-RG-MAPPO-S,results/intercept_3d_gate1_hardened_safety_5seed_formal_candidate/runs/multi_relation/bc_ppo_seed3/actor_critic_update_0060.pt,310016,16,checkpoint,100,straight,True,True,80,0.2,1.0,0.3,0,0.0,1,40,80,True,1.0,1.0,1.0,0.029629630512661403,0.4148148198922475,0.6592592676480611,47.78888925711314,0.0,0.0,0.0,45.0,42.0,45.0,1.0,5.0,5.0,5.0,0.0,1.0,0.0,45.0,0.16666666666666666,0.8888888905445734,0.2500000074505806,14951.23056640625,5700.19921875,3859.348876953125,1997.6751708984375,3859.348876953125,2084.6259765625,36.216612637043
test,dropout030_relay_failure,multi_relation,none,none,none,3,60,EA-RG-MAPPO-S,results/intercept_3d_gate1_hardened_safety_5seed_formal_candidate/runs/multi_relation/bc_ppo_seed3/actor_critic_update_0060.pt,310019,19,checkpoint,100,straight,True,True,80,0.2,1.0,0.3,0,0.0,1,40,80,True,1.0,1.0,1.0,0.029629630512661403,0.42222222685813904,0.6962963041332033,46.803703765736685,0.0,0.0,0.0,45.0,42.0,45.0,1.0,5.0,5.0,5.0,0.0,1.0,0.0,45.0,0.16666666666666666,1.0,0.2500000074505806,15013.265787760416,5639.87548828125,3519.272705078125,1815.0863037109375,3519.272705078125,1832.7215576171875,36.73495277762413
test,dropout030_relay_failure,multi_relation,none,none,none,3,60,EA-RG-MAPPO-S,results/intercept_3d_gate1_hardened_safety_5seed_formal_candidate/runs/multi_relation/bc_ppo_seed3/actor_critic_update_0060.pt,310020,20,checkpoint,100,straight,True,True,80,0.2,1.0,0.3,0,0.0,1,40,80,True,1.0,1.0,1.0,0.029629630512661403,0.42962963448630437,0.7000000072850121,41.09259236488077,0.0,0.0,0.0,45.0,42.0,45.0,1.0,5.0,5.0,5.0,0.0,1.0,0.0,45.0,0.16666666666666666,1.0,0.22222222884496054,14920.251236979168,5514.58203125,3761.589111328125,1606.621337890625,3761.589111328125,1651.93017578125,37.3599736392498
test,dropout030_relay_failure,multi_relation,none,none,none,3,60,EA-RG-MAPPO-S,results/intercept_3d_gate1_hardened_safety_5seed_formal_candidate/runs/multi_relation/bc_ppo_seed3/actor_critic_update_0060.pt,310022,22,checkpoint,100,straight,True,True,80,0.2,1.0,0.3,0,0.0,1,40,80,True,1.0,1.0,1.0,0.029629630512661403,0.42962963448630437,0.6296296387910842,39.23333356910282,0.0,0.0,0.0,45.0,42.0,45.0,1.0,5.0,5.0,5.0,0.0,1.0,0.0,45.0,0.16666666666666666,1.0,0.19444445023934046,14899.929351128472,5464.10546875,3552.010009765625,1998.749267578125,3552.010009765625,2207.62451171875,36.766830176115036
test,dropout030_relay_failure,multi_relation,none,none,none,3,60,EA-RG-MAPPO-S,results/intercept_3d_gate1_hardened_safety_5seed_formal_candidate/runs/multi_relation/bc_ppo_seed3/actor_critic_update_0060.pt,310028,28,checkpoint,100,straight,True,True,80,0.2,1.0,0.3,0,0.0,1,40,80,True,1.0,1.0,1.0,0.029629630512661403,0.4370370414521959,0.7259259316656325,41.96296265489525,0.0,0.0,0.0,45.0,42.0,45.0,1.0,5.0,5.0,5.0,0.0,1.0,0.0,45.0,0.16666666666666666,1.0,0.3055555646618207,14899.082486979167,5419.95751953125,3656.444580078125,1425.7757568359375,3656.444580078125,1425.7757568359375,37.73728284239769
test,dropout030_relay_failure,multi_relation,none,none,none,3,60,EA-RG-MAPPO-S,results/intercept_3d_gate1_hardened_safety_5seed_formal_candidate/runs/multi_relation/bc_ppo_seed3/actor_critic_update_0060.pt,310032,32,checkpoint,100,straight,True,True,80,0.2,1.0,0.3,0,0.0,1,40,80,True,1.0,1.0,1.0,0.029629630512661403,0.4370370414521959,0.692592602637079,44.8592594285806,0.0,0.0,0.0,45.0,42.0,45.0,1.0,5.0,5.0,5.0,0.0,1.0,0.0,45.0,0.16666666666666666,1.0,0.2500000074505806,14879.493001302084,5370.2802734375,3717.918701171875,1387.6207275390625,3717.918701171875,1387.6207275390625,37.43565219640732
test,dropout030_relay_failure,multi_relation,none,none,none,3,60,EA-RG-MAPPO-S,results/intercept_3d_gate1_hardened_safety_5seed_formal_candidate/runs/multi_relation/bc_ppo_seed3/actor_critic_update_0060.pt,310035,35,checkpoint,100,straight,True,True,80,0.2,1.0,0.3,0,0.0,1,40,80,True,1.0,1.0,1.0,0.029629630512661403,0.4370370414521959,0.6444444527228673,46.96666654745738,0.0,0.0,0.0,45.0,42.0,45.0,1.0,5.0,5.0,5.0,0.0,1.0,0.0,45.0,0.16666666666666666,1.0,0.22222222884496054,14875.964420572916,5311.44189453125,3607.4765625,1393.8890380859375,3607.4765625,1393.8890380859375,36.817168563604355
test,dropout030_relay_failure,multi_relation,none,none,none,3,60,EA-RG-MAPPO-S,results/intercept_3d_gate1_hardened_safety_5seed_formal_candidate/runs/multi_relation/bc_ppo_seed3/actor_critic_update_0060.pt,310039,39,checkpoint,100,straight,True,True,80,0.2,1.0,0.3,0,0.0,1,40,80,True,1.0,1.0,1.0,0.029629630512661403,0.4296296338240306,0.6740740805864334,46.85185157524215,0.0,0.0,0.0,45.0,42.0,45.0,1.0,5.0,5.0,5.0,0.0,1.0,0.0,45.0,0.16666666666666666,1.0,0.2500000074505806,14878.210503472223,5289.82861328125,3550.0205078125,1374.2574462890625,3550.0205078125,1374.2574462890625,36.94485554099083
test,dropout030_relay_failure,multi_relation,none,none,none,3,60,EA-RG-MAPPO-S,results/intercept_3d_gate1_hardened_safety_5seed_formal_candidate/runs/multi_relation/bc_ppo_seed3/actor_critic_update_0060.pt,310041,41,checkpoint,100,straight,True,True,80,0.2,1.0,0.3,0,0.0,1,40,80,True,1.0,1.0,1.0,0.029629630512661403,0.42962963448630437,0.6000000069538752,40.21481461326281,0.0,0.0,0.0,45.0,42.0,45.0,1.0,5.0,5.0,5.0,0.0,1.0,0.0,45.0,0.16666666666666666,1.0,0.22222222884496054,14901.95802951389,5403.7529296875,3459.942138671875,1281.3546142578125,3459.942138671875,1281.3546142578125,36.50252750515938
test,dropout030_relay_failure,multi_relation,none,none,none,3,60,EA-RG-MAPPO-S,results/intercept_3d_gate1_hardened_safety_5seed_formal_candidate/runs/multi_relation/bc_ppo_seed3/actor_critic_update_0060.pt,310044,44,checkpoint,100,straight,True,True,80,0.2,1.0,0.3,0,0.0,1,40,80,True,1.0,1.0,1.0,0.029629630512661403,0.42962963448630437,0.6629629701375961,46.88148153722286,0.0,0.0,0.0,45.0,42.0,45.0,1.0,5.0,5.0,5.0,0.0,1.0,0.0,45.0,0.16666666666666666,1.0,0.19444445023934046,14913.913411458334,5369.85400390625,3474.2109375,1422.442138671875,3474.2109375,1422.442138671875,36.867163985967636
test,dropout030_relay_failure,multi_relation,none,none,none,3,60,EA-RG-MAPPO-S,results/intercept_3d_gate1_hardened_safety_5seed_formal_candidate/runs/multi_relation/bc_ppo_seed3/actor_critic_update_0060.pt,310045,45,checkpoint,100,straight,True,True,80,0.2,1.0,0.3,0,0.0,1,40,80,True,1.0,1.0,1.0,0.029629630512661403,0.42962963448630437,0.6703703777657615,47.844444706704884,0.0,0.0,0.0,45.0,42.0,45.0,1.0,5.0,5.0,5.0,0.0,1.0,0.0,45.0,0.16666666666666666,0.9444444477558136,0.19444445023934046,14886.571809895833,5401.88037109375,3941.99609375,1423.088134765625,3941.99609375,1423.088134765625,36.861406445503235
test,dropout030_relay_failure,multi_relation,none,none,none,3,60,EA-RG-MAPPO-S,results/intercept_3d_gate1_hardened_safety_5seed_formal_candidate/runs/multi_relation/bc_ppo_seed3/actor_critic_update_0060.pt,310046,46,checkpoint,100,straight,True,True,80,0.2,1.0,0.3,0,0.0,1,40,80,True,1.0,1.0,1.0,0.029629630512661403,0.42962963448630437,0.6111111187272602,48.78148128754563,0.0,0.0,0.0,45.0,42.0,45.0,1.0,5.0,5.0,5.0,0.0,1.0,0.0,45.0,0.16666666666666666,1.0,0.2500000074505806,14903.869563802084,5405.14013671875,3693.830078125,1632.7122802734375,3693.830078125,1632.7122802734375,36.29173022508621
test,dropout030_relay_failure,multi_relation,none,none,none,3,60,EA-RG-MAPPO-S,results/intercept_3d_gate1_hardened_safety_5seed_formal_candidate/runs/multi_relation/bc_ppo_seed3/actor_critic_update_0060.pt,310007,7,checkpoint,100,straight,True,True,80,0.2,1.0,0.3,0,0.0,1,40,80,True,1.0,1.0,1.0,0.028985508110212242,0.4057971077120822,0.644927543790444,46.01086946576834,0.0,0.0,0.0,46.0,43.0,46.0,1.0,6.0,6.0,6.0,0.0,1.0,0.0,46.0,0.14285714285714285,0.761904776096344,0.21428572067192622,14757.41353175951,5273.75341796875,3803.09228515625,1509.943359375,3803.09228515625,1857.1478271484375,36.40384441614151
test,dropout030_relay_failure,multi_relation,none,none,none,3,60,EA-RG-MAPPO-S,results/intercept_3d_gate1_hardened_safety_5seed_formal_candidate/runs/multi_relation/bc_ppo_seed3/actor_critic_update_0060.pt,310008,8,checkpoint,100,straight,True,True,80,0.2,1.0,0.3,0,0.0,1,40,80,True,1.0,1.0,1.0,0.028985508110212242,0.4057971070642057,0.6521739227616269,39.3442030960451,0.0,0.0,0.0,46.0,43.0,46.0,1.0,6.0,6.0,6.0,0.0,1.0,0.0,46.0,0.14285714285714285,0.7619047675813947,0.21428572067192622,14752.690270465353,5339.45556640625,3440.693603515625,2224.73291015625,3440.693603515625,2878.630615234375,36.84702077507973
test,dropout030_relay_failure,multi_relation,none,none,none,3,60,EA-RG-MAPPO-S,results/intercept_3d_gate1_hardened_safety_5seed_formal_candidate/runs/multi_relation/bc_ppo_seed3/actor_critic_update_0060.pt,310009,9,checkpoint,100,straight,True,True,80,0.2,1.0,0.3,0,0.0,1,40,80,True,1.0,1.0,1.0,0.028985508110212242,0.42028986047143524,0.5797101518382197,45.123188635901265,0.0,0.0,0.0,46.0,43.0,46.0,1.0,6.0,6.0,6.0,0.0,1.0,0.0,46.0,0.14285714285714285,0.8571428656578064,0.11904762259551457,14752.340002972147,5166.0625,3779.16455078125,1353.935302734375,3779.16455078125,1386.2130126953125,36.34199374914169
test,dropout030_relay_failure,multi_relation,none,none,none,3,60,EA-RG-MAPPO-S,results/intercept_3d_gate1_hardened_safety_5seed_formal_candidate/runs/multi_relation/bc_ppo_seed3/actor_critic_update_0060.pt,310012,12,checkpoint,100,straight,True,True,80,0.2,1.0,0.3,0,0.0,1,40,80,True,1.0,1.0,1.0,0.028985508110212242,0.42028986111931177,0.6485507326281589,38.36231895762941,0.0,0.0,0.0,46.0,43.0,46.0,1.0,6.0,6.0,6.0,0.0,1.0,0.0,46.0,0.14285714285714285,0.8095238208770752,0.21428572067192622,14725.592635444973,5199.95556640625,3602.28173828125,982.401123046875,3602.28173828125,982.401123046875,37.21789509057999
test,dropout030_relay_failure,multi_relation,none,none,none,3,60,EA-RG-MAPPO-S,results/intercept_3d_gate1_hardened_safety_5seed_formal_candidate/runs/multi_relation/bc_ppo_seed3/actor_critic_update_0060.pt,310018,18,checkpoint,100,straight,True,True,80,0.2,1.0,0.3,0,0.0,1,40,80,True,1.0,1.0,1.0,0.028985508110212242,0.42028986111931177,0.6413043562484824,38.431159757725574,0.0,0.0,0.0,46.0,43.0,46.0,1.0,6.0,6.0,6.0,0.0,1.0,0.0,46.0,0.14285714285714285,0.8571428656578064,0.23809524519102915,14755.942531419836,5395.8056640625,3781.696044921875,1673.3916015625,3781.696044921875,1673.3916015625,36.96695029735565
test,dropout030_relay_failure,multi_relation,none,none,none,3,60,EA-RG-MAPPO-S,results/intercept_3d_gate1_hardened_safety_5seed_formal_candidate/runs/multi_relation/bc_ppo_seed3/actor_critic_update_0060.pt,310021,21,checkpoint,100,straight,True,True,80,0.2,1.0,0.3,0,0.0,1,40,80,True,1.0,1.0,1.0,0.028985508110212242,0.4347826132307882,0.6884058036881945,45.844202453999415,0.0,0.0,0.0,46.0,43.0,46.0,1.0,6.0,6.0,6.0,0.0,1.0,0.0,46.0,0.14285714285714285,0.9523809552192688,0.3095238187483379,14698.926089079483,5087.52197265625,3526.306396484375,1698.930908203125,3526.306396484375,1819.8271484375,37.600240021944046
test,dropout030_relay_failure,multi_relation,none,none,none,3,60,EA-RG-MAPPO-S,results/intercept_3d_gate1_hardened_safety_5seed_formal_candidate/runs/multi_relation/bc_ppo_seed3/actor_critic_update_0060.pt,310023,23,checkpoint,100,straight,True,True,80,0.2,1.0,0.3,0,0.0,1,40,80,True,1.0,1.0,1.0,0.028985508110212242,0.42028986111931177,0.6775362413862477,44.95289854802515,0.0,0.0,0.0,46.0,43.0,46.0,1.0,6.0,6.0,6.0,0.0,1.0,0.0,46.0,0.14285714285714285,0.8095238208770752,0.28571429422923494,14716.759967306385,5229.9013671875,3898.378173828125,1194.03955078125,3898.378173828125,1194.03955078125,37.03501909971237
test,dropout030_relay_failure,multi_relation,none,none,none,3,60,EA-RG-MAPPO-S,results/intercept_3d_gate1_hardened_safety_5seed_formal_candidate/runs/multi_relation/bc_ppo_seed3/actor_critic_update_0060.pt,310025,25,checkpoint,100,straight,True,True,80,0.2,1.0,0.3,0,0.0,1,40,80,True,1.0,1.0,1.0,0.028985508110212242,0.43478261387866474,0.7028985577433006,44.04347795960696,0.0,0.0,0.0,46.0,43.0,46.0,1.0,6.0,6.0,6.0,0.0,1.0,0.0,46.0,0.14285714285714285,0.9047619104385376,0.23809524519102915,14692.728154721468,5177.86767578125,3794.734130859375,1376.9451904296875,3794.734130859375,1376.9451904296875,37.781384378671646
test,dropout030_relay_failure,multi_relation,none,none,none,3,60,EA-RG-MAPPO-S,results/intercept_3d_gate1_hardened_safety_5seed_formal_candidate/runs/multi_relation/bc_ppo_seed3/actor_critic_update_0060.pt,310030,30,checkpoint,100,straight,True,True,80,0.2,1.0,0.3,0,0.0,1,40,80,True,1.0,1.0,1.0,0.028985508110212242,0.43478261387866474,0.6920289928498475,38.40942056120738,0.0,0.0,0.0,46.0,43.0,46.0,1.0,6.0,6.0,6.0,0.0,1.0,0.0,46.0,0.14285714285714285,0.9047619104385376,0.26190476971013205,14697.589620838995,5055.74462890625,3360.6806640625,1373.5255126953125,3360.6806640625,1373.5255126953125,38.0343160033226
test,dropout030_relay_failure,multi_relation,none,none,none,3,60,EA-RG-MAPPO-S,results/intercept_3d_gate1_hardened_safety_5seed_formal_candidate/runs/multi_relation/bc_ppo_seed3/actor_critic_update_0060.pt,310033,33,checkpoint,100,straight,True,True,80,0.2,1.0,0.3,0,0.0,1,40,80,True,1.0,1.0,1.0,0.028985508110212242,0.4057971077120822,0.6449275434665058,41.304347892494306,0.0,0.0,0.0,46.0,43.0,46.0,1.0,6.0,6.0,6.0,0.0,1.0,0.0,46.0,0.14285714285714285,0.761904776096344,0.28571429422923494,14750.629596212635,5251.96337890625,3654.204833984375,1014.2376098632812,3654.204833984375,1014.2376098632812,36.745803356170654
test,dropout030_relay_failure,multi_relation,none,none,none,3,60,EA-RG-MAPPO-S,results/intercept_3d_gate1_hardened_safety_5seed_formal_candidate/runs/multi_relation/bc_ppo_seed3/actor_critic_update_0060.pt,310037,37,checkpoint,100,straight,True,True,80,0.2,1.0,0.3,0,0.0,1,40,80,True,1.0,1.0,1.0,0.028985508110212242,0.4130434847396353,0.6485507329520972,39.34420270764309,0.0,0.0,0.0,46.0,43.0,46.0,1.0,6.0,6.0,6.0,0.0,1.0,0.0,46.0,0.14285714285714285,0.8095238208770752,0.21428572067192622,14734.439973250679,5308.66552734375,3882.70166015625,1492.9942626953125,3882.70166015625,1507.0538330078125,36.85155346989632
test,dropout030_relay_failure,multi_relation,none,none,none,3,60,EA-RG-MAPPO-S,results/intercept_3d_gate1_hardened_safety_5seed_formal_candidate/runs/multi_relation/bc_ppo_seed3/actor_critic_update_0060.pt,310047,47,checkpoint,100,straight,True,True,80,0.2,1.0,0.3,0,0.0,1,40,80,True,1.0,1.0,1.0,0.028985508110212242,0.42028986047143524,0.6775362381468648,45.93478269842656,0.0,0.0,0.0,46.0,43.0,46.0,1.0,6.0,6.0,6.0,0.0,1.0,0.0,46.0,0.14285714285714285,0.8571428656578064,0.19047619615282332,14756.642461362093,5249.408203125,3867.95703125,1355.77294921875,3867.95703125,1355.77294921875,37.133126974105835
test,dropout030_relay_failure,multi_relation,none,none,none,3,60,EA-RG-MAPPO-S,results/intercept_3d_gate1_hardened_safety_5seed_formal_candidate/runs/multi_relation/bc_ppo_seed3/actor_critic_update_0060.pt,310015,15,checkpoint,100,straight,True,True,80,0.2,1.0,0.3,0,0.0,1,40,80,True,1.0,1.0,1.0,0.027210885164689044,0.4013605519216888,0.5816326594474365,44.574829774547595,0.0,0.0,0.0,49.0,46.0,49.0,1.0,9.0,9.0,9.0,0.0,1.0,0.0,49.0,0.1,0.7000000178813934,0.21666667312383653,14290.022989078443,4774.1845703125,3769.766845703125,1704.46630859375,3769.766845703125,2668.959228515625,36.718247801065445
test,dropout030_relay_failure,multi_relation,none,none,none,3,60,EA-RG-MAPPO-S,results/intercept_3d_gate1_hardened_safety_5seed_formal_candidate/runs/multi_relation/bc_ppo_seed3/actor_critic_update_0060.pt,310027,27,checkpoint,100,straight,True,True,80,0.2,1.0,0.3,0,0.0,1,40,80,True,1.0,1.0,1.0,0.015873016346068608,0.22222222624317048,0.26587301930264823,42.0515873899299,0.0,0.0,0.0,126.0,44.0,126.0,1.0,86.0,86.0,86.0,0.0,1.0,0.0,126.0,0.0,0.15000000298023225,0.05625000167638063,10435.977856832837,10103.4345703125,1877.58935546875,1217.355712890625,4551.44677734375,12355.861328125,34.26784746721387
test,dropout030_relay_failure,multi_relation,none,none,none,3,60,EA-RG-MAPPO-S,results/intercept_3d_gate1_hardened_safety_5seed_formal_candidate/runs/multi_relation/bc_ppo_seed3/actor_critic_update_0060.pt,310013,13,checkpoint,100,straight,True,True,80,0.2,1.0,0.3,0,0.0,1,40,80,True,1.0,1.0,1.0,0.013333333730697632,0.2533333386977514,0.215555559694767,50.03888843288024,0.0,0.0,0.0,150.0,44.0,150.0,1.0,110.0,110.0,110.0,0.0,1.0,0.0,150.0,0.0,0.16250000335276127,0.06458333525806666,10985.67455891927,11304.3037109375,1025.35009765625,998.2405395507812,4851.9541015625,10071.0439453125,34.59159769117832
test,dropout030_relay_failure,multi_relation,none,none,none,3,60,EA-RG-MAPPO-S,results/intercept_3d_gate1_hardened_safety_5seed_formal_candidate/runs/multi_relation/bc_ppo_seed3/actor_critic_update_0060.pt,310049,49,checkpoint,100,straight,True,True,80,0.2,1.0,0.3,0,0.0,1,40,80,True,1.0,1.0,1.0,0.008714597209606295,0.21350763007706286,0.20043573348350774,44.685185372342474,0.0,0.0,0.0,153.0,150.0,153.0,1.0,113.0,113.0,113.0,0.0,1.0,0.0,153.0,0.0,0.09583333544433117,0.06666666865348816,10776.907671760111,8675.69921875,2698.520751953125,1303.3167724609375,4333.111328125,8960.0478515625,34.85930494591594
test,dropout030_relay_failure,multi_relation,none,none,none,3,60,EA-RG-MAPPO-S,results/intercept_3d_gate1_hardened_safety_5seed_formal_candidate/runs/multi_relation/bc_ppo_seed3/actor_critic_update_0060.pt,310043,43,checkpoint,100,straight,True,True,80,0.2,1.0,0.3,0,0.0,1,40,80,True,1.0,1.0,1.0,0.05341880501080782,0.2029914569396239,0.2339743618399669,49.8803415482816,0.0,0.0,0.0,156.0,44.0,156.0,1.0,116.0,116.0,116.0,0.0,1.0,0.0,156.0,0.0,0.12500000223517418,0.05416666828095913,10236.109310834836,7613.09130859375,1508.0269775390625,1131.681884765625,1508.0269775390625,5669.9248046875,50.54846646590158
test,dropout030_relay_failure,multi_relation,none,none,none,3,60,EA-RG-MAPPO-S,results/intercept_3d_gate1_hardened_safety_5seed_formal_candidate/runs/multi_relation/bc_ppo_seed3/actor_critic_update_0060.pt,310031,31,checkpoint,100,straight,True,True,80,0.2,1.0,0.3,0,0.0,1,40,80,True,1.0,1.0,1.0,0.007843137488645666,0.30588236153125764,0.21568627874640858,54.67450980447671,0.0,0.0,0.0,170.0,167.0,170.0,1.0,130.0,130.0,130.0,0.0,1.0,0.0,170.0,0.0,0.10416666977107525,0.08750000260770321,11888.069746668198,11406.5625,1336.2764892578125,446.977294921875,1336.2764892578125,5295.7978515625,41.750051259528846
test,dropout030_relay_failure,multi_relation,none,none,none,3,60,EA-RG-MAPPO-S,results/intercept_3d_gate1_hardened_safety_5seed_formal_candidate/runs/multi_relation/bc_ppo_seed3/actor_critic_update_0060.pt,310005,5,checkpoint,100,straight,True,True,80,0.2,1.0,0.3,0,0.0,1,40,80,True,1.0,1.0,1.0,0.009208103405177923,0.2283609636251439,0.2265193410505906,45.95303850666265,0.0,0.0,0.0,181.0,177.0,181.0,1.0,141.0,141.0,141.0,0.0,1.0,0.0,181.0,0.0,0.09166666939854622,0.07291666883975267,11002.864068974448,10026.4521484375,1636.692138671875,916.03271484375,4666.27978515625,1771.336181640625,40.05844945611898
test,dropout030_relay_failure,multi_relation,none,none,none,3,60,EA-RG-MAPPO-S,results/intercept_3d_gate1_hardened_safety_5seed_formal_candidate/runs/multi_relation/bc_ppo_seed3/actor_critic_update_0060.pt,310034,34,checkpoint,100,straight,True,True,80,0.2,1.0,0.3,0,0.0,1,40,80,True,1.0,1.0,1.0,0.012750455753399375,0.27868853126718696,0.23041894738791419,55.82604726644161,0.0,0.0,0.0,183.0,42.0,183.0,1.0,143.0,143.0,143.0,0.0,1.0,0.0,183.0,0.0,0.12500000223517418,0.06875000204890966,11797.749246232497,13388.7451171875,1190.8583984375,734.0767822265625,4824.03515625,1431.8892822265625,40.47749064746313
test,dropout030_relay_failure,multi_relation,none,none,none,3,60,EA-RG-MAPPO-S,results/intercept_3d_gate1_hardened_safety_5seed_formal_candidate/runs/multi_relation/bc_ppo_seed3/actor_critic_update_0060.pt,310048,48,checkpoint,100,straight,True,True,80,0.2,1.0,0.3,0,0.0,1,40,80,True,1.0,1.0,1.0,0.0072859747162282145,0.3023679494206371,0.2258652135974071,45.882513558034034,0.0,0.0,0.0,183.0,180.0,183.0,1.0,143.0,143.0,143.0,0.0,1.0,0.0,183.0,0.0,0.10000000223517418,0.07291666883975267,10734.424157648138,8519.107421875,1324.625,991.545166015625,3569.660400390625,1514.9061279296875,45.4434153791517
test,dropout030_relay_failure,multi_relation,none,none,none,3,60,EA-RG-MAPPO-S,results/intercept_3d_gate1_hardened_safety_5seed_formal_candidate/runs/multi_relation/bc_ppo_seed3/actor_critic_update_0060.pt,310001,1,checkpoint,100,straight,True,True,80,0.2,1.0,0.3,0,0.0,1,40,80,True,1.0,1.0,1.0,0.010869565541329592,0.23369565768086392,0.21105072752613088,57.99637727860523,0.0,0.0,0.0,184.0,42.0,184.0,1.0,144.0,144.0,144.0,0.0,1.0,0.0,184.0,0.0,0.1291666693985462,0.06250000186264515,12782.094838018003,18628.74609375,1195.9818115234375,1287.048095703125,3001.109130859375,5131.9169921875,29.092814065981656
test,dropout030_relay_failure,multi_relation,none,none,none,3,60,EA-RG-MAPPO-S,results/intercept_3d_gate1_hardened_safety_5seed_formal_candidate/runs/multi_relation/bc_ppo_seed3/actor_critic_update_0060.pt,310024,24,checkpoint,100,straight,True,True,80,0.2,1.0,0.3,0,0.0,1,40,80,True,1.0,1.0,1.0,0.006980803000365252,0.28970332357895934,0.22600349425021266,58.838568427409804,0.0,0.0,0.0,191.0,188.0,191.0,1.0,151.0,151.0,151.0,0.0,1.0,0.0,191.0,0.0,0.10000000260770321,0.08125000242143869,11993.934548582705,12033.6015625,878.661376953125,710.6336669921875,4043.410888671875,3953.2431640625,40.96692423056811
test,dropout030_relay_failure,multi_relation,none,none,none,3,60,EA-RG-MAPPO-S,results/intercept_3d_gate1_hardened_safety_5seed_formal_candidate/runs/multi_relation/bc_ppo_seed3/actor_critic_update_0060.pt,310000,0,checkpoint,100,straight,True,True,80,0.2,1.0,0.3,0,0.0,1,40,80,True,1.0,1.0,1.0,0.009708738153420606,0.26860842123193646,0.21763754476910657,62.06391594609589,0.0,0.0,0.0,206.0,43.0,206.0,1.0,166.0,166.0,166.0,0.0,1.0,0.0,206.0,0.0,0.07500000186264515,0.08125000242143869,12366.525428549758,13971.9501953125,1141.272216796875,1537.869140625,4988.5517578125,5798.96435546875,39.12665509665385
test,dropout030_relay_failure,multi_relation,none,none,none,3,60,EA-RG-MAPPO-S,results/intercept_3d_gate1_hardened_safety_5seed_formal_candidate/runs/multi_relation/bc_ppo_seed3/actor_critic_update_0060.pt,310014,14,checkpoint,100,straight,True,True,80,0.2,1.0,0.3,0,0.0,1,40,80,True,1.0,1.0,1.0,0.007541478354466986,0.2790346980364614,0.21116139190229355,67.29939614047562,0.0,0.0,0.0,221.0,42.0,221.0,1.0,181.0,181.0,181.0,0.0,1.0,0.0,221.0,0.0,0.1541666705161333,0.08125000242143869,10412.210882264564,11051.8056640625,1346.7718505859375,218.26255798339844,5057.65576171875,8713.05078125,41.823749723727815
test,dropout030_relay_failure,multi_relation,none,none,none,3,60,EA-RG-MAPPO-S,results/intercept_3d_gate1_hardened_safety_5seed_formal_candidate/runs/multi_relation/bc_ppo_seed3/actor_critic_update_0060.pt,310017,17,checkpoint,100,straight,True,True,80,0.2,1.0,0.3,0,0.0,1,40,80,True,1.0,1.0,1.0,0.005979073421837503,0.24962631469350224,0.22272048255787838,66.43124020761171,0.0,0.0,0.0,223.0,220.0,223.0,1.0,183.0,183.0,183.0,0.0,1.0,0.0,223.0,0.0,0.15833333805203437,0.07916666902601718,15499.856386193245,27172.6484375,1224.73046875,966.3108520507812,4945.689453125,8616.2490234375,26.39301366987638
test,dropout030_relay_failure,multi_relation,none,none,none,3,60,EA-RG-MAPPO-S,results/intercept_3d_gate1_hardened_safety_5seed_formal_candidate/runs/multi_relation/bc_ppo_seed3/actor_critic_update_0060.pt,310002,2,checkpoint,100,straight,True,True,80,0.2,1.0,0.3,0,0.0,1,40,80,True,1.0,1.0,1.0,0.00550964203747836,0.21349862821338592,0.23415978499187912,49.469008394570885,0.0,0.0,0.0,242.0,239.0,242.0,1.0,202.0,202.0,202.0,0.0,1.0,0.0,242.0,0.0,0.11250000298023224,0.07291666883975267,13120.626398259943,16796.91015625,830.4964599609375,1467.1416015625,4394.7802734375,4250.13818359375,34.07765379571356
test,dropout030_relay_failure,multi_relation,none,none,none,3,60,EA-RG-MAPPO-S,results/intercept_3d_gate1_hardened_safety_5seed_formal_candidate/runs/multi_relation/bc_ppo_seed3/actor_critic_update_0060.pt,310010,10,checkpoint,100,straight,True,True,80,0.2,1.0,0.3,0,0.0,1,40,80,True,0.0,0.0,1.0,0.003846153960778163,0.11666667014360428,0.16794872094805424,78.16538493914099,0.0,1.0,0.0,260.0,140.0,-1.0,0.0,220.0,220.0,-1.0,0.0,0.0,1.0,-1.0,0.0,0.12083333693444728,0.06458333525806666,12029.094020432693,14584.4111328125,2202.53466796875,658.2796020507812,4770.38134765625,18242.556640625,12.328790586441755
test,dropout030_relay_failure,multi_relation,none,none,none,3,60,EA-RG-MAPPO-S,results/intercept_3d_gate1_hardened_safety_5seed_formal_candidate/runs/multi_relation/bc_ppo_seed3/actor_critic_update_0060.pt,310036,36,checkpoint,100,straight,True,True,80,0.2,1.0,0.3,0,0.0,1,40,80,True,0.0,0.0,1.0,0.0012820513202593878,0.1692307732426203,0.18076923357752653,71.90769226745917,0.0,1.0,0.0,260.0,43.0,-1.0,0.0,220.0,220.0,-1.0,0.0,0.0,1.0,-1.0,0.0,0.14583333656191827,0.07083333544433117,10639.086542217548,11874.9873046875,212.09152221679688,717.8824462890625,8826.9072265625,5143.9931640625,18.404796362970956
test,dropout030_relay_failure,multi_relation,none,none,none,3,60,EA-RG-MAPPO-S,results/intercept_3d_gate1_hardened_safety_5seed_formal_candidate/runs/multi_relation/bc_ppo_seed3/actor_critic_update_0060.pt,310042,42,checkpoint,100,straight,True,True,80,0.2,1.0,0.3,0,0.0,1,40,80,True,0.0,0.0,0.0,0.0,0.1615384654356883,0.16089743903050055,79.4243579925826,0.0,1.0,0.0,260.0,-1.0,-1.0,0.0,220.0,220.0,-1.0,0.0,0.0,1.0,-1.0,0.0,0.08750000186264514,0.05625000167638063,14694.073520132211,19440.857421875,1448.734375,1566.810302734375,5620.7587890625,17169.509765625,9.943034992087632
test,dropout030_relay_failure,multi_relation,none,none,none,3,60,EA-RG-MAPPO-S,results/intercept_3d_gate1_hardened_safety_5seed_formal_candidate/runs/multi_relation/bc_ppo_seed3/actor_critic_update_0060.pt,310053,53,checkpoint,100,straight,True,True,80,0.2,1.0,0.3,0,0.0,1,40,80,True,1.0,1.0,1.0,0.03030303120613098,0.4242424287579276,0.7121212187815796,51.678030243990094,0.0,0.0,0.0,44.0,41.0,44.0,1.0,4.0,4.0,4.0,0.0,1.0,0.0,44.0,0.2,1.0,0.3000000089406967,15114.449462890625,5687.48486328125,3794.615478515625,1529.886962890625,3794.615478515625,1529.886962890625,36.46965968608856
test,dropout030_relay_failure,multi_relation,none,none,none,3,60,EA-RG-MAPPO-S,results/intercept_3d_gate1_hardened_safety_5seed_formal_candidate/runs/multi_relation/bc_ppo_seed3/actor_critic_update_0060.pt,310058,58,checkpoint,100,straight,True,True,80,0.2,1.0,0.3,0,0.0,1,40,80,True,1.0,1.0,1.0,0.03030303120613098,0.4166666716337204,0.6666666733270342,48.837120718238026,0.0,0.0,0.0,44.0,41.0,44.0,1.0,4.0,4.0,4.0,0.0,1.0,0.0,44.0,0.2,1.0,0.1666666716337204,15139.794178355824,5802.73876953125,3762.349853515625,1572.9422607421875,3762.349853515625,1572.9422607421875,35.96857722103596
test,dropout030_relay_failure,multi_relation,none,none,none,3,60,EA-RG-MAPPO-S,results/intercept_3d_gate1_hardened_safety_5seed_formal_candidate/runs/multi_relation/bc_ppo_seed3/actor_critic_update_0060.pt,310059,59,checkpoint,100,straight,True,True,80,0.2,1.0,0.3,0,0.0,1,40,80,True,1.0,1.0,1.0,0.03030303120613098,0.40909091383218765,0.6893939457156442,42.92045451531356,0.0,0.0,0.0,44.0,41.0,44.0,1.0,4.0,4.0,4.0,0.0,1.0,0.0,44.0,0.2,1.0,0.26666667461395266,15183.112848455256,5919.99755859375,3845.010986328125,1696.3427734375,3845.010986328125,1696.3427734375,36.090571492910385
test,dropout030_relay_failure,multi_relation,none,none,none,3,60,EA-RG-MAPPO-S,results/intercept_3d_gate1_hardened_safety_5seed_formal_candidate/runs/multi_relation/bc_ppo_seed3/actor_critic_update_0060.pt,310066,66,checkpoint,100,straight,True,True,80,0.2,1.0,0.3,0,0.0,1,40,80,True,1.0,1.0,1.0,0.03030303120613098,0.4166666716337204,0.6628787944262678,40.96969697624445,0.0,0.0,0.0,44.0,41.0,44.0,1.0,4.0,4.0,4.0,0.0,1.0,0.0,44.0,0.2,1.0,0.1666666716337204,15158.90517356179,5832.82080078125,3749.452392578125,1511.84228515625,3749.452392578125,1511.84228515625,36.23770985007286
test,dropout030_relay_failure,multi_relation,none,none,none,3,60,EA-RG-MAPPO-S,results/intercept_3d_gate1_hardened_safety_5seed_formal_candidate/runs/multi_relation/bc_ppo_seed3/actor_critic_update_0060.pt,310079,79,checkpoint,100,straight,True,True,80,0.2,1.0,0.3,0,0.0,1,40,80,True,1.0,1.0,1.0,0.03030303120613098,0.4166666716337204,0.6628787957809188,48.83712100847201,0.0,0.0,0.0,44.0,41.0,44.0,1.0,4.0,4.0,4.0,0.0,1.0,0.0,44.0,0.2,1.0,0.20000000596046447,15167.865112304688,5866.07958984375,3754.322265625,1646.1251220703125,3754.322265625,1646.1251220703125,35.81132882833481
test,dropout030_relay_failure,multi_relation,none,none,none,3,60,EA-RG-MAPPO-S,results/intercept_3d_gate1_hardened_safety_5seed_formal_candidate/runs/multi_relation/bc_ppo_seed3/actor_critic_update_0060.pt,310088,88,checkpoint,100,straight,True,True,80,0.2,1.0,0.3,0,0.0,1,40,80,True,1.0,1.0,1.0,0.03030303120613098,0.39393939958377316,0.6742424307899042,44.82575763287869,0.0,0.0,0.0,44.0,41.0,44.0,1.0,4.0,4.0,4.0,0.0,1.0,0.0,44.0,0.2,0.9333333373069763,0.26666667461395266,15341.55878240412,6255.70166015625,3998.6650390625,1697.997314453125,3998.6650390625,1697.997314453125,35.452827483415604
test,dropout030_relay_failure,multi_relation,none,none,none,3,60,EA-RG-MAPPO-S,results/intercept_3d_gate1_hardened_safety_5seed_formal_candidate/runs/multi_relation/bc_ppo_seed3/actor_critic_update_0060.pt,310092,92,checkpoint,100,straight,True,True,80,0.2,1.0,0.3,0,0.0,1,40,80,True,1.0,1.0,1.0,0.03030303120613098,0.40909091383218765,0.6477272818711671,48.77651517872106,0.0,0.0,0.0,44.0,41.0,44.0,1.0,4.0,4.0,4.0,0.0,1.0,0.0,44.0,0.2,1.0,0.20000000596046447,15247.77919699929,6055.55224609375,3684.8544921875,1680.107177734375,3684.8544921875,1680.107177734375,35.35062217712402
test,dropout030_relay_failure,multi_relation,none,none,none,3,60,EA-RG-MAPPO-S,results/intercept_3d_gate1_hardened_safety_5seed_formal_candidate/runs/multi_relation/bc_ppo_seed3/actor_critic_update_0060.pt,310054,54,checkpoint,100,straight,True,True,80,0.2,1.0,0.3,0,0.0,1,40,80,True,1.0,1.0,1.0,0.029629630512661403,0.42962963448630437,0.6185185273488363,51.72592592371835,0.0,0.0,0.0,45.0,42.0,45.0,1.0,5.0,5.0,5.0,0.0,1.0,0.0,45.0,0.16666666666666666,1.0,0.2777777860562007,14950.367339409722,5498.708984375,3649.212890625,1764.7000732421875,3649.212890625,1820.8638916015625,36.138044357299805
test,dropout030_relay_failure,multi_relation,none,none,none,3,60,EA-RG-MAPPO-S,results/intercept_3d_gate1_hardened_safety_5seed_formal_candidate/runs/multi_relation/bc_ppo_seed3/actor_critic_update_0060.pt,310055,55,checkpoint,100,straight,True,True,80,0.2,1.0,0.3,0,0.0,1,40,80,True,1.0,1.0,1.0,0.029629630512661403,0.407407412926356,0.603703710436821,43.16296292046706,0.0,0.0,0.0,45.0,42.0,45.0,1.0,5.0,5.0,5.0,0.0,1.0,0.0,45.0,0.16666666666666666,0.833333338300387,0.19444445023934046,14938.037858072918,5659.97021484375,3839.444580078125,2150.046142578125,3839.444580078125,2533.06884765625,35.8455069065094
test,dropout030_relay_failure,multi_relation,none,none,none,3,60,EA-RG-MAPPO-S,results/intercept_3d_gate1_hardened_safety_5seed_formal_candidate/runs/multi_relation/bc_ppo_seed3/actor_critic_update_0060.pt,310056,56,checkpoint,100,straight,True,True,80,0.2,1.0,0.3,0,0.0,1,40,80,True,1.0,1.0,1.0,0.029629630512661403,0.42962963448630437,0.6814814892080095,44.87777806222439,0.0,0.0,0.0,45.0,42.0,45.0,1.0,5.0,5.0,5.0,0.0,1.0,0.0,45.0,0.16666666666666666,1.0,0.19444445023934046,14923.968923611112,5484.39404296875,3566.878662109375,2093.340576171875,3566.878662109375,2302.565673828125,37.04324933886528
test,dropout030_relay_failure,multi_relation,none,none,none,3,60,EA-RG-MAPPO-S,results/intercept_3d_gate1_hardened_safety_5seed_formal_candidate/runs/multi_relation/bc_ppo_seed3/actor_critic_update_0060.pt,310060,60,checkpoint,100,straight,True,True,80,0.2,1.0,0.3,0,0.0,1,40,80,True,1.0,1.0,1.0,0.029629630512661403,0.42962963448630437,0.6925925989945729,46.78888866802057,0.0,0.0,0.0,45.0,42.0,45.0,1.0,5.0,5.0,5.0,0.0,1.0,0.0,45.0,0.16666666666666666,1.0,0.2500000074505806,14936.337619357639,5504.45166015625,3789.2919921875,1784.4039306640625,3789.2919921875,1864.2664794921875,36.963769763708115
test,dropout030_relay_failure,multi_relation,none,none,none,3,60,EA-RG-MAPPO-S,results/intercept_3d_gate1_hardened_safety_5seed_formal_candidate/runs/multi_relation/bc_ppo_seed3/actor_critic_update_0060.pt,310062,62,checkpoint,100,straight,True,True,80,0.2,1.0,0.3,0,0.0,1,40,80,True,1.0,1.0,1.0,0.029629630512661403,0.42962963448630437,0.6370370450947019,45.94444449775749,0.0,0.0,0.0,45.0,42.0,45.0,1.0,5.0,5.0,5.0,0.0,1.0,0.0,45.0,0.16666666666666666,1.0,0.19444445023934046,14894.602398003472,5326.58203125,3394.618408203125,1424.7567138671875,3394.618408203125,1424.7567138671875,36.66732716560364
test,dropout030_relay_failure,multi_relation,none,none,none,3,60,EA-RG-MAPPO-S,results/intercept_3d_gate1_hardened_safety_5seed_formal_candidate/runs/multi_relation/bc_ppo_seed3/actor_critic_update_0060.pt,310065,65,checkpoint,100,straight,True,True,80,0.2,1.0,0.3,0,0.0,1,40,80,True,1.0,1.0,1.0,0.029629630512661403,0.4148148198922475,0.6740740825732549,43.007407119539046,0.0,0.0,0.0,45.0,42.0,45.0,1.0,5.0,5.0,5.0,0.0,1.0,0.0,45.0,0.16666666666666666,0.833333338300387,0.3055555646618207,14932.87587890625,5641.39599609375,3732.5341796875,2426.788330078125,3732.5341796875,2426.788330078125,36.62824270129204
test,dropout030_relay_failure,multi_relation,none,none,none,3,60,EA-RG-MAPPO-S,results/intercept_3d_gate1_hardened_safety_5seed_formal_candidate/runs/multi_relation/bc_ppo_seed3/actor_critic_update_0060.pt,310075,75,checkpoint,100,straight,True,True,80,0.2,1.0,0.3,0,0.0,1,40,80,True,1.0,1.0,1.0,0.029629630512661403,0.42962963448630437,0.66296297079987,46.86666675739818,0.0,0.0,0.0,45.0,42.0,45.0,1.0,5.0,5.0,5.0,0.0,1.0,0.0,45.0,0.16666666666666666,1.0,0.2500000074505806,14928.124446614584,5493.47216796875,3863.277099609375,1538.2247314453125,3863.277099609375,1554.5693359375,36.767864137887955
test,dropout030_relay_failure,multi_relation,none,none,none,3,60,EA-RG-MAPPO-S,results/intercept_3d_gate1_hardened_safety_5seed_formal_candidate/runs/multi_relation/bc_ppo_seed3/actor_critic_update_0060.pt,310084,84,checkpoint,100,straight,True,True,80,0.2,1.0,0.3,0,0.0,1,40,80,True,1.0,1.0,1.0,0.029629630512661403,0.42962963448630437,0.6074074152443144,42.18518526686562,0.0,0.0,0.0,45.0,42.0,45.0,1.0,5.0,5.0,5.0,0.0,1.0,0.0,45.0,0.16666666666666666,1.0,0.1666666716337204,14919.04404296875,5481.78466796875,3644.635498046875,1711.05322265625,3644.635498046875,1842.0689697265625,36.51430860161781
test,dropout030_relay_failure,multi_relation,none,none,none,3,60,EA-RG-MAPPO-S,results/intercept_3d_gate1_hardened_safety_5seed_formal_candidate/runs/multi_relation/bc_ppo_seed3/actor_critic_update_0060.pt,310091,91,checkpoint,100,straight,True,True,80,0.2,1.0,0.3,0,0.0,1,40,80,True,1.0,1.0,1.0,0.029629630512661403,0.42962963448630437,0.6333333412806194,47.07037053472466,0.0,0.0,0.0,45.0,42.0,45.0,1.0,5.0,5.0,5.0,0.0,1.0,0.0,45.0,0.16666666666666666,1.0,0.1666666716337204,14938.124739583332,5479.85302734375,3813.77197265625,1415.2574462890625,3813.77197265625,1415.2574462890625,36.54062831401825
test,dropout030_relay_failure,multi_relation,none,none,none,3,60,EA-RG-MAPPO-S,results/intercept_3d_gate1_hardened_safety_5seed_formal_candidate/runs/multi_relation/bc_ppo_seed3/actor_critic_update_0060.pt,310093,93,checkpoint,100,straight,True,True,80,0.2,1.0,0.3,0,0.0,1,40,80,True,1.0,1.0,1.0,0.029629630512661403,0.42962963448630437,0.6444444523917304,41.23333350486226,0.0,0.0,0.0,45.0,42.0,45.0,1.0,5.0,5.0,5.0,0.0,1.0,0.0,45.0,0.16666666666666666,1.0,0.22222222884496054,14925.876410590277,5476.09326171875,3684.827880859375,1686.35546875,3684.827880859375,1806.3033447265625,36.900818914175034
test,dropout030_relay_failure,multi_relation,none,none,none,3,60,EA-RG-MAPPO-S,results/intercept_3d_gate1_hardened_safety_5seed_formal_candidate/runs/multi_relation/bc_ppo_seed3/actor_critic_update_0060.pt,310099,99,checkpoint,100,straight,True,True,80,0.2,1.0,0.3,0,0.0,1,40,80,True,1.0,1.0,1.0,0.029629630512661403,0.4222222275204129,0.7037037124236425,42.94444450570477,0.0,0.0,0.0,45.0,42.0,45.0,1.0,5.0,5.0,5.0,0.0,1.0,0.0,45.0,0.16666666666666666,0.8888888955116272,0.2777777860562007,14925.363802083333,5480.9375,3764.399169921875,1197.50390625,3764.399169921875,1197.50390625,37.15265566110611
test,dropout030_relay_failure,multi_relation,none,none,none,3,60,EA-RG-MAPPO-S,results/intercept_3d_gate1_hardened_safety_5seed_formal_candidate/runs/multi_relation/bc_ppo_seed3/actor_critic_update_0060.pt,310063,63,checkpoint,100,straight,True,True,80,0.2,1.0,0.3,0,0.0,1,40,80,True,1.0,1.0,1.0,0.028985508110212242,0.42028986047143524,0.6449275454101355,43.14492765457734,0.0,0.0,0.0,46.0,43.0,46.0,1.0,6.0,6.0,6.0,0.0,1.0,0.0,46.0,0.14285714285714285,0.8571428656578064,0.26190476971013205,14687.107963230299,5068.85009765625,3531.922607421875,1080.80029296875,3531.922607421875,1080.80029296875,36.931921899318695
test,dropout030_relay_failure,multi_relation,none,none,none,3,60,EA-RG-MAPPO-S,results/intercept_3d_gate1_hardened_safety_5seed_formal_candidate/runs/multi_relation/bc_ppo_seed3/actor_critic_update_0060.pt,310067,67,checkpoint,100,straight,True,True,80,0.2,1.0,0.3,0,0.0,1,40,80,True,1.0,1.0,1.0,0.028985508110212242,0.41304348409175873,0.6775362400904946,40.22101455052262,0.0,0.0,0.0,46.0,43.0,46.0,1.0,6.0,6.0,6.0,0.0,1.0,0.0,46.0,0.14285714285714285,0.8095238166196006,0.21428572067192622,14758.278415845789,5452.33642578125,3942.881103515625,1351.386962890625,3942.881103515625,1359.974365234375,37.040873408317566
test,dropout030_relay_failure,multi_relation,none,none,none,3,60,EA-RG-MAPPO-S,results/intercept_3d_gate1_hardened_safety_5seed_formal_candidate/runs/multi_relation/bc_ppo_seed3/actor_critic_update_0060.pt,310068,68,checkpoint,100,straight,True,True,80,0.2,1.0,0.3,0,0.0,1,40,80,True,1.0,1.0,1.0,0.028985508110212242,0.43478261387866474,0.6920289934977241,42.16304380738217,0.0,0.0,0.0,46.0,43.0,46.0,1.0,6.0,6.0,6.0,0.0,1.0,0.0,46.0,0.14285714285714285,0.9047619104385376,0.26190476971013205,14706.719015370245,5067.3564453125,3482.7099609375,1161.1231689453125,3482.7099609375,1161.1231689453125,37.84369367361069
test,dropout030_relay_failure,multi_relation,none,none,none,3,60,EA-RG-MAPPO-S,results/intercept_3d_gate1_hardened_safety_5seed_formal_candidate/runs/multi_relation/bc_ppo_seed3/actor_critic_update_0060.pt,310071,71,checkpoint,100,straight,True,True,80,0.2,1.0,0.3,0,0.0,1,40,80,True,1.0,1.0,1.0,0.028985508110212242,0.4347826132307882,0.6231884136795998,44.12681154194085,0.0,0.0,0.0,46.0,43.0,46.0,1.0,6.0,6.0,6.0,0.0,1.0,0.0,46.0,0.14285714285714285,0.9523809552192688,0.21428572067192622,14677.533574643343,5110.22509765625,3673.896240234375,1489.744140625,3673.896240234375,1489.744140625,37.143996834754944
test,dropout030_relay_failure,multi_relation,none,none,none,3,60,EA-RG-MAPPO-S,results/intercept_3d_gate1_hardened_safety_5seed_formal_candidate/runs/multi_relation/bc_ppo_seed3/actor_critic_update_0060.pt,310073,73,checkpoint,100,straight,True,True,80,0.2,1.0,0.3,0,0.0,1,40,80,True,1.0,1.0,1.0,0.028985508110212242,0.42028985982355865,0.6702898620911266,42.28260846695174,0.0,0.0,0.0,46.0,43.0,46.0,1.0,6.0,6.0,6.0,0.0,1.0,0.0,46.0,0.14285714285714285,0.8571428614003318,0.23809524519102915,14729.434517238451,5268.02783203125,3952.59375,1376.2462158203125,3952.59375,1376.2462158203125,37.14648085832596
test,dropout030_relay_failure,multi_relation,none,none,none,3,60,EA-RG-MAPPO-S,results/intercept_3d_gate1_hardened_safety_5seed_formal_candidate/runs/multi_relation/bc_ppo_seed3/actor_critic_update_0060.pt,310074,74,checkpoint,100,straight,True,True,80,0.2,1.0,0.3,0,0.0,1,40,80,True,1.0,1.0,1.0,0.028985508110212242,0.41304348409175873,0.6630434870072033,44.938405744083546,0.0,0.0,0.0,46.0,43.0,46.0,1.0,6.0,6.0,6.0,0.0,1.0,0.0,46.0,0.14285714285714285,0.8095238208770752,0.26190476971013205,14756.662257982336,5169.61474609375,3750.371826171875,1496.080322265625,3750.371826171875,1568.337890625,36.870117634534836
test,dropout030_relay_failure,multi_relation,none,none,none,3,60,EA-RG-MAPPO-S,results/intercept_3d_gate1_hardened_safety_5seed_formal_candidate/runs/multi_relation/bc_ppo_seed3/actor_critic_update_0060.pt,310080,80,checkpoint,100,straight,True,True,80,0.2,1.0,0.3,0,0.0,1,40,80,True,1.0,1.0,1.0,0.028985508110212242,0.43478261387866474,0.637681166762891,43.13043456233066,0.0,0.0,0.0,46.0,43.0,46.0,1.0,6.0,6.0,6.0,0.0,1.0,0.0,46.0,0.14285714285714285,0.9047619104385376,0.21428572067192622,14703.073486328125,5099.16455078125,3400.8408203125,1601.72607421875,3400.8408203125,1601.72607421875,37.308668166399
test,dropout030_relay_failure,multi_relation,none,none,none,3,60,EA-RG-MAPPO-S,results/intercept_3d_gate1_hardened_safety_5seed_formal_candidate/runs/multi_relation/bc_ppo_seed3/actor_critic_update_0060.pt,310087,87,checkpoint,100,straight,True,True,80,0.2,1.0,0.3,0,0.0,1,40,80,True,1.0,1.0,1.0,0.028985508110212242,0.41304348409175873,0.6884058040121327,43.9963769339349,0.0,0.0,0.0,46.0,43.0,46.0,1.0,6.0,6.0,6.0,0.0,1.0,0.0,46.0,0.14285714285714285,0.8095238208770752,0.14285714711461747,14738.65571925951,5286.83154296875,3786.869140625,1692.1612548828125,3786.869140625,1692.1612548828125,37.03995856642723
test,dropout030_relay_failure,multi_relation,none,none,none,3,60,EA-RG-MAPPO-S,results/intercept_3d_gate1_hardened_safety_5seed_formal_candidate/runs/multi_relation/bc_ppo_seed3/actor_critic_update_0060.pt,310089,89,checkpoint,100,straight,True,True,80,0.2,1.0,0.3,0,0.0,1,40,80,True,1.0,1.0,1.0,0.028985508110212242,0.4130434847396353,0.630434792002906,41.351449688167676,0.0,0.0,0.0,46.0,43.0,46.0,1.0,6.0,6.0,6.0,0.0,1.0,0.0,46.0,0.14285714285714285,0.8095238208770752,0.23809524519102915,14726.600872537365,5219.37451171875,3798.737060546875,1765.0924072265625,3798.737060546875,1766.949951171875,36.66898015141487
test,dropout030_relay_failure,multi_relation,none,none,none,3,60,EA-RG-MAPPO-S,results/intercept_3d_gate1_hardened_safety_5seed_formal_candidate/runs/multi_relation/bc_ppo_seed3/actor_critic_update_0060.pt,310090,90,checkpoint,100,straight,True,True,80,0.2,1.0,0.3,0,0.0,1,40,80,True,1.0,1.0,1.0,0.028985508110212242,0.43478261387866474,0.6594202988173651,42.188405749266565,0.0,0.0,0.0,46.0,43.0,46.0,1.0,6.0,6.0,6.0,0.0,1.0,0.0,46.0,0.14285714285714285,0.9523809552192688,0.21428572067192622,14721.262896993885,5105.64404296875,3440.572998046875,1923.1461181640625,3440.572998046875,2164.737060546875,37.59672859311104
test,dropout030_relay_failure,multi_relation,none,none,none,3,60,EA-RG-MAPPO-S,results/intercept_3d_gate1_hardened_safety_5seed_formal_candidate/runs/multi_relation/bc_ppo_seed3/actor_critic_update_0060.pt,310094,94,checkpoint,100,straight,True,True,80,0.2,1.0,0.3,0,0.0,1,40,80,True,1.0,1.0,1.0,0.028985508110212242,0.43478261387866474,0.648550731656344,42.177536455509454,0.0,0.0,0.0,46.0,43.0,46.0,1.0,6.0,6.0,6.0,0.0,1.0,0.0,46.0,0.14285714285714285,0.9523809552192688,0.19047619615282332,14737.485107421875,5270.84228515625,3797.3505859375,1336.3115234375,3797.3505859375,1336.3115234375,37.43399003148079
test,dropout030_relay_failure,multi_relation,none,none,none,3,60,EA-RG-MAPPO-S,results/intercept_3d_gate1_hardened_safety_5seed_formal_candidate/runs/multi_relation/bc_ppo_seed3/actor_critic_update_0060.pt,310096,96,checkpoint,100,straight,True,True,80,0.2,1.0,0.3,0,0.0,1,40,80,True,1.0,1.0,1.0,0.028985508110212242,0.4347826132307882,0.6739130506049031,46.807971016544364,0.0,0.0,0.0,46.0,43.0,46.0,1.0,6.0,6.0,6.0,0.0,1.0,0.0,46.0,0.14285714285714285,0.9523809552192688,0.21428572067192622,14689.701065726902,5064.08642578125,3551.56103515625,1655.9058837890625,3551.56103515625,1717.0587158203125,37.43274435400963
test,dropout030_relay_failure,multi_relation,none,none,none,3,60,EA-RG-MAPPO-S,results/intercept_3d_gate1_hardened_safety_5seed_formal_candidate/runs/multi_relation/bc_ppo_seed3/actor_critic_update_0060.pt,310098,98,checkpoint,100,straight,True,True,80,0.2,1.0,0.3,0,0.0,1,40,80,True,1.0,1.0,1.0,0.028985508110212242,0.42028986111931177,0.6702898614432501,41.17028991165368,0.0,0.0,0.0,46.0,43.0,46.0,1.0,6.0,6.0,6.0,0.0,1.0,0.0,46.0,0.14285714285714285,0.8095238208770752,0.19047619615282332,14723.925377887228,5160.1357421875,3724.139892578125,1616.8681640625,3724.139892578125,1767.921142578125,37.271702617406845
test,dropout030_relay_failure,multi_relation,none,none,none,3,60,EA-RG-MAPPO-S,results/intercept_3d_gate1_hardened_safety_5seed_formal_candidate/runs/multi_relation/bc_ppo_seed3/actor_critic_update_0060.pt,310050,50,checkpoint,100,straight,True,True,80,0.2,1.0,0.3,0,0.0,1,40,80,True,1.0,1.0,1.0,0.02836879517169709,0.39007092853809927,0.6170212854730323,44.19503521221749,0.0,0.0,0.0,47.0,44.0,47.0,1.0,7.0,7.0,7.0,0.0,1.0,0.0,47.0,0.125,0.6250000149011612,0.22916667349636555,14611.729845412234,5183.23193359375,3461.28125,1270.27734375,3461.28125,1270.27734375,36.32634711265564
test,dropout030_relay_failure,multi_relation,none,none,none,3,60,EA-RG-MAPPO-S,results/intercept_3d_gate1_hardened_safety_5seed_formal_candidate/runs/multi_relation/bc_ppo_seed3/actor_critic_update_0060.pt,310061,61,checkpoint,100,straight,True,True,80,0.2,1.0,0.3,0,0.0,1,40,80,True,1.0,1.0,1.0,0.02836879517169709,0.4113475242827801,0.6241134826807265,42.31560287957496,0.0,0.0,0.0,47.0,44.0,47.0,1.0,7.0,7.0,7.0,0.0,1.0,0.0,47.0,0.125,0.7500000149011612,0.2083333395421505,14566.011677194148,4973.10595703125,3573.8642578125,1471.606689453125,3573.8642578125,1907.412109375,36.89430069923401
test,dropout030_relay_failure,multi_relation,none,none,none,3,60,EA-RG-MAPPO-S,results/intercept_3d_gate1_hardened_safety_5seed_formal_candidate/runs/multi_relation/bc_ppo_seed3/actor_critic_update_0060.pt,310072,72,checkpoint,100,straight,True,True,80,0.2,1.0,0.3,0,0.0,1,40,80,True,1.0,1.0,1.0,0.02836879517169709,0.4113475242827801,0.6524822791206076,40.460992743994325,0.0,0.0,0.0,47.0,44.0,47.0,1.0,7.0,7.0,7.0,0.0,1.0,0.0,47.0,0.125,0.7500000149011612,0.2916666753590107,14533.923090508644,4887.58251953125,3454.517333984375,1522.41357421875,3454.517333984375,1817.5567626953125,37.35496482253075
test,dropout030_relay_failure,multi_relation,none,none,none,3,60,EA-RG-MAPPO-S,results/intercept_3d_gate1_hardened_safety_5seed_formal_candidate/runs/multi_relation/bc_ppo_seed3/actor_critic_update_0060.pt,310051,51,checkpoint,100,straight,True,True,80,0.2,1.0,0.3,0,0.0,1,40,80,True,1.0,1.0,1.0,0.027777778605620067,0.40277778543531895,0.6597222303971648,41.60416659185042,0.0,0.0,0.0,48.0,45.0,48.0,1.0,8.0,8.0,8.0,0.0,1.0,0.0,48.0,0.1111111111111111,0.7037037213643392,0.20370370977454716,14475.645385742188,5101.61767578125,3743.6484375,1255.137939453125,3743.6484375,1765.992431640625,37.1977636218071
test,dropout030_relay_failure,multi_relation,none,none,none,3,60,EA-RG-MAPPO-S,results/intercept_3d_gate1_hardened_safety_5seed_formal_candidate/runs/multi_relation/bc_ppo_seed3/actor_critic_update_0060.pt,310081,81,checkpoint,100,straight,True,True,80,0.2,1.0,0.3,0,0.0,1,40,80,True,1.0,1.0,1.0,0.008830022338210352,0.22516556824279937,0.2152317912373322,50.17549673137286,0.0,0.0,0.0,151.0,148.0,151.0,1.0,111.0,111.0,111.0,0.0,1.0,0.0,151.0,0.0,0.11250000298023224,0.06250000186264515,11488.806734400869,12300.5595703125,2541.578125,676.9747924804688,4155.38330078125,8410.4013671875,31.13147733360529
test,dropout030_relay_failure,multi_relation,none,none,none,3,60,EA-RG-MAPPO-S,results/intercept_3d_gate1_hardened_safety_5seed_formal_candidate/runs/multi_relation/bc_ppo_seed3/actor_critic_update_0060.pt,310095,95,checkpoint,100,straight,True,True,80,0.2,1.0,0.3,0,0.0,1,40,80,True,1.0,1.0,1.0,0.008714597209606295,0.22004357856862686,0.224400875322959,43.27559919382622,0.0,0.0,0.0,153.0,150.0,153.0,1.0,113.0,113.0,113.0,0.0,1.0,0.0,153.0,0.0,0.12083333693444728,0.06875000204890966,10885.886969273386,9129.5625,2397.99072265625,1014.81298828125,4779.6298828125,9604.2197265625,34.49706487520598
test,dropout030_relay_failure,multi_relation,none,none,none,3,60,EA-RG-MAPPO-S,results/intercept_3d_gate1_hardened_safety_5seed_formal_candidate/runs/multi_relation/bc_ppo_seed3/actor_critic_update_0060.pt,310064,64,checkpoint,100,straight,True,True,80,0.2,1.0,0.3,0,0.0,1,40,80,True,1.0,1.0,1.0,0.010822511145046778,0.318181825535638,0.22294372687866162,45.58116880136651,0.0,0.0,0.0,154.0,43.0,154.0,1.0,114.0,114.0,114.0,0.0,1.0,0.0,154.0,0.0,0.15416666977107524,0.06666666865348816,10617.76188203886,8657.970703125,2265.14501953125,877.887451171875,4749.04638671875,9311.7392578125,43.57985693728551
test,dropout030_relay_failure,multi_relation,none,none,none,3,60,EA-RG-MAPPO-S,results/intercept_3d_gate1_hardened_safety_5seed_formal_candidate/runs/multi_relation/bc_ppo_seed3/actor_critic_update_0060.pt,310082,82,checkpoint,100,straight,True,True,80,0.2,1.0,0.3,0,0.0,1,40,80,True,1.0,1.0,1.0,0.030107527778994652,0.19354839094223514,0.20645161597959458,50.27526869100909,0.0,0.0,0.0,155.0,138.0,155.0,1.0,115.0,115.0,115.0,0.0,1.0,0.0,155.0,0.0,0.08750000111758709,0.05625000167638063,10495.339535030242,7706.47265625,2477.7392578125,710.38720703125,2970.4169921875,7286.462890625,41.46329719386995
test,dropout030_relay_failure,multi_relation,none,none,none,3,60,EA-RG-MAPPO-S,results/intercept_3d_gate1_hardened_safety_5seed_formal_candidate/runs/multi_relation/bc_ppo_seed3/actor_critic_update_0060.pt,310052,52,checkpoint,100,straight,True,True,80,0.2,1.0,0.3,0,0.0,1,40,80,True,1.0,1.0,1.0,0.01495726540302619,0.2542735097499994,0.2329059861218318,45.125000017002606,0.0,0.0,0.0,156.0,43.0,156.0,1.0,116.0,116.0,116.0,0.0,1.0,0.0,156.0,0.0,0.13750000223517417,0.06875000204890966,10637.24532376803,8565.2158203125,1786.687744140625,764.5428466796875,4765.99658203125,9409.71484375,39.9711424773559
test,dropout030_relay_failure,multi_relation,none,none,none,3,60,EA-RG-MAPPO-S,results/intercept_3d_gate1_hardened_safety_5seed_formal_candidate/runs/multi_relation/bc_ppo_seed3/actor_critic_update_0060.pt,310077,77,checkpoint,100,straight,True,True,80,0.2,1.0,0.3,0,0.0,1,40,80,True,1.0,1.0,1.0,0.00854700880172925,0.2991453074874022,0.22222222588383234,49.932692324217314,0.0,0.0,0.0,156.0,153.0,156.0,1.0,116.0,116.0,116.0,0.0,1.0,0.0,156.0,0.0,0.1250000037252903,0.07083333544433117,11705.367337740385,12313.4091796875,1384.104736328125,808.9623413085938,1384.104736328125,5738.74365234375,39.08528147358447
test,dropout030_relay_failure,multi_relation,none,none,none,3,60,EA-RG-MAPPO-S,results/intercept_3d_gate1_hardened_safety_5seed_formal_candidate/runs/multi_relation/bc_ppo_seed3/actor_critic_update_0060.pt,310069,69,checkpoint,100,straight,True,True,80,0.2,1.0,0.3,0,0.0,1,40,80,True,1.0,1.0,1.0,0.008438818816897235,0.24050633514983744,0.23101266200029397,45.85337531670362,0.0,0.0,0.0,158.0,155.0,158.0,1.0,118.0,118.0,118.0,0.0,1.0,0.0,158.0,0.0,0.10833333656191826,0.08125000242143869,10756.043565194817,8685.6962890625,2543.0693359375,966.4408569335938,4750.31787109375,9423.337890625,37.09384124726057
test,dropout030_relay_failure,multi_relation,none,none,none,3,60,EA-RG-MAPPO-S,results/intercept_3d_gate1_hardened_safety_5seed_formal_candidate/runs/multi_relation/bc_ppo_seed3/actor_critic_update_0060.pt,310057,57,checkpoint,100,straight,True,True,80,0.2,1.0,0.3,0,0.0,1,40,80,True,1.0,1.0,1.0,0.012269939015979416,0.24130879881923184,0.2259713733123124,46.2607365490103,0.0,0.0,0.0,163.0,43.0,163.0,1.0,123.0,123.0,123.0,0.0,1.0,0.0,163.0,0.0,0.1375000026077032,0.07291666883975267,10772.987562308283,9107.8134765625,2363.711669921875,1241.378662109375,4724.18212890625,9088.37890625,37.38304590433836
test,dropout030_relay_failure,multi_relation,none,none,none,3,60,EA-RG-MAPPO-S,results/intercept_3d_gate1_hardened_safety_5seed_formal_candidate/runs/multi_relation/bc_ppo_seed3/actor_critic_update_0060.pt,310097,97,checkpoint,100,straight,True,True,80,0.2,1.0,0.3,0,0.0,1,40,80,True,1.0,1.0,1.0,0.011428571769169399,0.29904762642724175,0.22571428894996642,55.32000039006982,0.0,0.0,0.0,175.0,42.0,175.0,1.0,135.0,135.0,135.0,0.0,1.0,0.0,175.0,0.0,0.1208333358168602,0.06041666846722364,12153.524467075893,15893.25,418.0542297363281,1386.2314453125,2254.49658203125,4183.43115234375,38.34026304911822
test,dropout030_relay_failure,multi_relation,none,none,none,3,60,EA-RG-MAPPO-S,results/intercept_3d_gate1_hardened_safety_5seed_formal_candidate/runs/multi_relation/bc_ppo_seed3/actor_critic_update_0060.pt,310070,70,checkpoint,100,straight,True,True,80,0.2,1.0,0.3,0,0.0,1,40,80,True,1.0,1.0,1.0,0.0084033615949775,0.24649860565902806,0.20028011632316253,69.79411751107007,0.0,0.0,0.0,238.0,42.0,238.0,1.0,198.0,198.0,198.0,0.0,1.0,0.0,238.0,0.0,0.14166666977107525,0.07708333563059569,17080.231269900538,33063.8125,1163.1822509765625,1359.885498046875,4715.07568359375,14898.6162109375,21.67748382128775
test,dropout030_relay_failure,multi_relation,none,none,none,3,60,EA-RG-MAPPO-S,results/intercept_3d_gate1_hardened_safety_5seed_formal_candidate/runs/multi_relation/bc_ppo_seed3/actor_critic_update_0060.pt,310076,76,checkpoint,100,straight,True,True,80,0.2,1.0,0.3,0,0.0,1,40,80,True,0.0,0.0,1.0,0.005128205281037551,0.1487179521184701,0.16987179764188254,78.5096157433895,0.0,1.0,0.0,260.0,43.0,-1.0,0.0,220.0,220.0,-1.0,0.0,0.0,1.0,-1.0,0.0,0.11250000223517417,0.07291666883975267,11347.880321326622,14712.0927734375,2465.645751953125,793.2988891601562,4546.6748046875,18065.416015625,15.63619737047702
test,dropout030_relay_failure,multi_relation,none,none,none,3,60,EA-RG-MAPPO-S,results/intercept_3d_gate1_hardened_safety_5seed_formal_candidate/runs/multi_relation/bc_ppo_seed3/actor_critic_update_0060.pt,310078,78,checkpoint,100,straight,True,True,80,0.2,1.0,0.3,0,0.0,1,40,80,True,0.0,0.0,1.0,0.003846153960778163,0.13846154121252208,0.1269230791582511,96.21217944845557,0.0,1.0,0.0,260.0,42.0,-1.0,0.0,220.0,220.0,-1.0,0.0,0.0,1.0,-1.0,0.0,0.09583333432674408,0.07291666883975267,11307.951867675782,15991.0419921875,2229.9091796875,751.3097534179688,6590.29833984375,13122.0859375,10.363442023284733
test,dropout030_relay_failure,multi_relation,none,none,none,3,60,EA-RG-MAPPO-S,results/intercept_3d_gate1_hardened_safety_5seed_formal_candidate/runs/multi_relation/bc_ppo_seed3/actor_critic_update_0060.pt,310083,83,checkpoint,100,straight,True,True,80,0.2,1.0,0.3,0,0.0,1,40,80,True,0.0,0.0,1.0,0.0025641026405187756,0.13717948989226267,0.1397435915011626,96.20833330928133,0.0,1.0,0.0,260.0,43.0,-1.0,0.0,220.0,220.0,-1.0,0.0,0.0,1.0,-1.0,0.0,0.17500000335276128,0.07500000223517418,14129.377489295373,23810.7578125,372.3823547363281,812.4253540039062,4651.62158203125,16803.578125,4.450579021940939
test,dropout030_relay_failure,multi_relation,none,none,none,3,60,EA-RG-MAPPO-S,results/intercept_3d_gate1_hardened_safety_5seed_formal_candidate/runs/multi_relation/bc_ppo_seed3/actor_critic_update_0060.pt,310085,85,checkpoint,100,straight,True,True,80,0.2,1.0,0.3,0,0.0,1,40,80,True,0.0,0.0,0.0,0.0,0.20128205693685092,0.169230772039065,77.94166607558728,0.0,1.0,0.0,260.0,-1.0,-1.0,0.0,220.0,220.0,-1.0,0.0,0.0,1.0,-1.0,0.0,0.09166666939854622,0.07291666883975267,13898.08122652494,17314.580078125,390.58154296875,1057.831298828125,5619.92724609375,18266.533203125,19.635236904025078
test,dropout030_relay_failure,multi_relation,none,none,none,3,60,EA-RG-MAPPO-S,results/intercept_3d_gate1_hardened_safety_5seed_formal_candidate/runs/multi_relation/bc_ppo_seed3/actor_critic_update_0060.pt,310086,86,checkpoint,100,straight,True,True,80,0.2,1.0,0.3,0,0.0,1,40,80,True,0.0,0.0,0.0,0.0,0.08461538622012506,0.18333333736428847,75.24423007902044,0.0,1.0,0.0,260.0,-1.0,-1.0,0.0,220.0,220.0,-1.0,0.0,0.0,1.0,-1.0,0.0,0.07083333469927311,0.06666666865348816,9276.16423433744,11068.6806640625,572.2158813476562,409.79913330078125,7241.57861328125,9150.70703125,9.958062670193613
test,dropout030_relay_failure,multi_relation,none,none,none,4,60,EA-RG-MAPPO-S,results/intercept_3d_gate1_hardened_safety_5seed_formal_candidate/runs/multi_relation/bc_ppo_seed4/actor_critic_update_0060.pt,310001,1,checkpoint,100,straight,True,True,80,0.2,1.0,0.3,0,0.0,1,40,80,True,1.0,1.0,1.0,0.03030303120613098,0.3939394002610987,0.7045454606413841,42.86742424287579,0.0,0.0,0.0,44.0,41.0,44.0,1.0,4.0,4.0,4.0,0.0,1.0,0.0,44.0,0.2,0.7333333492279053,0.23333334028720856,15182.570601029829,6068.15771484375,3591.150390625,281.8502197265625,3591.150390625,281.8502197265625,35.60125094652176
test,dropout030_relay_failure,multi_relation,none,none,none,4,60,EA-RG-MAPPO-S,results/intercept_3d_gate1_hardened_safety_5seed_formal_candidate/runs/multi_relation/bc_ppo_seed4/actor_critic_update_0060.pt,310002,2,checkpoint,100,straight,True,True,80,0.2,1.0,0.3,0,0.0,1,40,80,True,1.0,1.0,1.0,0.03030303120613098,0.4090909145095132,0.6856060678308661,37.00757563859224,0.0,0.0,0.0,44.0,41.0,44.0,1.0,4.0,4.0,4.0,0.0,1.0,0.0,44.0,0.2,0.9333333373069763,0.20000000596046447,15311.785810990767,6296.38525390625,3701.61328125,579.191650390625,3701.61328125,579.191650390625,36.03181755542755
test,dropout030_relay_failure,multi_relation,none,none,none,4,60,EA-RG-MAPPO-S,results/intercept_3d_gate1_hardened_safety_5seed_formal_candidate/runs/multi_relation/bc_ppo_seed4/actor_critic_update_0060.pt,310004,4,checkpoint,100,straight,True,True,80,0.2,1.0,0.3,0,0.0,1,40,80,True,1.0,1.0,1.0,0.03030303120613098,0.37878788533535873,0.6666666760363362,39.018939426676795,0.0,0.0,0.0,44.0,41.0,44.0,1.0,4.0,4.0,4.0,0.0,1.0,0.0,44.0,0.2,0.6666666865348816,0.20000000596046447,15220.524658203125,6218.84716796875,3695.04052734375,369.53948974609375,3695.04052734375,369.53948974609375,34.962309807538986
test,dropout030_relay_failure,multi_relation,none,none,none,4,60,EA-RG-MAPPO-S,results/intercept_3d_gate1_hardened_safety_5seed_formal_candidate/runs/multi_relation/bc_ppo_seed4/actor_critic_update_0060.pt,310011,11,checkpoint,100,straight,True,True,80,0.2,1.0,0.3,0,0.0,1,40,80,True,1.0,1.0,1.0,0.03030303120613098,0.3863636431368915,0.6628787940876051,37.962121331556276,0.0,0.0,0.0,44.0,41.0,44.0,1.0,4.0,4.0,4.0,0.0,1.0,0.0,44.0,0.2,0.6666666865348816,0.1666666716337204,15205.246570933949,6183.28173828125,3635.03466796875,468.3077697753906,3635.03466796875,468.3077697753906,35.20297431945801
test,dropout030_relay_failure,multi_relation,none,none,none,4,60,EA-RG-MAPPO-S,results/intercept_3d_gate1_hardened_safety_5seed_formal_candidate/runs/multi_relation/bc_ppo_seed4/actor_critic_update_0060.pt,310014,14,checkpoint,100,straight,True,True,80,0.2,1.0,0.3,0,0.0,1,40,80,True,1.0,1.0,1.0,0.03030303120613098,0.38636364245956595,0.655303037979386,38.99242422154004,0.0,0.0,0.0,44.0,41.0,44.0,1.0,4.0,4.0,4.0,0.0,1.0,0.0,44.0,0.2,0.800000011920929,0.26666667461395266,15208.757668235085,6119.17138671875,3534.6279296875,767.73291015625,3534.6279296875,767.73291015625,35.2216562628746
test,dropout030_relay_failure,multi_relation,none,none,none,4,60,EA-RG-MAPPO-S,results/intercept_3d_gate1_hardened_safety_5seed_formal_candidate/runs/multi_relation/bc_ppo_seed4/actor_critic_update_0060.pt,310017,17,checkpoint,100,straight,True,True,80,0.2,1.0,0.3,0,0.0,1,40,80,True,1.0,1.0,1.0,0.03030303120613098,0.38636364245956595,0.6515151607719335,39.05681809376586,0.0,0.0,0.0,44.0,41.0,44.0,1.0,4.0,4.0,4.0,0.0,1.0,0.0,44.0,0.2,0.800000011920929,0.23333334028720856,15278.006547407671,6239.11572265625,3596.32763671875,729.4176635742188,3596.32763671875,908.0094604492188,35.09894436597824
test,dropout030_relay_failure,multi_relation,none,none,none,4,60,EA-RG-MAPPO-S,results/intercept_3d_gate1_hardened_safety_5seed_formal_candidate/runs/multi_relation/bc_ppo_seed4/actor_critic_update_0060.pt,310019,19,checkpoint,100,straight,True,True,80,0.2,1.0,0.3,0,0.0,1,40,80,True,1.0,1.0,1.0,0.03030303120613098,0.37121212821115146,0.7159090993756597,34.04924248700792,0.0,0.0,0.0,44.0,41.0,44.0,1.0,4.0,4.0,4.0,0.0,1.0,0.0,44.0,0.2,0.6666666865348816,0.23333334028720856,15238.152088512074,6184.4609375,3629.5263671875,632.9671630859375,3629.5263671875,672.6942138671875,35.54715517163277
test,dropout030_relay_failure,multi_relation,none,none,none,4,60,EA-RG-MAPPO-S,results/intercept_3d_gate1_hardened_safety_5seed_formal_candidate/runs/multi_relation/bc_ppo_seed4/actor_critic_update_0060.pt,310024,24,checkpoint,100,straight,True,True,80,0.2,1.0,0.3,0,0.0,1,40,80,True,1.0,1.0,1.0,0.03030303120613098,0.37878788533535873,0.7272727350619707,37.962121361697264,0.0,0.0,0.0,44.0,41.0,44.0,1.0,4.0,4.0,4.0,0.0,1.0,0.0,44.0,0.2,0.7333333492279053,0.20000000596046447,15237.232854669744,6147.65087890625,3726.468994140625,995.667236328125,3726.468994140625,1484.60107421875,35.681610733270645
test,dropout030_relay_failure,multi_relation,none,none,none,4,60,EA-RG-MAPPO-S,results/intercept_3d_gate1_hardened_safety_5seed_formal_candidate/runs/multi_relation/bc_ppo_seed4/actor_critic_update_0060.pt,310026,26,checkpoint,100,straight,True,True,80,0.2,1.0,0.3,0,0.0,1,40,80,True,1.0,1.0,1.0,0.03030303120613098,0.3863636431368915,0.7045454613187097,39.00378770516677,0.0,0.0,0.0,44.0,41.0,44.0,1.0,4.0,4.0,4.0,0.0,1.0,0.0,44.0,0.2,0.7333333492279053,0.20000000596046447,15221.999178799715,6232.08251953125,3672.815673828125,637.1611938476562,3672.815673828125,637.1611938476562,35.58742642402649
test,dropout030_relay_failure,multi_relation,none,none,none,4,60,EA-RG-MAPPO-S,results/intercept_3d_gate1_hardened_safety_5seed_formal_candidate/runs/multi_relation/bc_ppo_seed4/actor_critic_update_0060.pt,310029,29,checkpoint,100,straight,True,True,80,0.2,1.0,0.3,0,0.0,1,40,80,True,1.0,1.0,1.0,0.03030303120613098,0.38636364245956595,0.7651515200056813,37.874999799850315,0.0,0.0,0.0,44.0,41.0,44.0,1.0,4.0,4.0,4.0,0.0,1.0,0.0,44.0,0.2,0.800000011920929,0.1666666716337204,15214.297440962358,6107.32177734375,3457.865478515625,760.0955810546875,3457.865478515625,760.0955810546875,36.2420779466629
test,dropout030_relay_failure,multi_relation,none,none,none,4,60,EA-RG-MAPPO-S,results/intercept_3d_gate1_hardened_safety_5seed_formal_candidate/runs/multi_relation/bc_ppo_seed4/actor_critic_update_0060.pt,310031,31,checkpoint,100,straight,True,True,80,0.2,1.0,0.3,0,0.0,1,40,80,True,1.0,1.0,1.0,0.03030303120613098,0.38636364245956595,0.7272727347233079,36.950757635588,0.0,0.0,0.0,44.0,41.0,44.0,1.0,4.0,4.0,4.0,0.0,1.0,0.0,44.0,0.2,0.7333333492279053,0.3000000089406967,15200.187167080965,6100.84814453125,3722.73681640625,391.6372985839844,3722.73681640625,391.6372985839844,35.88415342569351
test,dropout030_relay_failure,multi_relation,none,none,none,4,60,EA-RG-MAPPO-S,results/intercept_3d_gate1_hardened_safety_5seed_formal_candidate/runs/multi_relation/bc_ppo_seed4/actor_critic_update_0060.pt,310034,34,checkpoint,100,straight,True,True,80,0.2,1.0,0.3,0,0.0,1,40,80,True,1.0,1.0,1.0,0.03030303120613098,0.371212128888477,0.715909097682346,36.958333130925894,0.0,0.0,0.0,44.0,41.0,44.0,1.0,4.0,4.0,4.0,0.0,1.0,0.0,44.0,0.2,0.6666666865348816,0.20000000596046447,15225.317760120739,6250.947265625,3587.45556640625,515.2259521484375,3587.45556640625,546.6730346679688,35.322002589702606
test,dropout030_relay_failure,multi_relation,none,none,none,4,60,EA-RG-MAPPO-S,results/intercept_3d_gate1_hardened_safety_5seed_formal_candidate/runs/multi_relation/bc_ppo_seed4/actor_critic_update_0060.pt,310036,36,checkpoint,100,straight,True,True,80,0.2,1.0,0.3,0,0.0,1,40,80,True,1.0,1.0,1.0,0.03030303120613098,0.4015151573853059,0.7045454603027214,39.03409059413455,0.0,0.0,0.0,44.0,41.0,44.0,1.0,4.0,4.0,4.0,0.0,1.0,0.0,44.0,0.2,0.800000011920929,0.20000000596046447,15181.152365944603,6081.83642578125,3684.58837890625,549.304931640625,3684.58837890625,549.304931640625,35.96507412195206
test,dropout030_relay_failure,multi_relation,none,none,none,4,60,EA-RG-MAPPO-S,results/intercept_3d_gate1_hardened_safety_5seed_formal_candidate/runs/multi_relation/bc_ppo_seed4/actor_critic_update_0060.pt,310038,38,checkpoint,100,straight,True,True,80,0.2,1.0,0.3,0,0.0,1,40,80,True,1.0,1.0,1.0,0.03030303120613098,0.37121212821115146,0.6780303096906706,32.13257570700212,0.0,0.0,0.0,44.0,41.0,44.0,1.0,4.0,4.0,4.0,0.0,1.0,0.0,44.0,0.2,0.6000000178813935,0.1666666716337204,15221.821444424715,6339.40771484375,3839.535888671875,941.5188598632812,3839.535888671875,941.5188598632812,35.166421607136726
test,dropout030_relay_failure,multi_relation,none,none,none,4,60,EA-RG-MAPPO-S,results/intercept_3d_gate1_hardened_safety_5seed_formal_candidate/runs/multi_relation/bc_ppo_seed4/actor_critic_update_0060.pt,310040,40,checkpoint,100,straight,True,True,80,0.2,1.0,0.3,0,0.0,1,40,80,True,1.0,1.0,1.0,0.03030303120613098,0.38636364245956595,0.7689394016157497,41.814393711022355,0.0,0.0,0.0,44.0,41.0,44.0,1.0,4.0,4.0,4.0,0.0,1.0,0.0,44.0,0.2,0.800000011920929,0.26666667461395266,15200.511463512074,6027.0546875,3614.6953125,789.70849609375,3614.6953125,822.0376586914062,36.24580526351929
test,dropout030_relay_failure,multi_relation,none,none,none,4,60,EA-RG-MAPPO-S,results/intercept_3d_gate1_hardened_safety_5seed_formal_candidate/runs/multi_relation/bc_ppo_seed4/actor_critic_update_0060.pt,310042,42,checkpoint,100,straight,True,True,80,0.2,1.0,0.3,0,0.0,1,40,80,True,1.0,1.0,1.0,0.03030303120613098,0.3787878860126842,0.655303037979386,32.083333228460766,0.0,0.0,0.0,44.0,41.0,44.0,1.0,4.0,4.0,4.0,0.0,1.0,0.0,44.0,0.2,0.6666666865348816,0.20000000596046447,15212.087091619318,6202.86328125,3807.58447265625,437.0965270996094,3807.58447265625,603.9266357421875,35.25685179233551
test,dropout030_relay_failure,multi_relation,none,none,none,4,60,EA-RG-MAPPO-S,results/intercept_3d_gate1_hardened_safety_5seed_formal_candidate/runs/multi_relation/bc_ppo_seed4/actor_critic_update_0060.pt,310044,44,checkpoint,100,straight,True,True,80,0.2,1.0,0.3,0,0.0,1,40,80,True,1.0,1.0,1.0,0.03030303120613098,0.3787878860126842,0.6780303093520078,36.99242444878275,0.0,0.0,0.0,44.0,41.0,44.0,1.0,4.0,4.0,4.0,0.0,1.0,0.0,44.0,0.2,0.6666666865348816,0.20000000596046447,15196.128451260653,6201.25,3764.595703125,452.9004211425781,3764.595703125,517.9630737304688,35.22713631391525
test,dropout030_relay_failure,multi_relation,none,none,none,4,60,EA-RG-MAPPO-S,results/intercept_3d_gate1_hardened_safety_5seed_formal_candidate/runs/multi_relation/bc_ppo_seed4/actor_critic_update_0060.pt,310048,48,checkpoint,100,straight,True,True,80,0.2,1.0,0.3,0,0.0,1,40,80,True,1.0,1.0,1.0,0.03030303120613098,0.38636364245956595,0.6856060674922033,36.022727270017974,0.0,0.0,0.0,44.0,41.0,44.0,1.0,4.0,4.0,4.0,0.0,1.0,0.0,44.0,0.2,0.800000011920929,0.20000000596046447,15216.147050337358,6117.12158203125,3602.501708984375,682.0056762695312,3602.501708984375,682.0056762695312,35.64030206203461
test,dropout030_relay_failure,multi_relation,none,none,none,4,60,EA-RG-MAPPO-S,results/intercept_3d_gate1_hardened_safety_5seed_formal_candidate/runs/multi_relation/bc_ppo_seed4/actor_critic_update_0060.pt,310000,0,checkpoint,100,straight,True,True,80,0.2,1.0,0.3,0,0.0,1,40,80,True,1.0,1.0,1.0,0.029629630512661403,0.37777778572506376,0.6444444537162781,34.42592618564765,0.0,0.0,0.0,45.0,42.0,45.0,1.0,5.0,5.0,5.0,0.0,1.0,0.0,45.0,0.16666666666666666,0.6666666865348816,0.19444445023934046,14999.275477430556,5894.49462890625,3530.04052734375,880.6280517578125,3530.04052734375,1489.2962646484375,35.31218346953392
test,dropout030_relay_failure,multi_relation,none,none,none,4,60,EA-RG-MAPPO-S,results/intercept_3d_gate1_hardened_safety_5seed_formal_candidate/runs/multi_relation/bc_ppo_seed4/actor_critic_update_0060.pt,310003,3,checkpoint,100,straight,True,True,80,0.2,1.0,0.3,0,0.0,1,40,80,True,1.0,1.0,1.0,0.029629630512661403,0.38518519202868146,0.7222222281826867,38.21481449703376,0.0,0.0,0.0,45.0,42.0,45.0,1.0,5.0,5.0,5.0,0.0,1.0,0.0,45.0,0.16666666666666666,0.6666666865348816,0.22222222884496054,15027.641178385416,5853.54638671875,3444.647705078125,482.5828857421875,3444.647705078125,482.5828857421875,36.21310403943062
test,dropout030_relay_failure,multi_relation,none,none,none,4,60,EA-RG-MAPPO-S,results/intercept_3d_gate1_hardened_safety_5seed_formal_candidate/runs/multi_relation/bc_ppo_seed4/actor_critic_update_0060.pt,310005,5,checkpoint,100,straight,True,True,80,0.2,1.0,0.3,0,0.0,1,40,80,True,1.0,1.0,1.0,0.029629630512661403,0.39259259899457294,0.6518518593576219,35.34444444510672,0.0,0.0,0.0,45.0,42.0,45.0,1.0,5.0,5.0,5.0,0.0,1.0,0.0,45.0,0.16666666666666666,0.7777777910232544,0.2777777860562007,15024.365581597222,5853.232421875,3569.942626953125,374.8291931152344,3569.942626953125,427.1886291503906,35.891518265008926
test,dropout030_relay_failure,multi_relation,none,none,none,4,60,EA-RG-MAPPO-S,results/intercept_3d_gate1_hardened_safety_5seed_formal_candidate/runs/multi_relation/bc_ppo_seed4/actor_critic_update_0060.pt,310006,6,checkpoint,100,straight,True,True,80,0.2,1.0,0.3,0,0.0,1,40,80,True,1.0,1.0,1.0,0.029629630512661403,0.37777778572506376,0.6666666749450896,34.433333368764984,0.0,0.0,0.0,45.0,42.0,45.0,1.0,5.0,5.0,5.0,0.0,1.0,0.0,45.0,0.16666666666666666,0.6666666865348816,0.13888889302810034,15012.561729600695,5963.68017578125,3531.397705078125,531.9562377929688,3531.397705078125,732.3223266601562,35.47741740942001
test,dropout030_relay_failure,multi_relation,none,none,none,4,60,EA-RG-MAPPO-S,results/intercept_3d_gate1_hardened_safety_5seed_formal_candidate/runs/multi_relation/bc_ppo_seed4/actor_critic_update_0060.pt,310016,16,checkpoint,100,straight,True,True,80,0.2,1.0,0.3,0,0.0,1,40,80,True,1.0,1.0,1.0,0.029629630512661403,0.37777778572506376,0.6851851910352706,34.37407427695062,0.0,0.0,0.0,45.0,42.0,45.0,1.0,5.0,5.0,5.0,0.0,1.0,0.0,45.0,0.16666666666666666,0.6666666865348816,0.19444445023934046,15009.63369140625,5945.48046875,3351.095458984375,470.6467590332031,3351.095458984375,893.6196899414062,35.64589333534241
test,dropout030_relay_failure,multi_relation,none,none,none,4,60,EA-RG-MAPPO-S,results/intercept_3d_gate1_hardened_safety_5seed_formal_candidate/runs/multi_relation/bc_ppo_seed4/actor_critic_update_0060.pt,310020,20,checkpoint,100,straight,True,True,80,0.2,1.0,0.3,0,0.0,1,40,80,True,1.0,1.0,1.0,0.029629630512661403,0.3703703780968984,0.7074074145820406,33.34074063102404,0.0,0.0,0.0,45.0,42.0,45.0,1.0,5.0,5.0,5.0,0.0,1.0,0.0,45.0,0.16666666666666666,0.6666666865348816,0.2500000074505806,15028.175933159722,5974.77978515625,3566.958740234375,637.8367919921875,3566.958740234375,927.835693359375,35.75724911689758
test,dropout030_relay_failure,multi_relation,none,none,none,4,60,EA-RG-MAPPO-S,results/intercept_3d_gate1_hardened_safety_5seed_formal_candidate/runs/multi_relation/bc_ppo_seed4/actor_critic_update_0060.pt,310021,21,checkpoint,100,straight,True,True,80,0.2,1.0,0.3,0,0.0,1,40,80,True,1.0,1.0,1.0,0.029629630512661403,0.3185185260242886,0.7148148202233844,35.28888855510288,0.0,0.0,0.0,45.0,42.0,45.0,1.0,5.0,5.0,5.0,0.0,1.0,0.0,45.0,0.16666666666666666,0.3888889004786809,0.22222222884496054,15065.147200520832,6356.35498046875,3838.11376953125,981.4493408203125,3838.11376953125,981.4493408203125,34.527717024087906
test,dropout030_relay_failure,multi_relation,none,none,none,4,60,EA-RG-MAPPO-S,results/intercept_3d_gate1_hardened_safety_5seed_formal_candidate/runs/multi_relation/bc_ppo_seed4/actor_critic_update_0060.pt,310022,22,checkpoint,100,straight,True,True,80,0.2,1.0,0.3,0,0.0,1,40,80,True,1.0,1.0,1.0,0.029629630512661403,0.3703703787591722,0.6666666749450896,35.3222223341465,0.0,0.0,0.0,45.0,42.0,45.0,1.0,5.0,5.0,5.0,0.0,1.0,0.0,45.0,0.16666666666666666,0.6666666865348816,0.2500000074505806,15021.00154079861,5986.86474609375,3551.072265625,836.8790893554688,3551.072265625,1763.0845947265625,35.2032827436924
test,dropout030_relay_failure,multi_relation,none,none,none,4,60,EA-RG-MAPPO-S,results/intercept_3d_gate1_hardened_safety_5seed_formal_candidate/runs/multi_relation/bc_ppo_seed4/actor_critic_update_0060.pt,310028,28,checkpoint,100,straight,True,True,80,0.2,1.0,0.3,0,0.0,1,40,80,True,1.0,1.0,1.0,0.029629630512661403,0.3703703780968984,0.7481481532255808,33.3444443391429,0.0,0.0,0.0,45.0,42.0,45.0,1.0,5.0,5.0,5.0,0.0,1.0,0.0,45.0,0.16666666666666666,0.6666666865348816,0.22222222884496054,15014.225770399305,5934.89306640625,3555.081787109375,670.2071533203125,3555.081787109375,1068.9310302734375,36.15307527780533
test,dropout030_relay_failure,multi_relation,none,none,none,4,60,EA-RG-MAPPO-S,results/intercept_3d_gate1_hardened_safety_5seed_formal_candidate/runs/multi_relation/bc_ppo_seed4/actor_critic_update_0060.pt,310035,35,checkpoint,100,straight,True,True,80,0.2,1.0,0.3,0,0.0,1,40,80,True,1.0,1.0,1.0,0.029629630512661403,0.3703703787591722,0.6740740792618858,33.44444424841139,0.0,0.0,0.0,45.0,42.0,45.0,1.0,5.0,5.0,5.0,0.0,1.0,0.0,45.0,0.16666666666666666,0.6666666865348816,0.22222222884496054,15028.840321180556,6122.66064453125,3857.53955078125,444.34027099609375,3857.53955078125,830.7494506835938,35.30229192972183
test,dropout030_relay_failure,multi_relation,none,none,none,4,60,EA-RG-MAPPO-S,results/intercept_3d_gate1_hardened_safety_5seed_formal_candidate/runs/multi_relation/bc_ppo_seed4/actor_critic_update_0060.pt,310039,39,checkpoint,100,straight,True,True,80,0.2,1.0,0.3,0,0.0,1,40,80,True,1.0,1.0,1.0,0.029629630512661403,0.36296297046873305,0.733333338300387,35.277777492337755,0.0,0.0,0.0,45.0,42.0,45.0,1.0,5.0,5.0,5.0,0.0,1.0,0.0,45.0,0.16666666666666666,0.6111111293236414,0.2777777860562007,15011.264561631944,6035.001953125,3566.01611328125,551.8696899414062,3566.01611328125,551.8696899414062,35.73312732577324
test,dropout030_relay_failure,multi_relation,none,none,none,4,60,EA-RG-MAPPO-S,results/intercept_3d_gate1_hardened_safety_5seed_formal_candidate/runs/multi_relation/bc_ppo_seed4/actor_critic_update_0060.pt,310041,41,checkpoint,100,straight,True,True,80,0.2,1.0,0.3,0,0.0,1,40,80,True,1.0,1.0,1.0,0.029629630512661403,0.37777778572506376,0.6407407469219631,32.533333249555696,0.0,0.0,0.0,45.0,42.0,45.0,1.0,5.0,5.0,5.0,0.0,1.0,0.0,45.0,0.16666666666666666,0.6666666865348816,0.19444445023934046,15022.244368489582,6002.927734375,3392.998291015625,569.7071533203125,3392.998291015625,687.6719360351562,35.29206299781799
test,dropout030_relay_failure,multi_relation,none,none,none,4,60,EA-RG-MAPPO-S,results/intercept_3d_gate1_hardened_safety_5seed_formal_candidate/runs/multi_relation/bc_ppo_seed4/actor_critic_update_0060.pt,310045,45,checkpoint,100,straight,True,True,80,0.2,1.0,0.3,0,0.0,1,40,80,True,1.0,1.0,1.0,0.029629630512661403,0.3703703780968984,0.6740740819109811,39.19629663295216,0.0,0.0,0.0,45.0,42.0,45.0,1.0,5.0,5.0,5.0,0.0,1.0,0.0,45.0,0.16666666666666666,0.6111111293236414,0.2500000074505806,15013.954058159723,6052.841796875,3563.33154296875,533.3479614257812,3563.33154296875,533.3479614257812,35.2183478474617
test,dropout030_relay_failure,multi_relation,none,none,none,4,60,EA-RG-MAPPO-S,results/intercept_3d_gate1_hardened_safety_5seed_formal_candidate/runs/multi_relation/bc_ppo_seed4/actor_critic_update_0060.pt,310046,46,checkpoint,100,straight,True,True,80,0.2,1.0,0.3,0,0.0,1,40,80,True,1.0,1.0,1.0,0.029629630512661403,0.37777778572506376,0.6296296384599473,39.155555439988774,0.0,0.0,0.0,45.0,42.0,45.0,1.0,5.0,5.0,5.0,0.0,1.0,0.0,45.0,0.16666666666666666,0.6666666865348816,0.2777777860562007,14993.704871961805,5975.39208984375,3741.8154296875,248.50511169433594,3741.8154296875,587.6360473632812,35.00341761112213
test,dropout030_relay_failure,multi_relation,none,none,none,4,60,EA-RG-MAPPO-S,results/intercept_3d_gate1_hardened_safety_5seed_formal_candidate/runs/multi_relation/bc_ppo_seed4/actor_critic_update_0060.pt,310049,49,checkpoint,100,straight,True,True,80,0.2,1.0,0.3,0,0.0,1,40,80,True,1.0,1.0,1.0,0.029629630512661403,0.38518519269095525,0.6296296371353998,36.35925917857223,0.0,0.0,0.0,45.0,42.0,45.0,1.0,5.0,5.0,5.0,0.0,1.0,0.0,45.0,0.16666666666666666,0.6666666865348816,0.22222222884496054,15018.360460069445,5910.57763671875,3435.309814453125,561.1458129882812,3435.309814453125,695.8060913085938,35.30585590004921
test,dropout030_relay_failure,multi_relation,none,none,none,4,60,EA-RG-MAPPO-S,results/intercept_3d_gate1_hardened_safety_5seed_formal_candidate/runs/multi_relation/bc_ppo_seed4/actor_critic_update_0060.pt,310008,8,checkpoint,100,straight,True,True,80,0.2,1.0,0.3,0,0.0,1,40,80,True,1.0,1.0,1.0,0.028985508110212242,0.36956522646157636,0.6992753698774006,35.6159422799297,0.0,0.0,0.0,46.0,43.0,46.0,1.0,6.0,6.0,6.0,0.0,1.0,0.0,46.0,0.14285714285714285,0.6666666865348816,0.21428572067192622,14900.849354619566,5953.44775390625,3861.932861328125,734.1981811523438,3861.932861328125,1345.7811279296875,35.75240060687065
test,dropout030_relay_failure,multi_relation,none,none,none,4,60,EA-RG-MAPPO-S,results/intercept_3d_gate1_hardened_safety_5seed_formal_candidate/runs/multi_relation/bc_ppo_seed4/actor_critic_update_0060.pt,310012,12,checkpoint,100,straight,True,True,80,0.2,1.0,0.3,0,0.0,1,40,80,True,1.0,1.0,1.0,0.028985508110212242,0.3333333426195642,0.6666666748731033,32.746376752853394,0.0,0.0,0.0,46.0,43.0,46.0,1.0,6.0,6.0,6.0,0.0,1.0,0.0,46.0,0.14285714285714285,0.5238095394202641,0.21428572067192622,14941.124936311142,6118.0,3489.408935546875,608.547607421875,3489.408935546875,831.9485473632812,34.88704341650009
test,dropout030_relay_failure,multi_relation,none,none,none,4,60,EA-RG-MAPPO-S,results/intercept_3d_gate1_hardened_safety_5seed_formal_candidate/runs/multi_relation/bc_ppo_seed4/actor_critic_update_0060.pt,310013,13,checkpoint,100,straight,True,True,80,0.2,1.0,0.3,0,0.0,1,40,80,True,1.0,1.0,1.0,0.028985508110212242,0.3550724737022234,0.6775362407383712,33.03260886215645,0.0,0.0,0.0,46.0,43.0,46.0,1.0,6.0,6.0,6.0,0.0,1.0,0.0,46.0,0.14285714285714285,0.6666666865348816,0.23809524519102915,14930.412714419157,6176.697265625,3872.813232421875,386.6226501464844,3872.813232421875,1495.48193359375,35.090232610702515
test,dropout030_relay_failure,multi_relation,none,none,none,4,60,EA-RG-MAPPO-S,results/intercept_3d_gate1_hardened_safety_5seed_formal_candidate/runs/multi_relation/bc_ppo_seed4/actor_critic_update_0060.pt,310018,18,checkpoint,100,straight,True,True,80,0.2,1.0,0.3,0,0.0,1,40,80,True,1.0,1.0,1.0,0.028985508110212242,0.3188405885644581,0.666666674549165,32.76449297984009,0.0,0.0,0.0,46.0,43.0,46.0,1.0,6.0,6.0,6.0,0.0,1.0,0.0,46.0,0.14285714285714285,0.4761904903820583,0.26190476971013205,14945.075492527174,6319.02978515625,3803.67578125,515.3792724609375,3803.67578125,740.2933349609375,34.29423476755619
test,dropout030_relay_failure,multi_relation,none,none,none,4,60,EA-RG-MAPPO-S,results/intercept_3d_gate1_hardened_safety_5seed_formal_candidate/runs/multi_relation/bc_ppo_seed4/actor_critic_update_0060.pt,310023,23,checkpoint,100,straight,True,True,80,0.2,1.0,0.3,0,0.0,1,40,80,True,1.0,1.0,1.0,0.028985508110212242,0.3405797189992407,0.7282608773397363,30.86956516718087,0.0,0.0,0.0,46.0,43.0,46.0,1.0,6.0,6.0,6.0,0.0,1.0,0.0,46.0,0.14285714285714285,0.5238095394202641,0.23809524519102915,14929.692032523777,6195.72412109375,3649.882080078125,418.76409912109375,3649.882080078125,750.702392578125,35.49045580625534
test,dropout030_relay_failure,multi_relation,none,none,none,4,60,EA-RG-MAPPO-S,results/intercept_3d_gate1_hardened_safety_5seed_formal_candidate/runs/multi_relation/bc_ppo_seed4/actor_critic_update_0060.pt,310025,25,checkpoint,100,straight,True,True,80,0.2,1.0,0.3,0,0.0,1,40,80,True,1.0,1.0,1.0,0.028985508110212242,0.3333333406759345,0.7173913114744684,37.402173690497875,0.0,0.0,0.0,46.0,43.0,46.0,1.0,6.0,6.0,6.0,0.0,1.0,0.0,46.0,0.14285714285714285,0.42857144134385244,0.26190476971013205,14896.169178838316,6190.54541015625,3930.846923828125,579.0023193359375,3930.846923828125,579.0023193359375,35.07818669080734
test,dropout030_relay_failure,multi_relation,none,none,none,4,60,EA-RG-MAPPO-S,results/intercept_3d_gate1_hardened_safety_5seed_formal_candidate/runs/multi_relation/bc_ppo_seed4/actor_critic_update_0060.pt,310030,30,checkpoint,100,straight,True,True,80,0.2,1.0,0.3,0,0.0,1,40,80,True,1.0,1.0,1.0,0.028985508110212242,0.304347834509352,0.7028985583911771,37.42753642603107,0.0,0.0,0.0,46.0,43.0,46.0,1.0,6.0,6.0,6.0,0.0,1.0,0.0,46.0,0.14285714285714285,0.3333333432674408,0.23809524519102915,14976.947021484375,6282.18896484375,3678.20849609375,559.4635620117188,3678.20849609375,559.4635620117188,34.29609274864197
test,dropout030_relay_failure,multi_relation,none,none,none,4,60,EA-RG-MAPPO-S,results/intercept_3d_gate1_hardened_safety_5seed_formal_candidate/runs/multi_relation/bc_ppo_seed4/actor_critic_update_0060.pt,310032,32,checkpoint,100,straight,True,True,80,0.2,1.0,0.3,0,0.0,1,40,80,True,1.0,1.0,1.0,0.028985508110212242,0.3550724724064703,0.6884058059557624,38.42391315037789,0.0,0.0,0.0,46.0,43.0,46.0,1.0,6.0,6.0,6.0,0.0,1.0,0.0,46.0,0.14285714285714285,0.5714285884584699,0.28571429422923494,14878.070323114809,6006.10791015625,3570.28173828125,426.3861389160156,3570.28173828125,612.658447265625,35.307094395160675
test,dropout030_relay_failure,multi_relation,none,none,none,4,60,EA-RG-MAPPO-S,results/intercept_3d_gate1_hardened_safety_5seed_formal_candidate/runs/multi_relation/bc_ppo_seed4/actor_critic_update_0060.pt,310033,33,checkpoint,100,straight,True,True,80,0.2,1.0,0.3,0,0.0,1,40,80,True,1.0,1.0,1.0,0.028985508110212242,0.3115942121847816,0.6811594279563945,35.65217397361994,0.0,0.0,0.0,46.0,43.0,46.0,1.0,6.0,6.0,6.0,0.0,1.0,0.0,46.0,0.14285714285714285,0.4761904903820583,0.23809524519102915,15018.427193019701,6379.19287109375,3868.540771484375,422.206298828125,3868.540771484375,887.3823852539062,34.24738621711731
test,dropout030_relay_failure,multi_relation,none,none,none,4,60,EA-RG-MAPPO-S,results/intercept_3d_gate1_hardened_safety_5seed_formal_candidate/runs/multi_relation/bc_ppo_seed4/actor_critic_update_0060.pt,310043,43,checkpoint,100,straight,True,True,80,0.2,1.0,0.3,0,0.0,1,40,80,True,1.0,1.0,1.0,0.028985508110212242,0.3550724737022234,0.684782615174418,31.876811709093012,0.0,0.0,0.0,46.0,43.0,46.0,1.0,6.0,6.0,6.0,0.0,1.0,0.0,46.0,0.14285714285714285,0.6666666865348816,0.1666666716337204,14904.307426120924,6063.72412109375,3582.9267578125,436.09527587890625,3582.9267578125,1521.3526611328125,35.3429539501667
test,dropout030_relay_failure,multi_relation,none,none,none,4,60,EA-RG-MAPPO-S,results/intercept_3d_gate1_hardened_safety_5seed_formal_candidate/runs/multi_relation/bc_ppo_seed4/actor_critic_update_0060.pt,310007,7,checkpoint,100,straight,True,True,80,0.2,1.0,0.3,0,0.0,1,40,80,True,1.0,1.0,1.0,0.02836879517169709,0.2836879510828789,0.6631205738224881,35.982269260477516,0.0,0.0,0.0,47.0,44.0,47.0,1.0,7.0,7.0,7.0,0.0,1.0,0.0,47.0,0.125,0.3333333432674408,0.2083333395421505,14832.33852435173,6288.71728515625,3710.203125,1024.13623046875,3710.203125,1024.13623046875,33.894045889377594
test,dropout030_relay_failure,multi_relation,none,none,none,4,60,EA-RG-MAPPO-S,results/intercept_3d_gate1_hardened_safety_5seed_formal_candidate/runs/multi_relation/bc_ppo_seed4/actor_critic_update_0060.pt,310009,9,checkpoint,100,straight,True,True,80,0.2,1.0,0.3,0,0.0,1,40,80,True,1.0,1.0,1.0,0.02836879517169709,0.3049645468275598,0.5886524890331511,38.748227218681194,0.0,0.0,0.0,47.0,44.0,47.0,1.0,7.0,7.0,7.0,0.0,1.0,0.0,47.0,0.125,0.3333333432674408,0.18750000558793545,14823.19763962766,6106.04052734375,3541.3330078125,892.0481567382812,3541.3330078125,892.0481567382812,33.64353987574577
test,dropout030_relay_failure,multi_relation,none,none,none,4,60,EA-RG-MAPPO-S,results/intercept_3d_gate1_hardened_safety_5seed_formal_candidate/runs/multi_relation/bc_ppo_seed4/actor_critic_update_0060.pt,310037,37,checkpoint,100,straight,True,True,80,0.2,1.0,0.3,0,0.0,1,40,80,True,1.0,1.0,1.0,0.02836879517169709,0.3404255407921811,0.6418439799800832,36.88652468995845,0.0,0.0,0.0,47.0,44.0,47.0,1.0,7.0,7.0,7.0,0.0,1.0,0.0,47.0,0.125,0.5000000149011612,0.27083334140479565,14767.165984458112,6063.04931640625,3520.457275390625,312.5005798339844,3520.457275390625,797.4058837890625,34.700025737285614
test,dropout030_relay_failure,multi_relation,none,none,none,4,60,EA-RG-MAPPO-S,results/intercept_3d_gate1_hardened_safety_5seed_formal_candidate/runs/multi_relation/bc_ppo_seed4/actor_critic_update_0060.pt,310047,47,checkpoint,100,straight,True,True,80,0.2,1.0,0.3,0,0.0,1,40,80,True,1.0,1.0,1.0,0.02836879517169709,0.3475177402191974,0.6808510714388908,33.0921989054756,0.0,0.0,0.0,47.0,44.0,47.0,1.0,7.0,7.0,7.0,0.0,1.0,0.0,47.0,0.125,0.6250000186264515,0.27083334140479565,14809.154504654256,6010.64794921875,3677.585693359375,573.825927734375,3677.585693359375,1761.6116943359375,35.4190833568573
test,dropout030_relay_failure,multi_relation,none,none,none,4,60,EA-RG-MAPPO-S,results/intercept_3d_gate1_hardened_safety_5seed_formal_candidate/runs/multi_relation/bc_ppo_seed4/actor_critic_update_0060.pt,310010,10,checkpoint,100,straight,True,True,80,0.2,1.0,0.3,0,0.0,1,40,80,True,0.0,0.0,0.0,0.0,0.07820512973345244,0.1935897472386177,72.49102554802711,0.0,1.0,0.0,260.0,-1.0,-1.0,0.0,220.0,220.0,-1.0,0.0,0.0,1.0,-1.0,0.0,0.0916666690260172,0.05416666828095913,10278.086975097656,15003.73046875,979.5360107421875,737.4222412109375,12165.1142578125,4081.396728515625,6.267026280285791
test,dropout030_relay_failure,multi_relation,none,none,none,4,60,EA-RG-MAPPO-S,results/intercept_3d_gate1_hardened_safety_5seed_formal_candidate/runs/multi_relation/bc_ppo_seed4/actor_critic_update_0060.pt,310015,15,checkpoint,100,straight,True,True,80,0.2,1.0,0.3,0,0.0,1,40,80,True,0.0,0.0,1.0,0.0012820513202593878,0.15897436371216409,0.18141025952421702,82.32371791916398,0.0,1.0,0.0,260.0,48.0,-1.0,0.0,220.0,220.0,-1.0,0.0,0.0,1.0,-1.0,0.0,0.12916667051613331,0.05000000149011612,11076.891396859975,10649.2587890625,3727.9052734375,637.5353393554688,7902.888671875,1420.4993896484375,16.576818282715976
test,dropout030_relay_failure,multi_relation,none,none,none,4,60,EA-RG-MAPPO-S,results/intercept_3d_gate1_hardened_safety_5seed_formal_candidate/runs/multi_relation/bc_ppo_seed4/actor_critic_update_0060.pt,310027,27,checkpoint,100,straight,True,True,80,0.2,1.0,0.3,0,0.0,1,40,80,True,0.0,0.0,1.0,0.003846153960778163,0.061538463028577656,0.20833333742160062,67.75384601583848,0.0,1.0,0.0,260.0,44.0,-1.0,0.0,220.0,220.0,-1.0,0.0,0.0,1.0,-1.0,0.0,0.04583333469927311,0.0416666679084301,10382.871305964543,11992.2373046875,2179.123291015625,268.9581604003906,9790.3251953125,2495.884033203125,9.722015184350312
test,dropout030_relay_failure,multi_relation,none,none,none,4,60,EA-RG-MAPPO-S,results/intercept_3d_gate1_hardened_safety_5seed_formal_candidate/runs/multi_relation/bc_ppo_seed4/actor_critic_update_0060.pt,310053,53,checkpoint,100,straight,True,True,80,0.2,1.0,0.3,0,0.0,1,40,80,True,1.0,1.0,1.0,0.03030303120613098,0.3636363704096187,0.7348484911701896,37.91287867183035,0.0,0.0,0.0,44.0,41.0,44.0,1.0,4.0,4.0,4.0,0.0,1.0,0.0,44.0,0.2,0.5333333492279053,0.26666667461395266,15215.025179776278,6353.95703125,3791.453369140625,1227.223388671875,3791.453369140625,1227.223388671875,35.34930354356766
test,dropout030_relay_failure,multi_relation,none,none,none,4,60,EA-RG-MAPPO-S,results/intercept_3d_gate1_hardened_safety_5seed_formal_candidate/runs/multi_relation/bc_ppo_seed4/actor_critic_update_0060.pt,310058,58,checkpoint,100,straight,True,True,80,0.2,1.0,0.3,0,0.0,1,40,80,True,1.0,1.0,1.0,0.03030303120613098,0.371212128888477,0.685606066476215,38.969696539369494,0.0,0.0,0.0,44.0,41.0,44.0,1.0,4.0,4.0,4.0,0.0,1.0,0.0,44.0,0.2,0.6666666865348816,0.26666667461395266,15229.312266956676,6297.86962890625,3747.017578125,586.0950317382812,3747.017578125,802.4254150390625,34.92914992570877
test,dropout030_relay_failure,multi_relation,none,none,none,4,60,EA-RG-MAPPO-S,results/intercept_3d_gate1_hardened_safety_5seed_formal_candidate/runs/multi_relation/bc_ppo_seed4/actor_critic_update_0060.pt,310059,59,checkpoint,100,straight,True,True,80,0.2,1.0,0.3,0,0.0,1,40,80,True,1.0,1.0,1.0,0.03030303120613098,0.37878788533535873,0.6818181879141114,34.12121200527657,0.0,0.0,0.0,44.0,41.0,44.0,1.0,4.0,4.0,4.0,0.0,1.0,0.0,44.0,0.2,0.7333333492279053,0.20000000596046447,15215.912453391335,6140.15283203125,3785.69091796875,860.8121948242188,3785.69091796875,1222.982421875,35.45499637722969
test,dropout030_relay_failure,multi_relation,none,none,none,4,60,EA-RG-MAPPO-S,results/intercept_3d_gate1_hardened_safety_5seed_formal_candidate/runs/multi_relation/bc_ppo_seed4/actor_critic_update_0060.pt,310066,66,checkpoint,100,straight,True,True,80,0.2,1.0,0.3,0,0.0,1,40,80,True,1.0,1.0,1.0,0.03030303120613098,0.371212128888477,0.6856060678308661,38.05303033542904,0.0,0.0,0.0,44.0,41.0,44.0,1.0,4.0,4.0,4.0,0.0,1.0,0.0,44.0,0.2,0.6666666865348816,0.3000000089406967,15225.642333984375,6251.001953125,3625.682373046875,624.9688720703125,3625.682373046875,788.0674438476562,35.04096847772598
test,dropout030_relay_failure,multi_relation,none,none,none,4,60,EA-RG-MAPPO-S,results/intercept_3d_gate1_hardened_safety_5seed_formal_candidate/runs/multi_relation/bc_ppo_seed4/actor_critic_update_0060.pt,310070,70,checkpoint,100,straight,True,True,80,0.2,1.0,0.3,0,0.0,1,40,80,True,1.0,1.0,1.0,0.03030303120613098,0.371212128888477,0.7234848558225415,34.01515171744607,0.0,0.0,0.0,44.0,41.0,44.0,1.0,4.0,4.0,4.0,0.0,1.0,0.0,44.0,0.2,0.6666666865348816,0.20000000596046447,15229.160356001421,6281.43896484375,3726.33984375,569.7886352539062,3726.33984375,796.6466674804688,35.533837020397186
test,dropout030_relay_failure,multi_relation,none,none,none,4,60,EA-RG-MAPPO-S,results/intercept_3d_gate1_hardened_safety_5seed_formal_candidate/runs/multi_relation/bc_ppo_seed4/actor_critic_update_0060.pt,310077,77,checkpoint,100,straight,True,True,80,0.2,1.0,0.3,0,0.0,1,40,80,True,1.0,1.0,1.0,0.03030303120613098,0.37878788533535873,0.6439394016157497,36.041666782715104,0.0,0.0,0.0,44.0,41.0,44.0,1.0,4.0,4.0,4.0,0.0,1.0,0.0,44.0,0.2,0.7333333492279053,0.20000000596046447,15246.941328568892,6142.71044921875,3510.673828125,748.2800903320312,3510.673828125,1305.0284423828125,35.046686351299286
test,dropout030_relay_failure,multi_relation,none,none,none,4,60,EA-RG-MAPPO-S,results/intercept_3d_gate1_hardened_safety_5seed_formal_candidate/runs/multi_relation/bc_ppo_seed4/actor_critic_update_0060.pt,310078,78,checkpoint,100,straight,True,True,80,0.2,1.0,0.3,0,0.0,1,40,80,True,1.0,1.0,1.0,0.03030303120613098,0.3863636431368915,0.674242431128567,39.05681772259149,0.0,0.0,0.0,44.0,41.0,44.0,1.0,4.0,4.0,4.0,0.0,1.0,0.0,44.0,0.2,0.6666666865348816,0.20000000596046447,15196.97176846591,6183.95947265625,3685.2626953125,273.0635986328125,3685.2626953125,273.0635986328125,35.23666712641716
test,dropout030_relay_failure,multi_relation,none,none,none,4,60,EA-RG-MAPPO-S,results/intercept_3d_gate1_hardened_safety_5seed_formal_candidate/runs/multi_relation/bc_ppo_seed4/actor_critic_update_0060.pt,310079,79,checkpoint,100,straight,True,True,80,0.2,1.0,0.3,0,0.0,1,40,80,True,1.0,1.0,1.0,0.03030303120613098,0.371212128888477,0.6893939457156442,36.97348467565396,0.0,0.0,0.0,44.0,41.0,44.0,1.0,4.0,4.0,4.0,0.0,1.0,0.0,44.0,0.2,0.6666666865348816,0.20000000596046447,15230.927967418324,6240.212890625,3714.905029296875,884.4141845703125,3714.905029296875,1800.8419189453125,35.1032292842865
test,dropout030_relay_failure,multi_relation,none,none,none,4,60,EA-RG-MAPPO-S,results/intercept_3d_gate1_hardened_safety_5seed_formal_candidate/runs/multi_relation/bc_ppo_seed4/actor_critic_update_0060.pt,310081,81,checkpoint,100,straight,True,True,80,0.2,1.0,0.3,0,0.0,1,40,80,True,1.0,1.0,1.0,0.03030303120613098,0.371212128888477,0.6590909165414897,37.12878790057518,0.0,0.0,0.0,44.0,41.0,44.0,1.0,4.0,4.0,4.0,0.0,1.0,0.0,44.0,0.2,0.6666666865348816,0.1666666716337204,15216.312699751421,6216.76708984375,3768.869140625,581.7418212890625,3768.869140625,665.8786010742188,34.84335273504257
test,dropout030_relay_failure,multi_relation,none,none,none,4,60,EA-RG-MAPPO-S,results/intercept_3d_gate1_hardened_safety_5seed_formal_candidate/runs/multi_relation/bc_ppo_seed4/actor_critic_update_0060.pt,310085,85,checkpoint,100,straight,True,True,80,0.2,1.0,0.3,0,0.0,1,40,80,True,1.0,1.0,1.0,0.03030303120613098,0.37878788533535873,0.6401515230536461,39.05681783367287,0.0,0.0,0.0,44.0,41.0,44.0,1.0,4.0,4.0,4.0,0.0,1.0,0.0,44.0,0.2,0.7333333492279053,0.20000000596046447,15206.246548739347,6101.84912109375,3657.300537109375,529.942626953125,3657.300537109375,608.7614135742188,34.94021251797676
test,dropout030_relay_failure,multi_relation,none,none,none,4,60,EA-RG-MAPPO-S,results/intercept_3d_gate1_hardened_safety_5seed_formal_candidate/runs/multi_relation/bc_ppo_seed4/actor_critic_update_0060.pt,310088,88,checkpoint,100,straight,True,True,80,0.2,1.0,0.3,0,0.0,1,40,80,True,1.0,1.0,1.0,0.03030303120613098,0.3939394002610987,0.6969697031785141,36.99999999898401,0.0,0.0,0.0,44.0,41.0,44.0,1.0,4.0,4.0,4.0,0.0,1.0,0.0,44.0,0.2,0.800000011920929,0.20000000596046447,15283.645552201704,6197.734375,3470.654296875,468.3165588378906,3470.654296875,478.9449157714844,35.80113446712494
test,dropout030_relay_failure,multi_relation,none,none,none,4,60,EA-RG-MAPPO-S,results/intercept_3d_gate1_hardened_safety_5seed_formal_candidate/runs/multi_relation/bc_ppo_seed4/actor_critic_update_0060.pt,310091,91,checkpoint,100,straight,True,True,80,0.2,1.0,0.3,0,0.0,1,40,80,True,1.0,1.0,1.0,0.03030303120613098,0.3636363717642697,0.6628787951035933,37.09090935371139,0.0,0.0,0.0,44.0,41.0,44.0,1.0,4.0,4.0,4.0,0.0,1.0,0.0,44.0,0.2,0.6666666865348816,0.13333333730697633,15232.634532581676,6264.75048828125,3786.456298828125,697.6209716796875,3786.456298828125,1193.9654541015625,34.74131524562836
test,dropout030_relay_failure,multi_relation,none,none,none,4,60,EA-RG-MAPPO-S,results/intercept_3d_gate1_hardened_safety_5seed_formal_candidate/runs/multi_relation/bc_ppo_seed4/actor_critic_update_0060.pt,310092,92,checkpoint,100,straight,True,True,80,0.2,1.0,0.3,0,0.0,1,40,80,True,1.0,1.0,1.0,0.03030303120613098,0.38636364245956595,0.7121212201362307,37.04545457661152,0.0,0.0,0.0,44.0,41.0,44.0,1.0,4.0,4.0,4.0,0.0,1.0,0.0,44.0,0.2,0.800000011920929,0.26666667461395266,15248.829956054688,6184.87158203125,3615.2841796875,666.2442016601562,3615.2841796875,666.2442016601562,35.7503122985363
test,dropout030_relay_failure,multi_relation,none,none,none,4,60,EA-RG-MAPPO-S,results/intercept_3d_gate1_hardened_safety_5seed_formal_candidate/runs/multi_relation/bc_ppo_seed4/actor_critic_update_0060.pt,310097,97,checkpoint,100,straight,True,True,80,0.2,1.0,0.3,0,0.0,1,40,80,True,1.0,1.0,1.0,0.03030303120613098,0.371212128888477,0.7234848537905649,34.18181789226153,0.0,0.0,0.0,44.0,41.0,44.0,1.0,4.0,4.0,4.0,0.0,1.0,0.0,44.0,0.2,0.6666666865348816,0.26666667461395266,15219.318503639915,6292.2421875,3686.13232421875,405.7719421386719,3686.13232421875,467.8721008300781,35.40368029475212
test,dropout030_relay_failure,multi_relation,none,none,none,4,60,EA-RG-MAPPO-S,results/intercept_3d_gate1_hardened_safety_5seed_formal_candidate/runs/multi_relation/bc_ppo_seed4/actor_critic_update_0060.pt,310052,52,checkpoint,100,straight,True,True,80,0.2,1.0,0.3,0,0.0,1,40,80,True,1.0,1.0,1.0,0.029629630512661403,0.3703703787591722,0.6962963038020664,31.48518507811758,0.0,0.0,0.0,45.0,42.0,45.0,1.0,5.0,5.0,5.0,0.0,1.0,0.0,45.0,0.16666666666666666,0.6666666865348816,0.19444445023934046,15051.693044704862,6169.6328125,3784.35693359375,466.20477294921875,3784.35693359375,707.7852172851562,35.52708849310875
test,dropout030_relay_failure,multi_relation,none,none,none,4,60,EA-RG-MAPPO-S,results/intercept_3d_gate1_hardened_safety_5seed_formal_candidate/runs/multi_relation/bc_ppo_seed4/actor_critic_update_0060.pt,310054,54,checkpoint,100,straight,True,True,80,0.2,1.0,0.3,0,0.0,1,40,80,True,1.0,1.0,1.0,0.029629630512661403,0.3777777850627899,0.625925933652454,36.33333327372869,0.0,0.0,0.0,45.0,42.0,45.0,1.0,5.0,5.0,5.0,0.0,1.0,0.0,45.0,0.16666666666666666,0.6111111293236414,0.1666666716337204,15041.11384548611,6096.8359375,3608.453857421875,652.0479125976562,3608.453857421875,652.0479125976562,35.06521886587143
test,dropout030_relay_failure,multi_relation,none,none,none,4,60,EA-RG-MAPPO-S,results/intercept_3d_gate1_hardened_safety_5seed_formal_candidate/runs/multi_relation/bc_ppo_seed4/actor_critic_update_0060.pt,310055,55,checkpoint,100,straight,True,True,80,0.2,1.0,0.3,0,0.0,1,40,80,True,1.0,1.0,1.0,0.029629630512661403,0.35555556416511536,0.6555555621782939,31.551851736836962,0.0,0.0,0.0,45.0,42.0,45.0,1.0,5.0,5.0,5.0,0.0,1.0,0.0,45.0,0.16666666666666666,0.6111111293236414,0.19444445023934046,15050.185275607639,6225.43115234375,3766.840087890625,465.1054992675781,3766.840087890625,649.275146484375,34.862675338983536
test,dropout030_relay_failure,multi_relation,none,none,none,4,60,EA-RG-MAPPO-S,results/intercept_3d_gate1_hardened_safety_5seed_formal_candidate/runs/multi_relation/bc_ppo_seed4/actor_critic_update_0060.pt,310056,56,checkpoint,100,straight,True,True,80,0.2,1.0,0.3,0,0.0,1,40,80,True,1.0,1.0,1.0,0.029629630512661403,0.3703703780968984,0.6592592689726088,37.21111134224468,0.0,0.0,0.0,45.0,42.0,45.0,1.0,5.0,5.0,5.0,0.0,1.0,0.0,45.0,0.16666666666666666,0.6666666865348816,0.19444445023934046,15010.788237847222,6049.26416015625,3610.74365234375,445.4747314453125,3610.74365234375,445.4747314453125,35.175743371248245
test,dropout030_relay_failure,multi_relation,none,none,none,4,60,EA-RG-MAPPO-S,results/intercept_3d_gate1_hardened_safety_5seed_formal_candidate/runs/multi_relation/bc_ppo_seed4/actor_critic_update_0060.pt,310057,57,checkpoint,100,straight,True,True,80,0.2,1.0,0.3,0,0.0,1,40,80,True,1.0,1.0,1.0,0.029629630512661403,0.37777778572506376,0.7111111170715756,38.24444450603591,0.0,0.0,0.0,45.0,42.0,45.0,1.0,5.0,5.0,5.0,0.0,1.0,0.0,45.0,0.16666666666666666,0.6666666865348816,0.19444445023934046,15004.040288628472,5992.17578125,3678.865234375,318.40191650390625,3678.865234375,419.71527099609375,35.66891810297966
test,dropout030_relay_failure,multi_relation,none,none,none,4,60,EA-RG-MAPPO-S,results/intercept_3d_gate1_hardened_safety_5seed_formal_candidate/runs/multi_relation/bc_ppo_seed4/actor_critic_update_0060.pt,310060,60,checkpoint,100,straight,True,True,80,0.2,1.0,0.3,0,0.0,1,40,80,True,1.0,1.0,1.0,0.029629630512661403,0.3703703780968984,0.7222222278515498,35.25185162723064,0.0,0.0,0.0,45.0,42.0,45.0,1.0,5.0,5.0,5.0,0.0,1.0,0.0,45.0,0.16666666666666666,0.6111111293236414,0.2777777860562007,15041.396419270834,6139.009765625,3709.21240234375,319.2528381347656,3709.21240234375,319.2528381347656,35.692387998104095
test,dropout030_relay_failure,multi_relation,none,none,none,4,60,EA-RG-MAPPO-S,results/intercept_3d_gate1_hardened_safety_5seed_formal_candidate/runs/multi_relation/bc_ppo_seed4/actor_critic_update_0060.pt,310062,62,checkpoint,100,straight,True,True,80,0.2,1.0,0.3,0,0.0,1,40,80,True,1.0,1.0,1.0,0.029629630512661403,0.37777778572506376,0.6740740812487073,38.19259264800284,0.0,0.0,0.0,45.0,42.0,45.0,1.0,5.0,5.0,5.0,0.0,1.0,0.0,45.0,0.16666666666666666,0.6666666865348816,0.1666666716337204,15033.25334201389,6005.97900390625,3486.779052734375,561.7785034179688,3486.779052734375,985.1279296875,35.37023991346359
test,dropout030_relay_failure,multi_relation,none,none,none,4,60,EA-RG-MAPPO-S,results/intercept_3d_gate1_hardened_safety_5seed_formal_candidate/runs/multi_relation/bc_ppo_seed4/actor_critic_update_0060.pt,310064,64,checkpoint,100,straight,True,True,80,0.2,1.0,0.3,0,0.0,1,40,80,True,1.0,1.0,1.0,0.029629630512661403,0.34814815521240233,0.6777777844005161,38.27037009331915,0.0,0.0,0.0,45.0,42.0,45.0,1.0,5.0,5.0,5.0,0.0,1.0,0.0,45.0,0.16666666666666666,0.5000000149011612,0.11111111442248027,15025.331922743055,6173.51123046875,3815.107177734375,837.3314819335938,3815.107177734375,837.3314819335938,34.834189772605896
test,dropout030_relay_failure,multi_relation,none,none,none,4,60,EA-RG-MAPPO-S,results/intercept_3d_gate1_hardened_safety_5seed_formal_candidate/runs/multi_relation/bc_ppo_seed4/actor_critic_update_0060.pt,310065,65,checkpoint,100,straight,True,True,80,0.2,1.0,0.3,0,0.0,1,40,80,True,1.0,1.0,1.0,0.029629630512661403,0.3185185273488363,0.6851851916975445,33.3703700919946,0.0,0.0,0.0,45.0,42.0,45.0,1.0,5.0,5.0,5.0,0.0,1.0,0.0,45.0,0.16666666666666666,0.4444444576899211,0.19444445023934046,15120.005523003472,6423.23974609375,3717.298095703125,679.3169555664062,3717.298095703125,699.1231079101562,34.23134580254555
test,dropout030_relay_failure,multi_relation,none,none,none,4,60,EA-RG-MAPPO-S,results/intercept_3d_gate1_hardened_safety_5seed_formal_candidate/runs/multi_relation/bc_ppo_seed4/actor_critic_update_0060.pt,310069,69,checkpoint,100,straight,True,True,80,0.2,1.0,0.3,0,0.0,1,40,80,True,1.0,1.0,1.0,0.029629630512661403,0.3925925996568468,0.6925926023059421,35.34814819991588,0.0,0.0,0.0,45.0,42.0,45.0,1.0,5.0,5.0,5.0,0.0,1.0,0.0,45.0,0.16666666666666666,0.6666666865348816,0.3055555646618207,15012.414811197918,5888.92822265625,3462.833740234375,339.8420715332031,3462.833740234375,339.8420715332031,36.14995801448822
test,dropout030_relay_failure,multi_relation,none,none,none,4,60,EA-RG-MAPPO-S,results/intercept_3d_gate1_hardened_safety_5seed_formal_candidate/runs/multi_relation/bc_ppo_seed4/actor_critic_update_0060.pt,310071,71,checkpoint,100,straight,True,True,80,0.2,1.0,0.3,0,0.0,1,40,80,True,1.0,1.0,1.0,0.029629630512661403,0.3629629711310069,0.66296297079987,34.529629767272205,0.0,0.0,0.0,45.0,42.0,45.0,1.0,5.0,5.0,5.0,0.0,1.0,0.0,45.0,0.16666666666666666,0.6666666865348816,0.3055555646618207,15018.295496961806,6037.84521484375,3641.048583984375,568.1859130859375,3641.048583984375,1259.4912109375,35.0477380156517
test,dropout030_relay_failure,multi_relation,none,none,none,4,60,EA-RG-MAPPO-S,results/intercept_3d_gate1_hardened_safety_5seed_formal_candidate/runs/multi_relation/bc_ppo_seed4/actor_critic_update_0060.pt,310075,75,checkpoint,100,straight,True,True,80,0.2,1.0,0.3,0,0.0,1,40,80,True,1.0,1.0,1.0,0.029629630512661403,0.3555555648273892,0.6851851920286814,34.3851849903663,0.0,0.0,0.0,45.0,42.0,45.0,1.0,5.0,5.0,5.0,0.0,1.0,0.0,45.0,0.16666666666666666,0.6666666865348816,0.2777777860562007,15105.463042534722,6282.974609375,3693.203125,241.84365844726562,3693.203125,762.7479248046875,34.88329854607582
test,dropout030_relay_failure,multi_relation,none,none,none,4,60,EA-RG-MAPPO-S,results/intercept_3d_gate1_hardened_safety_5seed_formal_candidate/runs/multi_relation/bc_ppo_seed4/actor_critic_update_0060.pt,310076,76,checkpoint,100,straight,True,True,80,0.2,1.0,0.3,0,0.0,1,40,80,True,1.0,1.0,1.0,0.029629630512661403,0.3703703787591722,0.6481481545501285,33.43703698449664,0.0,0.0,0.0,45.0,42.0,45.0,1.0,5.0,5.0,5.0,0.0,1.0,0.0,45.0,0.16666666666666666,0.6666666865348816,0.2777777860562007,15031.835134548612,5944.22705078125,3416.72216796875,742.9437866210938,3416.72216796875,1525.0809326171875,35.26068323850632
test,dropout030_relay_failure,multi_relation,none,none,none,4,60,EA-RG-MAPPO-S,results/intercept_3d_gate1_hardened_safety_5seed_formal_candidate/runs/multi_relation/bc_ppo_seed4/actor_critic_update_0060.pt,310083,83,checkpoint,100,straight,True,True,80,0.2,1.0,0.3,0,0.0,1,40,80,True,1.0,1.0,1.0,0.029629630512661403,0.3703703787591722,0.700000007947286,34.34444438384639,0.0,0.0,0.0,45.0,42.0,45.0,1.0,5.0,5.0,5.0,0.0,1.0,0.0,45.0,0.16666666666666666,0.6666666865348816,0.19444445023934046,15020.820746527777,6028.69873046875,3601.090576171875,376.7286682128906,3601.090576171875,1049.1455078125,35.52017819881439
test,dropout030_relay_failure,multi_relation,none,none,none,4,60,EA-RG-MAPPO-S,results/intercept_3d_gate1_hardened_safety_5seed_formal_candidate/runs/multi_relation/bc_ppo_seed4/actor_critic_update_0060.pt,310084,84,checkpoint,100,straight,True,True,80,0.2,1.0,0.3,0,0.0,1,40,80,True,1.0,1.0,1.0,0.029629630512661403,0.37777778572506376,0.6370370457569758,33.462963024112916,0.0,0.0,0.0,45.0,42.0,45.0,1.0,5.0,5.0,5.0,0.0,1.0,0.0,45.0,0.16666666666666666,0.6666666865348816,0.19444445023934046,15015.572808159723,6014.35693359375,3642.542236328125,568.4727783203125,3642.542236328125,644.0462036132812,35.30574372410774
test,dropout030_relay_failure,multi_relation,none,none,none,4,60,EA-RG-MAPPO-S,results/intercept_3d_gate1_hardened_safety_5seed_formal_candidate/runs/multi_relation/bc_ppo_seed4/actor_critic_update_0060.pt,310093,93,checkpoint,100,straight,True,True,80,0.2,1.0,0.3,0,0.0,1,40,80,True,1.0,1.0,1.0,0.029629630512661403,0.3555555648273892,0.6814814892080095,32.4555557227797,0.0,0.0,0.0,45.0,42.0,45.0,1.0,5.0,5.0,5.0,0.0,1.0,0.0,45.0,0.16666666666666666,0.6666666865348816,0.3055555646618207,15108.856532118056,6273.70947265625,3746.862060546875,565.37451171875,3746.862060546875,1162.5438232421875,34.95542901754379
test,dropout030_relay_failure,multi_relation,none,none,none,4,60,EA-RG-MAPPO-S,results/intercept_3d_gate1_hardened_safety_5seed_formal_candidate/runs/multi_relation/bc_ppo_seed4/actor_critic_update_0060.pt,310095,95,checkpoint,100,straight,True,True,80,0.2,1.0,0.3,0,0.0,1,40,80,True,1.0,1.0,1.0,0.029629630512661403,0.36296297046873305,0.700000007947286,34.2666666974624,0.0,0.0,0.0,45.0,42.0,45.0,1.0,5.0,5.0,5.0,0.0,1.0,0.0,45.0,0.16666666666666666,0.6111111293236414,0.22222222884496054,15062.719097222222,6042.025390625,3840.39208984375,587.7567138671875,3840.39208984375,915.029296875,35.51901423931122
test,dropout030_relay_failure,multi_relation,none,none,none,4,60,EA-RG-MAPPO-S,results/intercept_3d_gate1_hardened_safety_5seed_formal_candidate/runs/multi_relation/bc_ppo_seed4/actor_critic_update_0060.pt,310099,99,checkpoint,100,straight,True,True,80,0.2,1.0,0.3,0,0.0,1,40,80,True,1.0,1.0,1.0,0.029629630512661403,0.3629629717932807,0.6962963044643402,35.281481675306956,0.0,0.0,0.0,45.0,42.0,45.0,1.0,5.0,5.0,5.0,0.0,1.0,0.0,45.0,0.16666666666666666,0.6666666865348816,0.19444445023934046,15082.110709635417,6192.85888671875,3790.267333984375,355.9714050292969,3790.267333984375,809.1983032226562,35.30386361479759
test,dropout030_relay_failure,multi_relation,none,none,none,4,60,EA-RG-MAPPO-S,results/intercept_3d_gate1_hardened_safety_5seed_formal_candidate/runs/multi_relation/bc_ppo_seed4/actor_critic_update_0060.pt,310063,63,checkpoint,100,straight,True,True,80,0.2,1.0,0.3,0,0.0,1,40,80,True,1.0,1.0,1.0,0.028985508110212242,0.3623188494340233,0.6775362387947415,33.82246375861375,0.0,0.0,0.0,46.0,43.0,46.0,1.0,6.0,6.0,6.0,0.0,1.0,0.0,46.0,0.14285714285714285,0.6666666865348816,0.23809524519102915,14883.267737347147,6012.25,3665.7265625,250.1837615966797,3665.7265625,1078.504638671875,35.36744958162308
test,dropout030_relay_failure,multi_relation,none,none,none,4,60,EA-RG-MAPPO-S,results/intercept_3d_gate1_hardened_safety_5seed_formal_candidate/runs/multi_relation/bc_ppo_seed4/actor_critic_update_0060.pt,310067,67,checkpoint,100,straight,True,True,80,0.2,1.0,0.3,0,0.0,1,40,80,True,1.0,1.0,1.0,0.028985508110212242,0.3623188500818999,0.6920289931737859,32.68115952902514,0.0,0.0,0.0,46.0,43.0,46.0,1.0,6.0,6.0,6.0,0.0,1.0,0.0,46.0,0.14285714285714285,0.6666666865348816,0.23809524519102915,14905.811852496603,6101.35205078125,3828.195068359375,532.8616333007812,3828.195068359375,1186.1878662109375,35.48821598291397
test,dropout030_relay_failure,multi_relation,none,none,none,4,60,EA-RG-MAPPO-S,results/intercept_3d_gate1_hardened_safety_5seed_formal_candidate/runs/multi_relation/bc_ppo_seed4/actor_critic_update_0060.pt,310068,68,checkpoint,100,straight,True,True,80,0.2,1.0,0.3,0,0.0,1,40,80,True,1.0,1.0,1.0,0.028985508110212242,0.31884058791658154,0.6702898617671884,34.666666890616,0.0,0.0,0.0,46.0,43.0,46.0,1.0,6.0,6.0,6.0,0.0,1.0,0.0,46.0,0.14285714285714285,0.38095239230564665,0.21428572067192622,14925.005731997282,6101.390625,3433.113525390625,836.4100952148438,3433.113525390625,836.4100952148438,34.58632427453995
test,dropout030_relay_failure,multi_relation,none,none,none,4,60,EA-RG-MAPPO-S,results/intercept_3d_gate1_hardened_safety_5seed_formal_candidate/runs/multi_relation/bc_ppo_seed4/actor_critic_update_0060.pt,310073,73,checkpoint,100,straight,True,True,80,0.2,1.0,0.3,0,0.0,1,40,80,True,1.0,1.0,1.0,0.028985508110212242,0.3768116021933763,0.6594202971976736,35.73550694176684,0.0,0.0,0.0,46.0,43.0,46.0,1.0,6.0,6.0,6.0,0.0,1.0,0.0,46.0,0.14285714285714285,0.6666666865348816,0.21428572067192622,14820.736444887907,5767.09130859375,3455.7119140625,200.4381103515625,3455.7119140625,340.54022216796875,35.701521307229996
test,dropout030_relay_failure,multi_relation,none,none,none,4,60,EA-RG-MAPPO-S,results/intercept_3d_gate1_hardened_safety_5seed_formal_candidate/runs/multi_relation/bc_ppo_seed4/actor_critic_update_0060.pt,310074,74,checkpoint,100,straight,True,True,80,0.2,1.0,0.3,0,0.0,1,40,80,True,1.0,1.0,1.0,0.028985508110212242,0.3115942121847816,0.6847826154983562,32.739130436726235,0.0,0.0,0.0,46.0,43.0,46.0,1.0,6.0,6.0,6.0,0.0,1.0,0.0,46.0,0.14285714285714285,0.4761904903820583,0.23809524519102915,15011.983992866848,6351.39599609375,3747.770751953125,519.0985717773438,3747.770751953125,937.8858032226562,34.31314545869827
test,dropout030_relay_failure,multi_relation,none,none,none,4,60,EA-RG-MAPPO-S,results/intercept_3d_gate1_hardened_safety_5seed_formal_candidate/runs/multi_relation/bc_ppo_seed4/actor_critic_update_0060.pt,310080,80,checkpoint,100,straight,True,True,80,0.2,1.0,0.3,0,0.0,1,40,80,True,1.0,1.0,1.0,0.028985508110212242,0.3333333419716876,0.6521739211419354,33.83333326617013,0.0,0.0,0.0,46.0,43.0,46.0,1.0,6.0,6.0,6.0,0.0,1.0,0.0,46.0,0.14285714285714285,0.4761904903820583,0.21428572067192622,14902.04634425951,6028.28515625,3575.247802734375,460.47930908203125,3575.247802734375,460.47930908203125,34.783612817525864
test,dropout030_relay_failure,multi_relation,none,none,none,4,60,EA-RG-MAPPO-S,results/intercept_3d_gate1_hardened_safety_5seed_formal_candidate/runs/multi_relation/bc_ppo_seed4/actor_critic_update_0060.pt,310082,82,checkpoint,100,straight,True,True,80,0.2,1.0,0.3,0,0.0,1,40,80,True,1.0,1.0,1.0,0.028985508110212242,0.3405797196471173,0.6268116002497466,32.92391271111758,0.0,0.0,0.0,46.0,43.0,46.0,1.0,6.0,6.0,6.0,0.0,1.0,0.0,46.0,0.14285714285714285,0.5714285884584699,0.14285714711461747,14931.430802055027,6166.37646484375,3640.575439453125,572.2355346679688,3640.575439453125,1256.3087158203125,34.39505562186241
test,dropout030_relay_failure,multi_relation,none,none,none,4,60,EA-RG-MAPPO-S,results/intercept_3d_gate1_hardened_safety_5seed_formal_candidate/runs/multi_relation/bc_ppo_seed4/actor_critic_update_0060.pt,310087,87,checkpoint,100,straight,True,True,80,0.2,1.0,0.3,0,0.0,1,40,80,True,1.0,1.0,1.0,0.028985508110212242,0.304347834509352,0.7318840652056362,33.84057993053094,0.0,0.0,0.0,46.0,43.0,46.0,1.0,6.0,6.0,6.0,0.0,1.0,0.0,46.0,0.14285714285714285,0.3333333432674408,0.21428572067192622,14982.745106572691,6453.17578125,3958.8037109375,588.9242553710938,3958.8037109375,588.9242553710938,34.59270021319389
test,dropout030_relay_failure,multi_relation,none,none,none,4,60,EA-RG-MAPPO-S,results/intercept_3d_gate1_hardened_safety_5seed_formal_candidate/runs/multi_relation/bc_ppo_seed4/actor_critic_update_0060.pt,310090,90,checkpoint,100,straight,True,True,80,0.2,1.0,0.3,0,0.0,1,40,80,True,1.0,1.0,1.0,0.028985508110212242,0.3623188500818999,0.6739130522245946,33.71739128005245,0.0,0.0,0.0,46.0,43.0,46.0,1.0,6.0,6.0,6.0,0.0,1.0,0.0,46.0,0.14285714285714285,0.6666666865348816,0.19047619615282332,14929.670526919157,6062.08056640625,3709.328125,621.83740234375,3709.328125,1183.5498046875,35.32832404971123
test,dropout030_relay_failure,multi_relation,none,none,none,4,60,EA-RG-MAPPO-S,results/intercept_3d_gate1_hardened_safety_5seed_formal_candidate/runs/multi_relation/bc_ppo_seed4/actor_critic_update_0060.pt,310094,94,checkpoint,100,straight,True,True,80,0.2,1.0,0.3,0,0.0,1,40,80,True,1.0,1.0,1.0,0.028985508110212242,0.3550724717585937,0.6666666732534118,37.49275370104157,0.0,0.0,0.0,46.0,43.0,46.0,1.0,6.0,6.0,6.0,0.0,1.0,0.0,46.0,0.14285714285714285,0.5238095394202641,0.19047619615282332,14860.600755774456,5924.18359375,3609.767822265625,618.2411499023438,3609.767822265625,627.6378173828125,35.20800098776817
test,dropout030_relay_failure,multi_relation,none,none,none,4,60,EA-RG-MAPPO-S,results/intercept_3d_gate1_hardened_safety_5seed_formal_candidate/runs/multi_relation/bc_ppo_seed4/actor_critic_update_0060.pt,310096,96,checkpoint,100,straight,True,True,80,0.2,1.0,0.3,0,0.0,1,40,80,True,1.0,1.0,1.0,0.028985508110212242,0.3695652258136998,0.6956521794199944,37.41666652553755,0.0,0.0,0.0,46.0,43.0,46.0,1.0,6.0,6.0,6.0,0.0,1.0,0.0,46.0,0.14285714285714285,0.6666666865348816,0.1666666716337204,14847.282077955164,5802.93603515625,3526.7158203125,686.84716796875,3526.7158203125,1380.7840576171875,35.719372510910034
test,dropout030_relay_failure,multi_relation,none,none,none,4,60,EA-RG-MAPPO-S,results/intercept_3d_gate1_hardened_safety_5seed_formal_candidate/runs/multi_relation/bc_ppo_seed4/actor_critic_update_0060.pt,310050,50,checkpoint,100,straight,True,True,80,0.2,1.0,0.3,0,0.0,1,40,80,True,1.0,1.0,1.0,0.02836879517169709,0.28368795171697087,0.6453900790594994,37.705673489481846,0.0,0.0,0.0,47.0,44.0,47.0,1.0,7.0,7.0,7.0,0.0,1.0,0.0,47.0,0.125,0.3333333432674408,0.1666666716337204,14911.466505984043,6459.404296875,3793.801025390625,813.6572875976562,3793.801025390625,813.6572875976562,33.54831421375275
test,dropout030_relay_failure,multi_relation,none,none,none,4,60,EA-RG-MAPPO-S,results/intercept_3d_gate1_hardened_safety_5seed_formal_candidate/runs/multi_relation/bc_ppo_seed4/actor_critic_update_0060.pt,310061,61,checkpoint,100,straight,True,True,80,0.2,1.0,0.3,0,0.0,1,40,80,True,1.0,1.0,1.0,0.02836879517169709,0.33333334263334885,0.6241134842659565,32.2304966687522,0.0,0.0,0.0,47.0,44.0,47.0,1.0,7.0,7.0,7.0,0.0,1.0,0.0,47.0,0.125,0.5416666828095913,0.2500000074505806,14805.909990026596,6031.55224609375,3738.74951171875,558.9495849609375,3738.74951171875,1294.98388671875,34.62975087761879
test,dropout030_relay_failure,multi_relation,none,none,none,4,60,EA-RG-MAPPO-S,results/intercept_3d_gate1_hardened_safety_5seed_formal_candidate/runs/multi_relation/bc_ppo_seed4/actor_critic_update_0060.pt,310086,86,checkpoint,100,straight,True,True,80,0.2,1.0,0.3,0,0.0,1,40,80,True,1.0,1.0,1.0,0.02836879517169709,0.3049645480957437,0.5744680955689004,37.75177318840585,0.0,0.0,0.0,47.0,44.0,47.0,1.0,7.0,7.0,7.0,0.0,1.0,0.0,47.0,0.125,0.4583333469927311,0.22916667349636555,14910.102861120346,6463.638671875,3807.539794921875,440.0992431640625,3807.539794921875,1269.9066162109375,33.024381786584854
test,dropout030_relay_failure,multi_relation,none,none,none,4,60,EA-RG-MAPPO-S,results/intercept_3d_gate1_hardened_safety_5seed_formal_candidate/runs/multi_relation/bc_ppo_seed4/actor_critic_update_0060.pt,310089,89,checkpoint,100,straight,True,True,80,0.2,1.0,0.3,0,0.0,1,40,80,True,1.0,1.0,1.0,0.02836879517169709,0.33333334263334885,0.6134751863936161,32.485815876658926,0.0,0.0,0.0,47.0,44.0,47.0,1.0,7.0,7.0,7.0,0.0,1.0,0.0,47.0,0.125,0.5416666828095913,0.27083334140479565,14780.23591256649,6046.47607421875,3683.61572265625,412.9288635253906,3683.61572265625,1185.678466796875,34.48394390940666
test,dropout030_relay_failure,multi_relation,none,none,none,4,60,EA-RG-MAPPO-S,results/intercept_3d_gate1_hardened_safety_5seed_formal_candidate/runs/multi_relation/bc_ppo_seed4/actor_critic_update_0060.pt,310098,98,checkpoint,100,straight,True,True,80,0.2,1.0,0.3,0,0.0,1,40,80,True,1.0,1.0,1.0,0.02836879517169709,0.3262411438404246,0.6773049698231068,35.90070929520942,0.0,0.0,0.0,47.0,44.0,47.0,1.0,7.0,7.0,7.0,0.0,1.0,0.0,47.0,0.125,0.5000000149011612,0.14583333767950535,14811.161641871675,6097.41357421875,3551.321533203125,497.6103515625,3551.321533203125,1388.1419677734375,34.79895254969597
test,dropout030_relay_failure,multi_relation,none,none,none,4,60,EA-RG-MAPPO-S,results/intercept_3d_gate1_hardened_safety_5seed_formal_candidate/runs/multi_relation/bc_ppo_seed4/actor_critic_update_0060.pt,310051,51,checkpoint,100,straight,True,True,80,0.2,1.0,0.3,0,0.0,1,40,80,True,1.0,1.0,1.0,0.027777778605620067,0.3333333432674408,0.7013888955116272,34.406249896002315,0.0,0.0,0.0,48.0,45.0,48.0,1.0,8.0,8.0,8.0,0.0,1.0,0.0,48.0,0.1111111111111111,0.6666666865348816,0.22222222884496054,14791.289855957031,6233.53369140625,3883.7841796875,721.4260864257812,3883.7841796875,2474.5703125,35.13194897770882
test,dropout030_relay_failure,multi_relation,none,none,none,4,60,EA-RG-MAPPO-S,results/intercept_3d_gate1_hardened_safety_5seed_formal_candidate/runs/multi_relation/bc_ppo_seed4/actor_critic_update_0060.pt,310072,72,checkpoint,100,straight,True,True,80,0.2,1.0,0.3,0,0.0,1,40,80,True,1.0,1.0,1.0,0.027777778605620067,0.28472223070760566,0.6631944517915448,36.15277774104228,0.0,0.0,0.0,48.0,45.0,48.0,1.0,8.0,8.0,8.0,0.0,1.0,0.0,48.0,0.1111111111111111,0.3333333432674408,0.2592592669857873,14736.915618896484,6423.16650390625,3905.980224609375,614.0233764648438,3905.980224609375,719.3226928710938,33.867399752140045
test,dropout030_relay_failure,no_role_pair_gate,none,no_role_pair_gate,none,0,60,no_role_pair_gate,results/intercept_3d_gate1_hardened_safety_no_role_pair_gate_5seed_fixed_update60_candidate/runs/multi_relation/bc_ppo_seed0/actor_critic_update_0060.pt,310002,2,checkpoint,100,straight,True,True,80,0.2,1.0,0.3,0,0.0,1,40,80,True,1.0,1.0,1.0,0.03030303120613098,0.4166666716337204,0.6287878893993117,52.72727278450673,0.0,0.0,0.0,44.0,41.0,44.0,1.0,4.0,4.0,4.0,0.0,1.0,0.0,44.0,0.2,1.0,0.26666667461395266,15257.12128240412,5937.380859375,3505.951416015625,1958.29296875,3505.951416015625,1958.29296875,35.28648193180561
test,dropout030_relay_failure,no_role_pair_gate,none,no_role_pair_gate,none,0,60,no_role_pair_gate,results/intercept_3d_gate1_hardened_safety_no_role_pair_gate_5seed_fixed_update60_candidate/runs/multi_relation/bc_ppo_seed0/actor_critic_update_0060.pt,310005,5,checkpoint,100,straight,True,True,80,0.2,1.0,0.3,0,0.0,1,40,80,True,1.0,1.0,1.0,0.03030303120613098,0.41666667095639487,0.6022727360779588,57.76136357642033,0.0,0.0,0.0,44.0,41.0,44.0,1.0,4.0,4.0,4.0,0.0,1.0,0.0,44.0,0.2,1.0,0.3000000089406967,15173.362903941761,5813.89306640625,3975.654541015625,2929.241943359375,3975.654541015625,2929.241943359375,34.86698305606842
test,dropout030_relay_failure,no_role_pair_gate,none,no_role_pair_gate,none,0,60,no_role_pair_gate,results/intercept_3d_gate1_hardened_safety_no_role_pair_gate_5seed_fixed_update60_candidate/runs/multi_relation/bc_ppo_seed0/actor_critic_update_0060.pt,310014,14,checkpoint,100,straight,True,True,80,0.2,1.0,0.3,0,0.0,1,40,80,True,1.0,1.0,1.0,0.03030303120613098,0.41666667095639487,0.6553030383180488,47.96590897644108,0.0,0.0,0.0,44.0,41.0,44.0,1.0,4.0,4.0,4.0,0.0,1.0,0.0,44.0,0.2,1.0,0.26666667461395266,15148.194025213068,5756.09423828125,3961.032958984375,1938.96435546875,3961.032958984375,1938.96435546875,35.81399795413017
test,dropout030_relay_failure,no_role_pair_gate,none,no_role_pair_gate,none,0,60,no_role_pair_gate,results/intercept_3d_gate1_hardened_safety_no_role_pair_gate_5seed_fixed_update60_candidate/runs/multi_relation/bc_ppo_seed0/actor_critic_update_0060.pt,310017,17,checkpoint,100,straight,True,True,80,0.2,1.0,0.3,0,0.0,1,40,80,True,1.0,1.0,1.0,0.03030303120613098,0.4166666716337204,0.6515151594172824,43.03030282462185,0.0,0.0,0.0,44.0,41.0,44.0,1.0,4.0,4.0,4.0,0.0,1.0,0.0,44.0,0.2,1.0,0.26666667461395266,15162.727871981535,5718.869140625,3494.220703125,1835.4097900390625,3494.220703125,1835.4097900390625,36.03106337785721
test,dropout030_relay_failure,no_role_pair_gate,none,no_role_pair_gate,none,0,60,no_role_pair_gate,results/intercept_3d_gate1_hardened_safety_no_role_pair_gate_5seed_fixed_update60_candidate/runs/multi_relation/bc_ppo_seed0/actor_critic_update_0060.pt,310029,29,checkpoint,100,straight,True,True,80,0.2,1.0,0.3,0,0.0,1,40,80,True,1.0,1.0,1.0,0.03030303120613098,0.40909091383218765,0.7045454599640586,52.6363632066006,0.0,0.0,0.0,44.0,41.0,44.0,1.0,4.0,4.0,4.0,0.0,1.0,0.0,44.0,0.2,1.0,0.23333334028720856,15159.442527077415,5784.287109375,3920.494873046875,2730.479248046875,3920.494873046875,2730.479248046875,35.88757994771004
test,dropout030_relay_failure,no_role_pair_gate,none,no_role_pair_gate,none,0,60,no_role_pair_gate,results/intercept_3d_gate1_hardened_safety_no_role_pair_gate_5seed_fixed_update60_candidate/runs/multi_relation/bc_ppo_seed0/actor_critic_update_0060.pt,310034,34,checkpoint,100,straight,True,True,80,0.2,1.0,0.3,0,0.0,1,40,80,True,1.0,1.0,1.0,0.03030303120613098,0.4242424287579276,0.6969697035171769,42.9204541685229,0.0,0.0,0.0,44.0,41.0,44.0,1.0,4.0,4.0,4.0,0.0,1.0,0.0,44.0,0.2,1.0,0.26666667461395266,15116.476884321733,5694.5625,3884.044189453125,1564.0771484375,3884.044189453125,1564.0771484375,36.63673684000969
test,dropout030_relay_failure,no_role_pair_gate,none,no_role_pair_gate,none,0,60,no_role_pair_gate,results/intercept_3d_gate1_hardened_safety_no_role_pair_gate_5seed_fixed_update60_candidate/runs/multi_relation/bc_ppo_seed0/actor_critic_update_0060.pt,310042,42,checkpoint,100,straight,True,True,80,0.2,1.0,0.3,0,0.0,1,40,80,True,1.0,1.0,1.0,0.03030303120613098,0.4242424287579276,0.6439394016157497,45.85984842580828,0.0,0.0,0.0,44.0,41.0,44.0,1.0,4.0,4.0,4.0,0.0,1.0,0.0,44.0,0.2,1.0,0.20000000596046447,15104.453324751421,5656.62939453125,3901.03564453125,2336.564697265625,3901.03564453125,2336.564697265625,36.063384994864464
test,dropout030_relay_failure,no_role_pair_gate,none,no_role_pair_gate,none,0,60,no_role_pair_gate,results/intercept_3d_gate1_hardened_safety_no_role_pair_gate_5seed_fixed_update60_candidate/runs/multi_relation/bc_ppo_seed0/actor_critic_update_0060.pt,310048,48,checkpoint,100,straight,True,True,80,0.2,1.0,0.3,0,0.0,1,40,80,True,1.0,1.0,1.0,0.03030303120613098,0.41666667095639487,0.6590909168801524,50.787878620692275,0.0,0.0,0.0,44.0,41.0,44.0,1.0,4.0,4.0,4.0,0.0,1.0,0.0,44.0,0.2,1.0,0.23333334028720856,15141.538141424006,5666.8359375,3739.850341796875,2938.4833984375,3739.850341796875,2938.4833984375,35.797354340553284
test,dropout030_relay_failure,no_role_pair_gate,none,no_role_pair_gate,none,0,60,no_role_pair_gate,results/intercept_3d_gate1_hardened_safety_no_role_pair_gate_5seed_fixed_update60_candidate/runs/multi_relation/bc_ppo_seed0/actor_critic_update_0060.pt,310001,1,checkpoint,100,straight,True,True,80,0.2,1.0,0.3,0,0.0,1,40,80,True,1.0,1.0,1.0,0.029629630512661403,0.4370370414521959,0.6444444507360458,46.78518507546849,0.0,0.0,0.0,45.0,42.0,45.0,1.0,5.0,5.0,5.0,0.0,1.0,0.0,45.0,0.16666666666666666,1.0,0.19444445023934046,14896.14592013889,5324.04345703125,3637.401611328125,2788.440185546875,3637.401611328125,2788.440185546875,36.78251114487648
test,dropout030_relay_failure,no_role_pair_gate,none,no_role_pair_gate,none,0,60,no_role_pair_gate,results/intercept_3d_gate1_hardened_safety_no_role_pair_gate_5seed_fixed_update60_candidate/runs/multi_relation/bc_ppo_seed0/actor_critic_update_0060.pt,310004,4,checkpoint,100,straight,True,True,80,0.2,1.0,0.3,0,0.0,1,40,80,True,1.0,1.0,1.0,0.029629630512661403,0.4296296338240306,0.6481481555435392,47.814814789758785,0.0,0.0,0.0,45.0,42.0,45.0,1.0,5.0,5.0,5.0,0.0,1.0,0.0,45.0,0.16666666666666666,1.0,0.19444445023934046,14914.996061197917,5307.28759765625,3879.720458984375,2320.7578125,3879.720458984375,2320.7578125,36.61083406209946
test,dropout030_relay_failure,no_role_pair_gate,none,no_role_pair_gate,none,0,60,no_role_pair_gate,results/intercept_3d_gate1_hardened_safety_no_role_pair_gate_5seed_fixed_update60_candidate/runs/multi_relation/bc_ppo_seed0/actor_critic_update_0060.pt,310010,10,checkpoint,100,straight,True,True,80,0.2,1.0,0.3,0,0.0,1,40,80,True,1.0,1.0,1.0,0.029629630512661403,0.4296296338240306,0.6222222321563297,57.43333355751302,0.0,0.0,0.0,45.0,42.0,45.0,1.0,5.0,5.0,5.0,0.0,1.0,0.0,45.0,0.16666666666666666,1.0,0.2500000074505806,14952.524153645832,5392.75146484375,3941.89501953125,3213.227294921875,3941.89501953125,3213.227294921875,35.92346891760826
test,dropout030_relay_failure,no_role_pair_gate,none,no_role_pair_gate,none,0,60,no_role_pair_gate,results/intercept_3d_gate1_hardened_safety_no_role_pair_gate_5seed_fixed_update60_candidate/runs/multi_relation/bc_ppo_seed0/actor_critic_update_0060.pt,310011,11,checkpoint,100,straight,True,True,80,0.2,1.0,0.3,0,0.0,1,40,80,True,1.0,1.0,1.0,0.029629630512661403,0.4370370414521959,0.6296296384599473,50.77777788970206,0.0,0.0,0.0,45.0,42.0,45.0,1.0,5.0,5.0,5.0,0.0,1.0,0.0,45.0,0.16666666666666666,1.0,0.2500000074505806,14914.777875434027,5351.15380859375,3862.179931640625,2432.676513671875,3862.179931640625,2432.676513671875,36.46165408194065
test,dropout030_relay_failure,no_role_pair_gate,none,no_role_pair_gate,none,0,60,no_role_pair_gate,results/intercept_3d_gate1_hardened_safety_no_role_pair_gate_5seed_fixed_update60_candidate/runs/multi_relation/bc_ppo_seed0/actor_critic_update_0060.pt,310016,16,checkpoint,100,straight,True,True,80,0.2,1.0,0.3,0,0.0,1,40,80,True,1.0,1.0,1.0,0.029629630512661403,0.4370370414521959,0.6592592669857873,43.94074107507865,0.0,0.0,0.0,45.0,42.0,45.0,1.0,5.0,5.0,5.0,0.0,1.0,0.0,45.0,0.16666666666666666,1.0,0.2500000074505806,14870.083756510418,5267.88916015625,3977.083740234375,2072.98095703125,3977.083740234375,2072.98095703125,37.077069371938705
test,dropout030_relay_failure,no_role_pair_gate,none,no_role_pair_gate,none,0,60,no_role_pair_gate,results/intercept_3d_gate1_hardened_safety_no_role_pair_gate_5seed_fixed_update60_candidate/runs/multi_relation/bc_ppo_seed0/actor_critic_update_0060.pt,310019,19,checkpoint,100,straight,True,True,80,0.2,1.0,0.3,0,0.0,1,40,80,True,1.0,1.0,1.0,0.029629630512661403,0.4296296338240306,0.6740740829043919,49.64444452689754,0.0,0.0,0.0,45.0,42.0,45.0,1.0,5.0,5.0,5.0,0.0,1.0,0.0,45.0,0.16666666666666666,1.0,0.2777777860562007,14924.983973524306,5269.45263671875,3568.863525390625,2473.946044921875,3568.863525390625,2473.946044921875,36.79908266663551
test,dropout030_relay_failure,no_role_pair_gate,none,no_role_pair_gate,none,0,60,no_role_pair_gate,results/intercept_3d_gate1_hardened_safety_no_role_pair_gate_5seed_fixed_update60_candidate/runs/multi_relation/bc_ppo_seed0/actor_critic_update_0060.pt,310024,24,checkpoint,100,straight,True,True,80,0.2,1.0,0.3,0,0.0,1,40,80,True,1.0,1.0,1.0,0.029629630512661403,0.4296296338240306,0.6407407495710585,55.496296207110085,0.0,0.0,0.0,45.0,42.0,45.0,1.0,5.0,5.0,5.0,0.0,1.0,0.0,45.0,0.16666666666666666,1.0,0.2500000074505806,14939.590093315972,5373.22900390625,3683.665771484375,3008.388916015625,3683.665771484375,3008.388916015625,36.13978171348572
test,dropout030_relay_failure,no_role_pair_gate,none,no_role_pair_gate,none,0,60,no_role_pair_gate,results/intercept_3d_gate1_hardened_safety_no_role_pair_gate_5seed_fixed_update60_candidate/runs/multi_relation/bc_ppo_seed0/actor_critic_update_0060.pt,310026,26,checkpoint,100,straight,True,True,80,0.2,1.0,0.3,0,0.0,1,40,80,True,1.0,1.0,1.0,0.029629630512661403,0.4370370414521959,0.6333333416117563,51.63333327604665,0.0,0.0,0.0,45.0,42.0,45.0,1.0,5.0,5.0,5.0,0.0,1.0,0.0,45.0,0.16666666666666666,1.0,0.13888889302810034,14914.346495225695,5317.14306640625,3565.7587890625,2783.423583984375,3565.7587890625,2783.423583984375,36.51826524734497
test,dropout030_relay_failure,no_role_pair_gate,none,no_role_pair_gate,none,0,60,no_role_pair_gate,results/intercept_3d_gate1_hardened_safety_no_role_pair_gate_5seed_fixed_update60_candidate/runs/multi_relation/bc_ppo_seed0/actor_critic_update_0060.pt,310031,31,checkpoint,100,straight,True,True,80,0.2,1.0,0.3,0,0.0,1,40,80,True,1.0,1.0,1.0,0.029629630512661403,0.4296296338240306,0.6037037140793271,58.396296357446246,0.0,0.0,0.0,45.0,42.0,45.0,1.0,5.0,5.0,5.0,0.0,1.0,0.0,45.0,0.16666666666666666,1.0,0.2500000074505806,14940.759027777778,5419.44482421875,3983.418212890625,2995.573974609375,3983.418212890625,2995.573974609375,35.636584639549255
test,dropout030_relay_failure,no_role_pair_gate,none,no_role_pair_gate,none,0,60,no_role_pair_gate,results/intercept_3d_gate1_hardened_safety_no_role_pair_gate_5seed_fixed_update60_candidate/runs/multi_relation/bc_ppo_seed0/actor_critic_update_0060.pt,310035,35,checkpoint,100,straight,True,True,80,0.2,1.0,0.3,0,0.0,1,40,80,True,1.0,1.0,1.0,0.029629630512661403,0.4370370414521959,0.6444444527228673,46.96666654745738,0.0,0.0,0.0,45.0,42.0,45.0,1.0,5.0,5.0,5.0,0.0,1.0,0.0,45.0,0.16666666666666666,1.0,0.22222222884496054,14847.756065538195,5217.6455078125,3831.832763671875,2235.744140625,3831.832763671875,2235.744140625,36.88966342806816
test,dropout030_relay_failure,no_role_pair_gate,none,no_role_pair_gate,none,0,60,no_role_pair_gate,results/intercept_3d_gate1_hardened_safety_no_role_pair_gate_5seed_fixed_update60_candidate/runs/multi_relation/bc_ppo_seed0/actor_critic_update_0060.pt,310036,36,checkpoint,100,straight,True,True,80,0.2,1.0,0.3,0,0.0,1,40,80,True,1.0,1.0,1.0,0.029629630512661403,0.4370370414521959,0.6407407485776477,43.081481370660995,0.0,0.0,0.0,45.0,42.0,45.0,1.0,5.0,5.0,5.0,0.0,1.0,0.0,45.0,0.16666666666666666,1.0,0.2500000074505806,14889.356629774305,5314.24267578125,3742.2890625,2116.0048828125,3742.2890625,2116.0048828125,36.92076936364174
test,dropout030_relay_failure,no_role_pair_gate,none,no_role_pair_gate,none,0,60,no_role_pair_gate,results/intercept_3d_gate1_hardened_safety_no_role_pair_gate_5seed_fixed_update60_candidate/runs/multi_relation/bc_ppo_seed0/actor_critic_update_0060.pt,310038,38,checkpoint,100,straight,True,True,80,0.2,1.0,0.3,0,0.0,1,40,80,True,1.0,1.0,1.0,0.029629630512661403,0.4370370414521959,0.6333333406183455,42.096296266052455,0.0,0.0,0.0,45.0,42.0,45.0,1.0,5.0,5.0,5.0,0.0,1.0,0.0,45.0,0.16666666666666666,1.0,0.1666666716337204,14882.296169704861,5261.9501953125,3881.817626953125,2040.1903076171875,3881.817626953125,2040.1903076171875,36.96533028781414
test,dropout030_relay_failure,no_role_pair_gate,none,no_role_pair_gate,none,0,60,no_role_pair_gate,results/intercept_3d_gate1_hardened_safety_no_role_pair_gate_5seed_fixed_update60_candidate/runs/multi_relation/bc_ppo_seed0/actor_critic_update_0060.pt,310040,40,checkpoint,100,straight,True,True,80,0.2,1.0,0.3,0,0.0,1,40,80,True,1.0,1.0,1.0,0.029629630512661403,0.4296296338240306,0.685185193684366,63.14444421794679,0.0,0.0,0.0,45.0,42.0,45.0,1.0,5.0,5.0,5.0,0.0,1.0,0.0,45.0,0.16666666666666666,1.0,0.2777777860562007,14945.555696614583,5425.109375,3820.36376953125,3283.232666015625,3820.36376953125,3283.232666015625,36.22517901659012
test,dropout030_relay_failure,no_role_pair_gate,none,no_role_pair_gate,none,0,60,no_role_pair_gate,results/intercept_3d_gate1_hardened_safety_no_role_pair_gate_5seed_fixed_update60_candidate/runs/multi_relation/bc_ppo_seed0/actor_critic_update_0060.pt,310041,41,checkpoint,100,straight,True,True,80,0.2,1.0,0.3,0,0.0,1,40,80,True,1.0,1.0,1.0,0.029629630512661403,0.4370370414521959,0.6148148222102059,44.066666548781924,0.0,0.0,0.0,45.0,42.0,45.0,1.0,5.0,5.0,5.0,0.0,1.0,0.0,45.0,0.16666666666666666,1.0,0.1666666716337204,14871.448763020833,5246.56396484375,3780.361572265625,2083.4306640625,3780.361572265625,2083.4306640625,36.69995813071728
test,dropout030_relay_failure,no_role_pair_gate,none,no_role_pair_gate,none,0,60,no_role_pair_gate,results/intercept_3d_gate1_hardened_safety_no_role_pair_gate_5seed_fixed_update60_candidate/runs/multi_relation/bc_ppo_seed0/actor_critic_update_0060.pt,310046,46,checkpoint,100,straight,True,True,80,0.2,1.0,0.3,0,0.0,1,40,80,True,1.0,1.0,1.0,0.029629630512661403,0.4370370414521959,0.6259259353081386,41.137036924229726,0.0,0.0,0.0,45.0,42.0,45.0,1.0,5.0,5.0,5.0,0.0,1.0,0.0,45.0,0.16666666666666666,1.0,0.22222222884496054,14841.327115885417,5175.72412109375,3994.33544921875,2513.62158203125,3994.33544921875,2513.62158203125,37.079997688531876
test,dropout030_relay_failure,no_role_pair_gate,none,no_role_pair_gate,none,0,60,no_role_pair_gate,results/intercept_3d_gate1_hardened_safety_no_role_pair_gate_5seed_fixed_update60_candidate/runs/multi_relation/bc_ppo_seed0/actor_critic_update_0060.pt,310049,49,checkpoint,100,straight,True,True,80,0.2,1.0,0.3,0,0.0,1,40,80,True,1.0,1.0,1.0,0.029629630512661403,0.4370370414521959,0.5666666766007741,46.99259282582336,0.0,0.0,0.0,45.0,42.0,45.0,1.0,5.0,5.0,5.0,0.0,1.0,0.0,45.0,0.16666666666666666,1.0,0.19444445023934046,14889.152560763889,5254.6962890625,3866.650634765625,2329.704833984375,3866.650634765625,2329.704833984375,36.146300077438354
test,dropout030_relay_failure,no_role_pair_gate,none,no_role_pair_gate,none,0,60,no_role_pair_gate,results/intercept_3d_gate1_hardened_safety_no_role_pair_gate_5seed_fixed_update60_candidate/runs/multi_relation/bc_ppo_seed0/actor_critic_update_0060.pt,310003,3,checkpoint,100,straight,True,True,80,0.2,1.0,0.3,0,0.0,1,40,80,True,1.0,1.0,1.0,0.028985508110212242,0.44202898961046466,0.6956521820115007,56.17391273930021,0.0,0.0,0.0,46.0,43.0,46.0,1.0,6.0,6.0,6.0,0.0,1.0,0.0,46.0,0.14285714285714285,1.0,0.26190476971013205,14741.47314453125,5029.75244140625,3961.82666015625,2859.844482421875,3961.82666015625,2859.844482421875,37.48065730929375
test,dropout030_relay_failure,no_role_pair_gate,none,no_role_pair_gate,none,0,60,no_role_pair_gate,results/intercept_3d_gate1_hardened_safety_no_role_pair_gate_5seed_fixed_update60_candidate/runs/multi_relation/bc_ppo_seed0/actor_critic_update_0060.pt,310006,6,checkpoint,100,straight,True,True,80,0.2,1.0,0.3,0,0.0,1,40,80,True,1.0,1.0,1.0,0.028985508110212242,0.44927536663801776,0.6340579792209293,45.98550713839738,0.0,0.0,0.0,46.0,43.0,46.0,1.0,6.0,6.0,6.0,0.0,1.0,0.0,46.0,0.14285714285714285,1.0,0.19047619615282332,14661.554337211277,4881.80615234375,3856.047607421875,2467.03564453125,3856.047607421875,2467.03564453125,37.583713829517365
test,dropout030_relay_failure,no_role_pair_gate,none,no_role_pair_gate,none,0,60,no_role_pair_gate,results/intercept_3d_gate1_hardened_safety_no_role_pair_gate_5seed_fixed_update60_candidate/runs/multi_relation/bc_ppo_seed0/actor_critic_update_0060.pt,310020,20,checkpoint,100,straight,True,True,80,0.2,1.0,0.3,0,0.0,1,40,80,True,1.0,1.0,1.0,0.028985508110212242,0.44202899025834125,0.6340579792209293,49.728260537852414,0.0,0.0,0.0,46.0,43.0,46.0,1.0,6.0,6.0,6.0,0.0,1.0,0.0,46.0,0.14285714285714285,0.9523809552192688,0.21428572067192622,14678.525114639946,4966.68603515625,4051.07080078125,3151.744873046875,4051.07080078125,3151.744873046875,37.29316806793213
test,dropout030_relay_failure,no_role_pair_gate,none,no_role_pair_gate,none,0,60,no_role_pair_gate,results/intercept_3d_gate1_hardened_safety_no_role_pair_gate_5seed_fixed_update60_candidate/runs/multi_relation/bc_ppo_seed0/actor_critic_update_0060.pt,310022,22,checkpoint,100,straight,True,True,80,0.2,1.0,0.3,0,0.0,1,40,80,True,1.0,1.0,1.0,0.028985508110212242,0.44202898961046466,0.6304347910310911,41.329710348792695,0.0,0.0,0.0,46.0,43.0,46.0,1.0,6.0,6.0,6.0,0.0,1.0,0.0,46.0,0.14285714285714285,1.0,0.26190476971013205,14655.869692595108,4946.41943359375,3880.625732421875,1700.571533203125,3880.625732421875,1700.571533203125,37.581319481134415
test,dropout030_relay_failure,no_role_pair_gate,none,no_role_pair_gate,none,0,60,no_role_pair_gate,results/intercept_3d_gate1_hardened_safety_no_role_pair_gate_5seed_fixed_update60_candidate/runs/multi_relation/bc_ppo_seed0/actor_critic_update_0060.pt,310028,28,checkpoint,100,straight,True,True,80,0.2,1.0,0.3,0,0.0,1,40,80,True,1.0,1.0,1.0,0.028985508110212242,0.44927536663801776,0.6992753685816474,43.04710119444391,0.0,0.0,0.0,46.0,43.0,46.0,1.0,6.0,6.0,6.0,0.0,1.0,0.0,46.0,0.14285714285714285,1.0,0.23809524519102915,14654.181884765625,4861.75634765625,3832.6357421875,2549.18115234375,3832.6357421875,2549.18115234375,38.40319228172302
test,dropout030_relay_failure,no_role_pair_gate,none,no_role_pair_gate,none,0,60,no_role_pair_gate,results/intercept_3d_gate1_hardened_safety_no_role_pair_gate_5seed_fixed_update60_candidate/runs/multi_relation/bc_ppo_seed0/actor_critic_update_0060.pt,310013,13,checkpoint,100,straight,True,True,80,0.2,1.0,0.3,0,0.0,1,40,80,True,1.0,1.0,1.0,0.02836879517169709,0.4609929120286982,0.6595744769623939,39.64184418257246,0.0,0.0,0.0,47.0,44.0,47.0,1.0,7.0,7.0,7.0,0.0,1.0,0.0,47.0,0.125,1.0,0.2083333395421505,14460.490857712766,4630.44287109375,3896.16015625,2148.794189453125,3896.16015625,2148.794189453125,38.90324264764786
test,dropout030_relay_failure,no_role_pair_gate,none,no_role_pair_gate,none,0,60,no_role_pair_gate,results/intercept_3d_gate1_hardened_safety_no_role_pair_gate_5seed_fixed_update60_candidate/runs/multi_relation/bc_ppo_seed0/actor_critic_update_0060.pt,310018,18,checkpoint,100,straight,True,True,80,0.2,1.0,0.3,0,0.0,1,40,80,True,1.0,1.0,1.0,0.02836879517169709,0.4609929120286982,0.6347517824553429,37.76950387720098,0.0,0.0,0.0,47.0,44.0,47.0,1.0,7.0,7.0,7.0,0.0,1.0,0.0,47.0,0.125,1.0,0.27083334140479565,14480.869899019282,4704.09912109375,3979.792236328125,2073.74365234375,3979.792236328125,2073.74365234375,38.70414263010025
test,dropout030_relay_failure,no_role_pair_gate,none,no_role_pair_gate,none,0,60,no_role_pair_gate,results/intercept_3d_gate1_hardened_safety_no_role_pair_gate_5seed_fixed_update60_candidate/runs/multi_relation/bc_ppo_seed0/actor_critic_update_0060.pt,310000,0,checkpoint,100,straight,True,True,80,0.2,1.0,0.3,0,0.0,1,40,80,True,0.0,0.0,1.0,0.003846153960778163,0.10641025809141305,0.15064102886961056,76.56282045273826,0.0,1.0,0.0,260.0,44.0,-1.0,0.0,220.0,220.0,-1.0,0.0,0.0,1.0,-1.0,0.0,0.17916666977107526,0.13541667070239782,36811.1537513146,79361.5078125,305.90777587890625,1379.5303955078125,73821.0625,17551.359375,-37.34772723168135
test,dropout030_relay_failure,no_role_pair_gate,none,no_role_pair_gate,none,0,60,no_role_pair_gate,results/intercept_3d_gate1_hardened_safety_no_role_pair_gate_5seed_fixed_update60_candidate/runs/multi_relation/bc_ppo_seed0/actor_critic_update_0060.pt,310007,7,checkpoint,100,straight,True,True,80,0.2,1.0,0.3,0,0.0,1,40,80,True,0.0,0.0,0.0,0.0,0.08846153995165458,0.155128207974709,75.26538407991711,0.0,1.0,0.0,260.0,-1.0,-1.0,0.0,220.0,220.0,-1.0,0.0,0.0,1.0,-1.0,0.0,0.1208333358168602,0.12916667051613331,37290.65102351262,77760.734375,1186.5997314453125,1329.1805419921875,70293.484375,9479.6923828125,-40.07865690626204
test,dropout030_relay_failure,no_role_pair_gate,none,no_role_pair_gate,none,0,60,no_role_pair_gate,results/intercept_3d_gate1_hardened_safety_no_role_pair_gate_5seed_fixed_update60_candidate/runs/multi_relation/bc_ppo_seed0/actor_critic_update_0060.pt,310008,8,checkpoint,100,straight,True,True,80,0.2,1.0,0.3,0,0.0,1,40,80,True,0.0,0.0,1.0,0.0012820513202593878,0.1025641041306349,0.17371795183190933,73.18525675013662,0.0,1.0,0.0,260.0,45.0,-1.0,0.0,220.0,220.0,-1.0,0.0,0.0,1.0,-1.0,0.0,0.1666666693985462,0.15416667126119138,37154.87167123648,78808.5390625,413.72991943359375,1712.7738037109375,71969.7890625,14592.7060546875,-36.8022470548749
test,dropout030_relay_failure,no_role_pair_gate,none,no_role_pair_gate,none,0,60,no_role_pair_gate,results/intercept_3d_gate1_hardened_safety_no_role_pair_gate_5seed_fixed_update60_candidate/runs/multi_relation/bc_ppo_seed0/actor_critic_update_0060.pt,310009,9,checkpoint,100,straight,True,True,80,0.2,1.0,0.3,0,0.0,1,40,80,True,0.0,0.0,1.0,0.0012820513202593878,0.09615384752933796,0.1474358999958405,74.55192353089268,0.0,1.0,0.0,260.0,45.0,-1.0,0.0,220.0,220.0,-1.0,0.0,0.0,1.0,-1.0,0.0,0.14583333544433116,0.1250000037252903,37106.92997483473,78358.6328125,1096.67724609375,1516.455078125,70703.203125,16010.7646484375,-38.77535640541464
test,dropout030_relay_failure,no_role_pair_gate,none,no_role_pair_gate,none,0,60,no_role_pair_gate,results/intercept_3d_gate1_hardened_safety_no_role_pair_gate_5seed_fixed_update60_candidate/runs/multi_relation/bc_ppo_seed0/actor_critic_update_0060.pt,310012,12,checkpoint,100,straight,True,True,80,0.2,1.0,0.3,0,0.0,1,40,80,True,0.0,0.0,0.0,0.0,0.09230769379780843,0.15384615648251312,74.75641015676352,0.0,1.0,0.0,260.0,-1.0,-1.0,0.0,220.0,220.0,-1.0,0.0,0.0,1.0,-1.0,0.0,0.1333333358168602,0.11041666995733976,37143.941091684195,77674.1171875,999.4699096679688,1379.891357421875,70380.46875,12688.4130859375,-39.388376243412495
test,dropout030_relay_failure,no_role_pair_gate,none,no_role_pair_gate,none,0,60,no_role_pair_gate,results/intercept_3d_gate1_hardened_safety_no_role_pair_gate_5seed_fixed_update60_candidate/runs/multi_relation/bc_ppo_seed0/actor_critic_update_0060.pt,310015,15,checkpoint,100,straight,True,True,80,0.2,1.0,0.3,0,0.0,1,40,80,True,0.0,0.0,0.0,0.0,0.08461538576162779,0.15384615665444962,74.72820459248928,0.0,1.0,0.0,260.0,-1.0,-1.0,0.0,220.0,220.0,-1.0,0.0,0.0,1.0,-1.0,0.0,0.12083333469927311,0.13958333749324084,37953.67365910457,80218.3984375,2571.4423828125,1694.9796142578125,75232.359375,18224.138671875,-42.33568097045645
test,dropout030_relay_failure,no_role_pair_gate,none,no_role_pair_gate,none,0,60,no_role_pair_gate,results/intercept_3d_gate1_hardened_safety_no_role_pair_gate_5seed_fixed_update60_candidate/runs/multi_relation/bc_ppo_seed0/actor_critic_update_0060.pt,310021,21,checkpoint,100,straight,True,True,80,0.2,1.0,0.3,0,0.0,1,40,80,True,0.0,0.0,1.0,0.003846153960778163,0.10512820654190504,0.16794872043224482,74.78910245173253,0.0,1.0,0.0,260.0,45.0,-1.0,0.0,220.0,220.0,-1.0,0.0,0.0,1.0,-1.0,0.0,0.17500000223517417,0.11875000353902579,37265.92263277494,79821.1640625,572.0791015625,1665.5828857421875,73298.90625,17921.58984375,-36.810295552015305
test,dropout030_relay_failure,no_role_pair_gate,none,no_role_pair_gate,none,0,60,no_role_pair_gate,results/intercept_3d_gate1_hardened_safety_no_role_pair_gate_5seed_fixed_update60_candidate/runs/multi_relation/bc_ppo_seed0/actor_critic_update_0060.pt,310023,23,checkpoint,100,straight,True,True,80,0.2,1.0,0.3,0,0.0,1,40,80,True,0.0,0.0,1.0,0.0025641026405187756,0.09487179620907857,0.16346154132714638,73.7288459193248,0.0,1.0,0.0,260.0,45.0,-1.0,0.0,220.0,220.0,-1.0,0.0,0.0,1.0,-1.0,0.0,0.14166666865348815,0.12083333693444728,37424.573350172774,79241.0078125,1197.0526123046875,1445.1923828125,72256.7265625,14733.359375,-38.164269398897886
test,dropout030_relay_failure,no_role_pair_gate,none,no_role_pair_gate,none,0,60,no_role_pair_gate,results/intercept_3d_gate1_hardened_safety_no_role_pair_gate_5seed_fixed_update60_candidate/runs/multi_relation/bc_ppo_seed0/actor_critic_update_0060.pt,310025,25,checkpoint,100,straight,True,True,80,0.2,1.0,0.3,0,0.0,1,40,80,True,0.0,0.0,1.0,0.003846153960778163,0.10512820665652935,0.16987179764188254,75.11538441954897,0.0,1.0,0.0,260.0,44.0,-1.0,0.0,220.0,220.0,-1.0,0.0,0.0,1.0,-1.0,0.0,0.1708333358168602,0.14166667088866233,37353.93869816707,79498.59375,475.3047180175781,1621.74072265625,73195.1640625,16860.005859375,-36.36197595670819
test,dropout030_relay_failure,no_role_pair_gate,none,no_role_pair_gate,none,0,60,no_role_pair_gate,results/intercept_3d_gate1_hardened_safety_no_role_pair_gate_5seed_fixed_update60_candidate/runs/multi_relation/bc_ppo_seed0/actor_critic_update_0060.pt,310027,27,checkpoint,100,straight,True,True,80,0.2,1.0,0.3,0,0.0,1,40,80,True,0.0,0.0,0.0,0.0,0.08974359127191398,0.1782051319686266,71.02564101918385,0.0,1.0,0.0,260.0,-1.0,-1.0,0.0,220.0,220.0,-1.0,0.0,0.0,1.0,-1.0,0.0,0.12500000260770322,0.12916667051613331,37693.62085524339,78401.84375,1046.8175048828125,1372.4471435546875,73074.2734375,6454.3828125,-39.29955885466188
test,dropout030_relay_failure,no_role_pair_gate,none,no_role_pair_gate,none,0,60,no_role_pair_gate,results/intercept_3d_gate1_hardened_safety_no_role_pair_gate_5seed_fixed_update60_candidate/runs/multi_relation/bc_ppo_seed0/actor_critic_update_0060.pt,310030,30,checkpoint,100,straight,True,True,80,0.2,1.0,0.3,0,0.0,1,40,80,True,0.0,0.0,0.0,0.0,0.09743589907884598,0.15833333616073314,74.69679506306466,0.0,1.0,0.0,260.0,-1.0,-1.0,0.0,220.0,220.0,-1.0,0.0,0.0,1.0,-1.0,0.0,0.15000000298023225,0.13750000409781932,36980.49830040565,77293.8515625,655.0797729492188,1483.8992919921875,70264.25,10795.619140625,-38.23127129673958
test,dropout030_relay_failure,no_role_pair_gate,none,no_role_pair_gate,none,0,60,no_role_pair_gate,results/intercept_3d_gate1_hardened_safety_no_role_pair_gate_5seed_fixed_update60_candidate/runs/multi_relation/bc_ppo_seed0/actor_critic_update_0060.pt,310032,32,checkpoint,100,straight,True,True,80,0.2,1.0,0.3,0,0.0,1,40,80,True,0.0,0.0,0.0,0.0,0.10000000160474043,0.15769231124566152,76.33974413212675,0.0,1.0,0.0,260.0,-1.0,-1.0,0.0,220.0,220.0,-1.0,0.0,0.0,1.0,-1.0,0.0,0.15416666939854623,0.12916667051613331,37131.167780949516,78234.3046875,556.7489624023438,1459.0968017578125,71509.953125,9620.5966796875,-39.02978294529021
test,dropout030_relay_failure,no_role_pair_gate,none,no_role_pair_gate,none,0,60,no_role_pair_gate,results/intercept_3d_gate1_hardened_safety_no_role_pair_gate_5seed_fixed_update60_candidate/runs/multi_relation/bc_ppo_seed0/actor_critic_update_0060.pt,310033,33,checkpoint,100,straight,True,True,80,0.2,1.0,0.3,0,0.0,1,40,80,True,0.0,0.0,0.0,0.0,0.09230769379780843,0.16410256698727607,74.61474404506959,0.0,1.0,0.0,260.0,-1.0,-1.0,0.0,220.0,220.0,-1.0,0.0,0.0,1.0,-1.0,0.0,0.1375000026077032,0.13750000409781932,37187.706604003906,78215.6015625,1038.064697265625,1508.2655029296875,70367.0703125,12812.7333984375,-39.24673543870449
test,dropout030_relay_failure,no_role_pair_gate,none,no_role_pair_gate,none,0,60,no_role_pair_gate,results/intercept_3d_gate1_hardened_safety_no_role_pair_gate_5seed_fixed_update60_candidate/runs/multi_relation/bc_ppo_seed0/actor_critic_update_0060.pt,310037,37,checkpoint,100,straight,True,True,80,0.2,1.0,0.3,0,0.0,1,40,80,True,0.0,0.0,1.0,0.0025641026405187756,0.09615384741471364,0.15897436170623852,74.99935935586691,0.0,1.0,0.0,260.0,46.0,-1.0,0.0,220.0,220.0,-1.0,0.0,0.0,1.0,-1.0,0.0,0.14583333507180213,0.11458333674818277,37517.83184438852,79907.7421875,1480.594970703125,1562.5247802734375,73862.9609375,18331.65234375,-38.934221513569355
test,dropout030_relay_failure,no_role_pair_gate,none,no_role_pair_gate,none,0,60,no_role_pair_gate,results/intercept_3d_gate1_hardened_safety_no_role_pair_gate_5seed_fixed_update60_candidate/runs/multi_relation/bc_ppo_seed0/actor_critic_update_0060.pt,310039,39,checkpoint,100,straight,True,True,80,0.2,1.0,0.3,0,0.0,1,40,80,True,0.0,0.0,1.0,0.003846153960778163,0.1038461555655186,0.16217948966301404,74.9525636334832,0.0,1.0,0.0,260.0,43.0,-1.0,0.0,220.0,220.0,-1.0,0.0,0.0,1.0,-1.0,0.0,0.17083333656191826,0.13750000409781932,36780.33881178636,78183.1640625,214.33961486816406,1421.3192138671875,73380.0625,9616.3115234375,-35.66459271684289
test,dropout030_relay_failure,no_role_pair_gate,none,no_role_pair_gate,none,0,60,no_role_pair_gate,results/intercept_3d_gate1_hardened_safety_no_role_pair_gate_5seed_fixed_update60_candidate/runs/multi_relation/bc_ppo_seed0/actor_critic_update_0060.pt,310043,43,checkpoint,100,straight,True,True,80,0.2,1.0,0.3,0,0.0,1,40,80,True,0.0,0.0,0.0,0.0,0.09743589896422167,0.16987179758457038,73.23269250559119,0.0,1.0,0.0,260.0,-1.0,-1.0,0.0,220.0,220.0,-1.0,0.0,0.0,1.0,-1.0,0.0,0.15000000260770321,0.13750000409781932,37548.74799992488,79426.6640625,976.1193237304688,1704.7607421875,73092.6875,13567.078125,-39.13478811085224
test,dropout030_relay_failure,no_role_pair_gate,none,no_role_pair_gate,none,0,60,no_role_pair_gate,results/intercept_3d_gate1_hardened_safety_no_role_pair_gate_5seed_fixed_update60_candidate/runs/multi_relation/bc_ppo_seed0/actor_critic_update_0060.pt,310044,44,checkpoint,100,straight,True,True,80,0.2,1.0,0.3,0,0.0,1,40,80,True,0.0,0.0,1.0,0.0025641026405187756,0.10897436084655615,0.1500000027509836,74.90961509673642,0.0,1.0,0.0,260.0,43.0,-1.0,0.0,220.0,220.0,-1.0,0.0,0.0,1.0,-1.0,0.0,0.18333333693444728,0.11875000353902579,36674.83969350962,78111.421875,463.2427673339844,1343.14404296875,73160.4609375,8848.56640625,-36.80367287248373
test,dropout030_relay_failure,no_role_pair_gate,none,no_role_pair_gate,none,0,60,no_role_pair_gate,results/intercept_3d_gate1_hardened_safety_no_role_pair_gate_5seed_fixed_update60_candidate/runs/multi_relation/bc_ppo_seed0/actor_critic_update_0060.pt,310045,45,checkpoint,100,straight,True,True,80,0.2,1.0,0.3,0,0.0,1,40,80,True,0.0,0.0,1.0,0.003846153960778163,0.10384615533626997,0.1583333362180453,75.93525670302601,0.0,1.0,0.0,260.0,44.0,-1.0,0.0,220.0,220.0,-1.0,0.0,0.0,1.0,-1.0,0.0,0.1708333358168602,0.1250000037252903,37102.390703876204,79416.5078125,234.5838165283203,1482.7943115234375,74088.203125,16305.4140625,-37.21067224629223
test,dropout030_relay_failure,no_role_pair_gate,none,no_role_pair_gate,none,0,60,no_role_pair_gate,results/intercept_3d_gate1_hardened_safety_no_role_pair_gate_5seed_fixed_update60_candidate/runs/multi_relation/bc_ppo_seed0/actor_critic_update_0060.pt,310047,47,checkpoint,100,straight,True,True,80,0.2,1.0,0.3,0,0.0,1,40,80,True,0.0,0.0,0.0,0.0,0.08974359138653829,0.18333333656191825,71.32051293746783,0.0,1.0,0.0,260.0,-1.0,-1.0,0.0,220.0,220.0,-1.0,0.0,0.0,1.0,-1.0,0.0,0.12500000298023223,0.12916667051613331,37228.5961716872,77665.4140625,1075.095458984375,1445.6182861328125,70541.0390625,7643.93310546875,-38.12916331272572
test,dropout030_relay_failure,no_role_pair_gate,none,no_role_pair_gate,none,0,60,no_role_pair_gate,results/intercept_3d_gate1_hardened_safety_no_role_pair_gate_5seed_fixed_update60_candidate/runs/multi_relation/bc_ppo_seed0/actor_critic_update_0060.pt,310059,59,checkpoint,100,straight,True,True,80,0.2,1.0,0.3,0,0.0,1,40,80,True,1.0,1.0,1.0,0.03030303120613098,0.41666667095639487,0.6401515233923089,46.83712112497199,0.0,0.0,0.0,44.0,41.0,44.0,1.0,4.0,4.0,4.0,0.0,1.0,0.0,44.0,0.2,1.0,0.26666667461395266,15120.457319779829,5658.73828125,3837.49658203125,2209.258056640625,3837.49658203125,2209.258056640625,35.797717839479446
test,dropout030_relay_failure,no_role_pair_gate,none,no_role_pair_gate,none,0,60,no_role_pair_gate,results/intercept_3d_gate1_hardened_safety_no_role_pair_gate_5seed_fixed_update60_candidate/runs/multi_relation/bc_ppo_seed0/actor_critic_update_0060.pt,310077,77,checkpoint,100,straight,True,True,80,0.2,1.0,0.3,0,0.0,1,40,80,True,1.0,1.0,1.0,0.03030303120613098,0.40909091383218765,0.628787887705998,41.93560617789626,0.0,0.0,0.0,44.0,41.0,44.0,1.0,4.0,4.0,4.0,0.0,1.0,0.0,44.0,0.2,1.0,0.23333334028720856,15137.620439009233,5630.85986328125,3542.5849609375,2681.849853515625,3542.5849609375,2681.849853515625,35.84001597762108
test,dropout030_relay_failure,no_role_pair_gate,none,no_role_pair_gate,none,0,60,no_role_pair_gate,results/intercept_3d_gate1_hardened_safety_no_role_pair_gate_5seed_fixed_update60_candidate/runs/multi_relation/bc_ppo_seed0/actor_critic_update_0060.pt,310088,88,checkpoint,100,straight,True,True,80,0.2,1.0,0.3,0,0.0,1,40,80,True,1.0,1.0,1.0,0.03030303120613098,0.4166666716337204,0.651515160094608,50.738636535677045,0.0,0.0,0.0,44.0,41.0,44.0,1.0,4.0,4.0,4.0,0.0,1.0,0.0,44.0,0.2,1.0,0.26666667461395266,15207.634355024858,5809.14501953125,3532.658447265625,2535.974853515625,3532.658447265625,2535.974853515625,35.68160060048103
test,dropout030_relay_failure,no_role_pair_gate,none,no_role_pair_gate,none,0,60,no_role_pair_gate,results/intercept_3d_gate1_hardened_safety_no_role_pair_gate_5seed_fixed_update60_candidate/runs/multi_relation/bc_ppo_seed0/actor_critic_update_0060.pt,310092,92,checkpoint,100,straight,True,True,80,0.2,1.0,0.3,0,0.0,1,40,80,True,1.0,1.0,1.0,0.03030303120613098,0.40909091383218765,0.6439394029704008,55.70454563302073,0.0,0.0,0.0,44.0,41.0,44.0,1.0,4.0,4.0,4.0,0.0,1.0,0.0,44.0,0.2,1.0,0.20000000596046447,15185.311212713068,5836.638671875,3729.83447265625,3091.753662109375,3729.83447265625,3091.753662109375,35.174068093299866
test,dropout030_relay_failure,no_role_pair_gate,none,no_role_pair_gate,none,0,60,no_role_pair_gate,results/intercept_3d_gate1_hardened_safety_no_role_pair_gate_5seed_fixed_update60_candidate/runs/multi_relation/bc_ppo_seed0/actor_critic_update_0060.pt,310095,95,checkpoint,100,straight,True,True,80,0.2,1.0,0.3,0,0.0,1,40,80,True,1.0,1.0,1.0,0.03030303120613098,0.41666667095639487,0.6780303134159609,43.840909383175045,0.0,0.0,0.0,44.0,41.0,44.0,1.0,4.0,4.0,4.0,0.0,1.0,0.0,44.0,0.2,1.0,0.26666667461395266,15114.162220348011,5580.931640625,3911.595458984375,2699.413818359375,3911.595458984375,2699.413818359375,36.343476951122284
test,dropout030_relay_failure,no_role_pair_gate,none,no_role_pair_gate,none,0,60,no_role_pair_gate,results/intercept_3d_gate1_hardened_safety_no_role_pair_gate_5seed_fixed_update60_candidate/runs/multi_relation/bc_ppo_seed0/actor_critic_update_0060.pt,310053,53,checkpoint,100,straight,True,True,80,0.2,1.0,0.3,0,0.0,1,40,80,True,1.0,1.0,1.0,0.029629630512661403,0.4370370414521959,0.7111111180649863,41.99629609386126,0.0,0.0,0.0,45.0,42.0,45.0,1.0,5.0,5.0,5.0,0.0,1.0,0.0,45.0,0.16666666666666666,1.0,0.2500000074505806,14852.057855902778,5145.42529296875,3526.887939453125,2141.372802734375,3526.887939453125,2141.372802734375,37.83843910694122
test,dropout030_relay_failure,no_role_pair_gate,none,no_role_pair_gate,none,0,60,no_role_pair_gate,results/intercept_3d_gate1_hardened_safety_no_role_pair_gate_5seed_fixed_update60_candidate/runs/multi_relation/bc_ppo_seed0/actor_critic_update_0060.pt,310066,66,checkpoint,100,straight,True,True,80,0.2,1.0,0.3,0,0.0,1,40,80,True,1.0,1.0,1.0,0.029629630512661403,0.4370370414521959,0.6444444523917304,47.792592480778694,0.0,0.0,0.0,45.0,42.0,45.0,1.0,5.0,5.0,5.0,0.0,1.0,0.0,45.0,0.16666666666666666,1.0,0.2500000074505806,14914.19870876736,5386.28369140625,3919.819091796875,1853.7469482421875,3919.819091796875,1853.7469482421875,36.73747035861015
test,dropout030_relay_failure,no_role_pair_gate,none,no_role_pair_gate,none,0,60,no_role_pair_gate,results/intercept_3d_gate1_hardened_safety_no_role_pair_gate_5seed_fixed_update60_candidate/runs/multi_relation/bc_ppo_seed0/actor_critic_update_0060.pt,310069,69,checkpoint,100,straight,True,True,80,0.2,1.0,0.3,0,0.0,1,40,80,True,1.0,1.0,1.0,0.029629630512661403,0.4370370414521959,0.6407407508956061,53.611111202836035,0.0,0.0,0.0,45.0,42.0,45.0,1.0,5.0,5.0,5.0,0.0,1.0,0.0,45.0,0.16666666666666666,1.0,0.19444445023934046,14909.118337673612,5259.73291015625,3861.0166015625,2965.53515625,3861.0166015625,2965.53515625,36.50874117016792
test,dropout030_relay_failure,no_role_pair_gate,none,no_role_pair_gate,none,0,60,no_role_pair_gate,results/intercept_3d_gate1_hardened_safety_no_role_pair_gate_5seed_fixed_update60_candidate/runs/multi_relation/bc_ppo_seed0/actor_critic_update_0060.pt,310070,70,checkpoint,100,straight,True,True,80,0.2,1.0,0.3,0,0.0,1,40,80,True,1.0,1.0,1.0,0.029629630512661403,0.4370370414521959,0.6481481571992238,50.67037063042323,0.0,0.0,0.0,45.0,42.0,45.0,1.0,5.0,5.0,5.0,0.0,1.0,0.0,45.0,0.16666666666666666,1.0,0.2777777860562007,14922.097081163194,5428.7626953125,3948.2724609375,1732.314208984375,3948.2724609375,1732.314208984375,36.594230592250824
test,dropout030_relay_failure,no_role_pair_gate,none,no_role_pair_gate,none,0,60,no_role_pair_gate,results/intercept_3d_gate1_hardened_safety_no_role_pair_gate_5seed_fixed_update60_candidate/runs/multi_relation/bc_ppo_seed0/actor_critic_update_0060.pt,310076,76,checkpoint,100,straight,True,True,80,0.2,1.0,0.3,0,0.0,1,40,80,True,1.0,1.0,1.0,0.029629630512661403,0.4370370414521959,0.651851859026485,45.007407073179884,0.0,0.0,0.0,45.0,42.0,45.0,1.0,5.0,5.0,5.0,0.0,1.0,0.0,45.0,0.16666666666666666,1.0,0.3055555646618207,14875.700075954861,5275.95458984375,4108.60546875,2524.414306640625,4108.60546875,2524.414306640625,36.97792008519173
test,dropout030_relay_failure,no_role_pair_gate,none,no_role_pair_gate,none,0,60,no_role_pair_gate,results/intercept_3d_gate1_hardened_safety_no_role_pair_gate_5seed_fixed_update60_candidate/runs/multi_relation/bc_ppo_seed0/actor_critic_update_0060.pt,310078,78,checkpoint,100,straight,True,True,80,0.2,1.0,0.3,0,0.0,1,40,80,True,1.0,1.0,1.0,0.029629630512661403,0.4370370414521959,0.6296296394533581,45.94814792440997,0.0,0.0,0.0,45.0,42.0,45.0,1.0,5.0,5.0,5.0,0.0,1.0,0.0,45.0,0.16666666666666666,1.0,0.19444445023934046,14902.143663194445,5341.279296875,3945.171630859375,1935.3250732421875,3945.171630859375,1935.3250732421875,36.6790252327919
test,dropout030_relay_failure,no_role_pair_gate,none,no_role_pair_gate,none,0,60,no_role_pair_gate,results/intercept_3d_gate1_hardened_safety_no_role_pair_gate_5seed_fixed_update60_candidate/runs/multi_relation/bc_ppo_seed0/actor_critic_update_0060.pt,310079,79,checkpoint,100,straight,True,True,80,0.2,1.0,0.3,0,0.0,1,40,80,True,1.0,1.0,1.0,0.029629630512661403,0.4370370414521959,0.6407407502333323,50.73703681363,0.0,0.0,0.0,45.0,42.0,45.0,1.0,5.0,5.0,5.0,0.0,1.0,0.0,45.0,0.16666666666666666,1.0,0.2500000074505806,14887.590071614582,5241.5673828125,3577.572998046875,2831.506103515625,3577.572998046875,2831.506103515625,36.63675677776337
test,dropout030_relay_failure,no_role_pair_gate,none,no_role_pair_gate,none,0,60,no_role_pair_gate,results/intercept_3d_gate1_hardened_safety_no_role_pair_gate_5seed_fixed_update60_candidate/runs/multi_relation/bc_ppo_seed0/actor_critic_update_0060.pt,310085,85,checkpoint,100,straight,True,True,80,0.2,1.0,0.3,0,0.0,1,40,80,True,1.0,1.0,1.0,0.029629630512661403,0.4296296338240306,0.6148148228724798,55.592592198650046,0.0,0.0,0.0,45.0,42.0,45.0,1.0,5.0,5.0,5.0,0.0,1.0,0.0,45.0,0.16666666666666666,1.0,0.19444445023934046,14922.89982638889,5365.35400390625,3808.01416015625,2789.373779296875,3808.01416015625,2789.373779296875,35.933757930994034
test,dropout030_relay_failure,no_role_pair_gate,none,no_role_pair_gate,none,0,60,no_role_pair_gate,results/intercept_3d_gate1_hardened_safety_no_role_pair_gate_5seed_fixed_update60_candidate/runs/multi_relation/bc_ppo_seed0/actor_critic_update_0060.pt,310054,54,checkpoint,100,straight,True,True,80,0.2,1.0,0.3,0,0.0,1,40,80,True,1.0,1.0,1.0,0.028985508110212242,0.44927536663801776,0.652173919522244,39.39130429275658,0.0,0.0,0.0,46.0,43.0,46.0,1.0,6.0,6.0,6.0,0.0,1.0,0.0,46.0,0.14285714285714285,1.0,0.19047619615282332,14717.019159731657,5099.51416015625,3826.944091796875,1249.6685791015625,3826.944091796875,1249.6685791015625,37.95911452174187
test,dropout030_relay_failure,no_role_pair_gate,none,no_role_pair_gate,none,0,60,no_role_pair_gate,results/intercept_3d_gate1_hardened_safety_no_role_pair_gate_5seed_fixed_update60_candidate/runs/multi_relation/bc_ppo_seed0/actor_critic_update_0060.pt,310057,57,checkpoint,100,straight,True,True,80,0.2,1.0,0.3,0,0.0,1,40,80,True,1.0,1.0,1.0,0.028985508110212242,0.44927536663801776,0.6594202984934268,47.82246399573658,0.0,0.0,0.0,46.0,43.0,46.0,1.0,6.0,6.0,6.0,0.0,1.0,0.0,46.0,0.14285714285714285,1.0,0.26190476971013205,14648.780942170517,4865.81787109375,3892.460205078125,3024.400146484375,3892.460205078125,3024.400146484375,37.72724315524101
test,dropout030_relay_failure,no_role_pair_gate,none,no_role_pair_gate,none,0,60,no_role_pair_gate,results/intercept_3d_gate1_hardened_safety_no_role_pair_gate_5seed_fixed_update60_candidate/runs/multi_relation/bc_ppo_seed0/actor_critic_update_0060.pt,310064,64,checkpoint,100,straight,True,True,80,0.2,1.0,0.3,0,0.0,1,40,80,True,1.0,1.0,1.0,0.028985508110212242,0.44927536663801776,0.6557971099796502,47.81159392873878,0.0,0.0,0.0,46.0,43.0,46.0,1.0,6.0,6.0,6.0,0.0,1.0,0.0,46.0,0.14285714285714285,1.0,0.21428572067192622,14633.845023777174,4814.17138671875,3968.64013671875,3362.461181640625,3968.64013671875,3362.461181640625,37.90090650320053
test,dropout030_relay_failure,no_role_pair_gate,none,no_role_pair_gate,none,0,60,no_role_pair_gate,results/intercept_3d_gate1_hardened_safety_no_role_pair_gate_5seed_fixed_update60_candidate/runs/multi_relation/bc_ppo_seed0/actor_critic_update_0060.pt,310071,71,checkpoint,100,straight,True,True,80,0.2,1.0,0.3,0,0.0,1,40,80,True,1.0,1.0,1.0,0.028985508110212242,0.44202898961046466,0.6050724714346554,47.01449272814004,0.0,0.0,0.0,46.0,43.0,46.0,1.0,6.0,6.0,6.0,0.0,1.0,0.0,46.0,0.14285714285714285,1.0,0.23809524519102915,14653.801524286684,4922.9296875,4034.90771484375,2235.45068359375,4034.90771484375,2235.45068359375,37.10037633776665
test,dropout030_relay_failure,no_role_pair_gate,none,no_role_pair_gate,none,0,60,no_role_pair_gate,results/intercept_3d_gate1_hardened_safety_no_role_pair_gate_5seed_fixed_update60_candidate/runs/multi_relation/bc_ppo_seed0/actor_critic_update_0060.pt,310081,81,checkpoint,100,straight,True,True,80,0.2,1.0,0.3,0,0.0,1,40,80,True,1.0,1.0,1.0,0.028985508110212242,0.44202899025834125,0.6304347907071528,47.9021739166068,0.0,0.0,0.0,46.0,43.0,46.0,1.0,6.0,6.0,6.0,0.0,1.0,0.0,46.0,0.14285714285714285,0.9523809552192688,0.14285714711461747,14686.57179857337,4979.0986328125,3898.617431640625,2471.75537109375,3898.617431640625,2471.75537109375,37.26620376110077
test,dropout030_relay_failure,no_role_pair_gate,none,no_role_pair_gate,none,0,60,no_role_pair_gate,results/intercept_3d_gate1_hardened_safety_no_role_pair_gate_5seed_fixed_update60_candidate/runs/multi_relation/bc_ppo_seed0/actor_critic_update_0060.pt,310084,84,checkpoint,100,straight,True,True,80,0.2,1.0,0.3,0,0.0,1,40,80,True,1.0,1.0,1.0,0.028985508110212242,0.44202899025834125,0.5978260947310406,47.818840414609596,0.0,0.0,0.0,46.0,43.0,46.0,1.0,6.0,6.0,6.0,0.0,1.0,0.0,46.0,0.14285714285714285,0.9523809552192688,0.19047619615282332,14659.975808848505,4916.88427734375,4004.506103515625,2539.960693359375,4004.506103515625,2539.960693359375,37.10328724980354
test,dropout030_relay_failure,no_role_pair_gate,none,no_role_pair_gate,none,0,60,no_role_pair_gate,results/intercept_3d_gate1_hardened_safety_no_role_pair_gate_5seed_fixed_update60_candidate/runs/multi_relation/bc_ppo_seed0/actor_critic_update_0060.pt,310091,91,checkpoint,100,straight,True,True,80,0.2,1.0,0.3,0,0.0,1,40,80,True,1.0,1.0,1.0,0.028985508110212242,0.44927536663801776,0.6702898624150649,47.80072473993768,0.0,0.0,0.0,46.0,43.0,46.0,1.0,6.0,6.0,6.0,0.0,1.0,0.0,46.0,0.14285714285714285,1.0,0.19047619615282332,14697.191002887228,4985.74169921875,3914.75927734375,1948.26806640625,3914.75927734375,1948.26806640625,37.852450489997864
test,dropout030_relay_failure,no_role_pair_gate,none,no_role_pair_gate,none,0,60,no_role_pair_gate,results/intercept_3d_gate1_hardened_safety_no_role_pair_gate_5seed_fixed_update60_candidate/runs/multi_relation/bc_ppo_seed0/actor_critic_update_0060.pt,310093,93,checkpoint,100,straight,True,True,80,0.2,1.0,0.3,0,0.0,1,40,80,True,1.0,1.0,1.0,0.028985508110212242,0.44202899025834125,0.6811594263367031,41.2862320182764,0.0,0.0,0.0,46.0,43.0,46.0,1.0,6.0,6.0,6.0,0.0,1.0,0.0,46.0,0.14285714285714285,0.9523809552192688,0.21428572067192622,14692.00346042799,4937.14501953125,3979.10986328125,2047.59375,3979.10986328125,2047.59375,38.15372368693352
test,dropout030_relay_failure,no_role_pair_gate,none,no_role_pair_gate,none,0,60,no_role_pair_gate,results/intercept_3d_gate1_hardened_safety_no_role_pair_gate_5seed_fixed_update60_candidate/runs/multi_relation/bc_ppo_seed0/actor_critic_update_0060.pt,310073,73,checkpoint,100,straight,True,True,80,0.2,1.0,0.3,0,0.0,1,40,80,True,1.0,1.0,1.0,0.02836879517169709,0.4539007132357739,0.6773049720424287,45.170212490761536,0.0,0.0,0.0,47.0,44.0,47.0,1.0,7.0,7.0,7.0,0.0,1.0,0.0,47.0,0.125,1.0,0.2500000074505806,14455.415953291224,4567.23193359375,3721.167724609375,2893.011474609375,3721.167724609375,2893.011474609375,38.640219658613205
test,dropout030_relay_failure,no_role_pair_gate,none,no_role_pair_gate,none,0,60,no_role_pair_gate,results/intercept_3d_gate1_hardened_safety_no_role_pair_gate_5seed_fixed_update60_candidate/runs/multi_relation/bc_ppo_seed0/actor_critic_update_0060.pt,310050,50,checkpoint,100,straight,True,True,80,0.2,1.0,0.3,0,0.0,1,40,80,True,0.0,0.0,0.0,0.0,0.08974359104266534,0.15961538742368037,74.38397406729368,0.0,1.0,0.0,260.0,-1.0,-1.0,0.0,220.0,220.0,-1.0,0.0,0.0,1.0,-1.0,0.0,0.12916666865348816,0.1250000037252903,37546.75263014573,78966.953125,1591.8775634765625,1569.9156494140625,72098.40625,16322.0546875,-40.32846214110032
test,dropout030_relay_failure,no_role_pair_gate,none,no_role_pair_gate,none,0,60,no_role_pair_gate,results/intercept_3d_gate1_hardened_safety_no_role_pair_gate_5seed_fixed_update60_candidate/runs/multi_relation/bc_ppo_seed0/actor_critic_update_0060.pt,310051,51,checkpoint,100,straight,True,True,80,0.2,1.0,0.3,0,0.0,1,40,80,True,0.0,0.0,0.0,0.0,0.08717948840214657,0.16730769528792455,73.78846099600196,0.0,1.0,0.0,260.0,-1.0,-1.0,0.0,220.0,220.0,-1.0,0.0,0.0,1.0,-1.0,0.0,0.12916666828095913,0.14166667088866233,38054.987200458236,80637.9765625,2662.52978515625,1876.2059326171875,76731.890625,17707.681640625,-41.48141575045884
test,dropout030_relay_failure,no_role_pair_gate,none,no_role_pair_gate,none,0,60,no_role_pair_gate,results/intercept_3d_gate1_hardened_safety_no_role_pair_gate_5seed_fixed_update60_candidate/runs/multi_relation/bc_ppo_seed0/actor_critic_update_0060.pt,310052,52,checkpoint,100,straight,True,True,80,0.2,1.0,0.3,0,0.0,1,40,80,True,0.0,0.0,1.0,0.003846153960778163,0.09487179620907857,0.15641025889378327,75.28269201419674,0.0,1.0,0.0,260.0,44.0,-1.0,0.0,220.0,220.0,-1.0,0.0,0.0,1.0,-1.0,0.0,0.14166666865348815,0.10416666977107525,37222.941148024336,79055.7109375,491.2674560546875,1307.6959228515625,74769.1328125,11351.7861328125,-38.1009164750576
test,dropout030_relay_failure,no_role_pair_gate,none,no_role_pair_gate,none,0,60,no_role_pair_gate,results/intercept_3d_gate1_hardened_safety_no_role_pair_gate_5seed_fixed_update60_candidate/runs/multi_relation/bc_ppo_seed0/actor_critic_update_0060.pt,310055,55,checkpoint,100,straight,True,True,80,0.2,1.0,0.3,0,0.0,1,40,80,True,0.0,0.0,1.0,0.0025641026405187756,0.10384615545089428,0.15897436182086283,73.36089776387581,0.0,1.0,0.0,260.0,44.0,-1.0,0.0,220.0,220.0,-1.0,0.0,0.0,1.0,-1.0,0.0,0.1666666693985462,0.1312500039115548,37261.13847092848,78988.2890625,727.1742553710938,1638.0078125,72260.296875,11922.4033203125,-36.98692160472274
test,dropout030_relay_failure,no_role_pair_gate,none,no_role_pair_gate,none,0,60,no_role_pair_gate,results/intercept_3d_gate1_hardened_safety_no_role_pair_gate_5seed_fixed_update60_candidate/runs/multi_relation/bc_ppo_seed0/actor_critic_update_0060.pt,310056,56,checkpoint,100,straight,True,True,80,0.2,1.0,0.3,0,0.0,1,40,80,True,0.0,0.0,1.0,0.0025641026405187756,0.09871795039910536,0.1621794904080721,74.80128246906858,0.0,1.0,0.0,260.0,44.0,-1.0,0.0,220.0,220.0,-1.0,0.0,0.0,1.0,-1.0,0.0,0.15416666977107524,0.14375000428408385,37190.08352332482,78945.4609375,270.3611145019531,1483.4722900390625,74224.046875,11833.8310546875,-37.64425550214946
test,dropout030_relay_failure,no_role_pair_gate,none,no_role_pair_gate,none,0,60,no_role_pair_gate,results/intercept_3d_gate1_hardened_safety_no_role_pair_gate_5seed_fixed_update60_candidate/runs/multi_relation/bc_ppo_seed0/actor_critic_update_0060.pt,310058,58,checkpoint,100,straight,True,True,80,0.2,1.0,0.3,0,0.0,1,40,80,True,0.0,0.0,1.0,0.003846153960778163,0.1025641041306349,0.14935897651773233,77.06730723214837,0.0,1.0,0.0,260.0,43.0,-1.0,0.0,220.0,220.0,-1.0,0.0,0.0,1.0,-1.0,0.0,0.1666666693985462,0.11666667014360428,36409.67672682542,77771.53125,816.8070678710938,1340.293212890625,71033.3671875,11687.564453125,-36.49842535704374
test,dropout030_relay_failure,no_role_pair_gate,none,no_role_pair_gate,none,0,60,no_role_pair_gate,results/intercept_3d_gate1_hardened_safety_no_role_pair_gate_5seed_fixed_update60_candidate/runs/multi_relation/bc_ppo_seed0/actor_critic_update_0060.pt,310060,60,checkpoint,100,straight,True,True,80,0.2,1.0,0.3,0,0.0,1,40,80,True,0.0,0.0,1.0,0.003846153960778163,0.10384615533626997,0.1641025668153396,73.69294847238523,0.0,1.0,0.0,260.0,44.0,-1.0,0.0,220.0,220.0,-1.0,0.0,0.0,1.0,-1.0,0.0,0.1708333358168602,0.12083333693444728,37341.32144118089,79588.6875,240.34262084960938,1572.75537109375,75947.9140625,13742.6142578125,-36.894117046147585
test,dropout030_relay_failure,no_role_pair_gate,none,no_role_pair_gate,none,0,60,no_role_pair_gate,results/intercept_3d_gate1_hardened_safety_no_role_pair_gate_5seed_fixed_update60_candidate/runs/multi_relation/bc_ppo_seed0/actor_critic_update_0060.pt,310061,61,checkpoint,100,straight,True,True,80,0.2,1.0,0.3,0,0.0,1,40,80,True,0.0,0.0,0.0,0.0,0.09487179632370289,0.16923077226831362,72.4666671448029,0.0,1.0,0.0,260.0,-1.0,-1.0,0.0,220.0,220.0,-1.0,0.0,0.0,1.0,-1.0,0.0,0.14166666902601718,0.14791667107492684,37426.93474590595,78820.4765625,1174.6583251953125,1654.5419921875,71856.0234375,13419.494140625,-38.8345890827477
test,dropout030_relay_failure,no_role_pair_gate,none,no_role_pair_gate,none,0,60,no_role_pair_gate,results/intercept_3d_gate1_hardened_safety_no_role_pair_gate_5seed_fixed_update60_candidate/runs/multi_relation/bc_ppo_seed0/actor_critic_update_0060.pt,310062,62,checkpoint,100,straight,True,True,80,0.2,1.0,0.3,0,0.0,1,40,80,True,0.0,0.0,1.0,0.003846153960778163,0.10000000160474043,0.1467948743357108,78.40064164216702,0.0,1.0,0.0,260.0,43.0,-1.0,0.0,220.0,220.0,-1.0,0.0,0.0,1.0,-1.0,0.0,0.15833333618938922,0.11875000353902579,36590.73146033654,78140.671875,245.1526336669922,1159.33251953125,72127.4453125,11684.5830078125,-37.635189704596996
test,dropout030_relay_failure,no_role_pair_gate,none,no_role_pair_gate,none,0,60,no_role_pair_gate,results/intercept_3d_gate1_hardened_safety_no_role_pair_gate_5seed_fixed_update60_candidate/runs/multi_relation/bc_ppo_seed0/actor_critic_update_0060.pt,310063,63,checkpoint,100,straight,True,True,80,0.2,1.0,0.3,0,0.0,1,40,80,True,0.0,0.0,0.0,0.0,0.09230769379780843,0.1878205167559477,70.17884603681473,0.0,1.0,0.0,260.0,-1.0,-1.0,0.0,220.0,220.0,-1.0,0.0,0.0,1.0,-1.0,0.0,0.1333333358168602,0.11875000353902579,37674.04394155649,78524.0859375,932.4544067382812,1346.6065673828125,72801.6328125,7514.12255859375,-38.50285393372178
test,dropout030_relay_failure,no_role_pair_gate,none,no_role_pair_gate,none,0,60,no_role_pair_gate,results/intercept_3d_gate1_hardened_safety_no_role_pair_gate_5seed_fixed_update60_candidate/runs/multi_relation/bc_ppo_seed0/actor_critic_update_0060.pt,310065,65,checkpoint,100,straight,True,True,80,0.2,1.0,0.3,0,0.0,1,40,80,True,0.0,0.0,1.0,0.0025641026405187756,0.09743589896422167,0.1641025665287788,74.85256415284597,0.0,1.0,0.0,260.0,44.0,-1.0,0.0,220.0,220.0,-1.0,0.0,0.0,1.0,-1.0,0.0,0.1458333358168602,0.1250000037252903,36900.0589036208,76898.3359375,321.4233703613281,1323.8951416015625,68863.6640625,11172.2783203125,-36.17760383337736
test,dropout030_relay_failure,no_role_pair_gate,none,no_role_pair_gate,none,0,60,no_role_pair_gate,results/intercept_3d_gate1_hardened_safety_no_role_pair_gate_5seed_fixed_update60_candidate/runs/multi_relation/bc_ppo_seed0/actor_critic_update_0060.pt,310067,67,checkpoint,100,straight,True,True,80,0.2,1.0,0.3,0,0.0,1,40,80,True,0.0,0.0,1.0,0.0012820513202593878,0.10000000149011612,0.18141025975346564,71.34615355219978,0.0,1.0,0.0,260.0,45.0,-1.0,0.0,220.0,220.0,-1.0,0.0,0.0,1.0,-1.0,0.0,0.1541666690260172,0.15416667126119138,37697.51212721605,79605.4609375,1000.96728515625,1792.440673828125,74407.265625,11928.75,-37.23462542146444
test,dropout030_relay_failure,no_role_pair_gate,none,no_role_pair_gate,none,0,60,no_role_pair_gate,results/intercept_3d_gate1_hardened_safety_no_role_pair_gate_5seed_fixed_update60_candidate/runs/multi_relation/bc_ppo_seed0/actor_critic_update_0060.pt,310068,68,checkpoint,100,straight,True,True,80,0.2,1.0,0.3,0,0.0,1,40,80,True,0.0,0.0,0.0,0.0,0.09615384787321091,0.1602564131984344,75.94487213274607,0.0,1.0,0.0,260.0,-1.0,-1.0,0.0,220.0,220.0,-1.0,0.0,0.0,1.0,-1.0,0.0,0.14583333656191827,0.14583333767950535,36967.14815955529,77509.28125,807.0736083984375,1423.1478271484375,70663.5,11370.2255859375,-38.64283503452316
test,dropout030_relay_failure,no_role_pair_gate,none,no_role_pair_gate,none,0,60,no_role_pair_gate,results/intercept_3d_gate1_hardened_safety_no_role_pair_gate_5seed_fixed_update60_candidate/runs/multi_relation/bc_ppo_seed0/actor_critic_update_0060.pt,310072,72,checkpoint,100,straight,True,True,80,0.2,1.0,0.3,0,0.0,1,40,80,True,0.0,0.0,0.0,0.0,0.08333333467061703,0.16346154167101934,74.33141007858973,0.0,1.0,0.0,260.0,-1.0,-1.0,0.0,220.0,220.0,-1.0,0.0,0.0,1.0,-1.0,0.0,0.10833333544433117,0.11666667014360428,37682.2141413762,78706.7734375,1739.3245849609375,1271.5323486328125,71831.421875,11357.4208984375,-40.904079247266054
test,dropout030_relay_failure,no_role_pair_gate,none,no_role_pair_gate,none,0,60,no_role_pair_gate,results/intercept_3d_gate1_hardened_safety_no_role_pair_gate_5seed_fixed_update60_candidate/runs/multi_relation/bc_ppo_seed0/actor_critic_update_0060.pt,310074,74,checkpoint,100,straight,True,True,80,0.2,1.0,0.3,0,0.0,1,40,80,True,0.0,0.0,1.0,0.0025641026405187756,0.0935897450034435,0.1673076950586759,73.54423064434758,0.0,1.0,0.0,260.0,45.0,-1.0,0.0,220.0,220.0,-1.0,0.0,0.0,1.0,-1.0,0.0,0.13750000223517417,0.12916667051613331,37145.876487379806,78490.6640625,1031.5318603515625,1468.0931396484375,70819.75,15078.16796875,-37.35433746268973
test,dropout030_relay_failure,no_role_pair_gate,none,no_role_pair_gate,none,0,60,no_role_pair_gate,results/intercept_3d_gate1_hardened_safety_no_role_pair_gate_5seed_fixed_update60_candidate/runs/multi_relation/bc_ppo_seed0/actor_critic_update_0060.pt,310075,75,checkpoint,100,straight,True,True,80,0.2,1.0,0.3,0,0.0,1,40,80,True,0.0,0.0,0.0,0.0,0.10256410435988353,0.1512820537846822,77.27884667991445,0.0,1.0,0.0,260.0,-1.0,-1.0,0.0,220.0,220.0,-1.0,0.0,0.0,1.0,-1.0,0.0,0.16250000335276127,0.1312500039115548,36700.42779822717,78422.8828125,403.851318359375,1324.267822265625,72978.0078125,11933.7470703125,-39.23123897984624
test,dropout030_relay_failure,no_role_pair_gate,none,no_role_pair_gate,none,0,60,no_role_pair_gate,results/intercept_3d_gate1_hardened_safety_no_role_pair_gate_5seed_fixed_update60_candidate/runs/multi_relation/bc_ppo_seed0/actor_critic_update_0060.pt,310080,80,checkpoint,100,straight,True,True,80,0.2,1.0,0.3,0,0.0,1,40,80,True,0.0,0.0,0.0,0.0,0.09615384787321091,0.14807692554134588,76.58653811325247,0.0,1.0,0.0,260.0,-1.0,-1.0,0.0,220.0,220.0,-1.0,0.0,0.0,1.0,-1.0,0.0,0.14583333656191827,0.1312500039115548,36801.20838341346,77025.96875,743.30615234375,1308.1876220703125,69705.6015625,11713.91015625,-38.97399894148111
test,dropout030_relay_failure,no_role_pair_gate,none,no_role_pair_gate,none,0,60,no_role_pair_gate,results/intercept_3d_gate1_hardened_safety_no_role_pair_gate_5seed_fixed_update60_candidate/runs/multi_relation/bc_ppo_seed0/actor_critic_update_0060.pt,310082,82,checkpoint,100,straight,True,True,80,0.2,1.0,0.3,0,0.0,1,40,80,True,0.0,0.0,0.0,0.0,0.09358974488881919,0.1551282080893333,73.88461523170655,0.0,1.0,0.0,260.0,-1.0,-1.0,0.0,220.0,220.0,-1.0,0.0,0.0,1.0,-1.0,0.0,0.13750000186264516,0.11250000335276127,37395.85421048678,79130.375,965.52978515625,1381.7244873046875,71565.46875,15722.880859375,-40.33629719354212
test,dropout030_relay_failure,no_role_pair_gate,none,no_role_pair_gate,none,0,60,no_role_pair_gate,results/intercept_3d_gate1_hardened_safety_no_role_pair_gate_5seed_fixed_update60_candidate/runs/multi_relation/bc_ppo_seed0/actor_critic_update_0060.pt,310083,83,checkpoint,100,straight,True,True,80,0.2,1.0,0.3,0,0.0,1,40,80,True,0.0,0.0,1.0,0.0025641026405187756,0.1025641042452592,0.15897436182086283,75.89487204717902,0.0,1.0,0.0,260.0,44.0,-1.0,0.0,220.0,220.0,-1.0,0.0,0.0,1.0,-1.0,0.0,0.16666666977107525,0.1270833371207118,37242.66083420974,79120.71875,422.6949462890625,1399.0460205078125,75256.9609375,12032.16796875,-37.77631487697363
test,dropout030_relay_failure,no_role_pair_gate,none,no_role_pair_gate,none,0,60,no_role_pair_gate,results/intercept_3d_gate1_hardened_safety_no_role_pair_gate_5seed_fixed_update60_candidate/runs/multi_relation/bc_ppo_seed0/actor_critic_update_0060.pt,310086,86,checkpoint,100,straight,True,True,80,0.2,1.0,0.3,0,0.0,1,40,80,True,0.0,0.0,0.0,0.0,0.0846153858762521,0.1512820547589889,73.98012844759684,0.0,1.0,0.0,260.0,-1.0,-1.0,0.0,220.0,220.0,-1.0,0.0,0.0,1.0,-1.0,0.0,0.11666666828095913,0.13333333730697633,37908.28823054387,79623.1015625,2202.605712890625,1468.38134765625,74220.8671875,14275.708984375,-41.97330785589293
test,dropout030_relay_failure,no_role_pair_gate,none,no_role_pair_gate,none,0,60,no_role_pair_gate,results/intercept_3d_gate1_hardened_safety_no_role_pair_gate_5seed_fixed_update60_candidate/runs/multi_relation/bc_ppo_seed0/actor_critic_update_0060.pt,310087,87,checkpoint,100,straight,True,True,80,0.2,1.0,0.3,0,0.0,1,40,80,True,0.0,0.0,1.0,0.0025641026405187756,0.09743589884959734,0.16538461790635037,73.50705162034585,0.0,1.0,0.0,260.0,45.0,-1.0,0.0,220.0,220.0,-1.0,0.0,0.0,1.0,-1.0,0.0,0.15000000223517418,0.12083333693444728,37342.65754206731,79259.0390625,1173.453125,1603.011962890625,72239.9375,16104.890625,-37.67791124433279
test,dropout030_relay_failure,no_role_pair_gate,none,no_role_pair_gate,none,0,60,no_role_pair_gate,results/intercept_3d_gate1_hardened_safety_no_role_pair_gate_5seed_fixed_update60_candidate/runs/multi_relation/bc_ppo_seed0/actor_critic_update_0060.pt,310089,89,checkpoint,100,straight,True,True,80,0.2,1.0,0.3,0,0.0,1,40,80,True,0.0,0.0,0.0,0.0,0.0961538477585866,0.16474359310590303,72.12115407970089,0.0,1.0,0.0,260.0,-1.0,-1.0,0.0,220.0,220.0,-1.0,0.0,0.0,1.0,-1.0,0.0,0.14583333618938923,0.1687500050291419,37689.49659611629,79265.3203125,1209.4693603515625,1789.8466796875,73946.09375,9642.390625,-39.321446910500526
test,dropout030_relay_failure,no_role_pair_gate,none,no_role_pair_gate,none,0,60,no_role_pair_gate,results/intercept_3d_gate1_hardened_safety_no_role_pair_gate_5seed_fixed_update60_candidate/runs/multi_relation/bc_ppo_seed0/actor_critic_update_0060.pt,310090,90,checkpoint,100,straight,True,True,80,0.2,1.0,0.3,0,0.0,1,40,80,True,0.0,0.0,0.0,0.0,0.1025641042452592,0.1557692340360238,77.19102573027978,0.0,1.0,0.0,260.0,-1.0,-1.0,0.0,220.0,220.0,-1.0,0.0,0.0,1.0,-1.0,0.0,0.16666666977107525,0.14791667107492684,36822.16703913762,78091.21875,362.7353820800781,1382.9420166015625,70331.65625,15461.720703125,-38.93368352204561
test,dropout030_relay_failure,no_role_pair_gate,none,no_role_pair_gate,none,0,60,no_role_pair_gate,results/intercept_3d_gate1_hardened_safety_no_role_pair_gate_5seed_fixed_update60_candidate/runs/multi_relation/bc_ppo_seed0/actor_critic_update_0060.pt,310094,94,checkpoint,100,straight,True,True,80,0.2,1.0,0.3,0,0.0,1,40,80,True,0.0,0.0,0.0,0.0,0.1025641042452592,0.16923077244025012,74.55320471301675,0.0,1.0,0.0,260.0,-1.0,-1.0,0.0,220.0,220.0,-1.0,0.0,0.0,1.0,-1.0,0.0,0.16666666977107525,0.15208333786576986,37353.20614013672,79098.625,625.7042236328125,1646.8970947265625,72796.921875,11457.4306640625,-38.71819703280926
test,dropout030_relay_failure,no_role_pair_gate,none,no_role_pair_gate,none,0,60,no_role_pair_gate,results/intercept_3d_gate1_hardened_safety_no_role_pair_gate_5seed_fixed_update60_candidate/runs/multi_relation/bc_ppo_seed0/actor_critic_update_0060.pt,310096,96,checkpoint,100,straight,True,True,80,0.2,1.0,0.3,0,0.0,1,40,80,True,0.0,0.0,0.0,0.0,0.1025641041306349,0.17371795171728502,74.29166699275375,0.0,1.0,0.0,260.0,-1.0,-1.0,0.0,220.0,220.0,-1.0,0.0,0.0,1.0,-1.0,0.0,0.1666666693985462,0.13750000409781932,37421.400149301386,79552.6640625,691.43798828125,1642.723388671875,73442.6875,13563.7138671875,-38.81988638266921
test,dropout030_relay_failure,no_role_pair_gate,none,no_role_pair_gate,none,0,60,no_role_pair_gate,results/intercept_3d_gate1_hardened_safety_no_role_pair_gate_5seed_fixed_update60_candidate/runs/multi_relation/bc_ppo_seed0/actor_critic_update_0060.pt,310097,97,checkpoint,100,straight,True,True,80,0.2,1.0,0.3,0,0.0,1,40,80,True,0.0,0.0,1.0,0.003846153960778163,0.10384615545089428,0.14871795068566615,78.25256340853296,0.0,1.0,0.0,260.0,43.0,-1.0,0.0,220.0,220.0,-1.0,0.0,0.0,1.0,-1.0,0.0,0.1666666693985462,0.10416666977107525,36540.12770714393,78068.3984375,539.2819213867188,1225.1016845703125,71900.953125,11902.7138671875,-36.98173505067825
test,dropout030_relay_failure,no_role_pair_gate,none,no_role_pair_gate,none,0,60,no_role_pair_gate,results/intercept_3d_gate1_hardened_safety_no_role_pair_gate_5seed_fixed_update60_candidate/runs/multi_relation/bc_ppo_seed0/actor_critic_update_0060.pt,310098,98,checkpoint,100,straight,True,True,80,0.2,1.0,0.3,0,0.0,1,40,80,True,0.0,0.0,0.0,0.0,0.09487179632370289,0.18076923363483868,73.25705153265825,0.0,1.0,0.0,260.0,-1.0,-1.0,0.0,220.0,220.0,-1.0,0.0,0.0,1.0,-1.0,0.0,0.14166666902601718,0.14166667088866233,37490.67781888522,79190.8515625,1182.2880859375,1628.693115234375,72360.0390625,13650.044921875,-38.756685288622975
test,dropout030_relay_failure,no_role_pair_gate,none,no_role_pair_gate,none,0,60,no_role_pair_gate,results/intercept_3d_gate1_hardened_safety_no_role_pair_gate_5seed_fixed_update60_candidate/runs/multi_relation/bc_ppo_seed0/actor_critic_update_0060.pt,310099,99,checkpoint,100,straight,True,True,80,0.2,1.0,0.3,0,0.0,1,40,80,True,0.0,0.0,0.0,0.0,0.0948717964383272,0.15320513082238343,76.54743603519522,0.0,1.0,0.0,260.0,-1.0,-1.0,0.0,220.0,220.0,-1.0,0.0,0.0,1.0,-1.0,0.0,0.14166666939854622,0.1270833371207118,36796.87452110877,76719.8828125,565.7715454101562,1307.6475830078125,68917.4765625,11735.1669921875,-38.6004662103951
test,dropout030_relay_failure,no_role_pair_gate,none,no_role_pair_gate,none,1,60,no_role_pair_gate,results/intercept_3d_gate1_hardened_safety_no_role_pair_gate_5seed_fixed_update60_candidate/runs/multi_relation/bc_ppo_seed1/actor_critic_update_0060.pt,310002,2,checkpoint,100,straight,True,True,80,0.2,1.0,0.3,0,0.0,1,40,80,True,1.0,1.0,1.0,0.031007752862087515,0.40310078027636503,0.6627907056448071,46.841085245789486,0.0,0.0,0.0,43.0,40.0,43.0,1.0,3.0,3.0,3.0,0.0,1.0,0.0,43.0,0.25,1.0,0.2916666753590107,15457.95822356468,6268.62255859375,3761.049560546875,2417.0830078125,3761.049560546875,2417.0830078125,35.09621199965477
test,dropout030_relay_failure,no_role_pair_gate,none,no_role_pair_gate,none,1,60,no_role_pair_gate,results/intercept_3d_gate1_hardened_safety_no_role_pair_gate_5seed_fixed_update60_candidate/runs/multi_relation/bc_ppo_seed1/actor_critic_update_0060.pt,310001,1,checkpoint,100,straight,True,True,80,0.2,1.0,0.3,0,0.0,1,40,80,True,1.0,1.0,1.0,0.03030303120613098,0.4242424287579276,0.6856060678308661,41.916666558181696,0.0,0.0,0.0,44.0,41.0,44.0,1.0,4.0,4.0,4.0,0.0,1.0,0.0,44.0,0.2,1.0,0.20000000596046447,15102.568414861506,5649.71337890625,3798.888671875,3021.45654296875,3798.888671875,3021.45654296875,36.609634578228
test,dropout030_relay_failure,no_role_pair_gate,none,no_role_pair_gate,none,1,60,no_role_pair_gate,results/intercept_3d_gate1_hardened_safety_no_role_pair_gate_5seed_fixed_update60_candidate/runs/multi_relation/bc_ppo_seed1/actor_critic_update_0060.pt,310005,5,checkpoint,100,straight,True,True,80,0.2,1.0,0.3,0,0.0,1,40,80,True,1.0,1.0,1.0,0.03030303120613098,0.41666667095639487,0.6590909155255015,39.99242424219847,0.0,0.0,0.0,44.0,41.0,44.0,1.0,4.0,4.0,4.0,0.0,1.0,0.0,44.0,0.2,1.0,0.23333334028720856,15137.504527698864,5729.31103515625,3858.48779296875,3034.811767578125,3858.48779296875,3034.811767578125,36.23930951952934
test,dropout030_relay_failure,no_role_pair_gate,none,no_role_pair_gate,none,1,60,no_role_pair_gate,results/intercept_3d_gate1_hardened_safety_no_role_pair_gate_5seed_fixed_update60_candidate/runs/multi_relation/bc_ppo_seed1/actor_critic_update_0060.pt,310010,10,checkpoint,100,straight,True,True,80,0.2,1.0,0.3,0,0.0,1,40,80,True,1.0,1.0,1.0,0.03030303120613098,0.41666667095639487,0.6893939463929697,44.8712122396312,0.0,0.0,0.0,44.0,41.0,44.0,1.0,4.0,4.0,4.0,0.0,1.0,0.0,44.0,0.2,1.0,0.23333334028720856,15123.787253639915,5578.96240234375,3736.923583984375,3196.93798828125,3736.923583984375,3196.93798828125,36.454631209373474
test,dropout030_relay_failure,no_role_pair_gate,none,no_role_pair_gate,none,1,60,no_role_pair_gate,results/intercept_3d_gate1_hardened_safety_no_role_pair_gate_5seed_fixed_update60_candidate/runs/multi_relation/bc_ppo_seed1/actor_critic_update_0060.pt,310014,14,checkpoint,100,straight,True,True,80,0.2,1.0,0.3,0,0.0,1,40,80,True,1.0,1.0,1.0,0.03030303120613098,0.41666667095639487,0.6628787971355699,41.98863641951572,0.0,0.0,0.0,44.0,41.0,44.0,1.0,4.0,4.0,4.0,0.0,1.0,0.0,44.0,0.2,1.0,0.23333334028720856,15115.296164772728,5587.951171875,3515.438720703125,2705.060546875,3515.438720703125,2705.060546875,36.284978568553925
test,dropout030_relay_failure,no_role_pair_gate,none,no_role_pair_gate,none,1,60,no_role_pair_gate,results/intercept_3d_gate1_hardened_safety_no_role_pair_gate_5seed_fixed_update60_candidate/runs/multi_relation/bc_ppo_seed1/actor_critic_update_0060.pt,310017,17,checkpoint,100,straight,True,True,80,0.2,1.0,0.3,0,0.0,1,40,80,True,1.0,1.0,1.0,0.03030303120613098,0.40909091383218765,0.6477272818711671,39.06060596894134,0.0,0.0,0.0,44.0,41.0,44.0,1.0,4.0,4.0,4.0,0.0,1.0,0.0,44.0,0.2,1.0,0.20000000596046447,15180.993330522017,5820.47802734375,3869.015380859375,2278.937255859375,3869.015380859375,2278.937255859375,35.98868668079376
test,dropout030_relay_failure,no_role_pair_gate,none,no_role_pair_gate,none,1,60,no_role_pair_gate,results/intercept_3d_gate1_hardened_safety_no_role_pair_gate_5seed_fixed_update60_candidate/runs/multi_relation/bc_ppo_seed1/actor_critic_update_0060.pt,310024,24,checkpoint,100,straight,True,True,80,0.2,1.0,0.3,0,0.0,1,40,80,True,1.0,1.0,1.0,0.03030303120613098,0.41666667095639487,0.6780303107066588,45.78787881677801,0.0,0.0,0.0,44.0,41.0,44.0,1.0,4.0,4.0,4.0,0.0,1.0,0.0,44.0,0.2,1.0,0.1666666716337204,15118.86346990412,5610.8515625,3643.916748046875,3106.261962890625,3643.916748046875,3106.261962890625,36.21995505690575
test,dropout030_relay_failure,no_role_pair_gate,none,no_role_pair_gate,none,1,60,no_role_pair_gate,results/intercept_3d_gate1_hardened_safety_no_role_pair_gate_5seed_fixed_update60_candidate/runs/multi_relation/bc_ppo_seed1/actor_critic_update_0060.pt,310029,29,checkpoint,100,straight,True,True,80,0.2,1.0,0.3,0,0.0,1,40,80,True,1.0,1.0,1.0,0.03030303120613098,0.40909091383218765,0.723484855145216,42.76893922246315,0.0,0.0,0.0,44.0,41.0,44.0,1.0,4.0,4.0,4.0,0.0,1.0,0.0,44.0,0.2,1.0,0.23333334028720856,15129.638017134233,5657.20947265625,3537.966552734375,2973.5546875,3537.966552734375,2973.5546875,36.60376536846161
test,dropout030_relay_failure,no_role_pair_gate,none,no_role_pair_gate,none,1,60,no_role_pair_gate,results/intercept_3d_gate1_hardened_safety_no_role_pair_gate_5seed_fixed_update60_candidate/runs/multi_relation/bc_ppo_seed1/actor_critic_update_0060.pt,310031,31,checkpoint,100,straight,True,True,80,0.2,1.0,0.3,0,0.0,1,40,80,True,1.0,1.0,1.0,0.03030303120613098,0.41666667095639487,0.659090918912129,45.875000056895345,0.0,0.0,0.0,44.0,41.0,44.0,1.0,4.0,4.0,4.0,0.0,1.0,0.0,44.0,0.2,1.0,0.23333334028720856,15106.269553444603,5578.90966796875,3636.446044921875,3451.8896484375,3636.446044921875,3451.8896484375,36.084347635507584
test,dropout030_relay_failure,no_role_pair_gate,none,no_role_pair_gate,none,1,60,no_role_pair_gate,results/intercept_3d_gate1_hardened_safety_no_role_pair_gate_5seed_fixed_update60_candidate/runs/multi_relation/bc_ppo_seed1/actor_critic_update_0060.pt,310034,34,checkpoint,100,straight,True,True,80,0.2,1.0,0.3,0,0.0,1,40,80,True,1.0,1.0,1.0,0.03030303120613098,0.4242424287579276,0.6969697035171769,38.011363293636926,0.0,0.0,0.0,44.0,41.0,44.0,1.0,4.0,4.0,4.0,0.0,1.0,0.0,44.0,0.2,1.0,0.1666666716337204,15089.156227805397,5527.6875,3625.52001953125,2161.06640625,3625.52001953125,2161.06640625,36.99252799153328
test,dropout030_relay_failure,no_role_pair_gate,none,no_role_pair_gate,none,1,60,no_role_pair_gate,results/intercept_3d_gate1_hardened_safety_no_role_pair_gate_5seed_fixed_update60_candidate/runs/multi_relation/bc_ppo_seed1/actor_critic_update_0060.pt,310036,36,checkpoint,100,straight,True,True,80,0.2,1.0,0.3,0,0.0,1,40,80,True,1.0,1.0,1.0,0.03030303120613098,0.4242424287579276,0.655303037979386,42.049242254685275,0.0,0.0,0.0,44.0,41.0,44.0,1.0,4.0,4.0,4.0,0.0,1.0,0.0,44.0,0.2,1.0,0.20000000596046447,15090.052112926136,5573.73291015625,3743.631591796875,2419.995361328125,3743.631591796875,2419.995361328125,36.38738206028938
test,dropout030_relay_failure,no_role_pair_gate,none,no_role_pair_gate,none,1,60,no_role_pair_gate,results/intercept_3d_gate1_hardened_safety_no_role_pair_gate_5seed_fixed_update60_candidate/runs/multi_relation/bc_ppo_seed1/actor_critic_update_0060.pt,310040,40,checkpoint,100,straight,True,True,80,0.2,1.0,0.3,0,0.0,1,40,80,True,1.0,1.0,1.0,0.03030303120613098,0.41666667095639487,0.7045454630120234,50.662878557023674,0.0,0.0,0.0,44.0,41.0,44.0,1.0,4.0,4.0,4.0,0.0,1.0,0.0,44.0,0.2,1.0,0.1666666716337204,15126.49795809659,5689.34716796875,3832.379638671875,3452.888671875,3832.379638671875,3452.888671875,36.266997784376144
test,dropout030_relay_failure,no_role_pair_gate,none,no_role_pair_gate,none,1,60,no_role_pair_gate,results/intercept_3d_gate1_hardened_safety_no_role_pair_gate_5seed_fixed_update60_candidate/runs/multi_relation/bc_ppo_seed1/actor_critic_update_0060.pt,310042,42,checkpoint,100,straight,True,True,80,0.2,1.0,0.3,0,0.0,1,40,80,True,1.0,1.0,1.0,0.03030303120613098,0.4242424287579276,0.6818181899460879,39.96212132308971,0.0,0.0,0.0,44.0,41.0,44.0,1.0,4.0,4.0,4.0,0.0,1.0,0.0,44.0,0.2,1.0,0.23333334028720856,15085.078113902699,5552.29052734375,3678.119140625,2532.98974609375,3678.119140625,2532.98974609375,36.746090829372406
test,dropout030_relay_failure,no_role_pair_gate,none,no_role_pair_gate,none,1,60,no_role_pair_gate,results/intercept_3d_gate1_hardened_safety_no_role_pair_gate_5seed_fixed_update60_candidate/runs/multi_relation/bc_ppo_seed1/actor_critic_update_0060.pt,310048,48,checkpoint,100,straight,True,True,80,0.2,1.0,0.3,0,0.0,1,40,80,True,1.0,1.0,1.0,0.03030303120613098,0.41666667095639487,0.6780303107066588,39.969696974551134,0.0,0.0,0.0,44.0,41.0,44.0,1.0,4.0,4.0,4.0,0.0,1.0,0.0,44.0,0.2,1.0,0.20000000596046447,15126.785877574574,5644.98828125,3736.965576171875,3117.287353515625,3736.965576171875,3117.287353515625,36.47863468527794
test,dropout030_relay_failure,no_role_pair_gate,none,no_role_pair_gate,none,1,60,no_role_pair_gate,results/intercept_3d_gate1_hardened_safety_no_role_pair_gate_5seed_fixed_update60_candidate/runs/multi_relation/bc_ppo_seed1/actor_critic_update_0060.pt,310000,0,checkpoint,100,straight,True,True,80,0.2,1.0,0.3,0,0.0,1,40,80,True,1.0,1.0,1.0,0.029629630512661403,0.4370370414521959,0.6592592673169242,38.20740760432349,0.0,0.0,0.0,45.0,42.0,45.0,1.0,5.0,5.0,5.0,0.0,1.0,0.0,45.0,0.16666666666666666,1.0,0.22222222884496054,14818.564442274306,5038.44189453125,3504.1396484375,3283.572021484375,3504.1396484375,3283.572021484375,37.52639818191528
test,dropout030_relay_failure,no_role_pair_gate,none,no_role_pair_gate,none,1,60,no_role_pair_gate,results/intercept_3d_gate1_hardened_safety_no_role_pair_gate_5seed_fixed_update60_candidate/runs/multi_relation/bc_ppo_seed1/actor_critic_update_0060.pt,310003,3,checkpoint,100,straight,True,True,80,0.2,1.0,0.3,0,0.0,1,40,80,True,1.0,1.0,1.0,0.029629630512661403,0.4296296338240306,0.7111111183961233,50.62222199936708,0.0,0.0,0.0,45.0,42.0,45.0,1.0,5.0,5.0,5.0,0.0,1.0,0.0,45.0,0.16666666666666666,1.0,0.22222222884496054,14959.12263454861,5312.8388671875,3854.202392578125,3602.048828125,3854.202392578125,3602.048828125,37.17360982298851
test,dropout030_relay_failure,no_role_pair_gate,none,no_role_pair_gate,none,1,60,no_role_pair_gate,results/intercept_3d_gate1_hardened_safety_no_role_pair_gate_5seed_fixed_update60_candidate/runs/multi_relation/bc_ppo_seed1/actor_critic_update_0060.pt,310006,6,checkpoint,100,straight,True,True,80,0.2,1.0,0.3,0,0.0,1,40,80,True,1.0,1.0,1.0,0.029629630512661403,0.4370370414521959,0.6518518600198958,41.1074073523283,0.0,0.0,0.0,45.0,42.0,45.0,1.0,5.0,5.0,5.0,0.0,1.0,0.0,45.0,0.16666666666666666,1.0,0.1666666716337204,14849.767914496528,5082.01611328125,3594.133056640625,3510.162353515625,3594.133056640625,3510.162353515625,37.31655788421631
test,dropout030_relay_failure,no_role_pair_gate,none,no_role_pair_gate,none,1,60,no_role_pair_gate,results/intercept_3d_gate1_hardened_safety_no_role_pair_gate_5seed_fixed_update60_candidate/runs/multi_relation/bc_ppo_seed1/actor_critic_update_0060.pt,310011,11,checkpoint,100,straight,True,True,80,0.2,1.0,0.3,0,0.0,1,40,80,True,1.0,1.0,1.0,0.029629630512661403,0.4370370414521959,0.6777777837382423,33.488888942533066,0.0,0.0,0.0,45.0,42.0,45.0,1.0,5.0,5.0,5.0,0.0,1.0,0.0,45.0,0.16666666666666666,1.0,0.2500000074505806,14905.989203559027,5269.33349609375,3716.236572265625,2052.64404296875,3716.236572265625,2052.64404296875,37.76403261721134
test,dropout030_relay_failure,no_role_pair_gate,none,no_role_pair_gate,none,1,60,no_role_pair_gate,results/intercept_3d_gate1_hardened_safety_no_role_pair_gate_5seed_fixed_update60_candidate/runs/multi_relation/bc_ppo_seed1/actor_critic_update_0060.pt,310016,16,checkpoint,100,straight,True,True,80,0.2,1.0,0.3,0,0.0,1,40,80,True,1.0,1.0,1.0,0.029629630512661403,0.4370370414521959,0.692592598663436,34.3666668580638,0.0,0.0,0.0,45.0,42.0,45.0,1.0,5.0,5.0,5.0,0.0,1.0,0.0,45.0,0.16666666666666666,1.0,0.2500000074505806,14840.13994140625,5070.6513671875,3504.0009765625,2245.1103515625,3504.0009765625,2245.1103515625,37.979924112558365
test,dropout030_relay_failure,no_role_pair_gate,none,no_role_pair_gate,none,1,60,no_role_pair_gate,results/intercept_3d_gate1_hardened_safety_no_role_pair_gate_5seed_fixed_update60_candidate/runs/multi_relation/bc_ppo_seed1/actor_critic_update_0060.pt,310020,20,checkpoint,100,straight,True,True,80,0.2,1.0,0.3,0,0.0,1,40,80,True,1.0,1.0,1.0,0.029629630512661403,0.4370370414521959,0.6592592666546504,44.91851823396153,0.0,0.0,0.0,45.0,42.0,45.0,1.0,5.0,5.0,5.0,0.0,1.0,0.0,45.0,0.16666666666666666,1.0,0.2500000074505806,14856.713064236112,5105.30224609375,3726.9638671875,3100.439208984375,3726.9638671875,3100.439208984375,37.24599212408066
test,dropout030_relay_failure,no_role_pair_gate,none,no_role_pair_gate,none,1,60,no_role_pair_gate,results/intercept_3d_gate1_hardened_safety_no_role_pair_gate_5seed_fixed_update60_candidate/runs/multi_relation/bc_ppo_seed1/actor_critic_update_0060.pt,310022,22,checkpoint,100,straight,True,True,80,0.2,1.0,0.3,0,0.0,1,40,80,True,1.0,1.0,1.0,0.029629630512661403,0.4296296338240306,0.6407407508956061,40.17037054697673,0.0,0.0,0.0,45.0,42.0,45.0,1.0,5.0,5.0,5.0,0.0,1.0,0.0,45.0,0.16666666666666666,1.0,0.3055555646618207,14824.024674479168,5004.45654296875,3596.320068359375,2526.97705078125,3596.320068359375,2526.97705078125,37.16454702615738
test,dropout030_relay_failure,no_role_pair_gate,none,no_role_pair_gate,none,1,60,no_role_pair_gate,results/intercept_3d_gate1_hardened_safety_no_role_pair_gate_5seed_fixed_update60_candidate/runs/multi_relation/bc_ppo_seed1/actor_critic_update_0060.pt,310026,26,checkpoint,100,straight,True,True,80,0.2,1.0,0.3,0,0.0,1,40,80,True,1.0,1.0,1.0,0.029629630512661403,0.42962963448630437,0.6851851923598183,38.22592575583193,0.0,0.0,0.0,45.0,42.0,45.0,1.0,5.0,5.0,5.0,0.0,1.0,0.0,45.0,0.16666666666666666,0.9444444477558136,0.19444445023934046,14900.458463541667,5308.68408203125,3563.930419921875,2774.923828125,3563.930419921875,2774.923828125,37.48801028728485
test,dropout030_relay_failure,no_role_pair_gate,none,no_role_pair_gate,none,1,60,no_role_pair_gate,results/intercept_3d_gate1_hardened_safety_no_role_pair_gate_5seed_fixed_update60_candidate/runs/multi_relation/bc_ppo_seed1/actor_critic_update_0060.pt,310028,28,checkpoint,100,straight,True,True,80,0.2,1.0,0.3,0,0.0,1,40,80,True,1.0,1.0,1.0,0.029629630512661403,0.4370370414521959,0.7259259316656325,41.96296265489525,0.0,0.0,0.0,45.0,42.0,45.0,1.0,5.0,5.0,5.0,0.0,1.0,0.0,45.0,0.16666666666666666,1.0,0.3055555646618207,14859.84306640625,5145.10009765625,3909.911865234375,2918.172607421875,3909.911865234375,2918.172607421875,37.954560816287994
test,dropout030_relay_failure,no_role_pair_gate,none,no_role_pair_gate,none,1,60,no_role_pair_gate,results/intercept_3d_gate1_hardened_safety_no_role_pair_gate_5seed_fixed_update60_candidate/runs/multi_relation/bc_ppo_seed1/actor_critic_update_0060.pt,310032,32,checkpoint,100,straight,True,True,80,0.2,1.0,0.3,0,0.0,1,40,80,True,1.0,1.0,1.0,0.029629630512661403,0.4370370414521959,0.692592602637079,44.8592594285806,0.0,0.0,0.0,45.0,42.0,45.0,1.0,5.0,5.0,5.0,0.0,1.0,0.0,45.0,0.16666666666666666,1.0,0.2500000074505806,14830.1044921875,5048.49462890625,3791.591552734375,3685.775634765625,3791.591552734375,3685.775634765625,37.6855291724205
test,dropout030_relay_failure,no_role_pair_gate,none,no_role_pair_gate,none,1,60,no_role_pair_gate,results/intercept_3d_gate1_hardened_safety_no_role_pair_gate_5seed_fixed_update60_candidate/runs/multi_relation/bc_ppo_seed1/actor_critic_update_0060.pt,310035,35,checkpoint,100,straight,True,True,80,0.2,1.0,0.3,0,0.0,1,40,80,True,1.0,1.0,1.0,0.029629630512661403,0.4370370414521959,0.6888888945182164,37.19999985297521,0.0,0.0,0.0,45.0,42.0,45.0,1.0,5.0,5.0,5.0,0.0,1.0,0.0,45.0,0.16666666666666666,1.0,0.2777777860562007,14828.281521267361,5054.00244140625,3629.842529296875,2592.162841796875,3629.842529296875,2592.162841796875,37.87097117304802
test,dropout030_relay_failure,no_role_pair_gate,none,no_role_pair_gate,none,1,60,no_role_pair_gate,results/intercept_3d_gate1_hardened_safety_no_role_pair_gate_5seed_fixed_update60_candidate/runs/multi_relation/bc_ppo_seed1/actor_critic_update_0060.pt,310039,39,checkpoint,100,straight,True,True,80,0.2,1.0,0.3,0,0.0,1,40,80,True,1.0,1.0,1.0,0.029629630512661403,0.4296296338240306,0.68518519004186,42.04814794394705,0.0,0.0,0.0,45.0,42.0,45.0,1.0,5.0,5.0,5.0,0.0,1.0,0.0,45.0,0.16666666666666666,1.0,0.2777777860562007,14838.375618489583,5069.875,3662.58935546875,2945.078369140625,3662.58935546875,2945.078369140625,37.438224256038666
test,dropout030_relay_failure,no_role_pair_gate,none,no_role_pair_gate,none,1,60,no_role_pair_gate,results/intercept_3d_gate1_hardened_safety_no_role_pair_gate_5seed_fixed_update60_candidate/runs/multi_relation/bc_ppo_seed1/actor_critic_update_0060.pt,310041,41,checkpoint,100,straight,True,True,80,0.2,1.0,0.3,0,0.0,1,40,80,True,1.0,1.0,1.0,0.029629630512661403,0.4370370414521959,0.6222222305006451,37.29999982648425,0.0,0.0,0.0,45.0,42.0,45.0,1.0,5.0,5.0,5.0,0.0,1.0,0.0,45.0,0.16666666666666666,1.0,0.19444445023934046,14842.85402560764,5080.119140625,3394.51318359375,2570.69580078125,3394.51318359375,2570.69580078125,37.21171833574772
test,dropout030_relay_failure,no_role_pair_gate,none,no_role_pair_gate,none,1,60,no_role_pair_gate,results/intercept_3d_gate1_hardened_safety_no_role_pair_gate_5seed_fixed_update60_candidate/runs/multi_relation/bc_ppo_seed1/actor_critic_update_0060.pt,310044,44,checkpoint,100,straight,True,True,80,0.2,1.0,0.3,0,0.0,1,40,80,True,1.0,1.0,1.0,0.029629630512661403,0.4370370414521959,0.6333333402872086,41.092592712574536,0.0,0.0,0.0,45.0,42.0,45.0,1.0,5.0,5.0,5.0,0.0,1.0,0.0,45.0,0.16666666666666666,1.0,0.19444445023934046,14840.919574652778,5101.181640625,3455.33349609375,2810.724853515625,3455.33349609375,2810.724853515625,37.20646342635155
test,dropout030_relay_failure,no_role_pair_gate,none,no_role_pair_gate,none,1,60,no_role_pair_gate,results/intercept_3d_gate1_hardened_safety_no_role_pair_gate_5seed_fixed_update60_candidate/runs/multi_relation/bc_ppo_seed1/actor_critic_update_0060.pt,310046,46,checkpoint,100,straight,True,True,80,0.2,1.0,0.3,0,0.0,1,40,80,True,1.0,1.0,1.0,0.029629630512661403,0.4370370414521959,0.6259259353081386,41.137036924229726,0.0,0.0,0.0,45.0,42.0,45.0,1.0,5.0,5.0,5.0,0.0,1.0,0.0,45.0,0.16666666666666666,1.0,0.22222222884496054,14830.419769965278,5078.47802734375,3736.438232421875,3158.069580078125,3736.438232421875,3158.069580078125,37.159488409757614
test,dropout030_relay_failure,no_role_pair_gate,none,no_role_pair_gate,none,1,60,no_role_pair_gate,results/intercept_3d_gate1_hardened_safety_no_role_pair_gate_5seed_fixed_update60_candidate/runs/multi_relation/bc_ppo_seed1/actor_critic_update_0060.pt,310049,49,checkpoint,100,straight,True,True,80,0.2,1.0,0.3,0,0.0,1,40,80,True,1.0,1.0,1.0,0.029629630512661403,0.4370370414521959,0.5666666766007741,46.99259282582336,0.0,0.0,0.0,45.0,42.0,45.0,1.0,5.0,5.0,5.0,0.0,1.0,0.0,45.0,0.16666666666666666,1.0,0.19444445023934046,14905.554850260416,5213.6455078125,3766.590576171875,3364.765625,3766.590576171875,3364.765625,36.200980961322784
test,dropout030_relay_failure,no_role_pair_gate,none,no_role_pair_gate,none,1,60,no_role_pair_gate,results/intercept_3d_gate1_hardened_safety_no_role_pair_gate_5seed_fixed_update60_candidate/runs/multi_relation/bc_ppo_seed1/actor_critic_update_0060.pt,310009,9,checkpoint,100,straight,True,True,80,0.2,1.0,0.3,0,0.0,1,40,80,True,1.0,1.0,1.0,0.028985508110212242,0.44202898961046466,0.6050724717585937,42.29347853848468,0.0,0.0,0.0,46.0,43.0,46.0,1.0,6.0,6.0,6.0,0.0,1.0,0.0,46.0,0.14285714285714285,1.0,0.21428572067192622,14707.309867527174,4730.50048828125,3828.185546875,2914.593017578125,3828.185546875,2914.593017578125,37.64077153801918
test,dropout030_relay_failure,no_role_pair_gate,none,no_role_pair_gate,none,1,60,no_role_pair_gate,results/intercept_3d_gate1_hardened_safety_no_role_pair_gate_5seed_fixed_update60_candidate/runs/multi_relation/bc_ppo_seed1/actor_critic_update_0060.pt,310012,12,checkpoint,100,straight,True,True,80,0.2,1.0,0.3,0,0.0,1,40,80,True,1.0,1.0,1.0,0.028985508110212242,0.44202898961046466,0.6739130509288415,42.13768126200075,0.0,0.0,0.0,46.0,43.0,46.0,1.0,6.0,6.0,6.0,0.0,1.0,0.0,46.0,0.14285714285714285,1.0,0.21428572067192622,14669.492314877718,4684.17138671875,3750.489013671875,3012.167724609375,3750.489013671875,3012.167724609375,38.35179725289345
test,dropout030_relay_failure,no_role_pair_gate,none,no_role_pair_gate,none,1,60,no_role_pair_gate,results/intercept_3d_gate1_hardened_safety_no_role_pair_gate_5seed_fixed_update60_candidate/runs/multi_relation/bc_ppo_seed1/actor_critic_update_0060.pt,310018,18,checkpoint,100,straight,True,True,80,0.2,1.0,0.3,0,0.0,1,40,80,True,1.0,1.0,1.0,0.028985508110212242,0.44927536663801776,0.677536239442618,34.65217413623696,0.0,0.0,0.0,46.0,43.0,46.0,1.0,6.0,6.0,6.0,0.0,1.0,0.0,46.0,0.14285714285714285,1.0,0.23809524519102915,14644.931852921196,4720.80810546875,3754.50244140625,1964.674560546875,3754.50244140625,1964.674560546875,38.714819848537445
test,dropout030_relay_failure,no_role_pair_gate,none,no_role_pair_gate,none,1,60,no_role_pair_gate,results/intercept_3d_gate1_hardened_safety_no_role_pair_gate_5seed_fixed_update60_candidate/runs/multi_relation/bc_ppo_seed1/actor_critic_update_0060.pt,310021,21,checkpoint,100,straight,True,True,80,0.2,1.0,0.3,0,0.0,1,40,80,True,1.0,1.0,1.0,0.028985508110212242,0.4347826132307882,0.702898557095424,36.51086917746326,0.0,0.0,0.0,46.0,43.0,46.0,1.0,6.0,6.0,6.0,0.0,1.0,0.0,46.0,0.14285714285714285,0.9523809552192688,0.3333333432674408,14633.075450067934,4745.17919921875,3754.4169921875,1487.5380859375,3754.4169921875,1487.5380859375,38.51889455318451
test,dropout030_relay_failure,no_role_pair_gate,none,no_role_pair_gate,none,1,60,no_role_pair_gate,results/intercept_3d_gate1_hardened_safety_no_role_pair_gate_5seed_fixed_update60_candidate/runs/multi_relation/bc_ppo_seed1/actor_critic_update_0060.pt,310023,23,checkpoint,100,straight,True,True,80,0.2,1.0,0.3,0,0.0,1,40,80,True,1.0,1.0,1.0,0.028985508110212242,0.44927536663801776,0.6594202988173651,36.59420285017594,0.0,0.0,0.0,46.0,43.0,46.0,1.0,6.0,6.0,6.0,0.0,1.0,0.0,46.0,0.14285714285714285,1.0,0.21428572067192622,14648.390402088995,4730.07080078125,3881.234375,3179.519287109375,3881.234375,3179.519287109375,38.45452296733856
test,dropout030_relay_failure,no_role_pair_gate,none,no_role_pair_gate,none,1,60,no_role_pair_gate,results/intercept_3d_gate1_hardened_safety_no_role_pair_gate_5seed_fixed_update60_candidate/runs/multi_relation/bc_ppo_seed1/actor_critic_update_0060.pt,310025,25,checkpoint,100,straight,True,True,80,0.2,1.0,0.3,0,0.0,1,40,80,True,1.0,1.0,1.0,0.028985508110212242,0.44927536663801776,0.692028992201971,37.5579709102926,0.0,0.0,0.0,46.0,43.0,46.0,1.0,6.0,6.0,6.0,0.0,1.0,0.0,46.0,0.14285714285714285,1.0,0.19047619615282332,14609.61470363451,4625.91455078125,3492.10693359375,2380.87939453125,3492.10693359375,2380.87939453125,38.817071974277496
test,dropout030_relay_failure,no_role_pair_gate,none,no_role_pair_gate,none,1,60,no_role_pair_gate,results/intercept_3d_gate1_hardened_safety_no_role_pair_gate_5seed_fixed_update60_candidate/runs/multi_relation/bc_ppo_seed1/actor_critic_update_0060.pt,310027,27,checkpoint,100,straight,True,True,80,0.2,1.0,0.3,0,0.0,1,40,80,True,1.0,1.0,1.0,0.028985508110212242,0.44927536663801776,0.6630434873311416,45.00000004923862,0.0,0.0,0.0,46.0,43.0,46.0,1.0,6.0,6.0,6.0,0.0,1.0,0.0,46.0,0.14285714285714285,1.0,0.21428572067192622,14657.247643512228,4770.08251953125,3940.3388671875,2970.61279296875,3940.3388671875,2970.61279296875,38.03614553809166
test,dropout030_relay_failure,no_role_pair_gate,none,no_role_pair_gate,none,1,60,no_role_pair_gate,results/intercept_3d_gate1_hardened_safety_no_role_pair_gate_5seed_fixed_update60_candidate/runs/multi_relation/bc_ppo_seed1/actor_critic_update_0060.pt,310045,45,checkpoint,100,straight,True,True,80,0.2,1.0,0.3,0,0.0,1,40,80,True,1.0,1.0,1.0,0.028985508110212242,0.4347826132307882,0.6449275444383207,46.91666692203802,0.0,0.0,0.0,46.0,43.0,46.0,1.0,6.0,6.0,6.0,0.0,1.0,0.0,46.0,0.14285714285714285,0.9523809552192688,0.23809524519102915,14665.281685207201,4827.01513671875,3852.02978515625,2983.66015625,3852.02978515625,2983.66015625,37.52732142806053
test,dropout030_relay_failure,no_role_pair_gate,none,no_role_pair_gate,none,1,60,no_role_pair_gate,results/intercept_3d_gate1_hardened_safety_no_role_pair_gate_5seed_fixed_update60_candidate/runs/multi_relation/bc_ppo_seed1/actor_critic_update_0060.pt,310047,47,checkpoint,100,straight,True,True,80,0.2,1.0,0.3,0,0.0,1,40,80,True,1.0,1.0,1.0,0.028985508110212242,0.44202898961046466,0.6956521800678709,38.40942053270081,0.0,0.0,0.0,46.0,43.0,46.0,1.0,6.0,6.0,6.0,0.0,1.0,0.0,46.0,0.14285714285714285,1.0,0.3095238187483379,14711.83447265625,4763.06884765625,3812.2900390625,2501.15087890625,3812.2900390625,2501.15087890625,38.632704585790634
test,dropout030_relay_failure,no_role_pair_gate,none,no_role_pair_gate,none,1,60,no_role_pair_gate,results/intercept_3d_gate1_hardened_safety_no_role_pair_gate_5seed_fixed_update60_candidate/runs/multi_relation/bc_ppo_seed1/actor_critic_update_0060.pt,310008,8,checkpoint,100,straight,True,True,80,0.2,1.0,0.3,0,0.0,1,40,80,True,1.0,1.0,1.0,0.02836879517169709,0.4539007132357739,0.6560283766147939,44.18794339451384,0.0,0.0,0.0,47.0,44.0,47.0,1.0,7.0,7.0,7.0,0.0,1.0,0.0,47.0,0.125,1.0,0.22916667349636555,14462.065325797872,4331.8798828125,3535.686767578125,3218.5078125,3535.686767578125,3218.5078125,38.77986353635788
test,dropout030_relay_failure,no_role_pair_gate,none,no_role_pair_gate,none,1,60,no_role_pair_gate,results/intercept_3d_gate1_hardened_safety_no_role_pair_gate_5seed_fixed_update60_candidate/runs/multi_relation/bc_ppo_seed1/actor_critic_update_0060.pt,310013,13,checkpoint,100,straight,True,True,80,0.2,1.0,0.3,0,0.0,1,40,80,True,1.0,1.0,1.0,0.02836879517169709,0.4609929120286982,0.6595744769623939,39.64184418257246,0.0,0.0,0.0,47.0,44.0,47.0,1.0,7.0,7.0,7.0,0.0,1.0,0.0,47.0,0.125,1.0,0.2083333395421505,14476.652208693484,4557.7265625,3739.718505859375,2330.336669921875,3739.718505859375,2330.336669921875,38.96462199091911
test,dropout030_relay_failure,no_role_pair_gate,none,no_role_pair_gate,none,1,60,no_role_pair_gate,results/intercept_3d_gate1_hardened_safety_no_role_pair_gate_5seed_fixed_update60_candidate/runs/multi_relation/bc_ppo_seed1/actor_critic_update_0060.pt,310043,43,checkpoint,100,straight,True,True,80,0.2,1.0,0.3,0,0.0,1,40,80,True,1.0,1.0,1.0,0.02836879517169709,0.4539007132357739,0.6631205728713502,42.34042558961726,0.0,0.0,0.0,47.0,44.0,47.0,1.0,7.0,7.0,7.0,0.0,1.0,0.0,47.0,0.125,1.0,0.18750000558793545,14466.473154920213,4375.076171875,3543.15869140625,2376.56201171875,3543.15869140625,2376.56201171875,38.92328107357025
test,dropout030_relay_failure,no_role_pair_gate,none,no_role_pair_gate,none,1,60,no_role_pair_gate,results/intercept_3d_gate1_hardened_safety_no_role_pair_gate_5seed_fixed_update60_candidate/runs/multi_relation/bc_ppo_seed1/actor_critic_update_0060.pt,310007,7,checkpoint,100,straight,True,True,80,0.2,1.0,0.3,0,0.0,1,40,80,True,1.0,1.0,1.0,0.027777778605620067,0.46527778171002865,0.6597222288449606,40.6701387607803,0.0,0.0,0.0,48.0,45.0,48.0,1.0,8.0,8.0,8.0,0.0,1.0,0.0,48.0,0.1111111111111111,1.0,0.20370370977454716,14306.664672851562,4152.36474609375,3070.647216796875,2814.493896484375,3070.647216796875,2814.493896484375,39.69914898276329
test,dropout030_relay_failure,no_role_pair_gate,none,no_role_pair_gate,none,1,60,no_role_pair_gate,results/intercept_3d_gate1_hardened_safety_no_role_pair_gate_5seed_fixed_update60_candidate/runs/multi_relation/bc_ppo_seed1/actor_critic_update_0060.pt,310015,15,checkpoint,100,straight,True,True,80,0.2,1.0,0.3,0,0.0,1,40,80,True,1.0,1.0,1.0,0.027777778605620067,0.45833333767950535,0.6701388958220681,33.55208323647579,0.0,0.0,0.0,48.0,45.0,48.0,1.0,8.0,8.0,8.0,0.0,1.0,0.0,48.0,0.1111111111111111,1.0,0.29629630512661403,14375.010986328125,4266.583984375,3321.04833984375,912.4361572265625,3321.04833984375,912.4361572265625,39.9185551404953
test,dropout030_relay_failure,no_role_pair_gate,none,no_role_pair_gate,none,1,60,no_role_pair_gate,results/intercept_3d_gate1_hardened_safety_no_role_pair_gate_5seed_fixed_update60_candidate/runs/multi_relation/bc_ppo_seed1/actor_critic_update_0060.pt,310004,4,checkpoint,100,straight,True,True,80,0.2,1.0,0.3,0,0.0,1,40,80,True,0.0,0.0,1.0,0.003846153960778163,0.10128205303962413,0.17115384930601488,71.75320474236058,0.0,1.0,0.0,260.0,42.0,-1.0,0.0,220.0,220.0,-1.0,0.0,0.0,1.0,-1.0,0.0,0.16250000335276127,0.11875000353902579,36897.63234112079,77355.4921875,1122.6363525390625,553.4933471679688,65825.1953125,16459.43359375,-33.9420807287097
test,dropout030_relay_failure,no_role_pair_gate,none,no_role_pair_gate,none,1,60,no_role_pair_gate,results/intercept_3d_gate1_hardened_safety_no_role_pair_gate_5seed_fixed_update60_candidate/runs/multi_relation/bc_ppo_seed1/actor_critic_update_0060.pt,310019,19,checkpoint,100,straight,True,True,80,0.2,1.0,0.3,0,0.0,1,40,80,True,0.0,0.0,1.0,0.003846153960778163,0.10000000171936475,0.1717948746222716,72.50961580540125,0.0,1.0,0.0,260.0,42.0,-1.0,0.0,220.0,220.0,-1.0,0.0,0.0,1.0,-1.0,0.0,0.15833333656191825,0.11250000335276127,36610.43828970102,78931.0,1410.005615234375,792.7105712890625,70941.1875,16203.3310546875,-35.207873180508614
test,dropout030_relay_failure,no_role_pair_gate,none,no_role_pair_gate,none,1,60,no_role_pair_gate,results/intercept_3d_gate1_hardened_safety_no_role_pair_gate_5seed_fixed_update60_candidate/runs/multi_relation/bc_ppo_seed1/actor_critic_update_0060.pt,310030,30,checkpoint,100,straight,True,True,80,0.2,1.0,0.3,0,0.0,1,40,80,True,0.0,0.0,0.0,0.0,0.10128205303962413,0.18717949086656938,69.20833341823175,0.0,1.0,0.0,260.0,-1.0,-1.0,0.0,220.0,220.0,-1.0,0.0,0.0,1.0,-1.0,0.0,0.16250000335276127,0.1645833382382989,37509.36624004658,79809.796875,217.83741760253906,2090.45263671875,76854.984375,12980.9609375,-37.12798058986664
test,dropout030_relay_failure,no_role_pair_gate,none,no_role_pair_gate,none,1,60,no_role_pair_gate,results/intercept_3d_gate1_hardened_safety_no_role_pair_gate_5seed_fixed_update60_candidate/runs/multi_relation/bc_ppo_seed1/actor_critic_update_0060.pt,310033,33,checkpoint,100,straight,True,True,80,0.2,1.0,0.3,0,0.0,1,40,80,True,0.0,0.0,0.0,0.0,0.09871795016985674,0.22884615848843867,48.39615384512223,0.0,1.0,0.0,260.0,-1.0,-1.0,0.0,220.0,220.0,-1.0,0.0,0.0,1.0,-1.0,0.0,0.1583333358168602,0.2125000063329935,37929.54818490835,81687.984375,847.9873657226562,2872.03955078125,81227.421875,16936.63671875,-33.35343676060438
test,dropout030_relay_failure,no_role_pair_gate,none,no_role_pair_gate,none,1,60,no_role_pair_gate,results/intercept_3d_gate1_hardened_safety_no_role_pair_gate_5seed_fixed_update60_candidate/runs/multi_relation/bc_ppo_seed1/actor_critic_update_0060.pt,310037,37,checkpoint,100,straight,True,True,80,0.2,1.0,0.3,0,0.0,1,40,80,True,0.0,0.0,0.0,0.0,0.10000000149011612,0.194230773127996,69.4698720140526,0.0,1.0,0.0,260.0,-1.0,-1.0,0.0,220.0,220.0,-1.0,0.0,0.0,1.0,-1.0,0.0,0.1625000026077032,0.14791667107492684,34025.31229905348,74658.15625,251.3394775390625,1455.20654296875,58488.53515625,18684.666015625,-33.12924326211214
test,dropout030_relay_failure,no_role_pair_gate,none,no_role_pair_gate,none,1,60,no_role_pair_gate,results/intercept_3d_gate1_hardened_safety_no_role_pair_gate_5seed_fixed_update60_candidate/runs/multi_relation/bc_ppo_seed1/actor_critic_update_0060.pt,310038,38,checkpoint,100,straight,True,True,80,0.2,1.0,0.3,0,0.0,1,40,80,True,0.0,0.0,1.0,0.0025641026405187756,0.10384615568014291,0.1487179508002905,75.34487215131522,0.0,1.0,0.0,260.0,43.0,-1.0,0.0,220.0,220.0,-1.0,0.0,0.0,1.0,-1.0,0.0,0.16666667014360428,0.08125000242143869,36320.07780620868,79164.734375,744.2926635742188,436.650634765625,71861.046875,19184.365234375,-37.197127191349864
test,dropout030_relay_failure,no_role_pair_gate,none,no_role_pair_gate,none,1,60,no_role_pair_gate,results/intercept_3d_gate1_hardened_safety_no_role_pair_gate_5seed_fixed_update60_candidate/runs/multi_relation/bc_ppo_seed1/actor_critic_update_0060.pt,310053,53,checkpoint,100,straight,True,True,80,0.2,1.0,0.3,0,0.0,1,40,80,True,1.0,1.0,1.0,0.03030303120613098,0.4242424287579276,0.7196969759057869,43.88636352223429,0.0,0.0,0.0,44.0,41.0,44.0,1.0,4.0,4.0,4.0,0.0,1.0,0.0,44.0,0.2,1.0,0.23333334028720856,15071.07587224787,5525.220703125,3829.61767578125,3355.35888671875,3829.61767578125,3355.35888671875,37.01697155833244
test,dropout030_relay_failure,no_role_pair_gate,none,no_role_pair_gate,none,1,60,no_role_pair_gate,results/intercept_3d_gate1_hardened_safety_no_role_pair_gate_5seed_fixed_update60_candidate/runs/multi_relation/bc_ppo_seed1/actor_critic_update_0060.pt,310059,59,checkpoint,100,straight,True,True,80,0.2,1.0,0.3,0,0.0,1,40,80,True,1.0,1.0,1.0,0.03030303120613098,0.41666667095639487,0.6856060681695287,40.912878676232964,0.0,0.0,0.0,44.0,41.0,44.0,1.0,4.0,4.0,4.0,0.0,1.0,0.0,44.0,0.2,1.0,0.3000000089406967,15103.372736150568,5583.23828125,3746.275634765625,2446.085205078125,3746.275634765625,2446.085205078125,36.5092636346817
test,dropout030_relay_failure,no_role_pair_gate,none,no_role_pair_gate,none,1,60,no_role_pair_gate,results/intercept_3d_gate1_hardened_safety_no_role_pair_gate_5seed_fixed_update60_candidate/runs/multi_relation/bc_ppo_seed1/actor_critic_update_0060.pt,310066,66,checkpoint,100,straight,True,True,80,0.2,1.0,0.3,0,0.0,1,40,80,True,1.0,1.0,1.0,0.03030303120613098,0.4242424287579276,0.723484855145216,41.875000119547956,0.0,0.0,0.0,44.0,41.0,44.0,1.0,4.0,4.0,4.0,0.0,1.0,0.0,44.0,0.2,1.0,0.26666667461395266,15082.346568714489,5527.13671875,3634.53466796875,2270.5546875,3634.53466796875,2270.5546875,37.082428216934204
test,dropout030_relay_failure,no_role_pair_gate,none,no_role_pair_gate,none,1,60,no_role_pair_gate,results/intercept_3d_gate1_hardened_safety_no_role_pair_gate_5seed_fixed_update60_candidate/runs/multi_relation/bc_ppo_seed1/actor_critic_update_0060.pt,310070,70,checkpoint,100,straight,True,True,80,0.2,1.0,0.3,0,0.0,1,40,80,True,1.0,1.0,1.0,0.03030303120613098,0.4242424287579276,0.6666666767136618,42.84469725564122,0.0,0.0,0.0,44.0,41.0,44.0,1.0,4.0,4.0,4.0,0.0,1.0,0.0,44.0,0.2,1.0,0.20000000596046447,15089.65389737216,5587.92822265625,3805.612548828125,2498.271728515625,3805.612548828125,2498.271728515625,36.48852217197418
test,dropout030_relay_failure,no_role_pair_gate,none,no_role_pair_gate,none,1,60,no_role_pair_gate,results/intercept_3d_gate1_hardened_safety_no_role_pair_gate_5seed_fixed_update60_candidate/runs/multi_relation/bc_ppo_seed1/actor_critic_update_0060.pt,310078,78,checkpoint,100,straight,True,True,80,0.2,1.0,0.3,0,0.0,1,40,80,True,1.0,1.0,1.0,0.03030303120613098,0.4242424287579276,0.6818181896074251,36.075757178393275,0.0,0.0,0.0,44.0,41.0,44.0,1.0,4.0,4.0,4.0,0.0,1.0,0.0,44.0,0.2,1.0,0.20000000596046447,15073.168823242188,5501.4765625,3668.51171875,2317.7412109375,3668.51171875,2317.7412109375,36.961140513420105
test,dropout030_relay_failure,no_role_pair_gate,none,no_role_pair_gate,none,1,60,no_role_pair_gate,results/intercept_3d_gate1_hardened_safety_no_role_pair_gate_5seed_fixed_update60_candidate/runs/multi_relation/bc_ppo_seed1/actor_critic_update_0060.pt,310079,79,checkpoint,100,straight,True,True,80,0.2,1.0,0.3,0,0.0,1,40,80,True,1.0,1.0,1.0,0.03030303120613098,0.4242424287579276,0.6780303110453215,39.97348456186327,0.0,0.0,0.0,44.0,41.0,44.0,1.0,4.0,4.0,4.0,0.0,1.0,0.0,44.0,0.2,1.0,0.3000000089406967,15075.439686168324,5522.41259765625,3663.120361328125,3086.62353515625,3663.120361328125,3086.62353515625,36.7448610663414
test,dropout030_relay_failure,no_role_pair_gate,none,no_role_pair_gate,none,1,60,no_role_pair_gate,results/intercept_3d_gate1_hardened_safety_no_role_pair_gate_5seed_fixed_update60_candidate/runs/multi_relation/bc_ppo_seed1/actor_critic_update_0060.pt,310085,85,checkpoint,100,straight,True,True,80,0.2,1.0,0.3,0,0.0,1,40,80,True,1.0,1.0,1.0,0.03030303120613098,0.41666667095639487,0.6325757649134506,44.88636317713694,0.0,0.0,0.0,44.0,41.0,44.0,1.0,4.0,4.0,4.0,0.0,1.0,0.0,44.0,0.2,1.0,0.20000000596046447,15102.77031915838,5568.12353515625,3685.1025390625,2710.25927734375,3685.1025390625,2710.25927734375,35.93911463022232
test,dropout030_relay_failure,no_role_pair_gate,none,no_role_pair_gate,none,1,60,no_role_pair_gate,results/intercept_3d_gate1_hardened_safety_no_role_pair_gate_5seed_fixed_update60_candidate/runs/multi_relation/bc_ppo_seed1/actor_critic_update_0060.pt,310088,88,checkpoint,100,straight,True,True,80,0.2,1.0,0.3,0,0.0,1,40,80,True,1.0,1.0,1.0,0.03030303120613098,0.40909091383218765,0.6553030393340371,49.78030311485583,0.0,0.0,0.0,44.0,41.0,44.0,1.0,4.0,4.0,4.0,0.0,1.0,0.0,44.0,0.2,1.0,0.26666667461395266,15232.318769975142,5846.72412109375,3596.979736328125,2854.364501953125,3596.979736328125,2854.364501953125,35.61952459812164
test,dropout030_relay_failure,no_role_pair_gate,none,no_role_pair_gate,none,1,60,no_role_pair_gate,results/intercept_3d_gate1_hardened_safety_no_role_pair_gate_5seed_fixed_update60_candidate/runs/multi_relation/bc_ppo_seed1/actor_critic_update_0060.pt,310091,91,checkpoint,100,straight,True,True,80,0.2,1.0,0.3,0,0.0,1,40,80,True,1.0,1.0,1.0,0.03030303120613098,0.4242424287579276,0.6590909168801524,40.03787896375764,0.0,0.0,0.0,44.0,41.0,44.0,1.0,4.0,4.0,4.0,0.0,1.0,0.0,44.0,0.2,1.0,0.1666666716337204,15084.587812943892,5502.65380859375,3834.44140625,2145.06884765625,3834.44140625,2145.06884765625,36.68293899297714
test,dropout030_relay_failure,no_role_pair_gate,none,no_role_pair_gate,none,1,60,no_role_pair_gate,results/intercept_3d_gate1_hardened_safety_no_role_pair_gate_5seed_fixed_update60_candidate/runs/multi_relation/bc_ppo_seed1/actor_critic_update_0060.pt,310052,52,checkpoint,100,straight,True,True,80,0.2,1.0,0.3,0,0.0,1,40,80,True,1.0,1.0,1.0,0.029629630512661403,0.4370370414521959,0.688888896173901,37.203703591889806,0.0,0.0,0.0,45.0,42.0,45.0,1.0,5.0,5.0,5.0,0.0,1.0,0.0,45.0,0.16666666666666666,1.0,0.2500000074505806,14859.00236545139,5085.31201171875,3684.57470703125,2237.260498046875,3684.57470703125,2237.260498046875,37.820067912340164
test,dropout030_relay_failure,no_role_pair_gate,none,no_role_pair_gate,none,1,60,no_role_pair_gate,results/intercept_3d_gate1_hardened_safety_no_role_pair_gate_5seed_fixed_update60_candidate/runs/multi_relation/bc_ppo_seed1/actor_critic_update_0060.pt,310054,54,checkpoint,100,straight,True,True,80,0.2,1.0,0.3,0,0.0,1,40,80,True,1.0,1.0,1.0,0.029629630512661403,0.4370370414521959,0.6185185263554255,40.19259247713619,0.0,0.0,0.0,45.0,42.0,45.0,1.0,5.0,5.0,5.0,0.0,1.0,0.0,45.0,0.16666666666666666,1.0,0.19444445023934046,14866.158539496528,5084.57763671875,3620.3681640625,2514.81201171875,3620.3681640625,2514.81201171875,37.10098651051521
test,dropout030_relay_failure,no_role_pair_gate,none,no_role_pair_gate,none,1,60,no_role_pair_gate,results/intercept_3d_gate1_hardened_safety_no_role_pair_gate_5seed_fixed_update60_candidate/runs/multi_relation/bc_ppo_seed1/actor_critic_update_0060.pt,310056,56,checkpoint,100,straight,True,True,80,0.2,1.0,0.3,0,0.0,1,40,80,True,1.0,1.0,1.0,0.029629630512661403,0.4296296338240306,0.659259267979198,43.000000170535515,0.0,0.0,0.0,45.0,42.0,45.0,1.0,5.0,5.0,5.0,0.0,1.0,0.0,45.0,0.16666666666666666,1.0,0.1666666716337204,14830.716905381945,5048.33837890625,3712.197265625,2515.7451171875,3712.197265625,2515.7451171875,37.26777055859566
test,dropout030_relay_failure,no_role_pair_gate,none,no_role_pair_gate,none,1,60,no_role_pair_gate,results/intercept_3d_gate1_hardened_safety_no_role_pair_gate_5seed_fixed_update60_candidate/runs/multi_relation/bc_ppo_seed1/actor_critic_update_0060.pt,310057,57,checkpoint,100,straight,True,True,80,0.2,1.0,0.3,0,0.0,1,40,80,True,1.0,1.0,1.0,0.029629630512661403,0.4370370414521959,0.7259259323279063,38.17037042379379,0.0,0.0,0.0,45.0,42.0,45.0,1.0,5.0,5.0,5.0,0.0,1.0,0.0,45.0,0.16666666666666666,1.0,0.3055555646618207,14837.633420138889,5115.58935546875,3870.701416015625,2280.548583984375,3870.701416015625,2280.548583984375,38.07326829433441
test,dropout030_relay_failure,no_role_pair_gate,none,no_role_pair_gate,none,1,60,no_role_pair_gate,results/intercept_3d_gate1_hardened_safety_no_role_pair_gate_5seed_fixed_update60_candidate/runs/multi_relation/bc_ppo_seed1/actor_critic_update_0060.pt,310058,58,checkpoint,100,straight,True,True,80,0.2,1.0,0.3,0,0.0,1,40,80,True,1.0,1.0,1.0,0.029629630512661403,0.4370370414521959,0.6777777837382423,39.17037003139655,0.0,0.0,0.0,45.0,42.0,45.0,1.0,5.0,5.0,5.0,0.0,1.0,0.0,45.0,0.16666666666666666,1.0,0.22222222884496054,14869.028580729168,5104.08544921875,3369.01708984375,2100.562744140625,3369.01708984375,2100.562744140625,37.695440500974655
test,dropout030_relay_failure,no_role_pair_gate,none,no_role_pair_gate,none,1,60,no_role_pair_gate,results/intercept_3d_gate1_hardened_safety_no_role_pair_gate_5seed_fixed_update60_candidate/runs/multi_relation/bc_ppo_seed1/actor_critic_update_0060.pt,310060,60,checkpoint,100,straight,True,True,80,0.2,1.0,0.3,0,0.0,1,40,80,True,1.0,1.0,1.0,0.029629630512661403,0.4370370414521959,0.6962963028086556,39.13703687422805,0.0,0.0,0.0,45.0,42.0,45.0,1.0,5.0,5.0,5.0,0.0,1.0,0.0,45.0,0.16666666666666666,1.0,0.2777777860562007,14852.77119140625,5067.41796875,3697.48876953125,2782.158935546875,3697.48876953125,2782.158935546875,37.80959004163742
test,dropout030_relay_failure,no_role_pair_gate,none,no_role_pair_gate,none,1,60,no_role_pair_gate,results/intercept_3d_gate1_hardened_safety_no_role_pair_gate_5seed_fixed_update60_candidate/runs/multi_relation/bc_ppo_seed1/actor_critic_update_0060.pt,310062,62,checkpoint,100,straight,True,True,80,0.2,1.0,0.3,0,0.0,1,40,80,True,1.0,1.0,1.0,0.029629630512661403,0.4370370414521959,0.6777777853939269,36.34444455537531,0.0,0.0,0.0,45.0,42.0,45.0,1.0,5.0,5.0,5.0,0.0,1.0,0.0,45.0,0.16666666666666666,1.0,0.19444445023934046,14834.60343967014,5039.994140625,3377.737060546875,2239.256591796875,3377.737060546875,2239.256591796875,37.82329338788986
test,dropout030_relay_failure,no_role_pair_gate,none,no_role_pair_gate,none,1,60,no_role_pair_gate,results/intercept_3d_gate1_hardened_safety_no_role_pair_gate_5seed_fixed_update60_candidate/runs/multi_relation/bc_ppo_seed1/actor_critic_update_0060.pt,310069,69,checkpoint,100,straight,True,True,80,0.2,1.0,0.3,0,0.0,1,40,80,True,1.0,1.0,1.0,0.029629630512661403,0.4370370414521959,0.6222222314940559,46.97777800361315,0.0,0.0,0.0,45.0,42.0,45.0,1.0,5.0,5.0,5.0,0.0,1.0,0.0,45.0,0.16666666666666666,1.0,0.2500000074505806,14890.741493055555,5165.82080078125,3579.49560546875,3514.8017578125,3579.49560546875,3514.8017578125,36.733389377593994
test,dropout030_relay_failure,no_role_pair_gate,none,no_role_pair_gate,none,1,60,no_role_pair_gate,results/intercept_3d_gate1_hardened_safety_no_role_pair_gate_5seed_fixed_update60_candidate/runs/multi_relation/bc_ppo_seed1/actor_critic_update_0060.pt,310071,71,checkpoint,100,straight,True,True,80,0.2,1.0,0.3,0,0.0,1,40,80,True,1.0,1.0,1.0,0.029629630512661403,0.4370370414521959,0.651851859026485,34.418518653512,0.0,0.0,0.0,45.0,42.0,45.0,1.0,5.0,5.0,5.0,0.0,1.0,0.0,45.0,0.16666666666666666,1.0,0.2500000074505806,14811.793337673611,4972.51806640625,3555.338134765625,2804.05078125,3555.338134765625,2804.05078125,37.68398526310921
test,dropout030_relay_failure,no_role_pair_gate,none,no_role_pair_gate,none,1,60,no_role_pair_gate,results/intercept_3d_gate1_hardened_safety_no_role_pair_gate_5seed_fixed_update60_candidate/runs/multi_relation/bc_ppo_seed1/actor_critic_update_0060.pt,310075,75,checkpoint,100,straight,True,True,80,0.2,1.0,0.3,0,0.0,1,40,80,True,1.0,1.0,1.0,0.029629630512661403,0.4370370414521959,0.6666666749450896,38.25555544793606,0.0,0.0,0.0,45.0,42.0,45.0,1.0,5.0,5.0,5.0,0.0,1.0,0.0,45.0,0.16666666666666666,1.0,0.2500000074505806,14878.326909722222,5146.60009765625,3824.736572265625,2182.333251953125,3824.736572265625,2182.333251953125,37.597796469926834
test,dropout030_relay_failure,no_role_pair_gate,none,no_role_pair_gate,none,1,60,no_role_pair_gate,results/intercept_3d_gate1_hardened_safety_no_role_pair_gate_5seed_fixed_update60_candidate/runs/multi_relation/bc_ppo_seed1/actor_critic_update_0060.pt,310084,84,checkpoint,100,straight,True,True,80,0.2,1.0,0.3,0,0.0,1,40,80,True,1.0,1.0,1.0,0.029629630512661403,0.4370370414521959,0.6148148222102059,46.83703692124949,0.0,0.0,0.0,45.0,42.0,45.0,1.0,5.0,5.0,5.0,0.0,1.0,0.0,45.0,0.16666666666666666,1.0,0.13888889302810034,14843.750846354167,5092.35400390625,3659.923583984375,3552.551025390625,3659.923583984375,3552.551025390625,36.79029431939125
test,dropout030_relay_failure,no_role_pair_gate,none,no_role_pair_gate,none,1,60,no_role_pair_gate,results/intercept_3d_gate1_hardened_safety_no_role_pair_gate_5seed_fixed_update60_candidate/runs/multi_relation/bc_ppo_seed1/actor_critic_update_0060.pt,310093,93,checkpoint,100,straight,True,True,80,0.2,1.0,0.3,0,0.0,1,40,80,True,1.0,1.0,1.0,0.029629630512661403,0.4370370414521959,0.6555555628405677,37.33703714907169,0.0,0.0,0.0,45.0,42.0,45.0,1.0,5.0,5.0,5.0,0.0,1.0,0.0,45.0,0.16666666666666666,1.0,0.19444445023934046,14874.494596354167,5069.2353515625,3729.129638671875,2499.335693359375,3729.129638671875,2499.335693359375,37.60787397623062
test,dropout030_relay_failure,no_role_pair_gate,none,no_role_pair_gate,none,1,60,no_role_pair_gate,results/intercept_3d_gate1_hardened_safety_no_role_pair_gate_5seed_fixed_update60_candidate/runs/multi_relation/bc_ppo_seed1/actor_critic_update_0060.pt,310097,97,checkpoint,100,straight,True,True,80,0.2,1.0,0.3,0,0.0,1,40,80,True,1.0,1.0,1.0,0.029629630512661403,0.4370370414521959,0.7111111164093018,33.49999971820249,0.0,0.0,0.0,45.0,42.0,45.0,1.0,5.0,5.0,5.0,0.0,1.0,0.0,45.0,0.16666666666666666,1.0,0.2777777860562007,14850.128765190972,5117.76953125,3487.924072265625,2353.029052734375,3487.924072265625,2353.029052734375,38.15799480676651
test,dropout030_relay_failure,no_role_pair_gate,none,no_role_pair_gate,none,1,60,no_role_pair_gate,results/intercept_3d_gate1_hardened_safety_no_role_pair_gate_5seed_fixed_update60_candidate/runs/multi_relation/bc_ppo_seed1/actor_critic_update_0060.pt,310099,99,checkpoint,100,straight,True,True,80,0.2,1.0,0.3,0,0.0,1,40,80,True,1.0,1.0,1.0,0.029629630512661403,0.4370370414521959,0.7111111183961233,38.17777792447143,0.0,0.0,0.0,45.0,42.0,45.0,1.0,5.0,5.0,5.0,0.0,1.0,0.0,45.0,0.16666666666666666,1.0,0.19444445023934046,14869.962749565972,5079.53515625,3783.890625,2561.958251953125,3783.890625,2561.958251953125,38.1489822268486
test,dropout030_relay_failure,no_role_pair_gate,none,no_role_pair_gate,none,1,60,no_role_pair_gate,results/intercept_3d_gate1_hardened_safety_no_role_pair_gate_5seed_fixed_update60_candidate/runs/multi_relation/bc_ppo_seed1/actor_critic_update_0060.pt,310055,55,checkpoint,100,straight,True,True,80,0.2,1.0,0.3,0,0.0,1,40,80,True,1.0,1.0,1.0,0.028985508110212242,0.44927536663801776,0.6014492848645085,45.108695547217906,0.0,0.0,0.0,46.0,43.0,46.0,1.0,6.0,6.0,6.0,0.0,1.0,0.0,46.0,0.14285714285714285,1.0,0.23809524519102915,14630.629076086956,4687.11376953125,3720.654052734375,3131.291015625,3720.654052734375,3131.291015625,37.53844507038593
test,dropout030_relay_failure,no_role_pair_gate,none,no_role_pair_gate,none,1,60,no_role_pair_gate,results/intercept_3d_gate1_hardened_safety_no_role_pair_gate_5seed_fixed_update60_candidate/runs/multi_relation/bc_ppo_seed1/actor_critic_update_0060.pt,310061,61,checkpoint,100,straight,True,True,80,0.2,1.0,0.3,0,0.0,1,40,80,True,1.0,1.0,1.0,0.028985508110212242,0.44202898961046466,0.6304347923268443,35.615942231986836,0.0,0.0,0.0,46.0,43.0,46.0,1.0,6.0,6.0,6.0,0.0,1.0,0.0,46.0,0.14285714285714285,1.0,0.26190476971013205,14679.39107082201,4678.3349609375,3735.3681640625,2906.199951171875,3735.3681640625,2906.199951171875,38.18544566631317
test,dropout030_relay_failure,no_role_pair_gate,none,no_role_pair_gate,none,1,60,no_role_pair_gate,results/intercept_3d_gate1_hardened_safety_no_role_pair_gate_5seed_fixed_update60_candidate/runs/multi_relation/bc_ppo_seed1/actor_critic_update_0060.pt,310063,63,checkpoint,100,straight,True,True,80,0.2,1.0,0.3,0,0.0,1,40,80,True,1.0,1.0,1.0,0.028985508110212242,0.44202898961046466,0.6557971109514651,38.47101455538169,0.0,0.0,0.0,46.0,43.0,46.0,1.0,6.0,6.0,6.0,0.0,1.0,0.0,46.0,0.14285714285714285,1.0,0.23809524519102915,14641.560185971468,4711.162109375,3697.32861328125,2702.885498046875,3697.32861328125,2702.885498046875,38.13552483916283
test,dropout030_relay_failure,no_role_pair_gate,none,no_role_pair_gate,none,1,60,no_role_pair_gate,results/intercept_3d_gate1_hardened_safety_no_role_pair_gate_5seed_fixed_update60_candidate/runs/multi_relation/bc_ppo_seed1/actor_critic_update_0060.pt,310064,64,checkpoint,100,straight,True,True,80,0.2,1.0,0.3,0,0.0,1,40,80,True,1.0,1.0,1.0,0.028985508110212242,0.44927536663801776,0.7065217462570771,43.13405767083168,0.0,0.0,0.0,46.0,43.0,46.0,1.0,6.0,6.0,6.0,0.0,1.0,0.0,46.0,0.14285714285714285,1.0,0.23809524519102915,14605.679698114809,4628.10205078125,3486.176513671875,3351.959228515625,3486.176513671875,3351.959228515625,38.729662120342255
test,dropout030_relay_failure,no_role_pair_gate,none,no_role_pair_gate,none,1,60,no_role_pair_gate,results/intercept_3d_gate1_hardened_safety_no_role_pair_gate_5seed_fixed_update60_candidate/runs/multi_relation/bc_ppo_seed1/actor_critic_update_0060.pt,310067,67,checkpoint,100,straight,True,True,80,0.2,1.0,0.3,0,0.0,1,40,80,True,1.0,1.0,1.0,0.028985508110212242,0.44927536663801776,0.6666666735773501,38.35144927935756,0.0,0.0,0.0,46.0,43.0,46.0,1.0,6.0,6.0,6.0,0.0,1.0,0.0,46.0,0.14285714285714285,1.0,0.21428572067192622,14627.973017153532,4700.34619140625,3752.291748046875,2957.920166015625,3752.291748046875,2957.920166015625,38.448155760765076
test,dropout030_relay_failure,no_role_pair_gate,none,no_role_pair_gate,none,1,60,no_role_pair_gate,results/intercept_3d_gate1_hardened_safety_no_role_pair_gate_5seed_fixed_update60_candidate/runs/multi_relation/bc_ppo_seed1/actor_critic_update_0060.pt,310068,68,checkpoint,100,straight,True,True,80,0.2,1.0,0.3,0,0.0,1,40,80,True,1.0,1.0,1.0,0.028985508110212242,0.44927536663801776,0.677536239442618,39.32971045277689,0.0,0.0,0.0,46.0,43.0,46.0,1.0,6.0,6.0,6.0,0.0,1.0,0.0,46.0,0.14285714285714285,1.0,0.26190476971013205,14642.665771484375,4630.70556640625,3472.636474609375,2941.199462890625,3472.636474609375,2941.199462890625,38.578688859939575
test,dropout030_relay_failure,no_role_pair_gate,none,no_role_pair_gate,none,1,60,no_role_pair_gate,results/intercept_3d_gate1_hardened_safety_no_role_pair_gate_5seed_fixed_update60_candidate/runs/multi_relation/bc_ppo_seed1/actor_critic_update_0060.pt,310073,73,checkpoint,100,straight,True,True,80,0.2,1.0,0.3,0,0.0,1,40,80,True,1.0,1.0,1.0,0.028985508110212242,0.44202898961046466,0.692028992201971,39.416666421553366,0.0,0.0,0.0,46.0,43.0,46.0,1.0,6.0,6.0,6.0,0.0,1.0,0.0,46.0,0.14285714285714285,1.0,0.26190476971013205,14624.08154296875,4632.5947265625,3446.833251953125,2909.809814453125,3446.833251953125,2909.809814453125,38.48624765872955
test,dropout030_relay_failure,no_role_pair_gate,none,no_role_pair_gate,none,1,60,no_role_pair_gate,results/intercept_3d_gate1_hardened_safety_no_role_pair_gate_5seed_fixed_update60_candidate/runs/multi_relation/bc_ppo_seed1/actor_critic_update_0060.pt,310074,74,checkpoint,100,straight,True,True,80,0.2,1.0,0.3,0,0.0,1,40,80,True,1.0,1.0,1.0,0.028985508110212242,0.44202898961046466,0.6847826161462328,35.60507248925126,0.0,0.0,0.0,46.0,43.0,46.0,1.0,6.0,6.0,6.0,0.0,1.0,0.0,46.0,0.14285714285714285,1.0,0.19047619615282332,14716.546227496603,4769.9453125,3796.79833984375,1725.9498291015625,3796.79833984375,1725.9498291015625,38.621858060359955
test,dropout030_relay_failure,no_role_pair_gate,none,no_role_pair_gate,none,1,60,no_role_pair_gate,results/intercept_3d_gate1_hardened_safety_no_role_pair_gate_5seed_fixed_update60_candidate/runs/multi_relation/bc_ppo_seed1/actor_critic_update_0060.pt,310080,80,checkpoint,100,straight,True,True,80,0.2,1.0,0.3,0,0.0,1,40,80,True,1.0,1.0,1.0,0.028985508110212242,0.44927536663801776,0.6485507329520972,37.586956409332544,0.0,0.0,0.0,46.0,43.0,46.0,1.0,6.0,6.0,6.0,0.0,1.0,0.0,46.0,0.14285714285714285,1.0,0.23809524519102915,14650.116062330164,4688.38623046875,3487.93603515625,1875.7425537109375,3487.93603515625,1875.7425537109375,38.3888643682003
test,dropout030_relay_failure,no_role_pair_gate,none,no_role_pair_gate,none,1,60,no_role_pair_gate,results/intercept_3d_gate1_hardened_safety_no_role_pair_gate_5seed_fixed_update60_candidate/runs/multi_relation/bc_ppo_seed1/actor_critic_update_0060.pt,310082,82,checkpoint,100,straight,True,True,80,0.2,1.0,0.3,0,0.0,1,40,80,True,1.0,1.0,1.0,0.028985508110212242,0.44927536663801776,0.6123188478143319,36.57246344536543,0.0,0.0,0.0,46.0,43.0,46.0,1.0,6.0,6.0,6.0,0.0,1.0,0.0,46.0,0.14285714285714285,1.0,0.14285714711461747,14701.394966457201,4885.45947265625,3933.6337890625,1964.5733642578125,3933.6337890625,1964.5733642578125,37.90411692857742
test,dropout030_relay_failure,no_role_pair_gate,none,no_role_pair_gate,none,1,60,no_role_pair_gate,results/intercept_3d_gate1_hardened_safety_no_role_pair_gate_5seed_fixed_update60_candidate/runs/multi_relation/bc_ppo_seed1/actor_critic_update_0060.pt,310087,87,checkpoint,100,straight,True,True,80,0.2,1.0,0.3,0,0.0,1,40,80,True,1.0,1.0,1.0,0.028985508110212242,0.44927536663801776,0.7065217462570771,36.45652187777602,0.0,0.0,0.0,46.0,43.0,46.0,1.0,6.0,6.0,6.0,0.0,1.0,0.0,46.0,0.14285714285714285,1.0,0.23809524519102915,14654.487548828125,4668.09033203125,3723.535888671875,2807.5185546875,3723.535888671875,2807.5185546875,38.94754567742348
test,dropout030_relay_failure,no_role_pair_gate,none,no_role_pair_gate,none,1,60,no_role_pair_gate,results/intercept_3d_gate1_hardened_safety_no_role_pair_gate_5seed_fixed_update60_candidate/runs/multi_relation/bc_ppo_seed1/actor_critic_update_0060.pt,310089,89,checkpoint,100,straight,True,True,80,0.2,1.0,0.3,0,0.0,1,40,80,True,1.0,1.0,1.0,0.028985508110212242,0.44927536663801776,0.6485507326281589,32.80072491227285,0.0,0.0,0.0,46.0,43.0,46.0,1.0,6.0,6.0,6.0,0.0,1.0,0.0,46.0,0.14285714285714285,1.0,0.21428572067192622,14646.778076171875,4679.09130859375,3767.462158203125,1685.807373046875,3767.462158203125,1685.807373046875,38.58365333080292
test,dropout030_relay_failure,no_role_pair_gate,none,no_role_pair_gate,none,1,60,no_role_pair_gate,results/intercept_3d_gate1_hardened_safety_no_role_pair_gate_5seed_fixed_update60_candidate/runs/multi_relation/bc_ppo_seed1/actor_critic_update_0060.pt,310090,90,checkpoint,100,straight,True,True,80,0.2,1.0,0.3,0,0.0,1,40,80,True,1.0,1.0,1.0,0.028985508110212242,0.44927536663801776,0.6557971112754034,40.28985496545615,0.0,0.0,0.0,46.0,43.0,46.0,1.0,6.0,6.0,6.0,0.0,1.0,0.0,46.0,0.14285714285714285,1.0,0.21428572067192622,14636.430016559103,4619.81787109375,3487.264404296875,3332.458740234375,3487.264404296875,3332.458740234375,38.34924000501633
test,dropout030_relay_failure,no_role_pair_gate,none,no_role_pair_gate,none,1,60,no_role_pair_gate,results/intercept_3d_gate1_hardened_safety_no_role_pair_gate_5seed_fixed_update60_candidate/runs/multi_relation/bc_ppo_seed1/actor_critic_update_0060.pt,310094,94,checkpoint,100,straight,True,True,80,0.2,1.0,0.3,0,0.0,1,40,80,True,1.0,1.0,1.0,0.028985508110212242,0.44927536663801776,0.6413043556006058,44.166666884785116,0.0,0.0,0.0,46.0,43.0,46.0,1.0,6.0,6.0,6.0,0.0,1.0,0.0,46.0,0.14285714285714285,1.0,0.1666666716337204,14639.202159052309,4733.46142578125,3902.82763671875,3819.37255859375,3902.82763671875,3819.37255859375,37.929344564676285
test,dropout030_relay_failure,no_role_pair_gate,none,no_role_pair_gate,none,1,60,no_role_pair_gate,results/intercept_3d_gate1_hardened_safety_no_role_pair_gate_5seed_fixed_update60_candidate/runs/multi_relation/bc_ppo_seed1/actor_critic_update_0060.pt,310086,86,checkpoint,100,straight,True,True,80,0.2,1.0,0.3,0,0.0,1,40,80,True,1.0,1.0,1.0,0.02836879517169709,0.44680851507694164,0.5531914995071736,37.85815615983719,0.0,0.0,0.0,47.0,44.0,47.0,1.0,7.0,7.0,7.0,0.0,1.0,0.0,47.0,0.125,1.0,0.1666666716337204,14494.75792677859,4450.41455078125,3447.19921875,1169.4429931640625,3447.19921875,1169.4429931640625,37.938670724630356
test,dropout030_relay_failure,no_role_pair_gate,none,no_role_pair_gate,none,1,60,no_role_pair_gate,results/intercept_3d_gate1_hardened_safety_no_role_pair_gate_5seed_fixed_update60_candidate/runs/multi_relation/bc_ppo_seed1/actor_critic_update_0060.pt,310098,98,checkpoint,100,straight,True,True,80,0.2,1.0,0.3,0,0.0,1,40,80,True,1.0,1.0,1.0,0.02836879517169709,0.4539007132357739,0.6843971682989851,38.57446808574048,0.0,0.0,0.0,47.0,44.0,47.0,1.0,7.0,7.0,7.0,0.0,1.0,0.0,47.0,0.125,1.0,0.2083333395421505,14503.864424035904,4409.505859375,3581.94677734375,2382.56982421875,3581.94677734375,2382.56982421875,39.310039937496185
test,dropout030_relay_failure,no_role_pair_gate,none,no_role_pair_gate,none,1,60,no_role_pair_gate,results/intercept_3d_gate1_hardened_safety_no_role_pair_gate_5seed_fixed_update60_candidate/runs/multi_relation/bc_ppo_seed1/actor_critic_update_0060.pt,310072,72,checkpoint,100,straight,True,True,80,0.2,1.0,0.3,0,0.0,1,40,80,True,1.0,1.0,1.0,0.027777778605620067,0.46527778171002865,0.6527777860562006,42.493055424032114,0.0,0.0,0.0,48.0,45.0,48.0,1.0,8.0,8.0,8.0,0.0,1.0,0.0,48.0,0.1111111111111111,1.0,0.2777777860562007,14334.982025146484,4228.68115234375,2977.5615234375,2865.501220703125,2977.5615234375,2865.501220703125,39.47878563404083
test,dropout030_relay_failure,no_role_pair_gate,none,no_role_pair_gate,none,1,60,no_role_pair_gate,results/intercept_3d_gate1_hardened_safety_no_role_pair_gate_5seed_fixed_update60_candidate/runs/multi_relation/bc_ppo_seed1/actor_critic_update_0060.pt,310051,51,checkpoint,100,straight,True,True,80,0.2,1.0,0.3,0,0.0,1,40,80,True,1.0,1.0,1.0,0.027210885164689044,0.46258503806834317,0.6768707563074268,37.31632643481907,0.0,0.0,0.0,49.0,46.0,49.0,1.0,9.0,9.0,9.0,0.0,1.0,0.0,49.0,0.1,1.0,0.2500000074505806,14210.167679767219,4129.54443359375,3042.53564453125,880.4664916992188,3042.53564453125,880.4664916992188,40.333939373493195
test,dropout030_relay_failure,no_role_pair_gate,none,no_role_pair_gate,none,1,60,no_role_pair_gate,results/intercept_3d_gate1_hardened_safety_no_role_pair_gate_5seed_fixed_update60_candidate/runs/multi_relation/bc_ppo_seed1/actor_critic_update_0060.pt,310050,50,checkpoint,100,straight,True,True,80,0.2,1.0,0.3,0,0.0,1,40,80,True,0.0,0.0,0.0,0.0,0.09487179632370289,0.17948718248651577,56.66089750064107,0.0,1.0,0.0,260.0,-1.0,-1.0,0.0,220.0,220.0,-1.0,0.0,0.0,1.0,-1.0,0.0,0.1458333358168602,0.1645833382382989,37849.32804048978,80528.1015625,1382.22021484375,2026.4586181640625,79553.265625,17822.765625,-36.901567567139864
test,dropout030_relay_failure,no_role_pair_gate,none,no_role_pair_gate,none,1,60,no_role_pair_gate,results/intercept_3d_gate1_hardened_safety_no_role_pair_gate_5seed_fixed_update60_candidate/runs/multi_relation/bc_ppo_seed1/actor_critic_update_0060.pt,310065,65,checkpoint,100,straight,True,True,80,0.2,1.0,0.3,0,0.0,1,40,80,True,0.0,0.0,1.0,0.003846153960778163,0.1038461555655186,0.14166666830961522,91.69999881816598,0.0,1.0,0.0,260.0,43.0,-1.0,0.0,220.0,220.0,-1.0,0.0,0.0,1.0,-1.0,0.0,0.16666666977107525,0.09166666939854622,36198.98878596379,76237.6171875,219.65658569335938,654.9994506835938,69732.359375,28681.5078125,-35.59174361824989
test,dropout030_relay_failure,no_role_pair_gate,none,no_role_pair_gate,none,1,60,no_role_pair_gate,results/intercept_3d_gate1_hardened_safety_no_role_pair_gate_5seed_fixed_update60_candidate/runs/multi_relation/bc_ppo_seed1/actor_critic_update_0060.pt,310076,76,checkpoint,100,straight,True,True,80,0.2,1.0,0.3,0,0.0,1,40,80,True,0.0,0.0,1.0,0.003846153960778163,0.10512820688577798,0.14487179689682447,75.61217947516303,0.0,1.0,0.0,260.0,42.0,-1.0,0.0,220.0,220.0,-1.0,0.0,0.0,1.0,-1.0,0.0,0.17083333656191826,0.10208333637565374,36481.915046105016,78438.4765625,490.4471130371094,343.45562744140625,70079.453125,21923.19921875,-36.05363706126809
test,dropout030_relay_failure,no_role_pair_gate,none,no_role_pair_gate,none,1,60,no_role_pair_gate,results/intercept_3d_gate1_hardened_safety_no_role_pair_gate_5seed_fixed_update60_candidate/runs/multi_relation/bc_ppo_seed1/actor_critic_update_0060.pt,310077,77,checkpoint,100,straight,True,True,80,0.2,1.0,0.3,0,0.0,1,40,80,True,0.0,0.0,0.0,0.0,0.09358974592043803,0.1371794893191411,92.13589746098106,0.0,1.0,0.0,260.0,-1.0,-1.0,0.0,220.0,220.0,-1.0,0.0,0.0,1.0,-1.0,0.0,0.15000000447034836,0.10000000298023223,36418.72804894081,76009.90625,960.6763916015625,536.556396484375,64490.24609375,25417.55078125,-38.83924585208297
test,dropout030_relay_failure,no_role_pair_gate,none,no_role_pair_gate,none,1,60,no_role_pair_gate,results/intercept_3d_gate1_hardened_safety_no_role_pair_gate_5seed_fixed_update60_candidate/runs/multi_relation/bc_ppo_seed1/actor_critic_update_0060.pt,310081,81,checkpoint,100,straight,True,True,80,0.2,1.0,0.3,0,0.0,1,40,80,True,0.0,0.0,1.0,0.0025641026405187756,0.10384615568014291,0.13717948937645325,92.69615270231779,0.0,1.0,0.0,260.0,42.0,-1.0,0.0,220.0,220.0,-1.0,0.0,0.0,1.0,-1.0,0.0,0.16666667014360428,0.09583333618938923,36176.43597130408,76028.6328125,320.4186706542969,593.4896240234375,64484.53125,26716.95703125,-36.566613122820854
test,dropout030_relay_failure,no_role_pair_gate,none,no_role_pair_gate,none,1,60,no_role_pair_gate,results/intercept_3d_gate1_hardened_safety_no_role_pair_gate_5seed_fixed_update60_candidate/runs/multi_relation/bc_ppo_seed1/actor_critic_update_0060.pt,310083,83,checkpoint,100,straight,True,True,80,0.2,1.0,0.3,0,0.0,1,40,80,True,0.0,0.0,1.0,0.0025641026405187756,0.10128205303962413,0.17564102886961055,58.4089746198402,0.0,1.0,0.0,260.0,45.0,-1.0,0.0,220.0,220.0,-1.0,0.0,0.0,1.0,-1.0,0.0,0.16250000335276127,0.16250000484287738,37036.81185772236,80795.15625,355.05645751953125,2344.509033203125,76862.3203125,21648.87890625,-35.4807543233037
test,dropout030_relay_failure,no_role_pair_gate,none,no_role_pair_gate,none,1,60,no_role_pair_gate,results/intercept_3d_gate1_hardened_safety_no_role_pair_gate_5seed_fixed_update60_candidate/runs/multi_relation/bc_ppo_seed1/actor_critic_update_0060.pt,310092,92,checkpoint,100,straight,True,True,80,0.2,1.0,0.3,0,0.0,1,40,80,True,0.0,0.0,1.0,0.0025641026405187756,0.09743589919347029,0.17243590079821072,72.14038452185117,0.0,1.0,0.0,260.0,42.0,-1.0,0.0,220.0,220.0,-1.0,0.0,0.0,1.0,-1.0,0.0,0.15416666977107524,0.13541667070239782,37362.625521146336,78189.2890625,2472.6328125,626.651611328125,69633.1171875,17560.6640625,-35.61549371993169
test,dropout030_relay_failure,no_role_pair_gate,none,no_role_pair_gate,none,1,60,no_role_pair_gate,results/intercept_3d_gate1_hardened_safety_no_role_pair_gate_5seed_fixed_update60_candidate/runs/multi_relation/bc_ppo_seed1/actor_critic_update_0060.pt,310095,95,checkpoint,100,straight,True,True,80,0.2,1.0,0.3,0,0.0,1,40,80,True,0.0,0.0,1.0,0.003846153960778163,0.1038461555655186,0.15192307950212405,75.3814098409162,0.0,1.0,0.0,260.0,42.0,-1.0,0.0,220.0,220.0,-1.0,0.0,0.0,1.0,-1.0,0.0,0.17083333656191826,0.10416666977107525,36413.51023888221,78468.4140625,674.2169799804688,231.83847045898438,69516.671875,20597.451171875,-36.04596913792193
test,dropout030_relay_failure,no_role_pair_gate,none,no_role_pair_gate,none,1,60,no_role_pair_gate,results/intercept_3d_gate1_hardened_safety_no_role_pair_gate_5seed_fixed_update60_candidate/runs/multi_relation/bc_ppo_seed1/actor_critic_update_0060.pt,310096,96,checkpoint,100,straight,True,True,80,0.2,1.0,0.3,0,0.0,1,40,80,True,0.0,0.0,0.0,0.0,0.09615384821708385,0.1858974385720033,72.79807659399052,0.0,1.0,0.0,260.0,-1.0,-1.0,0.0,220.0,220.0,-1.0,0.0,0.0,1.0,-1.0,0.0,0.14583333767950535,0.0833333358168602,35416.18240356445,78016.2578125,574.1326904296875,1091.740234375,69435.8671875,20194.9609375,-36.769928961992264
test,dropout030_relay_failure,no_role_pair_gate,none,no_role_pair_gate,none,2,60,no_role_pair_gate,results/intercept_3d_gate1_hardened_safety_no_role_pair_gate_5seed_fixed_update60_candidate/runs/multi_relation/bc_ppo_seed2/actor_critic_update_0060.pt,310001,1,checkpoint,100,straight,True,True,80,0.2,1.0,0.3,0,0.0,1,40,80,True,1.0,1.0,1.0,0.03030303120613098,0.4242424287579276,0.7272727330299941,34.03409091146155,0.0,0.0,0.0,44.0,41.0,44.0,1.0,4.0,4.0,4.0,0.0,1.0,0.0,44.0,0.2,1.0,0.1666666716337204,15090.603437943892,5568.154296875,3560.64990234375,3114.048095703125,3560.64990234375,3114.048095703125,37.40351375937462
test,dropout030_relay_failure,no_role_pair_gate,none,no_role_pair_gate,none,2,60,no_role_pair_gate,results/intercept_3d_gate1_hardened_safety_no_role_pair_gate_5seed_fixed_update60_candidate/runs/multi_relation/bc_ppo_seed2/actor_critic_update_0060.pt,310002,2,checkpoint,100,straight,True,True,80,0.2,1.0,0.3,0,0.0,1,40,80,True,1.0,1.0,1.0,0.03030303120613098,0.4166666716337204,0.6439394012770869,41.9659089744091,0.0,0.0,0.0,44.0,41.0,44.0,1.0,4.0,4.0,4.0,0.0,1.0,0.0,44.0,0.2,1.0,0.1666666716337204,15306.755814985796,6196.30078125,3678.56591796875,3843.387939453125,3678.56591796875,3843.387939453125,35.72503100335598
test,dropout030_relay_failure,no_role_pair_gate,none,no_role_pair_gate,none,2,60,no_role_pair_gate,results/intercept_3d_gate1_hardened_safety_no_role_pair_gate_5seed_fixed_update60_candidate/runs/multi_relation/bc_ppo_seed2/actor_critic_update_0060.pt,310003,3,checkpoint,100,straight,True,True,80,0.2,1.0,0.3,0,0.0,1,40,80,True,1.0,1.0,1.0,0.03030303120613098,0.41666667095639487,0.7386363704096187,42.78030268272216,0.0,0.0,0.0,44.0,41.0,44.0,1.0,4.0,4.0,4.0,0.0,1.0,0.0,44.0,0.2,1.0,0.26666667461395266,15128.839233398438,5595.56982421875,3805.0439453125,3794.2978515625,3805.0439453125,3794.2978515625,37.015867948532104
test,dropout030_relay_failure,no_role_pair_gate,none,no_role_pair_gate,none,2,60,no_role_pair_gate,results/intercept_3d_gate1_hardened_safety_no_role_pair_gate_5seed_fixed_update60_candidate/runs/multi_relation/bc_ppo_seed2/actor_critic_update_0060.pt,310004,4,checkpoint,100,straight,True,True,80,0.2,1.0,0.3,0,0.0,1,40,80,True,1.0,1.0,1.0,0.03030303120613098,0.41666667095639487,0.655303037979386,46.878787734630436,0.0,0.0,0.0,44.0,41.0,44.0,1.0,4.0,4.0,4.0,0.0,1.0,0.0,44.0,0.2,1.0,0.1666666716337204,15110.287575461647,5610.5390625,3648.9521484375,3794.2978515625,3648.9521484375,3794.2978515625,35.981649339199066
test,dropout030_relay_failure,no_role_pair_gate,none,no_role_pair_gate,none,2,60,no_role_pair_gate,results/intercept_3d_gate1_hardened_safety_no_role_pair_gate_5seed_fixed_update60_candidate/runs/multi_relation/bc_ppo_seed2/actor_critic_update_0060.pt,310005,5,checkpoint,100,straight,True,True,80,0.2,1.0,0.3,0,0.0,1,40,80,True,1.0,1.0,1.0,0.03030303120613098,0.41666667095639487,0.6666666756976735,42.92045463181355,0.0,0.0,0.0,44.0,41.0,44.0,1.0,4.0,4.0,4.0,0.0,1.0,0.0,44.0,0.2,1.0,0.3000000089406967,15161.72403231534,5806.13916015625,3589.011474609375,4046.41455078125,3589.011474609375,4046.41455078125,36.11441069841385
test,dropout030_relay_failure,no_role_pair_gate,none,no_role_pair_gate,none,2,60,no_role_pair_gate,results/intercept_3d_gate1_hardened_safety_no_role_pair_gate_5seed_fixed_update60_candidate/runs/multi_relation/bc_ppo_seed2/actor_critic_update_0060.pt,310010,10,checkpoint,100,straight,True,True,80,0.2,1.0,0.3,0,0.0,1,40,80,True,1.0,1.0,1.0,0.03030303120613098,0.41666667095639487,0.6893939463929697,44.8712122396312,0.0,0.0,0.0,44.0,41.0,44.0,1.0,4.0,4.0,4.0,0.0,1.0,0.0,44.0,0.2,1.0,0.23333334028720856,15122.644353693182,5610.921875,3741.925537109375,3505.487548828125,3741.925537109375,3505.487548828125,36.43485736846924
test,dropout030_relay_failure,no_role_pair_gate,none,no_role_pair_gate,none,2,60,no_role_pair_gate,results/intercept_3d_gate1_hardened_safety_no_role_pair_gate_5seed_fixed_update60_candidate/runs/multi_relation/bc_ppo_seed2/actor_critic_update_0060.pt,310011,11,checkpoint,100,straight,True,True,80,0.2,1.0,0.3,0,0.0,1,40,80,True,1.0,1.0,1.0,0.03030303120613098,0.4242424287579276,0.6742424324832179,39.9280303621834,0.0,0.0,0.0,44.0,41.0,44.0,1.0,4.0,4.0,4.0,0.0,1.0,0.0,44.0,0.2,1.0,0.20000000596046447,15118.51299493963,5672.99755859375,3549.775390625,4086.173095703125,3549.775390625,4086.173095703125,36.60896576941013
test,dropout030_relay_failure,no_role_pair_gate,none,no_role_pair_gate,none,2,60,no_role_pair_gate,results/intercept_3d_gate1_hardened_safety_no_role_pair_gate_5seed_fixed_update60_candidate/runs/multi_relation/bc_ppo_seed2/actor_critic_update_0060.pt,310014,14,checkpoint,100,straight,True,True,80,0.2,1.0,0.3,0,0.0,1,40,80,True,1.0,1.0,1.0,0.03030303120613098,0.41666667095639487,0.6515151590786197,39.01136360994794,0.0,0.0,0.0,44.0,41.0,44.0,1.0,4.0,4.0,4.0,0.0,1.0,0.0,44.0,0.2,1.0,0.23333334028720856,15148.042702414772,5756.447265625,3635.082763671875,3794.2978515625,3635.082763671875,3794.2978515625,36.190970331430435
test,dropout030_relay_failure,no_role_pair_gate,none,no_role_pair_gate,none,2,60,no_role_pair_gate,results/intercept_3d_gate1_hardened_safety_no_role_pair_gate_5seed_fixed_update60_candidate/runs/multi_relation/bc_ppo_seed2/actor_critic_update_0060.pt,310016,16,checkpoint,100,straight,True,True,80,0.2,1.0,0.3,0,0.0,1,40,80,True,1.0,1.0,1.0,0.03030303120613098,0.4242424287579276,0.6818181892687624,39.92803059213541,0.0,0.0,0.0,44.0,41.0,44.0,1.0,4.0,4.0,4.0,0.0,1.0,0.0,44.0,0.2,1.0,0.23333334028720856,15052.210704456676,5524.720703125,3795.550048828125,3794.2978515625,3795.550048828125,3794.2978515625,36.76123982667923
test,dropout030_relay_failure,no_role_pair_gate,none,no_role_pair_gate,none,2,60,no_role_pair_gate,results/intercept_3d_gate1_hardened_safety_no_role_pair_gate_5seed_fixed_update60_candidate/runs/multi_relation/bc_ppo_seed2/actor_critic_update_0060.pt,310017,17,checkpoint,100,straight,True,True,80,0.2,1.0,0.3,0,0.0,1,40,80,True,1.0,1.0,1.0,0.03030303120613098,0.4166666716337204,0.6401515240696344,34.11363619159568,0.0,0.0,0.0,44.0,41.0,44.0,1.0,4.0,4.0,4.0,0.0,1.0,0.0,44.0,0.2,1.0,0.23333334028720856,15156.749578302557,5643.57666015625,3364.634765625,2043.0977783203125,3364.634765625,2043.0977783203125,36.40638470649719
test,dropout030_relay_failure,no_role_pair_gate,none,no_role_pair_gate,none,2,60,no_role_pair_gate,results/intercept_3d_gate1_hardened_safety_no_role_pair_gate_5seed_fixed_update60_candidate/runs/multi_relation/bc_ppo_seed2/actor_critic_update_0060.pt,310019,19,checkpoint,100,straight,True,True,80,0.2,1.0,0.3,0,0.0,1,40,80,True,1.0,1.0,1.0,0.03030303120613098,0.41666667095639487,0.7234848558225415,36.965909178622745,0.0,0.0,0.0,44.0,41.0,44.0,1.0,4.0,4.0,4.0,0.0,1.0,0.0,44.0,0.2,1.0,0.3000000089406967,15130.37538840554,5629.22119140625,3611.236328125,3504.474609375,3611.236328125,3504.474609375,37.027119129896164
test,dropout030_relay_failure,no_role_pair_gate,none,no_role_pair_gate,none,2,60,no_role_pair_gate,results/intercept_3d_gate1_hardened_safety_no_role_pair_gate_5seed_fixed_update60_candidate/runs/multi_relation/bc_ppo_seed2/actor_critic_update_0060.pt,310024,24,checkpoint,100,straight,True,True,80,0.2,1.0,0.3,0,0.0,1,40,80,True,1.0,1.0,1.0,0.03030303120613098,0.41666667095639487,0.6931818269870498,39.03030305999246,0.0,0.0,0.0,44.0,41.0,44.0,1.0,4.0,4.0,4.0,0.0,1.0,0.0,44.0,0.2,1.0,0.23333334028720856,15122.436889648438,5635.72802734375,3575.117431640625,3504.474609375,3575.117431640625,3504.474609375,36.653929591178894
test,dropout030_relay_failure,no_role_pair_gate,none,no_role_pair_gate,none,2,60,no_role_pair_gate,results/intercept_3d_gate1_hardened_safety_no_role_pair_gate_5seed_fixed_update60_candidate/runs/multi_relation/bc_ppo_seed2/actor_critic_update_0060.pt,310026,26,checkpoint,100,straight,True,True,80,0.2,1.0,0.3,0,0.0,1,40,80,True,1.0,1.0,1.0,0.03030303120613098,0.4242424287579276,0.6590909172188152,41.05681812560017,0.0,0.0,0.0,44.0,41.0,44.0,1.0,4.0,4.0,4.0,0.0,1.0,0.0,44.0,0.2,1.0,0.20000000596046447,15104.74227627841,5641.45361328125,3540.99609375,3504.474609375,3540.99609375,3504.474609375,36.47784215211868
test,dropout030_relay_failure,no_role_pair_gate,none,no_role_pair_gate,none,2,60,no_role_pair_gate,results/intercept_3d_gate1_hardened_safety_no_role_pair_gate_5seed_fixed_update60_candidate/runs/multi_relation/bc_ppo_seed2/actor_critic_update_0060.pt,310029,29,checkpoint,100,straight,True,True,80,0.2,1.0,0.3,0,0.0,1,40,80,True,1.0,1.0,1.0,0.03030303120613098,0.40909091383218765,0.7689393989064477,37.863636163486674,0.0,0.0,0.0,44.0,41.0,44.0,1.0,4.0,4.0,4.0,0.0,1.0,0.0,44.0,0.2,1.0,0.20000000596046447,15128.018610174006,5645.09814453125,3432.965087890625,3224.170654296875,3432.965087890625,3224.170654296875,37.23382776975632
test,dropout030_relay_failure,no_role_pair_gate,none,no_role_pair_gate,none,2,60,no_role_pair_gate,results/intercept_3d_gate1_hardened_safety_no_role_pair_gate_5seed_fixed_update60_candidate/runs/multi_relation/bc_ppo_seed2/actor_critic_update_0060.pt,310031,31,checkpoint,100,straight,True,True,80,0.2,1.0,0.3,0,0.0,1,40,80,True,1.0,1.0,1.0,0.03030303120613098,0.41666667095639487,0.6818181916394017,40.93939393961971,0.0,0.0,0.0,44.0,41.0,44.0,1.0,4.0,4.0,4.0,0.0,1.0,0.0,44.0,0.2,1.0,0.3333333432674408,15111.148370916193,5616.34521484375,3614.4814453125,3793.4365234375,3614.4814453125,3793.4365234375,36.478097438812256
test,dropout030_relay_failure,no_role_pair_gate,none,no_role_pair_gate,none,2,60,no_role_pair_gate,results/intercept_3d_gate1_hardened_safety_no_role_pair_gate_5seed_fixed_update60_candidate/runs/multi_relation/bc_ppo_seed2/actor_critic_update_0060.pt,310034,34,checkpoint,100,straight,True,True,80,0.2,1.0,0.3,0,0.0,1,40,80,True,1.0,1.0,1.0,0.03030303120613098,0.4242424287579276,0.6893939463929697,36.022726987573236,0.0,0.0,0.0,44.0,41.0,44.0,1.0,4.0,4.0,4.0,0.0,1.0,0.0,44.0,0.2,1.0,0.20000000596046447,15088.743785511364,5589.08740234375,3581.69287109375,3504.474609375,3581.69287109375,3504.474609375,36.973738104104996
test,dropout030_relay_failure,no_role_pair_gate,none,no_role_pair_gate,none,2,60,no_role_pair_gate,results/intercept_3d_gate1_hardened_safety_no_role_pair_gate_5seed_fixed_update60_candidate/runs/multi_relation/bc_ppo_seed2/actor_critic_update_0060.pt,310036,36,checkpoint,100,straight,True,True,80,0.2,1.0,0.3,0,0.0,1,40,80,True,1.0,1.0,1.0,0.03030303120613098,0.4242424287579276,0.7121212181042541,39.015151202001356,0.0,0.0,0.0,44.0,41.0,44.0,1.0,4.0,4.0,4.0,0.0,1.0,0.0,44.0,0.2,1.0,0.26666667461395266,15102.346257990057,5651.880859375,3614.773193359375,3800.290283203125,3614.773193359375,3800.290283203125,36.97028201818466
test,dropout030_relay_failure,no_role_pair_gate,none,no_role_pair_gate,none,2,60,no_role_pair_gate,results/intercept_3d_gate1_hardened_safety_no_role_pair_gate_5seed_fixed_update60_candidate/runs/multi_relation/bc_ppo_seed2/actor_critic_update_0060.pt,310038,38,checkpoint,100,straight,True,True,80,0.2,1.0,0.3,0,0.0,1,40,80,True,1.0,1.0,1.0,0.03030303120613098,0.4242424287579276,0.6893939460543069,41.01136372475462,0.0,0.0,0.0,44.0,41.0,44.0,1.0,4.0,4.0,4.0,0.0,1.0,0.0,44.0,0.2,1.0,0.23333334028720856,15092.470714222301,5597.021484375,3732.2265625,4005.11474609375,3732.2265625,4005.11474609375,36.74751299619675
test,dropout030_relay_failure,no_role_pair_gate,none,no_role_pair_gate,none,2,60,no_role_pair_gate,results/intercept_3d_gate1_hardened_safety_no_role_pair_gate_5seed_fixed_update60_candidate/runs/multi_relation/bc_ppo_seed2/actor_critic_update_0060.pt,310040,40,checkpoint,100,straight,True,True,80,0.2,1.0,0.3,0,0.0,1,40,80,True,1.0,1.0,1.0,0.03030303120613098,0.41666667095639487,0.7500000084665689,44.81439370797439,0.0,0.0,0.0,44.0,41.0,44.0,1.0,4.0,4.0,4.0,0.0,1.0,0.0,44.0,0.2,1.0,0.23333334028720856,15110.270452325994,5605.64697265625,3570.148681640625,3504.474609375,3570.148681640625,3504.474609375,36.995441764593124
test,dropout030_relay_failure,no_role_pair_gate,none,no_role_pair_gate,none,2,60,no_role_pair_gate,results/intercept_3d_gate1_hardened_safety_no_role_pair_gate_5seed_fixed_update60_candidate/runs/multi_relation/bc_ppo_seed2/actor_critic_update_0060.pt,310041,41,checkpoint,100,straight,True,True,80,0.2,1.0,0.3,0,0.0,1,40,80,True,1.0,1.0,1.0,0.03030303120613098,0.4242424287579276,0.6628787937489423,33.14015142958272,0.0,0.0,0.0,44.0,41.0,44.0,1.0,4.0,4.0,4.0,0.0,1.0,0.0,44.0,0.2,1.0,0.23333334028720856,15063.730934836647,5466.74462890625,3671.901123046875,2105.553466796875,3671.901123046875,2105.553466796875,36.94288718700409
test,dropout030_relay_failure,no_role_pair_gate,none,no_role_pair_gate,none,2,60,no_role_pair_gate,results/intercept_3d_gate1_hardened_safety_no_role_pair_gate_5seed_fixed_update60_candidate/runs/multi_relation/bc_ppo_seed2/actor_critic_update_0060.pt,310042,42,checkpoint,100,straight,True,True,80,0.2,1.0,0.3,0,0.0,1,40,80,True,1.0,1.0,1.0,0.03030303120613098,0.4242424287579276,0.6818181899460879,39.96212132308971,0.0,0.0,0.0,44.0,41.0,44.0,1.0,4.0,4.0,4.0,0.0,1.0,0.0,44.0,0.2,1.0,0.23333334028720856,15111.068204012785,5661.86083984375,3550.83984375,3950.165771484375,3550.83984375,3950.165771484375,36.671475633978844
test,dropout030_relay_failure,no_role_pair_gate,none,no_role_pair_gate,none,2,60,no_role_pair_gate,results/intercept_3d_gate1_hardened_safety_no_role_pair_gate_5seed_fixed_update60_candidate/runs/multi_relation/bc_ppo_seed2/actor_critic_update_0060.pt,310044,44,checkpoint,100,straight,True,True,80,0.2,1.0,0.3,0,0.0,1,40,80,True,1.0,1.0,1.0,0.03030303120613098,0.4242424287579276,0.6590909162028269,43.890151688998394,0.0,0.0,0.0,44.0,41.0,44.0,1.0,4.0,4.0,4.0,0.0,1.0,0.0,44.0,0.2,1.0,0.20000000596046447,15071.826116388494,5600.08544921875,3716.58544921875,4034.6572265625,3716.58544921875,4034.6572265625,36.415896356105804
test,dropout030_relay_failure,no_role_pair_gate,none,no_role_pair_gate,none,2,60,no_role_pair_gate,results/intercept_3d_gate1_hardened_safety_no_role_pair_gate_5seed_fixed_update60_candidate/runs/multi_relation/bc_ppo_seed2/actor_critic_update_0060.pt,310048,48,checkpoint,100,straight,True,True,80,0.2,1.0,0.3,0,0.0,1,40,80,True,1.0,1.0,1.0,0.03030303120613098,0.41666667095639487,0.659090917557478,42.91666658798402,0.0,0.0,0.0,44.0,41.0,44.0,1.0,4.0,4.0,4.0,0.0,1.0,0.0,44.0,0.2,1.0,0.20000000596046447,15154.328735351562,5757.58837890625,3612.02099609375,4047.10986328125,3612.02099609375,4047.10986328125,36.09262329339981
test,dropout030_relay_failure,no_role_pair_gate,none,no_role_pair_gate,none,2,60,no_role_pair_gate,results/intercept_3d_gate1_hardened_safety_no_role_pair_gate_5seed_fixed_update60_candidate/runs/multi_relation/bc_ppo_seed2/actor_critic_update_0060.pt,310049,49,checkpoint,100,straight,True,True,80,0.2,1.0,0.3,0,0.0,1,40,80,True,1.0,1.0,1.0,0.03030303120613098,0.4242424287579276,0.6212121305817907,42.95833341845057,0.0,0.0,0.0,44.0,41.0,44.0,1.0,4.0,4.0,4.0,0.0,1.0,0.0,44.0,0.2,1.0,0.23333334028720856,15090.773326526989,5587.75341796875,3767.90087890625,3990.593994140625,3767.90087890625,3990.593994140625,36.0650475025177
test,dropout030_relay_failure,no_role_pair_gate,none,no_role_pair_gate,none,2,60,no_role_pair_gate,results/intercept_3d_gate1_hardened_safety_no_role_pair_gate_5seed_fixed_update60_candidate/runs/multi_relation/bc_ppo_seed2/actor_critic_update_0060.pt,310000,0,checkpoint,100,straight,True,True,80,0.2,1.0,0.3,0,0.0,1,40,80,True,1.0,1.0,1.0,0.029629630512661403,0.4370370414521959,0.6592592673169242,38.20740760432349,0.0,0.0,0.0,45.0,42.0,45.0,1.0,5.0,5.0,5.0,0.0,1.0,0.0,45.0,0.16666666666666666,1.0,0.22222222884496054,14810.623980034723,5014.38330078125,3396.771484375,3464.585693359375,3396.771484375,3464.585693359375,37.546491622924805
test,dropout030_relay_failure,no_role_pair_gate,none,no_role_pair_gate,none,2,60,no_role_pair_gate,results/intercept_3d_gate1_hardened_safety_no_role_pair_gate_5seed_fixed_update60_candidate/runs/multi_relation/bc_ppo_seed2/actor_critic_update_0060.pt,310006,6,checkpoint,100,straight,True,True,80,0.2,1.0,0.3,0,0.0,1,40,80,True,1.0,1.0,1.0,0.029629630512661403,0.4370370414521959,0.6518518600198958,37.22962968846162,0.0,0.0,0.0,45.0,42.0,45.0,1.0,5.0,5.0,5.0,0.0,1.0,0.0,45.0,0.16666666666666666,1.0,0.19444445023934046,14833.11525607639,5031.5185546875,3462.096435546875,3464.585693359375,3462.096435546875,3464.585693359375,37.53349819779396
test,dropout030_relay_failure,no_role_pair_gate,none,no_role_pair_gate,none,2,60,no_role_pair_gate,results/intercept_3d_gate1_hardened_safety_no_role_pair_gate_5seed_fixed_update60_candidate/runs/multi_relation/bc_ppo_seed2/actor_critic_update_0060.pt,310020,20,checkpoint,100,straight,True,True,80,0.2,1.0,0.3,0,0.0,1,40,80,True,1.0,1.0,1.0,0.029629630512661403,0.4370370414521959,0.6851851916975445,37.29999978178077,0.0,0.0,0.0,45.0,42.0,45.0,1.0,5.0,5.0,5.0,0.0,1.0,0.0,45.0,0.16666666666666666,1.0,0.22222222884496054,14833.229709201389,5049.458984375,3534.443359375,3464.585693359375,3534.443359375,3464.585693359375,37.88238060474396
test,dropout030_relay_failure,no_role_pair_gate,none,no_role_pair_gate,none,2,60,no_role_pair_gate,results/intercept_3d_gate1_hardened_safety_no_role_pair_gate_5seed_fixed_update60_candidate/runs/multi_relation/bc_ppo_seed2/actor_critic_update_0060.pt,310021,21,checkpoint,100,straight,True,True,80,0.2,1.0,0.3,0,0.0,1,40,80,True,1.0,1.0,1.0,0.029629630512661403,0.4296296338240306,0.7111111160781648,41.999999552965164,0.0,0.0,0.0,45.0,42.0,45.0,1.0,5.0,5.0,5.0,0.0,1.0,0.0,45.0,0.16666666666666666,1.0,0.2777777860562007,14828.478993055556,5079.14404296875,3747.810791015625,3940.725830078125,3747.810791015625,3940.725830078125,37.670076072216034
test,dropout030_relay_failure,no_role_pair_gate,none,no_role_pair_gate,none,2,60,no_role_pair_gate,results/intercept_3d_gate1_hardened_safety_no_role_pair_gate_5seed_fixed_update60_candidate/runs/multi_relation/bc_ppo_seed2/actor_critic_update_0060.pt,310022,22,checkpoint,100,straight,True,True,80,0.2,1.0,0.3,0,0.0,1,40,80,True,1.0,1.0,1.0,0.029629630512661403,0.4370370414521959,0.6222222328186036,39.26666688786612,0.0,0.0,0.0,45.0,42.0,45.0,1.0,5.0,5.0,5.0,0.0,1.0,0.0,45.0,0.16666666666666666,1.0,0.2777777860562007,14818.158441840278,5070.60986328125,3535.65478515625,3582.496826171875,3535.65478515625,3582.496826171875,37.12527135014534
test,dropout030_relay_failure,no_role_pair_gate,none,no_role_pair_gate,none,2,60,no_role_pair_gate,results/intercept_3d_gate1_hardened_safety_no_role_pair_gate_5seed_fixed_update60_candidate/runs/multi_relation/bc_ppo_seed2/actor_critic_update_0060.pt,310025,25,checkpoint,100,straight,True,True,80,0.2,1.0,0.3,0,0.0,1,40,80,True,1.0,1.0,1.0,0.029629630512661403,0.4370370414521959,0.674074082242118,40.177777619494336,0.0,0.0,0.0,45.0,42.0,45.0,1.0,5.0,5.0,5.0,0.0,1.0,0.0,45.0,0.16666666666666666,1.0,0.2500000074505806,14819.361360677083,5041.68603515625,3844.009765625,3736.3515625,3844.009765625,3736.3515625,37.69454264640808
test,dropout030_relay_failure,no_role_pair_gate,none,no_role_pair_gate,none,2,60,no_role_pair_gate,results/intercept_3d_gate1_hardened_safety_no_role_pair_gate_5seed_fixed_update60_candidate/runs/multi_relation/bc_ppo_seed2/actor_critic_update_0060.pt,310028,28,checkpoint,100,straight,True,True,80,0.2,1.0,0.3,0,0.0,1,40,80,True,1.0,1.0,1.0,0.029629630512661403,0.4370370414521959,0.7333333399560716,35.27037009497484,0.0,0.0,0.0,45.0,42.0,45.0,1.0,5.0,5.0,5.0,0.0,1.0,0.0,45.0,0.16666666666666666,1.0,0.2500000074505806,14822.418760850695,5015.7041015625,3507.628173828125,3187.5703125,3507.628173828125,3187.5703125,38.43381482362747
test,dropout030_relay_failure,no_role_pair_gate,none,no_role_pair_gate,none,2,60,no_role_pair_gate,results/intercept_3d_gate1_hardened_safety_no_role_pair_gate_5seed_fixed_update60_candidate/runs/multi_relation/bc_ppo_seed2/actor_critic_update_0060.pt,310032,32,checkpoint,100,straight,True,True,80,0.2,1.0,0.3,0,0.0,1,40,80,True,1.0,1.0,1.0,0.029629630512661403,0.4370370414521959,0.6666666779253217,46.818518684638875,0.0,0.0,0.0,45.0,42.0,45.0,1.0,5.0,5.0,5.0,0.0,1.0,0.0,45.0,0.16666666666666666,1.0,0.22222222884496054,14835.144379340278,5102.14697265625,3841.303466796875,4062.75927734375,3841.303466796875,4062.75927734375,37.32121619582176
test,dropout030_relay_failure,no_role_pair_gate,none,no_role_pair_gate,none,2,60,no_role_pair_gate,results/intercept_3d_gate1_hardened_safety_no_role_pair_gate_5seed_fixed_update60_candidate/runs/multi_relation/bc_ppo_seed2/actor_critic_update_0060.pt,310035,35,checkpoint,100,straight,True,True,80,0.2,1.0,0.3,0,0.0,1,40,80,True,1.0,1.0,1.0,0.029629630512661403,0.4370370414521959,0.6888888945182164,37.19999985297521,0.0,0.0,0.0,45.0,42.0,45.0,1.0,5.0,5.0,5.0,0.0,1.0,0.0,45.0,0.16666666666666666,1.0,0.2777777860562007,14814.99169921875,5032.34033203125,3374.207275390625,3759.157470703125,3374.207275390625,3759.157470703125,37.89338856935501
test,dropout030_relay_failure,no_role_pair_gate,none,no_role_pair_gate,none,2,60,no_role_pair_gate,results/intercept_3d_gate1_hardened_safety_no_role_pair_gate_5seed_fixed_update60_candidate/runs/multi_relation/bc_ppo_seed2/actor_critic_update_0060.pt,310039,39,checkpoint,100,straight,True,True,80,0.2,1.0,0.3,0,0.0,1,40,80,True,1.0,1.0,1.0,0.029629630512661403,0.4370370414521959,0.7407407455974155,35.26666638453801,0.0,0.0,0.0,45.0,42.0,45.0,1.0,5.0,5.0,5.0,0.0,1.0,0.0,45.0,0.16666666666666666,1.0,0.2500000074505806,14817.205110677083,5027.48681640625,3453.42138671875,3464.585693359375,3453.42138671875,3464.585693359375,38.40994471311569
test,dropout030_relay_failure,no_role_pair_gate,none,no_role_pair_gate,none,2,60,no_role_pair_gate,results/intercept_3d_gate1_hardened_safety_no_role_pair_gate_5seed_fixed_update60_candidate/runs/multi_relation/bc_ppo_seed2/actor_critic_update_0060.pt,310045,45,checkpoint,100,straight,True,True,80,0.2,1.0,0.3,0,0.0,1,40,80,True,1.0,1.0,1.0,0.029629630512661403,0.4370370414521959,0.6703703780968984,39.162963297963145,0.0,0.0,0.0,45.0,42.0,45.0,1.0,5.0,5.0,5.0,0.0,1.0,0.0,45.0,0.16666666666666666,1.0,0.22222222884496054,14816.06144748264,5004.14404296875,3544.9521484375,2921.251953125,3544.9521484375,2921.251953125,37.7053048312664
test,dropout030_relay_failure,no_role_pair_gate,none,no_role_pair_gate,none,2,60,no_role_pair_gate,results/intercept_3d_gate1_hardened_safety_no_role_pair_gate_5seed_fixed_update60_candidate/runs/multi_relation/bc_ppo_seed2/actor_critic_update_0060.pt,310046,46,checkpoint,100,straight,True,True,80,0.2,1.0,0.3,0,0.0,1,40,80,True,1.0,1.0,1.0,0.029629630512661403,0.4370370414521959,0.637037044763565,43.01481481624974,0.0,0.0,0.0,45.0,42.0,45.0,1.0,5.0,5.0,5.0,0.0,1.0,0.0,45.0,0.16666666666666666,1.0,0.2500000074505806,14818.79445529514,5030.07958984375,3471.22265625,3758.22265625,3471.22265625,3758.22265625,37.204382598400116
test,dropout030_relay_failure,no_role_pair_gate,none,no_role_pair_gate,none,2,60,no_role_pair_gate,results/intercept_3d_gate1_hardened_safety_no_role_pair_gate_5seed_fixed_update60_candidate/runs/multi_relation/bc_ppo_seed2/actor_critic_update_0060.pt,310008,8,checkpoint,100,straight,True,True,80,0.2,1.0,0.3,0,0.0,1,40,80,True,1.0,1.0,1.0,0.028985508110212242,0.44927536663801776,0.6739130499570266,38.41666689644689,0.0,0.0,0.0,46.0,43.0,46.0,1.0,6.0,6.0,6.0,0.0,1.0,0.0,46.0,0.14285714285714285,1.0,0.1666666716337204,14629.992728855299,4641.2578125,3466.138671875,3664.896240234375,3466.138671875,3664.896240234375,38.59075486660004
test,dropout030_relay_failure,no_role_pair_gate,none,no_role_pair_gate,none,2,60,no_role_pair_gate,results/intercept_3d_gate1_hardened_safety_no_role_pair_gate_5seed_fixed_update60_candidate/runs/multi_relation/bc_ppo_seed2/actor_critic_update_0060.pt,310009,9,checkpoint,100,straight,True,True,80,0.2,1.0,0.3,0,0.0,1,40,80,True,1.0,1.0,1.0,0.028985508110212242,0.44927536663801776,0.6014492825969405,42.311594473279044,0.0,0.0,0.0,46.0,43.0,46.0,1.0,6.0,6.0,6.0,0.0,1.0,0.0,46.0,0.14285714285714285,1.0,0.23809524519102915,14662.306852921196,4673.16943359375,3609.76513671875,3591.16552734375,3609.76513671875,3591.16552734375,37.77243331074715
test,dropout030_relay_failure,no_role_pair_gate,none,no_role_pair_gate,none,2,60,no_role_pair_gate,results/intercept_3d_gate1_hardened_safety_no_role_pair_gate_5seed_fixed_update60_candidate/runs/multi_relation/bc_ppo_seed2/actor_critic_update_0060.pt,310012,12,checkpoint,100,straight,True,True,80,0.2,1.0,0.3,0,0.0,1,40,80,True,1.0,1.0,1.0,0.028985508110212242,0.44927536663801776,0.644927544762259,36.539855136819504,0.0,0.0,0.0,46.0,43.0,46.0,1.0,6.0,6.0,6.0,0.0,1.0,0.0,46.0,0.14285714285714285,1.0,0.19047619615282332,14643.579908288044,4655.39111328125,3682.56005859375,3426.375,3682.56005859375,3426.375,38.49920275807381
test,dropout030_relay_failure,no_role_pair_gate,none,no_role_pair_gate,none,2,60,no_role_pair_gate,results/intercept_3d_gate1_hardened_safety_no_role_pair_gate_5seed_fixed_update60_candidate/runs/multi_relation/bc_ppo_seed2/actor_critic_update_0060.pt,310013,13,checkpoint,100,straight,True,True,80,0.2,1.0,0.3,0,0.0,1,40,80,True,1.0,1.0,1.0,0.028985508110212242,0.44927536663801776,0.6630434892747713,39.56159442566011,0.0,0.0,0.0,46.0,43.0,46.0,1.0,6.0,6.0,6.0,0.0,1.0,0.0,46.0,0.14285714285714285,1.0,0.26190476971013205,14601.507154381794,4610.20068359375,3465.820068359375,3627.38427734375,3465.820068359375,3627.38427734375,38.428289115428925
test,dropout030_relay_failure,no_role_pair_gate,none,no_role_pair_gate,none,2,60,no_role_pair_gate,results/intercept_3d_gate1_hardened_safety_no_role_pair_gate_5seed_fixed_update60_candidate/runs/multi_relation/bc_ppo_seed2/actor_critic_update_0060.pt,310018,18,checkpoint,100,straight,True,True,80,0.2,1.0,0.3,0,0.0,1,40,80,True,1.0,1.0,1.0,0.028985508110212242,0.44927536663801776,0.6521739221137502,36.57608723608048,0.0,0.0,0.0,46.0,43.0,46.0,1.0,6.0,6.0,6.0,0.0,1.0,0.0,46.0,0.14285714285714285,1.0,0.28571429422923494,14621.437829059103,4658.39697265625,3616.167236328125,3251.04931640625,3616.167236328125,3251.04931640625,38.440654173493385
test,dropout030_relay_failure,no_role_pair_gate,none,no_role_pair_gate,none,2,60,no_role_pair_gate,results/intercept_3d_gate1_hardened_safety_no_role_pair_gate_5seed_fixed_update60_candidate/runs/multi_relation/bc_ppo_seed2/actor_critic_update_0060.pt,310023,23,checkpoint,100,straight,True,True,80,0.2,1.0,0.3,0,0.0,1,40,80,True,1.0,1.0,1.0,0.028985508110212242,0.44927536663801776,0.6702898630629415,33.739130352502286,0.0,0.0,0.0,46.0,43.0,46.0,1.0,6.0,6.0,6.0,0.0,1.0,0.0,46.0,0.14285714285714285,1.0,0.21428572067192622,14619.807712720789,4638.32861328125,3712.3349609375,3428.39404296875,3712.3349609375,3428.39404296875,38.760128170251846
test,dropout030_relay_failure,no_role_pair_gate,none,no_role_pair_gate,none,2,60,no_role_pair_gate,results/intercept_3d_gate1_hardened_safety_no_role_pair_gate_5seed_fixed_update60_candidate/runs/multi_relation/bc_ppo_seed2/actor_critic_update_0060.pt,310027,27,checkpoint,100,straight,True,True,80,0.2,1.0,0.3,0,0.0,1,40,80,True,1.0,1.0,1.0,0.028985508110212242,0.44927536663801776,0.6594202984934268,37.626811619038165,0.0,0.0,0.0,46.0,43.0,46.0,1.0,6.0,6.0,6.0,0.0,1.0,0.0,46.0,0.14285714285714285,1.0,0.21428572067192622,14604.061597741169,4612.14208984375,3493.714111328125,3674.00146484375,3493.714111328125,3674.00146484375,38.48286259174347
test,dropout030_relay_failure,no_role_pair_gate,none,no_role_pair_gate,none,2,60,no_role_pair_gate,results/intercept_3d_gate1_hardened_safety_no_role_pair_gate_5seed_fixed_update60_candidate/runs/multi_relation/bc_ppo_seed2/actor_critic_update_0060.pt,310030,30,checkpoint,100,straight,True,True,80,0.2,1.0,0.3,0,0.0,1,40,80,True,1.0,1.0,1.0,0.028985508110212242,0.44927536663801776,0.684782616470171,34.594203178649366,0.0,0.0,0.0,46.0,43.0,46.0,1.0,6.0,6.0,6.0,0.0,1.0,0.0,46.0,0.14285714285714285,1.0,0.21428572067192622,14641.253195057745,4640.09033203125,3525.083984375,3145.315673828125,3525.083984375,3145.315673828125,38.87336978316307
test,dropout030_relay_failure,no_role_pair_gate,none,no_role_pair_gate,none,2,60,no_role_pair_gate,results/intercept_3d_gate1_hardened_safety_no_role_pair_gate_5seed_fixed_update60_candidate/runs/multi_relation/bc_ppo_seed2/actor_critic_update_0060.pt,310033,33,checkpoint,100,straight,True,True,80,0.2,1.0,0.3,0,0.0,1,40,80,True,1.0,1.0,1.0,0.028985508110212242,0.44202898961046466,0.644927544762259,43.224637685262636,0.0,0.0,0.0,46.0,43.0,46.0,1.0,6.0,6.0,6.0,0.0,1.0,0.0,46.0,0.14285714285714285,1.0,0.23809524519102915,14674.627069887907,4739.11376953125,3900.646484375,4033.084228515625,3900.646484375,4033.084228515625,38.051562041044235
test,dropout030_relay_failure,no_role_pair_gate,none,no_role_pair_gate,none,2,60,no_role_pair_gate,results/intercept_3d_gate1_hardened_safety_no_role_pair_gate_5seed_fixed_update60_candidate/runs/multi_relation/bc_ppo_seed2/actor_critic_update_0060.pt,310037,37,checkpoint,100,straight,True,True,80,0.2,1.0,0.3,0,0.0,1,40,80,True,1.0,1.0,1.0,0.028985508110212242,0.44927536663801776,0.692028992201971,40.28623166162035,0.0,0.0,0.0,46.0,43.0,46.0,1.0,6.0,6.0,6.0,0.0,1.0,0.0,46.0,0.14285714285714285,1.0,0.23809524519102915,14635.679793648098,4722.708984375,3863.470947265625,3751.9169921875,3863.470947265625,3751.9169921875,38.58177736401558
test,dropout030_relay_failure,no_role_pair_gate,none,no_role_pair_gate,none,2,60,no_role_pair_gate,results/intercept_3d_gate1_hardened_safety_no_role_pair_gate_5seed_fixed_update60_candidate/runs/multi_relation/bc_ppo_seed2/actor_critic_update_0060.pt,310043,43,checkpoint,100,straight,True,True,80,0.2,1.0,0.3,0,0.0,1,40,80,True,1.0,1.0,1.0,0.028985508110212242,0.44927536663801776,0.6739130499570266,39.36594219440999,0.0,0.0,0.0,46.0,43.0,46.0,1.0,6.0,6.0,6.0,0.0,1.0,0.0,46.0,0.14285714285714285,1.0,0.1666666716337204,14605.649116847826,4628.34765625,3539.051513671875,3640.389892578125,3539.051513671875,3640.389892578125,38.572478890419006
test,dropout030_relay_failure,no_role_pair_gate,none,no_role_pair_gate,none,2,60,no_role_pair_gate,results/intercept_3d_gate1_hardened_safety_no_role_pair_gate_5seed_fixed_update60_candidate/runs/multi_relation/bc_ppo_seed2/actor_critic_update_0060.pt,310047,47,checkpoint,100,straight,True,True,80,0.2,1.0,0.3,0,0.0,1,40,80,True,1.0,1.0,1.0,0.028985508110212242,0.44202898961046466,0.6847826158222945,39.32608717841946,0.0,0.0,0.0,46.0,43.0,46.0,1.0,6.0,6.0,6.0,0.0,1.0,0.0,46.0,0.14285714285714285,1.0,0.23809524519102915,14662.35597826087,4693.60400390625,3725.962890625,3860.52685546875,3725.962890625,3860.52685546875,38.5473316013813
test,dropout030_relay_failure,no_role_pair_gate,none,no_role_pair_gate,none,2,60,no_role_pair_gate,results/intercept_3d_gate1_hardened_safety_no_role_pair_gate_5seed_fixed_update60_candidate/runs/multi_relation/bc_ppo_seed2/actor_critic_update_0060.pt,310007,7,checkpoint,100,straight,True,True,80,0.2,1.0,0.3,0,0.0,1,40,80,True,1.0,1.0,1.0,0.02836879517169709,0.4539007132357739,0.6560283756636559,36.8333330740954,0.0,0.0,0.0,47.0,44.0,47.0,1.0,7.0,7.0,7.0,0.0,1.0,0.0,47.0,0.125,1.0,0.27083334140479565,14494.178607047872,4457.53466796875,3583.671630859375,2582.680419921875,3583.671630859375,2582.680419921875,39.09837344288826
test,dropout030_relay_failure,no_role_pair_gate,none,no_role_pair_gate,none,2,60,no_role_pair_gate,results/intercept_3d_gate1_hardened_safety_no_role_pair_gate_5seed_fixed_update60_candidate/runs/multi_relation/bc_ppo_seed2/actor_critic_update_0060.pt,310015,15,checkpoint,100,straight,True,True,80,0.2,1.0,0.3,0,0.0,1,40,80,True,1.0,1.0,1.0,0.027777778605620067,0.45833333767950535,0.6284722291554014,37.08333321971198,0.0,0.0,0.0,48.0,45.0,48.0,1.0,8.0,8.0,8.0,0.0,1.0,0.0,48.0,0.1111111111111111,1.0,0.24074074791537392,14321.83583577474,4096.13525390625,2602.238525390625,3253.43212890625,2602.238525390625,3253.43212890625,39.47735208272934
test,dropout030_relay_failure,no_role_pair_gate,none,no_role_pair_gate,none,2,60,no_role_pair_gate,results/intercept_3d_gate1_hardened_safety_no_role_pair_gate_5seed_fixed_update60_candidate/runs/multi_relation/bc_ppo_seed2/actor_critic_update_0060.pt,310053,53,checkpoint,100,straight,True,True,80,0.2,1.0,0.3,0,0.0,1,40,80,True,1.0,1.0,1.0,0.03030303120613098,0.4242424287579276,0.7500000060959295,40.833333189853214,0.0,0.0,0.0,44.0,41.0,44.0,1.0,4.0,4.0,4.0,0.0,1.0,0.0,44.0,0.2,1.0,0.26666667461395266,15070.30615234375,5534.88818359375,3703.312255859375,3794.2978515625,3703.312255859375,3794.2978515625,37.413129925727844
test,dropout030_relay_failure,no_role_pair_gate,none,no_role_pair_gate,none,2,60,no_role_pair_gate,results/intercept_3d_gate1_hardened_safety_no_role_pair_gate_5seed_fixed_update60_candidate/runs/multi_relation/bc_ppo_seed2/actor_critic_update_0060.pt,310059,59,checkpoint,100,straight,True,True,80,0.2,1.0,0.3,0,0.0,1,40,80,True,1.0,1.0,1.0,0.03030303120613098,0.41666667095639487,0.678030310367996,42.95454542982307,0.0,0.0,0.0,44.0,41.0,44.0,1.0,4.0,4.0,4.0,0.0,1.0,0.0,44.0,0.2,1.0,0.3000000089406967,15132.879361239347,5760.28466796875,3717.160400390625,3811.59375,3717.160400390625,3811.59375,36.23576879501343
test,dropout030_relay_failure,no_role_pair_gate,none,no_role_pair_gate,none,2,60,no_role_pair_gate,results/intercept_3d_gate1_hardened_safety_no_role_pair_gate_5seed_fixed_update60_candidate/runs/multi_relation/bc_ppo_seed2/actor_critic_update_0060.pt,310066,66,checkpoint,100,straight,True,True,80,0.2,1.0,0.3,0,0.0,1,40,80,True,1.0,1.0,1.0,0.03030303120613098,0.4242424287579276,0.6477272815325044,42.931818242777474,0.0,0.0,0.0,44.0,41.0,44.0,1.0,4.0,4.0,4.0,0.0,1.0,0.0,44.0,0.2,1.0,0.3000000089406967,15106.75204190341,5710.82373046875,3680.60595703125,3944.37548828125,3680.60595703125,3944.37548828125,36.237097799777985
test,dropout030_relay_failure,no_role_pair_gate,none,no_role_pair_gate,none,2,60,no_role_pair_gate,results/intercept_3d_gate1_hardened_safety_no_role_pair_gate_5seed_fixed_update60_candidate/runs/multi_relation/bc_ppo_seed2/actor_critic_update_0060.pt,310069,69,checkpoint,100,straight,True,True,80,0.2,1.0,0.3,0,0.0,1,40,80,True,1.0,1.0,1.0,0.03030303120613098,0.4242424287579276,0.6969697065651417,36.06060611896894,0.0,0.0,0.0,44.0,41.0,44.0,1.0,4.0,4.0,4.0,0.0,1.0,0.0,44.0,0.2,1.0,0.26666667461395266,15092.887007279829,5512.14111328125,3793.03271484375,3504.474609375,3793.03271484375,3504.474609375,37.116155594587326
test,dropout030_relay_failure,no_role_pair_gate,none,no_role_pair_gate,none,2,60,no_role_pair_gate,results/intercept_3d_gate1_hardened_safety_no_role_pair_gate_5seed_fixed_update60_candidate/runs/multi_relation/bc_ppo_seed2/actor_critic_update_0060.pt,310070,70,checkpoint,100,straight,True,True,80,0.2,1.0,0.3,0,0.0,1,40,80,True,1.0,1.0,1.0,0.03030303120613098,0.4242424287579276,0.6780303120613098,36.98106078058481,0.0,0.0,0.0,44.0,41.0,44.0,1.0,4.0,4.0,4.0,0.0,1.0,0.0,44.0,0.2,1.0,0.20000000596046447,15084.846324573864,5599.85595703125,3639.65869140625,3504.474609375,3639.65869140625,3504.474609375,36.848901987075806
test,dropout030_relay_failure,no_role_pair_gate,none,no_role_pair_gate,none,2,60,no_role_pair_gate,results/intercept_3d_gate1_hardened_safety_no_role_pair_gate_5seed_fixed_update60_candidate/runs/multi_relation/bc_ppo_seed2/actor_critic_update_0060.pt,310076,76,checkpoint,100,straight,True,True,80,0.2,1.0,0.3,0,0.0,1,40,80,True,1.0,1.0,1.0,0.03030303120613098,0.4242424287579276,0.6553030362860723,39.018939255990766,0.0,0.0,0.0,44.0,41.0,44.0,1.0,4.0,4.0,4.0,0.0,1.0,0.0,44.0,0.2,1.0,0.3000000089406967,15058.562522194603,5475.64501953125,3809.95361328125,3505.9892578125,3809.95361328125,3505.9892578125,36.61982014775276
test,dropout030_relay_failure,no_role_pair_gate,none,no_role_pair_gate,none,2,60,no_role_pair_gate,results/intercept_3d_gate1_hardened_safety_no_role_pair_gate_5seed_fixed_update60_candidate/runs/multi_relation/bc_ppo_seed2/actor_critic_update_0060.pt,310077,77,checkpoint,100,straight,True,True,80,0.2,1.0,0.3,0,0.0,1,40,80,True,1.0,1.0,1.0,0.03030303120613098,0.40909091383218765,0.655303037979386,39.049242535775356,0.0,0.0,0.0,44.0,41.0,44.0,1.0,4.0,4.0,4.0,0.0,1.0,0.0,44.0,0.2,1.0,0.20000000596046447,15138.23690518466,5654.43310546875,3446.868408203125,3504.54296875,3446.868408203125,3504.54296875,36.1949383020401
test,dropout030_relay_failure,no_role_pair_gate,none,no_role_pair_gate,none,2,60,no_role_pair_gate,results/intercept_3d_gate1_hardened_safety_no_role_pair_gate_5seed_fixed_update60_candidate/runs/multi_relation/bc_ppo_seed2/actor_critic_update_0060.pt,310078,78,checkpoint,100,straight,True,True,80,0.2,1.0,0.3,0,0.0,1,40,80,True,1.0,1.0,1.0,0.03030303120613098,0.4242424287579276,0.6818181889300997,39.041666208343074,0.0,0.0,0.0,44.0,41.0,44.0,1.0,4.0,4.0,4.0,0.0,1.0,0.0,44.0,0.2,1.0,0.26666667461395266,15074.734308416193,5533.47216796875,3600.565673828125,3415.570556640625,3600.565673828125,3415.570556640625,36.806318163871765
test,dropout030_relay_failure,no_role_pair_gate,none,no_role_pair_gate,none,2,60,no_role_pair_gate,results/intercept_3d_gate1_hardened_safety_no_role_pair_gate_5seed_fixed_update60_candidate/runs/multi_relation/bc_ppo_seed2/actor_critic_update_0060.pt,310079,79,checkpoint,100,straight,True,True,80,0.2,1.0,0.3,0,0.0,1,40,80,True,1.0,1.0,1.0,0.03030303120613098,0.4242424287579276,0.6780303110453215,39.97348456186327,0.0,0.0,0.0,44.0,41.0,44.0,1.0,4.0,4.0,4.0,0.0,1.0,0.0,44.0,0.2,1.0,0.3000000089406967,15104.307195490057,5669.22021484375,3688.1904296875,3865.52001953125,3688.1904296875,3865.52001953125,36.63612747192383
test,dropout030_relay_failure,no_role_pair_gate,none,no_role_pair_gate,none,2,60,no_role_pair_gate,results/intercept_3d_gate1_hardened_safety_no_role_pair_gate_5seed_fixed_update60_candidate/runs/multi_relation/bc_ppo_seed2/actor_critic_update_0060.pt,310081,81,checkpoint,100,straight,True,True,80,0.2,1.0,0.3,0,0.0,1,40,80,True,1.0,1.0,1.0,0.03030303120613098,0.4242424287579276,0.6515151597559452,37.02272730354559,0.0,0.0,0.0,44.0,41.0,44.0,1.0,4.0,4.0,4.0,0.0,1.0,0.0,44.0,0.2,1.0,0.20000000596046447,15068.756491921165,5466.419921875,3692.337646484375,2256.854248046875,3692.337646484375,2256.854248046875,36.67677092552185
test,dropout030_relay_failure,no_role_pair_gate,none,no_role_pair_gate,none,2,60,no_role_pair_gate,results/intercept_3d_gate1_hardened_safety_no_role_pair_gate_5seed_fixed_update60_candidate/runs/multi_relation/bc_ppo_seed2/actor_critic_update_0060.pt,310085,85,checkpoint,100,straight,True,True,80,0.2,1.0,0.3,0,0.0,1,40,80,True,1.0,1.0,1.0,0.03030303120613098,0.41666667095639487,0.674242431128567,39.0719693496146,0.0,0.0,0.0,44.0,41.0,44.0,1.0,4.0,4.0,4.0,0.0,1.0,0.0,44.0,0.2,1.0,0.23333334028720856,15111.369651100853,5625.98974609375,3526.310791015625,3749.436279296875,3526.310791015625,3749.436279296875,36.53156167268753
test,dropout030_relay_failure,no_role_pair_gate,none,no_role_pair_gate,none,2,60,no_role_pair_gate,results/intercept_3d_gate1_hardened_safety_no_role_pair_gate_5seed_fixed_update60_candidate/runs/multi_relation/bc_ppo_seed2/actor_critic_update_0060.pt,310088,88,checkpoint,100,straight,True,True,80,0.2,1.0,0.3,0,0.0,1,40,80,True,1.0,1.0,1.0,0.03030303120613098,0.4166666716337204,0.6742424318058924,42.85606060922146,0.0,0.0,0.0,44.0,41.0,44.0,1.0,4.0,4.0,4.0,0.0,1.0,0.0,44.0,0.2,1.0,0.23333334028720856,15257.580355557528,6083.82568359375,3672.22412109375,3990.470458984375,3672.22412109375,3990.470458984375,36.04262760281563
test,dropout030_relay_failure,no_role_pair_gate,none,no_role_pair_gate,none,2,60,no_role_pair_gate,results/intercept_3d_gate1_hardened_safety_no_role_pair_gate_5seed_fixed_update60_candidate/runs/multi_relation/bc_ppo_seed2/actor_critic_update_0060.pt,310091,91,checkpoint,100,straight,True,True,80,0.2,1.0,0.3,0,0.0,1,40,80,True,1.0,1.0,1.0,0.03030303120613098,0.4242424287579276,0.6590909168801524,40.03787896375764,0.0,0.0,0.0,44.0,41.0,44.0,1.0,4.0,4.0,4.0,0.0,1.0,0.0,44.0,0.2,1.0,0.1666666716337204,15083.830533114347,5550.34130859375,3770.569091796875,3794.2978515625,3770.569091796875,3794.2978515625,36.64937976002693
test,dropout030_relay_failure,no_role_pair_gate,none,no_role_pair_gate,none,2,60,no_role_pair_gate,results/intercept_3d_gate1_hardened_safety_no_role_pair_gate_5seed_fixed_update60_candidate/runs/multi_relation/bc_ppo_seed2/actor_critic_update_0060.pt,310092,92,checkpoint,100,straight,True,True,80,0.2,1.0,0.3,0,0.0,1,40,80,True,1.0,1.0,1.0,0.03030303120613098,0.40909091383218765,0.6969697038558397,38.94318193264983,0.0,0.0,0.0,44.0,41.0,44.0,1.0,4.0,4.0,4.0,0.0,1.0,0.0,44.0,0.2,1.0,0.23333334028720856,15161.696266867897,5795.400390625,3479.07373046875,3504.474609375,3479.07373046875,3504.474609375,36.43700349330902
test,dropout030_relay_failure,no_role_pair_gate,none,no_role_pair_gate,none,2,60,no_role_pair_gate,results/intercept_3d_gate1_hardened_safety_no_role_pair_gate_5seed_fixed_update60_candidate/runs/multi_relation/bc_ppo_seed2/actor_critic_update_0060.pt,310095,95,checkpoint,100,straight,True,True,80,0.2,1.0,0.3,0,0.0,1,40,80,True,1.0,1.0,1.0,0.03030303120613098,0.41666667095639487,0.6780303107066588,37.988636374134906,0.0,0.0,0.0,44.0,41.0,44.0,1.0,4.0,4.0,4.0,0.0,1.0,0.0,44.0,0.2,1.0,0.13333333730697633,15101.793090820312,5479.21728515625,3711.46728515625,2514.49169921875,3711.46728515625,2514.49169921875,36.66988468170166
test,dropout030_relay_failure,no_role_pair_gate,none,no_role_pair_gate,none,2,60,no_role_pair_gate,results/intercept_3d_gate1_hardened_safety_no_role_pair_gate_5seed_fixed_update60_candidate/runs/multi_relation/bc_ppo_seed2/actor_critic_update_0060.pt,310097,97,checkpoint,100,straight,True,True,80,0.2,1.0,0.3,0,0.0,1,40,80,True,1.0,1.0,1.0,0.03030303120613098,0.4242424287579276,0.7045454599640586,39.94318135624582,0.0,0.0,0.0,44.0,41.0,44.0,1.0,4.0,4.0,4.0,0.0,1.0,0.0,44.0,0.2,1.0,0.20000000596046447,15077.403464577415,5603.955078125,3646.156494140625,4094.80810546875,3646.156494140625,4094.80810546875,36.90558248758316
test,dropout030_relay_failure,no_role_pair_gate,none,no_role_pair_gate,none,2,60,no_role_pair_gate,results/intercept_3d_gate1_hardened_safety_no_role_pair_gate_5seed_fixed_update60_candidate/runs/multi_relation/bc_ppo_seed2/actor_critic_update_0060.pt,310052,52,checkpoint,100,straight,True,True,80,0.2,1.0,0.3,0,0.0,1,40,80,True,1.0,1.0,1.0,0.029629630512661403,0.4370370414521959,0.6962963024775187,37.18518506950802,0.0,0.0,0.0,45.0,42.0,45.0,1.0,5.0,5.0,5.0,0.0,1.0,0.0,45.0,0.16666666666666666,1.0,0.19444445023934046,14832.245486111111,5033.34814453125,3542.7392578125,3464.585693359375,3542.7392578125,3464.585693359375,37.929711520671844
test,dropout030_relay_failure,no_role_pair_gate,none,no_role_pair_gate,none,2,60,no_role_pair_gate,results/intercept_3d_gate1_hardened_safety_no_role_pair_gate_5seed_fixed_update60_candidate/runs/multi_relation/bc_ppo_seed2/actor_critic_update_0060.pt,310054,54,checkpoint,100,straight,True,True,80,0.2,1.0,0.3,0,0.0,1,40,80,True,1.0,1.0,1.0,0.029629630512661403,0.4370370414521959,0.6407407479153739,34.43703703814083,0.0,0.0,0.0,45.0,42.0,45.0,1.0,5.0,5.0,5.0,0.0,1.0,0.0,45.0,0.16666666666666666,1.0,0.11111111442248027,14856.359157986111,5035.96240234375,3472.648193359375,2430.990966796875,3472.648193359375,2430.990966796875,37.61519619822502
test,dropout030_relay_failure,no_role_pair_gate,none,no_role_pair_gate,none,2,60,no_role_pair_gate,results/intercept_3d_gate1_hardened_safety_no_role_pair_gate_5seed_fixed_update60_candidate/runs/multi_relation/bc_ppo_seed2/actor_critic_update_0060.pt,310055,55,checkpoint,100,straight,True,True,80,0.2,1.0,0.3,0,0.0,1,40,80,True,1.0,1.0,1.0,0.029629630512661403,0.4370370414521959,0.6296296364731259,35.4962962422106,0.0,0.0,0.0,45.0,42.0,45.0,1.0,5.0,5.0,5.0,0.0,1.0,0.0,45.0,0.16666666666666666,1.0,0.19444445023934046,14822.30080295139,5028.69970703125,3873.642822265625,2928.1484375,3873.642822265625,2928.1484375,37.47836001217365
test,dropout030_relay_failure,no_role_pair_gate,none,no_role_pair_gate,none,2,60,no_role_pair_gate,results/intercept_3d_gate1_hardened_safety_no_role_pair_gate_5seed_fixed_update60_candidate/runs/multi_relation/bc_ppo_seed2/actor_critic_update_0060.pt,310056,56,checkpoint,100,straight,True,True,80,0.2,1.0,0.3,0,0.0,1,40,80,True,1.0,1.0,1.0,0.029629630512661403,0.4370370414521959,0.6555555638339784,42.974074247479436,0.0,0.0,0.0,45.0,42.0,45.0,1.0,5.0,5.0,5.0,0.0,1.0,0.0,45.0,0.16666666666666666,1.0,0.1666666716337204,14813.379850260417,5039.9736328125,3570.4326171875,3758.914794921875,3570.4326171875,3758.914794921875,37.36533012986183
test,dropout030_relay_failure,no_role_pair_gate,none,no_role_pair_gate,none,2,60,no_role_pair_gate,results/intercept_3d_gate1_hardened_safety_no_role_pair_gate_5seed_fixed_update60_candidate/runs/multi_relation/bc_ppo_seed2/actor_critic_update_0060.pt,310057,57,checkpoint,100,straight,True,True,80,0.2,1.0,0.3,0,0.0,1,40,80,True,1.0,1.0,1.0,0.029629630512661403,0.4370370414521959,0.6962963041332033,41.011111282308896,0.0,0.0,0.0,45.0,42.0,45.0,1.0,5.0,5.0,5.0,0.0,1.0,0.0,45.0,0.16666666666666666,1.0,0.22222222884496054,14822.71974826389,5035.0546875,3545.525390625,3464.585693359375,3545.525390625,3464.585693359375,37.74249377846718
test,dropout030_relay_failure,no_role_pair_gate,none,no_role_pair_gate,none,2,60,no_role_pair_gate,results/intercept_3d_gate1_hardened_safety_no_role_pair_gate_5seed_fixed_update60_candidate/runs/multi_relation/bc_ppo_seed2/actor_critic_update_0060.pt,310058,58,checkpoint,100,straight,True,True,80,0.2,1.0,0.3,0,0.0,1,40,80,True,1.0,1.0,1.0,0.029629630512661403,0.4370370414521959,0.6777777840693792,37.229629349046284,0.0,0.0,0.0,45.0,42.0,45.0,1.0,5.0,5.0,5.0,0.0,1.0,0.0,45.0,0.16666666666666666,1.0,0.2500000074505806,14859.066254340278,5099.71630859375,3382.802001953125,2182.8369140625,3382.802001953125,2182.8369140625,37.788524359464645
test,dropout030_relay_failure,no_role_pair_gate,none,no_role_pair_gate,none,2,60,no_role_pair_gate,results/intercept_3d_gate1_hardened_safety_no_role_pair_gate_5seed_fixed_update60_candidate/runs/multi_relation/bc_ppo_seed2/actor_critic_update_0060.pt,310060,60,checkpoint,100,straight,True,True,80,0.2,1.0,0.3,0,0.0,1,40,80,True,1.0,1.0,1.0,0.029629630512661403,0.4370370414521959,0.6962963028086556,39.13703687422805,0.0,0.0,0.0,45.0,42.0,45.0,1.0,5.0,5.0,5.0,0.0,1.0,0.0,45.0,0.16666666666666666,1.0,0.2777777860562007,14853.147395833334,5106.36328125,3556.36279296875,3819.109130859375,3556.36279296875,3819.109130859375,37.78671979904175
test,dropout030_relay_failure,no_role_pair_gate,none,no_role_pair_gate,none,2,60,no_role_pair_gate,results/intercept_3d_gate1_hardened_safety_no_role_pair_gate_5seed_fixed_update60_candidate/runs/multi_relation/bc_ppo_seed2/actor_critic_update_0060.pt,310062,62,checkpoint,100,straight,True,True,80,0.2,1.0,0.3,0,0.0,1,40,80,True,1.0,1.0,1.0,0.029629630512661403,0.4370370414521959,0.6481481568680869,43.97407404449251,0.0,0.0,0.0,45.0,42.0,45.0,1.0,5.0,5.0,5.0,0.0,1.0,0.0,45.0,0.16666666666666666,1.0,0.19444445023934046,14838.463953993056,5113.72265625,3373.27001953125,3758.142822265625,3373.27001953125,3758.142822265625,37.14508178830147
test,dropout030_relay_failure,no_role_pair_gate,none,no_role_pair_gate,none,2,60,no_role_pair_gate,results/intercept_3d_gate1_hardened_safety_no_role_pair_gate_5seed_fixed_update60_candidate/runs/multi_relation/bc_ppo_seed2/actor_critic_update_0060.pt,310064,64,checkpoint,100,straight,True,True,80,0.2,1.0,0.3,0,0.0,1,40,80,True,1.0,1.0,1.0,0.029629630512661403,0.4370370414521959,0.7037037114302317,41.99629592630598,0.0,0.0,0.0,45.0,42.0,45.0,1.0,5.0,5.0,5.0,0.0,1.0,0.0,45.0,0.16666666666666666,1.0,0.22222222884496054,14822.389680989583,5087.61669921875,3858.589111328125,4062.75927734375,3858.589111328125,4062.75927734375,37.88320904970169
test,dropout030_relay_failure,no_role_pair_gate,none,no_role_pair_gate,none,2,60,no_role_pair_gate,results/intercept_3d_gate1_hardened_safety_no_role_pair_gate_5seed_fixed_update60_candidate/runs/multi_relation/bc_ppo_seed2/actor_critic_update_0060.pt,310065,65,checkpoint,100,straight,True,True,80,0.2,1.0,0.3,0,0.0,1,40,80,True,1.0,1.0,1.0,0.029629630512661403,0.4370370414521959,0.6925925989945729,39.10740706920624,0.0,0.0,0.0,45.0,42.0,45.0,1.0,5.0,5.0,5.0,0.0,1.0,0.0,45.0,0.16666666666666666,1.0,0.22222222884496054,14835.362934027778,5069.10009765625,3632.514404296875,3763.87255859375,3632.514404296875,3763.87255859375,37.860441982746124
test,dropout030_relay_failure,no_role_pair_gate,none,no_role_pair_gate,none,2,60,no_role_pair_gate,results/intercept_3d_gate1_hardened_safety_no_role_pair_gate_5seed_fixed_update60_candidate/runs/multi_relation/bc_ppo_seed2/actor_critic_update_0060.pt,310071,71,checkpoint,100,straight,True,True,80,0.2,1.0,0.3,0,0.0,1,40,80,True,1.0,1.0,1.0,0.029629630512661403,0.4370370414521959,0.6370370457569758,41.20370375679599,0.0,0.0,0.0,45.0,42.0,45.0,1.0,5.0,5.0,5.0,0.0,1.0,0.0,45.0,0.16666666666666666,1.0,0.2500000074505806,14811.129351128473,5026.96728515625,3585.038330078125,3731.300537109375,3585.038330078125,3731.300537109375,37.19272240996361
test,dropout030_relay_failure,no_role_pair_gate,none,no_role_pair_gate,none,2,60,no_role_pair_gate,results/intercept_3d_gate1_hardened_safety_no_role_pair_gate_5seed_fixed_update60_candidate/runs/multi_relation/bc_ppo_seed2/actor_critic_update_0060.pt,310073,73,checkpoint,100,straight,True,True,80,0.2,1.0,0.3,0,0.0,1,40,80,True,1.0,1.0,1.0,0.029629630512661403,0.4296296338240306,0.6592592666546504,38.30740709271696,0.0,0.0,0.0,45.0,42.0,45.0,1.0,5.0,5.0,5.0,0.0,1.0,0.0,45.0,0.16666666666666666,1.0,0.22222222884496054,14837.740017361111,5084.50732421875,3756.830810546875,3410.736328125,3756.830810546875,3410.736328125,37.374045729637146
test,dropout030_relay_failure,no_role_pair_gate,none,no_role_pair_gate,none,2,60,no_role_pair_gate,results/intercept_3d_gate1_hardened_safety_no_role_pair_gate_5seed_fixed_update60_candidate/runs/multi_relation/bc_ppo_seed2/actor_critic_update_0060.pt,310075,75,checkpoint,100,straight,True,True,80,0.2,1.0,0.3,0,0.0,1,40,80,True,1.0,1.0,1.0,0.029629630512661403,0.4370370414521959,0.6666666749450896,38.25555544793606,0.0,0.0,0.0,45.0,42.0,45.0,1.0,5.0,5.0,5.0,0.0,1.0,0.0,45.0,0.16666666666666666,1.0,0.2500000074505806,14843.39189453125,5067.5419921875,3618.879150390625,3764.705322265625,3618.879150390625,3764.705322265625,37.665769666433334
test,dropout030_relay_failure,no_role_pair_gate,none,no_role_pair_gate,none,2,60,no_role_pair_gate,results/intercept_3d_gate1_hardened_safety_no_role_pair_gate_5seed_fixed_update60_candidate/runs/multi_relation/bc_ppo_seed2/actor_critic_update_0060.pt,310080,80,checkpoint,100,straight,True,True,80,0.2,1.0,0.3,0,0.0,1,40,80,True,1.0,1.0,1.0,0.029629630512661403,0.4370370414521959,0.6888888968361748,34.38148142000039,0.0,0.0,0.0,45.0,42.0,45.0,1.0,5.0,5.0,5.0,0.0,1.0,0.0,45.0,0.16666666666666666,1.0,0.22222222884496054,14845.345659722223,5051.7109375,3833.93798828125,3338.410888671875,3833.93798828125,3338.410888671875,38.113006234169006
test,dropout030_relay_failure,no_role_pair_gate,none,no_role_pair_gate,none,2,60,no_role_pair_gate,results/intercept_3d_gate1_hardened_safety_no_role_pair_gate_5seed_fixed_update60_candidate/runs/multi_relation/bc_ppo_seed2/actor_critic_update_0060.pt,310083,83,checkpoint,100,straight,True,True,80,0.2,1.0,0.3,0,0.0,1,40,80,True,1.0,1.0,1.0,0.029629630512661403,0.4370370414521959,0.6925925999879837,37.188888887233205,0.0,0.0,0.0,45.0,42.0,45.0,1.0,5.0,5.0,5.0,0.0,1.0,0.0,45.0,0.16666666666666666,1.0,0.1666666716337204,14830.107085503472,5086.740234375,3565.45458984375,4004.748046875,3565.45458984375,4004.748046875,37.848571449518204
test,dropout030_relay_failure,no_role_pair_gate,none,no_role_pair_gate,none,2,60,no_role_pair_gate,results/intercept_3d_gate1_hardened_safety_no_role_pair_gate_5seed_fixed_update60_candidate/runs/multi_relation/bc_ppo_seed2/actor_critic_update_0060.pt,310084,84,checkpoint,100,straight,True,True,80,0.2,1.0,0.3,0,0.0,1,40,80,True,1.0,1.0,1.0,0.029629630512661403,0.4370370414521959,0.6407407492399215,40.214814873536426,0.0,0.0,0.0,45.0,42.0,45.0,1.0,5.0,5.0,5.0,0.0,1.0,0.0,45.0,0.16666666666666666,1.0,0.22222222884496054,14844.85842013889,5124.15087890625,3550.922119140625,3436.0478515625,3550.922119140625,3436.0478515625,37.304078102111816
test,dropout030_relay_failure,no_role_pair_gate,none,no_role_pair_gate,none,2,60,no_role_pair_gate,results/intercept_3d_gate1_hardened_safety_no_role_pair_gate_5seed_fixed_update60_candidate/runs/multi_relation/bc_ppo_seed2/actor_critic_update_0060.pt,310093,93,checkpoint,100,straight,True,True,80,0.2,1.0,0.3,0,0.0,1,40,80,True,1.0,1.0,1.0,0.029629630512661403,0.4370370414521959,0.6666666742828157,30.55925945242246,0.0,0.0,0.0,45.0,42.0,45.0,1.0,5.0,5.0,5.0,0.0,1.0,0.0,45.0,0.16666666666666666,1.0,0.22222222884496054,14893.144292534722,5139.25830078125,3737.324951171875,1970.6708984375,3737.324951171875,1970.6708984375,37.97554674744606
test,dropout030_relay_failure,no_role_pair_gate,none,no_role_pair_gate,none,2,60,no_role_pair_gate,results/intercept_3d_gate1_hardened_safety_no_role_pair_gate_5seed_fixed_update60_candidate/runs/multi_relation/bc_ppo_seed2/actor_critic_update_0060.pt,310099,99,checkpoint,100,straight,True,True,80,0.2,1.0,0.3,0,0.0,1,40,80,True,1.0,1.0,1.0,0.029629630512661403,0.4370370414521959,0.6777777867184744,35.29259278873602,0.0,0.0,0.0,45.0,42.0,45.0,1.0,5.0,5.0,5.0,0.0,1.0,0.0,45.0,0.16666666666666666,1.0,0.1666666716337204,14861.55361328125,5065.701171875,3774.51708984375,2639.550048828125,3774.51708984375,2639.550048828125,37.99588564038277
test,dropout030_relay_failure,no_role_pair_gate,none,no_role_pair_gate,none,2,60,no_role_pair_gate,results/intercept_3d_gate1_hardened_safety_no_role_pair_gate_5seed_fixed_update60_candidate/runs/multi_relation/bc_ppo_seed2/actor_critic_update_0060.pt,310063,63,checkpoint,100,straight,True,True,80,0.2,1.0,0.3,0,0.0,1,40,80,True,1.0,1.0,1.0,0.028985508110212242,0.44202898961046466,0.7101449350947919,30.865942084918853,0.0,0.0,0.0,46.0,43.0,46.0,1.0,6.0,6.0,6.0,0.0,1.0,0.0,46.0,0.14285714285714285,1.0,0.28571429422923494,14644.422193444294,4757.3818359375,3625.424072265625,2181.416748046875,3625.424072265625,2181.416748046875,38.96742832660675
test,dropout030_relay_failure,no_role_pair_gate,none,no_role_pair_gate,none,2,60,no_role_pair_gate,results/intercept_3d_gate1_hardened_safety_no_role_pair_gate_5seed_fixed_update60_candidate/runs/multi_relation/bc_ppo_seed2/actor_critic_update_0060.pt,310067,67,checkpoint,100,straight,True,True,80,0.2,1.0,0.3,0,0.0,1,40,80,True,1.0,1.0,1.0,0.028985508110212242,0.44927536663801776,0.7101449337990388,37.4021739081844,0.0,0.0,0.0,46.0,43.0,46.0,1.0,6.0,6.0,6.0,0.0,1.0,0.0,46.0,0.14285714285714285,1.0,0.21428572067192622,14615.591977326767,4662.048828125,3696.343505859375,3427.177734375,3696.343505859375,3427.177734375,38.92392012476921
test,dropout030_relay_failure,no_role_pair_gate,none,no_role_pair_gate,none,2,60,no_role_pair_gate,results/intercept_3d_gate1_hardened_safety_no_role_pair_gate_5seed_fixed_update60_candidate/runs/multi_relation/bc_ppo_seed2/actor_critic_update_0060.pt,310068,68,checkpoint,100,straight,True,True,80,0.2,1.0,0.3,0,0.0,1,40,80,True,1.0,1.0,1.0,0.028985508110212242,0.44927536663801776,0.6775362404144328,37.43840610657049,0.0,0.0,0.0,46.0,43.0,46.0,1.0,6.0,6.0,6.0,0.0,1.0,0.0,46.0,0.14285714285714285,1.0,0.19047619615282332,14642.507058848505,4687.75439453125,3673.486328125,3407.82421875,3673.486328125,3407.82421875,38.63331192731857
test,dropout030_relay_failure,no_role_pair_gate,none,no_role_pair_gate,none,2,60,no_role_pair_gate,results/intercept_3d_gate1_hardened_safety_no_role_pair_gate_5seed_fixed_update60_candidate/runs/multi_relation/bc_ppo_seed2/actor_critic_update_0060.pt,310082,82,checkpoint,100,straight,True,True,80,0.2,1.0,0.3,0,0.0,1,40,80,True,1.0,1.0,1.0,0.028985508110212242,0.44927536663801776,0.6231884120599084,32.8623185141579,0.0,0.0,0.0,46.0,43.0,46.0,1.0,6.0,6.0,6.0,0.0,1.0,0.0,46.0,0.14285714285714285,1.0,0.19047619615282332,14680.652502972147,4873.03955078125,3896.375,1964.5733642578125,3896.375,1964.5733642578125,38.19093006849289
test,dropout030_relay_failure,no_role_pair_gate,none,no_role_pair_gate,none,2,60,no_role_pair_gate,results/intercept_3d_gate1_hardened_safety_no_role_pair_gate_5seed_fixed_update60_candidate/runs/multi_relation/bc_ppo_seed2/actor_critic_update_0060.pt,310087,87,checkpoint,100,straight,True,True,80,0.2,1.0,0.3,0,0.0,1,40,80,True,1.0,1.0,1.0,0.028985508110212242,0.44927536663801776,0.7391304425571276,32.757246481335685,0.0,0.0,0.0,46.0,43.0,46.0,1.0,6.0,6.0,6.0,0.0,1.0,0.0,46.0,0.14285714285714285,1.0,0.23809524519102915,14635.163733440897,4653.390625,3768.222900390625,3425.107177734375,3768.222900390625,3425.107177734375,39.44649562239647
test,dropout030_relay_failure,no_role_pair_gate,none,no_role_pair_gate,none,2,60,no_role_pair_gate,results/intercept_3d_gate1_hardened_safety_no_role_pair_gate_5seed_fixed_update60_candidate/runs/multi_relation/bc_ppo_seed2/actor_critic_update_0060.pt,310090,90,checkpoint,100,straight,True,True,80,0.2,1.0,0.3,0,0.0,1,40,80,True,1.0,1.0,1.0,0.028985508110212242,0.44927536663801776,0.6884058049839475,34.6340579205881,0.0,0.0,0.0,46.0,43.0,46.0,1.0,6.0,6.0,6.0,0.0,1.0,0.0,46.0,0.14285714285714285,1.0,0.19047619615282332,14627.166196076767,4588.78857421875,3428.36669921875,3425.920654296875,3428.36669921875,3425.920654296875,38.94386172294617
test,dropout030_relay_failure,no_role_pair_gate,none,no_role_pair_gate,none,2,60,no_role_pair_gate,results/intercept_3d_gate1_hardened_safety_no_role_pair_gate_5seed_fixed_update60_candidate/runs/multi_relation/bc_ppo_seed2/actor_critic_update_0060.pt,310094,94,checkpoint,100,straight,True,True,80,0.2,1.0,0.3,0,0.0,1,40,80,True,1.0,1.0,1.0,0.028985508110212242,0.44927536663801776,0.6594202965497971,37.496376894414425,0.0,0.0,0.0,46.0,43.0,46.0,1.0,6.0,6.0,6.0,0.0,1.0,0.0,46.0,0.14285714285714285,1.0,0.21428572067192622,14608.853154721468,4599.513671875,3569.07421875,3425.920654296875,3569.07421875,3425.920654296875,38.509397357702255
test,dropout030_relay_failure,no_role_pair_gate,none,no_role_pair_gate,none,2,60,no_role_pair_gate,results/intercept_3d_gate1_hardened_safety_no_role_pair_gate_5seed_fixed_update60_candidate/runs/multi_relation/bc_ppo_seed2/actor_critic_update_0060.pt,310096,96,checkpoint,100,straight,True,True,80,0.2,1.0,0.3,0,0.0,1,40,80,True,1.0,1.0,1.0,0.028985508110212242,0.44927536663801776,0.677536239442618,43.10144894084205,0.0,0.0,0.0,46.0,43.0,46.0,1.0,6.0,6.0,6.0,0.0,1.0,0.0,46.0,0.14285714285714285,1.0,0.19047619615282332,14610.253821331522,4663.162109375,3452.032958984375,3739.10205078125,3452.032958984375,3739.10205078125,38.352244198322296
test,dropout030_relay_failure,no_role_pair_gate,none,no_role_pair_gate,none,2,60,no_role_pair_gate,results/intercept_3d_gate1_hardened_safety_no_role_pair_gate_5seed_fixed_update60_candidate/runs/multi_relation/bc_ppo_seed2/actor_critic_update_0060.pt,310098,98,checkpoint,100,straight,True,True,80,0.2,1.0,0.3,0,0.0,1,40,80,True,1.0,1.0,1.0,0.028985508110212242,0.44927536663801776,0.6811594260127648,39.293478229123615,0.0,0.0,0.0,46.0,43.0,46.0,1.0,6.0,6.0,6.0,0.0,1.0,0.0,46.0,0.14285714285714285,1.0,0.19047619615282332,14639.83005689538,4633.75830078125,3716.130615234375,3571.211181640625,3716.130615234375,3571.211181640625,38.65917047858238
test,dropout030_relay_failure,no_role_pair_gate,none,no_role_pair_gate,none,2,60,no_role_pair_gate,results/intercept_3d_gate1_hardened_safety_no_role_pair_gate_5seed_fixed_update60_candidate/runs/multi_relation/bc_ppo_seed2/actor_critic_update_0060.pt,310050,50,checkpoint,100,straight,True,True,80,0.2,1.0,0.3,0,0.0,1,40,80,True,1.0,1.0,1.0,0.02836879517169709,0.4539007132357739,0.6489361784559615,41.43616994200869,0.0,0.0,0.0,47.0,44.0,47.0,1.0,7.0,7.0,7.0,0.0,1.0,0.0,47.0,0.125,1.0,0.22916667349636555,14494.837340009974,4435.92529296875,3276.1279296875,3591.504638671875,3276.1279296875,3591.504638671875,38.983603060245514
test,dropout030_relay_failure,no_role_pair_gate,none,no_role_pair_gate,none,2,60,no_role_pair_gate,results/intercept_3d_gate1_hardened_safety_no_role_pair_gate_5seed_fixed_update60_candidate/runs/multi_relation/bc_ppo_seed2/actor_critic_update_0060.pt,310061,61,checkpoint,100,straight,True,True,80,0.2,1.0,0.3,0,0.0,1,40,80,True,1.0,1.0,1.0,0.02836879517169709,0.4539007132357739,0.6312056814736509,42.304964586775355,0.0,0.0,0.0,47.0,44.0,47.0,1.0,7.0,7.0,7.0,0.0,1.0,0.0,47.0,0.125,1.0,0.2500000074505806,14492.511396692154,4456.537109375,3391.894775390625,3690.94921875,3391.894775390625,3690.94921875,38.56271040439606
test,dropout030_relay_failure,no_role_pair_gate,none,no_role_pair_gate,none,2,60,no_role_pair_gate,results/intercept_3d_gate1_hardened_safety_no_role_pair_gate_5seed_fixed_update60_candidate/runs/multi_relation/bc_ppo_seed2/actor_critic_update_0060.pt,310072,72,checkpoint,100,straight,True,True,80,0.2,1.0,0.3,0,0.0,1,40,80,True,1.0,1.0,1.0,0.02836879517169709,0.4539007132357739,0.6418439809312212,40.47517715299383,0.0,0.0,0.0,47.0,44.0,47.0,1.0,7.0,7.0,7.0,0.0,1.0,0.0,47.0,0.125,1.0,0.22916667349636555,14456.71044921875,4335.248046875,3226.29638671875,3556.240966796875,3226.29638671875,3556.240966796875,38.877611577510834
test,dropout030_relay_failure,no_role_pair_gate,none,no_role_pair_gate,none,2,60,no_role_pair_gate,results/intercept_3d_gate1_hardened_safety_no_role_pair_gate_5seed_fixed_update60_candidate/runs/multi_relation/bc_ppo_seed2/actor_critic_update_0060.pt,310074,74,checkpoint,100,straight,True,True,80,0.2,1.0,0.3,0,0.0,1,40,80,True,1.0,1.0,1.0,0.02836879517169709,0.4539007132357739,0.6737588726459666,33.14539004640376,0.0,0.0,0.0,47.0,44.0,47.0,1.0,7.0,7.0,7.0,0.0,1.0,0.0,47.0,0.125,1.0,0.18750000558793545,14522.878147855718,4557.56396484375,3846.172607421875,2167.759521484375,3846.172607421875,2167.759521484375,39.33594912290573
test,dropout030_relay_failure,no_role_pair_gate,none,no_role_pair_gate,none,2,60,no_role_pair_gate,results/intercept_3d_gate1_hardened_safety_no_role_pair_gate_5seed_fixed_update60_candidate/runs/multi_relation/bc_ppo_seed2/actor_critic_update_0060.pt,310089,89,checkpoint,100,straight,True,True,80,0.2,1.0,0.3,0,0.0,1,40,80,True,1.0,1.0,1.0,0.02836879517169709,0.4539007132357739,0.5957446890942594,42.372340836740555,0.0,0.0,0.0,47.0,44.0,47.0,1.0,7.0,7.0,7.0,0.0,1.0,0.0,47.0,0.125,1.0,0.2083333395421505,14442.190263464096,4394.86767578125,3391.593017578125,4005.856689453125,3391.593017578125,4005.856689453125,38.25150355696678
test,dropout030_relay_failure,no_role_pair_gate,none,no_role_pair_gate,none,2,60,no_role_pair_gate,results/intercept_3d_gate1_hardened_safety_no_role_pair_gate_5seed_fixed_update60_candidate/runs/multi_relation/bc_ppo_seed2/actor_critic_update_0060.pt,310086,86,checkpoint,100,straight,True,True,80,0.2,1.0,0.3,0,0.0,1,40,80,True,1.0,1.0,1.0,0.027777778605620067,0.45833333767950535,0.5659722313284874,40.791666956307985,0.0,0.0,0.0,48.0,45.0,48.0,1.0,8.0,8.0,8.0,0.0,1.0,0.0,48.0,0.1111111111111111,1.0,0.2777777860562007,14275.970087687174,4068.072021484375,2684.2578125,3691.742919921875,2684.2578125,3691.742919921875,38.73264670372009
test,dropout030_relay_failure,no_role_pair_gate,none,no_role_pair_gate,none,2,60,no_role_pair_gate,results/intercept_3d_gate1_hardened_safety_no_role_pair_gate_5seed_fixed_update60_candidate/runs/multi_relation/bc_ppo_seed2/actor_critic_update_0060.pt,310051,51,checkpoint,100,straight,True,True,80,0.2,1.0,0.3,0,0.0,1,40,80,True,1.0,1.0,1.0,0.027210885164689044,0.46258503806834317,0.6768707563074268,37.31632643481907,0.0,0.0,0.0,49.0,46.0,49.0,1.0,9.0,9.0,9.0,0.0,1.0,0.0,49.0,0.1,1.0,0.2500000074505806,14197.218924386161,4085.487060546875,2691.484375,2565.5244140625,2691.484375,2565.5244140625,40.371481120586395
test,dropout030_relay_failure,no_role_pair_gate,none,no_role_pair_gate,none,3,60,no_role_pair_gate,results/intercept_3d_gate1_hardened_safety_no_role_pair_gate_5seed_fixed_update60_candidate/runs/multi_relation/bc_ppo_seed3/actor_critic_update_0060.pt,310026,26,checkpoint,100,straight,True,True,80,0.2,1.0,0.3,0,0.0,1,40,80,True,1.0,1.0,1.0,0.03030303120613098,0.4166666716337204,0.6704545525664632,48.825757490301676,0.0,0.0,0.0,44.0,41.0,44.0,1.0,4.0,4.0,4.0,0.0,1.0,0.0,44.0,0.2,1.0,0.13333333730697633,15179.164584073153,5946.39404296875,3683.294677734375,1580.31494140625,3683.294677734375,1583.616943359375,35.856606245040894
test,dropout030_relay_failure,no_role_pair_gate,none,no_role_pair_gate,none,3,60,no_role_pair_gate,results/intercept_3d_gate1_hardened_safety_no_role_pair_gate_5seed_fixed_update60_candidate/runs/multi_relation/bc_ppo_seed3/actor_critic_update_0060.pt,310029,29,checkpoint,100,straight,True,True,80,0.2,1.0,0.3,0,0.0,1,40,80,True,1.0,1.0,1.0,0.03030303120613098,0.40909091383218765,0.723484855145216,42.76893922246315,0.0,0.0,0.0,44.0,41.0,44.0,1.0,4.0,4.0,4.0,0.0,1.0,0.0,44.0,0.2,1.0,0.23333334028720856,15193.55498712713,5896.38818359375,3898.41748046875,1936.4022216796875,3898.41748046875,1936.4022216796875,36.418087750673294
test,dropout030_relay_failure,no_role_pair_gate,none,no_role_pair_gate,none,3,60,no_role_pair_gate,results/intercept_3d_gate1_hardened_safety_no_role_pair_gate_5seed_fixed_update60_candidate/runs/multi_relation/bc_ppo_seed3/actor_critic_update_0060.pt,310034,34,checkpoint,100,straight,True,True,80,0.2,1.0,0.3,0,0.0,1,40,80,True,1.0,1.0,1.0,0.03030303120613098,0.4166666716337204,0.6969697045331652,39.96969662505117,0.0,0.0,0.0,44.0,41.0,44.0,1.0,4.0,4.0,4.0,0.0,1.0,0.0,44.0,0.2,1.0,0.23333334028720856,15148.86483487216,5857.18896484375,3703.226318359375,1323.746826171875,3703.226318359375,1323.746826171875,36.53048440814018
test,dropout030_relay_failure,no_role_pair_gate,none,no_role_pair_gate,none,3,60,no_role_pair_gate,results/intercept_3d_gate1_hardened_safety_no_role_pair_gate_5seed_fixed_update60_candidate/runs/multi_relation/bc_ppo_seed3/actor_critic_update_0060.pt,310041,41,checkpoint,100,straight,True,True,80,0.2,1.0,0.3,0,0.0,1,40,80,True,1.0,1.0,1.0,0.03030303120613098,0.4166666716337204,0.632575764236125,41.98106043819677,0.0,0.0,0.0,44.0,41.0,44.0,1.0,4.0,4.0,4.0,0.0,1.0,0.0,44.0,0.2,1.0,0.20000000596046447,15117.734408291903,5776.94384765625,3787.6083984375,1381.8060302734375,3787.6083984375,1381.8060302734375,35.92199549078941
test,dropout030_relay_failure,no_role_pair_gate,none,no_role_pair_gate,none,3,60,no_role_pair_gate,results/intercept_3d_gate1_hardened_safety_no_role_pair_gate_5seed_fixed_update60_candidate/runs/multi_relation/bc_ppo_seed3/actor_critic_update_0060.pt,310003,3,checkpoint,100,straight,True,True,80,0.2,1.0,0.3,0,0.0,1,40,80,True,1.0,1.0,1.0,0.029629630512661403,0.4148148198922475,0.7222222285138236,42.87407379547755,0.0,0.0,0.0,45.0,42.0,45.0,1.0,5.0,5.0,5.0,0.0,1.0,0.0,45.0,0.16666666666666666,0.9444444477558136,0.19444445023934046,15022.256260850694,5712.0,3928.664306640625,1880.9725341796875,3928.664306640625,1915.0076904296875,37.069597005844116
test,dropout030_relay_failure,no_role_pair_gate,none,no_role_pair_gate,none,3,60,no_role_pair_gate,results/intercept_3d_gate1_hardened_safety_no_role_pair_gate_5seed_fixed_update60_candidate/runs/multi_relation/bc_ppo_seed3/actor_critic_update_0060.pt,310006,6,checkpoint,100,straight,True,True,80,0.2,1.0,0.3,0,0.0,1,40,80,True,1.0,1.0,1.0,0.029629630512661403,0.4000000059604645,0.6518518603510327,37.251851907041335,0.0,0.0,0.0,45.0,42.0,45.0,1.0,5.0,5.0,5.0,0.0,1.0,0.0,45.0,0.16666666666666666,0.7777777860562006,0.1666666716337204,14977.828114149306,5797.59765625,3763.188720703125,2054.48974609375,3763.188720703125,2123.33154296875,36.2644367814064
test,dropout030_relay_failure,no_role_pair_gate,none,no_role_pair_gate,none,3,60,no_role_pair_gate,results/intercept_3d_gate1_hardened_safety_no_role_pair_gate_5seed_fixed_update60_candidate/runs/multi_relation/bc_ppo_seed3/actor_critic_update_0060.pt,310011,11,checkpoint,100,straight,True,True,80,0.2,1.0,0.3,0,0.0,1,40,80,True,1.0,1.0,1.0,0.029629630512661403,0.42222222685813904,0.6666666752762265,45.825926122400496,0.0,0.0,0.0,45.0,42.0,45.0,1.0,5.0,5.0,5.0,0.0,1.0,0.0,45.0,0.16666666666666666,0.9444444477558136,0.22222222884496054,14934.797786458334,5442.17529296875,3689.669677734375,1488.1578369140625,3689.669677734375,1488.1578369140625,36.63006550073624
test,dropout030_relay_failure,no_role_pair_gate,none,no_role_pair_gate,none,3,60,no_role_pair_gate,results/intercept_3d_gate1_hardened_safety_no_role_pair_gate_5seed_fixed_update60_candidate/runs/multi_relation/bc_ppo_seed3/actor_critic_update_0060.pt,310021,21,checkpoint,100,straight,True,True,80,0.2,1.0,0.3,0,0.0,1,40,80,True,1.0,1.0,1.0,0.029629630512661403,0.42222222685813904,0.7000000046359168,43.91111072368092,0.0,0.0,0.0,45.0,42.0,45.0,1.0,5.0,5.0,5.0,0.0,1.0,0.0,45.0,0.16666666666666666,0.9444444477558136,0.19444445023934046,14905.203342013889,5480.13818359375,3787.093017578125,1697.793701171875,3787.093017578125,1868.0079345703125,36.97023448348045
test,dropout030_relay_failure,no_role_pair_gate,none,no_role_pair_gate,none,3,60,no_role_pair_gate,results/intercept_3d_gate1_hardened_safety_no_role_pair_gate_5seed_fixed_update60_candidate/runs/multi_relation/bc_ppo_seed3/actor_critic_update_0060.pt,310022,22,checkpoint,100,straight,True,True,80,0.2,1.0,0.3,0,0.0,1,40,80,True,1.0,1.0,1.0,0.029629630512661403,0.41481482055452135,0.6296296387910842,39.23333356910282,0.0,0.0,0.0,45.0,42.0,45.0,1.0,5.0,5.0,5.0,0.0,1.0,0.0,45.0,0.16666666666666666,0.8888888955116272,0.19444445023934046,14924.222894965278,5657.560546875,3703.170166015625,2109.5390625,3703.170166015625,2225.65185546875,36.381542801856995
test,dropout030_relay_failure,no_role_pair_gate,none,no_role_pair_gate,none,3,60,no_role_pair_gate,results/intercept_3d_gate1_hardened_safety_no_role_pair_gate_5seed_fixed_update60_candidate/runs/multi_relation/bc_ppo_seed3/actor_critic_update_0060.pt,310028,28,checkpoint,100,straight,True,True,80,0.2,1.0,0.3,0,0.0,1,40,80,True,1.0,1.0,1.0,0.029629630512661403,0.4222222275204129,0.7185185253620148,42.00740726557043,0.0,0.0,0.0,45.0,42.0,45.0,1.0,5.0,5.0,5.0,0.0,1.0,0.0,45.0,0.16666666666666666,0.8888888955116272,0.2500000074505806,14899.142078993056,5437.68115234375,3562.34033203125,988.6288452148438,3562.34033203125,988.6288452148438,37.255103677511215
test,dropout030_relay_failure,no_role_pair_gate,none,no_role_pair_gate,none,3,60,no_role_pair_gate,results/intercept_3d_gate1_hardened_safety_no_role_pair_gate_5seed_fixed_update60_candidate/runs/multi_relation/bc_ppo_seed3/actor_critic_update_0060.pt,310030,30,checkpoint,100,straight,True,True,80,0.2,1.0,0.3,0,0.0,1,40,80,True,1.0,1.0,1.0,0.029629630512661403,0.40740741226408217,0.6888888968361748,38.17777797778447,0.0,0.0,0.0,45.0,42.0,45.0,1.0,5.0,5.0,5.0,0.0,1.0,0.0,45.0,0.16666666666666666,0.777777781089147,0.19444445023934046,14944.23542751736,5658.45654296875,3783.461669921875,2175.427978515625,3783.461669921875,2175.427978515625,36.7877102792263
test,dropout030_relay_failure,no_role_pair_gate,none,no_role_pair_gate,none,3,60,no_role_pair_gate,results/intercept_3d_gate1_hardened_safety_no_role_pair_gate_5seed_fixed_update60_candidate/runs/multi_relation/bc_ppo_seed3/actor_critic_update_0060.pt,310032,32,checkpoint,100,straight,True,True,80,0.2,1.0,0.3,0,0.0,1,40,80,True,1.0,1.0,1.0,0.029629630512661403,0.4222222275204129,0.6962963064511617,44.85555572840902,0.0,0.0,0.0,45.0,42.0,45.0,1.0,5.0,5.0,5.0,0.0,1.0,0.0,45.0,0.16666666666666666,0.8888888955116272,0.2777777860562007,14891.022981770833,5462.26123046875,3744.27587890625,1458.2376708984375,3744.27587890625,1565.412353515625,36.99938690662384
test,dropout030_relay_failure,no_role_pair_gate,none,no_role_pair_gate,none,3,60,no_role_pair_gate,results/intercept_3d_gate1_hardened_safety_no_role_pair_gate_5seed_fixed_update60_candidate/runs/multi_relation/bc_ppo_seed3/actor_critic_update_0060.pt,310035,35,checkpoint,100,straight,True,True,80,0.2,1.0,0.3,0,0.0,1,40,80,True,1.0,1.0,1.0,0.029629630512661403,0.4370370414521959,0.6444444517294566,43.02592578596539,0.0,0.0,0.0,45.0,42.0,45.0,1.0,5.0,5.0,5.0,0.0,1.0,0.0,45.0,0.16666666666666666,1.0,0.19444445023934046,14884.314930555556,5385.2314453125,3723.834716796875,1239.337158203125,3723.834716796875,1239.337158203125,36.944570273160934
test,dropout030_relay_failure,no_role_pair_gate,none,no_role_pair_gate,none,3,60,no_role_pair_gate,results/intercept_3d_gate1_hardened_safety_no_role_pair_gate_5seed_fixed_update60_candidate/runs/multi_relation/bc_ppo_seed3/actor_critic_update_0060.pt,310039,39,checkpoint,100,straight,True,True,80,0.2,1.0,0.3,0,0.0,1,40,80,True,1.0,1.0,1.0,0.029629630512661403,0.42962963448630437,0.6851851903729969,42.00370351043012,0.0,0.0,0.0,45.0,42.0,45.0,1.0,5.0,5.0,5.0,0.0,1.0,0.0,45.0,0.16666666666666666,0.9444444477558136,0.3055555646618207,14888.738519965278,5431.96435546875,3721.12060546875,1045.408447265625,3721.12060546875,1045.408447265625,37.07856643199921
test,dropout030_relay_failure,no_role_pair_gate,none,no_role_pair_gate,none,3,60,no_role_pair_gate,results/intercept_3d_gate1_hardened_safety_no_role_pair_gate_5seed_fixed_update60_candidate/runs/multi_relation/bc_ppo_seed3/actor_critic_update_0060.pt,310045,45,checkpoint,100,straight,True,True,80,0.2,1.0,0.3,0,0.0,1,40,80,True,1.0,1.0,1.0,0.029629630512661403,0.42962963448630437,0.6444444533851411,44.029629950059785,0.0,0.0,0.0,45.0,42.0,45.0,1.0,5.0,5.0,5.0,0.0,1.0,0.0,45.0,0.16666666666666666,1.0,0.2500000074505806,14909.963726128472,5542.91845703125,3760.92333984375,1757.53369140625,3760.92333984375,1987.046875,36.70691579580307
test,dropout030_relay_failure,no_role_pair_gate,none,no_role_pair_gate,none,3,60,no_role_pair_gate,results/intercept_3d_gate1_hardened_safety_no_role_pair_gate_5seed_fixed_update60_candidate/runs/multi_relation/bc_ppo_seed3/actor_critic_update_0060.pt,310046,46,checkpoint,100,straight,True,True,80,0.2,1.0,0.3,0,0.0,1,40,80,True,1.0,1.0,1.0,0.029629630512661403,0.42962963448630437,0.6370370450947019,43.029629514283606,0.0,0.0,0.0,45.0,42.0,45.0,1.0,5.0,5.0,5.0,0.0,1.0,0.0,45.0,0.16666666666666666,1.0,0.2777777860562007,14909.154437934028,5480.42626953125,3756.760498046875,1632.9410400390625,3756.760498046875,1712.6588134765625,36.74292865395546
test,dropout030_relay_failure,no_role_pair_gate,none,no_role_pair_gate,none,3,60,no_role_pair_gate,results/intercept_3d_gate1_hardened_safety_no_role_pair_gate_5seed_fixed_update60_candidate/runs/multi_relation/bc_ppo_seed3/actor_critic_update_0060.pt,310007,7,checkpoint,100,straight,True,True,80,0.2,1.0,0.3,0,0.0,1,40,80,True,1.0,1.0,1.0,0.028985508110212242,0.4057971077120822,0.6630434847396353,41.213767864134,0.0,0.0,0.0,46.0,43.0,46.0,1.0,6.0,6.0,6.0,0.0,1.0,0.0,46.0,0.14285714285714285,0.761904776096344,0.21428572067192622,14751.067881708559,5306.51513671875,3909.410888671875,1505.2947998046875,3909.410888671875,1692.236572265625,36.76998493075371
test,dropout030_relay_failure,no_role_pair_gate,none,no_role_pair_gate,none,3,60,no_role_pair_gate,results/intercept_3d_gate1_hardened_safety_no_role_pair_gate_5seed_fixed_update60_candidate/runs/multi_relation/bc_ppo_seed3/actor_critic_update_0060.pt,310008,8,checkpoint,100,straight,True,True,80,0.2,1.0,0.3,0,0.0,1,40,80,True,1.0,1.0,1.0,0.028985508110212242,0.39130435365697613,0.6594202997891799,39.33333353601072,0.0,0.0,0.0,46.0,43.0,46.0,1.0,6.0,6.0,6.0,0.0,1.0,0.0,46.0,0.14285714285714285,0.6666666737624577,0.26190476971013205,14770.347199813179,5444.42724609375,3418.4619140625,2182.680419921875,3418.4619140625,2740.82568359375,36.515159994363785
test,dropout030_relay_failure,no_role_pair_gate,none,no_role_pair_gate,none,3,60,no_role_pair_gate,results/intercept_3d_gate1_hardened_safety_no_role_pair_gate_5seed_fixed_update60_candidate/runs/multi_relation/bc_ppo_seed3/actor_critic_update_0060.pt,310009,9,checkpoint,100,straight,True,True,80,0.2,1.0,0.3,0,0.0,1,40,80,True,1.0,1.0,1.0,0.028985508110212242,0.42028986111931177,0.594202907189079,40.42391335121963,0.0,0.0,0.0,46.0,43.0,46.0,1.0,6.0,6.0,6.0,0.0,1.0,0.0,46.0,0.14285714285714285,0.8095238208770752,0.28571429422923494,14744.334154211956,5177.11376953125,3616.7412109375,1185.0401611328125,3616.7412109375,1222.554443359375,36.60785287618637
test,dropout030_relay_failure,no_role_pair_gate,none,no_role_pair_gate,none,3,60,no_role_pair_gate,results/intercept_3d_gate1_hardened_safety_no_role_pair_gate_5seed_fixed_update60_candidate/runs/multi_relation/bc_ppo_seed3/actor_critic_update_0060.pt,310013,13,checkpoint,100,straight,True,True,80,0.2,1.0,0.3,0,0.0,1,40,80,True,1.0,1.0,1.0,0.028985508110212242,0.42028986111931177,0.6775362410623095,40.35507269138875,0.0,0.0,0.0,46.0,43.0,46.0,1.0,6.0,6.0,6.0,0.0,1.0,0.0,46.0,0.14285714285714285,0.8095238208770752,0.26190476971013205,14717.583506708559,5267.74951171875,3897.593017578125,1412.0413818359375,3897.593017578125,1598.707275390625,37.22729778289795
test,dropout030_relay_failure,no_role_pair_gate,none,no_role_pair_gate,none,3,60,no_role_pair_gate,results/intercept_3d_gate1_hardened_safety_no_role_pair_gate_5seed_fixed_update60_candidate/runs/multi_relation/bc_ppo_seed3/actor_critic_update_0060.pt,310023,23,checkpoint,100,straight,True,True,80,0.2,1.0,0.3,0,0.0,1,40,80,True,1.0,1.0,1.0,0.028985508110212242,0.4057971083599588,0.713768124256445,40.217391246038936,0.0,0.0,0.0,46.0,43.0,46.0,1.0,6.0,6.0,6.0,0.0,1.0,0.0,46.0,0.14285714285714285,0.7142857313156128,0.3095238187483379,14726.743429432745,5275.05908203125,3694.26318359375,1055.0069580078125,3694.26318359375,1130.48193359375,37.15831407904625
test,dropout030_relay_failure,no_role_pair_gate,none,no_role_pair_gate,none,3,60,no_role_pair_gate,results/intercept_3d_gate1_hardened_safety_no_role_pair_gate_5seed_fixed_update60_candidate/runs/multi_relation/bc_ppo_seed3/actor_critic_update_0060.pt,310025,25,checkpoint,100,straight,True,True,80,0.2,1.0,0.3,0,0.0,1,40,80,True,1.0,1.0,1.0,0.028985508110212242,0.4275362374989883,0.7065217462570771,44.04347796478997,0.0,0.0,0.0,46.0,43.0,46.0,1.0,6.0,6.0,6.0,0.0,1.0,0.0,46.0,0.14285714285714285,0.8571428656578064,0.26190476971013205,14692.755148182745,5165.01318359375,3608.905029296875,972.84130859375,3608.905029296875,972.84130859375,37.623995274305344
test,dropout030_relay_failure,no_role_pair_gate,none,no_role_pair_gate,none,3,60,no_role_pair_gate,results/intercept_3d_gate1_hardened_safety_no_role_pair_gate_5seed_fixed_update60_candidate/runs/multi_relation/bc_ppo_seed3/actor_critic_update_0060.pt,310033,33,checkpoint,100,straight,True,True,80,0.2,1.0,0.3,0,0.0,1,40,80,True,1.0,1.0,1.0,0.028985508110212242,0.39855073133240576,0.6376811664389528,41.31159426239522,0.0,0.0,0.0,46.0,43.0,46.0,1.0,6.0,6.0,6.0,0.0,1.0,0.0,46.0,0.14285714285714285,0.7142857313156128,0.23809524519102915,14762.826118800951,5280.1298828125,3685.088134765625,1151.0645751953125,3685.088134765625,1351.392822265625,36.458437114953995
test,dropout030_relay_failure,no_role_pair_gate,none,no_role_pair_gate,none,3,60,no_role_pair_gate,results/intercept_3d_gate1_hardened_safety_no_role_pair_gate_5seed_fixed_update60_candidate/runs/multi_relation/bc_ppo_seed3/actor_critic_update_0060.pt,310043,43,checkpoint,100,straight,True,True,80,0.2,1.0,0.3,0,0.0,1,40,80,True,1.0,1.0,1.0,0.028985508110212242,0.42028986111931177,0.6992753679337709,39.369565334980905,0.0,0.0,0.0,46.0,43.0,46.0,1.0,6.0,6.0,6.0,0.0,1.0,0.0,46.0,0.14285714285714285,0.8095238208770752,0.26190476971013205,14726.426428753397,5341.52587890625,3704.39990234375,1772.194580078125,3704.39990234375,1832.619384765625,37.46558392047882
test,dropout030_relay_failure,no_role_pair_gate,none,no_role_pair_gate,none,3,60,no_role_pair_gate,results/intercept_3d_gate1_hardened_safety_no_role_pair_gate_5seed_fixed_update60_candidate/runs/multi_relation/bc_ppo_seed3/actor_critic_update_0060.pt,310037,37,checkpoint,100,straight,True,True,80,0.2,1.0,0.3,0,0.0,1,40,80,True,1.0,1.0,1.0,0.02836879517169709,0.4184397230757044,0.6489361781389156,36.794326099309515,0.0,0.0,0.0,47.0,44.0,47.0,1.0,7.0,7.0,7.0,0.0,1.0,0.0,47.0,0.125,0.7500000149011612,0.27083334140479565,14544.191904920213,5079.92529296875,3626.563232421875,1289.338134765625,3626.563232421875,1881.758544921875,37.39502690732479
test,dropout030_relay_failure,no_role_pair_gate,none,no_role_pair_gate,none,3,60,no_role_pair_gate,results/intercept_3d_gate1_hardened_safety_no_role_pair_gate_5seed_fixed_update60_candidate/runs/multi_relation/bc_ppo_seed3/actor_critic_update_0060.pt,310047,47,checkpoint,100,straight,True,True,80,0.2,1.0,0.3,0,0.0,1,40,80,True,1.0,1.0,1.0,0.02836879517169709,0.4113475242827801,0.6737588716948286,45.06028377407409,0.0,0.0,0.0,47.0,44.0,47.0,1.0,7.0,7.0,7.0,0.0,1.0,0.0,47.0,0.125,0.7500000149011612,0.22916667349636555,14571.75018700133,4967.87548828125,3652.330322265625,1019.9068603515625,3652.330322265625,1022.2566528320312,37.275938510894775
test,dropout030_relay_failure,no_role_pair_gate,none,no_role_pair_gate,none,3,60,no_role_pair_gate,results/intercept_3d_gate1_hardened_safety_no_role_pair_gate_5seed_fixed_update60_candidate/runs/multi_relation/bc_ppo_seed3/actor_critic_update_0060.pt,310015,15,checkpoint,100,straight,True,True,80,0.2,1.0,0.3,0,0.0,1,40,80,True,1.0,1.0,1.0,0.027777778605620067,0.3888888967533906,0.5937500068296989,42.63888878623644,0.0,0.0,0.0,48.0,45.0,48.0,1.0,8.0,8.0,8.0,0.0,1.0,0.0,48.0,0.1111111111111111,0.6666666865348816,0.24074074791537392,14498.82671101888,5113.90673828125,3906.568603515625,1682.4212646484375,3906.568603515625,2641.909912109375,36.17579731345177
test,dropout030_relay_failure,no_role_pair_gate,none,no_role_pair_gate,none,3,60,no_role_pair_gate,results/intercept_3d_gate1_hardened_safety_no_role_pair_gate_5seed_fixed_update60_candidate/runs/multi_relation/bc_ppo_seed3/actor_critic_update_0060.pt,310012,12,checkpoint,100,straight,True,True,80,0.2,1.0,0.3,0,0.0,1,40,80,True,1.0,1.0,1.0,0.017031630677898434,0.2311435572422334,0.23479319075598334,43.36861316087472,0.0,0.0,0.0,137.0,43.0,137.0,1.0,97.0,97.0,97.0,0.0,1.0,0.0,137.0,0.0,0.1500000037252903,0.047916668094694616,11070.238083442633,12406.8408203125,2184.23388671875,1347.9378662109375,4704.9052734375,9981.7841796875,33.39083783235401
test,dropout030_relay_failure,no_role_pair_gate,none,no_role_pair_gate,none,3,60,no_role_pair_gate,results/intercept_3d_gate1_hardened_safety_no_role_pair_gate_5seed_fixed_update60_candidate/runs/multi_relation/bc_ppo_seed3/actor_critic_update_0060.pt,310018,18,checkpoint,100,straight,True,True,80,0.2,1.0,0.3,0,0.0,1,40,80,True,1.0,1.0,1.0,0.009732360387370534,0.22141119794253886,0.25060827692929843,39.40632624674017,0.0,0.0,0.0,137.0,134.0,137.0,1.0,97.0,97.0,97.0,0.0,1.0,0.0,137.0,0.0,0.09583333618938923,0.07500000223517418,10784.044093222514,9508.7626953125,2898.334228515625,572.8937377929688,4639.2470703125,10433.7890625,34.841484364587814
test,dropout030_relay_failure,no_role_pair_gate,none,no_role_pair_gate,none,3,60,no_role_pair_gate,results/intercept_3d_gate1_hardened_safety_no_role_pair_gate_5seed_fixed_update60_candidate/runs/multi_relation/bc_ppo_seed3/actor_critic_update_0060.pt,310038,38,checkpoint,100,straight,True,True,80,0.2,1.0,0.3,0,0.0,1,40,80,True,1.0,1.0,1.0,0.009661836036737415,0.19323671943899515,0.22584541347147763,45.29951722315256,0.0,0.0,0.0,138.0,135.0,138.0,1.0,98.0,98.0,98.0,0.0,1.0,0.0,138.0,0.0,0.10416666977107525,0.047916668094694616,10860.537181909534,10106.162109375,3280.6533203125,905.9217529296875,4569.00537109375,10374.6884765625,31.035379637032747
test,dropout030_relay_failure,no_role_pair_gate,none,no_role_pair_gate,none,3,60,no_role_pair_gate,results/intercept_3d_gate1_hardened_safety_no_role_pair_gate_5seed_fixed_update60_candidate/runs/multi_relation/bc_ppo_seed3/actor_critic_update_0060.pt,310004,4,checkpoint,100,straight,True,True,80,0.2,1.0,0.3,0,0.0,1,40,80,True,1.0,1.0,1.0,0.00888888915379842,0.20444444914658863,0.21333333641290664,49.93666613797347,0.0,0.0,0.0,150.0,147.0,150.0,1.0,110.0,110.0,110.0,0.0,1.0,0.0,150.0,0.0,0.12500000335276126,0.05416666828095913,10853.332288411459,10008.2177734375,2555.970458984375,662.4019775390625,4753.4853515625,9424.80859375,32.37927317991853
test,dropout030_relay_failure,no_role_pair_gate,none,no_role_pair_gate,none,3,60,no_role_pair_gate,results/intercept_3d_gate1_hardened_safety_no_role_pair_gate_5seed_fixed_update60_candidate/runs/multi_relation/bc_ppo_seed3/actor_critic_update_0060.pt,310049,49,checkpoint,100,straight,True,True,80,0.2,1.0,0.3,0,0.0,1,40,80,True,1.0,1.0,1.0,0.00888888915379842,0.18888889332612355,0.21222222596406937,42.428888928095496,0.0,0.0,0.0,150.0,147.0,150.0,1.0,110.0,110.0,110.0,0.0,1.0,0.0,150.0,0.0,0.08333333544433116,0.06458333525806666,10865.715751953125,8863.5263671875,3169.348876953125,1243.863037109375,4384.85693359375,9044.3564453125,33.10701905377209
test,dropout030_relay_failure,no_role_pair_gate,none,no_role_pair_gate,none,3,60,no_role_pair_gate,results/intercept_3d_gate1_hardened_safety_no_role_pair_gate_5seed_fixed_update60_candidate/runs/multi_relation/bc_ppo_seed3/actor_critic_update_0060.pt,310024,24,checkpoint,100,straight,True,True,80,0.2,1.0,0.3,0,0.0,1,40,80,True,1.0,1.0,1.0,0.008130081543108313,0.21951220075531705,0.22967479977665878,52.023373469619486,0.0,0.0,0.0,164.0,161.0,164.0,1.0,124.0,124.0,124.0,0.0,1.0,0.0,164.0,0.0,0.10000000298023223,0.06875000204890966,11669.425379311166,11521.59375,1764.3411865234375,589.078857421875,1764.3411865234375,6369.33740234375,32.625402711797506
test,dropout030_relay_failure,no_role_pair_gate,none,no_role_pair_gate,none,3,60,no_role_pair_gate,results/intercept_3d_gate1_hardened_safety_no_role_pair_gate_5seed_fixed_update60_candidate/runs/multi_relation/bc_ppo_seed3/actor_critic_update_0060.pt,310040,40,checkpoint,100,straight,True,True,80,0.2,1.0,0.3,0,0.0,1,40,80,True,1.0,1.0,1.0,0.013888889302810034,0.3253968333204587,0.23313492403498717,53.30952325099636,0.0,0.0,0.0,168.0,42.0,168.0,1.0,128.0,128.0,128.0,0.0,1.0,0.0,168.0,0.0,0.14583333618938923,0.06666666865348816,11250.893800281343,10770.4111328125,412.2842712402344,1090.3955078125,532.1063232421875,4282.64208984375,44.95522760506719
test,dropout030_relay_failure,no_role_pair_gate,none,no_role_pair_gate,none,3,60,no_role_pair_gate,results/intercept_3d_gate1_hardened_safety_no_role_pair_gate_5seed_fixed_update60_candidate/runs/multi_relation/bc_ppo_seed3/actor_critic_update_0060.pt,310014,14,checkpoint,100,straight,True,True,80,0.2,1.0,0.3,0,0.0,1,40,80,True,1.0,1.0,1.0,0.007707129324102677,0.3063583897717426,0.2302504859735511,52.842003855746604,0.0,0.0,0.0,173.0,170.0,173.0,1.0,133.0,133.0,133.0,0.0,1.0,0.0,173.0,0.0,0.13750000409781932,0.07083333544433117,12523.199002833724,18699.302734375,678.5642700195312,857.1829223632812,3168.80859375,2020.5565185546875,35.562389397993684
test,dropout030_relay_failure,no_role_pair_gate,none,no_role_pair_gate,none,3,60,no_role_pair_gate,results/intercept_3d_gate1_hardened_safety_no_role_pair_gate_5seed_fixed_update60_candidate/runs/multi_relation/bc_ppo_seed3/actor_critic_update_0060.pt,310044,44,checkpoint,100,straight,True,True,80,0.2,1.0,0.3,0,0.0,1,40,80,True,1.0,1.0,1.0,0.01075268849249809,0.24731183388540823,0.20878136526512844,56.6684583321374,0.0,0.0,0.0,186.0,42.0,186.0,1.0,146.0,146.0,146.0,0.0,1.0,0.0,186.0,0.0,0.07083333432674407,0.06458333525806666,12099.799496230258,14278.1689453125,292.34185791015625,830.73779296875,4000.49560546875,4022.560302734375,34.62581834057346
test,dropout030_relay_failure,no_role_pair_gate,none,no_role_pair_gate,none,3,60,no_role_pair_gate,results/intercept_3d_gate1_hardened_safety_no_role_pair_gate_5seed_fixed_update60_candidate/runs/multi_relation/bc_ppo_seed3/actor_critic_update_0060.pt,310005,5,checkpoint,100,straight,True,True,80,0.2,1.0,0.3,0,0.0,1,40,80,True,1.0,1.0,1.0,0.012411347887617476,0.23404255905684004,0.2278368837655859,45.67464543894884,0.0,0.0,0.0,188.0,42.0,188.0,1.0,148.0,148.0,148.0,0.0,1.0,0.0,188.0,0.0,0.08750000186264514,0.06875000204890966,11550.547002264793,13838.8740234375,1653.7900390625,826.9002685546875,4603.68408203125,2681.971923828125,39.052799209952354
test,dropout030_relay_failure,no_role_pair_gate,none,no_role_pair_gate,none,3,60,no_role_pair_gate,results/intercept_3d_gate1_hardened_safety_no_role_pair_gate_5seed_fixed_update60_candidate/runs/multi_relation/bc_ppo_seed3/actor_critic_update_0060.pt,310016,16,checkpoint,100,straight,True,True,80,0.2,1.0,0.3,0,0.0,1,40,80,True,1.0,1.0,1.0,0.008771930085985284,0.2280701806670741,0.23859649543699465,45.29649132654855,0.0,0.0,0.0,190.0,43.0,190.0,1.0,150.0,150.0,150.0,0.0,1.0,0.0,190.0,0.0,0.08750000111758709,0.06041666846722364,11500.809765625,13762.5625,1647.90576171875,780.9573974609375,4792.42724609375,2866.205078125,37.82146250130609
test,dropout030_relay_failure,no_role_pair_gate,none,no_role_pair_gate,none,3,60,no_role_pair_gate,results/intercept_3d_gate1_hardened_safety_no_role_pair_gate_5seed_fixed_update60_candidate/runs/multi_relation/bc_ppo_seed3/actor_critic_update_0060.pt,310019,19,checkpoint,100,straight,True,True,80,0.2,1.0,0.3,0,0.0,1,40,80,True,1.0,1.0,1.0,0.006980803000365252,0.21116928966881718,0.22862129514129997,50.19720772587504,0.0,0.0,0.0,191.0,188.0,191.0,1.0,151.0,151.0,151.0,0.0,1.0,0.0,191.0,0.0,0.08333333544433116,0.07500000223517418,11263.836824586879,10903.64453125,1211.184326171875,1661.3385009765625,1229.2999267578125,5706.89794921875,33.65790426323656
test,dropout030_relay_failure,no_role_pair_gate,none,no_role_pair_gate,none,3,60,no_role_pair_gate,results/intercept_3d_gate1_hardened_safety_no_role_pair_gate_5seed_fixed_update60_candidate/runs/multi_relation/bc_ppo_seed3/actor_critic_update_0060.pt,310000,0,checkpoint,100,straight,True,True,80,0.2,1.0,0.3,0,0.0,1,40,80,True,1.0,1.0,1.0,0.008591065548129917,0.20962199799178802,0.20103093144512668,61.23883228157599,0.0,0.0,0.0,194.0,43.0,194.0,1.0,154.0,154.0,154.0,0.0,1.0,0.0,194.0,0.0,0.07083333432674407,0.07708333563059569,12260.879383205138,14182.5068359375,2377.2041015625,1162.8138427734375,4097.2548828125,5396.81689453125,29.76824806886725
test,dropout030_relay_failure,no_role_pair_gate,none,no_role_pair_gate,none,3,60,no_role_pair_gate,results/intercept_3d_gate1_hardened_safety_no_role_pair_gate_5seed_fixed_update60_candidate/runs/multi_relation/bc_ppo_seed3/actor_critic_update_0060.pt,310048,48,checkpoint,100,straight,True,True,80,0.2,1.0,0.3,0,0.0,1,40,80,True,1.0,1.0,1.0,0.010204081936758392,0.21428571930345225,0.20918367696659906,50.46598594209978,0.0,0.0,0.0,196.0,42.0,196.0,1.0,156.0,156.0,156.0,0.0,1.0,0.0,196.0,0.0,0.09166666828095912,0.06458333525806666,11341.741045270648,11628.3544921875,1229.4613037109375,1659.0316162109375,1727.2708740234375,5169.935546875,34.30116093310062
test,dropout030_relay_failure,no_role_pair_gate,none,no_role_pair_gate,none,3,60,no_role_pair_gate,results/intercept_3d_gate1_hardened_safety_no_role_pair_gate_5seed_fixed_update60_candidate/runs/multi_relation/bc_ppo_seed3/actor_critic_update_0060.pt,310017,17,checkpoint,100,straight,True,True,80,0.2,1.0,0.3,0,0.0,1,40,80,True,1.0,1.0,1.0,0.006472492102280404,0.2071197468389585,0.21440129900730928,62.31553441966043,0.0,0.0,0.0,206.0,203.0,206.0,1.0,166.0,166.0,166.0,0.0,1.0,0.0,206.0,0.0,0.12083333693444728,0.07083333544433117,14589.094058138653,25179.6171875,840.1806640625,999.9922485351562,4839.5166015625,7024.5517578125,21.211987955495715
test,dropout030_relay_failure,no_role_pair_gate,none,no_role_pair_gate,none,3,60,no_role_pair_gate,results/intercept_3d_gate1_hardened_safety_no_role_pair_gate_5seed_fixed_update60_candidate/runs/multi_relation/bc_ppo_seed3/actor_critic_update_0060.pt,310002,2,checkpoint,100,straight,True,True,80,0.2,1.0,0.3,0,0.0,1,40,80,True,1.0,1.0,1.0,0.008130081543108313,0.21002710556111684,0.19376694150571902,58.21815669270066,0.0,0.0,0.0,246.0,42.0,246.0,1.0,206.0,206.0,206.0,0.0,1.0,0.0,246.0,0.0,0.10000000186264515,0.07291666883975267,14815.545255335366,24417.212890625,449.49090576171875,1952.588134765625,4460.3134765625,18069.81640625,25.832180673256516
test,dropout030_relay_failure,no_role_pair_gate,none,no_role_pair_gate,none,3,60,no_role_pair_gate,results/intercept_3d_gate1_hardened_safety_no_role_pair_gate_5seed_fixed_update60_candidate/runs/multi_relation/bc_ppo_seed3/actor_critic_update_0060.pt,310001,1,checkpoint,100,straight,True,True,80,0.2,1.0,0.3,0,0.0,1,40,80,True,0.0,0.0,0.0,0.0,0.1448717983869406,0.13461538622012506,96.22371914060069,0.0,1.0,0.0,260.0,-1.0,-1.0,0.0,220.0,220.0,-1.0,0.0,0.0,1.0,-1.0,0.0,0.12083333656191826,0.06666666865348816,11485.53930476262,18093.076171875,957.110107421875,472.2132873535156,7496.443359375,9995.2734375,7.757214721990749
test,dropout030_relay_failure,no_role_pair_gate,none,no_role_pair_gate,none,3,60,no_role_pair_gate,results/intercept_3d_gate1_hardened_safety_no_role_pair_gate_5seed_fixed_update60_candidate/runs/multi_relation/bc_ppo_seed3/actor_critic_update_0060.pt,310010,10,checkpoint,100,straight,True,True,80,0.2,1.0,0.3,0,0.0,1,40,80,True,0.0,0.0,0.0,0.0,0.09743590011046482,0.13461538644937368,95.5250000254466,0.0,1.0,0.0,260.0,-1.0,-1.0,0.0,220.0,220.0,-1.0,0.0,0.0,1.0,-1.0,0.0,0.10416666977107525,0.06458333525806666,13841.330898813101,20777.900390625,2634.378173828125,795.1885375976562,5648.9970703125,20288.533203125,1.5630303854704835
test,dropout030_relay_failure,no_role_pair_gate,none,no_role_pair_gate,none,3,60,no_role_pair_gate,results/intercept_3d_gate1_hardened_safety_no_role_pair_gate_5seed_fixed_update60_candidate/runs/multi_relation/bc_ppo_seed3/actor_critic_update_0060.pt,310020,20,checkpoint,100,straight,True,True,80,0.2,1.0,0.3,0,0.0,1,40,80,True,0.0,0.0,1.0,0.012820513202593876,0.13974359333515168,0.17948718265845226,77.95769224080902,0.0,1.0,0.0,260.0,184.0,-1.0,0.0,220.0,220.0,-1.0,0.0,0.0,1.0,-1.0,0.0,0.07500000223517418,0.06875000204890966,13903.765868201623,25210.908203125,522.0932006835938,1066.20703125,5217.29052734375,14796.0087890625,14.15653369948268
test,dropout030_relay_failure,no_role_pair_gate,none,no_role_pair_gate,none,3,60,no_role_pair_gate,results/intercept_3d_gate1_hardened_safety_no_role_pair_gate_5seed_fixed_update60_candidate/runs/multi_relation/bc_ppo_seed3/actor_critic_update_0060.pt,310027,27,checkpoint,100,straight,True,True,80,0.2,1.0,0.3,0,0.0,1,40,80,True,0.0,0.0,1.0,0.006410256601296938,0.11153846371632356,0.16282051572432885,78.99743559194299,0.0,1.0,0.0,260.0,124.0,-1.0,0.0,220.0,220.0,-1.0,0.0,0.0,1.0,-1.0,0.0,0.15416667014360427,0.05416666828095913,12264.51317983774,20665.126953125,1566.8265380859375,1188.1566162109375,10027.32421875,19916.544921875,6.95282481238246
test,dropout030_relay_failure,no_role_pair_gate,none,no_role_pair_gate,none,3,60,no_role_pair_gate,results/intercept_3d_gate1_hardened_safety_no_role_pair_gate_5seed_fixed_update60_candidate/runs/multi_relation/bc_ppo_seed3/actor_critic_update_0060.pt,310031,31,checkpoint,100,straight,True,True,80,0.2,1.0,0.3,0,0.0,1,40,80,True,0.0,0.0,0.0,0.0,0.10641025935228055,0.13589743817081817,95.616666668195,0.0,1.0,0.0,260.0,-1.0,-1.0,0.0,220.0,220.0,-1.0,0.0,0.0,1.0,-1.0,0.0,0.08750000260770321,0.08750000260770321,14014.934074519231,19943.923828125,2422.05322265625,938.7489013671875,5469.8623046875,17396.70703125,3.35440992040094
test,dropout030_relay_failure,no_role_pair_gate,none,no_role_pair_gate,none,3,60,no_role_pair_gate,results/intercept_3d_gate1_hardened_safety_no_role_pair_gate_5seed_fixed_update60_candidate/runs/multi_relation/bc_ppo_seed3/actor_critic_update_0060.pt,310036,36,checkpoint,100,straight,True,True,80,0.2,1.0,0.3,0,0.0,1,40,80,True,0.0,0.0,0.0,0.0,0.139743593449776,0.16282051572432885,83.7102563361709,0.0,1.0,0.0,260.0,-1.0,-1.0,0.0,220.0,220.0,-1.0,0.0,0.0,1.0,-1.0,0.0,0.11666667014360428,0.07291666883975267,10708.460697115384,13672.6669921875,615.7202758789062,633.5418090820312,8012.23974609375,4795.40625,11.956634244415909
test,dropout030_relay_failure,no_role_pair_gate,none,no_role_pair_gate,none,3,60,no_role_pair_gate,results/intercept_3d_gate1_hardened_safety_no_role_pair_gate_5seed_fixed_update60_candidate/runs/multi_relation/bc_ppo_seed3/actor_critic_update_0060.pt,310042,42,checkpoint,100,straight,True,True,80,0.2,1.0,0.3,0,0.0,1,40,80,True,0.0,0.0,0.0,0.0,0.13205128506972239,0.12500000171936476,95.43205129051438,0.0,1.0,0.0,260.0,-1.0,-1.0,0.0,220.0,220.0,-1.0,0.0,0.0,1.0,-1.0,0.0,0.12916666977107524,0.05416666828095913,12687.769465519832,21298.330078125,704.4487915039062,615.2991943359375,9695.9267578125,22522.212890625,3.9350669411360286
test,dropout030_relay_failure,no_role_pair_gate,none,no_role_pair_gate,none,3,60,no_role_pair_gate,results/intercept_3d_gate1_hardened_safety_no_role_pair_gate_5seed_fixed_update60_candidate/runs/multi_relation/bc_ppo_seed3/actor_critic_update_0060.pt,310058,58,checkpoint,100,straight,True,True,80,0.2,1.0,0.3,0,0.0,1,40,80,True,1.0,1.0,1.0,0.03030303120613098,0.4166666716337204,0.6742424297739159,43.950757112692706,0.0,0.0,0.0,44.0,41.0,44.0,1.0,4.0,4.0,4.0,0.0,1.0,0.0,44.0,0.2,1.0,0.23333334028720856,15141.435857599432,5859.04541015625,3802.503173828125,1560.5997314453125,3802.503173828125,1560.5997314453125,36.218461230397224
test,dropout030_relay_failure,no_role_pair_gate,none,no_role_pair_gate,none,3,60,no_role_pair_gate,results/intercept_3d_gate1_hardened_safety_no_role_pair_gate_5seed_fixed_update60_candidate/runs/multi_relation/bc_ppo_seed3/actor_critic_update_0060.pt,310059,59,checkpoint,100,straight,True,True,80,0.2,1.0,0.3,0,0.0,1,40,80,True,1.0,1.0,1.0,0.03030303120613098,0.40909091383218765,0.6628787940876051,43.99621205980127,0.0,0.0,0.0,44.0,41.0,44.0,1.0,4.0,4.0,4.0,0.0,1.0,0.0,44.0,0.2,1.0,0.20000000596046447,15175.889149058949,5942.50634765625,3829.099609375,1644.80908203125,3829.099609375,1644.80908203125,35.793977588415146
test,dropout030_relay_failure,no_role_pair_gate,none,no_role_pair_gate,none,3,60,no_role_pair_gate,results/intercept_3d_gate1_hardened_safety_no_role_pair_gate_5seed_fixed_update60_candidate/runs/multi_relation/bc_ppo_seed3/actor_critic_update_0060.pt,310066,66,checkpoint,100,straight,True,True,80,0.2,1.0,0.3,0,0.0,1,40,80,True,1.0,1.0,1.0,0.03030303120613098,0.4166666716337204,0.6628787944262678,40.96969697624445,0.0,0.0,0.0,44.0,41.0,44.0,1.0,4.0,4.0,4.0,0.0,1.0,0.0,44.0,0.2,1.0,0.1666666716337204,15174.699740323153,5966.21142578125,3796.240478515625,1708.555419921875,3796.240478515625,1755.55224609375,36.13724759221077
test,dropout030_relay_failure,no_role_pair_gate,none,no_role_pair_gate,none,3,60,no_role_pair_gate,results/intercept_3d_gate1_hardened_safety_no_role_pair_gate_5seed_fixed_update60_candidate/runs/multi_relation/bc_ppo_seed3/actor_critic_update_0060.pt,310079,79,checkpoint,100,straight,True,True,80,0.2,1.0,0.3,0,0.0,1,40,80,True,1.0,1.0,1.0,0.03030303120613098,0.4166666716337204,0.6666666746816852,42.07575734162872,0.0,0.0,0.0,44.0,41.0,44.0,1.0,4.0,4.0,4.0,0.0,1.0,0.0,44.0,0.2,1.0,0.23333334028720856,15186.379161487926,6026.81103515625,3828.371337890625,1892.7607421875,3828.371337890625,2044.1673583984375,36.041613817214966
test,dropout030_relay_failure,no_role_pair_gate,none,no_role_pair_gate,none,3,60,no_role_pair_gate,results/intercept_3d_gate1_hardened_safety_no_role_pair_gate_5seed_fixed_update60_candidate/runs/multi_relation/bc_ppo_seed3/actor_critic_update_0060.pt,310052,52,checkpoint,100,straight,True,True,80,0.2,1.0,0.3,0,0.0,1,40,80,True,1.0,1.0,1.0,0.029629630512661403,0.42962963448630437,0.7185185240374671,41.02222205764718,0.0,0.0,0.0,45.0,42.0,45.0,1.0,5.0,5.0,5.0,0.0,1.0,0.0,45.0,0.16666666666666666,1.0,0.2500000074505806,14912.033973524305,5421.490234375,3561.58154296875,1604.507080078125,3561.58154296875,1689.03076171875,37.533407330513
test,dropout030_relay_failure,no_role_pair_gate,none,no_role_pair_gate,none,3,60,no_role_pair_gate,results/intercept_3d_gate1_hardened_safety_no_role_pair_gate_5seed_fixed_update60_candidate/runs/multi_relation/bc_ppo_seed3/actor_critic_update_0060.pt,310062,62,checkpoint,100,straight,True,True,80,0.2,1.0,0.3,0,0.0,1,40,80,True,1.0,1.0,1.0,0.029629630512661403,0.42962963448630437,0.6518518603510327,44.06666664050685,0.0,0.0,0.0,45.0,42.0,45.0,1.0,5.0,5.0,5.0,0.0,1.0,0.0,45.0,0.16666666666666666,1.0,0.19444445023934046,14919.071430121528,5525.45654296875,3885.022705078125,1370.0882568359375,3885.022705078125,1370.0882568359375,36.73005470633507
test,dropout030_relay_failure,no_role_pair_gate,none,no_role_pair_gate,none,3,60,no_role_pair_gate,results/intercept_3d_gate1_hardened_safety_no_role_pair_gate_5seed_fixed_update60_candidate/runs/multi_relation/bc_ppo_seed3/actor_critic_update_0060.pt,310065,65,checkpoint,100,straight,True,True,80,0.2,1.0,0.3,0,0.0,1,40,80,True,1.0,1.0,1.0,0.029629630512661403,0.41481482055452135,0.6925925989945729,39.11111077467601,0.0,0.0,0.0,45.0,42.0,45.0,1.0,5.0,5.0,5.0,0.0,1.0,0.0,45.0,0.16666666666666666,0.8333333432674408,0.22222222884496054,14915.343923611112,5551.20263671875,3693.178466796875,1273.8406982421875,3693.178466796875,1273.8406982421875,36.88672249019146
test,dropout030_relay_failure,no_role_pair_gate,none,no_role_pair_gate,none,3,60,no_role_pair_gate,results/intercept_3d_gate1_hardened_safety_no_role_pair_gate_5seed_fixed_update60_candidate/runs/multi_relation/bc_ppo_seed3/actor_critic_update_0060.pt,310078,78,checkpoint,100,straight,True,True,80,0.2,1.0,0.3,0,0.0,1,40,80,True,1.0,1.0,1.0,0.029629630512661403,0.4370370414521959,0.6296296394533581,45.94814792440997,0.0,0.0,0.0,45.0,42.0,45.0,1.0,5.0,5.0,5.0,0.0,1.0,0.0,45.0,0.16666666666666666,1.0,0.19444445023934046,14921.770345052084,5481.740234375,3672.345458984375,1282.054931640625,3672.345458984375,1282.054931640625,36.56800079345703
test,dropout030_relay_failure,no_role_pair_gate,none,no_role_pair_gate,none,3,60,no_role_pair_gate,results/intercept_3d_gate1_hardened_safety_no_role_pair_gate_5seed_fixed_update60_candidate/runs/multi_relation/bc_ppo_seed3/actor_critic_update_0060.pt,310081,81,checkpoint,100,straight,True,True,80,0.2,1.0,0.3,0,0.0,1,40,80,True,1.0,1.0,1.0,0.029629630512661403,0.42962963448630437,0.6740740802552965,43.05925926036305,0.0,0.0,0.0,45.0,42.0,45.0,1.0,5.0,5.0,5.0,0.0,1.0,0.0,45.0,0.16666666666666666,1.0,0.13888889302810034,14959.210319010417,5583.26708984375,3589.564697265625,1729.4906005859375,3589.564697265625,1877.18896484375,36.91640681028366
test,dropout030_relay_failure,no_role_pair_gate,none,no_role_pair_gate,none,3,60,no_role_pair_gate,results/intercept_3d_gate1_hardened_safety_no_role_pair_gate_5seed_fixed_update60_candidate/runs/multi_relation/bc_ppo_seed3/actor_critic_update_0060.pt,310083,83,checkpoint,100,straight,True,True,80,0.2,1.0,0.3,0,0.0,1,40,80,True,1.0,1.0,1.0,0.029629630512661403,0.4370370414521959,0.6740740842289394,42.01111105912261,0.0,0.0,0.0,45.0,42.0,45.0,1.0,5.0,5.0,5.0,0.0,1.0,0.0,45.0,0.16666666666666666,1.0,0.2500000074505806,14910.287326388889,5483.17333984375,3809.4248046875,1580.40771484375,3809.4248046875,1643.4344482421875,37.13030457496643
test,dropout030_relay_failure,no_role_pair_gate,none,no_role_pair_gate,none,3,60,no_role_pair_gate,results/intercept_3d_gate1_hardened_safety_no_role_pair_gate_5seed_fixed_update60_candidate/runs/multi_relation/bc_ppo_seed3/actor_critic_update_0060.pt,310084,84,checkpoint,100,straight,True,True,80,0.2,1.0,0.3,0,0.0,1,40,80,True,1.0,1.0,1.0,0.029629630512661403,0.42962963448630437,0.6185185266865625,43.05555555820465,0.0,0.0,0.0,45.0,42.0,45.0,1.0,5.0,5.0,5.0,0.0,1.0,0.0,45.0,0.16666666666666666,1.0,0.22222222884496054,14930.894715711805,5570.48828125,3608.96484375,1922.0950927734375,3608.96484375,2316.6806640625,36.51139596104622
test,dropout030_relay_failure,no_role_pair_gate,none,no_role_pair_gate,none,3,60,no_role_pair_gate,results/intercept_3d_gate1_hardened_safety_no_role_pair_gate_5seed_fixed_update60_candidate/runs/multi_relation/bc_ppo_seed3/actor_critic_update_0060.pt,310091,91,checkpoint,100,straight,True,True,80,0.2,1.0,0.3,0,0.0,1,40,80,True,1.0,1.0,1.0,0.029629630512661403,0.42962963448630437,0.6777777853939269,41.05925942394469,0.0,0.0,0.0,45.0,42.0,45.0,1.0,5.0,5.0,5.0,0.0,1.0,0.0,45.0,0.16666666666666666,1.0,0.2500000074505806,14934.10109592014,5454.77490234375,3517.4931640625,1506.4202880859375,3517.4931640625,1527.948974609375,37.24018004536629
test,dropout030_relay_failure,no_role_pair_gate,none,no_role_pair_gate,none,3,60,no_role_pair_gate,results/intercept_3d_gate1_hardened_safety_no_role_pair_gate_5seed_fixed_update60_candidate/runs/multi_relation/bc_ppo_seed3/actor_critic_update_0060.pt,310093,93,checkpoint,100,straight,True,True,80,0.2,1.0,0.3,0,0.0,1,40,80,True,1.0,1.0,1.0,0.029629630512661403,0.4222222275204129,0.6444444523917304,41.166666833559674,0.0,0.0,0.0,45.0,42.0,45.0,1.0,5.0,5.0,5.0,0.0,1.0,0.0,45.0,0.16666666666666666,0.8888888955116272,0.22222222884496054,14927.955381944445,5499.75732421875,3701.62744140625,1514.1917724609375,3701.62744140625,1668.3536376953125,36.606589674949646
test,dropout030_relay_failure,no_role_pair_gate,none,no_role_pair_gate,none,3,60,no_role_pair_gate,results/intercept_3d_gate1_hardened_safety_no_role_pair_gate_5seed_fixed_update60_candidate/runs/multi_relation/bc_ppo_seed3/actor_critic_update_0060.pt,310061,61,checkpoint,100,straight,True,True,80,0.2,1.0,0.3,0,0.0,1,40,80,True,1.0,1.0,1.0,0.028985508110212242,0.39130435495272925,0.648550733923912,38.416666780153044,0.0,0.0,0.0,46.0,43.0,46.0,1.0,6.0,6.0,6.0,0.0,1.0,0.0,46.0,0.14285714285714285,0.7142857313156128,0.3095238187483379,14784.823231572691,5395.4296875,3678.583740234375,1785.735107421875,3678.583740234375,2515.006591796875,36.35497188568115
test,dropout030_relay_failure,no_role_pair_gate,none,no_role_pair_gate,none,3,60,no_role_pair_gate,results/intercept_3d_gate1_hardened_safety_no_role_pair_gate_5seed_fixed_update60_candidate/runs/multi_relation/bc_ppo_seed3/actor_critic_update_0060.pt,310063,63,checkpoint,100,straight,True,True,80,0.2,1.0,0.3,0,0.0,1,40,80,True,1.0,1.0,1.0,0.028985508110212242,0.41304348409175873,0.6775362404144328,41.23188420255547,0.0,0.0,0.0,46.0,43.0,46.0,1.0,6.0,6.0,6.0,0.0,1.0,0.0,46.0,0.14285714285714285,0.8095238208770752,0.28571429422923494,14717.085141389267,5255.13623046875,3777.546630859375,1393.837158203125,3777.546630859375,1628.012451171875,36.98541325330734
test,dropout030_relay_failure,no_role_pair_gate,none,no_role_pair_gate,none,3,60,no_role_pair_gate,results/intercept_3d_gate1_hardened_safety_no_role_pair_gate_5seed_fixed_update60_candidate/runs/multi_relation/bc_ppo_seed3/actor_critic_update_0060.pt,310064,64,checkpoint,100,straight,True,True,80,0.2,1.0,0.3,0,0.0,1,40,80,True,1.0,1.0,1.0,0.028985508110212242,0.4275362374989883,0.6666666739012884,44.12318801944671,0.0,0.0,0.0,46.0,43.0,46.0,1.0,6.0,6.0,6.0,0.0,1.0,0.0,46.0,0.14285714285714285,0.8571428656578064,0.21428572067192622,14692.560355808424,5206.81787109375,3447.392333984375,1642.95947265625,3447.392333984375,2131.09033203125,37.277124017477036
test,dropout030_relay_failure,no_role_pair_gate,none,no_role_pair_gate,none,3,60,no_role_pair_gate,results/intercept_3d_gate1_hardened_safety_no_role_pair_gate_5seed_fixed_update60_candidate/runs/multi_relation/bc_ppo_seed3/actor_critic_update_0060.pt,310067,67,checkpoint,100,straight,True,True,80,0.2,1.0,0.3,0,0.0,1,40,80,True,1.0,1.0,1.0,0.028985508110212242,0.4057971083599588,0.6775362391186797,38.3405797076614,0.0,0.0,0.0,46.0,43.0,46.0,1.0,6.0,6.0,6.0,0.0,1.0,0.0,46.0,0.14285714285714285,0.761904776096344,0.23809524519102915,14743.626666525135,5377.068359375,3714.2626953125,1709.041015625,3714.2626953125,2057.0068359375,36.908505976200104
test,dropout030_relay_failure,no_role_pair_gate,none,no_role_pair_gate,none,3,60,no_role_pair_gate,results/intercept_3d_gate1_hardened_safety_no_role_pair_gate_5seed_fixed_update60_candidate/runs/multi_relation/bc_ppo_seed3/actor_critic_update_0060.pt,310068,68,checkpoint,100,straight,True,True,80,0.2,1.0,0.3,0,0.0,1,40,80,True,1.0,1.0,1.0,0.028985508110212242,0.4130434847396353,0.677536239442618,39.32608725746041,0.0,0.0,0.0,46.0,43.0,46.0,1.0,6.0,6.0,6.0,0.0,1.0,0.0,46.0,0.14285714285714285,0.761904776096344,0.26190476971013205,14751.75581691576,5310.443359375,3822.3427734375,1204.939453125,3822.3427734375,1363.75244140625,37.05633416771889
test,dropout030_relay_failure,no_role_pair_gate,none,no_role_pair_gate,none,3,60,no_role_pair_gate,results/intercept_3d_gate1_hardened_safety_no_role_pair_gate_5seed_fixed_update60_candidate/runs/multi_relation/bc_ppo_seed3/actor_critic_update_0060.pt,310074,74,checkpoint,100,straight,True,True,80,0.2,1.0,0.3,0,0.0,1,40,80,True,1.0,1.0,1.0,0.028985508110212242,0.4057971077120822,0.6956521820115007,38.39855077895133,0.0,0.0,0.0,46.0,43.0,46.0,1.0,6.0,6.0,6.0,0.0,1.0,0.0,46.0,0.14285714285714285,0.761904776096344,0.23809524519102915,14751.878545346468,5201.037109375,3644.645263671875,1054.255859375,3644.645263671875,1054.255859375,37.26235044002533
test,dropout030_relay_failure,no_role_pair_gate,none,no_role_pair_gate,none,3,60,no_role_pair_gate,results/intercept_3d_gate1_hardened_safety_no_role_pair_gate_5seed_fixed_update60_candidate/runs/multi_relation/bc_ppo_seed3/actor_critic_update_0060.pt,310075,75,checkpoint,100,straight,True,True,80,0.2,1.0,0.3,0,0.0,1,40,80,True,1.0,1.0,1.0,0.028985508110212242,0.4275362374989883,0.6630434850635736,43.224637684290826,0.0,0.0,0.0,46.0,43.0,46.0,1.0,6.0,6.0,6.0,0.0,1.0,0.0,46.0,0.14285714285714285,0.9047619104385376,0.26190476971013205,14748.971584154211,5304.28515625,3667.411865234375,1664.880126953125,3667.411865234375,1820.530029296875,37.19902515411377
test,dropout030_relay_failure,no_role_pair_gate,none,no_role_pair_gate,none,3,60,no_role_pair_gate,results/intercept_3d_gate1_hardened_safety_no_role_pair_gate_5seed_fixed_update60_candidate/runs/multi_relation/bc_ppo_seed3/actor_critic_update_0060.pt,310080,80,checkpoint,100,straight,True,True,80,0.2,1.0,0.3,0,0.0,1,40,80,True,1.0,1.0,1.0,0.028985508110212242,0.42028986047143524,0.6449275441143824,41.239130267306514,0.0,0.0,0.0,46.0,43.0,46.0,1.0,6.0,6.0,6.0,0.0,1.0,0.0,46.0,0.14285714285714285,0.8095238166196006,0.19047619615282332,14741.57326341712,5337.580078125,3629.459228515625,1772.08349609375,3629.459228515625,1772.08349609375,36.96756821870804
test,dropout030_relay_failure,no_role_pair_gate,none,no_role_pair_gate,none,3,60,no_role_pair_gate,results/intercept_3d_gate1_hardened_safety_no_role_pair_gate_5seed_fixed_update60_candidate/runs/multi_relation/bc_ppo_seed3/actor_critic_update_0060.pt,310082,82,checkpoint,100,straight,True,True,80,0.2,1.0,0.3,0,0.0,1,40,80,True,1.0,1.0,1.0,0.028985508110212242,0.4057971077120822,0.6123188465185787,39.39492712979732,0.0,0.0,0.0,46.0,43.0,46.0,1.0,6.0,6.0,6.0,0.0,1.0,0.0,46.0,0.14285714285714285,0.7619047718388694,0.19047619615282332,14749.133067255434,5439.77880859375,3765.083984375,1716.59326171875,3765.083984375,1751.8575439453125,36.29909731447697
test,dropout030_relay_failure,no_role_pair_gate,none,no_role_pair_gate,none,3,60,no_role_pair_gate,results/intercept_3d_gate1_hardened_safety_no_role_pair_gate_5seed_fixed_update60_candidate/runs/multi_relation/bc_ppo_seed3/actor_critic_update_0060.pt,310087,87,checkpoint,100,straight,True,True,80,0.2,1.0,0.3,0,0.0,1,40,80,True,1.0,1.0,1.0,0.028985508110212242,0.4130434847396353,0.6739130512527798,40.271739248672255,0.0,0.0,0.0,46.0,43.0,46.0,1.0,6.0,6.0,6.0,0.0,1.0,0.0,46.0,0.14285714285714285,0.761904776096344,0.14285714711461747,14728.554507048233,5213.5927734375,3756.884033203125,1086.419677734375,3756.884033203125,1086.419677734375,37.05911362171173
test,dropout030_relay_failure,no_role_pair_gate,none,no_role_pair_gate,none,3,60,no_role_pair_gate,results/intercept_3d_gate1_hardened_safety_no_role_pair_gate_5seed_fixed_update60_candidate/runs/multi_relation/bc_ppo_seed3/actor_critic_update_0060.pt,310090,90,checkpoint,100,straight,True,True,80,0.2,1.0,0.3,0,0.0,1,40,80,True,1.0,1.0,1.0,0.028985508110212242,0.4130434847396353,0.6340579808406208,40.37318829997726,0.0,0.0,0.0,46.0,43.0,46.0,1.0,6.0,6.0,6.0,0.0,1.0,0.0,46.0,0.14285714285714285,0.8095238208770752,0.21428572067192622,14741.456659731657,5215.95556640625,3441.782470703125,1840.64599609375,3441.782470703125,2338.98046875,36.76646989583969
test,dropout030_relay_failure,no_role_pair_gate,none,no_role_pair_gate,none,3,60,no_role_pair_gate,results/intercept_3d_gate1_hardened_safety_no_role_pair_gate_5seed_fixed_update60_candidate/runs/multi_relation/bc_ppo_seed3/actor_critic_update_0060.pt,310094,94,checkpoint,100,straight,True,True,80,0.2,1.0,0.3,0,0.0,1,40,80,True,1.0,1.0,1.0,0.028985508110212242,0.41304348409175873,0.6485507326281589,39.3514493583985,0.0,0.0,0.0,46.0,43.0,46.0,1.0,6.0,6.0,6.0,0.0,1.0,0.0,46.0,0.14285714285714285,0.8095238166196006,0.19047619615282332,14724.846743376358,5284.01025390625,3537.380859375,1991.720458984375,3537.380859375,1991.720458984375,36.95530492067337
test,dropout030_relay_failure,no_role_pair_gate,none,no_role_pair_gate,none,3,60,no_role_pair_gate,results/intercept_3d_gate1_hardened_safety_no_role_pair_gate_5seed_fixed_update60_candidate/runs/multi_relation/bc_ppo_seed3/actor_critic_update_0060.pt,310096,96,checkpoint,100,straight,True,True,80,0.2,1.0,0.3,0,0.0,1,40,80,True,1.0,1.0,1.0,0.028985508110212242,0.4275362368511117,0.6811594279563945,43.96739119323699,0.0,0.0,0.0,46.0,43.0,46.0,1.0,6.0,6.0,6.0,0.0,1.0,0.0,46.0,0.14285714285714285,0.9047619104385376,0.1666666716337204,14697.381602411684,5163.77685546875,3560.323486328125,1686.7703857421875,3560.323486328125,1994.4237060546875,37.35425627231598
test,dropout030_relay_failure,no_role_pair_gate,none,no_role_pair_gate,none,3,60,no_role_pair_gate,results/intercept_3d_gate1_hardened_safety_no_role_pair_gate_5seed_fixed_update60_candidate/runs/multi_relation/bc_ppo_seed3/actor_critic_update_0060.pt,310098,98,checkpoint,100,straight,True,True,80,0.2,1.0,0.3,0,0.0,1,40,80,True,1.0,1.0,1.0,0.028985508110212242,0.4057971083599588,0.6811594260127648,39.28985504417316,0.0,0.0,0.0,46.0,43.0,46.0,1.0,6.0,6.0,6.0,0.0,1.0,0.0,46.0,0.14285714285714285,0.7142857313156128,0.19047619615282332,14763.431948454483,5376.83349609375,3746.7109375,1714.6029052734375,3746.7109375,2484.838134765625,36.89071840047836
test,dropout030_relay_failure,no_role_pair_gate,none,no_role_pair_gate,none,3,60,no_role_pair_gate,results/intercept_3d_gate1_hardened_safety_no_role_pair_gate_5seed_fixed_update60_candidate/runs/multi_relation/bc_ppo_seed3/actor_critic_update_0060.pt,310099,99,checkpoint,100,straight,True,True,80,0.2,1.0,0.3,0,0.0,1,40,80,True,1.0,1.0,1.0,0.028985508110212242,0.42028986111931177,0.6557971096557119,41.2971015336073,0.0,0.0,0.0,46.0,43.0,46.0,1.0,6.0,6.0,6.0,0.0,1.0,0.0,46.0,0.14285714285714285,0.8095238208770752,0.21428572067192622,14736.665877632473,5237.03564453125,3583.908203125,1079.244384765625,3583.908203125,1084.8751220703125,37.09917372465134
test,dropout030_relay_failure,no_role_pair_gate,none,no_role_pair_gate,none,3,60,no_role_pair_gate,results/intercept_3d_gate1_hardened_safety_no_role_pair_gate_5seed_fixed_update60_candidate/runs/multi_relation/bc_ppo_seed3/actor_critic_update_0060.pt,310050,50,checkpoint,100,straight,True,True,80,0.2,1.0,0.3,0,0.0,1,40,80,True,1.0,1.0,1.0,0.02836879517169709,0.3971631279651155,0.6170212854730323,44.19503522363115,0.0,0.0,0.0,47.0,44.0,47.0,1.0,7.0,7.0,7.0,0.0,1.0,0.0,47.0,0.125,0.6666666865348816,0.22916667349636555,14619.117135555187,5185.26123046875,3536.432861328125,632.3841552734375,3536.432861328125,632.3841552734375,36.36547803878784
test,dropout030_relay_failure,no_role_pair_gate,none,no_role_pair_gate,none,3,60,no_role_pair_gate,results/intercept_3d_gate1_hardened_safety_no_role_pair_gate_5seed_fixed_update60_candidate/runs/multi_relation/bc_ppo_seed3/actor_critic_update_0060.pt,310072,72,checkpoint,100,straight,True,True,80,0.2,1.0,0.3,0,0.0,1,40,80,True,1.0,1.0,1.0,0.02836879517169709,0.40425532612394777,0.6489361797241454,40.464538839903284,0.0,0.0,0.0,47.0,44.0,47.0,1.0,7.0,7.0,7.0,0.0,1.0,0.0,47.0,0.125,0.7083333507180214,0.27083334140479565,14559.87372215758,5026.83642578125,3506.296630859375,1579.9288330078125,3506.296630859375,2253.943115234375,37.016357094049454
test,dropout030_relay_failure,no_role_pair_gate,none,no_role_pair_gate,none,3,60,no_role_pair_gate,results/intercept_3d_gate1_hardened_safety_no_role_pair_gate_5seed_fixed_update60_candidate/runs/multi_relation/bc_ppo_seed3/actor_critic_update_0060.pt,310051,51,checkpoint,100,straight,True,True,80,0.2,1.0,0.3,0,0.0,1,40,80,True,1.0,1.0,1.0,0.027777778605620067,0.40277778543531895,0.6736111190790931,37.99999989165614,0.0,0.0,0.0,48.0,45.0,48.0,1.0,8.0,8.0,8.0,0.0,1.0,0.0,48.0,0.1111111111111111,0.7037037213643392,0.24074074791537392,14464.395629882812,5064.220703125,3823.243896484375,975.262451171875,3823.243896484375,1649.05419921875,37.5464301109314
test,dropout030_relay_failure,no_role_pair_gate,none,no_role_pair_gate,none,3,60,no_role_pair_gate,results/intercept_3d_gate1_hardened_safety_no_role_pair_gate_5seed_fixed_update60_candidate/runs/multi_relation/bc_ppo_seed3/actor_critic_update_0060.pt,310086,86,checkpoint,100,straight,True,True,80,0.2,1.0,0.3,0,0.0,1,40,80,True,1.0,1.0,1.0,0.027777778605620067,0.3958333407839139,0.5590277866770824,40.79861139909675,0.0,0.0,0.0,48.0,45.0,48.0,1.0,8.0,8.0,8.0,0.0,1.0,0.0,48.0,0.1111111111111111,0.6666666832235124,0.24074074791537392,14418.911651611328,4981.26220703125,3738.689697265625,907.2114868164062,3738.689697265625,1789.9486083984375,36.24327287077904
test,dropout030_relay_failure,no_role_pair_gate,none,no_role_pair_gate,none,3,60,no_role_pair_gate,results/intercept_3d_gate1_hardened_safety_no_role_pair_gate_5seed_fixed_update60_candidate/runs/multi_relation/bc_ppo_seed3/actor_critic_update_0060.pt,310060,60,checkpoint,100,straight,True,True,80,0.2,1.0,0.3,0,0.0,1,40,80,True,1.0,1.0,1.0,0.011111111442248026,0.19166667088866235,0.2847222247471412,39.148611052210136,0.0,0.0,0.0,120.0,117.0,120.0,1.0,80.0,80.0,80.0,0.0,1.0,0.0,120.0,0.0,0.12083333693444728,0.05416666828095913,10599.811387125652,9754.7607421875,3418.385986328125,616.1995849609375,4301.1474609375,11280.396484375,32.49650412122719
test,dropout030_relay_failure,no_role_pair_gate,none,no_role_pair_gate,none,3,60,no_role_pair_gate,results/intercept_3d_gate1_hardened_safety_no_role_pair_gate_5seed_fixed_update60_candidate/runs/multi_relation/bc_ppo_seed3/actor_critic_update_0060.pt,310054,54,checkpoint,100,straight,True,True,80,0.2,1.0,0.3,0,0.0,1,40,80,True,1.0,1.0,1.0,0.015350877650474248,0.22368421523194565,0.2324561442395574,44.566885928868466,0.0,0.0,0.0,152.0,43.0,152.0,1.0,112.0,112.0,112.0,0.0,1.0,0.0,152.0,0.0,0.11666666865348815,0.06666666865348816,10696.438238846627,8663.8193359375,1967.2823486328125,1439.1085205078125,4810.79052734375,10049.671875,36.754237573593855
test,dropout030_relay_failure,no_role_pair_gate,none,no_role_pair_gate,none,3,60,no_role_pair_gate,results/intercept_3d_gate1_hardened_safety_no_role_pair_gate_5seed_fixed_update60_candidate/runs/multi_relation/bc_ppo_seed3/actor_critic_update_0060.pt,310071,71,checkpoint,100,straight,True,True,80,0.2,1.0,0.3,0,0.0,1,40,80,True,1.0,1.0,1.0,0.010548523521121544,0.2911392472967317,0.2172995817057694,44.04957793379509,0.0,0.0,0.0,158.0,43.0,158.0,1.0,118.0,118.0,118.0,0.0,1.0,0.0,158.0,0.0,0.11250000223517417,0.06666666865348816,10595.69220975079,8522.51953125,2440.935791015625,1197.4832763671875,2647.1181640625,7108.5322265625,42.12407417129725
test,dropout030_relay_failure,no_role_pair_gate,none,no_role_pair_gate,none,3,60,no_role_pair_gate,results/intercept_3d_gate1_hardened_safety_no_role_pair_gate_5seed_fixed_update60_candidate/runs/multi_relation/bc_ppo_seed3/actor_critic_update_0060.pt,310069,69,checkpoint,100,straight,True,True,80,0.2,1.0,0.3,0,0.0,1,40,80,True,1.0,1.0,1.0,0.008281573745774927,0.2173913091606235,0.233954454986205,45.24223602891709,0.0,0.0,0.0,161.0,158.0,161.0,1.0,121.0,121.0,121.0,0.0,1.0,0.0,161.0,0.0,0.10000000186264515,0.07291666883975267,10853.432253251165,9088.5654296875,2540.60107421875,990.6548461914062,4828.59765625,9849.2431640625,34.51270469464362
test,dropout030_relay_failure,no_role_pair_gate,none,no_role_pair_gate,none,3,60,no_role_pair_gate,results/intercept_3d_gate1_hardened_safety_no_role_pair_gate_5seed_fixed_update60_candidate/runs/multi_relation/bc_ppo_seed3/actor_critic_update_0060.pt,310057,57,checkpoint,100,straight,True,True,80,0.2,1.0,0.3,0,0.0,1,40,80,True,1.0,1.0,1.0,0.014403292610321515,0.24279835912180536,0.2263374517177358,46.08024715365451,0.0,0.0,0.0,162.0,43.0,162.0,1.0,122.0,122.0,122.0,0.0,1.0,0.0,162.0,0.0,0.13333333544433118,0.07083333544433117,10782.34809329186,9182.5859375,2144.619140625,1006.9039916992188,4153.474609375,8216.4453125,38.00699247326702
test,dropout030_relay_failure,no_role_pair_gate,none,no_role_pair_gate,none,3,60,no_role_pair_gate,results/intercept_3d_gate1_hardened_safety_no_role_pair_gate_5seed_fixed_update60_candidate/runs/multi_relation/bc_ppo_seed3/actor_critic_update_0060.pt,310088,88,checkpoint,100,straight,True,True,80,0.2,1.0,0.3,0,0.0,1,40,80,True,1.0,1.0,1.0,0.0078247263677803,0.24569640682896537,0.23865415162883455,61.619717982243486,0.0,0.0,0.0,213.0,42.0,213.0,1.0,173.0,173.0,173.0,0.0,1.0,0.0,213.0,0.0,0.10833333544433117,0.06666666865348816,13024.191715724031,17835.775390625,1081.4967041015625,698.617919921875,4834.2099609375,7382.87646484375,33.87711346312426
test,dropout030_relay_failure,no_role_pair_gate,none,no_role_pair_gate,none,3,60,no_role_pair_gate,results/intercept_3d_gate1_hardened_safety_no_role_pair_gate_5seed_fixed_update60_candidate/runs/multi_relation/bc_ppo_seed3/actor_critic_update_0060.pt,310070,70,checkpoint,100,straight,True,True,80,0.2,1.0,0.3,0,0.0,1,40,80,True,1.0,1.0,1.0,0.00826446305621754,0.20798898568330718,0.20661157443503703,58.31060570472282,0.0,0.0,0.0,242.0,42.0,242.0,1.0,202.0,202.0,202.0,0.0,1.0,0.0,242.0,0.0,0.07916666753590107,0.07083333544433117,13190.179070086519,18769.876953125,1310.176025390625,1929.25341796875,4472.90869140625,7199.6005859375,29.56065955897793
test,dropout030_relay_failure,no_role_pair_gate,none,no_role_pair_gate,none,3,60,no_role_pair_gate,results/intercept_3d_gate1_hardened_safety_no_role_pair_gate_5seed_fixed_update60_candidate/runs/multi_relation/bc_ppo_seed3/actor_critic_update_0060.pt,310053,53,checkpoint,100,straight,True,True,80,0.2,1.0,0.3,0,0.0,1,40,80,True,0.0,0.0,1.0,0.0012820513202593878,0.20512821020988317,0.1826923107298521,63.975640797271176,0.0,1.0,0.0,260.0,42.0,-1.0,0.0,220.0,220.0,-1.0,0.0,0.0,1.0,-1.0,0.0,0.09583333544433117,0.0854166692122817,12207.489182692309,17119.501953125,1135.6199951171875,1149.12548828125,3655.409423828125,16366.2353515625,20.153273018542677
test,dropout030_relay_failure,no_role_pair_gate,none,no_role_pair_gate,none,3,60,no_role_pair_gate,results/intercept_3d_gate1_hardened_safety_no_role_pair_gate_5seed_fixed_update60_candidate/runs/multi_relation/bc_ppo_seed3/actor_critic_update_0060.pt,310055,55,checkpoint,100,straight,True,True,80,0.2,1.0,0.3,0,0.0,1,40,80,True,0.0,0.0,1.0,0.02692307772544714,0.13461538748099253,0.17820513173937796,76.46089738819461,0.0,1.0,0.0,260.0,43.0,-1.0,0.0,220.0,220.0,-1.0,0.0,0.0,1.0,-1.0,0.0,0.0958333346992731,0.05833333507180214,11756.134478290265,21115.041015625,309.5438232421875,565.3692626953125,3803.500732421875,20146.916015625,25.984345366247
test,dropout030_relay_failure,no_role_pair_gate,none,no_role_pair_gate,none,3,60,no_role_pair_gate,results/intercept_3d_gate1_hardened_safety_no_role_pair_gate_5seed_fixed_update60_candidate/runs/multi_relation/bc_ppo_seed3/actor_critic_update_0060.pt,310056,56,checkpoint,100,straight,True,True,80,0.2,1.0,0.3,0,0.0,1,40,80,True,0.0,0.0,1.0,0.003846153960778163,0.14487179804306763,0.15705128495509807,79.69615330862311,0.0,1.0,0.0,260.0,43.0,-1.0,0.0,220.0,220.0,-1.0,0.0,0.0,1.0,-1.0,0.0,0.06250000037252904,0.05833333507180214,13799.963283128005,20613.1953125,2090.545166015625,1142.0693359375,6929.681640625,20002.248046875,8.693111400818452
test,dropout030_relay_failure,no_role_pair_gate,none,no_role_pair_gate,none,3,60,no_role_pair_gate,results/intercept_3d_gate1_hardened_safety_no_role_pair_gate_5seed_fixed_update60_candidate/runs/multi_relation/bc_ppo_seed3/actor_critic_update_0060.pt,310073,73,checkpoint,100,straight,True,True,80,0.2,1.0,0.3,0,0.0,1,40,80,True,0.0,0.0,1.0,0.0025641026405187756,0.16794872203698524,0.16858974643624747,78.43846241929211,0.0,1.0,0.0,260.0,125.0,-1.0,0.0,220.0,220.0,-1.0,0.0,0.0,1.0,-1.0,0.0,0.13750000335276127,0.06041666846722364,12003.070717210036,18501.84375,1308.1768798828125,619.1138305664062,3997.172607421875,16110.5380859375,17.052200612146407
test,dropout030_relay_failure,no_role_pair_gate,none,no_role_pair_gate,none,3,60,no_role_pair_gate,results/intercept_3d_gate1_hardened_safety_no_role_pair_gate_5seed_fixed_update60_candidate/runs/multi_relation/bc_ppo_seed3/actor_critic_update_0060.pt,310076,76,checkpoint,100,straight,True,True,80,0.2,1.0,0.3,0,0.0,1,40,80,True,0.0,0.0,0.0,0.0,0.1051282076881482,0.1275641041306349,95.4391025303075,0.0,1.0,0.0,260.0,-1.0,-1.0,0.0,220.0,220.0,-1.0,0.0,0.0,1.0,-1.0,0.0,0.11250000335276127,0.06250000186264515,13426.026147460938,20261.498046875,3055.88037109375,990.2662353515625,5176.62939453125,20177.85546875,1.8513079234398901
test,dropout030_relay_failure,no_role_pair_gate,none,no_role_pair_gate,none,3,60,no_role_pair_gate,results/intercept_3d_gate1_hardened_safety_no_role_pair_gate_5seed_fixed_update60_candidate/runs/multi_relation/bc_ppo_seed3/actor_critic_update_0060.pt,310077,77,checkpoint,100,straight,True,True,80,0.2,1.0,0.3,0,0.0,1,40,80,True,0.0,0.0,0.0,0.0,0.11153846451869377,0.1256410277233674,95.78333334693542,0.0,1.0,0.0,260.0,-1.0,-1.0,0.0,220.0,220.0,-1.0,0.0,0.0,1.0,-1.0,0.0,0.07916666902601718,0.07291666883975267,14275.453603891227,20860.974609375,2146.469482421875,936.8192749023438,6751.744140625,18623.65625,2.6712350501911715
test,dropout030_relay_failure,no_role_pair_gate,none,no_role_pair_gate,none,3,60,no_role_pair_gate,results/intercept_3d_gate1_hardened_safety_no_role_pair_gate_5seed_fixed_update60_candidate/runs/multi_relation/bc_ppo_seed3/actor_critic_update_0060.pt,310085,85,checkpoint,100,straight,True,True,80,0.2,1.0,0.3,0,0.0,1,40,80,True,0.0,0.0,0.0,0.0,0.10897436176355069,0.12820512956151595,95.82884724260522,0.0,1.0,0.0,260.0,-1.0,-1.0,0.0,220.0,220.0,-1.0,0.0,0.0,1.0,-1.0,0.0,0.0833333358168602,0.06250000186264515,14264.031721379206,22475.4296875,1802.9931640625,813.337158203125,9406.8828125,20135.638671875,0.9018207240151241
test,dropout030_relay_failure,no_role_pair_gate,none,no_role_pair_gate,none,3,60,no_role_pair_gate,results/intercept_3d_gate1_hardened_safety_no_role_pair_gate_5seed_fixed_update60_candidate/runs/multi_relation/bc_ppo_seed3/actor_critic_update_0060.pt,310089,89,checkpoint,100,straight,True,True,80,0.2,1.0,0.3,0,0.0,1,40,80,True,0.0,0.0,1.0,0.0012820513202593878,0.10512820734427525,0.1448717975272582,80.42692334451354,0.0,1.0,0.0,260.0,44.0,-1.0,0.0,220.0,220.0,-1.0,0.0,0.0,1.0,-1.0,0.0,0.12083333618938923,0.07500000223517418,13226.737256798377,21303.6171875,2026.71435546875,844.4495849609375,9407.24609375,16581.048828125,2.399633585009724
test,dropout030_relay_failure,no_role_pair_gate,none,no_role_pair_gate,none,3,60,no_role_pair_gate,results/intercept_3d_gate1_hardened_safety_no_role_pair_gate_5seed_fixed_update60_candidate/runs/multi_relation/bc_ppo_seed3/actor_critic_update_0060.pt,310092,92,checkpoint,100,straight,True,True,80,0.2,1.0,0.3,0,0.0,1,40,80,True,0.0,0.0,1.0,0.003846153960778163,0.19487179964780807,0.17628205435780378,64.30128200197449,0.0,1.0,0.0,260.0,42.0,-1.0,0.0,220.0,220.0,-1.0,0.0,0.0,1.0,-1.0,0.0,0.11250000186264515,0.0833333358168602,15402.510959097055,21632.462890625,906.2389526367188,846.5865478515625,5992.7236328125,18462.90234375,17.052373418817297
test,dropout030_relay_failure,no_role_pair_gate,none,no_role_pair_gate,none,3,60,no_role_pair_gate,results/intercept_3d_gate1_hardened_safety_no_role_pair_gate_5seed_fixed_update60_candidate/runs/multi_relation/bc_ppo_seed3/actor_critic_update_0060.pt,310095,95,checkpoint,100,straight,True,True,80,0.2,1.0,0.3,0,0.0,1,40,80,True,0.0,0.0,0.0,0.0,0.11538461813559898,0.13269230998479403,80.13589693772106,0.0,1.0,0.0,260.0,-1.0,-1.0,0.0,220.0,220.0,-1.0,0.0,0.0,1.0,-1.0,0.0,0.10416666977107525,0.06875000204890966,10932.983010629507,11053.1005859375,2823.2099609375,1010.1618041992188,4123.44677734375,11330.50390625,10.96145705319941
test,dropout030_relay_failure,no_role_pair_gate,none,no_role_pair_gate,none,3,60,no_role_pair_gate,results/intercept_3d_gate1_hardened_safety_no_role_pair_gate_5seed_fixed_update60_candidate/runs/multi_relation/bc_ppo_seed3/actor_critic_update_0060.pt,310097,97,checkpoint,100,straight,True,True,80,0.2,1.0,0.3,0,0.0,1,40,80,True,0.0,0.0,1.0,0.003846153960778163,0.1153846175624774,0.1358974374830723,96.41602439656853,0.0,1.0,0.0,260.0,42.0,-1.0,0.0,220.0,220.0,-1.0,0.0,0.0,1.0,-1.0,0.0,0.10000000111758708,0.06458333525806666,14684.425391564002,22467.701171875,2044.862060546875,1504.0235595703125,8843.626953125,21602.70703125,3.6146811642684042
test,dropout030_relay_failure,no_role_pair_gate,none,no_role_pair_gate,none,4,60,no_role_pair_gate,results/intercept_3d_gate1_hardened_safety_no_role_pair_gate_5seed_fixed_update60_candidate/runs/multi_relation/bc_ppo_seed4/actor_critic_update_0060.pt,310029,29,checkpoint,100,straight,True,True,80,0.2,1.0,0.3,0,0.0,1,40,80,True,1.0,1.0,1.0,0.006666666865348816,0.06500000178813935,0.22750000305473805,57.72416717529297,0.0,0.0,0.0,200.0,197.0,200.0,1.0,160.0,160.0,160.0,0.0,1.0,0.0,200.0,0.0,0.00416666679084301,0.03333333432674408,10611.351877441406,8740.19921875,4243.43505859375,1181.5916748046875,4672.7412109375,10139.56640625,22.7958487609867
test,dropout030_relay_failure,no_role_pair_gate,none,no_role_pair_gate,none,4,60,no_role_pair_gate,results/intercept_3d_gate1_hardened_safety_no_role_pair_gate_5seed_fixed_update60_candidate/runs/multi_relation/bc_ppo_seed4/actor_critic_update_0060.pt,310000,0,checkpoint,100,straight,True,True,80,0.2,1.0,0.3,0,0.0,1,40,80,True,0.0,0.0,0.0,0.0,0.04102564224830041,0.16153846428944516,76.99679491181786,0.0,1.0,0.0,260.0,-1.0,-1.0,0.0,220.0,220.0,-1.0,0.0,0.0,1.0,-1.0,0.0,0.00833333358168602,0.03333333432674408,10996.218958458534,12823.3203125,4576.90869140625,823.5540161132812,10439.4716796875,8596.3134765625,2.567002347903326
test,dropout030_relay_failure,no_role_pair_gate,none,no_role_pair_gate,none,4,60,no_role_pair_gate,results/intercept_3d_gate1_hardened_safety_no_role_pair_gate_5seed_fixed_update60_candidate/runs/multi_relation/bc_ppo_seed4/actor_critic_update_0060.pt,310001,1,checkpoint,100,straight,True,True,80,0.2,1.0,0.3,0,0.0,1,40,80,True,0.0,0.0,0.0,0.0,0.06282051469271,0.21025641394349245,64.0000004996474,0.0,1.0,0.0,260.0,-1.0,-1.0,0.0,220.0,220.0,-1.0,0.0,0.0,1.0,-1.0,0.0,0.0,0.03333333432674408,10410.78076171875,11672.5478515625,3849.842041015625,1698.5277099609375,7496.27880859375,2496.150390625,7.99546447605826
test,dropout030_relay_failure,no_role_pair_gate,none,no_role_pair_gate,none,4,60,no_role_pair_gate,results/intercept_3d_gate1_hardened_safety_no_role_pair_gate_5seed_fixed_update60_candidate/runs/multi_relation/bc_ppo_seed4/actor_critic_update_0060.pt,310002,2,checkpoint,100,straight,True,True,80,0.2,1.0,0.3,0,0.0,1,40,80,True,0.0,0.0,0.0,0.0,0.1564102610716453,0.20769231158953447,66.67371763970989,0.0,1.0,0.0,260.0,-1.0,-1.0,0.0,220.0,220.0,-1.0,0.0,0.0,1.0,-1.0,0.0,0.01666666716337204,0.03333333432674408,10766.258114858774,9130.9306640625,786.8578491210938,1272.0994873046875,2698.426513671875,5116.5947265625,18.20702295762021
test,dropout030_relay_failure,no_role_pair_gate,none,no_role_pair_gate,none,4,60,no_role_pair_gate,results/intercept_3d_gate1_hardened_safety_no_role_pair_gate_5seed_fixed_update60_candidate/runs/multi_relation/bc_ppo_seed4/actor_critic_update_0060.pt,310003,3,checkpoint,100,straight,True,True,80,0.2,1.0,0.3,0,0.0,1,40,80,True,0.0,0.0,0.0,0.0,0.05512820677115367,0.1750000019486134,77.53910299081069,0.0,1.0,0.0,260.0,-1.0,-1.0,0.0,220.0,220.0,-1.0,0.0,0.0,1.0,-1.0,0.0,0.0833333358168602,0.03750000111758709,13911.63125751202,20090.958984375,405.1226501464844,174.08935546875,15767.8984375,24585.013671875,-0.6935527436435223
test,dropout030_relay_failure,no_role_pair_gate,none,no_role_pair_gate,none,4,60,no_role_pair_gate,results/intercept_3d_gate1_hardened_safety_no_role_pair_gate_5seed_fixed_update60_candidate/runs/multi_relation/bc_ppo_seed4/actor_critic_update_0060.pt,310004,4,checkpoint,100,straight,True,True,80,0.2,1.0,0.3,0,0.0,1,40,80,True,0.0,0.0,0.0,0.0,0.044871796209078565,0.1711538485609568,76.78076859454696,0.0,1.0,0.0,260.0,-1.0,-1.0,0.0,220.0,220.0,-1.0,0.0,0.0,1.0,-1.0,0.0,0.0416666679084301,0.027083334140479566,11359.582611553486,14241.9345703125,3351.94482421875,715.3129272460938,13016.8203125,10317.83984375,2.3903236214537174
test,dropout030_relay_failure,no_role_pair_gate,none,no_role_pair_gate,none,4,60,no_role_pair_gate,results/intercept_3d_gate1_hardened_safety_no_role_pair_gate_5seed_fixed_update60_candidate/runs/multi_relation/bc_ppo_seed4/actor_critic_update_0060.pt,310005,5,checkpoint,100,straight,True,True,80,0.2,1.0,0.3,0,0.0,1,40,80,True,0.0,0.0,0.0,0.0,0.03589743696726286,0.20961538805411412,65.4935896788652,0.0,1.0,0.0,260.0,-1.0,-1.0,0.0,220.0,220.0,-1.0,0.0,0.0,1.0,-1.0,0.0,0.00833333358168602,0.03750000111758709,10263.752420748197,11917.6455078125,3006.624267578125,1232.55517578125,8566.458984375,3528.317626953125,5.191639416851103
test,dropout030_relay_failure,no_role_pair_gate,none,no_role_pair_gate,none,4,60,no_role_pair_gate,results/intercept_3d_gate1_hardened_safety_no_role_pair_gate_5seed_fixed_update60_candidate/runs/multi_relation/bc_ppo_seed4/actor_critic_update_0060.pt,310006,6,checkpoint,100,straight,True,True,80,0.2,1.0,0.3,0,0.0,1,40,80,True,0.0,0.0,0.0,0.0,0.04102564224830041,0.15833333610342099,77.76859041870786,0.0,1.0,0.0,260.0,-1.0,-1.0,0.0,220.0,220.0,-1.0,0.0,0.0,1.0,-1.0,0.0,0.03750000111758709,0.0416666679084301,12274.672776442309,15546.67578125,3886.222900390625,578.433837890625,12900.0908203125,12535.8056640625,0.3818285297602415
test,dropout030_relay_failure,no_role_pair_gate,none,no_role_pair_gate,none,4,60,no_role_pair_gate,results/intercept_3d_gate1_hardened_safety_no_role_pair_gate_5seed_fixed_update60_candidate/runs/multi_relation/bc_ppo_seed4/actor_critic_update_0060.pt,310007,7,checkpoint,100,straight,True,True,80,0.2,1.0,0.3,0,0.0,1,40,80,True,0.0,0.0,0.0,0.0,0.03589743696726286,0.21089743954631,64.38525649303428,0.0,1.0,0.0,260.0,-1.0,-1.0,0.0,220.0,220.0,-1.0,0.0,0.0,1.0,-1.0,0.0,0.00416666679084301,0.031250000931322575,10438.324122971755,10279.4091796875,2830.380126953125,1252.8779296875,2830.380126953125,2877.65673828125,6.297580667771399
test,dropout030_relay_failure,no_role_pair_gate,none,no_role_pair_gate,none,4,60,no_role_pair_gate,results/intercept_3d_gate1_hardened_safety_no_role_pair_gate_5seed_fixed_update60_candidate/runs/multi_relation/bc_ppo_seed4/actor_critic_update_0060.pt,310008,8,checkpoint,100,straight,True,True,80,0.2,1.0,0.3,0,0.0,1,40,80,True,0.0,0.0,0.0,0.0,0.12564102938542,0.1519230794448119,78.23717999383807,0.0,1.0,0.0,260.0,-1.0,-1.0,0.0,220.0,220.0,-1.0,0.0,0.0,1.0,-1.0,0.0,0.01666666716337204,0.031250000931322575,11256.398345477764,12227.4658203125,4163.40966796875,445.9841003417969,5965.9794921875,12474.9755859375,10.147976402542554
test,dropout030_relay_failure,no_role_pair_gate,none,no_role_pair_gate,none,4,60,no_role_pair_gate,results/intercept_3d_gate1_hardened_safety_no_role_pair_gate_5seed_fixed_update60_candidate/runs/multi_relation/bc_ppo_seed4/actor_critic_update_0060.pt,310009,9,checkpoint,100,straight,True,True,80,0.2,1.0,0.3,0,0.0,1,40,80,True,0.0,0.0,0.0,0.0,0.04102564224830041,0.19615385028032156,65.31794870770895,0.0,1.0,0.0,260.0,-1.0,-1.0,0.0,220.0,220.0,-1.0,0.0,0.0,1.0,-1.0,0.0,0.00833333358168602,0.031250000931322575,10240.859743088942,10194.447265625,2166.916015625,1014.2862548828125,2166.916015625,5156.09814453125,6.084575236774981
test,dropout030_relay_failure,no_role_pair_gate,none,no_role_pair_gate,none,4,60,no_role_pair_gate,results/intercept_3d_gate1_hardened_safety_no_role_pair_gate_5seed_fixed_update60_candidate/runs/multi_relation/bc_ppo_seed4/actor_critic_update_0060.pt,310010,10,checkpoint,100,straight,True,True,80,0.2,1.0,0.3,0,0.0,1,40,80,True,0.0,0.0,0.0,0.0,0.04871795016985673,0.16089743857200328,78.47051347918236,0.0,1.0,0.0,260.0,-1.0,-1.0,0.0,220.0,220.0,-1.0,0.0,0.0,1.0,-1.0,0.0,0.05833333507180214,0.047916668094694616,12187.750431941105,15866.37890625,2366.03955078125,258.1461486816406,15437.2529296875,13782.8984375,1.1077755433507264
test,dropout030_relay_failure,no_role_pair_gate,none,no_role_pair_gate,none,4,60,no_role_pair_gate,results/intercept_3d_gate1_hardened_safety_no_role_pair_gate_5seed_fixed_update60_candidate/runs/multi_relation/bc_ppo_seed4/actor_critic_update_0060.pt,310011,11,checkpoint,100,straight,True,True,80,0.2,1.0,0.3,0,0.0,1,40,80,True,0.0,0.0,0.0,0.0,0.038461539493157317,0.20897436268054523,66.33461518299121,0.0,1.0,0.0,260.0,-1.0,-1.0,0.0,220.0,220.0,-1.0,0.0,0.0,1.0,-1.0,0.0,0.0,0.03541666772216558,10419.716697340746,13205.76171875,4351.2568359375,1027.9061279296875,8817.6767578125,5135.14794921875,4.391203345730901
test,dropout030_relay_failure,no_role_pair_gate,none,no_role_pair_gate,none,4,60,no_role_pair_gate,results/intercept_3d_gate1_hardened_safety_no_role_pair_gate_5seed_fixed_update60_candidate/runs/multi_relation/bc_ppo_seed4/actor_critic_update_0060.pt,310012,12,checkpoint,100,straight,True,True,80,0.2,1.0,0.3,0,0.0,1,40,80,True,0.0,0.0,0.0,0.0,0.04102564224830041,0.1903846186514084,68.24358968316362,0.0,1.0,0.0,260.0,-1.0,-1.0,0.0,220.0,220.0,-1.0,0.0,0.0,1.0,-1.0,0.0,0.0,0.031250000931322575,11031.753998272236,10889.4697265625,2278.234130859375,1262.8216552734375,2278.234130859375,7246.8984375,5.3155998501461
test,dropout030_relay_failure,no_role_pair_gate,none,no_role_pair_gate,none,4,60,no_role_pair_gate,results/intercept_3d_gate1_hardened_safety_no_role_pair_gate_5seed_fixed_update60_candidate/runs/multi_relation/bc_ppo_seed4/actor_critic_update_0060.pt,310013,13,checkpoint,100,straight,True,True,80,0.2,1.0,0.3,0,0.0,1,40,80,True,0.0,0.0,0.0,0.0,0.05384615545089428,0.15448718185608204,78.43012880407846,0.0,1.0,0.0,260.0,-1.0,-1.0,0.0,220.0,220.0,-1.0,0.0,0.0,1.0,-1.0,0.0,0.00833333358168602,0.03541666772216558,12024.280172025241,12153.54296875,3787.85546875,670.6885986328125,6839.326171875,10849.5654296875,3.8127662509214133
test,dropout030_relay_failure,no_role_pair_gate,none,no_role_pair_gate,none,4,60,no_role_pair_gate,results/intercept_3d_gate1_hardened_safety_no_role_pair_gate_5seed_fixed_update60_candidate/runs/multi_relation/bc_ppo_seed4/actor_critic_update_0060.pt,310014,14,checkpoint,100,straight,True,True,80,0.2,1.0,0.3,0,0.0,1,40,80,True,0.0,0.0,0.0,0.0,0.051282052810375504,0.17500000309485655,73.24294865784736,0.0,1.0,0.0,260.0,-1.0,-1.0,0.0,220.0,220.0,-1.0,0.0,0.0,1.0,-1.0,0.0,0.00833333358168602,0.03541666772216558,11166.23666804387,13420.5380859375,4794.5888671875,1197.855224609375,9437.3017578125,6090.26708984375,3.644647012464702
test,dropout030_relay_failure,no_role_pair_gate,none,no_role_pair_gate,none,4,60,no_role_pair_gate,results/intercept_3d_gate1_hardened_safety_no_role_pair_gate_5seed_fixed_update60_candidate/runs/multi_relation/bc_ppo_seed4/actor_critic_update_0060.pt,310015,15,checkpoint,100,straight,True,True,80,0.2,1.0,0.3,0,0.0,1,40,80,True,0.0,0.0,0.0,0.0,0.029487180365965916,0.16153846388826004,78.34166591883852,0.0,1.0,0.0,260.0,-1.0,-1.0,0.0,220.0,220.0,-1.0,0.0,0.0,1.0,-1.0,0.0,0.0,0.05625000167638063,12607.116856971154,13235.1337890625,3613.6943359375,1146.552490234375,9008.203125,9162.6552734375,0.9512507488252595
test,dropout030_relay_failure,no_role_pair_gate,none,no_role_pair_gate,none,4,60,no_role_pair_gate,results/intercept_3d_gate1_hardened_safety_no_role_pair_gate_5seed_fixed_update60_candidate/runs/multi_relation/bc_ppo_seed4/actor_critic_update_0060.pt,310016,16,checkpoint,100,straight,True,True,80,0.2,1.0,0.3,0,0.0,1,40,80,True,0.0,0.0,0.0,0.0,0.05000000149011612,0.21410256784695844,64.61923043687756,0.0,1.0,0.0,260.0,-1.0,-1.0,0.0,220.0,220.0,-1.0,0.0,0.0,1.0,-1.0,0.0,0.0,0.03541666772216558,10308.884699894832,12014.3779296875,2667.5009765625,993.0565795898438,9159.4716796875,993.0565795898438,6.520571331027895
test,dropout030_relay_failure,no_role_pair_gate,none,no_role_pair_gate,none,4,60,no_role_pair_gate,results/intercept_3d_gate1_hardened_safety_no_role_pair_gate_5seed_fixed_update60_candidate/runs/multi_relation/bc_ppo_seed4/actor_critic_update_0060.pt,310017,17,checkpoint,100,straight,True,True,80,0.2,1.0,0.3,0,0.0,1,40,80,True,0.0,0.0,0.0,0.0,0.15128205579060774,0.19230769603298262,67.83653823120089,0.0,1.0,0.0,260.0,-1.0,-1.0,0.0,220.0,220.0,-1.0,0.0,0.0,1.0,-1.0,0.0,0.02083333395421505,0.03333333432674408,10474.344965069111,11715.0400390625,4136.25732421875,998.3837280273438,6255.91357421875,5489.435546875,15.278180467896163
test,dropout030_relay_failure,no_role_pair_gate,none,no_role_pair_gate,none,4,60,no_role_pair_gate,results/intercept_3d_gate1_hardened_safety_no_role_pair_gate_5seed_fixed_update60_candidate/runs/multi_relation/bc_ppo_seed4/actor_critic_update_0060.pt,310018,18,checkpoint,100,straight,True,True,80,0.2,1.0,0.3,0,0.0,1,40,80,True,0.0,0.0,0.0,0.0,0.025641026405187752,0.22564103007316588,62.71923086276421,0.0,1.0,0.0,260.0,-1.0,-1.0,0.0,220.0,220.0,-1.0,0.0,0.0,1.0,-1.0,0.0,0.0,0.04375000130385161,11707.73294959435,13062.6083984375,3798.12890625,1939.08642578125,8976.482421875,5344.19970703125,4.065248150378466
test,dropout030_relay_failure,no_role_pair_gate,none,no_role_pair_gate,none,4,60,no_role_pair_gate,results/intercept_3d_gate1_hardened_safety_no_role_pair_gate_5seed_fixed_update60_candidate/runs/multi_relation/bc_ppo_seed4/actor_critic_update_0060.pt,310019,19,checkpoint,100,straight,True,True,80,0.2,1.0,0.3,0,0.0,1,40,80,True,0.0,0.0,0.0,0.0,0.04102564224830041,0.19807692605715532,69.35320510537578,0.0,1.0,0.0,260.0,-1.0,-1.0,0.0,220.0,220.0,-1.0,0.0,0.0,1.0,-1.0,0.0,0.02500000074505806,0.03750000111758709,11232.116543344351,15184.6728515625,4493.1171875,948.462890625,12548.6640625,6884.498046875,2.8007574828807265
test,dropout030_relay_failure,no_role_pair_gate,none,no_role_pair_gate,none,4,60,no_role_pair_gate,results/intercept_3d_gate1_hardened_safety_no_role_pair_gate_5seed_fixed_update60_candidate/runs/multi_relation/bc_ppo_seed4/actor_critic_update_0060.pt,310020,20,checkpoint,100,straight,True,True,80,0.2,1.0,0.3,0,0.0,1,40,80,True,0.0,0.0,0.0,0.0,0.16538462031346102,0.1852564131984344,73.37564150106448,0.0,1.0,0.0,260.0,-1.0,-1.0,0.0,220.0,220.0,-1.0,0.0,0.0,1.0,-1.0,0.0,0.01666666716337204,0.03333333432674408,10704.753628305289,11831.2109375,4890.30029296875,709.464111328125,6895.44970703125,7325.6953125,15.86257606127765
test,dropout030_relay_failure,no_role_pair_gate,none,no_role_pair_gate,none,4,60,no_role_pair_gate,results/intercept_3d_gate1_hardened_safety_no_role_pair_gate_5seed_fixed_update60_candidate/runs/multi_relation/bc_ppo_seed4/actor_critic_update_0060.pt,310021,21,checkpoint,100,straight,True,True,80,0.2,1.0,0.3,0,0.0,1,40,80,True,0.0,0.0,0.0,0.0,0.04358974488881918,0.201282054071243,69.74423084259033,0.0,1.0,0.0,260.0,-1.0,-1.0,0.0,220.0,220.0,-1.0,0.0,0.0,1.0,-1.0,0.0,0.00416666679084301,0.0416666679084301,11780.234006911058,13090.9765625,3822.25537109375,1204.4451904296875,8000.95361328125,8228.9365234375,4.715514641487971
test,dropout030_relay_failure,no_role_pair_gate,none,no_role_pair_gate,none,4,60,no_role_pair_gate,results/intercept_3d_gate1_hardened_safety_no_role_pair_gate_5seed_fixed_update60_candidate/runs/multi_relation/bc_ppo_seed4/actor_critic_update_0060.pt,310022,22,checkpoint,100,straight,True,True,80,0.2,1.0,0.3,0,0.0,1,40,80,True,0.0,0.0,0.0,0.0,0.08589743845737897,0.15320513059313481,77.24359037348857,0.0,1.0,0.0,260.0,-1.0,-1.0,0.0,220.0,220.0,-1.0,0.0,0.0,1.0,-1.0,0.0,0.02500000074505806,0.031250000931322575,11443.38080491286,13415.0546875,4364.29150390625,501.8584899902344,12096.796875,10077.9208984375,5.761657110357191
test,dropout030_relay_failure,no_role_pair_gate,none,no_role_pair_gate,none,4,60,no_role_pair_gate,results/intercept_3d_gate1_hardened_safety_no_role_pair_gate_5seed_fixed_update60_candidate/runs/multi_relation/bc_ppo_seed4/actor_critic_update_0060.pt,310023,23,checkpoint,100,straight,True,True,80,0.2,1.0,0.3,0,0.0,1,40,80,True,0.0,0.0,0.0,0.0,0.05256410413063489,0.1711538485609568,76.5217948077963,0.0,1.0,0.0,260.0,-1.0,-1.0,0.0,220.0,220.0,-1.0,0.0,0.0,1.0,-1.0,0.0,0.00833333358168602,0.03958333451300859,11539.386442683293,12031.1416015625,3723.22607421875,801.7909545898438,7238.04345703125,8855.2294921875,4.720654237549752
test,dropout030_relay_failure,no_role_pair_gate,none,no_role_pair_gate,none,4,60,no_role_pair_gate,results/intercept_3d_gate1_hardened_safety_no_role_pair_gate_5seed_fixed_update60_candidate/runs/multi_relation/bc_ppo_seed4/actor_critic_update_0060.pt,310024,24,checkpoint,100,straight,True,True,80,0.2,1.0,0.3,0,0.0,1,40,80,True,0.0,0.0,0.0,0.0,0.032051283006484695,0.22500000383991461,65.07756453947378,0.0,1.0,0.0,260.0,-1.0,-1.0,0.0,220.0,220.0,-1.0,0.0,0.0,1.0,-1.0,0.0,0.00833333358168602,0.031250000931322575,10804.375661057693,13816.5751953125,4598.47705078125,1121.25146484375,10520.0595703125,5786.3759765625,4.2851771474815905
test,dropout030_relay_failure,no_role_pair_gate,none,no_role_pair_gate,none,4,60,no_role_pair_gate,results/intercept_3d_gate1_hardened_safety_no_role_pair_gate_5seed_fixed_update60_candidate/runs/multi_relation/bc_ppo_seed4/actor_critic_update_0060.pt,310025,25,checkpoint,100,straight,True,True,80,0.2,1.0,0.3,0,0.0,1,40,80,True,0.0,0.0,0.0,0.0,0.04358974488881918,0.16602564327991925,77.77115436528737,0.0,1.0,0.0,260.0,-1.0,-1.0,0.0,220.0,220.0,-1.0,0.0,0.0,1.0,-1.0,0.0,0.00833333358168602,0.03541666772216558,11813.112282151442,12357.8017578125,3839.366455078125,845.0596923828125,7317.4580078125,10047.3818359375,3.317684957990423
test,dropout030_relay_failure,no_role_pair_gate,none,no_role_pair_gate,none,4,60,no_role_pair_gate,results/intercept_3d_gate1_hardened_safety_no_role_pair_gate_5seed_fixed_update60_candidate/runs/multi_relation/bc_ppo_seed4/actor_critic_update_0060.pt,310026,26,checkpoint,100,straight,True,True,80,0.2,1.0,0.3,0,0.0,1,40,80,True,0.0,0.0,0.0,0.0,0.19230769792428384,0.22371795303546466,63.96923059792473,0.0,1.0,0.0,260.0,-1.0,-1.0,0.0,220.0,220.0,-1.0,0.0,0.0,1.0,-1.0,0.0,0.01250000037252903,0.03750000111758709,10131.470325646034,10352.7529296875,995.3212280273438,1008.4769287109375,5280.25927734375,1056.9891357421875,21.80070352961775
test,dropout030_relay_failure,no_role_pair_gate,none,no_role_pair_gate,none,4,60,no_role_pair_gate,results/intercept_3d_gate1_hardened_safety_no_role_pair_gate_5seed_fixed_update60_candidate/runs/multi_relation/bc_ppo_seed4/actor_critic_update_0060.pt,310027,27,checkpoint,100,straight,True,True,80,0.2,1.0,0.3,0,0.0,1,40,80,True,0.0,0.0,0.0,0.0,0.02179487244440959,0.20641026015465075,65.47179515212774,0.0,1.0,0.0,260.0,-1.0,-1.0,0.0,220.0,220.0,-1.0,0.0,0.0,1.0,-1.0,0.0,0.0,0.02916666753590107,11648.628061147836,12900.9091796875,3411.667236328125,1412.9681396484375,8080.8076171875,6087.73828125,2.763916679425165
test,dropout030_relay_failure,no_role_pair_gate,none,no_role_pair_gate,none,4,60,no_role_pair_gate,results/intercept_3d_gate1_hardened_safety_no_role_pair_gate_5seed_fixed_update60_candidate/runs/multi_relation/bc_ppo_seed4/actor_critic_update_0060.pt,310028,28,checkpoint,100,straight,True,True,80,0.2,1.0,0.3,0,0.0,1,40,80,True,0.0,0.0,0.0,0.0,0.15000000447034836,0.16282051492195862,77.34359024860538,0.0,1.0,0.0,260.0,-1.0,-1.0,0.0,220.0,220.0,-1.0,0.0,0.0,1.0,-1.0,0.0,0.02500000074505806,0.03541666772216558,11235.621741661658,12077.6435546875,4051.121826171875,486.5767822265625,8631.587890625,10343.58984375,13.114609223906882
test,dropout030_relay_failure,no_role_pair_gate,none,no_role_pair_gate,none,4,60,no_role_pair_gate,results/intercept_3d_gate1_hardened_safety_no_role_pair_gate_5seed_fixed_update60_candidate/runs/multi_relation/bc_ppo_seed4/actor_critic_update_0060.pt,310030,30,checkpoint,100,straight,True,True,80,0.2,1.0,0.3,0,0.0,1,40,80,True,0.0,0.0,0.0,0.0,0.05256410413063489,0.21217949063732075,66.64230763459435,0.0,1.0,0.0,260.0,-1.0,-1.0,0.0,220.0,220.0,-1.0,0.0,0.0,1.0,-1.0,0.0,0.01250000037252903,0.02916666753590107,10318.599173677885,10592.501953125,1709.7755126953125,908.7886962890625,1827.601806640625,4836.3427734375,7.555346037261188
test,dropout030_relay_failure,no_role_pair_gate,none,no_role_pair_gate,none,4,60,no_role_pair_gate,results/intercept_3d_gate1_hardened_safety_no_role_pair_gate_5seed_fixed_update60_candidate/runs/multi_relation/bc_ppo_seed4/actor_critic_update_0060.pt,310031,31,checkpoint,100,straight,True,True,80,0.2,1.0,0.3,0,0.0,1,40,80,True,0.0,0.0,0.0,0.0,0.032051283006484695,0.2006410295000443,67.40512836139936,0.0,1.0,0.0,260.0,-1.0,-1.0,0.0,220.0,220.0,-1.0,0.0,0.0,1.0,-1.0,0.0,0.00416666679084301,0.047916668094694616,11293.676583158052,15533.5048828125,3771.695068359375,1377.388427734375,12260.2236328125,6821.0146484375,1.890789696131833
test,dropout030_relay_failure,no_role_pair_gate,none,no_role_pair_gate,none,4,60,no_role_pair_gate,results/intercept_3d_gate1_hardened_safety_no_role_pair_gate_5seed_fixed_update60_candidate/runs/multi_relation/bc_ppo_seed4/actor_critic_update_0060.pt,310032,32,checkpoint,100,straight,True,True,80,0.2,1.0,0.3,0,0.0,1,40,80,True,0.0,0.0,0.0,0.0,0.05769230941167244,0.21987179941855944,64.07564084587189,0.0,1.0,0.0,260.0,-1.0,-1.0,0.0,220.0,220.0,-1.0,0.0,0.0,1.0,-1.0,0.0,0.01250000037252903,0.03958333451300859,10141.843000676081,9755.6923828125,1691.258056640625,1495.32958984375,3070.242919921875,2138.983642578125,9.194053070852533
test,dropout030_relay_failure,no_role_pair_gate,none,no_role_pair_gate,none,4,60,no_role_pair_gate,results/intercept_3d_gate1_hardened_safety_no_role_pair_gate_5seed_fixed_update60_candidate/runs/multi_relation/bc_ppo_seed4/actor_critic_update_0060.pt,310033,33,checkpoint,100,straight,True,True,80,0.2,1.0,0.3,0,0.0,1,40,80,True,0.0,0.0,0.0,0.0,0.044871796209078565,0.21730769614760692,64.10512829210896,0.0,1.0,0.0,260.0,-1.0,-1.0,0.0,220.0,220.0,-1.0,0.0,0.0,1.0,-1.0,0.0,0.0,0.031250000931322575,10581.234453876203,9835.8984375,2335.36376953125,1345.2886962890625,2335.36376953125,5257.49951171875,7.830334708560258
test,dropout030_relay_failure,no_role_pair_gate,none,no_role_pair_gate,none,4,60,no_role_pair_gate,results/intercept_3d_gate1_hardened_safety_no_role_pair_gate_5seed_fixed_update60_candidate/runs/multi_relation/bc_ppo_seed4/actor_critic_update_0060.pt,310034,34,checkpoint,100,straight,True,True,80,0.2,1.0,0.3,0,0.0,1,40,80,True,0.0,0.0,0.0,0.0,0.04358974488881918,0.16666666934123406,75.85448679603063,0.0,1.0,0.0,260.0,-1.0,-1.0,0.0,220.0,220.0,-1.0,0.0,0.0,1.0,-1.0,0.0,0.00416666679084301,0.03541666772216558,11122.994026066706,13363.0029296875,4516.392578125,1189.319580078125,9309.04296875,8037.80224609375,2.672593375435099
test,dropout030_relay_failure,no_role_pair_gate,none,no_role_pair_gate,none,4,60,no_role_pair_gate,results/intercept_3d_gate1_hardened_safety_no_role_pair_gate_5seed_fixed_update60_candidate/runs/multi_relation/bc_ppo_seed4/actor_critic_update_0060.pt,310035,35,checkpoint,100,straight,True,True,80,0.2,1.0,0.3,0,0.0,1,40,80,True,0.0,0.0,0.0,0.0,0.06410256601296939,0.20448718305963737,65.26666645826056,0.0,1.0,0.0,260.0,-1.0,-1.0,0.0,220.0,220.0,-1.0,0.0,0.0,1.0,-1.0,0.0,0.0,0.03541666772216558,10232.771736027644,13037.1357421875,3735.896240234375,665.3218383789062,10923.095703125,868.9429931640625,6.6301047331653535
test,dropout030_relay_failure,no_role_pair_gate,none,no_role_pair_gate,none,4,60,no_role_pair_gate,results/intercept_3d_gate1_hardened_safety_no_role_pair_gate_5seed_fixed_update60_candidate/runs/multi_relation/bc_ppo_seed4/actor_critic_update_0060.pt,310036,36,checkpoint,100,straight,True,True,80,0.2,1.0,0.3,0,0.0,1,40,80,True,0.0,0.0,0.0,0.0,0.17179487691475795,0.15064102800992818,77.77051330099886,0.0,1.0,0.0,260.0,-1.0,-1.0,0.0,220.0,220.0,-1.0,0.0,0.0,1.0,-1.0,0.0,0.02500000074505806,0.027083334140479566,11321.129875300481,12111.7060546875,4262.2685546875,941.0205078125,7078.1259765625,9529.8720703125,14.520730038406327
test,dropout030_relay_failure,no_role_pair_gate,none,no_role_pair_gate,none,4,60,no_role_pair_gate,results/intercept_3d_gate1_hardened_safety_no_role_pair_gate_5seed_fixed_update60_candidate/runs/multi_relation/bc_ppo_seed4/actor_critic_update_0060.pt,310037,37,checkpoint,100,straight,True,True,80,0.2,1.0,0.3,0,0.0,1,40,80,True,0.0,0.0,0.0,0.0,0.03589743696726286,0.16730769471480297,77.27820506703395,0.0,1.0,0.0,260.0,-1.0,-1.0,0.0,220.0,220.0,-1.0,0.0,0.0,1.0,-1.0,0.0,0.01250000037252903,0.05833333507180214,12524.546773587741,14201.8369140625,3437.413330078125,808.0528564453125,10203.82421875,9599.5634765625,1.4693886302411556
test,dropout030_relay_failure,no_role_pair_gate,none,no_role_pair_gate,none,4,60,no_role_pair_gate,results/intercept_3d_gate1_hardened_safety_no_role_pair_gate_5seed_fixed_update60_candidate/runs/multi_relation/bc_ppo_seed4/actor_critic_update_0060.pt,310038,38,checkpoint,100,straight,True,True,80,0.2,1.0,0.3,0,0.0,1,40,80,True,0.0,0.0,0.0,0.0,0.032051283006484695,0.19615384942063918,67.04102572586675,0.0,1.0,0.0,260.0,-1.0,-1.0,0.0,220.0,220.0,-1.0,0.0,0.0,1.0,-1.0,0.0,0.0,0.02500000074505806,10904.791826923078,14235.2587890625,4427.4033203125,1666.16552734375,13257.232421875,6220.59228515625,2.363945131190121
test,dropout030_relay_failure,no_role_pair_gate,none,no_role_pair_gate,none,4,60,no_role_pair_gate,results/intercept_3d_gate1_hardened_safety_no_role_pair_gate_5seed_fixed_update60_candidate/runs/multi_relation/bc_ppo_seed4/actor_critic_update_0060.pt,310039,39,checkpoint,100,straight,True,True,80,0.2,1.0,0.3,0,0.0,1,40,80,True,0.0,0.0,0.0,0.0,0.025641026405187752,0.20961538805411412,65.13076910393742,0.0,1.0,0.0,260.0,-1.0,-1.0,0.0,220.0,220.0,-1.0,0.0,0.0,1.0,-1.0,0.0,0.0,0.03958333451300859,10498.524675105169,11490.8388671875,4700.65673828125,1639.4217529296875,8222.9599609375,5597.02978515625,4.561976275173947
test,dropout030_relay_failure,no_role_pair_gate,none,no_role_pair_gate,none,4,60,no_role_pair_gate,results/intercept_3d_gate1_hardened_safety_no_role_pair_gate_5seed_fixed_update60_candidate/runs/multi_relation/bc_ppo_seed4/actor_critic_update_0060.pt,310040,40,checkpoint,100,straight,True,True,80,0.2,1.0,0.3,0,0.0,1,40,80,True,0.0,0.0,0.0,0.0,0.03333333432674408,0.2102564138861803,67.45320507156161,0.0,1.0,0.0,260.0,-1.0,-1.0,0.0,220.0,220.0,-1.0,0.0,0.0,1.0,-1.0,0.0,0.0,0.03541666772216558,10545.811269906852,12595.1181640625,4736.0478515625,1571.05908203125,10114.3779296875,6414.00048828125,4.459569526836276
test,dropout030_relay_failure,no_role_pair_gate,none,no_role_pair_gate,none,4,60,no_role_pair_gate,results/intercept_3d_gate1_hardened_safety_no_role_pair_gate_5seed_fixed_update60_candidate/runs/multi_relation/bc_ppo_seed4/actor_critic_update_0060.pt,310041,41,checkpoint,100,straight,True,True,80,0.2,1.0,0.3,0,0.0,1,40,80,True,0.0,0.0,0.0,0.0,0.05000000149011612,0.207692311417598,63.39487222146529,0.0,1.0,0.0,260.0,-1.0,-1.0,0.0,220.0,220.0,-1.0,0.0,0.0,1.0,-1.0,0.0,0.0,0.03750000111758709,10502.012404221754,11928.1064453125,4536.23095703125,1892.9603271484375,7973.0810546875,2642.78515625,6.548781528137624
test,dropout030_relay_failure,no_role_pair_gate,none,no_role_pair_gate,none,4,60,no_role_pair_gate,results/intercept_3d_gate1_hardened_safety_no_role_pair_gate_5seed_fixed_update60_candidate/runs/multi_relation/bc_ppo_seed4/actor_critic_update_0060.pt,310042,42,checkpoint,100,straight,True,True,80,0.2,1.0,0.3,0,0.0,1,40,80,True,0.0,0.0,0.0,0.0,0.06025641205219122,0.20576923483839402,65.5461535932926,0.0,1.0,0.0,260.0,-1.0,-1.0,0.0,220.0,220.0,-1.0,0.0,0.0,1.0,-1.0,0.0,0.0,0.03541666772216558,10312.087704702524,11668.7060546875,1438.16748046875,1432.578125,7945.8115234375,1519.47412109375,7.229618065059185
test,dropout030_relay_failure,no_role_pair_gate,none,no_role_pair_gate,none,4,60,no_role_pair_gate,results/intercept_3d_gate1_hardened_safety_no_role_pair_gate_5seed_fixed_update60_candidate/runs/multi_relation/bc_ppo_seed4/actor_critic_update_0060.pt,310043,43,checkpoint,100,straight,True,True,80,0.2,1.0,0.3,0,0.0,1,40,80,True,0.0,0.0,0.0,0.0,0.06153846337245061,0.18589743845737897,72.82243558936395,0.0,1.0,0.0,260.0,-1.0,-1.0,0.0,220.0,220.0,-1.0,0.0,0.0,1.0,-1.0,0.0,0.00833333358168602,0.03541666772216558,11673.471305964544,12444.0634765625,4071.428466796875,927.9906005859375,6779.43115234375,8571.5703125,5.944540261523798
test,dropout030_relay_failure,no_role_pair_gate,none,no_role_pair_gate,none,4,60,no_role_pair_gate,results/intercept_3d_gate1_hardened_safety_no_role_pair_gate_5seed_fixed_update60_candidate/runs/multi_relation/bc_ppo_seed4/actor_critic_update_0060.pt,310044,44,checkpoint,100,straight,True,True,80,0.2,1.0,0.3,0,0.0,1,40,80,True,0.0,0.0,0.0,0.0,0.10897436222204795,0.1538461559667037,78.02756425451774,0.0,1.0,0.0,260.0,-1.0,-1.0,0.0,220.0,220.0,-1.0,0.0,0.0,1.0,-1.0,0.0,0.01666666716337204,0.02916666753590107,11052.650409405049,12906.9716796875,4614.76416015625,687.7689208984375,8914.34765625,8764.0556640625,8.511667093727738
test,dropout030_relay_failure,no_role_pair_gate,none,no_role_pair_gate,none,4,60,no_role_pair_gate,results/intercept_3d_gate1_hardened_safety_no_role_pair_gate_5seed_fixed_update60_candidate/runs/multi_relation/bc_ppo_seed4/actor_critic_update_0060.pt,310045,45,checkpoint,100,straight,True,True,80,0.2,1.0,0.3,0,0.0,1,40,80,True,0.0,0.0,0.0,0.0,0.037179488287522246,0.2064102602692751,66.37756414075311,0.0,1.0,0.0,260.0,-1.0,-1.0,0.0,220.0,220.0,-1.0,0.0,0.0,1.0,-1.0,0.0,0.01250000037252903,0.0416666679084301,10129.411251126803,11986.5283203125,1761.008056640625,1859.5982666015625,9310.904296875,2657.344482421875,4.815192711830605
test,dropout030_relay_failure,no_role_pair_gate,none,no_role_pair_gate,none,4,60,no_role_pair_gate,results/intercept_3d_gate1_hardened_safety_no_role_pair_gate_5seed_fixed_update60_candidate/runs/multi_relation/bc_ppo_seed4/actor_critic_update_0060.pt,310046,46,checkpoint,100,straight,True,True,80,0.2,1.0,0.3,0,0.0,1,40,80,True,0.0,0.0,0.0,0.0,0.023076923764668977,0.18974359322052736,70.03910264126384,0.0,1.0,0.0,260.0,-1.0,-1.0,0.0,220.0,220.0,-1.0,0.0,0.0,1.0,-1.0,0.0,0.0,0.0416666679084301,11487.789620267427,14439.921875,4312.64111328125,1481.9295654296875,13638.73046875,7957.4384765625,1.1456182631663978
test,dropout030_relay_failure,no_role_pair_gate,none,no_role_pair_gate,none,4,60,no_role_pair_gate,results/intercept_3d_gate1_hardened_safety_no_role_pair_gate_5seed_fixed_update60_candidate/runs/multi_relation/bc_ppo_seed4/actor_critic_update_0060.pt,310047,47,checkpoint,100,straight,True,True,80,0.2,1.0,0.3,0,0.0,1,40,80,True,0.0,0.0,0.0,0.0,0.05384615545089428,0.21282051624013829,65.99294906883286,0.0,1.0,0.0,260.0,-1.0,-1.0,0.0,220.0,220.0,-1.0,0.0,0.0,1.0,-1.0,0.0,0.00833333358168602,0.03541666772216558,10142.807348632812,9416.5126953125,816.7769775390625,1083.967041015625,816.7769775390625,2678.910888671875,8.540555585175753
test,dropout030_relay_failure,no_role_pair_gate,none,no_role_pair_gate,none,4,60,no_role_pair_gate,results/intercept_3d_gate1_hardened_safety_no_role_pair_gate_5seed_fixed_update60_candidate/runs/multi_relation/bc_ppo_seed4/actor_critic_update_0060.pt,310048,48,checkpoint,100,straight,True,True,80,0.2,1.0,0.3,0,0.0,1,40,80,True,0.0,0.0,0.0,0.0,0.04615384752933795,0.1903846185367841,68.4333334760024,0.0,1.0,0.0,260.0,-1.0,-1.0,0.0,220.0,220.0,-1.0,0.0,0.0,1.0,-1.0,0.0,0.02083333395421505,0.03750000111758709,10998.110501802885,14193.5791015625,4728.9560546875,1122.546142578125,11906.3515625,6407.494140625,3.4948393595404923
test,dropout030_relay_failure,no_role_pair_gate,none,no_role_pair_gate,none,4,60,no_role_pair_gate,results/intercept_3d_gate1_hardened_safety_no_role_pair_gate_5seed_fixed_update60_candidate/runs/multi_relation/bc_ppo_seed4/actor_critic_update_0060.pt,310049,49,checkpoint,100,straight,True,True,80,0.2,1.0,0.3,0,0.0,1,40,80,True,0.0,0.0,0.0,0.0,0.030769231686225303,0.19166667048747724,67.73076934940539,0.0,1.0,0.0,260.0,-1.0,-1.0,0.0,220.0,220.0,-1.0,0.0,0.0,1.0,-1.0,0.0,0.00416666679084301,0.03958333451300859,11602.654330679086,15654.4169921875,3668.124267578125,1242.8126220703125,13871.720703125,7386.97607421875,1.0907136616297066
test,dropout030_relay_failure,no_role_pair_gate,none,no_role_pair_gate,none,4,60,no_role_pair_gate,results/intercept_3d_gate1_hardened_safety_no_role_pair_gate_5seed_fixed_update60_candidate/runs/multi_relation/bc_ppo_seed4/actor_critic_update_0060.pt,310074,74,checkpoint,100,straight,True,True,80,0.2,1.0,0.3,0,0.0,1,40,80,True,1.0,1.0,1.0,0.028985508110212242,0.21739131082659183,0.7282608766918597,27.0724638554713,0.0,0.0,0.0,46.0,43.0,46.0,1.0,6.0,6.0,6.0,0.0,1.0,0.0,46.0,0.14285714285714285,0.3333333432674408,0.26190476971013205,15254.460481063179,7214.55126953125,3866.955810546875,1317.24072265625,3866.955810546875,1409.8629150390625,32.44189816713333
test,dropout030_relay_failure,no_role_pair_gate,none,no_role_pair_gate,none,4,60,no_role_pair_gate,results/intercept_3d_gate1_hardened_safety_no_role_pair_gate_5seed_fixed_update60_candidate/runs/multi_relation/bc_ppo_seed4/actor_critic_update_0060.pt,310077,77,checkpoint,100,straight,True,True,80,0.2,1.0,0.3,0,0.0,1,40,80,True,1.0,1.0,1.0,0.007532956909998662,0.1092278750266059,0.2231638449228416,51.9265536063135,0.0,0.0,0.0,177.0,174.0,177.0,1.0,137.0,137.0,137.0,0.0,1.0,0.0,177.0,0.0,0.02083333395421505,0.03750000111758709,10645.010441494527,8358.4091796875,3605.788818359375,982.4608154296875,4704.9169921875,5640.22607421875,26.894854984944686
test,dropout030_relay_failure,no_role_pair_gate,none,no_role_pair_gate,none,4,60,no_role_pair_gate,results/intercept_3d_gate1_hardened_safety_no_role_pair_gate_5seed_fixed_update60_candidate/runs/multi_relation/bc_ppo_seed4/actor_critic_update_0060.pt,310093,93,checkpoint,100,straight,True,True,80,0.2,1.0,0.3,0,0.0,1,40,80,True,1.0,1.0,1.0,0.011251758422529647,0.05344585250701583,0.1933895953093903,66.63220811116544,0.0,0.0,0.0,237.0,44.0,237.0,1.0,197.0,197.0,197.0,0.0,1.0,0.0,237.0,0.0,0.02500000074505806,0.03750000111758709,10663.033524525317,10023.6337890625,2563.210205078125,1678.187744140625,3684.384521484375,7530.50390625,20.275920785963535
test,dropout030_relay_failure,no_role_pair_gate,none,no_role_pair_gate,none,4,60,no_role_pair_gate,results/intercept_3d_gate1_hardened_safety_no_role_pair_gate_5seed_fixed_update60_candidate/runs/multi_relation/bc_ppo_seed4/actor_critic_update_0060.pt,310050,50,checkpoint,100,straight,True,True,80,0.2,1.0,0.3,0,0.0,1,40,80,True,0.0,0.0,0.0,0.0,0.03974359092804102,0.17051282295813927,72.9730766570912,0.0,1.0,0.0,260.0,-1.0,-1.0,0.0,220.0,220.0,-1.0,0.0,0.0,1.0,-1.0,0.0,0.0,0.027083334140479566,11671.624872295673,11216.6171875,3672.09716796875,712.6786499023438,3672.09716796875,8874.701171875,3.8941538461949676
test,dropout030_relay_failure,no_role_pair_gate,none,no_role_pair_gate,none,4,60,no_role_pair_gate,results/intercept_3d_gate1_hardened_safety_no_role_pair_gate_5seed_fixed_update60_candidate/runs/multi_relation/bc_ppo_seed4/actor_critic_update_0060.pt,310051,51,checkpoint,100,straight,True,True,80,0.2,1.0,0.3,0,0.0,1,40,80,True,0.0,0.0,0.0,0.0,0.032051283006484695,0.1634615408686491,78.77435942951303,0.0,1.0,0.0,260.0,-1.0,-1.0,0.0,220.0,220.0,-1.0,0.0,0.0,1.0,-1.0,0.0,0.01250000037252903,0.04583333469927311,13413.406002103366,15188.3310546875,2846.02392578125,439.18426513671875,11486.75,10747.1201171875,0.21643485827371478
test,dropout030_relay_failure,no_role_pair_gate,none,no_role_pair_gate,none,4,60,no_role_pair_gate,results/intercept_3d_gate1_hardened_safety_no_role_pair_gate_5seed_fixed_update60_candidate/runs/multi_relation/bc_ppo_seed4/actor_critic_update_0060.pt,310052,52,checkpoint,100,straight,True,True,80,0.2,1.0,0.3,0,0.0,1,40,80,True,0.0,0.0,0.0,0.0,0.030769231686225303,0.1762820537846822,72.79743558850426,0.0,1.0,0.0,260.0,-1.0,-1.0,0.0,220.0,220.0,-1.0,0.0,0.0,1.0,-1.0,0.0,0.00833333358168602,0.031250000931322575,11685.95907451923,16190.8955078125,2976.612548828125,1030.206787109375,15601.111328125,8071.927734375,-0.17183162970468402
test,dropout030_relay_failure,no_role_pair_gate,none,no_role_pair_gate,none,4,60,no_role_pair_gate,results/intercept_3d_gate1_hardened_safety_no_role_pair_gate_5seed_fixed_update60_candidate/runs/multi_relation/bc_ppo_seed4/actor_critic_update_0060.pt,310053,53,checkpoint,100,straight,True,True,80,0.2,1.0,0.3,0,0.0,1,40,80,True,0.0,0.0,0.0,0.0,0.03333333432674408,0.21602564482734754,67.78012818871782,0.0,1.0,0.0,260.0,-1.0,-1.0,0.0,220.0,220.0,-1.0,0.0,0.0,1.0,-1.0,0.0,0.0,0.0416666679084301,10657.73158991887,13445.2900390625,4443.20166015625,1491.2845458984375,11798.2548828125,6344.46142578125,4.104771974030882
test,dropout030_relay_failure,no_role_pair_gate,none,no_role_pair_gate,none,4,60,no_role_pair_gate,results/intercept_3d_gate1_hardened_safety_no_role_pair_gate_5seed_fixed_update60_candidate/runs/multi_relation/bc_ppo_seed4/actor_critic_update_0060.pt,310054,54,checkpoint,100,straight,True,True,80,0.2,1.0,0.3,0,0.0,1,40,80,True,0.0,0.0,0.0,0.0,0.02179487244440959,0.20961538874186003,63.62948677367889,0.0,1.0,0.0,260.0,-1.0,-1.0,0.0,220.0,220.0,-1.0,0.0,0.0,1.0,-1.0,0.0,0.0,0.04583333469927311,11815.25337477464,16112.4951171875,3897.635009765625,1334.3319091796875,13950.8447265625,6769.7998046875,0.9729336416348815
test,dropout030_relay_failure,no_role_pair_gate,none,no_role_pair_gate,none,4,60,no_role_pair_gate,results/intercept_3d_gate1_hardened_safety_no_role_pair_gate_5seed_fixed_update60_candidate/runs/multi_relation/bc_ppo_seed4/actor_critic_update_0060.pt,310055,55,checkpoint,100,straight,True,True,80,0.2,1.0,0.3,0,0.0,1,40,80,True,0.0,0.0,0.0,0.0,0.05897436073193183,0.19615384976451214,66.24102588823209,0.0,1.0,0.0,260.0,-1.0,-1.0,0.0,220.0,220.0,-1.0,0.0,0.0,1.0,-1.0,0.0,0.00416666679084301,0.02916666753590107,10402.391892653246,10298.0458984375,3935.970458984375,959.0326538085938,4184.1181640625,4163.83251953125,7.678399959811941
test,dropout030_relay_failure,no_role_pair_gate,none,no_role_pair_gate,none,4,60,no_role_pair_gate,results/intercept_3d_gate1_hardened_safety_no_role_pair_gate_5seed_fixed_update60_candidate/runs/multi_relation/bc_ppo_seed4/actor_critic_update_0060.pt,310056,56,checkpoint,100,straight,True,True,80,0.2,1.0,0.3,0,0.0,1,40,80,True,0.0,0.0,0.0,0.0,0.06282051469271,0.164743592360845,77.13653915788119,0.0,1.0,0.0,260.0,-1.0,-1.0,0.0,220.0,220.0,-1.0,0.0,0.0,1.0,-1.0,0.0,0.03750000111758709,0.02916666753590107,11494.16942983774,14826.0908203125,3478.286865234375,292.1721496582031,13027.8515625,9347.7158203125,3.1306651376653463
test,dropout030_relay_failure,no_role_pair_gate,none,no_role_pair_gate,none,4,60,no_role_pair_gate,results/intercept_3d_gate1_hardened_safety_no_role_pair_gate_5seed_fixed_update60_candidate/runs/multi_relation/bc_ppo_seed4/actor_critic_update_0060.pt,310057,57,checkpoint,100,straight,True,True,80,0.2,1.0,0.3,0,0.0,1,40,80,True,0.0,0.0,0.0,0.0,0.03461538564700347,0.21410256790427062,65.68525638660559,0.0,1.0,0.0,260.0,-1.0,-1.0,0.0,220.0,220.0,-1.0,0.0,0.0,1.0,-1.0,0.0,0.0,0.03541666772216558,10379.932572115385,12866.7802734375,3862.97705078125,812.42724609375,10776.5859375,4988.3193359375,4.410674547543749
test,dropout030_relay_failure,no_role_pair_gate,none,no_role_pair_gate,none,4,60,no_role_pair_gate,results/intercept_3d_gate1_hardened_safety_no_role_pair_gate_5seed_fixed_update60_candidate/runs/multi_relation/bc_ppo_seed4/actor_critic_update_0060.pt,310058,58,checkpoint,100,straight,True,True,80,0.2,1.0,0.3,0,0.0,1,40,80,True,0.0,0.0,0.0,0.0,0.18333333879709243,0.16410256675802745,77.16410201266407,0.0,1.0,0.0,260.0,-1.0,-1.0,0.0,220.0,220.0,-1.0,0.0,0.0,1.0,-1.0,0.0,0.02500000074505806,0.03958333451300859,10860.30444148137,11039.05859375,4040.1533203125,520.6712646484375,6294.51904296875,9216.2744140625,17.210227422998287
test,dropout030_relay_failure,no_role_pair_gate,none,no_role_pair_gate,none,4,60,no_role_pair_gate,results/intercept_3d_gate1_hardened_safety_no_role_pair_gate_5seed_fixed_update60_candidate/runs/multi_relation/bc_ppo_seed4/actor_critic_update_0060.pt,310059,59,checkpoint,100,straight,True,True,80,0.2,1.0,0.3,0,0.0,1,40,80,True,0.0,0.0,0.0,0.0,0.05641025797678874,0.21666667054478939,64.70448698986036,0.0,1.0,0.0,260.0,-1.0,-1.0,0.0,220.0,220.0,-1.0,0.0,0.0,1.0,-1.0,0.0,0.0,0.03541666772216558,10209.917764047475,12172.04296875,1596.617919921875,621.6390991210938,9572.84375,621.6390991210938,7.120073899161071
test,dropout030_relay_failure,no_role_pair_gate,none,no_role_pair_gate,none,4,60,no_role_pair_gate,results/intercept_3d_gate1_hardened_safety_no_role_pair_gate_5seed_fixed_update60_candidate/runs/multi_relation/bc_ppo_seed4/actor_critic_update_0060.pt,310060,60,checkpoint,100,straight,True,True,80,0.2,1.0,0.3,0,0.0,1,40,80,True,0.0,0.0,0.0,0.0,0.032051283006484695,0.16858974563387724,77.55705182386133,0.0,1.0,0.0,260.0,-1.0,-1.0,0.0,220.0,220.0,-1.0,0.0,0.0,1.0,-1.0,0.0,0.01250000037252903,0.052083334885537624,12201.529916616586,15549.0498046875,3819.525390625,957.7740478515625,12176.6787109375,10386.4453125,0.20155851310119033
test,dropout030_relay_failure,no_role_pair_gate,none,no_role_pair_gate,none,4,60,no_role_pair_gate,results/intercept_3d_gate1_hardened_safety_no_role_pair_gate_5seed_fixed_update60_candidate/runs/multi_relation/bc_ppo_seed4/actor_critic_update_0060.pt,310061,61,checkpoint,100,straight,True,True,80,0.2,1.0,0.3,0,0.0,1,40,80,True,0.0,0.0,0.0,0.0,0.05000000149011612,0.21474359379364893,64.91602598480307,0.0,1.0,0.0,260.0,-1.0,-1.0,0.0,220.0,220.0,-1.0,0.0,0.0,1.0,-1.0,0.0,0.0,0.04375000130385161,10418.66270658053,9639.9052734375,2627.576904296875,1567.3753662109375,2627.576904296875,4509.47802734375,8.230255196336657
test,dropout030_relay_failure,no_role_pair_gate,none,no_role_pair_gate,none,4,60,no_role_pair_gate,results/intercept_3d_gate1_hardened_safety_no_role_pair_gate_5seed_fixed_update60_candidate/runs/multi_relation/bc_ppo_seed4/actor_critic_update_0060.pt,310062,62,checkpoint,100,straight,True,True,80,0.2,1.0,0.3,0,0.0,1,40,80,True,0.0,0.0,0.0,0.0,0.05000000149011612,0.18910256721652471,68.22179495543242,0.0,1.0,0.0,260.0,-1.0,-1.0,0.0,220.0,220.0,-1.0,0.0,0.0,1.0,-1.0,0.0,0.0,0.03333333432674408,11055.957356144832,12830.4951171875,4955.35986328125,1080.4285888671875,8283.5517578125,5064.41015625,4.714407231193036
test,dropout030_relay_failure,no_role_pair_gate,none,no_role_pair_gate,none,4,60,no_role_pair_gate,results/intercept_3d_gate1_hardened_safety_no_role_pair_gate_5seed_fixed_update60_candidate/runs/multi_relation/bc_ppo_seed4/actor_critic_update_0060.pt,310063,63,checkpoint,100,straight,True,True,80,0.2,1.0,0.3,0,0.0,1,40,80,True,0.0,0.0,0.0,0.0,0.029487180365965916,0.19743590131402017,66.69871771931648,0.0,1.0,0.0,260.0,-1.0,-1.0,0.0,220.0,220.0,-1.0,0.0,0.0,1.0,-1.0,0.0,0.0,0.047916668094694616,12237.038463416466,14363.7294921875,2989.49609375,1280.7532958984375,8743.064453125,7636.7333984375,2.342145408736542
test,dropout030_relay_failure,no_role_pair_gate,none,no_role_pair_gate,none,4,60,no_role_pair_gate,results/intercept_3d_gate1_hardened_safety_no_role_pair_gate_5seed_fixed_update60_candidate/runs/multi_relation/bc_ppo_seed4/actor_critic_update_0060.pt,310064,64,checkpoint,100,straight,True,True,80,0.2,1.0,0.3,0,0.0,1,40,80,True,0.0,0.0,0.0,0.0,0.04871795016985673,0.20961538834067492,66.18525634769064,0.0,1.0,0.0,260.0,-1.0,-1.0,0.0,220.0,220.0,-1.0,0.0,0.0,1.0,-1.0,0.0,0.0,0.02916666753590107,10660.002067683294,10721.4248046875,4066.533203125,1486.610595703125,5436.43310546875,6030.91748046875,7.228239506017417
test,dropout030_relay_failure,no_role_pair_gate,none,no_role_pair_gate,none,4,60,no_role_pair_gate,results/intercept_3d_gate1_hardened_safety_no_role_pair_gate_5seed_fixed_update60_candidate/runs/multi_relation/bc_ppo_seed4/actor_critic_update_0060.pt,310065,65,checkpoint,100,straight,True,True,80,0.2,1.0,0.3,0,0.0,1,40,80,True,0.0,0.0,1.0,0.014102564522853264,0.05769230941167244,0.20897436250860874,66.97692267980713,0.0,1.0,0.0,260.0,43.0,-1.0,0.0,220.0,220.0,-1.0,0.0,0.0,1.0,-1.0,0.0,0.02500000074505806,0.04375000130385161,10483.046906926082,11234.2900390625,1449.665771484375,1936.3658447265625,1779.152587890625,1936.3658447265625,15.185222161468118
test,dropout030_relay_failure,no_role_pair_gate,none,no_role_pair_gate,none,4,60,no_role_pair_gate,results/intercept_3d_gate1_hardened_safety_no_role_pair_gate_5seed_fixed_update60_candidate/runs/multi_relation/bc_ppo_seed4/actor_critic_update_0060.pt,310066,66,checkpoint,100,straight,True,True,80,0.2,1.0,0.3,0,0.0,1,40,80,True,0.0,0.0,0.0,0.0,0.05897436073193183,0.21217949103850584,66.57564108039324,0.0,1.0,0.0,260.0,-1.0,-1.0,0.0,220.0,220.0,-1.0,0.0,0.0,1.0,-1.0,0.0,0.00416666679084301,0.03958333451300859,10175.187195763221,10924.4130859375,891.0692749023438,1211.6646728515625,5415.79638671875,2751.814697265625,8.103880270384252
test,dropout030_relay_failure,no_role_pair_gate,none,no_role_pair_gate,none,4,60,no_role_pair_gate,results/intercept_3d_gate1_hardened_safety_no_role_pair_gate_5seed_fixed_update60_candidate/runs/multi_relation/bc_ppo_seed4/actor_critic_update_0060.pt,310067,67,checkpoint,100,straight,True,True,80,0.2,1.0,0.3,0,0.0,1,40,80,True,0.0,0.0,0.0,0.0,0.04871795016985673,0.1615384639455722,78.1749994093409,0.0,1.0,0.0,260.0,-1.0,-1.0,0.0,220.0,220.0,-1.0,0.0,0.0,1.0,-1.0,0.0,0.07083333544433117,0.03750000111758709,13741.07865647536,16728.568359375,1751.354736328125,183.97457885742188,11971.73828125,21197.130859375,0.17357723461464047
test,dropout030_relay_failure,no_role_pair_gate,none,no_role_pair_gate,none,4,60,no_role_pair_gate,results/intercept_3d_gate1_hardened_safety_no_role_pair_gate_5seed_fixed_update60_candidate/runs/multi_relation/bc_ppo_seed4/actor_critic_update_0060.pt,310068,68,checkpoint,100,straight,True,True,80,0.2,1.0,0.3,0,0.0,1,40,80,True,0.0,0.0,0.0,0.0,0.09615384901945408,0.1711538485609568,77.16923131707769,0.0,1.0,0.0,260.0,-1.0,-1.0,0.0,220.0,220.0,-1.0,0.0,0.0,1.0,-1.0,0.0,0.0,0.0416666679084301,11100.14442232572,11492.4296875,3989.376708984375,964.0554809570312,4137.28955078125,9120.0693359375,9.102827225346118
test,dropout030_relay_failure,no_role_pair_gate,none,no_role_pair_gate,none,4,60,no_role_pair_gate,results/intercept_3d_gate1_hardened_safety_no_role_pair_gate_5seed_fixed_update60_candidate/runs/multi_relation/bc_ppo_seed4/actor_critic_update_0060.pt,310069,69,checkpoint,100,straight,True,True,80,0.2,1.0,0.3,0,0.0,1,40,80,True,0.0,0.0,0.0,0.0,0.04615384752933795,0.15000000206323771,78.42051221246902,0.0,1.0,0.0,260.0,-1.0,-1.0,0.0,220.0,220.0,-1.0,0.0,0.0,1.0,-1.0,0.0,0.05416666828095913,0.05000000149011612,12672.829041466346,16894.365234375,2688.394287109375,323.1156311035156,12892.810546875,13191.5439453125,-0.4893809766508639
test,dropout030_relay_failure,no_role_pair_gate,none,no_role_pair_gate,none,4,60,no_role_pair_gate,results/intercept_3d_gate1_hardened_safety_no_role_pair_gate_5seed_fixed_update60_candidate/runs/multi_relation/bc_ppo_seed4/actor_critic_update_0060.pt,310070,70,checkpoint,100,straight,True,True,80,0.2,1.0,0.3,0,0.0,1,40,80,True,0.0,0.0,0.0,0.0,0.18589744143761122,0.1750000033241052,72.1519232302331,0.0,1.0,0.0,260.0,-1.0,-1.0,0.0,220.0,220.0,-1.0,0.0,0.0,1.0,-1.0,0.0,0.02083333395421505,0.03541666772216558,10548.652612304688,10454.61328125,4056.199951171875,719.7890014648438,5380.60791015625,6887.2001953125,18.354911150061525
test,dropout030_relay_failure,no_role_pair_gate,none,no_role_pair_gate,none,4,60,no_role_pair_gate,results/intercept_3d_gate1_hardened_safety_no_role_pair_gate_5seed_fixed_update60_candidate/runs/multi_relation/bc_ppo_seed4/actor_critic_update_0060.pt,310071,71,checkpoint,100,straight,True,True,80,0.2,1.0,0.3,0,0.0,1,40,80,True,0.0,0.0,0.0,0.0,0.029487180365965916,0.20256410665236987,65.59871793377857,0.0,1.0,0.0,260.0,-1.0,-1.0,0.0,220.0,220.0,-1.0,0.0,0.0,1.0,-1.0,0.0,0.0,0.03750000111758709,11070.023839393029,14305.0625,4511.22509765625,1541.2166748046875,12244.47265625,5910.24072265625,2.317033843137324
test,dropout030_relay_failure,no_role_pair_gate,none,no_role_pair_gate,none,4,60,no_role_pair_gate,results/intercept_3d_gate1_hardened_safety_no_role_pair_gate_5seed_fixed_update60_candidate/runs/multi_relation/bc_ppo_seed4/actor_critic_update_0060.pt,310072,72,checkpoint,100,straight,True,True,80,0.2,1.0,0.3,0,0.0,1,40,80,True,0.0,0.0,0.0,0.0,0.01794871848363143,0.20256410642312123,66.84423060847017,0.0,1.0,0.0,260.0,-1.0,-1.0,0.0,220.0,220.0,-1.0,0.0,0.0,1.0,-1.0,0.0,0.0,0.04583333469927311,11896.452659254808,12163.9326171875,3599.571533203125,1078.1524658203125,6159.0859375,7642.8818359375,2.9962151115760207
test,dropout030_relay_failure,no_role_pair_gate,none,no_role_pair_gate,none,4,60,no_role_pair_gate,results/intercept_3d_gate1_hardened_safety_no_role_pair_gate_5seed_fixed_update60_candidate/runs/multi_relation/bc_ppo_seed4/actor_critic_update_0060.pt,310073,73,checkpoint,100,straight,True,True,80,0.2,1.0,0.3,0,0.0,1,40,80,True,0.0,0.0,0.0,0.0,0.04358974488881918,0.1961538489621419,68.55000002464423,0.0,1.0,0.0,260.0,-1.0,-1.0,0.0,220.0,220.0,-1.0,0.0,0.0,1.0,-1.0,0.0,0.0,0.03541666772216558,11248.352914663461,11934.1162109375,3715.8984375,1374.837890625,8525.0458984375,6855.49462890625,5.231462743598968
test,dropout030_relay_failure,no_role_pair_gate,none,no_role_pair_gate,none,4,60,no_role_pair_gate,results/intercept_3d_gate1_hardened_safety_no_role_pair_gate_5seed_fixed_update60_candidate/runs/multi_relation/bc_ppo_seed4/actor_critic_update_0060.pt,310075,75,checkpoint,100,straight,True,True,80,0.2,1.0,0.3,0,0.0,1,40,80,True,0.0,0.0,0.0,0.0,0.05256410413063489,0.1987179520038458,69.74102584582108,0.0,1.0,0.0,260.0,-1.0,-1.0,0.0,220.0,220.0,-1.0,0.0,0.0,1.0,-1.0,0.0,0.0,0.0416666679084301,10765.981173001803,11925.6435546875,5069.9921875,1053.7545166015625,7416.0478515625,3764.44775390625,6.1255111349746585
test,dropout030_relay_failure,no_role_pair_gate,none,no_role_pair_gate,none,4,60,no_role_pair_gate,results/intercept_3d_gate1_hardened_safety_no_role_pair_gate_5seed_fixed_update60_candidate/runs/multi_relation/bc_ppo_seed4/actor_critic_update_0060.pt,310076,76,checkpoint,100,straight,True,True,80,0.2,1.0,0.3,0,0.0,1,40,80,True,0.0,0.0,0.0,0.0,0.04358974488881918,0.17435897743472686,73.91730806787427,0.0,1.0,0.0,260.0,-1.0,-1.0,0.0,220.0,220.0,-1.0,0.0,0.0,1.0,-1.0,0.0,0.02916666753590107,0.0416666679084301,11303.8168363131,15282.0791015625,4063.6171875,762.6654663085938,14905.7978515625,7398.0556640625,1.3115857361117378
test,dropout030_relay_failure,no_role_pair_gate,none,no_role_pair_gate,none,4,60,no_role_pair_gate,results/intercept_3d_gate1_hardened_safety_no_role_pair_gate_5seed_fixed_update60_candidate/runs/multi_relation/bc_ppo_seed4/actor_critic_update_0060.pt,310078,78,checkpoint,100,straight,True,True,80,0.2,1.0,0.3,0,0.0,1,40,80,True,0.0,0.0,0.0,0.0,0.03461538564700347,0.20897436290979385,67.03653848354634,0.0,1.0,0.0,260.0,-1.0,-1.0,0.0,220.0,220.0,-1.0,0.0,0.0,1.0,-1.0,0.0,0.0,0.03333333432674408,10531.35024601863,12635.1533203125,5008.529296875,1591.14306640625,9773.150390625,5912.0869140625,4.318852289579809
test,dropout030_relay_failure,no_role_pair_gate,none,no_role_pair_gate,none,4,60,no_role_pair_gate,results/intercept_3d_gate1_hardened_safety_no_role_pair_gate_5seed_fixed_update60_candidate/runs/multi_relation/bc_ppo_seed4/actor_critic_update_0060.pt,310079,79,checkpoint,100,straight,True,True,80,0.2,1.0,0.3,0,0.0,1,40,80,True,0.0,0.0,0.0,0.0,0.10641025958152918,0.14294871997374756,79.16025635158786,0.0,1.0,0.0,260.0,-1.0,-1.0,0.0,220.0,220.0,-1.0,0.0,0.0,1.0,-1.0,0.0,0.02500000074505806,0.031250000931322575,11531.453941932092,13989.3779296875,4258.33154296875,665.190185546875,10165.1318359375,9742.4306640625,6.835214391350746
test,dropout030_relay_failure,no_role_pair_gate,none,no_role_pair_gate,none,4,60,no_role_pair_gate,results/intercept_3d_gate1_hardened_safety_no_role_pair_gate_5seed_fixed_update60_candidate/runs/multi_relation/bc_ppo_seed4/actor_critic_update_0060.pt,310080,80,checkpoint,100,straight,True,True,80,0.2,1.0,0.3,0,0.0,1,40,80,True,0.0,0.0,1.0,0.006410256601296938,0.05384615545089428,0.2044871836900711,64.32948734490917,0.0,1.0,0.0,260.0,44.0,-1.0,0.0,220.0,220.0,-1.0,0.0,0.0,1.0,-1.0,0.0,0.01666666716337204,0.03541666772216558,10260.20752328726,10315.6279296875,1497.1414794921875,1137.3809814453125,1693.76025390625,2600.463134765625,11.609914560802281
test,dropout030_relay_failure,no_role_pair_gate,none,no_role_pair_gate,none,4,60,no_role_pair_gate,results/intercept_3d_gate1_hardened_safety_no_role_pair_gate_5seed_fixed_update60_candidate/runs/multi_relation/bc_ppo_seed4/actor_critic_update_0060.pt,310081,81,checkpoint,100,straight,True,True,80,0.2,1.0,0.3,0,0.0,1,40,80,True,0.0,0.0,0.0,0.0,0.030769231686225303,0.18653846451869377,68.7249999538064,0.0,1.0,0.0,260.0,-1.0,-1.0,0.0,220.0,220.0,-1.0,0.0,0.0,1.0,-1.0,0.0,0.00416666679084301,0.022916667349636554,11329.869525615986,15163.234375,4183.07958984375,1145.4061279296875,11850.64453125,7087.27880859375,1.1093512929510325
test,dropout030_relay_failure,no_role_pair_gate,none,no_role_pair_gate,none,4,60,no_role_pair_gate,results/intercept_3d_gate1_hardened_safety_no_role_pair_gate_5seed_fixed_update60_candidate/runs/multi_relation/bc_ppo_seed4/actor_critic_update_0060.pt,310082,82,checkpoint,100,straight,True,True,80,0.2,1.0,0.3,0,0.0,1,40,80,True,0.0,0.0,0.0,0.0,0.04358974488881918,0.16410256692996392,72.12756402601417,0.0,1.0,0.0,260.0,-1.0,-1.0,0.0,220.0,220.0,-1.0,0.0,0.0,1.0,-1.0,0.0,0.0,0.02916666753590107,11921.346439302884,12755.6435546875,3888.84423828125,813.6162719726562,5968.57373046875,9005.1171875,2.950065534096211
test,dropout030_relay_failure,no_role_pair_gate,none,no_role_pair_gate,none,4,60,no_role_pair_gate,results/intercept_3d_gate1_hardened_safety_no_role_pair_gate_5seed_fixed_update60_candidate/runs/multi_relation/bc_ppo_seed4/actor_critic_update_0060.pt,310083,83,checkpoint,100,straight,True,True,80,0.2,1.0,0.3,0,0.0,1,40,80,True,0.0,0.0,0.0,0.0,0.04102564224830041,0.16346154115520992,77.66858910471201,0.0,1.0,0.0,260.0,-1.0,-1.0,0.0,220.0,220.0,-1.0,0.0,0.0,1.0,-1.0,0.0,0.03750000111758709,0.04375000130385161,11909.304103440505,15145.4189453125,3426.447509765625,420.17510986328125,14262.85546875,12010.0673828125,0.8447813978418708
test,dropout030_relay_failure,no_role_pair_gate,none,no_role_pair_gate,none,4,60,no_role_pair_gate,results/intercept_3d_gate1_hardened_safety_no_role_pair_gate_5seed_fixed_update60_candidate/runs/multi_relation/bc_ppo_seed4/actor_critic_update_0060.pt,310084,84,checkpoint,100,straight,True,True,80,0.2,1.0,0.3,0,0.0,1,40,80,True,0.0,0.0,0.0,0.0,0.03333333432674408,0.15064102818186467,78.53589800854142,0.0,1.0,0.0,260.0,-1.0,-1.0,0.0,220.0,220.0,-1.0,0.0,0.0,1.0,-1.0,0.0,0.01666666716337204,0.03541666772216558,12246.585753455529,17148.513671875,3363.648681640625,1071.6365966796875,15382.6337890625,9172.03515625,-1.929327386256773
test,dropout030_relay_failure,no_role_pair_gate,none,no_role_pair_gate,none,4,60,no_role_pair_gate,results/intercept_3d_gate1_hardened_safety_no_role_pair_gate_5seed_fixed_update60_candidate/runs/multi_relation/bc_ppo_seed4/actor_critic_update_0060.pt,310085,85,checkpoint,100,straight,True,True,80,0.2,1.0,0.3,0,0.0,1,40,80,True,0.0,0.0,0.0,0.0,0.0500000013754918,0.19294872146386366,68.50192303399626,0.0,1.0,0.0,260.0,-1.0,-1.0,0.0,220.0,220.0,-1.0,0.0,0.0,1.0,-1.0,0.0,0.01666666716337204,0.03750000111758709,10671.952817007212,13879.9072265625,4639.6455078125,924.9362182617188,10419.400390625,3642.376953125,4.407105818158016
test,dropout030_relay_failure,no_role_pair_gate,none,no_role_pair_gate,none,4,60,no_role_pair_gate,results/intercept_3d_gate1_hardened_safety_no_role_pair_gate_5seed_fixed_update60_candidate/runs/multi_relation/bc_ppo_seed4/actor_critic_update_0060.pt,310086,86,checkpoint,100,straight,True,True,80,0.2,1.0,0.3,0,0.0,1,40,80,True,0.0,0.0,1.0,0.0025641026405187756,0.04743589884959734,0.19038461899528136,68.2044871032238,0.0,1.0,0.0,260.0,45.0,-1.0,0.0,220.0,220.0,-1.0,0.0,0.0,1.0,-1.0,0.0,0.02500000074505806,0.03958333451300859,10951.209110201322,11194.1455078125,2468.530029296875,578.1500854492188,6651.51708984375,6021.22900390625,7.041922022588551
test,dropout030_relay_failure,no_role_pair_gate,none,no_role_pair_gate,none,4,60,no_role_pair_gate,results/intercept_3d_gate1_hardened_safety_no_role_pair_gate_5seed_fixed_update60_candidate/runs/multi_relation/bc_ppo_seed4/actor_critic_update_0060.pt,310087,87,checkpoint,100,straight,True,True,80,0.2,1.0,0.3,0,0.0,1,40,80,True,0.0,0.0,0.0,0.0,0.04871795016985673,0.21153846486256672,66.02051276684954,0.0,1.0,0.0,260.0,-1.0,-1.0,0.0,220.0,220.0,-1.0,0.0,0.0,1.0,-1.0,0.0,0.00833333358168602,0.031250000931322575,10469.074230018028,10328.5712890625,3496.09423828125,1615.1842041015625,3804.607421875,4979.46044921875,7.433984487084672
test,dropout030_relay_failure,no_role_pair_gate,none,no_role_pair_gate,none,4,60,no_role_pair_gate,results/intercept_3d_gate1_hardened_safety_no_role_pair_gate_5seed_fixed_update60_candidate/runs/multi_relation/bc_ppo_seed4/actor_critic_update_0060.pt,310088,88,checkpoint,100,straight,True,True,80,0.2,1.0,0.3,0,0.0,1,40,80,True,0.0,0.0,0.0,0.0,0.19102564671864877,0.18846154155639502,71.42820511752596,0.0,1.0,0.0,260.0,-1.0,-1.0,0.0,220.0,220.0,-1.0,0.0,0.0,1.0,-1.0,0.0,0.0416666679084301,0.03750000111758709,10549.253626427284,12347.375,2798.26953125,523.6570434570312,7158.86572265625,6434.443359375,18.367237042519264
test,dropout030_relay_failure,no_role_pair_gate,none,no_role_pair_gate,none,4,60,no_role_pair_gate,results/intercept_3d_gate1_hardened_safety_no_role_pair_gate_5seed_fixed_update60_candidate/runs/multi_relation/bc_ppo_seed4/actor_critic_update_0060.pt,310089,89,checkpoint,100,straight,True,True,80,0.2,1.0,0.3,0,0.0,1,40,80,True,0.0,0.0,1.0,0.0012820513202593878,0.03589743696726286,0.20512820946482513,65.54230769591835,0.0,1.0,0.0,260.0,45.0,-1.0,0.0,220.0,220.0,-1.0,0.0,0.0,1.0,-1.0,0.0,0.02083333395421505,0.031250000931322575,10382.25648099459,10099.1826171875,2870.006103515625,952.7626953125,3836.734130859375,4674.1123046875,6.753074322361499
test,dropout030_relay_failure,no_role_pair_gate,none,no_role_pair_gate,none,4,60,no_role_pair_gate,results/intercept_3d_gate1_hardened_safety_no_role_pair_gate_5seed_fixed_update60_candidate/runs/multi_relation/bc_ppo_seed4/actor_critic_update_0060.pt,310090,90,checkpoint,100,straight,True,True,80,0.2,1.0,0.3,0,0.0,1,40,80,True,0.0,0.0,0.0,0.0,0.11666667014360428,0.20000000383991462,69.11538450116149,0.0,1.0,0.0,260.0,-1.0,-1.0,0.0,220.0,220.0,-1.0,0.0,0.0,1.0,-1.0,0.0,0.00833333358168602,0.02916666753590107,10425.060717773438,10966.0478515625,2985.05419921875,682.9189453125,3954.000244140625,6243.23291015625,12.710574298165739
test,dropout030_relay_failure,no_role_pair_gate,none,no_role_pair_gate,none,4,60,no_role_pair_gate,results/intercept_3d_gate1_hardened_safety_no_role_pair_gate_5seed_fixed_update60_candidate/runs/multi_relation/bc_ppo_seed4/actor_critic_update_0060.pt,310091,91,checkpoint,100,straight,True,True,80,0.2,1.0,0.3,0,0.0,1,40,80,True,0.0,0.0,0.0,0.0,0.03974359092804102,0.15576923288978062,77.91474310606718,0.0,1.0,0.0,260.0,-1.0,-1.0,0.0,220.0,220.0,-1.0,0.0,0.0,1.0,-1.0,0.0,0.02916666753590107,0.02916666753590107,11905.793207256611,16272.890625,3695.97802734375,710.85595703125,14386.060546875,9086.9345703125,-0.3054861032869667
test,dropout030_relay_failure,no_role_pair_gate,none,no_role_pair_gate,none,4,60,no_role_pair_gate,results/intercept_3d_gate1_hardened_safety_no_role_pair_gate_5seed_fixed_update60_candidate/runs/multi_relation/bc_ppo_seed4/actor_critic_update_0060.pt,310092,92,checkpoint,100,straight,True,True,80,0.2,1.0,0.3,0,0.0,1,40,80,True,0.0,0.0,0.0,0.0,0.04615384752933795,0.21282051698519633,65.73589768799452,0.0,1.0,0.0,260.0,-1.0,-1.0,0.0,220.0,220.0,-1.0,0.0,0.0,1.0,-1.0,0.0,0.0,0.03333333432674408,10501.985774113582,10307.8603515625,1427.6356201171875,1683.56298828125,4776.142578125,1683.56298828125,7.448604603530839
test,dropout030_relay_failure,no_role_pair_gate,none,no_role_pair_gate,none,4,60,no_role_pair_gate,results/intercept_3d_gate1_hardened_safety_no_role_pair_gate_5seed_fixed_update60_candidate/runs/multi_relation/bc_ppo_seed4/actor_critic_update_0060.pt,310094,94,checkpoint,100,straight,True,True,80,0.2,1.0,0.3,0,0.0,1,40,80,True,0.0,0.0,0.0,0.0,0.04871795016985673,0.1987179520038458,68.89358971944222,0.0,1.0,0.0,260.0,-1.0,-1.0,0.0,220.0,220.0,-1.0,0.0,0.0,1.0,-1.0,0.0,0.0,0.0416666679084301,11279.622842172475,11333.3623046875,4380.1357421875,845.5407104492188,4901.65234375,7744.20751953125,6.2520899277878925
test,dropout030_relay_failure,no_role_pair_gate,none,no_role_pair_gate,none,4,60,no_role_pair_gate,results/intercept_3d_gate1_hardened_safety_no_role_pair_gate_5seed_fixed_update60_candidate/runs/multi_relation/bc_ppo_seed4/actor_critic_update_0060.pt,310095,95,checkpoint,100,straight,True,True,80,0.2,1.0,0.3,0,0.0,1,40,80,True,0.0,0.0,0.0,0.0,0.03333333432674408,0.21089743971824645,64.4108973126572,0.0,1.0,0.0,260.0,-1.0,-1.0,0.0,220.0,220.0,-1.0,0.0,0.0,1.0,-1.0,0.0,0.00416666679084301,0.03541666772216558,11078.24214430589,15157.6748046875,4068.69189453125,1292.8551025390625,13859.548828125,5389.17626953125,2.726221129996702
test,dropout030_relay_failure,no_role_pair_gate,none,no_role_pair_gate,none,4,60,no_role_pair_gate,results/intercept_3d_gate1_hardened_safety_no_role_pair_gate_5seed_fixed_update60_candidate/runs/multi_relation/bc_ppo_seed4/actor_critic_update_0060.pt,310096,96,checkpoint,100,straight,True,True,80,0.2,1.0,0.3,0,0.0,1,40,80,True,0.0,0.0,0.0,0.0,0.05000000149011612,0.15833333530105076,77.8756403821019,0.0,1.0,0.0,260.0,-1.0,-1.0,0.0,220.0,220.0,-1.0,0.0,0.0,1.0,-1.0,0.0,0.01666666716337204,0.02500000074505806,12111.98100022536,13246.890625,3049.060546875,859.8416748046875,8345.046875,10086.7255859375,2.978660828899592
test,dropout030_relay_failure,no_role_pair_gate,none,no_role_pair_gate,none,4,60,no_role_pair_gate,results/intercept_3d_gate1_hardened_safety_no_role_pair_gate_5seed_fixed_update60_candidate/runs/multi_relation/bc_ppo_seed4/actor_critic_update_0060.pt,310097,97,checkpoint,100,straight,True,True,80,0.2,1.0,0.3,0,0.0,1,40,80,True,0.0,0.0,0.0,0.0,0.08717948966301405,0.20384615682638607,67.42628199337767,0.0,1.0,0.0,260.0,-1.0,-1.0,0.0,220.0,220.0,-1.0,0.0,0.0,1.0,-1.0,0.0,0.01666666716337204,0.03333333432674408,10212.1421875,12167.3564453125,3105.9306640625,667.6719360351562,8722.740234375,1649.1549072265625,9.58604514063336
test,dropout030_relay_failure,no_role_pair_gate,none,no_role_pair_gate,none,4,60,no_role_pair_gate,results/intercept_3d_gate1_hardened_safety_no_role_pair_gate_5seed_fixed_update60_candidate/runs/multi_relation/bc_ppo_seed4/actor_critic_update_0060.pt,310098,98,checkpoint,100,straight,True,True,80,0.2,1.0,0.3,0,0.0,1,40,80,True,0.0,0.0,0.0,0.0,0.06153846337245061,0.19294872083342993,70.85512813318235,0.0,1.0,0.0,260.0,-1.0,-1.0,0.0,220.0,220.0,-1.0,0.0,0.0,1.0,-1.0,0.0,0.00416666679084301,0.02916666753590107,11234.056424654447,11464.9609375,3794.69580078125,518.8369750976562,4700.041015625,8611.7998046875,6.969070229213685
test,dropout030_relay_failure,no_role_pair_gate,none,no_role_pair_gate,none,4,60,no_role_pair_gate,results/intercept_3d_gate1_hardened_safety_no_role_pair_gate_5seed_fixed_update60_candidate/runs/multi_relation/bc_ppo_seed4/actor_critic_update_0060.pt,310099,99,checkpoint,100,straight,True,True,80,0.2,1.0,0.3,0,0.0,1,40,80,True,0.0,0.0,0.0,0.0,0.06153846337245061,0.20192308076299154,66.49807673022151,0.0,1.0,0.0,260.0,-1.0,-1.0,0.0,220.0,220.0,-1.0,0.0,0.0,1.0,-1.0,0.0,0.0,0.03958333451300859,10582.756704477164,11405.44921875,3186.86328125,927.3757934570312,4146.9208984375,7301.5146484375,7.6870387345552444
