cohort,anchor_seed,explorer_seeds,group,episode_seed,step,agent_index,role,explorer_disagreement_js,pairwise_explorer_js,centroid_anchor_tv,centroid_anchor_js,candidate_signal
A,71011,71011|71012|71013,N,880000,0,0,0,0.2542497217655182,0.5089538097381592,0.9637746810913086,0.60831618309021,False
A,71011,71011|71012|71013,N,880000,0,1,1,0.15377263724803925,0.3561255633831024,0.8232106566429138,0.43646305799484253,False
A,71011,71011|71012|71013,N,880000,0,2,2,0.3600815236568451,0.6448343992233276,0.9869652986526489,0.6604301333427429,False
A,71011,71011|71012|71013,N,880000,27,0,0,0.32569411396980286,0.5626766085624695,0.9387202858924866,0.6265324950218201,False
A,71011,71011|71012|71013,N,880000,27,1,1,0.15790042281150818,0.35481396317481995,0.8455134630203247,0.4591556787490845,False
A,71011,71011|71012|71013,N,880000,27,2,2,0.38031089305877686,0.658697783946991,0.976132333278656,0.6411786675453186,False
A,71011,71011|71012|71013,N,880000,43,0,0,0.33305028080940247,0.5651704668998718,0.9475412368774414,0.6272499561309814,False
A,71011,71011|71012|71013,N,880000,43,1,1,0.1594695895910263,0.35512611269950867,0.8514586687088013,0.46712827682495117,False
A,71011,71011|71012|71013,N,880000,43,2,2,0.37849774956703186,0.6553576588630676,0.9800623059272766,0.6513909101486206,False
A,71011,71011|71012|71013,N,880000,59,0,0,0.33836594223976135,0.5672461986541748,0.9574073553085327,0.6235437393188477,False
A,71011,71011|71012|71013,N,880000,59,1,1,0.16915665566921234,0.372357040643692,0.8725429773330688,0.4939635097980499,False
A,71011,71011|71012|71013,N,880000,59,2,2,0.3750433921813965,0.6490969061851501,0.9794947504997253,0.6583096981048584,False
A,71011,71011|71012|71013,N,880000,79,0,0,0.33667659759521484,0.5651751160621643,0.9423617124557495,0.6031380891799927,False
A,71011,71011|71012|71013,N,880000,79,1,1,0.18244171142578125,0.3967759311199188,0.8921957015991211,0.5227490067481995,False
A,71011,71011|71012|71013,N,880000,79,2,2,0.36347082257270813,0.6331432461738586,0.9715680480003357,0.6515079736709595,False
A,71011,71011|71012|71013,N,880000,119,0,0,0.21462000906467438,0.4432986080646515,0.9560723304748535,0.6321677565574646,False
A,71011,71011|71012|71013,N,880000,119,1,1,0.16381561756134033,0.36187875270843506,0.7320228815078735,0.36928629875183105,False
A,71011,71011|71012|71013,N,880000,119,2,2,0.3798571527004242,0.6520283818244934,0.9800136089324951,0.6467520594596863,False
A,71011,71011|71012|71013,N,880001,0,0,0,0.26300254464149475,0.5226693153381348,0.9692130088806152,0.6187006235122681,False
A,71011,71011|71012|71013,N,880001,0,1,1,0.1518315076828003,0.3502103388309479,0.8305279016494751,0.445084810256958,False
A,71011,71011|71012|71013,N,880001,0,2,2,0.3600815236568451,0.6448343992233276,0.9869652986526489,0.6604301333427429,False
A,71011,71011|71012|71013,N,880001,27,0,0,0.3170328736305237,0.5502467751502991,0.9600614905357361,0.6317384243011475,False
A,71011,71011|71012|71013,N,880001,27,1,1,0.15242156386375427,0.3398517668247223,0.8561527729034424,0.4738798141479492,False
A,71011,71011|71012|71013,N,880001,27,2,2,0.3610318899154663,0.644527018070221,0.9809464812278748,0.6482711434364319,False
A,71011,71011|71012|71013,N,880001,43,0,0,0.3238011300563812,0.5546117424964905,0.962357759475708,0.6262938380241394,False
A,71011,71011|71012|71013,N,880001,43,1,1,0.15364234149456024,0.3397052586078644,0.8652687072753906,0.4857533872127533,False
A,71011,71011|71012|71013,N,880001,43,2,2,0.35762476921081543,0.6403070092201233,0.9854438900947571,0.6582868099212646,False
A,71011,71011|71012|71013,N,880001,59,0,0,0.3278302252292633,0.5593012571334839,0.951863169670105,0.6105027794837952,False
A,71011,71011|71012|71013,N,880001,59,1,1,0.15988893806934357,0.3493373692035675,0.8835940361022949,0.5096760988235474,False
A,71011,71011|71012|71013,N,880001,59,2,2,0.35812053084373474,0.6361362934112549,0.9881542325019836,0.6665323972702026,False
A,71011,71011|71012|71013,N,880001,79,0,0,0.33002710342407227,0.5636689066886902,0.9071276783943176,0.5807762145996094,False
A,71011,71011|71012|71013,N,880001,79,1,1,0.17032797634601593,0.3655238151550293,0.9030675888061523,0.5390758514404297,False
A,71011,71011|71012|71013,N,880001,79,2,2,0.35694003105163574,0.624661922454834,0.9857395887374878,0.6677283048629761,False
A,71011,71011|71012|71013,N,880001,119,0,0,0.21458429098129272,0.44327056407928467,0.9559443593025208,0.6321171522140503,False
A,71011,71011|71012|71013,N,880001,119,1,1,0.16382251679897308,0.36192646622657776,0.7320552468299866,0.3693060874938965,False
A,71011,71011|71012|71013,N,880001,119,2,2,0.37983807921409607,0.6519935727119446,0.9800497889518738,0.6468212008476257,False
A,71011,71011|71012|71013,N,880002,0,0,0,0.2573961615562439,0.5210805535316467,0.9383993744850159,0.5661641359329224,False
A,71011,71011|71012|71013,N,880002,0,1,1,0.14785605669021606,0.34238967299461365,0.8112022876739502,0.4247099757194519,False
A,71011,71011|71012|71013,N,880002,0,2,2,0.3600815236568451,0.6448343992233276,0.9869652986526489,0.6604301333427429,False
A,71011,71011|71012|71013,N,880002,27,0,0,0.30236366391181946,0.5504525303840637,0.9383615255355835,0.6234316825866699,False
A,71011,71011|71012|71013,N,880002,27,1,1,0.1450386494398117,0.32466909289360046,0.8241965174674988,0.43631690740585327,False
A,71011,71011|71012|71013,N,880002,27,2,2,0.36797675490379333,0.645484983921051,0.979885995388031,0.6506940126419067,False
A,71011,71011|71012|71013,N,880002,43,0,0,0.3121156096458435,0.5532381534576416,0.9373059868812561,0.624243974685669,False
A,71011,71011|71012|71013,N,880002,43,1,1,0.14713174104690552,0.3266204297542572,0.8327771425247192,0.44590848684310913,False
A,71011,71011|71012|71013,N,880002,43,2,2,0.36403536796569824,0.6404418349266052,0.9831063151359558,0.6576124429702759,False
A,71011,71011|71012|71013,N,880002,59,0,0,0.3217998147010803,0.5567800402641296,0.9480494260787964,0.6230072975158691,False
A,71011,71011|71012|71013,N,880002,59,1,1,0.1556306630373001,0.3401680886745453,0.8532996773719788,0.46846917271614075,False
A,71011,71011|71012|71013,N,880002,59,2,2,0.35947656631469727,0.6321708559989929,0.9803740382194519,0.6596229672431946,False
A,71011,71011|71012|71013,N,880002,79,0,0,0.32457542419433594,0.5574626922607422,0.9558036923408508,0.6138655543327332,False
A,71011,71011|71012|71013,N,880002,79,1,1,0.16850809752941132,0.3618100583553314,0.8751205205917358,0.494893342256546,False
A,71011,71011|71012|71013,N,880002,79,2,2,0.3496662378311157,0.6152223348617554,0.9648176431655884,0.6447818875312805,False
A,71011,71011|71012|71013,N,880002,119,0,0,0.2146928459405899,0.44335684180259705,0.9563261866569519,0.6322686672210693,False
A,71011,71011|71012|71013,N,880002,119,1,1,0.16380220651626587,0.36178305745124817,0.7319574952125549,0.3692464828491211,False
A,71011,71011|71012|71013,N,880002,119,2,2,0.3798949420452118,0.6520975828170776,0.9799409508705139,0.6466132402420044,False
A,71011,71011|71012|71013,N,880003,0,0,0,0.26467517018318176,0.5216395854949951,0.9701393842697144,0.6242332458496094,False
A,71011,71011|71012|71013,N,880003,0,1,1,0.15218746662139893,0.35289227962493896,0.8374665975570679,0.4530961513519287,False
A,71011,71011|71012|71013,N,880003,0,2,2,0.3600815236568451,0.6448343992233276,0.9869652986526489,0.6604301333427429,False
A,71011,71011|71012|71013,N,880003,27,0,0,0.3207226097583771,0.5639527440071106,0.955380380153656,0.6302388906478882,False
A,71011,71011|71012|71013,N,880003,27,1,1,0.162741020321846,0.3629877269268036,0.8713674545288086,0.49272048473358154,False
A,71011,71011|71012|71013,N,880003,27,2,2,0.37890079617500305,0.6609592437744141,0.9744616746902466,0.6349420547485352,False
A,71011,71011|71012|71013,N,880003,43,0,0,0.32817235589027405,0.5678795576095581,0.9586540460586548,0.6267110109329224,False
A,71011,71011|71012|71013,N,880003,43,1,1,0.16481797397136688,0.3641268312931061,0.8787773251533508,0.503348171710968,False
A,71011,71011|71012|71013,N,880003,43,2,2,0.37703076004981995,0.658682107925415,0.9809653162956238,0.6479158997535706,False
A,71011,71011|71012|71013,N,880003,59,0,0,0.33295246958732605,0.5727537274360657,0.9521257281303406,0.612310528755188,False
A,71011,71011|71012|71013,N,880003,59,1,1,0.17237459123134613,0.3775686025619507,0.8969128131866455,0.529495358467102,False
A,71011,71011|71012|71013,N,880003,59,2,2,0.37652817368507385,0.6559240221977234,0.985863983631134,0.6599092483520508,False
A,71011,71011|71012|71013,N,880003,79,0,0,0.3357907831668854,0.577803909778595,0.9006200432777405,0.5802408456802368,False
A,71011,71011|71012|71013,N,880003,79,1,1,0.18199865520000458,0.3946709632873535,0.9145600199699402,0.5595594644546509,False
A,71011,71011|71012|71013,N,880003,79,2,2,0.3723403215408325,0.6464395523071289,0.9865536689758301,0.6663792133331299,False
A,71011,71011|71012|71013,N,880003,119,0,0,0.21458429098129272,0.44327056407928467,0.9559443593025208,0.6321171522140503,False
A,71011,71011|71012|71013,N,880003,119,1,1,0.16382251679897308,0.36192646622657776,0.7320552468299866,0.3693060874938965,False
A,71011,71011|71012|71013,N,880003,119,2,2,0.37983807921409607,0.6519935727119446,0.9800497889518738,0.6468212008476257,False
A,71011,71011|71012|71013,F0,880100,0,0,0,0.26758697628974915,0.5269390940666199,0.9733657836914062,0.630178689956665,False
A,71011,71011|71012|71013,F0,880100,0,1,1,0.15583135187625885,0.35836300253868103,0.8450029492378235,0.4617595672607422,False
A,71011,71011|71012|71013,F0,880100,0,2,2,0.3600815236568451,0.6448343992233276,0.9869652986526489,0.6604301333427429,False
A,71011,71011|71012|71013,F0,880100,27,0,0,0.3129635453224182,0.5607811808586121,0.9524438977241516,0.6123484373092651,False
A,71011,71011|71012|71013,F0,880100,27,1,1,0.17029668390750885,0.37735262513160706,0.8793346881866455,0.5033494234085083,False
A,71011,71011|71012|71013,F0,880100,27,2,2,0.36638331413269043,0.650723934173584,0.978238582611084,0.6420865654945374,False
A,71011,71011|71012|71013,F0,880100,43,0,0,0.31832805275917053,0.5663720965385437,0.9359886050224304,0.5925263166427612,False
A,71011,71011|71012|71013,F0,880100,43,1,1,0.17520123720169067,0.3845745027065277,0.8881547451019287,0.5161049365997314,False
A,71011,71011|71012|71013,F0,880100,43,2,2,0.3624236583709717,0.6471547484397888,0.9837718605995178,0.653423011302948,False
A,71011,71011|71012|71013,F0,880100,59,0,0,0.3248109817504883,0.578283965587616,0.890091061592102,0.5614914894104004,False
A,71011,71011|71012|71013,F0,880100,59,1,1,0.19669151306152344,0.44270458817481995,0.9238417744636536,0.5589345097541809,False
A,71011,71011|71012|71013,F0,880100,59,2,2,0.4099824130535126,0.6331943869590759,0.9706605076789856,0.6288090944290161,False
A,71011,71011|71012|71013,F0,880100,79,0,0,0.3342510163784027,0.5851613879203796,0.855269730091095,0.5406800508499146,False
A,71011,71011|71012|71013,F0,880100,79,1,1,0.21379660069942474,0.4717263877391815,0.9491727352142334,0.6009786128997803,False
A,71011,71011|71012|71013,F0,880100,79,2,2,0.4087125062942505,0.6335940361022949,0.9691377878189087,0.6261104345321655,False
A,71011,71011|71012|71013,F0,880100,119,0,0,0.2192472368478775,0.44994649291038513,0.9629921913146973,0.6362276077270508,False
A,71011,71011|71012|71013,F0,880100,119,1,1,0.18062371015548706,0.4011811912059784,0.7631084322929382,0.4115791618824005,False
A,71011,71011|71012|71013,F0,880100,119,2,2,0.40395474433898926,0.634395956993103,0.9661215543746948,0.6243888139724731,False
A,71011,71011|71012|71013,F0,880101,0,0,0,0.26450181007385254,0.5232222080230713,0.9671468138694763,0.617954671382904,False
A,71011,71011|71012|71013,F0,880101,0,1,1,0.14911940693855286,0.3481704294681549,0.8311507701873779,0.44603368639945984,False
A,71011,71011|71012|71013,F0,880101,0,2,2,0.3600815236568451,0.6448343992233276,0.9869652986526489,0.6604301333427429,False
A,71011,71011|71012|71013,F0,880101,27,0,0,0.31722965836524963,0.56357741355896,0.950903058052063,0.6343172192573547,False
A,71011,71011|71012|71013,F0,880101,27,1,1,0.15909187495708466,0.35580480098724365,0.8653985261917114,0.48471614718437195,False
A,71011,71011|71012|71013,F0,880101,27,2,2,0.380768746137619,0.6616652011871338,0.9754170775413513,0.6371086835861206,False
A,71011,71011|71012|71013,F0,880101,43,0,0,0.32701268792152405,0.5674302577972412,0.9590128064155579,0.6345947980880737,False
A,71011,71011|71012|71013,F0,880101,43,1,1,0.16091372072696686,0.3560388386249542,0.8719831109046936,0.49399083852767944,False
A,71011,71011|71012|71013,F0,880101,43,2,2,0.37934812903404236,0.6595521569252014,0.981814444065094,0.6499670743942261,False
A,71011,71011|71012|71013,F0,880101,59,0,0,0.33281388878822327,0.5743589997291565,0.9638886451721191,0.6311615109443665,False
A,71011,71011|71012|71013,F0,880101,59,1,1,0.1813354343175888,0.40340909361839294,0.9072146415710449,0.5353896617889404,False
A,71011,71011|71012|71013,F0,880101,59,2,2,0.41013145446777344,0.6331994533538818,0.9706333875656128,0.6287670731544495,False
A,71011,71011|71012|71013,F0,880101,79,0,0,0.3390507698059082,0.5773844122886658,0.9418342113494873,0.6069854497909546,False
A,71011,71011|71012|71013,F0,880101,79,1,1,0.1960582137107849,0.43281736969947815,0.9387795329093933,0.5815627574920654,False
A,71011,71011|71012|71013,F0,880101,79,2,2,0.4088837206363678,0.6335980296134949,0.9691066741943359,0.6260638236999512,False
A,71011,71011|71012|71013,F0,880101,119,0,0,0.21926188468933105,0.44992685317993164,0.9631866216659546,0.6363234519958496,False
A,71011,71011|71012|71013,F0,880101,119,1,1,0.18061743676662445,0.4010624885559082,0.7631067037582397,0.41156601905822754,False
A,71011,71011|71012|71013,F0,880101,119,2,2,0.4041539430618286,0.6344003081321716,0.9660934209823608,0.6243481636047363,False
A,71011,71011|71012|71013,F0,880102,0,0,0,0.2576848864555359,0.5132256746292114,0.9657363295555115,0.6134170293807983,False
A,71011,71011|71012|71013,F0,880102,0,1,1,0.15209431946277618,0.3534560203552246,0.8261058926582336,0.43978556990623474,False
A,71011,71011|71012|71013,F0,880102,0,2,2,0.3600815236568451,0.6448343992233276,0.9869652986526489,0.6604301333427429,False
A,71011,71011|71012|71013,F0,880102,27,0,0,0.325954794883728,0.562606155872345,0.9400867819786072,0.6312376260757446,False
A,71011,71011|71012|71013,F0,880102,27,1,1,0.15788613259792328,0.3546109199523926,0.8526545763015747,0.46821728348731995,False
A,71011,71011|71012|71013,F0,880102,27,2,2,0.3811506927013397,0.6607608199119568,0.9759119153022766,0.6391452550888062,False
A,71011,71011|71012|71013,F0,880102,43,0,0,0.3342689275741577,0.5659186244010925,0.9531267285346985,0.632422685623169,False
A,71011,71011|71012|71013,F0,880102,43,1,1,0.1592743992805481,0.3539409935474396,0.8590710163116455,0.4769991636276245,False
A,71011,71011|71012|71013,F0,880102,43,2,2,0.37987932562828064,0.6580763459205627,0.9809514880180359,0.6508322954177856,False
A,71011,71011|71012|71013,F0,880102,59,0,0,0.338940292596817,0.5685084462165833,0.9641519784927368,0.6345463991165161,False
A,71011,71011|71012|71013,F0,880102,59,1,1,0.17981521785259247,0.39172598719596863,0.8893067836761475,0.5098372101783752,False
A,71011,71011|71012|71013,F0,880102,59,2,2,0.4100569486618042,0.6331969499588013,0.9706469178199768,0.6287881135940552,False
A,71011,71011|71012|71013,F0,880102,79,0,0,0.3406629264354706,0.5682567954063416,0.9582127928733826,0.6181522607803345,False
A,71011,71011|71012|71013,F0,880102,79,1,1,0.19451163709163666,0.4131920039653778,0.9236031770706177,0.5560684204101562,False
A,71011,71011|71012|71013,F0,880102,79,2,2,0.40879830718040466,0.6335960030555725,0.9691224098205566,0.6260872483253479,False
A,71011,71011|71012|71013,F0,880102,119,0,0,0.21925435960292816,0.4499364197254181,0.9630895853042603,0.6362755298614502,False
A,71011,71011|71012|71013,F0,880102,119,1,1,0.18062038719654083,0.40112176537513733,0.7631075978279114,0.41157257556915283,False
A,71011,71011|71012|71013,F0,880102,119,2,2,0.40405455231666565,0.6343982219696045,0.9661074876785278,0.62436842918396,False
A,71011,71011|71012|71013,F0,880103,0,0,0,0.26467397809028625,0.5226089954376221,0.9690949320793152,0.6221760511398315,False
A,71011,71011|71012|71013,F0,880103,0,1,1,0.1507159322500229,0.35052159428596497,0.8344011902809143,0.44960030913352966,False
A,71011,71011|71012|71013,F0,880103,0,2,2,0.3600815236568451,0.6448343992233276,0.9869652986526489,0.6604301333427429,False
A,71011,71011|71012|71013,F0,880103,27,0,0,0.31895193457603455,0.5632610321044922,0.9547607898712158,0.6326031684875488,False
A,71011,71011|71012|71013,F0,880103,27,1,1,0.16067518293857574,0.3587215840816498,0.868402361869812,0.4887251853942871,False
A,71011,71011|71012|71013,F0,880103,27,2,2,0.3789805471897125,0.6606028079986572,0.9753196835517883,0.6367253661155701,False
A,71011,71011|71012|71013,F0,880103,43,0,0,0.3273555338382721,0.5671297907829285,0.9601510167121887,0.6309316158294678,False
A,71011,71011|71012|71013,F0,880103,43,1,1,0.16263306140899658,0.3594634234905243,0.8755596280097961,0.498863160610199,False
A,71011,71011|71012|71013,F0,880103,43,2,2,0.3772076666355133,0.6583121418952942,0.9816893339157104,0.6495290994644165,False
A,71011,71011|71012|71013,F0,880103,59,0,0,0.33271491527557373,0.5747377872467041,0.9596450924873352,0.6222245693206787,False
A,71011,71011|71012|71013,F0,880103,59,1,1,0.18308143317699432,0.4079325199127197,0.9102169871330261,0.5395499467849731,False
A,71011,71011|71012|71013,F0,880103,59,2,2,0.4100569486618042,0.6331969499588013,0.9706469178199768,0.6287881135940552,False
A,71011,71011|71012|71013,F0,880103,79,0,0,0.3385967016220093,0.578273594379425,0.9219755530357361,0.5937600135803223,False
A,71011,71011|71012|71013,F0,880103,79,1,1,0.1979382485151291,0.4378524720668793,0.9402782917022705,0.584700345993042,False
A,71011,71011|71012|71013,F0,880103,79,2,2,0.40879830718040466,0.6335960030555725,0.9691224098205566,0.6260872483253479,False
A,71011,71011|71012|71013,F0,880103,119,0,0,0.21925435960292816,0.4499364197254181,0.9630895853042603,0.6362755298614502,False
A,71011,71011|71012|71013,F0,880103,119,1,1,0.18062037229537964,0.40112170577049255,0.7631076574325562,0.4115726351737976,False
A,71011,71011|71012|71013,F0,880103,119,2,2,0.4040544927120209,0.6343981623649597,0.9661074280738831,0.62436842918396,False
A,71011,71011|71012|71013,TE,880200,0,0,0,0.25060024857521057,0.5058580636978149,0.9527839422225952,0.590675950050354,False
A,71011,71011|71012|71013,TE,880200,0,1,1,0.15422560274600983,0.35688820481300354,0.8199967741966248,0.4327744245529175,False
A,71011,71011|71012|71013,TE,880200,0,2,2,0.3600815236568451,0.6448343992233276,0.9869652986526489,0.6604301333427429,False
A,71011,71011|71012|71013,TE,880200,27,0,0,0.32351458072662354,0.5809597373008728,0.9293254613876343,0.6177622675895691,False
A,71011,71011|71012|71013,TE,880200,27,1,1,0.16279935836791992,0.36680564284324646,0.8418910503387451,0.45334452390670776,False
A,71011,71011|71012|71013,TE,880200,27,2,2,0.3896709382534027,0.6638634204864502,0.9696834683418274,0.6346926093101501,False
A,71011,71011|71012|71013,TE,880200,43,0,0,0.3229905366897583,0.5743995308876038,0.9383409023284912,0.6251848340034485,False
A,71011,71011|71012|71013,TE,880200,43,1,1,0.17431120574474335,0.39174866676330566,0.844861626625061,0.46122443675994873,False
A,71011,71011|71012|71013,TE,880200,43,2,2,0.4094392955303192,0.6339238286018372,0.9717404246330261,0.6311991810798645,False
A,71011,71011|71012|71013,TE,880200,59,0,0,0.32945483922958374,0.5779880881309509,0.9398813843727112,0.6224660873413086,False
A,71011,71011|71012|71013,TE,880200,59,1,1,0.18122267723083496,0.40769731998443604,0.8793807625770569,0.49744468927383423,False
A,71011,71011|71012|71013,TE,880200,59,2,2,0.40914463996887207,0.6340994834899902,0.9705812931060791,0.6286765336990356,False
A,71011,71011|71012|71013,TE,880200,79,0,0,0.32682594656944275,0.5768513679504395,0.9510160684585571,0.6128345727920532,False
A,71011,71011|71012|71013,TE,880200,79,1,1,0.19599555432796478,0.43368491530418396,0.9122251272201538,0.5384294390678406,False
A,71011,71011|71012|71013,TE,880200,79,2,2,0.4078954756259918,0.6344379782676697,0.9690607786178589,0.6259360313415527,False
A,71011,71011|71012|71013,TE,880200,119,0,0,0.2146928459405899,0.44335684180259705,0.9563261866569519,0.6322686672210693,False
A,71011,71011|71012|71013,TE,880200,119,1,1,0.16380220651626587,0.36178305745124817,0.7319574952125549,0.3692464828491211,False
A,71011,71011|71012|71013,TE,880200,119,2,2,0.3798949420452118,0.6520975828170776,0.9799409508705139,0.6466132402420044,False
A,71011,71011|71012|71013,TE,880201,0,0,0,0.2599817216396332,0.5162034630775452,0.9678105711936951,0.6176007986068726,False
A,71011,71011|71012|71013,TE,880201,0,1,1,0.15187224745750427,0.35253357887268066,0.8291897773742676,0.44338223338127136,False
A,71011,71011|71012|71013,TE,880201,0,2,2,0.3600815236568451,0.6448343992233276,0.9869652986526489,0.6604301333427429,False
A,71011,71011|71012|71013,TE,880201,27,0,0,0.3249025344848633,0.5603945255279541,0.9498754739761353,0.6326426267623901,False
A,71011,71011|71012|71013,TE,880201,27,1,1,0.1575608104467392,0.35246363282203674,0.8580342531204224,0.475317120552063,False
A,71011,71011|71012|71013,TE,880201,27,2,2,0.3783353269100189,0.6590889096260071,0.9766952395439148,0.6399102210998535,False
A,71011,71011|71012|71013,TE,880201,43,0,0,0.3287557363510132,0.5649686455726624,0.9619758129119873,0.6365816593170166,False
A,71011,71011|71012|71013,TE,880201,43,1,1,0.1742451786994934,0.38214123249053955,0.8649145364761353,0.4830140471458435,False
A,71011,71011|71012|71013,TE,880201,43,2,2,0.40982940793037415,0.6334509253501892,0.9717895984649658,0.6312680244445801,False
A,71011,71011|71012|71013,TE,880201,59,0,0,0.33734679222106934,0.5686326622962952,0.9645473957061768,0.6303809881210327,False
A,71011,71011|71012|71013,TE,880201,59,1,1,0.17842799425125122,0.39011478424072266,0.8996845483779907,0.5238500833511353,False
A,71011,71011|71012|71013,TE,880201,59,2,2,0.4095333516597748,0.6336488723754883,0.970628023147583,0.6287530660629272,False
A,71011,71011|71012|71013,TE,880201,79,0,0,0.33934423327445984,0.5690336227416992,0.9466812610626221,0.6088192462921143,False
A,71011,71011|71012|71013,TE,880201,79,1,1,0.1919579952955246,0.4127732813358307,0.9313737750053406,0.5690768957138062,False
A,71011,71011|71012|71013,TE,880201,79,2,2,0.4082680642604828,0.6340178847312927,0.9691070318222046,0.62603360414505,False
A,71011,71011|71012|71013,TE,880201,119,0,0,0.21462000906467438,0.4432986080646515,0.9560723304748535,0.6321677565574646,False
A,71011,71011|71012|71013,TE,880201,119,1,1,0.16381561756134033,0.36187875270843506,0.7320228815078735,0.36928629875183105,False
A,71011,71011|71012|71013,TE,880201,119,2,2,0.3798571527004242,0.6520283818244934,0.9800136089324951,0.6467520594596863,False
A,71011,71011|71012|71013,TE,880202,0,0,0,0.2644974887371063,0.5254172682762146,0.9666529893875122,0.6163877248764038,False
A,71011,71011|71012|71013,TE,880202,0,1,1,0.1491643190383911,0.34680184721946716,0.8274120092391968,0.44193190336227417,False
A,71011,71011|71012|71013,TE,880202,0,2,2,0.3600815236568451,0.6448343992233276,0.9869652986526489,0.6604301333427429,False
A,71011,71011|71012|71013,TE,880202,27,0,0,0.3136354684829712,0.5543120503425598,0.9568244814872742,0.6356987357139587,False
A,71011,71011|71012|71013,TE,880202,27,1,1,0.15299659967422485,0.34205785393714905,0.8560441732406616,0.47371193766593933,False
A,71011,71011|71012|71013,TE,880202,27,2,2,0.36877188086509705,0.650783360004425,0.9795709848403931,0.6455712914466858,False
A,71011,71011|71012|71013,TE,880202,43,0,0,0.3181658685207367,0.5620036721229553,0.9664995670318604,0.6388639211654663,False
A,71011,71011|71012|71013,TE,880202,43,1,1,0.1691228300333023,0.3787294626235962,0.8627128005027771,0.4817216396331787,False
A,71011,71011|71012|71013,TE,880202,43,2,2,0.40930795669555664,0.6339148283004761,0.9717664122581482,0.631239652633667,False
A,71011,71011|71012|71013,TE,880202,59,0,0,0.3280463218688965,0.5657994747161865,0.96543288230896,0.6300168037414551,False
A,71011,71011|71012|71013,TE,880202,59,1,1,0.1746949702501297,0.39458760619163513,0.9011516571044922,0.5262987017631531,False
A,71011,71011|71012|71013,TE,880202,59,2,2,0.4089924991130829,0.6340917944908142,0.9706100821495056,0.6287215948104858,False
A,71011,71011|71012|71013,TE,880202,79,0,0,0.33321475982666016,0.5689999461174011,0.9399977326393127,0.6049462556838989,False
A,71011,71011|71012|71013,TE,880202,79,1,1,0.1919778734445572,0.4291476309299469,0.9356452226638794,0.5748789310455322,False
A,71011,71011|71012|71013,TE,880202,79,2,2,0.40772247314453125,0.6344312429428101,0.969093382358551,0.6259859800338745,False
A,71011,71011|71012|71013,TE,880202,119,0,0,0.21462000906467438,0.4432986080646515,0.9560723304748535,0.6321677565574646,False
A,71011,71011|71012|71013,TE,880202,119,1,1,0.16381561756134033,0.36187875270843506,0.7320228815078735,0.36928629875183105,False
A,71011,71011|71012|71013,TE,880202,119,2,2,0.3798571527004242,0.6520283818244934,0.9800136089324951,0.6467520594596863,False
A,71011,71011|71012|71013,TE,880203,0,0,0,0.2545740604400635,0.5089714527130127,0.9622066020965576,0.6070965528488159,False
A,71011,71011|71012|71013,TE,880203,0,1,1,0.15324866771697998,0.35612764954566956,0.8236901164054871,0.4368858337402344,False
A,71011,71011|71012|71013,TE,880203,0,2,2,0.3600815236568451,0.6448343992233276,0.9869652986526489,0.6604301333427429,False
A,71011,71011|71012|71013,TE,880203,27,0,0,0.3278754651546478,0.5700626969337463,0.9384645819664001,0.6271473169326782,False
A,71011,71011|71012|71013,TE,880203,27,1,1,0.1609382927417755,0.36302831768989563,0.8484848141670227,0.4622747302055359,False
A,71011,71011|71012|71013,TE,880203,27,2,2,0.38571563363075256,0.6638439297676086,0.9737151265144348,0.636335015296936,False
A,71011,71011|71012|71013,TE,880203,43,0,0,0.33025631308555603,0.5686193108558655,0.9429388642311096,0.6340285539627075,False
A,71011,71011|71012|71013,TE,880203,43,1,1,0.17540115118026733,0.3892729580402374,0.8491334319114685,0.4656149744987488,False
A,71011,71011|71012|71013,TE,880203,43,2,2,0.409894198179245,0.6334549784660339,0.9717768430709839,0.6312483549118042,False
A,71011,71011|71012|71013,TE,880203,59,0,0,0.33812880516052246,0.5722947716712952,0.9566280245780945,0.6329865455627441,False
A,71011,71011|71012|71013,TE,880203,59,1,1,0.18255986273288727,0.4022100865840912,0.8879914283752441,0.5080553293228149,False
A,71011,71011|71012|71013,TE,880203,59,2,2,0.4096086025238037,0.6336519718170166,0.9706140160560608,0.6287311315536499,False
A,71011,71011|71012|71013,TE,880203,79,0,0,0.3376825153827667,0.5709268450737,0.9599676132202148,0.6207554936408997,False
A,71011,71011|71012|71013,TE,880203,79,1,1,0.19866760075092316,0.4263547360897064,0.921013355255127,0.5520044565200806,False
A,71011,71011|71012|71013,TE,880203,79,2,2,0.40835413336753845,0.6340205669403076,0.9690911173820496,0.6260095834732056,False
A,71011,71011|71012|71013,TE,880203,119,0,0,0.21465615928173065,0.4433274567127228,0.9561996459960938,0.6322183012962341,False
A,71011,71011|71012|71013,TE,880203,119,1,1,0.16380885243415833,0.3618309795856476,0.7319901585578918,0.36926621198654175,False
A,71011,71011|71012|71013,TE,880203,119,2,2,0.379876047372818,0.6520630717277527,0.9799772500991821,0.646682620048523,False
A,71011,71011|71012|71013,TL,880300,0,0,0,0.26267698407173157,0.5182775855064392,0.9700231552124023,0.6232602000236511,False
A,71011,71011|71012|71013,TL,880300,0,1,1,0.15425574779510498,0.35580742359161377,0.8382049798965454,0.4539191722869873,False
A,71011,71011|71012|71013,TL,880300,0,2,2,0.3600815236568451,0.6448343992233276,0.9869652986526489,0.6604301333427429,False
A,71011,71011|71012|71013,TL,880300,27,0,0,0.32534754276275635,0.5614433884620667,0.955169677734375,0.6272968649864197,False
A,71011,71011|71012|71013,TL,880300,27,1,1,0.16253997385501862,0.36150872707366943,0.8707411885261536,0.4921044111251831,False
A,71011,71011|71012|71013,TL,880300,27,2,2,0.3765159547328949,0.65904301404953,0.9754942059516907,0.6368830800056458,False
A,71011,71011|71012|71013,TL,880300,43,0,0,0.33136171102523804,0.5654332637786865,0.957131564617157,0.621037483215332,False
A,71011,71011|71012|71013,TL,880300,43,1,1,0.16451382637023926,0.3625892400741577,0.879743218421936,0.5048961639404297,False
A,71011,71011|71012|71013,TL,880300,43,2,2,0.37444019317626953,0.6563949584960938,0.9815979599952698,0.6494875550270081,False
A,71011,71011|71012|71013,TL,880300,59,0,0,0.33596181869506836,0.572982668876648,0.943729817867279,0.6031402349472046,False
A,71011,71011|71012|71013,TL,880300,59,1,1,0.18388783931732178,0.40373483300209045,0.9104942083358765,0.5391761064529419,False
A,71011,71011|71012|71013,TL,880300,59,2,2,0.4104894697666168,0.6327345967292786,0.970679759979248,0.628847062587738,False
A,71011,71011|71012|71013,TL,880300,79,0,0,0.3398996591567993,0.576380729675293,0.8891027569770813,0.5775676965713501,False
A,71011,71011|71012|71013,TL,880300,79,1,1,0.19661660492420197,0.42875561118125916,0.9381759166717529,0.5820910930633545,False
A,71011,71011|71012|71013,TL,880300,79,2,2,0.40922775864601135,0.6331647038459778,0.9691542387008667,0.6261694431304932,False
A,71011,71011|71012|71013,TL,880300,119,0,0,0.21781055629253387,0.44811415672302246,0.9627858400344849,0.6358437538146973,False
A,71011,71011|71012|71013,TL,880300,119,1,1,0.18280158936977386,0.40460649132728577,0.7572829127311707,0.40720123052597046,False
A,71011,71011|71012|71013,TL,880300,119,2,2,0.40441465377807617,0.634027898311615,0.966175377368927,0.6245803833007812,False
A,71011,71011|71012|71013,TL,880301,0,0,0,0.2513708770275116,0.5129631161689758,0.9283482432365417,0.5527831315994263,False
A,71011,71011|71012|71013,TL,880301,0,1,1,0.15161870419979095,0.34845462441444397,0.8121962547302246,0.425332248210907,False
A,71011,71011|71012|71013,TL,880301,0,2,2,0.3600815236568451,0.6448343992233276,0.9869652986526489,0.6604301333427429,False
A,71011,71011|71012|71013,TL,880301,27,0,0,0.3087676763534546,0.5734433531761169,0.9208194613456726,0.6036473512649536,False
A,71011,71011|71012|71013,TL,880301,27,1,1,0.15467551350593567,0.3428976237773895,0.826411783695221,0.4365895986557007,False
A,71011,71011|71012|71013,TL,880301,27,2,2,0.3787355422973633,0.650953471660614,0.973700761795044,0.6428530216217041,False
A,71011,71011|71012|71013,TL,880301,43,0,0,0.3159697353839874,0.5734259486198425,0.9293150901794434,0.6031527519226074,False
A,71011,71011|71012|71013,TL,880301,43,1,1,0.15929363667964935,0.3507470190525055,0.8354249000549316,0.44670382142066956,False
A,71011,71011|71012|71013,TL,880301,43,2,2,0.3718259036540985,0.644187331199646,0.974062442779541,0.6466006636619568,False
A,71011,71011|71012|71013,TL,880301,59,0,0,0.3230791985988617,0.5750113129615784,0.9364282488822937,0.6009300351142883,False
A,71011,71011|71012|71013,TL,880301,59,1,1,0.1681489497423172,0.36802199482917786,0.8532120585441589,0.4669782221317291,False
A,71011,71011|71012|71013,TL,880301,59,2,2,0.3611421585083008,0.6329062581062317,0.9638429880142212,0.6406139731407166,False
A,71011,71011|71012|71013,TL,880301,79,0,0,0.31603488326072693,0.5655240416526794,0.9451143145561218,0.6053863763809204,False
A,71011,71011|71012|71013,TL,880301,79,1,1,0.19168762862682343,0.4200631380081177,0.8809166550636292,0.4970858693122864,False
A,71011,71011|71012|71013,TL,880301,79,2,2,0.4101466238498688,0.6327283978462219,0.9690993428230286,0.6261270046234131,False
A,71011,71011|71012|71013,TL,880301,119,0,0,0.21653597056865692,0.4464399814605713,0.9630599617958069,0.6356838941574097,False
A,71011,71011|71012|71013,TL,880301,119,1,1,0.18515144288539886,0.4079383611679077,0.7514101266860962,0.4028749465942383,False
A,71011,71011|71012|71013,TL,880301,119,2,2,0.40535810589790344,0.6336555480957031,0.966164767742157,0.6246891021728516,False
A,71011,71011|71012|71013,TL,880302,0,0,0,0.25522956252098083,0.5152111053466797,0.9539563059806824,0.5906503200531006,False
A,71011,71011|71012|71013,TL,880302,0,1,1,0.1502261906862259,0.34730029106140137,0.8148991465568542,0.4278683662414551,False
A,71011,71011|71012|71013,TL,880302,0,2,2,0.3600815236568451,0.6448343992233276,0.9869652986526489,0.6604301333427429,False
A,71011,71011|71012|71013,TL,880302,27,0,0,0.31090402603149414,0.5544076561927795,0.9376183748245239,0.6236580610275269,False
A,71011,71011|71012|71013,TL,880302,27,1,1,0.14888514578342438,0.3332560956478119,0.8296984434127808,0.4416898488998413,False
A,71011,71011|71012|71013,TL,880302,27,2,2,0.3716299533843994,0.6491135954856873,0.9789389371871948,0.6486287117004395,False
A,71011,71011|71012|71013,TL,880302,43,0,0,0.3193593919277191,0.5568138957023621,0.9381589889526367,0.6245453953742981,False
A,71011,71011|71012|71013,TL,880302,43,1,1,0.1498500555753708,0.3329533636569977,0.835161030292511,0.4484903812408447,False
A,71011,71011|71012|71013,TL,880302,43,2,2,0.3681752383708954,0.6444135308265686,0.9822574853897095,0.6562741994857788,False
A,71011,71011|71012|71013,TL,880302,59,0,0,0.32444366812705994,0.55580073595047,0.9573166966438293,0.6303696632385254,False
A,71011,71011|71012|71013,TL,880302,59,1,1,0.17076683044433594,0.3795929253101349,0.8493193984031677,0.4628649353981018,False
A,71011,71011|71012|71013,TL,880302,59,2,2,0.41063666343688965,0.6327382922172546,0.9706532955169678,0.6288064122200012,False
A,71011,71011|71012|71013,TL,880302,79,0,0,0.32680216431617737,0.5570131540298462,0.9603344202041626,0.6197351217269897,False
A,71011,71011|71012|71013,TL,880302,79,1,1,0.18590088188648224,0.40147528052330017,0.8918567895889282,0.5105006694793701,False
A,71011,71011|71012|71013,TL,880302,79,2,2,0.4093977212905884,0.6331671476364136,0.9691241979598999,0.6261245608329773,False
A,71011,71011|71012|71013,TL,880302,119,0,0,0.2178344577550888,0.4481075704097748,0.9629801511764526,0.6359381675720215,False
A,71011,71011|71012|71013,TL,880302,119,1,1,0.1827940195798874,0.404476135969162,0.757277250289917,0.40718942880630493,False
A,71011,71011|71012|71013,TL,880302,119,2,2,0.40461376309394836,0.6340306401252747,0.9661481380462646,0.6245418787002563,False
A,71011,71011|71012|71013,TL,880303,0,0,0,0.259616881608963,0.5183431506156921,0.9561396241188049,0.5989413857460022,False
A,71011,71011|71012|71013,TL,880303,0,1,1,0.14807139337062836,0.3466460704803467,0.8227695226669312,0.43655627965927124,False
A,71011,71011|71012|71013,TL,880303,0,2,2,0.3600815236568451,0.6448343992233276,0.9869652986526489,0.6604301333427429,False
A,71011,71011|71012|71013,TL,880303,27,0,0,0.31725800037384033,0.5656513571739197,0.9407549500465393,0.6330704689025879,False
A,71011,71011|71012|71013,TL,880303,27,1,1,0.1564447432756424,0.3527323007583618,0.8522638082504272,0.4673529863357544,False
A,71011,71011|71012|71013,TL,880303,27,2,2,0.38677653670310974,0.6647226810455322,0.9749035835266113,0.6376866102218628,False
A,71011,71011|71012|71013,TL,880303,43,0,0,0.32880154252052307,0.5698217153549194,0.9350018501281738,0.6334213614463806,False
A,71011,71011|71012|71013,TL,880303,43,1,1,0.15943436324596405,0.3549298048019409,0.860275387763977,0.4778474271297455,False
A,71011,71011|71012|71013,TL,880303,43,2,2,0.3861192464828491,0.6626188158988953,0.9807104468345642,0.649977445602417,False
A,71011,71011|71012|71013,TL,880303,59,0,0,0.33942458033561707,0.5741438269615173,0.9526188373565674,0.6342095136642456,False
A,71011,71011|71012|71013,TL,880303,59,1,1,0.16829340159893036,0.3689294755458832,0.8806140422821045,0.5044130086898804,False
A,71011,71011|71012|71013,TL,880303,59,2,2,0.38302040100097656,0.6580754518508911,0.9835910797119141,0.6589442491531372,False
A,71011,71011|71012|71013,TL,880303,79,0,0,0.34243831038475037,0.574316680431366,0.9660482406616211,0.6336097717285156,False
A,71011,71011|71012|71013,TL,880303,79,1,1,0.19413775205612183,0.41477301716804504,0.9211581945419312,0.5517581105232239,False
A,71011,71011|71012|71013,TL,880303,79,2,2,0.4099794626235962,0.6327281594276428,0.9691285490989685,0.6261699795722961,False
A,71011,71011|71012|71013,TL,880303,119,0,0,0.2165006399154663,0.44643092155456543,0.9628691077232361,0.6355923414230347,False
A,71011,71011|71012|71013,TL,880303,119,1,1,0.18515773117542267,0.4080791473388672,0.7514185905456543,0.40288370847702026,False
A,71011,71011|71012|71013,TL,880303,119,2,2,0.40516018867492676,0.6336551308631897,0.9661910533905029,0.6247255802154541,False
A,71011,71011|71012|71013,DS,880400,0,0,0,0.2555404007434845,0.5136333107948303,0.9497043490409851,0.5872999429702759,False
A,71011,71011|71012|71013,DS,880400,0,1,1,0.1500689685344696,0.3495216369628906,0.8205863237380981,0.43387624621391296,False
A,71011,71011|71012|71013,DS,880400,0,2,2,0.3600815236568451,0.6448343992233276,0.9869652986526489,0.6604301333427429,False
A,71011,71011|71012|71013,DS,880400,27,0,0,0.3195100426673889,0.5730831623077393,0.9390570521354675,0.6282796859741211,False
A,71011,71011|71012|71013,DS,880400,27,1,1,0.15912403166294098,0.3591119349002838,0.847109317779541,0.46012383699417114,False
A,71011,71011|71012|71013,DS,880400,27,2,2,0.3897351026535034,0.665337324142456,0.9736557006835938,0.6375869512557983,False
A,71011,71011|71012|71013,DS,880400,43,0,0,0.32953333854675293,0.5759931206703186,0.9388444423675537,0.627373456954956,False
A,71011,71011|71012|71013,DS,880400,43,1,1,0.1634109616279602,0.36490777134895325,0.8556049466133118,0.4709167778491974,False
A,71011,71011|71012|71013,DS,880400,43,2,2,0.38845667243003845,0.6625373363494873,0.9779809713363647,0.64825439453125,False
A,71011,71011|71012|71013,DS,880400,59,0,0,0.33291348814964294,0.5749994516372681,0.9381101131439209,0.6316719055175781,False
A,71011,71011|71012|71013,DS,880400,59,1,1,0.18049786984920502,0.4004534184932709,0.881697952747345,0.5008087158203125,False
A,71011,71011|71012|71013,DS,880400,59,2,2,0.41027942299842834,0.6332040429115295,0.9706059694290161,0.6287247538566589,False
A,71011,71011|71012|71013,DS,880400,79,0,0,0.3353416621685028,0.5763369202613831,0.9582520723342896,0.6271430253982544,False
A,71011,71011|71012|71013,DS,880400,79,1,1,0.19613659381866455,0.42566022276878357,0.916820228099823,0.5450305938720703,False
A,71011,71011|71012|71013,DS,880400,79,2,2,0.4090541899204254,0.6336014866828918,0.9690758585929871,0.6260175108909607,False
A,71011,71011|71012|71013,DS,880400,119,0,0,0.2147298902273178,0.44338682293891907,0.9564521312713623,0.6323186159133911,False
A,71011,71011|71012|71013,DS,880400,119,1,1,0.16379575431346893,0.36173537373542786,0.7319244146347046,0.3692265748977661,False
A,71011,71011|71012|71013,DS,880400,119,2,2,0.37991365790367126,0.6521320343017578,0.9799043536186218,0.6465435028076172,False
A,71011,71011|71012|71013,DS,880401,0,0,0,0.26040413975715637,0.5205225944519043,0.9541378617286682,0.5953169465065002,False
A,71011,71011|71012|71013,DS,880401,0,1,1,0.14718207716941833,0.34466657042503357,0.8213305473327637,0.43530941009521484,False
A,71011,71011|71012|71013,DS,880401,0,2,2,0.3600815236568451,0.6448343992233276,0.9869652986526489,0.6604301333427429,False
A,71011,71011|71012|71013,DS,880401,27,0,0,0.3135528862476349,0.5618211627006531,0.9408270716667175,0.633660078048706,False
A,71011,71011|71012|71013,DS,880401,27,1,1,0.15392175316810608,0.3466896116733551,0.850104033946991,0.46514761447906494,False
A,71011,71011|71012|71013,DS,880401,27,2,2,0.384694904088974,0.6624398827552795,0.9763412475585938,0.6405185461044312,False
A,71011,71011|71012|71013,DS,880401,43,0,0,0.32550904154777527,0.5662536025047302,0.9380332231521606,0.6342266201972961,False
A,71011,71011|71012|71013,DS,880401,43,1,1,0.15670031309127808,0.34853434562683105,0.8585016131401062,0.4759269654750824,False
A,71011,71011|71012|71013,DS,880401,43,2,2,0.38331303000450134,0.6600222587585449,0.9818135499954224,0.6522340178489685,False
A,71011,71011|71012|71013,DS,880401,59,0,0,0.3318600356578827,0.5697773098945618,0.956331729888916,0.6387343406677246,False
A,71011,71011|71012|71013,DS,880401,59,1,1,0.17518465220928192,0.3855583667755127,0.8851428031921387,0.5058938264846802,False
A,71011,71011|71012|71013,DS,880401,59,2,2,0.4102054834365845,0.6332018375396729,0.9706196188926697,0.628745973110199,False
A,71011,71011|71012|71013,DS,880401,79,0,0,0.33853936195373535,0.5722184777259827,0.9672935009002686,0.6347735524177551,False
A,71011,71011|71012|71013,DS,880401,79,1,1,0.1894405633211136,0.4079071581363678,0.9229228496551514,0.554538905620575,False
A,71011,71011|71012|71013,DS,880401,79,2,2,0.40896907448768616,0.6335997581481934,0.9690912961959839,0.6260406970977783,False
A,71011,71011|71012|71013,DS,880401,119,0,0,0.2146928459405899,0.44335684180259705,0.9563261866569519,0.6322686672210693,False
A,71011,71011|71012|71013,DS,880401,119,1,1,0.16380220651626587,0.36178305745124817,0.7319574952125549,0.3692464828491211,False
A,71011,71011|71012|71013,DS,880401,119,2,2,0.3798949420452118,0.6520975828170776,0.9799409508705139,0.6466132402420044,False
A,71011,71011|71012|71013,DS,880402,0,0,0,0.2568086087703705,0.5101521611213684,0.965633749961853,0.6138253211975098,False
A,71011,71011|71012|71013,DS,880402,0,1,1,0.1544618010520935,0.3584957420825958,0.828823447227478,0.44290268421173096,False
A,71011,71011|71012|71013,DS,880402,0,2,2,0.3600815236568451,0.6448343992233276,0.9869652986526489,0.6604301333427429,False
A,71011,71011|71012|71013,DS,880402,27,0,0,0.33155521750450134,0.566100537776947,0.9403133392333984,0.6297312378883362,False
A,71011,71011|71012|71013,DS,880402,27,1,1,0.1622328907251358,0.364921897649765,0.8560609817504883,0.4724060893058777,False
A,71011,71011|71012|71013,DS,880402,27,2,2,0.3828219473361969,0.6631540060043335,0.9736582040786743,0.6345640420913696,False
A,71011,71011|71012|71013,DS,880402,43,0,0,0.3389436900615692,0.5689747333526611,0.9530249834060669,0.6304547786712646,False
A,71011,71011|71012|71013,DS,880402,43,1,1,0.16414469480514526,0.3652522563934326,0.8630202412605286,0.4820694923400879,False
A,71011,71011|71012|71013,DS,880402,43,2,2,0.3822421133518219,0.6608559489250183,0.979030430316925,0.6469273567199707,False
A,71011,71011|71012|71013,DS,880402,59,0,0,0.34307411313056946,0.5708829760551453,0.9628894925117493,0.6317437291145325,False
A,71011,71011|71012|71013,DS,880402,59,1,1,0.18434745073318481,0.39992865920066833,0.8942181468009949,0.5162328481674194,False
A,71011,71011|71012|71013,DS,880402,59,2,2,0.4099824130535126,0.6331943869590759,0.9706605076789856,0.6288090944290161,False
A,71011,71011|71012|71013,DS,880402,79,0,0,0.3433777987957001,0.5695319771766663,0.9532081484794617,0.6136584281921387,False
A,71011,71011|71012|71013,DS,880402,79,1,1,0.19885201752185822,0.42110225558280945,0.9255913496017456,0.5602254867553711,False
A,71011,71011|71012|71013,DS,880402,79,2,2,0.4087125062942505,0.6335940361022949,0.9691377878189087,0.6261104345321655,False
A,71011,71011|71012|71013,DS,880402,119,0,0,0.21458429098129272,0.44327056407928467,0.9559443593025208,0.6321171522140503,False
A,71011,71011|71012|71013,DS,880402,119,1,1,0.16382251679897308,0.36192646622657776,0.7320552468299866,0.3693060874938965,False
A,71011,71011|71012|71013,DS,880402,119,2,2,0.37983807921409607,0.6519935727119446,0.9800497889518738,0.6468212008476257,False
A,71011,71011|71012|71013,DS,880403,0,0,0,0.26066893339157104,0.5155734419822693,0.9687857031822205,0.6202348470687866,False
A,71011,71011|71012|71013,DS,880403,0,1,1,0.15425139665603638,0.35624170303344727,0.8348784446716309,0.4500083327293396,False
A,71011,71011|71012|71013,DS,880403,0,2,2,0.3600815236568451,0.6448343992233276,0.9869652986526489,0.6604301333427429,False
A,71011,71011|71012|71013,DS,880403,27,0,0,0.32799848914146423,0.5607921481132507,0.9540953636169434,0.6296606659889221,False
A,71011,71011|71012|71013,DS,880403,27,1,1,0.161073699593544,0.3588316738605499,0.8654661178588867,0.48507821559906006,False
A,71011,71011|71012|71013,DS,880403,27,2,2,0.3772229254245758,0.6591967940330505,0.9757720828056335,0.6376309990882874,False
A,71011,71011|71012|71013,DS,880403,43,0,0,0.3344028890132904,0.5644387006759644,0.9593564867973328,0.6263437867164612,False
A,71011,71011|71012|71013,DS,880403,43,1,1,0.16281086206436157,0.3589729070663452,0.8744509220123291,0.49760669469833374,False
A,71011,71011|71012|71013,DS,880403,43,2,2,0.37542295455932617,0.6564854383468628,0.9815698862075806,0.6500111818313599,False
A,71011,71011|71012|71013,DS,880403,59,0,0,0.3387362062931061,0.5701296329498291,0.9547657370567322,0.6152615547180176,False
A,71011,71011|71012|71013,DS,880403,59,1,1,0.18199151754379272,0.39632323384284973,0.9061985611915588,0.5327889919281006,False
A,71011,71011|71012|71013,DS,880403,59,2,2,0.4099824130535126,0.6331943869590759,0.9706605076789856,0.6288090944290161,False
A,71011,71011|71012|71013,DS,880403,79,0,0,0.34053313732147217,0.57144695520401,0.9164540767669678,0.5905488729476929,False
A,71011,71011|71012|71013,DS,880403,79,1,1,0.19447077810764313,0.4187310039997101,0.9345678091049194,0.5756722688674927,False
A,71011,71011|71012|71013,DS,880403,79,2,2,0.4087125062942505,0.6335940361022949,0.9691377878189087,0.6261104345321655,False
A,71011,71011|71012|71013,DS,880403,119,0,0,0.21458429098129272,0.44327056407928467,0.9559443593025208,0.6321171522140503,False
A,71011,71011|71012|71013,DS,880403,119,1,1,0.16382251679897308,0.36192646622657776,0.7320552468299866,0.3693060874938965,False
A,71011,71011|71012|71013,DS,880403,119,2,2,0.37983807921409607,0.6519935727119446,0.9800497889518738,0.6468212008476257,False
A,71011,71011|71012|71013,DL,880500,0,0,0,0.2661754786968231,0.5228049159049988,0.9720700979232788,0.6288238167762756,False
A,71011,71011|71012|71013,DL,880500,0,1,1,0.15672218799591064,0.3601209819316864,0.8472692370414734,0.4647110104560852,False
A,71011,71011|71012|71013,DL,880500,0,2,2,0.3600815236568451,0.6448343992233276,0.9869652986526489,0.6604301333427429,False
A,71011,71011|71012|71013,DL,880500,27,0,0,0.31869015097618103,0.5638402104377747,0.9516251683235168,0.6140480041503906,False
A,71011,71011|71012|71013,DL,880500,27,1,1,0.17078064382076263,0.37956786155700684,0.8817999362945557,0.5071259140968323,False
A,71011,71011|71012|71013,DL,880500,27,2,2,0.3743445873260498,0.6577746272087097,0.9748426675796509,0.6354772448539734,False
A,71011,71011|71012|71013,DL,880500,43,0,0,0.32350999116897583,0.5691298842430115,0.940130352973938,0.597304105758667,False
A,71011,71011|71012|71013,DL,880500,43,1,1,0.1746068149805069,0.3850528299808502,0.8902446031570435,0.5197002291679382,False
A,71011,71011|71012|71013,DL,880500,43,2,2,0.3711048662662506,0.654950737953186,0.9811403751373291,0.6479780673980713,False
A,71011,71011|71012|71013,DL,880500,59,0,0,0.3291415870189667,0.5805086493492126,0.9026719927787781,0.5690561532974243,False
A,71011,71011|71012|71013,DL,880500,59,1,1,0.19652946293354034,0.4396858215332031,0.9250776767730713,0.5619826316833496,False
A,71011,71011|71012|71013,DL,880500,59,2,2,0.4099074900150299,0.633191704750061,0.9706740975379944,0.6288303136825562,False
A,71011,71011|71012|71013,DL,880500,79,0,0,0.3373253047466278,0.5869074463844299,0.8558322191238403,0.5484346151351929,False
A,71011,71011|71012|71013,DL,880500,79,1,1,0.211181178689003,0.4664621651172638,0.9478700160980225,0.6012001037597656,False
A,71011,71011|71012|71013,DL,880500,79,2,2,0.4086265563964844,0.633591890335083,0.9691532254219055,0.6261337995529175,False
A,71011,71011|71012|71013,DL,880500,119,0,0,0.2192404419183731,0.449957013130188,0.9628938436508179,0.6361790895462036,False
A,71011,71011|71012|71013,DL,880500,119,1,1,0.1806274652481079,0.4012409746646881,0.7631094455718994,0.4115857183933258,False
A,71011,71011|71012|71013,DL,880500,119,2,2,0.40385499596595764,0.6343936920166016,0.9661356210708618,0.6244093179702759,False
A,71011,71011|71012|71013,DL,880501,0,0,0,0.25459524989128113,0.5099127888679504,0.9630783796310425,0.607412576675415,False
A,71011,71011|71012|71013,DL,880501,0,1,1,0.15295279026031494,0.3545980453491211,0.8223882913589478,0.4355531632900238,False
A,71011,71011|71012|71013,DL,880501,0,2,2,0.3600815236568451,0.6448343992233276,0.9869652986526489,0.6604301333427429,False
A,71011,71011|71012|71013,DL,880501,27,0,0,0.3243825137615204,0.5632534623146057,0.9383571147918701,0.6269689798355103,False
A,71011,71011|71012|71013,DL,880501,27,1,1,0.15724128484725952,0.3535338342189789,0.844706654548645,0.45818567276000977,False
A,71011,71011|71012|71013,DL,880501,27,2,2,0.38117238879203796,0.6592743992805481,0.9760609865188599,0.6410115957260132,False
A,71011,71011|71012|71013,DL,880501,43,0,0,0.33210819959640503,0.5658120512962341,0.9443814158439636,0.627924919128418,False
A,71011,71011|71012|71013,DL,880501,43,1,1,0.15842990577220917,0.3530007302761078,0.8495216369628906,0.4648267924785614,False
A,71011,71011|71012|71013,DL,880501,43,2,2,0.37937620282173157,0.6560152173042297,0.98011314868927,0.6512842178344727,False
A,71011,71011|71012|71013,DL,880501,59,0,0,0.33600011467933655,0.56602543592453,0.9606665372848511,0.6329639554023743,False
A,71011,71011|71012|71013,DL,880501,59,1,1,0.17879803478717804,0.3937567174434662,0.8766461610794067,0.4935627579689026,False
A,71011,71011|71012|71013,DL,880501,59,2,2,0.4100569486618042,0.6331969499588013,0.9706469178199768,0.6287881135940552,False
A,71011,71011|71012|71013,DL,880501,79,0,0,0.33659493923187256,0.5654523372650146,0.9588704109191895,0.6185069680213928,False
A,71011,71011|71012|71013,DL,880501,79,1,1,0.19489891827106476,0.41727519035339355,0.9129315614700317,0.539306640625,False
A,71011,71011|71012|71013,DL,880501,79,2,2,0.40879830718040466,0.6335960030555725,0.9691224098205566,0.6260872483253479,False
A,71011,71011|71012|71013,DL,880501,119,0,0,0.21925435960292816,0.4499364197254181,0.9630895853042603,0.6362755298614502,False
A,71011,71011|71012|71013,DL,880501,119,1,1,0.18062037229537964,0.40112170577049255,0.7631076574325562,0.4115726351737976,False
A,71011,71011|71012|71013,DL,880501,119,2,2,0.4040544927120209,0.6343981623649597,0.9661074280738831,0.62436842918396,False
A,71011,71011|71012|71013,DL,880502,0,0,0,0.25774312019348145,0.5199669599533081,0.939528226852417,0.5729252099990845,False
A,71011,71011|71012|71013,DL,880502,0,1,1,0.14754827320575714,0.34339118003845215,0.815481424331665,0.4292556941509247,False
A,71011,71011|71012|71013,DL,880502,0,2,2,0.3600815236568451,0.6448343992233276,0.9869652986526489,0.6604301333427429,False
A,71011,71011|71012|71013,DL,880502,27,0,0,0.3082388937473297,0.5585667490959167,0.9399997591972351,0.6281293630599976,False
A,71011,71011|71012|71013,DL,880502,27,1,1,0.15039944648742676,0.33752885460853577,0.8367605209350586,0.4496294856071472,False
A,71011,71011|71012|71013,DL,880502,27,2,2,0.38027405738830566,0.6562226414680481,0.978213369846344,0.6466522812843323,False
A,71011,71011|71012|71013,DL,880502,43,0,0,0.31904885172843933,0.562139093875885,0.9381688237190247,0.6282861828804016,False
A,71011,71011|71012|71013,DL,880502,43,1,1,0.15387390553951263,0.3414376676082611,0.8462870121002197,0.46082091331481934,False
A,71011,71011|71012|71013,DL,880502,43,2,2,0.3770841062068939,0.6523370742797852,0.9822911620140076,0.6554752588272095,False
A,71011,71011|71012|71013,DL,880502,59,0,0,0.32429540157318115,0.562542736530304,0.9477961659431458,0.6328919529914856,False
A,71011,71011|71012|71013,DL,880502,59,1,1,0.17185671627521515,0.38162222504615784,0.8648582100868225,0.4811559319496155,False
A,71011,71011|71012|71013,DL,880502,59,2,2,0.41027942299842834,0.6332040429115295,0.9706059694290161,0.6287247538566589,False
A,71011,71011|71012|71013,DL,880502,79,0,0,0.3290589153766632,0.565168559551239,0.9631962180137634,0.6285969018936157,False
A,71011,71011|71012|71013,DL,880502,79,1,1,0.1866336315870285,0.40305987000465393,0.9051209688186646,0.5283717513084412,False
A,71011,71011|71012|71013,DL,880502,79,2,2,0.4090541899204254,0.6336014866828918,0.9690758585929871,0.6260175108909607,False
A,71011,71011|71012|71013,DL,880502,119,0,0,0.21927796304225922,0.4499092996120453,0.9633793234825134,0.6364185810089111,False
A,71011,71011|71012|71013,DL,880502,119,1,1,0.18061257898807526,0.40094494819641113,0.7631045579910278,0.41155311465263367,False
A,71011,71011|71012|71013,DL,880502,119,2,2,0.4043526351451874,0.6344040632247925,0.9660651087760925,0.6243075132369995,False
A,71011,71011|71012|71013,DL,880503,0,0,0,0.25865963101387024,0.5209054946899414,0.9514101147651672,0.5867576599121094,False
A,71011,71011|71012|71013,DL,880503,0,1,1,0.14786429703235626,0.34346437454223633,0.8144922852516174,0.4279845952987671,False
A,71011,71011|71012|71013,DL,880503,0,2,2,0.3600815236568451,0.6448343992233276,0.9869652986526489,0.6604301333427429,False
A,71011,71011|71012|71013,DL,880503,27,0,0,0.30756309628486633,0.5499037504196167,0.9377326369285583,0.6293069124221802,False
A,71011,71011|71012|71013,DL,880503,27,1,1,0.14617501199245453,0.3278944790363312,0.8312340378761292,0.444336861371994,False
A,71011,71011|71012|71013,DL,880503,27,2,2,0.36912763118743896,0.6476929783821106,0.9804209470748901,0.6504082083702087,False
A,71011,71011|71012|71013,DL,880503,43,0,0,0.31794336438179016,0.5537537932395935,0.9430082440376282,0.6302743554115295,False
A,71011,71011|71012|71013,DL,880503,43,1,1,0.14772085845470428,0.32841143012046814,0.8393786549568176,0.45389315485954285,False
A,71011,71011|71012|71013,DL,880503,43,2,2,0.3658920228481293,0.643290638923645,0.9843291640281677,0.6587033271789551,False
A,71011,71011|71012|71013,DL,880503,59,0,0,0.3238269090652466,0.5556102991104126,0.9617485404014587,0.635280966758728,False
A,71011,71011|71012|71013,DL,880503,59,1,1,0.16786102950572968,0.37282705307006836,0.8584504127502441,0.47369933128356934,False
A,71011,71011|71012|71013,DL,880503,59,2,2,0.4102054834365845,0.6332018375396729,0.9706196188926697,0.628745973110199,False
A,71011,71011|71012|71013,DL,880503,79,0,0,0.32767966389656067,0.557410478591919,0.9658732414245605,0.6267557144165039,False
A,71011,71011|71012|71013,DL,880503,79,1,1,0.18118464946746826,0.3909846842288971,0.9013835787773132,0.523289680480957,False
A,71011,71011|71012|71013,DL,880503,79,2,2,0.40896907448768616,0.6335997581481934,0.9690912961959839,0.6260406970977783,False
A,71011,71011|71012|71013,DL,880503,119,0,0,0.21926970779895782,0.4499177932739258,0.9632833003997803,0.6363711357116699,False
A,71011,71011|71012|71013,DL,880503,119,1,1,0.18061478435993195,0.4010035991668701,0.7631054520606995,0.41155940294265747,False
A,71011,71011|71012|71013,DL,880503,119,2,2,0.40425339341163635,0.6344022750854492,0.9660793542861938,0.6243278384208679,False
A,71011,71011|71012|71013,CP,880600,0,0,0,0.25899067521095276,0.5226054191589355,0.9460057020187378,0.5772258043289185,False
A,71011,71011|71012|71013,CP,880600,0,1,1,0.14744429290294647,0.3420959413051605,0.812106728553772,0.42567434906959534,False
A,71011,71011|71012|71013,CP,880600,0,2,2,0.3600815236568451,0.6448343992233276,0.9869652986526489,0.6604301333427429,False
A,71011,71011|71012|71013,CP,880600,27,0,0,0.30339765548706055,0.5462940335273743,0.9374844431877136,0.6277287006378174,False
A,71011,71011|71012|71013,CP,880600,27,1,1,0.14374962449073792,0.32231900095939636,0.8255874514579773,0.4384220540523529,False
A,71011,71011|71012|71013,CP,880600,27,2,2,0.36415112018585205,0.6431857943534851,0.9810225963592529,0.6520633101463318,False
A,71011,71011|71012|71013,CP,880600,43,0,0,0.3079133927822113,0.5471653342247009,0.9481024146080017,0.6348224878311157,False
A,71011,71011|71012|71013,CP,880600,43,1,1,0.1600983738899231,0.36186733841896057,0.8159565329551697,0.43281978368759155,False
A,71011,71011|71012|71013,CP,880600,43,2,2,0.4094392955303192,0.6339238286018372,0.9717404246330261,0.6311991810798645,False
A,71011,71011|71012|71013,CP,880600,59,0,0,0.3186132609844208,0.5523514151573181,0.9609315395355225,0.6340234279632568,False
A,71011,71011|71012|71013,CP,880600,59,1,1,0.1650572270154953,0.36915186047554016,0.8568511009216309,0.47264254093170166,False
A,71011,71011|71012|71013,CP,880600,59,2,2,0.40914463996887207,0.6340994834899902,0.9705812931060791,0.6286765336990356,False
A,71011,71011|71012|71013,CP,880600,79,0,0,0.3221292197704315,0.5539706349372864,0.9649091362953186,0.6254775524139404,False
A,71011,71011|71012|71013,CP,880600,79,1,1,0.17728795111179352,0.38602516055107117,0.9000917673110962,0.5219316482543945,False
A,71011,71011|71012|71013,CP,880600,79,2,2,0.4078954756259918,0.6344379782676697,0.9690607786178589,0.6259360313415527,False
A,71011,71011|71012|71013,CP,880600,119,0,0,0.22233115136623383,0.45394501090049744,0.963695764541626,0.6371259689331055,False
A,71011,71011|71012|71013,CP,880600,119,1,1,0.1768137663602829,0.39500316977500916,0.7745648622512817,0.42042970657348633,False
A,71011,71011|71012|71013,CP,880600,119,2,2,0.4032963514328003,0.635124683380127,0.9659730195999146,0.6239638328552246,False
A,71011,71011|71012|71013,CP,880601,0,0,0,0.2501010000705719,0.5066280961036682,0.9497705698013306,0.5838375091552734,False
A,71011,71011|71012|71013,CP,880601,0,1,1,0.15387655794620514,0.35521674156188965,0.8179634213447571,0.43074965476989746,False
A,71011,71011|71012|71013,CP,880601,0,2,2,0.3600815236568451,0.6448343992233276,0.9869652986526489,0.6604301333427429,False
A,71011,71011|71012|71013,CP,880601,27,0,0,0.3203953504562378,0.5804234147071838,0.9260196089744568,0.6130804419517517,False
A,71011,71011|71012|71013,CP,880601,27,1,1,0.16146081686019897,0.36195287108421326,0.8380993604660034,0.44903627038002014,False
A,71011,71011|71012|71013,CP,880601,27,2,2,0.3884388506412506,0.6612767577171326,0.9707924127578735,0.637299656867981,False
A,71011,71011|71012|71013,CP,880601,43,0,0,0.3276330530643463,0.5808473229408264,0.9325611591339111,0.6122438907623291,False
A,71011,71011|71012|71013,CP,880601,43,1,1,0.16569660604000092,0.3689979016780853,0.8455033898353577,0.45820918679237366,False
A,71011,71011|71012|71013,CP,880601,43,2,2,0.38421425223350525,0.6565112471580505,0.974140465259552,0.6450487375259399,False
A,71011,71011|71012|71013,CP,880601,59,0,0,0.3333202004432678,0.5823211073875427,0.9375687837600708,0.608925461769104,False
A,71011,71011|71012|71013,CP,880601,59,1,1,0.1742786318063736,0.3873770236968994,0.8643743991851807,0.48174482583999634,False
A,71011,71011|71012|71013,CP,880601,59,2,2,0.3739098012447357,0.6466769576072693,0.9693170189857483,0.6457535028457642,False
A,71011,71011|71012|71013,CP,880601,79,0,0,0.3269615173339844,0.5740099549293518,0.9487801790237427,0.6098212003707886,False
A,71011,71011|71012|71013,CP,880601,79,1,1,0.19704945385456085,0.43445929884910583,0.9004850387573242,0.5210514664649963,False
A,71011,71011|71012|71013,CP,880601,79,2,2,0.41006311774253845,0.6327283978462219,0.9691138863563538,0.6261484622955322,False
A,71011,71011|71012|71013,CP,880601,119,0,0,0.21651804447174072,0.44643521308898926,0.9629648327827454,0.6356382966041565,False
A,71011,71011|71012|71013,CP,880601,119,1,1,0.18515431880950928,0.4080084264278412,0.7514143586158752,0.40287941694259644,False
A,71011,71011|71012|71013,CP,880601,119,2,2,0.40525928139686584,0.6336554884910583,0.9661779999732971,0.6247073411941528,False
A,71011,71011|71012|71013,CP,880602,0,0,0,0.26832595467567444,0.5290651917457581,0.9739325046539307,0.6306832432746887,False
A,71011,71011|71012|71013,CP,880602,0,1,1,0.15800465643405914,0.36184898018836975,0.8470281362533569,0.4639674723148346,False
A,71011,71011|71012|71013,CP,880602,0,2,2,0.3600815236568451,0.6448343992233276,0.9869652986526489,0.6604301333427429,False
A,71011,71011|71012|71013,CP,880602,27,0,0,0.3095724582672119,0.5582654476165771,0.9431498646736145,0.5983147621154785,False
A,71011,71011|71012|71013,CP,880602,27,1,1,0.17317135632038116,0.38212981820106506,0.8794031143188477,0.5034222602844238,False
A,71011,71011|71012|71013,CP,880602,27,2,2,0.3576309382915497,0.6432339549064636,0.9801393747329712,0.6458188891410828,False
A,71011,71011|71012|71013,CP,880602,43,0,0,0.3134881854057312,0.5702301859855652,0.9190223217010498,0.5744880437850952,False
A,71011,71011|71012|71013,CP,880602,43,1,1,0.18910963833332062,0.42627039551734924,0.9028856158256531,0.5301376581192017,False
A,71011,71011|71012|71013,CP,880602,43,2,2,0.4091755449771881,0.6339054107666016,0.9717925190925598,0.6312801837921143,False
A,71011,71011|71012|71013,CP,880602,59,0,0,0.32218077778816223,0.5766369104385376,0.8587741255760193,0.5456506013870239,False
A,71011,71011|71012|71013,CP,880602,59,1,1,0.20118176937103271,0.45234784483909607,0.9283133745193481,0.56535804271698,False
A,71011,71011|71012|71013,CP,880602,59,2,2,0.4088395833969116,0.6340839266777039,0.9706388115882874,0.6287667751312256,False
A,71011,71011|71012|71013,CP,880602,79,0,0,0.33192795515060425,0.5837277770042419,0.8551357388496399,0.5317395925521851,False
A,71011,71011|71012|71013,CP,880602,79,1,1,0.21819676458835602,0.4778008460998535,0.952212393283844,0.6060278415679932,False
A,71011,71011|71012|71013,CP,880602,79,2,2,0.4075485169887543,0.6344241499900818,0.9691260457038879,0.6260360479354858,False
A,71011,71011|71012|71013,CP,880602,119,0,0,0.22233939170837402,0.45403870940208435,0.9633050560951233,0.636927604675293,False
A,71011,71011|71012|71013,CP,880602,119,1,1,0.17682123184204102,0.39519885182380676,0.774551510810852,0.4204581379890442,False
A,71011,71011|71012|71013,CP,880602,119,2,2,0.40289804339408875,0.6351103186607361,0.9660327434539795,0.6240531802177429,False
A,71011,71011|71012|71013,CP,880603,0,0,0,0.2614583671092987,0.5245168209075928,0.9554316401481628,0.5945658683776855,False
A,71011,71011|71012|71013,CP,880603,0,1,1,0.14744098484516144,0.34288302063941956,0.8160684108734131,0.429863840341568,False
A,71011,71011|71012|71013,CP,880603,0,2,2,0.3600815236568451,0.6448343992233276,0.9869652986526489,0.6604301333427429,False
A,71011,71011|71012|71013,CP,880603,27,0,0,0.30731073021888733,0.5458171963691711,0.9434599280357361,0.6334617137908936,False
A,71011,71011|71012|71013,CP,880603,27,1,1,0.14489318430423737,0.32510924339294434,0.8336413502693176,0.4478415250778198,False
A,71011,71011|71012|71013,CP,880603,27,2,2,0.3626173734664917,0.6433871388435364,0.9816296696662903,0.6513964533805847,False
A,71011,71011|71012|71013,CP,880603,43,0,0,0.3178981840610504,0.5503315329551697,0.956343948841095,0.6348041296005249,False
A,71011,71011|71012|71013,CP,880603,43,1,1,0.14528807997703552,0.3234268128871918,0.8402552604675293,0.4559383988380432,False
A,71011,71011|71012|71013,CP,880603,43,2,2,0.35947373509407043,0.6390606760978699,0.9856862425804138,0.6602323055267334,False
A,71011,71011|71012|71013,CP,880603,59,0,0,0.32605382800102234,0.5542793869972229,0.9664291143417358,0.6338731050491333,False
A,71011,71011|71012|71013,CP,880603,59,1,1,0.15290075540542603,0.3345046937465668,0.8640401363372803,0.48293837904930115,False
A,71011,71011|71012|71013,CP,880603,59,2,2,0.35823535919189453,0.6332534551620483,0.9866862297058105,0.6658681631088257,False
A,71011,71011|71012|71013,CP,880603,79,0,0,0.3302800953388214,0.5568572878837585,0.9665566086769104,0.6263580322265625,False
A,71011,71011|71012|71013,CP,880603,79,1,1,0.17724943161010742,0.3844175636768341,0.9018657207489014,0.524012565612793,False
A,71011,71011|71012|71013,CP,880603,79,2,2,0.40989556908607483,0.6327280402183533,0.9691432118415833,0.6261913776397705,False
A,71011,71011|71012|71013,CP,880603,119,0,0,0.21648353338241577,0.44642725586891174,0.9627730846405029,0.6355465650558472,False
A,71011,71011|71012|71013,CP,880603,119,1,1,0.1851615458726883,0.4081500768661499,0.7514230012893677,0.4028884768486023,False
A,71011,71011|71012|71013,CP,880603,119,2,2,0.4050610363483429,0.633654773235321,0.9662042856216431,0.6247438788414001,False
A,71012,71012|71013|71014,N,880000,0,0,0,0.13549521565437317,0.2668374180793762,0.898066520690918,0.5167832970619202,False
A,71012,71012|71013|71014,N,880000,0,1,1,0.13673479855060577,0.28704145550727844,0.8405699729919434,0.49591803550720215,False
A,71012,71012|71013|71014,N,880000,0,2,2,0.37771153450012207,0.6220101714134216,0.994920551776886,0.6812132596969604,False
A,71012,71012|71013|71014,N,880000,27,0,0,0.3024428188800812,0.5416719913482666,0.8892782330513,0.5595035552978516,False
A,71012,71012|71013|71014,N,880000,27,1,1,0.1398467868566513,0.28618159890174866,0.24348710477352142,0.1199304461479187,False
A,71012,71012|71013|71014,N,880000,27,2,2,0.3869505822658539,0.6522238850593567,0.9358487129211426,0.5862182378768921,False
A,71012,71012|71013|71014,N,880000,43,0,0,0.3210996389389038,0.5584724545478821,0.9136924743652344,0.5818864107131958,False
A,71012,71012|71013|71014,N,880000,43,1,1,0.14031076431274414,0.284746915102005,0.26611441373825073,0.12583324313163757,False
A,71012,71012|71013|71014,N,880000,43,2,2,0.39287880063056946,0.6646802425384521,0.9312663078308105,0.5828909873962402,False
A,71012,71012|71013|71014,N,880000,59,0,0,0.3345493972301483,0.5596280097961426,0.9363871812820435,0.6034038066864014,False
A,71012,71012|71013|71014,N,880000,59,1,1,0.1552540808916092,0.31012997031211853,0.2731369137763977,0.12545815110206604,False
A,71012,71012|71013|71014,N,880000,59,2,2,0.3882805407047272,0.6722996830940247,0.9121836423873901,0.5632868409156799,False
A,71012,71012|71013|71014,N,880000,79,0,0,0.33228257298469543,0.5269785523414612,0.9624463319778442,0.6314272880554199,False
A,71012,71012|71013|71014,N,880000,79,1,1,0.17612797021865845,0.3492640554904938,0.2862151563167572,0.12099679559469223,False
A,71012,71012|71013|71014,N,880000,79,2,2,0.3726578652858734,0.6686825752258301,0.8867514133453369,0.5272799730300903,False
A,71012,71012|71013|71014,N,880000,119,0,0,0.2784806489944458,0.5211235880851746,0.5778396725654602,0.25143033266067505,False
A,71012,71012|71013|71014,N,880000,119,1,1,0.10898500680923462,0.241246297955513,0.29195135831832886,0.11217519640922546,False
A,71012,71012|71013|71014,N,880000,119,2,2,0.4255603551864624,0.6469371914863586,0.9956096410751343,0.6803916692733765,False
A,71012,71012|71013|71014,N,880001,0,0,0,0.151053324341774,0.29729005694389343,0.894108772277832,0.5136879086494446,False
A,71012,71012|71013|71014,N,880001,0,1,1,0.11977097392082214,0.250936895608902,0.8342249989509583,0.4671006202697754,False
A,71012,71012|71013|71014,N,880001,0,2,2,0.37771153450012207,0.6220101714134216,0.994920551776886,0.6812132596969604,False
A,71012,71012|71013|71014,N,880001,27,0,0,0.26085421442985535,0.5060669183731079,0.9688241481781006,0.6401033997535706,False
A,71012,71012|71013|71014,N,880001,27,1,1,0.11672499030828476,0.23541812598705292,0.27346405386924744,0.1351364254951477,False
A,71012,71012|71013|71014,N,880001,27,2,2,0.39031028747558594,0.6379714608192444,0.9783316850662231,0.6470059156417847,False
A,71012,71012|71013|71014,N,880001,43,0,0,0.2761286795139313,0.5202217698097229,0.9768000841140747,0.6498206853866577,False
A,71012,71012|71013|71014,N,880001,43,1,1,0.11770787835121155,0.23454254865646362,0.29315894842147827,0.13976997137069702,False
A,71012,71012|71013|71014,N,880001,43,2,2,0.39957892894744873,0.6478142142295837,0.9808233976364136,0.6525964140892029,False
A,71012,71012|71013|71014,N,880001,59,0,0,0.2795526683330536,0.5115297436714172,0.9839915037155151,0.6595982909202576,False
A,71012,71012|71013|71014,N,880001,59,1,1,0.12689562141895294,0.24916934967041016,0.3126879334449768,0.14316946268081665,False
A,71012,71012|71013|71014,N,880001,59,2,2,0.402594655752182,0.660264790058136,0.9783384203910828,0.6509060859680176,False
A,71012,71012|71013|71014,N,880001,79,0,0,0.27471765875816345,0.48021140694618225,0.9887795448303223,0.66710364818573,False
A,71012,71012|71013|71014,N,880001,79,1,1,0.14494116604328156,0.2854492962360382,0.31916770339012146,0.14024122059345245,False
A,71012,71012|71013|71014,N,880001,79,2,2,0.3831019699573517,0.669581413269043,0.9650821685791016,0.6320542097091675,False
A,71012,71012|71013|71014,N,880001,119,0,0,0.2782420814037323,0.5208187699317932,0.5787366628646851,0.2519005537033081,False
A,71012,71012|71013|71014,N,880001,119,1,1,0.10897669941186905,0.24120672047138214,0.2924700379371643,0.11251376569271088,False
A,71012,71012|71013|71014,N,880001,119,2,2,0.42561420798301697,0.6469839215278625,0.9956207275390625,0.6804223656654358,False
A,71012,71012|71013|71014,N,880002,0,0,0,0.14167587459087372,0.28292763233184814,0.9163923263549805,0.5391147136688232,False
A,71012,71012|71013|71014,N,880002,0,1,1,0.12035930156707764,0.2558118402957916,0.8084661960601807,0.44030827283859253,False
A,71012,71012|71013|71014,N,880002,0,2,2,0.37771153450012207,0.6220101714134216,0.994920551776886,0.6812132596969604,False
A,71012,71012|71013|71014,N,880002,27,0,0,0.25978919863700867,0.5031574368476868,0.8291207551956177,0.5034177899360657,False
A,71012,71012|71013|71014,N,880002,27,1,1,0.11015117913484573,0.2283802628517151,0.18928176164627075,0.09076867997646332,False
A,71012,71012|71013|71014,N,880002,27,2,2,0.37655404210090637,0.6517289876937866,0.9120234251022339,0.5591160655021667,False
A,71012,71012|71013|71014,N,880002,43,0,0,0.27169251441955566,0.5027070045471191,0.8706590533256531,0.5354539752006531,False
A,71012,71012|71013|71014,N,880002,43,1,1,0.11171688884496689,0.22991855442523956,0.17968660593032837,0.09465834498405457,False
A,71012,71012|71013|71014,N,880002,43,2,2,0.37663689255714417,0.6623920798301697,0.9097479581832886,0.556663453578949,False
A,71012,71012|71013|71014,N,880002,59,0,0,0.2869488298892975,0.5002036690711975,0.8998008966445923,0.5606061220169067,False
A,71012,71012|71013|71014,N,880002,59,1,1,0.12242057919502258,0.24842417240142822,0.1622830480337143,0.09591205418109894,False
A,71012,71012|71013|71014,N,880002,59,2,2,0.369022399187088,0.6694858074188232,0.8939834833145142,0.5353411436080933,False
A,71012,71012|71013|71014,N,880002,79,0,0,0.2983115613460541,0.47656702995300293,0.9369764924049377,0.5974801778793335,False
A,71012,71012|71013|71014,N,880002,79,1,1,0.13780257105827332,0.27800771594047546,0.18725110590457916,0.09447449445724487,False
A,71012,71012|71013|71014,N,880002,79,2,2,0.3576413691043854,0.6663441061973572,0.8666021823883057,0.4969179034233093,False
A,71012,71012|71013|71014,N,880002,119,0,0,0.27896013855934143,0.5217380523681641,0.5760477781295776,0.25049376487731934,False
A,71012,71012|71013|71014,N,880002,119,1,1,0.10900213569402695,0.24132584035396576,0.2909016013145447,0.11150115728378296,False
A,71012,71012|71013|71014,N,880002,119,2,2,0.4254518747329712,0.6468429565429688,0.9955872893333435,0.6803299784660339,False
A,71012,71012|71013|71014,N,880003,0,0,0,0.14919054508209229,0.2920609414577484,0.9116631150245667,0.5339217185974121,False
A,71012,71012|71013|71014,N,880003,0,1,1,0.12502728402614594,0.2620643079280853,0.8493609428405762,0.4950159192085266,False
A,71012,71012|71013|71014,N,880003,0,2,2,0.37771153450012207,0.6220101714134216,0.994920551776886,0.6812132596969604,False
A,71012,71012|71013|71014,N,880003,27,0,0,0.3072502315044403,0.5839477181434631,0.9770162105560303,0.6539719104766846,False
A,71012,71012|71013|71014,N,880003,27,1,1,0.13859806954860687,0.2749175727367401,0.31694886088371277,0.14340145885944366,False
A,71012,71012|71013|71014,N,880003,27,2,2,0.4038155972957611,0.6449092030525208,0.9808429479598999,0.6508275270462036,False
A,71012,71012|71013|71014,N,880003,43,0,0,0.3171848952770233,0.5930754542350769,0.9823969006538391,0.6604277491569519,False
A,71012,71012|71013|71014,N,880003,43,1,1,0.14048053324222565,0.27479568123817444,0.33768659830093384,0.15079806745052338,False
A,71012,71012|71013|71014,N,880003,43,2,2,0.41838231682777405,0.6580119729042053,0.98277747631073,0.6552557945251465,False
A,71012,71012|71013|71014,N,880003,59,0,0,0.31349459290504456,0.5806497931480408,0.987729549407959,0.6675243377685547,False
A,71012,71012|71013|71014,N,880003,59,1,1,0.15244640409946442,0.29378506541252136,0.3473327159881592,0.15310898423194885,False
A,71012,71012|71013|71014,N,880003,59,2,2,0.42707133293151855,0.6691944003105164,0.9815882444381714,0.6551610231399536,False
A,71012,71012|71013|71014,N,880003,79,0,0,0.3010476529598236,0.5456257462501526,0.9914835691452026,0.6733848452568054,False
A,71012,71012|71013|71014,N,880003,79,1,1,0.1715565323829651,0.3320556581020355,0.3498074412345886,0.15208584070205688,False
A,71012,71012|71013|71014,N,880003,79,2,2,0.41179177165031433,0.6747162938117981,0.9721910953521729,0.6417812705039978,False
A,71012,71012|71013|71014,N,880003,119,0,0,0.2782420814037323,0.5208187699317932,0.5787366628646851,0.2519005537033081,False
A,71012,71012|71013|71014,N,880003,119,1,1,0.10897669941186905,0.24120672047138214,0.2924700379371643,0.11251376569271088,False
A,71012,71012|71013|71014,N,880003,119,2,2,0.42561420798301697,0.6469839215278625,0.9956207275390625,0.6804223656654358,False
A,71012,71012|71013|71014,F0,880100,0,0,0,0.16034193336963654,0.312806636095047,0.9201737642288208,0.5486633777618408,False
A,71012,71012|71013|71014,F0,880100,0,1,1,0.12385191768407822,0.25533780455589294,0.8416656851768494,0.47608858346939087,False
A,71012,71012|71013|71014,F0,880100,0,2,2,0.37771153450012207,0.6220101714134216,0.994920551776886,0.6812132596969604,False
A,71012,71012|71013|71014,F0,880100,27,0,0,0.26485538482666016,0.5359305739402771,0.9872517585754395,0.669059157371521,False
A,71012,71012|71013|71014,F0,880100,27,1,1,0.1437266618013382,0.27885130047798157,0.34871241450309753,0.1604946106672287,False
A,71012,71012|71013|71014,F0,880100,27,2,2,0.4056457579135895,0.6376507878303528,0.9886155724525452,0.6655112504959106,False
A,71012,71012|71013|71014,F0,880100,43,0,0,0.2690748870372772,0.5394894480705261,0.9903140068054199,0.6735019087791443,False
A,71012,71012|71013|71014,F0,880100,43,1,1,0.15032978355884552,0.2877456843852997,0.3679472804069519,0.16714739799499512,False
A,71012,71012|71013|71014,F0,880100,43,2,2,0.42016804218292236,0.647761881351471,0.9907575249671936,0.6705866456031799,False
A,71012,71012|71013|71014,F0,880100,59,0,0,0.26615408062934875,0.5389453768730164,0.9935619831085205,0.6789072751998901,False
A,71012,71012|71013|71014,F0,880100,59,1,1,0.17903704941272736,0.35101571679115295,0.27817878127098083,0.1407603621482849,False
A,71012,71012|71013|71014,F0,880100,59,2,2,0.3710659444332123,0.5629734992980957,0.9671863913536072,0.6354233026504517,False
A,71012,71012|71013|71014,F0,880100,79,0,0,0.26209649443626404,0.5081390142440796,0.9945055246353149,0.6797259449958801,False
A,71012,71012|71013|71014,F0,880100,79,1,1,0.18950198590755463,0.3961271345615387,0.2726832926273346,0.15710698068141937,False
A,71012,71012|71013|71014,F0,880100,79,2,2,0.3811722993850708,0.5708945393562317,0.970395028591156,0.639633297920227,False
A,71012,71012|71013|71014,F0,880100,119,0,0,0.2576137185096741,0.4998474419116974,0.5850602388381958,0.26282644271850586,False
A,71012,71012|71013|71014,F0,880100,119,1,1,0.12004437297582626,0.25012850761413574,0.2919614017009735,0.12867534160614014,False
A,71012,71012|71013|71014,F0,880100,119,2,2,0.3972632884979248,0.5828936696052551,0.9761621952056885,0.6475592851638794,False
A,71012,71012|71013|71014,F0,880101,0,0,0,0.14730310440063477,0.28968682885169983,0.9177632927894592,0.5408869385719299,False
A,71012,71012|71013|71014,F0,880101,0,1,1,0.12129730731248856,0.2568526566028595,0.8445546627044678,0.4870122969150543,False
A,71012,71012|71013|71014,F0,880101,0,2,2,0.37771153450012207,0.6220101714134216,0.994920551776886,0.6812132596969604,False
A,71012,71012|71013|71014,F0,880101,27,0,0,0.3055599629878998,0.5813952088356018,0.9714359641075134,0.6467032432556152,False
A,71012,71012|71013|71014,F0,880101,27,1,1,0.1328733116388321,0.2660256326198578,0.27899232506752014,0.1270347237586975,False
A,71012,71012|71013|71014,F0,880101,27,2,2,0.40097200870513916,0.6446166634559631,0.9756578207015991,0.6421934366226196,False
A,71012,71012|71013|71014,F0,880101,43,0,0,0.32039061188697815,0.5958473682403564,0.9773738384246826,0.6534705758094788,False
A,71012,71012|71013|71014,F0,880101,43,1,1,0.13383005559444427,0.26434338092803955,0.30084913969039917,0.13479360938072205,False
A,71012,71012|71013|71014,F0,880101,43,2,2,0.41430139541625977,0.6585445404052734,0.9772058129310608,0.6459932923316956,False
A,71012,71012|71013|71014,F0,880101,59,0,0,0.3222073018550873,0.6025167107582092,0.9830939769744873,0.6624006032943726,False
A,71012,71012|71013|71014,F0,880101,59,1,1,0.15090255439281464,0.29706206917762756,0.2937343120574951,0.13604193925857544,False
A,71012,71012|71013|71014,F0,880101,59,2,2,0.37100568413734436,0.5628089308738708,0.9671695828437805,0.6352972984313965,False
A,71012,71012|71013|71014,F0,880101,79,0,0,0.3208363652229309,0.5757941603660583,0.9861764907836914,0.6661484241485596,False
A,71012,71012|71013|71014,F0,880101,79,1,1,0.17141596972942352,0.3451800048351288,0.29014497995376587,0.1425849050283432,False
A,71012,71012|71013|71014,F0,880101,79,2,2,0.3811298608779907,0.5707454085350037,0.9703242778778076,0.6395180225372314,False
A,71012,71012|71013|71014,F0,880101,119,0,0,0.2579691410064697,0.5003427863121033,0.5835902094841003,0.26205533742904663,False
A,71012,71012|71013|71014,F0,880101,119,1,1,0.12004003673791885,0.25015828013420105,0.2898334264755249,0.12768444418907166,False
A,71012,71012|71013|71014,F0,880101,119,2,2,0.397239089012146,0.582768976688385,0.9761108160018921,0.647464394569397,False
A,71012,71012|71013|71014,F0,880102,0,0,0,0.13837981224060059,0.2723534405231476,0.9030290246009827,0.5223872661590576,False
A,71012,71012|71013|71014,F0,880102,0,1,1,0.1319447010755539,0.27788716554641724,0.8438448309898376,0.4966679811477661,False
A,71012,71012|71013|71014,F0,880102,0,2,2,0.37771153450012207,0.6220101714134216,0.994920551776886,0.6812132596969604,False
A,71012,71012|71013|71014,F0,880102,27,0,0,0.3144143521785736,0.5705721378326416,0.9301456809043884,0.5988525152206421,False
A,71012,71012|71013|71014,F0,880102,27,1,1,0.13782228529453278,0.28054991364479065,0.2642329931259155,0.12457480281591415,False
A,71012,71012|71013|71014,F0,880102,27,2,2,0.3910619914531708,0.6492823958396912,0.9560250639915466,0.6124774217605591,False
A,71012,71012|71013|71014,F0,880102,43,0,0,0.332290381193161,0.587506115436554,0.9455602765083313,0.6141935586929321,False
A,71012,71012|71013|71014,F0,880102,43,1,1,0.13785691559314728,0.27780449390411377,0.286810040473938,0.13117915391921997,False
A,71012,71012|71013|71014,F0,880102,43,2,2,0.399707168340683,0.6627327799797058,0.9546377658843994,0.6123046875,False
A,71012,71012|71013|71014,F0,880102,59,0,0,0.33701595664024353,0.5931084156036377,0.9553787708282471,0.6283701062202454,False
A,71012,71012|71013|71014,F0,880102,59,1,1,0.14289967715740204,0.28542864322662354,0.2962157428264618,0.13463044166564941,False
A,71012,71012|71013|71014,F0,880102,59,2,2,0.3710358440876007,0.5628911852836609,0.9671781659126282,0.6353604197502136,False
A,71012,71012|71013|71014,F0,880102,79,0,0,0.3398626148700714,0.559090793132782,0.9651488661766052,0.639647901058197,False
A,71012,71012|71013|71014,F0,880102,79,1,1,0.1635977178812027,0.3251272141933441,0.29464393854141235,0.1347152590751648,False
A,71012,71012|71013|71014,F0,880102,79,2,2,0.3811511993408203,0.5708200335502625,0.9703595042228699,0.6395755410194397,False
A,71012,71012|71013|71014,F0,880102,119,0,0,0.2577909529209137,0.5000941753387451,0.5843245983123779,0.26244020462036133,False
A,71012,71012|71013|71014,F0,880102,119,1,1,0.12004206329584122,0.25014328956604004,0.2908955216407776,0.12817883491516113,False
A,71012,71012|71013|71014,F0,880102,119,2,2,0.3972513675689697,0.5828314423561096,0.9761364459991455,0.6475117206573486,False
A,71012,71012|71013|71014,F0,880103,0,0,0,0.14857694506645203,0.29151198267936707,0.9131192564964294,0.5353670120239258,False
A,71012,71012|71013|71014,F0,880103,0,1,1,0.12280481308698654,0.2586081624031067,0.8467134833335876,0.48996642231941223,False
A,71012,71012|71013|71014,F0,880103,0,2,2,0.37771153450012207,0.6220101714134216,0.994920551776886,0.6812132596969604,False
A,71012,71012|71013|71014,F0,880103,27,0,0,0.3038123846054077,0.5793177485466003,0.9749924540519714,0.6512386202812195,False
A,71012,71012|71013|71014,F0,880103,27,1,1,0.13479484617710114,0.2685449421405792,0.29702574014663696,0.13528704643249512,False
A,71012,71012|71013|71014,F0,880103,27,2,2,0.4029737710952759,0.64476478099823,0.9788035750389099,0.6473734378814697,False
A,71012,71012|71013|71014,F0,880103,43,0,0,0.31619229912757874,0.5911588072776794,0.980579674243927,0.6577814817428589,False
A,71012,71012|71013|71014,F0,880103,43,1,1,0.13628266751766205,0.26778361201286316,0.3178994655609131,0.1427188217639923,False
A,71012,71012|71013|71014,F0,880103,43,2,2,0.4168781042098999,0.6579477787017822,0.9806888103485107,0.6517444252967834,False
A,71012,71012|71013|71014,F0,880103,59,0,0,0.31693151593208313,0.5966667532920837,0.9857485890388489,0.6661268472671509,False
A,71012,71012|71013|71014,F0,880103,59,1,1,0.1542259305715561,0.3027615547180176,0.3044799566268921,0.1410250961780548,False
A,71012,71012|71013|71014,F0,880103,59,2,2,0.3710358440876007,0.5628911852836609,0.9671781659126282,0.6353604197502136,False
A,71012,71012|71013|71014,F0,880103,79,0,0,0.31315961480140686,0.5669882297515869,0.9884544014930725,0.6696127653121948,False
A,71012,71012|71013|71014,F0,880103,79,1,1,0.1739928275346756,0.35178935527801514,0.29865762591362,0.14786206185817719,False
A,71012,71012|71013|71014,F0,880103,79,2,2,0.3811511993408203,0.5708200335502625,0.9703595042228699,0.6395755410194397,False
A,71012,71012|71013|71014,F0,880103,119,0,0,0.2577909529209137,0.5000941753387451,0.5843245983123779,0.26244020462036133,False
A,71012,71012|71013|71014,F0,880103,119,1,1,0.12004208564758301,0.25014325976371765,0.2908955216407776,0.12817880511283875,False
A,71012,71012|71013|71014,F0,880103,119,2,2,0.3972513675689697,0.5828314423561096,0.9761365652084351,0.6475117802619934,False
A,71012,71012|71013|71014,TE,880200,0,0,0,0.12923187017440796,0.2556990683078766,0.9255164265632629,0.551947832107544,False
A,71012,71012|71013|71014,TE,880200,0,1,1,0.1446678191423416,0.3041801452636719,0.8492958545684814,0.4980717599391937,False
A,71012,71012|71013|71014,TE,880200,0,2,2,0.37771153450012207,0.6220101714134216,0.994920551776886,0.6812132596969604,False
A,71012,71012|71013|71014,TE,880200,27,0,0,0.3014216423034668,0.5520176291465759,0.7662148475646973,0.46561887860298157,False
A,71012,71012|71013|71014,TE,880200,27,1,1,0.157931849360466,0.32383036613464355,0.219532310962677,0.10968604683876038,False
A,71012,71012|71013|71014,TE,880200,27,2,2,0.37657442688941956,0.651683509349823,0.8587849736213684,0.503303050994873,False
A,71012,71012|71013|71014,TE,880200,43,0,0,0.3091486394405365,0.5644786953926086,0.8171846866607666,0.5164777636528015,False
A,71012,71012|71013|71014,TE,880200,43,1,1,0.1470545381307602,0.3028872311115265,0.2971656620502472,0.12895061075687408,False
A,71012,71012|71013|71014,TE,880200,43,2,2,0.3610893487930298,0.5552870035171509,0.9659768342971802,0.6324907541275024,False
A,71012,71012|71013|71014,TE,880200,59,0,0,0.3178273141384125,0.5617838501930237,0.830162525177002,0.5304785966873169,False
A,71012,71012|71013|71014,TE,880200,59,1,1,0.16128993034362793,0.32580021023750305,0.31345805525779724,0.1404741108417511,False
A,71012,71012|71013|71014,TE,880200,59,2,2,0.37005889415740967,0.5626553893089294,0.9676048755645752,0.6357589960098267,False
A,71012,71012|71013|71014,TE,880200,79,0,0,0.32245346903800964,0.5368369221687317,0.8612728118896484,0.5544744729995728,False
A,71012,71012|71013|71014,TE,880200,79,1,1,0.17785382270812988,0.3568824827671051,0.33700740337371826,0.14731930196285248,False
A,71012,71012|71013|71014,TE,880200,79,2,2,0.3800865411758423,0.5705838799476624,0.9708422422409058,0.6398881077766418,False
A,71012,71012|71013|71014,TE,880200,119,0,0,0.27896013855934143,0.5217380523681641,0.5760477781295776,0.25049376487731934,False
A,71012,71012|71013|71014,TE,880200,119,1,1,0.10900213569402695,0.24132584035396576,0.2909016013145447,0.11150115728378296,False
A,71012,71012|71013|71014,TE,880200,119,2,2,0.4254518747329712,0.6468429565429688,0.9955872893333435,0.6803299784660339,False
A,71012,71012|71013|71014,TE,880201,0,0,0,0.14219017326831818,0.27950018644332886,0.9009565711021423,0.520111083984375,False
A,71012,71012|71013|71014,TE,880201,0,1,1,0.12818406522274017,0.26976558566093445,0.8451837301254272,0.4933932423591614,False
A,71012,71012|71013|71014,TE,880201,0,2,2,0.37771153450012207,0.6220101714134216,0.994920551776886,0.6812132596969604,False
A,71012,71012|71013|71014,TE,880201,27,0,0,0.3088083565235138,0.5693953633308411,0.9530203938484192,0.6227988004684448,False
A,71012,71012|71013|71014,TE,880201,27,1,1,0.13327768445014954,0.26976677775382996,0.27683496475219727,0.1298767328262329,False
A,71012,71012|71013|71014,TE,880201,27,2,2,0.3965164124965668,0.6480635404586792,0.9675769805908203,0.6292897462844849,False
A,71012,71012|71013|71014,TE,880201,43,0,0,0.3141133785247803,0.5863803029060364,0.9676934480667114,0.642680287361145,False
A,71012,71012|71013|71014,TE,880201,43,1,1,0.13011281192302704,0.2631314992904663,0.29202786087989807,0.13163407146930695,False
A,71012,71012|71013|71014,TE,880201,43,2,2,0.3615797758102417,0.5555161833763123,0.9659912586212158,0.632330596446991,False
A,71012,71012|71013|71014,TE,880201,59,0,0,0.3277362287044525,0.5884188413619995,0.9696053266525269,0.6442470550537109,False
A,71012,71012|71013|71014,TE,880201,59,1,1,0.14153850078582764,0.28067609667778015,0.30119699239730835,0.13698960840702057,False
A,71012,71012|71013|71014,TE,880201,59,2,2,0.3705979883670807,0.5628808736801147,0.967345654964447,0.6356213092803955,False
A,71012,71012|71013|71014,TE,880201,79,0,0,0.3278033435344696,0.5526832938194275,0.9761303663253784,0.6524689197540283,False
A,71012,71012|71013|71014,TE,880201,79,1,1,0.16123242676258087,0.32287949323654175,0.29622283577919006,0.1386869251728058,False
A,71012,71012|71013|71014,TE,880201,79,2,2,0.38066235184669495,0.5708017945289612,0.970637321472168,0.6397877931594849,False
A,71012,71012|71013|71014,TE,880201,119,0,0,0.2784806489944458,0.5211235880851746,0.5778396725654602,0.25143033266067505,False
A,71012,71012|71013|71014,TE,880201,119,1,1,0.10898500680923462,0.241246297955513,0.29195135831832886,0.11217519640922546,False
A,71012,71012|71013|71014,TE,880201,119,2,2,0.4255603551864624,0.6469371914863586,0.9956096410751343,0.6803916692733765,False
A,71012,71012|71013|71014,TE,880202,0,0,0,0.1501065492630005,0.2962140738964081,0.9067869782447815,0.5275675654411316,False
A,71012,71012|71013|71014,TE,880202,0,1,1,0.11712851375341415,0.24746881425380707,0.833320140838623,0.4654005765914917,False
A,71012,71012|71013|71014,TE,880202,0,2,2,0.37771153450012207,0.6220101714134216,0.994920551776886,0.6812132596969604,False
A,71012,71012|71013|71014,TE,880202,27,0,0,0.26706016063690186,0.5251178741455078,0.9690496921539307,0.6420109272003174,False
A,71012,71012|71013|71014,TE,880202,27,1,1,0.11820714920759201,0.2387034296989441,0.2463103085756302,0.12121115624904633,False
A,71012,71012|71013|71014,TE,880202,27,2,2,0.39620324969291687,0.6409308314323425,0.9756932258605957,0.6425284743309021,False
A,71012,71012|71013|71014,TE,880202,43,0,0,0.27016448974609375,0.537794828414917,0.9790580868721008,0.6570092439651489,False
A,71012,71012|71013|71014,TE,880202,43,1,1,0.12623827159404755,0.2531180679798126,0.23139908909797668,0.11265507340431213,False
A,71012,71012|71013|71014,TE,880202,43,2,2,0.36116066575050354,0.5554601550102234,0.96599942445755,0.6326245069503784,False
A,71012,71012|71013|71014,TE,880202,59,0,0,0.2880505323410034,0.5485825538635254,0.9800823330879211,0.656812310218811,False
A,71012,71012|71013|71014,TE,880202,59,1,1,0.13979600369930267,0.2771070599555969,0.2334422469139099,0.1168317049741745,False
A,71012,71012|71013|71014,TE,880202,59,2,2,0.37011396884918213,0.5628164410591125,0.9676840901374817,0.6358853578567505,False
A,71012,71012|71013|71014,TE,880202,79,0,0,0.29249608516693115,0.5199228525161743,0.9836606383323669,0.6612300276756287,False
A,71012,71012|71013|71014,TE,880202,79,1,1,0.1604284644126892,0.3292253911495209,0.23233076930046082,0.12437079846858978,False
A,71012,71012|71013|71014,TE,880202,79,2,2,0.3801250755786896,0.5707294940948486,0.9709103107452393,0.6400034427642822,False
A,71012,71012|71013|71014,TE,880202,119,0,0,0.2784806489944458,0.5211235880851746,0.5778396725654602,0.25143033266067505,False
A,71012,71012|71013|71014,TE,880202,119,1,1,0.10898500680923462,0.241246297955513,0.29195135831832886,0.11217519640922546,False
A,71012,71012|71013|71014,TE,880202,119,2,2,0.4255603551864624,0.6469371914863586,0.9956096410751343,0.6803916692733765,False
A,71012,71012|71013|71014,TE,880203,0,0,0,0.13338953256607056,0.2628422975540161,0.9105017185211182,0.5316712260246277,False
A,71012,71012|71013|71014,TE,880203,0,1,1,0.1391056627035141,0.2925577461719513,0.8492447137832642,0.5031499862670898,False
A,71012,71012|71013|71014,TE,880203,0,2,2,0.37771153450012207,0.6220101714134216,0.994920551776886,0.6812132596969604,False
A,71012,71012|71013|71014,TE,880203,27,0,0,0.32307443022727966,0.5776494145393372,0.8831753730773926,0.5573612451553345,False
A,71012,71012|71013|71014,TE,880203,27,1,1,0.14999732375144958,0.305935800075531,0.25919580459594727,0.1220647320151329,False
A,71012,71012|71013|71014,TE,880203,27,2,2,0.381891131401062,0.6496612429618835,0.9331226348876953,0.5830034017562866,False
A,71012,71012|71013|71014,TE,880203,43,0,0,0.331210732460022,0.5961691737174988,0.9168643355369568,0.5917866230010986,False
A,71012,71012|71013|71014,TE,880203,43,1,1,0.13919305801391602,0.2855658233165741,0.3232273459434509,0.13991649448871613,False
A,71012,71012|71013|71014,TE,880203,43,2,2,0.36154302954673767,0.5554291009902954,0.9659799337387085,0.6322636604309082,False
A,71012,71012|71013|71014,TE,880203,59,0,0,0.34450626373291016,0.5959510803222656,0.9201565980911255,0.5972865223884583,False
A,71012,71012|71013|71014,TE,880203,59,1,1,0.15373419225215912,0.3077091872692108,0.32832449674606323,0.1464921534061432,False
A,71012,71012|71013|71014,TE,880203,59,2,2,0.3705690801143646,0.5627992153167725,0.9673051238059998,0.6355581283569336,False
A,71012,71012|71013|71014,TE,880203,79,0,0,0.3482933044433594,0.5624349117279053,0.9402875900268555,0.6145333647727966,False
A,71012,71012|71013|71014,TE,880203,79,1,1,0.1735927313566208,0.3446443974971771,0.3326166272163391,0.1476520299911499,False
A,71012,71012|71013|71014,TE,880203,79,2,2,0.3806420862674713,0.5707280039787292,0.9706027507781982,0.6397303342819214,False
A,71012,71012|71013|71014,TE,880203,119,0,0,0.2787199914455414,0.5214301347732544,0.5769435167312622,0.2509615421295166,False
A,71012,71012|71013|71014,TE,880203,119,1,1,0.10899344831705093,0.24128590524196625,0.29142826795578003,0.11183770000934601,False
A,71012,71012|71013|71014,TE,880203,119,2,2,0.4255061447620392,0.6468902230262756,0.9955984950065613,0.6803607940673828,False
A,71012,71012|71013|71014,TL,880300,0,0,0,0.14781954884529114,0.28916043043136597,0.9038774371147156,0.5247920751571655,False
A,71012,71012|71013|71014,TL,880300,0,1,1,0.12842334806919098,0.26782694458961487,0.8499454855918884,0.49765026569366455,False
A,71012,71012|71013|71014,TL,880300,0,2,2,0.37771153450012207,0.6220101714134216,0.994920551776886,0.6812132596969604,False
A,71012,71012|71013|71014,TL,880300,27,0,0,0.3084748685359955,0.5783817172050476,0.9740845561027527,0.6487988233566284,False
A,71012,71012|71013|71014,TL,880300,27,1,1,0.13862523436546326,0.2755536139011383,0.32763707637786865,0.150050550699234,False
A,71012,71012|71013|71014,TL,880300,27,2,2,0.4034564197063446,0.6466229557991028,0.9801868796348572,0.6496903896331787,False
A,71012,71012|71013|71014,TL,880300,43,0,0,0.3172406256198883,0.5850415825843811,0.9806550741195679,0.6568607091903687,False
A,71012,71012|71013|71014,TL,880300,43,1,1,0.14076639711856842,0.27601170539855957,0.3474307656288147,0.15613128244876862,False
A,71012,71012|71013|71014,TL,880300,43,2,2,0.41693249344825745,0.6587236523628235,0.9820721745491028,0.6541039943695068,False
A,71012,71012|71013|71014,TL,880300,59,0,0,0.31654539704322815,0.5894403457641602,0.9861488342285156,0.6662166714668274,False
A,71012,71012|71013|71014,TL,880300,59,1,1,0.15330959856510162,0.30129605531692505,0.3171115517616272,0.14602935314178467,False
A,71012,71012|71013|71014,TL,880300,59,2,2,0.37145766615867615,0.5629298090934753,0.9672073125839233,0.6351659297943115,False
A,71012,71012|71013|71014,TL,880300,79,0,0,0.31096351146698,0.5539305806159973,0.9888687133789062,0.6701699495315552,False
A,71012,71012|71013|71014,TL,880300,79,1,1,0.17256896197795868,0.3486325442790985,0.30771201848983765,0.1504349708557129,False
A,71012,71012|71013|71014,TL,880300,79,2,2,0.3816123902797699,0.5708589553833008,0.9701130390167236,0.6394243240356445,False
A,71012,71012|71013|71014,TL,880300,119,0,0,0.25716808438301086,0.49911484122276306,0.5852764248847961,0.2633081078529358,False
A,71012,71012|71013|71014,TL,880300,119,1,1,0.1214771568775177,0.2536437213420868,0.28499674797058105,0.12671074271202087,False
A,71012,71012|71013|71014,TL,880300,119,2,2,0.39767226576805115,0.5828680396080017,0.975989043712616,0.6474374532699585,False
A,71012,71012|71013|71014,TL,880301,0,0,0,0.13495072722434998,0.26942214369773865,0.9273515343666077,0.5546244978904724,False
A,71012,71012|71013|71014,TL,880301,0,1,1,0.13289345800876617,0.2808483839035034,0.8101859092712402,0.45585381984710693,False
A,71012,71012|71013|71014,TL,880301,0,2,2,0.37771153450012207,0.6220101714134216,0.994920551776886,0.6812132596969604,False
A,71012,71012|71013|71014,TL,880301,27,0,0,0.2624877989292145,0.5190534591674805,0.6917868852615356,0.38949429988861084,False
A,71012,71012|71013|71014,TL,880301,27,1,1,0.1320488303899765,0.2725263237953186,0.18323998153209686,0.08651507645845413,False
A,71012,71012|71013|71014,TL,880301,27,2,2,0.3862193822860718,0.66054767370224,0.8016960620880127,0.4386442303657532,False
A,71012,71012|71013|71014,TL,880301,43,0,0,0.2687879502773285,0.5134139657020569,0.7377460598945618,0.42951422929763794,False
A,71012,71012|71013|71014,TL,880301,43,1,1,0.13807420432567596,0.28254497051239014,0.17328289151191711,0.09040090441703796,False
A,71012,71012|71013|71014,TL,880301,43,2,2,0.3849116861820221,0.6686665415763855,0.7859820127487183,0.4227697253227234,False
A,71012,71012|71013|71014,TL,880301,59,0,0,0.2785419523715973,0.5063505172729492,0.7758078575134277,0.46195757389068604,False
A,71012,71012|71013|71014,TL,880301,59,1,1,0.15040676295757294,0.3048933446407318,0.16777625679969788,0.09057854115962982,False
A,71012,71012|71013|71014,TL,880301,59,2,2,0.37659838795661926,0.6681237816810608,0.7652283906936646,0.39707374572753906,False
A,71012,71012|71013|71014,TL,880301,79,0,0,0.2803012430667877,0.4901036322116852,0.8102632761001587,0.49572592973709106,False
A,71012,71012|71013|71014,TL,880301,79,1,1,0.15669327974319458,0.3187694251537323,0.1474386751651764,0.08289575576782227,False
A,71012,71012|71013|71014,TL,880301,79,2,2,0.38188326358795166,0.570383608341217,0.9696421027183533,0.6389327049255371,False
A,71012,71012|71013|71014,TL,880301,119,0,0,0.25774431228637695,0.4998011589050293,0.5817255973815918,0.2618257999420166,False
A,71012,71012|71013|71014,TL,880301,119,1,1,0.12296315282583237,0.25735464692115784,0.2728634476661682,0.12246158719062805,False
A,71012,71012|71013|71014,TL,880301,119,2,2,0.39796480536460876,0.5824718475341797,0.9756796360015869,0.6470840573310852,False
A,71012,71012|71013|71014,TL,880302,0,0,0,0.13853183388710022,0.27502599358558655,0.9046953916549683,0.5246562957763672,False
A,71012,71012|71013|71014,TL,880302,0,1,1,0.12665854394435883,0.2678222954273224,0.8231052756309509,0.46338924765586853,False
A,71012,71012|71013|71014,TL,880302,0,2,2,0.37771153450012207,0.6220101714134216,0.994920551776886,0.6812132596969604,False
A,71012,71012|71013|71014,TL,880302,27,0,0,0.2695019841194153,0.5058178305625916,0.8460360765457153,0.5168719291687012,False
A,71012,71012|71013|71014,TL,880302,27,1,1,0.11881599575281143,0.24580521881580353,0.1822323501110077,0.09986907243728638,False
A,71012,71012|71013|71014,TL,880302,27,2,2,0.3814832866191864,0.6525395512580872,0.9146677255630493,0.5626235008239746,False
A,71012,71012|71013|71014,TL,880302,43,0,0,0.2828693091869354,0.5086067318916321,0.8809683918952942,0.5462619066238403,False
A,71012,71012|71013|71014,TL,880302,43,1,1,0.11862505227327347,0.24389050900936127,0.19205284118652344,0.10464660823345184,False
A,71012,71012|71013|71014,TL,880302,43,2,2,0.38337454199790955,0.66324782371521,0.9102416038513184,0.5600735545158386,False
A,71012,71012|71013|71014,TL,880302,59,0,0,0.2913151979446411,0.5111767649650574,0.902772068977356,0.5714074373245239,False
A,71012,71012|71013|71014,TL,880302,59,1,1,0.125111922621727,0.25547561049461365,0.1661720871925354,0.09535717964172363,False
A,71012,71012|71013|71014,TL,880302,59,2,2,0.3713948428630829,0.5627633929252625,0.9671903252601624,0.6350399851799011,False
A,71012,71012|71013|71014,TL,880302,79,0,0,0.3055174648761749,0.49069133400917053,0.9211079478263855,0.5892059803009033,False
A,71012,71012|71013|71014,TL,880302,79,1,1,0.14326131343841553,0.29002845287323,0.17290136218070984,0.09349849075078964,False
A,71012,71012|71013|71014,TL,880302,79,2,2,0.3815678060054779,0.5707079172134399,0.9700411558151245,0.639309287071228,False
A,71012,71012|71013|71014,TL,880302,119,0,0,0.2575320899486542,0.49961793422698975,0.5837973356246948,0.262533038854599,False
A,71012,71012|71013|71014,TL,880302,119,1,1,0.12146704643964767,0.2536594867706299,0.28290966153144836,0.12573155760765076,False
A,71012,71012|71013|71014,TL,880302,119,2,2,0.3976477086544037,0.5827419757843018,0.9759367108345032,0.6473426818847656,False
A,71012,71012|71013|71014,TL,880303,0,0,0,0.1386890411376953,0.2741977870464325,0.929873526096344,0.5570404529571533,False
A,71012,71012|71013|71014,TL,880303,0,1,1,0.1264919638633728,0.26948875188827515,0.837841272354126,0.48712122440338135,False
A,71012,71012|71013|71014,TL,880303,0,2,2,0.37771153450012207,0.6220101714134216,0.994920551776886,0.6812132596969604,False
A,71012,71012|71013|71014,TL,880303,27,0,0,0.3201279640197754,0.5878557562828064,0.9205902218818665,0.5914348363876343,False
A,71012,71012|71013|71014,TL,880303,27,1,1,0.13707415759563446,0.2797822058200836,0.23645934462547302,0.10940821468830109,False
A,71012,71012|71013|71014,TL,880303,27,2,2,0.3864345848560333,0.6453583240509033,0.9476320743560791,0.6021236181259155,False
A,71012,71012|71013|71014,TL,880303,43,0,0,0.3393523395061493,0.6075043082237244,0.9368362426757812,0.6071380376815796,False
A,71012,71012|71013|71014,TL,880303,43,1,1,0.13967137038707733,0.28114053606987,0.25450149178504944,0.11634613573551178,False
A,71012,71012|71013|71014,TL,880303,43,2,2,0.3957144320011139,0.662099301815033,0.943062961101532,0.5979197025299072,False
A,71012,71012|71013|71014,TL,880303,59,0,0,0.3518148958683014,0.6117725372314453,0.9499040842056274,0.6195850968360901,False
A,71012,71012|71013|71014,TL,880303,59,1,1,0.15347649157047272,0.302812397480011,0.2511902451515198,0.11696772277355194,False
A,71012,71012|71013|71014,TL,880303,59,2,2,0.39391493797302246,0.6727957725524902,0.9276890754699707,0.5822699666023254,False
A,71012,71012|71013|71014,TL,880303,79,0,0,0.35415372252464294,0.5997650027275085,0.9603399038314819,0.6334825754165649,False
A,71012,71012|71013|71014,TL,880303,79,1,1,0.16724754869937897,0.33149194717407227,0.264029860496521,0.12385760247707367,False
A,71012,71012|71013|71014,TL,880303,79,2,2,0.3819305896759033,0.5705373883247375,0.9697161316871643,0.6390472650527954,False
A,71012,71012|71013|71014,TL,880303,119,0,0,0.25736644864082336,0.49928197264671326,0.5832052826881409,0.2625964879989624,False
A,71012,71012|71013|71014,TL,880303,119,1,1,0.12297725677490234,0.25735247135162354,0.2748892307281494,0.12341906875371933,False
A,71012,71012|71013|71014,TL,880303,119,2,2,0.3979909420013428,0.5826007723808289,0.9757333993911743,0.6471781730651855,False
A,71012,71012|71013|71014,DS,880400,0,0,0,0.13393767178058624,0.2652888894081116,0.9349417090415955,0.5647891163825989,False
A,71012,71012|71013|71014,DS,880400,0,1,1,0.13419629633426666,0.2847048342227936,0.8348484039306641,0.48861271142959595,False
A,71012,71012|71013|71014,DS,880400,0,2,2,0.37771153450012207,0.6220101714134216,0.994920551776886,0.6812132596969604,False
A,71012,71012|71013|71014,DS,880400,27,0,0,0.32076510787010193,0.5808654427528381,0.8430454134941101,0.522402822971344,False
A,71012,71012|71013|71014,DS,880400,27,1,1,0.14808766543865204,0.30321070551872253,0.21791574358940125,0.10486127436161041,False
A,71012,71012|71013|71014,DS,880400,27,2,2,0.37828585505485535,0.6475217342376709,0.9075301289558411,0.5551497936248779,False
A,71012,71012|71013|71014,DS,880400,43,0,0,0.3389560282230377,0.5999637246131897,0.8759833574295044,0.5508487820625305,False
A,71012,71012|71013|71014,DS,880400,43,1,1,0.15365058183670044,0.3103986084461212,0.23319366574287415,0.11135260760784149,False
A,71012,71012|71013|71014,DS,880400,43,2,2,0.385339617729187,0.6651096940040588,0.889721691608429,0.5383995771408081,False
A,71012,71012|71013|71014,DS,880400,59,0,0,0.34246841073036194,0.6058984398841858,0.8980376720428467,0.5763952136039734,False
A,71012,71012|71013|71014,DS,880400,59,1,1,0.15469959378242493,0.3119417726993561,0.2694205343723297,0.1242775246500969,False
A,71012,71012|71013|71014,DS,880400,59,2,2,0.370945006608963,0.5626437067985535,0.9671528339385986,0.6351715326309204,False
A,71012,71012|71013|71014,DS,880400,79,0,0,0.3483844995498657,0.5810073614120483,0.9133801460266113,0.590190589427948,False
A,71012,71012|71013|71014,DS,880400,79,1,1,0.1743025779724121,0.34720373153686523,0.2883216142654419,0.13005006313323975,False
A,71012,71012|71013|71014,DS,880400,79,2,2,0.3810870349407196,0.5705956816673279,0.9702531695365906,0.6394029259681702,False
A,71012,71012|71013|71014,DS,880400,119,0,0,0.27920106053352356,0.5220474600791931,0.5751529932022095,0.2500274181365967,False
A,71012,71012|71013|71014,DS,880400,119,1,1,0.1090109646320343,0.24136589467525482,0.29037046432495117,0.1111655905842781,False
A,71012,71012|71013|71014,DS,880400,119,2,2,0.4253975450992584,0.6467958688735962,0.9955761432647705,0.680298924446106,False
A,71012,71012|71013|71014,DS,880401,0,0,0,0.14056164026260376,0.2783125936985016,0.9295443892478943,0.5565729141235352,False
A,71012,71012|71013|71014,DS,880401,0,1,1,0.12284371256828308,0.26225516200065613,0.834001362323761,0.47737640142440796,False
A,71012,71012|71013|71014,DS,880401,0,2,2,0.37771153450012207,0.6220101714134216,0.994920551776886,0.6812132596969604,False
A,71012,71012|71013|71014,DS,880401,27,0,0,0.305257648229599,0.5697824358940125,0.9261349439620972,0.5952024459838867,False
A,71012,71012|71013|71014,DS,880401,27,1,1,0.1294979602098465,0.26510241627693176,0.21768850088119507,0.10414426028728485,False
A,71012,71012|71013|71014,DS,880401,27,2,2,0.39008828997612,0.6464655995368958,0.9485000371932983,0.6034160852432251,False
A,71012,71012|71013|71014,DS,880401,43,0,0,0.32698574662208557,0.592569887638092,0.9409635663032532,0.6104297637939453,False
A,71012,71012|71013|71014,DS,880401,43,1,1,0.1317586451768875,0.2660835087299347,0.23469030857086182,0.1105252280831337,False
A,71012,71012|71013|71014,DS,880401,43,2,2,0.3987988233566284,0.6617560982704163,0.9455642700195312,0.601527214050293,False
A,71012,71012|71013|71014,DS,880401,59,0,0,0.3319804072380066,0.6025199890136719,0.9539305567741394,0.6260188817977905,False
A,71012,71012|71013|71014,DS,880401,59,1,1,0.13770641386508942,0.2769492566585541,0.24422505497932434,0.1152036264538765,False
A,71012,71012|71013|71014,DS,880401,59,2,2,0.3709756135940552,0.5627264976501465,0.9671613574028015,0.6352344751358032,False
A,71012,71012|71013|71014,DS,880401,79,0,0,0.34189701080322266,0.5833097696304321,0.9594858288764954,0.6319972276687622,False
A,71012,71012|71013|71014,DS,880401,79,1,1,0.15793798863887787,0.314817875623703,0.25162291526794434,0.1195308268070221,False
A,71012,71012|71013|71014,DS,880401,79,2,2,0.3811084032058716,0.5706706643104553,0.9702887535095215,0.6394604444503784,False
A,71012,71012|71013|71014,DS,880401,119,0,0,0.27896013855934143,0.5217380523681641,0.5760477781295776,0.25049376487731934,False
A,71012,71012|71013|71014,DS,880401,119,1,1,0.10900213569402695,0.24132584035396576,0.2909016013145447,0.11150115728378296,False
A,71012,71012|71013|71014,DS,880401,119,2,2,0.4254518747329712,0.6468429565429688,0.9955872893333435,0.6803299784660339,False
A,71012,71012|71013|71014,DS,880402,0,0,0,0.137045755982399,0.26909342408180237,0.9004303216934204,0.5193518400192261,False
A,71012,71012|71013|71014,DS,880402,0,1,1,0.13813287019729614,0.28937697410583496,0.8507956266403198,0.5078684091567993,False
A,71012,71012|71013|71014,DS,880402,0,2,2,0.37771153450012207,0.6220101714134216,0.994920551776886,0.6812132596969604,False
A,71012,71012|71013|71014,DS,880402,27,0,0,0.3301437199115753,0.5889616012573242,0.9290300607681274,0.5984811782836914,False
A,71012,71012|71013|71014,DS,880402,27,1,1,0.14885525405406952,0.30142489075660706,0.2917826771736145,0.1350388526916504,False
A,71012,71012|71013|71014,DS,880402,27,2,2,0.38807812333106995,0.648646354675293,0.9585012793540955,0.6155611276626587,False
A,71012,71012|71013|71014,DS,880402,43,0,0,0.34556475281715393,0.6020177006721497,0.9445642232894897,0.6142842769622803,False
A,71012,71012|71013|71014,DS,880402,43,1,1,0.14972569048404694,0.29999348521232605,0.3145085871219635,0.14173826575279236,False
A,71012,71012|71013|71014,DS,880402,43,2,2,0.3973166048526764,0.6631073355674744,0.9566504955291748,0.6143664121627808,False
A,71012,71012|71013|71014,DS,880402,59,0,0,0.34990599751472473,0.6066548824310303,0.9545727968215942,0.6289736032485962,False
A,71012,71012|71013|71014,DS,880402,59,1,1,0.15133006870746613,0.3006573021411896,0.3447471857070923,0.1533457636833191,False
A,71012,71012|71013|71014,DS,880402,59,2,2,0.3710659444332123,0.5629734992980957,0.9671863913536072,0.6354233026504517,False
A,71012,71012|71013|71014,DS,880402,79,0,0,0.35054969787597656,0.571416974067688,0.9662765860557556,0.6416637897491455,False
A,71012,71012|71013|71014,DS,880402,79,1,1,0.17182590067386627,0.3395901024341583,0.34145331382751465,0.15279319882392883,False
A,71012,71012|71013|71014,DS,880402,79,2,2,0.3811722993850708,0.5708945393562317,0.970395028591156,0.639633297920227,False
A,71012,71012|71013|71014,DS,880402,119,0,0,0.2782420814037323,0.5208187699317932,0.5787366628646851,0.2519005537033081,False
A,71012,71012|71013|71014,DS,880402,119,1,1,0.10897669941186905,0.24120672047138214,0.2924700379371643,0.11251376569271088,False
A,71012,71012|71013|71014,DS,880402,119,2,2,0.42561420798301697,0.6469839215278625,0.9956207275390625,0.6804223656654358,False
A,71012,71012|71013|71014,DS,880403,0,0,0,0.14454934000968933,0.2831380069255829,0.898650050163269,0.5180476307868958,False
A,71012,71012|71013|71014,DS,880403,0,1,1,0.1305619329214096,0.27282100915908813,0.8492441177368164,0.4994470477104187,False
A,71012,71012|71013|71014,DS,880403,0,2,2,0.37771153450012207,0.6220101714134216,0.994920551776886,0.6812132596969604,False
A,71012,71012|71013|71014,DS,880403,27,0,0,0.313594788312912,0.577385425567627,0.964542806148529,0.636202335357666,False
A,71012,71012|71013|71014,DS,880403,27,1,1,0.1382337510585785,0.2770818769931793,0.31119683384895325,0.14447534084320068,False
A,71012,71012|71013|71014,DS,880403,27,2,2,0.3997413218021393,0.6478303074836731,0.975195586681366,0.6411938667297363,False
A,71012,71012|71013|71014,DS,880403,43,0,0,0.32521185278892517,0.5865190625190735,0.9733582735061646,0.6464047431945801,False
A,71012,71012|71013|71014,DS,880403,43,1,1,0.13962207734584808,0.27628931403160095,0.3309563994407654,0.15021586418151855,False
A,71012,71012|71013|71014,DS,880403,43,2,2,0.4116917848587036,0.6600397825241089,0.9767313003540039,0.6449949741363525,False
A,71012,71012|71013|71014,DS,880403,59,0,0,0.32619646191596985,0.5906378030776978,0.9791052937507629,0.6562631130218506,False
A,71012,71012|71013|71014,DS,880403,59,1,1,0.1477188915014267,0.29120567440986633,0.321031391620636,0.1457543820142746,False
A,71012,71012|71013|71014,DS,880403,59,2,2,0.3710659444332123,0.5629734992980957,0.9671863913536072,0.6354233026504517,False
A,71012,71012|71013|71014,DS,880403,79,0,0,0.32202890515327454,0.5529237985610962,0.9836816787719727,0.6626051664352417,False
A,71012,71012|71013|71014,DS,880403,79,1,1,0.1671200543642044,0.3353671133518219,0.3122720420360565,0.14772488176822662,False
A,71012,71012|71013|71014,DS,880403,79,2,2,0.3811722993850708,0.5708945393562317,0.970395028591156,0.639633297920227,False
A,71012,71012|71013|71014,DS,880403,119,0,0,0.2782420814037323,0.5208187699317932,0.5787366628646851,0.2519005537033081,False
A,71012,71012|71013|71014,DS,880403,119,1,1,0.10897669941186905,0.24120672047138214,0.2924700379371643,0.11251376569271088,False
A,71012,71012|71013|71014,DS,880403,119,2,2,0.42561420798301697,0.6469839215278625,0.9956207275390625,0.6804223656654358,False
A,71012,71012|71013|71014,DL,880500,0,0,0,0.15651357173919678,0.3047250509262085,0.919572114944458,0.5470514893531799,False
A,71012,71012|71013|71014,DL,880500,0,1,1,0.12849092483520508,0.26481783390045166,0.8503930568695068,0.4942953288555145,False
A,71012,71012|71013|71014,DL,880500,0,2,2,0.37771153450012207,0.6220101714134216,0.994920551776886,0.6812132596969604,False
A,71012,71012|71013|71014,DL,880500,27,0,0,0.29281842708587646,0.5704651474952698,0.9855887293815613,0.6667307615280151,False
A,71012,71012|71013|71014,DL,880500,27,1,1,0.14855507016181946,0.28901776671409607,0.37203407287597656,0.16820678114891052,False
A,71012,71012|71013|71014,DL,880500,27,2,2,0.41049447655677795,0.6441044807434082,0.9877256155014038,0.663623571395874,False
A,71012,71012|71013|71014,DL,880500,43,0,0,0.2944832146167755,0.5710517168045044,0.9894906878471375,0.671811580657959,False
A,71012,71012|71013|71014,DL,880500,43,1,1,0.15376947820186615,0.2952154576778412,0.3909796178340912,0.17502111196517944,False
A,71012,71012|71013|71014,DL,880500,43,2,2,0.42650866508483887,0.6555594801902771,0.9897656440734863,0.668387234210968,False
A,71012,71012|71013|71014,DL,880500,59,0,0,0.292125940322876,0.5724833607673645,0.9929783940315247,0.6778442859649658,False
A,71012,71012|71013|71014,DL,880500,59,1,1,0.1768258661031723,0.3455987870693207,0.3344191312789917,0.15812113881111145,False
A,71012,71012|71013|71014,DL,880500,59,2,2,0.3710959255695343,0.5630555748939514,0.9671950340270996,0.6354866027832031,False
A,71012,71012|71013|71014,DL,880500,79,0,0,0.28393611311912537,0.5392183661460876,0.9940736293792725,0.6791800260543823,False
A,71012,71012|71013|71014,DL,880500,79,1,1,0.18859006464481354,0.3896748721599579,0.32305648922920227,0.1701400876045227,False
A,71012,71012|71013|71014,DL,880500,79,2,2,0.38119348883628845,0.5709689259529114,0.9704301953315735,0.6396909952163696,False
A,71012,71012|71013|71014,DL,880500,119,0,0,0.2574375569820404,0.49960267543792725,0.5857982039451599,0.26321473717689514,False
A,71012,71012|71013|71014,DL,880500,119,1,1,0.12004687637090683,0.25011393427848816,0.2930297255516052,0.1291736215353012,False
A,71012,71012|71013|71014,DL,880500,119,2,2,0.39727529883384705,0.5829558372497559,0.9761878848075867,0.6476070880889893,False
A,71012,71012|71013|71014,DL,880501,0,0,0,0.13532233238220215,0.26675528287887573,0.9022495746612549,0.5216637849807739,False
A,71012,71012|71013|71014,DL,880501,0,1,1,0.13553187251091003,0.28507423400878906,0.8393374085426331,0.4941663444042206,False
A,71012,71012|71013|71014,DL,880501,0,2,2,0.37771153450012207,0.6220101714134216,0.994920551776886,0.6812132596969604,False
A,71012,71012|71013|71014,DL,880501,27,0,0,0.3022800385951996,0.5443766713142395,0.887252926826477,0.5576857328414917,False
A,71012,71012|71013|71014,DL,880501,27,1,1,0.13885526359081268,0.28445959091186523,0.23808345198631287,0.11716106534004211,False
A,71012,71012|71013|71014,DL,880501,27,2,2,0.386576384305954,0.6518005728721619,0.9338524341583252,0.5839422941207886,False
A,71012,71012|71013|71014,DL,880501,43,0,0,0.32124248147010803,0.5621463060379028,0.9118146896362305,0.5802085399627686,False
A,71012,71012|71013|71014,DL,880501,43,1,1,0.1385752111673355,0.28167250752449036,0.2619187831878662,0.12356425821781158,False
A,71012,71012|71013|71014,DL,880501,43,2,2,0.392598032951355,0.6646356582641602,0.928783655166626,0.5800631046295166,False
A,71012,71012|71013|71014,DL,880501,59,0,0,0.3274622857570648,0.5649604201316833,0.926115870475769,0.5991880893707275,False
A,71012,71012|71013|71014,DL,880501,59,1,1,0.1425655037164688,0.2873898148536682,0.2710017263889313,0.12601372599601746,False
A,71012,71012|71013|71014,DL,880501,59,2,2,0.3710358440876007,0.5628911852836609,0.9671781659126282,0.6353604197502136,False
A,71012,71012|71013|71014,DL,880501,79,0,0,0.3336973190307617,0.533285915851593,0.9438994526863098,0.6159157752990723,False
A,71012,71012|71013|71014,DL,880501,79,1,1,0.16307704150676727,0.3256814777851105,0.2736452519893646,0.12534524500370026,False
A,71012,71012|71013|71014,DL,880501,79,2,2,0.3811511993408203,0.5708200335502625,0.9703595042228699,0.6395755410194397,False
A,71012,71012|71013|71014,DL,880501,119,0,0,0.2577909529209137,0.5000941753387451,0.5843245983123779,0.26244020462036133,False
A,71012,71012|71013|71014,DL,880501,119,1,1,0.12004208564758301,0.25014325976371765,0.2908955216407776,0.12817880511283875,False
A,71012,71012|71013|71014,DL,880501,119,2,2,0.3972513675689697,0.5828314423561096,0.9761365652084351,0.6475117802619934,False
A,71012,71012|71013|71014,DL,880502,0,0,0,0.13950739800930023,0.2776646912097931,0.9295027852058411,0.5567945241928101,False
A,71012,71012|71013|71014,DL,880502,0,1,1,0.12304935604333878,0.26230910420417786,0.8193293809890747,0.4576597213745117,False
A,71012,71012|71013|71014,DL,880502,0,2,2,0.37771153450012207,0.6220101714134216,0.994920551776886,0.6812132596969604,False
A,71012,71012|71013|71014,DL,880502,27,0,0,0.277854323387146,0.5258477926254272,0.8542773127555847,0.5297389030456543,False
A,71012,71012|71013|71014,DL,880502,27,1,1,0.12248804420232773,0.2530302107334137,0.17602607607841492,0.0919310599565506,False
A,71012,71012|71013|71014,DL,880502,27,2,2,0.38661447167396545,0.6518925428390503,0.9149180054664612,0.5631561279296875,False
A,71012,71012|71013|71014,DL,880502,43,0,0,0.2969333231449127,0.5415202975273132,0.8898558616638184,0.5573630332946777,False
A,71012,71012|71013|71014,DL,880502,43,1,1,0.12630866467952728,0.2578997313976288,0.17618660628795624,0.09672360122203827,False
A,71012,71012|71013|71014,DL,880502,43,2,2,0.3900272846221924,0.6646184921264648,0.9077566266059875,0.5573116540908813,False
A,71012,71012|71013|71014,DL,880502,59,0,0,0.3025858402252197,0.5459715723991394,0.9124244451522827,0.5806031227111816,False
A,71012,71012|71013|71014,DL,880502,59,1,1,0.13063114881515503,0.2662111222743988,0.17036351561546326,0.09341920167207718,False
A,71012,71012|71013|71014,DL,880502,59,2,2,0.370945006608963,0.5626437067985535,0.9671528339385986,0.6351715326309204,False
A,71012,71012|71013|71014,DL,880502,79,0,0,0.3154899477958679,0.5247471928596497,0.9226866364479065,0.5913974046707153,False
A,71012,71012|71013|71014,DL,880502,79,1,1,0.14815552532672882,0.2988387942314148,0.17922480404376984,0.09486344456672668,False
A,71012,71012|71013|71014,DL,880502,79,2,2,0.3810870349407196,0.5705956816673279,0.9702531695365906,0.6394029259681702,False
A,71012,71012|71013|71014,DL,880502,119,0,0,0.25832855701446533,0.5008449554443359,0.5821242332458496,0.26128917932510376,False
A,71012,71012|71013|71014,DL,880502,119,1,1,0.12003666162490845,0.25018981099128723,0.28771713376045227,0.12670111656188965,False
A,71012,71012|71013|71014,DL,880502,119,2,2,0.39721450209617615,0.5826435089111328,0.9760590195655823,0.6473695039749146,False
A,71012,71012|71013|71014,DL,880503,0,0,0,0.14227767288684845,0.2831173241138458,0.9108195304870605,0.5319368839263916,False
A,71012,71012|71013|71014,DL,880503,0,1,1,0.11988497525453568,0.25480329990386963,0.8184264898300171,0.451534628868103,False
A,71012,71012|71013|71014,DL,880503,0,2,2,0.37771153450012207,0.6220101714134216,0.994920551776886,0.6812132596969604,False
A,71012,71012|71013|71014,DL,880503,27,0,0,0.2638830542564392,0.5016303062438965,0.8872727155685425,0.5543493628501892,False
A,71012,71012|71013|71014,DL,880503,27,1,1,0.11153709888458252,0.2307337522506714,0.18378426134586334,0.09785938262939453,False
A,71012,71012|71013|71014,DL,880503,27,2,2,0.3820629417896271,0.6490682363510132,0.9365019798278809,0.5886987447738647,False
A,71012,71012|71013|71014,DL,880503,43,0,0,0.2805188000202179,0.510890007019043,0.9141934514045715,0.5778684616088867,False
A,71012,71012|71013|71014,DL,880503,43,1,1,0.11219761520624161,0.23023666441440582,0.1830209195613861,0.10235264152288437,False
A,71012,71012|71013|71014,DL,880503,43,2,2,0.3846006691455841,0.6602551937103271,0.9338688850402832,0.5889269709587097,False
A,71012,71012|71013|71014,DL,880503,59,0,0,0.28798601031303406,0.5151782631874084,0.929559588432312,0.5959005355834961,False
A,71012,71012|71013|71014,DL,880503,59,1,1,0.11956102401018143,0.24363981187343597,0.1650455743074417,0.09211450815200806,False
A,71012,71012|71013|71014,DL,880503,59,2,2,0.3709756135940552,0.5627264976501465,0.9671613574028015,0.6352344751358032,False
A,71012,71012|71013|71014,DL,880503,79,0,0,0.302470326423645,0.4931584894657135,0.9404097199440002,0.6081513166427612,False
A,71012,71012|71013|71014,DL,880503,79,1,1,0.13550986349582672,0.2750992476940155,0.16183114051818848,0.09147515892982483,False
A,71012,71012|71013|71014,DL,880503,79,2,2,0.3811084032058716,0.5706706643104553,0.9702887535095215,0.6394604444503784,False
A,71012,71012|71013|71014,DL,880503,119,0,0,0.25814834237098694,0.5005928874015808,0.5828560590744019,0.2616713047027588,False
A,71012,71012|71013|71014,DL,880503,119,1,1,0.12003818899393082,0.2501738369464874,0.2887738347053528,0.12719187140464783,False
A,71012,71012|71013|71014,DL,880503,119,2,2,0.3972267210483551,0.5827062726020813,0.9760849475860596,0.6474168300628662,False
A,71012,71012|71013|71014,CP,880600,0,0,0,0.1436821073293686,0.28666555881500244,0.9098068475723267,0.5306683778762817,False
A,71012,71012|71013|71014,CP,880600,0,1,1,0.11782940477132797,0.2504830062389374,0.8106616735458374,0.4401652216911316,False
A,71012,71012|71013|71014,CP,880600,0,2,2,0.37771153450012207,0.6220101714134216,0.994920551776886,0.6812132596969604,False
A,71012,71012|71013|71014,CP,880600,27,0,0,0.2574830651283264,0.4953376054763794,0.8742706775665283,0.5413429737091064,False
A,71012,71012|71013|71014,CP,880600,27,1,1,0.10644891113042831,0.22043661773204803,0.18998172879219055,0.09531852602958679,False
A,71012,71012|71013|71014,CP,880600,27,2,2,0.3755808174610138,0.6482599377632141,0.934013843536377,0.5859264135360718,False
A,71012,71012|71013|71014,CP,880600,43,0,0,0.2607229948043823,0.5016293525695801,0.9128333330154419,0.5789157152175903,False
A,71012,71012|71013|71014,CP,880600,43,1,1,0.10779422521591187,0.22285914421081543,0.18054836988449097,0.0881420224905014,False
A,71012,71012|71013|71014,CP,880600,43,2,2,0.3610893487930298,0.5552870035171509,0.9659768342971802,0.6324907541275024,False
A,71012,71012|71013|71014,CP,880600,59,0,0,0.2793181836605072,0.5032271146774292,0.9162232875823975,0.5815615653991699,False
A,71012,71012|71013|71014,CP,880600,59,1,1,0.11423861235380173,0.23295831680297852,0.1658700853586197,0.08779610693454742,False
A,71012,71012|71013|71014,CP,880600,59,2,2,0.37005889415740967,0.5626553893089294,0.9676048755645752,0.6357589960098267,False
A,71012,71012|71013|71014,CP,880600,79,0,0,0.29440081119537354,0.4824507534503937,0.9290527701377869,0.5953831672668457,False
A,71012,71012|71013|71014,CP,880600,79,1,1,0.1275770366191864,0.26077911257743835,0.1598053127527237,0.08720435202121735,False
A,71012,71012|71013|71014,CP,880600,79,2,2,0.3800865411758423,0.5705838799476624,0.9708422422409058,0.6398881077766418,False
A,71012,71012|71013|71014,CP,880600,119,0,0,0.25924959778785706,0.5024136900901794,0.5822811722755432,0.26064807176589966,False
A,71012,71012|71013|71014,CP,880600,119,1,1,0.11745359748601913,0.24375760555267334,0.3023619055747986,0.13138794898986816,False
A,71012,71012|71013|71014,CP,880600,119,2,2,0.39626002311706543,0.5826185345649719,0.9764258861541748,0.6476702094078064,False
A,71012,71012|71013|71014,CP,880601,0,0,0,0.1299453228712082,0.2575699985027313,0.925889790058136,0.5525994896888733,False
A,71012,71012|71013|71014,CP,880601,0,1,1,0.14255569875240326,0.3000188171863556,0.8402552604675293,0.4892638921737671,False
A,71012,71012|71013|71014,CP,880601,0,2,2,0.37771153450012207,0.6220101714134216,0.994920551776886,0.6812132596969604,False
A,71012,71012|71013|71014,CP,880601,27,0,0,0.2865982949733734,0.5355433821678162,0.739372968673706,0.4405739903450012,False
A,71012,71012|71013|71014,CP,880601,27,1,1,0.1525714248418808,0.31343570351600647,0.19506493210792542,0.10274279117584229,False
A,71012,71012|71013|71014,CP,880601,27,2,2,0.38140472769737244,0.655604898929596,0.8343409299850464,0.4755059480667114,False
A,71012,71012|71013|71014,CP,880601,43,0,0,0.3003765046596527,0.5429907441139221,0.7800180315971375,0.47831329703330994,False
A,71012,71012|71013|71014,CP,880601,43,1,1,0.15839385986328125,0.3221816122531891,0.2112104296684265,0.10865432024002075,False
A,71012,71012|71013|71014,CP,880601,43,2,2,0.38593605160713196,0.6685130000114441,0.8114608526229858,0.45045900344848633,False
A,71012,71012|71013|71014,CP,880601,59,0,0,0.3154155910015106,0.5485451221466064,0.8149883151054382,0.5083427429199219,False
A,71012,71012|71013|71014,CP,880601,59,1,1,0.17260605096817017,0.34716853499412537,0.22656483948230743,0.10821661353111267,False
A,71012,71012|71013|71014,CP,880601,59,2,2,0.3817721903324127,0.6704926490783691,0.7820614576339722,0.4154658019542694,False
A,71012,71012|71013|71014,CP,880601,79,0,0,0.31478509306907654,0.5224484801292419,0.8509983420372009,0.5416263937950134,False
A,71012,71012|71013|71014,CP,880601,79,1,1,0.17623721063137054,0.355642169713974,0.24477370083332062,0.11350025236606598,False
A,71012,71012|71013|71014,CP,880601,79,2,2,0.3819068968296051,0.5704604983329773,0.9696791172027588,0.6389899253845215,False
A,71012,71012|71013|71014,CP,880601,119,0,0,0.2575547993183136,0.4995405673980713,0.5824649930000305,0.26221051812171936,False
A,71012,71012|71013|71014,CP,880601,119,1,1,0.1229700818657875,0.25735339522361755,0.27387577295303345,0.12293967604637146,False
A,71012,71012|71013|71014,CP,880601,119,2,2,0.39797791838645935,0.5825363993644714,0.9757066369056702,0.647131085395813,False
A,71012,71012|71013|71014,CP,880602,0,0,0,0.1651865839958191,0.3222179114818573,0.9245996475219727,0.5568299293518066,False
A,71012,71012|71013|71014,CP,880602,0,1,1,0.12458892911672592,0.2546435296535492,0.8346246480941772,0.46415621042251587,False
A,71012,71012|71013|71014,CP,880602,0,2,2,0.37771153450012207,0.6220101714134216,0.994920551776886,0.6812132596969604,False
A,71012,71012|71013|71014,CP,880602,27,0,0,0.24245142936706543,0.5073971152305603,0.9888787865638733,0.6714652180671692,False
A,71012,71012|71013|71014,CP,880602,27,1,1,0.14587102830410004,0.2813619375228882,0.35963964462280273,0.16805624961853027,False
A,71012,71012|71013|71014,CP,880602,27,2,2,0.3952448070049286,0.6289251446723938,0.9905021786689758,0.6694187521934509,False
A,71012,71012|71013|71014,CP,880602,43,0,0,0.24165473878383636,0.5118620991706848,0.9931167364120483,0.678867757320404,False
A,71012,71012|71013|71014,CP,880602,43,1,1,0.17028789222240448,0.32783791422843933,0.25347578525543213,0.1292388141155243,False
A,71012,71012|71013|71014,CP,880602,43,2,2,0.36123156547546387,0.5556324124336243,0.966021716594696,0.6327584981918335,False
A,71012,71012|71013|71014,CP,880602,59,0,0,0.24362313747406006,0.5072798132896423,0.9939467906951904,0.6795034408569336,False
A,71012,71012|71013|71014,CP,880602,59,1,1,0.18601566553115845,0.3667679727077484,0.26042789220809937,0.1391647458076477,False
A,71012,71012|71013|71014,CP,880602,59,2,2,0.37016892433166504,0.5629770755767822,0.9677630066871643,0.6360118389129639,False
A,71012,71012|71013|71014,CP,880602,79,0,0,0.24475149810314178,0.4802338778972626,0.994749128818512,0.6800506711006165,False
A,71012,71012|71013|71014,CP,880602,79,1,1,0.1911030262708664,0.4053945243358612,0.29697346687316895,0.16028791666030884,False
A,71012,71012|71013|71014,CP,880602,79,2,2,0.380163311958313,0.5708745121955872,0.9709782004356384,0.6401193141937256,False
A,71012,71012|71013|71014,CP,880602,119,0,0,0.25857552886009216,0.5014671683311462,0.5851893424987793,0.2621789574623108,False
A,71012,71012|71013|71014,CP,880602,119,1,1,0.11743982881307602,0.24364955723285675,0.3067663311958313,0.1334187090396881,False
A,71012,71012|71013|71014,CP,880602,119,2,2,0.3963066041469574,0.582862377166748,0.976525068283081,0.6478614211082458,False
A,71012,71012|71013|71014,CP,880603,0,0,0,0.1466021090745926,0.291635125875473,0.9040707945823669,0.5236568450927734,False
A,71012,71012|71013|71014,CP,880603,0,1,1,0.11563143134117126,0.24562089145183563,0.8172379732131958,0.44531720876693726,False
A,71012,71012|71013|71014,CP,880603,0,2,2,0.37771153450012207,0.6220101714134216,0.994920551776886,0.6812132596969604,False
A,71012,71012|71013|71014,CP,880603,27,0,0,0.2537277042865753,0.4901655614376068,0.9290176630020142,0.5928938388824463,False
A,71012,71012|71013|71014,CP,880603,27,1,1,0.10633530467748642,0.2190379947423935,0.18601052463054657,0.10388799011707306,False
A,71012,71012|71013|71014,CP,880603,27,2,2,0.37979164719581604,0.642937421798706,0.957611620426178,0.6162663698196411,False
A,71012,71012|71013|71014,CP,880603,43,0,0,0.2717568874359131,0.5029639601707458,0.9455296993255615,0.6100101470947266,False
A,71012,71012|71013|71014,CP,880603,43,1,1,0.10530196875333786,0.21544308960437775,0.19709613919258118,0.10832670331001282,False
A,71012,71012|71013|71014,CP,880603,43,2,2,0.3838454484939575,0.6538485884666443,0.958662211894989,0.6201612949371338,False
A,71012,71012|71013|71014,CP,880603,59,0,0,0.2872317135334015,0.5063369870185852,0.9598897695541382,0.6251647472381592,False
A,71012,71012|71013|71014,CP,880603,59,1,1,0.11463231593370438,0.2304326295852661,0.21213370561599731,0.11070513725280762,False
A,71012,71012|71013|71014,CP,880603,59,2,2,0.379121869802475,0.6652126908302307,0.9498176574707031,0.6108078360557556,False
A,71012,71012|71013|71014,CP,880603,79,0,0,0.29261574149131775,0.48858392238616943,0.9658471941947937,0.6354085206985474,False
A,71012,71012|71013|71014,CP,880603,79,1,1,0.13152100145816803,0.26794224977493286,0.1806999146938324,0.0937795490026474,False
A,71012,71012|71013|71014,CP,880603,79,2,2,0.38195404410362244,0.5706141591072083,0.9697529077529907,0.6391044855117798,False
A,71012,71012|71013|71014,CP,880603,119,0,0,0.25717881321907043,0.4990248382091522,0.5839476585388184,0.2629840075969696,False
A,71012,71012|71013|71014,CP,880603,119,1,1,0.12298484891653061,0.25735214352607727,0.27590638399124146,0.12390042096376419,False
A,71012,71012|71013|71014,CP,880603,119,2,2,0.3980036675930023,0.5826647877693176,0.9757601618766785,0.6472251415252686,False
A,71013,71013|71014|71015,N,880000,0,0,0,0.1473262757062912,0.3496234714984894,0.9364081621170044,0.5742896795272827,False
A,71013,71013|71014|71015,N,880000,0,1,1,0.1703922301530838,0.34562399983406067,0.7298495769500732,0.3682217299938202,False
A,71013,71013|71014|71015,N,880000,0,2,2,0.4044565260410309,0.6506229043006897,0.9764723777770996,0.6445555686950684,False
A,71013,71013|71014|71015,N,880000,27,0,0,0.2889736294746399,0.5152409076690674,0.8082250952720642,0.49252378940582275,False
A,71013,71013|71014|71015,N,880000,27,1,1,0.19174043834209442,0.37903308868408203,0.779288113117218,0.38334202766418457,False
A,71013,71013|71014|71015,N,880000,27,2,2,0.4376232624053955,0.6784122586250305,0.9676095247268677,0.6480008959770203,False
A,71013,71013|71014|71015,N,880000,43,0,0,0.3115357458591461,0.550830602645874,0.8517393469810486,0.5158979892730713,False
A,71013,71013|71014|71015,N,880000,43,1,1,0.19563323259353638,0.38544797897338867,0.7884353399276733,0.3974914848804474,False
A,71013,71013|71014|71015,N,880000,43,2,2,0.4449779689311981,0.6831074357032776,0.9716880917549133,0.652771532535553,False
A,71013,71013|71014|71015,N,880000,59,0,0,0.3252459764480591,0.5722364187240601,0.8854896426200867,0.5356202125549316,False
A,71013,71013|71014|71015,N,880000,59,1,1,0.21345770359039307,0.40753066539764404,0.7716051936149597,0.3917892575263977,False
A,71013,71013|71014|71015,N,880000,59,2,2,0.44723376631736755,0.6867833137512207,0.9763431549072266,0.6586729288101196,False
A,71013,71013|71014|71015,N,880000,79,0,0,0.3230627477169037,0.568898618221283,0.9046947956085205,0.5482736229896545,False
A,71013,71013|71014|71015,N,880000,79,1,1,0.22952036559581757,0.426525741815567,0.7317302227020264,0.3670753836631775,False
A,71013,71013|71014|71015,N,880000,79,2,2,0.4377993047237396,0.6884511113166809,0.9816964864730835,0.6652848720550537,False
A,71013,71013|71014|71015,N,880000,119,0,0,0.2681669294834137,0.5129960179328918,0.6269558668136597,0.23627716302871704,False
A,71013,71013|71014|71015,N,880000,119,1,1,0.13628758490085602,0.30694741010665894,0.720318078994751,0.35660457611083984,False
A,71013,71013|71014|71015,N,880000,119,2,2,0.4181886613368988,0.6406446099281311,0.9866981506347656,0.6622986793518066,False
A,71013,71013|71014|71015,N,880001,0,0,0,0.15248073637485504,0.3581954538822174,0.9336562752723694,0.5707495212554932,False
A,71013,71013|71014|71015,N,880001,0,1,1,0.13615566492080688,0.28720179200172424,0.7526004314422607,0.38077741861343384,False
A,71013,71013|71014|71015,N,880001,0,2,2,0.4044565260410309,0.6506229043006897,0.9764723777770996,0.6445555686950684,False
A,71013,71013|71014|71015,N,880001,27,0,0,0.27790188789367676,0.5009421706199646,0.8805728554725647,0.5392242670059204,False
A,71013,71013|71014|71015,N,880001,27,1,1,0.14131329953670502,0.2940489649772644,0.7578767538070679,0.36190736293792725,False
A,71013,71013|71014|71015,N,880001,27,2,2,0.4353649616241455,0.6785588264465332,0.9735181927680969,0.6543805599212646,False
A,71013,71013|71014|71015,N,880001,43,0,0,0.30012965202331543,0.5275153517723083,0.8986591696739197,0.5573245286941528,False
A,71013,71013|71014|71015,N,880001,43,1,1,0.14566607773303986,0.3008846044540405,0.7705842852592468,0.37914571166038513,False
A,71013,71013|71014|71015,N,880001,43,2,2,0.4464784562587738,0.6827306747436523,0.9775857925415039,0.6590373516082764,False
A,71013,71013|71014|71015,N,880001,59,0,0,0.3065474033355713,0.5347397923469543,0.9067111611366272,0.5699883699417114,False
A,71013,71013|71014|71015,N,880001,59,1,1,0.1576465517282486,0.31570520997047424,0.7546844482421875,0.37627989053726196,False
A,71013,71013|71014|71015,N,880001,59,2,2,0.4533855617046356,0.6864083409309387,0.9815347194671631,0.6641203761100769,False
A,71013,71013|71014|71015,N,880001,79,0,0,0.30090054869651794,0.5263628959655762,0.8916620016098022,0.5698809623718262,False
A,71013,71013|71014|71015,N,880001,79,1,1,0.17546164989471436,0.33987465500831604,0.7203354239463806,0.3549192249774933,False
A,71013,71013|71014|71015,N,880001,79,2,2,0.44645166397094727,0.688556432723999,0.9849485158920288,0.6683167815208435,False
A,71013,71013|71014|71015,N,880001,119,0,0,0.26802656054496765,0.5127968788146973,0.626905083656311,0.23623934388160706,False
A,71013,71013|71014|71015,N,880001,119,1,1,0.1363440304994583,0.30705443024635315,0.7205160856246948,0.35683637857437134,False
A,71013,71013|71014|71015,N,880001,119,2,2,0.418128103017807,0.6405712962150574,0.9866828918457031,0.6622523069381714,False
A,71013,71013|71014|71015,N,880002,0,0,0,0.14596448838710785,0.347440630197525,0.913440465927124,0.5463411808013916,False
A,71013,71013|71014|71015,N,880002,0,1,1,0.14627806842327118,0.31031957268714905,0.6884486675262451,0.3272552490234375,False
A,71013,71013|71014|71015,N,880002,0,2,2,0.4044565260410309,0.6506229043006897,0.9764723777770996,0.6445555686950684,False
A,71013,71013|71014|71015,N,880002,27,0,0,0.24030351638793945,0.4502941071987152,0.6575395464897156,0.3752260208129883,False
A,71013,71013|71014|71015,N,880002,27,1,1,0.14554765820503235,0.3077663481235504,0.7657890915870667,0.35530605912208557,False
A,71013,71013|71014|71015,N,880002,27,2,2,0.4340237081050873,0.6770434379577637,0.9628975987434387,0.6455026268959045,False
A,71013,71013|71014|71015,N,880002,43,0,0,0.25836536288261414,0.4605166018009186,0.7455034255981445,0.41784635186195374,False
A,71013,71013|71014|71015,N,880002,43,1,1,0.15267501771450043,0.31949636340141296,0.7763988971710205,0.36898547410964966,False
A,71013,71013|71014|71015,N,880002,43,2,2,0.43876489996910095,0.6821712851524353,0.9686878323554993,0.6509474515914917,False
A,71013,71013|71014|71015,N,880002,59,0,0,0.2784824073314667,0.47629252076148987,0.8263888359069824,0.4624127745628357,False
A,71013,71013|71014|71015,N,880002,59,1,1,0.16782164573669434,0.3393610417842865,0.761299729347229,0.3667769432067871,False
A,71013,71013|71014|71015,N,880002,59,2,2,0.43970203399658203,0.6855990886688232,0.9744417071342468,0.6569437980651855,False
A,71013,71013|71014|71015,N,880002,79,0,0,0.28954634070396423,0.49596723914146423,0.8844363689422607,0.5091633200645447,False
A,71013,71013|71014|71015,N,880002,79,1,1,0.18006880581378937,0.353755921125412,0.7120967507362366,0.3470763862133026,False
A,71013,71013|71014|71015,N,880002,79,2,2,0.435326486825943,0.6871170401573181,0.98065584897995,0.6637168526649475,False
A,71013,71013|71014|71015,N,880002,119,0,0,0.2684524357318878,0.5134031176567078,0.6270581483840942,0.2363547533750534,False
A,71013,71013|71014|71015,N,880002,119,1,1,0.13617432117462158,0.3067324161529541,0.719918966293335,0.3561388850212097,False
A,71013,71013|71014|71015,N,880002,119,2,2,0.41830846667289734,0.6407907009124756,0.9867278337478638,0.6623905301094055,False
A,71013,71013|71014|71015,N,880003,0,0,0,0.15244263410568237,0.3615552484989166,0.939098596572876,0.5743170976638794,False
A,71013,71013|71014|71015,N,880003,0,1,1,0.14408132433891296,0.3021495044231415,0.7599209547042847,0.3916623294353485,False
A,71013,71013|71014|71015,N,880003,0,2,2,0.4044565260410309,0.6506229043006897,0.9764723777770996,0.6445555686950684,False
A,71013,71013|71014|71015,N,880003,27,0,0,0.3371925354003906,0.599942147731781,0.8647154569625854,0.5370081067085266,False
A,71013,71013|71014|71015,N,880003,27,1,1,0.1739524006843567,0.34637078642845154,0.7352871894836426,0.3506315052509308,False
A,71013,71013|71014|71015,N,880003,27,2,2,0.4384409487247467,0.6808218359947205,0.9768860936164856,0.6588244438171387,False
A,71013,71013|71014|71015,N,880003,43,0,0,0.3515332043170929,0.6112667918205261,0.8780895471572876,0.5497318506240845,False
A,71013,71013|71014|71015,N,880003,43,1,1,0.17854754626750946,0.3526622951030731,0.7471559047698975,0.36546653509140015,False
A,71013,71013|71014|71015,N,880003,43,2,2,0.45024242997169495,0.6847217679023743,0.9796781539916992,0.6622445583343506,False
A,71013,71013|71014|71015,N,880003,59,0,0,0.35182228684425354,0.605212926864624,0.8868660926818848,0.5587019920349121,False
A,71013,71013|71014|71015,N,880003,59,1,1,0.19322113692760468,0.36866942048072815,0.7352734804153442,0.3660372495651245,False
A,71013,71013|71014|71015,N,880003,59,2,2,0.4587987959384918,0.6879323124885559,0.982556939125061,0.6660130023956299,False
A,71013,71013|71014|71015,N,880003,79,0,0,0.34056830406188965,0.5862317681312561,0.8761323094367981,0.5581417083740234,False
A,71013,71013|71014|71015,N,880003,79,1,1,0.21411818265914917,0.3937741816043854,0.7134795188903809,0.3546938896179199,False
A,71013,71013|71014|71015,N,880003,79,2,2,0.45450064539909363,0.6896889805793762,0.9856343269348145,0.6694954633712769,False
A,71013,71013|71014|71015,N,880003,119,0,0,0.26802656054496765,0.5127968788146973,0.626905083656311,0.23623934388160706,False
A,71013,71013|71014|71015,N,880003,119,1,1,0.1363440304994583,0.30705443024635315,0.7205160856246948,0.35683637857437134,False
A,71013,71013|71014|71015,N,880003,119,2,2,0.418128103017807,0.6405712962150574,0.9866828918457031,0.6622523069381714,False
A,71013,71013|71014|71015,F0,880100,0,0,0,0.15789340436458588,0.36963024735450745,0.9382251501083374,0.574313759803772,False
A,71013,71013|71014|71015,F0,880100,0,1,1,0.13114506006240845,0.2771115005016327,0.772835373878479,0.3998316526412964,False
A,71013,71013|71014|71015,F0,880100,0,2,2,0.4044565260410309,0.6506229043006897,0.9764723777770996,0.6445555686950684,False
A,71013,71013|71014|71015,F0,880100,27,0,0,0.3045973777770996,0.541589081287384,0.8931456208229065,0.5688433647155762,False
A,71013,71013|71014|71015,F0,880100,27,1,1,0.15970487892627716,0.3184913694858551,0.7304152250289917,0.34736818075180054,False
A,71013,71013|71014|71015,F0,880100,27,2,2,0.4442366659641266,0.6803245544433594,0.9788902401924133,0.6607940196990967,False
A,71013,71013|71014|71015,F0,880100,43,0,0,0.31008508801460266,0.5429388284683228,0.9028714895248413,0.5790602564811707,False
A,71013,71013|71014|71015,F0,880100,43,1,1,0.1697588413953781,0.33283311128616333,0.7412564754486084,0.3614184260368347,False
A,71013,71013|71014|71015,F0,880100,43,2,2,0.458986759185791,0.6840262413024902,0.9818142652511597,0.6644022464752197,False
A,71013,71013|71014|71015,F0,880100,59,0,0,0.3151262104511261,0.552622377872467,0.9082947969436646,0.580337405204773,False
A,71013,71013|71014|71015,F0,880100,59,1,1,0.2065710574388504,0.3897126615047455,0.7027775049209595,0.33086884021759033,False
A,71013,71013|71014|71015,F0,880100,59,2,2,0.23355638980865479,0.44543489813804626,0.976475179195404,0.6503444910049438,False
A,71013,71013|71014|71015,F0,880100,79,0,0,0.29962217807769775,0.5287761092185974,0.9193389415740967,0.5872217416763306,False
A,71013,71013|71014|71015,F0,880100,79,1,1,0.24026577174663544,0.4373205602169037,0.6953330039978027,0.33671438694000244,False
A,71013,71013|71014|71015,F0,880100,79,2,2,0.23832739889621735,0.4451386034488678,0.9762508273124695,0.6496177315711975,False
A,71013,71013|71014|71015,F0,880100,119,0,0,0.26675450801849365,0.5047875046730042,0.20837944746017456,0.07039511203765869,False
A,71013,71013|71014|71015,F0,880100,119,1,1,0.13672004640102386,0.3144896626472473,0.722186803817749,0.3536613881587982,False
A,71013,71013|71014|71015,F0,880100,119,2,2,0.24877281486988068,0.4459954500198364,0.9763932228088379,0.6478754281997681,False
A,71013,71013|71014|71015,F0,880101,0,0,0,0.1500931829214096,0.3582555949687958,0.9346215724945068,0.5674446821212769,False
A,71013,71013|71014|71015,F0,880101,0,1,1,0.14140519499778748,0.30039164423942566,0.7403428554534912,0.37430888414382935,False
A,71013,71013|71014|71015,F0,880101,0,2,2,0.4044565260410309,0.6506229043006897,0.9764723777770996,0.6445555686950684,False
A,71013,71013|71014|71015,F0,880101,27,0,0,0.3304550349712372,0.6001113057136536,0.8447349667549133,0.5163813829421997,False
A,71013,71013|71014|71015,F0,880101,27,1,1,0.168292835354805,0.3406057357788086,0.7306342720985413,0.3429330289363861,False
A,71013,71013|71014|71015,F0,880101,27,2,2,0.4397815763950348,0.681330680847168,0.9753320217132568,0.6576635837554932,False
A,71013,71013|71014|71015,F0,880101,43,0,0,0.3490474224090576,0.6174402832984924,0.8597574234008789,0.5298745632171631,False
A,71013,71013|71014|71015,F0,880101,43,1,1,0.17192791402339935,0.3459624946117401,0.7438576221466064,0.3579064607620239,False
A,71013,71013|71014|71015,F0,880101,43,2,2,0.4499340057373047,0.6852104067802429,0.9784055948257446,0.6612263917922974,False
A,71013,71013|71014|71015,F0,880101,59,0,0,0.35660624504089355,0.6298500895500183,0.8268658518791199,0.4936050772666931,False
A,71013,71013|71014|71015,F0,880101,59,1,1,0.18800310790538788,0.37067458033561707,0.6962461471557617,0.32619521021842957,False
A,71013,71013|71014|71015,F0,880101,59,2,2,0.23353810608386993,0.4453936517238617,0.9764924645423889,0.6503917574882507,False
A,71013,71013|71014|71015,F0,880101,79,0,0,0.35080698132514954,0.613557755947113,0.8287215828895569,0.5060760378837585,False
A,71013,71013|71014|71015,F0,880101,79,1,1,0.21494583785533905,0.39801493287086487,0.6849439740180969,0.33039313554763794,False
A,71013,71013|71014|71015,F0,880101,79,2,2,0.23830418288707733,0.4450903832912445,0.9762734174728394,0.649671196937561,False
A,71013,71013|71014|71015,F0,880101,119,0,0,0.2669040858745575,0.5049129128456116,0.20853745937347412,0.07025140523910522,False
A,71013,71013|71014|71015,F0,880101,119,1,1,0.1366187334060669,0.3142797648906708,0.7218267917633057,0.3532845973968506,False
A,71013,71013|71014|71015,F0,880101,119,2,2,0.24874168634414673,0.4459303915500641,0.9763790965080261,0.6479413509368896,False
A,71013,71013|71014|71015,F0,880102,0,0,0,0.14787133038043976,0.35171517729759216,0.9372583627700806,0.573783814907074,False
A,71013,71013|71014|71015,F0,880102,0,1,1,0.16132748126983643,0.33174124360084534,0.7360361814498901,0.3730813264846802,False
A,71013,71013|71014|71015,F0,880102,0,2,2,0.4044565260410309,0.6506229043006897,0.9764723777770996,0.6445555686950684,False
A,71013,71013|71014|71015,F0,880102,27,0,0,0.3097960948944092,0.5669065117835999,0.8281213045120239,0.5035938024520874,False
A,71013,71013|71014|71015,F0,880102,27,1,1,0.18590860068798065,0.36954808235168457,0.7590160369873047,0.36483410000801086,False
A,71013,71013|71014|71015,F0,880102,27,2,2,0.4372161328792572,0.6796891689300537,0.9709523916244507,0.6520196199417114,False
A,71013,71013|71014|71015,F0,880102,43,0,0,0.33184561133384705,0.5964257121086121,0.8594505190849304,0.5225090980529785,False
A,71013,71013|71014|71015,F0,880102,43,1,1,0.18914182484149933,0.3746999204158783,0.7698571085929871,0.3800176680088043,False
A,71013,71013|71014|71015,F0,880102,43,2,2,0.445389986038208,0.6840113997459412,0.9745017290115356,0.6562286615371704,False
A,71013,71013|71014|71015,F0,880102,59,0,0,0.3397407829761505,0.6073669791221619,0.7415065765380859,0.41586434841156006,False
A,71013,71013|71014|71015,F0,880102,59,1,1,0.18393392860889435,0.37254953384399414,0.710879921913147,0.33457767963409424,False
A,71013,71013|71014|71015,F0,880102,59,2,2,0.23354727029800415,0.44541430473327637,0.9764840602874756,0.650368332862854,False
A,71013,71013|71014|71015,F0,880102,79,0,0,0.33705830574035645,0.590286910533905,0.7425591945648193,0.4377184510231018,False
A,71013,71013|71014|71015,F0,880102,79,1,1,0.2058689147233963,0.3927389681339264,0.6828753352165222,0.3299006223678589,False
A,71013,71013|71014|71015,F0,880102,79,2,2,0.23831582069396973,0.4451146125793457,0.9762622117996216,0.6496444940567017,False
A,71013,71013|71014|71015,F0,880102,119,0,0,0.2668282687664032,0.5048485398292542,0.2084587961435318,0.07032313942909241,False
A,71013,71013|71014|71015,F0,880102,119,1,1,0.13666945695877075,0.3143848776817322,0.7220072150230408,0.35347336530685425,False
A,71013,71013|71014|71015,F0,880102,119,2,2,0.2487572282552719,0.44596290588378906,0.9763863682746887,0.6479084491729736,False
A,71013,71013|71014|71015,F0,880103,0,0,0,0.1513766348361969,0.36001864075660706,0.9369535446166992,0.5711751580238342,False
A,71013,71013|71014|71015,F0,880103,0,1,1,0.14189641177654266,0.2996382415294647,0.7512111663818359,0.3834739327430725,False
A,71013,71013|71014|71015,F0,880103,0,2,2,0.4044565260410309,0.6506229043006897,0.9764723777770996,0.6445555686950684,False
A,71013,71013|71014|71015,F0,880103,27,0,0,0.3322891294956207,0.5965840220451355,0.858116865158081,0.5295113325119019,False
A,71013,71013|71014|71015,F0,880103,27,1,1,0.169236421585083,0.34031081199645996,0.7339179515838623,0.34736573696136475,False
A,71013,71013|71014|71015,F0,880103,27,2,2,0.43954482674598694,0.6810569763183594,0.9760833382606506,0.6581645011901855,False
A,71013,71013|71014|71015,F0,880103,43,0,0,0.3489704132080078,0.6111043095588684,0.8720744252204895,0.5424944758415222,False
A,71013,71013|71014|71015,F0,880103,43,1,1,0.17342203855514526,0.3462381660938263,0.746577799320221,0.36249420046806335,False
A,71013,71013|71014|71015,F0,880103,43,2,2,0.4508019983768463,0.6849556565284729,0.9790694713592529,0.6617188453674316,False
A,71013,71013|71014|71015,F0,880103,59,0,0,0.35646840929985046,0.6228625178337097,0.8508047461509705,0.5140047073364258,False
A,71013,71013|71014|71015,F0,880103,59,1,1,0.19021964073181152,0.3726329505443573,0.7015421390533447,0.3301942050457001,False
A,71013,71013|71014|71015,F0,880103,59,2,2,0.23354727029800415,0.44541430473327637,0.9764840602874756,0.650368332862854,False
A,71013,71013|71014|71015,F0,880103,79,0,0,0.348306804895401,0.6043429970741272,0.8563045263290405,0.5262340307235718,False
A,71013,71013|71014|71015,F0,880103,79,1,1,0.21885772049427032,0.40379443764686584,0.6887615323066711,0.33358824253082275,False
A,71013,71013|71014|71015,F0,880103,79,2,2,0.23831582069396973,0.4451146125793457,0.9762622117996216,0.6496444940567017,False
A,71013,71013|71014|71015,F0,880103,119,0,0,0.2668282687664032,0.5048485398292542,0.2084587961435318,0.07032313942909241,False
A,71013,71013|71014|71015,F0,880103,119,1,1,0.13666944205760956,0.3143848478794098,0.7220072746276855,0.3534733057022095,False
A,71013,71013|71014|71015,F0,880103,119,2,2,0.2487572431564331,0.44596290588378906,0.9763863682746887,0.6479084491729736,False
A,71013,71013|71014|71015,TE,880200,0,0,0,0.14425484836101532,0.3441667854785919,0.9303522109985352,0.5644007921218872,False
A,71013,71013|71014|71015,TE,880200,0,1,1,0.18138690292835236,0.3658621609210968,0.6911712884902954,0.34123361110687256,False
A,71013,71013|71014|71015,TE,880200,0,2,2,0.4044565260410309,0.6506229043006897,0.9764723777770996,0.6445555686950684,False
A,71013,71013|71014|71015,TE,880200,27,0,0,0.2961162030696869,0.5000297427177429,0.7254652380943298,0.4524742364883423,False
A,71013,71013|71014|71015,TE,880200,27,1,1,0.21303634345531464,0.41396450996398926,0.7699324488639832,0.3725033700466156,False
A,71013,71013|71014|71015,TE,880200,27,2,2,0.44275030493736267,0.6765629649162292,0.9653494954109192,0.6465216875076294,False
A,71013,71013|71014|71015,TE,880200,43,0,0,0.3168266713619232,0.5286611914634705,0.6638372540473938,0.2931339740753174,False
A,71013,71013|71014|71015,TE,880200,43,1,1,0.19140489399433136,0.39852175116539,0.7265583276748657,0.3388816714286804,False
A,71013,71013|71014|71015,TE,880200,43,2,2,0.23423995077610016,0.45187875628471375,0.9762266874313354,0.6504766941070557,False
A,71013,71013|71014|71015,TE,880200,59,0,0,0.32827234268188477,0.530404806137085,0.727709949016571,0.3412259817123413,False
A,71013,71013|71014|71015,TE,880200,59,1,1,0.21162128448486328,0.4213840961456299,0.707038402557373,0.33121103048324585,False
A,71013,71013|71014|71015,TE,880200,59,2,2,0.2375670075416565,0.4512968063354492,0.9761313796043396,0.6500065326690674,False
A,71013,71013|71014|71015,TE,880200,79,0,0,0.3255132734775543,0.5240251421928406,0.7476364374160767,0.37212488055229187,False
A,71013,71013|71014|71015,TE,880200,79,1,1,0.2288113832473755,0.4374242126941681,0.6699808239936829,0.32059192657470703,False
A,71013,71013|71014|71015,TE,880200,79,2,2,0.24223393201828003,0.4510471522808075,0.9759343862533569,0.6493037939071655,False
A,71013,71013|71014|71015,TE,880200,119,0,0,0.2684524357318878,0.5134031176567078,0.6270581483840942,0.2363547533750534,False
A,71013,71013|71014|71015,TE,880200,119,1,1,0.13617432117462158,0.3067324161529541,0.719918966293335,0.3561388850212097,False
A,71013,71013|71014|71015,TE,880200,119,2,2,0.41830846667289734,0.6407907009124756,0.9867278337478638,0.6623905301094055,False
A,71013,71013|71014|71015,TE,880201,0,0,0,0.14932358264923096,0.35435953736305237,0.9378662705421448,0.5744988918304443,False
A,71013,71013|71014|71015,TE,880201,0,1,1,0.1538831740617752,0.31882742047309875,0.74589604139328,0.38001102209091187,False
A,71013,71013|71014|71015,TE,880201,0,2,2,0.4044565260410309,0.6506229043006897,0.9764723777770996,0.6445555686950684,False
A,71013,71013|71014|71015,TE,880201,27,0,0,0.315974622964859,0.5746161341667175,0.8516717553138733,0.5190153121948242,False
A,71013,71013|71014|71015,TE,880201,27,1,1,0.17652122676372528,0.3533444404602051,0.7537761926651001,0.3615095019340515,False
A,71013,71013|71014|71015,TE,880201,27,2,2,0.4380379617214203,0.680102527141571,0.9727317690849304,0.6539763808250427,False
A,71013,71013|71014|71015,TE,880201,43,0,0,0.33228930830955505,0.6006589531898499,0.7585527896881104,0.44220924377441406,False
A,71013,71013|71014|71015,TE,880201,43,1,1,0.1615719199180603,0.34445616602897644,0.7192676067352295,0.33197876811027527,False
A,71013,71013|71014|71015,TE,880201,43,2,2,0.23217667639255524,0.448972225189209,0.9764097332954407,0.6506470441818237,False
A,71013,71013|71014|71015,TE,880201,59,0,0,0.34317612648010254,0.6080732941627502,0.7536413073539734,0.454926073551178,False
A,71013,71013|71014|71015,TE,880201,59,1,1,0.17903603613376617,0.3598465919494629,0.7073678374290466,0.3335070013999939,False
A,71013,71013|71014|71015,TE,880201,59,2,2,0.23556482791900635,0.44839081168174744,0.9763017892837524,0.6501647233963013,False
A,71013,71013|71014|71015,TE,880201,79,0,0,0.3378816545009613,0.5894075632095337,0.758452296257019,0.4725657105445862,False
A,71013,71013|71014|71015,TE,880201,79,1,1,0.20234334468841553,0.3834559917449951,0.6846044063568115,0.3310694694519043,False
A,71013,71013|71014|71015,TE,880201,79,2,2,0.2402874082326889,0.44812095165252686,0.9760898947715759,0.6494482755661011,False
A,71013,71013|71014|71015,TE,880201,119,0,0,0.2681669294834137,0.5129960179328918,0.6269558668136597,0.23627716302871704,False
A,71013,71013|71014|71015,TE,880201,119,1,1,0.13628758490085602,0.30694741010665894,0.720318078994751,0.35660457611083984,False
A,71013,71013|71014|71015,TE,880201,119,2,2,0.4181886613368988,0.6406446099281311,0.9866981506347656,0.6622986793518066,False
A,71013,71013|71014|71015,TE,880202,0,0,0,0.150534525513649,0.3573254644870758,0.9309515953063965,0.5649939775466919,False
A,71013,71013|71014|71015,TE,880202,0,1,1,0.13335441052913666,0.28530749678611755,0.7380691766738892,0.3687931299209595,False
A,71013,71013|71014|71015,TE,880202,0,2,2,0.4044565260410309,0.6506229043006897,0.9764723777770996,0.6445555686950684,False
A,71013,71013|71014|71015,TE,880202,27,0,0,0.2884608507156372,0.5331400036811829,0.8582396507263184,0.521647036075592,False
A,71013,71013|71014|71015,TE,880202,27,1,1,0.1431822031736374,0.29930728673934937,0.7408871650695801,0.3454815149307251,False
A,71013,71013|71014|71015,TE,880202,27,2,2,0.43963131308555603,0.6801652908325195,0.9734008312225342,0.655153751373291,False
A,71013,71013|71014|71015,TE,880202,43,0,0,0.30168595910072327,0.5521435141563416,0.8244208693504333,0.4797784686088562,False
A,71013,71013|71014|71015,TE,880202,43,1,1,0.14257965981960297,0.3091054856777191,0.7055014371871948,0.31607747077941895,False
A,71013,71013|71014|71015,TE,880202,43,2,2,0.23424923419952393,0.45191454887390137,0.9762152433395386,0.6504348516464233,False
A,71013,71013|71014|71015,TE,880202,59,0,0,0.3193962275981903,0.5673547387123108,0.8255130052566528,0.4898226857185364,False
A,71013,71013|71014|71015,TE,880202,59,1,1,0.1642700582742691,0.3312102258205414,0.6947214603424072,0.32085949182510376,False
A,71013,71013|71014|71015,TE,880202,59,2,2,0.23758159577846527,0.45133844017982483,0.9761155247688293,0.6499593257904053,False
A,71013,71013|71014|71015,TE,880202,79,0,0,0.3168313205242157,0.5558045506477356,0.8309819102287292,0.5026220083236694,False
A,71013,71013|71014|71015,TE,880202,79,1,1,0.19609521329402924,0.3715651035308838,0.6773924827575684,0.32332509756088257,False
A,71013,71013|71014|71015,TE,880202,79,2,2,0.24225430190563202,0.45109665393829346,0.9759132266044617,0.6492499113082886,False
A,71013,71013|71014|71015,TE,880202,119,0,0,0.2681669294834137,0.5129960179328918,0.6269558668136597,0.23627716302871704,False
A,71013,71013|71014|71015,TE,880202,119,1,1,0.13628758490085602,0.30694741010665894,0.720318078994751,0.35660457611083984,False
A,71013,71013|71014|71015,TE,880202,119,2,2,0.4181886613368988,0.6406446099281311,0.9866981506347656,0.6622986793518066,False
A,71013,71013|71014|71015,TE,880203,0,0,0,0.1462341994047165,0.34876418113708496,0.9368095397949219,0.5729043483734131,False
A,71013,71013|71014|71015,TE,880203,0,1,1,0.172915518283844,0.3512098789215088,0.7213694453239441,0.36403071880340576,False
A,71013,71013|71014|71015,TE,880203,0,2,2,0.4044565260410309,0.6506229043006897,0.9764723777770996,0.6445555686950684,False
A,71013,71013|71014|71015,TE,880203,27,0,0,0.3102986216545105,0.5597670674324036,0.7954059839248657,0.4869076907634735,False
A,71013,71013|71014|71015,TE,880203,27,1,1,0.20333242416381836,0.39776381850242615,0.7606543898582458,0.3664636015892029,False
A,71013,71013|71014|71015,TE,880203,27,2,2,0.43651604652404785,0.6789889335632324,0.9692926406860352,0.6502446532249451,False
A,71013,71013|71014|71015,TE,880203,43,0,0,0.3281362056732178,0.592535674571991,0.7085713744163513,0.3498619496822357,False
A,71013,71013|71014|71015,TE,880203,43,1,1,0.17890839278697968,0.37850221991539,0.725256085395813,0.33882102370262146,False
A,71013,71013|71014|71015,TE,880203,43,2,2,0.23217110335826874,0.44895434379577637,0.9764158129692078,0.6506679654121399,False
A,71013,71013|71014|71015,TE,880203,59,0,0,0.3384777009487152,0.5980029702186584,0.7364312410354614,0.3760787844657898,False
A,71013,71013|71014|71015,TE,880203,59,1,1,0.20017461478710175,0.4000290334224701,0.7084829807281494,0.33409714698791504,False
A,71013,71013|71014|71015,TE,880203,59,2,2,0.235556498169899,0.4483698904514313,0.9763101935386658,0.6501883268356323,False
A,71013,71013|71014|71015,TE,880203,79,0,0,0.33563506603240967,0.5810571312904358,0.7465894222259521,0.40294843912124634,False
A,71013,71013|71014|71015,TE,880203,79,1,1,0.21978895366191864,0.41715797781944275,0.6789453029632568,0.3281516432762146,False
A,71013,71013|71014|71015,TE,880203,79,2,2,0.2402765303850174,0.44809651374816895,0.976100742816925,0.6494751572608948,False
A,71013,71013|71014|71015,TE,880203,119,0,0,0.26830896735191345,0.5131982564926147,0.627007007598877,0.23631571233272552,False
A,71013,71013|71014|71015,TE,880203,119,1,1,0.13623102009296417,0.3068402111530304,0.7201192378997803,0.35637208819389343,False
A,71013,71013|71014|71015,TE,880203,119,2,2,0.41824865341186523,0.6407176852226257,0.9867131114006042,0.6623446345329285,False
A,71013,71013|71014|71015,TL,880300,0,0,0,0.1528155505657196,0.36023035645484924,0.9414892196655273,0.5791877508163452,False
A,71013,71013|71014|71015,TL,880300,0,1,1,0.14964096248149872,0.30948352813720703,0.7675880193710327,0.3989981412887573,False
A,71013,71013|71014|71015,TL,880300,0,2,2,0.4044565260410309,0.6506229043006897,0.9764723777770996,0.6445555686950684,False
A,71013,71013|71014|71015,TL,880300,27,0,0,0.33324193954467773,0.5900117754936218,0.8772318363189697,0.5462294220924377,False
A,71013,71013|71014|71015,TL,880300,27,1,1,0.1770617812871933,0.35013583302497864,0.744938313961029,0.3601014316082001,False
A,71013,71013|71014|71015,TL,880300,27,2,2,0.43800389766693115,0.6803202629089355,0.976284921169281,0.6576688289642334,False
A,71013,71013|71014|71015,TL,880300,43,0,0,0.3468313217163086,0.6011691689491272,0.8907832503318787,0.5590852499008179,False
A,71013,71013|71014|71015,TL,880300,43,1,1,0.18214213848114014,0.35679325461387634,0.7544237375259399,0.374433308839798,False
A,71013,71013|71014|71015,TL,880300,43,2,2,0.4501434862613678,0.6843199729919434,0.9792256355285645,0.661368727684021,False
A,71013,71013|71014|71015,TL,880300,59,0,0,0.35480961203575134,0.6134782433509827,0.8606806397438049,0.525431752204895,False
A,71013,71013|71014|71015,TL,880300,59,1,1,0.1894235610961914,0.37281131744384766,0.7108505964279175,0.33774322271347046,False
A,71013,71013|71014|71015,TL,880300,59,2,2,0.23153817653656006,0.44242963194847107,0.9766525030136108,0.6505457758903503,False
A,71013,71013|71014|71015,TL,880300,79,0,0,0.34420886635780334,0.5916019678115845,0.8700180053710938,0.5373873710632324,False
A,71013,71013|71014|71015,TL,880300,79,1,1,0.2180212289094925,0.4047679603099823,0.6948221921920776,0.33769211173057556,False
A,71013,71013|71014|71015,TL,880300,79,2,2,0.23635153472423553,0.4421023428440094,0.9764183163642883,0.6498116254806519,False
A,71013,71013|71014|71015,TL,880300,119,0,0,0.2694966197013855,0.5062344074249268,0.20483633875846863,0.06885798275470734,False
A,71013,71013|71014|71015,TL,880300,119,1,1,0.13649405539035797,0.31529179215431213,0.717513918876648,0.35089337825775146,False
A,71013,71013|71014|71015,TL,880300,119,2,2,0.2467999905347824,0.44284066557884216,0.9766526222229004,0.6480603218078613,False
A,71013,71013|71014|71015,TL,880301,0,0,0,0.14455652236938477,0.34371230006217957,0.9112434387207031,0.5442254543304443,False
A,71013,71013|71014|71015,TL,880301,0,1,1,0.1661454290151596,0.34260550141334534,0.6723031401634216,0.31787794828414917,False
A,71013,71013|71014|71015,TL,880301,0,2,2,0.4044565260410309,0.6506229043006897,0.9764723777770996,0.6445555686950684,False
A,71013,71013|71014|71015,TL,880301,27,0,0,0.26177120208740234,0.4669822156429291,0.5724721550941467,0.35525307059288025,False
A,71013,71013|71014|71015,TL,880301,27,1,1,0.18001902103424072,0.3641742169857025,0.7879213094711304,0.3795692026615143,False
A,71013,71013|71014|71015,TL,880301,27,2,2,0.4466322362422943,0.6738443970680237,0.9592543244361877,0.6421253681182861,False
A,71013,71013|71014|71015,TL,880301,43,0,0,0.2779797613620758,0.46420344710350037,0.687819242477417,0.39739689230918884,False
A,71013,71013|71014|71015,TL,880301,43,1,1,0.1919681578874588,0.38314294815063477,0.7933311462402344,0.38805800676345825,False
A,71013,71013|71014|71015,TL,880301,43,2,2,0.45061373710632324,0.6803528666496277,0.965293824672699,0.6480216979980469,False
A,71013,71013|71014|71015,TL,880301,59,0,0,0.29189589619636536,0.46407532691955566,0.807071328163147,0.4510032534599304,False
A,71013,71013|71014|71015,TL,880301,59,1,1,0.20856992900371552,0.406445175409317,0.777317464351654,0.3821134865283966,False
A,71013,71013|71014|71015,TL,880301,59,2,2,0.4517481327056885,0.6842694282531738,0.9727581143379211,0.6555866003036499,False
A,71013,71013|71014|71015,TL,880301,79,0,0,0.29958778619766235,0.46184012293815613,0.7349240779876709,0.3430905342102051,False
A,71013,71013|71014|71015,TL,880301,79,1,1,0.20568467676639557,0.40601646900177,0.6718053221702576,0.3123311996459961,False
A,71013,71013|71014|71015,TL,880301,79,2,2,0.2343047857284546,0.43891796469688416,0.9766400456428528,0.6501361727714539,False
A,71013,71013|71014|71015,TL,880301,119,0,0,0.2726002633571625,0.5078820586204529,0.20158937573432922,0.06701312959194183,False
A,71013,71013|71014|71015,TL,880301,119,1,1,0.13605938851833344,0.3156019151210785,0.7117183208465576,0.34727662801742554,False
A,71013,71013|71014|71015,TL,880301,119,2,2,0.2447349578142166,0.4395003020763397,0.9768753051757812,0.6484065651893616,False
A,71013,71013|71014|71015,TL,880302,0,0,0,0.14640049636363983,0.3477412164211273,0.9226815700531006,0.5579036474227905,False
A,71013,71013|71014|71015,TL,880302,0,1,1,0.15622983872890472,0.32500746846199036,0.7056634426116943,0.3424246311187744,False
A,71013,71013|71014|71015,TL,880302,0,2,2,0.4044565260410309,0.6506229043006897,0.9764723777770996,0.6445555686950684,False
A,71013,71013|71014|71015,TL,880302,27,0,0,0.2537495195865631,0.4576096832752228,0.7207152247428894,0.4213216006755829,False
A,71013,71013|71014|71015,TL,880302,27,1,1,0.16126024723052979,0.3330686092376709,0.7836242914199829,0.37768125534057617,False
A,71013,71013|71014|71015,TL,880302,27,2,2,0.4366331994533539,0.6769704818725586,0.9634701013565063,0.6450283527374268,False
A,71013,71013|71014|71015,TL,880302,43,0,0,0.2718600034713745,0.4742168188095093,0.7929620742797852,0.45834940671920776,False
A,71013,71013|71014|71015,TL,880302,43,1,1,0.1655050665140152,0.34076786041259766,0.7945513129234314,0.39231717586517334,False
A,71013,71013|71014|71015,TL,880302,43,2,2,0.44277703762054443,0.6821348071098328,0.9689118266105652,0.6505312323570251,False
A,71013,71013|71014|71015,TL,880302,59,0,0,0.2823440432548523,0.47890689969062805,0.7093386054039001,0.338037371635437,False
A,71013,71013|71014|71015,TL,880302,59,1,1,0.161015585064888,0.3394045829772949,0.7263476848602295,0.3334093987941742,False
A,71013,71013|71014|71015,TL,880302,59,2,2,0.23151816427707672,0.4423884451389313,0.9766704440116882,0.6505927443504333,False
A,71013,71013|71014|71015,TL,880302,79,0,0,0.2919500768184662,0.4835110604763031,0.7278720140457153,0.372303307056427,False
A,71013,71013|71014|71015,TL,880302,79,1,1,0.18126952648162842,0.36125698685646057,0.6783274412155151,0.318020761013031,False
A,71013,71013|71014|71015,TL,880302,79,2,2,0.23632685840129852,0.44205453991889954,0.9764413833618164,0.6498652100563049,False
A,71013,71013|71014|71015,TL,880302,119,0,0,0.26963838934898376,0.5063426494598389,0.20500898361206055,0.06871990859508514,False
A,71013,71013|71014|71015,TL,880302,119,1,1,0.13638615608215332,0.3150661885738373,0.7171626091003418,0.35051965713500977,False
A,71013,71013|71014|71015,TL,880302,119,2,2,0.24676865339279175,0.442777156829834,0.9766392111778259,0.6481263041496277,False
A,71013,71013|71014|71015,TL,880303,0,0,0,0.14589880406856537,0.3495919704437256,0.9296175241470337,0.5606586933135986,False
A,71013,71013|71014|71015,TL,880303,0,1,1,0.1539267897605896,0.32418420910835266,0.7067762613296509,0.34996408224105835,False
A,71013,71013|71014|71015,TL,880303,0,2,2,0.4044565260410309,0.6506229043006897,0.9764723777770996,0.6445555686950684,False
A,71013,71013|71014|71015,TL,880303,27,0,0,0.3142409026622772,0.590931236743927,0.7735788226127625,0.46181750297546387,False
A,71013,71013|71014|71015,TL,880303,27,1,1,0.18294627964496613,0.3685744106769562,0.7326933741569519,0.3391043543815613,False
A,71013,71013|71014|71015,TL,880303,27,2,2,0.4393024444580078,0.6805753707885742,0.9709844589233398,0.6534860730171204,False
A,71013,71013|71014|71015,TL,880303,43,0,0,0.3355214297771454,0.6192452311515808,0.8139714598655701,0.48318853974342346,False
A,71013,71013|71014|71015,TL,880303,43,1,1,0.18922962248325348,0.3774259090423584,0.741031289100647,0.3509623110294342,False
A,71013,71013|71014|71015,TL,880303,43,2,2,0.4453509747982025,0.6846633553504944,0.9742752313613892,0.657159686088562,False
A,71013,71013|71014|71015,TL,880303,59,0,0,0.34689757227897644,0.631288468837738,0.8428198099136353,0.49682265520095825,False
A,71013,71013|71014|71015,TL,880303,59,1,1,0.20519684255123138,0.3950243890285492,0.7262628078460693,0.3518844246864319,False
A,71013,71013|71014|71015,TL,880303,59,2,2,0.4455221891403198,0.6875503659248352,0.9778748154640198,0.6613786220550537,False
A,71013,71013|71014|71015,TL,880303,79,0,0,0.35084596276283264,0.6268720030784607,0.7283046841621399,0.4031482934951782,False
A,71013,71013|71014|71015,TL,880303,79,1,1,0.2112342268228531,0.4025493860244751,0.6722692251205444,0.3202359080314636,False
A,71013,71013|71014|71015,TL,880303,79,2,2,0.23433099687099457,0.4389660358428955,0.9766168594360352,0.6500834226608276,False
A,71013,71013|71014|71015,TL,880303,119,0,0,0.27245694398880005,0.5077731013298035,0.2013988345861435,0.06714316457509995,False
A,71013,71013|71014|71015,TL,880303,119,1,1,0.13617464900016785,0.3158450722694397,0.7120653986930847,0.34765034914016724,False
A,71013,71013|71014|71015,TL,880303,119,2,2,0.24476712942123413,0.4395632743835449,0.9768885970115662,0.6483415961265564,False
A,71013,71013|71014|71015,DS,880400,0,0,0,0.14440517127513885,0.3454718291759491,0.9271892309188843,0.5581225156784058,False
A,71013,71013|71014|71015,DS,880400,0,1,1,0.1657419204711914,0.34343066811561584,0.6893075704574585,0.33852100372314453,False
A,71013,71013|71014|71015,DS,880400,0,2,2,0.4044565260410309,0.6506229043006897,0.9764723777770996,0.6445555686950684,False
A,71013,71013|71014|71015,DS,880400,27,0,0,0.3069648742675781,0.5545668601989746,0.7210119962692261,0.43686938285827637,False
A,71013,71013|71014|71015,DS,880400,27,1,1,0.19873015582561493,0.3938364088535309,0.7419823408126831,0.34479469060897827,False
A,71013,71013|71014|71015,DS,880400,27,2,2,0.4416228234767914,0.6791920065879822,0.9681099057197571,0.6505641937255859,False
A,71013,71013|71014|71015,DS,880400,43,0,0,0.32851192355155945,0.5891653895378113,0.7836062908172607,0.4651590585708618,False
A,71013,71013|71014|71015,DS,880400,43,1,1,0.20842182636260986,0.407787561416626,0.7461933493614197,0.3537476658821106,False
A,71013,71013|71014|71015,DS,880400,43,2,2,0.44618794322013855,0.6836676597595215,0.9716069102287292,0.6545158624649048,False
A,71013,71013|71014|71015,DS,880400,59,0,0,0.34331655502319336,0.60238116979599,0.6984375715255737,0.33338576555252075,False
A,71013,71013|71014|71015,DS,880400,59,1,1,0.20345832407474518,0.4081500768661499,0.6846508979797363,0.3165290355682373,False
A,71013,71013|71014|71015,DS,880400,59,2,2,0.2335195094347,0.44535136222839355,0.9765093326568604,0.6504383087158203,False
A,71013,71013|71014|71015,DS,880400,79,0,0,0.3463916778564453,0.5874645113945007,0.7264350056648254,0.366730272769928,False
A,71013,71013|71014|71015,DS,880400,79,1,1,0.22117280960083008,0.42198100686073303,0.6641321182250977,0.3160860538482666,False
A,71013,71013|71014|71015,DS,880400,79,2,2,0.23828081786632538,0.4450415372848511,0.9762954115867615,0.6497244834899902,False
A,71013,71013|71014|71015,DS,880400,119,0,0,0.26859763264656067,0.5136110782623291,0.6271096467971802,0.2363942265510559,False
A,71013,71013|71014|71015,DS,880400,119,1,1,0.1361176073551178,0.30662456154823303,0.7197182178497314,0.3559054732322693,False
A,71013,71013|71014|71015,DS,880400,119,2,2,0.4183679521083832,0.640863835811615,0.986742377281189,0.6624362468719482,False
A,71013,71013|71014|71015,DS,880401,0,0,0,0.14604920148849487,0.34981271624565125,0.9270346164703369,0.5576633810997009,False
A,71013,71013|71014|71015,DS,880401,0,1,1,0.14859430491924286,0.3155287802219391,0.7042021751403809,0.3461703658103943,False
A,71013,71013|71014|71015,DS,880401,0,2,2,0.4044565260410309,0.6506229043006897,0.9764723777770996,0.6445555686950684,False
A,71013,71013|71014|71015,DS,880401,27,0,0,0.30172446370124817,0.5722175240516663,0.7708029747009277,0.4584057629108429,False
A,71013,71013|71014|71015,DS,880401,27,1,1,0.17204028367996216,0.3513849973678589,0.7324760556221008,0.337119996547699,False
A,71013,71013|71014|71015,DS,880401,27,2,2,0.441421777009964,0.6807374954223633,0.9702439308166504,0.652899980545044,False
A,71013,71013|71014|71015,DS,880401,43,0,0,0.3267774283885956,0.6043036580085754,0.8115805983543396,0.4808012843132019,False
A,71013,71013|71014|71015,DS,880401,43,1,1,0.17812557518482208,0.3600884974002838,0.7412149906158447,0.3493301570415497,False
A,71013,71013|71014|71015,DS,880401,43,2,2,0.4479728937149048,0.6847341656684875,0.973876953125,0.6567610502243042,False
A,71013,71013|71014|71015,DS,880401,59,0,0,0.33703264594078064,0.6194993853569031,0.7061755657196045,0.3818238377571106,False
A,71013,71013|71014|71015,DS,880401,59,1,1,0.17933376133441925,0.3662857115268707,0.684116542339325,0.3149139881134033,False
A,71013,71013|71014|71015,DS,880401,59,2,2,0.23352892696857452,0.44537270069122314,0.9765011072158813,0.6504151225090027,False
A,71013,71013|71014|71015,DS,880401,79,0,0,0.34154438972473145,0.6094483733177185,0.7198699712753296,0.4013954997062683,False
A,71013,71013|71014|71015,DS,880401,79,1,1,0.19854235649108887,0.38064220547676086,0.6692803502082825,0.3178723454475403,False
A,71013,71013|71014|71015,DS,880401,79,2,2,0.23829245567321777,0.44506585597991943,0.9762844443321228,0.6496978998184204,False
A,71013,71013|71014|71015,DS,880401,119,0,0,0.2684524357318878,0.5134031176567078,0.6270581483840942,0.2363547533750534,False
A,71013,71013|71014|71015,DS,880401,119,1,1,0.13617432117462158,0.3067324161529541,0.719918966293335,0.3561388850212097,False
A,71013,71013|71014|71015,DS,880401,119,2,2,0.41830846667289734,0.6407907009124756,0.9867278337478638,0.6623905301094055,False
A,71013,71013|71014|71015,DS,880402,0,0,0,0.14849059283733368,0.35270270705223083,0.9413199424743652,0.5793864727020264,False
A,71013,71013|71014|71015,DS,880402,0,1,1,0.1702912300825119,0.34483709931373596,0.7448456287384033,0.3835739195346832,False
A,71013,71013|71014|71015,DS,880402,0,2,2,0.4044565260410309,0.6506229043006897,0.9764723777770996,0.6445555686950684,False
A,71013,71013|71014|71015,DS,880402,27,0,0,0.32340624928474426,0.5879438519477844,0.839222252368927,0.5151630640029907,False
A,71013,71013|71014|71015,DS,880402,27,1,1,0.2011234611272812,0.39150652289390564,0.7570200562477112,0.367892861366272,False
A,71013,71013|71014|71015,DS,880402,27,2,2,0.43325257301330566,0.6793058514595032,0.9720858335494995,0.6526015996932983,False
A,71013,71013|71014|71015,DS,880402,43,0,0,0.3415500223636627,0.6123098731040955,0.8661937117576599,0.532380223274231,False
A,71013,71013|71014|71015,DS,880402,43,1,1,0.2049463987350464,0.3971279561519623,0.7665385603904724,0.38255244493484497,False
A,71013,71013|71014|71015,DS,880402,43,2,2,0.4410865604877472,0.6836867928504944,0.975180983543396,0.6565546989440918,False
A,71013,71013|71014|71015,DS,880402,59,0,0,0.34895846247673035,0.622821033000946,0.7554404735565186,0.42504650354385376,False
A,71013,71013|71014|71015,DS,880402,59,1,1,0.19502639770507812,0.3899358808994293,0.7161214351654053,0.3415009379386902,False
A,71013,71013|71014|71015,DS,880402,59,2,2,0.23355638980865479,0.44543489813804626,0.976475179195404,0.6503444910049438,False
A,71013,71013|71014|71015,DS,880402,79,0,0,0.34527722001075745,0.6040123105049133,0.7566670775413513,0.4479326009750366,False
A,71013,71013|71014|71015,DS,880402,79,1,1,0.21675127744674683,0.40928220748901367,0.6911884546279907,0.33642393350601196,False
A,71013,71013|71014|71015,DS,880402,79,2,2,0.23832739889621735,0.4451386034488678,0.9762508273124695,0.6496177315711975,False
A,71013,71013|71014|71015,DS,880402,119,0,0,0.26802656054496765,0.5127968788146973,0.626905083656311,0.23623934388160706,False
A,71013,71013|71014|71015,DS,880402,119,1,1,0.1363440304994583,0.30705443024635315,0.7205160856246948,0.35683637857437134,False
A,71013,71013|71014|71015,DS,880402,119,2,2,0.418128103017807,0.6405712962150574,0.9866828918457031,0.6622523069381714,False
A,71013,71013|71014|71015,DS,880403,0,0,0,0.15148042142391205,0.35741284489631653,0.9415664672851562,0.5798978805541992,False
A,71013,71013|71014|71015,DS,880403,0,1,1,0.1554289013147354,0.31921249628067017,0.7625769972801208,0.39534980058670044,False
A,71013,71013|71014|71015,DS,880403,0,2,2,0.4044565260410309,0.6506229043006897,0.9764723777770996,0.6445555686950684,False
A,71013,71013|71014|71015,DS,880403,27,0,0,0.3283681273460388,0.5860759615898132,0.8728571534156799,0.5392833948135376,False
A,71013,71013|71014|71015,DS,880403,27,1,1,0.18128018081188202,0.3579777777194977,0.7522351741790771,0.36518731713294983,False
A,71013,71013|71014|71015,DS,880403,27,2,2,0.4366658627986908,0.6799769401550293,0.9746902585029602,0.6556764245033264,False
A,71013,71013|71014|71015,DS,880403,43,0,0,0.3450148403644562,0.602591335773468,0.888018786907196,0.5534365177154541,False
A,71013,71013|71014|71015,DS,880403,43,1,1,0.1856638789176941,0.36379775404930115,0.7614561319351196,0.3797546923160553,False
A,71013,71013|71014|71015,DS,880403,43,2,2,0.447716623544693,0.6840856671333313,0.9778146743774414,0.6595911979675293,False
A,71013,71013|71014|71015,DS,880403,59,0,0,0.3520176410675049,0.6136506199836731,0.8194507360458374,0.49526041746139526,False
A,71013,71013|71014|71015,DS,880403,59,1,1,0.18513846397399902,0.3678251802921295,0.7128868103027344,0.3394131660461426,False
A,71013,71013|71014|71015,DS,880403,59,2,2,0.23355638980865479,0.44543489813804626,0.976475179195404,0.6503444910049438,False
A,71013,71013|71014|71015,DS,880403,79,0,0,0.34331846237182617,0.5921772122383118,0.8289422392845154,0.5101508498191833,False
A,71013,71013|71014|71015,DS,880403,79,1,1,0.21071796119213104,0.3952646255493164,0.6936293840408325,0.33694538474082947,False
A,71013,71013|71014|71015,DS,880403,79,2,2,0.23832739889621735,0.4451386034488678,0.9762508273124695,0.6496177315711975,False
A,71013,71013|71014|71015,DS,880403,119,0,0,0.26802656054496765,0.5127968788146973,0.626905083656311,0.23623934388160706,False
A,71013,71013|71014|71015,DS,880403,119,1,1,0.1363440304994583,0.30705443024635315,0.7205160856246948,0.35683637857437134,False
A,71013,71013|71014|71015,DS,880403,119,2,2,0.418128103017807,0.6405712962150574,0.9866828918457031,0.6622523069381714,False
A,71013,71013|71014|71015,DL,880500,0,0,0,0.15747879445552826,0.3687737286090851,0.9420431852340698,0.5791990756988525,False
A,71013,71013|71014|71015,DL,880500,0,1,1,0.14170938730239868,0.2945643961429596,0.7813104391098022,0.4102347791194916,False
A,71013,71013|71014|71015,DL,880500,0,2,2,0.4044565260410309,0.6506229043006897,0.9764723777770996,0.6445555686950684,False
A,71013,71013|71014|71015,DL,880500,27,0,0,0.3310529291629791,0.5779273509979248,0.8870243430137634,0.564070463180542,False
A,71013,71013|71014|71015,DL,880500,27,1,1,0.17690540850162506,0.34564733505249023,0.7341964244842529,0.35438358783721924,False
A,71013,71013|71014|71015,DL,880500,27,2,2,0.44169721007347107,0.6805705428123474,0.979374885559082,0.6613079905509949,False
A,71013,71013|71014|71015,DL,880500,43,0,0,0.335355669260025,0.5771352052688599,0.8963602185249329,0.5749781727790833,False
A,71013,71013|71014|71015,DL,880500,43,1,1,0.18532176315784454,0.3570350706577301,0.7436819076538086,0.3675840198993683,False
A,71013,71013|71014|71015,DL,880500,43,2,2,0.45633816719055176,0.6842730641365051,0.9818678498268127,0.6645256280899048,False
A,71013,71013|71014|71015,DL,880500,59,0,0,0.3417949378490448,0.5874747633934021,0.9047285318374634,0.5745452642440796,False
A,71013,71013|71014|71015,DL,880500,59,1,1,0.2123621702194214,0.3992979824542999,0.7109276056289673,0.3394463062286377,False
A,71013,71013|71014|71015,DL,880500,59,2,2,0.23356546461582184,0.44545528292655945,0.9764664173126221,0.6503208875656128,False
A,71013,71013|71014|71015,DL,880500,79,0,0,0.32630375027656555,0.5629878044128418,0.915791928768158,0.5827181339263916,False
A,71013,71013|71014|71015,DL,880500,79,1,1,0.24220158159732819,0.4385252892971039,0.7034497261047363,0.34383299946784973,False
A,71013,71013|71014|71015,DL,880500,79,2,2,0.23833902180194855,0.44516265392303467,0.9762392640113831,0.6495904922485352,False
A,71013,71013|71014|71015,DL,880500,119,0,0,0.2666822373867035,0.5047295093536377,0.2083015888929367,0.07046781480312347,False
A,71013,71013|71014|71015,DL,880500,119,1,1,0.1367706060409546,0.3145943880081177,0.7223654985427856,0.3538490831851959,False
A,71013,71013|71014|71015,DL,880500,119,2,2,0.24878834187984467,0.4460279047489166,0.9764001369476318,0.6478421688079834,False
A,71013,71013|71014|71015,DL,880501,0,0,0,0.1468416452407837,0.34907734394073486,0.9350789785385132,0.5720270276069641,False
A,71013,71013|71014|71015,DL,880501,0,1,1,0.16842269897460938,0.34327903389930725,0.7249374389648438,0.3639066815376282,False
A,71013,71013|71014|71015,DL,880501,0,2,2,0.4044565260410309,0.6506229043006897,0.9764723777770996,0.6445555686950684,False
A,71013,71013|71014|71015,DL,880501,27,0,0,0.2886125147342682,0.5179601311683655,0.7971668839454651,0.4851648807525635,False
A,71013,71013|71014|71015,DL,880501,27,1,1,0.18993593752384186,0.3769005239009857,0.7753368616104126,0.3780451714992523,False
A,71013,71013|71014|71015,DL,880501,27,2,2,0.43828609585762024,0.6785686612129211,0.9675930738449097,0.6482908725738525,False
A,71013,71013|71014|71015,DL,880501,43,0,0,0.31168127059936523,0.554107129573822,0.8429577946662903,0.5091105103492737,False
A,71013,71013|71014|71015,DL,880501,43,1,1,0.19295191764831543,0.38228639960289,0.7854911088943481,0.39275431632995605,False
A,71013,71013|71014|71015,DL,880501,43,2,2,0.4453462064266205,0.6832076907157898,0.9716251492500305,0.6529432535171509,False
A,71013,71013|71014|71015,DL,880501,59,0,0,0.3202844560146332,0.5607579946517944,0.736253559589386,0.3781799077987671,False
A,71013,71013|71014|71015,DL,880501,59,1,1,0.18539945781230927,0.3778245151042938,0.7211903929710388,0.339641273021698,False
A,71013,71013|71014|71015,DL,880501,59,2,2,0.23354727029800415,0.44541430473327637,0.9764840602874756,0.650368332862854,False
A,71013,71013|71014|71015,DL,880501,79,0,0,0.3199574947357178,0.5503101944923401,0.7409924864768982,0.40428435802459717,False
A,71013,71013|71014|71015,DL,880501,79,1,1,0.20705239474773407,0.3991474211215973,0.6824425458908081,0.32817167043685913,False
A,71013,71013|71014|71015,DL,880501,79,2,2,0.23831582069396973,0.4451146125793457,0.9762622117996216,0.6496444940567017,False
A,71013,71013|71014|71015,DL,880501,119,0,0,0.2668282687664032,0.5048485398292542,0.2084587961435318,0.07032313942909241,False
A,71013,71013|71014|71015,DL,880501,119,1,1,0.13666944205760956,0.3143848478794098,0.7220072746276855,0.3534733057022095,False
A,71013,71013|71014|71015,DL,880501,119,2,2,0.2487572431564331,0.44596290588378906,0.9763863682746887,0.6479084491729736,False
A,71013,71013|71014|71015,DL,880502,0,0,0,0.1450914591550827,0.3465210497379303,0.9183620810508728,0.5491093397140503,False
A,71013,71013|71014|71015,DL,880502,0,1,1,0.1501060426235199,0.3180088698863983,0.6858128905296326,0.3295479118824005,False
A,71013,71013|71014|71015,DL,880502,0,2,2,0.4044565260410309,0.6506229043006897,0.9764723777770996,0.6445555686950684,False
A,71013,71013|71014|71015,DL,880502,27,0,0,0.2599048316478729,0.4873594045639038,0.6860716342926025,0.4054744243621826,False
A,71013,71013|71014|71015,DL,880502,27,1,1,0.16407029330730438,0.3390696048736572,0.7476853132247925,0.34260597825050354,False
A,71013,71013|71014|71015,DL,880502,27,2,2,0.4436163008213043,0.6792805790901184,0.9653279781341553,0.6484448313713074,False
A,71013,71013|71014|71015,DL,880502,43,0,0,0.28532615303993225,0.5183071494102478,0.764018714427948,0.44002288579940796,False
A,71013,71013|71014|71015,DL,880502,43,1,1,0.17277216911315918,0.3522050380706787,0.7534517049789429,0.3531109094619751,False
A,71013,71013|71014|71015,DL,880502,43,2,2,0.4490611255168915,0.6837372183799744,0.9701419472694397,0.653108537197113,False
A,71013,71013|71014|71015,DL,880502,59,0,0,0.29772278666496277,0.5243546962738037,0.6731045246124268,0.31965067982673645,False
A,71013,71013|71014|71015,DL,880502,59,1,1,0.16990995407104492,0.35311999917030334,0.6819137930870056,0.30720019340515137,False
A,71013,71013|71014|71015,DL,880502,59,2,2,0.2335195094347,0.44535136222839355,0.9765093326568604,0.6504383087158203,False
A,71013,71013|71014|71015,DL,880502,79,0,0,0.30826807022094727,0.5225532054901123,0.702020525932312,0.35377010703086853,False
A,71013,71013|71014|71015,DL,880502,79,1,1,0.18663017451763153,0.3674773871898651,0.6563931703567505,0.3066515326499939,False
A,71013,71013|71014|71015,DL,880502,79,2,2,0.23828081786632538,0.4450415372848511,0.9762954115867615,0.6497244834899902,False
A,71013,71013|71014|71015,DL,880502,119,0,0,0.2670598328113556,0.505050003528595,0.20869703590869904,0.07010951638221741,False
A,71013,71013|71014|71015,DL,880502,119,1,1,0.13651733100414276,0.3140694200992584,0.7214638590812683,0.3529064655303955,False
A,71013,71013|71014|71015,DL,880502,119,2,2,0.2487102895975113,0.44586458802223206,0.9763646721839905,0.6480070948600769,False
A,71013,71013|71014|71015,DL,880503,0,0,0,0.14658449590206146,0.34890711307525635,0.9201485514640808,0.5535290241241455,False
A,71013,71013|71014|71015,DL,880503,0,1,1,0.14459611475467682,0.30679428577423096,0.7027372121810913,0.33918046951293945,False
A,71013,71013|71014|71015,DL,880503,0,2,2,0.4044565260410309,0.6506229043006897,0.9764723777770996,0.6445555686950684,False
A,71013,71013|71014|71015,DL,880503,27,0,0,0.24641107022762299,0.4596851170063019,0.7385134100914001,0.4239625334739685,False
A,71013,71013|71014|71015,DL,880503,27,1,1,0.14651374518871307,0.30868443846702576,0.7624792456626892,0.35475099086761475,False
A,71013,71013|71014|71015,DL,880503,27,2,2,0.4358055591583252,0.678363561630249,0.9658333659172058,0.6480467915534973,False
A,71013,71013|71014|71015,DL,880503,43,0,0,0.2702013850212097,0.4841481149196625,0.8028143048286438,0.46029579639434814,False
A,71013,71013|71014|71015,DL,880503,43,1,1,0.15196579694747925,0.31772926449775696,0.7736588716506958,0.3693805932998657,False
A,71013,71013|71014|71015,DL,880503,43,2,2,0.4420240819454193,0.6830529570579529,0.9711658358573914,0.6532838344573975,False
A,71013,71013|71014|71015,DL,880503,59,0,0,0.28002336621284485,0.4860963523387909,0.6938596367835999,0.34779539704322815,False
A,71013,71013|71014|71015,DL,880503,59,1,1,0.14925025403499603,0.31690511107444763,0.6986347436904907,0.31364840269088745,False
A,71013,71013|71014|71015,DL,880503,59,2,2,0.23352892696857452,0.44537270069122314,0.9765011072158813,0.6504151225090027,False
A,71013,71013|71014|71015,DL,880503,79,0,0,0.2920900881290436,0.4919109344482422,0.7093567848205566,0.37850725650787354,False
A,71013,71013|71014|71015,DL,880503,79,1,1,0.16630282998085022,0.333911657333374,0.6638659834861755,0.30942559242248535,False
A,71013,71013|71014|71015,DL,880503,79,2,2,0.23829245567321777,0.44506585597991943,0.9762844443321228,0.6496978998184204,False
A,71013,71013|71014|71015,DL,880503,119,0,0,0.26698100566864014,0.5049797892570496,0.2086174041032791,0.07018028199672699,False
A,71013,71013|71014|71015,DL,880503,119,1,1,0.13656805455684662,0.314174622297287,0.721645712852478,0.35309576988220215,False
A,71013,71013|71014|71015,DL,880503,119,2,2,0.2487260103225708,0.44589748978614807,0.9763719439506531,0.6479744911193848,False
A,71013,71013|71014|71015,CP,880600,0,0,0,0.1467699110507965,0.3490978181362152,0.9161053895950317,0.5494811534881592,False
A,71013,71013|71014|71015,CP,880600,0,1,1,0.1414906233549118,0.30165329575538635,0.6979348659515381,0.33399683237075806,False
A,71013,71013|71014|71015,CP,880600,0,2,2,0.4044565260410309,0.6506229043006897,0.9764723777770996,0.6445555686950684,False
A,71013,71013|71014|71015,CP,880600,27,0,0,0.23816420137882233,0.4467269480228424,0.7129385471343994,0.4020500183105469,False
A,71013,71013|71014|71015,CP,880600,27,1,1,0.13771525025367737,0.2937726080417633,0.7624382376670837,0.3528502881526947,False
A,71013,71013|71014|71015,CP,880600,27,2,2,0.43111681938171387,0.6775460243225098,0.9649962782859802,0.647196888923645,False
A,71013,71013|71014|71015,CP,880600,43,0,0,0.2442697286605835,0.45144662261009216,0.639959454536438,0.29939699172973633,False
A,71013,71013|71014|71015,CP,880600,43,1,1,0.12638647854328156,0.28511348366737366,0.7113200426101685,0.3079912066459656,False
A,71013,71013|71014|71015,CP,880600,43,2,2,0.23423995077610016,0.45187875628471375,0.9762266874313354,0.6504766941070557,False
A,71013,71013|71014|71015,CP,880600,59,0,0,0.2704106867313385,0.46000686287879944,0.6825206279754639,0.3323720693588257,False
A,71013,71013|71014|71015,CP,880600,59,1,1,0.13901667296886444,0.2970902919769287,0.6940501928329468,0.3083356022834778,False
A,71013,71013|71014|71015,CP,880600,59,2,2,0.2375670075416565,0.4512968063354492,0.9761313796043396,0.6500065326690674,False
A,71013,71013|71014|71015,CP,880600,79,0,0,0.28370019793510437,0.46839389204978943,0.7049824595451355,0.36719056963920593,False
A,71013,71013|71014|71015,CP,880600,79,1,1,0.1530722975730896,0.3114908039569855,0.659188985824585,0.3050985634326935,False
A,71013,71013|71014|71015,CP,880600,79,2,2,0.24223393201828003,0.4510471522808075,0.9759343862533569,0.6493037939071655,False
A,71013,71013|71014|71015,CP,880600,119,0,0,0.261595755815506,0.5019931197166443,0.21512094140052795,0.07328485697507858,False
A,71013,71013|71014|71015,CP,880600,119,1,1,0.13723638653755188,0.31289246678352356,0.7301568984985352,0.3588052988052368,False
A,71013,71013|71014|71015,CP,880600,119,2,2,0.25263485312461853,0.45210766792297363,0.9758383631706238,0.6475986242294312,False
A,71013,71013|71014|71015,CP,880601,0,0,0,0.14415447413921356,0.3434881865978241,0.9261389970779419,0.559888482093811,False
A,71013,71013|71014|71015,CP,880601,0,1,1,0.17899121344089508,0.3622279167175293,0.6855441331863403,0.3345947861671448,False
A,71013,71013|71014|71015,CP,880601,0,2,2,0.4044565260410309,0.6506229043006897,0.9764723777770996,0.6445555686950684,False
A,71013,71013|71014|71015,CP,880601,27,0,0,0.2847365438938141,0.478786438703537,0.6893115639686584,0.434017539024353,False
A,71013,71013|71014|71015,CP,880601,27,1,1,0.20703823864459991,0.4051114320755005,0.7798857092857361,0.37945556640625,False
A,71013,71013|71014|71015,CP,880601,27,2,2,0.4465579092502594,0.6759055256843567,0.9634048342704773,0.6450239419937134,False
A,71013,71013|71014|71015,CP,880601,43,0,0,0.3024475872516632,0.4982609450817108,0.7716538906097412,0.46628469228744507,False
A,71013,71013|71014|71015,CP,880601,43,1,1,0.21730469167232513,0.4209940433502197,0.7831622958183289,0.3867994546890259,False
A,71013,71013|71014|71015,CP,880601,43,2,2,0.4510265588760376,0.6814925670623779,0.967900276184082,0.6501146554946899,False
A,71013,71013|71014|71015,CP,880601,59,0,0,0.31786319613456726,0.5225660800933838,0.8472983837127686,0.4990413188934326,False
A,71013,71013|71014|71015,CP,880601,59,1,1,0.2352263480424881,0.4451752007007599,0.7649641036987305,0.3792531490325928,False
A,71013,71013|71014|71015,CP,880601,59,2,2,0.4508318603038788,0.6853299736976624,0.9737953543663025,0.6568050980567932,False
A,71013,71013|71014|71015,CP,880601,79,0,0,0.3196217715740204,0.507082462310791,0.7448815107345581,0.3642303943634033,False
A,71013,71013|71014|71015,CP,880601,79,1,1,0.22887711226940155,0.44189882278442383,0.6726416945457458,0.3194676339626312,False
A,71013,71013|71014|71015,CP,880601,79,2,2,0.2343178540468216,0.4389420449733734,0.9766284823417664,0.6501098871231079,False
A,71013,71013|71014|71015,CP,880601,119,0,0,0.27252790331840515,0.5078259706497192,0.20149390399456024,0.06707796454429626,False
A,71013,71013|71014|71015,CP,880601,119,1,1,0.136117085814476,0.31572362780570984,0.7118924260139465,0.34746378660202026,False
A,71013,71013|71014|71015,CP,880601,119,2,2,0.24475109577178955,0.4395318031311035,0.9768821001052856,0.6483741998672485,False
A,71013,71013|71014|71015,CP,880602,0,0,0,0.1603488177061081,0.37269291281700134,0.9369471073150635,0.5735181570053101,False
A,71013,71013|71014|71015,CP,880602,0,1,1,0.12613452970981598,0.2671475410461426,0.7749133110046387,0.40050214529037476,False
A,71013,71013|71014|71015,CP,880602,0,2,2,0.4044565260410309,0.6506229043006897,0.9764723777770996,0.6445555686950684,False
A,71013,71013|71014|71015,CP,880602,27,0,0,0.27911117672920227,0.5047762989997864,0.9054418206214905,0.5787749290466309,False
A,71013,71013|71014|71015,CP,880602,27,1,1,0.15208980441093445,0.30497056245803833,0.7292790412902832,0.345123291015625,False
A,71013,71013|71014|71015,CP,880602,27,2,2,0.4418911933898926,0.67926424741745,0.9794261455535889,0.6611028909683228,False
A,71013,71013|71014|71015,CP,880602,43,0,0,0.2875349819660187,0.5190731883049011,0.9060880541801453,0.5814111232757568,False
A,71013,71013|71014|71015,CP,880602,43,1,1,0.1769210696220398,0.3488101065158844,0.7008745670318604,0.3195207118988037,False
A,71013,71013|71014|71015,CP,880602,43,2,2,0.23425833880901337,0.45194974541664124,0.9762030839920044,0.6503925919532776,False
A,71013,71013|71014|71015,CP,880602,59,0,0,0.28400254249572754,0.5098887085914612,0.9153271317481995,0.5898884534835815,False
A,71013,71013|71014|71015,CP,880602,59,1,1,0.20901459455490112,0.3917117118835449,0.700104832649231,0.3286969065666199,False
A,71013,71013|71014|71015,CP,880602,59,2,2,0.23759602010250092,0.4513793885707855,0.9760992527008057,0.649911642074585,False
A,71013,71013|71014|71015,CP,880602,79,0,0,0.2686884105205536,0.4863388240337372,0.9243502616882324,0.5953607559204102,False
A,71013,71013|71014|71015,CP,880602,79,1,1,0.24206115305423737,0.44257473945617676,0.6953139901161194,0.3357376456260681,False
A,71013,71013|71014|71015,CP,880602,79,2,2,0.2422744631767273,0.4511454105377197,0.9758914709091187,0.6491955518722534,False
A,71013,71013|71014|71015,CP,880602,119,0,0,0.26125919818878174,0.5016718506813049,0.21486851572990417,0.07359789311885834,False
A,71013,71013|71014|71015,CP,880602,119,1,1,0.13741573691368103,0.31325554847717285,0.7309107184410095,0.3595734238624573,False
A,71013,71013|71014|71015,CP,880602,119,2,2,0.2526949942111969,0.45224297046661377,0.9758691787719727,0.6474653482437134,False
A,71013,71013|71014|71015,CP,880603,0,0,0,0.14809568226337433,0.3518713414669037,0.9214318990707397,0.5551401972770691,False
A,71013,71013|71014|71015,CP,880603,0,1,1,0.13570617139339447,0.2907887399196625,0.713100790977478,0.3462023138999939,False
A,71013,71013|71014|71015,CP,880603,0,2,2,0.4044565260410309,0.6506229043006897,0.9764723777770996,0.6445555686950684,False
A,71013,71013|71014|71015,CP,880603,27,0,0,0.2447904795408249,0.4582308232784271,0.7926942110061646,0.45645207166671753,False
A,71013,71013|71014|71015,CP,880603,27,1,1,0.13286584615707397,0.28420570492744446,0.7551378011703491,0.3487709164619446,False
A,71013,71013|71014|71015,CP,880603,27,2,2,0.431601881980896,0.6784045696258545,0.9684484601020813,0.6501955986022949,False
A,71013,71013|71014|71015,CP,880603,43,0,0,0.27115875482559204,0.4865845739841461,0.8379057049751282,0.4890493154525757,False
A,71013,71013|71014|71015,CP,880603,43,1,1,0.13586239516735077,0.2900928258895874,0.7706899046897888,0.3668426275253296,False
A,71013,71013|71014|71015,CP,880603,43,2,2,0.438615083694458,0.6829078793525696,0.9735755920410156,0.655368447303772,False
A,71013,71013|71014|71015,CP,880603,59,0,0,0.2930445373058319,0.5134081840515137,0.8752221465110779,0.516107439994812,False
A,71013,71013|71014|71015,CP,880603,59,1,1,0.14918604493141174,0.30581530928611755,0.7516926527023315,0.36375534534454346,False
A,71013,71013|71014|71015,CP,880603,59,2,2,0.44088014960289,0.6861770749092102,0.9781904816627502,0.6606213450431824,False
A,71013,71013|71014|71015,CP,880603,79,0,0,0.2946549952030182,0.5038774013519287,0.7207404375076294,0.42225176095962524,False
A,71013,71013|71014|71015,CP,880603,79,1,1,0.1567615270614624,0.31821873784065247,0.6705262660980225,0.31221669912338257,False
A,71013,71013|71014|71015,CP,880603,79,2,2,0.23434394598007202,0.4389897286891937,0.9766049981117249,0.650056779384613,False
A,71013,71013|71014|71015,CP,880603,119,0,0,0.27238714694976807,0.5077226758003235,0.20130318403244019,0.06720859557390213,False
A,71013,71013|71014|71015,CP,880603,119,1,1,0.13623230159282684,0.3159666359424591,0.7122370600700378,0.3478362560272217,False
A,71013,71013|71014|71015,CP,880603,119,2,2,0.24478310346603394,0.4395945370197296,0.9768950939178467,0.6483088731765747,False
A,71014,71014|71015|71011,N,880000,0,0,0,0.14167796075344086,0.33328965306282043,0.6971765756607056,0.3428555130958557,False
A,71014,71014|71015|71011,N,880000,0,1,1,0.18601734936237335,0.35640379786491394,0.8013190031051636,0.39334797859191895,False
A,71014,71014|71015|71011,N,880000,0,2,2,0.3337923586368561,0.4793464243412018,0.5328466296195984,0.20902705192565918,False
A,71014,71014|71015|71011,N,880000,27,0,0,0.12275141477584839,0.2623198926448822,0.8737852573394775,0.5822713375091553,False
A,71014,71014|71015|71011,N,880000,27,1,1,0.184888556599617,0.35713550448417664,0.7783631086349487,0.37092483043670654,False
A,71014,71014|71015|71011,N,880000,27,2,2,0.39874351024627686,0.44560810923576355,0.5875899791717529,0.24238424003124237,False
A,71014,71014|71015|71011,N,880000,43,0,0,0.15239287912845612,0.3203546404838562,0.8180376887321472,0.5210115909576416,False
A,71014,71014|71015|71011,N,880000,43,1,1,0.18324871361255646,0.35713040828704834,0.7635025978088379,0.3567725419998169,False
A,71014,71014|71015|71011,N,880000,43,2,2,0.41355016827583313,0.4505150616168976,0.5851854681968689,0.2442927360534668,False
A,71014,71014|71015|71011,N,880000,59,0,0,0.18135273456573486,0.37885186076164246,0.7562779784202576,0.4487212300300598,False
A,71014,71014|71015|71011,N,880000,59,1,1,0.19003893435001373,0.37141188979148865,0.7337932586669922,0.33293700218200684,False
A,71014,71014|71015|71011,N,880000,59,2,2,0.41964951157569885,0.45628610253334045,0.5885392427444458,0.25618410110473633,False
A,71014,71014|71015|71011,N,880000,79,0,0,0.20937973260879517,0.43758976459503174,0.692872166633606,0.4028218686580658,False
A,71014,71014|71015|71011,N,880000,79,1,1,0.19415529072284698,0.3815448582172394,0.7101479768753052,0.31724321842193604,False
A,71014,71014|71015|71011,N,880000,79,2,2,0.4030013084411621,0.46082404255867004,0.6258796453475952,0.33455049991607666,False
A,71014,71014|71015|71011,N,880000,119,0,0,0.1608540266752243,0.3364812135696411,0.34396207332611084,0.14557720720767975,False
A,71014,71014|71015|71011,N,880000,119,1,1,0.17251431941986084,0.3455604612827301,0.7781167030334473,0.3915254473686218,False
A,71014,71014|71015|71011,N,880000,119,2,2,0.35120558738708496,0.46285364031791687,0.44130584597587585,0.17259813845157623,False
A,71014,71014|71015|71011,N,880001,0,0,0,0.13197387754917145,0.3111661374568939,0.7681493759155273,0.39582890272140503,False
A,71014,71014|71015|71011,N,880001,0,1,1,0.17388449609279633,0.33830952644348145,0.780693531036377,0.37310707569122314,False
A,71014,71014|71015|71011,N,880001,0,2,2,0.3337923586368561,0.4793464243412018,0.5328466296195984,0.20902705192565918,False
A,71014,71014|71015|71011,N,880001,27,0,0,0.1586073338985443,0.34181150794029236,0.9414637088775635,0.628709077835083,False
A,71014,71014|71015|71011,N,880001,27,1,1,0.15934185683727264,0.3192826211452484,0.7404223680496216,0.33974793553352356,False
A,71014,71014|71015|71011,N,880001,27,2,2,0.3963444232940674,0.43996694684028625,0.7226231098175049,0.3398575782775879,False
A,71014,71014|71015|71011,N,880001,43,0,0,0.17723406851291656,0.37670421600341797,0.8855700492858887,0.595478355884552,False
A,71014,71014|71015|71011,N,880001,43,1,1,0.15847867727279663,0.32018589973449707,0.7236822843551636,0.32581543922424316,False
A,71014,71014|71015|71011,N,880001,43,2,2,0.4111156165599823,0.4456155002117157,0.7265568375587463,0.34619954228401184,False
A,71014,71014|71015|71011,N,880001,59,0,0,0.19491231441497803,0.41129162907600403,0.8383487462997437,0.552945613861084,False
A,71014,71014|71015|71011,N,880001,59,1,1,0.163313627243042,0.3328334093093872,0.6965879201889038,0.3059959411621094,False
A,71014,71014|71015|71011,N,880001,59,2,2,0.42091500759124756,0.4524278938770294,0.7332597970962524,0.3576506972312927,False
A,71014,71014|71015|71011,N,880001,79,0,0,0.2136053442955017,0.44832250475883484,0.796629786491394,0.5063454508781433,False
A,71014,71014|71015|71011,N,880001,79,1,1,0.16831324994564056,0.3468071520328522,0.6871341466903687,0.30152782797813416,False
A,71014,71014|71015|71011,N,880001,79,2,2,0.41470417380332947,0.4584256708621979,0.7434425354003906,0.383009135723114,False
A,71014,71014|71015|71011,N,880001,119,0,0,0.16081370413303375,0.3364097774028778,0.34519654512405396,0.14622151851654053,False
A,71014,71014|71015|71011,N,880001,119,1,1,0.17261047661304474,0.3457282781600952,0.7785793542861938,0.3918657600879669,False
A,71014,71014|71015|71011,N,880001,119,2,2,0.35115575790405273,0.4629387855529785,0.4408580958843231,0.17253321409225464,False
A,71014,71014|71015|71011,N,880002,0,0,0,0.12510715425014496,0.30179744958877563,0.48286545276641846,0.26387491822242737,False
A,71014,71014|71015|71011,N,880002,0,1,1,0.17309081554412842,0.3466288149356842,0.8061277866363525,0.39842313528060913,False
A,71014,71014|71015|71011,N,880002,0,2,2,0.3337923586368561,0.4793464243412018,0.5328466296195984,0.20902705192565918,False
A,71014,71014|71015|71011,N,880002,27,0,0,0.057914555072784424,0.13551802933216095,0.8851271867752075,0.5452920198440552,False
A,71014,71014|71015|71011,N,880002,27,1,1,0.15631678700447083,0.32627418637275696,0.7618873119354248,0.35583868622779846,False
A,71014,71014|71015|71011,N,880002,27,2,2,0.3950536549091339,0.44031834602355957,0.7140375971794128,0.3481951951980591,False
A,71014,71014|71015|71011,N,880002,43,0,0,0.06723115593194962,0.15448902547359467,0.8623961210250854,0.49725908041000366,False
A,71014,71014|71015|71011,N,880002,43,1,1,0.15790674090385437,0.33094581961631775,0.7425397634506226,0.338982492685318,False
A,71014,71014|71015|71011,N,880002,43,2,2,0.40704724192619324,0.44669532775878906,0.7114834189414978,0.3579610586166382,False
A,71014,71014|71015|71011,N,880002,59,0,0,0.08599758893251419,0.19426733255386353,0.8167679309844971,0.4393920302391052,False
A,71014,71014|71015|71011,N,880002,59,1,1,0.16541892290115356,0.3462831974029541,0.7083452939987183,0.31505313515663147,False
A,71014,71014|71015|71011,N,880002,59,2,2,0.411264568567276,0.45279085636138916,0.7280629277229309,0.39217180013656616,False
A,71014,71014|71015|71011,N,880002,79,0,0,0.13018713891506195,0.29511797428131104,0.7320303916931152,0.3711617588996887,False
A,71014,71014|71015|71011,N,880002,79,1,1,0.1702076643705368,0.35746216773986816,0.6737234592437744,0.2945612668991089,False
A,71014,71014|71015|71011,N,880002,79,2,2,0.3972533643245697,0.4590393006801605,0.8155388236045837,0.5125852823257446,False
A,71014,71014|71015|71011,N,880002,119,0,0,0.1609385758638382,0.3366340398788452,0.34149980545043945,0.14429381489753723,False
A,71014,71014|71015|71011,N,880002,119,1,1,0.17232103645801544,0.3452226221561432,0.7771844267845154,0.39084160327911377,False
A,71014,71014|71015|71011,N,880002,119,2,2,0.3513038158416748,0.46268391609191895,0.4422016143798828,0.17273277044296265,False
A,71014,71014|71015|71011,N,880003,0,0,0,0.14125974476337433,0.33114418387413025,0.7890307903289795,0.4074355959892273,False
A,71014,71014|71015|71011,N,880003,0,1,1,0.17660702764987946,0.34077391028404236,0.7904926538467407,0.3819561004638672,False
A,71014,71014|71015|71011,N,880003,0,2,2,0.3337923586368561,0.4793464243412018,0.5328466296195984,0.20902705192565918,False
A,71014,71014|71015|71011,N,880003,27,0,0,0.21529912948608398,0.4407574236392975,0.9827581644058228,0.6645209789276123,False
A,71014,71014|71015|71011,N,880003,27,1,1,0.17722578346729279,0.33650586009025574,0.763403594493866,0.35639917850494385,False
A,71014,71014|71015|71011,N,880003,27,2,2,0.4064197540283203,0.4472848176956177,0.5733796954154968,0.23402781784534454,False
A,71014,71014|71015|71011,N,880003,43,0,0,0.22483201324939728,0.4546681344509125,0.9710161685943604,0.6496374011039734,False
A,71014,71014|71015|71011,N,880003,43,1,1,0.17528653144836426,0.3358616530895233,0.7487046718597412,0.3432067632675171,False
A,71014,71014|71015|71011,N,880003,43,2,2,0.423455148935318,0.45223018527030945,0.5773362517356873,0.23683404922485352,False
A,71014,71014|71015|71011,N,880003,59,0,0,0.23620551824569702,0.47550079226493835,0.9516911506652832,0.6295164227485657,False
A,71014,71014|71015|71011,N,880003,59,1,1,0.1800103634595871,0.34828701615333557,0.7231460213661194,0.32214075326919556,False
A,71014,71014|71015|71011,N,880003,59,2,2,0.4350930154323578,0.4579358398914337,0.5856389403343201,0.24336206912994385,False
A,71014,71014|71015|71011,N,880003,79,0,0,0.2518772780895233,0.5077817440032959,0.9171199202537537,0.6057911515235901,False
A,71014,71014|71015|71011,N,880003,79,1,1,0.18549202382564545,0.3627726137638092,0.7126362323760986,0.31546133756637573,False
A,71014,71014|71015|71011,N,880003,79,2,2,0.4315328598022461,0.4622891843318939,0.6015828847885132,0.262943297624588,False
A,71014,71014|71015|71011,N,880003,119,0,0,0.16081370413303375,0.3364097774028778,0.34519654512405396,0.14622151851654053,False
A,71014,71014|71015|71011,N,880003,119,1,1,0.17261047661304474,0.3457282781600952,0.7785793542861938,0.3918657600879669,False
A,71014,71014|71015|71011,N,880003,119,2,2,0.35115575790405273,0.4629387855529785,0.4408580958843231,0.17253321409225464,False
A,71014,71014|71015|71011,F0,880100,0,0,0,0.13306806981563568,0.3126842677593231,0.8347434997558594,0.4505881667137146,False
A,71014,71014|71015|71011,F0,880100,0,1,1,0.17141593992710114,0.33281341195106506,0.7756688594818115,0.36814555525779724,False
A,71014,71014|71015|71011,F0,880100,0,2,2,0.3337923586368561,0.4793464243412018,0.5328466296195984,0.20902705192565918,False
A,71014,71014|71015|71011,F0,880100,27,0,0,0.20381498336791992,0.42799878120422363,0.9852790236473083,0.6680636405944824,False
A,71014,71014|71015|71011,F0,880100,27,1,1,0.1621319055557251,0.3156394064426422,0.7364507913589478,0.3348987102508545,False
A,71014,71014|71015|71011,F0,880100,27,2,2,0.4052058756351471,0.44394734501838684,0.676231324672699,0.3019813001155853,False
A,71014,71014|71015|71011,F0,880100,43,0,0,0.2120838761329651,0.437255859375,0.9812296628952026,0.6616947650909424,False
A,71014,71014|71015|71011,F0,880100,43,1,1,0.16082632541656494,0.3161468505859375,0.7211189270019531,0.32230257987976074,False
A,71014,71014|71015|71011,F0,880100,43,2,2,0.4227997958660126,0.4492526054382324,0.6851633787155151,0.3093786835670471,False
A,71014,71014|71015|71011,F0,880100,59,0,0,0.21817372739315033,0.4568667411804199,0.9534810185432434,0.6294502019882202,False
A,71014,71014|71015|71011,F0,880100,59,1,1,0.19271612167358398,0.3757096230983734,0.8077549934387207,0.4060521721839905,False
A,71014,71014|71015|71011,F0,880100,59,2,2,0.280071496963501,0.47753381729125977,0.35292932391166687,0.12998740375041962,False
A,71014,71014|71015|71011,F0,880100,79,0,0,0.22511641681194305,0.47631141543388367,0.9148519039154053,0.5945393443107605,False
A,71014,71014|71015|71011,F0,880100,79,1,1,0.19034123420715332,0.37540188431739807,0.7902650833129883,0.38704556226730347,False
A,71014,71014|71015|71011,F0,880100,79,2,2,0.28775498270988464,0.4869919717311859,0.3477339744567871,0.13582965731620789,False
A,71014,71014|71015|71011,F0,880100,119,0,0,0.1396593600511551,0.29621076583862305,0.8724789619445801,0.484415739774704,False
A,71014,71014|71015|71011,F0,880100,119,1,1,0.19046056270599365,0.37645837664604187,0.8525874018669128,0.4713445007801056,False
A,71014,71014|71015|71011,F0,880100,119,2,2,0.30398473143577576,0.506235659122467,0.33635780215263367,0.16255724430084229,False
A,71014,71014|71015|71011,F0,880101,0,0,0,0.1391909271478653,0.32822078466415405,0.7238394021987915,0.36540621519088745,False
A,71014,71014|71015|71011,F0,880101,0,1,1,0.17418213188648224,0.3405880033969879,0.799136757850647,0.3904936909675598,False
A,71014,71014|71015|71011,F0,880101,0,2,2,0.3337923586368561,0.4793464243412018,0.5328466296195984,0.20902705192565918,False
A,71014,71014|71015|71011,F0,880101,27,0,0,0.21220414340496063,0.4360872507095337,0.9768199920654297,0.6575899124145508,False
A,71014,71014|71015|71011,F0,880101,27,1,1,0.1734074354171753,0.3341943323612213,0.7700213193893433,0.3621334433555603,False
A,71014,71014|71015|71011,F0,880101,27,2,2,0.4081789553165436,0.44834399223327637,0.5728641152381897,0.23348689079284668,False
A,71014,71014|71015|71011,F0,880101,43,0,0,0.2229011058807373,0.4525378942489624,0.9530389308929443,0.6337013244628906,False
A,71014,71014|71015|71011,F0,880101,43,1,1,0.17139112949371338,0.3331519067287445,0.7555800080299377,0.3486849069595337,False
A,71014,71014|71015|71011,F0,880101,43,2,2,0.42360052466392517,0.4532923400402069,0.5748841166496277,0.23563522100448608,False
A,71014,71014|71015|71011,F0,880101,59,0,0,0.2316594123840332,0.4710654020309448,0.8392074108123779,0.5396612882614136,False
A,71014,71014|71015|71011,F0,880101,59,1,1,0.20865900814533234,0.395092636346817,0.817929744720459,0.4193769097328186,False
A,71014,71014|71015|71011,F0,880101,59,2,2,0.28007039427757263,0.47740527987480164,0.3534262776374817,0.13003329932689667,False
A,71014,71014|71015|71011,F0,880101,79,0,0,0.24939663708209991,0.5076939463615417,0.7321365475654602,0.4464365839958191,False
A,71014,71014|71015|71011,F0,880101,79,1,1,0.203865185379982,0.3898817002773285,0.7975522875785828,0.39435192942619324,False
A,71014,71014|71015|71011,F0,880101,79,2,2,0.2877573072910309,0.48687267303466797,0.3482607305049896,0.13574577867984772,False
A,71014,71014|71015|71011,F0,880101,119,0,0,0.13962720334529877,0.295998215675354,0.8719310760498047,0.48365652561187744,False
A,71014,71014|71015|71011,F0,880101,119,1,1,0.19036191701889038,0.3762322664260864,0.852083683013916,0.4709652364253998,False
A,71014,71014|71015|71011,F0,880101,119,2,2,0.3039923310279846,0.5061286687850952,0.3368532061576843,0.1621297150850296,False
A,71014,71014|71015|71011,F0,880102,0,0,0,0.14263905584812164,0.3351942002773285,0.7195812463760376,0.3571735620498657,False
A,71014,71014|71015|71011,F0,880102,0,1,1,0.18268145620822906,0.35113525390625,0.8003541231155396,0.39210373163223267,False
A,71014,71014|71015|71011,F0,880102,0,2,2,0.3337923586368561,0.4793464243412018,0.5328466296195984,0.20902705192565918,False
A,71014,71014|71015|71011,F0,880102,27,0,0,0.17401812970638275,0.3604816496372223,0.9329018592834473,0.6193680763244629,False
A,71014,71014|71015|71011,F0,880102,27,1,1,0.1834733486175537,0.3516857624053955,0.7774699330329895,0.36965519189834595,False
A,71014,71014|71015|71011,F0,880102,27,2,2,0.40153512358665466,0.4469169080257416,0.5679427981376648,0.23005777597427368,False
A,71014,71014|71015|71011,F0,880102,43,0,0,0.1961042433977127,0.4016379117965698,0.8544929027557373,0.5707158446311951,False
A,71014,71014|71015|71011,F0,880102,43,1,1,0.1816849708557129,0.35138997435569763,0.7626725435256958,0.35555675625801086,False
A,71014,71014|71015|71011,F0,880102,43,2,2,0.4164358079433441,0.45169973373413086,0.5666518211364746,0.2313275933265686,False
A,71014,71014|71015|71011,F0,880102,59,0,0,0.2046688199043274,0.4172329902648926,0.7807270288467407,0.44788968563079834,False
A,71014,71014|71015|71011,F0,880102,59,1,1,0.21072876453399658,0.3944820165634155,0.8223371505737305,0.4258149266242981,False
A,71014,71014|71015|71011,F0,880102,59,2,2,0.28007084131240845,0.4774693548679352,0.3531777560710907,0.13000981509685516,False
A,71014,71014|71015|71011,F0,880102,79,0,0,0.21787655353546143,0.44827529788017273,0.6742226481437683,0.35540634393692017,False
A,71014,71014|71015|71011,F0,880102,79,1,1,0.20734135806560516,0.39248690009117126,0.798780083656311,0.3966605067253113,False
A,71014,71014|71015|71011,F0,880102,79,2,2,0.28775614500045776,0.4869323670864105,0.34799712896347046,0.1357870101928711,False
A,71014,71014|71015|71011,F0,880102,119,0,0,0.1396423876285553,0.29610222578048706,0.8722053170204163,0.4840361773967743,False
A,71014,71014|71015|71011,F0,880102,119,1,1,0.19041122496128082,0.3763452470302582,0.8523363471031189,0.4711552560329437,False
A,71014,71014|71015|71011,F0,880102,119,2,2,0.3039884865283966,0.5061820149421692,0.33660510182380676,0.16234269738197327,False
A,71014,71014|71015|71011,F0,880103,0,0,0,0.1397264003753662,0.3285615146160126,0.7596765756607056,0.38749122619628906,False
A,71014,71014|71015|71011,F0,880103,0,1,1,0.17509488761425018,0.340180903673172,0.7938525080680847,0.3852542042732239,False
A,71014,71014|71015|71011,F0,880103,0,2,2,0.3337923586368561,0.4793464243412018,0.5328466296195984,0.20902705192565918,False
A,71014,71014|71015|71011,F0,880103,27,0,0,0.21234773099422455,0.43651750683784485,0.9797757267951965,0.6607329249382019,False
A,71014,71014|71015|71011,F0,880103,27,1,1,0.17419318854808807,0.3339274823665619,0.765188455581665,0.3580256700515747,False
A,71014,71014|71015|71011,F0,880103,27,2,2,0.407336950302124,0.447611004114151,0.5818384289741516,0.2389826476573944,False
A,71014,71014|71015|71011,F0,880103,43,0,0,0.2225065678358078,0.4517366588115692,0.9624804854393005,0.641486406326294,False
A,71014,71014|71015|71011,F0,880103,43,1,1,0.17224501073360443,0.3331243693828583,0.7505689859390259,0.344719260931015,False
A,71014,71014|71015|71011,F0,880103,43,2,2,0.4236384928226471,0.4526517689228058,0.5853237509727478,0.24179120361804962,False
A,71014,71014|71015|71011,F0,880103,59,0,0,0.23019452393054962,0.46970340609550476,0.8440848588943481,0.562221109867096,False
A,71014,71014|71015|71011,F0,880103,59,1,1,0.20779798924922943,0.39308062195777893,0.8168357610702515,0.41747790575027466,False
A,71014,71014|71015|71011,F0,880103,59,2,2,0.28007084131240845,0.4774693548679352,0.3531777560710907,0.13000981509685516,False
A,71014,71014|71015|71011,F0,880103,79,0,0,0.2458754926919937,0.5033128261566162,0.7618526816368103,0.4838644564151764,False
A,71014,71014|71015|71011,F0,880103,79,1,1,0.20315800607204437,0.38836368918418884,0.7960435152053833,0.39320313930511475,False
A,71014,71014|71015|71011,F0,880103,79,2,2,0.28775614500045776,0.4869323670864105,0.34799712896347046,0.1357870101928711,False
A,71014,71014|71015|71011,F0,880103,119,0,0,0.1396423876285553,0.29610222578048706,0.8722053170204163,0.4840361773967743,False
A,71014,71014|71015|71011,F0,880103,119,1,1,0.19041122496128082,0.3763452470302582,0.8523363471031189,0.4711552560329437,False
A,71014,71014|71015|71011,F0,880103,119,2,2,0.303988516330719,0.5061820149421692,0.33660516142845154,0.16234272718429565,False
A,71014,71014|71015|71011,TE,880200,0,0,0,0.1417623609304428,0.3370702266693115,0.581265926361084,0.28601840138435364,False
A,71014,71014|71015|71011,TE,880200,0,1,1,0.18788182735443115,0.36305323243141174,0.819282591342926,0.4124922752380371,False
A,71014,71014|71015|71011,TE,880200,0,2,2,0.3337923586368561,0.4793464243412018,0.5328466296195984,0.20902705192565918,False
A,71014,71014|71015|71011,TE,880200,27,0,0,0.10229110717773438,0.2190273255109787,0.8494192957878113,0.5253715515136719,False
A,71014,71014|71015|71011,TE,880200,27,1,1,0.19518165290355682,0.37284839153289795,0.7949197292327881,0.38680171966552734,False
A,71014,71014|71015|71011,TE,880200,27,2,2,0.3950279653072357,0.4472612142562866,0.5008321404457092,0.19717243313789368,False
A,71014,71014|71015|71011,TE,880200,43,0,0,0.12262298911809921,0.2553160488605499,0.8313822746276855,0.46415889263153076,False
A,71014,71014|71015|71011,TE,880200,43,1,1,0.21462054550647736,0.39822232723236084,0.8335964679718018,0.44517719745635986,False
A,71014,71014|71015|71011,TE,880200,43,2,2,0.27368178963661194,0.46588268876075745,0.366393506526947,0.13256429135799408,False
A,71014,71014|71015|71011,TE,880200,59,0,0,0.13687114417552948,0.28775933384895325,0.748467206954956,0.3851364254951477,False
A,71014,71014|71015|71011,TE,880200,59,1,1,0.21624083817005157,0.40083035826683044,0.830793559551239,0.43493330478668213,False
A,71014,71014|71015|71011,TE,880200,59,2,2,0.27926433086395264,0.4731416702270508,0.36267977952957153,0.1344098448753357,False
A,71014,71014|71015|71011,TE,880200,79,0,0,0.1490837186574936,0.3272508382797241,0.6258286237716675,0.3016963005065918,False
A,71014,71014|71015|71011,TE,880200,79,1,1,0.21462120115756989,0.4018169939517975,0.8072988390922546,0.40307122468948364,False
A,71014,71014|71015|71011,TE,880200,79,2,2,0.28672856092453003,0.48251843452453613,0.3570460379123688,0.13990740478038788,False
A,71014,71014|71015|71011,TE,880200,119,0,0,0.1609385758638382,0.3366340398788452,0.34149980545043945,0.14429381489753723,False
A,71014,71014|71015|71011,TE,880200,119,1,1,0.17232103645801544,0.3452226221561432,0.7771844267845154,0.39084160327911377,False
A,71014,71014|71015|71011,TE,880200,119,2,2,0.3513038158416748,0.46268391609191895,0.4422016143798828,0.17273277044296265,False
A,71014,71014|71015|71011,TE,880201,0,0,0,0.14125937223434448,0.33175018429756165,0.7484002709388733,0.3766058087348938,False
A,71014,71014|71015|71011,TE,880201,0,1,1,0.18035519123077393,0.34697413444519043,0.7946000099182129,0.3862748146057129,False
A,71014,71014|71015|71011,TE,880201,0,2,2,0.3337923586368561,0.4793464243412018,0.5328466296195984,0.20902705192565918,False
A,71014,71014|71015|71011,TE,880201,27,0,0,0.18762147426605225,0.3885005712509155,0.9548598527908325,0.63548344373703,False
A,71014,71014|71015|71011,TE,880201,27,1,1,0.1790175884962082,0.34396472573280334,0.7689714431762695,0.3620487451553345,False
A,71014,71014|71015|71011,TE,880201,27,2,2,0.40331053733825684,0.4465370178222656,0.5910170078277588,0.24416494369506836,False
A,71014,71014|71015|71011,TE,880201,43,0,0,0.20169830322265625,0.41392388939857483,0.8753597736358643,0.5733309388160706,False
A,71014,71014|71015|71011,TE,880201,43,1,1,0.2059106081724167,0.38797178864479065,0.8298808336257935,0.4349183440208435,False
A,71014,71014|71015|71011,TE,880201,43,2,2,0.27396827936172485,0.4680849015712738,0.361171692609787,0.13016879558563232,False
A,71014,71014|71015|71011,TE,880201,59,0,0,0.21208186447620392,0.43368014693260193,0.7950507402420044,0.47751566767692566,False
A,71014,71014|71015|71011,TE,880201,59,1,1,0.20544762909412384,0.3876311480998993,0.8188784122467041,0.41983312368392944,False
A,71014,71014|71015|71011,TE,880201,59,2,2,0.2796522378921509,0.47538724541664124,0.3576403260231018,0.1321617066860199,False
A,71014,71014|71015|71011,TE,880201,79,0,0,0.22557653486728668,0.4637766182422638,0.6898652911186218,0.38863998651504517,False
A,71014,71014|71015|71011,TE,880201,79,1,1,0.20217005908489227,0.3861713409423828,0.7933895587921143,0.39156728982925415,False
A,71014,71014|71015|71011,TE,880201,79,2,2,0.2872278392314911,0.4848043918609619,0.352222740650177,0.13786591589450836,False
A,71014,71014|71015|71011,TE,880201,119,0,0,0.1608540266752243,0.3364812135696411,0.34396207332611084,0.14557720720767975,False
A,71014,71014|71015|71011,TE,880201,119,1,1,0.17251431941986084,0.3455604612827301,0.7781167030334473,0.3915254473686218,False
A,71014,71014|71015|71011,TE,880201,119,2,2,0.35120558738708496,0.46285364031791687,0.44130584597587585,0.17259813845157623,False
A,71014,71014|71015|71011,TE,880202,0,0,0,0.13202239573001862,0.31295260787010193,0.7067502737045288,0.3590765595436096,False
A,71014,71014|71015|71011,TE,880202,0,1,1,0.1709669977426529,0.3367750942707062,0.7913662195205688,0.38310638070106506,False
A,71014,71014|71015|71011,TE,880202,0,2,2,0.3337923586368561,0.4793464243412018,0.5328466296195984,0.20902705192565918,False
A,71014,71014|71015|71011,TE,880202,27,0,0,0.17892064154148102,0.38005271553993225,0.9529949426651001,0.6382452249526978,False
A,71014,71014|71015|71011,TE,880202,27,1,1,0.15910571813583374,0.3186018764972687,0.7534229755401611,0.34944236278533936,False
A,71014,71014|71015|71011,TE,880202,27,2,2,0.4032776653766632,0.4441749155521393,0.6853540539741516,0.309431791305542,False
A,71014,71014|71015|71011,TE,880202,43,0,0,0.1909293532371521,0.401458740234375,0.8983778357505798,0.5857194662094116,False
A,71014,71014|71015|71011,TE,880202,43,1,1,0.18359582126140594,0.3643478453159332,0.8263375759124756,0.42840054631233215,False
A,71014,71014|71015|71011,TE,880202,43,2,2,0.2736849784851074,0.46602335572242737,0.3659147322177887,0.13243836164474487,False
A,71014,71014|71015|71011,TE,880202,59,0,0,0.19820497930049896,0.4136512577533722,0.837142825126648,0.502421498298645,False
A,71014,71014|71015|71011,TE,880202,59,1,1,0.18491657078266144,0.3668234348297119,0.8124638795852661,0.4122875928878784,False
A,71014,71014|71015|71011,TE,880202,59,2,2,0.279265433549881,0.4732738435268402,0.3621738851070404,0.13435803353786469,False
A,71014,71014|71015|71011,TE,880202,79,0,0,0.2128535658121109,0.4450259208679199,0.7353295683860779,0.4064222574234009,False
A,71014,71014|71015|71011,TE,880202,79,1,1,0.18484105169773102,0.3699607849121094,0.787139356136322,0.3859350085258484,False
A,71014,71014|71015|71011,TE,880202,79,2,2,0.2867271304130554,0.4826410710811615,0.3565117120742798,0.13998530805110931,False
A,71014,71014|71015|71011,TE,880202,119,0,0,0.1608540266752243,0.3364812135696411,0.34396207332611084,0.14557720720767975,False
A,71014,71014|71015|71011,TE,880202,119,1,1,0.17251431941986084,0.3455604612827301,0.7781167030334473,0.3915254473686218,False
A,71014,71014|71015|71011,TE,880202,119,2,2,0.35120558738708496,0.46285364031791687,0.44130584597587585,0.17259813845157623,False
A,71014,71014|71015|71011,TE,880203,0,0,0,0.1450793594121933,0.34114500880241394,0.6837639808654785,0.3347265422344208,False
A,71014,71014|71015|71011,TE,880203,0,1,1,0.18634451925754547,0.3573671877384186,0.8090447187423706,0.4011703431606293,False
A,71014,71014|71015|71011,TE,880203,0,2,2,0.3337923586368561,0.4793464243412018,0.5328466296195984,0.20902705192565918,False
A,71014,71014|71015|71011,TE,880203,27,0,0,0.16044680774211884,0.33180657029151917,0.8906043767929077,0.5933960676193237,False
A,71014,71014|71015|71011,TE,880203,27,1,1,0.19168393313884735,0.363796591758728,0.7892087697982788,0.38048025965690613,False
A,71014,71014|71015|71011,TE,880203,27,2,2,0.3984260559082031,0.44760236144065857,0.5178258419036865,0.20166102051734924,False
A,71014,71014|71015|71011,TE,880203,43,0,0,0.1808866262435913,0.3674609661102295,0.8312321901321411,0.5063682794570923,False
A,71014,71014|71015|71011,TE,880203,43,1,1,0.21566839516162872,0.39875099062919617,0.8296412229537964,0.44214046001434326,False
A,71014,71014|71015|71011,TE,880203,43,2,2,0.2739666998386383,0.46801552176475525,0.3614085912704468,0.13022996485233307,False
A,71014,71014|71015|71011,TE,880203,59,0,0,0.19445298612117767,0.3959932327270508,0.7511086463928223,0.4073566794395447,False
A,71014,71014|71015|71011,TE,880203,59,1,1,0.21716542541980743,0.4005753993988037,0.8260871171951294,0.42990779876708984,False
A,71014,71014|71015|71011,TE,880203,59,2,2,0.27965161204338074,0.47532209753990173,0.35789138078689575,0.13218620419502258,False
A,71014,71014|71015|71011,TE,880203,79,0,0,0.20428802073001862,0.4235656261444092,0.6423672437667847,0.32349228858947754,False
A,71014,71014|71015|71011,TE,880203,79,1,1,0.21359878778457642,0.39859840273857117,0.8025497198104858,0.3981105089187622,False
A,71014,71014|71015|71011,TE,880203,79,2,2,0.2872287333011627,0.48474398255348206,0.35248783230781555,0.1378253847360611,False
A,71014,71014|71015|71011,TE,880203,119,0,0,0.16089579463005066,0.33655619621276855,0.3427305817604065,0.14493489265441895,False
A,71014,71014|71015|71011,TE,880203,119,1,1,0.17241787910461426,0.3453919589519501,0.7776520252227783,0.3911841809749603,False
A,71014,71014|71015|71011,TE,880203,119,2,2,0.3512547016143799,0.46276864409446716,0.4417535662651062,0.17266470193862915,False
A,71014,71014|71015|71011,TL,880300,0,0,0,0.1421048492193222,0.33217188715934753,0.816980242729187,0.42827773094177246,False
A,71014,71014|71015|71011,TL,880300,0,1,1,0.18014512956142426,0.3436540365219116,0.7845906019210815,0.3764191269874573,False
A,71014,71014|71015|71011,TL,880300,0,2,2,0.3337923586368561,0.4793464243412018,0.5328466296195984,0.20902705192565918,False
A,71014,71014|71015|71011,TL,880300,27,0,0,0.20845280587673187,0.4282766282558441,0.9800658822059631,0.6599565744400024,False
A,71014,71014|71015|71011,TL,880300,27,1,1,0.18002165853977203,0.34043726325035095,0.758368730545044,0.3524136245250702,False
A,71014,71014|71015|71011,TL,880300,27,2,2,0.4042079746723175,0.44622471928596497,0.5884187817573547,0.2429637461900711,False
A,71014,71014|71015|71011,TL,880300,43,0,0,0.21972639858722687,0.44626984000205994,0.966370165348053,0.6434680223464966,False
A,71014,71014|71015|71011,TL,880300,43,1,1,0.17878727614879608,0.3414039611816406,0.7421542406082153,0.33815374970436096,False
A,71014,71014|71015|71011,TL,880300,43,2,2,0.4214514195919037,0.4512490928173065,0.5928730368614197,0.24624097347259521,False
A,71014,71014|71015|71011,TL,880300,59,0,0,0.22773246467113495,0.4660089910030365,0.8811690807342529,0.5817667841911316,False
A,71014,71014|71015|71011,TL,880300,59,1,1,0.21110646426677704,0.3948918879032135,0.8152604103088379,0.4156513214111328,False
A,71014,71014|71015|71011,TL,880300,59,2,2,0.2805212140083313,0.4795815050601959,0.34853947162628174,0.1278800368309021,False
A,71014,71014|71015|71011,TL,880300,79,0,0,0.24017305672168732,0.4934026896953583,0.837912917137146,0.5286271572113037,False
A,71014,71014|71015|71011,TL,880300,79,1,1,0.20577628910541534,0.38994383811950684,0.7952142953872681,0.3924737870693207,False
A,71014,71014|71015|71011,TL,880300,79,2,2,0.2883097231388092,0.48908141255378723,0.3435738980770111,0.13379168510437012,False
A,71014,71014|71015|71011,TL,880300,119,0,0,0.14412516355514526,0.3050440847873688,0.8678483963012695,0.47854310274124146,False
A,71014,71014|71015|71011,TL,880300,119,1,1,0.19197772443294525,0.37928691506385803,0.8508046865463257,0.4717963933944702,False
A,71014,71014|71015|71011,TL,880300,119,2,2,0.30468642711639404,0.5083490610122681,0.3325178027153015,0.16070608794689178,False
A,71014,71014|71015|71011,TL,880301,0,0,0,0.1261245608329773,0.3062467575073242,0.44064080715179443,0.23956307768821716,False
A,71014,71014|71015|71011,TL,880301,0,1,1,0.18062396347522736,0.3579047918319702,0.8149067163467407,0.4079629182815552,False
A,71014,71014|71015|71011,TL,880301,0,2,2,0.3337923586368561,0.4793464243412018,0.5328466296195984,0.20902705192565918,False
A,71014,71014|71015|71011,TL,880301,27,0,0,0.04980526491999626,0.12319817394018173,0.8777042031288147,0.5068035125732422,False
A,71014,71014|71015|71011,TL,880301,27,1,1,0.17328917980194092,0.3519379198551178,0.7707333564758301,0.3634070158004761,False
A,71014,71014|71015|71011,TL,880301,27,2,2,0.3981040418148041,0.4418313801288605,0.6433478593826294,0.3054773509502411,False
A,71014,71014|71015|71011,TL,880301,43,0,0,0.053189653903245926,0.1289244294166565,0.8530128002166748,0.47126317024230957,False
A,71014,71014|71015|71011,TL,880301,43,1,1,0.17679400742053986,0.3600967824459076,0.7518945932388306,0.3480486571788788,False
A,71014,71014|71015|71011,TL,880301,43,2,2,0.4102140963077545,0.44838884472846985,0.6536182165145874,0.3407665491104126,False
A,71014,71014|71015|71011,TL,880301,59,0,0,0.06602149456739426,0.15664172172546387,0.7930039763450623,0.417448490858078,False
A,71014,71014|71015|71011,TL,880301,59,1,1,0.18334080278873444,0.3735019862651825,0.7256489992141724,0.33091193437576294,False
A,71014,71014|71015|71011,TL,880301,59,2,2,0.41054567694664,0.4545423984527588,0.6993616223335266,0.4379015862941742,False
A,71014,71014|71015|71011,TL,880301,79,0,0,0.07612722367048264,0.187303826212883,0.6804656982421875,0.3361043334007263,False
A,71014,71014|71015|71011,TL,880301,79,1,1,0.19648565351963043,0.39025816321372986,0.7912681102752686,0.3933778405189514,False
A,71014,71014|71015|71011,TL,880301,79,2,2,0.28889936208724976,0.49084433913230896,0.3407769799232483,0.1315855085849762,False
A,71014,71014|71015|71011,TL,880301,119,0,0,0.14852505922317505,0.313322514295578,0.861461877822876,0.47048109769821167,False
A,71014,71014|71015|71011,TL,880301,119,1,1,0.19337792694568634,0.38183164596557617,0.8466712832450867,0.47076624631881714,False
A,71014,71014|71015|71011,TL,880301,119,2,2,0.30543145537376404,0.5101583003997803,0.32997819781303406,0.15781232714653015,False
A,71014,71014|71015|71011,TL,880302,0,0,0,0.13100199401378632,0.31287816166877747,0.5650643110275269,0.2880623936653137,False
A,71014,71014|71015|71011,TL,880302,0,1,1,0.17806847393512726,0.3508644104003906,0.803893506526947,0.39620521664619446,False
A,71014,71014|71015|71011,TL,880302,0,2,2,0.3337923586368561,0.4793464243412018,0.5328466296195984,0.20902705192565918,False
A,71014,71014|71015|71011,TL,880302,27,0,0,0.06408368796110153,0.14839041233062744,0.8768835663795471,0.5476281046867371,False
A,71014,71014|71015|71011,TL,880302,27,1,1,0.1654789000749588,0.3373582363128662,0.7670772671699524,0.3608464002609253,False
A,71014,71014|71015|71011,TL,880302,27,2,2,0.3969704210758209,0.44140222668647766,0.6871002316474915,0.3184390068054199,False
A,71014,71014|71015|71011,TL,880302,43,0,0,0.07938084751367569,0.17963530123233795,0.8445016741752625,0.4912537634372711,False
A,71014,71014|71015|71011,TL,880302,43,1,1,0.16458091139793396,0.3379397690296173,0.7511506080627441,0.3461858928203583,False
A,71014,71014|71015|71011,TL,880302,43,2,2,0.4103696346282959,0.4475283622741699,0.6838151216506958,0.32460498809814453,False
A,71014,71014|71015|71011,TL,880302,59,0,0,0.07895082980394363,0.17843087017536163,0.8088051080703735,0.43598470091819763,False
A,71014,71014|71015|71011,TL,880302,59,1,1,0.18835099041461945,0.37473782896995544,0.8147125244140625,0.41987329721450806,False
A,71014,71014|71015|71011,TL,880302,59,2,2,0.28052058815956116,0.4794553518295288,0.34903231263160706,0.1279241144657135,False
A,71014,71014|71015|71011,TL,880302,79,0,0,0.10213176161050797,0.23903541266918182,0.6924543380737305,0.3404347896575928,False
A,71014,71014|71015|71011,TL,880302,79,1,1,0.19049231708049774,0.3810086250305176,0.7856307029724121,0.3892870545387268,False
A,71014,71014|71015|71011,TL,880302,79,2,2,0.28831255435943604,0.48896417021751404,0.34409695863723755,0.13370630145072937,False
A,71014,71014|71015|71011,TL,880302,119,0,0,0.14408527314662933,0.3048105835914612,0.8672739267349243,0.47776082158088684,False
A,71014,71014|71015|71011,TL,880302,119,1,1,0.19188034534454346,0.3790684640407562,0.8502374887466431,0.4713844954967499,False
A,71014,71014|71015|71011,TL,880302,119,2,2,0.3046952784061432,0.5082435607910156,0.3330138027667999,0.1602749228477478,False
A,71014,71014|71015|71011,TL,880303,0,0,0,0.14036348462104797,0.33305224776268005,0.6274262070655823,0.31174808740615845,False
A,71014,71014|71015|71011,TL,880303,0,1,1,0.17782004177570343,0.3489558696746826,0.8133974075317383,0.4055103063583374,False
A,71014,71014|71015|71011,TL,880303,0,2,2,0.3337923586368561,0.4793464243412018,0.5328466296195984,0.20902705192565918,False
A,71014,71014|71015|71011,TL,880303,27,0,0,0.19310344755649567,0.3952343463897705,0.9342849254608154,0.6241199374198914,False
A,71014,71014|71015|71011,TL,880303,27,1,1,0.18166013062000275,0.35088613629341125,0.7865123152732849,0.3773157000541687,False
A,71014,71014|71015|71011,TL,880303,27,2,2,0.40458810329437256,0.449306845664978,0.5252825617790222,0.20632687211036682,False
A,71014,71014|71015|71011,TL,880303,43,0,0,0.21171897649765015,0.42909133434295654,0.8647577166557312,0.5741908550262451,False
A,71014,71014|71015|71011,TL,880303,43,1,1,0.18230493366718292,0.35417839884757996,0.7696552276611328,0.3612210154533386,False
A,71014,71014|71015|71011,TL,880303,43,2,2,0.4176020324230194,0.45343661308288574,0.5200263857841492,0.20699021220207214,False
A,71014,71014|71015|71011,TL,880303,59,0,0,0.23284870386123657,0.4680593013763428,0.7819293737411499,0.49615606665611267,False
A,71014,71014|71015|71011,TL,880303,59,1,1,0.18915486335754395,0.3677283823490143,0.7419066429138184,0.3377187252044678,False
A,71014,71014|71015|71011,TL,880303,59,2,2,0.42213723063468933,0.4577173888683319,0.5187994837760925,0.21800678968429565,False
A,71014,71014|71015|71011,TL,880303,79,0,0,0.24545501172542572,0.49194493889808655,0.6874418258666992,0.35675477981567383,False
A,71014,71014|71015|71011,TL,880303,79,1,1,0.21426011621952057,0.403432697057724,0.8100147843360901,0.40358859300613403,False
A,71014,71014|71015|71011,TL,880303,79,2,2,0.2888951301574707,0.49095869064331055,0.3402567207813263,0.13166466355323792,False
A,71014,71014|71015|71011,TL,880303,119,0,0,0.1485641747713089,0.3135548233985901,0.8620649576187134,0.4712849259376526,False
A,71014,71014|71015|71011,TL,880303,119,1,1,0.19347362220287323,0.3820417821407318,0.847324013710022,0.4712199568748474,False
A,71014,71014|71015|71011,TL,880303,119,2,2,0.3054209351539612,0.5102611184120178,0.32947853207588196,0.15823829174041748,False
A,71014,71014|71015|71011,DS,880400,0,0,0,0.1402081996202469,0.3342343270778656,0.5755759477615356,0.2870808243751526,False
A,71014,71014|71015|71011,DS,880400,0,1,1,0.18171823024749756,0.35553714632987976,0.8191660642623901,0.41206780076026917,False
A,71014,71014|71015|71011,DS,880400,0,2,2,0.3337923586368561,0.4793464243412018,0.5328466296195984,0.20902705192565918,False
A,71014,71014|71015|71011,DS,880400,27,0,0,0.155644491314888,0.319805771112442,0.8861444592475891,0.5745618343353271,False
A,71014,71014|71015|71011,DS,880400,27,1,1,0.18888242542743683,0.36342325806617737,0.7918617725372314,0.38305240869522095,False
A,71014,71014|71015|71011,DS,880400,27,2,2,0.40094324946403503,0.449118047952652,0.49961957335472107,0.19481219351291656,False
A,71014,71014|71015|71011,DS,880400,43,0,0,0.18434806168079376,0.37464311718940735,0.8278316259384155,0.5105504989624023,False
A,71014,71014|71015|71011,DS,880400,43,1,1,0.19112028181552887,0.3691461980342865,0.7749295830726624,0.36697351932525635,False
A,71014,71014|71015|71011,DS,880400,43,2,2,0.4133671820163727,0.4528235197067261,0.4917125403881073,0.19979700446128845,False
A,71014,71014|71015|71011,DS,880400,59,0,0,0.19952638447284698,0.40065550804138184,0.7759817838668823,0.4111786484718323,False
A,71014,71014|71015|71011,DS,880400,59,1,1,0.21924762427806854,0.40751853585243225,0.830734133720398,0.4317430853843689,False
A,71014,71014|71015|71011,DS,880400,59,2,2,0.2800697982311249,0.47727712988853455,0.35392385721206665,0.13008320331573486,False
A,71014,71014|71015|71011,DS,880400,79,0,0,0.2082005888223648,0.42536696791648865,0.6511729955673218,0.3214752674102783,False
A,71014,71014|71015|71011,DS,880400,79,1,1,0.2149563878774643,0.4033317565917969,0.8095759153366089,0.40314945578575134,False
A,71014,71014|71015|71011,DS,880400,79,2,2,0.2877599895000458,0.4867539405822754,0.3487882614135742,0.13566726446151733,False
A,71014,71014|71015|71011,DS,880400,119,0,0,0.16098269820213318,0.3367152214050293,0.34027254581451416,0.14365476369857788,False
A,71014,71014|71015|71011,DS,880400,119,1,1,0.17222388088703156,0.3450528681278229,0.7767149806022644,0.3904980421066284,False
A,71014,71014|71015|71011,DS,880400,119,2,2,0.3513527810573578,0.46259963512420654,0.44264939427375793,0.17280226945877075,False
A,71014,71014|71015|71011,DS,880401,0,0,0,0.13711078464984894,0.32658255100250244,0.6061860918998718,0.30406564474105835,False
A,71014,71014|71015|71011,DS,880401,0,1,1,0.17550373077392578,0.3465772867202759,0.811755895614624,0.4037867486476898,False
A,71014,71014|71015|71011,DS,880401,0,2,2,0.3337923586368561,0.4793464243412018,0.5328466296195984,0.20902705192565918,False
A,71014,71014|71015|71011,DS,880401,27,0,0,0.1827346682548523,0.37731650471687317,0.9252262115478516,0.6217707395553589,False
A,71014,71014|71015|71011,DS,880401,27,1,1,0.17532341182231903,0.34376248717308044,0.7816890478134155,0.3728356957435608,False
A,71014,71014|71015|71011,DS,880401,27,2,2,0.40622690320014954,0.4490465223789215,0.5633165836334229,0.2284056693315506,False
A,71014,71014|71015|71011,DS,880401,43,0,0,0.20155759155750275,0.411619633436203,0.871279776096344,0.5715454816818237,False
A,71014,71014|71015|71011,DS,880401,43,1,1,0.17612040042877197,0.34727397561073303,0.7647548913955688,0.3568374812602997,False
A,71014,71014|71015|71011,DS,880401,43,2,2,0.41891154646873474,0.4534302055835724,0.558967649936676,0.22970527410507202,False
A,71014,71014|71015|71011,DS,880401,59,0,0,0.21350224316120148,0.43168771266937256,0.8139598369598389,0.45693811774253845,False
A,71014,71014|71015|71011,DS,880401,59,1,1,0.20807136595249176,0.39618396759033203,0.8220120668411255,0.4274229407310486,False
A,71014,71014|71015|71011,DS,880401,59,2,2,0.28007015585899353,0.47734132409095764,0.35367482900619507,0.13005772233009338,False
A,71014,71014|71015|71011,DS,880401,79,0,0,0.23064976930618286,0.4674653112888336,0.6918333768844604,0.3507170081138611,False
A,71014,71014|71015|71011,DS,880401,79,1,1,0.20438849925994873,0.39248529076576233,0.8030237555503845,0.3998040556907654,False
A,71014,71014|71015|71011,DS,880401,79,2,2,0.287758469581604,0.48681315779685974,0.348524272441864,0.13570576906204224,False
A,71014,71014|71015|71011,DS,880401,119,0,0,0.1609385758638382,0.3366340398788452,0.34149980545043945,0.14429381489753723,False
A,71014,71014|71015|71011,DS,880401,119,1,1,0.17232103645801544,0.3452226221561432,0.7771844267845154,0.39084160327911377,False
A,71014,71014|71015|71011,DS,880401,119,2,2,0.3513038158416748,0.46268391609191895,0.4422016143798828,0.17273277044296265,False
A,71014,71014|71015|71011,DS,880402,0,0,0,0.14689435064792633,0.3431181013584137,0.7594537734985352,0.38042473793029785,False
A,71014,71014|71015|71011,DS,880402,0,1,1,0.18726485967636108,0.35509052872657776,0.798824667930603,0.39052751660346985,False
A,71014,71014|71015|71011,DS,880402,0,2,2,0.3337923586368561,0.4793464243412018,0.5328466296195984,0.20902705192565918,False
A,71014,71014|71015|71011,DS,880402,27,0,0,0.1885928064584732,0.3865568935871124,0.9478550553321838,0.6269198656082153,False
A,71014,71014|71015|71011,DS,880402,27,1,1,0.19265024363994598,0.3613523244857788,0.7813811302185059,0.3731541037559509,False
A,71014,71014|71015|71011,DS,880402,27,2,2,0.3983798921108246,0.44695255160331726,0.5276314616203308,0.2066112458705902,False
A,71014,71014|71015|71011,DS,880402,43,0,0,0.20904137194156647,0.42439737915992737,0.8902457356452942,0.5833747982978821,False
A,71014,71014|71015|71011,DS,880402,43,1,1,0.19095344841480255,0.36144566535949707,0.7660872936248779,0.35858964920043945,False
A,71014,71014|71015|71011,DS,880402,43,2,2,0.4139697253704071,0.4512830674648285,0.5260726809501648,0.2070748507976532,False
A,71014,71014|71015|71011,DS,880402,59,0,0,0.21780522167682648,0.44095852971076965,0.7651490569114685,0.4556397497653961,False
A,71014,71014|71015|71011,DS,880402,59,1,1,0.219086691737175,0.40168297290802,0.8234104514122009,0.4268192648887634,False
A,71014,71014|71015|71011,DS,880402,59,2,2,0.280071496963501,0.47753381729125977,0.35292932391166687,0.12998740375041962,False
A,71014,71014|71015|71011,DS,880402,79,0,0,0.22974874079227448,0.4679214656352997,0.6644774079322815,0.37173181772232056,False
A,71014,71014|71015|71011,DS,880402,79,1,1,0.21421359479427338,0.39781251549720764,0.8014752864837646,0.3974078893661499,False
A,71014,71014|71015|71011,DS,880402,79,2,2,0.28775498270988464,0.4869919717311859,0.3477339744567871,0.13582965731620789,False
A,71014,71014|71015|71011,DS,880402,119,0,0,0.16081370413303375,0.3364097774028778,0.34519654512405396,0.14622151851654053,False
A,71014,71014|71015|71011,DS,880402,119,1,1,0.17261047661304474,0.3457282781600952,0.7785793542861938,0.3918657600879669,False
A,71014,71014|71015|71011,DS,880402,119,2,2,0.35115575790405273,0.4629387855529785,0.4408580958843231,0.17253321409225464,False
A,71014,71014|71015|71011,DS,880403,0,0,0,0.14303697645664215,0.3342623710632324,0.8046548366546631,0.4166263937950134,False
A,71014,71014|71015|71011,DS,880403,0,1,1,0.1825016289949417,0.3470780849456787,0.7868976593017578,0.3786940574645996,False
A,71014,71014|71015|71011,DS,880403,0,2,2,0.3337923586368561,0.4793464243412018,0.5328466296195984,0.20902705192565918,False
A,71014,71014|71015|71011,DS,880403,27,0,0,0.19998621940612793,0.41172242164611816,0.9716689586639404,0.6496995687484741,False
A,71014,71014|71015|71011,DS,880403,27,1,1,0.18276602029800415,0.3458869159221649,0.7628989219665527,0.3566015362739563,False
A,71014,71014|71015|71011,DS,880403,27,2,2,0.4024113118648529,0.4460732638835907,0.5840879678726196,0.23999477922916412,False
A,71014,71014|71015|71011,DS,880403,43,0,0,0.21429310739040375,0.43645524978637695,0.9465224742889404,0.6246466636657715,False
A,71014,71014|71015|71011,DS,880403,43,1,1,0.18159718811511993,0.3469730615615845,0.7464520931243896,0.3419000804424286,False
A,71014,71014|71015|71011,DS,880403,43,2,2,0.4190516173839569,0.4510141909122467,0.5870002508163452,0.24254874885082245,False
A,71014,71014|71015|71011,DS,880403,59,0,0,0.22223319113254547,0.45429420471191406,0.8048392534255981,0.532378077507019,False
A,71014,71014|71015|71011,DS,880403,59,1,1,0.21020345389842987,0.392157644033432,0.8170909881591797,0.41736215353012085,False
A,71014,71014|71015|71011,DS,880403,59,2,2,0.280071496963501,0.47753381729125977,0.35292932391166687,0.12998740375041962,False
A,71014,71014|71015|71011,DS,880403,79,0,0,0.23457837104797363,0.48122718930244446,0.7526049613952637,0.46711236238479614,False
A,71014,71014|71015|71011,DS,880403,79,1,1,0.20548021793365479,0.388702392578125,0.7941728830337524,0.3916471600532532,False
A,71014,71014|71015|71011,DS,880403,79,2,2,0.28775498270988464,0.4869919717311859,0.3477339744567871,0.13582965731620789,False
A,71014,71014|71015|71011,DS,880403,119,0,0,0.16081370413303375,0.3364097774028778,0.34519654512405396,0.14622151851654053,False
A,71014,71014|71015|71011,DS,880403,119,1,1,0.17261047661304474,0.3457282781600952,0.7785793542861938,0.3918657600879669,False
A,71014,71014|71015|71011,DS,880403,119,2,2,0.35115575790405273,0.4629387855529785,0.4408580958843231,0.17253321409225464,False
A,71014,71014|71015|71011,DL,880500,0,0,0,0.1398247480392456,0.32660841941833496,0.8544220924377441,0.4677566885948181,False
A,71014,71014|71015|71011,DL,880500,0,1,1,0.17660737037658691,0.3379199504852295,0.7770919799804688,0.3693740963935852,False
A,71014,71014|71015|71011,DL,880500,0,2,2,0.3337923586368561,0.4793464243412018,0.5328466296195984,0.20902705192565918,False
A,71014,71014|71015|71011,DL,880500,27,0,0,0.21630172431468964,0.44111761450767517,0.9874752163887024,0.6728886365890503,False
A,71014,71014|71015|71011,DL,880500,27,1,1,0.1752358227968216,0.3307490646839142,0.7463629245758057,0.34188467264175415,False
A,71014,71014|71015|71011,DL,880500,27,2,2,0.40680649876594543,0.44597330689430237,0.6046527624130249,0.253744512796402,False
A,71014,71014|71015|71011,DL,880500,43,0,0,0.22421802580356598,0.449981689453125,0.984893262386322,0.6680787801742554,False
A,71014,71014|71015|71011,DL,880500,43,1,1,0.17364223301410675,0.33110311627388,0.7313008308410645,0.3291701078414917,False
A,71014,71014|71015|71011,DL,880500,43,2,2,0.4255272448062897,0.45091375708580017,0.6121878027915955,0.25872042775154114,False
A,71014,71014|71015|71011,DL,880500,59,0,0,0.229000523686409,0.4681750237941742,0.9686346650123596,0.6436864137649536,False
A,71014,71014|71015|71011,DL,880500,59,1,1,0.20644117891788483,0.3893136978149414,0.8080486059188843,0.40651461482048035,False
A,71014,71014|71015|71011,DL,880500,59,2,2,0.2800721228122711,0.4775981903076172,0.3526807129383087,0.12996593117713928,False
A,71014,71014|71015|71011,DL,880500,79,0,0,0.23704545199871063,0.49182644486427307,0.937393069267273,0.6118149757385254,False
A,71014,71014|71015|71011,DL,880500,79,1,1,0.20164330303668976,0.38528212904930115,0.7897790670394897,0.38621020317077637,False
A,71014,71014|71015|71011,DL,880500,79,2,2,0.287754088640213,0.4870518147945404,0.34747105836868286,0.1358736753463745,False
A,71014,71014|71015|71011,DL,880500,119,0,0,0.13967768847942352,0.2963230013847351,0.8727529644966125,0.4847959876060486,False
A,71014,71014|71015|71011,DL,880500,119,1,1,0.19050996005535126,0.37657132744789124,0.8528366088867188,0.47153240442276,False
A,71014,71014|71015|71011,DL,880500,119,2,2,0.303981214761734,0.506289541721344,0.336110919713974,0.1627732664346695,False
A,71014,71014|71015|71011,DL,880501,0,0,0,0.14124995470046997,0.33292481303215027,0.6785370111465454,0.33323556184768677,False
A,71014,71014|71015|71011,DL,880501,0,1,1,0.18473310768604279,0.35547444224357605,0.8037880659103394,0.39584386348724365,False
A,71014,71014|71015|71011,DL,880501,0,2,2,0.3337923586368561,0.4793464243412018,0.5328466296195984,0.20902705192565918,False
A,71014,71014|71015|71011,DL,880501,27,0,0,0.12548427283763885,0.26705071330070496,0.8778350353240967,0.5835343599319458,False
A,71014,71014|71015|71011,DL,880501,27,1,1,0.1839810609817505,0.35610902309417725,0.7802774906158447,0.3725427985191345,False
A,71014,71014|71015|71011,DL,880501,27,2,2,0.39936622977256775,0.44603589177131653,0.5826868414878845,0.23955033719539642,False
A,71014,71014|71015|71011,DL,880501,43,0,0,0.15482987463474274,0.3243052363395691,0.8224894404411316,0.5225402116775513,False
A,71014,71014|71015|71011,DL,880501,43,1,1,0.1818016767501831,0.3551206886768341,0.7662217020988464,0.3589717149734497,False
A,71014,71014|71015|71011,DL,880501,43,2,2,0.4138520658016205,0.45084571838378906,0.5796626806259155,0.24136510491371155,False
A,71014,71014|71015|71011,DL,880501,59,0,0,0.15908735990524292,0.33188596367836,0.7687268853187561,0.4155768156051636,False
A,71014,71014|71015|71011,DL,880501,59,1,1,0.20780150592327118,0.3916156589984894,0.8228653073310852,0.4281626045703888,False
A,71014,71014|71015|71011,DL,880501,59,2,2,0.28007084131240845,0.4774693548679352,0.3531777560710907,0.13000981509685516,False
A,71014,71014|71015|71011,DL,880501,79,0,0,0.17425310611724854,0.37339600920677185,0.6598060727119446,0.326089084148407,False
A,71014,71014|71015|71011,DL,880501,79,1,1,0.20639975368976593,0.39288195967674255,0.7978665828704834,0.39731621742248535,False
A,71014,71014|71015|71011,DL,880501,79,2,2,0.28775614500045776,0.4869323670864105,0.34799712896347046,0.1357870101928711,False
A,71014,71014|71015|71011,DL,880501,119,0,0,0.1396423876285553,0.29610222578048706,0.8722053170204163,0.4840361773967743,False
A,71014,71014|71015|71011,DL,880501,119,1,1,0.19041122496128082,0.3763452470302582,0.8523363471031189,0.4711552560329437,False
A,71014,71014|71015|71011,DL,880501,119,2,2,0.303988516330719,0.5061820149421692,0.33660516142845154,0.16234272718429565,False
A,71014,71014|71015|71011,DL,880502,0,0,0,0.13048096001148224,0.3141826093196869,0.5105694532394409,0.26870131492614746,False
A,71014,71014|71015|71011,DL,880502,0,1,1,0.1750119924545288,0.3484545946121216,0.812300443649292,0.40470612049102783,False
A,71014,71014|71015|71011,DL,880502,0,2,2,0.3337923586368561,0.4793464243412018,0.5328466296195984,0.20902705192565918,False
A,71014,71014|71015|71011,DL,880502,27,0,0,0.10282132774591446,0.22168974578380585,0.8968430161476135,0.5685893893241882,False
A,71014,71014|71015|71011,DL,880502,27,1,1,0.16823191940784454,0.3399515151977539,0.774292528629303,0.36624854803085327,False
A,71014,71014|71015|71011,DL,880502,27,2,2,0.40465793013572693,0.4467264711856842,0.6327987313270569,0.2774829566478729,False
A,71014,71014|71015|71011,DL,880502,43,0,0,0.1251617670059204,0.26543769240379333,0.8593579530715942,0.5086850523948669,False
A,71014,71014|71015|71011,DL,880502,43,1,1,0.1706210970878601,0.34608304500579834,0.7559362053871155,0.34978723526000977,False
A,71014,71014|71015|71011,DL,880502,43,2,2,0.4165039360523224,0.45180824398994446,0.6278073787689209,0.28399837017059326,False
A,71014,71014|71015|71011,DL,880502,59,0,0,0.1269683539867401,0.26677700877189636,0.816836416721344,0.4403458833694458,False
A,71014,71014|71015|71011,DL,880502,59,1,1,0.19474945962429047,0.38269540667533875,0.816858172416687,0.42326995730400085,False
A,71014,71014|71015|71011,DL,880502,59,2,2,0.2800697982311249,0.47727712988853455,0.35392385721206665,0.13008320331573486,False
A,71014,71014|71015|71011,DL,880502,79,0,0,0.14331772923469543,0.31198716163635254,0.6869533658027649,0.33649760484695435,False
A,71014,71014|71015|71011,DL,880502,79,1,1,0.19418705999851227,0.3842499554157257,0.7928668856620789,0.3942260146141052,False
A,71014,71014|71015|71011,DL,880502,79,2,2,0.2877599895000458,0.4867539405822754,0.3487882614135742,0.13566726446151733,False
A,71014,71014|71015|71011,DL,880502,119,0,0,0.13960017263889313,0.29579946398735046,0.8713827133178711,0.4828983247280121,False
A,71014,71014|71015|71011,DL,880502,119,1,1,0.1902632713317871,0.37600624561309814,0.8515740036964417,0.47058290243148804,False
A,71014,71014|71015|71011,DL,880502,119,2,2,0.3040001392364502,0.5060219764709473,0.33735182881355286,0.16170795261859894,False
A,71014,71014|71015|71011,DL,880503,0,0,0,0.12862853705883026,0.30819615721702576,0.5541917085647583,0.2873309552669525,False
A,71014,71014|71015|71011,DL,880503,0,1,1,0.1732996255159378,0.34484389424324036,0.803184449672699,0.39530083537101746,False
A,71014,71014|71015|71011,DL,880503,0,2,2,0.3337923586368561,0.4793464243412018,0.5328466296195984,0.20902705192565918,False
A,71014,71014|71015|71011,DL,880503,27,0,0,0.08368705958127975,0.18651770055294037,0.8937162756919861,0.5690683126449585,False
A,71014,71014|71015|71011,DL,880503,27,1,1,0.1578735113143921,0.3255414664745331,0.7620073556900024,0.356282114982605,False
A,71014,71014|71015|71011,DL,880503,27,2,2,0.3984138071537018,0.44202306866645813,0.7063350081443787,0.33346056938171387,False
A,71014,71014|71015|71011,DL,880503,43,0,0,0.10175501555204391,0.2227727621793747,0.8589446544647217,0.5120047330856323,False
A,71014,71014|71015|71011,DL,880503,43,1,1,0.15844370424747467,0.3285200297832489,0.7441056966781616,0.3402632474899292,False
A,71014,71014|71015|71011,DL,880503,43,2,2,0.41084036231040955,0.4480647146701813,0.7040954232215881,0.3396088480949402,False
A,71014,71014|71015|71011,DL,880503,59,0,0,0.09737303853034973,0.21258968114852905,0.8211283683776855,0.44876939058303833,False
A,71014,71014|71015|71011,DL,880503,59,1,1,0.1825675517320633,0.3683505952358246,0.8122304081916809,0.41547948122024536,False
A,71014,71014|71015|71011,DL,880503,59,2,2,0.28007015585899353,0.47734132409095764,0.35367482900619507,0.13005772233009338,False
A,71014,71014|71015|71011,DL,880503,79,0,0,0.11842421442270279,0.26729393005371094,0.7060631513595581,0.3495844006538391,False
A,71014,71014|71015|71011,DL,880503,79,1,1,0.18419642746448517,0.37382951378822327,0.7830005884170532,0.3855169415473938,False
A,71014,71014|71015|71011,DL,880503,79,2,2,0.287758469581604,0.48681315779685974,0.348524272441864,0.13570576906204224,False
A,71014,71014|71015|71011,DL,880503,119,0,0,0.1396128237247467,0.29589658975601196,0.8716569542884827,0.48327720165252686,False
A,71014,71014|71015|71011,DL,880503,119,1,1,0.19031260907649994,0.3761192262172699,0.8518296480178833,0.47077444195747375,False
A,71014,71014|71015|71011,DL,880503,119,2,2,0.30399617552757263,0.5060752034187317,0.3371022641658783,0.16191807389259338,False
A,71014,71014|71015|71011,CP,880600,0,0,0,0.12554071843624115,0.30169013142585754,0.5234960913658142,0.2787986993789673,False
A,71014,71014|71015|71011,CP,880600,0,1,1,0.17169742286205292,0.34363606572151184,0.802115797996521,0.3942762017250061,False
A,71014,71014|71015|71011,CP,880600,0,2,2,0.3337923586368561,0.4793464243412018,0.5328466296195984,0.20902705192565918,False
A,71014,71014|71015|71011,CP,880600,27,0,0,0.06745804101228714,0.1546153426170349,0.8867752552032471,0.5578112006187439,False
A,71014,71014|71015|71011,CP,880600,27,1,1,0.15244223177433014,0.3192918598651886,0.7574093341827393,0.3524931073188782,False
A,71014,71014|71015|71011,CP,880600,27,2,2,0.393439918756485,0.43940261006355286,0.7320937514305115,0.3614557981491089,False
A,71014,71014|71015|71011,CP,880600,43,0,0,0.06829095631837845,0.15540820360183716,0.8837953805923462,0.5220911502838135,False
A,71014,71014|71015|71011,CP,880600,43,1,1,0.16929709911346436,0.3504335582256317,0.8235126733779907,0.4262111186981201,False
A,71014,71014|71015|71011,CP,880600,43,2,2,0.27368178963661194,0.46588268876075745,0.366393506526947,0.13256429135799408,False
A,71014,71014|71015|71011,CP,880600,59,0,0,0.06804340332746506,0.1553628295660019,0.8267830610275269,0.4531301259994507,False
A,71014,71014|71015|71011,CP,880600,59,1,1,0.17341013252735138,0.35744842886924744,0.8071776032447815,0.4086951017379761,False
A,71014,71014|71015|71011,CP,880600,59,2,2,0.27926433086395264,0.4731416702270508,0.36267977952957153,0.1344098448753357,False
A,71014,71014|71015|71011,CP,880600,79,0,0,0.08944729715585709,0.21086668968200684,0.7126290798187256,0.3553921580314636,False
A,71014,71014|71015|71011,CP,880600,79,1,1,0.17629621922969818,0.3654548227787018,0.7740738391876221,0.3766447901725769,False
A,71014,71014|71015|71011,CP,880600,79,2,2,0.28672856092453003,0.48251843452453613,0.3570460379123688,0.13990740478038788,False
A,71014,71014|71015|71011,CP,880600,119,0,0,0.13088025152683258,0.2785445749759674,0.8805974721908569,0.4945908188819885,False
A,71014,71014|71015|71011,CP,880600,119,1,1,0.18766029179096222,0.37122786045074463,0.8537665605545044,0.4690309166908264,False
A,71014,71014|71015|71011,CP,880600,119,2,2,0.30264702439308167,0.5017130374908447,0.3449462056159973,0.16573315858840942,False
A,71014,71014|71015|71011,CP,880601,0,0,0,0.13779135048389435,0.3295653164386749,0.5378309488296509,0.2704538106918335,False
A,71014,71014|71015|71011,CP,880601,0,1,1,0.18654398620128632,0.3625451624393463,0.8186790943145752,0.41194948554039,False
A,71014,71014|71015|71011,CP,880601,0,2,2,0.3337923586368561,0.4793464243412018,0.5328466296195984,0.20902705192565918,False
A,71014,71014|71015|71011,CP,880601,27,0,0,0.07719874382019043,0.17231397330760956,0.8549864292144775,0.5078164339065552,False
A,71014,71014|71015|71011,CP,880601,27,1,1,0.19068022072315216,0.3693012297153473,0.7897058725357056,0.38168901205062866,False
A,71014,71014|71015|71011,CP,880601,27,2,2,0.39670857787132263,0.44639599323272705,0.5352821946144104,0.21988296508789062,False
A,71014,71014|71015|71011,CP,880601,43,0,0,0.09960019588470459,0.21683979034423828,0.8141787648200989,0.45427393913269043,False
A,71014,71014|71015|71011,CP,880601,43,1,1,0.19277693331241608,0.3750072419643402,0.7733102440834045,0.36691775918006897,False
A,71014,71014|71015|71011,CP,880601,43,2,2,0.4097285270690918,0.4507739245891571,0.5295514464378357,0.23557251691818237,False
A,71014,71014|71015|71011,CP,880601,59,0,0,0.1324314922094345,0.28614541888237,0.7459085583686829,0.3968222141265869,False
A,71014,71014|71015|71011,CP,880601,59,1,1,0.20009928941726685,0.3889821767807007,0.7502045035362244,0.34960854053497314,False
A,71014,71014|71015|71011,CP,880601,59,2,2,0.4113048017024994,0.4559781849384308,0.5512418746948242,0.30257201194763184,False
A,71014,71014|71015|71011,CP,880601,79,0,0,0.13088129460811615,0.29354071617126465,0.6430310010910034,0.3097244203090668,False
A,71014,71014|71015|71011,CP,880601,79,1,1,0.21575826406478882,0.4062078297138214,0.8110666275024414,0.40675508975982666,False
A,71014,71014|71015|71011,CP,880601,79,2,2,0.2888971269130707,0.4909014403820038,0.34051674604415894,0.1316244900226593,False
A,71014,71014|71015|71011,CP,880601,119,0,0,0.1485440582036972,0.31343701481819153,0.8617634773254395,0.4708828926086426,False
A,71014,71014|71015|71011,CP,880601,119,1,1,0.193425714969635,0.3819364607334137,0.8469986915588379,0.4709935784339905,False
A,71014,71014|71015|71011,CP,880601,119,2,2,0.3054262101650238,0.5102096199989319,0.32972776889801025,0.15802472829818726,False
A,71014,71014|71015|71011,CP,880602,0,0,0,0.12891162931919098,0.30310171842575073,0.8517656922340393,0.46948662400245667,False
A,71014,71014|71015|71011,CP,880602,0,1,1,0.16923369467258453,0.329674631357193,0.7689453959465027,0.36224043369293213,False
A,71014,71014|71015|71011,CP,880602,0,2,2,0.3337923586368561,0.4793464243412018,0.5328466296195984,0.20902705192565918,False
A,71014,71014|71015|71011,CP,880602,27,0,0,0.19355404376983643,0.41711530089378357,0.9839094877243042,0.6651233434677124,False
A,71014,71014|71015|71011,CP,880602,27,1,1,0.15495604276657104,0.30646881461143494,0.7245819568634033,0.3266170620918274,False
A,71014,71014|71015|71011,CP,880602,27,2,2,0.39880135655403137,0.44035840034484863,0.7281065583229065,0.3428286910057068,False
A,71014,71014|71015|71011,CP,880602,43,0,0,0.20371724665164948,0.4394599199295044,0.9686614871025085,0.6458967924118042,False
A,71014,71014|71015|71011,CP,880602,43,1,1,0.18273264169692993,0.3621349036693573,0.8138667345046997,0.41239893436431885,False
A,71014,71014|71015|71011,CP,880602,43,2,2,0.27368858456611633,0.46616455912590027,0.3654370605945587,0.1323160082101822,False
A,71014,71014|71015|71011,CP,880602,59,0,0,0.20695219933986664,0.4452040195465088,0.9452759623527527,0.622484028339386,False
A,71014,71014|71015|71011,CP,880602,59,1,1,0.18009845912456512,0.3593275249004364,0.8011113405227661,0.3988429307937622,False
A,71014,71014|71015|71011,CP,880602,59,2,2,0.2792671024799347,0.4734065532684326,0.3616679012775421,0.13431012630462646,False
A,71014,71014|71015|71011,CP,880602,79,0,0,0.21213650703430176,0.45896580815315247,0.9125754237174988,0.593629002571106,False
A,71014,71014|71015|71011,CP,880602,79,1,1,0.17977984249591827,0.36331725120544434,0.7823846340179443,0.3799244165420532,False
A,71014,71014|71015|71011,CP,880602,79,2,2,0.2867261469364166,0.48276448249816895,0.35597798228263855,0.1400686502456665,False
A,71014,71014|71015|71011,CP,880602,119,0,0,0.1309034675359726,0.2788669764995575,0.8816285729408264,0.4960232377052307,False
A,71014,71014|71015|71011,CP,880602,119,1,1,0.187862828373909,0.3717097342014313,0.8545949459075928,0.46967077255249023,False
A,71014,71014|71015|71011,CP,880602,119,2,2,0.3026368021965027,0.5019338726997375,0.34395620226860046,0.16657385230064392,False
A,71014,71014|71015|71011,CP,880603,0,0,0,0.12715215981006622,0.3039005696773529,0.5947442054748535,0.30690670013427734,False
A,71014,71014|71015|71011,CP,880603,0,1,1,0.1703985184431076,0.33969321846961975,0.7966979742050171,0.3887005150318146,False
A,71014,71014|71015|71011,CP,880603,0,2,2,0.3337923586368561,0.4793464243412018,0.5328466296195984,0.20902705192565918,False
A,71014,71014|71015|71011,CP,880603,27,0,0,0.10283893346786499,0.226340651512146,0.9031968116760254,0.5869026184082031,False
A,71014,71014|71015|71011,CP,880603,27,1,1,0.15153293311595917,0.3147059679031372,0.7533206939697266,0.3497491478919983,False
A,71014,71014|71015|71011,CP,880603,27,2,2,0.39455631375312805,0.43989816308021545,0.7369069457054138,0.35886821150779724,False
A,71014,71014|71015|71011,CP,880603,43,0,0,0.12162376195192337,0.2638060748577118,0.8678017854690552,0.5339455604553223,False
A,71014,71014|71015|71011,CP,880603,43,1,1,0.15042096376419067,0.3145183026790619,0.7379903793334961,0.3358747959136963,False
A,71014,71014|71015|71011,CP,880603,43,2,2,0.4068748950958252,0.44599807262420654,0.7362923622131348,0.36511892080307007,False
A,71014,71014|71015|71011,CP,880603,59,0,0,0.146959587931633,0.3150811791419983,0.8232723474502563,0.4648773670196533,False
A,71014,71014|71015|71011,CP,880603,59,1,1,0.15931634604930878,0.3329911530017853,0.699526309967041,0.30811548233032227,False
A,71014,71014|71015|71011,CP,880603,59,2,2,0.4127812087535858,0.45200231671333313,0.7375971078872681,0.3783004879951477,False
A,71014,71014|71015|71011,CP,880603,79,0,0,0.14690972864627838,0.3198128044605255,0.7353601455688477,0.3718503415584564,False
A,71014,71014|71015|71011,CP,880603,79,1,1,0.1814374178647995,0.37116479873657227,0.7869307398796082,0.3889707326889038,False
A,71014,71014|71015|71011,CP,880603,79,2,2,0.2888931930065155,0.49101606011390686,0.339996337890625,0.13170596957206726,False
A,71014,71014|71015|71011,CP,880603,119,0,0,0.14858518540859222,0.313675194978714,0.8623666167259216,0.4716877043247223,False
A,71014,71014|71015|71011,CP,880603,119,1,1,0.1935216337442398,0.38214707374572754,0.8476474285125732,0.4714452028274536,False
A,71014,71014|71015|71011,CP,880603,119,2,2,0.3054158389568329,0.5103129744529724,0.32922983169555664,0.15845367312431335,False
A,71015,71015|71011|71012,N,880000,0,0,0,0.1899152398109436,0.3496704399585724,0.884386420249939,0.5153688192367554,False
A,71015,71015|71011|71012,N,880000,0,1,1,0.20266681909561157,0.40223491191864014,0.9049449563026428,0.5597319006919861,False
A,71015,71015|71011|71012,N,880000,0,2,2,0.34908273816108704,0.4850926399230957,0.9936506152153015,0.6799700260162354,False
A,71015,71015|71011|71012,N,880000,27,0,0,0.14934749901294708,0.31634846329689026,0.9464107155799866,0.6084571480751038,False
A,71015,71015|71011|71012,N,880000,27,1,1,0.20804990828037262,0.4140632450580597,0.915998101234436,0.5955158472061157,False
A,71015,71015|71011|71012,N,880000,27,2,2,0.36702707409858704,0.4452913701534271,0.9842280149459839,0.6692608594894409,False
A,71015,71015|71011|71012,N,880000,43,0,0,0.15388739109039307,0.3107375502586365,0.940679669380188,0.603474497795105,False
A,71015,71015|71011|71012,N,880000,43,1,1,0.20732645690441132,0.4150494635105133,0.9171295762062073,0.5975643396377563,False
A,71015,71015|71011|71012,N,880000,43,2,2,0.3424234092235565,0.44633176922798157,0.9828058481216431,0.6685381531715393,False
A,71015,71015|71011|71012,N,880000,59,0,0,0.16101495921611786,0.31162548065185547,0.9353353381156921,0.6003199815750122,False
A,71015,71015|71011|71012,N,880000,59,1,1,0.21072478592395782,0.4249596893787384,0.9106605052947998,0.592079222202301,False
A,71015,71015|71011|71012,N,880000,59,2,2,0.29606035351753235,0.44855889678001404,0.9788464307785034,0.6653134822845459,False
A,71015,71015|71011|71012,N,880000,79,0,0,0.17024147510528564,0.3233332335948944,0.9298008680343628,0.598608672618866,False
A,71015,71015|71011|71012,N,880000,79,1,1,0.2141098529100418,0.43693873286247253,0.9011936783790588,0.5859275460243225,False
A,71015,71015|71011|71012,N,880000,79,2,2,0.24769674241542816,0.4475451409816742,0.9714096784591675,0.6591461896896362,False
A,71015,71015|71011|71012,N,880000,119,0,0,0.09658065438270569,0.18977892398834229,0.9758312702178955,0.633870005607605,False
A,71015,71015|71011|71012,N,880000,119,1,1,0.22707527875900269,0.4423213005065918,0.9800295233726501,0.6470743417739868,False
A,71015,71015|71011|71012,N,880000,119,2,2,0.3489471971988678,0.4757155478000641,0.9939011931419373,0.6818093061447144,False
A,71015,71015|71011|71012,N,880001,0,0,0,0.18098820745944977,0.33180713653564453,0.90639328956604,0.5324379205703735,False
A,71015,71015|71011|71012,N,880001,0,1,1,0.18747885525226593,0.3762138783931732,0.9145454168319702,0.5657981038093567,False
A,71015,71015|71011|71012,N,880001,0,2,2,0.34908273816108704,0.4850926399230957,0.9936506152153015,0.6799700260162354,False
A,71015,71015|71011|71012,N,880001,27,0,0,0.1690911203622818,0.3469424247741699,0.9155291318893433,0.5802282094955444,False
A,71015,71015|71011|71012,N,880001,27,1,1,0.18003696203231812,0.3658786714076996,0.9284622073173523,0.5961512327194214,False
A,71015,71015|71011|71012,N,880001,27,2,2,0.3769892752170563,0.4341607987880707,0.9849972128868103,0.6736984252929688,False
A,71015,71015|71011|71012,N,880001,43,0,0,0.1767587810754776,0.33870232105255127,0.9087976217269897,0.5778635740280151,False
A,71015,71015|71011|71012,N,880001,43,1,1,0.18036730587482452,0.3680417537689209,0.928808331489563,0.5970865488052368,False
A,71015,71015|71011|71012,N,880001,43,2,2,0.36225244402885437,0.4357483685016632,0.9840443134307861,0.6731436848640442,False
A,71015,71015|71011|71012,N,880001,59,0,0,0.1867748349905014,0.3345525562763214,0.9074889421463013,0.5824955105781555,False
A,71015,71015|71011|71012,N,880001,59,1,1,0.1833956241607666,0.37751340866088867,0.9247604608535767,0.5939813852310181,False
A,71015,71015|71011|71012,N,880001,59,2,2,0.32768166065216064,0.43980488181114197,0.9815393686294556,0.6698665618896484,False
A,71015,71015|71011|71012,N,880001,79,0,0,0.1979876160621643,0.34718942642211914,0.9112125635147095,0.5918005108833313,False
A,71015,71015|71011|71012,N,880001,79,1,1,0.1905539482831955,0.39442646503448486,0.9173368215560913,0.5878166556358337,False
A,71015,71015|71011|71012,N,880001,79,2,2,0.2705027461051941,0.4410451352596283,0.9757182002067566,0.6620069742202759,False
A,71015,71015|71011|71012,N,880001,119,0,0,0.09702467918395996,0.19064246118068695,0.9758310914039612,0.6338508129119873,False
A,71015,71015|71011|71012,N,880001,119,1,1,0.22717535495758057,0.44248726963996887,0.9800258278846741,0.6470784544944763,False
A,71015,71015|71011|71012,N,880001,119,2,2,0.348903626203537,0.4758627712726593,0.993904173374176,0.6818098425865173,False
A,71015,71015|71011|71012,N,880002,0,0,0,0.1774379014968872,0.3265529274940491,0.8749915361404419,0.5205231308937073,False
A,71015,71015|71011|71012,N,880002,0,1,1,0.19700860977172852,0.39672717452049255,0.9101630449295044,0.5535588264465332,False
A,71015,71015|71011|71012,N,880002,0,2,2,0.34908273816108704,0.4850926399230957,0.9936506152153015,0.6799700260162354,False
A,71015,71015|71011|71012,N,880002,27,0,0,0.15425050258636475,0.35627660155296326,0.8821926712989807,0.534293532371521,False
A,71015,71015|71011|71012,N,880002,27,1,1,0.18652178347110748,0.3819665014743805,0.9251621961593628,0.5859525203704834,False
A,71015,71015|71011|71012,N,880002,27,2,2,0.3582831919193268,0.43998026847839355,0.9780408143997192,0.6625657081604004,False
A,71015,71015|71011|71012,N,880002,43,0,0,0.157576322555542,0.3407258987426758,0.8834275007247925,0.5398603677749634,False
A,71015,71015|71011|71012,N,880002,43,1,1,0.18694448471069336,0.38424935936927795,0.9249654412269592,0.5862301588058472,False
A,71015,71015|71011|71012,N,880002,43,2,2,0.3304111659526825,0.44089531898498535,0.9754977226257324,0.6605881452560425,False
A,71015,71015|71011|71012,N,880002,59,0,0,0.16054736077785492,0.31577765941619873,0.892458975315094,0.5553317070007324,False
A,71015,71015|71011|71012,N,880002,59,1,1,0.1892247200012207,0.39173778891563416,0.9217432141304016,0.5844197273254395,False
A,71015,71015|71011|71012,N,880002,59,2,2,0.2887416183948517,0.44147026538848877,0.9712876081466675,0.6565948724746704,False
A,71015,71015|71011|71012,N,880002,79,0,0,0.16608399152755737,0.3105500042438507,0.9007608294487,0.5707898736000061,False
A,71015,71015|71011|71012,N,880002,79,1,1,0.19213594496250153,0.4020804464817047,0.9155066609382629,0.5820966958999634,False
A,71015,71015|71011|71012,N,880002,79,2,2,0.250046044588089,0.439463347196579,0.9642523527145386,0.6499254703521729,False
A,71015,71015|71011|71012,N,880002,119,0,0,0.09569504857063293,0.18805663287639618,0.9758312106132507,0.6339079141616821,False
A,71015,71015|71011|71012,N,880002,119,1,1,0.22687411308288574,0.44198736548423767,0.9800370931625366,0.6470661163330078,False
A,71015,71015|71011|71012,N,880002,119,2,2,0.34903374314308167,0.4754219055175781,0.9938947558403015,0.6818076968193054,False
A,71015,71015|71011|71012,N,880003,0,0,0,0.1935407966375351,0.35965320467948914,0.9004229307174683,0.5272088050842285,False
A,71015,71015|71011|71012,N,880003,0,1,1,0.19188864529132843,0.38236865401268005,0.9112442135810852,0.5670914649963379,False
A,71015,71015|71011|71012,N,880003,0,2,2,0.34908273816108704,0.4850926399230957,0.9936506152153015,0.6799700260162354,False
A,71015,71015|71011|71012,N,880003,27,0,0,0.15741293132305145,0.3345433473587036,0.9591425657272339,0.6269327998161316,False
A,71015,71015|71011|71012,N,880003,27,1,1,0.1964128017425537,0.38860034942626953,0.9213365912437439,0.603009045124054,False
A,71015,71015|71011|71012,N,880003,27,2,2,0.38331320881843567,0.444512277841568,0.9873304963111877,0.6737496852874756,False
A,71015,71015|71011|71012,N,880003,43,0,0,0.1647329479455948,0.33230718970298767,0.9561018943786621,0.6245912313461304,False
A,71015,71015|71011|71012,N,880003,43,1,1,0.19644099473953247,0.39056849479675293,0.9226332902908325,0.6050968170166016,False
A,71015,71015|71011|71012,N,880003,43,2,2,0.3677636682987213,0.4464602470397949,0.9868906140327454,0.6737303137779236,False
A,71015,71015|71011|71012,N,880003,59,0,0,0.1800857037305832,0.3423280417919159,0.9528554081916809,0.6226258277893066,False
A,71015,71015|71011|71012,N,880003,59,1,1,0.19996309280395508,0.4012558162212372,0.9169659614562988,0.6002763509750366,False
A,71015,71015|71011|71012,N,880003,59,2,2,0.33165398240089417,0.4499301612377167,0.9846694469451904,0.6713622808456421,False
A,71015,71015|71011|71012,N,880003,79,0,0,0.2038542479276657,0.37361112236976624,0.9492108225822449,0.6212174892425537,False
A,71015,71015|71011|71012,N,880003,79,1,1,0.20667070150375366,0.41915163397789,0.9068803787231445,0.592556893825531,False
A,71015,71015|71011|71012,N,880003,79,2,2,0.27143195271492004,0.4508547782897949,0.9787153005599976,0.6650658249855042,False
A,71015,71015|71011|71012,N,880003,119,0,0,0.09702467918395996,0.19064246118068695,0.9758310914039612,0.6338508129119873,False
A,71015,71015|71011|71012,N,880003,119,1,1,0.22717535495758057,0.44248726963996887,0.9800258278846741,0.6470784544944763,False
A,71015,71015|71011|71012,N,880003,119,2,2,0.348903626203537,0.4758627712726593,0.993904173374176,0.6818098425865173,False
A,71015,71015|71011|71012,F0,880100,0,0,0,0.18735601007938385,0.34601518511772156,0.9118233919143677,0.5383765697479248,False
A,71015,71015|71011|71012,F0,880100,0,1,1,0.18542157113552094,0.37058892846107483,0.9163612127304077,0.5691885352134705,False
A,71015,71015|71011|71012,F0,880100,0,2,2,0.34908273816108704,0.4850926399230957,0.9936506152153015,0.6799700260162354,False
A,71015,71015|71011|71012,F0,880100,27,0,0,0.1712457537651062,0.3545219898223877,0.943131685256958,0.6114822626113892,False
A,71015,71015|71011|71012,F0,880100,27,1,1,0.18293587863445282,0.36484959721565247,0.9287564754486084,0.602041482925415,False
A,71015,71015|71011|71012,F0,880100,27,2,2,0.38288357853889465,0.4370879828929901,0.986984372138977,0.6759278774261475,False
A,71015,71015|71011|71012,F0,880100,43,0,0,0.18185023963451385,0.351541668176651,0.9385344982147217,0.6096628904342651,False
A,71015,71015|71011|71012,F0,880100,43,1,1,0.18410702049732208,0.3683715760707855,0.9292806386947632,0.6031417846679688,False
A,71015,71015|71011|71012,F0,880100,43,2,2,0.37101778388023376,0.43862995505332947,0.9866648316383362,0.6759000420570374,False
A,71015,71015|71011|71012,F0,880100,59,0,0,0.20560120046138763,0.3728714883327484,0.9136830568313599,0.5894495248794556,False
A,71015,71015|71011|71012,F0,880100,59,1,1,0.2135225087404251,0.43166497349739075,0.984014630317688,0.6506481170654297,False
A,71015,71015|71011|71012,F0,880100,59,2,2,0.31532737612724304,0.5296843647956848,0.9927277565002441,0.6812726259231567,False
A,71015,71015|71011|71012,F0,880100,79,0,0,0.2176813930273056,0.3809302747249603,0.9101565480232239,0.5954138040542603,False
A,71015,71015|71011|71012,F0,880100,79,1,1,0.20969869196414948,0.4284062683582306,0.9846234321594238,0.6521662473678589,False
A,71015,71015|71011|71012,F0,880100,79,2,2,0.3228066861629486,0.5396425724029541,0.9923485517501831,0.680976390838623,False
A,71015,71015|71011|71012,F0,880100,119,0,0,0.1221403256058693,0.23287589848041534,0.9709743857383728,0.6233872771263123,False
A,71015,71015|71011|71012,F0,880100,119,1,1,0.2293034791946411,0.4510732591152191,0.9736186265945435,0.6334114074707031,False
A,71015,71015|71011|71012,F0,880100,119,2,2,0.334695428609848,0.5549544095993042,0.9914805889129639,0.6802264451980591,False
A,71015,71015|71011|71012,F0,880101,0,0,0,0.19131410121917725,0.35775938630104065,0.894210934638977,0.5242432951927185,False
A,71015,71015|71011|71012,F0,880101,0,1,1,0.19276024401187897,0.38536372780799866,0.911434531211853,0.5654364824295044,False
A,71015,71015|71011|71012,F0,880101,0,2,2,0.34908273816108704,0.4850926399230957,0.9936506152153015,0.6799700260162354,False
A,71015,71015|71011|71012,F0,880101,27,0,0,0.15527962148189545,0.33617377281188965,0.9565571546554565,0.6220764517784119,False
A,71015,71015|71011|71012,F0,880101,27,1,1,0.19612227380275726,0.38941407203674316,0.9243080019950867,0.6042489409446716,False
A,71015,71015|71011|71012,F0,880101,27,2,2,0.3809133768081665,0.4459320604801178,0.9862985610961914,0.6718831658363342,False
A,71015,71015|71011|71012,F0,880101,43,0,0,0.16034428775310516,0.33092984557151794,0.9527432918548584,0.618765115737915,False
A,71015,71015|71011|71012,F0,880101,43,1,1,0.19607742130756378,0.39096054434776306,0.9260191321372986,0.6065874099731445,False
A,71015,71015|71011|71012,F0,880101,43,2,2,0.3620867431163788,0.4481287896633148,0.9855203032493591,0.6715850830078125,False
A,71015,71015|71011|71012,F0,880101,59,0,0,0.18136148154735565,0.3475912809371948,0.9382386207580566,0.6032997369766235,False
A,71015,71015|71011|71012,F0,880101,59,1,1,0.22997701168060303,0.4557686746120453,0.9798628687858582,0.6419945359230042,False
A,71015,71015|71011|71012,F0,880101,59,2,2,0.31523141264915466,0.5293517112731934,0.9927303791046143,0.6812679171562195,False
A,71015,71015|71011|71012,F0,880101,79,0,0,0.20105291903018951,0.36970987915992737,0.9290202260017395,0.5999432802200317,False
A,71015,71015|71011|71012,F0,880101,79,1,1,0.22374285757541656,0.4497424066066742,0.9804804921150208,0.6432138085365295,False
A,71015,71015|71011|71012,F0,880101,79,2,2,0.3227261006832123,0.5393481850624084,0.9923520088195801,0.6809728145599365,False
A,71015,71015|71011|71012,F0,880101,119,0,0,0.12107754498720169,0.2309333086013794,0.970970094203949,0.6234176158905029,False
A,71015,71015|71011|71012,F0,880101,119,1,1,0.22915548086166382,0.4507509171962738,0.9736444354057312,0.6334587335586548,False
A,71015,71015|71011|71012,F0,880101,119,2,2,0.3346458673477173,0.554726779460907,0.9914873242378235,0.6802271604537964,False
A,71015,71015|71011|71012,F0,880102,0,0,0,0.19180762767791748,0.35490962862968445,0.8884097337722778,0.5182369351387024,False
A,71015,71015|71011|71012,F0,880102,0,1,1,0.19943980872631073,0.3964567184448242,0.9066578149795532,0.5619513392448425,False
A,71015,71015|71011|71012,F0,880102,0,2,2,0.34908273816108704,0.4850926399230957,0.9936506152153015,0.6799700260162354,False
A,71015,71015|71011|71012,F0,880102,27,0,0,0.14931146800518036,0.3186837434768677,0.9527795314788818,0.6171692609786987,False
A,71015,71015|71011|71012,F0,880102,27,1,1,0.20550505816936493,0.4079209864139557,0.9204774498939514,0.5990006923675537,False
A,71015,71015|71011|71012,F0,880102,27,2,2,0.37303614616394043,0.44584521651268005,0.9853119850158691,0.6705666780471802,False
A,71015,71015|71011|71012,F0,880102,43,0,0,0.1547427773475647,0.31519219279289246,0.9480501413345337,0.6129050254821777,False
A,71015,71015|71011|71012,F0,880102,43,1,1,0.20490770041942596,0.4090912640094757,0.9221282005310059,0.6011667251586914,False
A,71015,71015|71011|71012,F0,880102,43,2,2,0.3509249687194824,0.4473766088485718,0.9842124581336975,0.6700965166091919,False
A,71015,71015|71011|71012,F0,880102,59,0,0,0.17254789173603058,0.32796600461006165,0.9325483441352844,0.5975533723831177,False
A,71015,71015|71011|71012,F0,880102,59,1,1,0.2298799753189087,0.455910325050354,0.9788113832473755,0.639906644821167,False
A,71015,71015|71011|71012,F0,880102,59,2,2,0.31527939438819885,0.5295180082321167,0.992729127407074,0.6812703609466553,False
A,71015,71015|71011|71012,F0,880102,79,0,0,0.18379084765911102,0.34192848205566406,0.9230803847312927,0.5941153764724731,False
A,71015,71015|71011|71012,F0,880102,79,1,1,0.2244032621383667,0.4513278901576996,0.9793884754180908,0.6409957408905029,False
A,71015,71015|71011|71012,F0,880102,79,2,2,0.32276639342308044,0.5394955277442932,0.9923503398895264,0.6809747219085693,False
A,71015,71015|71011|71012,F0,880102,119,0,0,0.1216084435582161,0.23190374672412872,0.9709722995758057,0.6234025955200195,False
A,71015,71015|71011|71012,F0,880102,119,1,1,0.22922945022583008,0.45091208815574646,0.9736316800117493,0.6334351301193237,False
A,71015,71015|71011|71012,F0,880102,119,2,2,0.334670752286911,0.554840624332428,0.9914839863777161,0.6802269220352173,False
A,71015,71015|71011|71012,F0,880103,0,0,0,0.1916816681623459,0.3570915460586548,0.8982661962509155,0.5261543989181519,False
A,71015,71015|71011|71012,F0,880103,0,1,1,0.1917964667081833,0.3829231262207031,0.9116796851158142,0.5665100812911987,False
A,71015,71015|71011|71012,F0,880103,0,2,2,0.34908273816108704,0.4850926399230957,0.9936506152153015,0.6799700260162354,False
A,71015,71015|71011|71012,F0,880103,27,0,0,0.15730439126491547,0.33642640709877014,0.9568168520927429,0.6232196092605591,False
A,71015,71015|71011|71012,F0,880103,27,1,1,0.19509083032608032,0.3871282637119293,0.9226571321487427,0.6033848524093628,False
A,71015,71015|71011|71012,F0,880103,27,2,2,0.38216808438301086,0.4447391927242279,0.986870288848877,0.673017144203186,False
A,71015,71015|71011|71012,F0,880103,43,0,0,0.16362106800079346,0.3324070870876312,0.9532384872436523,0.6202815771102905,False
A,71015,71015|71011|71012,F0,880103,43,1,1,0.19510668516159058,0.38890907168388367,0.9240285754203796,0.605496883392334,False
A,71015,71015|71011|71012,F0,880103,43,2,2,0.365126371383667,0.4468422830104828,0.986282467842102,0.672852635383606,False
A,71015,71015|71011|71012,F0,880103,59,0,0,0.18552672863006592,0.3505348861217499,0.9384761452674866,0.6047468185424805,False
A,71015,71015|71011|71012,F0,880103,59,1,1,0.22791843116283417,0.4527907371520996,0.9804701805114746,0.6432245969772339,False
A,71015,71015|71011|71012,F0,880103,59,2,2,0.31527939438819885,0.5295180082321167,0.992729127407074,0.6812703609466553,False
A,71015,71015|71011|71012,F0,880103,79,0,0,0.20469073951244354,0.3718576431274414,0.9293633699417114,0.6016149520874023,False
A,71015,71015|71011|71012,F0,880103,79,1,1,0.22192515432834625,0.44696688652038574,0.9810912013053894,0.6445105075836182,False
A,71015,71015|71011|71012,F0,880103,79,2,2,0.32276639342308044,0.5394955277442932,0.9923503398895264,0.6809747219085693,False
A,71015,71015|71011|71012,F0,880103,119,0,0,0.1216084435582161,0.23190374672412872,0.9709722995758057,0.6234025955200195,False
A,71015,71015|71011|71012,F0,880103,119,1,1,0.22922945022583008,0.45091208815574646,0.9736316800117493,0.6334351301193237,False
A,71015,71015|71011|71012,F0,880103,119,2,2,0.334670752286911,0.554840624332428,0.9914839267730713,0.6802269220352173,False
A,71015,71015|71011|71012,TE,880200,0,0,0,0.19457589089870453,0.3610018789768219,0.8660550713539124,0.5244565010070801,False
A,71015,71015|71011|71012,TE,880200,0,1,1,0.21252644062042236,0.4201078414916992,0.8995087146759033,0.5520526170730591,False
A,71015,71015|71011|71012,TE,880200,0,2,2,0.34908273816108704,0.4850926399230957,0.9936506152153015,0.6799700260162354,False
A,71015,71015|71011|71012,TE,880200,27,0,0,0.13980191946029663,0.31922057271003723,0.9520346522331238,0.6146975755691528,False
A,71015,71015|71011|71012,TE,880200,27,1,1,0.22635328769683838,0.44321107864379883,0.9356470108032227,0.5982784628868103,False
A,71015,71015|71011|71012,TE,880200,27,2,2,0.3534523546695709,0.45094361901283264,0.9782527685165405,0.6615861654281616,False
A,71015,71015|71011|71012,TE,880200,43,0,0,0.15468408167362213,0.33042147755622864,0.9394820332527161,0.6002880334854126,False
A,71015,71015|71011|71012,TE,880200,43,1,1,0.24394981563091278,0.47162747383117676,0.973690390586853,0.6304232478141785,False
A,71015,71015|71011|71012,TE,880200,43,2,2,0.30833932757377625,0.5155191421508789,0.9930063486099243,0.6816180348396301,False
A,71015,71015|71011|71012,TE,880200,59,0,0,0.16084818542003632,0.3233772814273834,0.9301813840866089,0.5949527621269226,False
A,71015,71015|71011|71012,TE,880200,59,1,1,0.24229402840137482,0.4719867408275604,0.9742498397827148,0.6311365365982056,False
A,71015,71015|71011|71012,TE,880200,59,2,2,0.3148559331893921,0.5249159336090088,0.9927048683166504,0.6813752055168152,False
A,71015,71015|71011|71012,TE,880200,79,0,0,0.16908752918243408,0.3333035409450531,0.9209822416305542,0.5919193029403687,False
A,71015,71015|71011|71012,TE,880200,79,1,1,0.23580951988697052,0.46784350275993347,0.9746610522270203,0.6312873363494873,False
A,71015,71015|71011|71012,TE,880200,79,2,2,0.3222297728061676,0.5349648594856262,0.992318332195282,0.6810773611068726,False
A,71015,71015|71011|71012,TE,880200,119,0,0,0.09569504857063293,0.18805663287639618,0.9758312106132507,0.6339079141616821,False
A,71015,71015|71011|71012,TE,880200,119,1,1,0.22687411308288574,0.44198736548423767,0.9800370931625366,0.6470661163330078,False
A,71015,71015|71011|71012,TE,880200,119,2,2,0.34903374314308167,0.4754219055175781,0.9938947558403015,0.6818076968193054,False
A,71015,71015|71011|71012,TE,880201,0,0,0,0.19065962731838226,0.3526484966278076,0.8947293162345886,0.5222787857055664,False
A,71015,71015|71011|71012,TE,880201,0,1,1,0.19574368000030518,0.3898286521434784,0.9088108539581299,0.5639050006866455,False
A,71015,71015|71011|71012,TE,880201,0,2,2,0.34908273816108704,0.4850926399230957,0.9936506152153015,0.6799700260162354,False
A,71015,71015|71011|71012,TE,880201,27,0,0,0.1536615639925003,0.324034184217453,0.952157735824585,0.6168746948242188,False
A,71015,71015|71011|71012,TE,880201,27,1,1,0.1993570327758789,0.3970836400985718,0.9197461009025574,0.5994687676429749,False
A,71015,71015|71011|71012,TE,880201,27,2,2,0.3766289949417114,0.4442112445831299,0.9861549139022827,0.6720747351646423,False
A,71015,71015|71011|71012,TE,880201,43,0,0,0.17385172843933105,0.3446826934814453,0.9382178783416748,0.6005768179893494,False
A,71015,71015|71011|71012,TE,880201,43,1,1,0.22622133791446686,0.44852814078330994,0.9795808792114258,0.6414439678192139,False
A,71015,71015|71011|71012,TE,880201,43,2,2,0.30854901671409607,0.5180625915527344,0.9930164217948914,0.6815710067749023,False
A,71015,71015|71011|71012,TE,880201,59,0,0,0.17914114892482758,0.33366021513938904,0.9293235540390015,0.5952432155609131,False
A,71015,71015|71011|71012,TE,880201,59,1,1,0.22328047454357147,0.44712185859680176,0.9801747798919678,0.6427410840988159,False
A,71015,71015|71011|71012,TE,880201,59,2,2,0.31510159373283386,0.5274160504341125,0.9927161335945129,0.6813259720802307,False
A,71015,71015|71011|71012,TE,880201,79,0,0,0.19117945432662964,0.3483750820159912,0.9206875562667847,0.5937798023223877,False
A,71015,71015|71011|71012,TE,880201,79,1,1,0.21845382452011108,0.44308802485466003,0.9807541370391846,0.6438974142074585,False
A,71015,71015|71011|71012,TE,880201,79,2,2,0.3225269019603729,0.53741055727005,0.9923329949378967,0.6810286641120911,False
A,71015,71015|71011|71012,TE,880201,119,0,0,0.09658065438270569,0.18977892398834229,0.9758312702178955,0.633870005607605,False
A,71015,71015|71011|71012,TE,880201,119,1,1,0.22707527875900269,0.4423213005065918,0.9800295233726501,0.6470743417739868,False
A,71015,71015|71011|71012,TE,880201,119,2,2,0.3489471971988678,0.4757155478000641,0.9939011931419373,0.6818093061447144,False
A,71015,71015|71011|71012,TE,880202,0,0,0,0.18255358934402466,0.33868932723999023,0.8993493318557739,0.527233362197876,False
A,71015,71015|71011|71012,TE,880202,0,1,1,0.1884395033121109,0.3785523474216461,0.9144486784934998,0.5653339624404907,False
A,71015,71015|71011|71012,TE,880202,0,2,2,0.34908273816108704,0.4850926399230957,0.9936506152153015,0.6799700260162354,False
A,71015,71015|71011|71012,TE,880202,27,0,0,0.16423729062080383,0.34960436820983887,0.9269400835037231,0.5877286195755005,False
A,71015,71015|71011|71012,TE,880202,27,1,1,0.1830403059720993,0.369930624961853,0.9285193681716919,0.5993038415908813,False
A,71015,71015|71011|71012,TE,880202,27,2,2,0.3784113824367523,0.4393031597137451,0.9853141903877258,0.6723474264144897,False
A,71015,71015|71011|71012,TE,880202,43,0,0,0.18538399040699005,0.37214699387550354,0.894818902015686,0.5559477806091309,False
A,71015,71015|71011|71012,TE,880202,43,1,1,0.20892071723937988,0.42520633339881897,0.982212245464325,0.6469089984893799,False
A,71015,71015|71011|71012,TE,880202,43,2,2,0.30844414234161377,0.5158858299255371,0.993003785610199,0.6816227436065674,False
A,71015,71015|71011|71012,TE,880202,59,0,0,0.19075548648834229,0.3496822118759155,0.892889142036438,0.5633045434951782,False
A,71015,71015|71011|71012,TE,880202,59,1,1,0.20670181512832642,0.42482423782348633,0.9827865958213806,0.6481615304946899,False
A,71015,71015|71011|71012,TE,880202,59,2,2,0.3149507939815521,0.5252513885498047,0.9927018880844116,0.6813794374465942,False
A,71015,71015|71011|71012,TE,880202,79,0,0,0.20142297446727753,0.3541892468929291,0.8965029120445251,0.5778985619544983,False
A,71015,71015|71011|71012,TE,880202,79,1,1,0.20444971323013306,0.4237382411956787,0.9833959341049194,0.6494306325912476,False
A,71015,71015|71011|71012,TE,880202,79,2,2,0.3223096430301666,0.5352613925933838,0.992314338684082,0.6810803413391113,False
A,71015,71015|71011|71012,TE,880202,119,0,0,0.09658065438270569,0.18977892398834229,0.9758312702178955,0.633870005607605,False
A,71015,71015|71011|71012,TE,880202,119,1,1,0.22707527875900269,0.4423213005065918,0.9800295233726501,0.6470743417739868,False
A,71015,71015|71011|71012,TE,880202,119,2,2,0.3489471971988678,0.4757155478000641,0.9939011931419373,0.6818093061447144,False
A,71015,71015|71011|71012,TE,880203,0,0,0,0.1950509399175644,0.3614223301410675,0.8784562349319458,0.5150261521339417,False
A,71015,71015|71011|71012,TE,880203,0,1,1,0.20557034015655518,0.407062292098999,0.9029991030693054,0.5589522123336792,False
A,71015,71015|71011|71012,TE,880203,0,2,2,0.34908273816108704,0.4850926399230957,0.9936506152153015,0.6799700260162354,False
A,71015,71015|71011|71012,TE,880203,27,0,0,0.14341506361961365,0.31291696429252625,0.9552742838859558,0.620884120464325,False
A,71015,71015|71011|71012,TE,880203,27,1,1,0.21699698269367218,0.42658379673957825,0.9309133291244507,0.5998243093490601,False
A,71015,71015|71011|71012,TE,880203,27,2,2,0.36664196848869324,0.4486282765865326,0.983398973941803,0.6678816676139832,False
A,71015,71015|71011|71012,TE,880203,43,0,0,0.16036401689052582,0.32806336879730225,0.9454489946365356,0.609461784362793,False
A,71015,71015|71011|71012,TE,880203,43,1,1,0.2392626851797104,0.46548721194267273,0.9759519100189209,0.6346662640571594,False
A,71015,71015|71011|71012,TE,880203,43,2,2,0.30849626660346985,0.5178799629211426,0.9930176734924316,0.6815685629844666,False
A,71015,71015|71011|71012,TE,880203,59,0,0,0.1659369170665741,0.3239385187625885,0.9363753795623779,0.6024305820465088,False
A,71015,71015|71011|71012,TE,880203,59,1,1,0.23757387697696686,0.46571865677833557,0.9764928817749023,0.6355871558189392,False
A,71015,71015|71011|71012,TE,880203,59,2,2,0.3150538504123688,0.5272490382194519,0.9927177429199219,0.6813238859176636,False
A,71015,71015|71011|71012,TE,880203,79,0,0,0.17589396238327026,0.33769336342811584,0.9261799454689026,0.5966969728469849,False
A,71015,71015|71011|71012,TE,880203,79,1,1,0.23120230436325073,0.4608493745326996,0.9769551157951355,0.6361507177352905,False
A,71015,71015|71011|71012,TE,880203,79,2,2,0.3224866986274719,0.5372629165649414,0.9923350214958191,0.6810271143913269,False
A,71015,71015|71011|71012,TE,880203,119,0,0,0.09613753110170364,0.1889171153306961,0.9758312106132507,0.6338889598846436,False
A,71015,71015|71011|71012,TE,880203,119,1,1,0.22697488963603973,0.4421546459197998,0.9800332188606262,0.6470701694488525,False
A,71015,71015|71011|71012,TE,880203,119,2,2,0.3489905595779419,0.47556862235069275,0.9938978552818298,0.6818084716796875,False
A,71015,71015|71011|71012,TL,880300,0,0,0,0.19351215660572052,0.35719558596611023,0.9033079147338867,0.5283693075180054,False
A,71015,71015|71011|71012,TL,880300,0,1,1,0.19263605773448944,0.383087158203125,0.9101603031158447,0.5664283037185669,False
A,71015,71015|71011|71012,TL,880300,0,2,2,0.34908273816108704,0.4850926399230957,0.9936506152153015,0.6799700260162354,False
A,71015,71015|71011|71012,TL,880300,27,0,0,0.15803535282611847,0.32789671421051025,0.9573076963424683,0.6251610517501831,False
A,71015,71015|71011|71012,TL,880300,27,1,1,0.19671733677387238,0.39014971256256104,0.9198710918426514,0.6005516052246094,False
A,71015,71015|71011|71012,TL,880300,27,2,2,0.3817850649356842,0.4429815709590912,0.9874973297119141,0.6744387745857239,False
A,71015,71015|71011|71012,TL,880300,43,0,0,0.16648827493190765,0.32692161202430725,0.9540927410125732,0.6228523850440979,False
A,71015,71015|71011|71012,TL,880300,43,1,1,0.19687461853027344,0.39292800426483154,0.9203706383705139,0.6018494367599487,False
A,71015,71015|71011|71012,TL,880300,43,2,2,0.3662228584289551,0.4447290003299713,0.9870724678039551,0.6743727922439575,False
A,71015,71015|71011|71012,TL,880300,59,0,0,0.18890009820461273,0.3480306565761566,0.9408411383628845,0.6093889474868774,False
A,71015,71015|71011|71012,TL,880300,59,1,1,0.22791826725006104,0.45223143696784973,0.9808270335197449,0.6438366770744324,False
A,71015,71015|71011|71012,TL,880300,59,2,2,0.31553253531455994,0.5317214131355286,0.9927392601966858,0.6812150478363037,False
A,71015,71015|71011|71012,TL,880300,79,0,0,0.2052147388458252,0.36812612414360046,0.9317295551300049,0.6057608127593994,False
A,71015,71015|71011|71012,TL,880300,79,1,1,0.2216644436120987,0.4459809958934784,0.9815137982368469,0.645385205745697,False
A,71015,71015|71011|71012,TL,880300,79,2,2,0.32306841015815735,0.5416612029075623,0.9923641085624695,0.6809201836585999,False
A,71015,71015|71011|71012,TL,880300,119,0,0,0.12455885857343674,0.23731423914432526,0.9709082245826721,0.6232367753982544,False
A,71015,71015|71011|71012,TL,880300,119,1,1,0.23101413249969482,0.4526175260543823,0.9733418226242065,0.6325767040252686,False
A,71015,71015|71011|71012,TL,880300,119,2,2,0.3350731432437897,0.5569343566894531,0.9915146231651306,0.6801928281784058,False
A,71015,71015|71011|71012,TL,880301,0,0,0,0.1823158860206604,0.33498838543891907,0.8623456954956055,0.5265777111053467,False
A,71015,71015|71011|71012,TL,880301,0,1,1,0.20816077291965485,0.41564321517944336,0.9033486247062683,0.5458462238311768,False
A,71015,71015|71011|71012,TL,880301,0,2,2,0.34908273816108704,0.4850926399230957,0.9936506152153015,0.6799700260162354,False
A,71015,71015|71011|71012,TL,880301,27,0,0,0.14658336341381073,0.35422149300575256,0.9048752188682556,0.552281379699707,False
A,71015,71015|71011|71012,TL,880301,27,1,1,0.20570416748523712,0.4152064323425293,0.9173906445503235,0.5845389366149902,False
A,71015,71015|71011|71012,TL,880301,27,2,2,0.34065404534339905,0.44540730118751526,0.9731819033622742,0.6555383205413818,False
A,71015,71015|71011|71012,TL,880301,43,0,0,0.1478375941514969,0.33414778113365173,0.9031890630722046,0.5543720722198486,False
A,71015,71015|71011|71012,TL,880301,43,1,1,0.2070690244436264,0.41911664605140686,0.9169826507568359,0.5845615863800049,False
A,71015,71015|71011|71012,TL,880301,43,2,2,0.3059285581111908,0.44460567831993103,0.9690371155738831,0.6531078815460205,False
A,71015,71015|71011|71012,TL,880301,59,0,0,0.14994624257087708,0.3071579933166504,0.9059275388717651,0.5641373991966248,False
A,71015,71015|71011|71012,TL,880301,59,1,1,0.20944686233997345,0.4263511598110199,0.9134323596954346,0.5823190212249756,False
A,71015,71015|71011|71012,TL,880301,59,2,2,0.26747384667396545,0.44395461678504944,0.963560163974762,0.650017499923706,False
A,71015,71015|71011|71012,TL,880301,79,0,0,0.16149906814098358,0.3101775348186493,0.8932370543479919,0.5646359920501709,False
A,71015,71015|71011|71012,TL,880301,79,1,1,0.22039897739887238,0.45018813014030457,0.977735161781311,0.6361751556396484,False
A,71015,71015|71011|71012,TL,880301,79,2,2,0.32314953207969666,0.5428813099861145,0.9923851490020752,0.6808509826660156,False
A,71015,71015|71011|71012,TL,880301,119,0,0,0.12446997314691544,0.2372572422027588,0.9708264470100403,0.6231555938720703,False
A,71015,71015|71011|71012,TL,880301,119,1,1,0.2324514389038086,0.4534688889980316,0.973098874092102,0.6318004727363586,False
A,71015,71015|71011|71012,TL,880301,119,2,2,0.33534538745880127,0.5582842826843262,0.9915606379508972,0.68015456199646,False
A,71015,71015|71011|71012,TL,880302,0,0,0,0.18047060072422028,0.3310822546482086,0.8790444135665894,0.5181720852851868,False
A,71015,71015|71011|71012,TL,880302,0,1,1,0.19905520975589752,0.3988422453403473,0.9086270928382874,0.5560680031776428,False
A,71015,71015|71011|71012,TL,880302,0,2,2,0.34908273816108704,0.4850926399230957,0.9936506152153015,0.6799700260162354,False
A,71015,71015|71011|71012,TL,880302,27,0,0,0.15418659150600433,0.34158003330230713,0.907903254032135,0.5620882511138916,False
A,71015,71015|71011|71012,TL,880302,27,1,1,0.19331033527851105,0.3929344713687897,0.9227454662322998,0.5888006687164307,False
A,71015,71015|71011|71012,TL,880302,27,2,2,0.3603332042694092,0.44106343388557434,0.9805616736412048,0.6653240919113159,False
A,71015,71015|71011|71012,TL,880302,43,0,0,0.1576627641916275,0.3274417817592621,0.9044812917709351,0.562118411064148,False
A,71015,71015|71011|71012,TL,880302,43,1,1,0.19290614128112793,0.3936723470687866,0.9233375787734985,0.5903275012969971,False
A,71015,71015|71011|71012,TL,880302,43,2,2,0.33344581723213196,0.4419945180416107,0.9783453345298767,0.6636828184127808,False
A,71015,71015|71011|71012,TL,880302,59,0,0,0.17265021800994873,0.3299884498119354,0.885105311870575,0.5493531227111816,False
A,71015,71015|71011|71012,TL,880302,59,1,1,0.2133396416902542,0.43668511509895325,0.9798723459243774,0.6412950754165649,False
A,71015,71015|71011|71012,TL,880302,59,2,2,0.3154362142086029,0.531390368938446,0.9927416443824768,0.6812101006507874,False
A,71015,71015|71011|71012,TL,880302,79,0,0,0.17518983781337738,0.3189716637134552,0.8932150602340698,0.5680418014526367,False
A,71015,71015|71011|71012,TL,880302,79,1,1,0.21012915670871735,0.434469610452652,0.9807145595550537,0.6429916620254517,False
A,71015,71015|71011|71012,TL,880302,79,2,2,0.3229875862598419,0.5413678884506226,0.9923674464225769,0.6809163689613342,False
A,71015,71015|71011|71012,TL,880302,119,0,0,0.12349780648946762,0.23536859452724457,0.9709058403968811,0.6232702732086182,False
A,71015,71015|71011|71012,TL,880302,119,1,1,0.23086686432361603,0.4522968828678131,0.9733669757843018,0.6326225996017456,False
A,71015,71015|71011|71012,TL,880302,119,2,2,0.33502402901649475,0.5567074418067932,0.9915207624435425,0.6801930665969849,False
A,71015,71015|71011|71012,TL,880303,0,0,0,0.19292382895946503,0.36183539032936096,0.8789410591125488,0.5236200094223022,False
A,71015,71015|71011|71012,TL,880303,0,1,1,0.20108036696910858,0.4012962877750397,0.9067814350128174,0.5586626529693604,False
A,71015,71015|71011|71012,TL,880303,0,2,2,0.34908273816108704,0.4850926399230957,0.9936506152153015,0.6799700260162354,False
A,71015,71015|71011|71012,TL,880303,27,0,0,0.14244909584522247,0.32191357016563416,0.9562479257583618,0.6198244690895081,False
A,71015,71015|71011|71012,TL,880303,27,1,1,0.20866738259792328,0.4130745828151703,0.9329686164855957,0.6029831767082214,False
A,71015,71015|71011|71012,TL,880303,27,2,2,0.37127065658569336,0.4492717683315277,0.9830014705657959,0.666922926902771,False
A,71015,71015|71011|71012,TL,880303,43,0,0,0.14693798124790192,0.31775936484336853,0.9517176747322083,0.6156055927276611,False
A,71015,71015|71011|71012,TL,880303,43,1,1,0.20943792164325714,0.41604840755462646,0.9317843317985535,0.6034513711929321,False
A,71015,71015|71011|71012,TL,880303,43,2,2,0.34634873270988464,0.45074811577796936,0.9812062382698059,0.6661757230758667,False
A,71015,71015|71011|71012,TL,880303,59,0,0,0.15854157507419586,0.32593992352485657,0.9465054869651794,0.611634373664856,False
A,71015,71015|71011|71012,TL,880303,59,1,1,0.21323208510875702,0.4253115653991699,0.9190064668655396,0.5965476632118225,False
A,71015,71015|71011|71012,TL,880303,59,2,2,0.3027275502681732,0.4524562358856201,0.9768922924995422,0.6631767749786377,False
A,71015,71015|71011|71012,TL,880303,79,0,0,0.18203043937683105,0.35174402594566345,0.9306396245956421,0.5985597372055054,False
A,71015,71015|71011|71012,TL,880303,79,1,1,0.23712055385112762,0.46763119101524353,0.9772030115127563,0.6364009380340576,False
A,71015,71015|71011|71012,TL,880303,79,2,2,0.3232305943965912,0.5431742072105408,0.9923827052116394,0.6808554530143738,False
A,71015,71015|71011|71012,TL,880303,119,0,0,0.12552498281002045,0.2391992062330246,0.9708282351493835,0.6231212019920349,False
A,71015,71015|71011|71012,TL,880303,119,1,1,0.2325974702835083,0.4537879526615143,0.973074197769165,0.631756067276001,False
A,71015,71015|71011|71012,TL,880303,119,2,2,0.33539411425590515,0.5585106015205383,0.9915550947189331,0.6801551580429077,False
A,71015,71015|71011|71012,DS,880400,0,0,0,0.19390606880187988,0.36287787556648254,0.8704605102539062,0.5279645919799805,False
A,71015,71015|71011|71012,DS,880400,0,1,1,0.20744411647319794,0.41250789165496826,0.902933657169342,0.5535989999771118,False
A,71015,71015|71011|71012,DS,880400,0,2,2,0.34908273816108704,0.4850926399230957,0.9936506152153015,0.6799700260162354,False
A,71015,71015|71011|71012,DS,880400,27,0,0,0.13742943108081818,0.3186061382293701,0.9550791382789612,0.6177595853805542,False
A,71015,71015|71011|71012,DS,880400,27,1,1,0.2188890427350998,0.4308580160140991,0.935705304145813,0.6006391048431396,False
A,71015,71015|71011|71012,DS,880400,27,2,2,0.361404687166214,0.4507669508457184,0.9794453382492065,0.6629072427749634,False
A,71015,71015|71011|71012,DS,880400,43,0,0,0.14268316328525543,0.31489458680152893,0.9501076936721802,0.6132575273513794,False
A,71015,71015|71011|71012,DS,880400,43,1,1,0.22036446630954742,0.4347516596317291,0.9330182075500488,0.5999783277511597,False
A,71015,71015|71011|71012,DS,880400,43,2,2,0.33130213618278503,0.4514255225658417,0.9771196246147156,0.6617159843444824,False
A,71015,71015|71011|71012,DS,880400,59,0,0,0.161057248711586,0.3279796540737152,0.9364697337150574,0.5998106002807617,False
A,71015,71015|71011|71012,DS,880400,59,1,1,0.24562597274780273,0.4757852256298065,0.974854052066803,0.6322136521339417,False
A,71015,71015|71011|71012,DS,880400,59,2,2,0.31513527035713196,0.5290181040763855,0.99273282289505,0.6812632083892822,False
A,71015,71015|71011|71012,DS,880400,79,0,0,0.17457382380962372,0.3437027037143707,0.9263381958007812,0.5950897336006165,False
A,71015,71015|71011|71012,DS,880400,79,1,1,0.23836125433444977,0.4700373709201813,0.9753916263580322,0.6327966451644897,False
A,71015,71015|71011|71012,DS,880400,79,2,2,0.3226453363895416,0.539053201675415,0.992355227470398,0.68096923828125,False
A,71015,71015|71011|71012,DS,880400,119,0,0,0.09525352716445923,0.18719804286956787,0.9758309721946716,0.6339265704154968,False
A,71015,71015|71011|71012,DS,880400,119,1,1,0.22677302360534668,0.44181957840919495,0.9800409078598022,0.6470619440078735,False
A,71015,71015|71011|71012,DS,880400,119,2,2,0.34907665848731995,0.47527560591697693,0.9938915967941284,0.6818068623542786,False
A,71015,71015|71011|71012,DS,880401,0,0,0,0.18963849544525146,0.3559930622577667,0.8800761103630066,0.5241622924804688,False
A,71015,71015|71011|71012,DS,880401,0,1,1,0.19892330467700958,0.3981268107891083,0.908409059047699,0.5585429668426514,False
A,71015,71015|71011|71012,DS,880401,0,2,2,0.34908273816108704,0.4850926399230957,0.9936506152153015,0.6799700260162354,False
A,71015,71015|71011|71012,DS,880401,27,0,0,0.14529432356357574,0.3286057412624359,0.9501967430114746,0.6105736494064331,False
A,71015,71015|71011|71012,DS,880401,27,1,1,0.20249128341674805,0.40388023853302,0.9261606931686401,0.601593017578125,False
A,71015,71015|71011|71012,DS,880401,27,2,2,0.3714756965637207,0.4481630325317383,0.9831031560897827,0.667052149772644,False
A,71015,71015|71011|71012,DS,880401,43,0,0,0.14868706464767456,0.32082653045654297,0.9446739554405212,0.6053640842437744,False
A,71015,71015|71011|71012,DS,880401,43,1,1,0.2032887488603592,0.40686145424842834,0.9243561029434204,0.601798951625824,False
A,71015,71015|71011|71012,DS,880401,43,2,2,0.3468490540981293,0.44962021708488464,0.9814366102218628,0.6662393808364868,False
A,71015,71015|71011|71012,DS,880401,59,0,0,0.16682982444763184,0.3313658535480499,0.928856611251831,0.5895814895629883,False
A,71015,71015|71011|71012,DS,880401,59,1,1,0.23276127874851227,0.46027445793151855,0.9780375957489014,0.6382583379745483,False
A,71015,71015|71011|71012,DS,880401,59,2,2,0.31518328189849854,0.5291850566864014,0.9927316308021545,0.6812655925750732,False
A,71015,71015|71011|71012,DS,880401,79,0,0,0.18271565437316895,0.34901419281959534,0.9206587076187134,0.5892131924629211,False
A,71015,71015|71011|71012,DS,880401,79,1,1,0.22683756053447723,0.45516738295555115,0.9786381721496582,0.6392382979393005,False
A,71015,71015|71011|71012,DS,880401,79,2,2,0.32268568873405457,0.5392006635665894,0.9923535585403442,0.6809710264205933,False
A,71015,71015|71011|71012,DS,880401,119,0,0,0.09569504857063293,0.18805663287639618,0.9758312106132507,0.6339079141616821,False
A,71015,71015|71011|71012,DS,880401,119,1,1,0.22687411308288574,0.44198736548423767,0.9800370931625366,0.6470661163330078,False
A,71015,71015|71011|71012,DS,880401,119,2,2,0.34903374314308167,0.4754219055175781,0.9938947558403015,0.6818076968193054,False
A,71015,71015|71011|71012,DS,880402,0,0,0,0.19666147232055664,0.36323463916778564,0.8886523246765137,0.516226053237915,False
A,71015,71015|71011|71012,DS,880402,0,1,1,0.20208840072155,0.39975300431251526,0.9041253328323364,0.5623425245285034,False
A,71015,71015|71011|71012,DS,880402,0,2,2,0.34908273816108704,0.4850926399230957,0.9936506152153015,0.6799700260162354,False
A,71015,71015|71011|71012,DS,880402,27,0,0,0.1473221778869629,0.3122999370098114,0.9579488039016724,0.6258846521377563,False
A,71015,71015|71011|71012,DS,880402,27,1,1,0.21283607184886932,0.4183114469051361,0.926459789276123,0.5993954539299011,False
A,71015,71015|71011|71012,DS,880402,27,2,2,0.3742325007915497,0.4468897581100464,0.9858938455581665,0.6712613105773926,False
A,71015,71015|71011|71012,DS,880402,43,0,0,0.15367178618907928,0.3127335011959076,0.9544984102249146,0.6228803396224976,False
A,71015,71015|71011|71012,DS,880402,43,1,1,0.2122732400894165,0.4199221134185791,0.9279861450195312,0.601620078086853,False
A,71015,71015|71011|71012,DS,880402,43,2,2,0.3533666133880615,0.448258638381958,0.9849281907081604,0.6710177659988403,False
A,71015,71015|71011|71012,DS,880402,59,0,0,0.1711794137954712,0.3270392119884491,0.9420558214187622,0.6100099086761475,False
A,71015,71015|71011|71012,DS,880402,59,1,1,0.23600661754608154,0.46313929557800293,0.9777323007583618,0.6379256248474121,False
A,71015,71015|71011|71012,DS,880402,59,2,2,0.31532737612724304,0.5296843647956848,0.9927277565002441,0.6812726259231567,False
A,71015,71015|71011|71012,DS,880402,79,0,0,0.18259261548519135,0.342611700296402,0.9318140745162964,0.6031172275543213,False
A,71015,71015|71011|71012,DS,880402,79,1,1,0.22952981293201447,0.45767101645469666,0.9783003926277161,0.6389510035514832,False
A,71015,71015|71011|71012,DS,880402,79,2,2,0.3228066861629486,0.5396425724029541,0.9923485517501831,0.680976390838623,False
A,71015,71015|71011|71012,DS,880402,119,0,0,0.09702467918395996,0.19064246118068695,0.9758310914039612,0.6338508129119873,False
A,71015,71015|71011|71012,DS,880402,119,1,1,0.22717535495758057,0.44248726963996887,0.9800258278846741,0.6470784544944763,False
A,71015,71015|71011|71012,DS,880402,119,2,2,0.348903626203537,0.4758627712726593,0.993904173374176,0.6818098425865173,False
A,71015,71015|71011|71012,DS,880403,0,0,0,0.19332705438137054,0.356358140707016,0.9006836414337158,0.5255831480026245,False
A,71015,71015|71011|71012,DS,880403,0,1,1,0.19485871493816376,0.3871150016784668,0.908616304397583,0.5652108192443848,False
A,71015,71015|71011|71012,DS,880403,0,2,2,0.34908273816108704,0.4850926399230957,0.9936506152153015,0.6799700260162354,False
A,71015,71015|71011|71012,DS,880403,27,0,0,0.15562887489795685,0.322216659784317,0.9560952186584473,0.6232815980911255,False
A,71015,71015|71011|71012,DS,880403,27,1,1,0.1996900886297226,0.3962973654270172,0.9182654023170471,0.5993478894233704,False
A,71015,71015|71011|71012,DS,880403,27,2,2,0.3795877993106842,0.4433957040309906,0.9871686100959778,0.673782467842102,False
A,71015,71015|71011|71012,DS,880403,43,0,0,0.1631641834974289,0.3208937346935272,0.9524546265602112,0.6204164028167725,False
A,71015,71015|71011|71012,DS,880403,43,1,1,0.19963984191417694,0.39883819222450256,0.9187319278717041,0.600645899772644,False
A,71015,71015|71011|71012,DS,880403,43,2,2,0.3626689016819,0.4450260102748871,0.986632227897644,0.6736454963684082,False
A,71015,71015|71011|71012,DS,880403,59,0,0,0.18388761579990387,0.33843573927879333,0.9373219013214111,0.6052368879318237,False
A,71015,71015|71011|71012,DS,880403,59,1,1,0.22589938342571259,0.44978681206703186,0.9804686307907104,0.643251895904541,False
A,71015,71015|71011|71012,DS,880403,59,2,2,0.31532737612724304,0.5296843647956848,0.9927277565002441,0.6812726259231567,False
A,71015,71015|71011|71012,DS,880403,79,0,0,0.19746321439743042,0.35599279403686523,0.9279261827468872,0.6017153263092041,False
A,71015,71015|71011|71012,DS,880403,79,1,1,0.22027480602264404,0.4446289539337158,0.9811145067214966,0.6446651220321655,False
A,71015,71015|71011|71012,DS,880403,79,2,2,0.3228066861629486,0.5396425724029541,0.9923485517501831,0.680976390838623,False
A,71015,71015|71011|71012,DS,880403,119,0,0,0.09702467918395996,0.19064246118068695,0.9758310914039612,0.6338508129119873,False
A,71015,71015|71011|71012,DS,880403,119,1,1,0.22717535495758057,0.44248726963996887,0.9800258278846741,0.6470784544944763,False
A,71015,71015|71011|71012,DS,880403,119,2,2,0.348903626203537,0.4758627712726593,0.993904173374176,0.6818098425865173,False
A,71015,71015|71011|71012,DL,880500,0,0,0,0.19452278316020966,0.35909542441368103,0.9088222980499268,0.5345042943954468,False
A,71015,71015|71011|71012,DL,880500,0,1,1,0.1888628453016281,0.375744104385376,0.9131051301956177,0.5686219334602356,False
A,71015,71015|71011|71012,DL,880500,0,2,2,0.34908273816108704,0.4850926399230957,0.9936506152153015,0.6799700260162354,False
A,71015,71015|71011|71012,DL,880500,27,0,0,0.16439448297023773,0.340891569852829,0.9588744044303894,0.6285321712493896,False
A,71015,71015|71011|71012,DL,880500,27,1,1,0.19179029762744904,0.37915658950805664,0.9228155016899109,0.6021528244018555,False
A,71015,71015|71011|71012,DL,880500,27,2,2,0.3850269317626953,0.44144269824028015,0.9880509376525879,0.675953209400177,False
A,71015,71015|71011|71012,DL,880500,43,0,0,0.1752942055463791,0.34161266684532166,0.9565257430076599,0.6276079416275024,False
A,71015,71015|71011|71012,DL,880500,43,1,1,0.19246111810207367,0.38242408633232117,0.9234715700149536,0.6035734415054321,False
A,71015,71015|71011|71012,DL,880500,43,2,2,0.3729933798313141,0.4428739845752716,0.9879133105278015,0.6761361360549927,False
A,71015,71015|71011|71012,DL,880500,59,0,0,0.20003826916217804,0.3658425807952881,0.9417988061904907,0.6130722761154175,False
A,71015,71015|71011|71012,DL,880500,59,1,1,0.22377769649028778,0.4460924565792084,0.9822226762771606,0.6467877626419067,False
A,71015,71015|71011|71012,DL,880500,59,2,2,0.315375417470932,0.5298506617546082,0.9927265048027039,0.6812748908996582,False
A,71015,71015|71011|71012,DL,880500,79,0,0,0.2163238674402237,0.3840576112270355,0.9335135221481323,0.6108748912811279,False
A,71015,71015|71011|71012,DL,880500,79,1,1,0.21791322529315948,0.44029557704925537,0.982893168926239,0.6483420133590698,False
A,71015,71015|71011|71012,DL,880500,79,2,2,0.3228469789028168,0.5397894978523254,0.9923468232154846,0.6809781193733215,False
A,71015,71015|71011|71012,DL,880500,119,0,0,0.12267237901687622,0.2338482141494751,0.9709761142730713,0.6233716011047363,False
A,71015,71015|71011|71012,DL,880500,119,1,1,0.2293776422739029,0.45123425126075745,0.9736056327819824,0.633387565612793,False
A,71015,71015|71011|71012,DL,880500,119,2,2,0.3347201645374298,0.5550681352615356,0.9914772510528564,0.6802260875701904,False
A,71015,71015|71011|71012,DL,880501,0,0,0,0.18988053500652313,0.35033178329467773,0.882587194442749,0.5156919956207275,False
A,71015,71015|71011|71012,DL,880501,0,1,1,0.20265929400920868,0.4025592803955078,0.9051571488380432,0.5592789649963379,False
A,71015,71015|71011|71012,DL,880501,0,2,2,0.34908273816108704,0.4850926399230957,0.9936506152153015,0.6799700260162354,False
A,71015,71015|71011|71012,DL,880501,27,0,0,0.14816470444202423,0.3177996575832367,0.9465954899787903,0.6081997752189636,False
A,71015,71015|71011|71012,DL,880501,27,1,1,0.2081022709608078,0.41410812735557556,0.9170273542404175,0.5961356163024902,False
A,71015,71015|71011|71012,DL,880501,27,2,2,0.36684706807136536,0.4458426535129547,0.9838861227035522,0.6686934232711792,False
A,71015,71015|71011|71012,DL,880501,43,0,0,0.15266604721546173,0.3119523525238037,0.9408372640609741,0.6031211614608765,False
A,71015,71015|71011|71012,DL,880501,43,1,1,0.20716969668865204,0.41457509994506836,0.9198273420333862,0.5987517833709717,False
A,71015,71015|71011|71012,DL,880501,43,2,2,0.34195443987846375,0.44686222076416016,0.9823887944221497,0.6679524779319763,False
A,71015,71015|71011|71012,DL,880501,59,0,0,0.16875280439853668,0.3215148150920868,0.9239872694015503,0.5877134799957275,False
A,71015,71015|71011|71012,DL,880501,59,1,1,0.22838492691516876,0.45449885725975037,0.9783831834793091,0.6389220952987671,False
A,71015,71015|71011|71012,DL,880501,59,2,2,0.31527939438819885,0.5295180082321167,0.992729127407074,0.6812703609466553,False
A,71015,71015|71011|71012,DL,880501,79,0,0,0.1764708012342453,0.33045241236686707,0.9161401987075806,0.5872281193733215,False
A,71015,71015|71011|71012,DL,880501,79,1,1,0.22360192239284515,0.4511314928531647,0.978972852230072,0.6399692296981812,False
A,71015,71015|71011|71012,DL,880501,79,2,2,0.32276639342308044,0.5394955277442932,0.9923503398895264,0.6809747219085693,False
A,71015,71015|71011|71012,DL,880501,119,0,0,0.1216084435582161,0.23190374672412872,0.9709722995758057,0.6234025955200195,False
A,71015,71015|71011|71012,DL,880501,119,1,1,0.22922945022583008,0.45091208815574646,0.9736316800117493,0.6334351301193237,False
A,71015,71015|71011|71012,DL,880501,119,2,2,0.334670752286911,0.554840624332428,0.9914839267730713,0.6802269220352173,False
A,71015,71015|71011|71012,DL,880502,0,0,0,0.1836063712835312,0.3427481949329376,0.8739672899246216,0.5253641605377197,False
A,71015,71015|71011|71012,DL,880502,0,1,1,0.20031559467315674,0.4018835127353668,0.9080226421356201,0.5534696578979492,False
A,71015,71015|71011|71012,DL,880502,0,2,2,0.34908273816108704,0.4850926399230957,0.9936506152153015,0.6799700260162354,False
A,71015,71015|71011|71012,DL,880502,27,0,0,0.1461203545331955,0.34024107456207275,0.9236292839050293,0.5753938555717468,False
A,71015,71015|71011|71012,DL,880502,27,1,1,0.19774921238422394,0.3994735777378082,0.9224189519882202,0.5938575863838196,False
A,71015,71015|71011|71012,DL,880502,27,2,2,0.36142072081565857,0.44601330161094666,0.9801822900772095,0.6635622978210449,False
A,71015,71015|71011|71012,DL,880502,43,0,0,0.1484900861978531,0.3255542516708374,0.9184433817863464,0.5724244713783264,False
A,71015,71015|71011|71012,DL,880502,43,1,1,0.19890885055065155,0.40305599570274353,0.9219242930412292,0.593390703201294,False
A,71015,71015|71011|71012,DL,880502,43,2,2,0.3323782980442047,0.446859210729599,0.9776671528816223,0.6618970632553101,False
A,71015,71015|71011|71012,DL,880502,59,0,0,0.16382378339767456,0.32602739334106445,0.9007798433303833,0.5597028732299805,False
A,71015,71015|71011|71012,DL,880502,59,1,1,0.2218572050333023,0.44784775376319885,0.978672981262207,0.6389268636703491,False
A,71015,71015|71011|71012,DL,880502,59,2,2,0.31513527035713196,0.5290181040763855,0.99273282289505,0.6812632083892822,False
A,71015,71015|71011|71012,DL,880502,79,0,0,0.17409980297088623,0.3307838439941406,0.9026598930358887,0.5733476877212524,False
A,71015,71015|71011|71012,DL,880502,79,1,1,0.21734081208705902,0.4443289339542389,0.9793917536735535,0.6402314901351929,False
A,71015,71015|71011|71012,DL,880502,79,2,2,0.3226453363895416,0.539053201675415,0.992355227470398,0.68096923828125,False
A,71015,71015|71011|71012,DL,880502,119,0,0,0.12001591920852661,0.22899234294891357,0.9709652066230774,0.6234472990036011,False
A,71015,71015|71011|71012,DL,880502,119,1,1,0.2290075421333313,0.4504283368587494,0.9736705422401428,0.6335062980651855,False
A,71015,71015|71011|71012,DL,880502,119,2,2,0.3345963954925537,0.5544988512992859,0.9914938807487488,0.6802278757095337,False
A,71015,71015|71011|71012,DL,880503,0,0,0,0.17904119193553925,0.3303520381450653,0.8815164566040039,0.5199372172355652,False
A,71015,71015|71011|71012,DL,880503,0,1,1,0.19505071640014648,0.39240768551826477,0.9110814332962036,0.5573184490203857,False
A,71015,71015|71011|71012,DL,880503,0,2,2,0.34908273816108704,0.4850926399230957,0.9936506152153015,0.6799700260162354,False
A,71015,71015|71011|71012,DL,880503,27,0,0,0.1565101593732834,0.3492119014263153,0.8987327814102173,0.5529496073722839,False
A,71015,71015|71011|71012,DL,880503,27,1,1,0.18625366687774658,0.3803085386753082,0.926133394241333,0.590607762336731,False
A,71015,71015|71011|71012,DL,880503,27,2,2,0.3641986548900604,0.44014546275138855,0.9809239506721497,0.6661199331283569,False
A,71015,71015|71011|71012,DL,880503,43,0,0,0.16000717878341675,0.33419835567474365,0.896712064743042,0.554867148399353,False
A,71015,71015|71011|71012,DL,880503,43,1,1,0.18646152317523956,0.38222017884254456,0.9261517524719238,0.5911386013031006,False
A,71015,71015|71011|71012,DL,880503,43,2,2,0.3384174406528473,0.4415341317653656,0.9788304567337036,0.6644954085350037,False
A,71015,71015|71011|71012,DL,880503,59,0,0,0.17620766162872314,0.3353203237056732,0.8764127492904663,0.5429929494857788,False
A,71015,71015|71011|71012,DL,880503,59,1,1,0.20783406496047974,0.4290972948074341,0.9808220267295837,0.6433717012405396,False
A,71015,71015|71011|71012,DL,880503,59,2,2,0.31518328189849854,0.5291850566864014,0.9927316308021545,0.6812655925750732,False
A,71015,71015|71011|71012,DL,880503,79,0,0,0.1803547888994217,0.3256855905056,0.8893057107925415,0.5662232637405396,False
A,71015,71015|71011|71012,DL,880503,79,1,1,0.20500962436199188,0.4271354675292969,0.9816547632217407,0.645068883895874,False
A,71015,71015|71011|71012,DL,880503,79,2,2,0.32268568873405457,0.5392006635665894,0.9923535585403442,0.6809710264205933,False
A,71015,71015|71011|71012,DL,880503,119,0,0,0.12054630368947983,0.2299620658159256,0.9709678888320923,0.6234326958656311,False
A,71015,71015|71011|71012,DL,880503,119,1,1,0.22908149659633636,0.4505896270275116,0.973657488822937,0.6334825754165649,False
A,71015,71015|71011|71012,DL,880503,119,2,2,0.3346211612224579,0.5546128153800964,0.9914905428886414,0.6802275776863098,False
A,71015,71015|71011|71012,CP,880600,0,0,0,0.1765611320734024,0.3245556354522705,0.8803560733795166,0.5192579627037048,False
A,71015,71015|71011|71012,CP,880600,0,1,1,0.19387273490428925,0.39093151688575745,0.9119153618812561,0.5564804673194885,False
A,71015,71015|71011|71012,CP,880600,0,2,2,0.34908273816108704,0.4850926399230957,0.9936506152153015,0.6799700260162354,False
A,71015,71015|71011|71012,CP,880600,27,0,0,0.15873371064662933,0.35722628235816956,0.877277135848999,0.5327902436256409,False
A,71015,71015|71011|71012,CP,880600,27,1,1,0.18186672031879425,0.373279333114624,0.9271430969238281,0.587256908416748,False
A,71015,71015|71011|71012,CP,880600,27,2,2,0.36225154995918274,0.43782463669776917,0.9791277647018433,0.6648669242858887,False
A,71015,71015|71011|71012,CP,880600,43,0,0,0.1768847107887268,0.3741663992404938,0.8369777202606201,0.5004818439483643,False
A,71015,71015|71011|71012,CP,880600,43,1,1,0.20016050338745117,0.41726920008659363,0.9808882474899292,0.6437826156616211,False
A,71015,71015|71011|71012,CP,880600,43,2,2,0.30833932757377625,0.5155191421508789,0.9930063486099243,0.6816180348396301,False
A,71015,71015|71011|71012,CP,880600,59,0,0,0.17995071411132812,0.3391300439834595,0.8572372198104858,0.5305225849151611,False
A,71015,71015|71011|71012,CP,880600,59,1,1,0.1987794190645218,0.4171203076839447,0.9810786843299866,0.6439356803894043,False
A,71015,71015|71011|71012,CP,880600,59,2,2,0.3148559331893921,0.5249159336090088,0.9927048683166504,0.6813752055168152,False
A,71015,71015|71011|71012,CP,880600,79,0,0,0.18136155605316162,0.32141053676605225,0.8796190023422241,0.5614455342292786,False
A,71015,71015|71011|71012,CP,880600,79,1,1,0.19653183221817017,0.41588667035102844,0.9819443225860596,0.645691990852356,False
A,71015,71015|71011|71012,CP,880600,79,2,2,0.3222297728061676,0.5349648594856262,0.992318332195282,0.6810773611068726,False
A,71015,71015|71011|71012,CP,880600,119,0,0,0.11615710705518723,0.22230440378189087,0.9710546731948853,0.6236629486083984,False
A,71015,71015|71011|71012,CP,880600,119,1,1,0.22595782577991486,0.44787755608558655,0.9741310477256775,0.6349941492080688,False
A,71015,71015|71011|71012,CP,880600,119,2,2,0.3339148461818695,0.5504617691040039,0.9914173483848572,0.6802855134010315,False
A,71015,71015|71011|71012,CP,880601,0,0,0,0.1912202090024948,0.35400882363319397,0.8651149868965149,0.526652455329895,False
A,71015,71015|71011|71012,CP,880601,0,1,1,0.21209533512592316,0.42012080550193787,0.900231122970581,0.5500564575195312,False
A,71015,71015|71011|71012,CP,880601,0,2,2,0.34908273816108704,0.4850926399230957,0.9936506152153015,0.6799700260162354,False
A,71015,71015|71011|71012,CP,880601,27,0,0,0.1409139782190323,0.32565838098526,0.9446983933448792,0.6027942895889282,False
A,71015,71015|71011|71012,CP,880601,27,1,1,0.2224641591310501,0.43868720531463623,0.9290977120399475,0.5950570106506348,False
A,71015,71015|71011|71012,CP,880601,27,2,2,0.3483436107635498,0.450105756521225,0.976546585559845,0.6600369811058044,False
A,71015,71015|71011|71012,CP,880601,43,0,0,0.14414745569229126,0.3149227499961853,0.9387679100036621,0.597836971282959,False
A,71015,71015|71011|71012,CP,880601,43,1,1,0.22361691296100616,0.44220682978630066,0.9271574020385742,0.5950403213500977,False
A,71015,71015|71011|71012,CP,880601,43,2,2,0.31382501125335693,0.44960054755210876,0.9748041033744812,0.6585067510604858,False
A,71015,71015|71011|71012,CP,880601,59,0,0,0.15183936059474945,0.31360259652137756,0.9332301616668701,0.5953598022460938,False
A,71015,71015|71011|71012,CP,880601,59,1,1,0.22711245715618134,0.4508437216281891,0.914711594581604,0.5889013409614563,False
A,71015,71015|71011|71012,CP,880601,59,2,2,0.2703067660331726,0.44971325993537903,0.9719720482826233,0.6558972001075745,False
A,71015,71015|71011|71012,CP,880601,79,0,0,0.16650550067424774,0.3283127248287201,0.9175112247467041,0.5862402319908142,False
A,71015,71015|71011|71012,CP,880601,79,1,1,0.23946882784366608,0.4720696210861206,0.9752163887023926,0.6319236755371094,False
A,71015,71015|71011|71012,CP,880601,79,2,2,0.3231900632381439,0.543027937412262,0.9923838973045349,0.6808532476425171,False
A,71015,71015|71011|71012,CP,880601,119,0,0,0.12499731779098511,0.2382279634475708,0.9708274602890015,0.6231385469436646,False
A,71015,71015|71011|71012,CP,880601,119,1,1,0.23252438008785248,0.4536283016204834,0.9730865359306335,0.6317782402038574,False
A,71015,71015|71011|71012,CP,880601,119,2,2,0.335369735956192,0.5583974719047546,0.9915578961372375,0.6801548004150391,False
A,71015,71015|71011|71012,CP,880602,0,0,0,0.18423433601856232,0.33838751912117004,0.9160422682762146,0.5430682897567749,False
A,71015,71015|71011|71012,CP,880602,0,1,1,0.18311023712158203,0.36641693115234375,0.9184998273849487,0.5694358348846436,False
A,71015,71015|71011|71012,CP,880602,0,2,2,0.34908273816108704,0.4850926399230957,0.9936506152153015,0.6799700260162354,False
A,71015,71015|71011|71012,CP,880602,27,0,0,0.17659063637256622,0.36254915595054626,0.925670862197876,0.5960747003555298,False
A,71015,71015|71011|71012,CP,880602,27,1,1,0.1776946783065796,0.3556922972202301,0.9320116639137268,0.6008042693138123,False
A,71015,71015|71011|71012,CP,880602,27,2,2,0.3806039094924927,0.4316418170928955,0.986774206161499,0.6765546798706055,False
A,71015,71015|71011|71012,CP,880602,43,0,0,0.19918489456176758,0.3888022005558014,0.8907923698425293,0.5647754669189453,False
A,71015,71015|71011|71012,CP,880602,43,1,1,0.20557451248168945,0.4170091152191162,0.9849885106086731,0.6528581380844116,False
A,71015,71015|71011|71012,CP,880602,43,2,2,0.30854877829551697,0.5162518620491028,0.9930010437965393,0.6816272735595703,False
A,71015,71015|71011|71012,CP,880602,59,0,0,0.2103370577096939,0.37460967898368835,0.8851725459098816,0.5707032680511475,False
A,71015,71015|71011|71012,CP,880602,59,1,1,0.20105643570423126,0.4132485091686249,0.985614538192749,0.654481053352356,False
A,71015,71015|71011|71012,CP,880602,59,2,2,0.3150457441806793,0.5255866050720215,0.9926987290382385,0.6813833713531494,False
A,71015,71015|71011|71012,CP,880602,79,0,0,0.2178426831960678,0.37399327754974365,0.8894859552383423,0.5860098004341125,False
A,71015,71015|71011|71012,CP,880602,79,1,1,0.1996467113494873,0.41348159313201904,0.986152172088623,0.6558799147605896,False
A,71015,71015|71011|71012,CP,880602,79,2,2,0.3223893642425537,0.5355575680732727,0.9923100471496582,0.6810829043388367,False
A,71015,71015|71011|71012,CP,880602,119,0,0,0.1182703748345375,0.22614659368991852,0.9710706472396851,0.6236143112182617,False
A,71015,71015|71011|71012,CP,880602,119,1,1,0.22625762224197388,0.4485304355621338,0.9740761518478394,0.6348929405212402,False
A,71015,71015|71011|71012,CP,880602,119,2,2,0.334014892578125,0.5509206652641296,0.9914023280143738,0.6802817583084106,False
A,71015,71015|71011|71012,CP,880603,0,0,0,0.17703914642333984,0.32605892419815063,0.889020562171936,0.5209442973136902,False
A,71015,71015|71011|71012,CP,880603,0,1,1,0.19029074907302856,0.38380661606788635,0.9137889742851257,0.560573399066925,False
A,71015,71015|71011|71012,CP,880603,0,2,2,0.34908273816108704,0.4850926399230957,0.9936506152153015,0.6799700260162354,False
A,71015,71015|71011|71012,CP,880603,27,0,0,0.1632506400346756,0.3561587333679199,0.885180652141571,0.5436372756958008,False
A,71015,71015|71011|71012,CP,880603,27,1,1,0.17902787029743195,0.3668130338191986,0.9291426539421082,0.5915349721908569,False
A,71015,71015|71011|71012,CP,880603,27,2,2,0.36938241124153137,0.4365345537662506,0.9815595149993896,0.6684199571609497,False
A,71015,71015|71011|71012,CP,880603,43,0,0,0.16781561076641083,0.3424656391143799,0.8841147422790527,0.5471720099449158,False
A,71015,71015|71011|71012,CP,880603,43,1,1,0.17894552648067474,0.36771973967552185,0.9296199083328247,0.5925687551498413,False
A,71015,71015|71011|71012,CP,880603,43,2,2,0.3479156494140625,0.43829870223999023,0.9797736406326294,0.6670822501182556,False
A,71015,71015|71011|71012,CP,880603,59,0,0,0.1733369380235672,0.325052410364151,0.891130805015564,0.560065746307373,False
A,71015,71015|71011|71012,CP,880603,59,1,1,0.1817253977060318,0.3769611418247223,0.9252618551254272,0.5892260074615479,False
A,71015,71015|71011|71012,CP,880603,59,2,2,0.30846354365348816,0.44045838713645935,0.9763898253440857,0.6630986332893372,False
A,71015,71015|71011|71012,CP,880603,79,0,0,0.18997924029827118,0.3351253569126129,0.8804959058761597,0.5614429116249084,False
A,71015,71015|71011|71012,CP,880603,79,1,1,0.20319370925426483,0.4230157434940338,0.9830543398857117,0.6482285857200623,False
A,71015,71015|71011|71012,CP,880603,79,2,2,0.32327112555503845,0.5433205962181091,0.9923810958862305,0.6808575987815857,False
A,71015,71015|71011|71012,CP,880603,119,0,0,0.12605257332324982,0.24017025530338287,0.9708287715911865,0.6231034398078918,False
A,71015,71015|71011|71012,CP,880603,119,1,1,0.23267054557800293,0.45394742488861084,0.9730620980262756,0.6317338943481445,False
A,71015,71015|71011|71012,CP,880603,119,2,2,0.3354184627532959,0.5586237907409668,0.9915521740913391,0.6801553964614868,False
B,71021,71021|71022|71023,N,880000,0,0,0,0.22685076296329498,0.4702252447605133,0.8122745156288147,0.45557790994644165,False
B,71021,71021|71022|71023,N,880000,0,1,1,0.10466334968805313,0.2250014990568161,0.8127611875534058,0.432613730430603,False
B,71021,71021|71022|71023,N,880000,0,2,2,0.4055146872997284,0.6913179755210876,0.9467582106590271,0.6274440288543701,False
B,71021,71021|71022|71023,N,880000,27,0,0,0.29869961738586426,0.5708128809928894,0.996506929397583,0.6867543458938599,False
B,71021,71021|71022|71023,N,880000,27,1,1,0.11206641048192978,0.23453259468078613,0.9893426895141602,0.6805670261383057,False
B,71021,71021|71022|71023,N,880000,27,2,2,0.4439821243286133,0.6806192994117737,0.9881472587585449,0.6722802519798279,False
B,71021,71021|71022|71023,N,880000,43,0,0,0.2702862620353699,0.5285491347312927,0.9969116449356079,0.6876202821731567,False
B,71021,71021|71022|71023,N,880000,43,1,1,0.11600100994110107,0.23750294744968414,0.9892225861549377,0.6809859275817871,False
B,71021,71021|71022|71023,N,880000,43,2,2,0.4539971351623535,0.6808943748474121,0.9894258379936218,0.6736025810241699,False
B,71021,71021|71022|71023,N,880000,59,0,0,0.20117996633052826,0.4205600321292877,0.9978105425834656,0.6888188123703003,False
B,71021,71021|71022|71023,N,880000,59,1,1,0.11704367399215698,0.2314085215330124,0.9881888628005981,0.6809172034263611,False
B,71021,71021|71022|71023,N,880000,59,2,2,0.46489572525024414,0.6787703633308411,0.9915865063667297,0.6764737367630005,False
B,71021,71021|71022|71023,N,880000,79,0,0,0.14975586533546448,0.3126092851161957,0.9985706806182861,0.6902658939361572,False
B,71021,71021|71022|71023,N,880000,79,1,1,0.13152559101581573,0.24953575432300568,0.9878408312797546,0.6798304319381714,False
B,71021,71021|71022|71023,N,880000,79,2,2,0.4339517056941986,0.6451544165611267,0.9948327541351318,0.6832410097122192,False
B,71021,71021|71022|71023,N,880000,119,0,0,0.31563082337379456,0.590416431427002,0.988594651222229,0.6768320202827454,False
B,71021,71021|71022|71023,N,880000,119,1,1,0.1394067257642746,0.2933450937271118,0.9849016666412354,0.6753358244895935,False
B,71021,71021|71022|71023,N,880000,119,2,2,0.42370715737342834,0.6903619766235352,0.9808582663536072,0.6602089405059814,False
B,71021,71021|71022|71023,N,880001,0,0,0,0.22376276552677155,0.4665500819683075,0.7991377711296082,0.44954389333724976,False
B,71021,71021|71022|71023,N,880001,0,1,1,0.10791248828172684,0.23137716948986053,0.827660083770752,0.4469072222709656,False
B,71021,71021|71022|71023,N,880001,0,2,2,0.4055146872997284,0.6913179755210876,0.9467582106590271,0.6274440288543701,False
B,71021,71021|71022|71023,N,880001,27,0,0,0.3022361695766449,0.5776734948158264,0.9964000582695007,0.6861894130706787,False
B,71021,71021|71022|71023,N,880001,27,1,1,0.11644265800714493,0.23945631086826324,0.9941172003746033,0.6846358776092529,False
B,71021,71021|71022|71023,N,880001,27,2,2,0.4332934319972992,0.6869287490844727,0.9731125831604004,0.6541901230812073,False
B,71021,71021|71022|71023,N,880001,43,0,0,0.2842041552066803,0.5448079705238342,0.9967725872993469,0.6872938871383667,False
B,71021,71021|71022|71023,N,880001,43,1,1,0.12318521738052368,0.24528561532497406,0.9941043853759766,0.6849993467330933,False
B,71021,71021|71022|71023,N,880001,43,2,2,0.44269731640815735,0.6873262524604797,0.9756784439086914,0.6562896370887756,False
B,71021,71021|71022|71023,N,880001,59,0,0,0.257860004901886,0.500788688659668,0.9978119730949402,0.688862681388855,False
B,71021,71021|71022|71023,N,880001,59,1,1,0.13130591809749603,0.2515702545642853,0.9938763976097107,0.6852482557296753,False
B,71021,71021|71022|71023,N,880001,59,2,2,0.45481833815574646,0.6868279576301575,0.980710506439209,0.6610054969787598,False
B,71021,71021|71022|71023,N,880001,79,0,0,0.19223923981189728,0.38731297850608826,0.9989877939224243,0.6906206607818604,False
B,71021,71021|71022|71023,N,880001,79,1,1,0.15023688971996307,0.280252605676651,0.9929957389831543,0.6848704814910889,False
B,71021,71021|71022|71023,N,880001,79,2,2,0.46148809790611267,0.6778125762939453,0.9891372323036194,0.6727744936943054,False
B,71021,71021|71022|71023,N,880001,119,0,0,0.3155458867549896,0.5903093814849854,0.9886028170585632,0.6768407821655273,False
B,71021,71021|71022|71023,N,880001,119,1,1,0.1394031047821045,0.293273001909256,0.9849193692207336,0.675366997718811,False
B,71021,71021|71022|71023,N,880001,119,2,2,0.4238309860229492,0.6903699040412903,0.9808332324028015,0.660163164138794,False
B,71021,71021|71022|71023,N,880002,0,0,0,0.23046867549419403,0.48256435990333557,0.8488790988922119,0.495108962059021,False
B,71021,71021|71022|71023,N,880002,0,1,1,0.10906895995140076,0.234513059258461,0.8387628793716431,0.46297338604927063,False
B,71021,71021|71022|71023,N,880002,0,2,2,0.4055146872997284,0.6913179755210876,0.9467582106590271,0.6274440288543701,False
B,71021,71021|71022|71023,N,880002,27,0,0,0.31029704213142395,0.586306631565094,0.9959923624992371,0.6854630708694458,False
B,71021,71021|71022|71023,N,880002,27,1,1,0.11152880638837814,0.23659801483154297,0.9853795170783997,0.6756268739700317,False
B,71021,71021|71022|71023,N,880002,27,2,2,0.4676009714603424,0.6825131773948669,0.9820020198822021,0.6611663103103638,False
B,71021,71021|71022|71023,N,880002,43,0,0,0.29323652386665344,0.5609303116798401,0.9962525367736816,0.6860628128051758,False
B,71021,71021|71022|71023,N,880002,43,1,1,0.11098673194646835,0.23157362639904022,0.9859057068824768,0.6764246225357056,False
B,71021,71021|71022|71023,N,880002,43,2,2,0.4792441427707672,0.6815721392631531,0.984070360660553,0.664374589920044,False
B,71021,71021|71022|71023,N,880002,59,0,0,0.22730152308940887,0.46392393112182617,0.9970340132713318,0.6871647834777832,False
B,71021,71021|71022|71023,N,880002,59,1,1,0.10758533328771591,0.21817892789840698,0.9863356947898865,0.6769483089447021,False
B,71021,71021|71022|71023,N,880002,59,2,2,0.48464635014533997,0.6752093434333801,0.9876700639724731,0.6697332262992859,False
B,71021,71021|71022|71023,N,880002,79,0,0,0.1489551067352295,0.3171028196811676,0.9978070855140686,0.6888118982315063,False
B,71021,71021|71022|71023,N,880002,79,1,1,0.11462187021970749,0.22273559868335724,0.9855460524559021,0.676382303237915,False
B,71021,71021|71022|71023,N,880002,79,2,2,0.43037644028663635,0.6257655620574951,0.9923329949378967,0.6794431209564209,False
B,71021,71021|71022|71023,N,880002,119,0,0,0.3157975971698761,0.5906267762184143,0.9885784387588501,0.6768147945404053,False
B,71021,71021|71022|71023,N,880002,119,1,1,0.13941431045532227,0.29348984360694885,0.9848659038543701,0.6752727627754211,False
B,71021,71021|71022|71023,N,880002,119,2,2,0.42345964908599854,0.6903460025787354,0.9809078574180603,0.6602998971939087,False
B,71021,71021|71022|71023,N,880003,0,0,0,0.23889274895191193,0.4873073399066925,0.7813832759857178,0.4425731897354126,False
B,71021,71021|71022|71023,N,880003,0,1,1,0.11106226593255997,0.238444522023201,0.776174783706665,0.398128867149353,False
B,71021,71021|71022|71023,N,880003,0,2,2,0.4055146872997284,0.6913179755210876,0.9467582106590271,0.6274440288543701,False
B,71021,71021|71022|71023,N,880003,27,0,0,0.2965928614139557,0.5797969698905945,0.9965522289276123,0.6858148574829102,False
B,71021,71021|71022|71023,N,880003,27,1,1,0.11870074272155762,0.24426443874835968,0.9956851005554199,0.6864282488822937,False
B,71021,71021|71022|71023,N,880003,27,2,2,0.41349706053733826,0.6812682747840881,0.985214352607727,0.6721631288528442,False
B,71021,71021|71022|71023,N,880003,43,0,0,0.2839861512184143,0.5511944890022278,0.9970378875732422,0.6869722604751587,False
B,71021,71021|71022|71023,N,880003,43,1,1,0.12653952836990356,0.2519795894622803,0.9957146644592285,0.6867091655731201,False
B,71021,71021|71022|71023,N,880003,43,2,2,0.42352914810180664,0.6824758648872375,0.9868860840797424,0.6728221774101257,False
B,71021,71021|71022|71023,N,880003,59,0,0,0.2590271234512329,0.5044398903846741,0.9973667860031128,0.688551127910614,False
B,71021,71021|71022|71023,N,880003,59,1,1,0.13622502982616425,0.2602052390575409,0.9956545233726501,0.686966061592102,False
B,71021,71021|71022|71023,N,880003,59,2,2,0.44493865966796875,0.6830868124961853,0.9896250367164612,0.6746975183486938,False
B,71021,71021|71022|71023,N,880003,79,0,0,0.21021795272827148,0.42172321677207947,0.9989603161811829,0.6905001401901245,False
B,71021,71021|71022|71023,N,880003,79,1,1,0.15868403017520905,0.29458490014076233,0.9952635169029236,0.6868296265602112,False
B,71021,71021|71022|71023,N,880003,79,2,2,0.46013179421424866,0.6792332530021667,0.9934991002082825,0.6798096895217896,False
B,71021,71021|71022|71023,N,880003,119,0,0,0.3155458867549896,0.5903093814849854,0.9886028170585632,0.6768407821655273,False
B,71021,71021|71022|71023,N,880003,119,1,1,0.1394031047821045,0.293273001909256,0.9849193692207336,0.675366997718811,False
B,71021,71021|71022|71023,N,880003,119,2,2,0.4238309860229492,0.6903699040412903,0.9808332324028015,0.660163164138794,False
B,71021,71021|71022|71023,F0,880100,0,0,0,0.26770904660224915,0.5234588384628296,0.7823917865753174,0.4419882893562317,False
B,71021,71021|71022|71023,F0,880100,0,1,1,0.11378591507673264,0.24356937408447266,0.7954285740852356,0.41627588868141174,False
B,71021,71021|71022|71023,F0,880100,0,2,2,0.4055146872997284,0.6913179755210876,0.9467582106590271,0.6274440288543701,False
B,71021,71021|71022|71023,F0,880100,27,0,0,0.29383787512779236,0.5808071494102478,0.9948337078094482,0.6828145980834961,False
B,71021,71021|71022|71023,F0,880100,27,1,1,0.12534938752651215,0.25341737270355225,0.9963130354881287,0.6871351003646851,False
B,71021,71021|71022|71023,F0,880100,27,2,2,0.40753373503685,0.6859102845191956,0.9711933135986328,0.6577669978141785,False
B,71021,71021|71022|71023,F0,880100,43,0,0,0.2807626724243164,0.5496917963027954,0.9954047799110413,0.6838164925575256,False
B,71021,71021|71022|71023,F0,880100,43,1,1,0.13508884608745575,0.26286041736602783,0.9963249564170837,0.687402069568634,False
B,71021,71021|71022|71023,F0,880100,43,2,2,0.4169442355632782,0.6867532134056091,0.9740096926689148,0.6590474843978882,False
B,71021,71021|71022|71023,F0,880100,59,0,0,0.27559947967529297,0.5299620032310486,0.8325214982032776,0.4637987017631531,False
B,71021,71021|71022|71023,F0,880100,59,1,1,0.21137166023254395,0.38758978247642517,0.9975341558456421,0.6890480518341064,False
B,71021,71021|71022|71023,F0,880100,59,2,2,0.46160659193992615,0.6576786637306213,0.941161572933197,0.5988309383392334,False
B,71021,71021|71022|71023,F0,880100,79,0,0,0.25171899795532227,0.48581692576408386,0.8338485956192017,0.4510652720928192,False
B,71021,71021|71022|71023,F0,880100,79,1,1,0.2156413048505783,0.40853211283683777,0.9976065754890442,0.6890616416931152,False
B,71021,71021|71022|71023,F0,880100,79,2,2,0.4731307923793793,0.6623139977455139,0.9391631484031677,0.5962923765182495,False
B,71021,71021|71022|71023,F0,880100,119,0,0,0.3346081078052521,0.6194628477096558,0.7404665946960449,0.43691274523735046,False
B,71021,71021|71022|71023,F0,880100,119,1,1,0.13175053894519806,0.27006080746650696,0.9938119053840637,0.6854749917984009,False
B,71021,71021|71022|71023,F0,880100,119,2,2,0.49836552143096924,0.6710907816886902,0.9340755343437195,0.5903018712997437,False
B,71021,71021|71022|71023,F0,880101,0,0,0,0.2387353628873825,0.4912137985229492,0.7916989922523499,0.45622318983078003,False
B,71021,71021|71022|71023,F0,880101,0,1,1,0.11312446743249893,0.2431403398513794,0.7838150262832642,0.4046982526779175,False
B,71021,71021|71022|71023,F0,880101,0,2,2,0.4055146872997284,0.6913179755210876,0.9467582106590271,0.6274440288543701,False
B,71021,71021|71022|71023,F0,880101,27,0,0,0.30039843916893005,0.5841302275657654,0.9966945052146912,0.6862608790397644,False
B,71021,71021|71022|71023,F0,880101,27,1,1,0.11740360409021378,0.24413852393627167,0.9954792857170105,0.6860978007316589,False
B,71021,71021|71022|71023,F0,880101,27,2,2,0.42297494411468506,0.6805763244628906,0.9867258071899414,0.6729547381401062,False
B,71021,71021|71022|71023,F0,880101,43,0,0,0.2897354066371918,0.5600804090499878,0.9971860647201538,0.6874037384986877,False
B,71021,71021|71022|71023,F0,880101,43,1,1,0.1231873631477356,0.2490191012620926,0.9955188632011414,0.6863989233970642,False
B,71021,71021|71022|71023,F0,880101,43,2,2,0.4316619336605072,0.6815900802612305,0.9883942008018494,0.6739611625671387,False
B,71021,71021|71022|71023,F0,880101,59,0,0,0.28125378489494324,0.5387895703315735,0.7867003679275513,0.4332720637321472,False
B,71021,71021|71022|71023,F0,880101,59,1,1,0.18844597041606903,0.3463876247406006,0.9973735213279724,0.6887803077697754,False
B,71021,71021|71022|71023,F0,880101,59,2,2,0.4613889157772064,0.6575109362602234,0.9411922097206116,0.598923921585083,False
B,71021,71021|71022|71023,F0,880101,79,0,0,0.21957732737064362,0.4429772198200226,0.7823313474655151,0.4094400405883789,False
B,71021,71021|71022|71023,F0,880101,79,1,1,0.20655302703380585,0.384213924407959,0.997536838054657,0.6889928579330444,False
B,71021,71021|71022|71023,F0,880101,79,2,2,0.47289833426475525,0.662153959274292,0.939200758934021,0.5963953733444214,False
B,71021,71021|71022|71023,F0,880101,119,0,0,0.3347480297088623,0.6196073293685913,0.7406118512153625,0.43724632263183594,False
B,71021,71021|71022|71023,F0,880101,119,1,1,0.1316390484571457,0.2700634002685547,0.993796706199646,0.6854546070098877,False
B,71021,71021|71022|71023,F0,880101,119,2,2,0.49812689423561096,0.6709545254707336,0.9341297745704651,0.5904271006584167,False
B,71021,71021|71022|71023,F0,880102,0,0,0,0.22958801686763763,0.4746231138706207,0.8018922805786133,0.4515995979309082,False
B,71021,71021|71022|71023,F0,880102,0,1,1,0.10627341270446777,0.2284279316663742,0.7988131046295166,0.418422132730484,False
B,71021,71021|71022|71023,F0,880102,0,2,2,0.4055146872997284,0.6913179755210876,0.9467582106590271,0.6274440288543701,False
B,71021,71021|71022|71023,F0,880102,27,0,0,0.3009343445301056,0.5765474438667297,0.996780276298523,0.6870018243789673,False
B,71021,71021|71022|71023,F0,880102,27,1,1,0.11337731033563614,0.2363952398300171,0.9925907850265503,0.6833324432373047,False
B,71021,71021|71022|71023,F0,880102,27,2,2,0.4355466365814209,0.6806090474128723,0.9883812665939331,0.6736193895339966,False
B,71021,71021|71022|71023,F0,880102,43,0,0,0.2802751958370209,0.5417910218238831,0.9972236752510071,0.6879687309265137,False
B,71021,71021|71022|71023,F0,880102,43,1,1,0.11825662851333618,0.24061071872711182,0.9925779700279236,0.6836882829666138,False
B,71021,71021|71022|71023,F0,880102,43,2,2,0.4454585015773773,0.6811978220939636,0.9897001385688782,0.6746575236320496,False
B,71021,71021|71022|71023,F0,880102,59,0,0,0.25791478157043457,0.5087280869483948,0.7942452430725098,0.43193942308425903,False
B,71021,71021|71022|71023,F0,880102,59,1,1,0.1823693960905075,0.3353668749332428,0.996569037437439,0.6879196763038635,False
B,71021,71021|71022|71023,F0,880102,59,2,2,0.46149763464927673,0.6575948596000671,0.9411769509315491,0.5988776683807373,False
B,71021,71021|71022|71023,F0,880102,79,0,0,0.15917034447193146,0.3369467258453369,0.793276309967041,0.41744107007980347,False
B,71021,71021|71022|71023,F0,880102,79,1,1,0.20189706981182098,0.3738718032836914,0.9967157244682312,0.6881136298179626,False
B,71021,71021|71022|71023,F0,880102,79,2,2,0.47301432490348816,0.6622340083122253,0.9391820430755615,0.5963439345359802,False
B,71021,71021|71022|71023,F0,880102,119,0,0,0.3346785306930542,0.6195356249809265,0.7405385375022888,0.4370792508125305,False
B,71021,71021|71022|71023,F0,880102,119,1,1,0.13169459998607635,0.27006182074546814,0.9938044548034668,0.6854648590087891,False
B,71021,71021|71022|71023,F0,880102,119,2,2,0.49824610352516174,0.6710226535797119,0.9341026544570923,0.5903646945953369,False
B,71021,71021|71022|71023,F0,880103,0,0,0,0.23789729177951813,0.4878286123275757,0.7866334915161133,0.44913676381111145,False
B,71021,71021|71022|71023,F0,880103,0,1,1,0.11178062111139297,0.24016261100769043,0.782630980014801,0.4037513732910156,False
B,71021,71021|71022|71023,F0,880103,0,2,2,0.4055146872997284,0.6913179755210876,0.9467582106590271,0.6274440288543701,False
B,71021,71021|71022|71023,F0,880103,27,0,0,0.2985419034957886,0.582062304019928,0.9966229200363159,0.6860566735267639,False
B,71021,71021|71022|71023,F0,880103,27,1,1,0.118101567029953,0.24412520229816437,0.9955978393554688,0.6862887144088745,False
B,71021,71021|71022|71023,F0,880103,27,2,2,0.41834256052970886,0.6814772486686707,0.9853299856185913,0.6717263460159302,False
B,71021,71021|71022|71023,F0,880103,43,0,0,0.2866148352622986,0.5551772117614746,0.9971148371696472,0.6872104406356812,False
B,71021,71021|71022|71023,F0,880103,43,1,1,0.12497983127832413,0.2504584491252899,0.9956316947937012,0.6865797638893127,False
B,71021,71021|71022|71023,F0,880103,43,2,2,0.4277676045894623,0.6825728416442871,0.9870901107788086,0.6726337671279907,False
B,71021,71021|71022|71023,F0,880103,59,0,0,0.27794384956359863,0.532806932926178,0.7869939804077148,0.43073099851608276,False
B,71021,71021|71022|71023,F0,880103,59,1,1,0.19450514018535614,0.35672369599342346,0.9973856806755066,0.6888207793235779,False
B,71021,71021|71022|71023,F0,880103,59,2,2,0.46149763464927673,0.6575948596000671,0.9411769509315491,0.5988776683807373,False
B,71021,71021|71022|71023,F0,880103,79,0,0,0.22737322747707367,0.4539235532283783,0.7817224264144897,0.40749990940093994,False
B,71021,71021|71022|71023,F0,880103,79,1,1,0.21006207168102264,0.3915843963623047,0.9975363612174988,0.6890002489089966,False
B,71021,71021|71022|71023,F0,880103,79,2,2,0.47301432490348816,0.6622340083122253,0.9391820430755615,0.5963439345359802,False
B,71021,71021|71022|71023,F0,880103,119,0,0,0.3346785306930542,0.6195356249809265,0.7405385375022888,0.4370792508125305,False
B,71021,71021|71022|71023,F0,880103,119,1,1,0.13169459998607635,0.27006182074546814,0.9938044548034668,0.6854648590087891,False
B,71021,71021|71022|71023,F0,880103,119,2,2,0.49824610352516174,0.6710226535797119,0.9341026544570923,0.5903646349906921,False
B,71021,71021|71022|71023,TE,880200,0,0,0,0.23853500187397003,0.4885532855987549,0.83610999584198,0.4801473021507263,False
B,71021,71021|71022|71023,TE,880200,0,1,1,0.10758084058761597,0.2318071573972702,0.799113392829895,0.42323464155197144,False
B,71021,71021|71022|71023,TE,880200,0,2,2,0.4055146872997284,0.6913179755210876,0.9467582106590271,0.6274440288543701,False
B,71021,71021|71022|71023,TE,880200,27,0,0,0.2979559004306793,0.5757623314857483,0.9959968328475952,0.6858837604522705,False
B,71021,71021|71022|71023,TE,880200,27,1,1,0.11371511965990067,0.24112224578857422,0.9838975071907043,0.6761049628257751,False
B,71021,71021|71022|71023,TE,880200,27,2,2,0.4535606801509857,0.669818103313446,0.9924623370170593,0.6784215569496155,False
B,71021,71021|71022|71023,TE,880200,43,0,0,0.2884896993637085,0.566951334476471,0.7969017028808594,0.4556480050086975,False
B,71021,71021|71022|71023,TE,880200,43,1,1,0.12902991473674774,0.25423792004585266,0.9938728213310242,0.6847214102745056,False
B,71021,71021|71022|71023,TE,880200,43,2,2,0.45510685443878174,0.6565298438072205,0.942857563495636,0.6010013818740845,False
B,71021,71021|71022|71023,TE,880200,59,0,0,0.2013915628194809,0.4312776029109955,0.8045175075531006,0.4429122507572174,False
B,71021,71021|71022|71023,TE,880200,59,1,1,0.14829419553279877,0.27957257628440857,0.9941021800041199,0.6854565143585205,False
B,71021,71021|71022|71023,TE,880200,59,2,2,0.46351197361946106,0.6601172089576721,0.9414401650428772,0.599128246307373,False
B,71021,71021|71022|71023,TE,880200,79,0,0,0.1495467871427536,0.3218066096305847,0.8093158006668091,0.43465447425842285,False
B,71021,71021|71022|71023,TE,880200,79,1,1,0.17474527657032013,0.3231077790260315,0.9939398169517517,0.6854626536369324,False
B,71021,71021|71022|71023,TE,880200,79,2,2,0.47487178444862366,0.6645393371582031,0.9394077658653259,0.5965582132339478,False
B,71021,71021|71022|71023,TE,880200,119,0,0,0.3157975971698761,0.5906267762184143,0.9885784387588501,0.6768147945404053,False
B,71021,71021|71022|71023,TE,880200,119,1,1,0.13941431045532227,0.29348984360694885,0.9848659038543701,0.6752727627754211,False
B,71021,71021|71022|71023,TE,880200,119,2,2,0.42345964908599854,0.6903460025787354,0.9809078574180603,0.6602998971939087,False
B,71021,71021|71022|71023,TE,880201,0,0,0,0.2278873175382614,0.47197020053863525,0.795239269733429,0.4473482668399811,False
B,71021,71021|71022|71023,TE,880201,0,1,1,0.10699521750211716,0.22977840900421143,0.7980101704597473,0.417485773563385,False
B,71021,71021|71022|71023,TE,880201,0,2,2,0.4055146872997284,0.6913179755210876,0.9467582106590271,0.6274440288543701,False
B,71021,71021|71022|71023,TE,880201,27,0,0,0.3000297546386719,0.5766128897666931,0.9969141483306885,0.6870267391204834,False
B,71021,71021|71022|71023,TE,880201,27,1,1,0.11455687135457993,0.23740486800670624,0.9938468337059021,0.6845463514328003,False
B,71021,71021|71022|71023,TE,880201,27,2,2,0.42994681000709534,0.6822560429573059,0.9862644076347351,0.6713317632675171,False
B,71021,71021|71022|71023,TE,880201,43,0,0,0.30263182520866394,0.5737433433532715,0.7922871112823486,0.4486541748046875,False
B,71021,71021|71022|71023,TE,880201,43,1,1,0.17126554250717163,0.31839480996131897,0.9967610239982605,0.687889814376831,False
B,71021,71021|71022|71023,TE,880201,43,2,2,0.4541654586791992,0.6552954316139221,0.9427050948143005,0.6008250713348389,False
B,71021,71021|71022|71023,TE,880201,59,0,0,0.26598548889160156,0.5164952874183655,0.7956407070159912,0.4322168529033661,False
B,71021,71021|71022|71023,TE,880201,59,1,1,0.18964438140392303,0.34813937544822693,0.9970384240150452,0.6884585618972778,False
B,71021,71021|71022|71023,TE,880201,59,2,2,0.46262821555137634,0.65895676612854,0.9412998557090759,0.5989631414413452,False
B,71021,71021|71022|71023,TE,880201,79,0,0,0.1758928745985031,0.36565962433815,0.7927352786064148,0.4158311188220978,False
B,71021,71021|71022|71023,TE,880201,79,1,1,0.20611083507537842,0.3833896219730377,0.9971515536308289,0.6885644197463989,False
B,71021,71021|71022|71023,TE,880201,79,2,2,0.47407403588294983,0.6634836196899414,0.9392829537391663,0.5964062809944153,False
B,71021,71021|71022|71023,TE,880201,119,0,0,0.31563082337379456,0.590416431427002,0.988594651222229,0.6768320202827454,False
B,71021,71021|71022|71023,TE,880201,119,1,1,0.1394067257642746,0.2933450937271118,0.9849016666412354,0.6753358244895935,False
B,71021,71021|71022|71023,TE,880201,119,2,2,0.42370715737342834,0.6903619766235352,0.9808582663536072,0.6602089405059814,False
B,71021,71021|71022|71023,TE,880202,0,0,0,0.23104412853717804,0.47991299629211426,0.8021315336227417,0.4607909917831421,False
B,71021,71021|71022|71023,TE,880202,0,1,1,0.11085864156484604,0.23818035423755646,0.8163067698478699,0.4354805648326874,False
B,71021,71021|71022|71023,TE,880202,0,2,2,0.4055146872997284,0.6913179755210876,0.9467582106590271,0.6274440288543701,False
B,71021,71021|71022|71023,TE,880202,27,0,0,0.30431121587753296,0.5862991213798523,0.9964935183525085,0.6862376928329468,False
B,71021,71021|71022|71023,TE,880202,27,1,1,0.1163986548781395,0.24165455996990204,0.9949095845222473,0.6854064464569092,False
B,71021,71021|71022|71023,TE,880202,27,2,2,0.4340077340602875,0.6854758262634277,0.9781385064125061,0.6605751514434814,False
B,71021,71021|71022|71023,TE,880202,43,0,0,0.3153025209903717,0.5951852202415466,0.8200088739395142,0.47684037685394287,False
B,71021,71021|71022|71023,TE,880202,43,1,1,0.17869265377521515,0.33118051290512085,0.9972869157791138,0.6884720921516418,False
B,71021,71021|71022|71023,TE,880202,43,2,2,0.4553093910217285,0.6566944718360901,0.942828893661499,0.6009113788604736,False
B,71021,71021|71022|71023,TE,880202,59,0,0,0.2854391634464264,0.544715940952301,0.8238798975944519,0.4604291319847107,False
B,71021,71021|71022|71023,TE,880202,59,1,1,0.19083265960216522,0.3506651818752289,0.9975167512893677,0.6889969110488892,False
B,71021,71021|71022|71023,TE,880202,59,2,2,0.46372759342193604,0.6602771878242493,0.9414066076278687,0.5990307331085205,False
B,71021,71021|71022|71023,TE,880202,79,0,0,0.22121529281139374,0.44497767090797424,0.8249291777610779,0.4449060559272766,False
B,71021,71021|71022|71023,TE,880202,79,1,1,0.20389121770858765,0.3810063302516937,0.9975855946540833,0.6890577077865601,False
B,71021,71021|71022|71023,TE,880202,79,2,2,0.47510039806365967,0.6646907329559326,0.9393672943115234,0.5964508056640625,False
B,71021,71021|71022|71023,TE,880202,119,0,0,0.31563082337379456,0.590416431427002,0.988594651222229,0.6768320202827454,False
B,71021,71021|71022|71023,TE,880202,119,1,1,0.1394067257642746,0.2933450937271118,0.9849016666412354,0.6753358244895935,False
B,71021,71021|71022|71023,TE,880202,119,2,2,0.42370715737342834,0.6903619766235352,0.9808582663536072,0.6602089405059814,False
B,71021,71021|71022|71023,TE,880203,0,0,0,0.23353785276412964,0.48004257678985596,0.8105651140213013,0.4578009247779846,False
B,71021,71021|71022|71023,TE,880203,0,1,1,0.10606799274682999,0.22823375463485718,0.7939966320991516,0.41471806168556213,False
B,71021,71021|71022|71023,TE,880203,0,2,2,0.4055146872997284,0.6913179755210876,0.9467582106590271,0.6274440288543701,False
B,71021,71021|71022|71023,TE,880203,27,0,0,0.30029067397117615,0.5752829909324646,0.9964472651481628,0.6865863800048828,False
B,71021,71021|71022|71023,TE,880203,27,1,1,0.11345071345567703,0.2381191849708557,0.9902217388153076,0.6812334060668945,False
B,71021,71021|71022|71023,TE,880203,27,2,2,0.4404721260070801,0.6762393116950989,0.9913631677627563,0.6775021553039551,False
B,71021,71021|71022|71023,TE,880203,43,0,0,0.2978150546550751,0.5696107745170593,0.7838790416717529,0.4429321587085724,False
B,71021,71021|71022|71023,TE,880203,43,1,1,0.14956040680408478,0.28529295325279236,0.9955472350120544,0.6864451169967651,False
B,71021,71021|71022|71023,TE,880203,43,2,2,0.45406392216682434,0.6552112102508545,0.9427187442779541,0.6008689999580383,False
B,71021,71021|71022|71023,TE,880203,59,0,0,0.2287047654390335,0.4710420072078705,0.7893581390380859,0.42799755930900574,False
B,71021,71021|71022|71023,TE,880203,59,1,1,0.17136462032794952,0.31684255599975586,0.9958853721618652,0.6871802806854248,False
B,71021,71021|71022|71023,TE,880203,59,2,2,0.46251988410949707,0.6588749289512634,0.9413159489631653,0.599010705947876,False
B,71021,71021|71022|71023,TE,880203,79,0,0,0.1503135710954666,0.3212832510471344,0.7890796661376953,0.4148755967617035,False
B,71021,71021|71022|71023,TE,880203,79,1,1,0.19438940286636353,0.35890498757362366,0.9959788918495178,0.68731689453125,False
B,71021,71021|71022|71023,TE,880203,79,2,2,0.4739588797092438,0.6634058952331543,0.9393024444580078,0.5964587926864624,False
B,71021,71021|71022|71023,TE,880203,119,0,0,0.3157147467136383,0.5905224084854126,0.9885866641998291,0.6768234372138977,False
B,71021,71021|71022|71023,TE,880203,119,1,1,0.139410600066185,0.29341772198677063,0.9848837852478027,0.6753042936325073,False
B,71021,71021|71022|71023,TE,880203,119,2,2,0.4235832989215851,0.69035404920578,0.9808830618858337,0.6602544784545898,False
B,71021,71021|71022|71023,TL,880300,0,0,0,0.23077364265918732,0.4729466140270233,0.7800581455230713,0.43433892726898193,False
B,71021,71021|71022|71023,TL,880300,0,1,1,0.10820811986923218,0.23169048130512238,0.782474160194397,0.40352582931518555,False
B,71021,71021|71022|71023,TL,880300,0,2,2,0.4055146872997284,0.6913179755210876,0.9467582106590271,0.6274440288543701,False
B,71021,71021|71022|71023,TL,880300,27,0,0,0.2950727045536041,0.5730655789375305,0.9967341423034668,0.6862884759902954,False
B,71021,71021|71022|71023,TL,880300,27,1,1,0.1181485652923584,0.24130795896053314,0.9951828122138977,0.685988187789917,False
B,71021,71021|71022|71023,TL,880300,27,2,2,0.41482582688331604,0.6827419400215149,0.9841163158416748,0.6705571413040161,False
B,71021,71021|71022|71023,TL,880300,43,0,0,0.2774682343006134,0.5375373363494873,0.9970975518226624,0.6874319314956665,False
B,71021,71021|71022|71023,TL,880300,43,1,1,0.12679792940616608,0.2501765489578247,0.9951909780502319,0.6862736940383911,False
B,71021,71021|71022|71023,TL,880300,43,2,2,0.42707177996635437,0.6838204264640808,0.9858697652816772,0.6712669134140015,False
B,71021,71021|71022|71023,TL,880300,59,0,0,0.2673790156841278,0.5146704316139221,0.7859398126602173,0.4228227734565735,False
B,71021,71021|71022|71023,TL,880300,59,1,1,0.20283907651901245,0.3714938163757324,0.997156023979187,0.688601016998291,False
B,71021,71021|71022|71023,TL,880300,59,2,2,0.4604453146457672,0.6562771201133728,0.9410233497619629,0.5987287759780884,False
B,71021,71021|71022|71023,TL,880300,79,0,0,0.22073912620544434,0.4409228265285492,0.7810052633285522,0.40393728017807007,False
B,71021,71021|71022|71023,TL,880300,79,1,1,0.21458084881305695,0.4015767276287079,0.9972869157791138,0.6887257099151611,False
B,71021,71021|71022|71023,TL,880300,79,2,2,0.4720383584499359,0.6610233187675476,0.9390465021133423,0.5962133407592773,False
B,71021,71021|71022|71023,TL,880300,119,0,0,0.33490028977394104,0.619674801826477,0.7380107641220093,0.43527916073799133,False
B,71021,71021|71022|71023,TL,880300,119,1,1,0.13230997323989868,0.2716503441333771,0.9935723543167114,0.6852303743362427,False
B,71021,71021|71022|71023,TL,880300,119,2,2,0.4974905550479889,0.670068085193634,0.934009850025177,0.5902736186981201,False
B,71021,71021|71022|71023,TL,880301,0,0,0,0.23352627456188202,0.48576775193214417,0.8642292022705078,0.5063689947128296,False
B,71021,71021|71022|71023,TL,880301,0,1,1,0.10893607884645462,0.23448039591312408,0.8254163265228271,0.4548396170139313,False
B,71021,71021|71022|71023,TL,880301,0,2,2,0.4055146872997284,0.6913179755210876,0.9467582106590271,0.6274440288543701,False
B,71021,71021|71022|71023,TL,880301,27,0,0,0.30161938071250916,0.5780743956565857,0.9955834150314331,0.6848140954971313,False
B,71021,71021|71022|71023,TL,880301,27,1,1,0.1116350069642067,0.2382097691297531,0.9787282943725586,0.6660969853401184,False
B,71021,71021|71022|71023,TL,880301,27,2,2,0.4742058217525482,0.6741330027580261,0.987596333026886,0.6690530776977539,False
B,71021,71021|71022|71023,TL,880301,43,0,0,0.26070475578308105,0.5220915675163269,0.9955835938453674,0.6848242282867432,False
B,71021,71021|71022|71023,TL,880301,43,1,1,0.10846143215894699,0.22866885364055634,0.9791308045387268,0.667156457901001,False
B,71021,71021|71022|71023,TL,880301,43,2,2,0.48260757327079773,0.6696422696113586,0.9895854592323303,0.6726923584938049,False
B,71021,71021|71022|71023,TL,880301,59,0,0,0.1883476823568344,0.40033507347106934,0.9954527020454407,0.6850488185882568,False
B,71021,71021|71022|71023,TL,880301,59,1,1,0.10306349396705627,0.21278239786624908,0.9786391258239746,0.6677170395851135,False
B,71021,71021|71022|71023,TL,880301,59,2,2,0.46373751759529114,0.6478557586669922,0.9920058250427246,0.6776840090751648,False
B,71021,71021|71022|71023,TL,880301,79,0,0,0.15133799612522125,0.32535433769226074,0.8641077280044556,0.4865823984146118,False
B,71021,71021|71022|71023,TL,880301,79,1,1,0.15672211349010468,0.29237332940101624,0.9914944171905518,0.6834234595298767,False
B,71021,71021|71022|71023,TL,880301,79,2,2,0.4703260660171509,0.6592668890953064,0.9389966130256653,0.5963594317436218,False
B,71021,71021|71022|71023,TL,880301,119,0,0,0.3355132043361664,0.6202068328857422,0.7358466386795044,0.4344281554222107,False
B,71021,71021|71022|71023,TL,880301,119,1,1,0.13259534537792206,0.27327799797058105,0.9932817816734314,0.6849200129508972,False
B,71021,71021|71022|71023,TL,880301,119,2,2,0.4959653317928314,0.6686368584632874,0.9340500235557556,0.5905251502990723,False
B,71021,71021|71022|71023,TL,880302,0,0,0,0.22901999950408936,0.4780747890472412,0.8373498916625977,0.48039722442626953,False
B,71021,71021|71022|71023,TL,880302,0,1,1,0.1065271720290184,0.22941069304943085,0.8372925519943237,0.45997464656829834,False
B,71021,71021|71022|71023,TL,880302,0,2,2,0.4055146872997284,0.6913179755210876,0.9467582106590271,0.6274440288543701,False
B,71021,71021|71022|71023,TL,880302,27,0,0,0.30588361620903015,0.5797356367111206,0.9961099028587341,0.6858964562416077,False
B,71021,71021|71022|71023,TL,880302,27,1,1,0.11181410402059555,0.23628969490528107,0.9858667850494385,0.6767055988311768,False
B,71021,71021|71022|71023,TL,880302,27,2,2,0.46169528365135193,0.682272732257843,0.9835421442985535,0.6638154983520508,False
B,71021,71021|71022|71023,TL,880302,43,0,0,0.282352477312088,0.5455314517021179,0.9964576363563538,0.6865896582603455,False
B,71021,71021|71022|71023,TL,880302,43,1,1,0.11397704482078552,0.23659902811050415,0.9863965511322021,0.6773536205291748,False
B,71021,71021|71022|71023,TL,880302,43,2,2,0.47222426533699036,0.6817226409912109,0.9853838682174683,0.6664954423904419,False
B,71021,71021|71022|71023,TL,880302,59,0,0,0.2451620101928711,0.49443376064300537,0.8423435688018799,0.4742104709148407,False
B,71021,71021|71022|71023,TL,880302,59,1,1,0.1623004823923111,0.3020804822444916,0.995370626449585,0.6866186857223511,False
B,71021,71021|71022|71023,TL,880302,59,2,2,0.4602266848087311,0.6561054587364197,0.9410521388053894,0.5988191366195679,False
B,71021,71021|71022|71023,TL,880302,79,0,0,0.15103580057621002,0.3247488737106323,0.8521859049797058,0.4713686406612396,False
B,71021,71021|71022|71023,TL,880302,79,1,1,0.18202215433120728,0.336918443441391,0.9954336285591125,0.6868864297866821,False
B,71021,71021|71022|71023,TL,880302,79,2,2,0.47180452942848206,0.6608589291572571,0.9390823245048523,0.5963138341903687,False
B,71021,71021|71022|71023,TL,880302,119,0,0,0.3350365161895752,0.6198153495788574,0.7381554841995239,0.43561065196990967,False
B,71021,71021|71022|71023,TL,880302,119,1,1,0.13219773769378662,0.27165377140045166,0.9935568571090698,0.6852095127105713,False
B,71021,71021|71022|71023,TL,880302,119,2,2,0.49724850058555603,0.6699269413948059,0.9340620636940002,0.5903961658477783,False
B,71021,71021|71022|71023,TL,880303,0,0,0,0.24213844537734985,0.49796262383461,0.8146657347679138,0.473208487033844,False
B,71021,71021|71022|71023,TL,880303,0,1,1,0.11311496049165726,0.24309463798999786,0.7877978682518005,0.40846604108810425,False
B,71021,71021|71022|71023,TL,880303,0,2,2,0.4055146872997284,0.6913179755210876,0.9467582106590271,0.6274440288543701,False
B,71021,71021|71022|71023,TL,880303,27,0,0,0.30695876479148865,0.5871185660362244,0.996699869632721,0.686754047870636,False
B,71021,71021|71022|71023,TL,880303,27,1,1,0.11376923322677612,0.2399476319551468,0.9934444427490234,0.6838352680206299,False
B,71021,71021|71022|71023,TL,880303,27,2,2,0.44148075580596924,0.6760177612304688,0.9908773899078369,0.6770352721214294,False
B,71021,71021|71022|71023,TL,880303,43,0,0,0.2945345342159271,0.5661544799804688,0.9970031976699829,0.6874584555625916,False
B,71021,71021|71022|71023,TL,880303,43,1,1,0.11444550007581711,0.2366916537284851,0.9934259653091431,0.6842136979103088,False
B,71021,71021|71022|71023,TL,880303,43,2,2,0.44816192984580994,0.676271378993988,0.9919842481613159,0.6780849695205688,False
B,71021,71021|71022|71023,TL,880303,59,0,0,0.24943776428699493,0.5009863972663879,0.9975612759590149,0.6885329484939575,False
B,71021,71021|71022|71023,TL,880303,59,1,1,0.11445349454879761,0.22855956852436066,0.9930026531219482,0.6843760013580322,False
B,71021,71021|71022|71023,TL,880303,59,2,2,0.46165868639945984,0.6746845841407776,0.9934523701667786,0.679913341999054,False
B,71021,71021|71022|71023,TL,880303,79,0,0,0.1669391542673111,0.35778483748435974,0.7921801805496216,0.4212622046470642,False
B,71021,71021|71022|71023,TL,880303,79,1,1,0.1905720978975296,0.3520839512348175,0.9967764616012573,0.6881005167961121,False
B,71021,71021|71022|71023,TL,880303,79,2,2,0.47056034207344055,0.659436047077179,0.9389635324478149,0.5962626338005066,False
B,71021,71021|71022|71023,TL,880303,119,0,0,0.33538511395454407,0.6200751662254333,0.7357022762298584,0.43410035967826843,False
B,71021,71021|71022|71023,TL,880303,119,1,1,0.1327044516801834,0.27326738834381104,0.9932979345321655,0.6849417686462402,False
B,71021,71021|71022|71023,TL,880303,119,2,2,0.4962104856967926,0.6687834858894348,0.9340009093284607,0.590406596660614,False
B,71021,71021|71022|71023,DS,880400,0,0,0,0.24345481395721436,0.4989432394504547,0.8313754796981812,0.48344188928604126,False
B,71021,71021|71022|71023,DS,880400,0,1,1,0.11186791211366653,0.24053943157196045,0.7915052175521851,0.4135473966598511,False
B,71021,71021|71022|71023,DS,880400,0,2,2,0.4055146872997284,0.6913179755210876,0.9467582106590271,0.6274440288543701,False
B,71021,71021|71022|71023,DS,880400,27,0,0,0.3075166642665863,0.58634352684021,0.9965313076972961,0.6866011619567871,False
B,71021,71021|71022|71023,DS,880400,27,1,1,0.11304710060358047,0.23957882821559906,0.9903226494789124,0.6809113025665283,False
B,71021,71021|71022|71023,DS,880400,27,2,2,0.4505961835384369,0.671574592590332,0.9922879338264465,0.6785502433776855,False
B,71021,71021|71022|71023,DS,880400,43,0,0,0.2865713834762573,0.5587959289550781,0.9966297745704651,0.6869547367095947,False
B,71021,71021|71022|71023,DS,880400,43,1,1,0.11126285046339035,0.23220480978488922,0.9900563359260559,0.6812950372695923,False
B,71021,71021|71022|71023,DS,880400,43,2,2,0.45654189586639404,0.6708157658576965,0.9932141304016113,0.679737389087677,False
B,71021,71021|71022|71023,DS,880400,59,0,0,0.242329403758049,0.4983732998371124,0.7979799509048462,0.44405055046081543,False
B,71021,71021|71022|71023,DS,880400,59,1,1,0.15077529847621918,0.28410348296165466,0.9956551194190979,0.6867602467536926,False
B,71021,71021|71022|71023,DS,880400,59,2,2,0.46117186546325684,0.6573431491851807,0.9412223100662231,0.5990162491798401,False
B,71021,71021|71022|71023,DS,880400,79,0,0,0.1566723734140396,0.3382141590118408,0.8024311661720276,0.4300578534603119,False
B,71021,71021|71022|71023,DS,880400,79,1,1,0.17875413596630096,0.3306238353252411,0.9958159327507019,0.6870648860931396,False
B,71021,71021|71022|71023,DS,880400,79,2,2,0.47266677021980286,0.6619938015937805,0.939237654209137,0.5964974761009216,False
B,71021,71021|71022|71023,DS,880400,119,0,0,0.3158796727657318,0.5907301306724548,0.9885702729225159,0.6768060922622681,False
B,71021,71021|71022|71023,DS,880400,119,1,1,0.13941819965839386,0.29356253147125244,0.984847903251648,0.6752409338951111,False
B,71021,71021|71022|71023,DS,880400,119,2,2,0.4233360290527344,0.6903379559516907,0.9809327721595764,0.6603453159332275,False
B,71021,71021|71022|71023,DS,880401,0,0,0,0.24073247611522675,0.49696239829063416,0.8187654614448547,0.47777873277664185,False
B,71021,71021|71022|71023,DS,880401,0,1,1,0.11386177688837051,0.2445058375597,0.7962132692337036,0.41634488105773926,False
B,71021,71021|71022|71023,DS,880401,0,2,2,0.4055146872997284,0.6913179755210876,0.9467582106590271,0.6274440288543701,False
B,71021,71021|71022|71023,DS,880401,27,0,0,0.30799850821495056,0.5893617868423462,0.9967119693756104,0.6867753267288208,False
B,71021,71021|71022|71023,DS,880401,27,1,1,0.1132805347442627,0.23897556960582733,0.9936484098434448,0.683997631072998,False
B,71021,71021|71022|71023,DS,880401,27,2,2,0.44483986496925354,0.6783736348152161,0.9891912341117859,0.6743192076683044,False
B,71021,71021|71022|71023,DS,880401,43,0,0,0.29700157046318054,0.5698243379592896,0.9970234632492065,0.6875118017196655,False
B,71021,71021|71022|71023,DS,880401,43,1,1,0.11365803331136703,0.23515670001506805,0.9936421513557434,0.6843935251235962,False
B,71021,71021|71022|71023,DS,880401,43,2,2,0.45187798142433167,0.6786195635795593,0.9904929399490356,0.6756910085678101,False
B,71021,71021|71022|71023,DS,880401,59,0,0,0.28458890318870544,0.550874650478363,0.8025829792022705,0.4503781199455261,False
B,71021,71021|71022|71023,DS,880401,59,1,1,0.1641244739294052,0.30580365657806396,0.996877908706665,0.6881245374679565,False
B,71021,71021|71022|71023,DS,880401,59,2,2,0.4612802267074585,0.6574271321296692,0.941207230091095,0.5989700555801392,False
B,71021,71021|71022|71023,DS,880401,79,0,0,0.17105554044246674,0.3649849593639374,0.8070619106292725,0.43387097120285034,False
B,71021,71021|71022|71023,DS,880401,79,1,1,0.18898816406726837,0.349804550409317,0.9970858097076416,0.6884617209434509,False
B,71021,71021|71022|71023,DS,880401,79,2,2,0.4727824926376343,0.6620739102363586,0.9392192363739014,0.5964465141296387,False
B,71021,71021|71022|71023,DS,880401,119,0,0,0.3157975971698761,0.5906267762184143,0.9885784387588501,0.6768147945404053,False
B,71021,71021|71022|71023,DS,880401,119,1,1,0.13941431045532227,0.29348984360694885,0.9848659038543701,0.6752727627754211,False
B,71021,71021|71022|71023,DS,880401,119,2,2,0.42345964908599854,0.6903460025787354,0.9809078574180603,0.6602998971939087,False
B,71021,71021|71022|71023,DS,880402,0,0,0,0.22698132693767548,0.46803775429725647,0.7928551435470581,0.4410674571990967,False
B,71021,71021|71022|71023,DS,880402,0,1,1,0.10511805862188339,0.22560493648052216,0.7843115329742432,0.40508151054382324,False
B,71021,71021|71022|71023,DS,880402,0,2,2,0.4055146872997284,0.6913179755210876,0.9467582106590271,0.6274440288543701,False
B,71021,71021|71022|71023,DS,880402,27,0,0,0.29733625054359436,0.570634126663208,0.9967881441116333,0.6870001554489136,False
B,71021,71021|71022|71023,DS,880402,27,1,1,0.11353451758623123,0.23583023250102997,0.9922886490821838,0.6831891536712646,False
B,71021,71021|71022|71023,DS,880402,27,2,2,0.42972615361213684,0.6789897084236145,0.9901334047317505,0.6765226125717163,False
B,71021,71021|71022|71023,DS,880402,43,0,0,0.2737620174884796,0.5319259166717529,0.9972479939460754,0.6880111694335938,False
B,71021,71021|71022|71023,DS,880402,43,1,1,0.11912763118743896,0.24102509021759033,0.9922468066215515,0.6835207939147949,False
B,71021,71021|71022|71023,DS,880402,43,2,2,0.44123509526252747,0.6798108220100403,0.9911857843399048,0.6771185398101807,False
B,71021,71021|71022|71023,DS,880402,59,0,0,0.2486634999513626,0.49485382437705994,0.7775141000747681,0.4164099097251892,False
B,71021,71021|71022|71023,DS,880402,59,1,1,0.18657581508159637,0.3422849178314209,0.9963954091072083,0.6877352595329285,False
B,71021,71021|71022|71023,DS,880402,59,2,2,0.46160659193992615,0.6576786637306213,0.941161572933197,0.5988309383392334,False
B,71021,71021|71022|71023,DS,880402,79,0,0,0.15644337236881256,0.33066391944885254,0.772422194480896,0.39926111698150635,False
B,71021,71021|71022|71023,DS,880402,79,1,1,0.2055814117193222,0.38037705421447754,0.9965419769287109,0.687912106513977,False
B,71021,71021|71022|71023,DS,880402,79,2,2,0.4731307923793793,0.6623139977455139,0.9391631484031677,0.5962923765182495,False
B,71021,71021|71022|71023,DS,880402,119,0,0,0.3155458867549896,0.5903093814849854,0.9886028170585632,0.6768407821655273,False
B,71021,71021|71022|71023,DS,880402,119,1,1,0.1394031047821045,0.293273001909256,0.9849193692207336,0.675366997718811,False
B,71021,71021|71022|71023,DS,880402,119,2,2,0.4238309860229492,0.6903699040412903,0.9808332324028015,0.660163164138794,False
B,71021,71021|71022|71023,DS,880403,0,0,0,0.22469647228717804,0.4643615782260895,0.7839407920837402,0.4350408911705017,False
B,71021,71021|71022|71023,DS,880403,0,1,1,0.10657928138971329,0.22821462154388428,0.7878710031509399,0.40819036960601807,False
B,71021,71021|71022|71023,DS,880403,0,2,2,0.4055146872997284,0.6913179755210876,0.9467582106590271,0.6274440288543701,False
B,71021,71021|71022|71023,DS,880403,27,0,0,0.29586562514305115,0.5708830952644348,0.9969488978385925,0.6869049072265625,False
B,71021,71021|71022|71023,DS,880403,27,1,1,0.11602845788002014,0.23795120418071747,0.9943934082984924,0.685199499130249,False
B,71021,71021|71022|71023,DS,880403,27,2,2,0.42086365818977356,0.6826416850090027,0.9854422807693481,0.6713266372680664,False
B,71021,71021|71022|71023,DS,880403,43,0,0,0.276093989610672,0.5337210297584534,0.9972716569900513,0.6880315542221069,False
B,71021,71021|71022|71023,DS,880403,43,1,1,0.12377023696899414,0.24569785594940186,0.9943844676017761,0.6855006217956543,False
B,71021,71021|71022|71023,DS,880403,43,2,2,0.4332258701324463,0.6836071014404297,0.9870415925979614,0.6721007823944092,False
B,71021,71021|71022|71023,DS,880403,59,0,0,0.2637256681919098,0.5101378560066223,0.7861385345458984,0.4219019412994385,False
B,71021,71021|71022|71023,DS,880403,59,1,1,0.19897980988025665,0.3645673990249634,0.997045636177063,0.688483715057373,False
B,71021,71021|71022|71023,DS,880403,59,2,2,0.46160659193992615,0.6576786637306213,0.941161572933197,0.5988309383392334,False
B,71021,71021|71022|71023,DS,880403,79,0,0,0.19484491646289825,0.39704713225364685,0.7805961966514587,0.4038495123386383,False
B,71021,71021|71022|71023,DS,880403,79,1,1,0.21216291189193726,0.39608335494995117,0.9971580505371094,0.6885732412338257,False
B,71021,71021|71022|71023,DS,880403,79,2,2,0.4731307923793793,0.6623139977455139,0.9391631484031677,0.5962923765182495,False
B,71021,71021|71022|71023,DS,880403,119,0,0,0.3155458867549896,0.5903093814849854,0.9886028170585632,0.6768407821655273,False
B,71021,71021|71022|71023,DS,880403,119,1,1,0.1394031047821045,0.293273001909256,0.9849193692207336,0.675366997718811,False
B,71021,71021|71022|71023,DS,880403,119,2,2,0.4238309860229492,0.6903699040412903,0.9808332324028015,0.660163164138794,False
B,71021,71021|71022|71023,DL,880500,0,0,0,0.2622393071651459,0.5149909853935242,0.7728914618492126,0.4311521649360657,False
B,71021,71021|71022|71023,DL,880500,0,1,1,0.11214687675237656,0.2397756427526474,0.7722022533416748,0.3952527344226837,False
B,71021,71021|71022|71023,DL,880500,0,2,2,0.4055146872997284,0.6913179755210876,0.9467582106590271,0.6274440288543701,False
B,71021,71021|71022|71023,DL,880500,27,0,0,0.2903454601764679,0.575417697429657,0.9954355955123901,0.683483362197876,False
B,71021,71021|71022|71023,DL,880500,27,1,1,0.12411797046661377,0.2505946159362793,0.9962221384048462,0.6871097087860107,False
B,71021,71021|71022|71023,DL,880500,27,2,2,0.40078672766685486,0.6831355690956116,0.9794382452964783,0.6676703095436096,False
B,71021,71021|71022|71023,DL,880500,43,0,0,0.2766573131084442,0.5424232482910156,0.9959585666656494,0.6845920085906982,False
B,71021,71021|71022|71023,DL,880500,43,1,1,0.13501900434494019,0.2623685300350189,0.9962342381477356,0.6873610019683838,False
B,71021,71021|71022|71023,DL,880500,43,2,2,0.4119674265384674,0.684321403503418,0.9813603162765503,0.6680383086204529,False
B,71021,71021|71022|71023,DL,880500,59,0,0,0.27029910683631897,0.519934356212616,0.8024393916130066,0.436226487159729,False
B,71021,71021|71022|71023,DL,880500,59,1,1,0.2111724615097046,0.38685742020606995,0.9974421262741089,0.6889384984970093,False
B,71021,71021|71022|71023,DL,880500,59,2,2,0.46171608567237854,0.6577626466751099,0.9411460161209106,0.5987842082977295,False
B,71021,71021|71022|71023,DL,880500,79,0,0,0.24774567782878876,0.47992047667503357,0.801981508731842,0.4206383526325226,False
B,71021,71021|71022|71023,DL,880500,79,1,1,0.21796949207782745,0.411252498626709,0.9975376725196838,0.6889835596084595,False
B,71021,71021|71022|71023,DL,880500,79,2,2,0.47324714064598083,0.6623939871788025,0.9391441345214844,0.5962405204772949,False
B,71021,71021|71022|71023,DL,880500,119,0,0,0.3345370292663574,0.6193894743919373,0.7403942346572876,0.43674588203430176,False
B,71021,71021|71022|71023,DL,880500,119,1,1,0.1318073719739914,0.2700614035129547,0.9938194155693054,0.6854851245880127,False
B,71021,71021|71022|71023,DL,880500,119,2,2,0.49848493933677673,0.6711588501930237,0.9340481758117676,0.5902390480041504,False
B,71021,71021|71022|71023,DL,880501,0,0,0,0.22922475636005402,0.47442427277565,0.8147082328796387,0.4594074785709381,False
B,71021,71021|71022|71023,DL,880501,0,1,1,0.10531273484230042,0.2265404462814331,0.8114967942237854,0.43146654963493347,False
B,71021,71021|71022|71023,DL,880501,0,2,2,0.4055146872997284,0.6913179755210876,0.9467582106590271,0.6274440288543701,False
B,71021,71021|71022|71023,DL,880501,27,0,0,0.3007446825504303,0.5745747089385986,0.9964906573295593,0.6867047548294067,False
B,71021,71021|71022|71023,DL,880501,27,1,1,0.11221349239349365,0.2353249043226242,0.9897133111953735,0.6807833313941956,False
B,71021,71021|71022|71023,DL,880501,27,2,2,0.4450415074825287,0.6801263689994812,0.9884434938430786,0.6726962924003601,False
B,71021,71021|71022|71023,DL,880501,43,0,0,0.27450990676879883,0.5353559851646423,0.9968613982200623,0.6875013113021851,False
B,71021,71021|71022|71023,DL,880501,43,1,1,0.11626175791025162,0.2388361245393753,0.9896536469459534,0.6812119483947754,False
B,71021,71021|71022|71023,DL,880501,43,2,2,0.4544576108455658,0.6803558468818665,0.9896973371505737,0.6740319728851318,False
B,71021,71021|71022|71023,DL,880501,59,0,0,0.23717506229877472,0.4823475778102875,0.806890606880188,0.4415735900402069,False
B,71021,71021|71022|71023,DL,880501,59,1,1,0.17355239391326904,0.3203464448451996,0.9958469271659851,0.6871971487998962,False
B,71021,71021|71022|71023,DL,880501,59,2,2,0.46149763464927673,0.6575948596000671,0.9411769509315491,0.5988776683807373,False
B,71021,71021|71022|71023,DL,880501,79,0,0,0.1512092500925064,0.3226151764392853,0.8100793957710266,0.4324203133583069,False
B,71021,71021|71022|71023,DL,880501,79,1,1,0.19457434117794037,0.3594898283481598,0.995934784412384,0.6873679161071777,False
B,71021,71021|71022|71023,DL,880501,79,2,2,0.47301432490348816,0.6622340083122253,0.9391820430755615,0.5963439345359802,False
B,71021,71021|71022|71023,DL,880501,119,0,0,0.3346785306930542,0.6195356249809265,0.7405385375022888,0.4370792508125305,False
B,71021,71021|71022|71023,DL,880501,119,1,1,0.13169459998607635,0.27006182074546814,0.9938044548034668,0.6854648590087891,False
B,71021,71021|71022|71023,DL,880501,119,2,2,0.49824610352516174,0.6710226535797119,0.9341026544570923,0.5903646349906921,False
B,71021,71021|71022|71023,DL,880502,0,0,0,0.23704774677753448,0.49230071902275085,0.8424620628356934,0.4940275549888611,False
B,71021,71021|71022|71023,DL,880502,0,1,1,0.11208212375640869,0.24061238765716553,0.8176016211509705,0.4393921494483948,False
B,71021,71021|71022|71023,DL,880502,0,2,2,0.4055146872997284,0.6913179755210876,0.9467582106590271,0.6274440288543701,False
B,71021,71021|71022|71023,DL,880502,27,0,0,0.3104437291622162,0.5904603600502014,0.9964851140975952,0.6864986419677734,False
B,71021,71021|71022|71023,DL,880502,27,1,1,0.11135310679674149,0.2360975295305252,0.9902891516685486,0.6805171966552734,False
B,71021,71021|71022|71023,DL,880502,27,2,2,0.46077290177345276,0.679746687412262,0.9867338538169861,0.669074535369873,False
B,71021,71021|71022|71023,DL,880502,43,0,0,0.2959223985671997,0.5683266520500183,0.9967312216758728,0.6870189905166626,False
B,71021,71021|71022|71023,DL,880502,43,1,1,0.10950571298599243,0.22850064933300018,0.9901095032691956,0.6810498237609863,False
B,71021,71021|71022|71023,DL,880502,43,2,2,0.47061052918434143,0.6791899800300598,0.9883555769920349,0.6714521050453186,False
B,71021,71021|71022|71023,DL,880502,59,0,0,0.27216991782188416,0.537843644618988,0.8324974179267883,0.472511351108551,False
B,71021,71021|71022|71023,DL,880502,59,1,1,0.15303708612918854,0.28759118914604187,0.9961926341056824,0.6873721480369568,False
B,71021,71021|71022|71023,DL,880502,59,2,2,0.46117186546325684,0.6573431491851807,0.9412223100662231,0.5990162491798401,False
B,71021,71021|71022|71023,DL,880502,79,0,0,0.16020585596561432,0.3444196283817291,0.8426556587219238,0.4656374156475067,False
B,71021,71021|71022|71023,DL,880502,79,1,1,0.17651544511318207,0.3274162709712982,0.9963304400444031,0.6876721978187561,False
B,71021,71021|71022|71023,DL,880502,79,2,2,0.47266677021980286,0.6619938015937805,0.939237654209137,0.5964974761009216,False
B,71021,71021|71022|71023,DL,880502,119,0,0,0.33488431572914124,0.6197474002838135,0.7407578229904175,0.4375789761543274,False
B,71021,71021|71022|71023,DL,880502,119,1,1,0.13152994215488434,0.27007004618644714,0.9937812089920044,0.6854339838027954,False
B,71021,71021|71022|71023,DL,880502,119,2,2,0.4978879690170288,0.6708179116249084,0.9341830611228943,0.5905515551567078,False
B,71021,71021|71022|71023,DL,880503,0,0,0,0.23033291101455688,0.4814951419830322,0.8350926637649536,0.4835329055786133,False
B,71021,71021|71022|71023,DL,880503,0,1,1,0.10863330215215683,0.23367571830749512,0.8350939750671387,0.456831693649292,False
B,71021,71021|71022|71023,DL,880503,0,2,2,0.4055146872997284,0.6913179755210876,0.9467582106590271,0.6274440288543701,False
B,71021,71021|71022|71023,DL,880503,27,0,0,0.30892911553382874,0.5856022238731384,0.9962044358253479,0.686112642288208,False
B,71021,71021|71022|71023,DL,880503,27,1,1,0.11231508105993271,0.23711325228214264,0.9894802570343018,0.6796612739562988,False
B,71021,71021|71022|71023,DL,880503,27,2,2,0.45973896980285645,0.6836424469947815,0.9816516041755676,0.6614700555801392,False
B,71021,71021|71022|71023,DL,880503,43,0,0,0.29256775975227356,0.5591956973075867,0.9966629147529602,0.6869561076164246,False
B,71021,71021|71022|71023,DL,880503,43,1,1,0.1132751926779747,0.2345140427350998,0.9893698692321777,0.6802542209625244,False
B,71021,71021|71022|71023,DL,880503,43,2,2,0.4704805612564087,0.6833003163337708,0.9836329221725464,0.6642383337020874,False
B,71021,71021|71022|71023,DL,880503,59,0,0,0.27346357703208923,0.5334134101867676,0.8443888425827026,0.478354811668396,False
B,71021,71021|71022|71023,DL,880503,59,1,1,0.166020005941391,0.30847182869911194,0.9963608384132385,0.6876109838485718,False
B,71021,71021|71022|71023,DL,880503,59,2,2,0.4612802267074585,0.6574271321296692,0.941207230091095,0.5989700555801392,False
B,71021,71021|71022|71023,DL,880503,79,0,0,0.15717314183712006,0.3371800184249878,0.8541367053985596,0.4733755886554718,False
B,71021,71021|71022|71023,DL,880503,79,1,1,0.18447954952716827,0.3423210382461548,0.9964483380317688,0.6878318190574646,False
B,71021,71021|71022|71023,DL,880503,79,2,2,0.4727824926376343,0.6620739102363586,0.9392192363739014,0.5964465141296387,False
B,71021,71021|71022|71023,DL,880503,119,0,0,0.33481672406196594,0.6196780800819397,0.7406846880912781,0.4374127984046936,False
B,71021,71021|71022|71023,DL,880503,119,1,1,0.1315842866897583,0.27006641030311584,0.9937890768051147,0.6854444742202759,False
B,71021,71021|71022|71023,DL,880503,119,2,2,0.49800732731819153,0.6708862781524658,0.9341564178466797,0.5904892683029175,False
B,71021,71021|71022|71023,CP,880600,0,0,0,0.22891980409622192,0.4800485670566559,0.8407026529312134,0.4880930781364441,False
B,71021,71021|71022|71023,CP,880600,0,1,1,0.10867061465978622,0.23372243344783783,0.8416619896888733,0.46476030349731445,False
B,71021,71021|71022|71023,CP,880600,0,2,2,0.4055146872997284,0.6913179755210876,0.9467582106590271,0.6274440288543701,False
B,71021,71021|71022|71023,CP,880600,27,0,0,0.3100939989089966,0.5855183005332947,0.9959965348243713,0.6856075525283813,False
B,71021,71021|71022|71023,CP,880600,27,1,1,0.1122555360198021,0.23732036352157593,0.9876598715782166,0.677667498588562,False
B,71021,71021|71022|71023,CP,880600,27,2,2,0.4638160765171051,0.6841233372688293,0.9797553420066833,0.6584010124206543,False
B,71021,71021|71022|71023,CP,880600,43,0,0,0.3231305778026581,0.6023523211479187,0.8462718725204468,0.4970649778842926,False
B,71021,71021|71022|71023,CP,880600,43,1,1,0.15014247596263885,0.2870144546031952,0.9961833953857422,0.6869664192199707,False
B,71021,71021|71022|71023,CP,880600,43,2,2,0.45510685443878174,0.6565298438072205,0.942857563495636,0.6010013818740845,False
B,71021,71021|71022|71023,CP,880600,59,0,0,0.2742370665073395,0.5334041714668274,0.8543397188186646,0.4868490695953369,False
B,71021,71021|71022|71023,CP,880600,59,1,1,0.16369833052158356,0.3046930730342865,0.9964500069618225,0.6876648664474487,False
B,71021,71021|71022|71023,CP,880600,59,2,2,0.46351197361946106,0.6601172089576721,0.9414401650428772,0.599128246307373,False
B,71021,71021|71022|71023,CP,880600,79,0,0,0.15586763620376587,0.33479687571525574,0.8645726442337036,0.48245975375175476,False
B,71021,71021|71022|71023,CP,880600,79,1,1,0.1805858612060547,0.3357022702693939,0.9964853525161743,0.687806248664856,False
B,71021,71021|71022|71023,CP,880600,79,2,2,0.47487178444862366,0.6645393371582031,0.9394077658653259,0.5965582132339478,False
B,71021,71021|71022|71023,CP,880600,119,0,0,0.33422842621803284,0.6192206740379333,0.7453926205635071,0.4405697286128998,False
B,71021,71021|71022|71023,CP,880600,119,1,1,0.13048075139522552,0.2669468820095062,0.9942363500595093,0.6859009265899658,False
B,71021,71021|71022|71023,CP,880600,119,2,2,0.49965810775756836,0.6728219985961914,0.9342391490936279,0.5904984474182129,False
B,71021,71021|71022|71023,CP,880601,0,0,0,0.2373012900352478,0.4878164231777191,0.8452673554420471,0.4880829155445099,False
B,71021,71021|71022|71023,CP,880601,0,1,1,0.10778941959142685,0.23227810859680176,0.8078656196594238,0.4333125948905945,False
B,71021,71021|71022|71023,CP,880601,0,2,2,0.4055146872997284,0.6913179755210876,0.9467582106590271,0.6274440288543701,False
B,71021,71021|71022|71023,CP,880601,27,0,0,0.29699236154556274,0.5747523903846741,0.9959118962287903,0.6857229471206665,False
B,71021,71021|71022|71023,CP,880601,27,1,1,0.11326385289430618,0.2406284064054489,0.9831680059432983,0.6738099455833435,False
B,71021,71021|71022|71023,CP,880601,27,2,2,0.45994439721107483,0.6706312298774719,0.9914392232894897,0.676321268081665,False
B,71021,71021|71022|71023,CP,880601,43,0,0,0.2505495250225067,0.5104067921638489,0.9959172606468201,0.6858043670654297,False
B,71021,71021|71022|71023,CP,880601,43,1,1,0.11124429106712341,0.23327545821666718,0.983852744102478,0.6744149923324585,False
B,71021,71021|71022|71023,CP,880601,43,2,2,0.46605631709098816,0.6682264804840088,0.9925867915153503,0.6782453060150146,False
B,71021,71021|71022|71023,CP,880601,59,0,0,0.18587195873260498,0.39803752303123474,0.9959150552749634,0.6861396431922913,False
B,71021,71021|71022|71023,CP,880601,59,1,1,0.10616698116064072,0.21736092865467072,0.9840494990348816,0.6743260622024536,False
B,71021,71021|71022|71023,CP,880601,59,2,2,0.4575314521789551,0.6541333198547363,0.994102954864502,0.6813043355941772,False
B,71021,71021|71022|71023,CP,880601,79,0,0,0.1495192050933838,0.32236596941947937,0.8229435682296753,0.44769442081451416,False
B,71021,71021|71022|71023,CP,880601,79,1,1,0.1702732890844345,0.31524354219436646,0.992205023765564,0.6841120719909668,False
B,71021,71021|71022|71023,CP,880601,79,2,2,0.4704430103302002,0.6593514084815979,0.9389802813529968,0.5963111519813538,False
B,71021,71021|71022|71023,CP,880601,119,0,0,0.33544957637786865,0.6201415061950684,0.7357741594314575,0.43426424264907837,False
B,71021,71021|71022|71023,CP,880601,119,1,1,0.13264961540699005,0.27327221632003784,0.9932898879051208,0.6849308013916016,False
B,71021,71021|71022|71023,CP,880601,119,2,2,0.49608805775642395,0.6687102317810059,0.9340255260467529,0.5904659628868103,False
B,71021,71021|71022|71023,CP,880602,0,0,0,0.27927166223526,0.537013053894043,0.7862462401390076,0.4427269697189331,False
B,71021,71021|71022|71023,CP,880602,0,1,1,0.11474063247442245,0.2451651692390442,0.8085107803344727,0.42898833751678467,False
B,71021,71021|71022|71023,CP,880602,0,2,2,0.4055146872997284,0.6913179755210876,0.9467582106590271,0.6274440288543701,False
B,71021,71021|71022|71023,CP,880602,27,0,0,0.29502955079078674,0.5820148587226868,0.993638277053833,0.6809560060501099,False
B,71021,71021|71022|71023,CP,880602,27,1,1,0.12785761058330536,0.2570593059062958,0.9963166117668152,0.687073290348053,False
B,71021,71021|71022|71023,CP,880602,27,2,2,0.40933358669281006,0.6876559257507324,0.9606143236160278,0.6465930938720703,False
B,71021,71021|71022|71023,CP,880602,43,0,0,0.3054490089416504,0.5845111012458801,0.8578222393989563,0.5024834871292114,False
B,71021,71021|71022|71023,CP,880602,43,1,1,0.2093992680311203,0.38082432746887207,0.9974462389945984,0.6887381076812744,False
B,71021,71021|71022|71023,CP,880602,43,2,2,0.45551300048828125,0.6568594574928284,0.9427998065948486,0.600820779800415,False
B,71021,71021|71022|71023,CP,880602,59,0,0,0.2773915231227875,0.5336629748344421,0.8603867292404175,0.4890983998775482,False
B,71021,71021|71022|71023,CP,880602,59,1,1,0.2138790339231491,0.39320066571235657,0.9976581335067749,0.6891739368438721,False
B,71021,71021|71022|71023,CP,880602,59,2,2,0.4639441967010498,0.6604368686676025,0.9413724541664124,0.5989326238632202,False
B,71021,71021|71022|71023,CP,880602,79,0,0,0.25557366013526917,0.4912731945514679,0.8618671894073486,0.4803936779499054,False
B,71021,71021|71022|71023,CP,880602,79,1,1,0.21441303193569183,0.4091266393661499,0.9976612329483032,0.6890466213226318,False
B,71021,71021|71022|71023,CP,880602,79,2,2,0.475329726934433,0.664841890335083,0.9393259882926941,0.5963425040245056,False
B,71021,71021|71022|71023,CP,880602,119,0,0,0.33393481373786926,0.6189177632331848,0.7450984716415405,0.43989452719688416,False
B,71021,71021|71022|71023,CP,880602,119,1,1,0.13070322573184967,0.266949862241745,0.9942651391029358,0.685939371585846,False
B,71021,71021|71022|71023,CP,880602,119,2,2,0.5001219511032104,0.6730756759643555,0.9341230392456055,0.5902378559112549,False
B,71021,71021|71022|71023,CP,880603,0,0,0,0.22757749259471893,0.4773726761341095,0.826172947883606,0.4771747291088104,False
B,71021,71021|71022|71023,CP,880603,0,1,1,0.10888388007879257,0.2341502457857132,0.8389228582382202,0.4600837230682373,False
B,71021,71021|71022|71023,CP,880603,0,2,2,0.4055146872997284,0.6913179755210876,0.9467582106590271,0.6274440288543701,False
B,71021,71021|71022|71023,CP,880603,27,0,0,0.3092108368873596,0.5860373377799988,0.9962171912193298,0.6860599517822266,False
B,71021,71021|71022|71023,CP,880603,27,1,1,0.11340788751840591,0.23829936981201172,0.9914006590843201,0.6814130544662476,False
B,71021,71021|71022|71023,CP,880603,27,2,2,0.45459532737731934,0.6856086254119873,0.977320671081543,0.6562973856925964,False
B,71021,71021|71022|71023,CP,880603,43,0,0,0.29480496048927307,0.5609204173088074,0.9967508316040039,0.6871367692947388,False
B,71021,71021|71022|71023,CP,880603,43,1,1,0.11679109185934067,0.24001125991344452,0.9913826584815979,0.6819237470626831,False
B,71021,71021|71022|71023,CP,880603,43,2,2,0.4647570550441742,0.6855279803276062,0.9795330762863159,0.6590671539306641,False
B,71021,71021|71022|71023,CP,880603,59,0,0,0.256981760263443,0.5044333338737488,0.9978345036506653,0.688675045967102,False
B,71021,71021|71022|71023,CP,880603,59,1,1,0.11574816703796387,0.22922420501708984,0.9909114837646484,0.6823850870132446,False
B,71021,71021|71022|71023,CP,880603,59,2,2,0.4742182195186615,0.6834127306938171,0.9836493730545044,0.6639271974563599,False
B,71021,71021|71022|71023,CP,880603,79,0,0,0.17215199768543243,0.36496949195861816,0.8524143695831299,0.4710620641708374,False
B,71021,71021|71022|71023,CP,880603,79,1,1,0.19245214760303497,0.35754677653312683,0.9967633485794067,0.6881750226020813,False
B,71021,71021|71022|71023,CP,880603,79,2,2,0.4706777036190033,0.6595204472541809,0.9389467835426331,0.5962140560150146,False
B,71021,71021|71022|71023,CP,880603,119,0,0,0.33531978726387024,0.6200079917907715,0.7356299757957458,0.4339359402656555,False
B,71021,71021|71022|71023,CP,880603,119,1,1,0.1327597051858902,0.27326318621635437,0.9933058619499207,0.6849526166915894,False
B,71021,71021|71022|71023,CP,880603,119,2,2,0.49633336067199707,0.6688566207885742,0.9339761137962341,0.5903468728065491,False
B,71022,71022|71023|71024,N,880000,0,0,0,0.29523006081581116,0.5828874111175537,0.8607919216156006,0.5085850954055786,False
B,71022,71022|71023|71024,N,880000,0,1,1,0.28814640641212463,0.5538312792778015,0.2234521359205246,0.08158016949892044,False
B,71022,71022|71023|71024,N,880000,0,2,2,0.38903549313545227,0.6712028980255127,0.9750203490257263,0.6331705451011658,False
B,71022,71022|71023|71024,N,880000,27,0,0,0.3679002821445465,0.6631138920783997,0.4471326470375061,0.16848865151405334,False
B,71022,71022|71023|71024,N,880000,27,1,1,0.28465309739112854,0.5519484877586365,0.2592678964138031,0.0629924014210701,False
B,71022,71022|71023|71024,N,880000,27,2,2,0.33005961775779724,0.6533824801445007,0.9859834909439087,0.6543713808059692,False
B,71022,71022|71023|71024,N,880000,43,0,0,0.3550160229206085,0.6438294053077698,0.5174465179443359,0.19261112809181213,False
B,71022,71022|71023|71024,N,880000,43,1,1,0.28291055560112,0.5494741201400757,0.2817884385585785,0.06603622436523438,False
B,71022,71022|71023|71024,N,880000,43,2,2,0.3282884955406189,0.6540852189064026,0.9842584133148193,0.6513627171516418,False
B,71022,71022|71023|71024,N,880000,59,0,0,0.2518812119960785,0.5234531760215759,0.6501424908638,0.2587611675262451,False
B,71022,71022|71023|71024,N,880000,59,1,1,0.2764240801334381,0.5387122631072998,0.2278621643781662,0.05593060702085495,False
B,71022,71022|71023|71024,N,880000,59,2,2,0.3270181119441986,0.6535609364509583,0.9798867106437683,0.6457118391990662,False
B,71022,71022|71023|71024,N,880000,79,0,0,0.19209164381027222,0.43067702651023865,0.6879605054855347,0.38030534982681274,False
B,71022,71022|71023|71024,N,880000,79,1,1,0.27068957686424255,0.527091920375824,0.18785160779953003,0.049609534442424774,False
B,71022,71022|71023|71024,N,880000,79,2,2,0.32888007164001465,0.6457552909851074,0.9646598696708679,0.6226761341094971,False
B,71022,71022|71023|71024,N,880000,119,0,0,0.3888864815235138,0.6495738625526428,0.4274376630783081,0.1677146553993225,False
B,71022,71022|71023|71024,N,880000,119,1,1,0.31352856755256653,0.5889068245887756,0.601889967918396,0.21428242325782776,False
B,71022,71022|71023|71024,N,880000,119,2,2,0.3747617304325104,0.6688494682312012,0.961607038974762,0.6089816093444824,False
B,71022,71022|71023|71024,N,880001,0,0,0,0.2892746925354004,0.5791374444961548,0.9047057628631592,0.548611581325531,False
B,71022,71022|71023|71024,N,880001,0,1,1,0.2897154986858368,0.5553753972053528,0.286776602268219,0.11944814026355743,False
B,71022,71022|71023|71024,N,880001,0,2,2,0.38903549313545227,0.6712028980255127,0.9750203490257263,0.6331705451011658,False
B,71022,71022|71023|71024,N,880001,27,0,0,0.36803779006004333,0.6664035320281982,0.6649006009101868,0.326704204082489,False
B,71022,71022|71023|71024,N,880001,27,1,1,0.284530907869339,0.5493578314781189,0.290488600730896,0.09729915857315063,False
B,71022,71022|71023|71024,N,880001,27,2,2,0.3357142210006714,0.6590359807014465,0.9754550457000732,0.6327333450317383,False
B,71022,71022|71023|71024,N,880001,43,0,0,0.3698332607746124,0.6645132899284363,0.7677428126335144,0.3887811303138733,False
B,71022,71022|71023|71024,N,880001,43,1,1,0.28135040402412415,0.5445358753204346,0.2842419147491455,0.08962628245353699,False
B,71022,71022|71023|71024,N,880001,43,2,2,0.334444135427475,0.6596996188163757,0.9748027920722961,0.631202220916748,False
B,71022,71022|71023|71024,N,880001,59,0,0,0.3547137677669525,0.6494589447975159,0.8361730575561523,0.4837270975112915,False
B,71022,71022|71023|71024,N,880001,59,1,1,0.274742990732193,0.5336821675300598,0.2574519217014313,0.07925799489021301,False
B,71022,71022|71023|71024,N,880001,59,2,2,0.33409950137138367,0.6598907113075256,0.9747161269187927,0.630511462688446,False
B,71022,71022|71023|71024,N,880001,79,0,0,0.24294762313365936,0.5168442726135254,0.889310896396637,0.5737734436988831,False
B,71022,71022|71023|71024,N,880001,79,1,1,0.26789551973342896,0.5212609171867371,0.22328662872314453,0.07030029594898224,False
B,71022,71022|71023|71024,N,880001,79,2,2,0.3368168771266937,0.6570432186126709,0.9739907383918762,0.6287989616394043,False
B,71022,71022|71023|71024,N,880001,119,0,0,0.3887064456939697,0.6494173407554626,0.4274046719074249,0.16768744587898254,False
B,71022,71022|71023|71024,N,880001,119,1,1,0.31354138255119324,0.5888682007789612,0.6015344262123108,0.21407368779182434,False
B,71022,71022|71023|71024,N,880001,119,2,2,0.3748149871826172,0.6688647270202637,0.9616247415542603,0.6090141534805298,False
B,71022,71022|71023|71024,N,880002,0,0,0,0.29506030678749084,0.5929984450340271,0.9029111266136169,0.5364221334457397,False
B,71022,71022|71023|71024,N,880002,0,1,1,0.29442158341407776,0.5609661340713501,0.3199928402900696,0.10055067390203476,False
B,71022,71022|71023|71024,N,880002,0,2,2,0.38903549313545227,0.6712028980255127,0.9750203490257263,0.6331705451011658,False
B,71022,71022|71023|71024,N,880002,27,0,0,0.38649216294288635,0.6699495315551758,0.46947577595710754,0.16887950897216797,False
B,71022,71022|71023|71024,N,880002,27,1,1,0.29146215319633484,0.5576744675636292,0.4443261921405792,0.1268346607685089,False
B,71022,71022|71023|71024,N,880002,27,2,2,0.33043503761291504,0.6547819375991821,0.9796743392944336,0.6409863233566284,False
B,71022,71022|71023|71024,N,880002,43,0,0,0.38122621178627014,0.6603275537490845,0.41233837604522705,0.1409708857536316,False
B,71022,71022|71023|71024,N,880002,43,1,1,0.28810518980026245,0.5527341365814209,0.45005202293395996,0.12775130569934845,False
B,71022,71022|71023|71024,N,880002,43,2,2,0.3318721055984497,0.6548149585723877,0.9786269664764404,0.6394257545471191,False
B,71022,71022|71023|71024,N,880002,59,0,0,0.2960745394229889,0.5749764442443848,0.3706323206424713,0.13181236386299133,False
B,71022,71022|71023|71024,N,880002,59,1,1,0.2811093330383301,0.5413134098052979,0.3808041214942932,0.10469238460063934,False
B,71022,71022|71023|71024,N,880002,59,2,2,0.33544135093688965,0.652846097946167,0.9766061902046204,0.6377047300338745,False
B,71022,71022|71023|71024,N,880002,79,0,0,0.20889712870121002,0.45380616188049316,0.5542339086532593,0.1934908926486969,False
B,71022,71022|71023|71024,N,880002,79,1,1,0.27454623579978943,0.5286962389945984,0.2963719964027405,0.08349978923797607,False
B,71022,71022|71023|71024,N,880002,79,2,2,0.34216952323913574,0.641888439655304,0.9666762351989746,0.6305112838745117,False
B,71022,71022|71023|71024,N,880002,119,0,0,0.3892401456832886,0.6498817801475525,0.42750275135040283,0.167768657207489,False
B,71022,71022|71023|71024,N,880002,119,1,1,0.3135029971599579,0.5889838337898254,0.6026004552841187,0.21470260620117188,False
B,71022,71022|71023|71024,N,880002,119,2,2,0.3746550977230072,0.6688189506530762,0.9615718126296997,0.6089164018630981,False
B,71022,71022|71023|71024,N,880003,0,0,0,0.30284881591796875,0.5926042199134827,0.8811231851577759,0.5195722579956055,False
B,71022,71022|71023|71024,N,880003,0,1,1,0.2892249524593353,0.5570183396339417,0.2119278460741043,0.09184858947992325,False
B,71022,71022|71023|71024,N,880003,0,2,2,0.38903549313545227,0.6712028980255127,0.9750203490257263,0.6331705451011658,False
B,71022,71022|71023|71024,N,880003,27,0,0,0.33970606327056885,0.6542201638221741,0.7578369379043579,0.4094098210334778,False
B,71022,71022|71023|71024,N,880003,27,1,1,0.2816523015499115,0.549335241317749,0.1772070825099945,0.06394633650779724,False
B,71022,71022|71023|71024,N,880003,27,2,2,0.3390326499938965,0.6535437703132629,0.9871265292167664,0.6573270559310913,False
B,71022,71022|71023|71024,N,880003,43,0,0,0.34600749611854553,0.6580824851989746,0.8449108600616455,0.4694318175315857,False
B,71022,71022|71023|71024,N,880003,43,1,1,0.27882131934165955,0.5450063943862915,0.18193455040454865,0.05851010978221893,False
B,71022,71022|71023|71024,N,880003,43,2,2,0.33508408069610596,0.6550001502037048,0.9857670068740845,0.6543472409248352,False
B,71022,71022|71023|71024,N,880003,59,0,0,0.3443613350391388,0.653071939945221,0.8685055375099182,0.542297899723053,False
B,71022,71022|71023|71024,N,880003,59,1,1,0.2716399133205414,0.5338948965072632,0.15811803936958313,0.05566294863820076,False
B,71022,71022|71023|71024,N,880003,59,2,2,0.33030083775520325,0.6556169390678406,0.9825595021247864,0.6483865976333618,False
B,71022,71022|71023|71024,N,880003,79,0,0,0.2601398229598999,0.5542776584625244,0.9245930314064026,0.6007771492004395,False
B,71022,71022|71023|71024,N,880003,79,1,1,0.26576125621795654,0.5232595801353455,0.14227572083473206,0.052425261586904526,False
B,71022,71022|71023|71024,N,880003,79,2,2,0.3236837089061737,0.6514061689376831,0.9676775932312012,0.6249944567680359,False
B,71022,71022|71023|71024,N,880003,119,0,0,0.3887064456939697,0.6494173407554626,0.4274046719074249,0.16768744587898254,False
B,71022,71022|71023|71024,N,880003,119,1,1,0.31354138255119324,0.5888682007789612,0.6015344262123108,0.21407368779182434,False
B,71022,71022|71023|71024,N,880003,119,2,2,0.3748149871826172,0.6688647270202637,0.9616247415542603,0.6090141534805298,False
B,71022,71022|71023|71024,F0,880100,0,0,0,0.32880985736846924,0.623816192150116,0.9086503982543945,0.546309769153595,False
B,71022,71022|71023|71024,F0,880100,0,1,1,0.2907373905181885,0.5587494373321533,0.2512434422969818,0.11758780479431152,False
B,71022,71022|71023|71024,F0,880100,0,2,2,0.38903549313545227,0.6712028980255127,0.9750203490257263,0.6331705451011658,False
B,71022,71022|71023|71024,F0,880100,27,0,0,0.3576456308364868,0.6554122567176819,0.8864028453826904,0.5277512669563293,False
B,71022,71022|71023|71024,F0,880100,27,1,1,0.28296932578086853,0.549845278263092,0.22468838095664978,0.08971510827541351,False
B,71022,71022|71023|71024,F0,880100,27,2,2,0.3417140543460846,0.657940149307251,0.980561375617981,0.6428467035293579,False
B,71022,71022|71023|71024,F0,880100,43,0,0,0.3596436083316803,0.657753050327301,0.9246866703033447,0.5839868783950806,False
B,71022,71022|71023|71024,F0,880100,43,1,1,0.2787066698074341,0.543258011341095,0.2191266119480133,0.0805661678314209,False
B,71022,71022|71023|71024,F0,880100,43,2,2,0.3376053273677826,0.6590690612792969,0.9797095060348511,0.6408077478408813,False
B,71022,71022|71023|71024,F0,880100,59,0,0,0.3532039225101471,0.642738401889801,0.8944955468177795,0.5436217784881592,False
B,71022,71022|71023|71024,F0,880100,59,1,1,0.27038121223449707,0.524494469165802,0.1535327434539795,0.0843566358089447,False
B,71022,71022|71023|71024,F0,880100,59,2,2,0.3700745105743408,0.6379255652427673,0.9905009865760803,0.6658725142478943,False
B,71022,71022|71023|71024,F0,880100,79,0,0,0.30062994360923767,0.6096332669258118,0.8726980686187744,0.5767773389816284,False
B,71022,71022|71023|71024,F0,880100,79,1,1,0.2601555287837982,0.5066512227058411,0.15618367493152618,0.07860487699508667,False
B,71022,71022|71023|71024,F0,880100,79,2,2,0.3736123740673065,0.6424458622932434,0.9905281066894531,0.6659266352653503,False
B,71022,71022|71023|71024,F0,880100,119,0,0,0.3867037296295166,0.6506310105323792,0.4469328224658966,0.1609794795513153,False
B,71022,71022|71023|71024,F0,880100,119,1,1,0.32160016894340515,0.5741297006607056,0.5623611807823181,0.23458552360534668,False
B,71022,71022|71023|71024,F0,880100,119,2,2,0.3793831169605255,0.6508418917655945,0.9902877807617188,0.6653333902359009,False
B,71022,71022|71023|71024,F0,880101,0,0,0,0.30167722702026367,0.5943413376808167,0.8620555996894836,0.5162861347198486,False
B,71022,71022|71023|71024,F0,880101,0,1,1,0.2910130023956299,0.5591059327125549,0.2138221561908722,0.08604864776134491,False
B,71022,71022|71023|71024,F0,880101,0,2,2,0.38903549313545227,0.6712028980255127,0.9750203490257263,0.6331705451011658,False
B,71022,71022|71023|71024,F0,880101,27,0,0,0.33621466159820557,0.6537436842918396,0.5932556986808777,0.303128182888031,False
B,71022,71022|71023|71024,F0,880101,27,1,1,0.2833472490310669,0.5517538189888,0.197682186961174,0.059416770935058594,False
B,71022,71022|71023|71024,F0,880101,27,2,2,0.3369690477848053,0.6532192826271057,0.9875109195709229,0.6582843065261841,False
B,71022,71022|71023|71024,F0,880101,43,0,0,0.3458930552005768,0.6585313081741333,0.6996320486068726,0.342991441488266,False
B,71022,71022|71023|71024,F0,880101,43,1,1,0.28082454204559326,0.5479496121406555,0.20714306831359863,0.05575680732727051,False
B,71022,71022|71023|71024,F0,880101,43,2,2,0.33317339420318604,0.6545251607894897,0.9859076142311096,0.654977023601532,False
B,71022,71022|71023|71024,F0,880101,59,0,0,0.3366910517215729,0.6473340392112732,0.8357582688331604,0.4547950029373169,False
B,71022,71022|71023|71024,F0,880101,59,1,1,0.27244994044303894,0.52778559923172,0.22582891583442688,0.086606964468956,False
B,71022,71022|71023|71024,F0,880101,59,2,2,0.3699556887149811,0.6377852559089661,0.990490734577179,0.665848970413208,False
B,71022,71022|71023|71024,F0,880101,79,0,0,0.27015963196754456,0.5646474957466125,0.7362998127937317,0.3962644934654236,False
B,71022,71022|71023|71024,F0,880101,79,1,1,0.26689624786376953,0.5146766304969788,0.14677958190441132,0.06538692861795425,False
B,71022,71022|71023|71024,F0,880101,79,2,2,0.3735061585903168,0.6423149108886719,0.9905195236206055,0.6659066677093506,False
B,71022,71022|71023|71024,F0,880101,119,0,0,0.38707149028778076,0.6509307622909546,0.44689109921455383,0.16093865036964417,False
B,71022,71022|71023|71024,F0,880101,119,1,1,0.3216754198074341,0.574284017086029,0.5641441941261292,0.23555168509483337,False
B,71022,71022|71023|71024,F0,880101,119,2,2,0.37930798530578613,0.6507309079170227,0.9902830123901367,0.665322482585907,False
B,71022,71022|71023|71024,F0,880102,0,0,0,0.2966904044151306,0.5842046737670898,0.8586975336074829,0.5071120262145996,False
B,71022,71022|71023|71024,F0,880102,0,1,1,0.28831759095191956,0.5546049475669861,0.21332071721553802,0.08147409558296204,False
B,71022,71022|71023|71024,F0,880102,0,2,2,0.38903549313545227,0.6712028980255127,0.9750203490257263,0.6331705451011658,False
B,71022,71022|71023|71024,F0,880102,27,0,0,0.3575146198272705,0.6629006266593933,0.502596914768219,0.21112918853759766,False
B,71022,71022|71023|71024,F0,880102,27,1,1,0.283221036195755,0.5506708025932312,0.22629517316818237,0.05717043951153755,False
B,71022,71022|71023|71024,F0,880102,27,2,2,0.3324112892150879,0.6533365845680237,0.9868998527526855,0.6566118001937866,False
B,71022,71022|71023|71024,F0,880102,43,0,0,0.3608076572418213,0.6579696536064148,0.5983591079711914,0.244953453540802,False
B,71022,71022|71023|71024,F0,880102,43,1,1,0.2812962532043457,0.5479102730751038,0.23888865113258362,0.05699727684259415,False
B,71022,71022|71023|71024,F0,880102,43,2,2,0.3297046422958374,0.6542190909385681,0.9851554036140442,0.6533273458480835,False
B,71022,71022|71023|71024,F0,880102,59,0,0,0.32299789786338806,0.620001494884491,0.7864077687263489,0.3964046239852905,False
B,71022,71022|71023|71024,F0,880102,59,1,1,0.27422472834587097,0.5283204913139343,0.27426227927207947,0.09881851077079773,False
B,71022,71022|71023|71024,F0,880102,59,2,2,0.3700151741504669,0.6378554105758667,0.9904958009719849,0.6658607721328735,False
B,71022,71022|71023|71024,F0,880102,79,0,0,0.2054828405380249,0.45715034008026123,0.685001015663147,0.3340718150138855,False
B,71022,71022|71023|71024,F0,880102,79,1,1,0.26908254623413086,0.5161179304122925,0.1661098301410675,0.0671587809920311,False
B,71022,71022|71023|71024,F0,880102,79,2,2,0.37355923652648926,0.64238041639328,0.9905236959457397,0.6659166216850281,False
B,71022,71022|71023|71024,F0,880102,119,0,0,0.3868882954120636,0.6507815718650818,0.4469118118286133,0.16095872223377228,False
B,71022,71022|71023|71024,F0,880102,119,1,1,0.321637898683548,0.5742068290710449,0.5632525086402893,0.23506824672222137,False
B,71022,71022|71023|71024,F0,880102,119,2,2,0.37934568524360657,0.6507864594459534,0.9902854561805725,0.6653279066085815,False
B,71022,71022|71023|71024,F0,880103,0,0,0,0.30140841007232666,0.5925485491752625,0.8739007711410522,0.5201874375343323,False
B,71022,71022|71023|71024,F0,880103,0,1,1,0.2901584506034851,0.5580514073371887,0.21192379295825958,0.09063801169395447,False
B,71022,71022|71023|71024,F0,880103,0,2,2,0.38903549313545227,0.6712028980255127,0.9750203490257263,0.6331705451011658,False
B,71022,71022|71023|71024,F0,880103,27,0,0,0.33914005756378174,0.6547994017601013,0.6717453598976135,0.35548752546310425,False
B,71022,71022|71023|71024,F0,880103,27,1,1,0.2826378643512726,0.5506060719490051,0.1912069320678711,0.06289716064929962,False
B,71022,71022|71023|71024,F0,880103,27,2,2,0.3379388153553009,0.6539362072944641,0.9870181679725647,0.6569952964782715,False
B,71022,71022|71023|71024,F0,880103,43,0,0,0.34676507115364075,0.6587977409362793,0.7881236672401428,0.41188716888427734,False
B,71022,71022|71023|71024,F0,880103,43,1,1,0.27990663051605225,0.5464524626731873,0.19722044467926025,0.058052048087120056,False
B,71022,71022|71023|71024,F0,880103,43,2,2,0.33411023020744324,0.6553513407707214,0.9856577515602112,0.6540294885635376,False
B,71022,71022|71023|71024,F0,880103,59,0,0,0.3368900716304779,0.6467216610908508,0.8436352014541626,0.46656495332717896,False
B,71022,71022|71023|71024,F0,880103,59,1,1,0.2719641625881195,0.5272435545921326,0.20368824899196625,0.08287551999092102,False
B,71022,71022|71023|71024,F0,880103,59,2,2,0.3700151741504669,0.6378554105758667,0.9904958009719849,0.6658607721328735,False
B,71022,71022|71023|71024,F0,880103,79,0,0,0.2780185043811798,0.5775346755981445,0.7443528175354004,0.4289875030517578,False
B,71022,71022|71023|71024,F0,880103,79,1,1,0.2658978998661041,0.5135619640350342,0.1426793932914734,0.06613001227378845,False
B,71022,71022|71023|71024,F0,880103,79,2,2,0.37355923652648926,0.64238041639328,0.9905236959457397,0.6659166216850281,False
B,71022,71022|71023|71024,F0,880103,119,0,0,0.3868882954120636,0.6507815718650818,0.4469118118286133,0.16095872223377228,False
B,71022,71022|71023|71024,F0,880103,119,1,1,0.321637898683548,0.5742068290710449,0.5632525086402893,0.23506824672222137,False
B,71022,71022|71023|71024,F0,880103,119,2,2,0.37934568524360657,0.6507864594459534,0.9902854561805725,0.6653278470039368,False
B,71022,71022|71023|71024,TE,880200,0,0,0,0.304586261510849,0.5941087007522583,0.836789071559906,0.47542575001716614,False
B,71022,71022|71023|71024,TE,880200,0,1,1,0.29032203555107117,0.5574728846549988,0.22471663355827332,0.061941832304000854,False
B,71022,71022|71023|71024,TE,880200,0,2,2,0.38903549313545227,0.6712028980255127,0.9750203490257263,0.6331705451011658,False
B,71022,71022|71023|71024,TE,880200,27,0,0,0.36191725730895996,0.6473729014396667,0.3084467649459839,0.09045593440532684,False
B,71022,71022|71023|71024,TE,880200,27,1,1,0.28633952140808105,0.556088387966156,0.33085760474205017,0.06828397512435913,False
B,71022,71022|71023|71024,TE,880200,27,2,2,0.324260413646698,0.6441956162452698,0.9860223531723022,0.659339189529419,False
B,71022,71022|71023|71024,TE,880200,43,0,0,0.3262311816215515,0.6114261746406555,0.6148397922515869,0.2821251153945923,False
B,71022,71022|71023|71024,TE,880200,43,1,1,0.2836320400238037,0.544616162776947,0.5006906390190125,0.17639315128326416,False
B,71022,71022|71023|71024,TE,880200,43,2,2,0.36855730414390564,0.6368064880371094,0.9902127385139465,0.6651848554611206,False
B,71022,71022|71023|71024,TE,880200,59,0,0,0.21070635318756104,0.4648953974246979,0.5997829437255859,0.2768747806549072,False
B,71022,71022|71023|71024,TE,880200,59,1,1,0.2783811390399933,0.5326070189476013,0.3949704170227051,0.13310538232326508,False
B,71022,71022|71023|71024,TE,880200,59,2,2,0.3714500665664673,0.6403831839561462,0.9902879595756531,0.6653553247451782,False
B,71022,71022|71023|71024,TE,880200,79,0,0,0.18591900169849396,0.4160049855709076,0.6221591234207153,0.25797557830810547,False
B,71022,71022|71023|71024,TE,880200,79,1,1,0.273899644613266,0.5209546685218811,0.23299282789230347,0.0776999443769455,False
B,71022,71022|71023|71024,TE,880200,79,2,2,0.3747669458389282,0.6446856260299683,0.9903082251548767,0.6653926372528076,False
B,71022,71022|71023|71024,TE,880200,119,0,0,0.3892401456832886,0.6498817801475525,0.42750275135040283,0.167768657207489,False
B,71022,71022|71023|71024,TE,880200,119,1,1,0.3135029971599579,0.5889838337898254,0.6026004552841187,0.21470260620117188,False
B,71022,71022|71023|71024,TE,880200,119,2,2,0.3746550977230072,0.6688189506530762,0.9615718126296997,0.6089164018630981,False
B,71022,71022|71023|71024,TE,880201,0,0,0,0.29519858956336975,0.5823953747749329,0.8731088638305664,0.5158815979957581,False
B,71022,71022|71023|71024,TE,880201,0,1,1,0.28836655616760254,0.5547394156455994,0.21796059608459473,0.08828181773424149,False
B,71022,71022|71023|71024,TE,880201,0,2,2,0.38903549313545227,0.6712028980255127,0.9750203490257263,0.6331705451011658,False
B,71022,71022|71023|71024,TE,880201,27,0,0,0.3532550036907196,0.6626291275024414,0.581095278263092,0.26967310905456543,False
B,71022,71022|71023|71024,TE,880201,27,1,1,0.2826518714427948,0.5496745705604553,0.21527643501758575,0.061252299696207047,False
B,71022,71022|71023|71024,TE,880201,27,2,2,0.3341003656387329,0.6547884941101074,0.9861051440238953,0.6546050310134888,False
B,71022,71022|71023|71024,TE,880201,43,0,0,0.3481450378894806,0.6549552083015442,0.8230050802230835,0.4513254165649414,False
B,71022,71022|71023|71024,TE,880201,43,1,1,0.28007540106773376,0.5402154326438904,0.353937029838562,0.1320858597755432,False
B,71022,71022|71023|71024,TE,880201,43,2,2,0.3678373098373413,0.6355507373809814,0.9903213977813721,0.665447473526001,False
B,71022,71022|71023|71024,TE,880201,59,0,0,0.3335545063018799,0.63653564453125,0.8065156936645508,0.4197882413864136,False
B,71022,71022|71023|71024,TE,880201,59,1,1,0.2731783986091614,0.5263968110084534,0.2321409434080124,0.08880798518657684,False
B,71022,71022|71023|71024,TE,880201,59,2,2,0.3708097040653229,0.6392069458961487,0.9903976321220398,0.6656211614608765,False
B,71022,71022|71023|71024,TE,880201,79,0,0,0.2210599184036255,0.4843669831752777,0.6958208084106445,0.3644847273826599,False
B,71022,71022|71023|71024,TE,880201,79,1,1,0.26738399267196655,0.5138232111930847,0.1539110690355301,0.0662970244884491,False
B,71022,71022|71023|71024,TE,880201,79,2,2,0.3742337226867676,0.6436157822608948,0.9904209971427917,0.6656659245491028,False
B,71022,71022|71023|71024,TE,880201,119,0,0,0.3888864815235138,0.6495738625526428,0.4274376630783081,0.1677146553993225,False
B,71022,71022|71023|71024,TE,880201,119,1,1,0.31352856755256653,0.5889068245887756,0.601889967918396,0.21428242325782776,False
B,71022,71022|71023|71024,TE,880201,119,2,2,0.3747617304325104,0.6688494682312012,0.961607038974762,0.6089816093444824,False
B,71022,71022|71023|71024,TE,880202,0,0,0,0.294689416885376,0.5879807472229004,0.8908872008323669,0.5398529171943665,False
B,71022,71022|71023|71024,TE,880202,0,1,1,0.29192599654197693,0.5590196847915649,0.2645442485809326,0.10573779046535492,False
B,71022,71022|71023|71024,TE,880202,0,2,2,0.38903549313545227,0.6712028980255127,0.9750203490257263,0.6331705451011658,False
B,71022,71022|71023|71024,TE,880202,27,0,0,0.35393914580345154,0.6630072593688965,0.5793043971061707,0.27716463804244995,False
B,71022,71022|71023|71024,TE,880202,27,1,1,0.28585556149482727,0.552712619304657,0.27408406138420105,0.08394549787044525,False
B,71022,71022|71023|71024,TE,880202,27,2,2,0.3349463641643524,0.6578410267829895,0.9812166690826416,0.643956184387207,False
B,71022,71022|71023|71024,TE,880202,43,0,0,0.3579493463039398,0.6570526957511902,0.84217768907547,0.48673954606056213,False
B,71022,71022|71023|71024,TE,880202,43,1,1,0.2847636640071869,0.5445767045021057,0.35794684290885925,0.1463078260421753,False
B,71022,71022|71023|71024,TE,880202,43,2,2,0.3686780035495758,0.6369472146034241,0.9902238249778748,0.665209949016571,False
B,71022,71022|71023|71024,TE,880202,59,0,0,0.34917569160461426,0.6485379934310913,0.8462010025978088,0.46532827615737915,False
B,71022,71022|71023|71024,TE,880202,59,1,1,0.274319589138031,0.5264678001403809,0.23622117936611176,0.09834893047809601,False
B,71022,71022|71023|71024,TE,880202,59,2,2,0.37156200408935547,0.6405165791511536,0.9902979135513306,0.6653784513473511,False
B,71022,71022|71023|71024,TE,880202,79,0,0,0.2743009626865387,0.562484085559845,0.7533816695213318,0.4042312800884247,False
B,71022,71022|71023|71024,TE,880202,79,1,1,0.2660995423793793,0.5116327404975891,0.1690741330385208,0.07528572529554367,False
B,71022,71022|71023|71024,TE,880202,79,2,2,0.3748660087585449,0.6448093056678772,0.9903168082237244,0.6654122471809387,False
B,71022,71022|71023|71024,TE,880202,119,0,0,0.3888864815235138,0.6495738625526428,0.4274376630783081,0.1677146553993225,False
B,71022,71022|71023|71024,TE,880202,119,1,1,0.31352856755256653,0.5889068245887756,0.601889967918396,0.21428242325782776,False
B,71022,71022|71023|71024,TE,880202,119,2,2,0.3747617304325104,0.6688494682312012,0.961607038974762,0.6089816093444824,False
B,71022,71022|71023|71024,TE,880203,0,0,0,0.2999191880226135,0.5873368978500366,0.8406760692596436,0.4901142716407776,False
B,71022,71022|71023|71024,TE,880203,0,1,1,0.28834402561187744,0.5548256039619446,0.2044115960597992,0.07081753015518188,False
B,71022,71022|71023|71024,TE,880203,0,2,2,0.38903549313545227,0.6712028980255127,0.9750203490257263,0.6331705451011658,False
B,71022,71022|71023|71024,TE,880203,27,0,0,0.3624788522720337,0.6604047417640686,0.4187880754470825,0.1502547264099121,False
B,71022,71022|71023|71024,TE,880203,27,1,1,0.28373557329177856,0.5521782636642456,0.23846295475959778,0.05197455361485481,False
B,71022,71022|71023|71024,TE,880203,27,2,2,0.32983657717704773,0.6493147015571594,0.987589418888092,0.6594561338424683,False
B,71022,71022|71023|71024,TE,880203,43,0,0,0.3486602008342743,0.6477360725402832,0.7163010835647583,0.3738710582256317,False
B,71022,71022|71023|71024,TE,880203,43,1,1,0.28165653347969055,0.5432972311973572,0.4513234794139862,0.15844660997390747,False
B,71022,71022|71023|71024,TE,880203,43,2,2,0.3677752912044525,0.635478675365448,0.990315854549408,0.6654348373413086,False
B,71022,71022|71023|71024,TE,880203,59,0,0,0.269748330116272,0.5506507158279419,0.741617739200592,0.35396823287010193,False
B,71022,71022|71023|71024,TE,880203,59,1,1,0.2754506766796112,0.5297717452049255,0.3142620325088501,0.10648127645254135,False
B,71022,71022|71023|71024,TE,880203,59,2,2,0.3707521855831146,0.6391385197639465,0.9903926849365234,0.66560959815979,False
B,71022,71022|71023|71024,TE,880203,79,0,0,0.19362308084964752,0.4345329701900482,0.6596339344978333,0.29979434609413147,False
B,71022,71022|71023|71024,TE,880203,79,1,1,0.27092257142066956,0.5181357264518738,0.17782346904277802,0.06574556231498718,False
B,71022,71022|71023|71024,TE,880203,79,2,2,0.37418243288993835,0.643552303314209,0.9904167056083679,0.6656559705734253,False
B,71022,71022|71023|71024,TE,880203,119,0,0,0.389064222574234,0.6497287154197693,0.42746981978416443,0.1677415370941162,False
B,71022,71022|71023|71024,TE,880203,119,1,1,0.31351593136787415,0.5889455080032349,0.6022459268569946,0.21449249982833862,False
B,71022,71022|71023|71024,TE,880203,119,2,2,0.3747083246707916,0.6688342094421387,0.9615895748138428,0.6089490056037903,False
B,71022,71022|71023|71024,TL,880300,0,0,0,0.2987741529941559,0.584181010723114,0.8890194892883301,0.5202481746673584,False
B,71022,71022|71023|71024,TL,880300,0,1,1,0.28736022114753723,0.5540021061897278,0.21187430620193481,0.09514462947845459,False
B,71022,71022|71023|71024,TL,880300,0,2,2,0.38903549313545227,0.6712028980255127,0.9750203490257263,0.6331705451011658,False
B,71022,71022|71023|71024,TL,880300,27,0,0,0.3478723466396332,0.6595064997673035,0.8106750249862671,0.4390280246734619,False
B,71022,71022|71023|71024,TL,880300,27,1,1,0.2805004417896271,0.5470177531242371,0.18385572731494904,0.0660180076956749,False
B,71022,71022|71023|71024,TL,880300,27,2,2,0.3379230201244354,0.6548830270767212,0.9859535098075867,0.6543862819671631,False
B,71022,71022|71023|71024,TL,880300,43,0,0,0.3523947298526764,0.6603817343711853,0.8663150668144226,0.5006734132766724,False
B,71022,71022|71023|71024,TL,880300,43,1,1,0.2773687541484833,0.5422322154045105,0.18448403477668762,0.06065288931131363,False
B,71022,71022|71023|71024,TL,880300,43,2,2,0.33425650000572205,0.6562439799308777,0.984782338142395,0.6517038941383362,False
B,71022,71022|71023|71024,TL,880300,59,0,0,0.3356578052043915,0.6440754532814026,0.8405606746673584,0.47044336795806885,False
B,71022,71022|71023|71024,TL,880300,59,1,1,0.2702670097351074,0.5247471928596497,0.1743335723876953,0.07784448564052582,False
B,71022,71022|71023|71024,TL,880300,59,2,2,0.36923885345458984,0.6365335583686829,0.990597665309906,0.6661089658737183,False
B,71022,71022|71023|71024,TL,880300,79,0,0,0.26634493470191956,0.5609260201454163,0.7312090396881104,0.47884219884872437,False
B,71022,71022|71023|71024,TL,880300,79,1,1,0.2641036808490753,0.5112786293029785,0.1408732831478119,0.06771892309188843,False
B,71022,71022|71023|71024,TL,880300,79,2,2,0.37289679050445557,0.6411693692207336,0.9906296133995056,0.6661745309829712,False
B,71022,71022|71023|71024,TL,880300,119,0,0,0.3879058361053467,0.6510196924209595,0.4435270428657532,0.15931656956672668,False
B,71022,71022|71023|71024,TL,880300,119,1,1,0.3216957151889801,0.5749399065971375,0.5679174661636353,0.23712950944900513,False
B,71022,71022|71023|71024,TL,880300,119,2,2,0.3789331912994385,0.6498208045959473,0.9904053211212158,0.6656183004379272,False
B,71022,71022|71023|71024,TL,880301,0,0,0,0.30009815096855164,0.5973829627037048,0.8822492957115173,0.5101049542427063,False
B,71022,71022|71023|71024,TL,880301,0,1,1,0.2943274676799774,0.5615296959877014,0.30721455812454224,0.08261394500732422,False
B,71022,71022|71023|71024,TL,880301,0,2,2,0.38903549313545227,0.6712028980255127,0.9750203490257263,0.6331705451011658,False
B,71022,71022|71023|71024,TL,880301,27,0,0,0.3778421878814697,0.6542972922325134,0.38331660628318787,0.12981215119361877,False
B,71022,71022|71023|71024,TL,880301,27,1,1,0.29214993119239807,0.5601468086242676,0.4790880084037781,0.13264048099517822,False
B,71022,71022|71023|71024,TL,880301,27,2,2,0.3241638243198395,0.6478736400604248,0.9837455749511719,0.6515289545059204,False
B,71022,71022|71023|71024,TL,880301,43,0,0,0.3184851408004761,0.5956401228904724,0.32443687319755554,0.10303492099046707,False
B,71022,71022|71023|71024,TL,880301,43,1,1,0.28844889998435974,0.5545702576637268,0.48055678606033325,0.13451829552650452,False
B,71022,71022|71023|71024,TL,880301,43,2,2,0.3259464204311371,0.6464762687683105,0.9799255728721619,0.6481846570968628,False
B,71022,71022|71023|71024,TL,880301,59,0,0,0.224290132522583,0.4835647642612457,0.2776032090187073,0.08121609687805176,False
B,71022,71022|71023|71024,TL,880301,59,1,1,0.28203457593917847,0.5439202189445496,0.4252074658870697,0.11413031816482544,False
B,71022,71022|71023|71024,TL,880301,59,2,2,0.33133140206336975,0.6395826935768127,0.9708267450332642,0.6415333151817322,False
B,71022,71022|71023|71024,TL,880301,79,0,0,0.20331136882305145,0.43764448165893555,0.5816729664802551,0.24977149069309235,False
B,71022,71022|71023|71024,TL,880301,79,1,1,0.27576372027397156,0.5220261812210083,0.326526939868927,0.1184023916721344,False
B,71022,71022|71023|71024,TL,880301,79,2,2,0.3718528747558594,0.6395037770271301,0.9907071590423584,0.6663678884506226,False
B,71022,71022|71023|71024,TL,880301,119,0,0,0.3899371325969696,0.6520684361457825,0.44011715054512024,0.15765835344791412,False
B,71022,71022|71023|71024,TL,880301,119,1,1,0.32190629839897156,0.5761217474937439,0.5776620507240295,0.24196448922157288,False
B,71022,71022|71023|71024,TL,880301,119,2,2,0.37823501229286194,0.6484606266021729,0.9905087351799011,0.6658718585968018,False
B,71022,71022|71023|71024,TL,880302,0,0,0,0.293462872505188,0.5887378454208374,0.8934978246688843,0.5296133756637573,False
B,71022,71022|71023|71024,TL,880302,0,1,1,0.29203593730926514,0.5580376982688904,0.2856166660785675,0.09487815201282501,False
B,71022,71022|71023|71024,TL,880302,0,2,2,0.38903549313545227,0.6712028980255127,0.9750203490257263,0.6331705451011658,False
B,71022,71022|71023|71024,TL,880302,27,0,0,0.38109099864959717,0.6668906211853027,0.4278974235057831,0.1496868133544922,False
B,71022,71022|71023|71024,TL,880302,27,1,1,0.2896938920021057,0.5562995076179504,0.39544451236724854,0.1055273711681366,False
B,71022,71022|71023|71024,TL,880302,27,2,2,0.3297175467014313,0.6546729803085327,0.9813811779022217,0.6443586349487305,False
B,71022,71022|71023|71024,TL,880302,43,0,0,0.3688782751560211,0.6507669687271118,0.39968693256378174,0.13830959796905518,False
B,71022,71022|71023|71024,TL,880302,43,1,1,0.2877284586429596,0.5535300374031067,0.42396411299705505,0.11410820484161377,False
B,71022,71022|71023|71024,TL,880302,43,2,2,0.3303418755531311,0.6549615859985352,0.9802140593528748,0.6424664258956909,False
B,71022,71022|71023|71024,TL,880302,59,0,0,0.3008950352668762,0.5793723464012146,0.7284825444221497,0.3708891272544861,False
B,71022,71022|71023|71024,TL,880302,59,1,1,0.27891936898231506,0.5311499238014221,0.38161030411720276,0.14645756781101227,False
B,71022,71022|71023|71024,TL,880302,59,2,2,0.36911675333976746,0.6363897919654846,0.9905875325202942,0.6660853624343872,False
B,71022,71022|71023|71024,TL,880302,79,0,0,0.21474814414978027,0.458429217338562,0.6898966431617737,0.32036277651786804,False
B,71022,71022|71023|71024,TL,880302,79,1,1,0.27194681763648987,0.5176362991333008,0.2559927999973297,0.099259153008461,False
B,71022,71022|71023|71024,TL,880302,79,2,2,0.37278690934181213,0.6410347819328308,0.9906208515167236,0.6661544442176819,False
B,71022,71022|71023|71024,TL,880302,119,0,0,0.38826510310173035,0.6513110995292664,0.4434938430786133,0.15928564965724945,False
B,71022,71022|71023|71024,TL,880302,119,1,1,0.3217650353908539,0.5750920176506042,0.5696783661842346,0.23808833956718445,False
B,71022,71022|71023|71024,TL,880302,119,2,2,0.3788543939590454,0.6497058272361755,0.9904003739356995,0.665607213973999,False
B,71022,71022|71023|71024,TL,880303,0,0,0,0.3053308427333832,0.5989529490470886,0.8489867448806763,0.4928477704524994,False
B,71022,71022|71023|71024,TL,880303,0,1,1,0.29137179255485535,0.5590987801551819,0.21715690195560455,0.06942854076623917,False
B,71022,71022|71023|71024,TL,880303,0,2,2,0.38903549313545227,0.6712028980255127,0.9750203490257263,0.6331705451011658,False
B,71022,71022|71023|71024,TL,880303,27,0,0,0.3443881571292877,0.656085729598999,0.39058759808540344,0.1625051200389862,False
B,71022,71022|71023|71024,TL,880303,27,1,1,0.2841053903102875,0.5528432130813599,0.24052993953227997,0.052575692534446716,False
B,71022,71022|71023|71024,TL,880303,27,2,2,0.331521600484848,0.6491236686706543,0.9879385828971863,0.6605453491210938,False
B,71022,71022|71023|71024,TL,880303,43,0,0,0.3572807312011719,0.6575131416320801,0.43341657519340515,0.15935352444648743,False
B,71022,71022|71023|71024,TL,880303,43,1,1,0.2810375392436981,0.5484611988067627,0.24293453991413116,0.05265709012746811,False
B,71022,71022|71023|71024,TL,880303,43,2,2,0.32810279726982117,0.6494678258895874,0.9842130541801453,0.6552314758300781,False
B,71022,71022|71023|71024,TL,880303,59,0,0,0.320467084646225,0.6101343035697937,0.572537899017334,0.21136078238487244,False
B,71022,71022|71023|71024,TL,880303,59,1,1,0.27408328652381897,0.537667453289032,0.19505760073661804,0.045736294239759445,False
B,71022,71022|71023|71024,TL,880303,59,2,2,0.3241214454174042,0.647594153881073,0.977226972579956,0.6429843306541443,False
B,71022,71022|71023|71024,TL,880303,79,0,0,0.20657682418823242,0.464958518743515,0.7047019004821777,0.3276304006576538,False
B,71022,71022|71023|71024,TL,880303,79,1,1,0.2702808380126953,0.5191071629524231,0.18803377449512482,0.06934962421655655,False
B,71022,71022|71023|71024,TL,880303,79,2,2,0.3719669282436371,0.6396422386169434,0.9907160997390747,0.6663886308670044,False
B,71022,71022|71023|71024,TL,880303,119,0,0,0.38959500193595886,0.6517929434776306,0.44014182686805725,0.1576768159866333,False
B,71022,71022|71023|71024,TL,880303,119,1,1,0.32184311747550964,0.5759713053703308,0.5759410262107849,0.2410193681716919,False
B,71022,71022|71023|71024,TL,880303,119,2,2,0.3783183991909027,0.6485798358917236,0.990513801574707,0.6658834218978882,False
B,71022,71022|71023|71024,DS,880400,0,0,0,0.30759885907173157,0.6002686619758606,0.8395807147026062,0.4791010618209839,False
B,71022,71022|71023|71024,DS,880400,0,1,1,0.29139551520347595,0.5590416789054871,0.22951830923557281,0.06285513937473297,False
B,71022,71022|71023|71024,DS,880400,0,2,2,0.38903549313545227,0.6712028980255127,0.9750203490257263,0.6331705451011658,False
B,71022,71022|71023|71024,DS,880400,27,0,0,0.35877498984336853,0.6567090153694153,0.3229841887950897,0.10937077552080154,False
B,71022,71022|71023|71024,DS,880400,27,1,1,0.2847760021686554,0.5540380477905273,0.2848106920719147,0.058154746890068054,False
B,71022,71022|71023|71024,DS,880400,27,2,2,0.32712405920028687,0.6451674103736877,0.9867022037506104,0.6601321697235107,False
B,71022,71022|71023|71024,DS,880400,43,0,0,0.35385286808013916,0.6412034630775452,0.3436414301395416,0.10194356739521027,False
B,71022,71022|71023|71024,DS,880400,43,1,1,0.2814704477787018,0.5493388772010803,0.28950953483581543,0.05919485166668892,False
B,71022,71022|71023|71024,DS,880400,43,2,2,0.3238954246044159,0.6447189450263977,0.9820557236671448,0.6528164744377136,False
B,71022,71022|71023|71024,DS,880400,59,0,0,0.26899394392967224,0.548244297504425,0.6425266861915588,0.31241273880004883,False
B,71022,71022|71023|71024,DS,880400,59,1,1,0.2759617865085602,0.5312379002571106,0.3753529489040375,0.12458088994026184,False
B,71022,71022|71023|71024,DS,880400,59,2,2,0.3698368966579437,0.6376449465751648,0.9904804229736328,0.665825366973877,False
B,71022,71022|71023|71024,DS,880400,79,0,0,0.19222001731395721,0.4344206750392914,0.65842205286026,0.28475531935691833,False
B,71022,71022|71023|71024,DS,880400,79,1,1,0.27218833565711975,0.5203144550323486,0.21563340723514557,0.07332804054021835,False
B,71022,71022|71023|71024,DS,880400,79,2,2,0.3733997344970703,0.6421838998794556,0.9905105233192444,0.665886640548706,False
B,71022,71022|71023|71024,DS,880400,119,0,0,0.38941407203674316,0.6500334143638611,0.4275365173816681,0.1677963137626648,False
B,71022,71022|71023|71024,DS,880400,119,1,1,0.3134901523590088,0.589022159576416,0.6029555201530457,0.2149139940738678,False
B,71022,71022|71023|71024,DS,880400,119,2,2,0.3746018409729004,0.6688036322593689,0.961554229259491,0.6088838577270508,False
B,71022,71022|71023|71024,DS,880401,0,0,0,0.30460646748542786,0.5997574329376221,0.8611270785331726,0.5022479295730591,False
B,71022,71022|71023|71024,DS,880401,0,1,1,0.2923361659049988,0.5600869655609131,0.23187750577926636,0.07362782955169678,False
B,71022,71022|71023|71024,DS,880401,0,2,2,0.38903549313545227,0.6712028980255127,0.9750203490257263,0.6331705451011658,False
B,71022,71022|71023|71024,DS,880401,27,0,0,0.34532666206359863,0.6578541994094849,0.39592668414115906,0.16734936833381653,False
B,71022,71022|71023|71024,DS,880401,27,1,1,0.28518810868263245,0.5537447333335876,0.25973251461982727,0.05953294038772583,False
B,71022,71022|71023|71024,DS,880401,27,2,2,0.33157673478126526,0.6515972018241882,0.9877119660377502,0.6591062545776367,False
B,71022,71022|71023|71024,DS,880401,43,0,0,0.35824063420295715,0.6598644852638245,0.4261488914489746,0.1587919443845749,False
B,71022,71022|71023|71024,DS,880401,43,1,1,0.2818845212459564,0.5489873886108398,0.2613234221935272,0.0596950463950634,False
B,71022,71022|71023|71024,DS,880401,43,2,2,0.32857558131217957,0.6521497368812561,0.9851198792457581,0.6550313234329224,False
B,71022,71022|71023|71024,DS,880401,59,0,0,0.3371258080005646,0.6371517181396484,0.7507595419883728,0.38489553332328796,False
B,71022,71022|71023|71024,DS,880401,59,1,1,0.275269091129303,0.5300691723823547,0.3318149447441101,0.11516262590885162,False
B,71022,71022|71023|71024,DS,880401,59,2,2,0.3698963224887848,0.6377151608467102,0.9904856085777283,0.6658372282981873,False
B,71022,71022|71023|71024,DS,880401,79,0,0,0.21171356737613678,0.4715714454650879,0.7046691179275513,0.32864776253700256,False
B,71022,71022|71023|71024,DS,880401,79,1,1,0.2708016633987427,0.5185449719429016,0.1920420080423355,0.07189428061246872,False
B,71022,71022|71023|71024,DS,880401,79,2,2,0.37345293164253235,0.6422494649887085,0.9905149340629578,0.6658966541290283,False
B,71022,71022|71023|71024,DS,880401,119,0,0,0.3892401456832886,0.6498817801475525,0.42750275135040283,0.167768657207489,False
B,71022,71022|71023|71024,DS,880401,119,1,1,0.3135029971599579,0.5889838337898254,0.6026004552841187,0.21470260620117188,False
B,71022,71022|71023|71024,DS,880401,119,2,2,0.3746550977230072,0.6688189506530762,0.9615718126296997,0.6089164018630981,False
B,71022,71022|71023|71024,DS,880402,0,0,0,0.29632365703582764,0.5794645547866821,0.8626563549041748,0.49857020378112793,False
B,71022,71022|71023|71024,DS,880402,0,1,1,0.2865276038646698,0.5525164008140564,0.192170649766922,0.0782235711812973,False
B,71022,71022|71023|71024,DS,880402,0,2,2,0.38903549313545227,0.6712028980255127,0.9750203490257263,0.6331705451011658,False
B,71022,71022|71023|71024,DS,880402,27,0,0,0.3568258583545685,0.6618310213088989,0.5724872946739197,0.24735715985298157,False
B,71022,71022|71023|71024,DS,880402,27,1,1,0.28151050209999084,0.5488242506980896,0.1917024850845337,0.05108538269996643,False
B,71022,71022|71023|71024,DS,880402,27,2,2,0.3331029415130615,0.6515182852745056,0.987638533115387,0.6587741374969482,False
B,71022,71022|71023|71024,DS,880402,43,0,0,0.3574300706386566,0.6543727517127991,0.6785480380058289,0.29421091079711914,False
B,71022,71022|71023|71024,DS,880402,43,1,1,0.2795281708240509,0.5459620356559753,0.20031268894672394,0.04925704747438431,False
B,71022,71022|71023|71024,DS,880402,43,2,2,0.3299998342990875,0.6524443626403809,0.9854364991188049,0.654806911945343,False
B,71022,71022|71023|71024,DS,880402,59,0,0,0.3133213222026825,0.6102498173713684,0.7825703024864197,0.39257603883743286,False
B,71022,71022|71023|71024,DS,880402,59,1,1,0.2733360230922699,0.5280067324638367,0.25245001912117004,0.08982031792402267,False
B,71022,71022|71023|71024,DS,880402,59,2,2,0.3700745105743408,0.6379255652427673,0.9905009865760803,0.6658725142478943,False
B,71022,71022|71023|71024,DS,880402,79,0,0,0.20026767253875732,0.449894517660141,0.67537921667099,0.33731555938720703,False
B,71022,71022|71023|71024,DS,880402,79,1,1,0.2687600255012512,0.5162289142608643,0.15260276198387146,0.06269742548465729,False
B,71022,71022|71023|71024,DS,880402,79,2,2,0.3736123740673065,0.6424458622932434,0.9905281066894531,0.6659266352653503,False
B,71022,71022|71023|71024,DS,880402,119,0,0,0.3887064456939697,0.6494173407554626,0.4274046719074249,0.16768744587898254,False
B,71022,71022|71023|71024,DS,880402,119,1,1,0.31354138255119324,0.5888682007789612,0.6015344262123108,0.21407368779182434,False
B,71022,71022|71023|71024,DS,880402,119,2,2,0.3748149871826172,0.6688647270202637,0.9616247415542603,0.6090141534805298,False
B,71022,71022|71023|71024,DS,880403,0,0,0,0.2946414053440094,0.5780625939369202,0.8852998614311218,0.5165702104568481,False
B,71022,71022|71023|71024,DS,880403,0,1,1,0.28676506876945496,0.5528300404548645,0.20757217705249786,0.09195876121520996,False
B,71022,71022|71023|71024,DS,880403,0,2,2,0.38903549313545227,0.6712028980255127,0.9750203490257263,0.6331705451011658,False
B,71022,71022|71023|71024,DS,880403,27,0,0,0.3516397178173065,0.6618584990501404,0.750005841255188,0.37924379110336304,False
B,71022,71022|71023|71024,DS,880403,27,1,1,0.2807077169418335,0.5470451712608337,0.19168636202812195,0.06279060244560242,False
B,71022,71022|71023|71024,DS,880403,27,2,2,0.3360472619533539,0.6548781394958496,0.9859606027603149,0.6543281078338623,False
B,71022,71022|71023|71024,DS,880403,43,0,0,0.35612547397613525,0.6608805060386658,0.8251127600669861,0.44431766867637634,False
B,71022,71022|71023|71024,DS,880403,43,1,1,0.2778753340244293,0.5427497029304504,0.1933625042438507,0.05821145325899124,False
B,71022,71022|71023|71024,DS,880403,43,2,2,0.33279168605804443,0.6561176180839539,0.9847429394721985,0.6515957117080688,False
B,71022,71022|71023|71024,DS,880403,59,0,0,0.3334124982357025,0.6401423811912537,0.8194219470024109,0.4422156512737274,False
B,71022,71022|71023|71024,DS,880403,59,1,1,0.2712395489215851,0.5248273015022278,0.19023726880550385,0.07924613356590271,False
B,71022,71022|71023|71024,DS,880403,59,2,2,0.3700745105743408,0.6379255652427673,0.9905009865760803,0.6658725142478943,False
B,71022,71022|71023|71024,DS,880403,79,0,0,0.23805475234985352,0.5142843127250671,0.705637514591217,0.4295262098312378,False
B,71022,71022|71023|71024,DS,880403,79,1,1,0.26539722084999084,0.5120664238929749,0.14294466376304626,0.06584632396697998,False
B,71022,71022|71023|71024,DS,880403,79,2,2,0.3736123740673065,0.6424458622932434,0.9905281066894531,0.6659266352653503,False
B,71022,71022|71023|71024,DS,880403,119,0,0,0.3887064456939697,0.6494173407554626,0.4274046719074249,0.16768744587898254,False
B,71022,71022|71023|71024,DS,880403,119,1,1,0.31354138255119324,0.5888682007789612,0.6015344262123108,0.21407368779182434,False
B,71022,71022|71023|71024,DS,880403,119,2,2,0.3748149871826172,0.6688647270202637,0.9616247415542603,0.6090141534805298,False
B,71022,71022|71023|71024,DL,880500,0,0,0,0.3254980444908142,0.6168908476829529,0.8996707797050476,0.5303871035575867,False
B,71022,71022|71023|71024,DL,880500,0,1,1,0.28842079639434814,0.5563380718231201,0.23019540309906006,0.1048709824681282,False
B,71022,71022|71023|71024,DL,880500,0,2,2,0.38903549313545227,0.6712028980255127,0.9750203490257263,0.6331705451011658,False
B,71022,71022|71023|71024,DL,880500,27,0,0,0.34991076588630676,0.6526439785957336,0.9192656874656677,0.5675165057182312,False
B,71022,71022|71023|71024,DL,880500,27,1,1,0.28031763434410095,0.5473618507385254,0.18106885254383087,0.07685838639736176,False
B,71022,71022|71023|71024,DL,880500,27,2,2,0.3426528871059418,0.6550678610801697,0.9853653311729431,0.6531950235366821,False
B,71022,71022|71023|71024,DL,880500,43,0,0,0.3510996401309967,0.6558238863945007,0.9299439191818237,0.6028625965118408,False
B,71022,71022|71023|71024,DL,880500,43,1,1,0.27654507756233215,0.541478157043457,0.17071308195590973,0.06970546394586563,False
B,71022,71022|71023|71024,DL,880500,43,2,2,0.3383399546146393,0.6564354300498962,0.9843263030052185,0.6507465839385986,False
B,71022,71022|71023|71024,DL,880500,59,0,0,0.3424427807331085,0.6412439942359924,0.8806443214416504,0.5366052389144897,False
B,71022,71022|71023|71024,DL,880500,59,1,1,0.26954352855682373,0.5248079299926758,0.13876771926879883,0.07586552202701569,False
B,71022,71022|71023|71024,DL,880500,59,2,2,0.37013378739356995,0.637995719909668,0.990506112575531,0.6658841967582703,False
B,71022,71022|71023|71024,DL,880500,79,0,0,0.2933087646961212,0.6053599715232849,0.8790777325630188,0.5722311735153198,False
B,71022,71022|71023|71024,DL,880500,79,1,1,0.26138776540756226,0.5089244842529297,0.1445564180612564,0.07236111909151077,False
B,71022,71022|71023|71024,DL,880500,79,2,2,0.3736652433872223,0.6425113081932068,0.990532398223877,0.6659364104270935,False
B,71022,71022|71023|71024,DL,880500,119,0,0,0.38651764392852783,0.6504789590835571,0.44695377349853516,0.16100063920021057,False
B,71022,71022|71023|71024,DL,880500,119,1,1,0.32156267762184143,0.5740528106689453,0.561464786529541,0.23410068452358246,False
B,71022,71022|71023|71024,DL,880500,119,2,2,0.3794204890727997,0.6508975625038147,0.990290105342865,0.6653387546539307,False
B,71022,71022|71023|71024,DL,880501,0,0,0,0.2964959442615509,0.5853071212768555,0.8603672385215759,0.5064084529876709,False
B,71022,71022|71023|71024,DL,880501,0,1,1,0.2887418866157532,0.5547329783439636,0.22406543791294098,0.079651840031147,False
B,71022,71022|71023|71024,DL,880501,0,2,2,0.38903549313545227,0.6712028980255127,0.9750203490257263,0.6331705451011658,False
B,71022,71022|71023|71024,DL,880501,27,0,0,0.3669224679470062,0.6631826758384705,0.4303662180900574,0.15838995575904846,False
B,71022,71022|71023|71024,DL,880501,27,1,1,0.2849816679954529,0.5525664687156677,0.2636363208293915,0.06311303377151489,False
B,71022,71022|71023|71024,DL,880501,27,2,2,0.3299326002597809,0.6529902219772339,0.9863172173500061,0.6552342176437378,False
B,71022,71022|71023|71024,DL,880501,43,0,0,0.35723385214805603,0.6465857028961182,0.4802197813987732,0.17691674828529358,False
B,71022,71022|71023|71024,DL,880501,43,1,1,0.283542662858963,0.5506030917167664,0.29648998379707336,0.06814110279083252,False
B,71022,71022|71023|71024,DL,880501,43,2,2,0.3280412256717682,0.6536612510681152,0.9844300746917725,0.6520690321922302,False
B,71022,71022|71023|71024,DL,880501,59,0,0,0.28775930404663086,0.5711724162101746,0.755975067615509,0.36943376064300537,False
B,71022,71022|71023|71024,DL,880501,59,1,1,0.27632784843444824,0.5300365090370178,0.3228486180305481,0.1151755303144455,False
B,71022,71022|71023|71024,DL,880501,59,2,2,0.3700151741504669,0.6378554105758667,0.9904958009719849,0.6658607721328735,False
B,71022,71022|71023|71024,DL,880501,79,0,0,0.20067469775676727,0.4429490566253662,0.6728948950767517,0.3121643662452698,False
B,71022,71022|71023|71024,DL,880501,79,1,1,0.2709222137928009,0.5177004337310791,0.1927451491355896,0.0735098347067833,False
B,71022,71022|71023|71024,DL,880501,79,2,2,0.37355923652648926,0.64238041639328,0.9905236959457397,0.6659166216850281,False
B,71022,71022|71023|71024,DL,880501,119,0,0,0.3868882954120636,0.6507815718650818,0.4469118118286133,0.16095872223377228,False
B,71022,71022|71023|71024,DL,880501,119,1,1,0.321637898683548,0.5742068290710449,0.5632525086402893,0.23506824672222137,False
B,71022,71022|71023|71024,DL,880501,119,2,2,0.37934568524360657,0.6507864594459534,0.9902854561805725,0.6653278470039368,False
B,71022,71022|71023|71024,DL,880502,0,0,0,0.3025266230106354,0.5998809933662415,0.8792741894721985,0.512985110282898,False
B,71022,71022|71023|71024,DL,880502,0,1,1,0.29383736848831177,0.5612102150917053,0.2765866816043854,0.07974209636449814,False
B,71022,71022|71023|71024,DL,880502,0,2,2,0.38903549313545227,0.6712028980255127,0.9750203490257263,0.6331705451011658,False
B,71022,71022|71023|71024,DL,880502,27,0,0,0.36606523394584656,0.6645504236221313,0.3863680064678192,0.1390516310930252,False
B,71022,71022|71023|71024,DL,880502,27,1,1,0.28829795122146606,0.5562664866447449,0.36792105436325073,0.08921940624713898,False
B,71022,71022|71023|71024,DL,880502,27,2,2,0.32833436131477356,0.65276700258255,0.9855842590332031,0.6538609266281128,False
B,71022,71022|71023|71024,DL,880502,43,0,0,0.3687995970249176,0.6585536599159241,0.36609160900115967,0.11841423064470291,False
B,71022,71022|71023|71024,DL,880502,43,1,1,0.28448596596717834,0.5506525039672852,0.37070977687835693,0.08992941677570343,False
B,71022,71022|71023|71024,DL,880502,43,2,2,0.327102392911911,0.6530062556266785,0.9833723902702332,0.6508307456970215,False
B,71022,71022|71023|71024,DL,880502,59,0,0,0.31685638427734375,0.603955864906311,0.6602267026901245,0.3422389626502991,False
B,71022,71022|71023|71024,DL,880502,59,1,1,0.2780672609806061,0.5309760570526123,0.3863241970539093,0.14063265919685364,False
B,71022,71022|71023|71024,DL,880502,59,2,2,0.3698368966579437,0.6376449465751648,0.9904804229736328,0.665825366973877,False
B,71022,71022|71023|71024,DL,880502,79,0,0,0.20761393010616302,0.45559218525886536,0.6747773885726929,0.30364739894866943,False
B,71022,71022|71023|71024,DL,880502,79,1,1,0.27268293499946594,0.5192646980285645,0.24618041515350342,0.0905354917049408,False
B,71022,71022|71023|71024,DL,880502,79,2,2,0.3733997344970703,0.6421838998794556,0.9905105233192444,0.665886640548706,False
B,71022,71022|71023|71024,DL,880502,119,0,0,0.38743340969085693,0.6512250900268555,0.4468498229980469,0.16090013086795807,False
B,71022,71022|71023|71024,DL,880502,119,1,1,0.3217504918575287,0.5744386315345764,0.5659195780754089,0.23651638627052307,False
B,71022,71022|71023|71024,DL,880502,119,2,2,0.3792325556278229,0.6506196856498718,0.9902780652046204,0.6653113961219788,False
B,71022,71022|71023|71024,DL,880503,0,0,0,0.29434892535209656,0.5909019112586975,0.89866042137146,0.5353407263755798,False
B,71022,71022|71023|71024,DL,880503,0,1,1,0.2932271957397461,0.5596632361412048,0.295702189207077,0.09903571009635925,False
B,71022,71022|71023|71024,DL,880503,0,2,2,0.38903549313545227,0.6712028980255127,0.9750203490257263,0.6331705451011658,False
B,71022,71022|71023|71024,DL,880503,27,0,0,0.3766479194164276,0.6687090992927551,0.4560486376285553,0.16994568705558777,False
B,71022,71022|71023|71024,DL,880503,27,1,1,0.28959330916404724,0.556130588054657,0.3929327726364136,0.10802444070577621,False
B,71022,71022|71023|71024,DL,880503,27,2,2,0.33088722825050354,0.6559605002403259,0.9804487824440002,0.6423882246017456,False
B,71022,71022|71023|71024,DL,880503,43,0,0,0.37665414810180664,0.6627287268638611,0.4229245185852051,0.15406304597854614,False
B,71022,71022|71023|71024,DL,880503,43,1,1,0.2865614593029022,0.551664412021637,0.40509721636772156,0.10987330973148346,False
B,71022,71022|71023|71024,DL,880503,43,2,2,0.33126524090766907,0.6562647223472595,0.9795265793800354,0.6407060027122498,False
B,71022,71022|71023|71024,DL,880503,59,0,0,0.33766189217567444,0.6218764185905457,0.7548126578330994,0.3937051296234131,False
B,71022,71022|71023|71024,DL,880503,59,1,1,0.2779694199562073,0.529464840888977,0.3583153784275055,0.1392638385295868,False
B,71022,71022|71023|71024,DL,880503,59,2,2,0.3698963224887848,0.6377151608467102,0.9904856085777283,0.6658372282981873,False
B,71022,71022|71023|71024,DL,880503,79,0,0,0.2205977439880371,0.4705495834350586,0.7072898745536804,0.33560216426849365,False
B,71022,71022|71023|71024,DL,880503,79,1,1,0.2706632614135742,0.5159408450126648,0.24197864532470703,0.09612353146076202,False
B,71022,71022|71023|71024,DL,880503,79,2,2,0.37345293164253235,0.6422494649887085,0.9905149340629578,0.6658966541290283,False
B,71022,71022|71023|71024,DL,880503,119,0,0,0.38725319504737854,0.6510786414146423,0.4468702971935272,0.16091899573802948,False
B,71022,71022|71023|71024,DL,880503,119,1,1,0.3217131197452545,0.5743614435195923,0.5650343894958496,0.23603509366512299,False
B,71022,71022|71023|71024,DL,880503,119,2,2,0.3792703151702881,0.6506752371788025,0.9902805089950562,0.6653169393539429,False
B,71022,71022|71023|71024,CP,880600,0,0,0,0.2927596867084503,0.5899975895881653,0.9072449207305908,0.5432889461517334,False
B,71022,71022|71023|71024,CP,880600,0,1,1,0.2940075397491455,0.560278594493866,0.32068145275115967,0.10767447203397751,False
B,71022,71022|71023|71024,CP,880600,0,2,2,0.38903549313545227,0.6712028980255127,0.9750203490257263,0.6331705451011658,False
B,71022,71022|71023|71024,CP,880600,27,0,0,0.3855346739292145,0.6709387898445129,0.4901190996170044,0.1846413016319275,False
B,71022,71022|71023|71024,CP,880600,27,1,1,0.29096320271492004,0.5567495822906494,0.4322754740715027,0.12646883726119995,False
B,71022,71022|71023|71024,CP,880600,27,2,2,0.33205297589302063,0.6563113331794739,0.9774186611175537,0.6364508867263794,False
B,71022,71022|71023|71024,CP,880600,43,0,0,0.38510823249816895,0.6647462248802185,0.7902519702911377,0.4134577810764313,False
B,71022,71022|71023|71024,CP,880600,43,1,1,0.287760853767395,0.543803334236145,0.47034716606140137,0.19323793053627014,False
B,71022,71022|71023|71024,CP,880600,43,2,2,0.36855730414390564,0.6368064880371094,0.9902127385139465,0.6651848554611206,False
B,71022,71022|71023|71024,CP,880600,59,0,0,0.3397490978240967,0.6205160617828369,0.7527680993080139,0.3978666663169861,False
B,71022,71022|71023|71024,CP,880600,59,1,1,0.27870941162109375,0.528715968132019,0.3614735007286072,0.14459088444709778,False
B,71022,71022|71023|71024,CP,880600,59,2,2,0.3714500665664673,0.6403831839561462,0.9902879595756531,0.6653553247451782,False
B,71022,71022|71023|71024,CP,880600,79,0,0,0.22578217089176178,0.47505560517311096,0.7102858424186707,0.3389151096343994,False
B,71022,71022|71023|71024,CP,880600,79,1,1,0.2707068622112274,0.5149806141853333,0.25544536113739014,0.10339894890785217,False
B,71022,71022|71023|71024,CP,880600,79,2,2,0.3747669458389282,0.6446856260299683,0.9903082251548767,0.6653926372528076,False
B,71022,71022|71023|71024,CP,880600,119,0,0,0.38477396965026855,0.6502158045768738,0.4538101255893707,0.16436977684497833,False
B,71022,71022|71023|71024,CP,880600,119,1,1,0.3214176595211029,0.5727383494377136,0.5535905361175537,0.23074401915073395,False
B,71022,71022|71023|71024,CP,880600,119,2,2,0.3800646960735321,0.6526092290878296,0.9900421500205994,0.6647404432296753,False
B,71022,71022|71023|71024,CP,880601,0,0,0,0.3037952482700348,0.5953958630561829,0.8491309881210327,0.4833548665046692,False
B,71022,71022|71023|71024,CP,880601,0,1,1,0.2913759648799896,0.5585512518882751,0.24519981443881989,0.06516854465007782,False
B,71022,71022|71023|71024,CP,880601,0,2,2,0.38903549313545227,0.6712028980255127,0.9750203490257263,0.6331705451011658,False
B,71022,71022|71023|71024,CP,880601,27,0,0,0.3620208203792572,0.6451403498649597,0.3071487545967102,0.09201419353485107,False
B,71022,71022|71023|71024,CP,880601,27,1,1,0.2879634201526642,0.557610273361206,0.3813651204109192,0.08516454696655273,False
B,71022,71022|71023|71024,CP,880601,27,2,2,0.32324060797691345,0.645302951335907,0.9858208894729614,0.6582759618759155,False
B,71022,71022|71023|71024,CP,880601,43,0,0,0.2925061881542206,0.5676083564758301,0.3049941062927246,0.08403539657592773,False
B,71022,71022|71023|71024,CP,880601,43,1,1,0.2850637435913086,0.5534007549285889,0.3954389691352844,0.09132885932922363,False
B,71022,71022|71023|71024,CP,880601,43,2,2,0.32158905267715454,0.6445886492729187,0.9809535145759583,0.6521344184875488,False
B,71022,71022|71023|71024,CP,880601,59,0,0,0.2097196727991104,0.46209418773651123,0.34595760703086853,0.09551624208688736,False
B,71022,71022|71023|71024,CP,880601,59,1,1,0.27850499749183655,0.5425093770027161,0.3220347464084625,0.0715312510728836,False
B,71022,71022|71023|71024,CP,880601,59,2,2,0.322325199842453,0.6393024325370789,0.971452534198761,0.6376238465309143,False
B,71022,71022|71023|71024,CP,880601,79,0,0,0.18838195502758026,0.41909709572792053,0.6168385148048401,0.25544676184654236,False
B,71022,71022|71023|71024,CP,880601,79,1,1,0.2741248607635498,0.52203768491745,0.26682645082473755,0.08978940546512604,False
B,71022,71022|71023|71024,CP,880601,79,2,2,0.3719100058078766,0.6395729184150696,0.9907116293907166,0.666378378868103,False
B,71022,71022|71023|71024,CP,880601,119,0,0,0.38976672291755676,0.6519313454627991,0.4401293694972992,0.15766727924346924,False
B,71022,71022|71023|71024,CP,880601,119,1,1,0.321874737739563,0.5760465264320374,0.5768023133277893,0.24149197340011597,False
B,71022,71022|71023|71024,CP,880601,119,2,2,0.3782767057418823,0.6485202312469482,0.9905113577842712,0.6658777594566345,False
B,71022,71022|71023|71024,CP,880602,0,0,0,0.33913299441337585,0.6357390284538269,0.9192453026771545,0.5585687160491943,False
B,71022,71022|71023|71024,CP,880602,0,1,1,0.2912558615207672,0.5588257908821106,0.28842633962631226,0.13420698046684265,False
B,71022,71022|71023|71024,CP,880602,0,2,2,0.38903549313545227,0.6712028980255127,0.9750203490257263,0.6331705451011658,False
B,71022,71022|71023|71024,CP,880602,27,0,0,0.3691162168979645,0.6575029492378235,0.8981883525848389,0.5412306785583496,False
B,71022,71022|71023|71024,CP,880602,27,1,1,0.28377410769462585,0.5494989156723022,0.2693719267845154,0.10868607461452484,False
B,71022,71022|71023|71024,CP,880602,27,2,2,0.3432653844356537,0.6597859859466553,0.97365403175354,0.6295850276947021,False
B,71022,71022|71023|71024,CP,880602,43,0,0,0.38120996952056885,0.6486991047859192,0.8751563429832458,0.5162343382835388,False
B,71022,71022|71023|71024,CP,880602,43,1,1,0.28095391392707825,0.5399443507194519,0.21861553192138672,0.11576738953590393,False
B,71022,71022|71023|71024,CP,880602,43,2,2,0.3687986433506012,0.6370881199836731,0.9902347922325134,0.6652349829673767,False
B,71022,71022|71023|71024,CP,880602,59,0,0,0.36252903938293457,0.6415039896965027,0.910158634185791,0.5665169954299927,False
B,71022,71022|71023|71024,CP,880602,59,1,1,0.27032214403152466,0.5225868821144104,0.15554504096508026,0.09018009901046753,False
B,71022,71022|71023|71024,CP,880602,59,2,2,0.371673583984375,0.6406498551368713,0.9903081655502319,0.6654014587402344,False
B,71022,71022|71023|71024,CP,880602,79,0,0,0.3057791292667389,0.6102871894836426,0.9061614871025085,0.602643609046936,False
B,71022,71022|71023|71024,CP,880602,79,1,1,0.2580539286136627,0.5033566355705261,0.1693480908870697,0.08520728349685669,False
B,71022,71022|71023|71024,CP,880602,79,2,2,0.37496471405029297,0.6449328064918518,0.9903252720832825,0.6654314994812012,False
B,71022,71022|71023|71024,CP,880602,119,0,0,0.3840061128139496,0.6495823264122009,0.4539206922054291,0.16448736190795898,False
B,71022,71022|71023|71024,CP,880602,119,1,1,0.321246474981308,0.5724233984947205,0.5499327778816223,0.2287815809249878,False
B,71022,71022|71023|71024,CP,880602,119,2,2,0.38020023703575134,0.6528164744377136,0.9900514483451843,0.6647611856460571,False
B,71022,71022|71023|71024,CP,880603,0,0,0,0.29096075892448425,0.586699903011322,0.9072402715682983,0.5474327206611633,False
B,71022,71022|71023|71024,CP,880603,0,1,1,0.2932426333427429,0.55946284532547,0.30708134174346924,0.11252269148826599,False
B,71022,71022|71023|71024,CP,880603,0,2,2,0.38903549313545227,0.6712028980255127,0.9750203490257263,0.6331705451011658,False
B,71022,71022|71023|71024,CP,880603,27,0,0,0.37642744183540344,0.6698272824287415,0.5126550197601318,0.2092495560646057,False
B,71022,71022|71023|71024,CP,880603,27,1,1,0.28932246565818787,0.5550685524940491,0.3819359540939331,0.11398933827877045,False
B,71022,71022|71023|71024,CP,880603,27,2,2,0.3331848680973053,0.6578407287597656,0.9764918684959412,0.6346360445022583,False
B,71022,71022|71023|71024,CP,880603,43,0,0,0.37937819957733154,0.6670275330543518,0.48091989755630493,0.19883126020431519,False
B,71022,71022|71023|71024,CP,880603,43,1,1,0.28688904643058777,0.5516142845153809,0.4021530747413635,0.11550711840391159,False
B,71022,71022|71023|71024,CP,880603,43,2,2,0.3336946964263916,0.6581770777702332,0.9759253263473511,0.6333833932876587,False
B,71022,71022|71023|71024,CP,880603,59,0,0,0.3510044813156128,0.6370251774787903,0.5759286284446716,0.23071826994419098,False
B,71022,71022|71023|71024,CP,880603,59,1,1,0.2786721885204315,0.5381600260734558,0.3168447017669678,0.09179365634918213,False
B,71022,71022|71023|71024,CP,880603,59,2,2,0.3356323540210724,0.6575086116790771,0.9755018949508667,0.6325882077217102,False
B,71022,71022|71023|71024,CP,880603,79,0,0,0.23907887935638428,0.5004532337188721,0.7509890794754028,0.3759183883666992,False
B,71022,71022|71023|71024,CP,880603,79,1,1,0.26840445399284363,0.5138170719146729,0.23346038162708282,0.09786451607942581,False
B,71022,71022|71023|71024,CP,880603,79,2,2,0.3720238208770752,0.6397114396095276,0.9907206296920776,0.6663988828659058,False
B,71022,71022|71023|71024,CP,880603,119,0,0,0.38942185044288635,0.6516532301902771,0.44015395641326904,0.15768666565418243,False
B,71022,71022|71023|71024,CP,880603,119,1,1,0.321811318397522,0.5758959054946899,0.5750757455825806,0.24054527282714844,False
B,71022,71022|71023|71024,CP,880603,119,2,2,0.3783598840236664,0.6486393213272095,0.9905164837837219,0.665889322757721,False
B,71023,71023|71024|71025,N,880000,0,0,0,0.24528591334819794,0.5079454779624939,0.9788621068000793,0.6390281915664673,False
B,71023,71023|71024|71025,N,880000,0,1,1,0.3464522361755371,0.6332554221153259,0.8227487802505493,0.4966648817062378,False
B,71023,71023|71024|71025,N,880000,0,2,2,0.37944889068603516,0.6335489153862,0.7111324667930603,0.3574866056442261,False
B,71023,71023|71024|71025,N,880000,27,0,0,0.39234986901283264,0.6776347756385803,0.9180470705032349,0.5553690195083618,False
B,71023,71023|71024|71025,N,880000,27,1,1,0.3561640679836273,0.6447760462760925,0.8538995385169983,0.5203040242195129,False
B,71023,71023|71024|71025,N,880000,27,2,2,0.37679243087768555,0.6334614157676697,0.6299418210983276,0.2936374545097351,False
B,71023,71023|71024|71025,N,880000,43,0,0,0.3861115872859955,0.6572917699813843,0.917630672454834,0.5530048608779907,False
B,71023,71023|71024|71025,N,880000,43,1,1,0.3586677312850952,0.6486825942993164,0.8506328463554382,0.5151031017303467,False
B,71023,71023|71024|71025,N,880000,43,2,2,0.38606199622154236,0.6358152031898499,0.614519476890564,0.2900857925415039,False
B,71023,71023|71024|71025,N,880000,59,0,0,0.29883429408073425,0.5627466440200806,0.9234617352485657,0.5542701482772827,False
B,71023,71023|71024|71025,N,880000,59,1,1,0.3628503978252411,0.6560266017913818,0.863353967666626,0.5174160003662109,False
B,71023,71023|71024|71025,N,880000,59,2,2,0.4003390371799469,0.6398341059684753,0.6061229705810547,0.31053483486175537,False
B,71023,71023|71024|71025,N,880000,79,0,0,0.27405786514282227,0.5158733129501343,0.9204162955284119,0.543804943561554,False
B,71023,71023|71024|71025,N,880000,79,1,1,0.36476680636405945,0.6625013947486877,0.86470627784729,0.5070719122886658,False
B,71023,71023|71024|71025,N,880000,79,2,2,0.4202854633331299,0.6424713730812073,0.750334620475769,0.4516686201095581,False
B,71023,71023|71024|71025,N,880000,119,0,0,0.4216940402984619,0.6536470651626587,0.6318035125732422,0.3221973776817322,False
B,71023,71023|71024|71025,N,880000,119,1,1,0.3627948462963104,0.6564786434173584,0.8266429305076599,0.44768792390823364,False
B,71023,71023|71024|71025,N,880000,119,2,2,0.3498629033565521,0.588696300983429,0.633181095123291,0.3139100670814514,False
B,71023,71023|71024|71025,N,880001,0,0,0,0.24914036691188812,0.5118609070777893,0.9823675751686096,0.6481530070304871,False
B,71023,71023|71024|71025,N,880001,0,1,1,0.33806267380714417,0.6222249865531921,0.8222350478172302,0.4919069707393646,False
B,71023,71023|71024|71025,N,880001,0,2,2,0.37944889068603516,0.6335489153862,0.7111324667930603,0.3574866056442261,False
B,71023,71023|71024|71025,N,880001,27,0,0,0.3936915397644043,0.6780278086662292,0.8341274261474609,0.49264097213745117,False
B,71023,71023|71024|71025,N,880001,27,1,1,0.3458828926086426,0.6316874623298645,0.8382605314254761,0.49718791246414185,False
B,71023,71023|71024|71025,N,880001,27,2,2,0.36938586831092834,0.6208774447441101,0.6542044878005981,0.2966426908969879,False
B,71023,71023|71024|71025,N,880001,43,0,0,0.3931734263896942,0.670697033405304,0.8322994709014893,0.48740172386169434,False
B,71023,71023|71024|71025,N,880001,43,1,1,0.3487236499786377,0.6362922787666321,0.8385018110275269,0.49460431933403015,False
B,71023,71023|71024|71025,N,880001,43,2,2,0.37735435366630554,0.621608555316925,0.6394725441932678,0.28682178258895874,False
B,71023,71023|71024|71025,N,880001,59,0,0,0.3754192292690277,0.6474247574806213,0.8558430075645447,0.4947839379310608,False
B,71023,71023|71024|71025,N,880001,59,1,1,0.35201311111450195,0.6431530117988586,0.8536020517349243,0.5016191601753235,False
B,71023,71023|71024|71025,N,880001,59,2,2,0.39015451073646545,0.6256046891212463,0.6264797449111938,0.2825695872306824,False
B,71023,71023|71024|71025,N,880001,79,0,0,0.2800081968307495,0.5476359724998474,0.8863946199417114,0.5067912340164185,False
B,71023,71023|71024|71025,N,880001,79,1,1,0.3538249433040619,0.6503699421882629,0.8650539517402649,0.5026464462280273,False
B,71023,71023|71024|71025,N,880001,79,2,2,0.40897321701049805,0.6329453587532043,0.6222619414329529,0.32106372714042664,False
B,71023,71023|71024|71025,N,880001,119,0,0,0.4216074049472809,0.6534324288368225,0.6322449445724487,0.32287874817848206,False
B,71023,71023|71024|71025,N,880001,119,1,1,0.36278805136680603,0.6565175652503967,0.8271098136901855,0.4481685161590576,False
B,71023,71023|71024|71025,N,880001,119,2,2,0.3498871326446533,0.5887138247489929,0.633416473865509,0.31389594078063965,False
B,71023,71023|71024|71025,N,880002,0,0,0,0.24508671462535858,0.5235801339149475,0.9809578061103821,0.644978404045105,False
B,71023,71023|71024|71025,N,880002,0,1,1,0.34886816143989563,0.6316328644752502,0.773367702960968,0.4629667401313782,False
B,71023,71023|71024|71025,N,880002,0,2,2,0.37944889068603516,0.6335489153862,0.7111324667930603,0.3574866056442261,False
B,71023,71023|71024|71025,N,880002,27,0,0,0.39898812770843506,0.6803745627403259,0.871515691280365,0.5093420743942261,False
B,71023,71023|71024|71025,N,880002,27,1,1,0.3577876389026642,0.639985978603363,0.8163301944732666,0.47693967819213867,False
B,71023,71023|71024|71025,N,880002,27,2,2,0.37305665016174316,0.620884358882904,0.5882230401039124,0.25895097851753235,False
B,71023,71023|71024|71025,N,880002,43,0,0,0.4008198082447052,0.6703975796699524,0.8820738196372986,0.51995450258255,False
B,71023,71023|71024|71025,N,880002,43,1,1,0.3608405590057373,0.6453454494476318,0.8158241510391235,0.47510480880737305,False
B,71023,71023|71024|71025,N,880002,43,2,2,0.38238096237182617,0.6228106617927551,0.5689824819564819,0.2551599144935608,False
B,71023,71023|71024|71025,N,880002,59,0,0,0.3319690227508545,0.604367733001709,0.9143990278244019,0.546149492263794,False
B,71023,71023|71024|71025,N,880002,59,1,1,0.363822340965271,0.6531029343605042,0.840239942073822,0.4862828254699707,False
B,71023,71023|71024|71025,N,880002,59,2,2,0.3951520025730133,0.6254294514656067,0.5588396787643433,0.28837788105010986,False
B,71023,71023|71024|71025,N,880002,79,0,0,0.2852981388568878,0.5340306162834167,0.9305528402328491,0.5573030710220337,False
B,71023,71023|71024|71025,N,880002,79,1,1,0.3643002212047577,0.6605143547058105,0.8630169630050659,0.4937804937362671,False
B,71023,71023|71024|71025,N,880002,79,2,2,0.4101923704147339,0.6259042620658875,0.8204678893089294,0.48027366399765015,False
B,71023,71023|71024|71025,N,880002,119,0,0,0.42185935378074646,0.6540703177452087,0.6309183835983276,0.32084253430366516,False
B,71023,71023|71024|71025,N,880002,119,1,1,0.36280837655067444,0.6564004421234131,0.8257055878639221,0.44672858715057373,False
B,71023,71023|71024|71025,N,880002,119,2,2,0.34981369972229004,0.5886616110801697,0.6327102184295654,0.31394100189208984,False
B,71023,71023|71024|71025,N,880003,0,0,0,0.25634700059890747,0.5219214558601379,0.9784071445465088,0.6386905908584595,False
B,71023,71023|71024|71025,N,880003,0,1,1,0.3401273488998413,0.6238173246383667,0.8198887705802917,0.49991336464881897,False
B,71023,71023|71024|71025,N,880003,0,2,2,0.37944889068603516,0.6335489153862,0.7111324667930603,0.3574866056442261,False
B,71023,71023|71024|71025,N,880003,27,0,0,0.40156057476997375,0.6806374192237854,0.8923643231391907,0.5334599018096924,False
B,71023,71023|71024|71025,N,880003,27,1,1,0.3455357551574707,0.6297295689582825,0.8334164619445801,0.5206477642059326,False
B,71023,71023|71024|71025,N,880003,27,2,2,0.3860454261302948,0.6432778239250183,0.6972851753234863,0.3427850008010864,False
B,71023,71023|71024|71025,N,880003,43,0,0,0.40341702103614807,0.6753473281860352,0.886367917060852,0.5199060440063477,False
B,71023,71023|71024|71025,N,880003,43,1,1,0.34819507598876953,0.6327708959579468,0.818908154964447,0.5163996815681458,False
B,71023,71023|71024|71025,N,880003,43,2,2,0.3948558270931244,0.6453039646148682,0.6870902180671692,0.3380812406539917,False
B,71023,71023|71024|71025,N,880003,59,0,0,0.39582085609436035,0.658541738986969,0.8839656114578247,0.5129652619361877,False
B,71023,71023|71024|71025,N,880003,59,1,1,0.3529640734195709,0.6389263272285461,0.8153336048126221,0.5093685984611511,False
B,71023,71023|71024|71025,N,880003,59,2,2,0.40864333510398865,0.6494578719139099,0.6813725233078003,0.3416528105735779,False
B,71023,71023|71024|71025,N,880003,79,0,0,0.3102249205112457,0.5692804455757141,0.8912938237190247,0.5105109810829163,False
B,71023,71023|71024|71025,N,880003,79,1,1,0.3565315008163452,0.6459354758262634,0.8050386309623718,0.4884275197982788,False
B,71023,71023|71024|71025,N,880003,79,2,2,0.4278474748134613,0.6541892886161804,0.6853682398796082,0.38230159878730774,False
B,71023,71023|71024|71025,N,880003,119,0,0,0.4216074049472809,0.6534324288368225,0.6322449445724487,0.32287874817848206,False
B,71023,71023|71024|71025,N,880003,119,1,1,0.36278805136680603,0.6565175652503967,0.8271098136901855,0.4481685161590576,False
B,71023,71023|71024|71025,N,880003,119,2,2,0.3498871326446533,0.5887138247489929,0.633416473865509,0.31389594078063965,False
B,71023,71023|71024|71025,F0,880100,0,0,0,0.2999725639820099,0.574152946472168,0.9810826182365417,0.645660400390625,False
B,71023,71023|71024|71025,F0,880100,0,1,1,0.3342193067073822,0.6135726571083069,0.8266789317131042,0.5045239925384521,False
B,71023,71023|71024|71025,F0,880100,0,2,2,0.37944889068603516,0.6335489153862,0.7111324667930603,0.3574866056442261,False
B,71023,71023|71024|71025,F0,880100,27,0,0,0.41227683424949646,0.6767500042915344,0.8475219011306763,0.49501165747642517,False
B,71023,71023|71024|71025,F0,880100,27,1,1,0.3395974934101105,0.6180012226104736,0.8340656161308289,0.5202138423919678,False
B,71023,71023|71024|71025,F0,880100,27,2,2,0.37735000252723694,0.6304048895835876,0.7037739753723145,0.33694377541542053,False
B,71023,71023|71024|71025,F0,880100,43,0,0,0.4110477864742279,0.6692743301391602,0.8389895558357239,0.4779331088066101,False
B,71023,71023|71024|71025,F0,880100,43,1,1,0.3428053557872772,0.6219306588172913,0.8332611322402954,0.515640377998352,False
B,71023,71023|71024|71025,F0,880100,43,2,2,0.38544321060180664,0.6317043304443359,0.6925060749053955,0.32939648628234863,False
B,71023,71023|71024|71025,F0,880100,59,0,0,0.38258662819862366,0.6225635409355164,0.8439156413078308,0.4786730706691742,False
B,71023,71023|71024|71025,F0,880100,59,1,1,0.35670793056488037,0.6155263781547546,0.9188462495803833,0.5700201988220215,False
B,71023,71023|71024|71025,F0,880100,59,2,2,0.3615477979183197,0.6279279589653015,0.7894690036773682,0.44203558564186096,False
B,71023,71023|71024|71025,F0,880100,79,0,0,0.30813804268836975,0.5606936812400818,0.8586779832839966,0.49414581060409546,False
B,71023,71023|71024|71025,F0,880100,79,1,1,0.36698612570762634,0.6289343237876892,0.9184646606445312,0.5565223097801208,False
B,71023,71023|71024|71025,F0,880100,79,2,2,0.36023831367492676,0.6255958676338196,0.7955378890037537,0.4508650302886963,False
B,71023,71023|71024|71025,F0,880100,119,0,0,0.415559858083725,0.6523873805999756,0.6717607975006104,0.38484179973602295,False
B,71023,71023|71024|71025,F0,880100,119,1,1,0.3724663257598877,0.642170250415802,0.8084087371826172,0.4602912664413452,False
B,71023,71023|71024|71025,F0,880100,119,2,2,0.35623160004615784,0.6186632513999939,0.8257638216018677,0.4680864214897156,False
B,71023,71023|71024|71025,F0,880101,0,0,0,0.24973253905773163,0.5189523696899414,0.9787916541099548,0.6389845609664917,False
B,71023,71023|71024|71025,F0,880101,0,1,1,0.34254470467567444,0.6259667277336121,0.8097404837608337,0.49040937423706055,False
B,71023,71023|71024|71025,F0,880101,0,2,2,0.37944889068603516,0.6335489153862,0.7111324667930603,0.3574866056442261,False
B,71023,71023|71024|71025,F0,880101,27,0,0,0.39618054032325745,0.6823981404304504,0.8931763172149658,0.5333439111709595,False
B,71023,71023|71024|71025,F0,880101,27,1,1,0.34694528579711914,0.6310911178588867,0.8322558403015137,0.5184998512268066,False
B,71023,71023|71024|71025,F0,880101,27,2,2,0.3875690996646881,0.644788920879364,0.6856371164321899,0.3362799286842346,False
B,71023,71023|71024|71025,F0,880101,43,0,0,0.3990269601345062,0.6780180931091309,0.8898736834526062,0.523413896560669,False
B,71023,71023|71024|71025,F0,880101,43,1,1,0.34946608543395996,0.6341000199317932,0.8185445666313171,0.5144802331924438,False
B,71023,71023|71024|71025,F0,880101,43,2,2,0.3970925509929657,0.6471102833747864,0.6755258440971375,0.33276379108428955,False
B,71023,71023|71024|71025,F0,880101,59,0,0,0.3890931308269501,0.644581139087677,0.8996838927268982,0.5333036184310913,False
B,71023,71023|71024|71025,F0,880101,59,1,1,0.34905385971069336,0.6202258467674255,0.9136624336242676,0.5631937980651855,False
B,71023,71023|71024|71025,F0,880101,59,2,2,0.3615504801273346,0.6279295086860657,0.7896847128868103,0.4418572783470154,False
B,71023,71023|71024|71025,F0,880101,79,0,0,0.305529922246933,0.551946222782135,0.9217191338539124,0.5465725660324097,False
B,71023,71023|71024|71025,F0,880101,79,1,1,0.3617284297943115,0.633380651473999,0.908547043800354,0.5452501773834229,False
B,71023,71023|71024|71025,F0,880101,79,2,2,0.36025938391685486,0.6256210207939148,0.7949158549308777,0.45067015290260315,False
B,71023,71023|71024|71025,F0,880101,119,0,0,0.4157314598560333,0.6528405547142029,0.6704120635986328,0.3829529881477356,False
B,71023,71023|71024|71025,F0,880101,119,1,1,0.37251773476600647,0.6421203017234802,0.8084553480148315,0.4601413607597351,False
B,71023,71023|71024|71025,F0,880101,119,2,2,0.3562808930873871,0.6187371015548706,0.8252351880073547,0.4678778648376465,False
B,71023,71023|71024|71025,F0,880102,0,0,0,0.2451985627412796,0.5084996819496155,0.9785025119781494,0.6381939053535461,False
B,71023,71023|71024|71025,F0,880102,0,1,1,0.3451331555843353,0.6314072608947754,0.819098949432373,0.4965592622756958,False
B,71023,71023|71024|71025,F0,880102,0,2,2,0.37944889068603516,0.6335489153862,0.7111324667930603,0.3574866056442261,False
B,71023,71023|71024|71025,F0,880102,27,0,0,0.38942256569862366,0.6805955767631531,0.907386064529419,0.5483953952789307,False
B,71023,71023|71024|71025,F0,880102,27,1,1,0.35324835777282715,0.6416616439819336,0.8445730209350586,0.5212615132331848,False
B,71023,71023|71024|71025,F0,880102,27,2,2,0.38066065311431885,0.6387577056884766,0.6515600681304932,0.3103450536727905,False
B,71023,71023|71024|71025,F0,880102,43,0,0,0.39224743843078613,0.671315610408783,0.9085794687271118,0.5437934398651123,False
B,71023,71023|71024|71025,F0,880102,43,1,1,0.35568496584892273,0.6451734900474548,0.8439441919326782,0.5172604322433472,False
B,71023,71023|71024|71025,F0,880102,43,2,2,0.3899601399898529,0.6410436630249023,0.6377882957458496,0.3064936399459839,False
B,71023,71023|71024|71025,F0,880102,59,0,0,0.35512101650238037,0.6202123165130615,0.9203588366508484,0.5522634983062744,False
B,71023,71023|71024|71025,F0,880102,59,1,1,0.3446485102176666,0.6374346613883972,0.9268893599510193,0.5692747831344604,False
B,71023,71023|71024|71025,F0,880102,59,2,2,0.3615492284297943,0.6279287934303284,0.7895774841308594,0.4419465661048889,False
B,71023,71023|71024|71025,F0,880102,79,0,0,0.27464383840560913,0.5052691102027893,0.9298954606056213,0.5495444536209106,False
B,71023,71023|71024|71025,F0,880102,79,1,1,0.35339391231536865,0.6423981785774231,0.9289917349815369,0.5616697669029236,False
B,71023,71023|71024|71025,F0,880102,79,2,2,0.36024895310401917,0.6256085634231567,0.7952272891998291,0.4507676064968109,False
B,71023,71023|71024|71025,F0,880102,119,0,0,0.4156465530395508,0.6526148915290833,0.6710878014564514,0.3838965892791748,False
B,71023,71023|71024|71025,F0,880102,119,1,1,0.3724919855594635,0.6421453356742859,0.8084316253662109,0.4602157473564148,False
B,71023,71023|71024|71025,F0,880102,119,2,2,0.35625627636909485,0.6187002658843994,0.8254998922348022,0.46798229217529297,False
B,71023,71023|71024|71025,F0,880103,0,0,0,0.25270119309425354,0.5199094414710999,0.9788203239440918,0.6393601894378662,False
B,71023,71023|71024|71025,F0,880103,0,1,1,0.34101417660713196,0.6245797872543335,0.8146960735321045,0.49555933475494385,False
B,71023,71023|71024|71025,F0,880103,0,2,2,0.37944889068603516,0.6335489153862,0.7111324667930603,0.3574866056442261,False
B,71023,71023|71024|71025,F0,880103,27,0,0,0.3991861641407013,0.681407630443573,0.8900878429412842,0.5310884118080139,False
B,71023,71023|71024|71025,F0,880103,27,1,1,0.34603723883628845,0.6303449273109436,0.8319034576416016,0.5195179581642151,False
B,71023,71023|71024|71025,F0,880103,27,2,2,0.3861334025859833,0.6430856585502625,0.6904598474502563,0.3375124931335449,False
B,71023,71023|71024|71025,F0,880103,43,0,0,0.4014565944671631,0.6764790415763855,0.8853914141654968,0.5193129777908325,False
B,71023,71023|71024|71025,F0,880103,43,1,1,0.348644495010376,0.6334322690963745,0.8201660513877869,0.5152958631515503,False
B,71023,71023|71024|71025,F0,880103,43,2,2,0.39531072974205017,0.6452639698982239,0.680105447769165,0.33299267292022705,False
B,71023,71023|71024|71025,F0,880103,59,0,0,0.3893841803073883,0.6404829025268555,0.8942092061042786,0.5276888608932495,False
B,71023,71023|71024|71025,F0,880103,59,1,1,0.3487943112850189,0.6186957955360413,0.9151410460472107,0.5648963451385498,False
B,71023,71023|71024|71025,F0,880103,59,2,2,0.3615492284297943,0.6279287934303284,0.7895774841308594,0.4419465661048889,False
B,71023,71023|71024|71025,F0,880103,79,0,0,0.30762091279029846,0.555320680141449,0.9149060249328613,0.540494441986084,False
B,71023,71023|71024|71025,F0,880103,79,1,1,0.36144375801086426,0.6320579648017883,0.9107761383056641,0.5475664734840393,False
B,71023,71023|71024|71025,F0,880103,79,2,2,0.36024895310401917,0.6256085634231567,0.7952272891998291,0.4507676064968109,False
B,71023,71023|71024|71025,F0,880103,119,0,0,0.4156465530395508,0.6526148915290833,0.6710878014564514,0.3838965892791748,False
B,71023,71023|71024|71025,F0,880103,119,1,1,0.3724919855594635,0.6421453356742859,0.8084316253662109,0.4602157473564148,False
B,71023,71023|71024|71025,F0,880103,119,2,2,0.35625627636909485,0.6187002658843994,0.8254998922348022,0.46798229217529297,False
B,71023,71023|71024|71025,TE,880200,0,0,0,0.24621903896331787,0.5168777108192444,0.9764829277992249,0.6329838037490845,False
B,71023,71023|71024|71025,TE,880200,0,1,1,0.3526555597782135,0.6376184821128845,0.8119775056838989,0.49210816621780396,False
B,71023,71023|71024|71025,TE,880200,0,2,2,0.37944889068603516,0.6335489153862,0.7111324667930603,0.3574866056442261,False
B,71023,71023|71024|71025,TE,880200,27,0,0,0.4010058641433716,0.6651038527488708,0.9331020712852478,0.5690686702728271,False
B,71023,71023|71024|71025,TE,880200,27,1,1,0.36109280586242676,0.6477439403533936,0.8499040007591248,0.5301700830459595,False
B,71023,71023|71024|71025,TE,880200,27,2,2,0.3802744448184967,0.6372775435447693,0.6223659515380859,0.31118667125701904,False
B,71023,71023|71024|71025,TE,880200,43,0,0,0.36229148507118225,0.6296758055686951,0.940129280090332,0.5750683546066284,False
B,71023,71023|71024|71025,TE,880200,43,1,1,0.3498634397983551,0.6482515931129456,0.9178493618965149,0.5659876465797424,False
B,71023,71023|71024|71025,TE,880200,43,2,2,0.3634004294872284,0.6303103566169739,0.7931588292121887,0.43767595291137695,False
B,71023,71023|71024|71025,TE,880200,59,0,0,0.25988075137138367,0.5137402415275574,0.9447613954544067,0.577098548412323,False
B,71023,71023|71024|71025,TE,880200,59,1,1,0.35412558913230896,0.6534056067466736,0.9333984851837158,0.5759955048561096,False
B,71023,71023|71024|71025,TE,880200,59,2,2,0.36274027824401855,0.6290034055709839,0.7940194606781006,0.44449061155319214,False
B,71023,71023|71024|71025,TE,880200,79,0,0,0.2559305429458618,0.49277591705322266,0.9364401698112488,0.5613267421722412,False
B,71023,71023|71024|71025,TE,880200,79,1,1,0.3619042932987213,0.6575176119804382,0.9368858933448792,0.5707223415374756,False
B,71023,71023|71024|71025,TE,880200,79,2,2,0.3613913059234619,0.6267090439796448,0.7973957061767578,0.4531170129776001,False
B,71023,71023|71024|71025,TE,880200,119,0,0,0.42185935378074646,0.6540703177452087,0.6309183835983276,0.32084253430366516,False
B,71023,71023|71024|71025,TE,880200,119,1,1,0.36280837655067444,0.6564004421234131,0.8257055878639221,0.44672858715057373,False
B,71023,71023|71024|71025,TE,880200,119,2,2,0.34981369972229004,0.5886616110801697,0.6327102184295654,0.31394100189208984,False
B,71023,71023|71024|71025,TE,880201,0,0,0,0.24584366381168365,0.5083389282226562,0.9790046215057373,0.6395982503890991,False
B,71023,71023|71024|71025,TE,880201,0,1,1,0.3429255783557892,0.6288339495658875,0.8203691244125366,0.4975730776786804,False
B,71023,71023|71024|71025,TE,880201,0,2,2,0.37944889068603516,0.6335489153862,0.7111324667930603,0.3574866056442261,False
B,71023,71023|71024|71025,TE,880201,27,0,0,0.3912324905395508,0.6805980801582336,0.8956844806671143,0.5385977029800415,False
B,71023,71023|71024|71025,TE,880201,27,1,1,0.35073134303092957,0.6389174461364746,0.8412358164787292,0.5187662243843079,False
B,71023,71023|71024|71025,TE,880201,27,2,2,0.38089215755462646,0.6380795240402222,0.6621435880661011,0.3147408366203308,False
B,71023,71023|71024|71025,TE,880201,43,0,0,0.3881341516971588,0.6615510582923889,0.8959211111068726,0.5360806584358215,False
B,71023,71023|71024|71025,TE,880201,43,1,1,0.3373012840747833,0.6234269142150879,0.9154011607170105,0.56452476978302,False
B,71023,71023|71024|71025,TE,880201,43,2,2,0.36279162764549255,0.6297965049743652,0.7909546494483948,0.4364284873008728,False
B,71023,71023|71024|71025,TE,880201,59,0,0,0.36750611662864685,0.6289054155349731,0.9083130955696106,0.5438211560249329,False
B,71023,71023|71024|71025,TE,880201,59,1,1,0.3436369001865387,0.6285269260406494,0.9257586002349854,0.5682700872421265,False
B,71023,71023|71024|71025,TE,880201,59,2,2,0.36214479804039,0.6284677982330322,0.7917182445526123,0.44331610202789307,False
B,71023,71023|71024|71025,TE,880201,79,0,0,0.2737354040145874,0.5091195106506348,0.9272804856300354,0.5473233461380005,False
B,71023,71023|71024|71025,TE,880201,79,1,1,0.35407981276512146,0.636702835559845,0.9265879988670349,0.5586352348327637,False
B,71023,71023|71024|71025,TE,880201,79,2,2,0.3608107566833496,0.6261484026908875,0.7966269254684448,0.45204854011535645,False
B,71023,71023|71024|71025,TE,880201,119,0,0,0.4216940402984619,0.6536470651626587,0.6318035125732422,0.3221973776817322,False
B,71023,71023|71024|71025,TE,880201,119,1,1,0.3627948462963104,0.6564786434173584,0.8266429305076599,0.44768792390823364,False
B,71023,71023|71024|71025,TE,880201,119,2,2,0.3498629033565521,0.588696300983429,0.633181095123291,0.3139100670814514,False
B,71023,71023|71024|71025,TE,880202,0,0,0,0.24827353656291962,0.5177276134490967,0.9813492298126221,0.6453081369400024,False
B,71023,71023|71024|71025,TE,880202,0,1,1,0.3406035900115967,0.6238905787467957,0.8084720373153687,0.48618996143341064,False
B,71023,71023|71024|71025,TE,880202,0,2,2,0.37944889068603516,0.6335489153862,0.7111324667930603,0.3574866056442261,False
B,71023,71023|71024|71025,TE,880202,27,0,0,0.3941417634487152,0.6810963153839111,0.850702702999115,0.5004387497901917,False
B,71023,71023|71024|71025,TE,880202,27,1,1,0.34620317816734314,0.6312963366508484,0.8372616171836853,0.5052072405815125,False
B,71023,71023|71024|71025,TE,880202,27,2,2,0.3765963613986969,0.6299803256988525,0.6600105166435242,0.3054227828979492,False
B,71023,71023|71024|71025,TE,880202,43,0,0,0.393953800201416,0.6610297560691833,0.8497369289398193,0.4925755560398102,False
B,71023,71023|71024|71025,TE,880202,43,1,1,0.34073054790496826,0.6113167405128479,0.904338538646698,0.5557698011398315,False
B,71023,71023|71024|71025,TE,880202,43,2,2,0.36341047286987305,0.6303229928016663,0.7929896712303162,0.43783485889434814,False
B,71023,71023|71024|71025,TE,880202,59,0,0,0.3781742751598358,0.6354960799217224,0.8665910959243774,0.5089151263237,False
B,71023,71023|71024|71025,TE,880202,59,1,1,0.3478926718235016,0.6210446357727051,0.9208663105964661,0.5632221698760986,False
B,71023,71023|71024|71025,TE,880202,59,2,2,0.36273515224456787,0.6289995312690735,0.7938185334205627,0.44466525316238403,False
B,71023,71023|71024|71025,TE,880202,79,0,0,0.28790703415870667,0.5440282225608826,0.9091545939445496,0.5355132222175598,False
B,71023,71023|71024|71025,TE,880202,79,1,1,0.3561874330043793,0.6326940655708313,0.9267082810401917,0.5584177374839783,False
B,71023,71023|71024|71025,TE,880202,79,2,2,0.3613682985305786,0.6266816258430481,0.7980033755302429,0.45330679416656494,False
B,71023,71023|71024|71025,TE,880202,119,0,0,0.4216940402984619,0.6536470651626587,0.6318035125732422,0.3221973776817322,False
B,71023,71023|71024|71025,TE,880202,119,1,1,0.3627948462963104,0.6564786434173584,0.8266429305076599,0.44768792390823364,False
B,71023,71023|71024|71025,TE,880202,119,2,2,0.3498629033565521,0.588696300983429,0.633181095123291,0.3139100670814514,False
B,71023,71023|71024|71025,TE,880203,0,0,0,0.24507640302181244,0.5094899535179138,0.9773495197296143,0.6352519989013672,False
B,71023,71023|71024|71025,TE,880203,0,1,1,0.3482905328273773,0.6346321702003479,0.8163470029830933,0.4971219301223755,False
B,71023,71023|71024|71025,TE,880203,0,2,2,0.37944889068603516,0.6335489153862,0.7111324667930603,0.3574866056442261,False
B,71023,71023|71024|71025,TE,880203,27,0,0,0.39211785793304443,0.6785100102424622,0.9251834750175476,0.5633598566055298,False
B,71023,71023|71024|71025,TE,880203,27,1,1,0.35636427998542786,0.6444253325462341,0.8448482751846313,0.5270556211471558,False
B,71023,71023|71024|71025,TE,880203,27,2,2,0.3811676502227783,0.6407151222229004,0.6424092054367065,0.3129597306251526,False
B,71023,71023|71024|71025,TE,880203,43,0,0,0.37859416007995605,0.6598742008209229,0.9281260967254639,0.5640828609466553,False
B,71023,71023|71024|71025,TE,880203,43,1,1,0.34259212017059326,0.6387031674385071,0.9175937175750732,0.5662979483604431,False
B,71023,71023|71024|71025,TE,880203,43,2,2,0.3627859055995941,0.6297897696495056,0.7910423278808594,0.4363481402397156,False
B,71023,71023|71024|71025,TE,880203,59,0,0,0.30856427550315857,0.5700852870941162,0.9359529614448547,0.5664892196655273,False
B,71023,71023|71024|71025,TE,880203,59,1,1,0.34783411026000977,0.6445633769035339,0.9310622811317444,0.5737196207046509,False
B,71023,71023|71024|71025,TE,880203,59,2,2,0.3621467351913452,0.6284690499305725,0.7918223142623901,0.4432281255722046,False
B,71023,71023|71024|71025,TE,880203,79,0,0,0.26745492219924927,0.5007800459861755,0.932917058467865,0.5540298819541931,False
B,71023,71023|71024|71025,TE,880203,79,1,1,0.3563987910747528,0.6486890316009521,0.9303962588310242,0.5631895065307617,False
B,71023,71023|71024|71025,TE,880203,79,2,2,0.3608217239379883,0.6261616349220276,0.7963188886642456,0.45195209980010986,False
B,71023,71023|71024|71025,TE,880203,119,0,0,0.42177796363830566,0.6538597345352173,0.6313611268997192,0.3215183913707733,False
B,71023,71023|71024|71025,TE,880203,119,1,1,0.3628016710281372,0.6564397215843201,0.8261749744415283,0.44720810651779175,False
B,71023,71023|71024|71025,TE,880203,119,2,2,0.34983840584754944,0.5886788964271545,0.6329455375671387,0.3139250874519348,False
B,71023,71023|71024|71025,TL,880300,0,0,0,0.2543749213218689,0.515267550945282,0.9785285592079163,0.6392268538475037,False
B,71023,71023|71024|71025,TL,880300,0,1,1,0.33945432305336,0.6246431469917297,0.8251799941062927,0.5055476427078247,False
B,71023,71023|71024|71025,TL,880300,0,2,2,0.37944889068603516,0.6335489153862,0.7111324667930603,0.3574866056442261,False
B,71023,71023|71024|71025,TL,880300,27,0,0,0.4000507593154907,0.6789448261260986,0.8895999789237976,0.5327651500701904,False
B,71023,71023|71024|71025,TL,880300,27,1,1,0.3469552993774414,0.6339148879051208,0.8310904502868652,0.5209161639213562,False
B,71023,71023|71024|71025,TL,880300,27,2,2,0.3823436498641968,0.6392232179641724,0.6887990832328796,0.33343029022216797,False
B,71023,71023|71024|71025,TL,880300,43,0,0,0.40084636211395264,0.6721499562263489,0.8846734166145325,0.5203942656517029,False
B,71023,71023|71024|71025,TL,880300,43,1,1,0.34981289505958557,0.6375189423561096,0.831158459186554,0.5166029930114746,False
B,71023,71023|71024|71025,TL,880300,43,2,2,0.3910536766052246,0.6411147117614746,0.6769028306007385,0.32758593559265137,False
B,71023,71023|71024|71025,TL,880300,59,0,0,0.37957894802093506,0.6307682991027832,0.8910130262374878,0.5260624885559082,False
B,71023,71023|71024|71025,TL,880300,59,1,1,0.34350964426994324,0.6202570796012878,0.9183977246284485,0.5658411383628845,False
B,71023,71023|71024|71025,TL,880300,59,2,2,0.36094769835472107,0.6273828148841858,0.7872847318649292,0.44064658880233765,False
B,71023,71023|71024|71025,TL,880300,79,0,0,0.2892000377178192,0.5387213826179504,0.9118669033050537,0.5340602397918701,False
B,71023,71023|71024|71025,TL,880300,79,1,1,0.35545238852500916,0.6312313079833984,0.9166818261146545,0.5517722368240356,False
B,71023,71023|71024|71025,TL,880300,79,2,2,0.3596733510494232,0.6250502467155457,0.7941209673881531,0.4495645761489868,False
B,71023,71023|71024|71025,TL,880300,119,0,0,0.41644999384880066,0.6532562375068665,0.66861891746521,0.38198283314704895,False
B,71023,71023|71024|71025,TL,880300,119,1,1,0.37184640765190125,0.6430337429046631,0.8059542179107666,0.4571572244167328,False
B,71023,71023|71024|71025,TL,880300,119,2,2,0.3557142913341522,0.6181341409683228,0.8247655630111694,0.4670167565345764,False
B,71023,71023|71024|71025,TL,880301,0,0,0,0.24618275463581085,0.52788907289505,0.97836834192276,0.6384662985801697,False
B,71023,71023|71024|71025,TL,880301,0,1,1,0.35414478182792664,0.6366150975227356,0.788307249546051,0.4666042923927307,False
B,71023,71023|71024|71025,TL,880301,0,2,2,0.37944889068603516,0.6335489153862,0.7111324667930603,0.3574866056442261,False
B,71023,71023|71024|71025,TL,880301,27,0,0,0.4150920808315277,0.6646544337272644,0.9084654450416565,0.5397554636001587,False
B,71023,71023|71024|71025,TL,880301,27,1,1,0.36580029129981995,0.6477751731872559,0.8181768655776978,0.4882887005805969,False
B,71023,71023|71024|71025,TL,880301,27,2,2,0.3788476288318634,0.6225255131721497,0.5737791657447815,0.27332326769828796,False
B,71023,71023|71024|71025,TL,880301,43,0,0,0.36060860753059387,0.6168427467346191,0.9198006391525269,0.5534529685974121,False
B,71023,71023|71024|71025,TL,880301,43,1,1,0.36927321553230286,0.6537209153175354,0.8171250224113464,0.4853360652923584,False
B,71023,71023|71024|71025,TL,880301,43,2,2,0.3901883065700531,0.624644935131073,0.5608323812484741,0.30322909355163574,False
B,71023,71023|71024|71025,TL,880301,59,0,0,0.2805294692516327,0.5406502485275269,0.9387648701667786,0.5731909275054932,False
B,71023,71023|71024|71025,TL,880301,59,1,1,0.3716144561767578,0.6602952480316162,0.8344303965568542,0.4903809428215027,False
B,71023,71023|71024|71025,TL,880301,59,2,2,0.4031199514865875,0.6246433854103088,0.7017989158630371,0.4079640209674835,False
B,71023,71023|71024|71025,TL,880301,79,0,0,0.27396276593208313,0.5111479163169861,0.9406007528305054,0.5681593418121338,False
B,71023,71023|71024|71025,TL,880301,79,1,1,0.3657771646976471,0.6642617583274841,0.913127601146698,0.5474035739898682,False
B,71023,71023|71024|71025,TL,880301,79,2,2,0.3591485023498535,0.6245516538619995,0.7910844683647156,0.4477464556694031,False
B,71023,71023|71024|71025,TL,880301,119,0,0,0.41766008734703064,0.6551591157913208,0.6620966792106628,0.37438637018203735,False
B,71023,71023|71024|71025,TL,880301,119,1,1,0.37129712104797363,0.6437082886695862,0.8032380938529968,0.45327645540237427,False
B,71023,71023|71024|71025,TL,880301,119,2,2,0.3553147315979004,0.6177772879600525,0.8223896026611328,0.46538853645324707,False
B,71023,71023|71024|71025,TL,880302,0,0,0,0.2451469749212265,0.5173632502555847,0.9807348847389221,0.643988847732544,False
B,71023,71023|71024|71025,TL,880302,0,1,1,0.3478531837463379,0.6322223544120789,0.792818009853363,0.47521960735321045,False
B,71023,71023|71024|71025,TL,880302,0,2,2,0.37944889068603516,0.6335489153862,0.7111324667930603,0.3574866056442261,False
B,71023,71023|71024|71025,TL,880302,27,0,0,0.397955983877182,0.6782433390617371,0.897388756275177,0.5324482321739197,False
B,71023,71023|71024|71025,TL,880302,27,1,1,0.3576008379459381,0.6419192552566528,0.8286824822425842,0.4894944727420807,False
B,71023,71023|71024|71025,TL,880302,27,2,2,0.37309882044792175,0.6232276558876038,0.5978761911392212,0.2659199833869934,False
B,71023,71023|71024|71025,TL,880302,43,0,0,0.39416107535362244,0.6624549031257629,0.9021296501159668,0.5372724533081055,False
B,71023,71023|71024|71025,TL,880302,43,1,1,0.3602519929409027,0.6463021636009216,0.8200369477272034,0.4829259514808655,False
B,71023,71023|71024|71025,TL,880302,43,2,2,0.3823341429233551,0.6252761483192444,0.5793476700782776,0.26123663783073425,False
B,71023,71023|71024|71025,TL,880302,59,0,0,0.32505813241004944,0.5948172211647034,0.9199349284172058,0.5503582954406738,False
B,71023,71023|71024|71025,TL,880302,59,1,1,0.355670303106308,0.6502520442008972,0.8968953490257263,0.5376245975494385,False
B,71023,71023|71024|71025,TL,880302,59,2,2,0.36094895005226135,0.6273831725120544,0.7875077128410339,0.4404675364494324,False
B,71023,71023|71024|71025,TL,880302,79,0,0,0.2785893380641937,0.5196263790130615,0.933578610420227,0.5572130680084229,False
B,71023,71023|71024|71025,TL,880302,79,1,1,0.35796093940734863,0.6561567187309265,0.9249354600906372,0.5565537214279175,False
B,71023,71023|71024|71025,TL,880302,79,2,2,0.3596929609775543,0.6250737905502319,0.7934908270835876,0.4493674039840698,False
B,71023,71023|71024|71025,TL,880302,119,0,0,0.41661062836647034,0.6536971926689148,0.6672700047492981,0.3800872266292572,False
B,71023,71023|71024|71025,TL,880302,119,1,1,0.3718912899494171,0.6429820656776428,0.8059617877006531,0.4569799304008484,False
B,71023,71023|71024|71025,TL,880302,119,2,2,0.3557628095149994,0.6182065010070801,0.8242305517196655,0.4668048024177551,False
B,71023,71023|71024|71025,TL,880303,0,0,0,0.24681079387664795,0.520043134689331,0.9777922034263611,0.6359753608703613,False
B,71023,71023|71024|71025,TL,880303,0,1,1,0.34840139746665955,0.6323155760765076,0.790611207485199,0.48253023624420166,False
B,71023,71023|71024|71025,TL,880303,0,2,2,0.37944889068603516,0.6335489153862,0.7111324667930603,0.3574866056442261,False
B,71023,71023|71024|71025,TL,880303,27,0,0,0.3877677619457245,0.6832244992256165,0.9102559089660645,0.5477205514907837,False
B,71023,71023|71024|71025,TL,880303,27,1,1,0.3538130819797516,0.6395072937011719,0.8280088305473328,0.5196168422698975,False
B,71023,71023|71024|71025,TL,880303,27,2,2,0.38707396388053894,0.6458255648612976,0.6555718779563904,0.324697881937027,False
B,71023,71023|71024|71025,TL,880303,43,0,0,0.393783301115036,0.6776402592658997,0.9131738543510437,0.5459972620010376,False
B,71023,71023|71024|71025,TL,880303,43,1,1,0.35719481110572815,0.6439825892448425,0.8274089694023132,0.5174875259399414,False
B,71023,71023|71024|71025,TL,880303,43,2,2,0.39697185158729553,0.6482970118522644,0.6448658108711243,0.3275989592075348,False
B,71023,71023|71024|71025,TL,880303,59,0,0,0.36229920387268066,0.6294963955879211,0.9215421080589294,0.5533753633499146,False
B,71023,71023|71024|71025,TL,880303,59,1,1,0.36246585845947266,0.6515932083129883,0.8303821086883545,0.5133806467056274,False
B,71023,71023|71024|71025,TL,880303,59,2,2,0.4109532833099365,0.6514077186584473,0.6420165300369263,0.357060968875885,False
B,71023,71023|71024|71025,TL,880303,79,0,0,0.2774619162082672,0.514502763748169,0.9359815716743469,0.5594271421432495,False
B,71023,71023|71024|71025,TL,880303,79,1,1,0.355700820684433,0.6419644951820374,0.9131907820701599,0.5491020679473877,False
B,71023,71023|71024|71025,TL,880303,79,2,2,0.35913148522377014,0.624531090259552,0.791724681854248,0.4479445219039917,False
B,71023,71023|71024|71025,TL,880303,119,0,0,0.4175204038619995,0.6547413468360901,0.663460910320282,0.37627923488616943,False
B,71023,71023|71024|71025,TL,880303,119,1,1,0.371258407831192,0.643762469291687,0.8032653331756592,0.45347464084625244,False
B,71023,71023|71024|71025,TL,880303,119,2,2,0.3552679717540741,0.6177077889442444,0.8229345083236694,0.4656033217906952,False
B,71023,71023|71024|71025,DS,880400,0,0,0,0.24729156494140625,0.5218433737754822,0.9769968390464783,0.6339609622955322,False
B,71023,71023|71024|71025,DS,880400,0,1,1,0.35153117775917053,0.6353700160980225,0.7893788814544678,0.48388177156448364,False
B,71023,71023|71024|71025,DS,880400,0,2,2,0.37944889068603516,0.6335489153862,0.7111324667930603,0.3574866056442261,False
B,71023,71023|71024|71025,DS,880400,27,0,0,0.3954468071460724,0.6801233291625977,0.9219070672988892,0.5578281879425049,False
B,71023,71023|71024|71025,DS,880400,27,1,1,0.3583098351955414,0.6442387700080872,0.8362677097320557,0.5259236693382263,False
B,71023,71023|71024|71025,DS,880400,27,2,2,0.3852628767490387,0.6435088515281677,0.6365710496902466,0.3205748498439789,False
B,71023,71023|71024|71025,DS,880400,43,0,0,0.3923804759979248,0.6612668633460999,0.9277883172035217,0.5619889497756958,False
B,71023,71023|71024|71025,DS,880400,43,1,1,0.362272709608078,0.6496903300285339,0.8415541648864746,0.5242687463760376,False
B,71023,71023|71024|71025,DS,880400,43,2,2,0.39574766159057617,0.6461955308914185,0.6264386773109436,0.3354581892490387,False
B,71023,71023|71024|71025,DS,880400,59,0,0,0.31018248200416565,0.5745999813079834,0.939970850944519,0.5730264782905579,False
B,71023,71023|71024|71025,DS,880400,59,1,1,0.3504791259765625,0.6461763381958008,0.9255409240722656,0.5688201189041138,False
B,71023,71023|71024|71025,DS,880400,59,2,2,0.3615523874759674,0.6279303431510925,0.7898973822593689,0.441680371761322,False
B,71023,71023|71024|71025,DS,880400,79,0,0,0.26425719261169434,0.5026152729988098,0.9395627379417419,0.564804196357727,False
B,71023,71023|71024|71025,DS,880400,79,1,1,0.3588114082813263,0.6504625678062439,0.9238002896308899,0.557435929775238,False
B,71023,71023|71024|71025,DS,880400,79,2,2,0.3602794110774994,0.6256449222564697,0.7942919731140137,0.4504762887954712,False
B,71023,71023|71024|71025,DS,880400,119,0,0,0.42193832993507385,0.6542790532112122,0.6304751634597778,0.3201693892478943,False
B,71023,71023|71024|71025,DS,880400,119,1,1,0.36281514167785645,0.6563610434532166,0.8252357840538025,0.44624996185302734,False
B,71023,71023|71024|71025,DS,880400,119,2,2,0.3497888147830963,0.5886443853378296,0.6324748992919922,0.31395798921585083,False
B,71023,71023|71024|71025,DS,880401,0,0,0,0.24692781269550323,0.522671639919281,0.9784784317016602,0.6376556158065796,False
B,71023,71023|71024|71025,DS,880401,0,1,1,0.3479200601577759,0.6314732432365417,0.7860171794891357,0.47879934310913086,False
B,71023,71023|71024|71025,DS,880401,0,2,2,0.37944889068603516,0.6335489153862,0.7111324667930603,0.3574866056442261,False
B,71023,71023|71024|71025,DS,880401,27,0,0,0.38799023628234863,0.6835589408874512,0.899556040763855,0.5376933813095093,False
B,71023,71023|71024|71025,DS,880401,27,1,1,0.35335350036621094,0.639194905757904,0.8315315842628479,0.5172795057296753,False
B,71023,71023|71024|71025,DS,880401,27,2,2,0.3858140707015991,0.643227756023407,0.6494906544685364,0.31480705738067627,False
B,71023,71023|71024|71025,DS,880401,43,0,0,0.3939199447631836,0.679048478603363,0.9035465121269226,0.5365920066833496,False
B,71023,71023|71024|71025,DS,880401,43,1,1,0.3567166030406952,0.6438000202178955,0.8351580500602722,0.5154227614402771,False
B,71023,71023|71024|71025,DS,880401,43,2,2,0.3955953121185303,0.6456670761108398,0.6376373171806335,0.3151920735836029,False
B,71023,71023|71024|71025,DS,880401,59,0,0,0.37356677651405334,0.6435922980308533,0.917708158493042,0.5516211986541748,False
B,71023,71023|71024|71025,DS,880401,59,1,1,0.3462526798248291,0.6328773498535156,0.9209471344947815,0.5643743276596069,False
B,71023,71023|71024|71025,DS,880401,59,2,2,0.3615516126155853,0.6279299855232239,0.789791464805603,0.441769003868103,False
B,71023,71023|71024|71025,DS,880401,79,0,0,0.2786768972873688,0.5156474709510803,0.9354466199874878,0.5587514638900757,False
B,71023,71023|71024|71025,DS,880401,79,1,1,0.3567222058773041,0.6404315233230591,0.9213487505912781,0.5549631118774414,False
B,71023,71023|71024|71025,DS,880401,79,2,2,0.36026954650878906,0.6256331205368042,0.7946040034294128,0.450573205947876,False
B,71023,71023|71024|71025,DS,880401,119,0,0,0.42185935378074646,0.6540703177452087,0.6309183835983276,0.32084253430366516,False
B,71023,71023|71024|71025,DS,880401,119,1,1,0.36280837655067444,0.6564004421234131,0.8257055878639221,0.44672858715057373,False
B,71023,71023|71024|71025,DS,880401,119,2,2,0.34981369972229004,0.5886616110801697,0.6327102184295654,0.31394100189208984,False
B,71023,71023|71024|71025,DS,880402,0,0,0,0.24456436932086945,0.502636730670929,0.97732013463974,0.6356643438339233,False
B,71023,71023|71024|71025,DS,880402,0,1,1,0.345146507024765,0.632386326789856,0.8271228075027466,0.5037979483604431,False
B,71023,71023|71024|71025,DS,880402,0,2,2,0.37944889068603516,0.6335489153862,0.7111324667930603,0.3574866056442261,False
B,71023,71023|71024|71025,DS,880402,27,0,0,0.3892105519771576,0.6794480681419373,0.9180889129638672,0.5577046871185303,False
B,71023,71023|71024|71025,DS,880402,27,1,1,0.3535999059677124,0.6425957679748535,0.8406821489334106,0.5253015756607056,False
B,71023,71023|71024|71025,DS,880402,27,2,2,0.38081255555152893,0.6410149931907654,0.6608110666275024,0.32053130865097046,False
B,71023,71023|71024|71025,DS,880402,43,0,0,0.39005160331726074,0.6674613952636719,0.9171199798583984,0.5509336590766907,False
B,71023,71023|71024|71025,DS,880402,43,1,1,0.35606876015663147,0.6460347771644592,0.8411216735839844,0.5215116739273071,False
B,71023,71023|71024|71025,DS,880402,43,2,2,0.3898472785949707,0.6432657241821289,0.6476262807846069,0.3172735571861267,False
B,71023,71023|71024|71025,DS,880402,59,0,0,0.347243994474411,0.61097651720047,0.9253799319267273,0.5561850070953369,False
B,71023,71023|71024|71025,DS,880402,59,1,1,0.34369850158691406,0.6376619338989258,0.9270367622375488,0.5709400177001953,False
B,71023,71023|71024|71025,DS,880402,59,2,2,0.3615477979183197,0.6279279589653015,0.7894690036773682,0.44203558564186096,False
B,71023,71023|71024|71025,DS,880402,79,0,0,0.27315083146095276,0.5005488991737366,0.9292503595352173,0.5480809807777405,False
B,71023,71023|71024|71025,DS,880402,79,1,1,0.352987140417099,0.6421100497245789,0.9260625839233398,0.5594544410705566,False
B,71023,71023|71024|71025,DS,880402,79,2,2,0.36023831367492676,0.6255958676338196,0.7955378890037537,0.4508650302886963,False
B,71023,71023|71024|71025,DS,880402,119,0,0,0.4216074049472809,0.6534324288368225,0.6322449445724487,0.32287874817848206,False
B,71023,71023|71024|71025,DS,880402,119,1,1,0.36278805136680603,0.6565175652503967,0.8271098136901855,0.4481685161590576,False
B,71023,71023|71024|71025,DS,880402,119,2,2,0.3498871326446533,0.5887138247489929,0.633416473865509,0.31389594078063965,False
B,71023,71023|71024|71025,DS,880403,0,0,0,0.24821411073207855,0.5064534544944763,0.9784898161888123,0.6389063000679016,False
B,71023,71023|71024|71025,DS,880403,0,1,1,0.34083595871925354,0.6271383166313171,0.8292402029037476,0.5051677823066711,False
B,71023,71023|71024|71025,DS,880403,0,2,2,0.37944889068603516,0.6335489153862,0.7111324667930603,0.3574866056442261,False
B,71023,71023|71024|71025,DS,880403,27,0,0,0.3949241638183594,0.6791081428527832,0.8948025107383728,0.5382776856422424,False
B,71023,71023|71024|71025,DS,880403,27,1,1,0.34922996163368225,0.6377519369125366,0.8386358618736267,0.5208314657211304,False
B,71023,71023|71024|71025,DS,880403,27,2,2,0.3807560205459595,0.6381802558898926,0.6763004660606384,0.3243802487850189,False
B,71023,71023|71024|71025,DS,880403,43,0,0,0.3960399925708771,0.6717202663421631,0.8919469714164734,0.5282661318778992,False
B,71023,71023|71024|71025,DS,880403,43,1,1,0.35201922059059143,0.6415048241615295,0.8387941718101501,0.5169035196304321,False
B,71023,71023|71024|71025,DS,880403,43,2,2,0.3895087242126465,0.6400794386863708,0.663339376449585,0.3183528780937195,False
B,71023,71023|71024|71025,DS,880403,59,0,0,0.37059417366981506,0.6274178624153137,0.9012693762779236,0.537092387676239,False
B,71023,71023|71024|71025,DS,880403,59,1,1,0.3423213064670563,0.625112771987915,0.9233652353286743,0.5675420761108398,False
B,71023,71023|71024|71025,DS,880403,59,2,2,0.3615477979183197,0.6279279589653015,0.7894690036773682,0.44203558564186096,False
B,71023,71023|71024|71025,DS,880403,79,0,0,0.2744060456752777,0.516441822052002,0.9210012555122375,0.5408366918563843,False
B,71023,71023|71024|71025,DS,880403,79,1,1,0.3533337116241455,0.6338655352592468,0.9228916168212891,0.5557929277420044,False
B,71023,71023|71024|71025,DS,880403,79,2,2,0.36023831367492676,0.6255958676338196,0.7955378890037537,0.4508650302886963,False
B,71023,71023|71024|71025,DS,880403,119,0,0,0.4216074049472809,0.6534324288368225,0.6322449445724487,0.32287874817848206,False
B,71023,71023|71024|71025,DS,880403,119,1,1,0.36278805136680603,0.6565175652503967,0.8271098136901855,0.4481685161590576,False
B,71023,71023|71024|71025,DS,880403,119,2,2,0.3498871326446533,0.5887138247489929,0.633416473865509,0.31389594078063965,False
B,71023,71023|71024|71025,DL,880500,0,0,0,0.29372110962867737,0.5631577372550964,0.9788278937339783,0.6406701803207397,False
B,71023,71023|71024|71025,DL,880500,0,1,1,0.33555200695991516,0.6169066429138184,0.8324926495552063,0.5094889402389526,False
B,71023,71023|71024|71025,DL,880500,0,2,2,0.37944889068603516,0.6335489153862,0.7111324667930603,0.3574866056442261,False
B,71023,71023|71024|71025,DL,880500,27,0,0,0.41364502906799316,0.6770198941230774,0.8788679838180542,0.5220432281494141,False
B,71023,71023|71024|71025,DL,880500,27,1,1,0.34153616428375244,0.6222674250602722,0.8370943069458008,0.5236319303512573,False
B,71023,71023|71024|71025,DL,880500,27,2,2,0.38367608189582825,0.6390898823738098,0.7140523791313171,0.35117435455322266,False
B,71023,71023|71024|71025,DL,880500,43,0,0,0.412971168756485,0.6698217391967773,0.869112491607666,0.5036627054214478,False
B,71023,71023|71024|71025,DL,880500,43,1,1,0.34465518593788147,0.6255476474761963,0.8211391568183899,0.5187152624130249,False
B,71023,71023|71024|71025,DL,880500,43,2,2,0.39168158173561096,0.6406134963035583,0.7037560939788818,0.3453463315963745,False
B,71023,71023|71024|71025,DL,880500,59,0,0,0.3882676362991333,0.6247326731681824,0.8737284541130066,0.5056473612785339,False
B,71023,71023|71024|71025,DL,880500,59,1,1,0.35441169142723083,0.6154842972755432,0.9145605564117432,0.568303108215332,False
B,71023,71023|71024|71025,DL,880500,59,2,2,0.36154603958129883,0.627926766872406,0.789359986782074,0.44212475419044495,False
B,71023,71023|71024|71025,DL,880500,79,0,0,0.31371310353279114,0.5593666434288025,0.8846285939216614,0.5136812925338745,False
B,71023,71023|71024|71025,DL,880500,79,1,1,0.36735233664512634,0.6294987797737122,0.9098593592643738,0.5498075485229492,False
B,71023,71023|71024|71025,DL,880500,79,2,2,0.36022767424583435,0.6255829930305481,0.7958487868309021,0.4509628415107727,False
B,71023,71023|71024|71025,DL,880500,119,0,0,0.4154713451862335,0.652157723903656,0.672430694103241,0.38578781485557556,False
B,71023,71023|71024|71025,DL,880500,119,1,1,0.3724406659603119,0.6421951651573181,0.8083867430686951,0.46036797761917114,False
B,71023,71023|71024|71025,DL,880500,119,2,2,0.3562067449092865,0.6186259388923645,0.8260270953178406,0.46819067001342773,False
B,71023,71023|71024|71025,DL,880501,0,0,0,0.24531464278697968,0.5101417303085327,0.978741466999054,0.638662576675415,False
B,71023,71023|71024|71025,DL,880501,0,1,1,0.34700527787208557,0.6333904266357422,0.8182475566864014,0.49443086981773376,False
B,71023,71023|71024|71025,DL,880501,0,2,2,0.37944889068603516,0.6335489153862,0.7111324667930603,0.3574866056442261,False
B,71023,71023|71024|71025,DL,880501,27,0,0,0.392471581697464,0.6785239577293396,0.9160318970680237,0.5541321039199829,False
B,71023,71023|71024|71025,DL,880501,27,1,1,0.3561588227748871,0.6444321274757385,0.8526616096496582,0.5205925703048706,False
B,71023,71023|71024|71025,DL,880501,27,2,2,0.3776914179325104,0.6344974637031555,0.630471408367157,0.2951064109802246,False
B,71023,71023|71024|71025,DL,880501,43,0,0,0.3887094557285309,0.6604799032211304,0.9163041114807129,0.5523326396942139,False
B,71023,71023|71024|71025,DL,880501,43,1,1,0.3584711253643036,0.6480268836021423,0.8486042022705078,0.5150480270385742,False
B,71023,71023|71024|71025,DL,880501,43,2,2,0.3870053291320801,0.636888325214386,0.6154608726501465,0.292309433221817,False
B,71023,71023|71024|71025,DL,880501,59,0,0,0.320674329996109,0.5849390625953674,0.9286102652549744,0.5584173202514648,False
B,71023,71023|71024|71025,DL,880501,59,1,1,0.34908413887023926,0.6469990611076355,0.9275349974632263,0.5686080455780029,False
B,71023,71023|71024|71025,DL,880501,59,2,2,0.3615492284297943,0.6279287934303284,0.7895774841308594,0.4419465661048889,False
B,71023,71023|71024|71025,DL,880501,79,0,0,0.2714344561100006,0.5054323077201843,0.9307935237884521,0.551304280757904,False
B,71023,71023|71024|71025,DL,880501,79,1,1,0.35534512996673584,0.6514520049095154,0.9350490570068359,0.5677546262741089,False
B,71023,71023|71024|71025,DL,880501,79,2,2,0.36024895310401917,0.6256085634231567,0.7952272891998291,0.4507676064968109,False
B,71023,71023|71024|71025,DL,880501,119,0,0,0.4156465530395508,0.6526148915290833,0.6710878014564514,0.3838965892791748,False
B,71023,71023|71024|71025,DL,880501,119,1,1,0.3724919855594635,0.6421453356742859,0.8084316253662109,0.4602157473564148,False
B,71023,71023|71024|71025,DL,880501,119,2,2,0.35625627636909485,0.6187002658843994,0.8254998922348022,0.46798229217529297,False
B,71023,71023|71024|71025,DL,880502,0,0,0,0.24649079144001007,0.5273280739784241,0.9792199730873108,0.639775276184082,False
B,71023,71023|71024|71025,DL,880502,0,1,1,0.34990501403808594,0.6328988671302795,0.7795645594596863,0.4708092212677002,False
B,71023,71023|71024|71025,DL,880502,0,2,2,0.37944889068603516,0.6335489153862,0.7111324667930603,0.3574866056442261,False
B,71023,71023|71024|71025,DL,880502,27,0,0,0.3945586681365967,0.6820853352546692,0.8885481953620911,0.528740406036377,False
B,71023,71023|71024|71025,DL,880502,27,1,1,0.35711804032325745,0.6425092816352844,0.8450753092765808,0.5091202259063721,False
B,71023,71023|71024|71025,DL,880502,27,2,2,0.3805539906024933,0.6335373520851135,0.6128923892974854,0.2849208116531372,False
B,71023,71023|71024|71025,DL,880502,43,0,0,0.3995981216430664,0.6736183166503906,0.9004899263381958,0.5362720489501953,False
B,71023,71023|71024|71025,DL,880502,43,1,1,0.3607045114040375,0.6482023596763611,0.8501248955726624,0.5093166828155518,False
B,71023,71023|71024|71025,DL,880502,43,2,2,0.3904306888580322,0.6360166072845459,0.5980274677276611,0.28765109181404114,False
B,71023,71023|71024|71025,DL,880502,59,0,0,0.3491806983947754,0.6161300539970398,0.9239456653594971,0.5565698742866516,False
B,71023,71023|71024|71025,DL,880502,59,1,1,0.3520006239414215,0.6465190052986145,0.919303297996521,0.5586889386177063,False
B,71023,71023|71024|71025,DL,880502,59,2,2,0.3615523874759674,0.6279303431510925,0.7898973822593689,0.441680371761322,False
B,71023,71023|71024|71025,DL,880502,79,0,0,0.2765156328678131,0.5155746340751648,0.937747061252594,0.561906099319458,False
B,71023,71023|71024|71025,DL,880502,79,1,1,0.3572932779788971,0.6511478424072266,0.9316752552986145,0.5634745359420776,False
B,71023,71023|71024|71025,DL,880502,79,2,2,0.3602794110774994,0.6256449222564697,0.7942919731140137,0.4504762887954712,False
B,71023,71023|71024|71025,DL,880502,119,0,0,0.415895938873291,0.6532860994338989,0.6690512895584106,0.3810686469078064,False
B,71023,71023|71024|71025,DL,880502,119,1,1,0.37256932258605957,0.6420697569847107,0.8085054755210876,0.45999595522880554,False
B,71023,71023|71024|71025,DL,880502,119,2,2,0.3563295304775238,0.6188101172447205,0.824704647064209,0.4676699638366699,False
B,71023,71023|71024|71025,DL,880503,0,0,0,0.24488425254821777,0.5200534462928772,0.9811755418777466,0.6450663208961487,False
B,71023,71023|71024|71025,DL,880503,0,1,1,0.3467163145542145,0.6302878260612488,0.7870717644691467,0.4702484607696533,False
B,71023,71023|71024|71025,DL,880503,0,2,2,0.37944889068603516,0.6335489153862,0.7111324667930603,0.3574866056442261,False
B,71023,71023|71024|71025,DL,880503,27,0,0,0.3923060894012451,0.6811718940734863,0.8715253472328186,0.5135711431503296,False
B,71023,71023|71024|71025,DL,880503,27,1,1,0.3546486794948578,0.6387954950332642,0.8282094597816467,0.48730039596557617,False
B,71023,71023|71024|71025,DL,880503,27,2,2,0.3738667964935303,0.6242673993110657,0.6063154935836792,0.2697489261627197,False
B,71023,71023|71024|71025,DL,880503,43,0,0,0.39597082138061523,0.6732876896858215,0.8805123567581177,0.5203935503959656,False
B,71023,71023|71024|71025,DL,880503,43,1,1,0.3575940430164337,0.6438207626342773,0.82816082239151,0.48539167642593384,False
B,71023,71023|71024|71025,DL,880503,43,2,2,0.3830595314502716,0.6261501312255859,0.5884391069412231,0.2634791135787964,False
B,71023,71023|71024|71025,DL,880503,59,0,0,0.3546144962310791,0.6233968138694763,0.9066851735115051,0.5397500395774841,False
B,71023,71023|71024|71025,DL,880503,59,1,1,0.3521943986415863,0.6443777680397034,0.905037522315979,0.5441755056381226,False
B,71023,71023|71024|71025,DL,880503,59,2,2,0.3615516126155853,0.6279299855232239,0.789791464805603,0.441769003868103,False
B,71023,71023|71024|71025,DL,880503,79,0,0,0.2791036367416382,0.5222788453102112,0.9330573678016663,0.556515634059906,False
B,71023,71023|71024|71025,DL,880503,79,1,1,0.35509300231933594,0.6493682265281677,0.9271072745323181,0.5576179027557373,False
B,71023,71023|71024|71025,DL,880503,79,2,2,0.36026954650878906,0.6256331205368042,0.7946040034294128,0.450573205947876,False
B,71023,71023|71024|71025,DL,880503,119,0,0,0.4158146381378174,0.6530643105506897,0.6697329878807068,0.3820101022720337,False
B,71023,71023|71024|71025,DL,880503,119,1,1,0.3725435435771942,0.642095148563385,0.8084798455238342,0.460068017244339,False
B,71023,71023|71024|71025,DL,880503,119,2,2,0.35630524158477783,0.6187736392021179,0.8249703049659729,0.4677738845348358,False
B,71023,71023|71024|71025,CP,880600,0,0,0,0.24463452398777008,0.5203651785850525,0.9817344546318054,0.6468857526779175,False
B,71023,71023|71024|71025,CP,880600,0,1,1,0.34679344296455383,0.629827618598938,0.779098391532898,0.464192271232605,False
B,71023,71023|71024|71025,CP,880600,0,2,2,0.37944889068603516,0.6335489153862,0.7111324667930603,0.3574866056442261,False
B,71023,71023|71024|71025,CP,880600,27,0,0,0.3937011659145355,0.6810979247093201,0.8588438630104065,0.5005860328674316,False
B,71023,71023|71024|71025,CP,880600,27,1,1,0.3552265167236328,0.637544572353363,0.8132768869400024,0.47295740246772766,False
B,71023,71023|71024|71025,CP,880600,27,2,2,0.3711449205875397,0.6194785833358765,0.5958046913146973,0.2604910731315613,False
B,71023,71023|71024|71025,CP,880600,43,0,0,0.39078447222709656,0.6674274802207947,0.8492681384086609,0.5014028549194336,False
B,71023,71023|71024|71025,CP,880600,43,1,1,0.3516480028629303,0.6366545557975769,0.8495372533798218,0.5027254819869995,False
B,71023,71023|71024|71025,CP,880600,43,2,2,0.3634004294872284,0.6303103566169739,0.7931588292121887,0.43767595291137695,False
B,71023,71023|71024|71025,CP,880600,59,0,0,0.3515065610408783,0.6209922432899475,0.9005894660949707,0.5343756675720215,False
B,71023,71023|71024|71025,CP,880600,59,1,1,0.3529238700866699,0.6433042883872986,0.8979727029800415,0.5373484492301941,False
B,71023,71023|71024|71025,CP,880600,59,2,2,0.36274027824401855,0.6290034055709839,0.7940194606781006,0.44449061155319214,False
B,71023,71023|71024|71025,CP,880600,79,0,0,0.28082776069641113,0.5260383486747742,0.9332379102706909,0.5575960874557495,False
B,71023,71023|71024|71025,CP,880600,79,1,1,0.3551793098449707,0.6482882499694824,0.9237264394760132,0.5535857677459717,False
B,71023,71023|71024|71025,CP,880600,79,2,2,0.3613913059234619,0.6267090439796448,0.7973957061767578,0.4531170129776001,False
B,71023,71023|71024|71025,CP,880600,119,0,0,0.41394349932670593,0.6512917876243591,0.6760478615760803,0.3877561390399933,False
B,71023,71023|71024|71025,CP,880600,119,1,1,0.3736952841281891,0.6402223110198975,0.8129949569702148,0.4657238721847534,False
B,71023,71023|71024|71025,CP,880600,119,2,2,0.35734042525291443,0.6198252439498901,0.8269302845001221,0.4698628783226013,False
B,71023,71023|71024|71025,CP,880601,0,0,0,0.24647104740142822,0.5204065442085266,0.976910412311554,0.6341163516044617,False
B,71023,71023|71024|71025,CP,880601,0,1,1,0.3532242476940155,0.6376186013221741,0.8090363144874573,0.4867511987686157,False
B,71023,71023|71024|71025,CP,880601,0,2,2,0.37944889068603516,0.6335489153862,0.7111324667930603,0.3574866056442261,False
B,71023,71023|71024|71025,CP,880601,27,0,0,0.40343740582466125,0.6612653136253357,0.9299300909042358,0.5651463270187378,False
B,71023,71023|71024|71025,CP,880601,27,1,1,0.3628162145614624,0.6487325429916382,0.8499500751495361,0.5244274735450745,False
B,71023,71023|71024|71025,CP,880601,27,2,2,0.38004806637763977,0.6335892081260681,0.6091704368591309,0.3019980788230896,False
B,71023,71023|71024|71025,CP,880601,43,0,0,0.3362495005130768,0.5949017405509949,0.935346782207489,0.5714451670646667,False
B,71023,71023|71024|71025,CP,880601,43,1,1,0.3665812909603119,0.6543503403663635,0.8500291705131531,0.5202814936637878,False
B,71023,71023|71024|71025,CP,880601,43,2,2,0.39140474796295166,0.6363988518714905,0.5975544452667236,0.3271486759185791,False
B,71023,71023|71024|71025,CP,880601,59,0,0,0.26634854078292847,0.5205183625221252,0.9422069191932678,0.579251229763031,False
B,71023,71023|71024|71025,CP,880601,59,1,1,0.3705068826675415,0.6612365245819092,0.8612779974937439,0.5191072821617126,False
B,71023,71023|71024|71025,CP,880601,59,2,2,0.40652963519096375,0.637739360332489,0.6859993934631348,0.41463515162467957,False
B,71023,71023|71024|71025,CP,880601,79,0,0,0.25985822081565857,0.49754032492637634,0.9380021095275879,0.5641937255859375,False
B,71023,71023|71024|71025,CP,880601,79,1,1,0.36313357949256897,0.6623896956443787,0.9337838888168335,0.5680913329124451,False
B,71023,71023|71024|71025,CP,880601,79,2,2,0.3591400384902954,0.6245414614677429,0.7914049625396729,0.44784557819366455,False
B,71023,71023|71024|71025,CP,880601,119,0,0,0.4175911843776703,0.6549511551856995,0.6627804040908813,0.37533217668533325,False
B,71023,71023|71024|71025,CP,880601,119,1,1,0.3712778091430664,0.6437354683876038,0.8032510876655579,0.453374981880188,False
B,71023,71023|71024|71025,CP,880601,119,2,2,0.3552915155887604,0.6177425980567932,0.8226622939109802,0.4654959440231323,False
B,71023,71023|71024|71025,CP,880602,0,0,0,0.3171641528606415,0.594919741153717,0.9826970100402832,0.6498329639434814,False
B,71023,71023|71024|71025,CP,880602,0,1,1,0.3316382169723511,0.6086041927337646,0.82656329870224,0.5052416324615479,False
B,71023,71023|71024|71025,CP,880602,0,2,2,0.37944889068603516,0.6335489153862,0.7111324667930603,0.3574866056442261,False
B,71023,71023|71024|71025,CP,880602,27,0,0,0.4113251864910126,0.6746322512626648,0.8124567866325378,0.46722477674484253,False
B,71023,71023|71024|71025,CP,880602,27,1,1,0.3373955190181732,0.6127761006355286,0.839492678642273,0.5152945518493652,False
B,71023,71023|71024|71025,CP,880602,27,2,2,0.36920586228370667,0.6204195618629456,0.7023114562034607,0.3307947516441345,False
B,71023,71023|71024|71025,CP,880602,43,0,0,0.39914360642433167,0.6431081295013428,0.8101966977119446,0.449624240398407,False
B,71023,71023|71024|71025,CP,880602,43,1,1,0.3507009446620941,0.6012978553771973,0.9137353897094727,0.5730006694793701,False
B,71023,71023|71024|71025,CP,880602,43,2,2,0.36341986060142517,0.6303348541259766,0.7928175330162048,0.4379946291446686,False
B,71023,71023|71024|71025,CP,880602,59,0,0,0.37020644545555115,0.6139764189720154,0.8163378834724426,0.45193517208099365,False
B,71023,71023|71024|71025,CP,880602,59,1,1,0.3595917522907257,0.614237368106842,0.9216707348823547,0.5710366368293762,False
B,71023,71023|71024|71025,CP,880602,59,2,2,0.3627292215824127,0.628994882106781,0.7936148047447205,0.4448404610157013,False
B,71023,71023|71024|71025,CP,880602,79,0,0,0.2976647913455963,0.5555664896965027,0.8319599628448486,0.47059139609336853,False
B,71023,71023|71024|71025,CP,880602,79,1,1,0.36768627166748047,0.6268356442451477,0.9238097071647644,0.5604512691497803,False
B,71023,71023|71024|71025,CP,880602,79,2,2,0.361344575881958,0.6266530156135559,0.7986093163490295,0.45349735021591187,False
B,71023,71023|71024|71025,CP,880602,119,0,0,0.4135575592517853,0.6503355503082275,0.6787335872650146,0.39149993658065796,False
B,71023,71023|71024|71025,CP,880602,119,1,1,0.37356796860694885,0.6403161883354187,0.8127556443214417,0.46591949462890625,False
B,71023,71023|71024|71025,CP,880602,119,2,2,0.35723939538002014,0.6196717619895935,0.8279604911804199,0.47026532888412476,False
B,71023,71023|71024|71025,CP,880603,0,0,0,0.24428902566432953,0.5165566802024841,0.9823070764541626,0.6480263471603394,False
B,71023,71023|71024|71025,CP,880603,0,1,1,0.343829482793808,0.6271815299987793,0.7911848425865173,0.4701463580131531,False
B,71023,71023|71024|71025,CP,880603,0,2,2,0.37944889068603516,0.6335489153862,0.7111324667930603,0.3574866056442261,False
B,71023,71023|71024|71025,CP,880603,27,0,0,0.38953685760498047,0.6814021468162537,0.8396908640861511,0.49131327867507935,False
B,71023,71023|71024|71025,CP,880603,27,1,1,0.35104599595069885,0.6345961093902588,0.820626974105835,0.47890418767929077,False
B,71023,71023|71024|71025,CP,880603,27,2,2,0.37049469351768494,0.6204572319984436,0.6170807480812073,0.27268582582473755,False
B,71023,71023|71024|71025,CP,880603,43,0,0,0.39254137873649597,0.6755451560020447,0.8475122451782227,0.49607664346694946,False
B,71023,71023|71024|71025,CP,880603,43,1,1,0.3535912036895752,0.6388795375823975,0.8169885277748108,0.4750569760799408,False
B,71023,71023|71024|71025,CP,880603,43,2,2,0.3791358470916748,0.6217506527900696,0.5996894836425781,0.26302528381347656,False
B,71023,71023|71024|71025,CP,880603,59,0,0,0.37122249603271484,0.6445392966270447,0.8846063613891602,0.5185640454292297,False
B,71023,71023|71024|71025,CP,880603,59,1,1,0.35738638043403625,0.6476705074310303,0.8491725921630859,0.4922574758529663,False
B,71023,71023|71024|71025,CP,880603,59,2,2,0.3913615047931671,0.6248876452445984,0.586574912071228,0.26686134934425354,False
B,71023,71023|71024|71025,CP,880603,79,0,0,0.2748829424381256,0.532642126083374,0.9222642183303833,0.546188473701477,False
B,71023,71023|71024|71025,CP,880603,79,1,1,0.3522590696811676,0.6440373063087463,0.9230078458786011,0.553398847579956,False
B,71023,71023|71024|71025,CP,880603,79,2,2,0.35912272334098816,0.624520480632782,0.7920441627502441,0.4480438828468323,False
B,71023,71023|71024|71025,CP,880603,119,0,0,0.4174480736255646,0.6545296907424927,0.664138674736023,0.3772277235984802,False
B,71023,71023|71024|71025,CP,880603,119,1,1,0.3712390959262848,0.6437892317771912,0.8032803535461426,0.4535755515098572,False
B,71023,71023|71024|71025,CP,880603,119,2,2,0.35524430871009827,0.6176727414131165,0.8232061862945557,0.4657108783721924,False
B,71024,71024|71025|71021,N,880000,0,0,0,0.3295281231403351,0.6301466226577759,0.6757537126541138,0.34148287773132324,False
B,71024,71024|71025|71021,N,880000,0,1,1,0.34996476769447327,0.641956627368927,0.8969850540161133,0.5598868131637573,False
B,71024,71024|71025|71021,N,880000,0,2,2,0.4007326662540436,0.6328129172325134,0.739240825176239,0.3799142837524414,False
B,71024,71024|71025|71021,N,880000,27,0,0,0.2835390269756317,0.5174669623374939,0.8036966919898987,0.41583067178726196,False
B,71024,71024|71025|71021,N,880000,27,1,1,0.35330089926719666,0.6512196660041809,0.9000657200813293,0.5761194229125977,False
B,71024,71024|71025|71021,N,880000,27,2,2,0.4131086766719818,0.6247679591178894,0.6463186740875244,0.3739187717437744,False
B,71024,71024|71025|71021,N,880000,43,0,0,0.3023754954338074,0.5407977104187012,0.8018965125083923,0.4170679450035095,False
B,71024,71024|71025|71021,N,880000,43,1,1,0.35567641258239746,0.6511511206626892,0.8997352719306946,0.5819889307022095,False
B,71024,71024|71025|71021,N,880000,43,2,2,0.41197219491004944,0.6295763850212097,0.6580806374549866,0.3776772618293762,False
B,71024,71024|71025|71021,N,880000,59,0,0,0.3407137393951416,0.5920633673667908,0.7900199890136719,0.41649115085601807,False
B,71024,71024|71025|71021,N,880000,59,1,1,0.36728641390800476,0.6504613757133484,0.9025155305862427,0.5881916284561157,False
B,71024,71024|71025|71021,N,880000,59,2,2,0.42222270369529724,0.6378514170646667,0.6998990178108215,0.39445704221725464,False
B,71024,71024|71025|71021,N,880000,79,0,0,0.37880849838256836,0.6377254724502563,0.7994921207427979,0.43526968359947205,False
B,71024,71024|71025|71021,N,880000,79,1,1,0.39259329438209534,0.6463120579719543,0.8956948518753052,0.5853819847106934,False
B,71024,71024|71025|71021,N,880000,79,2,2,0.4361371695995331,0.6488115191459656,0.776809811592102,0.4377064108848572,False
B,71024,71024|71025|71021,N,880000,119,0,0,0.2988605797290802,0.5456496477127075,0.32530415058135986,0.13355225324630737,False
B,71024,71024|71025|71021,N,880000,119,1,1,0.36054107546806335,0.6670544743537903,0.6195489168167114,0.2913280725479126,False
B,71024,71024|71025|71021,N,880000,119,2,2,0.40894779562950134,0.5868827700614929,0.6577467322349548,0.2933720648288727,False
B,71024,71024|71025|71021,N,880001,0,0,0,0.3291066288948059,0.6361379623413086,0.6206516027450562,0.30257952213287354,False
B,71024,71024|71025|71021,N,880001,0,1,1,0.33802998065948486,0.6315301060676575,0.9000107049942017,0.5617656707763672,False
B,71024,71024|71025|71021,N,880001,0,2,2,0.4007326662540436,0.6328129172325134,0.739240825176239,0.3799142837524414,False
B,71024,71024|71025|71021,N,880001,27,0,0,0.2888133227825165,0.5220586657524109,0.8016834259033203,0.4225502610206604,False
B,71024,71024|71025|71021,N,880001,27,1,1,0.33673885464668274,0.6365913152694702,0.9057566523551941,0.5829563140869141,False
B,71024,71024|71025|71021,N,880001,27,2,2,0.40118861198425293,0.6123865246772766,0.6376770734786987,0.3532484769821167,False
B,71024,71024|71025|71021,N,880001,43,0,0,0.3039189875125885,0.5367117524147034,0.7972726225852966,0.4293041229248047,False
B,71024,71024|71025|71021,N,880001,43,1,1,0.34189093112945557,0.6352128982543945,0.9070961475372314,0.5898338556289673,False
B,71024,71024|71025|71021,N,880001,43,2,2,0.39596524834632874,0.616200864315033,0.6495540142059326,0.3600131869316101,False
B,71024,71024|71025|71021,N,880001,59,0,0,0.3438626527786255,0.580721914768219,0.8006404638290405,0.43620172142982483,False
B,71024,71024|71025|71021,N,880001,59,1,1,0.3570219576358795,0.6323099732398987,0.9105454087257385,0.5981241464614868,False
B,71024,71024|71025|71021,N,880001,59,2,2,0.40212416648864746,0.6249281764030457,0.6717042922973633,0.3845939040184021,False
B,71024,71024|71025|71021,N,880001,79,0,0,0.3968718349933624,0.620151698589325,0.8185502886772156,0.4743121266365051,False
B,71024,71024|71025|71021,N,880001,79,1,1,0.3846902549266815,0.6267027258872986,0.9085755348205566,0.6042619943618774,False
B,71024,71024|71025|71021,N,880001,79,2,2,0.41968169808387756,0.6383390426635742,0.7685123085975647,0.4451637268066406,False
B,71024,71024|71025|71021,N,880001,119,0,0,0.2988186180591583,0.5455552935600281,0.3250143826007843,0.13357111811637878,False
B,71024,71024|71025|71021,N,880001,119,1,1,0.360537052154541,0.6670699119567871,0.6198534369468689,0.291623055934906,False
B,71024,71024|71025|71021,N,880001,119,2,2,0.4088893234729767,0.5869168639183044,0.6581476926803589,0.29365354776382446,False
B,71024,71024|71025|71021,N,880002,0,0,0,0.3222762942314148,0.6314323544502258,0.5771971940994263,0.2616235017776489,False
B,71024,71024|71025|71021,N,880002,0,1,1,0.35173311829566956,0.6300123333930969,0.8757476210594177,0.5249515771865845,False
B,71024,71024|71025|71021,N,880002,0,2,2,0.4007326662540436,0.6328129172325134,0.739240825176239,0.3799142837524414,False
B,71024,71024|71025|71021,N,880002,27,0,0,0.306062787771225,0.5408439040184021,0.7209108471870422,0.34164565801620483,False
B,71024,71024|71025|71021,N,880002,27,1,1,0.3478081524372101,0.6435992121696472,0.8804244995117188,0.5473399758338928,False
B,71024,71024|71025|71021,N,880002,27,2,2,0.41003772616386414,0.6110444068908691,0.6334134340286255,0.3289368152618408,False
B,71024,71024|71025|71021,N,880002,43,0,0,0.313140869140625,0.5424706339836121,0.7324474453926086,0.3560647964477539,False
B,71024,71024|71025|71021,N,880002,43,1,1,0.3459397852420807,0.6474671959877014,0.8759904503822327,0.5536284446716309,False
B,71024,71024|71025|71021,N,880002,43,2,2,0.40446552634239197,0.6163284182548523,0.6417636871337891,0.32874348759651184,False
B,71024,71024|71025|71021,N,880002,59,0,0,0.3358077108860016,0.5615447163581848,0.7284063100814819,0.36575669050216675,False
B,71024,71024|71025|71021,N,880002,59,1,1,0.3489502966403961,0.6507882475852966,0.8817039728164673,0.560249388217926,False
B,71024,71024|71025|71021,N,880002,59,2,2,0.4025243818759918,0.6241337656974792,0.6506165266036987,0.335564523935318,False
B,71024,71024|71025|71021,N,880002,79,0,0,0.3772253692150116,0.6110166907310486,0.7399539947509766,0.3821314573287964,False
B,71024,71024|71025|71021,N,880002,79,1,1,0.36551418900489807,0.6494281888008118,0.8807917237281799,0.5602430701255798,False
B,71024,71024|71025|71021,N,880002,79,2,2,0.40423306822776794,0.6362242102622986,0.6740239262580872,0.3672773838043213,False
B,71024,71024|71025|71021,N,880002,119,0,0,0.29894375801086426,0.5458366274833679,0.3258855938911438,0.13351544737815857,False
B,71024,71024|71025|71021,N,880002,119,1,1,0.36055001616477966,0.6670233607292175,0.6189406514167786,0.2907392084598541,False
B,71024,71024|71025|71021,N,880002,119,2,2,0.409065842628479,0.5868150591850281,0.6569483280181885,0.2928127646446228,False
B,71024,71024|71025|71021,N,880003,0,0,0,0.31849074363708496,0.6189277768135071,0.6826055645942688,0.3273118734359741,False
B,71024,71024|71025|71021,N,880003,0,1,1,0.34247684478759766,0.6306514143943787,0.8908953070640564,0.5522249937057495,False
B,71024,71024|71025|71021,N,880003,0,2,2,0.4007326662540436,0.6328129172325134,0.739240825176239,0.3799142837524414,False
B,71024,71024|71025|71021,N,880003,27,0,0,0.26539507508277893,0.5007150769233704,0.8120986223220825,0.42143571376800537,False
B,71024,71024|71025|71021,N,880003,27,1,1,0.3469226360321045,0.6361127495765686,0.9155890941619873,0.590962827205658,False
B,71024,71024|71025|71021,N,880003,27,2,2,0.41839948296546936,0.6366048455238342,0.6924003958702087,0.3881606459617615,False
B,71024,71024|71025|71021,N,880003,43,0,0,0.28000113368034363,0.5185874104499817,0.8109411597251892,0.42767661809921265,False
B,71024,71024|71025|71021,N,880003,43,1,1,0.35453978180885315,0.6338039636611938,0.9211915731430054,0.601238489151001,False
B,71024,71024|71025|71021,N,880003,43,2,2,0.41743147373199463,0.640744149684906,0.7049630284309387,0.3937429189682007,False
B,71024,71024|71025|71021,N,880003,59,0,0,0.3207291066646576,0.569412350654602,0.8153340816497803,0.43747377395629883,False
B,71024,71024|71025|71021,N,880003,59,1,1,0.37376245856285095,0.629854142665863,0.9258770942687988,0.6127731800079346,False
B,71024,71024|71025|71021,N,880003,59,2,2,0.43272826075553894,0.6486534476280212,0.7443134188652039,0.4133877754211426,False
B,71024,71024|71025|71021,N,880003,79,0,0,0.37973952293395996,0.6314985752105713,0.8326936364173889,0.4652831256389618,False
B,71024,71024|71025|71021,N,880003,79,1,1,0.40488502383232117,0.6245717406272888,0.9334298968315125,0.619910717010498,False
B,71024,71024|71025|71021,N,880003,79,2,2,0.4524109363555908,0.6582884192466736,0.8196823000907898,0.46261224150657654,False
B,71024,71024|71025|71021,N,880003,119,0,0,0.2988186180591583,0.5455552935600281,0.3250143826007843,0.13357111811637878,False
B,71024,71024|71025|71021,N,880003,119,1,1,0.360537052154541,0.6670699119567871,0.6198534369468689,0.291623055934906,False
B,71024,71024|71025|71021,N,880003,119,2,2,0.4088893234729767,0.5869168639183044,0.6581476926803589,0.29365354776382446,False
B,71024,71024|71025|71021,F0,880100,0,0,0,0.3243734538555145,0.6288511157035828,0.6493697166442871,0.30813077092170715,False
B,71024,71024|71025|71021,F0,880100,0,1,1,0.3324032723903656,0.6220957040786743,0.8998726010322571,0.5617163777351379,False
B,71024,71024|71025|71021,F0,880100,0,2,2,0.4007326662540436,0.6328129172325134,0.739240825176239,0.3799142837524414,False
B,71024,71024|71025|71021,F0,880100,27,0,0,0.2698805034160614,0.5037828087806702,0.8170742392539978,0.438111275434494,False
B,71024,71024|71025|71021,F0,880100,27,1,1,0.33628177642822266,0.6208276748657227,0.9244887828826904,0.600844144821167,False
B,71024,71024|71025|71021,F0,880100,27,2,2,0.40690353512763977,0.6229923963546753,0.6372462511062622,0.3693593740463257,False
B,71024,71024|71025|71021,F0,880100,43,0,0,0.2859973907470703,0.52174973487854,0.8179430365562439,0.44442158937454224,False
B,71024,71024|71025|71021,F0,880100,43,1,1,0.34713125228881836,0.6170095801353455,0.9301877021789551,0.6112343668937683,False
B,71024,71024|71025|71021,F0,880100,43,2,2,0.40378084778785706,0.6269689202308655,0.6568312644958496,0.377084881067276,False
B,71024,71024|71025|71021,F0,880100,59,0,0,0.31436941027641296,0.5347425937652588,0.8846839070320129,0.5510755777359009,False
B,71024,71024|71025|71021,F0,880100,59,1,1,0.38003575801849365,0.593410074710846,0.9211347699165344,0.5693742036819458,False
B,71024,71024|71025|71021,F0,880100,59,2,2,0.4113384485244751,0.6248977780342102,0.5485044717788696,0.2579381465911865,False
B,71024,71024|71025|71021,F0,880100,79,0,0,0.37994837760925293,0.5873740315437317,0.8989803194999695,0.5618060827255249,False
B,71024,71024|71025|71021,F0,880100,79,1,1,0.41642841696739197,0.5984713435173035,0.9376844167709351,0.6066296696662903,False
B,71024,71024|71025|71021,F0,880100,79,2,2,0.4070667028427124,0.6232698559761047,0.5443430542945862,0.2536686956882477,False
B,71024,71024|71025|71021,F0,880100,119,0,0,0.31476280093193054,0.5566916465759277,0.6745103001594543,0.29215580224990845,False
B,71024,71024|71025|71021,F0,880100,119,1,1,0.34828588366508484,0.6554282307624817,0.6930238008499146,0.33647406101226807,False
B,71024,71024|71025|71021,F0,880100,119,2,2,0.40063461661338806,0.6174730062484741,0.532952070236206,0.24828942120075226,False
B,71024,71024|71025|71021,F0,880101,0,0,0,0.3156522512435913,0.6185247898101807,0.6707415580749512,0.3111191689968109,False
B,71024,71024|71025|71021,F0,880101,0,1,1,0.34666427969932556,0.6294956207275391,0.8755502700805664,0.5341336727142334,False
B,71024,71024|71025|71021,F0,880101,0,2,2,0.4007326662540436,0.6328129172325134,0.739240825176239,0.3799142837524414,False
B,71024,71024|71025|71021,F0,880101,27,0,0,0.2647673189640045,0.4990150034427643,0.7921478748321533,0.3969247043132782,False
B,71024,71024|71025|71021,F0,880101,27,1,1,0.3466216027736664,0.6386080384254456,0.9057285785675049,0.5781295299530029,False
B,71024,71024|71025|71021,F0,880101,27,2,2,0.41943058371543884,0.6383228302001953,0.679507315158844,0.3797556161880493,False
B,71024,71024|71025|71021,F0,880101,43,0,0,0.2762134373188019,0.512600839138031,0.7935080528259277,0.4076196551322937,False
B,71024,71024|71025|71021,F0,880101,43,1,1,0.3515418469905853,0.6376948952674866,0.9121415019035339,0.5894442200660706,False
B,71024,71024|71025|71021,F0,880101,43,2,2,0.4164670407772064,0.6427038908004761,0.6911126971244812,0.3847968876361847,False
B,71024,71024|71025|71021,F0,880101,59,0,0,0.29353079199790955,0.5257788300514221,0.903497040271759,0.5593811273574829,False
B,71024,71024|71025|71021,F0,880101,59,1,1,0.3791973888874054,0.6054502129554749,0.8906733393669128,0.5251452922821045,False
B,71024,71024|71025|71021,F0,880101,59,2,2,0.4115541875362396,0.6248803734779358,0.5482348203659058,0.25769364833831787,False
B,71024,71024|71025|71021,F0,880101,79,0,0,0.35788846015930176,0.5899035930633545,0.8953292965888977,0.5578532814979553,False
B,71024,71024|71025|71021,F0,880101,79,1,1,0.4223015010356903,0.6100107431411743,0.9240126609802246,0.5772033929824829,False
B,71024,71024|71025|71021,F0,880101,79,2,2,0.40728113055229187,0.6232798099517822,0.5440743565559387,0.25334984064102173,False
B,71024,71024|71025|71021,F0,880101,119,0,0,0.31491968035697937,0.5570403933525085,0.673928439617157,0.29170140624046326,False
B,71024,71024|71025|71021,F0,880101,119,1,1,0.34812095761299133,0.6553950905799866,0.6916841268539429,0.33542072772979736,False
B,71024,71024|71025|71021,F0,880101,119,2,2,0.40083470940589905,0.6175382733345032,0.532650887966156,0.2478151023387909,False
B,71024,71024|71025|71021,F0,880102,0,0,0,0.32435646653175354,0.6250240802764893,0.6829588413238525,0.336031973361969,False
B,71024,71024|71025|71021,F0,880102,0,1,1,0.34877488017082214,0.6388299465179443,0.8938002586364746,0.5546743869781494,False
B,71024,71024|71025|71021,F0,880102,0,2,2,0.4007326662540436,0.6328129172325134,0.739240825176239,0.3799142837524414,False
B,71024,71024|71025|71021,F0,880102,27,0,0,0.27549102902412415,0.5104286670684814,0.80461186170578,0.41719552874565125,False
B,71024,71024|71025|71021,F0,880102,27,1,1,0.3522227704524994,0.648495078086853,0.904590368270874,0.5788798928260803,False
B,71024,71024|71025|71021,F0,880102,27,2,2,0.4163779020309448,0.6312053203582764,0.6669442653656006,0.3803545832633972,False
B,71024,71024|71025|71021,F0,880102,43,0,0,0.2922973930835724,0.531171977519989,0.8080573678016663,0.4210951328277588,False
B,71024,71024|71025|71021,F0,880102,43,1,1,0.3557780981063843,0.6479036808013916,0.9065803289413452,0.5864219665527344,False
B,71024,71024|71025|71021,F0,880102,43,2,2,0.4153583347797394,0.6357208490371704,0.6808189153671265,0.3847988545894623,False
B,71024,71024|71025|71021,F0,880102,59,0,0,0.30800268054008484,0.5478643774986267,0.8776195049285889,0.5457621812820435,False
B,71024,71024|71025|71021,F0,880102,59,1,1,0.3849533498287201,0.626348078250885,0.8448550701141357,0.4791073203086853,False
B,71024,71024|71025|71021,F0,880102,59,2,2,0.4114464223384857,0.6248891949653625,0.5483697056770325,0.2578155994415283,False
B,71024,71024|71025|71021,F0,880102,79,0,0,0.3580561578273773,0.6001272797584534,0.8852465152740479,0.5434951782226562,False
B,71024,71024|71025|71021,F0,880102,79,1,1,0.42564287781715393,0.621058464050293,0.8967451453208923,0.541526734828949,False
B,71024,71024|71025|71021,F0,880102,79,2,2,0.40717384219169617,0.6232749819755554,0.544209361076355,0.2535091042518616,False
B,71024,71024|71025|71021,F0,880102,119,0,0,0.31484127044677734,0.5568661689758301,0.6742199063301086,0.29192885756492615,False
B,71024,71024|71025|71021,F0,880102,119,1,1,0.34820303320884705,0.6554117202758789,0.6923542022705078,0.33594733476638794,False
B,71024,71024|71025|71021,F0,880102,119,2,2,0.4007345736026764,0.6175057291984558,0.5328011512756348,0.24805167317390442,False
B,71024,71024|71025|71021,F0,880103,0,0,0,0.317825049161911,0.6200138926506042,0.6742080450057983,0.3180699050426483,False
B,71024,71024|71025|71021,F0,880103,0,1,1,0.34402576088905334,0.6300692558288574,0.88487708568573,0.5445475578308105,False
B,71024,71024|71025|71021,F0,880103,0,2,2,0.4007326662540436,0.6328129172325134,0.739240825176239,0.3799142837524414,False
B,71024,71024|71025|71021,F0,880103,27,0,0,0.2655767500400543,0.5001803040504456,0.8037332892417908,0.41212451457977295,False
B,71024,71024|71025|71021,F0,880103,27,1,1,0.34591007232666016,0.6370618939399719,0.9113628268241882,0.5852161645889282,False
B,71024,71024|71025|71021,F0,880103,27,2,2,0.4179143011569977,0.6364185214042664,0.6808185577392578,0.3821480870246887,False
B,71024,71024|71025|71021,F0,880103,43,0,0,0.2787180244922638,0.516008198261261,0.804624080657959,0.42032375931739807,False
B,71024,71024|71025|71021,F0,880103,43,1,1,0.3522542715072632,0.63540118932724,0.9170877933502197,0.5958478450775146,False
B,71024,71024|71025|71021,F0,880103,43,2,2,0.4158809185028076,0.6407424807548523,0.6934730410575867,0.3875901699066162,False
B,71024,71024|71025|71021,F0,880103,59,0,0,0.2988539934158325,0.5306375026702881,0.9035843014717102,0.5621286034584045,False
B,71024,71024|71025|71021,F0,880103,59,1,1,0.38083240389823914,0.6017720699310303,0.8959907293319702,0.5337110757827759,False
B,71024,71024|71025|71021,F0,880103,59,2,2,0.4114464223384857,0.6248891949653625,0.5483697056770325,0.2578155994415283,False
B,71024,71024|71025|71021,F0,880103,79,0,0,0.36268195509910583,0.5920367240905762,0.8991569876670837,0.5614910125732422,False
B,71024,71024|71025|71021,F0,880103,79,1,1,0.42216381430625916,0.6065471172332764,0.924328088760376,0.5820373296737671,False
B,71024,71024|71025|71021,F0,880103,79,2,2,0.40717384219169617,0.6232749819755554,0.544209361076355,0.2535091042518616,False
B,71024,71024|71025|71021,F0,880103,119,0,0,0.31484127044677734,0.5568661689758301,0.6742199063301086,0.29192885756492615,False
B,71024,71024|71025|71021,F0,880103,119,1,1,0.34820303320884705,0.6554117202758789,0.6923542022705078,0.33594733476638794,False
B,71024,71024|71025|71021,F0,880103,119,2,2,0.4007345736026764,0.6175057291984558,0.5328011512756348,0.24805167317390442,False
B,71024,71024|71025|71021,TE,880200,0,0,0,0.3246060907840729,0.6225917339324951,0.6925201416015625,0.33636152744293213,False
B,71024,71024|71025|71021,TE,880200,0,1,1,0.35834577679634094,0.6412157416343689,0.8811960816383362,0.5377979278564453,False
B,71024,71024|71025|71021,TE,880200,0,2,2,0.4007326662540436,0.6328129172325134,0.739240825176239,0.3799142837524414,False
B,71024,71024|71025|71021,TE,880200,27,0,0,0.2788493037223816,0.5126095414161682,0.7717283368110657,0.37132489681243896,False
B,71024,71024|71025|71021,TE,880200,27,1,1,0.36163341999053955,0.6560735106468201,0.8895333409309387,0.5590139627456665,False
B,71024,71024|71025|71021,TE,880200,27,2,2,0.41988062858581543,0.6272799968719482,0.6685665845870972,0.3783555030822754,False
B,71024,71024|71025|71021,TE,880200,43,0,0,0.27863624691963196,0.5184430480003357,0.8817393779754639,0.5327507257461548,False
B,71024,71024|71025|71021,TE,880200,43,1,1,0.3504936695098877,0.6509586572647095,0.6647119522094727,0.3347110152244568,False
B,71024,71024|71025|71021,TE,880200,43,2,2,0.41464924812316895,0.6267204880714417,0.5503520965576172,0.25929704308509827,False
B,71024,71024|71025|71021,TE,880200,59,0,0,0.3039839267730713,0.5504992604255676,0.8640207052230835,0.5289592742919922,False
B,71024,71024|71025|71021,TE,880200,59,1,1,0.3784588873386383,0.6502920389175415,0.7701610922813416,0.4085604250431061,False
B,71024,71024|71025|71021,TE,880200,59,2,2,0.41098788380622864,0.6260277628898621,0.5478752255439758,0.2553144097328186,False
B,71024,71024|71025|71021,TE,880200,79,0,0,0.3489236533641815,0.6066684126853943,0.8664122819900513,0.523605465888977,False
B,71024,71024|71025|71021,TE,880200,79,1,1,0.42102667689323425,0.6465614438056946,0.8432488441467285,0.4708588123321533,False
B,71024,71024|71025|71021,TE,880200,79,2,2,0.40687498450279236,0.6244227290153503,0.5435525178909302,0.25115370750427246,False
B,71024,71024|71025|71021,TE,880200,119,0,0,0.29894375801086426,0.5458366274833679,0.3258855938911438,0.13351544737815857,False
B,71024,71024|71025|71021,TE,880200,119,1,1,0.36055001616477966,0.6670233607292175,0.6189406514167786,0.2907392084598541,False
B,71024,71024|71025|71021,TE,880200,119,2,2,0.409065842628479,0.5868150591850281,0.6569483280181885,0.2928127646446228,False
B,71024,71024|71025|71021,TE,880201,0,0,0,0.3242165148258209,0.6258015632629395,0.676546573638916,0.33121052384376526,False
B,71024,71024|71025|71021,TE,880201,0,1,1,0.3457176983356476,0.6365816593170166,0.8953686952590942,0.5566574931144714,False
B,71024,71024|71025|71021,TE,880201,0,2,2,0.4007326662540436,0.6328129172325134,0.739240825176239,0.3799142837524414,False
B,71024,71024|71025|71021,TE,880201,27,0,0,0.2741299867630005,0.5088086128234863,0.8100977540016174,0.4242212772369385,False
B,71024,71024|71025|71021,TE,880201,27,1,1,0.34919309616088867,0.6449540257453918,0.907880961894989,0.583092987537384,False
B,71024,71024|71025|71021,TE,880201,27,2,2,0.41459330916404724,0.6307016015052795,0.662485659122467,0.37909042835235596,False
B,71024,71024|71025|71021,TE,880201,43,0,0,0.2786494791507721,0.5123487710952759,0.8894989490509033,0.5481487512588501,False
B,71024,71024|71025|71021,TE,880201,43,1,1,0.3489466607570648,0.6194093823432922,0.7964814305305481,0.4355769753456116,False
B,71024,71024|71025|71021,TE,880201,43,2,2,0.4148344099521637,0.6261783242225647,0.5506728887557983,0.2607049345970154,False
B,71024,71024|71025|71021,TE,880201,59,0,0,0.3098928928375244,0.5460605621337891,0.8772355318069458,0.5451529026031494,False
B,71024,71024|71025|71021,TE,880201,59,1,1,0.384227991104126,0.6140803694725037,0.8734511137008667,0.509405791759491,False
B,71024,71024|71025|71021,TE,880201,59,2,2,0.4111051559448242,0.6254698634147644,0.5482579469680786,0.25668084621429443,False
B,71024,71024|71025|71021,TE,880201,79,0,0,0.3626645803451538,0.5970616936683655,0.8878745436668396,0.5462515354156494,False
B,71024,71024|71025|71021,TE,880201,79,1,1,0.42257019877433777,0.6123042702674866,0.9112988710403442,0.5621589422225952,False
B,71024,71024|71025|71021,TE,880201,79,2,2,0.406913161277771,0.6238462328910828,0.5440142154693604,0.25248438119888306,False
B,71024,71024|71025|71021,TE,880201,119,0,0,0.2988605797290802,0.5456496477127075,0.32530415058135986,0.13355225324630737,False
B,71024,71024|71025|71021,TE,880201,119,1,1,0.36054107546806335,0.6670544743537903,0.6195489168167114,0.2913280725479126,False
B,71024,71024|71025|71021,TE,880201,119,2,2,0.40894779562950134,0.5868827700614929,0.6577467322349548,0.2933720648288727,False
B,71024,71024|71025|71021,TE,880202,0,0,0,0.322012335062027,0.6305643916130066,0.6273829340934753,0.2895187735557556,False
B,71024,71024|71025|71021,TE,880202,0,1,1,0.34269189834594727,0.6286675930023193,0.885675311088562,0.5416491031646729,False
B,71024,71024|71025|71021,TE,880202,0,2,2,0.4007326662540436,0.6328129172325134,0.739240825176239,0.3799142837524414,False
B,71024,71024|71025|71021,TE,880202,27,0,0,0.2772251069545746,0.5098488330841064,0.7861097455024719,0.40333956480026245,False
B,71024,71024|71025|71021,TE,880202,27,1,1,0.33836302161216736,0.6368709206581116,0.903522789478302,0.5746240615844727,False
B,71024,71024|71025|71021,TE,880202,27,2,2,0.40831896662712097,0.6222847104072571,0.6227260828018188,0.3521071970462799,False
B,71024,71024|71025|71021,TE,880202,43,0,0,0.2846318781375885,0.51241135597229,0.8465549945831299,0.5078774690628052,False
B,71024,71024|71025|71021,TE,880202,43,1,1,0.33251187205314636,0.6086375117301941,0.8096696138381958,0.44771093130111694,False
B,71024,71024|71025|71021,TE,880202,43,2,2,0.4144398272037506,0.6267539858818054,0.5506212115287781,0.25949516892433167,False
B,71024,71024|71025|71021,TE,880202,59,0,0,0.3052547872066498,0.5278716087341309,0.8372887372970581,0.5101957321166992,False
B,71024,71024|71025|71021,TE,880202,59,1,1,0.36877235770225525,0.6082513928413391,0.8916729092597961,0.5251368284225464,False
B,71024,71024|71025|71021,TE,880202,59,2,2,0.41077518463134766,0.626041829586029,0.5481358766555786,0.25556713342666626,False
B,71024,71024|71025|71021,TE,880202,79,0,0,0.3624078333377838,0.5789597630500793,0.8561442494392395,0.5183682441711426,False
B,71024,71024|71025|71021,TE,880202,79,1,1,0.40992939472198486,0.6100435256958008,0.9306859374046326,0.5790500640869141,False
B,71024,71024|71025|71021,TE,880202,79,2,2,0.4066635072231293,0.6244094967842102,0.5438127517700195,0.2514791488647461,False
B,71024,71024|71025|71021,TE,880202,119,0,0,0.2988605797290802,0.5456496477127075,0.32530415058135986,0.13355225324630737,False
B,71024,71024|71025|71021,TE,880202,119,1,1,0.36054107546806335,0.6670544743537903,0.6195489168167114,0.2913280725479126,False
B,71024,71024|71025|71021,TE,880202,119,2,2,0.40894779562950134,0.5868827700614929,0.6577467322349548,0.2933720648288727,False
B,71024,71024|71025|71021,TE,880203,0,0,0,0.32351893186569214,0.6217979788780212,0.6980985403060913,0.34557047486305237,False
B,71024,71024|71025|71021,TE,880203,0,1,1,0.3530857563018799,0.6414452195167542,0.8909096717834473,0.5512068867683411,False
B,71024,71024|71025|71021,TE,880203,0,2,2,0.4007326662540436,0.6328129172325134,0.739240825176239,0.3799142837524414,False
B,71024,71024|71025|71021,TE,880203,27,0,0,0.2765744924545288,0.5127047896385193,0.8022964000701904,0.40677720308303833,False
B,71024,71024|71025|71021,TE,880203,27,1,1,0.3572632074356079,0.652762770652771,0.9016093611717224,0.5746600031852722,False
B,71024,71024|71025|71021,TE,880203,27,2,2,0.42017698287963867,0.6328352093696594,0.6872384548187256,0.38753509521484375,False
B,71024,71024|71025|71021,TE,880203,43,0,0,0.27833592891693115,0.5182397961616516,0.8982298970222473,0.5533766746520996,False
B,71024,71024|71025|71021,TE,880203,43,1,1,0.3514489233493805,0.6390653252601624,0.7238046526908875,0.37448275089263916,False
B,71024,71024|71025|71021,TE,880203,43,2,2,0.4149397611618042,0.6261609792709351,0.5505366325378418,0.2606082260608673,False
B,71024,71024|71025|71021,TE,880203,59,0,0,0.30841749906539917,0.5543994903564453,0.8830611109733582,0.548345685005188,False
B,71024,71024|71025|71021,TE,880203,59,1,1,0.3878791034221649,0.6363829970359802,0.820296049118042,0.4521063566207886,False
B,71024,71024|71025|71021,TE,880203,59,2,2,0.4112122058868408,0.625461995601654,0.5481249690055847,0.2565564215183258,False
B,71024,71024|71025|71021,TE,880203,79,0,0,0.3549933135509491,0.6074004769325256,0.8854854702949524,0.543375551700592,False
B,71024,71024|71025|71021,TE,880203,79,1,1,0.4298945367336273,0.6311749219894409,0.876629650592804,0.5142737030982971,False
B,71024,71024|71025|71021,TE,880203,79,2,2,0.4070197641849518,0.6238521337509155,0.5438823699951172,0.2523233890533447,False
B,71024,71024|71025|71021,TE,880203,119,0,0,0.29890215396881104,0.5457430481910706,0.3255947232246399,0.13353368639945984,False
B,71024,71024|71025|71021,TE,880203,119,1,1,0.36054539680480957,0.6670390963554382,0.6192446351051331,0.29103347659111023,False
B,71024,71024|71025|71021,TE,880203,119,2,2,0.40900662541389465,0.5868489742279053,0.6573466658592224,0.2930915951728821,False
B,71024,71024|71025|71021,TL,880300,0,0,0,0.32387030124664307,0.6231430172920227,0.6862601637840271,0.340494841337204,False
B,71024,71024|71025|71021,TL,880300,0,1,1,0.34065136313438416,0.6338208913803101,0.9020812511444092,0.5664627552032471,False
B,71024,71024|71025|71021,TL,880300,0,2,2,0.4007326662540436,0.6328129172325134,0.739240825176239,0.3799142837524414,False
B,71024,71024|71025|71021,TL,880300,27,0,0,0.27093273401260376,0.5069921016693115,0.8248622417449951,0.44177383184432983,False
B,71024,71024|71025|71021,TL,880300,27,1,1,0.3486093580722809,0.6384614109992981,0.9182472825050354,0.5960686206817627,False
B,71024,71024|71025|71021,TL,880300,27,2,2,0.4152132570743561,0.6321527361869812,0.6858721971511841,0.3897152543067932,False
B,71024,71024|71025|71021,TL,880300,43,0,0,0.29120591282844543,0.5321792960166931,0.8228781223297119,0.4425727128982544,False
B,71024,71024|71025|71021,TL,880300,43,1,1,0.357522577047348,0.6355355381965637,0.9220739006996155,0.6046299934387207,False
B,71024,71024|71025|71021,TL,880300,43,2,2,0.4166942834854126,0.6364541053771973,0.7021395564079285,0.3966168463230133,False
B,71024,71024|71025|71021,TL,880300,59,0,0,0.3155793845653534,0.5496595501899719,0.8990856409072876,0.5654506683349609,False
B,71024,71024|71025|71021,TL,880300,59,1,1,0.38782110810279846,0.6002854704856873,0.8902532458305359,0.5362265110015869,False
B,71024,71024|71025|71021,TL,880300,59,2,2,0.41169068217277527,0.6243094801902771,0.5486077666282654,0.25909221172332764,False
B,71024,71024|71025|71021,TL,880300,79,0,0,0.371706485748291,0.5989170074462891,0.9057533144950867,0.5668392777442932,False
B,71024,71024|71025|71021,TL,880300,79,1,1,0.42381224036216736,0.6023038029670715,0.9137616157531738,0.5800700783729553,False
B,71024,71024|71025|71021,TL,880300,79,2,2,0.40733766555786133,0.622691810131073,0.5445325374603271,0.2547106444835663,False
B,71024,71024|71025|71021,TL,880300,119,0,0,0.31450048089027405,0.5577629208564758,0.6754530668258667,0.29360419511795044,False
B,71024,71024|71025|71021,TL,880300,119,1,1,0.34892335534095764,0.6568470597267151,0.6861752271652222,0.33089393377304077,False
B,71024,71024|71025|71021,TL,880300,119,2,2,0.40077850222587585,0.6169261932373047,0.5333074927330017,0.24914902448654175,False
B,71024,71024|71025|71021,TL,880301,0,0,0,0.3250380754470825,0.6293855309486389,0.6080165505409241,0.2805013060569763,False
B,71024,71024|71025|71021,TL,880301,0,1,1,0.3574013411998749,0.6335702538490295,0.872534453868866,0.5220834612846375,False
B,71024,71024|71025|71021,TL,880301,0,2,2,0.4007326662540436,0.6328129172325134,0.739240825176239,0.3799142837524414,False
B,71024,71024|71025|71021,TL,880301,27,0,0,0.29690417647361755,0.5249727368354797,0.7057653069496155,0.3273913562297821,False
B,71024,71024|71025|71021,TL,880301,27,1,1,0.35908469557762146,0.6508177518844604,0.8715919256210327,0.539019763469696,False
B,71024,71024|71025|71021,TL,880301,27,2,2,0.4115211069583893,0.6095870137214661,0.641821026802063,0.3360505700111389,False
B,71024,71024|71025|71021,TL,880301,43,0,0,0.30761319398880005,0.5326699614524841,0.7204374670982361,0.33880650997161865,False
B,71024,71024|71025|71021,TL,880301,43,1,1,0.35755977034568787,0.6554904580116272,0.8660303950309753,0.5468508005142212,False
B,71024,71024|71025|71021,TL,880301,43,2,2,0.40789103507995605,0.6164979934692383,0.6459046602249146,0.3336327373981476,False
B,71024,71024|71025|71021,TL,880301,59,0,0,0.3355976343154907,0.5626471638679504,0.7061492204666138,0.34484970569610596,False
B,71024,71024|71025|71021,TL,880301,59,1,1,0.35919490456581116,0.6585950255393982,0.8758017420768738,0.5530728101730347,False
B,71024,71024|71025|71021,TL,880301,59,2,2,0.4084693491458893,0.6257755160331726,0.6485123634338379,0.3356052041053772,False
B,71024,71024|71025|71021,TL,880301,79,0,0,0.34870627522468567,0.5799466967582703,0.7594852447509766,0.4352648854255676,False
B,71024,71024|71025|71021,TL,880301,79,1,1,0.3920946419239044,0.6570233702659607,0.7742689251899719,0.41851550340652466,False
B,71024,71024|71025|71021,TL,880301,79,2,2,0.40816450119018555,0.6221185922622681,0.5440207719802856,0.2550041377544403,False
B,71024,71024|71025|71021,TL,880301,119,0,0,0.3146268129348755,0.5596733689308167,0.6748887300491333,0.29392296075820923,False
B,71024,71024|71025|71021,TL,880301,119,1,1,0.34916505217552185,0.6580871343612671,0.675640344619751,0.3226493299007416,False
B,71024,71024|71025|71021,TL,880301,119,2,2,0.40143802762031555,0.6165279746055603,0.5328882932662964,0.24886302649974823,False
B,71024,71024|71025|71021,TL,880302,0,0,0,0.3278496563434601,0.6344320774078369,0.609290599822998,0.2918812036514282,False
B,71024,71024|71025|71021,TL,880302,0,1,1,0.3513948619365692,0.6364383101463318,0.8868218064308167,0.5421315431594849,False
B,71024,71024|71025|71021,TL,880302,0,2,2,0.4007326662540436,0.6328129172325134,0.739240825176239,0.3799142837524414,False
B,71024,71024|71025|71021,TL,880302,27,0,0,0.2981449067592621,0.5287521481513977,0.7546845078468323,0.3712504506111145,False
B,71024,71024|71025|71021,TL,880302,27,1,1,0.34925520420074463,0.6472795009613037,0.8859427571296692,0.5580542087554932,False
B,71024,71024|71025|71021,TL,880302,27,2,2,0.4085734188556671,0.6133143305778503,0.6385508179664612,0.34178194403648376,False
B,71024,71024|71025|71021,TL,880302,43,0,0,0.3093331754207611,0.5382332801818848,0.7583634257316589,0.38067829608917236,False
B,71024,71024|71025|71021,TL,880302,43,1,1,0.3482518196105957,0.6492258310317993,0.8829245567321777,0.5632120370864868,False
B,71024,71024|71025|71021,TL,880302,43,2,2,0.403247594833374,0.6184261441230774,0.6469364166259766,0.3427022695541382,False
B,71024,71024|71025|71021,TL,880302,59,0,0,0.319927841424942,0.5463796257972717,0.7957313060760498,0.46417295932769775,False
B,71024,71024|71025|71021,TL,880302,59,1,1,0.36128899455070496,0.6471854448318481,0.7525143623352051,0.40472543239593506,False
B,71024,71024|71025|71021,TL,880302,59,2,2,0.41190779209136963,0.6242903470993042,0.5483339428901672,0.2588528096675873,False
B,71024,71024|71025|71021,TL,880302,79,0,0,0.35652434825897217,0.5818681120872498,0.798590898513794,0.4657747745513916,False
B,71024,71024|71025|71021,TL,880302,79,1,1,0.40257009863853455,0.643340528011322,0.8508354425430298,0.48336684703826904,False
B,71024,71024|71025|71021,TL,880302,79,2,2,0.40755367279052734,0.6226997375488281,0.5442599058151245,0.25439661741256714,False
B,71024,71024|71025|71021,TL,880302,119,0,0,0.314655065536499,0.558107852935791,0.6748610734939575,0.293144166469574,False
B,71024,71024|71025|71021,TL,880302,119,1,1,0.3487637937068939,0.6568145155906677,0.6848074197769165,0.32983532547950745,False
B,71024,71024|71025|71021,TL,880302,119,2,2,0.4009797275066376,0.6169898509979248,0.5330026149749756,0.24867790937423706,False
B,71024,71024|71025|71021,TL,880303,0,0,0,0.3143456280231476,0.6154281497001648,0.6767528653144836,0.3107283115386963,False
B,71024,71024|71025|71021,TL,880303,0,1,1,0.35413599014282227,0.632202684879303,0.8632651567459106,0.5200307965278625,False
B,71024,71024|71025|71021,TL,880303,0,2,2,0.4007326662540436,0.6328129172325134,0.739240825176239,0.3799142837524414,False
B,71024,71024|71025|71021,TL,880303,27,0,0,0.26698175072669983,0.5010191202163696,0.7646812796592712,0.3622959852218628,False
B,71024,71024|71025|71021,TL,880303,27,1,1,0.35468509793281555,0.6480825543403625,0.8898994326591492,0.5595710277557373,False
B,71024,71024|71025|71021,TL,880303,27,2,2,0.4233016073703766,0.6392930150032043,0.6777455806732178,0.3769475221633911,False
B,71024,71024|71025|71021,TL,880303,43,0,0,0.2766748368740082,0.5122676491737366,0.7690712213516235,0.3760266900062561,False
B,71024,71024|71025|71021,TL,880303,43,1,1,0.35724329948425293,0.6497180461883545,0.897036075592041,0.5721536874771118,False
B,71024,71024|71025|71021,TL,880303,43,2,2,0.4184695780277252,0.6435410976409912,0.6863622069358826,0.3801049590110779,False
B,71024,71024|71025|71021,TL,880303,59,0,0,0.3064849078655243,0.5493417978286743,0.7836917638778687,0.39440441131591797,False
B,71024,71024|71025|71021,TL,880303,59,1,1,0.3694547712802887,0.650404155254364,0.9011105895042419,0.5863904356956482,False
B,71024,71024|71025|71021,TL,880303,59,2,2,0.4276331961154938,0.6501091122627258,0.7147939801216125,0.3907477855682373,False
B,71024,71024|71025|71021,TL,880303,79,0,0,0.34391114115715027,0.5892269611358643,0.8847917318344116,0.5471976399421692,False
B,71024,71024|71025|71021,TL,880303,79,1,1,0.42224743962287903,0.626719057559967,0.8950673341751099,0.5325498580932617,False
B,71024,71024|71025|71021,TL,880303,79,2,2,0.40794679522514343,0.6221145987510681,0.5442988276481628,0.2553098201751709,False
B,71024,71024|71025|71021,TL,880303,119,0,0,0.3144751787185669,0.5593342781066895,0.675493597984314,0.29438939690589905,False
B,71024,71024|71025|71021,TL,880303,119,1,1,0.34931468963623047,0.6581203937530518,0.6770429611206055,0.3237130343914032,False
B,71024,71024|71025|71021,TL,880303,119,2,2,0.4012347161769867,0.6164678335189819,0.5331960916519165,0.2493261992931366,False
B,71024,71024|71025|71021,DS,880400,0,0,0,0.31666114926338196,0.6160387396812439,0.6824148893356323,0.31585806608200073,False
B,71024,71024|71025|71021,DS,880400,0,1,1,0.35724616050720215,0.6344168782234192,0.8644493818283081,0.5197517275810242,False
B,71024,71024|71025|71021,DS,880400,0,2,2,0.4007326662540436,0.6328129172325134,0.739240825176239,0.3799142837524414,False
B,71024,71024|71025|71021,DS,880400,27,0,0,0.27083325386047363,0.5046461224555969,0.7554776072502136,0.35127517580986023,False
B,71024,71024|71025|71021,DS,880400,27,1,1,0.35948097705841064,0.6526880264282227,0.884924054145813,0.5537096261978149,False
B,71024,71024|71025|71021,DS,880400,27,2,2,0.42364978790283203,0.6359973549842834,0.6749612092971802,0.37662068009376526,False
B,71024,71024|71025|71021,DS,880400,43,0,0,0.2815046012401581,0.5170469880104065,0.7599379420280457,0.3652728199958801,False
B,71024,71024|71025|71021,DS,880400,43,1,1,0.3616281747817993,0.6554400324821472,0.8911536335945129,0.5660073757171631,False
B,71024,71024|71025|71021,DS,880400,43,2,2,0.41862186789512634,0.6406210660934448,0.682750940322876,0.3785310983657837,False
B,71024,71024|71025|71021,DS,880400,59,0,0,0.29084447026252747,0.5323272347450256,0.8853753805160522,0.5398094654083252,False
B,71024,71024|71025|71021,DS,880400,59,1,1,0.37623634934425354,0.6434244513511658,0.7962709665298462,0.4260517358779907,False
B,71024,71024|71025|71021,DS,880400,59,2,2,0.41176965832710266,0.624862015247345,0.5479652285575867,0.2574518918991089,False
B,71024,71024|71025|71021,DS,880400,79,0,0,0.3436342775821686,0.5957434177398682,0.8740391135215759,0.5342344641685486,False
B,71024,71024|71025|71021,DS,880400,79,1,1,0.421670526266098,0.6390911936759949,0.8713021278381348,0.5002555251121521,False
B,71024,71024|71025|71021,DS,880400,79,2,2,0.4074956476688385,0.6232884526252747,0.5438053607940674,0.2530340552330017,False
B,71024,71024|71025|71021,DS,880400,119,0,0,0.2989853322505951,0.5459299683570862,0.32617706060409546,0.13349711894989014,False
B,71024,71024|71025|71021,DS,880400,119,1,1,0.36055493354797363,0.6670075058937073,0.6186361312866211,0.2904450297355652,False
B,71024,71024|71025|71021,DS,880400,119,2,2,0.40912535786628723,0.5867814421653748,0.656550943851471,0.29253506660461426,False
B,71024,71024|71025|71021,DS,880401,0,0,0,0.3150511682033539,0.6187226176261902,0.6597592830657959,0.29783764481544495,False
B,71024,71024|71025|71021,DS,880401,0,1,1,0.3532717525959015,0.6301488280296326,0.8607423901557922,0.515982985496521,False
B,71024,71024|71025|71021,DS,880401,0,2,2,0.4007326662540436,0.6328129172325134,0.739240825176239,0.3799142837524414,False
B,71024,71024|71025|71021,DS,880401,27,0,0,0.2683074474334717,0.5010451674461365,0.7588934898376465,0.3598707914352417,False
B,71024,71024|71025|71021,DS,880401,27,1,1,0.35219332575798035,0.6463910937309265,0.8881315588951111,0.5554654598236084,False
B,71024,71024|71025|71021,DS,880401,27,2,2,0.4208332598209381,0.6365429759025574,0.6498758792877197,0.36557385325431824,False
B,71024,71024|71025|71021,DS,880401,43,0,0,0.2769261300563812,0.5104452967643738,0.762610137462616,0.373961865901947,False
B,71024,71024|71025|71021,DS,880401,43,1,1,0.3539392054080963,0.6484071016311646,0.894318699836731,0.5681143999099731,False
B,71024,71024|71025|71021,DS,880401,43,2,2,0.4149721562862396,0.6409027576446533,0.6589244604110718,0.3685612976551056,False
B,71024,71024|71025|71021,DS,880401,59,0,0,0.28582829236984253,0.5196068286895752,0.8803411722183228,0.5338420271873474,False
B,71024,71024|71025|71021,DS,880401,59,1,1,0.3694647550582886,0.6268410086631775,0.8391538262367249,0.46701133251190186,False
B,71024,71024|71025|71021,DS,880401,59,2,2,0.4116619825363159,0.6248713135719299,0.5481006503105164,0.25757262110710144,False
B,71024,71024|71025|71021,DS,880401,79,0,0,0.3419105112552643,0.5819357633590698,0.8706319332122803,0.5307487845420837,False
B,71024,71024|71025|71021,DS,880401,79,1,1,0.41585054993629456,0.6248391270637512,0.9040623307228088,0.5406334400177002,False
B,71024,71024|71025|71021,DS,880401,79,2,2,0.4073883295059204,0.6232842803001404,0.5439400672912598,0.25319164991378784,False
B,71024,71024|71025|71021,DS,880401,119,0,0,0.29894375801086426,0.5458366274833679,0.3258855938911438,0.13351544737815857,False
B,71024,71024|71025|71021,DS,880401,119,1,1,0.36055001616477966,0.6670233607292175,0.6189406514167786,0.2907392084598541,False
B,71024,71024|71025|71021,DS,880401,119,2,2,0.409065842628479,0.5868150591850281,0.6569483280181885,0.2928127646446228,False
B,71024,71024|71025|71021,DS,880402,0,0,0,0.32388654351234436,0.6206728219985962,0.7061801552772522,0.3586388826370239,False
B,71024,71024|71025|71021,DS,880402,0,1,1,0.34859415888786316,0.6415205597877502,0.8996557593345642,0.5640959739685059,False
B,71024,71024|71025|71021,DS,880402,0,2,2,0.4007326662540436,0.6328129172325134,0.739240825176239,0.3799142837524414,False
B,71024,71024|71025|71021,DS,880402,27,0,0,0.2758435010910034,0.5135530829429626,0.8205212950706482,0.4305718243122101,False
B,71024,71024|71025|71021,DS,880402,27,1,1,0.35554853081703186,0.6498711109161377,0.9101552963256836,0.5866431593894958,False
B,71024,71024|71025|71021,DS,880402,27,2,2,0.4198894500732422,0.6336331963539124,0.7008066773414612,0.39567601680755615,False
B,71024,71024|71025|71021,DS,880402,43,0,0,0.29607224464416504,0.5391562581062317,0.8183019161224365,0.4309491515159607,False
B,71024,71024|71025|71021,DS,880402,43,1,1,0.36074626445770264,0.6485887765884399,0.9121522903442383,0.5937036275863647,False
B,71024,71024|71025|71021,DS,880402,43,2,2,0.4216446876525879,0.638015866279602,0.7141293287277222,0.4006606936454773,False
B,71024,71024|71025|71021,DS,880402,59,0,0,0.3141256272792816,0.5590185523033142,0.8943201303482056,0.5608993768692017,False
B,71024,71024|71025|71021,DS,880402,59,1,1,0.39332327246665955,0.6250050663948059,0.8418925404548645,0.4791618287563324,False
B,71024,71024|71025|71021,DS,880402,59,2,2,0.4113384485244751,0.6248977780342102,0.5485044717788696,0.2579381465911865,False
B,71024,71024|71025|71021,DS,880402,79,0,0,0.3605034351348877,0.6071993708610535,0.8977795243263245,0.5567748546600342,False
B,71024,71024|71025|71021,DS,880402,79,1,1,0.43186140060424805,0.6196328997612,0.8877086639404297,0.5371227264404297,False
B,71024,71024|71025|71021,DS,880402,79,2,2,0.4070667028427124,0.6232698559761047,0.5443430542945862,0.2536686956882477,False
B,71024,71024|71025|71021,DS,880402,119,0,0,0.2988186180591583,0.5455552935600281,0.3250143826007843,0.13357111811637878,False
B,71024,71024|71025|71021,DS,880402,119,1,1,0.360537052154541,0.6670699119567871,0.6198534369468689,0.291623055934906,False
B,71024,71024|71025|71021,DS,880402,119,2,2,0.4088893234729767,0.5869168639183044,0.6581476926803589,0.29365354776382446,False
B,71024,71024|71025|71021,DS,880403,0,0,0,0.32556068897247314,0.6245331764221191,0.6885756850242615,0.3462752103805542,False
B,71024,71024|71025|71021,DS,880403,0,1,1,0.3424685001373291,0.6367258429527283,0.9029366970062256,0.568083643913269,False
B,71024,71024|71025|71021,DS,880403,0,2,2,0.4007326662540436,0.6328129172325134,0.739240825176239,0.3799142837524414,False
B,71024,71024|71025|71021,DS,880403,27,0,0,0.27413830161094666,0.5104512572288513,0.8257054090499878,0.44153258204460144,False
B,71024,71024|71025|71021,DS,880403,27,1,1,0.3500852584838867,0.642582356929779,0.9148997664451599,0.5930743217468262,False
B,71024,71024|71025|71021,DS,880403,27,2,2,0.41492894291877747,0.6308991312980652,0.6814805865287781,0.3889625072479248,False
B,71024,71024|71025|71021,DS,880403,43,0,0,0.2954440116882324,0.53715980052948,0.8220701813697815,0.4410173296928406,False
B,71024,71024|71025|71021,DS,880403,43,1,1,0.3578237295150757,0.6401484608650208,0.9176023602485657,0.6007421612739563,False
B,71024,71024|71025|71021,DS,880403,43,2,2,0.4166620671749115,0.6352325081825256,0.6981504559516907,0.3956447243690491,False
B,71024,71024|71025|71021,DS,880403,59,0,0,0.3175015151500702,0.5542623996734619,0.8898570537567139,0.5583362579345703,False
B,71024,71024|71025|71021,DS,880403,59,1,1,0.3897171914577484,0.6068437099456787,0.8813160061836243,0.5240299105644226,False
B,71024,71024|71025|71021,DS,880403,59,2,2,0.4113384485244751,0.6248977780342102,0.5485044717788696,0.2579381465911865,False
B,71024,71024|71025|71021,DS,880403,79,0,0,0.3690989315509796,0.6001012325286865,0.9007192850112915,0.560126781463623,False
B,71024,71024|71025|71021,DS,880403,79,1,1,0.42484840750694275,0.6061131954193115,0.9097056984901428,0.5704696774482727,False
B,71024,71024|71025|71021,DS,880403,79,2,2,0.4070667028427124,0.6232698559761047,0.5443430542945862,0.2536686956882477,False
B,71024,71024|71025|71021,DS,880403,119,0,0,0.2988186180591583,0.5455552935600281,0.3250143826007843,0.13357111811637878,False
B,71024,71024|71025|71021,DS,880403,119,1,1,0.360537052154541,0.6670699119567871,0.6198534369468689,0.291623055934906,False
B,71024,71024|71025|71021,DS,880403,119,2,2,0.4088893234729767,0.5869168639183044,0.6581476926803589,0.29365354776382446,False
B,71024,71024|71025|71021,DL,880500,0,0,0,0.3225470185279846,0.6214637756347656,0.6821492910385132,0.3337509334087372,False
B,71024,71024|71025|71021,DL,880500,0,1,1,0.3348759114742279,0.626063883304596,0.9037989974021912,0.5685805678367615,False
B,71024,71024|71025|71021,DL,880500,0,2,2,0.4007326662540436,0.6328129172325134,0.739240825176239,0.3799142837524414,False
B,71024,71024|71025|71021,DL,880500,27,0,0,0.2661369740962982,0.501842200756073,0.8261511921882629,0.44490277767181396,False
B,71024,71024|71025|71021,DL,880500,27,1,1,0.34498360753059387,0.6252101063728333,0.9275650978088379,0.6059876680374146,False
B,71024,71024|71025|71021,DL,880500,27,2,2,0.4146512746810913,0.6322104334831238,0.69183748960495,0.391033411026001,False
B,71024,71024|71025|71021,DL,880500,43,0,0,0.2852681577205658,0.5250809788703918,0.824222207069397,0.44739025831222534,False
B,71024,71024|71025|71021,DL,880500,43,1,1,0.35659360885620117,0.6208075284957886,0.933261513710022,0.6159359216690063,False
B,71024,71024|71025|71021,DL,880500,43,2,2,0.4152947962284088,0.6360756754875183,0.7073333263397217,0.3980131447315216,False
B,71024,71024|71025|71021,DL,880500,59,0,0,0.31474971771240234,0.5425159931182861,0.9099637866020203,0.5727050304412842,False
B,71024,71024|71025|71021,DL,880500,59,1,1,0.3873645067214966,0.5911200046539307,0.9120635390281677,0.5641771554946899,False
B,71024,71024|71025|71021,DL,880500,59,2,2,0.41123056411743164,0.6249060034751892,0.5486390590667725,0.2580612897872925,False
B,71024,71024|71025|71021,DL,880500,79,0,0,0.37800514698028564,0.5950444936752319,0.9128006100654602,0.5766419172286987,False
B,71024,71024|71025|71021,DL,880500,79,1,1,0.42244598269462585,0.5975925326347351,0.9245626330375671,0.5996216535568237,False
B,71024,71024|71025|71021,DL,880500,79,2,2,0.4069593846797943,0.6232643723487854,0.5444779396057129,0.25382912158966064,False
B,71024,71024|71025|71021,DL,880500,119,0,0,0.3146841824054718,0.5565169453620911,0.6748008131980896,0.292383074760437,False
B,71024,71024|71025|71021,DL,880500,119,1,1,0.3483692705631256,0.6554444432258606,0.6936919689178467,0.3370002508163452,False
B,71024,71024|71025|71021,DL,880500,119,2,2,0.4005347788333893,0.6174398064613342,0.5331030488014221,0.24852776527404785,False
B,71024,71024|71025|71021,DL,880501,0,0,0,0.3279206454753876,0.6290746331214905,0.674357533454895,0.33531293272972107,False
B,71024,71024|71025|71021,DL,880501,0,1,1,0.3509288728237152,0.6410055756568909,0.894004762172699,0.5549188256263733,False
B,71024,71024|71025|71021,DL,880501,0,2,2,0.4007326662540436,0.6328129172325134,0.739240825176239,0.3799142837524414,False
B,71024,71024|71025|71021,DL,880501,27,0,0,0.281472772359848,0.5150208473205566,0.7971243858337402,0.4089813232421875,False
B,71024,71024|71025|71021,DL,880501,27,1,1,0.3535216152667999,0.6511355042457581,0.8989368677139282,0.5731626749038696,False
B,71024,71024|71025|71021,DL,880501,27,2,2,0.4141141176223755,0.6259449124336243,0.6464382410049438,0.3722841143608093,False
B,71024,71024|71025|71021,DL,880501,43,0,0,0.2983299791812897,0.535612940788269,0.7992522120475769,0.4124714136123657,False
B,71024,71024|71025|71021,DL,880501,43,1,1,0.35529613494873047,0.6512523889541626,0.899222195148468,0.5793987512588501,False
B,71024,71024|71025|71021,DL,880501,43,2,2,0.4120374023914337,0.6306886672973633,0.656240701675415,0.37548184394836426,False
B,71024,71024|71025|71021,DL,880501,59,0,0,0.3102741539478302,0.5507444739341736,0.8560449481010437,0.5279203653335571,False
B,71024,71024|71025|71021,DL,880501,59,1,1,0.3804778754711151,0.6386738419532776,0.810467004776001,0.44634342193603516,False
B,71024,71024|71025|71021,DL,880501,59,2,2,0.4114464223384857,0.6248891949653625,0.5483697056770325,0.2578155994415283,False
B,71024,71024|71025|71021,DL,880501,79,0,0,0.3549668490886688,0.5995759963989258,0.8677505850791931,0.5258638262748718,False
B,71024,71024|71025|71021,DL,880501,79,1,1,0.42271897196769714,0.6334276795387268,0.8757733702659607,0.5123357772827148,False
B,71024,71024|71025|71021,DL,880501,79,2,2,0.40717384219169617,0.6232749819755554,0.544209361076355,0.2535091042518616,False
B,71024,71024|71025|71021,DL,880501,119,0,0,0.31484127044677734,0.5568661689758301,0.6742199063301086,0.29192885756492615,False
B,71024,71024|71025|71021,DL,880501,119,1,1,0.34820303320884705,0.6554117202758789,0.6923542022705078,0.33594733476638794,False
B,71024,71024|71025|71021,DL,880501,119,2,2,0.4007345736026764,0.6175057291984558,0.5328011512756348,0.24805167317390442,False
B,71024,71024|71025|71021,DL,880502,0,0,0,0.3185993432998657,0.6252261996269226,0.6228923201560974,0.27683085203170776,False
B,71024,71024|71025|71021,DL,880502,0,1,1,0.3539488613605499,0.6291434168815613,0.8636367917060852,0.513865053653717,False
B,71024,71024|71025|71021,DL,880502,0,2,2,0.4007326662540436,0.6328129172325134,0.739240825176239,0.3799142837524414,False
B,71024,71024|71025|71021,DL,880502,27,0,0,0.2809779644012451,0.5111457705497742,0.7252354025840759,0.34521132707595825,False
B,71024,71024|71025|71021,DL,880502,27,1,1,0.3522302210330963,0.6471186280250549,0.8813735842704773,0.545076310634613,False
B,71024,71024|71025|71021,DL,880502,27,2,2,0.4159259796142578,0.625454306602478,0.6370993852615356,0.34351009130477905,False
B,71024,71024|71025|71021,DL,880502,43,0,0,0.28895553946495056,0.5177214741706848,0.7453706860542297,0.35901495814323425,False
B,71024,71024|71025|71021,DL,880502,43,1,1,0.3517819344997406,0.6508886814117432,0.8821998834609985,0.5558008551597595,False
B,71024,71024|71025|71021,DL,880502,43,2,2,0.4097727835178375,0.6304705739021301,0.6451966762542725,0.344454288482666,False
B,71024,71024|71025|71021,DL,880502,59,0,0,0.296543687582016,0.5244620442390442,0.8043686747550964,0.4792388081550598,False
B,71024,71024|71025|71021,DL,880502,59,1,1,0.36027073860168457,0.6441794633865356,0.777742326259613,0.415829598903656,False
B,71024,71024|71025|71021,DL,880502,59,2,2,0.41176965832710266,0.624862015247345,0.5479652285575867,0.2574518918991089,False
B,71024,71024|71025|71021,DL,880502,79,0,0,0.3419863283634186,0.5745688080787659,0.8111121654510498,0.47800764441490173,False
B,71024,71024|71025|71021,DL,880502,79,1,1,0.404581218957901,0.6397475600242615,0.8721957206726074,0.5023124814033508,False
B,71024,71024|71025|71021,DL,880502,79,2,2,0.4074956476688385,0.6232884526252747,0.5438053607940674,0.2530340552330017,False
B,71024,71024|71025|71021,DL,880502,119,0,0,0.31507608294487,0.557388186454773,0.6733440160751343,0.291246235370636,False
B,71024,71024|71025|71021,DL,880502,119,1,1,0.3479588031768799,0.6553614139556885,0.6903409957885742,0.33436694741249084,False
B,71024,71024|71025|71021,DL,880502,119,2,2,0.4010353088378906,0.6176025867462158,0.5323507189750671,0.24734404683113098,False
B,71024,71024|71025|71021,DL,880503,0,0,0,0.32325348258018494,0.6323323845863342,0.5967357754707336,0.27386948466300964,False
B,71024,71024|71025|71021,DL,880503,0,1,1,0.35003185272216797,0.6315587162971497,0.8800584077835083,0.5317481756210327,False
B,71024,71024|71025|71021,DL,880503,0,2,2,0.4007326662540436,0.6328129172325134,0.739240825176239,0.3799142837524414,False
B,71024,71024|71025|71021,DL,880503,27,0,0,0.2964320182800293,0.5286819934844971,0.7461712956428528,0.364188551902771,False
B,71024,71024|71025|71021,DL,880503,27,1,1,0.3454873561859131,0.6437541246414185,0.8866816759109497,0.5552895069122314,False
B,71024,71024|71025|71021,DL,880503,27,2,2,0.4090174436569214,0.6153959631919861,0.6308901309967041,0.3365533947944641,False
B,71024,71024|71025|71021,DL,880503,43,0,0,0.30494236946105957,0.5338469743728638,0.7553041577339172,0.3773786425590515,False
B,71024,71024|71025|71021,DL,880503,43,1,1,0.3446075916290283,0.646372377872467,0.8842635750770569,0.5619350671768188,False
B,71024,71024|71025|71021,DL,880503,43,2,2,0.40300723910331726,0.6203166842460632,0.6404494643211365,0.3380168676376343,False
B,71024,71024|71025|71021,DL,880503,59,0,0,0.31689074635505676,0.5400810837745667,0.7833635807037354,0.4566398859024048,False
B,71024,71024|71025|71021,DL,880503,59,1,1,0.35972896218299866,0.641362726688385,0.7868708968162537,0.4281997084617615,False
B,71024,71024|71025|71021,DL,880503,59,2,2,0.4116619825363159,0.6248713135719299,0.5481006503105164,0.25757262110710144,False
B,71024,71024|71025|71021,DL,880503,79,0,0,0.3567059338092804,0.5757217407226562,0.7925463914871216,0.46118468046188354,False
B,71024,71024|71025|71021,DL,880503,79,1,1,0.40245044231414795,0.635915219783783,0.8799510598182678,0.5131793022155762,False
B,71024,71024|71025|71021,DL,880503,79,2,2,0.4073883295059204,0.6232842803001404,0.5439400672912598,0.25319164991378784,False
B,71024,71024|71025|71021,DL,880503,119,0,0,0.3149978816509247,0.5572144389152527,0.6736364364624023,0.29147398471832275,False
B,71024,71024|71025|71021,DL,880503,119,1,1,0.34803953766822815,0.6553784012794495,0.6910130381584167,0.3348938822746277,False
B,71024,71024|71025|71021,DL,880503,119,2,2,0.4009349048137665,0.6175705790519714,0.532500684261322,0.2475791573524475,False
B,71024,71024|71025|71021,CP,880600,0,0,0,0.3228427469730377,0.633007287979126,0.5739527940750122,0.26224184036254883,False
B,71024,71024|71025|71021,CP,880600,0,1,1,0.34956350922584534,0.6302171349525452,0.8796746730804443,0.5301892757415771,False
B,71024,71024|71025|71021,CP,880600,0,2,2,0.4007326662540436,0.6328129172325134,0.739240825176239,0.3799142837524414,False
B,71024,71024|71025|71021,CP,880600,27,0,0,0.3086531460285187,0.5447470545768738,0.7336061000823975,0.35360395908355713,False
B,71024,71024|71025|71021,CP,880600,27,1,1,0.3440118134021759,0.6418500542640686,0.8839936852455139,0.5526480674743652,False
B,71024,71024|71025|71021,CP,880600,27,2,2,0.40786996483802795,0.6100741624832153,0.6364219784736633,0.32967615127563477,False
B,71024,71024|71025|71021,CP,880600,43,0,0,0.3194598853588104,0.5535410046577454,0.7444343566894531,0.4248087406158447,False
B,71024,71024|71025|71021,CP,880600,43,1,1,0.3287751376628876,0.6406218409538269,0.6430324912071228,0.3318764269351959,False
B,71024,71024|71025|71021,CP,880600,43,2,2,0.41464924812316895,0.6267204880714417,0.5503520965576172,0.25929704308509827,False
B,71024,71024|71025|71021,CP,880600,59,0,0,0.32832619547843933,0.5481373071670532,0.7487061023712158,0.4257737994194031,False
B,71024,71024|71025|71021,CP,880600,59,1,1,0.35538193583488464,0.6414328217506409,0.7789483070373535,0.42218995094299316,False
B,71024,71024|71025|71021,CP,880600,59,2,2,0.41098788380622864,0.6260277628898621,0.5478752255439758,0.2553144097328186,False
B,71024,71024|71025|71021,CP,880600,79,0,0,0.3616258203983307,0.5725085735321045,0.7559205889701843,0.4347357153892517,False
B,71024,71024|71025|71021,CP,880600,79,1,1,0.3967689275741577,0.636135995388031,0.876261293888092,0.5090540647506714,False
B,71024,71024|71025|71021,CP,880600,79,2,2,0.40687498450279236,0.6244227290153503,0.5435525178909302,0.25115370750427246,False
B,71024,71024|71025|71021,CP,880600,119,0,0,0.3155515491962433,0.5550519824028015,0.6717861294746399,0.2887011468410492,False
B,71024,71024|71025|71021,CP,880600,119,1,1,0.34670767188072205,0.6522635817527771,0.7042216062545776,0.3459990620613098,False
B,71024,71024|71025|71021,CP,880600,119,2,2,0.4006682336330414,0.6186562776565552,0.531792163848877,0.24590611457824707,False
B,71024,71024|71025|71021,CP,880601,0,0,0,0.32635268568992615,0.6261959671974182,0.6735280752182007,0.3236210346221924,False
B,71024,71024|71025|71021,CP,880601,0,1,1,0.35857340693473816,0.6399891972541809,0.8793619871139526,0.5343122482299805,False
B,71024,71024|71025|71021,CP,880601,0,2,2,0.4007326662540436,0.6328129172325134,0.739240825176239,0.3799142837524414,False
B,71024,71024|71025|71021,CP,880601,27,0,0,0.28219977021217346,0.5130388736724854,0.7556175589561462,0.3625788688659668,False
B,71024,71024|71025|71021,CP,880601,27,1,1,0.3615025281906128,0.6556211113929749,0.8846644759178162,0.5531785488128662,False
B,71024,71024|71025|71021,CP,880601,27,2,2,0.4166699945926666,0.622607946395874,0.6568296551704407,0.366656094789505,False
B,71024,71024|71025|71021,CP,880601,43,0,0,0.29626914858818054,0.5294682383537292,0.7656270265579224,0.3726499676704407,False
B,71024,71024|71025|71021,CP,880601,43,1,1,0.3623102605342865,0.6586533784866333,0.8848616480827332,0.5622276663780212,False
B,71024,71024|71025|71021,CP,880601,43,2,2,0.4129432141780853,0.6285867094993591,0.6598316431045532,0.36659830808639526,False
B,71024,71024|71025|71021,CP,880601,59,0,0,0.3311266005039215,0.5739377737045288,0.7638287544250488,0.3797980546951294,False
B,71024,71024|71025|71021,CP,880601,59,1,1,0.3688158690929413,0.6603166460990906,0.8812466263771057,0.5703057646751404,False
B,71024,71024|71025|71021,CP,880601,59,2,2,0.41961002349853516,0.6371549963951111,0.6742596626281738,0.37307870388031006,False
B,71024,71024|71025|71021,CP,880601,79,0,0,0.3473188877105713,0.6020906567573547,0.8489007353782654,0.5081170797348022,False
B,71024,71024|71025|71021,CP,880601,79,1,1,0.4150839149951935,0.6523779630661011,0.8182961344718933,0.4496115744113922,False
B,71024,71024|71025|71021,CP,880601,79,2,2,0.4080556631088257,0.6221166849136353,0.5441593527793884,0.25515639781951904,False
B,71024,71024|71025|71021,CP,880601,119,0,0,0.31455108523368835,0.5595040917396545,0.6751918196678162,0.29415643215179443,False
B,71024,71024|71025|71021,CP,880601,119,1,1,0.3492394983768463,0.6581037640571594,0.6763423085212708,0.32318130135536194,False
B,71024,71024|71025|71021,CP,880601,119,2,2,0.40133634209632874,0.6164979934692383,0.5330420136451721,0.24909408390522003,False
B,71024,71024|71025|71021,CP,880602,0,0,0,0.32742080092430115,0.6336634755134583,0.6283709406852722,0.29828161001205444,False
B,71024,71024|71025|71021,CP,880602,0,1,1,0.3277038037776947,0.6184585690498352,0.9045954942703247,0.5669792890548706,False
B,71024,71024|71025|71021,CP,880602,0,2,2,0.4007326662540436,0.6328129172325134,0.739240825176239,0.3799142837524414,False
B,71024,71024|71025|71021,CP,880602,27,0,0,0.2772163152694702,0.511694073677063,0.8163565397262573,0.44032973051071167,False
B,71024,71024|71025|71021,CP,880602,27,1,1,0.33108943700790405,0.6154298186302185,0.9260876774787903,0.6025032997131348,False
B,71024,71024|71025|71021,CP,880602,27,2,2,0.3998465836048126,0.6124942898750305,0.6237728595733643,0.3583572804927826,False
B,71024,71024|71025|71021,CP,880602,43,0,0,0.2919997274875641,0.51523756980896,0.8583682775497437,0.5263341069221497,False
B,71024,71024|71025|71021,CP,880602,43,1,1,0.34582066535949707,0.5913770794868469,0.893086314201355,0.5297588109970093,False
B,71024,71024|71025|71021,CP,880602,43,2,2,0.41422978043556213,0.6267864108085632,0.5508890748023987,0.25969547033309937,False
B,71024,71024|71025|71021,CP,880602,59,0,0,0.32298949360847473,0.5364981293678284,0.8630328178405762,0.5312609076499939,False
B,71024,71024|71025|71021,CP,880602,59,1,1,0.37640857696533203,0.5928069949150085,0.9299068450927734,0.5781167149543762,False
B,71024,71024|71025|71021,CP,880602,59,2,2,0.4105621576309204,0.6260549426078796,0.5483952760696411,0.2558220624923706,False
B,71024,71024|71025|71021,CP,880602,79,0,0,0.3856898248195648,0.5825536251068115,0.8879614472389221,0.5515968203544617,False
B,71024,71024|71025|71021,CP,880602,79,1,1,0.40989306569099426,0.5963051319122314,0.946337878704071,0.613709568977356,False
B,71024,71024|71025|71021,CP,880602,79,2,2,0.40645214915275574,0.6243950128555298,0.5440735220909119,0.25180783867836,False
B,71024,71024|71025|71021,CP,880602,119,0,0,0.3152296543121338,0.5543401837348938,0.6729109287261963,0.2895888090133667,False
B,71024,71024|71025|71021,CP,880602,119,1,1,0.3470552861690521,0.652330219745636,0.7068002223968506,0.348086416721344,False
B,71024,71024|71025|71021,CP,880602,119,2,2,0.40027204155921936,0.6185188889503479,0.5323777794837952,0.24686603248119354,False
B,71024,71024|71025|71021,CP,880603,0,0,0,0.3231401741504669,0.6340040564537048,0.5838892459869385,0.268047034740448,False
B,71024,71024|71025|71021,CP,880603,0,1,1,0.346320241689682,0.6299129128456116,0.8834601640701294,0.5359817743301392,False
B,71024,71024|71025|71021,CP,880603,0,2,2,0.4007326662540436,0.6328129172325134,0.739240825176239,0.3799142837524414,False
B,71024,71024|71025|71021,CP,880603,27,0,0,0.30121782422065735,0.53641676902771,0.7541085481643677,0.3731428384780884,False
B,71024,71024|71025|71021,CP,880603,27,1,1,0.33970439434051514,0.6399247050285339,0.8905143141746521,0.5603309869766235,False
B,71024,71024|71025|71021,CP,880603,27,2,2,0.4059220850467682,0.6116849780082703,0.6330196857452393,0.33405715227127075,False
B,71024,71024|71025|71021,CP,880603,43,0,0,0.3087124824523926,0.539208710193634,0.7608160376548767,0.3880079686641693,False
B,71024,71024|71025|71021,CP,880603,43,1,1,0.3390960693359375,0.6415189504623413,0.8890070915222168,0.5660983324050903,False
B,71024,71024|71025|71021,CP,880603,43,2,2,0.39913734793663025,0.6161767244338989,0.6430657505989075,0.3367149233818054,False
B,71024,71024|71025|71021,CP,880603,59,0,0,0.3353382349014282,0.564204216003418,0.7664952874183655,0.39760610461235046,False
B,71024,71024|71025|71021,CP,880603,59,1,1,0.3474653661251068,0.6434053778648376,0.8920270204544067,0.574623703956604,False
B,71024,71024|71025|71021,CP,880603,59,2,2,0.3984038531780243,0.6239082217216492,0.6570054888725281,0.3504413366317749,False
B,71024,71024|71025|71021,CP,880603,79,0,0,0.36445650458335876,0.5751702189445496,0.8021454215049744,0.4696115553379059,False
B,71024,71024|71025|71021,CP,880603,79,1,1,0.40220844745635986,0.6294940114021301,0.8970944285392761,0.5334303379058838,False
B,71024,71024|71025|71021,CP,880603,79,2,2,0.40783795714378357,0.6221120953559875,0.5444375872612,0.25546351075172424,False
B,71024,71024|71025|71021,CP,880603,119,0,0,0.3143993020057678,0.5591641664505005,0.6757948994636536,0.2946220636367798,False
B,71024,71024|71025|71021,CP,880603,119,1,1,0.34939059615135193,0.6581366658210754,0.6777428388595581,0.32424482703208923,False
B,71024,71024|71025|71021,CP,880603,119,2,2,0.40113329887390137,0.6164373755455017,0.5333502888679504,0.24955891072750092,False
B,71025,71025|71021|71022,N,880000,0,0,0,0.2387743443250656,0.4742371737957001,0.6476731896400452,0.3184961676597595,False
B,71025,71025|71021|71022,N,880000,0,1,1,0.2055024951696396,0.4201773703098297,0.8050374984741211,0.39331579208374023,False
B,71025,71025|71021|71022,N,880000,0,2,2,0.3931213319301605,0.6385406255722046,0.6657944321632385,0.29778575897216797,False
B,71025,71025|71021|71022,N,880000,27,0,0,0.31049391627311707,0.5644870400428772,0.4214957058429718,0.14380136132240295,False
B,71025,71025|71021|71022,N,880000,27,1,1,0.20322783291339874,0.4334658086299896,0.6290634870529175,0.25021326541900635,False
B,71025,71025|71021|71022,N,880000,27,2,2,0.4050416946411133,0.5631904602050781,0.44448035955429077,0.14101442694664001,False
B,71025,71025|71021|71022,N,880000,43,0,0,0.2886127531528473,0.5309290289878845,0.3731364905834198,0.1217808723449707,False
B,71025,71025|71021|71022,N,880000,43,1,1,0.20561234652996063,0.44143930077552795,0.6197819709777832,0.2425735592842102,False
B,71025,71025|71021|71022,N,880000,43,2,2,0.407233864068985,0.5701162219047546,0.510180652141571,0.17793795466423035,False
B,71025,71025|71021|71022,N,880000,59,0,0,0.2636813521385193,0.4925537109375,0.28956836462020874,0.09739600121974945,False
B,71025,71025|71021|71022,N,880000,59,1,1,0.21314114332199097,0.45678654313087463,0.6000286340713501,0.23217597603797913,False
B,71025,71025|71021|71022,N,880000,59,2,2,0.4128890037536621,0.5766608119010925,0.5809592008590698,0.23078039288520813,False
B,71025,71025|71021|71022,N,880000,79,0,0,0.25256744027137756,0.4778965413570404,0.22351707518100739,0.0755206048488617,False
B,71025,71025|71021|71022,N,880000,79,1,1,0.2316180318593979,0.4851975440979004,0.5768593549728394,0.22281241416931152,False
B,71025,71025|71021|71022,N,880000,79,2,2,0.397809237241745,0.5576438307762146,0.6168621778488159,0.262392520904541,False
B,71025,71025|71021|71022,N,880000,119,0,0,0.29850220680236816,0.5453702211380005,0.27080580592155457,0.09895558655261993,False
B,71025,71025|71021|71022,N,880000,119,1,1,0.19359596073627472,0.4281465709209442,0.7174196839332581,0.3374581038951874,False
B,71025,71025|71021|71022,N,880000,119,2,2,0.4038613736629486,0.6390793919563293,0.6240644454956055,0.2645918130874634,False
B,71025,71025|71021|71022,N,880001,0,0,0,0.24468809366226196,0.48262062668800354,0.6593008637428284,0.308285117149353,False
B,71025,71025|71021|71022,N,880001,0,1,1,0.20575617253780365,0.42046642303466797,0.8168990015983582,0.40320608019828796,False
B,71025,71025|71021|71022,N,880001,0,2,2,0.3931213319301605,0.6385406255722046,0.6657944321632385,0.29778575897216797,False
B,71025,71025|71021|71022,N,880001,27,0,0,0.31587889790534973,0.5697111487388611,0.45827752351760864,0.17167049646377563,False
B,71025,71025|71021|71022,N,880001,27,1,1,0.2074507474899292,0.44022807478904724,0.6754926443099976,0.28521424531936646,False
B,71025,71025|71021|71022,N,880001,27,2,2,0.387495756149292,0.5926362872123718,0.5152693390846252,0.17126531898975372,False
B,71025,71025|71021|71022,N,880001,43,0,0,0.2953839898109436,0.5384415984153748,0.4594077169895172,0.1586388349533081,False
B,71025,71025|71021|71022,N,880001,43,1,1,0.21308469772338867,0.45345520973205566,0.6694353222846985,0.27615565061569214,False
B,71025,71025|71021|71022,N,880001,43,2,2,0.3876323401927948,0.5976352691650391,0.5638947486877441,0.20250236988067627,False
B,71025,71025|71021|71022,N,880001,59,0,0,0.2703213393688202,0.5003839731216431,0.4046080708503723,0.1323837786912918,False
B,71025,71025|71021|71022,N,880001,59,1,1,0.22539786994457245,0.47497478127479553,0.6541505455970764,0.2650821805000305,False
B,71025,71025|71021|71022,N,880001,59,2,2,0.39500513672828674,0.6028231978416443,0.6123402714729309,0.24561691284179688,False
B,71025,71025|71021|71022,N,880001,79,0,0,0.2593209743499756,0.4862748682498932,0.32479923963546753,0.10537947714328766,False
B,71025,71025|71021|71022,N,880001,79,1,1,0.2478749006986618,0.5089959502220154,0.6341569423675537,0.25647711753845215,False
B,71025,71025|71021|71022,N,880001,79,2,2,0.4082408845424652,0.601550817489624,0.6368927359580994,0.2740289866924286,False
B,71025,71025|71021|71022,N,880001,119,0,0,0.2984160780906677,0.5453143119812012,0.27114883065223694,0.09909605979919434,False
B,71025,71025|71021|71022,N,880001,119,1,1,0.1935841292142868,0.42816826701164246,0.7173402309417725,0.3373578190803528,False
B,71025,71025|71021|71022,N,880001,119,2,2,0.40385702252388,0.6391100883483887,0.6245229244232178,0.26496604084968567,False
B,71025,71025|71021|71022,N,880002,0,0,0,0.23518884181976318,0.4571627080440521,0.6631916165351868,0.308322548866272,False
B,71025,71025|71021|71022,N,880002,0,1,1,0.22022336721420288,0.41438889503479004,0.8140743970870972,0.3972068727016449,False
B,71025,71025|71021|71022,N,880002,0,2,2,0.3931213319301605,0.6385406255722046,0.6657944321632385,0.29778575897216797,False
B,71025,71025|71021|71022,N,880002,27,0,0,0.3340481221675873,0.5770007371902466,0.3746705651283264,0.1416482925415039,False
B,71025,71025|71021|71022,N,880002,27,1,1,0.21490734815597534,0.42846718430519104,0.6727416515350342,0.27275747060775757,False
B,71025,71025|71021|71022,N,880002,27,2,2,0.4130019247531891,0.5660943388938904,0.4635436534881592,0.141705721616745,False
B,71025,71025|71021|71022,N,880002,43,0,0,0.32162877917289734,0.5576301217079163,0.42831408977508545,0.1508796066045761,False
B,71025,71025|71021|71022,N,880002,43,1,1,0.21365858614444733,0.4350547790527344,0.6644192934036255,0.2592630982398987,False
B,71025,71025|71021|71022,N,880002,43,2,2,0.41360822319984436,0.5706408619880676,0.5177423357963562,0.17114801704883575,False
B,71025,71025|71021|71022,N,880002,59,0,0,0.2951889634132385,0.5182621479034424,0.4664037227630615,0.1477062702178955,False
B,71025,71025|71021|71022,N,880002,59,1,1,0.21461015939712524,0.4459429681301117,0.6419994831085205,0.24326086044311523,False
B,71025,71025|71021|71022,N,880002,59,2,2,0.41188088059425354,0.5716171860694885,0.5788372755050659,0.21453642845153809,False
B,71025,71025|71021|71022,N,880002,79,0,0,0.26875102519989014,0.4833211898803711,0.3846912384033203,0.12075234949588776,False
B,71025,71025|71021|71022,N,880002,79,1,1,0.22348624467849731,0.46756401658058167,0.6105605959892273,0.22850202023983002,False
B,71025,71025|71021|71022,N,880002,79,2,2,0.3773755729198456,0.5409812927246094,0.6325229406356812,0.2547600269317627,False
B,71025,71025|71021|71022,N,880002,119,0,0,0.29867422580718994,0.5454814434051514,0.27012142539024353,0.09867537766695023,False
B,71025,71025|71021|71022,N,880002,119,1,1,0.19362010061740875,0.42810365557670593,0.7175772190093994,0.3376588821411133,False
B,71025,71025|71021|71022,N,880002,119,2,2,0.403870552778244,0.639018177986145,0.6231476068496704,0.2638453543186188,False
B,71025,71025|71021|71022,N,880003,0,0,0,0.24127531051635742,0.4805532991886139,0.6644163131713867,0.30169224739074707,False
B,71025,71025|71021|71022,N,880003,0,1,1,0.20590855181217194,0.4197774827480316,0.8184450268745422,0.4079276919364929,False
B,71025,71025|71021|71022,N,880003,0,2,2,0.3931213319301605,0.6385406255722046,0.6657944321632385,0.29778575897216797,False
B,71025,71025|71021|71022,N,880003,27,0,0,0.30263644456863403,0.5685575604438782,0.5091263651847839,0.16874906420707703,False
B,71025,71025|71021|71022,N,880003,27,1,1,0.1992449313402176,0.43639203906059265,0.6597611308097839,0.28258076310157776,False
B,71025,71025|71021|71022,N,880003,27,2,2,0.39303481578826904,0.5885673761367798,0.4631924629211426,0.15709397196769714,False
B,71025,71025|71021|71022,N,880003,43,0,0,0.28766852617263794,0.5434867739677429,0.4271221458911896,0.14204414188861847,False
B,71025,71025|71021|71022,N,880003,43,1,1,0.20652242004871368,0.44998133182525635,0.6528656482696533,0.2751198410987854,False
B,71025,71025|71021|71022,N,880003,43,2,2,0.39217257499694824,0.5951026082038879,0.524181067943573,0.1937038004398346,False
B,71025,71025|71021|71022,N,880003,59,0,0,0.26348426938056946,0.5011176466941833,0.3065485656261444,0.10915334522724152,False
B,71025,71025|71021|71022,N,880003,59,1,1,0.2226017713546753,0.4740045964717865,0.6336490511894226,0.26251015067100525,False
B,71025,71025|71021|71022,N,880003,59,2,2,0.4013257324695587,0.6024558544158936,0.6014211177825928,0.25194984674453735,False
B,71025,71025|71021|71022,N,880003,79,0,0,0.2513367235660553,0.4802490770816803,0.22537332773208618,0.07929504662752151,False
B,71025,71025|71021|71022,N,880003,79,1,1,0.24991317093372345,0.5118347406387329,0.6072061061859131,0.2498176544904709,False
B,71025,71025|71021|71022,N,880003,79,2,2,0.40979504585266113,0.6068509221076965,0.6652742028236389,0.3046552538871765,False
B,71025,71025|71021|71022,N,880003,119,0,0,0.2984160780906677,0.5453143119812012,0.27114883065223694,0.09909605979919434,False
B,71025,71025|71021|71022,N,880003,119,1,1,0.1935841292142868,0.42816826701164246,0.7173402309417725,0.3373578190803528,False
B,71025,71025|71021|71022,N,880003,119,2,2,0.40385702252388,0.6391100883483887,0.6245229244232178,0.26496604084968567,False
B,71025,71025|71021|71022,F0,880100,0,0,0,0.24560628831386566,0.4873727560043335,0.6687272787094116,0.30403923988342285,False
B,71025,71025|71021|71022,F0,880100,0,1,1,0.20541222393512726,0.42065322399139404,0.821814775466919,0.4114925265312195,False
B,71025,71025|71021|71022,F0,880100,0,2,2,0.3931213319301605,0.6385406255722046,0.6657944321632385,0.29778575897216797,False
B,71025,71025|71021|71022,F0,880100,27,0,0,0.3050760328769684,0.5687363147735596,0.5167290568351746,0.18300345540046692,False
B,71025,71025|71021|71022,F0,880100,27,1,1,0.20629380643367767,0.44517782330513,0.6769696474075317,0.3032728433609009,False
B,71025,71025|71021|71022,F0,880100,27,2,2,0.38049235939979553,0.6051164865493774,0.5245895981788635,0.183974489569664,False
B,71025,71025|71021|71022,F0,880100,43,0,0,0.28769782185554504,0.5409011244773865,0.46813666820526123,0.1655714511871338,False
B,71025,71025|71021|71022,F0,880100,43,1,1,0.21648865938186646,0.46320676803588867,0.6757651567459106,0.29601478576660156,False
B,71025,71025|71021|71022,F0,880100,43,2,2,0.37912192940711975,0.6094015836715698,0.573920488357544,0.21679233014583588,False
B,71025,71025|71021|71022,F0,880100,59,0,0,0.2772389054298401,0.5228320956230164,0.3320387303829193,0.12734508514404297,False
B,71025,71025|71021|71022,F0,880100,59,1,1,0.2961072623729706,0.5731497406959534,0.7267097234725952,0.3422864079475403,False
B,71025,71025|71021|71022,F0,880100,59,2,2,0.4525505304336548,0.5934436917304993,0.6207340359687805,0.2540879547595978,False
B,71025,71025|71021|71022,F0,880100,79,0,0,0.25765469670295715,0.48506173491477966,0.2596766948699951,0.08608193695545197,False
B,71025,71025|71021|71022,F0,880100,79,1,1,0.3139832019805908,0.6008293032646179,0.6982904672622681,0.3173348903656006,False
B,71025,71025|71021|71022,F0,880100,79,2,2,0.451274037361145,0.5921857953071594,0.6273701190948486,0.25806427001953125,False
B,71025,71025|71021|71022,F0,880100,119,0,0,0.32086753845214844,0.5790849328041077,0.4469654858112335,0.13030333817005157,False
B,71025,71025|71021|71022,F0,880100,119,1,1,0.18672752380371094,0.426923543214798,0.7578667998313904,0.38074296712875366,False
B,71025,71025|71021|71022,F0,880100,119,2,2,0.4491242468357086,0.5901480317115784,0.6394109129905701,0.26573991775512695,False
B,71025,71025|71021|71022,F0,880101,0,0,0,0.2393265962600708,0.4736812114715576,0.6694670915603638,0.298523485660553,False
B,71025,71025|71021|71022,F0,880101,0,1,1,0.21210406720638275,0.41939786076545715,0.8197283744812012,0.40817025303840637,False
B,71025,71025|71021|71022,F0,880101,0,2,2,0.3931213319301605,0.6385406255722046,0.6657944321632385,0.29778575897216797,False
B,71025,71025|71021|71022,F0,880101,27,0,0,0.3061332702636719,0.5727739334106445,0.5099474787712097,0.17162272334098816,False
B,71025,71025|71021|71022,F0,880101,27,1,1,0.1986681967973709,0.43236374855041504,0.6599490642547607,0.2838457226753235,False
B,71025,71025|71021|71022,F0,880101,27,2,2,0.3965475559234619,0.5852575302124023,0.4472464621067047,0.14721323549747467,False
B,71025,71025|71021|71022,F0,880101,43,0,0,0.2944534122943878,0.5525954961776733,0.4690305292606354,0.1534847915172577,False
B,71025,71025|71021|71022,F0,880101,43,1,1,0.20337529480457306,0.44343534111976624,0.653514564037323,0.27539485692977905,False
B,71025,71025|71021|71022,F0,880101,43,2,2,0.39498862624168396,0.5919679403305054,0.5105689167976379,0.18403488397598267,False
B,71025,71025|71021|71022,F0,880101,59,0,0,0.2825488746166229,0.5345103740692139,0.2912680208683014,0.11016599833965302,False
B,71025,71025|71021|71022,F0,880101,59,1,1,0.27127805352211,0.5395190715789795,0.7032121419906616,0.3208908438682556,False
B,71025,71025|71021|71022,F0,880101,59,2,2,0.4526790678501129,0.5935763120651245,0.6203850507736206,0.2538490891456604,False
B,71025,71025|71021|71022,F0,880101,79,0,0,0.25562551617622375,0.4840770661830902,0.21337905526161194,0.07766468077898026,False
B,71025,71025|71021|71022,F0,880101,79,1,1,0.2971264719963074,0.576771080493927,0.669539749622345,0.2970501780509949,False
B,71025,71025|71021|71022,F0,880101,79,2,2,0.45142507553100586,0.592314600944519,0.6270371675491333,0.2578268051147461,False
B,71025,71025|71021|71022,F0,880101,119,0,0,0.3210187256336212,0.5791718363761902,0.4469955861568451,0.13020677864551544,False
B,71025,71025|71021|71022,F0,880101,119,1,1,0.18662410974502563,0.42668190598487854,0.7576903700828552,0.38064897060394287,False
B,71025,71025|71021|71022,F0,880101,119,2,2,0.44932469725608826,0.5902424454689026,0.6391004920005798,0.2655012607574463,False
B,71025,71025|71021|71022,F0,880102,0,0,0,0.23941797018051147,0.47543248534202576,0.6495568156242371,0.3073645830154419,False
B,71025,71025|71021|71022,F0,880102,0,1,1,0.20592588186264038,0.4194979667663574,0.8102594614028931,0.39855512976646423,False
B,71025,71025|71021|71022,F0,880102,0,2,2,0.3931213319301605,0.6385406255722046,0.6657944321632385,0.29778575897216797,False
B,71025,71025|71021|71022,F0,880102,27,0,0,0.30899563431739807,0.5692909955978394,0.4573955535888672,0.1508159339427948,False
B,71025,71025|71021|71022,F0,880102,27,1,1,0.20036478340625763,0.4332452118396759,0.6281560659408569,0.2582959532737732,False
B,71025,71025|71021|71022,F0,880102,27,2,2,0.4020586907863617,0.5705375075340271,0.4431825578212738,0.14312192797660828,False
B,71025,71025|71021|71022,F0,880102,43,0,0,0.28994104266166687,0.5383001565933228,0.36849892139434814,0.12460794299840927,False
B,71025,71025|71021|71022,F0,880102,43,1,1,0.20386523008346558,0.44241592288017273,0.620685338973999,0.25082752108573914,False
B,71025,71025|71021|71022,F0,880102,43,2,2,0.4033691883087158,0.5776018500328064,0.5101409554481506,0.18132296204566956,False
B,71025,71025|71021|71022,F0,880102,59,0,0,0.2751833200454712,0.5191502571105957,0.2483116090297699,0.10433349013328552,False
B,71025,71025|71021|71022,F0,880102,59,1,1,0.26057168841362,0.5294556617736816,0.6740496158599854,0.2939968407154083,False
B,71025,71025|71021|71022,F0,880102,59,2,2,0.45261502265930176,0.5935099124908447,0.6205599308013916,0.2539689540863037,False
B,71025,71025|71021|71022,F0,880102,79,0,0,0.2545851767063141,0.48157215118408203,0.18694902956485748,0.06915086507797241,False
B,71025,71025|71021|71022,F0,880102,79,1,1,0.2846866846084595,0.564346432685852,0.6399325132369995,0.2733408212661743,False
B,71025,71025|71021|71022,F0,880102,79,2,2,0.45134973526000977,0.5922501683235168,0.6272034645080566,0.25794532895088196,False
B,71025,71025|71021|71022,F0,880102,119,0,0,0.3209432065486908,0.5791285037994385,0.44698038697242737,0.13025501370429993,False
B,71025,71025|71021|71022,F0,880102,119,1,1,0.18667550384998322,0.4268024265766144,0.7577788829803467,0.3806961476802826,False
B,71025,71025|71021|71022,F0,880102,119,2,2,0.4492247998714447,0.5901951193809509,0.6392551064491272,0.26562005281448364,False
B,71025,71025|71021|71022,F0,880103,0,0,0,0.24079565703868866,0.47791361808776855,0.6645457744598389,0.2978481352329254,False
B,71025,71025|71021|71022,F0,880103,0,1,1,0.20855574309825897,0.4194522798061371,0.8193361759185791,0.4082547426223755,False
B,71025,71025|71021|71022,F0,880103,0,2,2,0.3931213319301605,0.6385406255722046,0.6657944321632385,0.29778575897216797,False
B,71025,71025|71021|71022,F0,880103,27,0,0,0.3049289882183075,0.5710213780403137,0.5105413794517517,0.17150872945785522,False
B,71025,71025|71021|71022,F0,880103,27,1,1,0.1993204951286316,0.4348166286945343,0.6606238484382629,0.2841252386569977,False
B,71025,71025|71021|71022,F0,880103,27,2,2,0.3938785791397095,0.5877646803855896,0.4594774842262268,0.15346978604793549,False
B,71025,71025|71021|71022,F0,880103,43,0,0,0.2911398112773895,0.5476691126823425,0.4493359327316284,0.14872848987579346,False
B,71025,71025|71021|71022,F0,880103,43,1,1,0.20539872348308563,0.4473056495189667,0.6544842720031738,0.276300847530365,False
B,71025,71025|71021|71022,F0,880103,43,2,2,0.3927958011627197,0.594321072101593,0.5210958123207092,0.1900387406349182,False
B,71025,71025|71021|71022,F0,880103,59,0,0,0.278742253780365,0.5280437469482422,0.2899863123893738,0.11295275390148163,False
B,71025,71025|71021|71022,F0,880103,59,1,1,0.27632153034210205,0.5465534329414368,0.7039194107055664,0.3217316269874573,False
B,71025,71025|71021|71022,F0,880103,59,2,2,0.45261502265930176,0.5935099124908447,0.6205599308013916,0.2539689540863037,False
B,71025,71025|71021|71022,F0,880103,79,0,0,0.25522804260253906,0.4831850528717041,0.21671317517757416,0.07730665802955627,False
B,71025,71025|71021|71022,F0,880103,79,1,1,0.3008226752281189,0.5819357633590698,0.6705659627914429,0.2981034219264984,False
B,71025,71025|71021|71022,F0,880103,79,2,2,0.45134973526000977,0.5922501683235168,0.6272034645080566,0.25794532895088196,False
B,71025,71025|71021|71022,F0,880103,119,0,0,0.3209432065486908,0.5791285037994385,0.44698038697242737,0.13025501370429993,False
B,71025,71025|71021|71022,F0,880103,119,1,1,0.18667550384998322,0.4268024265766144,0.7577789425849915,0.3806961178779602,False
B,71025,71025|71021|71022,F0,880103,119,2,2,0.4492247998714447,0.5901951193809509,0.6392551064491272,0.26562005281448364,False
B,71025,71025|71021|71022,TE,880200,0,0,0,0.234039306640625,0.4622633755207062,0.627926766872406,0.2993902564048767,False
B,71025,71025|71021|71022,TE,880200,0,1,1,0.21307985484600067,0.4170948565006256,0.7990889549255371,0.38914763927459717,False
B,71025,71025|71021|71022,TE,880200,0,2,2,0.3931213319301605,0.6385406255722046,0.6657944321632385,0.29778575897216797,False
B,71025,71025|71021|71022,TE,880200,27,0,0,0.31414708495140076,0.5722648501396179,0.4309200346469879,0.134617418050766,False
B,71025,71025|71021|71022,TE,880200,27,1,1,0.2016308456659317,0.4272870719432831,0.5856726169586182,0.23142175376415253,False
B,71025,71025|71021|71022,TE,880200,27,2,2,0.4130384027957916,0.5425321459770203,0.39463353157043457,0.12308812141418457,False
B,71025,71025|71021|71022,TE,880200,43,0,0,0.31258624792099,0.5790664553642273,0.29712268710136414,0.09816798567771912,False
B,71025,71025|71021|71022,TE,880200,43,1,1,0.21440117061138153,0.4587462246417999,0.6485990881919861,0.277721643447876,False
B,71025,71025|71021|71022,TE,880200,43,2,2,0.4527505338191986,0.5956413149833679,0.6151543855667114,0.24918121099472046,False
B,71025,71025|71021|71022,TE,880200,59,0,0,0.2832927703857422,0.5303342938423157,0.2675253450870514,0.09657356142997742,False
B,71025,71025|71021|71022,TE,880200,59,1,1,0.23286032676696777,0.49106132984161377,0.6385300159454346,0.26762858033180237,False
B,71025,71025|71021|71022,TE,880200,59,2,2,0.4516166150569916,0.5948062539100647,0.6208484768867493,0.25250327587127686,False
B,71025,71025|71021|71022,TE,880200,79,0,0,0.25469842553138733,0.4822862148284912,0.16234536468982697,0.06746882200241089,False
B,71025,71025|71021|71022,TE,880200,79,1,1,0.2593265473842621,0.5293344259262085,0.6070861220359802,0.2504142224788666,False
B,71025,71025|71021|71022,TE,880200,79,2,2,0.45034000277519226,0.593633770942688,0.6274972558021545,0.2565077245235443,False
B,71025,71025|71021|71022,TE,880200,119,0,0,0.29867422580718994,0.5454814434051514,0.27012142539024353,0.09867537766695023,False
B,71025,71025|71021|71022,TE,880200,119,1,1,0.19362010061740875,0.42810365557670593,0.7175772190093994,0.3376588821411133,False
B,71025,71025|71021|71022,TE,880200,119,2,2,0.403870552778244,0.639018177986145,0.6231476068496704,0.2638453543186188,False
B,71025,71025|71021|71022,TE,880201,0,0,0,0.24070297181606293,0.4781433641910553,0.6559158563613892,0.3083949685096741,False
B,71025,71025|71021|71022,TE,880201,0,1,1,0.2051897794008255,0.4197796881198883,0.8135530948638916,0.401634156703949,False
B,71025,71025|71021|71022,TE,880201,0,2,2,0.3931213319301605,0.6385406255722046,0.6657944321632385,0.29778575897216797,False
B,71025,71025|71021|71022,TE,880201,27,0,0,0.307969331741333,0.5689182281494141,0.4689526855945587,0.157770037651062,False
B,71025,71025|71021|71022,TE,880201,27,1,1,0.20092202723026276,0.4354023039340973,0.6407337188720703,0.2674331068992615,False
B,71025,71025|71021|71022,TE,880201,27,2,2,0.3974393308162689,0.5783215165138245,0.45901620388031006,0.15031035244464874,False
B,71025,71025|71021|71022,TE,880201,43,0,0,0.30347636342048645,0.567710816860199,0.3149528205394745,0.11451057344675064,False
B,71025,71025|71021|71022,TE,880201,43,1,1,0.24325956404209137,0.5040481090545654,0.696554958820343,0.31746387481689453,False
B,71025,71025|71021|71022,TE,880201,43,2,2,0.4531961679458618,0.5949720740318298,0.6152072548866272,0.2500441074371338,False
B,71025,71025|71021|71022,TE,880201,59,0,0,0.27458181977272034,0.5181185603141785,0.26039305329322815,0.10602027922868729,False
B,71025,71025|71021|71022,TE,880201,59,1,1,0.26734012365341187,0.5390889644622803,0.687635600566864,0.30531251430511475,False
B,71025,71025|71021|71022,TE,880201,59,2,2,0.45205673575401306,0.594097375869751,0.6208868622779846,0.2533513903617859,False
B,71025,71025|71021|71022,TE,880201,79,0,0,0.254985511302948,0.4821191728115082,0.19850003719329834,0.07006220519542694,False
B,71025,71025|71021|71022,TE,880201,79,1,1,0.2903759181499481,0.5724914073944092,0.6535477638244629,0.2830231487751007,False
B,71025,71025|71021|71022,TE,880201,79,2,2,0.4507737159729004,0.5928835868835449,0.6275261640548706,0.2573421895503998,False
B,71025,71025|71021|71022,TE,880201,119,0,0,0.29850220680236816,0.5453702211380005,0.27080580592155457,0.09895558655261993,False
B,71025,71025|71021|71022,TE,880201,119,1,1,0.19359596073627472,0.4281465709209442,0.7174196839332581,0.3374581038951874,False
B,71025,71025|71021|71022,TE,880201,119,2,2,0.4038613736629486,0.6390793919563293,0.6240644454956055,0.2645918130874634,False
B,71025,71025|71021|71022,TE,880202,0,0,0,0.24226944148540497,0.47617626190185547,0.6638678312301636,0.297566294670105,False
B,71025,71025|71021|71022,TE,880202,0,1,1,0.21111907064914703,0.41850242018699646,0.8202978372573853,0.4069855809211731,False
B,71025,71025|71021|71022,TE,880202,0,2,2,0.3931213319301605,0.6385406255722046,0.6657944321632385,0.29778575897216797,False
B,71025,71025|71021|71022,TE,880202,27,0,0,0.31687235832214355,0.5773582458496094,0.4772958755493164,0.17282769083976746,False
B,71025,71025|71021|71022,TE,880202,27,1,1,0.20451579988002777,0.4350852072238922,0.6651753783226013,0.2921866178512573,False
B,71025,71025|71021|71022,TE,880202,27,2,2,0.39110007882118225,0.5897356867790222,0.48860493302345276,0.1588985025882721,False
B,71025,71025|71021|71022,TE,880202,43,0,0,0.3206467032432556,0.5876966714859009,0.36076557636260986,0.11520478874444962,False
B,71025,71025|71021|71022,TE,880202,43,1,1,0.25110340118408203,0.510673999786377,0.7100696563720703,0.34152913093566895,False
B,71025,71025|71021|71022,TE,880202,43,2,2,0.45263671875,0.5955163836479187,0.6155217289924622,0.24942588806152344,False
B,71025,71025|71021|71022,TE,880202,59,0,0,0.29208728671073914,0.5404524803161621,0.3273817002773285,0.11969991028308868,False
B,71025,71025|71021|71022,TE,880202,59,1,1,0.27233511209487915,0.5447356104850769,0.7212775349617004,0.3343225121498108,False
B,71025,71025|71021|71022,TE,880202,59,2,2,0.4514855146408081,0.5946788191795349,0.6212018728256226,0.2527462840080261,False
B,71025,71025|71021|71022,TE,880202,79,0,0,0.26187413930892944,0.4894268214702606,0.25498542189598083,0.08909358084201813,False
B,71025,71025|71021|71022,TE,880202,79,1,1,0.2928667366504669,0.5765886306762695,0.6948959827423096,0.3079887330532074,False
B,71025,71025|71021|71022,TE,880202,79,2,2,0.4501864016056061,0.593510091304779,0.6278327107429504,0.2567481994628906,False
B,71025,71025|71021|71022,TE,880202,119,0,0,0.29850220680236816,0.5453702211380005,0.27080580592155457,0.09895558655261993,False
B,71025,71025|71021|71022,TE,880202,119,1,1,0.19359596073627472,0.4281465709209442,0.7174196839332581,0.3374581038951874,False
B,71025,71025|71021|71022,TE,880202,119,2,2,0.4038613736629486,0.6390793919563293,0.6240644454956055,0.2645918130874634,False
B,71025,71025|71021|71022,TE,880203,0,0,0,0.2373925894498825,0.4715158939361572,0.6398934125900269,0.30504393577575684,False
B,71025,71025|71021|71022,TE,880203,0,1,1,0.20702819526195526,0.418984979391098,0.8044019937515259,0.39391353726387024,False
B,71025,71025|71021|71022,TE,880203,0,2,2,0.3931213319301605,0.6385406255722046,0.6657944321632385,0.29778575897216797,False
B,71025,71025|71021|71022,TE,880203,27,0,0,0.3082718551158905,0.5687773823738098,0.4364551305770874,0.1372598260641098,False
B,71025,71025|71021|71022,TE,880203,27,1,1,0.19874770939350128,0.4304094612598419,0.6053000688552856,0.24309638142585754,False
B,71025,71025|71021|71022,TE,880203,27,2,2,0.408486008644104,0.5585392117500305,0.4193665683269501,0.13499867916107178,False
B,71025,71025|71021|71022,TE,880203,43,0,0,0.302580863237381,0.5673524737358093,0.29584747552871704,0.10456283390522003,False
B,71025,71025|71021|71022,TE,880203,43,1,1,0.225877583026886,0.4788309633731842,0.6644546985626221,0.28857311606407166,False
B,71025,71025|71021|71022,TE,880203,43,2,2,0.4532524645328522,0.5950358510017395,0.6150331497192383,0.24992293119430542,False
B,71025,71025|71021|71022,TE,880203,59,0,0,0.27358752489089966,0.5176097750663757,0.24465197324752808,0.0963587537407875,False
B,71025,71025|71021|71022,TE,880203,59,1,1,0.25027260184288025,0.5159561038017273,0.650305449962616,0.27721312642097473,False
B,71025,71025|71021|71022,TE,880203,59,2,2,0.4521215856075287,0.5941622257232666,0.6207119226455688,0.253231406211853,False
B,71025,71025|71021|71022,TE,880203,79,0,0,0.2525791525840759,0.47964075207710266,0.1630171537399292,0.06380012631416321,False
B,71025,71025|71021|71022,TE,880203,79,1,1,0.27605703473091125,0.5524987578392029,0.6161943674087524,0.2589200437068939,False
B,71025,71025|71021|71022,TE,880203,79,2,2,0.45085009932518005,0.5929467678070068,0.6273589134216309,0.2572225332260132,False
B,71025,71025|71021|71022,TE,880203,119,0,0,0.2985883951187134,0.545426070690155,0.27046284079551697,0.09881523996591568,False
B,71025,71025|71021|71022,TE,880203,119,1,1,0.19360791146755219,0.4281251132488251,0.7174983024597168,0.3375580608844757,False
B,71025,71025|71021|71022,TE,880203,119,2,2,0.40386590361595154,0.6390487551689148,0.6236059069633484,0.264218270778656,False
B,71025,71025|71021|71022,TL,880300,0,0,0,0.24192975461483002,0.4834963381290436,0.6785824298858643,0.32557469606399536,False
B,71025,71025|71021|71022,TL,880300,0,1,1,0.20188258588314056,0.4209393560886383,0.8158856630325317,0.4051244854927063,False
B,71025,71025|71021|71022,TL,880300,0,2,2,0.3931213319301605,0.6385406255722046,0.6657944321632385,0.29778575897216797,False
B,71025,71025|71021|71022,TL,880300,27,0,0,0.30149462819099426,0.564204752445221,0.4755699336528778,0.15825781226158142,False
B,71025,71025|71021|71022,TL,880300,27,1,1,0.20122313499450684,0.44022050499916077,0.6520295143127441,0.2755645513534546,False
B,71025,71025|71021|71022,TL,880300,27,2,2,0.3917369842529297,0.5876238942146301,0.4778866469860077,0.16347116231918335,False
B,71025,71025|71021|71022,TL,880300,43,0,0,0.2815208435058594,0.5311071276664734,0.3636868894100189,0.12898139655590057,False
B,71025,71025|71021|71022,TL,880300,43,1,1,0.20981234312057495,0.45518016815185547,0.6439132690429688,0.26807090640068054,False
B,71025,71025|71021|71022,TL,880300,43,2,2,0.3931353986263275,0.5941643118858337,0.5395473837852478,0.20159956812858582,False
B,71025,71025|71021|71022,TL,880300,59,0,0,0.2693181335926056,0.5108746886253357,0.2704693078994751,0.11251004040241241,False
B,71025,71025|71021|71022,TL,880300,59,1,1,0.2809883952140808,0.5551339983940125,0.6915391087532043,0.3111616373062134,False
B,71025,71025|71021|71022,TL,880300,59,2,2,0.45309630036354065,0.5928500294685364,0.6203912496566772,0.25471481680870056,False
B,71025,71025|71021|71022,TL,880300,79,0,0,0.25449636578559875,0.4815588891506195,0.2158934473991394,0.07306723296642303,False
B,71025,71025|71021|71022,TL,880300,79,1,1,0.30260151624679565,0.5863353610038757,0.6584804654121399,0.29013723134994507,False
B,71025,71025|71021|71022,TL,880300,79,2,2,0.45183899998664856,0.5915449261665344,0.6270301938056946,0.25867608189582825,False
B,71025,71025|71021|71022,TL,880300,119,0,0,0.320163369178772,0.5789265632629395,0.44537273049354553,0.12951640784740448,False
B,71025,71025|71021|71022,TL,880300,119,1,1,0.1874629706144333,0.42757275700569153,0.7570189237594604,0.38043737411499023,False
B,71025,71025|71021|71022,TL,880300,119,2,2,0.44973763823509216,0.5894327163696289,0.6390857696533203,0.26632434129714966,False
B,71025,71025|71021|71022,TL,880301,0,0,0,0.2306492179632187,0.4498237371444702,0.6497021317481995,0.31026241183280945,False
B,71025,71025|71021|71022,TL,880301,0,1,1,0.22208194434642792,0.41290000081062317,0.8057705760002136,0.3905447721481323,False
B,71025,71025|71021|71022,TL,880301,0,2,2,0.3931213319301605,0.6385406255722046,0.6657944321632385,0.29778575897216797,False
B,71025,71025|71021|71022,TL,880301,27,0,0,0.33027151226997375,0.5704898238182068,0.3659997880458832,0.13584129512310028,False
B,71025,71025|71021|71022,TL,880301,27,1,1,0.21738314628601074,0.42731156945228577,0.6514091491699219,0.25245919823646545,False
B,71025,71025|71021|71022,TL,880301,27,2,2,0.4178878366947174,0.5451302528381348,0.42780014872550964,0.12821345031261444,False
B,71025,71025|71021|71022,TL,880301,43,0,0,0.31735947728157043,0.5508597493171692,0.4266895651817322,0.14073844254016876,False
B,71025,71025|71021|71022,TL,880301,43,1,1,0.21500186622142792,0.43249067664146423,0.6359301805496216,0.2390512079000473,False
B,71025,71025|71021|71022,TL,880301,43,2,2,0.4171261489391327,0.5477424263954163,0.49119752645492554,0.16087283194065094,False
B,71025,71025|71021|71022,TL,880301,59,0,0,0.2898874878883362,0.5108831524848938,0.432261198759079,0.13550877571105957,False
B,71025,71025|71021|71022,TL,880301,59,1,1,0.2138909548521042,0.44030895829200745,0.6097193956375122,0.2249687761068344,False
B,71025,71025|71021|71022,TL,880301,59,2,2,0.399552583694458,0.5383548140525818,0.5743459463119507,0.2109583169221878,False
B,71025,71025|71021|71022,TL,880301,79,0,0,0.2737177908420563,0.4929400682449341,0.2545364797115326,0.10832882672548294,False
B,71025,71025|71021|71022,TL,880301,79,1,1,0.2573920786380768,0.5177385807037354,0.6562302112579346,0.26337477564811707,False
B,71025,71025|71021|71022,TL,880301,79,2,2,0.4527563154697418,0.5912337899208069,0.6258542537689209,0.2587163746356964,False
B,71025,71025|71021|71022,TL,880301,119,0,0,0.3198215067386627,0.578960657119751,0.44378024339675903,0.12844766676425934,False
B,71025,71025|71021|71022,TL,880301,119,1,1,0.18803127110004425,0.4276549518108368,0.7554523944854736,0.3797151446342468,False
B,71025,71025|71021|71022,TL,880301,119,2,2,0.4508296549320221,0.5889580249786377,0.6379746794700623,0.2663297653198242,False
B,71025,71025|71021|71022,TL,880302,0,0,0,0.23814189434051514,0.4662322998046875,0.6390687823295593,0.30009883642196655,False
B,71025,71025|71021|71022,TL,880302,0,1,1,0.2139924168586731,0.4172784984111786,0.8091350793838501,0.3940644860267639,False
B,71025,71025|71021|71022,TL,880302,0,2,2,0.3931213319301605,0.6385406255722046,0.6657944321632385,0.29778575897216797,False
B,71025,71025|71021|71022,TL,880302,27,0,0,0.32661542296409607,0.5718700885772705,0.4091993570327759,0.15260839462280273,False
B,71025,71025|71021|71022,TL,880302,27,1,1,0.21204574406147003,0.43117785453796387,0.6625396013259888,0.2628215253353119,False
B,71025,71025|71021|71022,TL,880302,27,2,2,0.409495085477829,0.5645571351051331,0.45849406719207764,0.1405859887599945,False
B,71025,71025|71021|71022,TL,880302,43,0,0,0.30919504165649414,0.5460767149925232,0.45444831252098083,0.14926093816757202,False
B,71025,71025|71021|71022,TL,880302,43,1,1,0.21200411021709442,0.4377220869064331,0.6511849164962769,0.2511192560195923,False
B,71025,71025|71021|71022,TL,880302,43,2,2,0.410193532705307,0.5698665976524353,0.5151114463806152,0.17136043310165405,False
B,71025,71025|71021|71022,TL,880302,59,0,0,0.30025067925453186,0.5393430590629578,0.30983301997184753,0.12831048667430878,False
B,71025,71025|71021|71022,TL,880302,59,1,1,0.2542053163051605,0.5129827857017517,0.7026338577270508,0.2962568402290344,False
B,71025,71025|71021|71022,TL,880302,59,2,2,0.45322301983833313,0.5929850935935974,0.6200453639030457,0.25447869300842285,False
B,71025,71025|71021|71022,TL,880302,79,0,0,0.2680952548980713,0.4898233711719513,0.25153648853302,0.09659431874752045,False
B,71025,71025|71021|71022,TL,880302,79,1,1,0.27413201332092285,0.5472599267959595,0.6685007810592651,0.27373582124710083,False
B,71025,71025|71021|71022,TL,880302,79,2,2,0.45198822021484375,0.5916762351989746,0.6266998648643494,0.2584410309791565,False
B,71025,71025|71021|71022,TL,880302,119,0,0,0.32031407952308655,0.5790116786956787,0.44540935754776,0.12942001223564148,False
B,71025,71025|71021|71022,TL,880302,119,1,1,0.18736223876476288,0.42733192443847656,0.7568265199661255,0.38033682107925415,False
B,71025,71025|71021|71022,TL,880302,119,2,2,0.44993630051612854,0.5895289778709412,0.6387767791748047,0.2660874128341675,False
B,71025,71025|71021|71022,TL,880303,0,0,0,0.23459099233150482,0.46222734451293945,0.6742619276046753,0.3075026869773865,False
B,71025,71025|71021|71022,TL,880303,0,1,1,0.21814607083797455,0.41876375675201416,0.8163864612579346,0.40317317843437195,False
B,71025,71025|71021|71022,TL,880303,0,2,2,0.3931213319301605,0.6385406255722046,0.6657944321632385,0.29778575897216797,False
B,71025,71025|71021|71022,TL,880303,27,0,0,0.31080543994903564,0.5776204466819763,0.4892562925815582,0.15922746062278748,False
B,71025,71025|71021|71022,TL,880303,27,1,1,0.19844837486743927,0.42729321122169495,0.6367967128753662,0.26378822326660156,False
B,71025,71025|71021|71022,TL,880303,27,2,2,0.4071902334690094,0.5679910778999329,0.40715542435646057,0.12860038876533508,False
B,71025,71025|71021|71022,TL,880303,43,0,0,0.30209946632385254,0.5609262585639954,0.46014130115509033,0.1449652910232544,False
B,71025,71025|71021|71022,TL,880303,43,1,1,0.19963566958904266,0.4348793029785156,0.6243715286254883,0.25298404693603516,False
B,71025,71025|71021|71022,TL,880303,43,2,2,0.4052492082118988,0.5747583508491516,0.4756561517715454,0.16566495597362518,False
B,71025,71025|71021|71022,TL,880303,59,0,0,0.27789217233657837,0.5188814997673035,0.3323298692703247,0.11304314434528351,False
B,71025,71025|71021|71022,TL,880303,59,1,1,0.207222118973732,0.45030808448791504,0.6029267311096191,0.2399860918521881,False
B,71025,71025|71021|71022,TL,880303,59,2,2,0.41141852736473083,0.5814301371574402,0.5639931559562683,0.2250211536884308,False
B,71025,71025|71021|71022,TL,880303,79,0,0,0.25748857855796814,0.4872281849384308,0.18794097006320953,0.07703441381454468,False
B,71025,71025|71021|71022,TL,880303,79,1,1,0.27532607316970825,0.5489720702171326,0.639778196811676,0.2744150161743164,False
B,71025,71025|71021|71022,TL,880303,79,2,2,0.4526115655899048,0.5910998582839966,0.6261827945709229,0.2589496076107025,False
B,71025,71025|71021|71022,TL,880303,119,0,0,0.31967130303382874,0.5788776874542236,0.4437456727027893,0.12854862213134766,False
B,71025,71025|71021|71022,TL,880303,119,1,1,0.18812453746795654,0.42789149284362793,0.7556598782539368,0.37982794642448425,False
B,71025,71025|71021|71022,TL,880303,119,2,2,0.4506353437900543,0.5888581871986389,0.6382818222045898,0.26656466722488403,False
B,71025,71025|71021|71022,DS,880400,0,0,0,0.23241394758224487,0.4573984146118164,0.6678231358528137,0.30909210443496704,False
B,71025,71025|71021|71022,DS,880400,0,1,1,0.21930380165576935,0.41737958788871765,0.811646044254303,0.3985846936702728,False
B,71025,71025|71021|71022,DS,880400,0,2,2,0.3931213319301605,0.6385406255722046,0.6657944321632385,0.29778575897216797,False
B,71025,71025|71021|71022,DS,880400,27,0,0,0.3138200342655182,0.5783498287200928,0.4687269330024719,0.14919885993003845,False
B,71025,71025|71021|71022,DS,880400,27,1,1,0.19981078803539276,0.42614397406578064,0.6127398610115051,0.24651461839675903,False
B,71025,71025|71021|71022,DS,880400,27,2,2,0.41182181239128113,0.5549001693725586,0.39128759503364563,0.12211152911186218,False
B,71025,71025|71021|71022,DS,880400,43,0,0,0.30428066849708557,0.5603081583976746,0.42896440625190735,0.1318778544664383,False
B,71025,71025|71021|71022,DS,880400,43,1,1,0.19976742565631866,0.4324394762516022,0.5969505906105042,0.23616793751716614,False
B,71025,71025|71021|71022,DS,880400,43,2,2,0.4104700982570648,0.5612878203392029,0.4630208909511566,0.16005083918571472,False
B,71025,71025|71021|71022,DS,880400,59,0,0,0.2919692397117615,0.5463082790374756,0.2762104570865631,0.09700939804315567,False
B,71025,71025|71021|71022,DS,880400,59,1,1,0.23467732965946198,0.49309346079826355,0.6559156179428101,0.2799445390701294,False
B,71025,71025|71021|71022,DS,880400,59,2,2,0.4528060257434845,0.5937088131904602,0.6200358271598816,0.2536102831363678,False
B,71025,71025|71021|71022,DS,880400,79,0,0,0.25730597972869873,0.4867342412471771,0.17654679715633392,0.07258523255586624,False
B,71025,71025|71021|71022,DS,880400,79,1,1,0.2629818916320801,0.5338098406791687,0.6212018132209778,0.26123952865600586,False
B,71025,71025|71021|71022,DS,880400,79,2,2,0.4515744149684906,0.5924434065818787,0.6267052888870239,0.25759023427963257,False
B,71025,71025|71021|71022,DS,880400,119,0,0,0.2987600564956665,0.5455366969108582,0.26978009939193726,0.09853573143482208,False
B,71025,71025|71021|71022,DS,880400,119,1,1,0.19363249838352203,0.42808225750923157,0.7176559567451477,0.33775997161865234,False
B,71025,71025|71021|71022,DS,880400,119,2,2,0.4038751423358917,0.6389877200126648,0.6226891875267029,0.2634729743003845,False
B,71025,71025|71021|71022,DS,880401,0,0,0,0.23453621566295624,0.460714727640152,0.6808630228042603,0.31116026639938354,False
B,71025,71025|71021|71022,DS,880401,0,1,1,0.2199510931968689,0.4185267388820648,0.8179336786270142,0.40387630462646484,False
B,71025,71025|71021|71022,DS,880401,0,2,2,0.3931213319301605,0.6385406255722046,0.6657944321632385,0.29778575897216797,False
B,71025,71025|71021|71022,DS,880401,27,0,0,0.3143804371356964,0.5798978209495544,0.48281076550483704,0.16134464740753174,False
B,71025,71025|71021|71022,DS,880401,27,1,1,0.20078463852405548,0.4277290999889374,0.6442683935165405,0.27260369062423706,False
B,71025,71025|71021|71022,DS,880401,27,2,2,0.40568336844444275,0.570951521396637,0.4171142578125,0.13003844022750854,False
B,71025,71025|71021|71022,DS,880401,43,0,0,0.30626001954078674,0.5640900731086731,0.4754120409488678,0.1555267572402954,False
B,71025,71025|71021|71022,DS,880401,43,1,1,0.20141077041625977,0.4352869689464569,0.6350629329681396,0.2611289322376251,False
B,71025,71025|71021|71022,DS,880401,43,2,2,0.40359166264533997,0.5773876309394836,0.48182451725006104,0.16484054923057556,False
B,71025,71025|71021|71022,DS,880401,59,0,0,0.29714834690093994,0.5538328886032104,0.29185545444488525,0.10354632139205933,False
B,71025,71025|71021|71022,DS,880401,59,1,1,0.24697506427764893,0.5092241764068604,0.6935450434684753,0.309969961643219,False
B,71025,71025|71021|71022,DS,880401,59,2,2,0.45274266600608826,0.59364253282547,0.6202103495597839,0.2537297010421753,False
B,71025,71025|71021|71022,DS,880401,79,0,0,0.26046788692474365,0.49064120650291443,0.2076227366924286,0.08122752606868744,False
B,71025,71025|71021|71022,DS,880401,79,1,1,0.2750788629055023,0.5499188899993896,0.6611504554748535,0.2870909571647644,False
B,71025,71025|71021|71022,DS,880401,79,2,2,0.45149996876716614,0.5923791527748108,0.6268718838691711,0.25770893692970276,False
B,71025,71025|71021|71022,DS,880401,119,0,0,0.29867422580718994,0.5454814434051514,0.27012142539024353,0.09867537766695023,False
B,71025,71025|71021|71022,DS,880401,119,1,1,0.19362010061740875,0.42810365557670593,0.7175772190093994,0.3376588821411133,False
B,71025,71025|71021|71022,DS,880401,119,2,2,0.403870552778244,0.639018177986145,0.6231476068496704,0.2638453543186188,False
B,71025,71025|71021|71022,DS,880402,0,0,0,0.23868699371814728,0.4772827625274658,0.6698986291885376,0.33029425144195557,False
B,71025,71025|71021|71022,DS,880402,0,1,1,0.20212818682193756,0.4204498529434204,0.8063859343528748,0.396246075630188,False
B,71025,71025|71021|71022,DS,880402,0,2,2,0.3931213319301605,0.6385406255722046,0.6657944321632385,0.29778575897216797,False
B,71025,71025|71021|71022,DS,880402,27,0,0,0.3028726875782013,0.5635900497436523,0.4181475341320038,0.13393619656562805,False
B,71025,71025|71021|71022,DS,880402,27,1,1,0.19804386794567108,0.43386805057525635,0.6162526607513428,0.24966296553611755,False
B,71025,71025|71021|71022,DS,880402,27,2,2,0.4040431082248688,0.5668484568595886,0.43845880031585693,0.1452888548374176,False
B,71025,71025|71021|71022,DS,880402,43,0,0,0.28202977776527405,0.5294933915138245,0.3151622414588928,0.10824859142303467,False
B,71025,71025|71021|71022,DS,880402,43,1,1,0.20286701619625092,0.44392022490501404,0.6063618659973145,0.24304978549480438,False
B,71025,71025|71021|71022,DS,880402,43,2,2,0.40639591217041016,0.5743564963340759,0.5080199241638184,0.18554848432540894,False
B,71025,71025|71021|71022,DS,880402,59,0,0,0.26783835887908936,0.509120762348175,0.23337537050247192,0.09910392761230469,False
B,71025,71025|71021|71022,DS,880402,59,1,1,0.2624965012073517,0.5322393774986267,0.6564827561378479,0.2828248143196106,False
B,71025,71025|71021|71022,DS,880402,59,2,2,0.4525505304336548,0.5934436917304993,0.6207340359687805,0.2540879547595978,False
B,71025,71025|71021|71022,DS,880402,79,0,0,0.2521684467792511,0.47912466526031494,0.17766807973384857,0.06450386345386505,False
B,71025,71025|71021|71022,DS,880402,79,1,1,0.28654906153678894,0.5661991238594055,0.6223083734512329,0.2647058367729187,False
B,71025,71025|71021|71022,DS,880402,79,2,2,0.451274037361145,0.5921857953071594,0.6273701190948486,0.25806427001953125,False
B,71025,71025|71021|71022,DS,880402,119,0,0,0.2984160780906677,0.5453143119812012,0.27114883065223694,0.09909605979919434,False
B,71025,71025|71021|71022,DS,880402,119,1,1,0.1935841292142868,0.42816826701164246,0.7173402309417725,0.3373578190803528,False
B,71025,71025|71021|71022,DS,880402,119,2,2,0.40385702252388,0.6391100883483887,0.6245229244232178,0.26496604084968567,False
B,71025,71025|71021|71022,DS,880403,0,0,0,0.2411758303642273,0.4821278154850006,0.6819462180137634,0.3340305685997009,False
B,71025,71025|71021|71022,DS,880403,0,1,1,0.2014371156692505,0.421187162399292,0.8134335279464722,0.4024045467376709,False
B,71025,71025|71021|71022,DS,880403,0,2,2,0.3931213319301605,0.6385406255722046,0.6657944321632385,0.29778575897216797,False
B,71025,71025|71021|71022,DS,880403,27,0,0,0.302329957485199,0.5630331635475159,0.45093947649002075,0.1509394645690918,False
B,71025,71025|71021|71022,DS,880403,27,1,1,0.20102812349796295,0.43909409642219543,0.642471432685852,0.2679377794265747,False
B,71025,71025|71021|71022,DS,880403,27,2,2,0.39454546570777893,0.5822125673294067,0.4715796113014221,0.15917660295963287,False
B,71025,71025|71021|71022,DS,880403,43,0,0,0.28102579712867737,0.528241753578186,0.3545742630958557,0.12273591011762619,False
B,71025,71025|71021|71022,DS,880403,43,1,1,0.20849068462848663,0.45270028710365295,0.6339351534843445,0.26053136587142944,False
B,71025,71025|71021|71022,DS,880403,43,2,2,0.3966796398162842,0.5890464782714844,0.5348331928253174,0.19774463772773743,False
B,71025,71025|71021|71022,DS,880403,59,0,0,0.2684348225593567,0.508962094783783,0.255562961101532,0.10660579800605774,False
B,71025,71025|71021|71022,DS,880403,59,1,1,0.27582040429115295,0.5498870015144348,0.6837531328201294,0.3037267327308655,False
B,71025,71025|71021|71022,DS,880403,59,2,2,0.4525505304336548,0.5934436917304993,0.6207340359687805,0.2540879547595978,False
B,71025,71025|71021|71022,DS,880403,79,0,0,0.25415244698524475,0.48126623034477234,0.20427118241786957,0.06906198710203171,False
B,71025,71025|71021|71022,DS,880403,79,1,1,0.29722148180007935,0.5808679461479187,0.6503380537033081,0.2831776738166809,False
B,71025,71025|71021|71022,DS,880403,79,2,2,0.451274037361145,0.5921857953071594,0.6273701190948486,0.25806427001953125,False
B,71025,71025|71021|71022,DS,880403,119,0,0,0.2984160780906677,0.5453143119812012,0.27114883065223694,0.09909605979919434,False
B,71025,71025|71021|71022,DS,880403,119,1,1,0.1935841292142868,0.42816826701164246,0.7173402309417725,0.3373578190803528,False
B,71025,71025|71021|71022,DS,880403,119,2,2,0.40385702252388,0.6391100883483887,0.6245229244232178,0.26496604084968567,False
B,71025,71025|71021|71022,DL,880500,0,0,0,0.24353934824466705,0.48746514320373535,0.6825324296951294,0.32181841135025024,False
B,71025,71025|71021|71022,DL,880500,0,1,1,0.20221300423145294,0.42130717635154724,0.819741427898407,0.41030454635620117,False
B,71025,71025|71021|71022,DL,880500,0,2,2,0.3931213319301605,0.6385406255722046,0.6657944321632385,0.29778575897216797,False
B,71025,71025|71021|71022,DL,880500,27,0,0,0.29866909980773926,0.5630043148994446,0.5115455389022827,0.17143815755844116,False
B,71025,71025|71021|71022,DL,880500,27,1,1,0.20357705652713776,0.4446024000644684,0.6695176959037781,0.29183095693588257,False
B,71025,71025|71021|71022,DL,880500,27,2,2,0.38543447852134705,0.5988226532936096,0.49915751814842224,0.1769251525402069,False
B,71025,71025|71021|71022,DL,880500,43,0,0,0.28070756793022156,0.5336765646934509,0.4108327031135559,0.14277207851409912,False
B,71025,71025|71021|71022,DL,880500,43,1,1,0.21488814055919647,0.4628358781337738,0.6634191274642944,0.2847304046154022,False
B,71025,71025|71021|71022,DL,880500,43,2,2,0.38490423560142517,0.6042621731758118,0.5547245740890503,0.21265707910060883,False
B,71025,71025|71021|71022,DL,880500,59,0,0,0.27045533061027527,0.5131554007530212,0.2992486357688904,0.12083527445793152,False
B,71025,71025|71021|71022,DL,880500,59,1,1,0.2946683466434479,0.5700947642326355,0.7106414437294006,0.3290702700614929,False
B,71025,71025|71021|71022,DL,880500,59,2,2,0.45248568058013916,0.593377411365509,0.6209082007408142,0.2542072832584381,False
B,71025,71025|71021|71022,DL,880500,79,0,0,0.2549212872982025,0.4820359945297241,0.2382798045873642,0.07906228303909302,False
B,71025,71025|71021|71022,DL,880500,79,1,1,0.31449660658836365,0.5994629263877869,0.678891658782959,0.3066618740558624,False
B,71025,71025|71021|71022,DL,880500,79,2,2,0.45119795203208923,0.5921216011047363,0.627535879611969,0.2581825256347656,False
B,71025,71025|71021|71022,DL,880500,119,0,0,0.3207921087741852,0.5790416598320007,0.44694840908050537,0.13035055994987488,False
B,71025,71025|71021|71022,DL,880500,119,1,1,0.18678025901317596,0.4270450174808502,0.7579569220542908,0.3807884454727173,False
B,71025,71025|71021|71022,DL,880500,119,2,2,0.4490234851837158,0.5901012420654297,0.6395665407180786,0.26585954427719116,False
B,71025,71025|71021|71022,DL,880501,0,0,0,0.23858030140399933,0.47284963726997375,0.6400790214538574,0.30883610248565674,False
B,71025,71025|71021|71022,DL,880501,0,1,1,0.2070164531469345,0.419472336769104,0.8060017824172974,0.3941023349761963,False
B,71025,71025|71021|71022,DL,880501,0,2,2,0.3931213319301605,0.6385406255722046,0.6657944321632385,0.29778575897216797,False
B,71025,71025|71021|71022,DL,880501,27,0,0,0.3124513626098633,0.568002462387085,0.4362536668777466,0.14692634344100952,False
B,71025,71025|71021|71022,DL,880501,27,1,1,0.20298922061920166,0.43242037296295166,0.6282090544700623,0.2514604330062866,False
B,71025,71025|71021|71022,DL,880501,27,2,2,0.4055722653865814,0.5628754496574402,0.43872296810150146,0.13842511177062988,False
B,71025,71025|71021|71022,DL,880501,43,0,0,0.2922080457210541,0.5365571975708008,0.38126078248023987,0.1246519386768341,False
B,71025,71025|71021|71022,DL,880501,43,1,1,0.204936221241951,0.4398755729198456,0.6202545166015625,0.24382655322551727,False
B,71025,71025|71021|71022,DL,880501,43,2,2,0.4071296155452728,0.5697141885757446,0.5045638680458069,0.1749020516872406,False
B,71025,71025|71021|71022,DL,880501,59,0,0,0.2778853476047516,0.520408570766449,0.2544444501399994,0.10530971735715866,False
B,71025,71025|71021|71022,DL,880501,59,1,1,0.25543710589408875,0.5212551951408386,0.6719344258308411,0.2866972088813782,False
B,71025,71025|71021|71022,DL,880501,59,2,2,0.45261502265930176,0.5935099124908447,0.6205599308013916,0.2539689540863037,False
B,71025,71025|71021|71022,DL,880501,79,0,0,0.2559346556663513,0.4822217524051666,0.1847788393497467,0.07039289176464081,False
B,71025,71025|71021|71022,DL,880501,79,1,1,0.2787555456161499,0.5561128258705139,0.6374839544296265,0.2662404179573059,False
B,71025,71025|71021|71022,DL,880501,79,2,2,0.45134973526000977,0.5922501683235168,0.6272034645080566,0.25794532895088196,False
B,71025,71025|71021|71022,DL,880501,119,0,0,0.3209432065486908,0.5791285037994385,0.44698038697242737,0.13025501370429993,False
B,71025,71025|71021|71022,DL,880501,119,1,1,0.18667550384998322,0.4268024265766144,0.7577789425849915,0.3806961178779602,False
B,71025,71025|71021|71022,DL,880501,119,2,2,0.4492247998714447,0.5901951193809509,0.6392551064491272,0.26562005281448364,False
B,71025,71025|71021|71022,DL,880502,0,0,0,0.23277877271175385,0.45422282814979553,0.6793371438980103,0.31583312153816223,False
B,71025,71025|71021|71022,DL,880502,0,1,1,0.22254271805286407,0.41564610600471497,0.8167586326599121,0.400716632604599,False
B,71025,71025|71021|71022,DL,880502,0,2,2,0.3931213319301605,0.6385406255722046,0.6657944321632385,0.29778575897216797,False
B,71025,71025|71021|71022,DL,880502,27,0,0,0.3265569508075714,0.5818716883659363,0.4298948049545288,0.15062901377677917,False
B,71025,71025|71021|71022,DL,880502,27,1,1,0.20843593776226044,0.4278010427951813,0.6466550230979919,0.2719454765319824,False
B,71025,71025|71021|71022,DL,880502,27,2,2,0.41057801246643066,0.5645269751548767,0.42894282937049866,0.13027675449848175,False
B,71025,71025|71021|71022,DL,880502,43,0,0,0.31696879863739014,0.564659833908081,0.4434279203414917,0.15487125515937805,False
B,71025,71025|71021|71022,DL,880502,43,1,1,0.20709975063800812,0.4342249929904938,0.6439723968505859,0.2589593529701233,False
B,71025,71025|71021|71022,DL,880502,43,2,2,0.41012176871299744,0.5699244141578674,0.4904613196849823,0.16240932047367096,False
B,71025,71025|71021|71022,DL,880502,59,0,0,0.31062576174736023,0.5604528188705444,0.31598421931266785,0.11425675451755524,False
B,71025,71025|71021|71022,DL,880502,59,1,1,0.24273858964443207,0.5006786584854126,0.7031271457672119,0.3100423216819763,False
B,71025,71025|71021|71022,DL,880502,59,2,2,0.4528060257434845,0.5937088131904602,0.6200358271598816,0.2536102831363678,False
B,71025,71025|71021|71022,DL,880502,79,0,0,0.26948702335357666,0.4958089292049408,0.24099157750606537,0.09613530337810516,False
B,71025,71025|71021|71022,DL,880502,79,1,1,0.2653876841068268,0.5376278758049011,0.6751143932342529,0.2873435616493225,False
B,71025,71025|71021|71022,DL,880502,79,2,2,0.4515744149684906,0.5924434065818787,0.6267052888870239,0.25759023427963257,False
B,71025,71025|71021|71022,DL,880502,119,0,0,0.32116934657096863,0.5792576670646667,0.4470202922821045,0.13010680675506592,False
B,71025,71025|71021|71022,DL,880502,119,1,1,0.1865234524011612,0.4264424741268158,0.7575089931488037,0.3805520534515381,False
B,71025,71025|71021|71022,DL,880502,119,2,2,0.44952306151390076,0.5903376340866089,0.6387902498245239,0.2652626037597656,False
B,71025,71025|71021|71022,DL,880503,0,0,0,0.23785094916820526,0.46394267678260803,0.6586456298828125,0.30303072929382324,False
B,71025,71025|71021|71022,DL,880503,0,1,1,0.216873899102211,0.41619476675987244,0.8154240250587463,0.39953112602233887,False
B,71025,71025|71021|71022,DL,880503,0,2,2,0.3931213319301605,0.6385406255722046,0.6657944321632385,0.29778575897216797,False
B,71025,71025|71021|71022,DL,880503,27,0,0,0.3292793333530426,0.5773257613182068,0.4124920070171356,0.15314429998397827,False
B,71025,71025|71021|71022,DL,880503,27,1,1,0.2111092358827591,0.43051329255104065,0.6697352528572083,0.27533209323883057,False
B,71025,71025|71021|71022,DL,880503,27,2,2,0.40699195861816406,0.5717917084693909,0.46701154112815857,0.1443880945444107,False
B,71025,71025|71021|71022,DL,880503,43,0,0,0.31487616896629333,0.5547398328781128,0.4410349726676941,0.15621310472488403,False
B,71025,71025|71021|71022,DL,880503,43,1,1,0.2109658122062683,0.43787649273872375,0.6624019742012024,0.2629263401031494,False
B,71025,71025|71021|71022,DL,880503,43,2,2,0.40724825859069824,0.5770070552825928,0.5224858522415161,0.17521676421165466,False
B,71025,71025|71021|71022,DL,880503,59,0,0,0.3078067898750305,0.5490903258323669,0.331665575504303,0.12868112325668335,False
B,71025,71025|71021|71022,DL,880503,59,1,1,0.25476449728012085,0.5169447064399719,0.7151687145233154,0.31084513664245605,False
B,71025,71025|71021|71022,DL,880503,59,2,2,0.45274266600608826,0.59364253282547,0.6202103495597839,0.2537297010421753,False
B,71025,71025|71021|71022,DL,880503,79,0,0,0.271135538816452,0.49304959177970886,0.2762365937232971,0.10359075665473938,False
B,71025,71025|71021|71022,DL,880503,79,1,1,0.2742312252521515,0.550432026386261,0.68494713306427,0.2875962555408478,False
B,71025,71025|71021|71022,DL,880503,79,2,2,0.45149996876716614,0.5923791527748108,0.6268718838691711,0.25770893692970276,False
B,71025,71025|71021|71022,DL,880503,119,0,0,0.32109424471855164,0.5792150497436523,0.4470084011554718,0.1301569938659668,False
B,71025,71025|71021|71022,DL,880503,119,1,1,0.18657346069812775,0.42656195163726807,0.7576006054878235,0.3806011974811554,False
B,71025,71025|71021|71022,DL,880503,119,2,2,0.44942402839660645,0.590289831161499,0.6389449834823608,0.26538175344467163,False
B,71025,71025|71021|71022,CP,880600,0,0,0,0.2375447303056717,0.461995393037796,0.6604920625686646,0.30451032519340515,False
B,71025,71025|71021|71022,CP,880600,0,1,1,0.21811307966709137,0.4153555631637573,0.8149663209915161,0.3983071446418762,False
B,71025,71025|71021|71022,CP,880600,0,2,2,0.3931213319301605,0.6385406255722046,0.6657944321632385,0.29778575897216797,False
B,71025,71025|71021|71022,CP,880600,27,0,0,0.3331230580806732,0.5766590237617493,0.38397157192230225,0.14624209702014923,False
B,71025,71025|71021|71022,CP,880600,27,1,1,0.21371996402740479,0.42977192997932434,0.6759642362594604,0.27611982822418213,False
B,71025,71025|71021|71022,CP,880600,27,2,2,0.4092322289943695,0.5721462368965149,0.47743546962738037,0.14792649447917938,False
B,71025,71025|71021|71022,CP,880600,43,0,0,0.3439745604991913,0.5957963466644287,0.3689645528793335,0.12375485152006149,False
B,71025,71025|71021|71022,CP,880600,43,1,1,0.23916327953338623,0.4840013086795807,0.7072803974151611,0.30968165397644043,False
B,71025,71025|71021|71022,CP,880600,43,2,2,0.4527505338191986,0.5956413149833679,0.6151543855667114,0.24918121099472046,False
B,71025,71025|71021|71022,CP,880600,59,0,0,0.31595125794410706,0.552360475063324,0.3568863868713379,0.13469362258911133,False
B,71025,71025|71021|71022,CP,880600,59,1,1,0.25264421105384827,0.514494001865387,0.7187027931213379,0.3097039461135864,False
B,71025,71025|71021|71022,CP,880600,59,2,2,0.4516166150569916,0.5948062539100647,0.6208484768867493,0.25250327587127686,False
B,71025,71025|71021|71022,CP,880600,79,0,0,0.27700796723365784,0.49514666199684143,0.311797559261322,0.11460761725902557,False
B,71025,71025|71021|71022,CP,880600,79,1,1,0.27048060297966003,0.5465467572212219,0.6927818059921265,0.2892291843891144,False
B,71025,71025|71021|71022,CP,880600,79,2,2,0.45034000277519226,0.593633770942688,0.6274972558021545,0.2565077245235443,False
B,71025,71025|71021|71022,CP,880600,119,0,0,0.32246163487434387,0.579487144947052,0.4498966634273529,0.13162747025489807,False
B,71025,71025|71021|71022,CP,880600,119,1,1,0.18532879650592804,0.4253772795200348,0.758868932723999,0.3808533549308777,False
B,71025,71025|71021|71022,CP,880600,119,2,2,0.4481748640537262,0.5916926264762878,0.6395387053489685,0.2642308175563812,False
B,71025,71025|71021|71022,CP,880601,0,0,0,0.23337477445602417,0.4594780206680298,0.6290073990821838,0.30071181058883667,False
B,71025,71025|71021|71022,CP,880601,0,1,1,0.21538197994232178,0.41632139682769775,0.800184965133667,0.3890625834465027,False
B,71025,71025|71021|71022,CP,880601,0,2,2,0.3931213319301605,0.6385406255722046,0.6657944321632385,0.29778575897216797,False
B,71025,71025|71021|71022,CP,880601,27,0,0,0.31843093037605286,0.5718892812728882,0.42463013529777527,0.13876786828041077,False
B,71025,71025|71021|71022,CP,880601,27,1,1,0.20583905279636383,0.42773565649986267,0.6021090745925903,0.2351420670747757,False
B,71025,71025|71021|71022,CP,880601,27,2,2,0.4134967625141144,0.5420053601264954,0.3998315632343292,0.12272138893604279,False
B,71025,71025|71021|71022,CP,880601,43,0,0,0.3024838864803314,0.5470625758171082,0.37570658326148987,0.12116289138793945,False
B,71025,71025|71021|71022,CP,880601,43,1,1,0.20507405698299408,0.43307027220726013,0.5917642712593079,0.22642499208450317,False
B,71025,71025|71021|71022,CP,880601,43,2,2,0.41363897919654846,0.5473861694335938,0.4712347388267517,0.15970131754875183,False
B,71025,71025|71021|71022,CP,880601,59,0,0,0.2739766538143158,0.5036654472351074,0.31021636724472046,0.10316204279661179,False
B,71025,71025|71021|71022,CP,880601,59,1,1,0.2071104496717453,0.4426349699497223,0.5716933608055115,0.2164457142353058,False
B,71025,71025|71021|71022,CP,880601,59,2,2,0.4077484607696533,0.5448437929153442,0.5652578473091125,0.21758927404880524,False
B,71025,71025|71021|71022,CP,880601,79,0,0,0.25796911120414734,0.48425087332725525,0.18148492276668549,0.0755825787782669,False
B,71025,71025|71021|71022,CP,880601,79,1,1,0.26065507531166077,0.5271547436714172,0.6095165610313416,0.24806475639343262,False
B,71025,71025|71021|71022,CP,880601,79,2,2,0.4526841938495636,0.5911667943000793,0.6260187029838562,0.25883299112319946,False
B,71025,71025|71021|71022,CP,880601,119,0,0,0.3197464644908905,0.5789193511009216,0.4437638223171234,0.12849873304367065,False
B,71025,71025|71021|71022,CP,880601,119,1,1,0.18807750940322876,0.4277729094028473,0.7555568218231201,0.3797720968723297,False
B,71025,71025|71021|71022,CP,880601,119,2,2,0.4507327079772949,0.5889080166816711,0.6381284594535828,0.2664473056793213,False
B,71025,71025|71021|71022,CP,880602,0,0,0,0.2478988915681839,0.4903450906276703,0.6699483394622803,0.30556976795196533,False
B,71025,71025|71021|71022,CP,880602,0,1,1,0.20538073778152466,0.4213577210903168,0.8221642971038818,0.41155558824539185,False
B,71025,71025|71021|71022,CP,880602,0,2,2,0.3931213319301605,0.6385406255722046,0.6657944321632385,0.29778575897216797,False
B,71025,71025|71021|71022,CP,880602,27,0,0,0.3083113729953766,0.5700612664222717,0.5057670474052429,0.18504737317562103,False
B,71025,71025|71021|71022,CP,880602,27,1,1,0.2096461057662964,0.44859766960144043,0.681361198425293,0.309049129486084,False
B,71025,71025|71021|71022,CP,880602,27,2,2,0.37625551223754883,0.6116659045219421,0.5534139275550842,0.19742444157600403,False
B,71025,71025|71021|71022,CP,880602,43,0,0,0.30989861488342285,0.5741391777992249,0.39928075671195984,0.13479620218276978,False
B,71025,71025|71021|71022,CP,880602,43,1,1,0.28226718306541443,0.5532419085502625,0.7311381697654724,0.3584476113319397,False
B,71025,71025|71021|71022,CP,880602,43,2,2,0.4525212347507477,0.5953908562660217,0.6158894300460815,0.2496708780527115,False
B,71025,71025|71021|71022,CP,880602,59,0,0,0.28061801195144653,0.525596559047699,0.3543371260166168,0.1313409060239792,False
B,71025,71025|71021|71022,CP,880602,59,1,1,0.2989387810230255,0.5791527628898621,0.735668420791626,0.34953463077545166,False
B,71025,71025|71021|71022,CP,880602,59,2,2,0.4513528347015381,0.5945513844490051,0.6215544939041138,0.2529887557029724,False
B,71025,71025|71021|71022,CP,880602,79,0,0,0.259841650724411,0.4872722625732422,0.2815108895301819,0.09220784157514572,False
B,71025,71025|71021|71022,CP,880602,79,1,1,0.3140040934085846,0.6034854650497437,0.7099514603614807,0.3236497640609741,False
B,71025,71025|71021|71022,CP,880602,79,2,2,0.4500311315059662,0.5933864116668701,0.6281690001487732,0.25698959827423096,False
B,71025,71025|71021|71022,CP,880602,119,0,0,0.3221589922904968,0.579308271408081,0.449861615896225,0.1318223774433136,False
B,71025,71025|71021|71022,CP,880602,119,1,1,0.18554365634918213,0.42586174607276917,0.7591952681541443,0.38101136684417725,False
B,71025,71025|71021|71022,CP,880602,119,2,2,0.4477684497833252,0.5915119051933289,0.6401664018630981,0.2647165060043335,False
B,71025,71025|71021|71022,CP,880603,0,0,0,0.24032528698444366,0.4685401916503906,0.6601728796958923,0.30057182908058167,False
B,71025,71025|71021|71022,CP,880603,0,1,1,0.21512554585933685,0.41671422123908997,0.8171172142028809,0.40126511454582214,False
B,71025,71025|71021|71022,CP,880603,0,2,2,0.3931213319301605,0.6385406255722046,0.6657944321632385,0.29778575897216797,False
B,71025,71025|71021|71022,CP,880603,27,0,0,0.3291986584663391,0.5777071118354797,0.4135189950466156,0.15608066320419312,False
B,71025,71025|71021|71022,CP,880603,27,1,1,0.21053875982761383,0.4319113790988922,0.6770753264427185,0.28328436613082886,False
B,71025,71025|71021|71022,CP,880603,27,2,2,0.4015096426010132,0.5803640484809875,0.4888467490673065,0.15423324704170227,False
B,71025,71025|71021|71022,CP,880603,43,0,0,0.31458809971809387,0.5548588633537292,0.4469233453273773,0.160957932472229,False
B,71025,71025|71021|71022,CP,880603,43,1,1,0.2115122228860855,0.44037845730781555,0.6717716455459595,0.27196043729782104,False
B,71025,71025|71021|71022,CP,880603,43,2,2,0.40135645866394043,0.5854113698005676,0.5393697023391724,0.18379813432693481,False
B,71025,71025|71021|71022,CP,880603,59,0,0,0.28738006949424744,0.5140979290008545,0.46156349778175354,0.14913301169872284,False
B,71025,71025|71021|71022,CP,880603,59,1,1,0.21664340794086456,0.4560798704624176,0.653349757194519,0.2564554214477539,False
B,71025,71025|71021|71022,CP,880603,59,2,2,0.4046386182308197,0.5898206830024719,0.5928009152412415,0.22566989064216614,False
B,71025,71025|71021|71022,CP,880603,79,0,0,0.2722397744655609,0.4944576323032379,0.2982364594936371,0.10942161828279495,False
B,71025,71025|71021|71022,CP,880603,79,1,1,0.28287261724472046,0.561764121055603,0.6925939917564392,0.29399925470352173,False
B,71025,71025|71021|71022,CP,880603,79,2,2,0.4525385797023773,0.5910329222679138,0.6263469457626343,0.25906604528427124,False
B,71025,71025|71021|71022,CP,880603,119,0,0,0.31959620118141174,0.5788360238075256,0.4437255561351776,0.128597691655159,False
B,71025,71025|71021|71022,CP,880603,119,1,1,0.1881721466779709,0.4280104637145996,0.7557618021965027,0.3798829913139343,False
B,71025,71025|71021|71022,CP,880603,119,2,2,0.4505375921726227,0.5888087749481201,0.6384355425834656,0.26668214797973633,False
