cohort,method,seed,bin_id,update_start,update_end,environment_steps_million_end,metric,mean_value
formal_2301_2305,utr_sg,2301,0,1,500,0.128,train_avg_reward,-0.01236868338422937
formal_2301_2305,utr_sg,2301,0,1,500,0.128,entropy,2.734416385293007
formal_2301_2305,utr_sg,2301,0,1,500,0.128,approx_kl,0.0010735231157381502
formal_2301_2305,utr_sg,2301,0,1,500,0.128,policy_loss,-0.0018936642660550762
formal_2301_2305,utr_sg,2301,0,1,500,0.128,value_loss,0.49046376305283046
formal_2301_2305,utr_sg,2301,0,1,500,0.128,grad_norm,1.6173928608298302
formal_2301_2305,utr_sg,2301,1,501,1000,0.256,train_avg_reward,0.024166659071110187
formal_2301_2305,utr_sg,2301,1,501,1000,0.256,entropy,2.447045625805855
formal_2301_2305,utr_sg,2301,1,501,1000,0.256,approx_kl,0.0009616489059517335
formal_2301_2305,utr_sg,2301,1,501,1000,0.256,policy_loss,-0.002261301003248794
formal_2301_2305,utr_sg,2301,1,501,1000,0.256,value_loss,0.3346900416649878
formal_2301_2305,utr_sg,2301,1,501,1000,0.256,grad_norm,1.1517248611450195
formal_2301_2305,utr_sg,2301,2,1001,1500,0.384,train_avg_reward,0.07432192251019296
formal_2301_2305,utr_sg,2301,2,1001,1500,0.384,entropy,2.582112438082695
formal_2301_2305,utr_sg,2301,2,1001,1500,0.384,approx_kl,0.00047741872437776086
formal_2301_2305,utr_sg,2301,2,1001,1500,0.384,policy_loss,-0.0016292777818429473
formal_2301_2305,utr_sg,2301,2,1001,1500,0.384,value_loss,0.5598530880268663
formal_2301_2305,utr_sg,2301,2,1001,1500,0.384,grad_norm,1.7025121855065226
formal_2301_2305,utr_sg,2301,3,1501,2000,0.512,train_avg_reward,0.08930382991721854
formal_2301_2305,utr_sg,2301,3,1501,2000,0.512,entropy,2.551842875123024
formal_2301_2305,utr_sg,2301,3,1501,2000,0.512,approx_kl,0.000678549493040767
formal_2301_2305,utr_sg,2301,3,1501,2000,0.512,policy_loss,-0.001782822773486069
formal_2301_2305,utr_sg,2301,3,1501,2000,0.512,value_loss,0.7518693626979366
formal_2301_2305,utr_sg,2301,3,1501,2000,0.512,grad_norm,2.1432402454689146
formal_2301_2305,utr_sg,2301,4,2001,2500,0.64,train_avg_reward,0.07838409590537776
formal_2301_2305,utr_sg,2301,4,2001,2500,0.64,entropy,2.514992285966873
formal_2301_2305,utr_sg,2301,4,2001,2500,0.64,approx_kl,0.0008113914582272627
formal_2301_2305,utr_sg,2301,4,2001,2500,0.64,policy_loss,-0.0018919076093348662
formal_2301_2305,utr_sg,2301,4,2001,2500,0.64,value_loss,0.7400703361714259
formal_2301_2305,utr_sg,2301,4,2001,2500,0.64,grad_norm,2.157631237722933
formal_2301_2305,utr_sg,2301,5,2501,3000,0.768,train_avg_reward,0.12253978375624865
formal_2301_2305,utr_sg,2301,5,2501,3000,0.768,entropy,2.626997279524803
formal_2301_2305,utr_sg,2301,5,2501,3000,0.768,approx_kl,0.0005992192309621866
formal_2301_2305,utr_sg,2301,5,2501,3000,0.768,policy_loss,-0.001676228263868765
formal_2301_2305,utr_sg,2301,5,2501,3000,0.768,value_loss,1.1080562105216085
formal_2301_2305,utr_sg,2301,5,2501,3000,0.768,grad_norm,2.976715867616236
formal_2301_2305,utr_sg,2301,6,3001,3500,0.896,train_avg_reward,0.14262090118974446
formal_2301_2305,utr_sg,2301,6,3001,3500,0.896,entropy,2.5839246944189074
formal_2301_2305,utr_sg,2301,6,3001,3500,0.896,approx_kl,0.0008216965869967984
formal_2301_2305,utr_sg,2301,6,3001,3500,0.896,policy_loss,-0.002002161449233573
formal_2301_2305,utr_sg,2301,6,3001,3500,0.896,value_loss,1.02373600817658
formal_2301_2305,utr_sg,2301,6,3001,3500,0.896,grad_norm,2.897882879063487
formal_2301_2305,utr_sg,2301,7,3501,4000,1.024,train_avg_reward,0.1540516709536314
formal_2301_2305,utr_sg,2301,7,3501,4000,1.024,entropy,2.5274451078176496
formal_2301_2305,utr_sg,2301,7,3501,4000,1.024,approx_kl,0.0007441785699531161
formal_2301_2305,utr_sg,2301,7,3501,4000,1.024,policy_loss,-0.0018112668258335593
formal_2301_2305,utr_sg,2301,7,3501,4000,1.024,value_loss,1.1419911601394415
formal_2301_2305,utr_sg,2301,7,3501,4000,1.024,grad_norm,3.432299369752407
formal_2301_2305,utr_sg,2301,8,4001,4500,1.152,train_avg_reward,0.18637733285874128
formal_2301_2305,utr_sg,2301,8,4001,4500,1.152,entropy,2.4183848326802253
formal_2301_2305,utr_sg,2301,8,4001,4500,1.152,approx_kl,0.0008193606593889247
formal_2301_2305,utr_sg,2301,8,4001,4500,1.152,policy_loss,-0.0020307548281384624
formal_2301_2305,utr_sg,2301,8,4001,4500,1.152,value_loss,1.2133475454300642
formal_2301_2305,utr_sg,2301,8,4001,4500,1.152,grad_norm,3.8976862433850767
formal_2301_2305,utr_sg,2301,9,4501,5000,1.28,train_avg_reward,0.19298917426913978
formal_2301_2305,utr_sg,2301,9,4501,5000,1.28,entropy,2.43431962454319
formal_2301_2305,utr_sg,2301,9,4501,5000,1.28,approx_kl,0.001040453344265643
formal_2301_2305,utr_sg,2301,9,4501,5000,1.28,policy_loss,-0.0021289831332691983
formal_2301_2305,utr_sg,2301,9,4501,5000,1.28,value_loss,1.3285805696994066
formal_2301_2305,utr_sg,2301,9,4501,5000,1.28,grad_norm,4.524845538318157
formal_2301_2305,utr_sg,2301,10,5001,5500,1.408,train_avg_reward,0.22250974979996682
formal_2301_2305,utr_sg,2301,10,5001,5500,1.408,entropy,2.353084331214428
formal_2301_2305,utr_sg,2301,10,5001,5500,1.408,approx_kl,0.0009173837989495344
formal_2301_2305,utr_sg,2301,10,5001,5500,1.408,policy_loss,-0.00197916646843189
formal_2301_2305,utr_sg,2301,10,5001,5500,1.408,value_loss,1.330672729626298
formal_2301_2305,utr_sg,2301,10,5001,5500,1.408,grad_norm,4.7326073522865775
formal_2301_2305,utr_sg,2301,11,5501,6000,1.536,train_avg_reward,0.20097726256400347
formal_2301_2305,utr_sg,2301,11,5501,6000,1.536,entropy,2.289762741804123
formal_2301_2305,utr_sg,2301,11,5501,6000,1.536,approx_kl,0.0010964984532223145
formal_2301_2305,utr_sg,2301,11,5501,6000,1.536,policy_loss,-0.0022195048400882097
formal_2301_2305,utr_sg,2301,11,5501,6000,1.536,value_loss,1.377307286709547
formal_2301_2305,utr_sg,2301,11,5501,6000,1.536,grad_norm,5.088382197201252
formal_2301_2305,utr_sg,2301,12,6001,6500,1.664,train_avg_reward,0.22778124418854714
formal_2301_2305,utr_sg,2301,12,6001,6500,1.664,entropy,2.2637260820269587
formal_2301_2305,utr_sg,2301,12,6001,6500,1.664,approx_kl,0.0011258756195954142
formal_2301_2305,utr_sg,2301,12,6001,6500,1.664,policy_loss,-0.002058570395596601
formal_2301_2305,utr_sg,2301,12,6001,6500,1.664,value_loss,1.4061709560900926
formal_2301_2305,utr_sg,2301,12,6001,6500,1.664,grad_norm,5.015423282802105
formal_2301_2305,utr_sg,2301,13,6501,7000,1.792,train_avg_reward,0.23574517440795897
formal_2301_2305,utr_sg,2301,13,6501,7000,1.792,entropy,2.2548959830999373
formal_2301_2305,utr_sg,2301,13,6501,7000,1.792,approx_kl,0.001135451517653261
formal_2301_2305,utr_sg,2301,13,6501,7000,1.792,policy_loss,-0.00220327152204149
formal_2301_2305,utr_sg,2301,13,6501,7000,1.792,value_loss,1.2067904762998223
formal_2301_2305,utr_sg,2301,13,6501,7000,1.792,grad_norm,5.034957891792059
formal_2301_2305,utr_sg,2301,14,7001,7500,1.92,train_avg_reward,0.23978539901226759
formal_2301_2305,utr_sg,2301,14,7001,7500,1.92,entropy,2.273886728644371
formal_2301_2305,utr_sg,2301,14,7001,7500,1.92,approx_kl,0.0011837775279312456
formal_2301_2305,utr_sg,2301,14,7001,7500,1.92,policy_loss,-0.0023179362420225696
formal_2301_2305,utr_sg,2301,14,7001,7500,1.92,value_loss,1.136181994445622
formal_2301_2305,utr_sg,2301,14,7001,7500,1.92,grad_norm,5.708529672324658
formal_2301_2305,utr_sg,2301,15,7501,8000,2.048,train_avg_reward,0.2355764760673046
formal_2301_2305,utr_sg,2301,15,7501,8000,2.048,entropy,2.276502140045166
formal_2301_2305,utr_sg,2301,15,7501,8000,2.048,approx_kl,0.001250086501495995
formal_2301_2305,utr_sg,2301,15,7501,8000,2.048,policy_loss,-0.002423539062620848
formal_2301_2305,utr_sg,2301,15,7501,8000,2.048,value_loss,1.1133656293675303
formal_2301_2305,utr_sg,2301,15,7501,8000,2.048,grad_norm,5.672278704464436
formal_2301_2305,utr_sg,2301,16,8001,8500,2.176,train_avg_reward,0.23819940935075284
formal_2301_2305,utr_sg,2301,16,8001,8500,2.176,entropy,2.2426114683151246
formal_2301_2305,utr_sg,2301,16,8001,8500,2.176,approx_kl,0.0013076254922301208
formal_2301_2305,utr_sg,2301,16,8001,8500,2.176,policy_loss,-0.002291583606304483
formal_2301_2305,utr_sg,2301,16,8001,8500,2.176,value_loss,1.0914366104826332
formal_2301_2305,utr_sg,2301,16,8001,8500,2.176,grad_norm,5.4353696337640285
formal_2301_2305,utr_sg,2301,17,8501,9000,2.304,train_avg_reward,0.23176207715272903
formal_2301_2305,utr_sg,2301,17,8501,9000,2.304,entropy,2.1655673224925995
formal_2301_2305,utr_sg,2301,17,8501,9000,2.304,approx_kl,0.001427326036739032
formal_2301_2305,utr_sg,2301,17,8501,9000,2.304,policy_loss,-0.0025014705854838823
formal_2301_2305,utr_sg,2301,17,8501,9000,2.304,value_loss,1.1621712502539159
formal_2301_2305,utr_sg,2301,17,8501,9000,2.304,grad_norm,5.7884857660532
formal_2301_2305,utr_sg,2301,18,9001,9500,2.432,train_avg_reward,0.22531994809955358
formal_2301_2305,utr_sg,2301,18,9001,9500,2.432,entropy,2.1308163899183272
formal_2301_2305,utr_sg,2301,18,9001,9500,2.432,approx_kl,0.0013534352174213685
formal_2301_2305,utr_sg,2301,18,9001,9500,2.432,policy_loss,-0.002429933967374772
formal_2301_2305,utr_sg,2301,18,9001,9500,2.432,value_loss,1.2265057154223322
formal_2301_2305,utr_sg,2301,18,9001,9500,2.432,grad_norm,6.405928850829602
formal_2301_2305,utr_sg,2301,19,9501,10000,2.56,train_avg_reward,0.23789816704392433
formal_2301_2305,utr_sg,2301,19,9501,10000,2.56,entropy,2.096111321270466
formal_2301_2305,utr_sg,2301,19,9501,10000,2.56,approx_kl,0.001640440059263104
formal_2301_2305,utr_sg,2301,19,9501,10000,2.56,policy_loss,-0.0026707202220583354
formal_2301_2305,utr_sg,2301,19,9501,10000,2.56,value_loss,1.0149655941016973
formal_2301_2305,utr_sg,2301,19,9501,10000,2.56,grad_norm,5.787976140528917
formal_2301_2305,utr_sg,2301,20,10001,10500,2.688,train_avg_reward,0.2342119185179472
formal_2301_2305,utr_sg,2301,20,10001,10500,2.688,entropy,2.051995215833187
formal_2301_2305,utr_sg,2301,20,10001,10500,2.688,approx_kl,0.001308187019268492
formal_2301_2305,utr_sg,2301,20,10001,10500,2.688,policy_loss,-0.0023062729820846886
formal_2301_2305,utr_sg,2301,20,10001,10500,2.688,value_loss,1.0061965459305793
formal_2301_2305,utr_sg,2301,20,10001,10500,2.688,grad_norm,6.67159785437584
formal_2301_2305,utr_sg,2301,21,10501,11000,2.816,train_avg_reward,0.21612965670973064
formal_2301_2305,utr_sg,2301,21,10501,11000,2.816,entropy,2.053537327468395
formal_2301_2305,utr_sg,2301,21,10501,11000,2.816,approx_kl,0.001387870934930409
formal_2301_2305,utr_sg,2301,21,10501,11000,2.816,policy_loss,-0.0025314640548030256
formal_2301_2305,utr_sg,2301,21,10501,11000,2.816,value_loss,1.1862653450891376
formal_2301_2305,utr_sg,2301,21,10501,11000,2.816,grad_norm,6.170735140293837
formal_2301_2305,utr_sg,2301,22,11001,11500,2.944,train_avg_reward,0.25481424655020235
formal_2301_2305,utr_sg,2301,22,11001,11500,2.944,entropy,2.124321229815483
formal_2301_2305,utr_sg,2301,22,11001,11500,2.944,approx_kl,0.0014708217321331173
formal_2301_2305,utr_sg,2301,22,11001,11500,2.944,policy_loss,-0.0024212082575891785
formal_2301_2305,utr_sg,2301,22,11001,11500,2.944,value_loss,0.9722643422409892
formal_2301_2305,utr_sg,2301,22,11001,11500,2.944,grad_norm,5.928753780126572
formal_2301_2305,utr_sg,2301,23,11501,12000,3.072,train_avg_reward,0.23827176584303378
formal_2301_2305,utr_sg,2301,23,11501,12000,3.072,entropy,2.0254600290060045
formal_2301_2305,utr_sg,2301,23,11501,12000,3.072,approx_kl,0.0013263771985966737
formal_2301_2305,utr_sg,2301,23,11501,12000,3.072,policy_loss,-0.0023963988975897227
formal_2301_2305,utr_sg,2301,23,11501,12000,3.072,value_loss,1.2055082343667745
formal_2301_2305,utr_sg,2301,23,11501,12000,3.072,grad_norm,6.593800295352936
formal_2301_2305,utr_sg,2301,24,12001,12500,3.2,train_avg_reward,0.2789174353480339
formal_2301_2305,utr_sg,2301,24,12001,12500,3.2,entropy,1.8767247523069381
formal_2301_2305,utr_sg,2301,24,12001,12500,3.2,approx_kl,0.00142783498256449
formal_2301_2305,utr_sg,2301,24,12001,12500,3.2,policy_loss,-0.0024587090879076563
formal_2301_2305,utr_sg,2301,24,12001,12500,3.2,value_loss,0.9409588034674525
formal_2301_2305,utr_sg,2301,24,12001,12500,3.2,grad_norm,6.258689231753349
formal_2301_2305,utr_sg,2301,25,12501,13000,3.328,train_avg_reward,0.28552608923614026
formal_2301_2305,utr_sg,2301,25,12501,13000,3.328,entropy,1.8525435535311698
formal_2301_2305,utr_sg,2301,25,12501,13000,3.328,approx_kl,0.0012398284746930881
formal_2301_2305,utr_sg,2301,25,12501,13000,3.328,policy_loss,-0.0019451133387555796
formal_2301_2305,utr_sg,2301,25,12501,13000,3.328,value_loss,0.9253874111622572
formal_2301_2305,utr_sg,2301,25,12501,13000,3.328,grad_norm,8.747571679919957
formal_2301_2305,utr_sg,2301,26,13001,13500,3.456,train_avg_reward,0.27597341787815094
formal_2301_2305,utr_sg,2301,26,13001,13500,3.456,entropy,1.8095213539600372
formal_2301_2305,utr_sg,2301,26,13001,13500,3.456,approx_kl,0.0013254001396768814
formal_2301_2305,utr_sg,2301,26,13001,13500,3.456,policy_loss,-0.002257075435163226
formal_2301_2305,utr_sg,2301,26,13001,13500,3.456,value_loss,1.3356885297745467
formal_2301_2305,utr_sg,2301,26,13001,13500,3.456,grad_norm,8.819747082740069
formal_2301_2305,utr_sg,2301,27,13501,14000,3.584,train_avg_reward,0.2584580309391022
formal_2301_2305,utr_sg,2301,27,13501,14000,3.584,entropy,1.911454735636711
formal_2301_2305,utr_sg,2301,27,13501,14000,3.584,approx_kl,0.001618798581364292
formal_2301_2305,utr_sg,2301,27,13501,14000,3.584,policy_loss,-0.0025045434981012193
formal_2301_2305,utr_sg,2301,27,13501,14000,3.584,value_loss,0.8248970191273838
formal_2301_2305,utr_sg,2301,27,13501,14000,3.584,grad_norm,6.286908301621676
formal_2301_2305,utr_sg,2301,28,14001,14500,3.712,train_avg_reward,0.2381645929515362
formal_2301_2305,utr_sg,2301,28,14001,14500,3.712,entropy,1.8468126930594444
formal_2301_2305,utr_sg,2301,28,14001,14500,3.712,approx_kl,0.0012044264231553816
formal_2301_2305,utr_sg,2301,28,14001,14500,3.712,policy_loss,-0.002100432455251074
formal_2301_2305,utr_sg,2301,28,14001,14500,3.712,value_loss,1.0526105024088175
formal_2301_2305,utr_sg,2301,28,14001,14500,3.712,grad_norm,8.355824528098106
formal_2301_2305,utr_sg,2301,29,14501,15000,3.84,train_avg_reward,0.26368896484375
formal_2301_2305,utr_sg,2301,29,14501,15000,3.84,entropy,1.8156881162524223
formal_2301_2305,utr_sg,2301,29,14501,15000,3.84,approx_kl,0.0014803842713912055
formal_2301_2305,utr_sg,2301,29,14501,15000,3.84,policy_loss,-0.00248550889337452
formal_2301_2305,utr_sg,2301,29,14501,15000,3.84,value_loss,0.8398256771769375
formal_2301_2305,utr_sg,2301,29,14501,15000,3.84,grad_norm,6.865812946528196
formal_2301_2305,utr_sg,2301,30,15001,15500,3.968,train_avg_reward,0.25439513482898474
formal_2301_2305,utr_sg,2301,30,15001,15500,3.968,entropy,1.8132819535136222
formal_2301_2305,utr_sg,2301,30,15001,15500,3.968,approx_kl,0.0014827782907309466
formal_2301_2305,utr_sg,2301,30,15001,15500,3.968,policy_loss,-0.0023683874302570765
formal_2301_2305,utr_sg,2301,30,15001,15500,3.968,value_loss,0.9134933134764432
formal_2301_2305,utr_sg,2301,30,15001,15500,3.968,grad_norm,6.913064501196146
formal_2301_2305,utr_sg,2301,31,15501,16000,4.096,train_avg_reward,0.2722025769650936
formal_2301_2305,utr_sg,2301,31,15501,16000,4.096,entropy,1.845022325515747
formal_2301_2305,utr_sg,2301,31,15501,16000,4.096,approx_kl,0.0014527140083306052
formal_2301_2305,utr_sg,2301,31,15501,16000,4.096,policy_loss,-0.0022151503563263616
formal_2301_2305,utr_sg,2301,31,15501,16000,4.096,value_loss,0.6623130785897374
formal_2301_2305,utr_sg,2301,31,15501,16000,4.096,grad_norm,6.683816264405847
formal_2301_2305,utr_sg,2301,32,16001,16500,4.224,train_avg_reward,0.26115862748026847
formal_2301_2305,utr_sg,2301,32,16001,16500,4.224,entropy,1.69831814712286
formal_2301_2305,utr_sg,2301,32,16001,16500,4.224,approx_kl,0.001223416825697463
formal_2301_2305,utr_sg,2301,32,16001,16500,4.224,policy_loss,-0.002047772080609398
formal_2301_2305,utr_sg,2301,32,16001,16500,4.224,value_loss,0.8657868116907775
formal_2301_2305,utr_sg,2301,32,16001,16500,4.224,grad_norm,9.709512954592705
formal_2301_2305,utr_sg,2301,33,16501,17000,4.352,train_avg_reward,0.2678474799245596
formal_2301_2305,utr_sg,2301,33,16501,17000,4.352,entropy,1.6745243175029754
formal_2301_2305,utr_sg,2301,33,16501,17000,4.352,approx_kl,0.001616044596180774
formal_2301_2305,utr_sg,2301,33,16501,17000,4.352,policy_loss,-0.0024739435469669094
formal_2301_2305,utr_sg,2301,33,16501,17000,4.352,value_loss,0.8099328915961087
formal_2301_2305,utr_sg,2301,33,16501,17000,4.352,grad_norm,8.51652703422308
formal_2301_2305,utr_sg,2301,34,17001,17500,4.48,train_avg_reward,0.2709335191696882
formal_2301_2305,utr_sg,2301,34,17001,17500,4.48,entropy,1.7860900146365166
formal_2301_2305,utr_sg,2301,34,17001,17500,4.48,approx_kl,0.001792069387983245
formal_2301_2305,utr_sg,2301,34,17001,17500,4.48,policy_loss,-0.0025166012367496154
formal_2301_2305,utr_sg,2301,34,17001,17500,4.48,value_loss,0.8388009351771325
formal_2301_2305,utr_sg,2301,34,17001,17500,4.48,grad_norm,8.11319143292308
formal_2301_2305,utr_sg,2301,35,17501,18000,4.608,train_avg_reward,0.27043292951583864
formal_2301_2305,utr_sg,2301,35,17501,18000,4.608,entropy,1.7424469540119172
formal_2301_2305,utr_sg,2301,35,17501,18000,4.608,approx_kl,0.0015808208054343882
formal_2301_2305,utr_sg,2301,35,17501,18000,4.608,policy_loss,-0.002524370501843273
formal_2301_2305,utr_sg,2301,35,17501,18000,4.608,value_loss,0.6159685863368213
formal_2301_2305,utr_sg,2301,35,17501,18000,4.608,grad_norm,5.849904423713684
formal_2301_2305,utr_sg,2301,36,18001,18500,4.736,train_avg_reward,0.2804978642463684
formal_2301_2305,utr_sg,2301,36,18001,18500,4.736,entropy,1.6844172126054764
formal_2301_2305,utr_sg,2301,36,18001,18500,4.736,approx_kl,0.0013999088827607296
formal_2301_2305,utr_sg,2301,36,18001,18500,4.736,policy_loss,-0.002370420762021249
formal_2301_2305,utr_sg,2301,36,18001,18500,4.736,value_loss,0.6204931978732348
formal_2301_2305,utr_sg,2301,36,18001,18500,4.736,grad_norm,5.688190063655377
formal_2301_2305,utr_sg,2301,37,18501,19000,4.864,train_avg_reward,0.27378967943787574
formal_2301_2305,utr_sg,2301,37,18501,19000,4.864,entropy,1.6143003761172294
formal_2301_2305,utr_sg,2301,37,18501,19000,4.864,approx_kl,0.001393776363296939
formal_2301_2305,utr_sg,2301,37,18501,19000,4.864,policy_loss,-0.002479368302861915
formal_2301_2305,utr_sg,2301,37,18501,19000,4.864,value_loss,1.058556777941063
formal_2301_2305,utr_sg,2301,37,18501,19000,4.864,grad_norm,8.1340543063879
formal_2301_2305,utr_sg,2301,38,19001,19500,4.992,train_avg_reward,0.29308263850212096
formal_2301_2305,utr_sg,2301,38,19001,19500,4.992,entropy,1.6356000586152077
formal_2301_2305,utr_sg,2301,38,19001,19500,4.992,approx_kl,0.0013615240332513442
formal_2301_2305,utr_sg,2301,38,19001,19500,4.992,policy_loss,-0.0022197234326792902
formal_2301_2305,utr_sg,2301,38,19001,19500,4.992,value_loss,0.6216222134977579
formal_2301_2305,utr_sg,2301,38,19001,19500,4.992,grad_norm,7.205125798001886
formal_2301_2305,utr_sg,2301,39,19501,20000,5.12,train_avg_reward,0.2951935965269804
formal_2301_2305,utr_sg,2301,39,19501,20000,5.12,entropy,1.5759046949148179
formal_2301_2305,utr_sg,2301,39,19501,20000,5.12,approx_kl,0.0015356295398403267
formal_2301_2305,utr_sg,2301,39,19501,20000,5.12,policy_loss,-0.002478761191594247
formal_2301_2305,utr_sg,2301,39,19501,20000,5.12,value_loss,0.59459835684672
formal_2301_2305,utr_sg,2301,39,19501,20000,5.12,grad_norm,6.227008422195912
formal_2301_2305,utr_sg,2301,40,20001,20500,5.248,train_avg_reward,0.2770197068452835
formal_2301_2305,utr_sg,2301,40,20001,20500,5.248,entropy,1.6134961042404175
formal_2301_2305,utr_sg,2301,40,20001,20500,5.248,approx_kl,0.0016144974263655333
formal_2301_2305,utr_sg,2301,40,20001,20500,5.248,policy_loss,-0.0026976955699176556
formal_2301_2305,utr_sg,2301,40,20001,20500,5.248,value_loss,0.4798675844054669
formal_2301_2305,utr_sg,2301,40,20001,20500,5.248,grad_norm,4.890439925968647
formal_2301_2305,utr_sg,2301,41,20501,21000,5.376,train_avg_reward,0.2884161458313465
formal_2301_2305,utr_sg,2301,41,20501,21000,5.376,entropy,1.578872507750988
formal_2301_2305,utr_sg,2301,41,20501,21000,5.376,approx_kl,0.0014927670609104062
formal_2301_2305,utr_sg,2301,41,20501,21000,5.376,policy_loss,-0.002355543526589339
formal_2301_2305,utr_sg,2301,41,20501,21000,5.376,value_loss,0.6795009032413364
formal_2301_2305,utr_sg,2301,41,20501,21000,5.376,grad_norm,6.408832838058472
formal_2301_2305,utr_sg,2301,42,21001,21500,5.504,train_avg_reward,0.30316796055436135
formal_2301_2305,utr_sg,2301,42,21001,21500,5.504,entropy,1.5738875923752784
formal_2301_2305,utr_sg,2301,42,21001,21500,5.504,approx_kl,0.0015608262348793353
formal_2301_2305,utr_sg,2301,42,21001,21500,5.504,policy_loss,-0.002294309687321475
formal_2301_2305,utr_sg,2301,42,21001,21500,5.504,value_loss,0.7029776633363217
formal_2301_2305,utr_sg,2301,42,21001,21500,5.504,grad_norm,9.288347558051347
formal_2301_2305,utr_sg,2301,43,21501,22000,5.632,train_avg_reward,0.27113129261136054
formal_2301_2305,utr_sg,2301,43,21501,22000,5.632,entropy,1.6298955011367797
formal_2301_2305,utr_sg,2301,43,21501,22000,5.632,approx_kl,0.0017878812467370124
formal_2301_2305,utr_sg,2301,43,21501,22000,5.632,policy_loss,-0.002681107610303144
formal_2301_2305,utr_sg,2301,43,21501,22000,5.632,value_loss,0.94325961782597
formal_2301_2305,utr_sg,2301,43,21501,22000,5.632,grad_norm,7.682026780515909
formal_2301_2305,utr_sg,2301,44,22001,22500,5.76,train_avg_reward,0.2724185296744108
formal_2301_2305,utr_sg,2301,44,22001,22500,5.76,entropy,1.677944622337818
formal_2301_2305,utr_sg,2301,44,22001,22500,5.76,approx_kl,0.0017455908879037423
formal_2301_2305,utr_sg,2301,44,22001,22500,5.76,policy_loss,-0.0027183785982158462
formal_2301_2305,utr_sg,2301,44,22001,22500,5.76,value_loss,0.6847719481121749
formal_2301_2305,utr_sg,2301,44,22001,22500,5.76,grad_norm,6.774853082478047
formal_2301_2305,utr_sg,2301,45,22501,23000,5.888,train_avg_reward,0.2608430372029543
formal_2301_2305,utr_sg,2301,45,22501,23000,5.888,entropy,1.5792317851781845
formal_2301_2305,utr_sg,2301,45,22501,23000,5.888,approx_kl,0.001900013191246214
formal_2301_2305,utr_sg,2301,45,22501,23000,5.888,policy_loss,-0.002759793604685487
formal_2301_2305,utr_sg,2301,45,22501,23000,5.888,value_loss,0.6921294727232307
formal_2301_2305,utr_sg,2301,45,22501,23000,5.888,grad_norm,6.323523345202208
formal_2301_2305,utr_sg,2301,46,23001,23500,6.016,train_avg_reward,0.2651840164810419
formal_2301_2305,utr_sg,2301,46,23001,23500,6.016,entropy,1.6326291954517365
formal_2301_2305,utr_sg,2301,46,23001,23500,6.016,approx_kl,0.0016485838482558372
formal_2301_2305,utr_sg,2301,46,23001,23500,6.016,policy_loss,-0.0027570704533197007
formal_2301_2305,utr_sg,2301,46,23001,23500,6.016,value_loss,0.6791870566224679
formal_2301_2305,utr_sg,2301,46,23001,23500,6.016,grad_norm,5.796756287544966
formal_2301_2305,utr_sg,2301,47,23501,24000,6.144,train_avg_reward,0.2813093663752079
formal_2301_2305,utr_sg,2301,47,23501,24000,6.144,entropy,1.6452630439996718
formal_2301_2305,utr_sg,2301,47,23501,24000,6.144,approx_kl,0.0014910983743923953
formal_2301_2305,utr_sg,2301,47,23501,24000,6.144,policy_loss,-0.0027581272787835904
formal_2301_2305,utr_sg,2301,47,23501,24000,6.144,value_loss,0.7040719647184014
formal_2301_2305,utr_sg,2301,47,23501,24000,6.144,grad_norm,6.000313295155764
formal_2301_2305,utr_sg,2301,48,24001,24500,6.272,train_avg_reward,0.2831720914542675
formal_2301_2305,utr_sg,2301,48,24001,24500,6.272,entropy,1.618113133907318
formal_2301_2305,utr_sg,2301,48,24001,24500,6.272,approx_kl,0.0015576913989904493
formal_2301_2305,utr_sg,2301,48,24001,24500,6.272,policy_loss,-0.0026705139409985866
formal_2301_2305,utr_sg,2301,48,24001,24500,6.272,value_loss,0.6221413297485561
formal_2301_2305,utr_sg,2301,48,24001,24500,6.272,grad_norm,5.842304965019226
formal_2301_2305,utr_sg,2301,49,24501,25000,6.4,train_avg_reward,0.2691577505990863
formal_2301_2305,utr_sg,2301,49,24501,25000,6.4,entropy,1.5959544690847396
formal_2301_2305,utr_sg,2301,49,24501,25000,6.4,approx_kl,0.0016900768621077656
formal_2301_2305,utr_sg,2301,49,24501,25000,6.4,policy_loss,-0.002980340264414429
formal_2301_2305,utr_sg,2301,49,24501,25000,6.4,value_loss,0.5878068288676441
formal_2301_2305,utr_sg,2301,49,24501,25000,6.4,grad_norm,5.815145083144307
formal_2301_2305,utr_sg,2301,50,25001,25500,6.528,train_avg_reward,0.27208495628088714
formal_2301_2305,utr_sg,2301,50,25001,25500,6.528,entropy,1.656984342455864
formal_2301_2305,utr_sg,2301,50,25001,25500,6.528,approx_kl,0.0016171693512360404
formal_2301_2305,utr_sg,2301,50,25001,25500,6.528,policy_loss,-0.0026944626359824537
formal_2301_2305,utr_sg,2301,50,25001,25500,6.528,value_loss,0.7023223650995642
formal_2301_2305,utr_sg,2301,50,25001,25500,6.528,grad_norm,6.366246976017952
formal_2301_2305,utr_sg,2301,51,25501,26000,6.656,train_avg_reward,0.2694338671863079
formal_2301_2305,utr_sg,2301,51,25501,26000,6.656,entropy,1.5636163985133171
formal_2301_2305,utr_sg,2301,51,25501,26000,6.656,approx_kl,0.0015962423802481343
formal_2301_2305,utr_sg,2301,51,25501,26000,6.656,policy_loss,-0.0027886642465318684
formal_2301_2305,utr_sg,2301,51,25501,26000,6.656,value_loss,0.5317105357702822
formal_2301_2305,utr_sg,2301,51,25501,26000,6.656,grad_norm,5.529498326063156
formal_2301_2305,utr_sg,2301,52,26001,26500,6.784,train_avg_reward,0.26268860247731207
formal_2301_2305,utr_sg,2301,52,26001,26500,6.784,entropy,1.6279740791916848
formal_2301_2305,utr_sg,2301,52,26001,26500,6.784,approx_kl,0.001762285352325607
formal_2301_2305,utr_sg,2301,52,26001,26500,6.784,policy_loss,-0.002672665488565193
formal_2301_2305,utr_sg,2301,52,26001,26500,6.784,value_loss,0.8569596843812615
formal_2301_2305,utr_sg,2301,52,26001,26500,6.784,grad_norm,6.9336941922605035
formal_2301_2305,utr_sg,2301,53,26501,27000,6.912,train_avg_reward,0.2800775119960308
formal_2301_2305,utr_sg,2301,53,26501,27000,6.912,entropy,1.5471999152302742
formal_2301_2305,utr_sg,2301,53,26501,27000,6.912,approx_kl,0.0014390961083972766
formal_2301_2305,utr_sg,2301,53,26501,27000,6.912,policy_loss,-0.002530558091039274
formal_2301_2305,utr_sg,2301,53,26501,27000,6.912,value_loss,0.8439154041036964
formal_2301_2305,utr_sg,2301,53,26501,27000,6.912,grad_norm,7.329866358667612
formal_2301_2305,utr_sg,2301,54,27001,27500,7.04,train_avg_reward,0.29179702270030977
formal_2301_2305,utr_sg,2301,54,27001,27500,7.04,entropy,1.5926233125925064
formal_2301_2305,utr_sg,2301,54,27001,27500,7.04,approx_kl,0.0017402594614553243
formal_2301_2305,utr_sg,2301,54,27001,27500,7.04,policy_loss,-0.002664158858522046
formal_2301_2305,utr_sg,2301,54,27001,27500,7.04,value_loss,0.7223792738504707
formal_2301_2305,utr_sg,2301,54,27001,27500,7.04,grad_norm,7.953181021898985
formal_2301_2305,utr_sg,2301,55,27501,28000,7.168,train_avg_reward,0.3101285774409771
formal_2301_2305,utr_sg,2301,55,27501,28000,7.168,entropy,1.6040892795920372
formal_2301_2305,utr_sg,2301,55,27501,28000,7.168,approx_kl,0.001693845756371953
formal_2301_2305,utr_sg,2301,55,27501,28000,7.168,policy_loss,-0.0024772626624668544
formal_2301_2305,utr_sg,2301,55,27501,28000,7.168,value_loss,0.6736608693636954
formal_2301_2305,utr_sg,2301,55,27501,28000,7.168,grad_norm,8.167300838023424
formal_2301_2305,utr_sg,2301,56,28001,28500,7.296,train_avg_reward,0.2880247464776039
formal_2301_2305,utr_sg,2301,56,28001,28500,7.296,entropy,1.661584813773632
formal_2301_2305,utr_sg,2301,56,28001,28500,7.296,approx_kl,0.001782599058565207
formal_2301_2305,utr_sg,2301,56,28001,28500,7.296,policy_loss,-0.002799033782385314
formal_2301_2305,utr_sg,2301,56,28001,28500,7.296,value_loss,0.6537485307510942
formal_2301_2305,utr_sg,2301,56,28001,28500,7.296,grad_norm,7.023312475383282
formal_2301_2305,utr_sg,2301,57,28501,29000,7.424,train_avg_reward,0.26787962873280047
formal_2301_2305,utr_sg,2301,57,28501,29000,7.424,entropy,1.6450217419266702
formal_2301_2305,utr_sg,2301,57,28501,29000,7.424,approx_kl,0.0015173614830443166
formal_2301_2305,utr_sg,2301,57,28501,29000,7.424,policy_loss,-0.0026145726960567013
formal_2301_2305,utr_sg,2301,57,28501,29000,7.424,value_loss,0.6051421168521046
formal_2301_2305,utr_sg,2301,57,28501,29000,7.424,grad_norm,7.3528695531487465
formal_2301_2305,utr_sg,2301,58,29001,29500,7.552,train_avg_reward,0.2770610577613115
formal_2301_2305,utr_sg,2301,58,29001,29500,7.552,entropy,1.6717689608335495
formal_2301_2305,utr_sg,2301,58,29001,29500,7.552,approx_kl,0.0013752888392060975
formal_2301_2305,utr_sg,2301,58,29001,29500,7.552,policy_loss,-0.0024825313025394406
formal_2301_2305,utr_sg,2301,58,29001,29500,7.552,value_loss,0.5392855850365013
formal_2301_2305,utr_sg,2301,58,29001,29500,7.552,grad_norm,8.332059626668691
formal_2301_2305,utr_sg,2301,59,29501,30000,7.68,train_avg_reward,0.24769956079125405
formal_2301_2305,utr_sg,2301,59,29501,30000,7.68,entropy,1.604037538766861
formal_2301_2305,utr_sg,2301,59,29501,30000,7.68,approx_kl,0.0015631894087400685
formal_2301_2305,utr_sg,2301,59,29501,30000,7.68,policy_loss,-0.0028301009256189247
formal_2301_2305,utr_sg,2301,59,29501,30000,7.68,value_loss,0.5325080613736063
formal_2301_2305,utr_sg,2301,59,29501,30000,7.68,grad_norm,6.311496428012848
formal_2301_2305,utr_sg,2301,60,30001,30500,7.808,train_avg_reward,0.2805847307145596
formal_2301_2305,utr_sg,2301,60,30001,30500,7.808,entropy,1.5430026704072952
formal_2301_2305,utr_sg,2301,60,30001,30500,7.808,approx_kl,0.0014532013809245314
formal_2301_2305,utr_sg,2301,60,30001,30500,7.808,policy_loss,-0.002667893167400344
formal_2301_2305,utr_sg,2301,60,30001,30500,7.808,value_loss,0.41251753985323014
formal_2301_2305,utr_sg,2301,60,30001,30500,7.808,grad_norm,5.535671695113182
formal_2301_2305,utr_sg,2301,61,30501,31000,7.936,train_avg_reward,0.28076156455278395
formal_2301_2305,utr_sg,2301,61,30501,31000,7.936,entropy,1.520075666308403
formal_2301_2305,utr_sg,2301,61,30501,31000,7.936,approx_kl,0.0013031579004888604
formal_2301_2305,utr_sg,2301,61,30501,31000,7.936,policy_loss,-0.0024995377591709098
formal_2301_2305,utr_sg,2301,61,30501,31000,7.936,value_loss,0.6414253183174878
formal_2301_2305,utr_sg,2301,61,30501,31000,7.936,grad_norm,6.558435877501965
formal_2301_2305,utr_sg,2301,62,31001,31500,8.064,train_avg_reward,0.2837575628310442
formal_2301_2305,utr_sg,2301,62,31001,31500,8.064,entropy,1.4682274065613747
formal_2301_2305,utr_sg,2301,62,31001,31500,8.064,approx_kl,0.0013692097094726659
formal_2301_2305,utr_sg,2301,62,31001,31500,8.064,policy_loss,-0.002386180126447205
formal_2301_2305,utr_sg,2301,62,31001,31500,8.064,value_loss,0.7028280610628426
formal_2301_2305,utr_sg,2301,62,31001,31500,8.064,grad_norm,8.040452999442817
formal_2301_2305,utr_sg,2301,63,31501,32000,8.192,train_avg_reward,0.26953943943977354
formal_2301_2305,utr_sg,2301,63,31501,32000,8.192,entropy,1.5645099375247955
formal_2301_2305,utr_sg,2301,63,31501,32000,8.192,approx_kl,0.0013940544002816698
formal_2301_2305,utr_sg,2301,63,31501,32000,8.192,policy_loss,-0.0024592102607030437
formal_2301_2305,utr_sg,2301,63,31501,32000,8.192,value_loss,0.8393184494581074
formal_2301_2305,utr_sg,2301,63,31501,32000,8.192,grad_norm,9.237854710161686
formal_2301_2305,utr_sg,2301,64,32001,32500,8.32,train_avg_reward,0.2923303855359554
formal_2301_2305,utr_sg,2301,64,32001,32500,8.32,entropy,1.5399266429543494
formal_2301_2305,utr_sg,2301,64,32001,32500,8.32,approx_kl,0.00156962762729896
formal_2301_2305,utr_sg,2301,64,32001,32500,8.32,policy_loss,-0.002737702762034738
formal_2301_2305,utr_sg,2301,64,32001,32500,8.32,value_loss,0.4658046721387655
formal_2301_2305,utr_sg,2301,64,32001,32500,8.32,grad_norm,8.250937415003776
formal_2301_2305,utr_sg,2301,65,32501,33000,8.448,train_avg_reward,0.28725713112950324
formal_2301_2305,utr_sg,2301,65,32501,33000,8.448,entropy,1.4949294478297233
formal_2301_2305,utr_sg,2301,65,32501,33000,8.448,approx_kl,0.001674420349792849
formal_2301_2305,utr_sg,2301,65,32501,33000,8.448,policy_loss,-0.002570407589147391
formal_2301_2305,utr_sg,2301,65,32501,33000,8.448,value_loss,0.5346836682800203
formal_2301_2305,utr_sg,2301,65,32501,33000,8.448,grad_norm,8.800418434381484
formal_2301_2305,utr_sg,2301,66,33001,33500,8.576,train_avg_reward,0.28459846670925615
formal_2301_2305,utr_sg,2301,66,33001,33500,8.576,entropy,1.46572102278471
formal_2301_2305,utr_sg,2301,66,33001,33500,8.576,approx_kl,0.0016323476608695222
formal_2301_2305,utr_sg,2301,66,33001,33500,8.576,policy_loss,-0.0027414449658183008
formal_2301_2305,utr_sg,2301,66,33001,33500,8.576,value_loss,0.7115727742798627
formal_2301_2305,utr_sg,2301,66,33001,33500,8.576,grad_norm,7.393782023131847
formal_2301_2305,utr_sg,2301,67,33501,34000,8.704,train_avg_reward,0.2860357889533043
formal_2301_2305,utr_sg,2301,67,33501,34000,8.704,entropy,1.5239392737150192
formal_2301_2305,utr_sg,2301,67,33501,34000,8.704,approx_kl,0.0017036758171310134
formal_2301_2305,utr_sg,2301,67,33501,34000,8.704,policy_loss,-0.002885496187639831
formal_2301_2305,utr_sg,2301,67,33501,34000,8.704,value_loss,0.47754210826195775
formal_2301_2305,utr_sg,2301,67,33501,34000,8.704,grad_norm,6.6144625710248945
formal_2301_2305,utr_sg,2301,68,34001,34500,8.832,train_avg_reward,0.29384628394246104
formal_2301_2305,utr_sg,2301,68,34001,34500,8.832,entropy,1.4876830427646637
formal_2301_2305,utr_sg,2301,68,34001,34500,8.832,approx_kl,0.001863290100404503
formal_2301_2305,utr_sg,2301,68,34001,34500,8.832,policy_loss,-0.0030321353942867097
formal_2301_2305,utr_sg,2301,68,34001,34500,8.832,value_loss,0.4030326267816126
formal_2301_2305,utr_sg,2301,68,34001,34500,8.832,grad_norm,5.885953004390001
formal_2301_2305,utr_sg,2301,69,34501,35000,8.96,train_avg_reward,0.2953133360743523
formal_2301_2305,utr_sg,2301,69,34501,35000,8.96,entropy,1.5177559269070626
formal_2301_2305,utr_sg,2301,69,34501,35000,8.96,approx_kl,0.0013585388188792672
formal_2301_2305,utr_sg,2301,69,34501,35000,8.96,policy_loss,-0.0023441738244717263
formal_2301_2305,utr_sg,2301,69,34501,35000,8.96,value_loss,0.5079124903846532
formal_2301_2305,utr_sg,2301,69,34501,35000,8.96,grad_norm,8.647442447841167
formal_2301_2305,utr_sg,2301,70,35001,35500,9.088,train_avg_reward,0.2767397545874119
formal_2301_2305,utr_sg,2301,70,35001,35500,9.088,entropy,1.5772847309708595
formal_2301_2305,utr_sg,2301,70,35001,35500,9.088,approx_kl,0.001556393927660484
formal_2301_2305,utr_sg,2301,70,35001,35500,9.088,policy_loss,-0.002741688966510313
formal_2301_2305,utr_sg,2301,70,35001,35500,9.088,value_loss,0.5370098018664866
formal_2301_2305,utr_sg,2301,70,35001,35500,9.088,grad_norm,7.8577436084002255
formal_2301_2305,utr_sg,2301,71,35501,36000,9.216,train_avg_reward,0.2732422453165054
formal_2301_2305,utr_sg,2301,71,35501,36000,9.216,entropy,1.5831887560486793
formal_2301_2305,utr_sg,2301,71,35501,36000,9.216,approx_kl,0.0020177239814923526
formal_2301_2305,utr_sg,2301,71,35501,36000,9.216,policy_loss,-0.003115056973312284
formal_2301_2305,utr_sg,2301,71,35501,36000,9.216,value_loss,0.48945320142433046
formal_2301_2305,utr_sg,2301,71,35501,36000,9.216,grad_norm,5.959345644265413
formal_2301_2305,utr_sg,2301,72,36001,36500,9.344,train_avg_reward,0.30087338195741176
formal_2301_2305,utr_sg,2301,72,36001,36500,9.344,entropy,1.6196854927539825
formal_2301_2305,utr_sg,2301,72,36001,36500,9.344,approx_kl,0.0017733477601623187
formal_2301_2305,utr_sg,2301,72,36001,36500,9.344,policy_loss,-0.0026028078001184814
formal_2301_2305,utr_sg,2301,72,36001,36500,9.344,value_loss,0.6097402201425284
formal_2301_2305,utr_sg,2301,72,36001,36500,9.344,grad_norm,7.447160811573267
formal_2301_2305,utr_sg,2301,73,36501,37000,9.472,train_avg_reward,0.25995556488633154
formal_2301_2305,utr_sg,2301,73,36501,37000,9.472,entropy,1.683467690527439
formal_2301_2305,utr_sg,2301,73,36501,37000,9.472,approx_kl,0.0013688247738070105
formal_2301_2305,utr_sg,2301,73,36501,37000,9.472,policy_loss,-0.002572055107598487
formal_2301_2305,utr_sg,2301,73,36501,37000,9.472,value_loss,0.9421808837242425
formal_2301_2305,utr_sg,2301,73,36501,37000,9.472,grad_norm,7.659418171703815
formal_2301_2305,utr_sg,2301,74,37001,37500,9.6,train_avg_reward,0.27634375388920307
formal_2301_2305,utr_sg,2301,74,37001,37500,9.6,entropy,1.6438094772696494
formal_2301_2305,utr_sg,2301,74,37001,37500,9.6,approx_kl,0.0015281327912991037
formal_2301_2305,utr_sg,2301,74,37001,37500,9.6,policy_loss,-0.002686268236898958
formal_2301_2305,utr_sg,2301,74,37001,37500,9.6,value_loss,0.8820434101298451
formal_2301_2305,utr_sg,2301,74,37001,37500,9.6,grad_norm,8.616089067578315
formal_2301_2305,utr_sg,2301,75,37501,38000,9.728,train_avg_reward,0.31227600353956225
formal_2301_2305,utr_sg,2301,75,37501,38000,9.728,entropy,1.7100892673134804
formal_2301_2305,utr_sg,2301,75,37501,38000,9.728,approx_kl,0.002082639833921342
formal_2301_2305,utr_sg,2301,75,37501,38000,9.728,policy_loss,-0.0025991151592356663
formal_2301_2305,utr_sg,2301,75,37501,38000,9.728,value_loss,0.6254135712068528
formal_2301_2305,utr_sg,2301,75,37501,38000,9.728,grad_norm,10.20512564611435
formal_2301_2305,utr_sg,2301,76,38001,38500,9.856,train_avg_reward,0.3019220367372036
formal_2301_2305,utr_sg,2301,76,38001,38500,9.856,entropy,1.5911393300294876
formal_2301_2305,utr_sg,2301,76,38001,38500,9.856,approx_kl,0.0015929466209290632
formal_2301_2305,utr_sg,2301,76,38001,38500,9.856,policy_loss,-0.0026910939613697268
formal_2301_2305,utr_sg,2301,76,38001,38500,9.856,value_loss,0.5548858294840902
formal_2301_2305,utr_sg,2301,76,38001,38500,9.856,grad_norm,8.223803062736987
formal_2301_2305,utr_sg,2301,77,38501,39000,9.984,train_avg_reward,0.2997794191241264
formal_2301_2305,utr_sg,2301,77,38501,39000,9.984,entropy,1.5834718592762946
formal_2301_2305,utr_sg,2301,77,38501,39000,9.984,approx_kl,0.0014222326901599375
formal_2301_2305,utr_sg,2301,77,38501,39000,9.984,policy_loss,-0.002716688823314765
formal_2301_2305,utr_sg,2301,77,38501,39000,9.984,value_loss,0.5710306031629443
formal_2301_2305,utr_sg,2301,77,38501,39000,9.984,grad_norm,8.076912921130658
formal_2301_2305,utr_sg,2301,78,39001,39500,10.112,train_avg_reward,0.29953873110195944
formal_2301_2305,utr_sg,2301,78,39001,39500,10.112,entropy,1.6247095139253707
formal_2301_2305,utr_sg,2301,78,39001,39500,10.112,approx_kl,0.001124115086698169
formal_2301_2305,utr_sg,2301,78,39001,39500,10.112,policy_loss,-0.002200851345100436
formal_2301_2305,utr_sg,2301,78,39001,39500,10.112,value_loss,0.8024323480942893
formal_2301_2305,utr_sg,2301,78,39001,39500,10.112,grad_norm,9.842584284288543
formal_2301_2305,utr_sg,2302,0,1,500,0.128,train_avg_reward,0.012481974668509793
formal_2301_2305,utr_sg,2302,0,1,500,0.128,entropy,2.7097369050979614
formal_2301_2305,utr_sg,2302,0,1,500,0.128,approx_kl,0.000893022235647777
formal_2301_2305,utr_sg,2302,0,1,500,0.128,policy_loss,-0.0017650554678201298
formal_2301_2305,utr_sg,2302,0,1,500,0.128,value_loss,0.5721700312942266
formal_2301_2305,utr_sg,2302,0,1,500,0.128,grad_norm,2.018535984873772
formal_2301_2305,utr_sg,2302,1,501,1000,0.256,train_avg_reward,0.0683915081112209
formal_2301_2305,utr_sg,2302,1,501,1000,0.256,entropy,2.6235861664414406
formal_2301_2305,utr_sg,2302,1,501,1000,0.256,approx_kl,0.0007137123190847963
formal_2301_2305,utr_sg,2302,1,501,1000,0.256,policy_loss,-0.00159365214590863
formal_2301_2305,utr_sg,2302,1,501,1000,0.256,value_loss,0.35555752483941616
formal_2301_2305,utr_sg,2302,1,501,1000,0.256,grad_norm,1.5848141626864671
formal_2301_2305,utr_sg,2302,2,1001,1500,0.384,train_avg_reward,0.08287868937617168
formal_2301_2305,utr_sg,2302,2,1001,1500,0.384,entropy,2.577721964120865
formal_2301_2305,utr_sg,2302,2,1001,1500,0.384,approx_kl,0.0006534322474510267
formal_2301_2305,utr_sg,2302,2,1001,1500,0.384,policy_loss,-0.00145740973220477
formal_2301_2305,utr_sg,2302,2,1001,1500,0.384,value_loss,0.32394312660209834
formal_2301_2305,utr_sg,2302,2,1001,1500,0.384,grad_norm,1.5517910305410623
formal_2301_2305,utr_sg,2302,3,1501,2000,0.512,train_avg_reward,0.10985040220990777
formal_2301_2305,utr_sg,2302,3,1501,2000,0.512,entropy,2.487306079506874
formal_2301_2305,utr_sg,2302,3,1501,2000,0.512,approx_kl,0.00048009167240873767
formal_2301_2305,utr_sg,2302,3,1501,2000,0.512,policy_loss,-0.0013032710332433926
formal_2301_2305,utr_sg,2302,3,1501,2000,0.512,value_loss,0.6876425549443811
formal_2301_2305,utr_sg,2302,3,1501,2000,0.512,grad_norm,2.565742895193398
formal_2301_2305,utr_sg,2302,4,2001,2500,0.64,train_avg_reward,0.1179229323118925
formal_2301_2305,utr_sg,2302,4,2001,2500,0.64,entropy,2.467892006278038
formal_2301_2305,utr_sg,2302,4,2001,2500,0.64,approx_kl,0.0006353697848770327
formal_2301_2305,utr_sg,2302,4,2001,2500,0.64,policy_loss,-0.0013606148655375596
formal_2301_2305,utr_sg,2302,4,2001,2500,0.64,value_loss,0.8775358204506337
formal_2301_2305,utr_sg,2302,4,2001,2500,0.64,grad_norm,3.2223479506224395
formal_2301_2305,utr_sg,2302,5,2501,3000,0.768,train_avg_reward,0.09036372535582632
formal_2301_2305,utr_sg,2302,5,2501,3000,0.768,entropy,2.3322300275564194
formal_2301_2305,utr_sg,2302,5,2501,3000,0.768,approx_kl,0.001106370171164599
formal_2301_2305,utr_sg,2302,5,2501,3000,0.768,policy_loss,-0.0021840271942134898
formal_2301_2305,utr_sg,2302,5,2501,3000,0.768,value_loss,0.5451844450030476
formal_2301_2305,utr_sg,2302,5,2501,3000,0.768,grad_norm,2.2630700972527267
formal_2301_2305,utr_sg,2302,6,3001,3500,0.896,train_avg_reward,0.11907063468918204
formal_2301_2305,utr_sg,2302,6,3001,3500,0.896,entropy,2.519061924815178
formal_2301_2305,utr_sg,2302,6,3001,3500,0.896,approx_kl,0.0006278927969385677
formal_2301_2305,utr_sg,2302,6,3001,3500,0.896,policy_loss,-0.00142793799584444
formal_2301_2305,utr_sg,2302,6,3001,3500,0.896,value_loss,0.7615377702983096
formal_2301_2305,utr_sg,2302,6,3001,3500,0.896,grad_norm,2.7994518988281487
formal_2301_2305,utr_sg,2302,7,3501,4000,1.024,train_avg_reward,0.11504088504798711
formal_2301_2305,utr_sg,2302,7,3501,4000,1.024,entropy,2.3312578452229498
formal_2301_2305,utr_sg,2302,7,3501,4000,1.024,approx_kl,0.0008508048833128516
formal_2301_2305,utr_sg,2302,7,3501,4000,1.024,policy_loss,-0.0016628027508984184
formal_2301_2305,utr_sg,2302,7,3501,4000,1.024,value_loss,0.7025752264456824
formal_2301_2305,utr_sg,2302,7,3501,4000,1.024,grad_norm,2.965480255380273
formal_2301_2305,utr_sg,2302,8,4001,4500,1.152,train_avg_reward,0.13875539077818394
formal_2301_2305,utr_sg,2302,8,4001,4500,1.152,entropy,2.4210229418873785
formal_2301_2305,utr_sg,2302,8,4001,4500,1.152,approx_kl,0.0008062644757475632
formal_2301_2305,utr_sg,2302,8,4001,4500,1.152,policy_loss,-0.001606667747972257
formal_2301_2305,utr_sg,2302,8,4001,4500,1.152,value_loss,0.8701242971532047
formal_2301_2305,utr_sg,2302,8,4001,4500,1.152,grad_norm,3.384799129024148
formal_2301_2305,utr_sg,2302,9,4501,5000,1.28,train_avg_reward,0.14381924095749854
formal_2301_2305,utr_sg,2302,9,4501,5000,1.28,entropy,2.4251533958911895
formal_2301_2305,utr_sg,2302,9,4501,5000,1.28,approx_kl,0.0009829877656695012
formal_2301_2305,utr_sg,2302,9,4501,5000,1.28,policy_loss,-0.001864759141352963
formal_2301_2305,utr_sg,2302,9,4501,5000,1.28,value_loss,0.8197312761750072
formal_2301_2305,utr_sg,2302,9,4501,5000,1.28,grad_norm,3.0906947167664764
formal_2301_2305,utr_sg,2302,10,5001,5500,1.408,train_avg_reward,0.13610124126821757
formal_2301_2305,utr_sg,2302,10,5001,5500,1.408,entropy,2.306502444267273
formal_2301_2305,utr_sg,2302,10,5001,5500,1.408,approx_kl,0.0011974407844186315
formal_2301_2305,utr_sg,2302,10,5001,5500,1.408,policy_loss,-0.002129722333336907
formal_2301_2305,utr_sg,2302,10,5001,5500,1.408,value_loss,0.5964643021076917
formal_2301_2305,utr_sg,2302,10,5001,5500,1.408,grad_norm,2.6561891752034428
formal_2301_2305,utr_sg,2302,11,5501,6000,1.536,train_avg_reward,0.16344209457933903
formal_2301_2305,utr_sg,2302,11,5501,6000,1.536,entropy,2.3627866932153703
formal_2301_2305,utr_sg,2302,11,5501,6000,1.536,approx_kl,0.0009703389438506442
formal_2301_2305,utr_sg,2302,11,5501,6000,1.536,policy_loss,-0.0019227441826090025
formal_2301_2305,utr_sg,2302,11,5501,6000,1.536,value_loss,0.8887262094281614
formal_2301_2305,utr_sg,2302,11,5501,6000,1.536,grad_norm,3.608916550219059
formal_2301_2305,utr_sg,2302,12,6001,6500,1.664,train_avg_reward,0.1504027531221509
formal_2301_2305,utr_sg,2302,12,6001,6500,1.664,entropy,2.3529559785723686
formal_2301_2305,utr_sg,2302,12,6001,6500,1.664,approx_kl,0.0010592787092239932
formal_2301_2305,utr_sg,2302,12,6001,6500,1.664,policy_loss,-0.002067579322889445
formal_2301_2305,utr_sg,2302,12,6001,6500,1.664,value_loss,0.7834404764994979
formal_2301_2305,utr_sg,2302,12,6001,6500,1.664,grad_norm,3.0469239928722383
formal_2301_2305,utr_sg,2302,13,6501,7000,1.792,train_avg_reward,0.12152537272125483
formal_2301_2305,utr_sg,2302,13,6501,7000,1.792,entropy,2.2520539500117303
formal_2301_2305,utr_sg,2302,13,6501,7000,1.792,approx_kl,0.0015190382747496186
formal_2301_2305,utr_sg,2302,13,6501,7000,1.792,policy_loss,-0.0024717531081726923
formal_2301_2305,utr_sg,2302,13,6501,7000,1.792,value_loss,0.7268085907008499
formal_2301_2305,utr_sg,2302,13,6501,7000,1.792,grad_norm,2.9763474389612674
formal_2301_2305,utr_sg,2302,14,7001,7500,1.92,train_avg_reward,0.1506312829181552
formal_2301_2305,utr_sg,2302,14,7001,7500,1.92,entropy,2.2519663354158403
formal_2301_2305,utr_sg,2302,14,7001,7500,1.92,approx_kl,0.001043033485121062
formal_2301_2305,utr_sg,2302,14,7001,7500,1.92,policy_loss,-0.002128114095948992
formal_2301_2305,utr_sg,2302,14,7001,7500,1.92,value_loss,0.9131091933939606
formal_2301_2305,utr_sg,2302,14,7001,7500,1.92,grad_norm,3.686007228255272
formal_2301_2305,utr_sg,2302,15,7501,8000,2.048,train_avg_reward,0.15274652486108242
formal_2301_2305,utr_sg,2302,15,7501,8000,2.048,entropy,2.3637147508859635
formal_2301_2305,utr_sg,2302,15,7501,8000,2.048,approx_kl,0.0009877705729350052
formal_2301_2305,utr_sg,2302,15,7501,8000,2.048,policy_loss,-0.0020040310156736493
formal_2301_2305,utr_sg,2302,15,7501,8000,2.048,value_loss,0.7707592602297664
formal_2301_2305,utr_sg,2302,15,7501,8000,2.048,grad_norm,3.2938335487544537
formal_2301_2305,utr_sg,2302,16,8001,8500,2.176,train_avg_reward,0.16867634004354476
formal_2301_2305,utr_sg,2302,16,8001,8500,2.176,entropy,2.3606815269589423
formal_2301_2305,utr_sg,2302,16,8001,8500,2.176,approx_kl,0.001183560729041043
formal_2301_2305,utr_sg,2302,16,8001,8500,2.176,policy_loss,-0.0021580485907656305
formal_2301_2305,utr_sg,2302,16,8001,8500,2.176,value_loss,0.7236809924766421
formal_2301_2305,utr_sg,2302,16,8001,8500,2.176,grad_norm,3.146273741796613
formal_2301_2305,utr_sg,2302,17,8501,9000,2.304,train_avg_reward,0.19255742610245943
formal_2301_2305,utr_sg,2302,17,8501,9000,2.304,entropy,2.3077952455282214
formal_2301_2305,utr_sg,2302,17,8501,9000,2.304,approx_kl,0.0012297197818403824
formal_2301_2305,utr_sg,2302,17,8501,9000,2.304,policy_loss,-0.0022252691386880205
formal_2301_2305,utr_sg,2302,17,8501,9000,2.304,value_loss,0.7274309846498073
formal_2301_2305,utr_sg,2302,17,8501,9000,2.304,grad_norm,3.6285380444228648
formal_2301_2305,utr_sg,2302,18,9001,9500,2.432,train_avg_reward,0.17827281264215708
formal_2301_2305,utr_sg,2302,18,9001,9500,2.432,entropy,2.250745703816414
formal_2301_2305,utr_sg,2302,18,9001,9500,2.432,approx_kl,0.0012097410619338307
formal_2301_2305,utr_sg,2302,18,9001,9500,2.432,policy_loss,-0.0022635316521900793
formal_2301_2305,utr_sg,2302,18,9001,9500,2.432,value_loss,0.8125439826026559
formal_2301_2305,utr_sg,2302,18,9001,9500,2.432,grad_norm,4.150796530216932
formal_2301_2305,utr_sg,2302,19,9501,10000,2.56,train_avg_reward,0.1941538618132472
formal_2301_2305,utr_sg,2302,19,9501,10000,2.56,entropy,2.222797521352768
formal_2301_2305,utr_sg,2302,19,9501,10000,2.56,approx_kl,0.0012038706748444378
formal_2301_2305,utr_sg,2302,19,9501,10000,2.56,policy_loss,-0.0021505433693173367
formal_2301_2305,utr_sg,2302,19,9501,10000,2.56,value_loss,0.8238613938875496
formal_2301_2305,utr_sg,2302,19,9501,10000,2.56,grad_norm,4.311403878420592
formal_2301_2305,utr_sg,2302,20,10001,10500,2.688,train_avg_reward,0.17406838031113148
formal_2301_2305,utr_sg,2302,20,10001,10500,2.688,entropy,2.2648101221323014
formal_2301_2305,utr_sg,2302,20,10001,10500,2.688,approx_kl,0.0012723590835421413
formal_2301_2305,utr_sg,2302,20,10001,10500,2.688,policy_loss,-0.002262412611410357
formal_2301_2305,utr_sg,2302,20,10001,10500,2.688,value_loss,0.805338453952223
formal_2301_2305,utr_sg,2302,20,10001,10500,2.688,grad_norm,4.045293079763651
formal_2301_2305,utr_sg,2302,21,10501,11000,2.816,train_avg_reward,0.18500151723623276
formal_2301_2305,utr_sg,2302,21,10501,11000,2.816,entropy,2.228093794167042
formal_2301_2305,utr_sg,2302,21,10501,11000,2.816,approx_kl,0.0011384121339615373
formal_2301_2305,utr_sg,2302,21,10501,11000,2.816,policy_loss,-0.0020643668139411374
formal_2301_2305,utr_sg,2302,21,10501,11000,2.816,value_loss,0.7632640007436275
formal_2301_2305,utr_sg,2302,21,10501,11000,2.816,grad_norm,4.295650028884411
formal_2301_2305,utr_sg,2302,22,11001,11500,2.944,train_avg_reward,0.22069391801953317
formal_2301_2305,utr_sg,2302,22,11001,11500,2.944,entropy,2.143989614069462
formal_2301_2305,utr_sg,2302,22,11001,11500,2.944,approx_kl,0.0011052893449089718
formal_2301_2305,utr_sg,2302,22,11001,11500,2.944,policy_loss,-0.0020365529892624073
formal_2301_2305,utr_sg,2302,22,11001,11500,2.944,value_loss,0.5928298207335174
formal_2301_2305,utr_sg,2302,22,11001,11500,2.944,grad_norm,3.8115340439081193
formal_2301_2305,utr_sg,2302,23,11501,12000,3.072,train_avg_reward,0.2194718519449234
formal_2301_2305,utr_sg,2302,23,11501,12000,3.072,entropy,2.160924977183342
formal_2301_2305,utr_sg,2302,23,11501,12000,3.072,approx_kl,0.001329528842321147
formal_2301_2305,utr_sg,2302,23,11501,12000,3.072,policy_loss,-0.0022507906068810475
formal_2301_2305,utr_sg,2302,23,11501,12000,3.072,value_loss,0.5462513143010438
formal_2301_2305,utr_sg,2302,23,11501,12000,3.072,grad_norm,3.8775843416899445
formal_2301_2305,utr_sg,2302,24,12001,12500,3.2,train_avg_reward,0.13781602707505225
formal_2301_2305,utr_sg,2302,24,12001,12500,3.2,entropy,2.0488039935827254
formal_2301_2305,utr_sg,2302,24,12001,12500,3.2,approx_kl,0.0016638059853758013
formal_2301_2305,utr_sg,2302,24,12001,12500,3.2,policy_loss,-0.0026246403306880604
formal_2301_2305,utr_sg,2302,24,12001,12500,3.2,value_loss,0.5957827303726226
formal_2301_2305,utr_sg,2302,24,12001,12500,3.2,grad_norm,2.98959650143981
formal_2301_2305,utr_sg,2302,25,12501,13000,3.328,train_avg_reward,0.1804586854800582
formal_2301_2305,utr_sg,2302,25,12501,13000,3.328,entropy,2.0558546401262285
formal_2301_2305,utr_sg,2302,25,12501,13000,3.328,approx_kl,0.001269698676278039
formal_2301_2305,utr_sg,2302,25,12501,13000,3.328,policy_loss,-0.002265757488439554
formal_2301_2305,utr_sg,2302,25,12501,13000,3.328,value_loss,0.8228336123675108
formal_2301_2305,utr_sg,2302,25,12501,13000,3.328,grad_norm,4.211834659397602
formal_2301_2305,utr_sg,2302,26,13001,13500,3.456,train_avg_reward,0.18814198695123197
formal_2301_2305,utr_sg,2302,26,13001,13500,3.456,entropy,2.100997022330761
formal_2301_2305,utr_sg,2302,26,13001,13500,3.456,approx_kl,0.0012468672253650448
formal_2301_2305,utr_sg,2302,26,13001,13500,3.456,policy_loss,-0.0023038612561102536
formal_2301_2305,utr_sg,2302,26,13001,13500,3.456,value_loss,0.9551994181610644
formal_2301_2305,utr_sg,2302,26,13001,13500,3.456,grad_norm,4.961118626743555
formal_2301_2305,utr_sg,2302,27,13501,14000,3.584,train_avg_reward,0.19416794546693564
formal_2301_2305,utr_sg,2302,27,13501,14000,3.584,entropy,2.1308349061012266
formal_2301_2305,utr_sg,2302,27,13501,14000,3.584,approx_kl,0.0012603626892037016
formal_2301_2305,utr_sg,2302,27,13501,14000,3.584,policy_loss,-0.0023127051354046055
formal_2301_2305,utr_sg,2302,27,13501,14000,3.584,value_loss,0.9872435548640788
formal_2301_2305,utr_sg,2302,27,13501,14000,3.584,grad_norm,5.576404715061188
formal_2301_2305,utr_sg,2302,28,14001,14500,3.712,train_avg_reward,0.20001340334862472
formal_2301_2305,utr_sg,2302,28,14001,14500,3.712,entropy,2.1276622512340544
formal_2301_2305,utr_sg,2302,28,14001,14500,3.712,approx_kl,0.0014455418576056508
formal_2301_2305,utr_sg,2302,28,14001,14500,3.712,policy_loss,-0.0024100556977089
formal_2301_2305,utr_sg,2302,28,14001,14500,3.712,value_loss,0.8304332286193967
formal_2301_2305,utr_sg,2302,28,14001,14500,3.712,grad_norm,4.781422588914633
formal_2301_2305,utr_sg,2302,29,14501,15000,3.84,train_avg_reward,0.20599893952161075
formal_2301_2305,utr_sg,2302,29,14501,15000,3.84,entropy,2.110702758014202
formal_2301_2305,utr_sg,2302,29,14501,15000,3.84,approx_kl,0.001169873970708673
formal_2301_2305,utr_sg,2302,29,14501,15000,3.84,policy_loss,-0.0021318956283504697
formal_2301_2305,utr_sg,2302,29,14501,15000,3.84,value_loss,0.9539332159496844
formal_2301_2305,utr_sg,2302,29,14501,15000,3.84,grad_norm,4.95210685390234
formal_2301_2305,utr_sg,2302,30,15001,15500,3.968,train_avg_reward,0.24212602999806404
formal_2301_2305,utr_sg,2302,30,15001,15500,3.968,entropy,1.8786079305410386
formal_2301_2305,utr_sg,2302,30,15001,15500,3.968,approx_kl,0.0015845619402831876
formal_2301_2305,utr_sg,2302,30,15001,15500,3.968,policy_loss,-0.002489368013932896
formal_2301_2305,utr_sg,2302,30,15001,15500,3.968,value_loss,0.4314815444201231
formal_2301_2305,utr_sg,2302,30,15001,15500,3.968,grad_norm,4.497417947098612
formal_2301_2305,utr_sg,2302,31,15501,16000,4.096,train_avg_reward,0.2179701918438077
formal_2301_2305,utr_sg,2302,31,15501,16000,4.096,entropy,1.9322653667926788
formal_2301_2305,utr_sg,2302,31,15501,16000,4.096,approx_kl,0.0013558129208289134
formal_2301_2305,utr_sg,2302,31,15501,16000,4.096,policy_loss,-0.002191317099263525
formal_2301_2305,utr_sg,2302,31,15501,16000,4.096,value_loss,0.7340193950273096
formal_2301_2305,utr_sg,2302,31,15501,16000,4.096,grad_norm,5.167775792077184
formal_2301_2305,utr_sg,2302,32,16001,16500,4.224,train_avg_reward,0.19247363448143007
formal_2301_2305,utr_sg,2302,32,16001,16500,4.224,entropy,1.9376985937952995
formal_2301_2305,utr_sg,2302,32,16001,16500,4.224,approx_kl,0.001417678785465491
formal_2301_2305,utr_sg,2302,32,16001,16500,4.224,policy_loss,-0.0022624948739448847
formal_2301_2305,utr_sg,2302,32,16001,16500,4.224,value_loss,0.8035499733183533
formal_2301_2305,utr_sg,2302,32,16001,16500,4.224,grad_norm,5.351905561476946
formal_2301_2305,utr_sg,2302,33,16501,17000,4.352,train_avg_reward,0.22667117328941822
formal_2301_2305,utr_sg,2302,33,16501,17000,4.352,entropy,1.8608779035806655
formal_2301_2305,utr_sg,2302,33,16501,17000,4.352,approx_kl,0.0014139377509991369
formal_2301_2305,utr_sg,2302,33,16501,17000,4.352,policy_loss,-0.0022445116468579047
formal_2301_2305,utr_sg,2302,33,16501,17000,4.352,value_loss,0.557382235378027
formal_2301_2305,utr_sg,2302,33,16501,17000,4.352,grad_norm,4.082522781968117
formal_2301_2305,utr_sg,2302,34,17001,17500,4.48,train_avg_reward,0.23968991642445325
formal_2301_2305,utr_sg,2302,34,17001,17500,4.48,entropy,1.8357320313453673
formal_2301_2305,utr_sg,2302,34,17001,17500,4.48,approx_kl,0.0014259330086597375
formal_2301_2305,utr_sg,2302,34,17001,17500,4.48,policy_loss,-0.002206625770531357
formal_2301_2305,utr_sg,2302,34,17001,17500,4.48,value_loss,0.4895221488252282
formal_2301_2305,utr_sg,2302,34,17001,17500,4.48,grad_norm,4.706656162455678
formal_2301_2305,utr_sg,2302,35,17501,18000,4.608,train_avg_reward,0.24364027312397957
formal_2301_2305,utr_sg,2302,35,17501,18000,4.608,entropy,1.8889406171441079
formal_2301_2305,utr_sg,2302,35,17501,18000,4.608,approx_kl,0.0012608600976066822
formal_2301_2305,utr_sg,2302,35,17501,18000,4.608,policy_loss,-0.00206096892272801
formal_2301_2305,utr_sg,2302,35,17501,18000,4.608,value_loss,0.44618565769307317
formal_2301_2305,utr_sg,2302,35,17501,18000,4.608,grad_norm,4.642770503044129
formal_2301_2305,utr_sg,2302,36,18001,18500,4.736,train_avg_reward,0.22353557365387677
formal_2301_2305,utr_sg,2302,36,18001,18500,4.736,entropy,1.88069339966774
formal_2301_2305,utr_sg,2302,36,18001,18500,4.736,approx_kl,0.0011953623156653772
formal_2301_2305,utr_sg,2302,36,18001,18500,4.736,policy_loss,-0.002019011258662168
formal_2301_2305,utr_sg,2302,36,18001,18500,4.736,value_loss,0.7874543217234313
formal_2301_2305,utr_sg,2302,36,18001,18500,4.736,grad_norm,5.316911601439118
formal_2301_2305,utr_sg,2302,37,18501,19000,4.864,train_avg_reward,0.1907859957665205
formal_2301_2305,utr_sg,2302,37,18501,19000,4.864,entropy,1.8189952068924904
formal_2301_2305,utr_sg,2302,37,18501,19000,4.864,approx_kl,0.0013528937254141016
formal_2301_2305,utr_sg,2302,37,18501,19000,4.864,policy_loss,-0.0022419991440497983
formal_2301_2305,utr_sg,2302,37,18501,19000,4.864,value_loss,0.9007595876976847
formal_2301_2305,utr_sg,2302,37,18501,19000,4.864,grad_norm,5.277645237982273
formal_2301_2305,utr_sg,2302,38,19001,19500,4.992,train_avg_reward,0.1953188993036747
formal_2301_2305,utr_sg,2302,38,19001,19500,4.992,entropy,1.8147648706436157
formal_2301_2305,utr_sg,2302,38,19001,19500,4.992,approx_kl,0.0017831887772663277
formal_2301_2305,utr_sg,2302,38,19001,19500,4.992,policy_loss,-0.002548359532224806
formal_2301_2305,utr_sg,2302,38,19001,19500,4.992,value_loss,0.5115988052915782
formal_2301_2305,utr_sg,2302,38,19001,19500,4.992,grad_norm,4.081892803892493
formal_2301_2305,utr_sg,2302,39,19501,20000,5.12,train_avg_reward,0.21930422714352607
formal_2301_2305,utr_sg,2302,39,19501,20000,5.12,entropy,1.8820818173885345
formal_2301_2305,utr_sg,2302,39,19501,20000,5.12,approx_kl,0.0011800359867130824
formal_2301_2305,utr_sg,2302,39,19501,20000,5.12,policy_loss,-0.0019874265368136296
formal_2301_2305,utr_sg,2302,39,19501,20000,5.12,value_loss,0.877481706995517
formal_2301_2305,utr_sg,2302,39,19501,20000,5.12,grad_norm,5.713424086406827
formal_2301_2305,utr_sg,2302,40,20001,20500,5.248,train_avg_reward,0.23271025428175926
formal_2301_2305,utr_sg,2302,40,20001,20500,5.248,entropy,1.8296130667328834
formal_2301_2305,utr_sg,2302,40,20001,20500,5.248,approx_kl,0.0014930596989141374
formal_2301_2305,utr_sg,2302,40,20001,20500,5.248,policy_loss,-0.0022831453982153993
formal_2301_2305,utr_sg,2302,40,20001,20500,5.248,value_loss,0.5950861675273627
formal_2301_2305,utr_sg,2302,40,20001,20500,5.248,grad_norm,4.6777674487531185
formal_2301_2305,utr_sg,2302,41,20501,21000,5.376,train_avg_reward,0.21782681861519815
formal_2301_2305,utr_sg,2302,41,20501,21000,5.376,entropy,1.73751855301857
formal_2301_2305,utr_sg,2302,41,20501,21000,5.376,approx_kl,0.0014805041616931048
formal_2301_2305,utr_sg,2302,41,20501,21000,5.376,policy_loss,-0.002411378168283561
formal_2301_2305,utr_sg,2302,41,20501,21000,5.376,value_loss,0.7224538390729577
formal_2301_2305,utr_sg,2302,41,20501,21000,5.376,grad_norm,4.961170493811369
formal_2301_2305,utr_sg,2302,42,21001,21500,5.504,train_avg_reward,0.22748064963519574
formal_2301_2305,utr_sg,2302,42,21001,21500,5.504,entropy,1.779017139017582
formal_2301_2305,utr_sg,2302,42,21001,21500,5.504,approx_kl,0.001597543147289792
formal_2301_2305,utr_sg,2302,42,21001,21500,5.504,policy_loss,-0.002327857404616487
formal_2301_2305,utr_sg,2302,42,21001,21500,5.504,value_loss,0.6730601474903524
formal_2301_2305,utr_sg,2302,42,21001,21500,5.504,grad_norm,5.447727843865752
formal_2301_2305,utr_sg,2302,43,21501,22000,5.632,train_avg_reward,0.2406448036581278
formal_2301_2305,utr_sg,2302,43,21501,22000,5.632,entropy,1.771259929895401
formal_2301_2305,utr_sg,2302,43,21501,22000,5.632,approx_kl,0.0017943835570437489
formal_2301_2305,utr_sg,2302,43,21501,22000,5.632,policy_loss,-0.0025925020865534476
formal_2301_2305,utr_sg,2302,43,21501,22000,5.632,value_loss,0.40181885156594216
formal_2301_2305,utr_sg,2302,43,21501,22000,5.632,grad_norm,4.211464073881507
formal_2301_2305,utr_sg,2302,44,22001,22500,5.76,train_avg_reward,0.21569137667119503
formal_2301_2305,utr_sg,2302,44,22001,22500,5.76,entropy,1.8036989600658417
formal_2301_2305,utr_sg,2302,44,22001,22500,5.76,approx_kl,0.0014210706912457004
formal_2301_2305,utr_sg,2302,44,22001,22500,5.76,policy_loss,-0.002316992305959736
formal_2301_2305,utr_sg,2302,44,22001,22500,5.76,value_loss,0.6209180156439543
formal_2301_2305,utr_sg,2302,44,22001,22500,5.76,grad_norm,4.900263601779938
formal_2301_2305,utr_sg,2302,45,22501,23000,5.888,train_avg_reward,0.23715992249548434
formal_2301_2305,utr_sg,2302,45,22501,23000,5.888,entropy,1.8318512945771217
formal_2301_2305,utr_sg,2302,45,22501,23000,5.888,approx_kl,0.0014961359775616018
formal_2301_2305,utr_sg,2302,45,22501,23000,5.888,policy_loss,-0.00255009082654324
formal_2301_2305,utr_sg,2302,45,22501,23000,5.888,value_loss,0.5205251322370023
formal_2301_2305,utr_sg,2302,45,22501,23000,5.888,grad_norm,5.040096676796675
formal_2301_2305,utr_sg,2302,46,23001,23500,6.016,train_avg_reward,0.23184812331199647
formal_2301_2305,utr_sg,2302,46,23001,23500,6.016,entropy,1.7853010755777359
formal_2301_2305,utr_sg,2302,46,23001,23500,6.016,approx_kl,0.0013962133788694023
formal_2301_2305,utr_sg,2302,46,23001,23500,6.016,policy_loss,-0.0022414960735546927
formal_2301_2305,utr_sg,2302,46,23001,23500,6.016,value_loss,0.6441751665696501
formal_2301_2305,utr_sg,2302,46,23001,23500,6.016,grad_norm,6.090724908322096
formal_2301_2305,utr_sg,2302,47,23501,24000,6.144,train_avg_reward,0.24138587564229966
formal_2301_2305,utr_sg,2302,47,23501,24000,6.144,entropy,1.7402326781749726
formal_2301_2305,utr_sg,2302,47,23501,24000,6.144,approx_kl,0.0016506308637044573
formal_2301_2305,utr_sg,2302,47,23501,24000,6.144,policy_loss,-0.002588263308889095
formal_2301_2305,utr_sg,2302,47,23501,24000,6.144,value_loss,0.49622014625743033
formal_2301_2305,utr_sg,2302,47,23501,24000,6.144,grad_norm,5.329919454991818
formal_2301_2305,utr_sg,2302,48,24001,24500,6.272,train_avg_reward,0.20531359040737152
formal_2301_2305,utr_sg,2302,48,24001,24500,6.272,entropy,1.8273547593951225
formal_2301_2305,utr_sg,2302,48,24001,24500,6.272,approx_kl,0.0017678093422688656
formal_2301_2305,utr_sg,2302,48,24001,24500,6.272,policy_loss,-0.002606078884176046
formal_2301_2305,utr_sg,2302,48,24001,24500,6.272,value_loss,0.7772160287108272
formal_2301_2305,utr_sg,2302,48,24001,24500,6.272,grad_norm,5.6592720769643785
formal_2301_2305,utr_sg,2302,49,24501,25000,6.4,train_avg_reward,0.24604594549536704
formal_2301_2305,utr_sg,2302,49,24501,25000,6.4,entropy,1.7560381563901901
formal_2301_2305,utr_sg,2302,49,24501,25000,6.4,approx_kl,0.001956641419972275
formal_2301_2305,utr_sg,2302,49,24501,25000,6.4,policy_loss,-0.002603579406116232
formal_2301_2305,utr_sg,2302,49,24501,25000,6.4,value_loss,0.47644696010276677
formal_2301_2305,utr_sg,2302,49,24501,25000,6.4,grad_norm,5.181877345860005
formal_2301_2305,utr_sg,2302,50,25001,25500,6.528,train_avg_reward,0.2366804697662592
formal_2301_2305,utr_sg,2302,50,25001,25500,6.528,entropy,1.7226692953705787
formal_2301_2305,utr_sg,2302,50,25001,25500,6.528,approx_kl,0.0012995753574383871
formal_2301_2305,utr_sg,2302,50,25001,25500,6.528,policy_loss,-0.002280884832176689
formal_2301_2305,utr_sg,2302,50,25001,25500,6.528,value_loss,0.5369753570109606
formal_2301_2305,utr_sg,2302,50,25001,25500,6.528,grad_norm,4.8666154116988185
formal_2301_2305,utr_sg,2302,51,25501,26000,6.656,train_avg_reward,0.22973368120193483
formal_2301_2305,utr_sg,2302,51,25501,26000,6.656,entropy,1.8281823938488961
formal_2301_2305,utr_sg,2302,51,25501,26000,6.656,approx_kl,0.0017961062766395643
formal_2301_2305,utr_sg,2302,51,25501,26000,6.656,policy_loss,-0.0026408056083954
formal_2301_2305,utr_sg,2302,51,25501,26000,6.656,value_loss,0.563462679065764
formal_2301_2305,utr_sg,2302,51,25501,26000,6.656,grad_norm,5.28027889251709
formal_2301_2305,utr_sg,2302,52,26001,26500,6.784,train_avg_reward,0.2272237168843858
formal_2301_2305,utr_sg,2302,52,26001,26500,6.784,entropy,1.7238453502058984
formal_2301_2305,utr_sg,2302,52,26001,26500,6.784,approx_kl,0.0017449956204497153
formal_2301_2305,utr_sg,2302,52,26001,26500,6.784,policy_loss,-0.0025858026835244223
formal_2301_2305,utr_sg,2302,52,26001,26500,6.784,value_loss,0.5755743735702709
formal_2301_2305,utr_sg,2302,52,26001,26500,6.784,grad_norm,4.641525768131018
formal_2301_2305,utr_sg,2302,53,26501,27000,6.912,train_avg_reward,0.22393460795283318
formal_2301_2305,utr_sg,2302,53,26501,27000,6.912,entropy,1.6688081002831459
formal_2301_2305,utr_sg,2302,53,26501,27000,6.912,approx_kl,0.0017434051299724082
formal_2301_2305,utr_sg,2302,53,26501,27000,6.912,policy_loss,-0.002730982380664776
formal_2301_2305,utr_sg,2302,53,26501,27000,6.912,value_loss,0.5541469250740484
formal_2301_2305,utr_sg,2302,53,26501,27000,6.912,grad_norm,4.332274250328541
formal_2301_2305,utr_sg,2302,54,27001,27500,7.04,train_avg_reward,0.22273857455700635
formal_2301_2305,utr_sg,2302,54,27001,27500,7.04,entropy,1.6528605547547341
formal_2301_2305,utr_sg,2302,54,27001,27500,7.04,approx_kl,0.0015738293229657363
formal_2301_2305,utr_sg,2302,54,27001,27500,7.04,policy_loss,-0.002635482939169613
formal_2301_2305,utr_sg,2302,54,27001,27500,7.04,value_loss,0.4250635488294065
formal_2301_2305,utr_sg,2302,54,27001,27500,7.04,grad_norm,4.413209166303277
formal_2301_2305,utr_sg,2302,55,27501,28000,7.168,train_avg_reward,0.20838381157815455
formal_2301_2305,utr_sg,2302,55,27501,28000,7.168,entropy,1.6460629202723502
formal_2301_2305,utr_sg,2302,55,27501,28000,7.168,approx_kl,0.0014756177122538466
formal_2301_2305,utr_sg,2302,55,27501,28000,7.168,policy_loss,-0.0024618281981538697
formal_2301_2305,utr_sg,2302,55,27501,28000,7.168,value_loss,0.9444467933494598
formal_2301_2305,utr_sg,2302,55,27501,28000,7.168,grad_norm,5.532459623083472
formal_2301_2305,utr_sg,2302,56,28001,28500,7.296,train_avg_reward,0.2190642192438245
formal_2301_2305,utr_sg,2302,56,28001,28500,7.296,entropy,1.6346473287940024
formal_2301_2305,utr_sg,2302,56,28001,28500,7.296,approx_kl,0.0018132517147481167
formal_2301_2305,utr_sg,2302,56,28001,28500,7.296,policy_loss,-0.002799866475147147
formal_2301_2305,utr_sg,2302,56,28001,28500,7.296,value_loss,0.6881331418380141
formal_2301_2305,utr_sg,2302,56,28001,28500,7.296,grad_norm,4.747488597631454
formal_2301_2305,utr_sg,2302,57,28501,29000,7.424,train_avg_reward,0.20621342824026942
formal_2301_2305,utr_sg,2302,57,28501,29000,7.424,entropy,1.6031935490965843
formal_2301_2305,utr_sg,2302,57,28501,29000,7.424,approx_kl,0.0014162835992377254
formal_2301_2305,utr_sg,2302,57,28501,29000,7.424,policy_loss,-0.002362023237137243
formal_2301_2305,utr_sg,2302,57,28501,29000,7.424,value_loss,0.9324027619231492
formal_2301_2305,utr_sg,2302,57,28501,29000,7.424,grad_norm,5.772713344156742
formal_2301_2305,utr_sg,2302,58,29001,29500,7.552,train_avg_reward,0.22841104809567334
formal_2301_2305,utr_sg,2302,58,29001,29500,7.552,entropy,1.6168706347942352
formal_2301_2305,utr_sg,2302,58,29001,29500,7.552,approx_kl,0.0018513716360745607
formal_2301_2305,utr_sg,2302,58,29001,29500,7.552,policy_loss,-0.00251691281064096
formal_2301_2305,utr_sg,2302,58,29001,29500,7.552,value_loss,0.7071559404917062
formal_2301_2305,utr_sg,2302,58,29001,29500,7.552,grad_norm,5.254661167860031
formal_2301_2305,utr_sg,2302,59,29501,30000,7.68,train_avg_reward,0.25763839621841905
formal_2301_2305,utr_sg,2302,59,29501,30000,7.68,entropy,1.5820961244106293
formal_2301_2305,utr_sg,2302,59,29501,30000,7.68,approx_kl,0.0016414028423911594
formal_2301_2305,utr_sg,2302,59,29501,30000,7.68,policy_loss,-0.002432157912451519
formal_2301_2305,utr_sg,2302,59,29501,30000,7.68,value_loss,0.37081501517631116
formal_2301_2305,utr_sg,2302,59,29501,30000,7.68,grad_norm,4.974357623666525
formal_2301_2305,utr_sg,2302,60,30001,30500,7.808,train_avg_reward,0.21482765091210604
formal_2301_2305,utr_sg,2302,60,30001,30500,7.808,entropy,1.5778086062669754
formal_2301_2305,utr_sg,2302,60,30001,30500,7.808,approx_kl,0.0016619432054818897
formal_2301_2305,utr_sg,2302,60,30001,30500,7.808,policy_loss,-0.0024278163705536634
formal_2301_2305,utr_sg,2302,60,30001,30500,7.808,value_loss,0.7627304580351337
formal_2301_2305,utr_sg,2302,60,30001,30500,7.808,grad_norm,5.220657730728388
formal_2301_2305,utr_sg,2302,61,30501,31000,7.936,train_avg_reward,0.24740939266234635
formal_2301_2305,utr_sg,2302,61,30501,31000,7.936,entropy,1.500462626516819
formal_2301_2305,utr_sg,2302,61,30501,31000,7.936,approx_kl,0.0019259301496710182
formal_2301_2305,utr_sg,2302,61,30501,31000,7.936,policy_loss,-0.002121872992681103
formal_2301_2305,utr_sg,2302,61,30501,31000,7.936,value_loss,0.5497948868535459
formal_2301_2305,utr_sg,2302,61,30501,31000,7.936,grad_norm,6.262953810214996
formal_2301_2305,utr_sg,2302,62,31001,31500,8.064,train_avg_reward,0.245443801805377
formal_2301_2305,utr_sg,2302,62,31001,31500,8.064,entropy,1.5099261538982391
formal_2301_2305,utr_sg,2302,62,31001,31500,8.064,approx_kl,0.0015746010372346556
formal_2301_2305,utr_sg,2302,62,31001,31500,8.064,policy_loss,-0.002286202019621253
formal_2301_2305,utr_sg,2302,62,31001,31500,8.064,value_loss,0.4539263186212629
formal_2301_2305,utr_sg,2302,62,31001,31500,8.064,grad_norm,5.330330584138632
formal_2301_2305,utr_sg,2302,63,31501,32000,8.192,train_avg_reward,0.24463406214118003
formal_2301_2305,utr_sg,2302,63,31501,32000,8.192,entropy,1.453111098051071
formal_2301_2305,utr_sg,2302,63,31501,32000,8.192,approx_kl,0.001775202225157639
formal_2301_2305,utr_sg,2302,63,31501,32000,8.192,policy_loss,-0.002575630841809424
formal_2301_2305,utr_sg,2302,63,31501,32000,8.192,value_loss,0.4358479094877839
formal_2301_2305,utr_sg,2302,63,31501,32000,8.192,grad_norm,5.181937792539596
formal_2301_2305,utr_sg,2302,64,32001,32500,8.32,train_avg_reward,0.2359828391596675
formal_2301_2305,utr_sg,2302,64,32001,32500,8.32,entropy,1.506189015686512
formal_2301_2305,utr_sg,2302,64,32001,32500,8.32,approx_kl,0.001390789735156419
formal_2301_2305,utr_sg,2302,64,32001,32500,8.32,policy_loss,-0.002262187103821538
formal_2301_2305,utr_sg,2302,64,32001,32500,8.32,value_loss,0.533135731395334
formal_2301_2305,utr_sg,2302,64,32001,32500,8.32,grad_norm,6.8868683556914325
formal_2301_2305,utr_sg,2302,65,32501,33000,8.448,train_avg_reward,0.25438847835361955
formal_2301_2305,utr_sg,2302,65,32501,33000,8.448,entropy,1.4303436717391014
formal_2301_2305,utr_sg,2302,65,32501,33000,8.448,approx_kl,0.001551858575727377
formal_2301_2305,utr_sg,2302,65,32501,33000,8.448,policy_loss,-0.0023029426729030216
formal_2301_2305,utr_sg,2302,65,32501,33000,8.448,value_loss,0.37147365615237504
formal_2301_2305,utr_sg,2302,65,32501,33000,8.448,grad_norm,6.0165391134023665
formal_2301_2305,utr_sg,2302,66,33001,33500,8.576,train_avg_reward,0.25966854217648505
formal_2301_2305,utr_sg,2302,66,33001,33500,8.576,entropy,1.4494185478687287
formal_2301_2305,utr_sg,2302,66,33001,33500,8.576,approx_kl,0.0016465769328418195
formal_2301_2305,utr_sg,2302,66,33001,33500,8.576,policy_loss,-0.0022895277626883005
formal_2301_2305,utr_sg,2302,66,33001,33500,8.576,value_loss,0.3752404797365889
formal_2301_2305,utr_sg,2302,66,33001,33500,8.576,grad_norm,5.524219756901264
formal_2301_2305,utr_sg,2302,67,33501,34000,8.704,train_avg_reward,0.2577047276496887
formal_2301_2305,utr_sg,2302,67,33501,34000,8.704,entropy,1.5333653225898742
formal_2301_2305,utr_sg,2302,67,33501,34000,8.704,approx_kl,0.0015771275008549487
formal_2301_2305,utr_sg,2302,67,33501,34000,8.704,policy_loss,-0.002207436875174446
formal_2301_2305,utr_sg,2302,67,33501,34000,8.704,value_loss,0.43429509889148177
formal_2301_2305,utr_sg,2302,67,33501,34000,8.704,grad_norm,5.604415410384536
formal_2301_2305,utr_sg,2302,68,34001,34500,8.832,train_avg_reward,0.25354615822434423
formal_2301_2305,utr_sg,2302,68,34001,34500,8.832,entropy,1.4565774992704392
formal_2301_2305,utr_sg,2302,68,34001,34500,8.832,approx_kl,0.001652726577827391
formal_2301_2305,utr_sg,2302,68,34001,34500,8.832,policy_loss,-0.002454617294796409
formal_2301_2305,utr_sg,2302,68,34001,34500,8.832,value_loss,0.48399431189149617
formal_2301_2305,utr_sg,2302,68,34001,34500,8.832,grad_norm,5.177149838343262
formal_2301_2305,utr_sg,2302,69,34501,35000,8.96,train_avg_reward,0.19536066260933876
formal_2301_2305,utr_sg,2302,69,34501,35000,8.96,entropy,1.3493652758598327
formal_2301_2305,utr_sg,2302,69,34501,35000,8.96,approx_kl,0.0012804589629379893
formal_2301_2305,utr_sg,2302,69,34501,35000,8.96,policy_loss,-0.0024668154005156044
formal_2301_2305,utr_sg,2302,69,34501,35000,8.96,value_loss,0.846177482843399
formal_2301_2305,utr_sg,2302,69,34501,35000,8.96,grad_norm,5.692995016992092
formal_2301_2305,utr_sg,2302,70,35001,35500,9.088,train_avg_reward,0.2519196916669607
formal_2301_2305,utr_sg,2302,70,35001,35500,9.088,entropy,1.5171030679941178
formal_2301_2305,utr_sg,2302,70,35001,35500,9.088,approx_kl,0.0020508378221929737
formal_2301_2305,utr_sg,2302,70,35001,35500,9.088,policy_loss,-0.002731317130818
formal_2301_2305,utr_sg,2302,70,35001,35500,9.088,value_loss,0.4514859937792644
formal_2301_2305,utr_sg,2302,70,35001,35500,9.088,grad_norm,5.667192350178957
formal_2301_2305,utr_sg,2302,71,35501,36000,9.216,train_avg_reward,0.23571747444570065
formal_2301_2305,utr_sg,2302,71,35501,36000,9.216,entropy,1.505760744512081
formal_2301_2305,utr_sg,2302,71,35501,36000,9.216,approx_kl,0.0013852877950788
formal_2301_2305,utr_sg,2302,71,35501,36000,9.216,policy_loss,-0.0023941354684138853
formal_2301_2305,utr_sg,2302,71,35501,36000,9.216,value_loss,0.5891697869971394
formal_2301_2305,utr_sg,2302,71,35501,36000,9.216,grad_norm,5.660492711737752
formal_2301_2305,utr_sg,2302,72,36001,36500,9.344,train_avg_reward,0.21653756545484065
formal_2301_2305,utr_sg,2302,72,36001,36500,9.344,entropy,1.5840627033114434
formal_2301_2305,utr_sg,2302,72,36001,36500,9.344,approx_kl,0.0016466389541519568
formal_2301_2305,utr_sg,2302,72,36001,36500,9.344,policy_loss,-0.00262497501794535
formal_2301_2305,utr_sg,2302,72,36001,36500,9.344,value_loss,0.8973602027185261
formal_2301_2305,utr_sg,2302,72,36001,36500,9.344,grad_norm,6.62969846445322
formal_2301_2305,utr_sg,2302,73,36501,37000,9.472,train_avg_reward,0.2488358560502529
formal_2301_2305,utr_sg,2302,73,36501,37000,9.472,entropy,1.6634212582707406
formal_2301_2305,utr_sg,2302,73,36501,37000,9.472,approx_kl,0.001873814307984493
formal_2301_2305,utr_sg,2302,73,36501,37000,9.472,policy_loss,-0.0026810040361653713
formal_2301_2305,utr_sg,2302,73,36501,37000,9.472,value_loss,0.38797210866771636
formal_2301_2305,utr_sg,2302,73,36501,37000,9.472,grad_norm,4.782178001090884
formal_2301_2305,utr_sg,2302,74,37001,37500,9.6,train_avg_reward,0.2530247702896595
formal_2301_2305,utr_sg,2302,74,37001,37500,9.6,entropy,1.7101224462389946
formal_2301_2305,utr_sg,2302,74,37001,37500,9.6,approx_kl,0.0014410734125661492
formal_2301_2305,utr_sg,2302,74,37001,37500,9.6,policy_loss,-0.0022682217802777447
formal_2301_2305,utr_sg,2302,74,37001,37500,9.6,value_loss,0.485058354602661
formal_2301_2305,utr_sg,2302,74,37001,37500,9.6,grad_norm,5.980572506919503
formal_2301_2305,utr_sg,2302,75,37501,38000,9.728,train_avg_reward,0.24467421232163905
formal_2301_2305,utr_sg,2302,75,37501,38000,9.728,entropy,1.6614951183199882
formal_2301_2305,utr_sg,2302,75,37501,38000,9.728,approx_kl,0.0021163441153203037
formal_2301_2305,utr_sg,2302,75,37501,38000,9.728,policy_loss,-0.0026723784432921165
formal_2301_2305,utr_sg,2302,75,37501,38000,9.728,value_loss,0.6354722243482247
formal_2301_2305,utr_sg,2302,75,37501,38000,9.728,grad_norm,5.390777208298445
formal_2301_2305,utr_sg,2302,76,38001,38500,9.856,train_avg_reward,0.2617514525055885
formal_2301_2305,utr_sg,2302,76,38001,38500,9.856,entropy,1.6430073710083961
formal_2301_2305,utr_sg,2302,76,38001,38500,9.856,approx_kl,0.0020075996871970836
formal_2301_2305,utr_sg,2302,76,38001,38500,9.856,policy_loss,-0.0024380158028003153
formal_2301_2305,utr_sg,2302,76,38001,38500,9.856,value_loss,0.28327765643503516
formal_2301_2305,utr_sg,2302,76,38001,38500,9.856,grad_norm,4.825192446216941
formal_2301_2305,utr_sg,2302,77,38501,39000,9.984,train_avg_reward,0.2512866674661636
formal_2301_2305,utr_sg,2302,77,38501,39000,9.984,entropy,1.691162431716919
formal_2301_2305,utr_sg,2302,77,38501,39000,9.984,approx_kl,0.0017583387873513138
formal_2301_2305,utr_sg,2302,77,38501,39000,9.984,policy_loss,-0.00257373780542665
formal_2301_2305,utr_sg,2302,77,38501,39000,9.984,value_loss,0.5047668927479535
formal_2301_2305,utr_sg,2302,77,38501,39000,9.984,grad_norm,5.383855564847589
formal_2301_2305,utr_sg,2302,78,39001,39500,10.112,train_avg_reward,0.24953299216807834
formal_2301_2305,utr_sg,2302,78,39001,39500,10.112,entropy,1.6548392976087236
formal_2301_2305,utr_sg,2302,78,39001,39500,10.112,approx_kl,0.0018312230827682886
formal_2301_2305,utr_sg,2302,78,39001,39500,10.112,policy_loss,-0.002482570360409492
formal_2301_2305,utr_sg,2302,78,39001,39500,10.112,value_loss,0.3877228445536087
formal_2301_2305,utr_sg,2302,78,39001,39500,10.112,grad_norm,6.520746893589458
formal_2301_2305,utr_sg,2303,0,1,500,0.128,train_avg_reward,-0.0053728668362200555
formal_2301_2305,utr_sg,2303,0,1,500,0.128,entropy,2.883105405449867
formal_2301_2305,utr_sg,2303,0,1,500,0.128,approx_kl,0.0007977174864253508
formal_2301_2305,utr_sg,2303,0,1,500,0.128,policy_loss,-0.0017929587849488885
formal_2301_2305,utr_sg,2303,0,1,500,0.128,value_loss,0.618274170645047
formal_2301_2305,utr_sg,2303,0,1,500,0.128,grad_norm,1.8299472338333727
formal_2301_2305,utr_sg,2303,1,501,1000,0.256,train_avg_reward,0.026116418348016396
formal_2301_2305,utr_sg,2303,1,501,1000,0.256,entropy,2.594105900645256
formal_2301_2305,utr_sg,2303,1,501,1000,0.256,approx_kl,0.0010425057758384356
formal_2301_2305,utr_sg,2303,1,501,1000,0.256,policy_loss,-0.0020841542645002914
formal_2301_2305,utr_sg,2303,1,501,1000,0.256,value_loss,0.29201360198948534
formal_2301_2305,utr_sg,2303,1,501,1000,0.256,grad_norm,1.0671655048802495
formal_2301_2305,utr_sg,2303,2,1001,1500,0.384,train_avg_reward,0.07796301767230034
formal_2301_2305,utr_sg,2303,2,1001,1500,0.384,entropy,2.4820813218355178
formal_2301_2305,utr_sg,2303,2,1001,1500,0.384,approx_kl,0.0006254792793161717
formal_2301_2305,utr_sg,2303,2,1001,1500,0.384,policy_loss,-0.0015064979016054512
formal_2301_2305,utr_sg,2303,2,1001,1500,0.384,value_loss,0.3759488744791597
formal_2301_2305,utr_sg,2303,2,1001,1500,0.384,grad_norm,1.5401482272073626
formal_2301_2305,utr_sg,2303,3,1501,2000,0.512,train_avg_reward,0.08421630060859024
formal_2301_2305,utr_sg,2303,3,1501,2000,0.512,entropy,2.4733461241722106
formal_2301_2305,utr_sg,2303,3,1501,2000,0.512,approx_kl,0.0005618705612730537
formal_2301_2305,utr_sg,2303,3,1501,2000,0.512,policy_loss,-0.0015022791907511799
formal_2301_2305,utr_sg,2303,3,1501,2000,0.512,value_loss,0.5430513040497899
formal_2301_2305,utr_sg,2303,3,1501,2000,0.512,grad_norm,1.874402692757547
formal_2301_2305,utr_sg,2303,4,2001,2500,0.64,train_avg_reward,0.11347928977012635
formal_2301_2305,utr_sg,2303,4,2001,2500,0.64,entropy,2.3746157950758935
formal_2301_2305,utr_sg,2303,4,2001,2500,0.64,approx_kl,0.0008244855347862767
formal_2301_2305,utr_sg,2303,4,2001,2500,0.64,policy_loss,-0.0017413409181892415
formal_2301_2305,utr_sg,2303,4,2001,2500,0.64,value_loss,0.8263260555360467
formal_2301_2305,utr_sg,2303,4,2001,2500,0.64,grad_norm,2.9585325236469506
formal_2301_2305,utr_sg,2303,5,2501,3000,0.768,train_avg_reward,0.10299515409395099
formal_2301_2305,utr_sg,2303,5,2501,3000,0.768,entropy,2.306398779630661
formal_2301_2305,utr_sg,2303,5,2501,3000,0.768,approx_kl,0.0010209065791320123
formal_2301_2305,utr_sg,2303,5,2501,3000,0.768,policy_loss,-0.001964968158698891
formal_2301_2305,utr_sg,2303,5,2501,3000,0.768,value_loss,0.7735726475175471
formal_2301_2305,utr_sg,2303,5,2501,3000,0.768,grad_norm,2.7578893364816905
formal_2301_2305,utr_sg,2303,6,3001,3500,0.896,train_avg_reward,0.11996829713601619
formal_2301_2305,utr_sg,2303,6,3001,3500,0.896,entropy,2.4274883917570116
formal_2301_2305,utr_sg,2303,6,3001,3500,0.896,approx_kl,0.0008123072195179096
formal_2301_2305,utr_sg,2303,6,3001,3500,0.896,policy_loss,-0.0016985835016248595
formal_2301_2305,utr_sg,2303,6,3001,3500,0.896,value_loss,0.8605286214072257
formal_2301_2305,utr_sg,2303,6,3001,3500,0.896,grad_norm,3.014324681043625
formal_2301_2305,utr_sg,2303,7,3501,4000,1.024,train_avg_reward,0.11488850731775165
formal_2301_2305,utr_sg,2303,7,3501,4000,1.024,entropy,2.5259099830389022
formal_2301_2305,utr_sg,2303,7,3501,4000,1.024,approx_kl,0.0007112027777346459
formal_2301_2305,utr_sg,2303,7,3501,4000,1.024,policy_loss,-0.0016700246690658604
formal_2301_2305,utr_sg,2303,7,3501,4000,1.024,value_loss,0.7488385815657675
formal_2301_2305,utr_sg,2303,7,3501,4000,1.024,grad_norm,2.8856652194857597
formal_2301_2305,utr_sg,2303,8,4001,4500,1.152,train_avg_reward,0.1304332979619503
formal_2301_2305,utr_sg,2303,8,4001,4500,1.152,entropy,2.443524720430374
formal_2301_2305,utr_sg,2303,8,4001,4500,1.152,approx_kl,0.0008707433121830946
formal_2301_2305,utr_sg,2303,8,4001,4500,1.152,policy_loss,-0.001772097864616972
formal_2301_2305,utr_sg,2303,8,4001,4500,1.152,value_loss,0.7955016246773302
formal_2301_2305,utr_sg,2303,8,4001,4500,1.152,grad_norm,3.541195564329624
formal_2301_2305,utr_sg,2303,9,4501,5000,1.28,train_avg_reward,0.13108418686687948
formal_2301_2305,utr_sg,2303,9,4501,5000,1.28,entropy,2.4615831472873686
formal_2301_2305,utr_sg,2303,9,4501,5000,1.28,approx_kl,0.0008864153548042849
formal_2301_2305,utr_sg,2303,9,4501,5000,1.28,policy_loss,-0.0018950828515633925
formal_2301_2305,utr_sg,2303,9,4501,5000,1.28,value_loss,0.8304431044850499
formal_2301_2305,utr_sg,2303,9,4501,5000,1.28,grad_norm,3.314626081779599
formal_2301_2305,utr_sg,2303,10,5001,5500,1.408,train_avg_reward,0.0952871113717556
formal_2301_2305,utr_sg,2303,10,5001,5500,1.408,entropy,2.2302421141862867
formal_2301_2305,utr_sg,2303,10,5001,5500,1.408,approx_kl,0.001813137321506171
formal_2301_2305,utr_sg,2303,10,5001,5500,1.408,policy_loss,-0.002724195019854061
formal_2301_2305,utr_sg,2303,10,5001,5500,1.408,value_loss,0.44132074697315693
formal_2301_2305,utr_sg,2303,10,5001,5500,1.408,grad_norm,2.216533485725522
formal_2301_2305,utr_sg,2303,11,5501,6000,1.536,train_avg_reward,0.1238846428990364
formal_2301_2305,utr_sg,2303,11,5501,6000,1.536,entropy,2.3251621378064153
formal_2301_2305,utr_sg,2303,11,5501,6000,1.536,approx_kl,0.001286918409814916
formal_2301_2305,utr_sg,2303,11,5501,6000,1.536,policy_loss,-0.002106335577558754
formal_2301_2305,utr_sg,2303,11,5501,6000,1.536,value_loss,0.6265786044951528
formal_2301_2305,utr_sg,2303,11,5501,6000,1.536,grad_norm,2.496557844877243
formal_2301_2305,utr_sg,2303,12,6001,6500,1.664,train_avg_reward,0.1476522601172328
formal_2301_2305,utr_sg,2303,12,6001,6500,1.664,entropy,2.3167950361967087
formal_2301_2305,utr_sg,2303,12,6001,6500,1.664,approx_kl,0.0009290567231583582
formal_2301_2305,utr_sg,2303,12,6001,6500,1.664,policy_loss,-0.0017335952672844156
formal_2301_2305,utr_sg,2303,12,6001,6500,1.664,value_loss,0.6511390604618936
formal_2301_2305,utr_sg,2303,12,6001,6500,1.664,grad_norm,3.09319022731483
formal_2301_2305,utr_sg,2303,13,6501,7000,1.792,train_avg_reward,0.15724607970938087
formal_2301_2305,utr_sg,2303,13,6501,7000,1.792,entropy,2.2800735677480697
formal_2301_2305,utr_sg,2303,13,6501,7000,1.792,approx_kl,0.0010249514028406943
formal_2301_2305,utr_sg,2303,13,6501,7000,1.792,policy_loss,-0.001830164310398446
formal_2301_2305,utr_sg,2303,13,6501,7000,1.792,value_loss,0.8462486160881817
formal_2301_2305,utr_sg,2303,13,6501,7000,1.792,grad_norm,3.437168580725789
formal_2301_2305,utr_sg,2303,14,7001,7500,1.92,train_avg_reward,0.17312709146738053
formal_2301_2305,utr_sg,2303,14,7001,7500,1.92,entropy,2.3660059557557105
formal_2301_2305,utr_sg,2303,14,7001,7500,1.92,approx_kl,0.0008907413628786948
formal_2301_2305,utr_sg,2303,14,7001,7500,1.92,policy_loss,-0.0016766340780071305
formal_2301_2305,utr_sg,2303,14,7001,7500,1.92,value_loss,0.9161412712447345
formal_2301_2305,utr_sg,2303,14,7001,7500,1.92,grad_norm,3.9985284742414953
formal_2301_2305,utr_sg,2303,15,7501,8000,2.048,train_avg_reward,0.1863798518627882
formal_2301_2305,utr_sg,2303,15,7501,8000,2.048,entropy,2.264561726331711
formal_2301_2305,utr_sg,2303,15,7501,8000,2.048,approx_kl,0.0013812865051800142
formal_2301_2305,utr_sg,2303,15,7501,8000,2.048,policy_loss,-0.0021640385509845953
formal_2301_2305,utr_sg,2303,15,7501,8000,2.048,value_loss,0.9345491106249392
formal_2301_2305,utr_sg,2303,15,7501,8000,2.048,grad_norm,4.461030637934804
formal_2301_2305,utr_sg,2303,16,8001,8500,2.176,train_avg_reward,0.1931198976226151
formal_2301_2305,utr_sg,2303,16,8001,8500,2.176,entropy,2.315864398300648
formal_2301_2305,utr_sg,2303,16,8001,8500,2.176,approx_kl,0.0010643761284283451
formal_2301_2305,utr_sg,2303,16,8001,8500,2.176,policy_loss,-0.002047192248595026
formal_2301_2305,utr_sg,2303,16,8001,8500,2.176,value_loss,0.9675242481529712
formal_2301_2305,utr_sg,2303,16,8001,8500,2.176,grad_norm,4.7020360957682135
formal_2301_2305,utr_sg,2303,17,8501,9000,2.304,train_avg_reward,0.18918565994128586
formal_2301_2305,utr_sg,2303,17,8501,9000,2.304,entropy,2.245953092396259
formal_2301_2305,utr_sg,2303,17,8501,9000,2.304,approx_kl,0.0011646494201812247
formal_2301_2305,utr_sg,2303,17,8501,9000,2.304,policy_loss,-0.0020353967941615964
formal_2301_2305,utr_sg,2303,17,8501,9000,2.304,value_loss,0.9499703167900443
formal_2301_2305,utr_sg,2303,17,8501,9000,2.304,grad_norm,5.230038808614015
formal_2301_2305,utr_sg,2303,18,9001,9500,2.432,train_avg_reward,0.196543920353055
formal_2301_2305,utr_sg,2303,18,9001,9500,2.432,entropy,2.221403749525547
formal_2301_2305,utr_sg,2303,18,9001,9500,2.432,approx_kl,0.0014746649792035287
formal_2301_2305,utr_sg,2303,18,9001,9500,2.432,policy_loss,-0.002389671980572677
formal_2301_2305,utr_sg,2303,18,9001,9500,2.432,value_loss,0.8621300547719002
formal_2301_2305,utr_sg,2303,18,9001,9500,2.432,grad_norm,4.420424821466208
formal_2301_2305,utr_sg,2303,19,9501,10000,2.56,train_avg_reward,0.22359303939342498
formal_2301_2305,utr_sg,2303,19,9501,10000,2.56,entropy,2.1930477784872053
formal_2301_2305,utr_sg,2303,19,9501,10000,2.56,approx_kl,0.0013695027200819818
formal_2301_2305,utr_sg,2303,19,9501,10000,2.56,policy_loss,-0.0021889257719070244
formal_2301_2305,utr_sg,2303,19,9501,10000,2.56,value_loss,0.6868406948558986
formal_2301_2305,utr_sg,2303,19,9501,10000,2.56,grad_norm,4.889687503457069
formal_2301_2305,utr_sg,2303,20,10001,10500,2.688,train_avg_reward,0.23117930004000664
formal_2301_2305,utr_sg,2303,20,10001,10500,2.688,entropy,2.2368221635222434
formal_2301_2305,utr_sg,2303,20,10001,10500,2.688,approx_kl,0.0013379516243342848
formal_2301_2305,utr_sg,2303,20,10001,10500,2.688,policy_loss,-0.0021441614833584903
formal_2301_2305,utr_sg,2303,20,10001,10500,2.688,value_loss,0.6911071130372584
formal_2301_2305,utr_sg,2303,20,10001,10500,2.688,grad_norm,5.473053443253041
formal_2301_2305,utr_sg,2303,21,10501,11000,2.816,train_avg_reward,0.2100553949549794
formal_2301_2305,utr_sg,2303,21,10501,11000,2.816,entropy,2.1966001603603362
formal_2301_2305,utr_sg,2303,21,10501,11000,2.816,approx_kl,0.0014800496313710023
formal_2301_2305,utr_sg,2303,21,10501,11000,2.816,policy_loss,-0.0023890629578402116
formal_2301_2305,utr_sg,2303,21,10501,11000,2.816,value_loss,0.7740566618479788
formal_2301_2305,utr_sg,2303,21,10501,11000,2.816,grad_norm,4.520714841678738
formal_2301_2305,utr_sg,2303,22,11001,11500,2.944,train_avg_reward,0.22249613708257676
formal_2301_2305,utr_sg,2303,22,11001,11500,2.944,entropy,2.1113109993338584
formal_2301_2305,utr_sg,2303,22,11001,11500,2.944,approx_kl,0.001534958072536634
formal_2301_2305,utr_sg,2303,22,11001,11500,2.944,policy_loss,-0.002385286913845583
formal_2301_2305,utr_sg,2303,22,11001,11500,2.944,value_loss,0.5157861498109997
formal_2301_2305,utr_sg,2303,22,11001,11500,2.944,grad_norm,4.054318844020367
formal_2301_2305,utr_sg,2303,23,11501,12000,3.072,train_avg_reward,0.21026536282151936
formal_2301_2305,utr_sg,2303,23,11501,12000,3.072,entropy,2.0983321367502215
formal_2301_2305,utr_sg,2303,23,11501,12000,3.072,approx_kl,0.0016952126720771042
formal_2301_2305,utr_sg,2303,23,11501,12000,3.072,policy_loss,-0.0025409049537804453
formal_2301_2305,utr_sg,2303,23,11501,12000,3.072,value_loss,0.5995591961592436
formal_2301_2305,utr_sg,2303,23,11501,12000,3.072,grad_norm,4.4397655800879
formal_2301_2305,utr_sg,2303,24,12001,12500,3.2,train_avg_reward,0.19390395199507474
formal_2301_2305,utr_sg,2303,24,12001,12500,3.2,entropy,2.1498765211701394
formal_2301_2305,utr_sg,2303,24,12001,12500,3.2,approx_kl,0.0015814017716969215
formal_2301_2305,utr_sg,2303,24,12001,12500,3.2,policy_loss,-0.002466589842529918
formal_2301_2305,utr_sg,2303,24,12001,12500,3.2,value_loss,0.7910923430323601
formal_2301_2305,utr_sg,2303,24,12001,12500,3.2,grad_norm,4.566362776070833
formal_2301_2305,utr_sg,2303,25,12501,13000,3.328,train_avg_reward,0.2139234951213002
formal_2301_2305,utr_sg,2303,25,12501,13000,3.328,entropy,2.0753607786297796
formal_2301_2305,utr_sg,2303,25,12501,13000,3.328,approx_kl,0.0017907375019337135
formal_2301_2305,utr_sg,2303,25,12501,13000,3.328,policy_loss,-0.002501194205837508
formal_2301_2305,utr_sg,2303,25,12501,13000,3.328,value_loss,0.60624341943115
formal_2301_2305,utr_sg,2303,25,12501,13000,3.328,grad_norm,4.1900987942069765
formal_2301_2305,utr_sg,2303,26,13001,13500,3.456,train_avg_reward,0.16831755094137044
formal_2301_2305,utr_sg,2303,26,13001,13500,3.456,entropy,2.026641012907028
formal_2301_2305,utr_sg,2303,26,13001,13500,3.456,approx_kl,0.0016508193007487828
formal_2301_2305,utr_sg,2303,26,13001,13500,3.456,policy_loss,-0.002353484649135675
formal_2301_2305,utr_sg,2303,26,13001,13500,3.456,value_loss,0.8607227091155947
formal_2301_2305,utr_sg,2303,26,13001,13500,3.456,grad_norm,4.345448548465967
formal_2301_2305,utr_sg,2303,27,13501,14000,3.584,train_avg_reward,0.2378043409138918
formal_2301_2305,utr_sg,2303,27,13501,14000,3.584,entropy,1.9560328633785249
formal_2301_2305,utr_sg,2303,27,13501,14000,3.584,approx_kl,0.0014041301791424597
formal_2301_2305,utr_sg,2303,27,13501,14000,3.584,policy_loss,-0.0020904620746684172
formal_2301_2305,utr_sg,2303,27,13501,14000,3.584,value_loss,0.5768009387534112
formal_2301_2305,utr_sg,2303,27,13501,14000,3.584,grad_norm,4.538993547052145
formal_2301_2305,utr_sg,2303,28,14001,14500,3.712,train_avg_reward,0.23001754583418368
formal_2301_2305,utr_sg,2303,28,14001,14500,3.712,entropy,1.9749187126755714
formal_2301_2305,utr_sg,2303,28,14001,14500,3.712,approx_kl,0.0014584631876438515
formal_2301_2305,utr_sg,2303,28,14001,14500,3.712,policy_loss,-0.0023210979990865356
formal_2301_2305,utr_sg,2303,28,14001,14500,3.712,value_loss,0.529933389775455
formal_2301_2305,utr_sg,2303,28,14001,14500,3.712,grad_norm,4.157450691133738
formal_2301_2305,utr_sg,2303,29,14501,15000,3.84,train_avg_reward,0.22549292828142642
formal_2301_2305,utr_sg,2303,29,14501,15000,3.84,entropy,2.03264789301157
formal_2301_2305,utr_sg,2303,29,14501,15000,3.84,approx_kl,0.0014401329165599822
formal_2301_2305,utr_sg,2303,29,14501,15000,3.84,policy_loss,-0.002229297421747328
formal_2301_2305,utr_sg,2303,29,14501,15000,3.84,value_loss,0.6184633754454553
formal_2301_2305,utr_sg,2303,29,14501,15000,3.84,grad_norm,4.188331410825253
formal_2301_2305,utr_sg,2303,30,15001,15500,3.968,train_avg_reward,0.23806125220656396
formal_2301_2305,utr_sg,2303,30,15001,15500,3.968,entropy,2.0200627536773683
formal_2301_2305,utr_sg,2303,30,15001,15500,3.968,approx_kl,0.0016882823764423514
formal_2301_2305,utr_sg,2303,30,15001,15500,3.968,policy_loss,-0.002469626268938696
formal_2301_2305,utr_sg,2303,30,15001,15500,3.968,value_loss,0.42860044969432054
formal_2301_2305,utr_sg,2303,30,15001,15500,3.968,grad_norm,4.13118024687469
formal_2301_2305,utr_sg,2303,31,15501,16000,4.096,train_avg_reward,0.2487955270111561
formal_2301_2305,utr_sg,2303,31,15501,16000,4.096,entropy,1.9751651680469513
formal_2301_2305,utr_sg,2303,31,15501,16000,4.096,approx_kl,0.0014155622931784787
formal_2301_2305,utr_sg,2303,31,15501,16000,4.096,policy_loss,-0.002277476030557801
formal_2301_2305,utr_sg,2303,31,15501,16000,4.096,value_loss,0.3357171020405367
formal_2301_2305,utr_sg,2303,31,15501,16000,4.096,grad_norm,3.323611237794161
formal_2301_2305,utr_sg,2303,32,16001,16500,4.224,train_avg_reward,0.23524728190898894
formal_2301_2305,utr_sg,2303,32,16001,16500,4.224,entropy,1.9689348820447923
formal_2301_2305,utr_sg,2303,32,16001,16500,4.224,approx_kl,0.0013784827157064647
formal_2301_2305,utr_sg,2303,32,16001,16500,4.224,policy_loss,-0.002344706551882712
formal_2301_2305,utr_sg,2303,32,16001,16500,4.224,value_loss,0.5155167246349156
formal_2301_2305,utr_sg,2303,32,16001,16500,4.224,grad_norm,4.151146417945624
formal_2301_2305,utr_sg,2303,33,16501,17000,4.352,train_avg_reward,0.22038505840301514
formal_2301_2305,utr_sg,2303,33,16501,17000,4.352,entropy,1.9118680413365363
formal_2301_2305,utr_sg,2303,33,16501,17000,4.352,approx_kl,0.0012831967857227897
formal_2301_2305,utr_sg,2303,33,16501,17000,4.352,policy_loss,-0.002113996704916142
formal_2301_2305,utr_sg,2303,33,16501,17000,4.352,value_loss,0.6215587191153318
formal_2301_2305,utr_sg,2303,33,16501,17000,4.352,grad_norm,4.164892038807273
formal_2301_2305,utr_sg,2303,34,17001,17500,4.48,train_avg_reward,0.20362907169014216
formal_2301_2305,utr_sg,2303,34,17001,17500,4.48,entropy,1.7997882915735244
formal_2301_2305,utr_sg,2303,34,17001,17500,4.48,approx_kl,0.0015081564465384229
formal_2301_2305,utr_sg,2303,34,17001,17500,4.48,policy_loss,-0.0024236277439232154
formal_2301_2305,utr_sg,2303,34,17001,17500,4.48,value_loss,0.7280294958651066
formal_2301_2305,utr_sg,2303,34,17001,17500,4.48,grad_norm,3.952619830802083
formal_2301_2305,utr_sg,2303,35,17501,18000,4.608,train_avg_reward,0.22408195228874683
formal_2301_2305,utr_sg,2303,35,17501,18000,4.608,entropy,1.845401418864727
formal_2301_2305,utr_sg,2303,35,17501,18000,4.608,approx_kl,0.0015218421376878987
formal_2301_2305,utr_sg,2303,35,17501,18000,4.608,policy_loss,-0.002529290688809112
formal_2301_2305,utr_sg,2303,35,17501,18000,4.608,value_loss,0.4314323700070381
formal_2301_2305,utr_sg,2303,35,17501,18000,4.608,grad_norm,3.4609331577122213
formal_2301_2305,utr_sg,2303,36,18001,18500,4.736,train_avg_reward,0.23283943615853786
formal_2301_2305,utr_sg,2303,36,18001,18500,4.736,entropy,1.8825537875294684
formal_2301_2305,utr_sg,2303,36,18001,18500,4.736,approx_kl,0.001302980775059643
formal_2301_2305,utr_sg,2303,36,18001,18500,4.736,policy_loss,-0.0021835764383816565
formal_2301_2305,utr_sg,2303,36,18001,18500,4.736,value_loss,0.4407896627727896
formal_2301_2305,utr_sg,2303,36,18001,18500,4.736,grad_norm,4.041223596349359
formal_2301_2305,utr_sg,2303,37,18501,19000,4.864,train_avg_reward,0.23444359795749187
formal_2301_2305,utr_sg,2303,37,18501,19000,4.864,entropy,1.8512734708786012
formal_2301_2305,utr_sg,2303,37,18501,19000,4.864,approx_kl,0.0015796205926268722
formal_2301_2305,utr_sg,2303,37,18501,19000,4.864,policy_loss,-0.0024962717707162274
formal_2301_2305,utr_sg,2303,37,18501,19000,4.864,value_loss,0.3997041659047827
formal_2301_2305,utr_sg,2303,37,18501,19000,4.864,grad_norm,3.5880652024298905
formal_2301_2305,utr_sg,2303,38,19001,19500,4.992,train_avg_reward,0.21598603470623493
formal_2301_2305,utr_sg,2303,38,19001,19500,4.992,entropy,1.9139426444768906
formal_2301_2305,utr_sg,2303,38,19001,19500,4.992,approx_kl,0.0015139404653142824
formal_2301_2305,utr_sg,2303,38,19001,19500,4.992,policy_loss,-0.002384807056632161
formal_2301_2305,utr_sg,2303,38,19001,19500,4.992,value_loss,0.4176819745860994
formal_2301_2305,utr_sg,2303,38,19001,19500,4.992,grad_norm,3.4019627270400523
formal_2301_2305,utr_sg,2303,39,19501,20000,5.12,train_avg_reward,0.21394197072833776
formal_2301_2305,utr_sg,2303,39,19501,20000,5.12,entropy,1.898792347550392
formal_2301_2305,utr_sg,2303,39,19501,20000,5.12,approx_kl,0.001675164989792691
formal_2301_2305,utr_sg,2303,39,19501,20000,5.12,policy_loss,-0.0023562521688659343
formal_2301_2305,utr_sg,2303,39,19501,20000,5.12,value_loss,0.6776937370225787
formal_2301_2305,utr_sg,2303,39,19501,20000,5.12,grad_norm,3.890217852964997
formal_2301_2305,utr_sg,2303,40,20001,20500,5.248,train_avg_reward,0.23208041822910308
formal_2301_2305,utr_sg,2303,40,20001,20500,5.248,entropy,1.847642159819603
formal_2301_2305,utr_sg,2303,40,20001,20500,5.248,approx_kl,0.0013183908633275935
formal_2301_2305,utr_sg,2303,40,20001,20500,5.248,policy_loss,-0.002128838128838209
formal_2301_2305,utr_sg,2303,40,20001,20500,5.248,value_loss,0.514535053042695
formal_2301_2305,utr_sg,2303,40,20001,20500,5.248,grad_norm,3.944445444062352
formal_2301_2305,utr_sg,2303,41,20501,21000,5.376,train_avg_reward,0.11398236735071987
formal_2301_2305,utr_sg,2303,41,20501,21000,5.376,entropy,1.8616290016174317
formal_2301_2305,utr_sg,2303,41,20501,21000,5.376,approx_kl,0.00258461185949939
formal_2301_2305,utr_sg,2303,41,20501,21000,5.376,policy_loss,-0.002767486981105354
formal_2301_2305,utr_sg,2303,41,20501,21000,5.376,value_loss,0.598972567579709
formal_2301_2305,utr_sg,2303,41,20501,21000,5.376,grad_norm,3.7341016587913036
formal_2301_2305,utr_sg,2303,42,21001,21500,5.504,train_avg_reward,0.1838379822447896
formal_2301_2305,utr_sg,2303,42,21001,21500,5.504,entropy,1.9080848613977432
formal_2301_2305,utr_sg,2303,42,21001,21500,5.504,approx_kl,0.0012566308279619955
formal_2301_2305,utr_sg,2303,42,21001,21500,5.504,policy_loss,-0.0016941237696790133
formal_2301_2305,utr_sg,2303,42,21001,21500,5.504,value_loss,1.8349835876785219
formal_2301_2305,utr_sg,2303,42,21001,21500,5.504,grad_norm,6.309670406222343
formal_2301_2305,utr_sg,2303,43,21501,22000,5.632,train_avg_reward,0.1929778859987855
formal_2301_2305,utr_sg,2303,43,21501,22000,5.632,entropy,1.83652681183815
formal_2301_2305,utr_sg,2303,43,21501,22000,5.632,approx_kl,0.001441721389344212
formal_2301_2305,utr_sg,2303,43,21501,22000,5.632,policy_loss,-0.001902549669027542
formal_2301_2305,utr_sg,2303,43,21501,22000,5.632,value_loss,1.8939998484998941
formal_2301_2305,utr_sg,2303,43,21501,22000,5.632,grad_norm,8.671377648949623
formal_2301_2305,utr_sg,2303,44,22001,22500,5.76,train_avg_reward,0.19880481739714742
formal_2301_2305,utr_sg,2303,44,22001,22500,5.76,entropy,1.9654128482341766
formal_2301_2305,utr_sg,2303,44,22001,22500,5.76,approx_kl,0.0013063628891163703
formal_2301_2305,utr_sg,2303,44,22001,22500,5.76,policy_loss,-0.0021393177305704834
formal_2301_2305,utr_sg,2303,44,22001,22500,5.76,value_loss,2.23570306718722
formal_2301_2305,utr_sg,2303,44,22001,22500,5.76,grad_norm,11.592062193334103
formal_2301_2305,utr_sg,2303,45,22501,23000,5.888,train_avg_reward,0.0888519608398492
formal_2301_2305,utr_sg,2303,45,22501,23000,5.888,entropy,1.8901969386339188
formal_2301_2305,utr_sg,2303,45,22501,23000,5.888,approx_kl,0.0020927179818215026
formal_2301_2305,utr_sg,2303,45,22501,23000,5.888,policy_loss,-0.0027563044181395987
formal_2301_2305,utr_sg,2303,45,22501,23000,5.888,value_loss,0.9962222468140535
formal_2301_2305,utr_sg,2303,45,22501,23000,5.888,grad_norm,4.546686311542988
formal_2301_2305,utr_sg,2303,46,23001,23500,6.016,train_avg_reward,0.019487757366208825
formal_2301_2305,utr_sg,2303,46,23001,23500,6.016,entropy,1.6958796858787537
formal_2301_2305,utr_sg,2303,46,23001,23500,6.016,approx_kl,0.0013068625641911539
formal_2301_2305,utr_sg,2303,46,23001,23500,6.016,policy_loss,-0.002123827963475558
formal_2301_2305,utr_sg,2303,46,23001,23500,6.016,value_loss,0.5391324646794238
formal_2301_2305,utr_sg,2303,46,23001,23500,6.016,grad_norm,1.8378010237216948
formal_2301_2305,utr_sg,2303,47,23501,24000,6.144,train_avg_reward,0.0815231448415434
formal_2301_2305,utr_sg,2303,47,23501,24000,6.144,entropy,1.8832768634557724
formal_2301_2305,utr_sg,2303,47,23501,24000,6.144,approx_kl,0.002007322458795592
formal_2301_2305,utr_sg,2303,47,23501,24000,6.144,policy_loss,-0.002662189645140186
formal_2301_2305,utr_sg,2303,47,23501,24000,6.144,value_loss,0.6055627614501864
formal_2301_2305,utr_sg,2303,47,23501,24000,6.144,grad_norm,1.9634859285205604
formal_2301_2305,utr_sg,2303,48,24001,24500,6.272,train_avg_reward,0.13654867234174162
formal_2301_2305,utr_sg,2303,48,24001,24500,6.272,entropy,1.6561171591877937
formal_2301_2305,utr_sg,2303,48,24001,24500,6.272,approx_kl,0.0016588339087077913
formal_2301_2305,utr_sg,2303,48,24001,24500,6.272,policy_loss,-0.0024194255657742562
formal_2301_2305,utr_sg,2303,48,24001,24500,6.272,value_loss,0.5369646753780544
formal_2301_2305,utr_sg,2303,48,24001,24500,6.272,grad_norm,2.1591213485449554
formal_2301_2305,utr_sg,2303,49,24501,25000,6.4,train_avg_reward,0.15687612042017282
formal_2301_2305,utr_sg,2303,49,24501,25000,6.4,entropy,1.7038758676052093
formal_2301_2305,utr_sg,2303,49,24501,25000,6.4,approx_kl,0.001597395642160029
formal_2301_2305,utr_sg,2303,49,24501,25000,6.4,policy_loss,-0.0023976736142948137
formal_2301_2305,utr_sg,2303,49,24501,25000,6.4,value_loss,0.7857176672369242
formal_2301_2305,utr_sg,2303,49,24501,25000,6.4,grad_norm,2.7324049618393182
formal_2301_2305,utr_sg,2303,50,25001,25500,6.528,train_avg_reward,0.21626205757260322
formal_2301_2305,utr_sg,2303,50,25001,25500,6.528,entropy,1.764073465704918
formal_2301_2305,utr_sg,2303,50,25001,25500,6.528,approx_kl,0.0012324576541265398
formal_2301_2305,utr_sg,2303,50,25001,25500,6.528,policy_loss,-0.0024204043851335237
formal_2301_2305,utr_sg,2303,50,25001,25500,6.528,value_loss,1.4407136802375318
formal_2301_2305,utr_sg,2303,50,25001,25500,6.528,grad_norm,4.248202432572842
formal_2301_2305,utr_sg,2303,51,25501,26000,6.656,train_avg_reward,0.22602646712213756
formal_2301_2305,utr_sg,2303,51,25501,26000,6.656,entropy,1.7159831052422523
formal_2301_2305,utr_sg,2303,51,25501,26000,6.656,approx_kl,0.001217393696761667
formal_2301_2305,utr_sg,2303,51,25501,26000,6.656,policy_loss,-0.002415746006474083
formal_2301_2305,utr_sg,2303,51,25501,26000,6.656,value_loss,1.5271090174317359
formal_2301_2305,utr_sg,2303,51,25501,26000,6.656,grad_norm,6.202428101599216
formal_2301_2305,utr_sg,2303,52,26001,26500,6.784,train_avg_reward,0.27112742605805396
formal_2301_2305,utr_sg,2303,52,26001,26500,6.784,entropy,1.6583742825984955
formal_2301_2305,utr_sg,2303,52,26001,26500,6.784,approx_kl,0.0018144411320986328
formal_2301_2305,utr_sg,2303,52,26001,26500,6.784,policy_loss,-0.0026255279360961827
formal_2301_2305,utr_sg,2303,52,26001,26500,6.784,value_loss,1.003623255006969
formal_2301_2305,utr_sg,2303,52,26001,26500,6.784,grad_norm,6.387891977667809
formal_2301_2305,utr_sg,2303,53,26501,27000,6.912,train_avg_reward,0.21755039829201997
formal_2301_2305,utr_sg,2303,53,26501,27000,6.912,entropy,1.706761336684227
formal_2301_2305,utr_sg,2303,53,26501,27000,6.912,approx_kl,0.0014933977729194008
formal_2301_2305,utr_sg,2303,53,26501,27000,6.912,policy_loss,-0.002242796191954777
formal_2301_2305,utr_sg,2303,53,26501,27000,6.912,value_loss,1.8165670844055712
formal_2301_2305,utr_sg,2303,53,26501,27000,6.912,grad_norm,8.42704054313898
formal_2301_2305,utr_sg,2303,54,27001,27500,7.04,train_avg_reward,0.23078293516859413
formal_2301_2305,utr_sg,2303,54,27001,27500,7.04,entropy,1.689838788688183
formal_2301_2305,utr_sg,2303,54,27001,27500,7.04,approx_kl,0.0015170157973664847
formal_2301_2305,utr_sg,2303,54,27001,27500,7.04,policy_loss,-0.0025988484019942473
formal_2301_2305,utr_sg,2303,54,27001,27500,7.04,value_loss,1.6780815333463253
formal_2301_2305,utr_sg,2303,54,27001,27500,7.04,grad_norm,8.635200925350189
formal_2301_2305,utr_sg,2303,55,27501,28000,7.168,train_avg_reward,0.24764498206973076
formal_2301_2305,utr_sg,2303,55,27501,28000,7.168,entropy,1.674783952653408
formal_2301_2305,utr_sg,2303,55,27501,28000,7.168,approx_kl,0.001970931961997544
formal_2301_2305,utr_sg,2303,55,27501,28000,7.168,policy_loss,-0.002736777852517491
formal_2301_2305,utr_sg,2303,55,27501,28000,7.168,value_loss,1.2492844253256916
formal_2301_2305,utr_sg,2303,55,27501,28000,7.168,grad_norm,7.795385136783123
formal_2301_2305,utr_sg,2303,56,28001,28500,7.296,train_avg_reward,0.22131698715686798
formal_2301_2305,utr_sg,2303,56,28001,28500,7.296,entropy,1.8116787914037704
formal_2301_2305,utr_sg,2303,56,28001,28500,7.296,approx_kl,0.0017112176568462004
formal_2301_2305,utr_sg,2303,56,28001,28500,7.296,policy_loss,-0.002851409612806557
formal_2301_2305,utr_sg,2303,56,28001,28500,7.296,value_loss,1.8842344294823705
formal_2301_2305,utr_sg,2303,56,28001,28500,7.296,grad_norm,7.980003470003605
formal_2301_2305,utr_sg,2303,57,28501,29000,7.424,train_avg_reward,0.23891502640396356
formal_2301_2305,utr_sg,2303,57,28501,29000,7.424,entropy,1.6482855989336966
formal_2301_2305,utr_sg,2303,57,28501,29000,7.424,approx_kl,0.0014859821928912408
formal_2301_2305,utr_sg,2303,57,28501,29000,7.424,policy_loss,-0.002802627270046431
formal_2301_2305,utr_sg,2303,57,28501,29000,7.424,value_loss,1.6525700968764723
formal_2301_2305,utr_sg,2303,57,28501,29000,7.424,grad_norm,8.221319562852383
formal_2301_2305,utr_sg,2303,58,29001,29500,7.552,train_avg_reward,0.2531844136863947
formal_2301_2305,utr_sg,2303,58,29001,29500,7.552,entropy,1.5859738889932633
formal_2301_2305,utr_sg,2303,58,29001,29500,7.552,approx_kl,0.001983732103887024
formal_2301_2305,utr_sg,2303,58,29001,29500,7.552,policy_loss,-0.0029731335932876683
formal_2301_2305,utr_sg,2303,58,29001,29500,7.552,value_loss,1.0356202655918896
formal_2301_2305,utr_sg,2303,58,29001,29500,7.552,grad_norm,7.001166230291128
formal_2301_2305,utr_sg,2303,59,29501,30000,7.68,train_avg_reward,0.23865411346405743
formal_2301_2305,utr_sg,2303,59,29501,30000,7.68,entropy,1.4319518419206143
formal_2301_2305,utr_sg,2303,59,29501,30000,7.68,approx_kl,0.001830157093925359
formal_2301_2305,utr_sg,2303,59,29501,30000,7.68,policy_loss,-0.0027764997764728135
formal_2301_2305,utr_sg,2303,59,29501,30000,7.68,value_loss,1.0092145343236625
formal_2301_2305,utr_sg,2303,59,29501,30000,7.68,grad_norm,6.692616375118494
formal_2301_2305,utr_sg,2303,60,30001,30500,7.808,train_avg_reward,0.2509973983317614
formal_2301_2305,utr_sg,2303,60,30001,30500,7.808,entropy,1.5483934166431428
formal_2301_2305,utr_sg,2303,60,30001,30500,7.808,approx_kl,0.0021612775777133096
formal_2301_2305,utr_sg,2303,60,30001,30500,7.808,policy_loss,-0.0027960051216831512
formal_2301_2305,utr_sg,2303,60,30001,30500,7.808,value_loss,0.7121230844818056
formal_2301_2305,utr_sg,2303,60,30001,30500,7.808,grad_norm,5.36770267444849
formal_2301_2305,utr_sg,2303,61,30501,31000,7.936,train_avg_reward,0.26240289890766144
formal_2301_2305,utr_sg,2303,61,30501,31000,7.936,entropy,1.6386383599638938
formal_2301_2305,utr_sg,2303,61,30501,31000,7.936,approx_kl,0.0017623082174037922
formal_2301_2305,utr_sg,2303,61,30501,31000,7.936,policy_loss,-0.0026836262645527527
formal_2301_2305,utr_sg,2303,61,30501,31000,7.936,value_loss,0.732573133861646
formal_2301_2305,utr_sg,2303,61,30501,31000,7.936,grad_norm,6.133167322844267
formal_2301_2305,utr_sg,2303,62,31001,31500,8.064,train_avg_reward,0.24398000228404998
formal_2301_2305,utr_sg,2303,62,31001,31500,8.064,entropy,1.5659422472715379
formal_2301_2305,utr_sg,2303,62,31001,31500,8.064,approx_kl,0.0012757657792515876
formal_2301_2305,utr_sg,2303,62,31001,31500,8.064,policy_loss,-0.0021897770122983233
formal_2301_2305,utr_sg,2303,62,31001,31500,8.064,value_loss,1.4004625813551248
formal_2301_2305,utr_sg,2303,62,31001,31500,8.064,grad_norm,8.66694531005621
formal_2301_2305,utr_sg,2303,63,31501,32000,8.192,train_avg_reward,0.24571231173723937
formal_2301_2305,utr_sg,2303,63,31501,32000,8.192,entropy,1.6691350467801094
formal_2301_2305,utr_sg,2303,63,31501,32000,8.192,approx_kl,0.0017771934955496036
formal_2301_2305,utr_sg,2303,63,31501,32000,8.192,policy_loss,-0.0029685976422333575
formal_2301_2305,utr_sg,2303,63,31501,32000,8.192,value_loss,1.1668404071256517
formal_2301_2305,utr_sg,2303,63,31501,32000,8.192,grad_norm,7.239069704890251
formal_2301_2305,utr_sg,2303,64,32001,32500,8.32,train_avg_reward,0.2789684045761824
formal_2301_2305,utr_sg,2303,64,32001,32500,8.32,entropy,1.5744220159053803
formal_2301_2305,utr_sg,2303,64,32001,32500,8.32,approx_kl,0.0014810657440305734
formal_2301_2305,utr_sg,2303,64,32001,32500,8.32,policy_loss,-0.0026960009502054265
formal_2301_2305,utr_sg,2303,64,32001,32500,8.32,value_loss,0.8238927532136441
formal_2301_2305,utr_sg,2303,64,32001,32500,8.32,grad_norm,7.6079202037453655
formal_2301_2305,utr_sg,2303,65,32501,33000,8.448,train_avg_reward,0.28646903294324877
formal_2301_2305,utr_sg,2303,65,32501,33000,8.448,entropy,1.497223492026329
formal_2301_2305,utr_sg,2303,65,32501,33000,8.448,approx_kl,0.0015395039062544385
formal_2301_2305,utr_sg,2303,65,32501,33000,8.448,policy_loss,-0.0025819206121338836
formal_2301_2305,utr_sg,2303,65,32501,33000,8.448,value_loss,0.8654792385734618
formal_2301_2305,utr_sg,2303,65,32501,33000,8.448,grad_norm,8.329901069879531
formal_2301_2305,utr_sg,2303,66,33001,33500,8.576,train_avg_reward,0.2777141661345959
formal_2301_2305,utr_sg,2303,66,33001,33500,8.576,entropy,1.522110994040966
formal_2301_2305,utr_sg,2303,66,33001,33500,8.576,approx_kl,0.0012451052371537368
formal_2301_2305,utr_sg,2303,66,33001,33500,8.576,policy_loss,-0.002455160087308861
formal_2301_2305,utr_sg,2303,66,33001,33500,8.576,value_loss,0.8880994776785374
formal_2301_2305,utr_sg,2303,66,33001,33500,8.576,grad_norm,8.73178614526987
formal_2301_2305,utr_sg,2303,67,33501,34000,8.704,train_avg_reward,0.2843263506889343
formal_2301_2305,utr_sg,2303,67,33501,34000,8.704,entropy,1.5742159702777863
formal_2301_2305,utr_sg,2303,67,33501,34000,8.704,approx_kl,0.001490056739699862
formal_2301_2305,utr_sg,2303,67,33501,34000,8.704,policy_loss,-0.0025420171323009156
formal_2301_2305,utr_sg,2303,67,33501,34000,8.704,value_loss,0.7442377992328256
formal_2301_2305,utr_sg,2303,67,33501,34000,8.704,grad_norm,8.449430536419154
formal_2301_2305,utr_sg,2303,68,34001,34500,8.832,train_avg_reward,0.2750736303627491
formal_2301_2305,utr_sg,2303,68,34001,34500,8.832,entropy,1.555648397386074
formal_2301_2305,utr_sg,2303,68,34001,34500,8.832,approx_kl,0.001601488673093926
formal_2301_2305,utr_sg,2303,68,34001,34500,8.832,policy_loss,-0.0025627747587608648
formal_2301_2305,utr_sg,2303,68,34001,34500,8.832,value_loss,1.000423673743382
formal_2301_2305,utr_sg,2303,68,34001,34500,8.832,grad_norm,8.957365980297327
formal_2301_2305,utr_sg,2303,69,34501,35000,8.96,train_avg_reward,0.27084161350131036
formal_2301_2305,utr_sg,2303,69,34501,35000,8.96,entropy,1.665063315153122
formal_2301_2305,utr_sg,2303,69,34501,35000,8.96,approx_kl,0.0017750566977862607
formal_2301_2305,utr_sg,2303,69,34501,35000,8.96,policy_loss,-0.0028716932616771424
formal_2301_2305,utr_sg,2303,69,34501,35000,8.96,value_loss,1.0088701931238175
formal_2301_2305,utr_sg,2303,69,34501,35000,8.96,grad_norm,8.013981467813254
formal_2301_2305,utr_sg,2303,70,35001,35500,9.088,train_avg_reward,0.25659484561532736
formal_2301_2305,utr_sg,2303,70,35001,35500,9.088,entropy,1.5951872904896736
formal_2301_2305,utr_sg,2303,70,35001,35500,9.088,approx_kl,0.001595638538531296
formal_2301_2305,utr_sg,2303,70,35001,35500,9.088,policy_loss,-0.002897439965696286
formal_2301_2305,utr_sg,2303,70,35001,35500,9.088,value_loss,1.2746254353262485
formal_2301_2305,utr_sg,2303,70,35001,35500,9.088,grad_norm,8.116334983438254
formal_2301_2305,utr_sg,2303,71,35501,36000,9.216,train_avg_reward,0.2650889408290386
formal_2301_2305,utr_sg,2303,71,35501,36000,9.216,entropy,1.619731750369072
formal_2301_2305,utr_sg,2303,71,35501,36000,9.216,approx_kl,0.0017269767160141751
formal_2301_2305,utr_sg,2303,71,35501,36000,9.216,policy_loss,-0.0028658362811632455
formal_2301_2305,utr_sg,2303,71,35501,36000,9.216,value_loss,1.0390795467635616
formal_2301_2305,utr_sg,2303,71,35501,36000,9.216,grad_norm,9.385841010212898
formal_2301_2305,utr_sg,2303,72,36001,36500,9.344,train_avg_reward,0.2523649525642395
formal_2301_2305,utr_sg,2303,72,36001,36500,9.344,entropy,1.5472647559642791
formal_2301_2305,utr_sg,2303,72,36001,36500,9.344,approx_kl,0.0014910075221714544
formal_2301_2305,utr_sg,2303,72,36001,36500,9.344,policy_loss,-0.002557073744923942
formal_2301_2305,utr_sg,2303,72,36001,36500,9.344,value_loss,1.5357023911960423
formal_2301_2305,utr_sg,2303,72,36001,36500,9.344,grad_norm,9.373397567272185
formal_2301_2305,utr_sg,2303,73,36501,37000,9.472,train_avg_reward,0.2521517880782485
formal_2301_2305,utr_sg,2303,73,36501,37000,9.472,entropy,1.6026976906061172
formal_2301_2305,utr_sg,2303,73,36501,37000,9.472,approx_kl,0.0014257989735591123
formal_2301_2305,utr_sg,2303,73,36501,37000,9.472,policy_loss,-0.0023390704596587676
formal_2301_2305,utr_sg,2303,73,36501,37000,9.472,value_loss,1.446217408709228
formal_2301_2305,utr_sg,2303,73,36501,37000,9.472,grad_norm,8.988215444207192
formal_2301_2305,utr_sg,2303,74,37001,37500,9.6,train_avg_reward,0.25021580193936827
formal_2301_2305,utr_sg,2303,74,37001,37500,9.6,entropy,1.5502418995499612
formal_2301_2305,utr_sg,2303,74,37001,37500,9.6,approx_kl,0.0020576916647696603
formal_2301_2305,utr_sg,2303,74,37001,37500,9.6,policy_loss,-0.00280840225906007
formal_2301_2305,utr_sg,2303,74,37001,37500,9.6,value_loss,1.304965852752328
formal_2301_2305,utr_sg,2303,74,37001,37500,9.6,grad_norm,8.393027397304774
formal_2301_2305,utr_sg,2303,75,37501,38000,9.728,train_avg_reward,0.25650795848667624
formal_2301_2305,utr_sg,2303,75,37501,38000,9.728,entropy,1.5579411430358887
formal_2301_2305,utr_sg,2303,75,37501,38000,9.728,approx_kl,0.0016731474281644573
formal_2301_2305,utr_sg,2303,75,37501,38000,9.728,policy_loss,-0.0027088296684257065
formal_2301_2305,utr_sg,2303,75,37501,38000,9.728,value_loss,1.0789094120422378
formal_2301_2305,utr_sg,2303,75,37501,38000,9.728,grad_norm,9.461444727450608
formal_2301_2305,utr_sg,2303,76,38001,38500,9.856,train_avg_reward,0.26712344551086425
formal_2301_2305,utr_sg,2303,76,38001,38500,9.856,entropy,1.4507017453908921
formal_2301_2305,utr_sg,2303,76,38001,38500,9.856,approx_kl,0.001482782082476354
formal_2301_2305,utr_sg,2303,76,38001,38500,9.856,policy_loss,-0.002356091799420311
formal_2301_2305,utr_sg,2303,76,38001,38500,9.856,value_loss,0.9441345929056406
formal_2301_2305,utr_sg,2303,76,38001,38500,9.856,grad_norm,9.148904814660549
formal_2301_2305,utr_sg,2303,77,38501,39000,9.984,train_avg_reward,0.25864655709266665
formal_2301_2305,utr_sg,2303,77,38501,39000,9.984,entropy,1.5323124595880508
formal_2301_2305,utr_sg,2303,77,38501,39000,9.984,approx_kl,0.001230304729248924
formal_2301_2305,utr_sg,2303,77,38501,39000,9.984,policy_loss,-0.0023606344852216184
formal_2301_2305,utr_sg,2303,77,38501,39000,9.984,value_loss,1.3834146786425263
formal_2301_2305,utr_sg,2303,77,38501,39000,9.984,grad_norm,10.364996972233056
formal_2301_2305,utr_sg,2303,78,39001,39500,10.112,train_avg_reward,0.1828464184488569
formal_2301_2305,utr_sg,2303,78,39001,39500,10.112,entropy,1.5686632631317017
formal_2301_2305,utr_sg,2303,78,39001,39500,10.112,approx_kl,0.0010401109165233484
formal_2301_2305,utr_sg,2303,78,39001,39500,10.112,policy_loss,-0.0020707783342389873
formal_2301_2305,utr_sg,2303,78,39001,39500,10.112,value_loss,1.7050190143701103
formal_2301_2305,utr_sg,2303,78,39001,39500,10.112,grad_norm,9.875789560022808
formal_2301_2305,utr_sg,2304,0,1,500,0.128,train_avg_reward,-0.016259788463619772
formal_2301_2305,utr_sg,2304,0,1,500,0.128,entropy,2.668400788009167
formal_2301_2305,utr_sg,2304,0,1,500,0.128,approx_kl,0.0009105941051548144
formal_2301_2305,utr_sg,2304,0,1,500,0.128,policy_loss,-0.001974210820688184
formal_2301_2305,utr_sg,2304,0,1,500,0.128,value_loss,0.5421310801915824
formal_2301_2305,utr_sg,2304,0,1,500,0.128,grad_norm,1.5656875021904706
formal_2301_2305,utr_sg,2304,1,501,1000,0.256,train_avg_reward,0.030015000798372056
formal_2301_2305,utr_sg,2304,1,501,1000,0.256,entropy,2.525803717136383
formal_2301_2305,utr_sg,2304,1,501,1000,0.256,approx_kl,0.0008712074255093588
formal_2301_2305,utr_sg,2304,1,501,1000,0.256,policy_loss,-0.002241426968063522
formal_2301_2305,utr_sg,2304,1,501,1000,0.256,value_loss,0.33783578157890587
formal_2301_2305,utr_sg,2304,1,501,1000,0.256,grad_norm,1.0732364135831594
formal_2301_2305,utr_sg,2304,2,1001,1500,0.384,train_avg_reward,0.055842014344685595
formal_2301_2305,utr_sg,2304,2,1001,1500,0.384,entropy,2.4269864476919176
formal_2301_2305,utr_sg,2304,2,1001,1500,0.384,approx_kl,0.0008857808537983753
formal_2301_2305,utr_sg,2304,2,1001,1500,0.384,policy_loss,-0.0021770876009913134
formal_2301_2305,utr_sg,2304,2,1001,1500,0.384,value_loss,0.3724119212599471
formal_2301_2305,utr_sg,2304,2,1001,1500,0.384,grad_norm,1.3373183628246188
formal_2301_2305,utr_sg,2304,3,1501,2000,0.512,train_avg_reward,0.07840203682600987
formal_2301_2305,utr_sg,2304,3,1501,2000,0.512,entropy,2.5049352406859398
formal_2301_2305,utr_sg,2304,3,1501,2000,0.512,approx_kl,0.0007637394641177101
formal_2301_2305,utr_sg,2304,3,1501,2000,0.512,policy_loss,-0.0018619664772990447
formal_2301_2305,utr_sg,2304,3,1501,2000,0.512,value_loss,0.4611242407411337
formal_2301_2305,utr_sg,2304,3,1501,2000,0.512,grad_norm,1.738078986465931
formal_2301_2305,utr_sg,2304,4,2001,2500,0.64,train_avg_reward,0.08515930597065016
formal_2301_2305,utr_sg,2304,4,2001,2500,0.64,entropy,2.4270627509951592
formal_2301_2305,utr_sg,2304,4,2001,2500,0.64,approx_kl,0.0008202801426162599
formal_2301_2305,utr_sg,2304,4,2001,2500,0.64,policy_loss,-0.0019135715876926031
formal_2301_2305,utr_sg,2304,4,2001,2500,0.64,value_loss,0.6553560015708209
formal_2301_2305,utr_sg,2304,4,2001,2500,0.64,grad_norm,2.202906028047204
formal_2301_2305,utr_sg,2304,5,2501,3000,0.768,train_avg_reward,0.10065863380860537
formal_2301_2305,utr_sg,2304,5,2501,3000,0.768,entropy,2.3428699223399163
formal_2301_2305,utr_sg,2304,5,2501,3000,0.768,approx_kl,0.0007328088014322324
formal_2301_2305,utr_sg,2304,5,2501,3000,0.768,policy_loss,-0.001720304605084858
formal_2301_2305,utr_sg,2304,5,2501,3000,0.768,value_loss,0.8905342073366046
formal_2301_2305,utr_sg,2304,5,2501,3000,0.768,grad_norm,2.9165121719390155
formal_2301_2305,utr_sg,2304,6,3001,3500,0.896,train_avg_reward,0.1204603362660855
formal_2301_2305,utr_sg,2304,6,3001,3500,0.896,entropy,2.231743074178696
formal_2301_2305,utr_sg,2304,6,3001,3500,0.896,approx_kl,0.0007987033407192332
formal_2301_2305,utr_sg,2304,6,3001,3500,0.896,policy_loss,-0.0018134742584234073
formal_2301_2305,utr_sg,2304,6,3001,3500,0.896,value_loss,0.7824555714679882
formal_2301_2305,utr_sg,2304,6,3001,3500,0.896,grad_norm,2.8690683395266534
formal_2301_2305,utr_sg,2304,7,3501,4000,1.024,train_avg_reward,0.11661454189289361
formal_2301_2305,utr_sg,2304,7,3501,4000,1.024,entropy,2.446085834860802
formal_2301_2305,utr_sg,2304,7,3501,4000,1.024,approx_kl,0.0009667968906137503
formal_2301_2305,utr_sg,2304,7,3501,4000,1.024,policy_loss,-0.0020906366406921524
formal_2301_2305,utr_sg,2304,7,3501,4000,1.024,value_loss,0.7644017230588943
formal_2301_2305,utr_sg,2304,7,3501,4000,1.024,grad_norm,2.9521026380211115
formal_2301_2305,utr_sg,2304,8,4001,4500,1.152,train_avg_reward,0.13748071770370007
formal_2301_2305,utr_sg,2304,8,4001,4500,1.152,entropy,2.4479950318932535
formal_2301_2305,utr_sg,2304,8,4001,4500,1.152,approx_kl,0.0007057178821893709
formal_2301_2305,utr_sg,2304,8,4001,4500,1.152,policy_loss,-0.0017136809949700584
formal_2301_2305,utr_sg,2304,8,4001,4500,1.152,value_loss,0.7518152121957391
formal_2301_2305,utr_sg,2304,8,4001,4500,1.152,grad_norm,3.139447753801942
formal_2301_2305,utr_sg,2304,9,4501,5000,1.28,train_avg_reward,0.13262319973483683
formal_2301_2305,utr_sg,2304,9,4501,5000,1.28,entropy,2.3679473167061804
formal_2301_2305,utr_sg,2304,9,4501,5000,1.28,approx_kl,0.0009509560777757239
formal_2301_2305,utr_sg,2304,9,4501,5000,1.28,policy_loss,-0.0020433229077536077
formal_2301_2305,utr_sg,2304,9,4501,5000,1.28,value_loss,0.7975962244812399
formal_2301_2305,utr_sg,2304,9,4501,5000,1.28,grad_norm,3.3426003471165897
formal_2301_2305,utr_sg,2304,10,5001,5500,1.408,train_avg_reward,0.13116710336878895
formal_2301_2305,utr_sg,2304,10,5001,5500,1.408,entropy,2.3557366045713426
formal_2301_2305,utr_sg,2304,10,5001,5500,1.408,approx_kl,0.001064887837002516
formal_2301_2305,utr_sg,2304,10,5001,5500,1.408,policy_loss,-0.002084653847973835
formal_2301_2305,utr_sg,2304,10,5001,5500,1.408,value_loss,0.820618008138612
formal_2301_2305,utr_sg,2304,10,5001,5500,1.408,grad_norm,3.30063415196538
formal_2301_2305,utr_sg,2304,11,5501,6000,1.536,train_avg_reward,0.14785939339548348
formal_2301_2305,utr_sg,2304,11,5501,6000,1.536,entropy,2.456595454692841
formal_2301_2305,utr_sg,2304,11,5501,6000,1.536,approx_kl,0.0007877881791935881
formal_2301_2305,utr_sg,2304,11,5501,6000,1.536,policy_loss,-0.0018451787203549507
formal_2301_2305,utr_sg,2304,11,5501,6000,1.536,value_loss,0.8360705156326294
formal_2301_2305,utr_sg,2304,11,5501,6000,1.536,grad_norm,3.638734198734164
formal_2301_2305,utr_sg,2304,12,6001,6500,1.664,train_avg_reward,0.13887027368694543
formal_2301_2305,utr_sg,2304,12,6001,6500,1.664,entropy,2.4295024173259736
formal_2301_2305,utr_sg,2304,12,6001,6500,1.664,approx_kl,0.0010769040331266902
formal_2301_2305,utr_sg,2304,12,6001,6500,1.664,policy_loss,-0.0020724769841968314
formal_2301_2305,utr_sg,2304,12,6001,6500,1.664,value_loss,0.7350936376769096
formal_2301_2305,utr_sg,2304,12,6001,6500,1.664,grad_norm,3.3811712938696146
formal_2301_2305,utr_sg,2304,13,6501,7000,1.792,train_avg_reward,0.1465647379979491
formal_2301_2305,utr_sg,2304,13,6501,7000,1.792,entropy,2.453163658499718
formal_2301_2305,utr_sg,2304,13,6501,7000,1.792,approx_kl,0.000951621836222633
formal_2301_2305,utr_sg,2304,13,6501,7000,1.792,policy_loss,-0.002050889871954663
formal_2301_2305,utr_sg,2304,13,6501,7000,1.792,value_loss,0.9045544143617154
formal_2301_2305,utr_sg,2304,13,6501,7000,1.792,grad_norm,3.8453931689858436
formal_2301_2305,utr_sg,2304,14,7001,7500,1.92,train_avg_reward,0.14755163772031665
formal_2301_2305,utr_sg,2304,14,7001,7500,1.92,entropy,2.361842963337898
formal_2301_2305,utr_sg,2304,14,7001,7500,1.92,approx_kl,0.0009328880729717638
formal_2301_2305,utr_sg,2304,14,7001,7500,1.92,policy_loss,-0.002044643133543553
formal_2301_2305,utr_sg,2304,14,7001,7500,1.92,value_loss,0.8807769562788308
formal_2301_2305,utr_sg,2304,14,7001,7500,1.92,grad_norm,3.8767301955074074
formal_2301_2305,utr_sg,2304,15,7501,8000,2.048,train_avg_reward,0.16917346078529955
formal_2301_2305,utr_sg,2304,15,7501,8000,2.048,entropy,2.3888753316402433
formal_2301_2305,utr_sg,2304,15,7501,8000,2.048,approx_kl,0.0008616933666244221
formal_2301_2305,utr_sg,2304,15,7501,8000,2.048,policy_loss,-0.0019332629037238146
formal_2301_2305,utr_sg,2304,15,7501,8000,2.048,value_loss,0.9046850471049547
formal_2301_2305,utr_sg,2304,15,7501,8000,2.048,grad_norm,4.478828340232372
formal_2301_2305,utr_sg,2304,16,8001,8500,2.176,train_avg_reward,0.1718988804630935
formal_2301_2305,utr_sg,2304,16,8001,8500,2.176,entropy,2.3921650775671006
formal_2301_2305,utr_sg,2304,16,8001,8500,2.176,approx_kl,0.0008698045554807927
formal_2301_2305,utr_sg,2304,16,8001,8500,2.176,policy_loss,-0.0018564358542245522
formal_2301_2305,utr_sg,2304,16,8001,8500,2.176,value_loss,0.9201888400018216
formal_2301_2305,utr_sg,2304,16,8001,8500,2.176,grad_norm,4.772684151470661
formal_2301_2305,utr_sg,2304,17,8501,9000,2.304,train_avg_reward,0.19343790555372833
formal_2301_2305,utr_sg,2304,17,8501,9000,2.304,entropy,2.2788864217996596
formal_2301_2305,utr_sg,2304,17,8501,9000,2.304,approx_kl,0.0010038432855446137
formal_2301_2305,utr_sg,2304,17,8501,9000,2.304,policy_loss,-0.0019206210338661683
formal_2301_2305,utr_sg,2304,17,8501,9000,2.304,value_loss,0.9287043582238257
formal_2301_2305,utr_sg,2304,17,8501,9000,2.304,grad_norm,4.913750101804733
formal_2301_2305,utr_sg,2304,18,9001,9500,2.432,train_avg_reward,0.20306135757267474
formal_2301_2305,utr_sg,2304,18,9001,9500,2.432,entropy,2.2694367030262947
formal_2301_2305,utr_sg,2304,18,9001,9500,2.432,approx_kl,0.0011312940923598942
formal_2301_2305,utr_sg,2304,18,9001,9500,2.432,policy_loss,-0.0021887817971006185
formal_2301_2305,utr_sg,2304,18,9001,9500,2.432,value_loss,0.89877044987306
formal_2301_2305,utr_sg,2304,18,9001,9500,2.432,grad_norm,4.9462860074341295
formal_2301_2305,utr_sg,2304,19,9501,10000,2.56,train_avg_reward,0.20143570053577423
formal_2301_2305,utr_sg,2304,19,9501,10000,2.56,entropy,2.2717595520615577
formal_2301_2305,utr_sg,2304,19,9501,10000,2.56,approx_kl,0.0012320979746442992
formal_2301_2305,utr_sg,2304,19,9501,10000,2.56,policy_loss,-0.002260726799963665
formal_2301_2305,utr_sg,2304,19,9501,10000,2.56,value_loss,0.7055150908976793
formal_2301_2305,utr_sg,2304,19,9501,10000,2.56,grad_norm,4.65009949350357
formal_2301_2305,utr_sg,2304,20,10001,10500,2.688,train_avg_reward,0.1987394210025668
formal_2301_2305,utr_sg,2304,20,10001,10500,2.688,entropy,2.1627183095216753
formal_2301_2305,utr_sg,2304,20,10001,10500,2.688,approx_kl,0.0012420970481252876
formal_2301_2305,utr_sg,2304,20,10001,10500,2.688,policy_loss,-0.0023588203360144556
formal_2301_2305,utr_sg,2304,20,10001,10500,2.688,value_loss,0.7728865869157017
formal_2301_2305,utr_sg,2304,20,10001,10500,2.688,grad_norm,4.9525629019737245
formal_2301_2305,utr_sg,2304,21,10501,11000,2.816,train_avg_reward,0.17587299133464693
formal_2301_2305,utr_sg,2304,21,10501,11000,2.816,entropy,2.064712273955345
formal_2301_2305,utr_sg,2304,21,10501,11000,2.816,approx_kl,0.0016572382559658452
formal_2301_2305,utr_sg,2304,21,10501,11000,2.816,policy_loss,-0.002503130009687986
formal_2301_2305,utr_sg,2304,21,10501,11000,2.816,value_loss,0.7198074303884059
formal_2301_2305,utr_sg,2304,21,10501,11000,2.816,grad_norm,4.298540537893772
formal_2301_2305,utr_sg,2304,22,11001,11500,2.944,train_avg_reward,0.21649530625343322
formal_2301_2305,utr_sg,2304,22,11001,11500,2.944,entropy,2.046622182071209
formal_2301_2305,utr_sg,2304,22,11001,11500,2.944,approx_kl,0.0012044987371086777
formal_2301_2305,utr_sg,2304,22,11001,11500,2.944,policy_loss,-0.0019164355442251486
formal_2301_2305,utr_sg,2304,22,11001,11500,2.944,value_loss,0.8757992621548474
formal_2301_2305,utr_sg,2304,22,11001,11500,2.944,grad_norm,6.005805539786816
formal_2301_2305,utr_sg,2304,23,11501,12000,3.072,train_avg_reward,0.21889857918024064
formal_2301_2305,utr_sg,2304,23,11501,12000,3.072,entropy,2.000485527515411
formal_2301_2305,utr_sg,2304,23,11501,12000,3.072,approx_kl,0.0010521628607025365
formal_2301_2305,utr_sg,2304,23,11501,12000,3.072,policy_loss,-0.0019011361016344859
formal_2301_2305,utr_sg,2304,23,11501,12000,3.072,value_loss,0.9914772299192846
formal_2301_2305,utr_sg,2304,23,11501,12000,3.072,grad_norm,5.885109665453434
formal_2301_2305,utr_sg,2304,24,12001,12500,3.2,train_avg_reward,0.22743826747685672
formal_2301_2305,utr_sg,2304,24,12001,12500,3.2,entropy,1.943762640118599
formal_2301_2305,utr_sg,2304,24,12001,12500,3.2,approx_kl,0.0016132198238004384
formal_2301_2305,utr_sg,2304,24,12001,12500,3.2,policy_loss,-0.002392999484930565
formal_2301_2305,utr_sg,2304,24,12001,12500,3.2,value_loss,0.6871838816087693
formal_2301_2305,utr_sg,2304,24,12001,12500,3.2,grad_norm,5.187112299501896
formal_2301_2305,utr_sg,2304,25,12501,13000,3.328,train_avg_reward,0.2257289282679558
formal_2301_2305,utr_sg,2304,25,12501,13000,3.328,entropy,1.944009771168232
formal_2301_2305,utr_sg,2304,25,12501,13000,3.328,approx_kl,0.0014898885948956965
formal_2301_2305,utr_sg,2304,25,12501,13000,3.328,policy_loss,-0.0023110686877736795
formal_2301_2305,utr_sg,2304,25,12501,13000,3.328,value_loss,0.6611351542845368
formal_2301_2305,utr_sg,2304,25,12501,13000,3.328,grad_norm,4.839274031043053
formal_2301_2305,utr_sg,2304,26,13001,13500,3.456,train_avg_reward,0.22972707508504392
formal_2301_2305,utr_sg,2304,26,13001,13500,3.456,entropy,1.9655380188822746
formal_2301_2305,utr_sg,2304,26,13001,13500,3.456,approx_kl,0.001867028955675473
formal_2301_2305,utr_sg,2304,26,13001,13500,3.456,policy_loss,-0.0025739482738842147
formal_2301_2305,utr_sg,2304,26,13001,13500,3.456,value_loss,0.5819207785148174
formal_2301_2305,utr_sg,2304,26,13001,13500,3.456,grad_norm,4.512551785498857
formal_2301_2305,utr_sg,2304,27,13501,14000,3.584,train_avg_reward,0.22256848761439324
formal_2301_2305,utr_sg,2304,27,13501,14000,3.584,entropy,1.8480521114468575
formal_2301_2305,utr_sg,2304,27,13501,14000,3.584,approx_kl,0.001530252022552302
formal_2301_2305,utr_sg,2304,27,13501,14000,3.584,policy_loss,-0.0024538969362716645
formal_2301_2305,utr_sg,2304,27,13501,14000,3.584,value_loss,0.7228097552023828
formal_2301_2305,utr_sg,2304,27,13501,14000,3.584,grad_norm,5.015102691426873
formal_2301_2305,utr_sg,2304,28,14001,14500,3.712,train_avg_reward,0.10213775964081287
formal_2301_2305,utr_sg,2304,28,14001,14500,3.712,entropy,1.9252516077160835
formal_2301_2305,utr_sg,2304,28,14001,14500,3.712,approx_kl,0.0028804660985852016
formal_2301_2305,utr_sg,2304,28,14001,14500,3.712,policy_loss,-0.0032660348327179342
formal_2301_2305,utr_sg,2304,28,14001,14500,3.712,value_loss,0.4049509003562853
formal_2301_2305,utr_sg,2304,28,14001,14500,3.712,grad_norm,2.2021549834907055
formal_2301_2305,utr_sg,2304,29,14501,15000,3.84,train_avg_reward,0.22163346655666827
formal_2301_2305,utr_sg,2304,29,14501,15000,3.84,entropy,2.044890023231506
formal_2301_2305,utr_sg,2304,29,14501,15000,3.84,approx_kl,0.0011836421899203428
formal_2301_2305,utr_sg,2304,29,14501,15000,3.84,policy_loss,-0.001882420094527628
formal_2301_2305,utr_sg,2304,29,14501,15000,3.84,value_loss,1.735811863951385
formal_2301_2305,utr_sg,2304,29,14501,15000,3.84,grad_norm,8.054918966978788
formal_2301_2305,utr_sg,2304,30,15001,15500,3.968,train_avg_reward,0.2053547387868166
formal_2301_2305,utr_sg,2304,30,15001,15500,3.968,entropy,2.0237218104600907
formal_2301_2305,utr_sg,2304,30,15001,15500,3.968,approx_kl,0.001362342075705327
formal_2301_2305,utr_sg,2304,30,15001,15500,3.968,policy_loss,-0.0021691303623374964
formal_2301_2305,utr_sg,2304,30,15001,15500,3.968,value_loss,1.9732563310861588
formal_2301_2305,utr_sg,2304,30,15001,15500,3.968,grad_norm,8.888727015465498
formal_2301_2305,utr_sg,2304,31,15501,16000,4.096,train_avg_reward,0.2089065959448926
formal_2301_2305,utr_sg,2304,31,15501,16000,4.096,entropy,2.0502466678619387
formal_2301_2305,utr_sg,2304,31,15501,16000,4.096,approx_kl,0.0017875689912101118
formal_2301_2305,utr_sg,2304,31,15501,16000,4.096,policy_loss,-0.0026679498150169526
formal_2301_2305,utr_sg,2304,31,15501,16000,4.096,value_loss,1.9858250232674182
formal_2301_2305,utr_sg,2304,31,15501,16000,4.096,grad_norm,7.483448952198029
formal_2301_2305,utr_sg,2304,32,16001,16500,4.224,train_avg_reward,0.24632004986703396
formal_2301_2305,utr_sg,2304,32,16001,16500,4.224,entropy,2.0418987608551977
formal_2301_2305,utr_sg,2304,32,16001,16500,4.224,approx_kl,0.0022304430955282432
formal_2301_2305,utr_sg,2304,32,16001,16500,4.224,policy_loss,-0.0027946663292680004
formal_2301_2305,utr_sg,2304,32,16001,16500,4.224,value_loss,1.7476899429112673
formal_2301_2305,utr_sg,2304,32,16001,16500,4.224,grad_norm,6.8890478264987465
formal_2301_2305,utr_sg,2304,33,16501,17000,4.352,train_avg_reward,0.21651692928164265
formal_2301_2305,utr_sg,2304,33,16501,17000,4.352,entropy,1.904677405178547
formal_2301_2305,utr_sg,2304,33,16501,17000,4.352,approx_kl,0.0019956260147070363
formal_2301_2305,utr_sg,2304,33,16501,17000,4.352,policy_loss,-0.002641229815908967
formal_2301_2305,utr_sg,2304,33,16501,17000,4.352,value_loss,1.614380810648203
formal_2301_2305,utr_sg,2304,33,16501,17000,4.352,grad_norm,6.52441726860404
formal_2301_2305,utr_sg,2304,34,17001,17500,4.48,train_avg_reward,0.23322360195964575
formal_2301_2305,utr_sg,2304,34,17001,17500,4.48,entropy,1.9030169264674186
formal_2301_2305,utr_sg,2304,34,17001,17500,4.48,approx_kl,0.0021263391534694152
formal_2301_2305,utr_sg,2304,34,17001,17500,4.48,policy_loss,-0.0027100119242967195
formal_2301_2305,utr_sg,2304,34,17001,17500,4.48,value_loss,1.589378324650228
formal_2301_2305,utr_sg,2304,34,17001,17500,4.48,grad_norm,6.196635626971721
formal_2301_2305,utr_sg,2304,35,17501,18000,4.608,train_avg_reward,0.23427142757549882
formal_2301_2305,utr_sg,2304,35,17501,18000,4.608,entropy,1.8836007708907128
formal_2301_2305,utr_sg,2304,35,17501,18000,4.608,approx_kl,0.0015548373141697684
formal_2301_2305,utr_sg,2304,35,17501,18000,4.608,policy_loss,-0.002504125231824746
formal_2301_2305,utr_sg,2304,35,17501,18000,4.608,value_loss,1.6196279714256525
formal_2301_2305,utr_sg,2304,35,17501,18000,4.608,grad_norm,7.183447000920773
formal_2301_2305,utr_sg,2304,36,18001,18500,4.736,train_avg_reward,0.19915344886854291
formal_2301_2305,utr_sg,2304,36,18001,18500,4.736,entropy,1.7831648957133293
formal_2301_2305,utr_sg,2304,36,18001,18500,4.736,approx_kl,0.0020048112766489785
formal_2301_2305,utr_sg,2304,36,18001,18500,4.736,policy_loss,-0.0028258008993948297
formal_2301_2305,utr_sg,2304,36,18001,18500,4.736,value_loss,1.722937888212502
formal_2301_2305,utr_sg,2304,36,18001,18500,4.736,grad_norm,6.155742280185223
formal_2301_2305,utr_sg,2304,37,18501,19000,4.864,train_avg_reward,0.20494109144806863
formal_2301_2305,utr_sg,2304,37,18501,19000,4.864,entropy,1.818013984978199
formal_2301_2305,utr_sg,2304,37,18501,19000,4.864,approx_kl,0.0017133820977175364
formal_2301_2305,utr_sg,2304,37,18501,19000,4.864,policy_loss,-0.002997555319087184
formal_2301_2305,utr_sg,2304,37,18501,19000,4.864,value_loss,1.5266755053326488
formal_2301_2305,utr_sg,2304,37,18501,19000,4.864,grad_norm,6.8748476585745815
formal_2301_2305,utr_sg,2304,38,19001,19500,4.992,train_avg_reward,0.2306415115594864
formal_2301_2305,utr_sg,2304,38,19001,19500,4.992,entropy,1.9548293655514717
formal_2301_2305,utr_sg,2304,38,19001,19500,4.992,approx_kl,0.0019672161266947414
formal_2301_2305,utr_sg,2304,38,19001,19500,4.992,policy_loss,-0.0029219197259981924
formal_2301_2305,utr_sg,2304,38,19001,19500,4.992,value_loss,1.2343376425579191
formal_2301_2305,utr_sg,2304,38,19001,19500,4.992,grad_norm,6.028535686790943
formal_2301_2305,utr_sg,2304,39,19501,20000,5.12,train_avg_reward,0.21943364752829075
formal_2301_2305,utr_sg,2304,39,19501,20000,5.12,entropy,1.9518139118552207
formal_2301_2305,utr_sg,2304,39,19501,20000,5.12,approx_kl,0.0016414324873458093
formal_2301_2305,utr_sg,2304,39,19501,20000,5.12,policy_loss,-0.0027328827112927004
formal_2301_2305,utr_sg,2304,39,19501,20000,5.12,value_loss,1.4532626921162008
formal_2301_2305,utr_sg,2304,39,19501,20000,5.12,grad_norm,6.420801178336143
formal_2301_2305,utr_sg,2304,40,20001,20500,5.248,train_avg_reward,0.24271431551501155
formal_2301_2305,utr_sg,2304,40,20001,20500,5.248,entropy,1.8380920993089676
formal_2301_2305,utr_sg,2304,40,20001,20500,5.248,approx_kl,0.0016265294017266563
formal_2301_2305,utr_sg,2304,40,20001,20500,5.248,policy_loss,-0.002720664197393674
formal_2301_2305,utr_sg,2304,40,20001,20500,5.248,value_loss,0.8935521609000862
formal_2301_2305,utr_sg,2304,40,20001,20500,5.248,grad_norm,6.2775363380014895
formal_2301_2305,utr_sg,2304,41,20501,21000,5.376,train_avg_reward,0.18840386605449022
formal_2301_2305,utr_sg,2304,41,20501,21000,5.376,entropy,1.7893334448337554
formal_2301_2305,utr_sg,2304,41,20501,21000,5.376,approx_kl,0.0011386704743613328
formal_2301_2305,utr_sg,2304,41,20501,21000,5.376,policy_loss,-0.0021650941722058826
formal_2301_2305,utr_sg,2304,41,20501,21000,5.376,value_loss,1.7743174951840193
formal_2301_2305,utr_sg,2304,41,20501,21000,5.376,grad_norm,8.308730759173631
formal_2301_2305,utr_sg,2304,42,21001,21500,5.504,train_avg_reward,0.23647490374743937
formal_2301_2305,utr_sg,2304,42,21001,21500,5.504,entropy,1.675876346051693
formal_2301_2305,utr_sg,2304,42,21001,21500,5.504,approx_kl,0.0014977023128922144
formal_2301_2305,utr_sg,2304,42,21001,21500,5.504,policy_loss,-0.0023951612316289016
formal_2301_2305,utr_sg,2304,42,21001,21500,5.504,value_loss,1.2721778060793876
formal_2301_2305,utr_sg,2304,42,21001,21500,5.504,grad_norm,7.650158812910318
formal_2301_2305,utr_sg,2304,43,21501,22000,5.632,train_avg_reward,0.22951296408474445
formal_2301_2305,utr_sg,2304,43,21501,22000,5.632,entropy,1.6456825624108316
formal_2301_2305,utr_sg,2304,43,21501,22000,5.632,approx_kl,0.0015537259508206856
formal_2301_2305,utr_sg,2304,43,21501,22000,5.632,policy_loss,-0.002539899940544988
formal_2301_2305,utr_sg,2304,43,21501,22000,5.632,value_loss,1.27423747228086
formal_2301_2305,utr_sg,2304,43,21501,22000,5.632,grad_norm,6.888452398270369
formal_2301_2305,utr_sg,2304,44,22001,22500,5.76,train_avg_reward,0.23396196204423905
formal_2301_2305,utr_sg,2304,44,22001,22500,5.76,entropy,1.5796028912067412
formal_2301_2305,utr_sg,2304,44,22001,22500,5.76,approx_kl,0.001339667383881532
formal_2301_2305,utr_sg,2304,44,22001,22500,5.76,policy_loss,-0.002370406236912526
formal_2301_2305,utr_sg,2304,44,22001,22500,5.76,value_loss,1.2833336288705468
formal_2301_2305,utr_sg,2304,44,22001,22500,5.76,grad_norm,8.381773558169604
formal_2301_2305,utr_sg,2304,45,22501,23000,5.888,train_avg_reward,0.21619603247568012
formal_2301_2305,utr_sg,2304,45,22501,23000,5.888,entropy,1.7365954198837281
formal_2301_2305,utr_sg,2304,45,22501,23000,5.888,approx_kl,0.0014603046933198123
formal_2301_2305,utr_sg,2304,45,22501,23000,5.888,policy_loss,-0.0027025397591363266
formal_2301_2305,utr_sg,2304,45,22501,23000,5.888,value_loss,1.2437835316881538
formal_2301_2305,utr_sg,2304,45,22501,23000,5.888,grad_norm,7.270981877744198
formal_2301_2305,utr_sg,2304,46,23001,23500,6.016,train_avg_reward,0.2245182498842478
formal_2301_2305,utr_sg,2304,46,23001,23500,6.016,entropy,1.7528613809943199
formal_2301_2305,utr_sg,2304,46,23001,23500,6.016,approx_kl,0.001783019015267806
formal_2301_2305,utr_sg,2304,46,23001,23500,6.016,policy_loss,-0.003068987261859868
formal_2301_2305,utr_sg,2304,46,23001,23500,6.016,value_loss,1.0178028489127755
formal_2301_2305,utr_sg,2304,46,23001,23500,6.016,grad_norm,5.65487280112505
formal_2301_2305,utr_sg,2304,47,23501,24000,6.144,train_avg_reward,0.23929884190112352
formal_2301_2305,utr_sg,2304,47,23501,24000,6.144,entropy,1.8427815800309182
formal_2301_2305,utr_sg,2304,47,23501,24000,6.144,approx_kl,0.0015623138761061445
formal_2301_2305,utr_sg,2304,47,23501,24000,6.144,policy_loss,-0.0029579702134793304
formal_2301_2305,utr_sg,2304,47,23501,24000,6.144,value_loss,0.8758766828663647
formal_2301_2305,utr_sg,2304,47,23501,24000,6.144,grad_norm,5.220133451133966
formal_2301_2305,utr_sg,2304,48,24001,24500,6.272,train_avg_reward,0.26881013879179955
formal_2301_2305,utr_sg,2304,48,24001,24500,6.272,entropy,1.6668095014095305
formal_2301_2305,utr_sg,2304,48,24001,24500,6.272,approx_kl,0.0011886166352796839
formal_2301_2305,utr_sg,2304,48,24001,24500,6.272,policy_loss,-0.002144404075094632
formal_2301_2305,utr_sg,2304,48,24001,24500,6.272,value_loss,0.6979869807362556
formal_2301_2305,utr_sg,2304,48,24001,24500,6.272,grad_norm,6.040356239914894
formal_2301_2305,utr_sg,2304,49,24501,25000,6.4,train_avg_reward,0.24956941559910775
formal_2301_2305,utr_sg,2304,49,24501,25000,6.4,entropy,1.6860416072010993
formal_2301_2305,utr_sg,2304,49,24501,25000,6.4,approx_kl,0.0015286313819218153
formal_2301_2305,utr_sg,2304,49,24501,25000,6.4,policy_loss,-0.0027004817689933597
formal_2301_2305,utr_sg,2304,49,24501,25000,6.4,value_loss,0.8477766590192914
formal_2301_2305,utr_sg,2304,49,24501,25000,6.4,grad_norm,5.134324180781841
formal_2301_2305,utr_sg,2304,50,25001,25500,6.528,train_avg_reward,0.25689818120002744
formal_2301_2305,utr_sg,2304,50,25001,25500,6.528,entropy,1.6270719323158265
formal_2301_2305,utr_sg,2304,50,25001,25500,6.528,approx_kl,0.0010981589326186907
formal_2301_2305,utr_sg,2304,50,25001,25500,6.528,policy_loss,-0.002264360931480434
formal_2301_2305,utr_sg,2304,50,25001,25500,6.528,value_loss,0.8319770432859659
formal_2301_2305,utr_sg,2304,50,25001,25500,6.528,grad_norm,5.90552689564228
formal_2301_2305,utr_sg,2304,51,25501,26000,6.656,train_avg_reward,0.26018296475708486
formal_2301_2305,utr_sg,2304,51,25501,26000,6.656,entropy,1.690770125925541
formal_2301_2305,utr_sg,2304,51,25501,26000,6.656,approx_kl,0.0012574612270824807
formal_2301_2305,utr_sg,2304,51,25501,26000,6.656,policy_loss,-0.0025020391400228724
formal_2301_2305,utr_sg,2304,51,25501,26000,6.656,value_loss,1.132739777468145
formal_2301_2305,utr_sg,2304,51,25501,26000,6.656,grad_norm,7.638228508561849
formal_2301_2305,utr_sg,2304,52,26001,26500,6.784,train_avg_reward,0.2504174615368247
formal_2301_2305,utr_sg,2304,52,26001,26500,6.784,entropy,1.6965301789045333
formal_2301_2305,utr_sg,2304,52,26001,26500,6.784,approx_kl,0.0016011382326056854
formal_2301_2305,utr_sg,2304,52,26001,26500,6.784,policy_loss,-0.002629574609469342
formal_2301_2305,utr_sg,2304,52,26001,26500,6.784,value_loss,0.9438138369619846
formal_2301_2305,utr_sg,2304,52,26001,26500,6.784,grad_norm,6.736946451336145
formal_2301_2305,utr_sg,2304,53,26501,27000,6.912,train_avg_reward,0.2615923166424036
formal_2301_2305,utr_sg,2304,53,26501,27000,6.912,entropy,1.5942858291864395
formal_2301_2305,utr_sg,2304,53,26501,27000,6.912,approx_kl,0.001979882251116273
formal_2301_2305,utr_sg,2304,53,26501,27000,6.912,policy_loss,-0.0029259154517971985
formal_2301_2305,utr_sg,2304,53,26501,27000,6.912,value_loss,0.7198606560081243
formal_2301_2305,utr_sg,2304,53,26501,27000,6.912,grad_norm,5.904387502759695
formal_2301_2305,utr_sg,2304,54,27001,27500,7.04,train_avg_reward,0.23536338232457638
formal_2301_2305,utr_sg,2304,54,27001,27500,7.04,entropy,1.7411619003415109
formal_2301_2305,utr_sg,2304,54,27001,27500,7.04,approx_kl,0.0018462277379321663
formal_2301_2305,utr_sg,2304,54,27001,27500,7.04,policy_loss,-0.0028456728713116223
formal_2301_2305,utr_sg,2304,54,27001,27500,7.04,value_loss,0.9674317884966731
formal_2301_2305,utr_sg,2304,54,27001,27500,7.04,grad_norm,6.173438625633716
formal_2301_2305,utr_sg,2304,55,27501,28000,7.168,train_avg_reward,0.26233286698162556
formal_2301_2305,utr_sg,2304,55,27501,28000,7.168,entropy,1.6583089957237243
formal_2301_2305,utr_sg,2304,55,27501,28000,7.168,approx_kl,0.0012363851657270653
formal_2301_2305,utr_sg,2304,55,27501,28000,7.168,policy_loss,-0.0023426315799187423
formal_2301_2305,utr_sg,2304,55,27501,28000,7.168,value_loss,0.9738542624879628
formal_2301_2305,utr_sg,2304,55,27501,28000,7.168,grad_norm,6.289803887635469
formal_2301_2305,utr_sg,2304,56,28001,28500,7.296,train_avg_reward,0.22371552344039083
formal_2301_2305,utr_sg,2304,56,28001,28500,7.296,entropy,1.740849523127079
formal_2301_2305,utr_sg,2304,56,28001,28500,7.296,approx_kl,0.0015835700771731338
formal_2301_2305,utr_sg,2304,56,28001,28500,7.296,policy_loss,-0.0025423074754897545
formal_2301_2305,utr_sg,2304,56,28001,28500,7.296,value_loss,1.136325367640704
formal_2301_2305,utr_sg,2304,56,28001,28500,7.296,grad_norm,7.313859916597605
formal_2301_2305,utr_sg,2304,57,28501,29000,7.424,train_avg_reward,0.22895584123954177
formal_2301_2305,utr_sg,2304,57,28501,29000,7.424,entropy,1.6684745066165925
formal_2301_2305,utr_sg,2304,57,28501,29000,7.424,approx_kl,0.0015182099009480212
formal_2301_2305,utr_sg,2304,57,28501,29000,7.424,policy_loss,-0.0026790191851105275
formal_2301_2305,utr_sg,2304,57,28501,29000,7.424,value_loss,1.1795904411152005
formal_2301_2305,utr_sg,2304,57,28501,29000,7.424,grad_norm,7.254961081415415
formal_2301_2305,utr_sg,2304,58,29001,29500,7.552,train_avg_reward,0.25202583177387716
formal_2301_2305,utr_sg,2304,58,29001,29500,7.552,entropy,1.549157919406891
formal_2301_2305,utr_sg,2304,58,29001,29500,7.552,approx_kl,0.0014914769424006688
formal_2301_2305,utr_sg,2304,58,29001,29500,7.552,policy_loss,-0.0025890553249925
formal_2301_2305,utr_sg,2304,58,29001,29500,7.552,value_loss,0.8005988977998495
formal_2301_2305,utr_sg,2304,58,29001,29500,7.552,grad_norm,6.55134036552906
formal_2301_2305,utr_sg,2304,59,29501,30000,7.68,train_avg_reward,0.24145551235973836
formal_2301_2305,utr_sg,2304,59,29501,30000,7.68,entropy,1.6335690115690231
formal_2301_2305,utr_sg,2304,59,29501,30000,7.68,approx_kl,0.0016411518885894698
formal_2301_2305,utr_sg,2304,59,29501,30000,7.68,policy_loss,-0.0026839779533038965
formal_2301_2305,utr_sg,2304,59,29501,30000,7.68,value_loss,0.8325723107736558
formal_2301_2305,utr_sg,2304,59,29501,30000,7.68,grad_norm,5.762774615347386
formal_2301_2305,utr_sg,2304,60,30001,30500,7.808,train_avg_reward,0.26539393804967404
formal_2301_2305,utr_sg,2304,60,30001,30500,7.808,entropy,1.579525146663189
formal_2301_2305,utr_sg,2304,60,30001,30500,7.808,approx_kl,0.0014741813268055902
formal_2301_2305,utr_sg,2304,60,30001,30500,7.808,policy_loss,-0.0023813545124228767
formal_2301_2305,utr_sg,2304,60,30001,30500,7.808,value_loss,0.6693936177231371
formal_2301_2305,utr_sg,2304,60,30001,30500,7.808,grad_norm,6.49075649368763
formal_2301_2305,utr_sg,2304,61,30501,31000,7.936,train_avg_reward,0.275422331482172
formal_2301_2305,utr_sg,2304,61,30501,31000,7.936,entropy,1.4653567584753036
formal_2301_2305,utr_sg,2304,61,30501,31000,7.936,approx_kl,0.0015540410200295183
formal_2301_2305,utr_sg,2304,61,30501,31000,7.936,policy_loss,-0.002380901673519289
formal_2301_2305,utr_sg,2304,61,30501,31000,7.936,value_loss,0.8474817546149715
formal_2301_2305,utr_sg,2304,61,30501,31000,7.936,grad_norm,7.2433570020496845
formal_2301_2305,utr_sg,2304,62,31001,31500,8.064,train_avg_reward,0.27328361961245534
formal_2301_2305,utr_sg,2304,62,31001,31500,8.064,entropy,1.5197970160841943
formal_2301_2305,utr_sg,2304,62,31001,31500,8.064,approx_kl,0.001944833842183165
formal_2301_2305,utr_sg,2304,62,31001,31500,8.064,policy_loss,-0.002663111750894989
formal_2301_2305,utr_sg,2304,62,31001,31500,8.064,value_loss,0.4635201746281236
formal_2301_2305,utr_sg,2304,62,31001,31500,8.064,grad_norm,6.072519645273686
formal_2301_2305,utr_sg,2304,63,31501,32000,8.192,train_avg_reward,0.26154121128469704
formal_2301_2305,utr_sg,2304,63,31501,32000,8.192,entropy,1.5320672905445099
formal_2301_2305,utr_sg,2304,63,31501,32000,8.192,approx_kl,0.001731707490101445
formal_2301_2305,utr_sg,2304,63,31501,32000,8.192,policy_loss,-0.0024741639512709745
formal_2301_2305,utr_sg,2304,63,31501,32000,8.192,value_loss,0.3975136677697301
formal_2301_2305,utr_sg,2304,63,31501,32000,8.192,grad_norm,5.824597420021892
formal_2301_2305,utr_sg,2304,64,32001,32500,8.32,train_avg_reward,0.27530940566956996
formal_2301_2305,utr_sg,2304,64,32001,32500,8.32,entropy,1.3841174347996712
formal_2301_2305,utr_sg,2304,64,32001,32500,8.32,approx_kl,0.0014913800720476773
formal_2301_2305,utr_sg,2304,64,32001,32500,8.32,policy_loss,-0.002226131080673975
formal_2301_2305,utr_sg,2304,64,32001,32500,8.32,value_loss,0.5742048324914649
formal_2301_2305,utr_sg,2304,64,32001,32500,8.32,grad_norm,6.339371102809906
formal_2301_2305,utr_sg,2304,65,32501,33000,8.448,train_avg_reward,0.30429401095211506
formal_2301_2305,utr_sg,2304,65,32501,33000,8.448,entropy,1.3832377671003342
formal_2301_2305,utr_sg,2304,65,32501,33000,8.448,approx_kl,0.0014179969609767753
formal_2301_2305,utr_sg,2304,65,32501,33000,8.448,policy_loss,-0.0023301986713240535
formal_2301_2305,utr_sg,2304,65,32501,33000,8.448,value_loss,0.6936784149110318
formal_2301_2305,utr_sg,2304,65,32501,33000,8.448,grad_norm,7.775643615931273
formal_2301_2305,utr_sg,2304,66,33001,33500,8.576,train_avg_reward,0.2975218963623047
formal_2301_2305,utr_sg,2304,66,33001,33500,8.576,entropy,1.4455603302717208
formal_2301_2305,utr_sg,2304,66,33001,33500,8.576,approx_kl,0.0012275395756375128
formal_2301_2305,utr_sg,2304,66,33001,33500,8.576,policy_loss,-0.0022229221427565817
formal_2301_2305,utr_sg,2304,66,33001,33500,8.576,value_loss,0.6773988475240768
formal_2301_2305,utr_sg,2304,66,33001,33500,8.576,grad_norm,8.23032568988204
formal_2301_2305,utr_sg,2304,67,33501,34000,8.704,train_avg_reward,0.28882514621317384
formal_2301_2305,utr_sg,2304,67,33501,34000,8.704,entropy,1.4186374960541726
formal_2301_2305,utr_sg,2304,67,33501,34000,8.704,approx_kl,0.00129928628553231
formal_2301_2305,utr_sg,2304,67,33501,34000,8.704,policy_loss,-0.002453963611455859
formal_2301_2305,utr_sg,2304,67,33501,34000,8.704,value_loss,0.7318539034705609
formal_2301_2305,utr_sg,2304,67,33501,34000,8.704,grad_norm,7.322518923699856
formal_2301_2305,utr_sg,2304,68,34001,34500,8.832,train_avg_reward,0.3051688774824142
formal_2301_2305,utr_sg,2304,68,34001,34500,8.832,entropy,1.541445128083229
formal_2301_2305,utr_sg,2304,68,34001,34500,8.832,approx_kl,0.0015729462725233387
formal_2301_2305,utr_sg,2304,68,34001,34500,8.832,policy_loss,-0.0026654437329066646
formal_2301_2305,utr_sg,2304,68,34001,34500,8.832,value_loss,0.6500256988219917
formal_2301_2305,utr_sg,2304,68,34001,34500,8.832,grad_norm,8.490372098207473
formal_2301_2305,utr_sg,2304,69,34501,35000,8.96,train_avg_reward,0.3087022790908813
formal_2301_2305,utr_sg,2304,69,34501,35000,8.96,entropy,1.427031342625618
formal_2301_2305,utr_sg,2304,69,34501,35000,8.96,approx_kl,0.0015840989129860595
formal_2301_2305,utr_sg,2304,69,34501,35000,8.96,policy_loss,-0.0024926883244256706
formal_2301_2305,utr_sg,2304,69,34501,35000,8.96,value_loss,1.1229090951234102
formal_2301_2305,utr_sg,2304,69,34501,35000,8.96,grad_norm,8.215424628138543
formal_2301_2305,utr_sg,2304,70,35001,35500,9.088,train_avg_reward,0.3164357223510742
formal_2301_2305,utr_sg,2304,70,35001,35500,9.088,entropy,1.3430730653703213
formal_2301_2305,utr_sg,2304,70,35001,35500,9.088,approx_kl,0.00163245347311476
formal_2301_2305,utr_sg,2304,70,35001,35500,9.088,policy_loss,-0.002381517066177172
formal_2301_2305,utr_sg,2304,70,35001,35500,9.088,value_loss,0.8694770191358402
formal_2301_2305,utr_sg,2304,70,35001,35500,9.088,grad_norm,8.5425728649199
formal_2301_2305,utr_sg,2304,71,35501,36000,9.216,train_avg_reward,0.3227192332446575
formal_2301_2305,utr_sg,2304,71,35501,36000,9.216,entropy,1.370761487543583
formal_2301_2305,utr_sg,2304,71,35501,36000,9.216,approx_kl,0.0011866353274238718
formal_2301_2305,utr_sg,2304,71,35501,36000,9.216,policy_loss,-0.0024276332122747757
formal_2301_2305,utr_sg,2304,71,35501,36000,9.216,value_loss,0.7378797600269318
formal_2301_2305,utr_sg,2304,71,35501,36000,9.216,grad_norm,8.445807546794414
formal_2301_2305,utr_sg,2304,72,36001,36500,9.344,train_avg_reward,0.31748712024092673
formal_2301_2305,utr_sg,2304,72,36001,36500,9.344,entropy,1.4348423525691032
formal_2301_2305,utr_sg,2304,72,36001,36500,9.344,approx_kl,0.0018022315888068321
formal_2301_2305,utr_sg,2304,72,36001,36500,9.344,policy_loss,-0.0025940611735438897
formal_2301_2305,utr_sg,2304,72,36001,36500,9.344,value_loss,0.562789023084566
formal_2301_2305,utr_sg,2304,72,36001,36500,9.344,grad_norm,9.121476213932038
formal_2301_2305,utr_sg,2304,73,36501,37000,9.472,train_avg_reward,0.3217771438062191
formal_2301_2305,utr_sg,2304,73,36501,37000,9.472,entropy,1.5005417225956916
formal_2301_2305,utr_sg,2304,73,36501,37000,9.472,approx_kl,0.0015867366329985037
formal_2301_2305,utr_sg,2304,73,36501,37000,9.472,policy_loss,-0.002647275841049605
formal_2301_2305,utr_sg,2304,73,36501,37000,9.472,value_loss,0.4690328071080148
formal_2301_2305,utr_sg,2304,73,36501,37000,9.472,grad_norm,7.954875580817461
formal_2301_2305,utr_sg,2304,74,37001,37500,9.6,train_avg_reward,0.30897172532975675
formal_2301_2305,utr_sg,2304,74,37001,37500,9.6,entropy,1.4764539363980294
formal_2301_2305,utr_sg,2304,74,37001,37500,9.6,approx_kl,0.0013951225559291377
formal_2301_2305,utr_sg,2304,74,37001,37500,9.6,policy_loss,-0.0025922786877709573
formal_2301_2305,utr_sg,2304,74,37001,37500,9.6,value_loss,0.7409298156937584
formal_2301_2305,utr_sg,2304,74,37001,37500,9.6,grad_norm,7.730547766685486
formal_2301_2305,utr_sg,2304,75,37501,38000,9.728,train_avg_reward,0.325962397351861
formal_2301_2305,utr_sg,2304,75,37501,38000,9.728,entropy,1.5243844172358514
formal_2301_2305,utr_sg,2304,75,37501,38000,9.728,approx_kl,0.001538061736540833
formal_2301_2305,utr_sg,2304,75,37501,38000,9.728,policy_loss,-0.002567679689039088
formal_2301_2305,utr_sg,2304,75,37501,38000,9.728,value_loss,0.5297925978899002
formal_2301_2305,utr_sg,2304,75,37501,38000,9.728,grad_norm,8.148634691536426
formal_2301_2305,utr_sg,2304,76,38001,38500,9.856,train_avg_reward,0.29416247057914735
formal_2301_2305,utr_sg,2304,76,38001,38500,9.856,entropy,1.4337300295233726
formal_2301_2305,utr_sg,2304,76,38001,38500,9.856,approx_kl,0.001525240246107685
formal_2301_2305,utr_sg,2304,76,38001,38500,9.856,policy_loss,-0.0026545800594161132
formal_2301_2305,utr_sg,2304,76,38001,38500,9.856,value_loss,0.7558978757951409
formal_2301_2305,utr_sg,2304,76,38001,38500,9.856,grad_norm,7.409265862673521
formal_2301_2305,utr_sg,2304,77,38501,39000,9.984,train_avg_reward,0.2816849244385958
formal_2301_2305,utr_sg,2304,77,38501,39000,9.984,entropy,1.391138619750738
formal_2301_2305,utr_sg,2304,77,38501,39000,9.984,approx_kl,0.001628833729647032
formal_2301_2305,utr_sg,2304,77,38501,39000,9.984,policy_loss,-0.0027145428802505646
formal_2301_2305,utr_sg,2304,77,38501,39000,9.984,value_loss,0.6902050350122154
formal_2301_2305,utr_sg,2304,77,38501,39000,9.984,grad_norm,7.754364268064499
formal_2301_2305,utr_sg,2304,78,39001,39500,10.112,train_avg_reward,0.2892581460967896
formal_2301_2305,utr_sg,2304,78,39001,39500,10.112,entropy,1.3715409347935328
formal_2301_2305,utr_sg,2304,78,39001,39500,10.112,approx_kl,0.0005689937322946895
formal_2301_2305,utr_sg,2304,78,39001,39500,10.112,policy_loss,-0.0017040049152941806
formal_2301_2305,utr_sg,2304,78,39001,39500,10.112,value_loss,1.1606583449516505
formal_2301_2305,utr_sg,2304,78,39001,39500,10.112,grad_norm,12.94512131762883
formal_2301_2305,utr_sg,2305,0,1,500,0.128,train_avg_reward,-0.007445898532052525
formal_2301_2305,utr_sg,2305,0,1,500,0.128,entropy,2.586672906816006
formal_2301_2305,utr_sg,2305,0,1,500,0.128,approx_kl,0.0011031764574381668
formal_2301_2305,utr_sg,2305,0,1,500,0.128,policy_loss,-0.001897754152139417
formal_2301_2305,utr_sg,2305,0,1,500,0.128,value_loss,0.4512767163100652
formal_2301_2305,utr_sg,2305,0,1,500,0.128,grad_norm,1.4307095233947038
formal_2301_2305,utr_sg,2305,1,501,1000,0.256,train_avg_reward,0.022660368818211284
formal_2301_2305,utr_sg,2305,1,501,1000,0.256,entropy,2.6387139410972593
formal_2301_2305,utr_sg,2305,1,501,1000,0.256,approx_kl,0.0010698202989585753
formal_2301_2305,utr_sg,2305,1,501,1000,0.256,policy_loss,-0.0020559508467778297
formal_2301_2305,utr_sg,2305,1,501,1000,0.256,value_loss,0.41536466901563107
formal_2301_2305,utr_sg,2305,1,501,1000,0.256,grad_norm,1.53365134601295
formal_2301_2305,utr_sg,2305,2,1001,1500,0.384,train_avg_reward,0.09394385156861972
formal_2301_2305,utr_sg,2305,2,1001,1500,0.384,entropy,2.611857233077288
formal_2301_2305,utr_sg,2305,2,1001,1500,0.384,approx_kl,0.0006631218464911703
formal_2301_2305,utr_sg,2305,2,1001,1500,0.384,policy_loss,-0.0014879156950788866
formal_2301_2305,utr_sg,2305,2,1001,1500,0.384,value_loss,0.5180945791397243
formal_2301_2305,utr_sg,2305,2,1001,1500,0.384,grad_norm,2.0003267560750246
formal_2301_2305,utr_sg,2305,3,1501,2000,0.512,train_avg_reward,0.10270617028644029
formal_2301_2305,utr_sg,2305,3,1501,2000,0.512,entropy,2.6260928473472593
formal_2301_2305,utr_sg,2305,3,1501,2000,0.512,approx_kl,0.0005309024211148881
formal_2301_2305,utr_sg,2305,3,1501,2000,0.512,policy_loss,-0.0013582001208710917
formal_2301_2305,utr_sg,2305,3,1501,2000,0.512,value_loss,0.8281803563907743
formal_2301_2305,utr_sg,2305,3,1501,2000,0.512,grad_norm,2.991744283944368
formal_2301_2305,utr_sg,2305,4,2001,2500,0.64,train_avg_reward,0.11925907191261649
formal_2301_2305,utr_sg,2305,4,2001,2500,0.64,entropy,2.5629282081723215
formal_2301_2305,utr_sg,2305,4,2001,2500,0.64,approx_kl,0.0007098207425789648
formal_2301_2305,utr_sg,2305,4,2001,2500,0.64,policy_loss,-0.0015781607951970145
formal_2301_2305,utr_sg,2305,4,2001,2500,0.64,value_loss,0.8526685468144715
formal_2301_2305,utr_sg,2305,4,2001,2500,0.64,grad_norm,3.009938771247864
formal_2301_2305,utr_sg,2305,5,2501,3000,0.768,train_avg_reward,0.1267976933196187
formal_2301_2305,utr_sg,2305,5,2501,3000,0.768,entropy,2.542824618816376
formal_2301_2305,utr_sg,2305,5,2501,3000,0.768,approx_kl,0.0006525283816007837
formal_2301_2305,utr_sg,2305,5,2501,3000,0.768,policy_loss,-0.0014938171439018357
formal_2301_2305,utr_sg,2305,5,2501,3000,0.768,value_loss,0.9610220680851489
formal_2301_2305,utr_sg,2305,5,2501,3000,0.768,grad_norm,3.356170037262142
formal_2301_2305,utr_sg,2305,6,3001,3500,0.896,train_avg_reward,0.12115957782207988
formal_2301_2305,utr_sg,2305,6,3001,3500,0.896,entropy,2.488124357879162
formal_2301_2305,utr_sg,2305,6,3001,3500,0.896,approx_kl,0.0009408555297835239
formal_2301_2305,utr_sg,2305,6,3001,3500,0.896,policy_loss,-0.0018198657730577029
formal_2301_2305,utr_sg,2305,6,3001,3500,0.896,value_loss,0.9521362884361297
formal_2301_2305,utr_sg,2305,6,3001,3500,0.896,grad_norm,3.4094101652354003
formal_2301_2305,utr_sg,2305,7,3501,4000,1.024,train_avg_reward,0.10682990825339221
formal_2301_2305,utr_sg,2305,7,3501,4000,1.024,entropy,2.476115840792656
formal_2301_2305,utr_sg,2305,7,3501,4000,1.024,approx_kl,0.000920313510503623
formal_2301_2305,utr_sg,2305,7,3501,4000,1.024,policy_loss,-0.0020007780976342804
formal_2301_2305,utr_sg,2305,7,3501,4000,1.024,value_loss,0.80053189738933
formal_2301_2305,utr_sg,2305,7,3501,4000,1.024,grad_norm,2.9666612581312655
formal_2301_2305,utr_sg,2305,8,4001,4500,1.152,train_avg_reward,0.10736165034770966
formal_2301_2305,utr_sg,2305,8,4001,4500,1.152,entropy,2.1808374326229094
formal_2301_2305,utr_sg,2305,8,4001,4500,1.152,approx_kl,0.0009154804323663181
formal_2301_2305,utr_sg,2305,8,4001,4500,1.152,policy_loss,-0.0018337504878713792
formal_2301_2305,utr_sg,2305,8,4001,4500,1.152,value_loss,0.6653588710259646
formal_2301_2305,utr_sg,2305,8,4001,4500,1.152,grad_norm,2.714505258515477
formal_2301_2305,utr_sg,2305,9,4501,5000,1.28,train_avg_reward,0.11801601789891719
formal_2301_2305,utr_sg,2305,9,4501,5000,1.28,entropy,2.327235499083996
formal_2301_2305,utr_sg,2305,9,4501,5000,1.28,approx_kl,0.0008951603124337452
formal_2301_2305,utr_sg,2305,9,4501,5000,1.28,policy_loss,-0.0018463859406501308
formal_2301_2305,utr_sg,2305,9,4501,5000,1.28,value_loss,0.6644422851447016
formal_2301_2305,utr_sg,2305,9,4501,5000,1.28,grad_norm,2.7808419311344625
formal_2301_2305,utr_sg,2305,10,5001,5500,1.408,train_avg_reward,0.13708991205692292
formal_2301_2305,utr_sg,2305,10,5001,5500,1.408,entropy,2.333867333948612
formal_2301_2305,utr_sg,2305,10,5001,5500,1.408,approx_kl,0.0008491687352646597
formal_2301_2305,utr_sg,2305,10,5001,5500,1.408,policy_loss,-0.001840075085365173
formal_2301_2305,utr_sg,2305,10,5001,5500,1.408,value_loss,0.7512212793789804
formal_2301_2305,utr_sg,2305,10,5001,5500,1.408,grad_norm,2.9766340272575618
formal_2301_2305,utr_sg,2305,11,5501,6000,1.536,train_avg_reward,0.09766497063729912
formal_2301_2305,utr_sg,2305,11,5501,6000,1.536,entropy,2.367903976380825
formal_2301_2305,utr_sg,2305,11,5501,6000,1.536,approx_kl,0.0014215715205032212
formal_2301_2305,utr_sg,2305,11,5501,6000,1.536,policy_loss,-0.002411085094207841
formal_2301_2305,utr_sg,2305,11,5501,6000,1.536,value_loss,0.6291625837208703
formal_2301_2305,utr_sg,2305,11,5501,6000,1.536,grad_norm,2.6316164312660693
formal_2301_2305,utr_sg,2305,12,6001,6500,1.664,train_avg_reward,0.1200191319026053
formal_2301_2305,utr_sg,2305,12,6001,6500,1.664,entropy,2.334564544081688
formal_2301_2305,utr_sg,2305,12,6001,6500,1.664,approx_kl,0.000951033141496282
formal_2301_2305,utr_sg,2305,12,6001,6500,1.664,policy_loss,-0.0020857896955946403
formal_2301_2305,utr_sg,2305,12,6001,6500,1.664,value_loss,0.7283244064822793
formal_2301_2305,utr_sg,2305,12,6001,6500,1.664,grad_norm,2.9081658180505037
formal_2301_2305,utr_sg,2305,13,6501,7000,1.792,train_avg_reward,0.12593136754911394
formal_2301_2305,utr_sg,2305,13,6501,7000,1.792,entropy,2.0922686241269113
formal_2301_2305,utr_sg,2305,13,6501,7000,1.792,approx_kl,0.0012157985197418382
formal_2301_2305,utr_sg,2305,13,6501,7000,1.792,policy_loss,-0.0020971086804866925
formal_2301_2305,utr_sg,2305,13,6501,7000,1.792,value_loss,0.8912134558511898
formal_2301_2305,utr_sg,2305,13,6501,7000,1.792,grad_norm,3.3906566102951765
formal_2301_2305,utr_sg,2305,14,7001,7500,1.92,train_avg_reward,0.1314804446771741
formal_2301_2305,utr_sg,2305,14,7001,7500,1.92,entropy,2.2170736377835274
formal_2301_2305,utr_sg,2305,14,7001,7500,1.92,approx_kl,0.0008940568194204082
formal_2301_2305,utr_sg,2305,14,7001,7500,1.92,policy_loss,-0.00193258317386168
formal_2301_2305,utr_sg,2305,14,7001,7500,1.92,value_loss,0.7030656174682081
formal_2301_2305,utr_sg,2305,14,7001,7500,1.92,grad_norm,3.0627559600770473
formal_2301_2305,utr_sg,2305,15,7501,8000,2.048,train_avg_reward,0.15461811989545823
formal_2301_2305,utr_sg,2305,15,7501,8000,2.048,entropy,2.356427863061428
formal_2301_2305,utr_sg,2305,15,7501,8000,2.048,approx_kl,0.0010252658705808243
formal_2301_2305,utr_sg,2305,15,7501,8000,2.048,policy_loss,-0.0020538916875126093
formal_2301_2305,utr_sg,2305,15,7501,8000,2.048,value_loss,0.823120337203145
formal_2301_2305,utr_sg,2305,15,7501,8000,2.048,grad_norm,3.465273050457239
formal_2301_2305,utr_sg,2305,16,8001,8500,2.176,train_avg_reward,0.1603300806954503
formal_2301_2305,utr_sg,2305,16,8001,8500,2.176,entropy,2.3029781143069266
formal_2301_2305,utr_sg,2305,16,8001,8500,2.176,approx_kl,0.0011604469148839293
formal_2301_2305,utr_sg,2305,16,8001,8500,2.176,policy_loss,-0.002164599949194424
formal_2301_2305,utr_sg,2305,16,8001,8500,2.176,value_loss,0.890501155808568
formal_2301_2305,utr_sg,2305,16,8001,8500,2.176,grad_norm,3.9682390238642693
formal_2301_2305,utr_sg,2305,17,8501,9000,2.304,train_avg_reward,0.17516080883145332
formal_2301_2305,utr_sg,2305,17,8501,9000,2.304,entropy,2.2441356999874116
formal_2301_2305,utr_sg,2305,17,8501,9000,2.304,approx_kl,0.0012770627491421082
formal_2301_2305,utr_sg,2305,17,8501,9000,2.304,policy_loss,-0.0023088357487043537
formal_2301_2305,utr_sg,2305,17,8501,9000,2.304,value_loss,0.870154867356643
formal_2301_2305,utr_sg,2305,17,8501,9000,2.304,grad_norm,3.7046711159795525
formal_2301_2305,utr_sg,2305,18,9001,9500,2.432,train_avg_reward,0.19764367673546077
formal_2301_2305,utr_sg,2305,18,9001,9500,2.432,entropy,2.1596352524757387
formal_2301_2305,utr_sg,2305,18,9001,9500,2.432,approx_kl,0.0012026632988478615
formal_2301_2305,utr_sg,2305,18,9001,9500,2.432,policy_loss,-0.0020812077601849504
formal_2301_2305,utr_sg,2305,18,9001,9500,2.432,value_loss,0.7728222616650164
formal_2301_2305,utr_sg,2305,18,9001,9500,2.432,grad_norm,3.812430962845683
formal_2301_2305,utr_sg,2305,19,9501,10000,2.56,train_avg_reward,0.19843348664045335
formal_2301_2305,utr_sg,2305,19,9501,10000,2.56,entropy,2.145621709704399
formal_2301_2305,utr_sg,2305,19,9501,10000,2.56,approx_kl,0.0009961006636055262
formal_2301_2305,utr_sg,2305,19,9501,10000,2.56,policy_loss,-0.001992498260743625
formal_2301_2305,utr_sg,2305,19,9501,10000,2.56,value_loss,0.8685758257508278
formal_2301_2305,utr_sg,2305,19,9501,10000,2.56,grad_norm,4.840247808903456
formal_2301_2305,utr_sg,2305,20,10001,10500,2.688,train_avg_reward,0.17527700045704842
formal_2301_2305,utr_sg,2305,20,10001,10500,2.688,entropy,2.161971015036106
formal_2301_2305,utr_sg,2305,20,10001,10500,2.688,approx_kl,0.001139725882714325
formal_2301_2305,utr_sg,2305,20,10001,10500,2.688,policy_loss,-0.0023425280129128288
formal_2301_2305,utr_sg,2305,20,10001,10500,2.688,value_loss,0.9490067485943436
formal_2301_2305,utr_sg,2305,20,10001,10500,2.688,grad_norm,4.6706856280565265
formal_2301_2305,utr_sg,2305,21,10501,11000,2.816,train_avg_reward,0.15771691484563052
formal_2301_2305,utr_sg,2305,21,10501,11000,2.816,entropy,2.0940213811397554
formal_2301_2305,utr_sg,2305,21,10501,11000,2.816,approx_kl,0.0014570988326076978
formal_2301_2305,utr_sg,2305,21,10501,11000,2.816,policy_loss,-0.0026898709409059257
formal_2301_2305,utr_sg,2305,21,10501,11000,2.816,value_loss,0.8127781118750572
formal_2301_2305,utr_sg,2305,21,10501,11000,2.816,grad_norm,4.004327204987407
formal_2301_2305,utr_sg,2305,22,11001,11500,2.944,train_avg_reward,0.17247048472613097
formal_2301_2305,utr_sg,2305,22,11001,11500,2.944,entropy,2.0412479291558268
formal_2301_2305,utr_sg,2305,22,11001,11500,2.944,approx_kl,0.001093600715274684
formal_2301_2305,utr_sg,2305,22,11001,11500,2.944,policy_loss,-0.002136608858589184
formal_2301_2305,utr_sg,2305,22,11001,11500,2.944,value_loss,0.9232802666071802
formal_2301_2305,utr_sg,2305,22,11001,11500,2.944,grad_norm,4.193420552998782
formal_2301_2305,utr_sg,2305,23,11501,12000,3.072,train_avg_reward,0.1699094348104263
formal_2301_2305,utr_sg,2305,23,11501,12000,3.072,entropy,1.9464210998415947
formal_2301_2305,utr_sg,2305,23,11501,12000,3.072,approx_kl,0.001355626347733959
formal_2301_2305,utr_sg,2305,23,11501,12000,3.072,policy_loss,-0.0021786986188410047
formal_2301_2305,utr_sg,2305,23,11501,12000,3.072,value_loss,0.9851457953974605
formal_2301_2305,utr_sg,2305,23,11501,12000,3.072,grad_norm,4.8959496232569215
formal_2301_2305,utr_sg,2305,24,12001,12500,3.2,train_avg_reward,0.17656208396703005
formal_2301_2305,utr_sg,2305,24,12001,12500,3.2,entropy,1.8618824608922004
formal_2301_2305,utr_sg,2305,24,12001,12500,3.2,approx_kl,0.0016027669714609742
formal_2301_2305,utr_sg,2305,24,12001,12500,3.2,policy_loss,-0.002682126941336933
formal_2301_2305,utr_sg,2305,24,12001,12500,3.2,value_loss,0.8441542660798877
formal_2301_2305,utr_sg,2305,24,12001,12500,3.2,grad_norm,4.395814582437277
formal_2301_2305,utr_sg,2305,25,12501,13000,3.328,train_avg_reward,0.15069025542587042
formal_2301_2305,utr_sg,2305,25,12501,13000,3.328,entropy,1.9236935461759568
formal_2301_2305,utr_sg,2305,25,12501,13000,3.328,approx_kl,0.0013760517590153526
formal_2301_2305,utr_sg,2305,25,12501,13000,3.328,policy_loss,-0.0023846552732776204
formal_2301_2305,utr_sg,2305,25,12501,13000,3.328,value_loss,1.1071174134016037
formal_2301_2305,utr_sg,2305,25,12501,13000,3.328,grad_norm,4.836929390519858
formal_2301_2305,utr_sg,2305,26,13001,13500,3.456,train_avg_reward,0.1702349918037653
formal_2301_2305,utr_sg,2305,26,13001,13500,3.456,entropy,1.9119079856276513
formal_2301_2305,utr_sg,2305,26,13001,13500,3.456,approx_kl,0.0011653528429287669
formal_2301_2305,utr_sg,2305,26,13001,13500,3.456,policy_loss,-0.0022034119491561787
formal_2301_2305,utr_sg,2305,26,13001,13500,3.456,value_loss,0.9036671603508294
formal_2301_2305,utr_sg,2305,26,13001,13500,3.456,grad_norm,4.600577580243349
formal_2301_2305,utr_sg,2305,27,13501,14000,3.584,train_avg_reward,0.18217974980175494
formal_2301_2305,utr_sg,2305,27,13501,14000,3.584,entropy,1.8956485579609872
formal_2301_2305,utr_sg,2305,27,13501,14000,3.584,approx_kl,0.0012201554564441402
formal_2301_2305,utr_sg,2305,27,13501,14000,3.584,policy_loss,-0.002219641734072508
formal_2301_2305,utr_sg,2305,27,13501,14000,3.584,value_loss,0.8652912786453962
formal_2301_2305,utr_sg,2305,27,13501,14000,3.584,grad_norm,4.619005801945924
formal_2301_2305,utr_sg,2305,28,14001,14500,3.712,train_avg_reward,0.2207602496445179
formal_2301_2305,utr_sg,2305,28,14001,14500,3.712,entropy,1.8366512416601182
formal_2301_2305,utr_sg,2305,28,14001,14500,3.712,approx_kl,0.0014319530392279658
formal_2301_2305,utr_sg,2305,28,14001,14500,3.712,policy_loss,-0.0023014889571654922
formal_2301_2305,utr_sg,2305,28,14001,14500,3.712,value_loss,0.5870535647980869
formal_2301_2305,utr_sg,2305,28,14001,14500,3.712,grad_norm,4.464082808047533
formal_2301_2305,utr_sg,2305,29,14501,15000,3.84,train_avg_reward,0.21731499890238046
formal_2301_2305,utr_sg,2305,29,14501,15000,3.84,entropy,1.8508483204841615
formal_2301_2305,utr_sg,2305,29,14501,15000,3.84,approx_kl,0.0015483171499605889
formal_2301_2305,utr_sg,2305,29,14501,15000,3.84,policy_loss,-0.002579659190040725
formal_2301_2305,utr_sg,2305,29,14501,15000,3.84,value_loss,0.5084262958616018
formal_2301_2305,utr_sg,2305,29,14501,15000,3.84,grad_norm,3.946888046309352
formal_2301_2305,utr_sg,2305,30,15001,15500,3.968,train_avg_reward,0.20931823186576368
formal_2301_2305,utr_sg,2305,30,15001,15500,3.968,entropy,1.8665781484246253
formal_2301_2305,utr_sg,2305,30,15001,15500,3.968,approx_kl,0.0014294481328024603
formal_2301_2305,utr_sg,2305,30,15001,15500,3.968,policy_loss,-0.00235510881081887
formal_2301_2305,utr_sg,2305,30,15001,15500,3.968,value_loss,0.5293957498706877
formal_2301_2305,utr_sg,2305,30,15001,15500,3.968,grad_norm,3.9913559985756875
formal_2301_2305,utr_sg,2305,31,15501,16000,4.096,train_avg_reward,0.193788092687726
formal_2301_2305,utr_sg,2305,31,15501,16000,4.096,entropy,1.946075769662857
formal_2301_2305,utr_sg,2305,31,15501,16000,4.096,approx_kl,0.0015753311729849858
formal_2301_2305,utr_sg,2305,31,15501,16000,4.096,policy_loss,-0.0026051248086240296
formal_2301_2305,utr_sg,2305,31,15501,16000,4.096,value_loss,0.7228362297937274
formal_2301_2305,utr_sg,2305,31,15501,16000,4.096,grad_norm,3.7365687996596098
formal_2301_2305,utr_sg,2305,32,16001,16500,4.224,train_avg_reward,0.22651970367133617
formal_2301_2305,utr_sg,2305,32,16001,16500,4.224,entropy,1.9470048961043358
formal_2301_2305,utr_sg,2305,32,16001,16500,4.224,approx_kl,0.0014064811332696048
formal_2301_2305,utr_sg,2305,32,16001,16500,4.224,policy_loss,-0.0022404021615362903
formal_2301_2305,utr_sg,2305,32,16001,16500,4.224,value_loss,0.6634562947116792
formal_2301_2305,utr_sg,2305,32,16001,16500,4.224,grad_norm,5.2575352410376075
formal_2301_2305,utr_sg,2305,33,16501,17000,4.352,train_avg_reward,0.20865999354422093
formal_2301_2305,utr_sg,2305,33,16501,17000,4.352,entropy,1.8436107777953148
formal_2301_2305,utr_sg,2305,33,16501,17000,4.352,approx_kl,0.0015933735418235868
formal_2301_2305,utr_sg,2305,33,16501,17000,4.352,policy_loss,-0.002385450519103226
formal_2301_2305,utr_sg,2305,33,16501,17000,4.352,value_loss,0.6216415567602962
formal_2301_2305,utr_sg,2305,33,16501,17000,4.352,grad_norm,4.085848593831062
formal_2301_2305,utr_sg,2305,34,17001,17500,4.48,train_avg_reward,0.20807620830088855
formal_2301_2305,utr_sg,2305,34,17001,17500,4.48,entropy,1.8521243541836738
formal_2301_2305,utr_sg,2305,34,17001,17500,4.48,approx_kl,0.001484094581513087
formal_2301_2305,utr_sg,2305,34,17001,17500,4.48,policy_loss,-0.0022702520272369652
formal_2301_2305,utr_sg,2305,34,17001,17500,4.48,value_loss,0.7850518478546291
formal_2301_2305,utr_sg,2305,34,17001,17500,4.48,grad_norm,4.467644958332181
formal_2301_2305,utr_sg,2305,35,17501,18000,4.608,train_avg_reward,0.20202388201653956
formal_2301_2305,utr_sg,2305,35,17501,18000,4.608,entropy,1.7252695425152778
formal_2301_2305,utr_sg,2305,35,17501,18000,4.608,approx_kl,0.0012874443801438205
formal_2301_2305,utr_sg,2305,35,17501,18000,4.608,policy_loss,-0.0020110003650654464
formal_2301_2305,utr_sg,2305,35,17501,18000,4.608,value_loss,0.8097640189584344
formal_2301_2305,utr_sg,2305,35,17501,18000,4.608,grad_norm,5.287646200269461
formal_2301_2305,utr_sg,2305,36,18001,18500,4.736,train_avg_reward,0.234662598118186
formal_2301_2305,utr_sg,2305,36,18001,18500,4.736,entropy,1.8481857814788818
formal_2301_2305,utr_sg,2305,36,18001,18500,4.736,approx_kl,0.0013228027321729263
formal_2301_2305,utr_sg,2305,36,18001,18500,4.736,policy_loss,-0.0023066700378206865
formal_2301_2305,utr_sg,2305,36,18001,18500,4.736,value_loss,0.38861097712256015
formal_2301_2305,utr_sg,2305,36,18001,18500,4.736,grad_norm,3.8918032047152518
formal_2301_2305,utr_sg,2305,37,18501,19000,4.864,train_avg_reward,0.2095838492885232
formal_2301_2305,utr_sg,2305,37,18501,19000,4.864,entropy,1.7298652250766755
formal_2301_2305,utr_sg,2305,37,18501,19000,4.864,approx_kl,0.0017623836691703482
formal_2301_2305,utr_sg,2305,37,18501,19000,4.864,policy_loss,-0.002318737453228921
formal_2301_2305,utr_sg,2305,37,18501,19000,4.864,value_loss,0.6672024178197608
formal_2301_2305,utr_sg,2305,37,18501,19000,4.864,grad_norm,5.473390784561634
formal_2301_2305,utr_sg,2305,38,19001,19500,4.992,train_avg_reward,0.2212957127764821
formal_2301_2305,utr_sg,2305,38,19001,19500,4.992,entropy,1.7286028643250466
formal_2301_2305,utr_sg,2305,38,19001,19500,4.992,approx_kl,0.001440472005423843
formal_2301_2305,utr_sg,2305,38,19001,19500,4.992,policy_loss,-0.0021022638367314598
formal_2301_2305,utr_sg,2305,38,19001,19500,4.992,value_loss,0.6909890129119158
formal_2301_2305,utr_sg,2305,38,19001,19500,4.992,grad_norm,6.536601080581546
formal_2301_2305,utr_sg,2305,39,19501,20000,5.12,train_avg_reward,0.2238603423908353
formal_2301_2305,utr_sg,2305,39,19501,20000,5.12,entropy,1.699700130879879
formal_2301_2305,utr_sg,2305,39,19501,20000,5.12,approx_kl,0.0011508515733877733
formal_2301_2305,utr_sg,2305,39,19501,20000,5.12,policy_loss,-0.0019931319216696065
formal_2301_2305,utr_sg,2305,39,19501,20000,5.12,value_loss,0.6122772224619984
formal_2301_2305,utr_sg,2305,39,19501,20000,5.12,grad_norm,4.78312318021059
formal_2301_2305,utr_sg,2305,40,20001,20500,5.248,train_avg_reward,0.23696500776708126
formal_2301_2305,utr_sg,2305,40,20001,20500,5.248,entropy,1.6519430257081986
formal_2301_2305,utr_sg,2305,40,20001,20500,5.248,approx_kl,0.0014939511821545801
formal_2301_2305,utr_sg,2305,40,20001,20500,5.248,policy_loss,-0.0024781346807720684
formal_2301_2305,utr_sg,2305,40,20001,20500,5.248,value_loss,0.37989538015704605
formal_2301_2305,utr_sg,2305,40,20001,20500,5.248,grad_norm,3.5980737078040836
formal_2301_2305,utr_sg,2305,41,20501,21000,5.376,train_avg_reward,0.23129436700046063
formal_2301_2305,utr_sg,2305,41,20501,21000,5.376,entropy,1.709781265079975
formal_2301_2305,utr_sg,2305,41,20501,21000,5.376,approx_kl,0.0017620696563729586
formal_2301_2305,utr_sg,2305,41,20501,21000,5.376,policy_loss,-0.0030582965922781153
formal_2301_2305,utr_sg,2305,41,20501,21000,5.376,value_loss,0.26326582143176347
formal_2301_2305,utr_sg,2305,41,20501,21000,5.376,grad_norm,2.6160338701456785
formal_2301_2305,utr_sg,2305,42,21001,21500,5.504,train_avg_reward,0.18705830937623977
formal_2301_2305,utr_sg,2305,42,21001,21500,5.504,entropy,1.6804177401065827
formal_2301_2305,utr_sg,2305,42,21001,21500,5.504,approx_kl,0.0014701322260577054
formal_2301_2305,utr_sg,2305,42,21001,21500,5.504,policy_loss,-0.002626834171266616
formal_2301_2305,utr_sg,2305,42,21001,21500,5.504,value_loss,0.8347412934228778
formal_2301_2305,utr_sg,2305,42,21001,21500,5.504,grad_norm,4.05145675227046
formal_2301_2305,utr_sg,2305,43,21501,22000,5.632,train_avg_reward,0.21772351735830306
formal_2301_2305,utr_sg,2305,43,21501,22000,5.632,entropy,1.6189799958467483
formal_2301_2305,utr_sg,2305,43,21501,22000,5.632,approx_kl,0.0012198400571351116
formal_2301_2305,utr_sg,2305,43,21501,22000,5.632,policy_loss,-0.0024144113138228826
formal_2301_2305,utr_sg,2305,43,21501,22000,5.632,value_loss,0.8170483386553824
formal_2301_2305,utr_sg,2305,43,21501,22000,5.632,grad_norm,4.964860634893179
formal_2301_2305,utr_sg,2305,44,22001,22500,5.76,train_avg_reward,0.23861112889647484
formal_2301_2305,utr_sg,2305,44,22001,22500,5.76,entropy,1.6590071520209313
formal_2301_2305,utr_sg,2305,44,22001,22500,5.76,approx_kl,0.0016336828815456054
formal_2301_2305,utr_sg,2305,44,22001,22500,5.76,policy_loss,-0.002752459457660081
formal_2301_2305,utr_sg,2305,44,22001,22500,5.76,value_loss,0.396211803663522
formal_2301_2305,utr_sg,2305,44,22001,22500,5.76,grad_norm,3.7284617477208375
formal_2301_2305,utr_sg,2305,45,22501,23000,5.888,train_avg_reward,0.23547586452960967
formal_2301_2305,utr_sg,2305,45,22501,23000,5.888,entropy,1.6506625312566756
formal_2301_2305,utr_sg,2305,45,22501,23000,5.888,approx_kl,0.0015006864666165663
formal_2301_2305,utr_sg,2305,45,22501,23000,5.888,policy_loss,-0.002414888472293037
formal_2301_2305,utr_sg,2305,45,22501,23000,5.888,value_loss,0.38219725787080827
formal_2301_2305,utr_sg,2305,45,22501,23000,5.888,grad_norm,3.9364314303994177
formal_2301_2305,utr_sg,2305,46,23001,23500,6.016,train_avg_reward,0.22737924048304559
formal_2301_2305,utr_sg,2305,46,23001,23500,6.016,entropy,1.7619613366723061
formal_2301_2305,utr_sg,2305,46,23001,23500,6.016,approx_kl,0.0015827589992810872
formal_2301_2305,utr_sg,2305,46,23001,23500,6.016,policy_loss,-0.0027571381221461904
formal_2301_2305,utr_sg,2305,46,23001,23500,6.016,value_loss,0.46849900688789786
formal_2301_2305,utr_sg,2305,46,23001,23500,6.016,grad_norm,3.6306712564975023
formal_2301_2305,utr_sg,2305,47,23501,24000,6.144,train_avg_reward,0.20103175672516227
formal_2301_2305,utr_sg,2305,47,23501,24000,6.144,entropy,1.7335942782759666
formal_2301_2305,utr_sg,2305,47,23501,24000,6.144,approx_kl,0.0017005373443256101
formal_2301_2305,utr_sg,2305,47,23501,24000,6.144,policy_loss,-0.002628491908466525
formal_2301_2305,utr_sg,2305,47,23501,24000,6.144,value_loss,0.9299442207477987
formal_2301_2305,utr_sg,2305,47,23501,24000,6.144,grad_norm,4.693652278795838
formal_2301_2305,utr_sg,2305,48,24001,24500,6.272,train_avg_reward,0.22931507129967213
formal_2301_2305,utr_sg,2305,48,24001,24500,6.272,entropy,1.6875125111937523
formal_2301_2305,utr_sg,2305,48,24001,24500,6.272,approx_kl,0.0013220609992610297
formal_2301_2305,utr_sg,2305,48,24001,24500,6.272,policy_loss,-0.002224608933579719
formal_2301_2305,utr_sg,2305,48,24001,24500,6.272,value_loss,0.5968516615312547
formal_2301_2305,utr_sg,2305,48,24001,24500,6.272,grad_norm,5.580306493908167
formal_2301_2305,utr_sg,2305,49,24501,25000,6.4,train_avg_reward,0.24422180092334747
formal_2301_2305,utr_sg,2305,49,24501,25000,6.4,entropy,1.758071589231491
formal_2301_2305,utr_sg,2305,49,24501,25000,6.4,approx_kl,0.0017035458889013107
formal_2301_2305,utr_sg,2305,49,24501,25000,6.4,policy_loss,-0.002555939518921395
formal_2301_2305,utr_sg,2305,49,24501,25000,6.4,value_loss,0.37888409618381413
formal_2301_2305,utr_sg,2305,49,24501,25000,6.4,grad_norm,4.793766356557608
formal_2301_2305,utr_sg,2305,50,25001,25500,6.528,train_avg_reward,0.23591296465694905
formal_2301_2305,utr_sg,2305,50,25001,25500,6.528,entropy,1.7565299525260925
formal_2301_2305,utr_sg,2305,50,25001,25500,6.528,approx_kl,0.0016639628068572398
formal_2301_2305,utr_sg,2305,50,25001,25500,6.528,policy_loss,-0.002606536902041306
formal_2301_2305,utr_sg,2305,50,25001,25500,6.528,value_loss,0.2531784364897758
formal_2301_2305,utr_sg,2305,50,25001,25500,6.528,grad_norm,3.6062502455860375
formal_2301_2305,utr_sg,2305,51,25501,26000,6.656,train_avg_reward,0.2347351743876934
formal_2301_2305,utr_sg,2305,51,25501,26000,6.656,entropy,1.6901726807951927
formal_2301_2305,utr_sg,2305,51,25501,26000,6.656,approx_kl,0.001232257972908574
formal_2301_2305,utr_sg,2305,51,25501,26000,6.656,policy_loss,-0.0021540390667336134
formal_2301_2305,utr_sg,2305,51,25501,26000,6.656,value_loss,0.4111021359767765
formal_2301_2305,utr_sg,2305,51,25501,26000,6.656,grad_norm,4.919702127918601
formal_2301_2305,utr_sg,2305,52,26001,26500,6.784,train_avg_reward,0.2329704075306654
formal_2301_2305,utr_sg,2305,52,26001,26500,6.784,entropy,1.699804490685463
formal_2301_2305,utr_sg,2305,52,26001,26500,6.784,approx_kl,0.0013341743809702703
formal_2301_2305,utr_sg,2305,52,26001,26500,6.784,policy_loss,-0.0022222565214304337
formal_2301_2305,utr_sg,2305,52,26001,26500,6.784,value_loss,0.5416870525963604
formal_2301_2305,utr_sg,2305,52,26001,26500,6.784,grad_norm,5.581215336099267
formal_2301_2305,utr_sg,2305,53,26501,27000,6.912,train_avg_reward,0.2242515282779932
formal_2301_2305,utr_sg,2305,53,26501,27000,6.912,entropy,1.6633027084469796
formal_2301_2305,utr_sg,2305,53,26501,27000,6.912,approx_kl,0.0017605804186138438
formal_2301_2305,utr_sg,2305,53,26501,27000,6.912,policy_loss,-0.002778720430621594
formal_2301_2305,utr_sg,2305,53,26501,27000,6.912,value_loss,0.588648622168228
formal_2301_2305,utr_sg,2305,53,26501,27000,6.912,grad_norm,4.9754926877617836
formal_2301_2305,utr_sg,2305,54,27001,27500,7.04,train_avg_reward,0.23571096950396894
formal_2301_2305,utr_sg,2305,54,27001,27500,7.04,entropy,1.5880370996594428
formal_2301_2305,utr_sg,2305,54,27001,27500,7.04,approx_kl,0.0019739908757255694
formal_2301_2305,utr_sg,2305,54,27001,27500,7.04,policy_loss,-0.0027010996862346054
formal_2301_2305,utr_sg,2305,54,27001,27500,7.04,value_loss,0.49823921981453895
formal_2301_2305,utr_sg,2305,54,27001,27500,7.04,grad_norm,4.872824097156525
formal_2301_2305,utr_sg,2305,55,27501,28000,7.168,train_avg_reward,0.2265096619874239
formal_2301_2305,utr_sg,2305,55,27501,28000,7.168,entropy,1.6575394349694252
formal_2301_2305,utr_sg,2305,55,27501,28000,7.168,approx_kl,0.0017654860407771218
formal_2301_2305,utr_sg,2305,55,27501,28000,7.168,policy_loss,-0.0025359116790386756
formal_2301_2305,utr_sg,2305,55,27501,28000,7.168,value_loss,0.582935357209295
formal_2301_2305,utr_sg,2305,55,27501,28000,7.168,grad_norm,5.198094558358193
formal_2301_2305,utr_sg,2305,56,28001,28500,7.296,train_avg_reward,0.22546590147167445
formal_2301_2305,utr_sg,2305,56,28001,28500,7.296,entropy,1.6758478894233704
formal_2301_2305,utr_sg,2305,56,28001,28500,7.296,approx_kl,0.0015600236621721637
formal_2301_2305,utr_sg,2305,56,28001,28500,7.296,policy_loss,-0.0024522948624497326
formal_2301_2305,utr_sg,2305,56,28001,28500,7.296,value_loss,0.7118917633118108
formal_2301_2305,utr_sg,2305,56,28001,28500,7.296,grad_norm,4.698164859682321
formal_2301_2305,utr_sg,2305,57,28501,29000,7.424,train_avg_reward,0.23544302093982697
formal_2301_2305,utr_sg,2305,57,28501,29000,7.424,entropy,1.5151559098362923
formal_2301_2305,utr_sg,2305,57,28501,29000,7.424,approx_kl,0.0014518311947704146
formal_2301_2305,utr_sg,2305,57,28501,29000,7.424,policy_loss,-0.0023774011336586214
formal_2301_2305,utr_sg,2305,57,28501,29000,7.424,value_loss,0.5956846653567627
formal_2301_2305,utr_sg,2305,57,28501,29000,7.424,grad_norm,4.949015074819326
formal_2301_2305,utr_sg,2305,58,29001,29500,7.552,train_avg_reward,0.23812824665009977
formal_2301_2305,utr_sg,2305,58,29001,29500,7.552,entropy,1.6528168709278106
formal_2301_2305,utr_sg,2305,58,29001,29500,7.552,approx_kl,0.001644810052702261
formal_2301_2305,utr_sg,2305,58,29001,29500,7.552,policy_loss,-0.0024396824373609277
formal_2301_2305,utr_sg,2305,58,29001,29500,7.552,value_loss,0.7106775385960936
formal_2301_2305,utr_sg,2305,58,29001,29500,7.552,grad_norm,6.185224429637194
formal_2301_2305,utr_sg,2305,59,29501,30000,7.68,train_avg_reward,0.23935932284593583
formal_2301_2305,utr_sg,2305,59,29501,30000,7.68,entropy,1.6650167375206948
formal_2301_2305,utr_sg,2305,59,29501,30000,7.68,approx_kl,0.0014907114412932576
formal_2301_2305,utr_sg,2305,59,29501,30000,7.68,policy_loss,-0.0024237991368991005
formal_2301_2305,utr_sg,2305,59,29501,30000,7.68,value_loss,0.5140028415042907
formal_2301_2305,utr_sg,2305,59,29501,30000,7.68,grad_norm,5.0519058860838415
formal_2301_2305,utr_sg,2305,60,30001,30500,7.808,train_avg_reward,0.2410953322649002
formal_2301_2305,utr_sg,2305,60,30001,30500,7.808,entropy,1.5616466538310052
formal_2301_2305,utr_sg,2305,60,30001,30500,7.808,approx_kl,0.0021801024051455813
formal_2301_2305,utr_sg,2305,60,30001,30500,7.808,policy_loss,-0.0028572037750070295
formal_2301_2305,utr_sg,2305,60,30001,30500,7.808,value_loss,0.523943019340746
formal_2301_2305,utr_sg,2305,60,30001,30500,7.808,grad_norm,4.672391177669168
formal_2301_2305,utr_sg,2305,61,30501,31000,7.936,train_avg_reward,0.2553612262904644
formal_2301_2305,utr_sg,2305,61,30501,31000,7.936,entropy,1.5690865603089332
formal_2301_2305,utr_sg,2305,61,30501,31000,7.936,approx_kl,0.0016191762653076313
formal_2301_2305,utr_sg,2305,61,30501,31000,7.936,policy_loss,-0.002381301284157271
formal_2301_2305,utr_sg,2305,61,30501,31000,7.936,value_loss,0.2842619709381834
formal_2301_2305,utr_sg,2305,61,30501,31000,7.936,grad_norm,3.9591824692487716
formal_2301_2305,utr_sg,2305,62,31001,31500,8.064,train_avg_reward,0.2129759711176157
formal_2301_2305,utr_sg,2305,62,31001,31500,8.064,entropy,1.6038006641864777
formal_2301_2305,utr_sg,2305,62,31001,31500,8.064,approx_kl,0.0015562281320280738
formal_2301_2305,utr_sg,2305,62,31001,31500,8.064,policy_loss,-0.002231869025111803
formal_2301_2305,utr_sg,2305,62,31001,31500,8.064,value_loss,1.033247475489974
formal_2301_2305,utr_sg,2305,62,31001,31500,8.064,grad_norm,6.120619252696633
formal_2301_2305,utr_sg,2305,63,31501,32000,8.192,train_avg_reward,0.20424893344938755
formal_2301_2305,utr_sg,2305,63,31501,32000,8.192,entropy,1.5814365621507167
formal_2301_2305,utr_sg,2305,63,31501,32000,8.192,approx_kl,0.0015463529985792394
formal_2301_2305,utr_sg,2305,63,31501,32000,8.192,policy_loss,-0.002177613429491706
formal_2301_2305,utr_sg,2305,63,31501,32000,8.192,value_loss,1.226830481717363
formal_2301_2305,utr_sg,2305,63,31501,32000,8.192,grad_norm,6.762392324104905
formal_2301_2305,utr_sg,2305,64,32001,32500,8.32,train_avg_reward,0.2198331320770085
formal_2301_2305,utr_sg,2305,64,32001,32500,8.32,entropy,1.6552052825689316
formal_2301_2305,utr_sg,2305,64,32001,32500,8.32,approx_kl,0.0013951203955066302
formal_2301_2305,utr_sg,2305,64,32001,32500,8.32,policy_loss,-0.002450724877630012
formal_2301_2305,utr_sg,2305,64,32001,32500,8.32,value_loss,1.020711161635816
formal_2301_2305,utr_sg,2305,64,32001,32500,8.32,grad_norm,5.726783772081137
formal_2301_2305,utr_sg,2305,65,32501,33000,8.448,train_avg_reward,0.23938517771661283
formal_2301_2305,utr_sg,2305,65,32501,33000,8.448,entropy,1.6394299128055572
formal_2301_2305,utr_sg,2305,65,32501,33000,8.448,approx_kl,0.0015497345805288144
formal_2301_2305,utr_sg,2305,65,32501,33000,8.448,policy_loss,-0.002604303393350134
formal_2301_2305,utr_sg,2305,65,32501,33000,8.448,value_loss,0.5469226846601815
formal_2301_2305,utr_sg,2305,65,32501,33000,8.448,grad_norm,4.6715039006471635
formal_2301_2305,utr_sg,2305,66,33001,33500,8.576,train_avg_reward,0.24337701560556887
formal_2301_2305,utr_sg,2305,66,33001,33500,8.576,entropy,1.6191656724810601
formal_2301_2305,utr_sg,2305,66,33001,33500,8.576,approx_kl,0.001757952077347294
formal_2301_2305,utr_sg,2305,66,33001,33500,8.576,policy_loss,-0.0026521749890435395
formal_2301_2305,utr_sg,2305,66,33001,33500,8.576,value_loss,0.6040476736314595
formal_2301_2305,utr_sg,2305,66,33001,33500,8.576,grad_norm,5.458451160669327
formal_2301_2305,utr_sg,2305,67,33501,34000,8.704,train_avg_reward,0.234018966473639
formal_2301_2305,utr_sg,2305,67,33501,34000,8.704,entropy,1.5459335038661957
formal_2301_2305,utr_sg,2305,67,33501,34000,8.704,approx_kl,0.0014728837170105103
formal_2301_2305,utr_sg,2305,67,33501,34000,8.704,policy_loss,-0.002353614743998292
formal_2301_2305,utr_sg,2305,67,33501,34000,8.704,value_loss,0.519533006887883
formal_2301_2305,utr_sg,2305,67,33501,34000,8.704,grad_norm,5.4482840032577515
formal_2301_2305,utr_sg,2305,68,34001,34500,8.832,train_avg_reward,0.23826767142117022
formal_2301_2305,utr_sg,2305,68,34001,34500,8.832,entropy,1.5395825333595277
formal_2301_2305,utr_sg,2305,68,34001,34500,8.832,approx_kl,0.0016795546154838325
formal_2301_2305,utr_sg,2305,68,34001,34500,8.832,policy_loss,-0.0026967752655271027
formal_2301_2305,utr_sg,2305,68,34001,34500,8.832,value_loss,0.5342444565780461
formal_2301_2305,utr_sg,2305,68,34001,34500,8.832,grad_norm,4.4364552382230755
formal_2301_2305,utr_sg,2305,69,34501,35000,8.96,train_avg_reward,0.24265498292446136
formal_2301_2305,utr_sg,2305,69,34501,35000,8.96,entropy,1.5074045802354812
formal_2301_2305,utr_sg,2305,69,34501,35000,8.96,approx_kl,0.0013020642410218187
formal_2301_2305,utr_sg,2305,69,34501,35000,8.96,policy_loss,-0.0023602355207458245
formal_2301_2305,utr_sg,2305,69,34501,35000,8.96,value_loss,0.5941668028216809
formal_2301_2305,utr_sg,2305,69,34501,35000,8.96,grad_norm,4.986058574199676
formal_2301_2305,utr_sg,2305,70,35001,35500,9.088,train_avg_reward,0.2511251774728298
formal_2301_2305,utr_sg,2305,70,35001,35500,9.088,entropy,1.643281007230282
formal_2301_2305,utr_sg,2305,70,35001,35500,9.088,approx_kl,0.001751831639956427
formal_2301_2305,utr_sg,2305,70,35001,35500,9.088,policy_loss,-0.0027545610587117095
formal_2301_2305,utr_sg,2305,70,35001,35500,9.088,value_loss,0.40980310495570305
formal_2301_2305,utr_sg,2305,70,35001,35500,9.088,grad_norm,4.6883446629941465
formal_2301_2305,utr_sg,2305,71,35501,36000,9.216,train_avg_reward,0.24033263954520226
formal_2301_2305,utr_sg,2305,71,35501,36000,9.216,entropy,1.6567867247462273
formal_2301_2305,utr_sg,2305,71,35501,36000,9.216,approx_kl,0.0013977449308687545
formal_2301_2305,utr_sg,2305,71,35501,36000,9.216,policy_loss,-0.002602928279978173
formal_2301_2305,utr_sg,2305,71,35501,36000,9.216,value_loss,0.4882208321439102
formal_2301_2305,utr_sg,2305,71,35501,36000,9.216,grad_norm,3.7263328692615034
formal_2301_2305,utr_sg,2305,72,36001,36500,9.344,train_avg_reward,0.23783614180982113
formal_2301_2305,utr_sg,2305,72,36001,36500,9.344,entropy,1.733929520726204
formal_2301_2305,utr_sg,2305,72,36001,36500,9.344,approx_kl,0.0017826275022271056
formal_2301_2305,utr_sg,2305,72,36001,36500,9.344,policy_loss,-0.002926138240539808
formal_2301_2305,utr_sg,2305,72,36001,36500,9.344,value_loss,0.4767432878110558
formal_2301_2305,utr_sg,2305,72,36001,36500,9.344,grad_norm,4.196515705049038
formal_2301_2305,utr_sg,2305,73,36501,37000,9.472,train_avg_reward,0.19132923201471566
formal_2301_2305,utr_sg,2305,73,36501,37000,9.472,entropy,1.6386147292852402
formal_2301_2305,utr_sg,2305,73,36501,37000,9.472,approx_kl,0.0015163423566100305
formal_2301_2305,utr_sg,2305,73,36501,37000,9.472,policy_loss,-0.002670143802664511
formal_2301_2305,utr_sg,2305,73,36501,37000,9.472,value_loss,0.7887863319031895
formal_2301_2305,utr_sg,2305,73,36501,37000,9.472,grad_norm,4.689191303491592
formal_2301_2305,utr_sg,2305,74,37001,37500,9.6,train_avg_reward,0.18404192085959947
formal_2301_2305,utr_sg,2305,74,37001,37500,9.6,entropy,1.721904657959938
formal_2301_2305,utr_sg,2305,74,37001,37500,9.6,approx_kl,0.0016864835855327851
formal_2301_2305,utr_sg,2305,74,37001,37500,9.6,policy_loss,-0.002399897238925789
formal_2301_2305,utr_sg,2305,74,37001,37500,9.6,value_loss,1.0849223920907825
formal_2301_2305,utr_sg,2305,74,37001,37500,9.6,grad_norm,5.401124989360571
formal_2301_2305,utr_sg,2305,75,37501,38000,9.728,train_avg_reward,0.22943629883229733
formal_2301_2305,utr_sg,2305,75,37501,38000,9.728,entropy,1.5899449090361595
formal_2301_2305,utr_sg,2305,75,37501,38000,9.728,approx_kl,0.0018785232089946072
formal_2301_2305,utr_sg,2305,75,37501,38000,9.728,policy_loss,-0.0029764010449854256
formal_2301_2305,utr_sg,2305,75,37501,38000,9.728,value_loss,0.47339228398911654
formal_2301_2305,utr_sg,2305,75,37501,38000,9.728,grad_norm,4.105963808834553
formal_2301_2305,utr_sg,2305,76,38001,38500,9.856,train_avg_reward,0.2277640261799097
formal_2301_2305,utr_sg,2305,76,38001,38500,9.856,entropy,1.6975303270816804
formal_2301_2305,utr_sg,2305,76,38001,38500,9.856,approx_kl,0.0016912359600507055
formal_2301_2305,utr_sg,2305,76,38001,38500,9.856,policy_loss,-0.002774981171893819
formal_2301_2305,utr_sg,2305,76,38001,38500,9.856,value_loss,0.4519502658899873
formal_2301_2305,utr_sg,2305,76,38001,38500,9.856,grad_norm,4.349515971571207
formal_2301_2305,utr_sg,2305,77,38501,39000,9.984,train_avg_reward,0.21927203633636236
formal_2301_2305,utr_sg,2305,77,38501,39000,9.984,entropy,1.7378912136554718
formal_2301_2305,utr_sg,2305,77,38501,39000,9.984,approx_kl,0.0017662768397397697
formal_2301_2305,utr_sg,2305,77,38501,39000,9.984,policy_loss,-0.0028636594221642005
formal_2301_2305,utr_sg,2305,77,38501,39000,9.984,value_loss,0.5524883138369769
formal_2301_2305,utr_sg,2305,77,38501,39000,9.984,grad_norm,4.047846579819917
formal_2301_2305,utr_sg,2305,78,39001,39500,10.112,train_avg_reward,0.22285460586112643
formal_2301_2305,utr_sg,2305,78,39001,39500,10.112,entropy,1.6762005715143113
formal_2301_2305,utr_sg,2305,78,39001,39500,10.112,approx_kl,0.0014086183054560727
formal_2301_2305,utr_sg,2305,78,39001,39500,10.112,policy_loss,-0.0025803461034489537
formal_2301_2305,utr_sg,2305,78,39001,39500,10.112,value_loss,0.7809392137541658
formal_2301_2305,utr_sg,2305,78,39001,39500,10.112,grad_norm,5.843662041520315
formal_2301_2305,drtp_sg,2301,0,1,500,0.128,train_avg_reward,-0.00437662923829339
formal_2301_2305,drtp_sg,2301,0,1,500,0.128,entropy,2.856917703092098
formal_2301_2305,drtp_sg,2301,0,1,500,0.128,approx_kl,0.0009155724792995747
formal_2301_2305,drtp_sg,2301,0,1,500,0.128,policy_loss,-0.0016965173841021355
formal_2301_2305,drtp_sg,2301,0,1,500,0.128,value_loss,0.503890083530685
formal_2301_2305,drtp_sg,2301,0,1,500,0.128,grad_norm,1.665345353588462
formal_2301_2305,drtp_sg,2301,1,501,1000,0.256,train_avg_reward,0.0014239923558343436
formal_2301_2305,drtp_sg,2301,1,501,1000,0.256,entropy,2.6980927405953405
formal_2301_2305,drtp_sg,2301,1,501,1000,0.256,approx_kl,0.0009850807725103247
formal_2301_2305,drtp_sg,2301,1,501,1000,0.256,policy_loss,-0.0023256537115031797
formal_2301_2305,drtp_sg,2301,1,501,1000,0.256,value_loss,0.289104826329276
formal_2301_2305,drtp_sg,2301,1,501,1000,0.256,grad_norm,0.9985296267420053
formal_2301_2305,drtp_sg,2301,2,1001,1500,0.384,train_avg_reward,0.04852775094943354
formal_2301_2305,drtp_sg,2301,2,1001,1500,0.384,entropy,2.414906742274761
formal_2301_2305,drtp_sg,2301,2,1001,1500,0.384,approx_kl,0.0008017873432392358
formal_2301_2305,drtp_sg,2301,2,1001,1500,0.384,policy_loss,-0.0020122576346142617
formal_2301_2305,drtp_sg,2301,2,1001,1500,0.384,value_loss,0.3947075909972191
formal_2301_2305,drtp_sg,2301,2,1001,1500,0.384,grad_norm,1.268852488040924
formal_2301_2305,drtp_sg,2301,3,1501,2000,0.512,train_avg_reward,0.09205226959967149
formal_2301_2305,drtp_sg,2301,3,1501,2000,0.512,entropy,2.616287640452385
formal_2301_2305,drtp_sg,2301,3,1501,2000,0.512,approx_kl,0.00044558495721131895
formal_2301_2305,drtp_sg,2301,3,1501,2000,0.512,policy_loss,-0.0014162791362346075
formal_2301_2305,drtp_sg,2301,3,1501,2000,0.512,value_loss,0.7687687755888328
formal_2301_2305,drtp_sg,2301,3,1501,2000,0.512,grad_norm,2.261599344022572
formal_2301_2305,drtp_sg,2301,4,2001,2500,0.64,train_avg_reward,0.12971706153266133
formal_2301_2305,drtp_sg,2301,4,2001,2500,0.64,entropy,2.5727172911167147
formal_2301_2305,drtp_sg,2301,4,2001,2500,0.64,approx_kl,0.0007816546428637139
formal_2301_2305,drtp_sg,2301,4,2001,2500,0.64,policy_loss,-0.001800403209792129
formal_2301_2305,drtp_sg,2301,4,2001,2500,0.64,value_loss,1.0487821423448622
formal_2301_2305,drtp_sg,2301,4,2001,2500,0.64,grad_norm,3.002297524407506
formal_2301_2305,drtp_sg,2301,5,2501,3000,0.768,train_avg_reward,0.16005314521119
formal_2301_2305,drtp_sg,2301,5,2501,3000,0.768,entropy,2.5245348154306413
formal_2301_2305,drtp_sg,2301,5,2501,3000,0.768,approx_kl,0.0008164669654476407
formal_2301_2305,drtp_sg,2301,5,2501,3000,0.768,policy_loss,-0.0018856884868317433
formal_2301_2305,drtp_sg,2301,5,2501,3000,0.768,value_loss,1.0728411829955875
formal_2301_2305,drtp_sg,2301,5,2501,3000,0.768,grad_norm,3.2761559185534717
formal_2301_2305,drtp_sg,2301,6,3001,3500,0.896,train_avg_reward,0.08293870157387573
formal_2301_2305,drtp_sg,2301,6,3001,3500,0.896,entropy,2.363041018188
formal_2301_2305,drtp_sg,2301,6,3001,3500,0.896,approx_kl,0.0014142895822531803
formal_2301_2305,drtp_sg,2301,6,3001,3500,0.896,policy_loss,-0.0025310774568684
formal_2301_2305,drtp_sg,2301,6,3001,3500,0.896,value_loss,0.7402654271111824
formal_2301_2305,drtp_sg,2301,6,3001,3500,0.896,grad_norm,2.3973975155055522
formal_2301_2305,drtp_sg,2301,7,3501,4000,1.024,train_avg_reward,0.1651747335344553
formal_2301_2305,drtp_sg,2301,7,3501,4000,1.024,entropy,2.332341682612896
formal_2301_2305,drtp_sg,2301,7,3501,4000,1.024,approx_kl,0.0006789183976793538
formal_2301_2305,drtp_sg,2301,7,3501,4000,1.024,policy_loss,-0.0015806796147260905
formal_2301_2305,drtp_sg,2301,7,3501,4000,1.024,value_loss,1.160203535228502
formal_2301_2305,drtp_sg,2301,7,3501,4000,1.024,grad_norm,3.4417307698130606
formal_2301_2305,drtp_sg,2301,8,4001,4500,1.152,train_avg_reward,0.17994808153063058
formal_2301_2305,drtp_sg,2301,8,4001,4500,1.152,entropy,2.374525729596615
formal_2301_2305,drtp_sg,2301,8,4001,4500,1.152,approx_kl,0.0007435106487059784
formal_2301_2305,drtp_sg,2301,8,4001,4500,1.152,policy_loss,-0.001900304920113031
formal_2301_2305,drtp_sg,2301,8,4001,4500,1.152,value_loss,1.2029737548530102
formal_2301_2305,drtp_sg,2301,8,4001,4500,1.152,grad_norm,3.7370006181001663
formal_2301_2305,drtp_sg,2301,9,4501,5000,1.28,train_avg_reward,0.1810747837945819
formal_2301_2305,drtp_sg,2301,9,4501,5000,1.28,entropy,2.40136275267601
formal_2301_2305,drtp_sg,2301,9,4501,5000,1.28,approx_kl,0.0009101051920206374
formal_2301_2305,drtp_sg,2301,9,4501,5000,1.28,policy_loss,-0.002230957760962849
formal_2301_2305,drtp_sg,2301,9,4501,5000,1.28,value_loss,1.3075121880099176
formal_2301_2305,drtp_sg,2301,9,4501,5000,1.28,grad_norm,4.107760358214378
formal_2301_2305,drtp_sg,2301,10,5001,5500,1.408,train_avg_reward,0.21032558601349594
formal_2301_2305,drtp_sg,2301,10,5001,5500,1.408,entropy,2.41371286958456
formal_2301_2305,drtp_sg,2301,10,5001,5500,1.408,approx_kl,0.000919033207971097
formal_2301_2305,drtp_sg,2301,10,5001,5500,1.408,policy_loss,-0.0022370088092725274
formal_2301_2305,drtp_sg,2301,10,5001,5500,1.408,value_loss,1.4176854714937508
formal_2301_2305,drtp_sg,2301,10,5001,5500,1.408,grad_norm,4.398856074720621
formal_2301_2305,drtp_sg,2301,11,5501,6000,1.536,train_avg_reward,0.21015287389606238
formal_2301_2305,drtp_sg,2301,11,5501,6000,1.536,entropy,2.3564532355070114
formal_2301_2305,drtp_sg,2301,11,5501,6000,1.536,approx_kl,0.001097444551863191
formal_2301_2305,drtp_sg,2301,11,5501,6000,1.536,policy_loss,-0.0023170746353967657
formal_2301_2305,drtp_sg,2301,11,5501,6000,1.536,value_loss,1.4541552254259587
formal_2301_2305,drtp_sg,2301,11,5501,6000,1.536,grad_norm,5.091575526863337
formal_2301_2305,drtp_sg,2301,12,6001,6500,1.664,train_avg_reward,0.2092076148763299
formal_2301_2305,drtp_sg,2301,12,6001,6500,1.664,entropy,2.2109691549539567
formal_2301_2305,drtp_sg,2301,12,6001,6500,1.664,approx_kl,0.0012080260075611779
formal_2301_2305,drtp_sg,2301,12,6001,6500,1.664,policy_loss,-0.002454991069969792
formal_2301_2305,drtp_sg,2301,12,6001,6500,1.664,value_loss,1.2513006842285395
formal_2301_2305,drtp_sg,2301,12,6001,6500,1.664,grad_norm,4.822773697048426
formal_2301_2305,drtp_sg,2301,13,6501,7000,1.792,train_avg_reward,0.20553090244531633
formal_2301_2305,drtp_sg,2301,13,6501,7000,1.792,entropy,2.268680935382843
formal_2301_2305,drtp_sg,2301,13,6501,7000,1.792,approx_kl,0.0011284464150315518
formal_2301_2305,drtp_sg,2301,13,6501,7000,1.792,policy_loss,-0.0024805077763727654
formal_2301_2305,drtp_sg,2301,13,6501,7000,1.792,value_loss,1.2319421649277211
formal_2301_2305,drtp_sg,2301,13,6501,7000,1.792,grad_norm,5.145743111938238
formal_2301_2305,drtp_sg,2301,14,7001,7500,1.92,train_avg_reward,0.22459203896671534
formal_2301_2305,drtp_sg,2301,14,7001,7500,1.92,entropy,2.202745646059513
formal_2301_2305,drtp_sg,2301,14,7001,7500,1.92,approx_kl,0.0010221472205954947
formal_2301_2305,drtp_sg,2301,14,7001,7500,1.92,policy_loss,-0.0022314148509885124
formal_2301_2305,drtp_sg,2301,14,7001,7500,1.92,value_loss,1.3346167222484946
formal_2301_2305,drtp_sg,2301,14,7001,7500,1.92,grad_norm,5.586677428513766
formal_2301_2305,drtp_sg,2301,15,7501,8000,2.048,train_avg_reward,0.20199908637441694
formal_2301_2305,drtp_sg,2301,15,7501,8000,2.048,entropy,2.2028133729100228
formal_2301_2305,drtp_sg,2301,15,7501,8000,2.048,approx_kl,0.0012310144797426496
formal_2301_2305,drtp_sg,2301,15,7501,8000,2.048,policy_loss,-0.002403843395110096
formal_2301_2305,drtp_sg,2301,15,7501,8000,2.048,value_loss,1.3664438036866486
formal_2301_2305,drtp_sg,2301,15,7501,8000,2.048,grad_norm,5.5366759647727015
formal_2301_2305,drtp_sg,2301,16,8001,8500,2.176,train_avg_reward,0.22745127368718385
formal_2301_2305,drtp_sg,2301,16,8001,8500,2.176,entropy,2.014165958762169
formal_2301_2305,drtp_sg,2301,16,8001,8500,2.176,approx_kl,0.0009686297938096685
formal_2301_2305,drtp_sg,2301,16,8001,8500,2.176,policy_loss,-0.0020977902392235936
formal_2301_2305,drtp_sg,2301,16,8001,8500,2.176,value_loss,1.4136705628931523
formal_2301_2305,drtp_sg,2301,16,8001,8500,2.176,grad_norm,6.346010445952415
formal_2301_2305,drtp_sg,2301,17,8501,9000,2.304,train_avg_reward,0.22538629703968763
formal_2301_2305,drtp_sg,2301,17,8501,9000,2.304,entropy,1.9529889925718307
formal_2301_2305,drtp_sg,2301,17,8501,9000,2.304,approx_kl,0.0009161310916949028
formal_2301_2305,drtp_sg,2301,17,8501,9000,2.304,policy_loss,-0.001983815579271221
formal_2301_2305,drtp_sg,2301,17,8501,9000,2.304,value_loss,1.450267685122788
formal_2301_2305,drtp_sg,2301,17,8501,9000,2.304,grad_norm,7.1630934572517875
formal_2301_2305,drtp_sg,2301,18,9001,9500,2.432,train_avg_reward,0.2332296011298895
formal_2301_2305,drtp_sg,2301,18,9001,9500,2.432,entropy,2.074929147362709
formal_2301_2305,drtp_sg,2301,18,9001,9500,2.432,approx_kl,0.0013127442877503197
formal_2301_2305,drtp_sg,2301,18,9001,9500,2.432,policy_loss,-0.0025527192639037675
formal_2301_2305,drtp_sg,2301,18,9001,9500,2.432,value_loss,1.142466112755239
formal_2301_2305,drtp_sg,2301,18,9001,9500,2.432,grad_norm,5.47271954447031
formal_2301_2305,drtp_sg,2301,19,9501,10000,2.56,train_avg_reward,0.21475122360885143
formal_2301_2305,drtp_sg,2301,19,9501,10000,2.56,entropy,2.059707931339741
formal_2301_2305,drtp_sg,2301,19,9501,10000,2.56,approx_kl,0.0013378631454652348
formal_2301_2305,drtp_sg,2301,19,9501,10000,2.56,policy_loss,-0.002381328917002064
formal_2301_2305,drtp_sg,2301,19,9501,10000,2.56,value_loss,1.4000835080854594
formal_2301_2305,drtp_sg,2301,19,9501,10000,2.56,grad_norm,6.285860095277429
formal_2301_2305,drtp_sg,2301,20,10001,10500,2.688,train_avg_reward,0.24376463583111763
formal_2301_2305,drtp_sg,2301,20,10001,10500,2.688,entropy,1.9898548661470412
formal_2301_2305,drtp_sg,2301,20,10001,10500,2.688,approx_kl,0.0010691003329363106
formal_2301_2305,drtp_sg,2301,20,10001,10500,2.688,policy_loss,-0.0020430997665946025
formal_2301_2305,drtp_sg,2301,20,10001,10500,2.688,value_loss,1.2665627660900354
formal_2301_2305,drtp_sg,2301,20,10001,10500,2.688,grad_norm,6.38741113731265
formal_2301_2305,drtp_sg,2301,21,10501,11000,2.816,train_avg_reward,0.2412865214049816
formal_2301_2305,drtp_sg,2301,21,10501,11000,2.816,entropy,1.8157252013683318
formal_2301_2305,drtp_sg,2301,21,10501,11000,2.816,approx_kl,0.0012130703055540832
formal_2301_2305,drtp_sg,2301,21,10501,11000,2.816,policy_loss,-0.0022305486055477844
formal_2301_2305,drtp_sg,2301,21,10501,11000,2.816,value_loss,1.2231553351692854
formal_2301_2305,drtp_sg,2301,21,10501,11000,2.816,grad_norm,7.007515394717455
formal_2301_2305,drtp_sg,2301,22,11001,11500,2.944,train_avg_reward,0.24980656670033932
formal_2301_2305,drtp_sg,2301,22,11001,11500,2.944,entropy,1.9704790667295455
formal_2301_2305,drtp_sg,2301,22,11001,11500,2.944,approx_kl,0.001259581303369221
formal_2301_2305,drtp_sg,2301,22,11001,11500,2.944,policy_loss,-0.0022726574180650058
formal_2301_2305,drtp_sg,2301,22,11001,11500,2.944,value_loss,1.1584490874409676
formal_2301_2305,drtp_sg,2301,22,11001,11500,2.944,grad_norm,7.1792111909687515
formal_2301_2305,drtp_sg,2301,23,11501,12000,3.072,train_avg_reward,0.2389834976196289
formal_2301_2305,drtp_sg,2301,23,11501,12000,3.072,entropy,1.8650512831807136
formal_2301_2305,drtp_sg,2301,23,11501,12000,3.072,approx_kl,0.0011929286922174162
formal_2301_2305,drtp_sg,2301,23,11501,12000,3.072,policy_loss,-0.0022376403547102654
formal_2301_2305,drtp_sg,2301,23,11501,12000,3.072,value_loss,1.1663096701763571
formal_2301_2305,drtp_sg,2301,23,11501,12000,3.072,grad_norm,7.617314755409956
formal_2301_2305,drtp_sg,2301,24,12001,12500,3.2,train_avg_reward,0.22413276754319666
formal_2301_2305,drtp_sg,2301,24,12001,12500,3.2,entropy,1.8836197566390038
formal_2301_2305,drtp_sg,2301,24,12001,12500,3.2,approx_kl,0.0013869654596984822
formal_2301_2305,drtp_sg,2301,24,12001,12500,3.2,policy_loss,-0.0023325587289207464
formal_2301_2305,drtp_sg,2301,24,12001,12500,3.2,value_loss,1.296770187935792
formal_2301_2305,drtp_sg,2301,24,12001,12500,3.2,grad_norm,7.135193876340986
formal_2301_2305,drtp_sg,2301,25,12501,13000,3.328,train_avg_reward,0.2569672811329365
formal_2301_2305,drtp_sg,2301,25,12501,13000,3.328,entropy,1.7791519491076468
formal_2301_2305,drtp_sg,2301,25,12501,13000,3.328,approx_kl,0.0012224711376657067
formal_2301_2305,drtp_sg,2301,25,12501,13000,3.328,policy_loss,-0.002245185564735414
formal_2301_2305,drtp_sg,2301,25,12501,13000,3.328,value_loss,1.0053945470526815
formal_2301_2305,drtp_sg,2301,25,12501,13000,3.328,grad_norm,7.468508897989988
formal_2301_2305,drtp_sg,2301,26,13001,13500,3.456,train_avg_reward,0.2186133055910468
formal_2301_2305,drtp_sg,2301,26,13001,13500,3.456,entropy,1.9830447480082511
formal_2301_2305,drtp_sg,2301,26,13001,13500,3.456,approx_kl,0.0013911844877275141
formal_2301_2305,drtp_sg,2301,26,13001,13500,3.456,policy_loss,-0.0027951191855351237
formal_2301_2305,drtp_sg,2301,26,13001,13500,3.456,value_loss,1.2036398529857397
formal_2301_2305,drtp_sg,2301,26,13001,13500,3.456,grad_norm,5.695946834564209
formal_2301_2305,drtp_sg,2301,27,13501,14000,3.584,train_avg_reward,0.23759649857133627
formal_2301_2305,drtp_sg,2301,27,13501,14000,3.584,entropy,1.9887284054160117
formal_2301_2305,drtp_sg,2301,27,13501,14000,3.584,approx_kl,0.0012481192529624724
formal_2301_2305,drtp_sg,2301,27,13501,14000,3.584,policy_loss,-0.0022926825480055106
formal_2301_2305,drtp_sg,2301,27,13501,14000,3.584,value_loss,1.204276051590219
formal_2301_2305,drtp_sg,2301,27,13501,14000,3.584,grad_norm,6.879013420283794
formal_2301_2305,drtp_sg,2301,28,14001,14500,3.712,train_avg_reward,0.2318724900856614
formal_2301_2305,drtp_sg,2301,28,14001,14500,3.712,entropy,1.85755354398489
formal_2301_2305,drtp_sg,2301,28,14001,14500,3.712,approx_kl,0.0013892702050889055
formal_2301_2305,drtp_sg,2301,28,14001,14500,3.712,policy_loss,-0.0024691825888185854
formal_2301_2305,drtp_sg,2301,28,14001,14500,3.712,value_loss,0.916073637643829
formal_2301_2305,drtp_sg,2301,28,14001,14500,3.712,grad_norm,6.873189075112343
formal_2301_2305,drtp_sg,2301,29,14501,15000,3.84,train_avg_reward,0.22205075390636922
formal_2301_2305,drtp_sg,2301,29,14501,15000,3.84,entropy,1.8931310975551605
formal_2301_2305,drtp_sg,2301,29,14501,15000,3.84,approx_kl,0.00113401390747155
formal_2301_2305,drtp_sg,2301,29,14501,15000,3.84,policy_loss,-0.0022379556003633227
formal_2301_2305,drtp_sg,2301,29,14501,15000,3.84,value_loss,1.3493280800655485
formal_2301_2305,drtp_sg,2301,29,14501,15000,3.84,grad_norm,7.903022821694613
formal_2301_2305,drtp_sg,2301,30,15001,15500,3.968,train_avg_reward,0.23098254585266112
formal_2301_2305,drtp_sg,2301,30,15001,15500,3.968,entropy,1.8136797695159912
formal_2301_2305,drtp_sg,2301,30,15001,15500,3.968,approx_kl,0.0016270915445954109
formal_2301_2305,drtp_sg,2301,30,15001,15500,3.968,policy_loss,-0.002771934375003972
formal_2301_2305,drtp_sg,2301,30,15001,15500,3.968,value_loss,0.9847748119607568
formal_2301_2305,drtp_sg,2301,30,15001,15500,3.968,grad_norm,6.35019209203124
formal_2301_2305,drtp_sg,2301,31,15501,16000,4.096,train_avg_reward,0.24112655492126941
formal_2301_2305,drtp_sg,2301,31,15501,16000,4.096,entropy,1.8350011785030365
formal_2301_2305,drtp_sg,2301,31,15501,16000,4.096,approx_kl,0.0018562560475572046
formal_2301_2305,drtp_sg,2301,31,15501,16000,4.096,policy_loss,-0.0029894498613055706
formal_2301_2305,drtp_sg,2301,31,15501,16000,4.096,value_loss,0.7151002223528922
formal_2301_2305,drtp_sg,2301,31,15501,16000,4.096,grad_norm,5.213950867712498
formal_2301_2305,drtp_sg,2301,32,16001,16500,4.224,train_avg_reward,0.241780663266778
formal_2301_2305,drtp_sg,2301,32,16001,16500,4.224,entropy,1.7742931438088416
formal_2301_2305,drtp_sg,2301,32,16001,16500,4.224,approx_kl,0.0014896078048047148
formal_2301_2305,drtp_sg,2301,32,16001,16500,4.224,policy_loss,-0.0027021499875247456
formal_2301_2305,drtp_sg,2301,32,16001,16500,4.224,value_loss,0.9330195600036532
formal_2301_2305,drtp_sg,2301,32,16001,16500,4.224,grad_norm,6.088704077988863
formal_2301_2305,drtp_sg,2301,33,16501,17000,4.352,train_avg_reward,0.22698980018869042
formal_2301_2305,drtp_sg,2301,33,16501,17000,4.352,entropy,1.7277355937361718
formal_2301_2305,drtp_sg,2301,33,16501,17000,4.352,approx_kl,0.0014203918818673923
formal_2301_2305,drtp_sg,2301,33,16501,17000,4.352,policy_loss,-0.002474684930869506
formal_2301_2305,drtp_sg,2301,33,16501,17000,4.352,value_loss,0.8212127678953112
formal_2301_2305,drtp_sg,2301,33,16501,17000,4.352,grad_norm,6.424800695031881
formal_2301_2305,drtp_sg,2301,34,17001,17500,4.48,train_avg_reward,0.22398518111463636
formal_2301_2305,drtp_sg,2301,34,17001,17500,4.48,entropy,1.7936389985084533
formal_2301_2305,drtp_sg,2301,34,17001,17500,4.48,approx_kl,0.0013140195408179044
formal_2301_2305,drtp_sg,2301,34,17001,17500,4.48,policy_loss,-0.00251682016736887
formal_2301_2305,drtp_sg,2301,34,17001,17500,4.48,value_loss,0.9413101206105202
formal_2301_2305,drtp_sg,2301,34,17001,17500,4.48,grad_norm,6.389570257157088
formal_2301_2305,drtp_sg,2301,35,17501,18000,4.608,train_avg_reward,0.21895001563429833
formal_2301_2305,drtp_sg,2301,35,17501,18000,4.608,entropy,1.7610705927014352
formal_2301_2305,drtp_sg,2301,35,17501,18000,4.608,approx_kl,0.0013550645024542965
formal_2301_2305,drtp_sg,2301,35,17501,18000,4.608,policy_loss,-0.002681611513595715
formal_2301_2305,drtp_sg,2301,35,17501,18000,4.608,value_loss,0.9034251302955673
formal_2301_2305,drtp_sg,2301,35,17501,18000,4.608,grad_norm,5.530070907324553
formal_2301_2305,drtp_sg,2301,36,18001,18500,4.736,train_avg_reward,0.19972711220383643
formal_2301_2305,drtp_sg,2301,36,18001,18500,4.736,entropy,1.7577198328375816
formal_2301_2305,drtp_sg,2301,36,18001,18500,4.736,approx_kl,0.0010979713868049046
formal_2301_2305,drtp_sg,2301,36,18001,18500,4.736,policy_loss,-0.002388976818274756
formal_2301_2305,drtp_sg,2301,36,18001,18500,4.736,value_loss,1.1946061186781154
formal_2301_2305,drtp_sg,2301,36,18001,18500,4.736,grad_norm,7.134482564941049
formal_2301_2305,drtp_sg,2301,37,18501,19000,4.864,train_avg_reward,0.23159245264902711
formal_2301_2305,drtp_sg,2301,37,18501,19000,4.864,entropy,1.6858970434069633
formal_2301_2305,drtp_sg,2301,37,18501,19000,4.864,approx_kl,0.0012008310093095426
formal_2301_2305,drtp_sg,2301,37,18501,19000,4.864,policy_loss,-0.00245249820792203
formal_2301_2305,drtp_sg,2301,37,18501,19000,4.864,value_loss,1.0224918733239174
formal_2301_2305,drtp_sg,2301,37,18501,19000,4.864,grad_norm,6.386343336835504
formal_2301_2305,drtp_sg,2301,38,19001,19500,4.992,train_avg_reward,0.2238396746739745
formal_2301_2305,drtp_sg,2301,38,19001,19500,4.992,entropy,1.6476942892074584
formal_2301_2305,drtp_sg,2301,38,19001,19500,4.992,approx_kl,0.0012864818458386545
formal_2301_2305,drtp_sg,2301,38,19001,19500,4.992,policy_loss,-0.002286051153219643
formal_2301_2305,drtp_sg,2301,38,19001,19500,4.992,value_loss,0.962071078710258
formal_2301_2305,drtp_sg,2301,38,19001,19500,4.992,grad_norm,6.930747231781483
formal_2301_2305,drtp_sg,2301,39,19501,20000,5.12,train_avg_reward,0.22515927319112233
formal_2301_2305,drtp_sg,2301,39,19501,20000,5.12,entropy,1.7472293315529823
formal_2301_2305,drtp_sg,2301,39,19501,20000,5.12,approx_kl,0.0014191837345376057
formal_2301_2305,drtp_sg,2301,39,19501,20000,5.12,policy_loss,-0.0025998163750001265
formal_2301_2305,drtp_sg,2301,39,19501,20000,5.12,value_loss,1.0032974649481476
formal_2301_2305,drtp_sg,2301,39,19501,20000,5.12,grad_norm,5.972125950738787
formal_2301_2305,drtp_sg,2301,40,20001,20500,5.248,train_avg_reward,0.2343861320540309
formal_2301_2305,drtp_sg,2301,40,20001,20500,5.248,entropy,1.6587784721851349
formal_2301_2305,drtp_sg,2301,40,20001,20500,5.248,approx_kl,0.001428881693266399
formal_2301_2305,drtp_sg,2301,40,20001,20500,5.248,policy_loss,-0.002580202385730634
formal_2301_2305,drtp_sg,2301,40,20001,20500,5.248,value_loss,0.9203345262408257
formal_2301_2305,drtp_sg,2301,40,20001,20500,5.248,grad_norm,5.707589833945036
formal_2301_2305,drtp_sg,2301,41,20501,21000,5.376,train_avg_reward,0.2258226370960474
formal_2301_2305,drtp_sg,2301,41,20501,21000,5.376,entropy,1.6048922271132469
formal_2301_2305,drtp_sg,2301,41,20501,21000,5.376,approx_kl,0.001273152406796725
formal_2301_2305,drtp_sg,2301,41,20501,21000,5.376,policy_loss,-0.0025663805317104036
formal_2301_2305,drtp_sg,2301,41,20501,21000,5.376,value_loss,0.6464163594730198
formal_2301_2305,drtp_sg,2301,41,20501,21000,5.376,grad_norm,4.661577663391829
formal_2301_2305,drtp_sg,2301,42,21001,21500,5.504,train_avg_reward,0.23080756022036075
formal_2301_2305,drtp_sg,2301,42,21001,21500,5.504,entropy,1.7278133600354195
formal_2301_2305,drtp_sg,2301,42,21001,21500,5.504,approx_kl,0.0010947610225560606
formal_2301_2305,drtp_sg,2301,42,21001,21500,5.504,policy_loss,-0.002374460488202205
formal_2301_2305,drtp_sg,2301,42,21001,21500,5.504,value_loss,0.925546204701066
formal_2301_2305,drtp_sg,2301,42,21001,21500,5.504,grad_norm,5.668632999151945
formal_2301_2305,drtp_sg,2301,43,21501,22000,5.632,train_avg_reward,0.21970013082772494
formal_2301_2305,drtp_sg,2301,43,21501,22000,5.632,entropy,1.6748300907611846
formal_2301_2305,drtp_sg,2301,43,21501,22000,5.632,approx_kl,0.0011644536687472273
formal_2301_2305,drtp_sg,2301,43,21501,22000,5.632,policy_loss,-0.002496610766097102
formal_2301_2305,drtp_sg,2301,43,21501,22000,5.632,value_loss,1.0141207386776805
formal_2301_2305,drtp_sg,2301,43,21501,22000,5.632,grad_norm,6.373441077411175
formal_2301_2305,drtp_sg,2301,44,22001,22500,5.76,train_avg_reward,0.2362048316895962
formal_2301_2305,drtp_sg,2301,44,22001,22500,5.76,entropy,1.6312687551975251
formal_2301_2305,drtp_sg,2301,44,22001,22500,5.76,approx_kl,0.0012564069274058043
formal_2301_2305,drtp_sg,2301,44,22001,22500,5.76,policy_loss,-0.0024141508380650196
formal_2301_2305,drtp_sg,2301,44,22001,22500,5.76,value_loss,0.7114526990298182
formal_2301_2305,drtp_sg,2301,44,22001,22500,5.76,grad_norm,5.347099388420582
formal_2301_2305,drtp_sg,2301,45,22501,23000,5.888,train_avg_reward,0.229713027857244
formal_2301_2305,drtp_sg,2301,45,22501,23000,5.888,entropy,1.5842700071334839
formal_2301_2305,drtp_sg,2301,45,22501,23000,5.888,approx_kl,0.001001609735246801
formal_2301_2305,drtp_sg,2301,45,22501,23000,5.888,policy_loss,-0.0023225493192844523
formal_2301_2305,drtp_sg,2301,45,22501,23000,5.888,value_loss,0.7044950740970671
formal_2301_2305,drtp_sg,2301,45,22501,23000,5.888,grad_norm,5.522476274907589
formal_2301_2305,drtp_sg,2301,46,23001,23500,6.016,train_avg_reward,0.1956288281995803
formal_2301_2305,drtp_sg,2301,46,23001,23500,6.016,entropy,1.6442000206112861
formal_2301_2305,drtp_sg,2301,46,23001,23500,6.016,approx_kl,0.0011382364060073076
formal_2301_2305,drtp_sg,2301,46,23001,23500,6.016,policy_loss,-0.002323435358870993
formal_2301_2305,drtp_sg,2301,46,23001,23500,6.016,value_loss,1.3620176406959073
formal_2301_2305,drtp_sg,2301,46,23001,23500,6.016,grad_norm,8.230420523554086
formal_2301_2305,drtp_sg,2301,47,23501,24000,6.144,train_avg_reward,0.2258807662576437
formal_2301_2305,drtp_sg,2301,47,23501,24000,6.144,entropy,1.5783128524422645
formal_2301_2305,drtp_sg,2301,47,23501,24000,6.144,approx_kl,0.0014906330016380394
formal_2301_2305,drtp_sg,2301,47,23501,24000,6.144,policy_loss,-0.0027574989470196417
formal_2301_2305,drtp_sg,2301,47,23501,24000,6.144,value_loss,0.8498637679535895
formal_2301_2305,drtp_sg,2301,47,23501,24000,6.144,grad_norm,6.209651153683662
formal_2301_2305,drtp_sg,2301,48,24001,24500,6.272,train_avg_reward,0.23779170866310598
formal_2301_2305,drtp_sg,2301,48,24001,24500,6.272,entropy,1.7051159951090813
formal_2301_2305,drtp_sg,2301,48,24001,24500,6.272,approx_kl,0.0014016511543337997
formal_2301_2305,drtp_sg,2301,48,24001,24500,6.272,policy_loss,-0.0025783867762646647
formal_2301_2305,drtp_sg,2301,48,24001,24500,6.272,value_loss,0.9159864693060518
formal_2301_2305,drtp_sg,2301,48,24001,24500,6.272,grad_norm,6.286850557237863
formal_2301_2305,drtp_sg,2301,49,24501,25000,6.4,train_avg_reward,0.25138661900162695
formal_2301_2305,drtp_sg,2301,49,24501,25000,6.4,entropy,1.5773468793034553
formal_2301_2305,drtp_sg,2301,49,24501,25000,6.4,approx_kl,0.0014363705147455508
formal_2301_2305,drtp_sg,2301,49,24501,25000,6.4,policy_loss,-0.0028138192909808206
formal_2301_2305,drtp_sg,2301,49,24501,25000,6.4,value_loss,0.8745342099666595
formal_2301_2305,drtp_sg,2301,49,24501,25000,6.4,grad_norm,6.418923353344202
formal_2301_2305,drtp_sg,2301,50,25001,25500,6.528,train_avg_reward,0.24031334921717643
formal_2301_2305,drtp_sg,2301,50,25001,25500,6.528,entropy,1.5889699398875237
formal_2301_2305,drtp_sg,2301,50,25001,25500,6.528,approx_kl,0.0012861884905187235
formal_2301_2305,drtp_sg,2301,50,25001,25500,6.528,policy_loss,-0.0024703033698722666
formal_2301_2305,drtp_sg,2301,50,25001,25500,6.528,value_loss,1.1126535812001674
formal_2301_2305,drtp_sg,2301,50,25001,25500,6.528,grad_norm,8.025689887985587
formal_2301_2305,drtp_sg,2301,51,25501,26000,6.656,train_avg_reward,0.22201715970039368
formal_2301_2305,drtp_sg,2301,51,25501,26000,6.656,entropy,1.559654943048954
formal_2301_2305,drtp_sg,2301,51,25501,26000,6.656,approx_kl,0.0011487782008919854
formal_2301_2305,drtp_sg,2301,51,25501,26000,6.656,policy_loss,-0.002546218007943481
formal_2301_2305,drtp_sg,2301,51,25501,26000,6.656,value_loss,1.0406035956442357
formal_2301_2305,drtp_sg,2301,51,25501,26000,6.656,grad_norm,6.761865693867207
formal_2301_2305,drtp_sg,2301,52,26001,26500,6.784,train_avg_reward,0.2237254423573613
formal_2301_2305,drtp_sg,2301,52,26001,26500,6.784,entropy,1.6449916474223136
formal_2301_2305,drtp_sg,2301,52,26001,26500,6.784,approx_kl,0.0014014400031167784
formal_2301_2305,drtp_sg,2301,52,26001,26500,6.784,policy_loss,-0.0027242799089305563
formal_2301_2305,drtp_sg,2301,52,26001,26500,6.784,value_loss,1.2495828591883182
formal_2301_2305,drtp_sg,2301,52,26001,26500,6.784,grad_norm,7.200563372045756
formal_2301_2305,drtp_sg,2301,53,26501,27000,6.912,train_avg_reward,0.24795787834376096
formal_2301_2305,drtp_sg,2301,53,26501,27000,6.912,entropy,1.6143384031653405
formal_2301_2305,drtp_sg,2301,53,26501,27000,6.912,approx_kl,0.0015811854681281432
formal_2301_2305,drtp_sg,2301,53,26501,27000,6.912,policy_loss,-0.002776960709789574
formal_2301_2305,drtp_sg,2301,53,26501,27000,6.912,value_loss,1.008723247056827
formal_2301_2305,drtp_sg,2301,53,26501,27000,6.912,grad_norm,7.47240717920661
formal_2301_2305,drtp_sg,2301,54,27001,27500,7.04,train_avg_reward,0.23640646255016326
formal_2301_2305,drtp_sg,2301,54,27001,27500,7.04,entropy,1.4935746861696244
formal_2301_2305,drtp_sg,2301,54,27001,27500,7.04,approx_kl,0.0013838887775834004
formal_2301_2305,drtp_sg,2301,54,27001,27500,7.04,policy_loss,-0.002481751552527729
formal_2301_2305,drtp_sg,2301,54,27001,27500,7.04,value_loss,1.216964128117077
formal_2301_2305,drtp_sg,2301,54,27001,27500,7.04,grad_norm,8.23912885993719
formal_2301_2305,drtp_sg,2301,55,27501,28000,7.168,train_avg_reward,0.2286144031584263
formal_2301_2305,drtp_sg,2301,55,27501,28000,7.168,entropy,1.542116840481758
formal_2301_2305,drtp_sg,2301,55,27501,28000,7.168,approx_kl,0.0015452058947776068
formal_2301_2305,drtp_sg,2301,55,27501,28000,7.168,policy_loss,-0.002855673818733514
formal_2301_2305,drtp_sg,2301,55,27501,28000,7.168,value_loss,0.7495408370420337
formal_2301_2305,drtp_sg,2301,55,27501,28000,7.168,grad_norm,6.960594036519527
formal_2301_2305,drtp_sg,2301,56,28001,28500,7.296,train_avg_reward,0.2209635693281889
formal_2301_2305,drtp_sg,2301,56,28001,28500,7.296,entropy,1.6933562749028206
formal_2301_2305,drtp_sg,2301,56,28001,28500,7.296,approx_kl,0.00132021389644554
formal_2301_2305,drtp_sg,2301,56,28001,28500,7.296,policy_loss,-0.002889542112742933
formal_2301_2305,drtp_sg,2301,56,28001,28500,7.296,value_loss,0.8374009405188263
formal_2301_2305,drtp_sg,2301,56,28001,28500,7.296,grad_norm,6.845059256136417
formal_2301_2305,drtp_sg,2301,57,28501,29000,7.424,train_avg_reward,0.21451116002351045
formal_2301_2305,drtp_sg,2301,57,28501,29000,7.424,entropy,1.7122072193026543
formal_2301_2305,drtp_sg,2301,57,28501,29000,7.424,approx_kl,0.0012582125679530972
formal_2301_2305,drtp_sg,2301,57,28501,29000,7.424,policy_loss,-0.0026889301547474067
formal_2301_2305,drtp_sg,2301,57,28501,29000,7.424,value_loss,1.12497158325091
formal_2301_2305,drtp_sg,2301,57,28501,29000,7.424,grad_norm,7.56687147372961
formal_2301_2305,drtp_sg,2301,58,29001,29500,7.552,train_avg_reward,0.2054564391123131
formal_2301_2305,drtp_sg,2301,58,29001,29500,7.552,entropy,1.7172130346298218
formal_2301_2305,drtp_sg,2301,58,29001,29500,7.552,approx_kl,0.0017267649801124185
formal_2301_2305,drtp_sg,2301,58,29001,29500,7.552,policy_loss,-0.0029266757361641016
formal_2301_2305,drtp_sg,2301,58,29001,29500,7.552,value_loss,1.0093914261525496
formal_2301_2305,drtp_sg,2301,58,29001,29500,7.552,grad_norm,6.253650527298451
formal_2301_2305,drtp_sg,2301,59,29501,30000,7.68,train_avg_reward,0.22382439616322516
formal_2301_2305,drtp_sg,2301,59,29501,30000,7.68,entropy,1.5529385188817977
formal_2301_2305,drtp_sg,2301,59,29501,30000,7.68,approx_kl,0.0013793273105511593
formal_2301_2305,drtp_sg,2301,59,29501,30000,7.68,policy_loss,-0.0027090711044305466
formal_2301_2305,drtp_sg,2301,59,29501,30000,7.68,value_loss,0.8299443300152197
formal_2301_2305,drtp_sg,2301,59,29501,30000,7.68,grad_norm,5.3716089029610155
formal_2301_2305,drtp_sg,2301,60,30001,30500,7.808,train_avg_reward,0.21253932455927133
formal_2301_2305,drtp_sg,2301,60,30001,30500,7.808,entropy,1.6776805427074433
formal_2301_2305,drtp_sg,2301,60,30001,30500,7.808,approx_kl,0.0012172659018803316
formal_2301_2305,drtp_sg,2301,60,30001,30500,7.808,policy_loss,-0.0028744751891740636
formal_2301_2305,drtp_sg,2301,60,30001,30500,7.808,value_loss,0.8456777585186064
formal_2301_2305,drtp_sg,2301,60,30001,30500,7.808,grad_norm,5.936127571046352
formal_2301_2305,drtp_sg,2301,61,30501,31000,7.936,train_avg_reward,0.23460390460491182
formal_2301_2305,drtp_sg,2301,61,30501,31000,7.936,entropy,1.718553311228752
formal_2301_2305,drtp_sg,2301,61,30501,31000,7.936,approx_kl,0.0012960853350738617
formal_2301_2305,drtp_sg,2301,61,30501,31000,7.936,policy_loss,-0.002928012450494789
formal_2301_2305,drtp_sg,2301,61,30501,31000,7.936,value_loss,0.5678273445088416
formal_2301_2305,drtp_sg,2301,61,30501,31000,7.936,grad_norm,5.268204926297068
formal_2301_2305,drtp_sg,2301,62,31001,31500,8.064,train_avg_reward,0.22869481512904166
formal_2301_2305,drtp_sg,2301,62,31001,31500,8.064,entropy,1.7317972306609153
formal_2301_2305,drtp_sg,2301,62,31001,31500,8.064,approx_kl,0.0012700915822200214
formal_2301_2305,drtp_sg,2301,62,31001,31500,8.064,policy_loss,-0.0029673837807397386
formal_2301_2305,drtp_sg,2301,62,31001,31500,8.064,value_loss,0.7976032281946391
formal_2301_2305,drtp_sg,2301,62,31001,31500,8.064,grad_norm,5.641702867239713
formal_2301_2305,drtp_sg,2301,63,31501,32000,8.192,train_avg_reward,0.21622180181741715
formal_2301_2305,drtp_sg,2301,63,31501,32000,8.192,entropy,1.639293555021286
formal_2301_2305,drtp_sg,2301,63,31501,32000,8.192,approx_kl,0.0012943537757376647
formal_2301_2305,drtp_sg,2301,63,31501,32000,8.192,policy_loss,-0.003019453694771908
formal_2301_2305,drtp_sg,2301,63,31501,32000,8.192,value_loss,0.8284749711435289
formal_2301_2305,drtp_sg,2301,63,31501,32000,8.192,grad_norm,5.986219377547503
formal_2301_2305,drtp_sg,2301,64,32001,32500,8.32,train_avg_reward,0.22069918782263995
formal_2301_2305,drtp_sg,2301,64,32001,32500,8.32,entropy,1.7290430483222008
formal_2301_2305,drtp_sg,2301,64,32001,32500,8.32,approx_kl,0.0014925322124099676
formal_2301_2305,drtp_sg,2301,64,32001,32500,8.32,policy_loss,-0.002755880302632164
formal_2301_2305,drtp_sg,2301,64,32001,32500,8.32,value_loss,0.9512707991078496
formal_2301_2305,drtp_sg,2301,64,32001,32500,8.32,grad_norm,6.2833765946030615
formal_2301_2305,drtp_sg,2301,65,32501,33000,8.448,train_avg_reward,0.26081046302616595
formal_2301_2305,drtp_sg,2301,65,32501,33000,8.448,entropy,1.5753797808289527
formal_2301_2305,drtp_sg,2301,65,32501,33000,8.448,approx_kl,0.001353436795093934
formal_2301_2305,drtp_sg,2301,65,32501,33000,8.448,policy_loss,-0.0028308245430794833
formal_2301_2305,drtp_sg,2301,65,32501,33000,8.448,value_loss,0.5973568942286074
formal_2301_2305,drtp_sg,2301,65,32501,33000,8.448,grad_norm,5.637249693781137
formal_2301_2305,drtp_sg,2301,66,33001,33500,8.576,train_avg_reward,0.24141563655436038
formal_2301_2305,drtp_sg,2301,66,33001,33500,8.576,entropy,1.594292446255684
formal_2301_2305,drtp_sg,2301,66,33001,33500,8.576,approx_kl,0.0012827473707826933
formal_2301_2305,drtp_sg,2301,66,33001,33500,8.576,policy_loss,-0.0028005316692921935
formal_2301_2305,drtp_sg,2301,66,33001,33500,8.576,value_loss,0.5436487182667479
formal_2301_2305,drtp_sg,2301,66,33001,33500,8.576,grad_norm,5.240985842823982
formal_2301_2305,drtp_sg,2301,67,33501,34000,8.704,train_avg_reward,0.25940658669173716
formal_2301_2305,drtp_sg,2301,67,33501,34000,8.704,entropy,1.6147012093663216
formal_2301_2305,drtp_sg,2301,67,33501,34000,8.704,approx_kl,0.0013882341099918719
formal_2301_2305,drtp_sg,2301,67,33501,34000,8.704,policy_loss,-0.0027106618332998376
formal_2301_2305,drtp_sg,2301,67,33501,34000,8.704,value_loss,0.7855863290410489
formal_2301_2305,drtp_sg,2301,67,33501,34000,8.704,grad_norm,5.59434803634882
formal_2301_2305,drtp_sg,2301,68,34001,34500,8.832,train_avg_reward,0.2526559025943279
formal_2301_2305,drtp_sg,2301,68,34001,34500,8.832,entropy,1.6240009337067605
formal_2301_2305,drtp_sg,2301,68,34001,34500,8.832,approx_kl,0.0009526804449366532
formal_2301_2305,drtp_sg,2301,68,34001,34500,8.832,policy_loss,-0.002387438141490077
formal_2301_2305,drtp_sg,2301,68,34001,34500,8.832,value_loss,0.8607236224114895
formal_2301_2305,drtp_sg,2301,68,34001,34500,8.832,grad_norm,7.230652171164751
formal_2301_2305,drtp_sg,2301,69,34501,35000,8.96,train_avg_reward,0.2683457849398255
formal_2301_2305,drtp_sg,2301,69,34501,35000,8.96,entropy,1.5214029532074929
formal_2301_2305,drtp_sg,2301,69,34501,35000,8.96,approx_kl,0.0011633607550156698
formal_2301_2305,drtp_sg,2301,69,34501,35000,8.96,policy_loss,-0.0026187155379822275
formal_2301_2305,drtp_sg,2301,69,34501,35000,8.96,value_loss,0.6301735566826537
formal_2301_2305,drtp_sg,2301,69,34501,35000,8.96,grad_norm,7.508640325367451
formal_2301_2305,drtp_sg,2301,70,35001,35500,9.088,train_avg_reward,0.26758491206169127
formal_2301_2305,drtp_sg,2301,70,35001,35500,9.088,entropy,1.4555066316127776
formal_2301_2305,drtp_sg,2301,70,35001,35500,9.088,approx_kl,0.0015831770566334504
formal_2301_2305,drtp_sg,2301,70,35001,35500,9.088,policy_loss,-0.00269652371917368
formal_2301_2305,drtp_sg,2301,70,35001,35500,9.088,value_loss,0.6320687005054205
formal_2301_2305,drtp_sg,2301,70,35001,35500,9.088,grad_norm,7.342133122712374
formal_2301_2305,drtp_sg,2301,71,35501,36000,9.216,train_avg_reward,0.2597984551787376
formal_2301_2305,drtp_sg,2301,71,35501,36000,9.216,entropy,1.6246204299926759
formal_2301_2305,drtp_sg,2301,71,35501,36000,9.216,approx_kl,0.0012625251702217276
formal_2301_2305,drtp_sg,2301,71,35501,36000,9.216,policy_loss,-0.0024656291022619376
formal_2301_2305,drtp_sg,2301,71,35501,36000,9.216,value_loss,0.7305826299525797
formal_2301_2305,drtp_sg,2301,71,35501,36000,9.216,grad_norm,6.499288169369102
formal_2301_2305,drtp_sg,2301,72,36001,36500,9.344,train_avg_reward,0.27332046273350713
formal_2301_2305,drtp_sg,2301,72,36001,36500,9.344,entropy,1.4995263033509254
formal_2301_2305,drtp_sg,2301,72,36001,36500,9.344,approx_kl,0.0014180660552716854
formal_2301_2305,drtp_sg,2301,72,36001,36500,9.344,policy_loss,-0.002761848924745856
formal_2301_2305,drtp_sg,2301,72,36001,36500,9.344,value_loss,0.572155671284534
formal_2301_2305,drtp_sg,2301,72,36001,36500,9.344,grad_norm,6.248836081281304
formal_2301_2305,drtp_sg,2301,73,36501,37000,9.472,train_avg_reward,0.27679485726356506
formal_2301_2305,drtp_sg,2301,73,36501,37000,9.472,entropy,1.4946447097063065
formal_2301_2305,drtp_sg,2301,73,36501,37000,9.472,approx_kl,0.0012958008631834023
formal_2301_2305,drtp_sg,2301,73,36501,37000,9.472,policy_loss,-0.0026228462424581155
formal_2301_2305,drtp_sg,2301,73,36501,37000,9.472,value_loss,0.6058496201224625
formal_2301_2305,drtp_sg,2301,73,36501,37000,9.472,grad_norm,7.514175527989864
formal_2301_2305,drtp_sg,2301,74,37001,37500,9.6,train_avg_reward,0.26680648235231635
formal_2301_2305,drtp_sg,2301,74,37001,37500,9.6,entropy,1.474323547065258
formal_2301_2305,drtp_sg,2301,74,37001,37500,9.6,approx_kl,0.0013239475559231884
formal_2301_2305,drtp_sg,2301,74,37001,37500,9.6,policy_loss,-0.0025509055635232632
formal_2301_2305,drtp_sg,2301,74,37001,37500,9.6,value_loss,0.6784153317399323
formal_2301_2305,drtp_sg,2301,74,37001,37500,9.6,grad_norm,6.991473949730397
formal_2301_2305,drtp_sg,2301,75,37501,38000,9.728,train_avg_reward,0.2744660998135805
formal_2301_2305,drtp_sg,2301,75,37501,38000,9.728,entropy,1.5310803426504136
formal_2301_2305,drtp_sg,2301,75,37501,38000,9.728,approx_kl,0.0012851634743653098
formal_2301_2305,drtp_sg,2301,75,37501,38000,9.728,policy_loss,-0.0025318895852857507
formal_2301_2305,drtp_sg,2301,75,37501,38000,9.728,value_loss,0.5421133839152753
formal_2301_2305,drtp_sg,2301,75,37501,38000,9.728,grad_norm,6.026157869324088
formal_2301_2305,drtp_sg,2301,76,38001,38500,9.856,train_avg_reward,0.2668674551844597
formal_2301_2305,drtp_sg,2301,76,38001,38500,9.856,entropy,1.530826003909111
formal_2301_2305,drtp_sg,2301,76,38001,38500,9.856,approx_kl,0.001361987252134133
formal_2301_2305,drtp_sg,2301,76,38001,38500,9.856,policy_loss,-0.0025922080188868248
formal_2301_2305,drtp_sg,2301,76,38001,38500,9.856,value_loss,0.6211465771887451
formal_2301_2305,drtp_sg,2301,76,38001,38500,9.856,grad_norm,6.14311830894649
formal_2301_2305,drtp_sg,2301,77,38501,39000,9.984,train_avg_reward,0.2687946416195482
formal_2301_2305,drtp_sg,2301,77,38501,39000,9.984,entropy,1.5298896028399467
formal_2301_2305,drtp_sg,2301,77,38501,39000,9.984,approx_kl,0.0012175569202863648
formal_2301_2305,drtp_sg,2301,77,38501,39000,9.984,policy_loss,-0.0026190874493799772
formal_2301_2305,drtp_sg,2301,77,38501,39000,9.984,value_loss,0.6653670075340197
formal_2301_2305,drtp_sg,2301,77,38501,39000,9.984,grad_norm,6.963468626469374
formal_2301_2305,drtp_sg,2301,78,39001,39500,10.112,train_avg_reward,0.2973079068793191
formal_2301_2305,drtp_sg,2301,78,39001,39500,10.112,entropy,1.560488353172938
formal_2301_2305,drtp_sg,2301,78,39001,39500,10.112,approx_kl,0.0009551596621104273
formal_2301_2305,drtp_sg,2301,78,39001,39500,10.112,policy_loss,-0.0021106124393399095
formal_2301_2305,drtp_sg,2301,78,39001,39500,10.112,value_loss,0.6382655793771385
formal_2301_2305,drtp_sg,2301,78,39001,39500,10.112,grad_norm,8.231793681307444
formal_2301_2305,drtp_sg,2302,0,1,500,0.128,train_avg_reward,0.01882025112133124
formal_2301_2305,drtp_sg,2302,0,1,500,0.128,entropy,2.636737512767315
formal_2301_2305,drtp_sg,2302,0,1,500,0.128,approx_kl,0.0009191798608118612
formal_2301_2305,drtp_sg,2302,0,1,500,0.128,policy_loss,-0.0018258811738602247
formal_2301_2305,drtp_sg,2302,0,1,500,0.128,value_loss,0.5655412509469315
formal_2301_2305,drtp_sg,2302,0,1,500,0.128,grad_norm,1.9670098485574126
formal_2301_2305,drtp_sg,2302,1,501,1000,0.256,train_avg_reward,0.040413047907139114
formal_2301_2305,drtp_sg,2302,1,501,1000,0.256,entropy,2.5883221828341485
formal_2301_2305,drtp_sg,2302,1,501,1000,0.256,approx_kl,0.0010607028164677105
formal_2301_2305,drtp_sg,2302,1,501,1000,0.256,policy_loss,-0.001942852460614672
formal_2301_2305,drtp_sg,2302,1,501,1000,0.256,value_loss,0.3445923209562898
formal_2301_2305,drtp_sg,2302,1,501,1000,0.256,grad_norm,1.4314328728541732
formal_2301_2305,drtp_sg,2302,2,1001,1500,0.384,train_avg_reward,0.07496868506509054
formal_2301_2305,drtp_sg,2302,2,1001,1500,0.384,entropy,2.5683328477740286
formal_2301_2305,drtp_sg,2302,2,1001,1500,0.384,approx_kl,0.0007566764103412424
formal_2301_2305,drtp_sg,2302,2,1001,1500,0.384,policy_loss,-0.0016345848245530093
formal_2301_2305,drtp_sg,2302,2,1001,1500,0.384,value_loss,0.36576974802091716
formal_2301_2305,drtp_sg,2302,2,1001,1500,0.384,grad_norm,1.5239681785628199
formal_2301_2305,drtp_sg,2302,3,1501,2000,0.512,train_avg_reward,0.10819302954524755
formal_2301_2305,drtp_sg,2302,3,1501,2000,0.512,entropy,2.5802504743337633
formal_2301_2305,drtp_sg,2302,3,1501,2000,0.512,approx_kl,0.0004478653780586228
formal_2301_2305,drtp_sg,2302,3,1501,2000,0.512,policy_loss,-0.0012391886183059958
formal_2301_2305,drtp_sg,2302,3,1501,2000,0.512,value_loss,0.7746739056147635
formal_2301_2305,drtp_sg,2302,3,1501,2000,0.512,grad_norm,2.5366679206043483
formal_2301_2305,drtp_sg,2302,4,2001,2500,0.64,train_avg_reward,0.11585181960230694
formal_2301_2305,drtp_sg,2302,4,2001,2500,0.64,entropy,2.482932090163231
formal_2301_2305,drtp_sg,2302,4,2001,2500,0.64,approx_kl,0.0007413691576648489
formal_2301_2305,drtp_sg,2302,4,2001,2500,0.64,policy_loss,-0.001716703630150148
formal_2301_2305,drtp_sg,2302,4,2001,2500,0.64,value_loss,0.8301318078748882
formal_2301_2305,drtp_sg,2302,4,2001,2500,0.64,grad_norm,2.894481052234769
formal_2301_2305,drtp_sg,2302,5,2501,3000,0.768,train_avg_reward,0.1192714637350291
formal_2301_2305,drtp_sg,2302,5,2501,3000,0.768,entropy,2.4451646615862845
formal_2301_2305,drtp_sg,2302,5,2501,3000,0.768,approx_kl,0.0007283974365191171
formal_2301_2305,drtp_sg,2302,5,2501,3000,0.768,policy_loss,-0.0016662936704383855
formal_2301_2305,drtp_sg,2302,5,2501,3000,0.768,value_loss,1.0644937165863813
formal_2301_2305,drtp_sg,2302,5,2501,3000,0.768,grad_norm,3.4971343061476947
formal_2301_2305,drtp_sg,2302,6,3001,3500,0.896,train_avg_reward,0.1360431637018919
formal_2301_2305,drtp_sg,2302,6,3001,3500,0.896,entropy,2.483517783164978
formal_2301_2305,drtp_sg,2302,6,3001,3500,0.896,approx_kl,0.0008245199064453269
formal_2301_2305,drtp_sg,2302,6,3001,3500,0.896,policy_loss,-0.0017322701798050053
formal_2301_2305,drtp_sg,2302,6,3001,3500,0.896,value_loss,1.003271674381569
formal_2301_2305,drtp_sg,2302,6,3001,3500,0.896,grad_norm,3.8627342475801707
formal_2301_2305,drtp_sg,2302,7,3501,4000,1.024,train_avg_reward,0.14714431741600856
formal_2301_2305,drtp_sg,2302,7,3501,4000,1.024,entropy,2.4580501941442487
formal_2301_2305,drtp_sg,2302,7,3501,4000,1.024,approx_kl,0.0007695633338419914
formal_2301_2305,drtp_sg,2302,7,3501,4000,1.024,policy_loss,-0.0015825138156534836
formal_2301_2305,drtp_sg,2302,7,3501,4000,1.024,value_loss,0.8608138280920684
formal_2301_2305,drtp_sg,2302,7,3501,4000,1.024,grad_norm,3.8302504460066555
formal_2301_2305,drtp_sg,2302,8,4001,4500,1.152,train_avg_reward,0.15394600246846676
formal_2301_2305,drtp_sg,2302,8,4001,4500,1.152,entropy,2.4873672599196435
formal_2301_2305,drtp_sg,2302,8,4001,4500,1.152,approx_kl,0.0007366593943559109
formal_2301_2305,drtp_sg,2302,8,4001,4500,1.152,policy_loss,-0.0016120869061036851
formal_2301_2305,drtp_sg,2302,8,4001,4500,1.152,value_loss,0.8785615366064012
formal_2301_2305,drtp_sg,2302,8,4001,4500,1.152,grad_norm,3.7788457857966424
formal_2301_2305,drtp_sg,2302,9,4501,5000,1.28,train_avg_reward,0.1428032575175166
formal_2301_2305,drtp_sg,2302,9,4501,5000,1.28,entropy,2.470715667724609
formal_2301_2305,drtp_sg,2302,9,4501,5000,1.28,approx_kl,0.0010275008436525846
formal_2301_2305,drtp_sg,2302,9,4501,5000,1.28,policy_loss,-0.00200522346767621
formal_2301_2305,drtp_sg,2302,9,4501,5000,1.28,value_loss,0.7785336517617106
formal_2301_2305,drtp_sg,2302,9,4501,5000,1.28,grad_norm,3.6606598244905473
formal_2301_2305,drtp_sg,2302,10,5001,5500,1.408,train_avg_reward,0.15048655541613698
formal_2301_2305,drtp_sg,2302,10,5001,5500,1.408,entropy,2.396780900120735
formal_2301_2305,drtp_sg,2302,10,5001,5500,1.408,approx_kl,0.0010599182473320068
formal_2301_2305,drtp_sg,2302,10,5001,5500,1.408,policy_loss,-0.0019881782965528645
formal_2301_2305,drtp_sg,2302,10,5001,5500,1.408,value_loss,0.7075330003760755
formal_2301_2305,drtp_sg,2302,10,5001,5500,1.408,grad_norm,3.641513729795814
formal_2301_2305,drtp_sg,2302,11,5501,6000,1.536,train_avg_reward,0.1657312749400735
formal_2301_2305,drtp_sg,2302,11,5501,6000,1.536,entropy,2.2602616019845008
formal_2301_2305,drtp_sg,2302,11,5501,6000,1.536,approx_kl,0.0011123472385603842
formal_2301_2305,drtp_sg,2302,11,5501,6000,1.536,policy_loss,-0.0018414324575697896
formal_2301_2305,drtp_sg,2302,11,5501,6000,1.536,value_loss,0.650402310539037
formal_2301_2305,drtp_sg,2302,11,5501,6000,1.536,grad_norm,3.999279914110899
formal_2301_2305,drtp_sg,2302,12,6001,6500,1.664,train_avg_reward,0.17437735428661108
formal_2301_2305,drtp_sg,2302,12,6001,6500,1.664,entropy,2.398261734843254
formal_2301_2305,drtp_sg,2302,12,6001,6500,1.664,approx_kl,0.0009051958937801219
formal_2301_2305,drtp_sg,2302,12,6001,6500,1.664,policy_loss,-0.0017686898017978733
formal_2301_2305,drtp_sg,2302,12,6001,6500,1.664,value_loss,0.951477428238839
formal_2301_2305,drtp_sg,2302,12,6001,6500,1.664,grad_norm,4.6788748708963395
formal_2301_2305,drtp_sg,2302,13,6501,7000,1.792,train_avg_reward,0.1736157840117812
formal_2301_2305,drtp_sg,2302,13,6501,7000,1.792,entropy,2.311738478899002
formal_2301_2305,drtp_sg,2302,13,6501,7000,1.792,approx_kl,0.001162709751307223
formal_2301_2305,drtp_sg,2302,13,6501,7000,1.792,policy_loss,-0.001998494131908114
formal_2301_2305,drtp_sg,2302,13,6501,7000,1.792,value_loss,0.7205489060804248
formal_2301_2305,drtp_sg,2302,13,6501,7000,1.792,grad_norm,4.4577531782090665
formal_2301_2305,drtp_sg,2302,14,7001,7500,1.92,train_avg_reward,0.15778245318308473
formal_2301_2305,drtp_sg,2302,14,7001,7500,1.92,entropy,2.1526590625047684
formal_2301_2305,drtp_sg,2302,14,7001,7500,1.92,approx_kl,0.0012338632840101123
formal_2301_2305,drtp_sg,2302,14,7001,7500,1.92,policy_loss,-0.002134725867282834
formal_2301_2305,drtp_sg,2302,14,7001,7500,1.92,value_loss,0.7041024976447224
formal_2301_2305,drtp_sg,2302,14,7001,7500,1.92,grad_norm,4.012476964220404
formal_2301_2305,drtp_sg,2302,15,7501,8000,2.048,train_avg_reward,0.13989753357693552
formal_2301_2305,drtp_sg,2302,15,7501,8000,2.048,entropy,2.0494090740680693
formal_2301_2305,drtp_sg,2302,15,7501,8000,2.048,approx_kl,0.0013003625749646135
formal_2301_2305,drtp_sg,2302,15,7501,8000,2.048,policy_loss,-0.002447750456430939
formal_2301_2305,drtp_sg,2302,15,7501,8000,2.048,value_loss,0.8851000175047666
formal_2301_2305,drtp_sg,2302,15,7501,8000,2.048,grad_norm,4.172699657559395
formal_2301_2305,drtp_sg,2302,16,8001,8500,2.176,train_avg_reward,0.16550712447613478
formal_2301_2305,drtp_sg,2302,16,8001,8500,2.176,entropy,2.1333181138038637
formal_2301_2305,drtp_sg,2302,16,8001,8500,2.176,approx_kl,0.0010786409525230735
formal_2301_2305,drtp_sg,2302,16,8001,8500,2.176,policy_loss,-0.0019476665766234684
formal_2301_2305,drtp_sg,2302,16,8001,8500,2.176,value_loss,0.8040247284080834
formal_2301_2305,drtp_sg,2302,16,8001,8500,2.176,grad_norm,4.341934447363019
formal_2301_2305,drtp_sg,2302,17,8501,9000,2.304,train_avg_reward,0.18533207178115846
formal_2301_2305,drtp_sg,2302,17,8501,9000,2.304,entropy,2.2252236707806587
formal_2301_2305,drtp_sg,2302,17,8501,9000,2.304,approx_kl,0.0011651896014236622
formal_2301_2305,drtp_sg,2302,17,8501,9000,2.304,policy_loss,-0.0020008481848505584
formal_2301_2305,drtp_sg,2302,17,8501,9000,2.304,value_loss,0.8021380122676491
formal_2301_2305,drtp_sg,2302,17,8501,9000,2.304,grad_norm,4.493342963784933
formal_2301_2305,drtp_sg,2302,18,9001,9500,2.432,train_avg_reward,0.19639639400690795
formal_2301_2305,drtp_sg,2302,18,9001,9500,2.432,entropy,2.149443809270859
formal_2301_2305,drtp_sg,2302,18,9001,9500,2.432,approx_kl,0.001323065548161744
formal_2301_2305,drtp_sg,2302,18,9001,9500,2.432,policy_loss,-0.002072907691096945
formal_2301_2305,drtp_sg,2302,18,9001,9500,2.432,value_loss,0.7721471505723894
formal_2301_2305,drtp_sg,2302,18,9001,9500,2.432,grad_norm,4.869933480978012
formal_2301_2305,drtp_sg,2302,19,9501,10000,2.56,train_avg_reward,0.1864179299995303
formal_2301_2305,drtp_sg,2302,19,9501,10000,2.56,entropy,2.0861615145802497
formal_2301_2305,drtp_sg,2302,19,9501,10000,2.56,approx_kl,0.0018563809204103247
formal_2301_2305,drtp_sg,2302,19,9501,10000,2.56,policy_loss,-0.0022227944999300793
formal_2301_2305,drtp_sg,2302,19,9501,10000,2.56,value_loss,1.1484888608157635
formal_2301_2305,drtp_sg,2302,19,9501,10000,2.56,grad_norm,5.779110500633717
formal_2301_2305,drtp_sg,2302,20,10001,10500,2.688,train_avg_reward,0.18676426722481848
formal_2301_2305,drtp_sg,2302,20,10001,10500,2.688,entropy,2.2150156173706055
formal_2301_2305,drtp_sg,2302,20,10001,10500,2.688,approx_kl,0.0015326848328832054
formal_2301_2305,drtp_sg,2302,20,10001,10500,2.688,policy_loss,-0.0021905540523651707
formal_2301_2305,drtp_sg,2302,20,10001,10500,2.688,value_loss,0.9406569545902311
formal_2301_2305,drtp_sg,2302,20,10001,10500,2.688,grad_norm,4.733344458758831
formal_2301_2305,drtp_sg,2302,21,10501,11000,2.816,train_avg_reward,0.1625342395529151
formal_2301_2305,drtp_sg,2302,21,10501,11000,2.816,entropy,2.061588415145874
formal_2301_2305,drtp_sg,2302,21,10501,11000,2.816,approx_kl,0.0016411999835375653
formal_2301_2305,drtp_sg,2302,21,10501,11000,2.816,policy_loss,-0.0025506215221732373
formal_2301_2305,drtp_sg,2302,21,10501,11000,2.816,value_loss,1.0706588986888528
formal_2301_2305,drtp_sg,2302,21,10501,11000,2.816,grad_norm,4.923530001997948
formal_2301_2305,drtp_sg,2302,22,11001,11500,2.944,train_avg_reward,0.1662182685956359
formal_2301_2305,drtp_sg,2302,22,11001,11500,2.944,entropy,2.2097344555854797
formal_2301_2305,drtp_sg,2302,22,11001,11500,2.944,approx_kl,0.0013555121370745834
formal_2301_2305,drtp_sg,2302,22,11001,11500,2.944,policy_loss,-0.0022694744920667394
formal_2301_2305,drtp_sg,2302,22,11001,11500,2.944,value_loss,1.0667833088543266
formal_2301_2305,drtp_sg,2302,22,11001,11500,2.944,grad_norm,4.733034246474505
formal_2301_2305,drtp_sg,2302,23,11501,12000,3.072,train_avg_reward,0.19332649252563716
formal_2301_2305,drtp_sg,2302,23,11501,12000,3.072,entropy,2.26620244038105
formal_2301_2305,drtp_sg,2302,23,11501,12000,3.072,approx_kl,0.001428662711966959
formal_2301_2305,drtp_sg,2302,23,11501,12000,3.072,policy_loss,-0.002338160592518317
formal_2301_2305,drtp_sg,2302,23,11501,12000,3.072,value_loss,0.9853266516178847
formal_2301_2305,drtp_sg,2302,23,11501,12000,3.072,grad_norm,5.200087388157844
formal_2301_2305,drtp_sg,2302,24,12001,12500,3.2,train_avg_reward,0.17037055453658104
formal_2301_2305,drtp_sg,2302,24,12001,12500,3.2,entropy,2.1952736850976944
formal_2301_2305,drtp_sg,2302,24,12001,12500,3.2,approx_kl,0.0013960311275495762
formal_2301_2305,drtp_sg,2302,24,12001,12500,3.2,policy_loss,-0.0024151727184351353
formal_2301_2305,drtp_sg,2302,24,12001,12500,3.2,value_loss,1.1410234054066242
formal_2301_2305,drtp_sg,2302,24,12001,12500,3.2,grad_norm,5.119817280679941
formal_2301_2305,drtp_sg,2302,25,12501,13000,3.328,train_avg_reward,0.1496943710371852
formal_2301_2305,drtp_sg,2302,25,12501,13000,3.328,entropy,2.2070144770145417
formal_2301_2305,drtp_sg,2302,25,12501,13000,3.328,approx_kl,0.0014497214843025472
formal_2301_2305,drtp_sg,2302,25,12501,13000,3.328,policy_loss,-0.002536925450442728
formal_2301_2305,drtp_sg,2302,25,12501,13000,3.328,value_loss,0.9565328595545143
formal_2301_2305,drtp_sg,2302,25,12501,13000,3.328,grad_norm,4.829401927962899
formal_2301_2305,drtp_sg,2302,26,13001,13500,3.456,train_avg_reward,0.17692508900165557
formal_2301_2305,drtp_sg,2302,26,13001,13500,3.456,entropy,2.1844436740875244
formal_2301_2305,drtp_sg,2302,26,13001,13500,3.456,approx_kl,0.0014449868022184086
formal_2301_2305,drtp_sg,2302,26,13001,13500,3.456,policy_loss,-0.0023739092971311188
formal_2301_2305,drtp_sg,2302,26,13001,13500,3.456,value_loss,0.6857868722081184
formal_2301_2305,drtp_sg,2302,26,13001,13500,3.456,grad_norm,4.2350997185707095
formal_2301_2305,drtp_sg,2302,27,13501,14000,3.584,train_avg_reward,0.20224807626008987
formal_2301_2305,drtp_sg,2302,27,13501,14000,3.584,entropy,2.0919787633419036
formal_2301_2305,drtp_sg,2302,27,13501,14000,3.584,approx_kl,0.0015447725581646697
formal_2301_2305,drtp_sg,2302,27,13501,14000,3.584,policy_loss,-0.00234340350932151
formal_2301_2305,drtp_sg,2302,27,13501,14000,3.584,value_loss,0.6822734295371919
formal_2301_2305,drtp_sg,2302,27,13501,14000,3.584,grad_norm,4.541626133471727
formal_2301_2305,drtp_sg,2302,28,14001,14500,3.712,train_avg_reward,0.19042454335093498
formal_2301_2305,drtp_sg,2302,28,14001,14500,3.712,entropy,2.08016632014513
formal_2301_2305,drtp_sg,2302,28,14001,14500,3.712,approx_kl,0.001577485675935954
formal_2301_2305,drtp_sg,2302,28,14001,14500,3.712,policy_loss,-0.0024012685619912047
formal_2301_2305,drtp_sg,2302,28,14001,14500,3.712,value_loss,0.5750894746091216
formal_2301_2305,drtp_sg,2302,28,14001,14500,3.712,grad_norm,4.413507801741361
formal_2301_2305,drtp_sg,2302,29,14501,15000,3.84,train_avg_reward,0.20684366454184056
formal_2301_2305,drtp_sg,2302,29,14501,15000,3.84,entropy,1.9735444009900094
formal_2301_2305,drtp_sg,2302,29,14501,15000,3.84,approx_kl,0.001514561552623488
formal_2301_2305,drtp_sg,2302,29,14501,15000,3.84,policy_loss,-0.00235692033883438
formal_2301_2305,drtp_sg,2302,29,14501,15000,3.84,value_loss,0.6840878018755465
formal_2301_2305,drtp_sg,2302,29,14501,15000,3.84,grad_norm,4.925640587747097
formal_2301_2305,drtp_sg,2302,30,15001,15500,3.968,train_avg_reward,0.22816909361630677
formal_2301_2305,drtp_sg,2302,30,15001,15500,3.968,entropy,2.014691864490509
formal_2301_2305,drtp_sg,2302,30,15001,15500,3.968,approx_kl,0.0015949822911091635
formal_2301_2305,drtp_sg,2302,30,15001,15500,3.968,policy_loss,-0.002528539552428861
formal_2301_2305,drtp_sg,2302,30,15001,15500,3.968,value_loss,0.5863044995777309
formal_2301_2305,drtp_sg,2302,30,15001,15500,3.968,grad_norm,4.655845759660005
formal_2301_2305,drtp_sg,2302,31,15501,16000,4.096,train_avg_reward,0.18587600278854371
formal_2301_2305,drtp_sg,2302,31,15501,16000,4.096,entropy,1.9723642624020576
formal_2301_2305,drtp_sg,2302,31,15501,16000,4.096,approx_kl,0.001420841585878858
formal_2301_2305,drtp_sg,2302,31,15501,16000,4.096,policy_loss,-0.0024034483277735634
formal_2301_2305,drtp_sg,2302,31,15501,16000,4.096,value_loss,0.9577267798576504
formal_2301_2305,drtp_sg,2302,31,15501,16000,4.096,grad_norm,4.891437332898378
formal_2301_2305,drtp_sg,2302,32,16001,16500,4.224,train_avg_reward,0.20794121147692204
formal_2301_2305,drtp_sg,2302,32,16001,16500,4.224,entropy,1.962288423538208
formal_2301_2305,drtp_sg,2302,32,16001,16500,4.224,approx_kl,0.0018114489217590107
formal_2301_2305,drtp_sg,2302,32,16001,16500,4.224,policy_loss,-0.0025458783541941316
formal_2301_2305,drtp_sg,2302,32,16001,16500,4.224,value_loss,0.6463765614442527
formal_2301_2305,drtp_sg,2302,32,16001,16500,4.224,grad_norm,4.22489003893733
formal_2301_2305,drtp_sg,2302,33,16501,17000,4.352,train_avg_reward,0.2237265622615814
formal_2301_2305,drtp_sg,2302,33,16501,17000,4.352,entropy,1.9048347864747048
formal_2301_2305,drtp_sg,2302,33,16501,17000,4.352,approx_kl,0.0017902350127812156
formal_2301_2305,drtp_sg,2302,33,16501,17000,4.352,policy_loss,-0.0023425734194857783
formal_2301_2305,drtp_sg,2302,33,16501,17000,4.352,value_loss,0.7210450220741331
formal_2301_2305,drtp_sg,2302,33,16501,17000,4.352,grad_norm,4.901613747954369
formal_2301_2305,drtp_sg,2302,34,17001,17500,4.48,train_avg_reward,0.21973044808954
formal_2301_2305,drtp_sg,2302,34,17001,17500,4.48,entropy,1.9069304105639457
formal_2301_2305,drtp_sg,2302,34,17001,17500,4.48,approx_kl,0.0017381141892465124
formal_2301_2305,drtp_sg,2302,34,17001,17500,4.48,policy_loss,-0.0025439125422761933
formal_2301_2305,drtp_sg,2302,34,17001,17500,4.48,value_loss,0.8759648252278567
formal_2301_2305,drtp_sg,2302,34,17001,17500,4.48,grad_norm,5.3913994078338145
formal_2301_2305,drtp_sg,2302,35,17501,18000,4.608,train_avg_reward,0.2286360447332263
formal_2301_2305,drtp_sg,2302,35,17501,18000,4.608,entropy,1.911677978336811
formal_2301_2305,drtp_sg,2302,35,17501,18000,4.608,approx_kl,0.0015900973430246525
formal_2301_2305,drtp_sg,2302,35,17501,18000,4.608,policy_loss,-0.002400451443047958
formal_2301_2305,drtp_sg,2302,35,17501,18000,4.608,value_loss,0.556055092729628
formal_2301_2305,drtp_sg,2302,35,17501,18000,4.608,grad_norm,4.6210859597325324
formal_2301_2305,drtp_sg,2302,36,18001,18500,4.736,train_avg_reward,0.2376468752026558
formal_2301_2305,drtp_sg,2302,36,18001,18500,4.736,entropy,1.9231261004805564
formal_2301_2305,drtp_sg,2302,36,18001,18500,4.736,approx_kl,0.0016566847679696315
formal_2301_2305,drtp_sg,2302,36,18001,18500,4.736,policy_loss,-0.0024797203511360607
formal_2301_2305,drtp_sg,2302,36,18001,18500,4.736,value_loss,0.43849495650455356
formal_2301_2305,drtp_sg,2302,36,18001,18500,4.736,grad_norm,4.973775885850191
formal_2301_2305,drtp_sg,2302,37,18501,19000,4.864,train_avg_reward,0.1982227229550481
formal_2301_2305,drtp_sg,2302,37,18501,19000,4.864,entropy,1.8744187162518502
formal_2301_2305,drtp_sg,2302,37,18501,19000,4.864,approx_kl,0.0016035001958457492
formal_2301_2305,drtp_sg,2302,37,18501,19000,4.864,policy_loss,-0.0025614854516894446
formal_2301_2305,drtp_sg,2302,37,18501,19000,4.864,value_loss,0.9425073987133801
formal_2301_2305,drtp_sg,2302,37,18501,19000,4.864,grad_norm,4.745318307518959
formal_2301_2305,drtp_sg,2302,38,19001,19500,4.992,train_avg_reward,0.21320395709574222
formal_2301_2305,drtp_sg,2302,38,19001,19500,4.992,entropy,1.787510561108589
formal_2301_2305,drtp_sg,2302,38,19001,19500,4.992,approx_kl,0.0016780217754067011
formal_2301_2305,drtp_sg,2302,38,19001,19500,4.992,policy_loss,-0.002526814170340997
formal_2301_2305,drtp_sg,2302,38,19001,19500,4.992,value_loss,0.5994712432119995
formal_2301_2305,drtp_sg,2302,38,19001,19500,4.992,grad_norm,4.469803079634905
formal_2301_2305,drtp_sg,2302,39,19501,20000,5.12,train_avg_reward,0.19894736592471599
formal_2301_2305,drtp_sg,2302,39,19501,20000,5.12,entropy,1.674358225286007
formal_2301_2305,drtp_sg,2302,39,19501,20000,5.12,approx_kl,0.0014571539782406598
formal_2301_2305,drtp_sg,2302,39,19501,20000,5.12,policy_loss,-0.0024681398015658864
formal_2301_2305,drtp_sg,2302,39,19501,20000,5.12,value_loss,0.7323488245271146
formal_2301_2305,drtp_sg,2302,39,19501,20000,5.12,grad_norm,4.14319477903843
formal_2301_2305,drtp_sg,2302,40,20001,20500,5.248,train_avg_reward,0.22439220796525478
formal_2301_2305,drtp_sg,2302,40,20001,20500,5.248,entropy,1.7320303204655647
formal_2301_2305,drtp_sg,2302,40,20001,20500,5.248,approx_kl,0.0013586540281723142
formal_2301_2305,drtp_sg,2302,40,20001,20500,5.248,policy_loss,-0.0021904605719145543
formal_2301_2305,drtp_sg,2302,40,20001,20500,5.248,value_loss,0.4717843359541148
formal_2301_2305,drtp_sg,2302,40,20001,20500,5.248,grad_norm,5.179311323136091
formal_2301_2305,drtp_sg,2302,41,20501,21000,5.376,train_avg_reward,0.21693261310085654
formal_2301_2305,drtp_sg,2302,41,20501,21000,5.376,entropy,1.6723406842947006
formal_2301_2305,drtp_sg,2302,41,20501,21000,5.376,approx_kl,0.0017809543278969248
formal_2301_2305,drtp_sg,2302,41,20501,21000,5.376,policy_loss,-0.0025939148795859905
formal_2301_2305,drtp_sg,2302,41,20501,21000,5.376,value_loss,0.6137003065440804
formal_2301_2305,drtp_sg,2302,41,20501,21000,5.376,grad_norm,4.724014308258891
formal_2301_2305,drtp_sg,2302,42,21001,21500,5.504,train_avg_reward,0.13973960033617913
formal_2301_2305,drtp_sg,2302,42,21001,21500,5.504,entropy,1.743259571492672
formal_2301_2305,drtp_sg,2302,42,21001,21500,5.504,approx_kl,0.002101165317129617
formal_2301_2305,drtp_sg,2302,42,21001,21500,5.504,policy_loss,-0.0024083457719813292
formal_2301_2305,drtp_sg,2302,42,21001,21500,5.504,value_loss,1.225575445851311
formal_2301_2305,drtp_sg,2302,42,21001,21500,5.504,grad_norm,4.923114736244083
formal_2301_2305,drtp_sg,2302,43,21501,22000,5.632,train_avg_reward,0.20049030586332084
formal_2301_2305,drtp_sg,2302,43,21501,22000,5.632,entropy,1.646301566004753
formal_2301_2305,drtp_sg,2302,43,21501,22000,5.632,approx_kl,0.0014325272803089259
formal_2301_2305,drtp_sg,2302,43,21501,22000,5.632,policy_loss,-0.002305818308238073
formal_2301_2305,drtp_sg,2302,43,21501,22000,5.632,value_loss,0.8826087282039226
formal_2301_2305,drtp_sg,2302,43,21501,22000,5.632,grad_norm,5.52804302406311
formal_2301_2305,drtp_sg,2302,44,22001,22500,5.76,train_avg_reward,0.2118637718707323
formal_2301_2305,drtp_sg,2302,44,22001,22500,5.76,entropy,1.6710260162353516
formal_2301_2305,drtp_sg,2302,44,22001,22500,5.76,approx_kl,0.0016949295134369628
formal_2301_2305,drtp_sg,2302,44,22001,22500,5.76,policy_loss,-0.0024072119501097364
formal_2301_2305,drtp_sg,2302,44,22001,22500,5.76,value_loss,0.7149124318398535
formal_2301_2305,drtp_sg,2302,44,22001,22500,5.76,grad_norm,5.083169303163886
formal_2301_2305,drtp_sg,2302,45,22501,23000,5.888,train_avg_reward,0.20228736701607705
formal_2301_2305,drtp_sg,2302,45,22501,23000,5.888,entropy,1.525383993089199
formal_2301_2305,drtp_sg,2302,45,22501,23000,5.888,approx_kl,0.001768006107239968
formal_2301_2305,drtp_sg,2302,45,22501,23000,5.888,policy_loss,-0.002348454538989286
formal_2301_2305,drtp_sg,2302,45,22501,23000,5.888,value_loss,0.8547761446088552
formal_2301_2305,drtp_sg,2302,45,22501,23000,5.888,grad_norm,5.761321184843778
formal_2301_2305,drtp_sg,2302,46,23001,23500,6.016,train_avg_reward,0.19249047679454087
formal_2301_2305,drtp_sg,2302,46,23001,23500,6.016,entropy,1.4117089329957961
formal_2301_2305,drtp_sg,2302,46,23001,23500,6.016,approx_kl,0.0018628009781429314
formal_2301_2305,drtp_sg,2302,46,23001,23500,6.016,policy_loss,-0.002398072404893169
formal_2301_2305,drtp_sg,2302,46,23001,23500,6.016,value_loss,0.8653432623343542
formal_2301_2305,drtp_sg,2302,46,23001,23500,6.016,grad_norm,4.916689019843936
formal_2301_2305,drtp_sg,2302,47,23501,24000,6.144,train_avg_reward,0.22410013198852538
formal_2301_2305,drtp_sg,2302,47,23501,24000,6.144,entropy,1.5329060974121094
formal_2301_2305,drtp_sg,2302,47,23501,24000,6.144,approx_kl,0.0015821976057486535
formal_2301_2305,drtp_sg,2302,47,23501,24000,6.144,policy_loss,-0.0022920977932648513
formal_2301_2305,drtp_sg,2302,47,23501,24000,6.144,value_loss,0.5550609741667285
formal_2301_2305,drtp_sg,2302,47,23501,24000,6.144,grad_norm,5.556032252594829
formal_2301_2305,drtp_sg,2302,48,24001,24500,6.272,train_avg_reward,0.22812605775892736
formal_2301_2305,drtp_sg,2302,48,24001,24500,6.272,entropy,1.5861481557488442
formal_2301_2305,drtp_sg,2302,48,24001,24500,6.272,approx_kl,0.0013334935603270344
formal_2301_2305,drtp_sg,2302,48,24001,24500,6.272,policy_loss,-0.0021315266363934725
formal_2301_2305,drtp_sg,2302,48,24001,24500,6.272,value_loss,0.6772687486894429
formal_2301_2305,drtp_sg,2302,48,24001,24500,6.272,grad_norm,5.9108746765553954
formal_2301_2305,drtp_sg,2302,49,24501,25000,6.4,train_avg_reward,0.2080943572819233
formal_2301_2305,drtp_sg,2302,49,24501,25000,6.4,entropy,1.5699863485693932
formal_2301_2305,drtp_sg,2302,49,24501,25000,6.4,approx_kl,0.0017959948108730933
formal_2301_2305,drtp_sg,2302,49,24501,25000,6.4,policy_loss,-0.0026982830878695056
formal_2301_2305,drtp_sg,2302,49,24501,25000,6.4,value_loss,0.6008677835850976
formal_2301_2305,drtp_sg,2302,49,24501,25000,6.4,grad_norm,4.6596660664826635
formal_2301_2305,drtp_sg,2302,50,25001,25500,6.528,train_avg_reward,0.23850356262922287
formal_2301_2305,drtp_sg,2302,50,25001,25500,6.528,entropy,1.557398410797119
formal_2301_2305,drtp_sg,2302,50,25001,25500,6.528,approx_kl,0.0015373622450188028
formal_2301_2305,drtp_sg,2302,50,25001,25500,6.528,policy_loss,-0.002576561613103172
formal_2301_2305,drtp_sg,2302,50,25001,25500,6.528,value_loss,0.4868425492439419
formal_2301_2305,drtp_sg,2302,50,25001,25500,6.528,grad_norm,4.543881150498986
formal_2301_2305,drtp_sg,2302,51,25501,26000,6.656,train_avg_reward,0.22183350017666817
formal_2301_2305,drtp_sg,2302,51,25501,26000,6.656,entropy,1.5200387727618216
formal_2301_2305,drtp_sg,2302,51,25501,26000,6.656,approx_kl,0.0015068301412378107
formal_2301_2305,drtp_sg,2302,51,25501,26000,6.656,policy_loss,-0.002469129054086219
formal_2301_2305,drtp_sg,2302,51,25501,26000,6.656,value_loss,0.6535796239739284
formal_2301_2305,drtp_sg,2302,51,25501,26000,6.656,grad_norm,4.800966973170638
formal_2301_2305,drtp_sg,2302,52,26001,26500,6.784,train_avg_reward,0.22090824089199304
formal_2301_2305,drtp_sg,2302,52,26001,26500,6.784,entropy,1.4429691841006278
formal_2301_2305,drtp_sg,2302,52,26001,26500,6.784,approx_kl,0.0019446203383185912
formal_2301_2305,drtp_sg,2302,52,26001,26500,6.784,policy_loss,-0.002996900268081146
formal_2301_2305,drtp_sg,2302,52,26001,26500,6.784,value_loss,0.5860945699419826
formal_2301_2305,drtp_sg,2302,52,26001,26500,6.784,grad_norm,4.465032456129789
formal_2301_2305,drtp_sg,2302,53,26501,27000,6.912,train_avg_reward,0.23616607336699963
formal_2301_2305,drtp_sg,2302,53,26501,27000,6.912,entropy,1.529963153898716
formal_2301_2305,drtp_sg,2302,53,26501,27000,6.912,approx_kl,0.0018111094634489966
formal_2301_2305,drtp_sg,2302,53,26501,27000,6.912,policy_loss,-0.003066887344331184
formal_2301_2305,drtp_sg,2302,53,26501,27000,6.912,value_loss,0.31144257812574505
formal_2301_2305,drtp_sg,2302,53,26501,27000,6.912,grad_norm,3.5666317525207996
formal_2301_2305,drtp_sg,2302,54,27001,27500,7.04,train_avg_reward,0.24933905908465384
formal_2301_2305,drtp_sg,2302,54,27001,27500,7.04,entropy,1.5246332097649575
formal_2301_2305,drtp_sg,2302,54,27001,27500,7.04,approx_kl,0.0016549249185785113
formal_2301_2305,drtp_sg,2302,54,27001,27500,7.04,policy_loss,-0.002594133637273919
formal_2301_2305,drtp_sg,2302,54,27001,27500,7.04,value_loss,0.27306588868331166
formal_2301_2305,drtp_sg,2302,54,27001,27500,7.04,grad_norm,3.889349380746484
formal_2301_2305,drtp_sg,2302,55,27501,28000,7.168,train_avg_reward,0.23764956600964068
formal_2301_2305,drtp_sg,2302,55,27501,28000,7.168,entropy,1.5713180962204933
formal_2301_2305,drtp_sg,2302,55,27501,28000,7.168,approx_kl,0.0019235448045971286
formal_2301_2305,drtp_sg,2302,55,27501,28000,7.168,policy_loss,-0.002730480922066625
formal_2301_2305,drtp_sg,2302,55,27501,28000,7.168,value_loss,0.32723949138261377
formal_2301_2305,drtp_sg,2302,55,27501,28000,7.168,grad_norm,4.227719691321254
formal_2301_2305,drtp_sg,2302,56,28001,28500,7.296,train_avg_reward,0.22497803635895253
formal_2301_2305,drtp_sg,2302,56,28001,28500,7.296,entropy,1.519408128798008
formal_2301_2305,drtp_sg,2302,56,28001,28500,7.296,approx_kl,0.0017282213915344286
formal_2301_2305,drtp_sg,2302,56,28001,28500,7.296,policy_loss,-0.0027990767762305544
formal_2301_2305,drtp_sg,2302,56,28001,28500,7.296,value_loss,0.4808780695833266
formal_2301_2305,drtp_sg,2302,56,28001,28500,7.296,grad_norm,4.759714699834586
formal_2301_2305,drtp_sg,2302,57,28501,29000,7.424,train_avg_reward,0.16141553969681263
formal_2301_2305,drtp_sg,2302,57,28501,29000,7.424,entropy,1.4299093835949899
formal_2301_2305,drtp_sg,2302,57,28501,29000,7.424,approx_kl,0.0015681173083739767
formal_2301_2305,drtp_sg,2302,57,28501,29000,7.424,policy_loss,-0.0028078346553982595
formal_2301_2305,drtp_sg,2302,57,28501,29000,7.424,value_loss,0.94167722745426
formal_2301_2305,drtp_sg,2302,57,28501,29000,7.424,grad_norm,5.850943433254957
formal_2301_2305,drtp_sg,2302,58,29001,29500,7.552,train_avg_reward,0.1533928354755044
formal_2301_2305,drtp_sg,2302,58,29001,29500,7.552,entropy,1.3939299721121787
formal_2301_2305,drtp_sg,2302,58,29001,29500,7.552,approx_kl,0.0017651649712706707
formal_2301_2305,drtp_sg,2302,58,29001,29500,7.552,policy_loss,-0.002813934945432069
formal_2301_2305,drtp_sg,2302,58,29001,29500,7.552,value_loss,0.9042317464724183
formal_2301_2305,drtp_sg,2302,58,29001,29500,7.552,grad_norm,4.249082645192742
formal_2301_2305,drtp_sg,2302,59,29501,30000,7.68,train_avg_reward,0.19221186343580485
formal_2301_2305,drtp_sg,2302,59,29501,30000,7.68,entropy,1.3277425342798232
formal_2301_2305,drtp_sg,2302,59,29501,30000,7.68,approx_kl,0.0015216162796347426
formal_2301_2305,drtp_sg,2302,59,29501,30000,7.68,policy_loss,-0.0023350953100233947
formal_2301_2305,drtp_sg,2302,59,29501,30000,7.68,value_loss,0.8781684829182923
formal_2301_2305,drtp_sg,2302,59,29501,30000,7.68,grad_norm,5.406108458504081
formal_2301_2305,drtp_sg,2302,60,30001,30500,7.808,train_avg_reward,0.22905621962994338
formal_2301_2305,drtp_sg,2302,60,30001,30500,7.808,entropy,1.3386555237472058
formal_2301_2305,drtp_sg,2302,60,30001,30500,7.808,approx_kl,0.0020664644357244965
formal_2301_2305,drtp_sg,2302,60,30001,30500,7.808,policy_loss,-0.002951896081618415
formal_2301_2305,drtp_sg,2302,60,30001,30500,7.808,value_loss,0.5891398547012359
formal_2301_2305,drtp_sg,2302,60,30001,30500,7.808,grad_norm,4.633357296094299
formal_2301_2305,drtp_sg,2302,61,30501,31000,7.936,train_avg_reward,0.2531668495088816
formal_2301_2305,drtp_sg,2302,61,30501,31000,7.936,entropy,1.3896237185895444
formal_2301_2305,drtp_sg,2302,61,30501,31000,7.936,approx_kl,0.0023752053441888346
formal_2301_2305,drtp_sg,2302,61,30501,31000,7.936,policy_loss,-0.0030906597207730094
formal_2301_2305,drtp_sg,2302,61,30501,31000,7.936,value_loss,0.26679247368499637
formal_2301_2305,drtp_sg,2302,61,30501,31000,7.936,grad_norm,3.567051323622465
formal_2301_2305,drtp_sg,2302,62,31001,31500,8.064,train_avg_reward,0.21166837277263403
formal_2301_2305,drtp_sg,2302,62,31001,31500,8.064,entropy,1.418156666100025
formal_2301_2305,drtp_sg,2302,62,31001,31500,8.064,approx_kl,0.0017298773293884144
formal_2301_2305,drtp_sg,2302,62,31001,31500,8.064,policy_loss,-0.0027689099827128607
formal_2301_2305,drtp_sg,2302,62,31001,31500,8.064,value_loss,0.49256494210474194
formal_2301_2305,drtp_sg,2302,62,31001,31500,8.064,grad_norm,4.040022190213204
formal_2301_2305,drtp_sg,2302,63,31501,32000,8.192,train_avg_reward,0.19492383460700513
formal_2301_2305,drtp_sg,2302,63,31501,32000,8.192,entropy,1.4218866826891898
formal_2301_2305,drtp_sg,2302,63,31501,32000,8.192,approx_kl,0.0016406820335320442
formal_2301_2305,drtp_sg,2302,63,31501,32000,8.192,policy_loss,-0.002714206394330082
formal_2301_2305,drtp_sg,2302,63,31501,32000,8.192,value_loss,0.6009485341962427
formal_2301_2305,drtp_sg,2302,63,31501,32000,8.192,grad_norm,4.783394112214446
formal_2301_2305,drtp_sg,2302,64,32001,32500,8.32,train_avg_reward,0.1888120187371969
formal_2301_2305,drtp_sg,2302,64,32001,32500,8.32,entropy,1.420423950433731
formal_2301_2305,drtp_sg,2302,64,32001,32500,8.32,approx_kl,0.001627011289347736
formal_2301_2305,drtp_sg,2302,64,32001,32500,8.32,policy_loss,-0.002534315354498556
formal_2301_2305,drtp_sg,2302,64,32001,32500,8.32,value_loss,0.7672417059903964
formal_2301_2305,drtp_sg,2302,64,32001,32500,8.32,grad_norm,4.269197691246867
formal_2301_2305,drtp_sg,2302,65,32501,33000,8.448,train_avg_reward,0.2179439014568925
formal_2301_2305,drtp_sg,2302,65,32501,33000,8.448,entropy,1.4503167705535889
formal_2301_2305,drtp_sg,2302,65,32501,33000,8.448,approx_kl,0.001722209706257965
formal_2301_2305,drtp_sg,2302,65,32501,33000,8.448,policy_loss,-0.0029835197152036324
formal_2301_2305,drtp_sg,2302,65,32501,33000,8.448,value_loss,0.6270687831249088
formal_2301_2305,drtp_sg,2302,65,32501,33000,8.448,grad_norm,4.795618286550045
formal_2301_2305,drtp_sg,2302,66,33001,33500,8.576,train_avg_reward,0.1893945256024599
formal_2301_2305,drtp_sg,2302,66,33001,33500,8.576,entropy,1.3843823470473289
formal_2301_2305,drtp_sg,2302,66,33001,33500,8.576,approx_kl,0.0013350136038094707
formal_2301_2305,drtp_sg,2302,66,33001,33500,8.576,policy_loss,-0.002587331863898023
formal_2301_2305,drtp_sg,2302,66,33001,33500,8.576,value_loss,0.7649411608204245
formal_2301_2305,drtp_sg,2302,66,33001,33500,8.576,grad_norm,4.657359660252928
formal_2301_2305,drtp_sg,2302,67,33501,34000,8.704,train_avg_reward,0.21511104328930378
formal_2301_2305,drtp_sg,2302,67,33501,34000,8.704,entropy,1.4310980281233787
formal_2301_2305,drtp_sg,2302,67,33501,34000,8.704,approx_kl,0.0018113560875872164
formal_2301_2305,drtp_sg,2302,67,33501,34000,8.704,policy_loss,-0.0026799253201154603
formal_2301_2305,drtp_sg,2302,67,33501,34000,8.704,value_loss,0.6962502026651055
formal_2301_2305,drtp_sg,2302,67,33501,34000,8.704,grad_norm,5.724697936445475
formal_2301_2305,drtp_sg,2302,68,34001,34500,8.832,train_avg_reward,0.2216752253174782
formal_2301_2305,drtp_sg,2302,68,34001,34500,8.832,entropy,1.5210227420926095
formal_2301_2305,drtp_sg,2302,68,34001,34500,8.832,approx_kl,0.0017769071601921062
formal_2301_2305,drtp_sg,2302,68,34001,34500,8.832,policy_loss,-0.0025173358209393875
formal_2301_2305,drtp_sg,2302,68,34001,34500,8.832,value_loss,0.729198932537809
formal_2301_2305,drtp_sg,2302,68,34001,34500,8.832,grad_norm,4.859018428146839
formal_2301_2305,drtp_sg,2302,69,34501,35000,8.96,train_avg_reward,0.2109596596509218
formal_2301_2305,drtp_sg,2302,69,34501,35000,8.96,entropy,1.4269444838166236
formal_2301_2305,drtp_sg,2302,69,34501,35000,8.96,approx_kl,0.0013765856226720227
formal_2301_2305,drtp_sg,2302,69,34501,35000,8.96,policy_loss,-0.002408430395737707
formal_2301_2305,drtp_sg,2302,69,34501,35000,8.96,value_loss,1.0531169752925635
formal_2301_2305,drtp_sg,2302,69,34501,35000,8.96,grad_norm,6.059887433946133
formal_2301_2305,drtp_sg,2302,70,35001,35500,9.088,train_avg_reward,0.19794626292958856
formal_2301_2305,drtp_sg,2302,70,35001,35500,9.088,entropy,1.4386691060066223
formal_2301_2305,drtp_sg,2302,70,35001,35500,9.088,approx_kl,0.0014855071482749334
formal_2301_2305,drtp_sg,2302,70,35001,35500,9.088,policy_loss,-0.0025715047433397145
formal_2301_2305,drtp_sg,2302,70,35001,35500,9.088,value_loss,0.9201365273222327
formal_2301_2305,drtp_sg,2302,70,35001,35500,9.088,grad_norm,5.649409764811397
formal_2301_2305,drtp_sg,2302,71,35501,36000,9.216,train_avg_reward,0.22751729254424571
formal_2301_2305,drtp_sg,2302,71,35501,36000,9.216,entropy,1.2933408523201941
formal_2301_2305,drtp_sg,2302,71,35501,36000,9.216,approx_kl,0.0015755152465959806
formal_2301_2305,drtp_sg,2302,71,35501,36000,9.216,policy_loss,-0.0023817511950968004
formal_2301_2305,drtp_sg,2302,71,35501,36000,9.216,value_loss,0.5891122803334147
formal_2301_2305,drtp_sg,2302,71,35501,36000,9.216,grad_norm,5.7993031569719315
formal_2301_2305,drtp_sg,2302,72,36001,36500,9.344,train_avg_reward,0.23911158525943757
formal_2301_2305,drtp_sg,2302,72,36001,36500,9.344,entropy,1.319350060045719
formal_2301_2305,drtp_sg,2302,72,36001,36500,9.344,approx_kl,0.001551051362931487
formal_2301_2305,drtp_sg,2302,72,36001,36500,9.344,policy_loss,-0.0026254841377400607
formal_2301_2305,drtp_sg,2302,72,36001,36500,9.344,value_loss,0.35053487951029094
formal_2301_2305,drtp_sg,2302,72,36001,36500,9.344,grad_norm,4.6097181902676825
formal_2301_2305,drtp_sg,2302,73,36501,37000,9.472,train_avg_reward,0.2331627312451601
formal_2301_2305,drtp_sg,2302,73,36501,37000,9.472,entropy,1.4085040783882141
formal_2301_2305,drtp_sg,2302,73,36501,37000,9.472,approx_kl,0.0017621254826960017
formal_2301_2305,drtp_sg,2302,73,36501,37000,9.472,policy_loss,-0.0029717659217627828
formal_2301_2305,drtp_sg,2302,73,36501,37000,9.472,value_loss,0.41411452351696787
formal_2301_2305,drtp_sg,2302,73,36501,37000,9.472,grad_norm,4.678605703696609
formal_2301_2305,drtp_sg,2302,74,37001,37500,9.6,train_avg_reward,0.2431675433963537
formal_2301_2305,drtp_sg,2302,74,37001,37500,9.6,entropy,1.3975135189294816
formal_2301_2305,drtp_sg,2302,74,37001,37500,9.6,approx_kl,0.0015392586179483723
formal_2301_2305,drtp_sg,2302,74,37001,37500,9.6,policy_loss,-0.0023835812023554814
formal_2301_2305,drtp_sg,2302,74,37001,37500,9.6,value_loss,0.44585116640105843
formal_2301_2305,drtp_sg,2302,74,37001,37500,9.6,grad_norm,5.350239683121443
formal_2301_2305,drtp_sg,2302,75,37501,38000,9.728,train_avg_reward,0.2212921150177717
formal_2301_2305,drtp_sg,2302,75,37501,38000,9.728,entropy,1.3735946171283722
formal_2301_2305,drtp_sg,2302,75,37501,38000,9.728,approx_kl,0.001775986171854419
formal_2301_2305,drtp_sg,2302,75,37501,38000,9.728,policy_loss,-0.0026697836291515926
formal_2301_2305,drtp_sg,2302,75,37501,38000,9.728,value_loss,0.5013789848955348
formal_2301_2305,drtp_sg,2302,75,37501,38000,9.728,grad_norm,4.7186421966254715
formal_2301_2305,drtp_sg,2302,76,38001,38500,9.856,train_avg_reward,0.23607970583438873
formal_2301_2305,drtp_sg,2302,76,38001,38500,9.856,entropy,1.4741378386616706
formal_2301_2305,drtp_sg,2302,76,38001,38500,9.856,approx_kl,0.0016448763928630355
formal_2301_2305,drtp_sg,2302,76,38001,38500,9.856,policy_loss,-0.0028755323537479564
formal_2301_2305,drtp_sg,2302,76,38001,38500,9.856,value_loss,0.3553370259404182
formal_2301_2305,drtp_sg,2302,76,38001,38500,9.856,grad_norm,4.2242959540784355
formal_2301_2305,drtp_sg,2302,77,38501,39000,9.984,train_avg_reward,0.2151700738221407
formal_2301_2305,drtp_sg,2302,77,38501,39000,9.984,entropy,1.3655924219489097
formal_2301_2305,drtp_sg,2302,77,38501,39000,9.984,approx_kl,0.0014767484373235822
formal_2301_2305,drtp_sg,2302,77,38501,39000,9.984,policy_loss,-0.002698908128405281
formal_2301_2305,drtp_sg,2302,77,38501,39000,9.984,value_loss,1.0254238942610099
formal_2301_2305,drtp_sg,2302,77,38501,39000,9.984,grad_norm,5.844720381259918
formal_2301_2305,drtp_sg,2302,78,39001,39500,10.112,train_avg_reward,0.17319780150576244
formal_2301_2305,drtp_sg,2302,78,39001,39500,10.112,entropy,1.4676984586412944
formal_2301_2305,drtp_sg,2302,78,39001,39500,10.112,approx_kl,0.001132668968323357
formal_2301_2305,drtp_sg,2302,78,39001,39500,10.112,policy_loss,-0.0024927548521111605
formal_2301_2305,drtp_sg,2302,78,39001,39500,10.112,value_loss,1.6272016955864808
formal_2301_2305,drtp_sg,2302,78,39001,39500,10.112,grad_norm,6.995060977245134
formal_2301_2305,drtp_sg,2303,0,1,500,0.128,train_avg_reward,0.0038747015983935855
formal_2301_2305,drtp_sg,2303,0,1,500,0.128,entropy,2.8046144897341727
formal_2301_2305,drtp_sg,2303,0,1,500,0.128,approx_kl,0.0007454191946036038
formal_2301_2305,drtp_sg,2303,0,1,500,0.128,policy_loss,-0.0016653075324768272
formal_2301_2305,drtp_sg,2303,0,1,500,0.128,value_loss,0.5970531235379167
formal_2301_2305,drtp_sg,2303,0,1,500,0.128,grad_norm,1.9629904404953122
formal_2301_2305,drtp_sg,2303,1,501,1000,0.256,train_avg_reward,0.05921478270428451
formal_2301_2305,drtp_sg,2303,1,501,1000,0.256,entropy,2.5406095060110094
formal_2301_2305,drtp_sg,2303,1,501,1000,0.256,approx_kl,0.0007192637380874961
formal_2301_2305,drtp_sg,2303,1,501,1000,0.256,policy_loss,-0.0017285375041893114
formal_2301_2305,drtp_sg,2303,1,501,1000,0.256,value_loss,0.3973279649587348
formal_2301_2305,drtp_sg,2303,1,501,1000,0.256,grad_norm,1.6271417139470576
formal_2301_2305,drtp_sg,2303,2,1001,1500,0.384,train_avg_reward,0.08989758735452778
formal_2301_2305,drtp_sg,2303,2,1001,1500,0.384,entropy,2.6381826773285866
formal_2301_2305,drtp_sg,2303,2,1001,1500,0.384,approx_kl,0.00043127288993017975
formal_2301_2305,drtp_sg,2303,2,1001,1500,0.384,policy_loss,-0.0012852806432569865
formal_2301_2305,drtp_sg,2303,2,1001,1500,0.384,value_loss,0.7422460537608713
formal_2301_2305,drtp_sg,2303,2,1001,1500,0.384,grad_norm,2.446819874547422
formal_2301_2305,drtp_sg,2303,3,1501,2000,0.512,train_avg_reward,0.07598728118749568
formal_2301_2305,drtp_sg,2303,3,1501,2000,0.512,entropy,2.521323556959629
formal_2301_2305,drtp_sg,2303,3,1501,2000,0.512,approx_kl,0.0010452495427116446
formal_2301_2305,drtp_sg,2303,3,1501,2000,0.512,policy_loss,-0.0021463417935589793
formal_2301_2305,drtp_sg,2303,3,1501,2000,0.512,value_loss,0.6443215886671096
formal_2301_2305,drtp_sg,2303,3,1501,2000,0.512,grad_norm,2.1004486906528474
formal_2301_2305,drtp_sg,2303,4,2001,2500,0.64,train_avg_reward,0.10655362930893898
formal_2301_2305,drtp_sg,2303,4,2001,2500,0.64,entropy,2.515920492053032
formal_2301_2305,drtp_sg,2303,4,2001,2500,0.64,approx_kl,0.0006656863032732568
formal_2301_2305,drtp_sg,2303,4,2001,2500,0.64,policy_loss,-0.0015968591130596128
formal_2301_2305,drtp_sg,2303,4,2001,2500,0.64,value_loss,0.7633260319549591
formal_2301_2305,drtp_sg,2303,4,2001,2500,0.64,grad_norm,2.6729436268359423
formal_2301_2305,drtp_sg,2303,5,2501,3000,0.768,train_avg_reward,0.13289157002046703
formal_2301_2305,drtp_sg,2303,5,2501,3000,0.768,entropy,2.499079225063324
formal_2301_2305,drtp_sg,2303,5,2501,3000,0.768,approx_kl,0.0006082337762578997
formal_2301_2305,drtp_sg,2303,5,2501,3000,0.768,policy_loss,-0.0015060798308529006
formal_2301_2305,drtp_sg,2303,5,2501,3000,0.768,value_loss,0.9452213196177035
formal_2301_2305,drtp_sg,2303,5,2501,3000,0.768,grad_norm,2.9905850352942944
formal_2301_2305,drtp_sg,2303,6,3001,3500,0.896,train_avg_reward,0.132126685035415
formal_2301_2305,drtp_sg,2303,6,3001,3500,0.896,entropy,2.3777877942323684
formal_2301_2305,drtp_sg,2303,6,3001,3500,0.896,approx_kl,0.0007223291809411118
formal_2301_2305,drtp_sg,2303,6,3001,3500,0.896,policy_loss,-0.0016174030848750973
formal_2301_2305,drtp_sg,2303,6,3001,3500,0.896,value_loss,0.8166389702949673
formal_2301_2305,drtp_sg,2303,6,3001,3500,0.896,grad_norm,3.137598563887179
formal_2301_2305,drtp_sg,2303,7,3501,4000,1.024,train_avg_reward,0.13402535530924797
formal_2301_2305,drtp_sg,2303,7,3501,4000,1.024,entropy,2.398790255367756
formal_2301_2305,drtp_sg,2303,7,3501,4000,1.024,approx_kl,0.0007451730213929295
formal_2301_2305,drtp_sg,2303,7,3501,4000,1.024,policy_loss,-0.001691038138733836
formal_2301_2305,drtp_sg,2303,7,3501,4000,1.024,value_loss,0.7955204528933391
formal_2301_2305,drtp_sg,2303,7,3501,4000,1.024,grad_norm,3.1532584250867366
formal_2301_2305,drtp_sg,2303,8,4001,4500,1.152,train_avg_reward,0.11403747276589274
formal_2301_2305,drtp_sg,2303,8,4001,4500,1.152,entropy,2.3307140149474144
formal_2301_2305,drtp_sg,2303,8,4001,4500,1.152,approx_kl,0.0008251935469847922
formal_2301_2305,drtp_sg,2303,8,4001,4500,1.152,policy_loss,-0.0016573393970887983
formal_2301_2305,drtp_sg,2303,8,4001,4500,1.152,value_loss,0.706865388344042
formal_2301_2305,drtp_sg,2303,8,4001,4500,1.152,grad_norm,2.9245517755001784
formal_2301_2305,drtp_sg,2303,9,4501,5000,1.28,train_avg_reward,0.13473113577440382
formal_2301_2305,drtp_sg,2303,9,4501,5000,1.28,entropy,2.416031221628189
formal_2301_2305,drtp_sg,2303,9,4501,5000,1.28,approx_kl,0.0007546565162290335
formal_2301_2305,drtp_sg,2303,9,4501,5000,1.28,policy_loss,-0.0016502504019128077
formal_2301_2305,drtp_sg,2303,9,4501,5000,1.28,value_loss,0.8084770142175257
formal_2301_2305,drtp_sg,2303,9,4501,5000,1.28,grad_norm,3.067752502396703
formal_2301_2305,drtp_sg,2303,10,5001,5500,1.408,train_avg_reward,0.13524083569832146
formal_2301_2305,drtp_sg,2303,10,5001,5500,1.408,entropy,2.4488565816879273
formal_2301_2305,drtp_sg,2303,10,5001,5500,1.408,approx_kl,0.0009299065313927409
formal_2301_2305,drtp_sg,2303,10,5001,5500,1.408,policy_loss,-0.0017607527373765378
formal_2301_2305,drtp_sg,2303,10,5001,5500,1.408,value_loss,0.8653710755202919
formal_2301_2305,drtp_sg,2303,10,5001,5500,1.408,grad_norm,3.249925846800208
formal_2301_2305,drtp_sg,2303,11,5501,6000,1.536,train_avg_reward,0.13815539968013762
formal_2301_2305,drtp_sg,2303,11,5501,6000,1.536,entropy,2.3382797605991366
formal_2301_2305,drtp_sg,2303,11,5501,6000,1.536,approx_kl,0.0009522667928141193
formal_2301_2305,drtp_sg,2303,11,5501,6000,1.536,policy_loss,-0.0018348260238758734
formal_2301_2305,drtp_sg,2303,11,5501,6000,1.536,value_loss,0.7523263662010431
formal_2301_2305,drtp_sg,2303,11,5501,6000,1.536,grad_norm,3.2081825984567405
formal_2301_2305,drtp_sg,2303,12,6001,6500,1.664,train_avg_reward,0.16980145205557345
formal_2301_2305,drtp_sg,2303,12,6001,6500,1.664,entropy,2.4492671285271643
formal_2301_2305,drtp_sg,2303,12,6001,6500,1.664,approx_kl,0.0007896152130639772
formal_2301_2305,drtp_sg,2303,12,6001,6500,1.664,policy_loss,-0.00161609005310182
formal_2301_2305,drtp_sg,2303,12,6001,6500,1.664,value_loss,0.937100897943601
formal_2301_2305,drtp_sg,2303,12,6001,6500,1.664,grad_norm,3.907518832728267
formal_2301_2305,drtp_sg,2303,13,6501,7000,1.792,train_avg_reward,0.15785080805420876
formal_2301_2305,drtp_sg,2303,13,6501,7000,1.792,entropy,2.286138691663742
formal_2301_2305,drtp_sg,2303,13,6501,7000,1.792,approx_kl,0.0009728323068928451
formal_2301_2305,drtp_sg,2303,13,6501,7000,1.792,policy_loss,-0.001811825247568809
formal_2301_2305,drtp_sg,2303,13,6501,7000,1.792,value_loss,0.8652336705867201
formal_2301_2305,drtp_sg,2303,13,6501,7000,1.792,grad_norm,3.901769185945392
formal_2301_2305,drtp_sg,2303,14,7001,7500,1.92,train_avg_reward,0.1661802019737661
formal_2301_2305,drtp_sg,2303,14,7001,7500,1.92,entropy,2.370551548242569
formal_2301_2305,drtp_sg,2303,14,7001,7500,1.92,approx_kl,0.0008877585560573304
formal_2301_2305,drtp_sg,2303,14,7001,7500,1.92,policy_loss,-0.0016789011948116451
formal_2301_2305,drtp_sg,2303,14,7001,7500,1.92,value_loss,0.8851569032333791
formal_2301_2305,drtp_sg,2303,14,7001,7500,1.92,grad_norm,4.225794336631894
formal_2301_2305,drtp_sg,2303,15,7501,8000,2.048,train_avg_reward,0.1843398468270898
formal_2301_2305,drtp_sg,2303,15,7501,8000,2.048,entropy,2.254067197561264
formal_2301_2305,drtp_sg,2303,15,7501,8000,2.048,approx_kl,0.0012267804807949384
formal_2301_2305,drtp_sg,2303,15,7501,8000,2.048,policy_loss,-0.0020776037006769218
formal_2301_2305,drtp_sg,2303,15,7501,8000,2.048,value_loss,0.9652210045605898
formal_2301_2305,drtp_sg,2303,15,7501,8000,2.048,grad_norm,4.803291116446257
formal_2301_2305,drtp_sg,2303,16,8001,8500,2.176,train_avg_reward,0.13735945134051145
formal_2301_2305,drtp_sg,2303,16,8001,8500,2.176,entropy,2.251586819469929
formal_2301_2305,drtp_sg,2303,16,8001,8500,2.176,approx_kl,0.0016405432096410853
formal_2301_2305,drtp_sg,2303,16,8001,8500,2.176,policy_loss,-0.0023525547382751717
formal_2301_2305,drtp_sg,2303,16,8001,8500,2.176,value_loss,0.9363013209532947
formal_2301_2305,drtp_sg,2303,16,8001,8500,2.176,grad_norm,3.985047109857202
formal_2301_2305,drtp_sg,2303,17,8501,9000,2.304,train_avg_reward,0.17424126214534044
formal_2301_2305,drtp_sg,2303,17,8501,9000,2.304,entropy,2.2235891209840775
formal_2301_2305,drtp_sg,2303,17,8501,9000,2.304,approx_kl,0.0010467335553670028
formal_2301_2305,drtp_sg,2303,17,8501,9000,2.304,policy_loss,-0.0019986169988465727
formal_2301_2305,drtp_sg,2303,17,8501,9000,2.304,value_loss,0.9708396902233363
formal_2301_2305,drtp_sg,2303,17,8501,9000,2.304,grad_norm,4.686709673792124
formal_2301_2305,drtp_sg,2303,18,9001,9500,2.432,train_avg_reward,0.18560140028595926
formal_2301_2305,drtp_sg,2303,18,9001,9500,2.432,entropy,2.086507981479168
formal_2301_2305,drtp_sg,2303,18,9001,9500,2.432,approx_kl,0.0009095841843078837
formal_2301_2305,drtp_sg,2303,18,9001,9500,2.432,policy_loss,-0.0018006352560396021
formal_2301_2305,drtp_sg,2303,18,9001,9500,2.432,value_loss,0.9975238965600729
formal_2301_2305,drtp_sg,2303,18,9001,9500,2.432,grad_norm,5.388637935847044
formal_2301_2305,drtp_sg,2303,19,9501,10000,2.56,train_avg_reward,0.18834222984313964
formal_2301_2305,drtp_sg,2303,19,9501,10000,2.56,entropy,2.1404841194152833
formal_2301_2305,drtp_sg,2303,19,9501,10000,2.56,approx_kl,0.0014724907105451164
formal_2301_2305,drtp_sg,2303,19,9501,10000,2.56,policy_loss,-0.002308155054908779
formal_2301_2305,drtp_sg,2303,19,9501,10000,2.56,value_loss,0.9343877598717809
formal_2301_2305,drtp_sg,2303,19,9501,10000,2.56,grad_norm,5.033436834529042
formal_2301_2305,drtp_sg,2303,20,10001,10500,2.688,train_avg_reward,0.2043324759528041
formal_2301_2305,drtp_sg,2303,20,10001,10500,2.688,entropy,2.20252572786808
formal_2301_2305,drtp_sg,2303,20,10001,10500,2.688,approx_kl,0.001038011920099355
formal_2301_2305,drtp_sg,2303,20,10001,10500,2.688,policy_loss,-0.0019281238691503195
formal_2301_2305,drtp_sg,2303,20,10001,10500,2.688,value_loss,0.8398673669174314
formal_2301_2305,drtp_sg,2303,20,10001,10500,2.688,grad_norm,4.624202911645174
formal_2301_2305,drtp_sg,2303,21,10501,11000,2.816,train_avg_reward,0.2162597725689411
formal_2301_2305,drtp_sg,2303,21,10501,11000,2.816,entropy,2.0926048285365106
formal_2301_2305,drtp_sg,2303,21,10501,11000,2.816,approx_kl,0.0012555336845219542
formal_2301_2305,drtp_sg,2303,21,10501,11000,2.816,policy_loss,-0.0022248972074000142
formal_2301_2305,drtp_sg,2303,21,10501,11000,2.816,value_loss,0.7976601521633565
formal_2301_2305,drtp_sg,2303,21,10501,11000,2.816,grad_norm,4.927365654468536
formal_2301_2305,drtp_sg,2303,22,11001,11500,2.944,train_avg_reward,0.2031674140691757
formal_2301_2305,drtp_sg,2303,22,11001,11500,2.944,entropy,2.0707288472652436
formal_2301_2305,drtp_sg,2303,22,11001,11500,2.944,approx_kl,0.001109537997722024
formal_2301_2305,drtp_sg,2303,22,11001,11500,2.944,policy_loss,-0.0020426329695262457
formal_2301_2305,drtp_sg,2303,22,11001,11500,2.944,value_loss,0.8436108652129769
formal_2301_2305,drtp_sg,2303,22,11001,11500,2.944,grad_norm,5.283600483953953
formal_2301_2305,drtp_sg,2303,23,11501,12000,3.072,train_avg_reward,0.20358167762309312
formal_2301_2305,drtp_sg,2303,23,11501,12000,3.072,entropy,2.168660114169121
formal_2301_2305,drtp_sg,2303,23,11501,12000,3.072,approx_kl,0.001212981660678451
formal_2301_2305,drtp_sg,2303,23,11501,12000,3.072,policy_loss,-0.002107577304473792
formal_2301_2305,drtp_sg,2303,23,11501,12000,3.072,value_loss,0.852209430936724
formal_2301_2305,drtp_sg,2303,23,11501,12000,3.072,grad_norm,4.9356087718606
formal_2301_2305,drtp_sg,2303,24,12001,12500,3.2,train_avg_reward,0.23389747941493988
formal_2301_2305,drtp_sg,2303,24,12001,12500,3.2,entropy,1.910347982764244
formal_2301_2305,drtp_sg,2303,24,12001,12500,3.2,approx_kl,0.0015120057726656635
formal_2301_2305,drtp_sg,2303,24,12001,12500,3.2,policy_loss,-0.0024732489212320402
formal_2301_2305,drtp_sg,2303,24,12001,12500,3.2,value_loss,0.39121431691572073
formal_2301_2305,drtp_sg,2303,24,12001,12500,3.2,grad_norm,3.3504109139293434
formal_2301_2305,drtp_sg,2303,25,12501,13000,3.328,train_avg_reward,0.23291205321252345
formal_2301_2305,drtp_sg,2303,25,12501,13000,3.328,entropy,1.9613642731904983
formal_2301_2305,drtp_sg,2303,25,12501,13000,3.328,approx_kl,0.001250277301323875
formal_2301_2305,drtp_sg,2303,25,12501,13000,3.328,policy_loss,-0.002066877528556084
formal_2301_2305,drtp_sg,2303,25,12501,13000,3.328,value_loss,0.4942968401759863
formal_2301_2305,drtp_sg,2303,25,12501,13000,3.328,grad_norm,4.306622665137053
formal_2301_2305,drtp_sg,2303,26,13001,13500,3.456,train_avg_reward,0.24331929670274258
formal_2301_2305,drtp_sg,2303,26,13001,13500,3.456,entropy,1.9154565955996514
formal_2301_2305,drtp_sg,2303,26,13001,13500,3.456,approx_kl,0.0013886888341604982
formal_2301_2305,drtp_sg,2303,26,13001,13500,3.456,policy_loss,-0.0022859196963654887
formal_2301_2305,drtp_sg,2303,26,13001,13500,3.456,value_loss,0.38228629545867443
formal_2301_2305,drtp_sg,2303,26,13001,13500,3.456,grad_norm,4.036089950934053
formal_2301_2305,drtp_sg,2303,27,13501,14000,3.584,train_avg_reward,0.21939723184704782
formal_2301_2305,drtp_sg,2303,27,13501,14000,3.584,entropy,1.9036148945689202
formal_2301_2305,drtp_sg,2303,27,13501,14000,3.584,approx_kl,0.0014661095772704948
formal_2301_2305,drtp_sg,2303,27,13501,14000,3.584,policy_loss,-0.002359018806205916
formal_2301_2305,drtp_sg,2303,27,13501,14000,3.584,value_loss,0.6981796213388443
formal_2301_2305,drtp_sg,2303,27,13501,14000,3.584,grad_norm,4.5526069401949645
formal_2301_2305,drtp_sg,2303,28,14001,14500,3.712,train_avg_reward,0.13899648969992995
formal_2301_2305,drtp_sg,2303,28,14001,14500,3.712,entropy,1.9255507417917253
formal_2301_2305,drtp_sg,2303,28,14001,14500,3.712,approx_kl,0.0023796438060341325
formal_2301_2305,drtp_sg,2303,28,14001,14500,3.712,policy_loss,-0.0029909100588900723
formal_2301_2305,drtp_sg,2303,28,14001,14500,3.712,value_loss,0.4836484288461506
formal_2301_2305,drtp_sg,2303,28,14001,14500,3.712,grad_norm,2.747415906533599
formal_2301_2305,drtp_sg,2303,29,14501,15000,3.84,train_avg_reward,0.07586276275580167
formal_2301_2305,drtp_sg,2303,29,14501,15000,3.84,entropy,1.939106668829918
formal_2301_2305,drtp_sg,2303,29,14501,15000,3.84,approx_kl,0.0019094230578205788
formal_2301_2305,drtp_sg,2303,29,14501,15000,3.84,policy_loss,-0.0027063314870306625
formal_2301_2305,drtp_sg,2303,29,14501,15000,3.84,value_loss,0.38611065803468225
formal_2301_2305,drtp_sg,2303,29,14501,15000,3.84,grad_norm,1.7770690014362336
formal_2301_2305,drtp_sg,2303,30,15001,15500,3.968,train_avg_reward,0.22486229665577412
formal_2301_2305,drtp_sg,2303,30,15001,15500,3.968,entropy,2.020703191399574
formal_2301_2305,drtp_sg,2303,30,15001,15500,3.968,approx_kl,0.0008752326674806065
formal_2301_2305,drtp_sg,2303,30,15001,15500,3.968,policy_loss,-0.0016641076270347778
formal_2301_2305,drtp_sg,2303,30,15001,15500,3.968,value_loss,1.6431401512622834
formal_2301_2305,drtp_sg,2303,30,15001,15500,3.968,grad_norm,5.675884428054094
formal_2301_2305,drtp_sg,2303,31,15501,16000,4.096,train_avg_reward,0.2261022888571024
formal_2301_2305,drtp_sg,2303,31,15501,16000,4.096,entropy,2.051852764368057
formal_2301_2305,drtp_sg,2303,31,15501,16000,4.096,approx_kl,0.001514453116988685
formal_2301_2305,drtp_sg,2303,31,15501,16000,4.096,policy_loss,-0.002375630791626134
formal_2301_2305,drtp_sg,2303,31,15501,16000,4.096,value_loss,1.7015733588337898
formal_2301_2305,drtp_sg,2303,31,15501,16000,4.096,grad_norm,6.421941748738289
formal_2301_2305,drtp_sg,2303,32,16001,16500,4.224,train_avg_reward,0.21052430398389696
formal_2301_2305,drtp_sg,2303,32,16001,16500,4.224,entropy,1.941889772117138
formal_2301_2305,drtp_sg,2303,32,16001,16500,4.224,approx_kl,0.0019213024652253797
formal_2301_2305,drtp_sg,2303,32,16001,16500,4.224,policy_loss,-0.0025551538792425873
formal_2301_2305,drtp_sg,2303,32,16001,16500,4.224,value_loss,1.6199315358623863
formal_2301_2305,drtp_sg,2303,32,16001,16500,4.224,grad_norm,6.399154894590378
formal_2301_2305,drtp_sg,2303,33,16501,17000,4.352,train_avg_reward,0.22057769632339477
formal_2301_2305,drtp_sg,2303,33,16501,17000,4.352,entropy,1.932314185321331
formal_2301_2305,drtp_sg,2303,33,16501,17000,4.352,approx_kl,0.0018551258422297289
formal_2301_2305,drtp_sg,2303,33,16501,17000,4.352,policy_loss,-0.002874628807436986
formal_2301_2305,drtp_sg,2303,33,16501,17000,4.352,value_loss,1.3151282047852875
formal_2301_2305,drtp_sg,2303,33,16501,17000,4.352,grad_norm,5.698110944956541
formal_2301_2305,drtp_sg,2303,34,17001,17500,4.48,train_avg_reward,0.21489860104769468
formal_2301_2305,drtp_sg,2303,34,17001,17500,4.48,entropy,1.8002156189680099
formal_2301_2305,drtp_sg,2303,34,17001,17500,4.48,approx_kl,0.0015641558429336626
formal_2301_2305,drtp_sg,2303,34,17001,17500,4.48,policy_loss,-0.0025834988707746044
formal_2301_2305,drtp_sg,2303,34,17001,17500,4.48,value_loss,1.4997206588722765
formal_2301_2305,drtp_sg,2303,34,17001,17500,4.48,grad_norm,6.019265217959881
formal_2301_2305,drtp_sg,2303,35,17501,18000,4.608,train_avg_reward,0.24314129500091075
formal_2301_2305,drtp_sg,2303,35,17501,18000,4.608,entropy,1.7260702150464058
formal_2301_2305,drtp_sg,2303,35,17501,18000,4.608,approx_kl,0.0017723274980835403
formal_2301_2305,drtp_sg,2303,35,17501,18000,4.608,policy_loss,-0.0028079546717794026
formal_2301_2305,drtp_sg,2303,35,17501,18000,4.608,value_loss,0.9016786634624004
formal_2301_2305,drtp_sg,2303,35,17501,18000,4.608,grad_norm,4.496978369057178
formal_2301_2305,drtp_sg,2303,36,18001,18500,4.736,train_avg_reward,0.25185451082885263
formal_2301_2305,drtp_sg,2303,36,18001,18500,4.736,entropy,1.6334913191199303
formal_2301_2305,drtp_sg,2303,36,18001,18500,4.736,approx_kl,0.0015167687042448952
formal_2301_2305,drtp_sg,2303,36,18001,18500,4.736,policy_loss,-0.0024636084633974115
formal_2301_2305,drtp_sg,2303,36,18001,18500,4.736,value_loss,0.9178552716840058
formal_2301_2305,drtp_sg,2303,36,18001,18500,4.736,grad_norm,6.1128159513473515
formal_2301_2305,drtp_sg,2303,37,18501,19000,4.864,train_avg_reward,0.2607053473293781
formal_2301_2305,drtp_sg,2303,37,18501,19000,4.864,entropy,1.6265775628685952
formal_2301_2305,drtp_sg,2303,37,18501,19000,4.864,approx_kl,0.0014971469923760485
formal_2301_2305,drtp_sg,2303,37,18501,19000,4.864,policy_loss,-0.0024994798624358465
formal_2301_2305,drtp_sg,2303,37,18501,19000,4.864,value_loss,0.8381100604515522
formal_2301_2305,drtp_sg,2303,37,18501,19000,4.864,grad_norm,5.629764433413744
formal_2301_2305,drtp_sg,2303,38,19001,19500,4.992,train_avg_reward,0.27655400744080544
formal_2301_2305,drtp_sg,2303,38,19001,19500,4.992,entropy,1.5945050973892212
formal_2301_2305,drtp_sg,2303,38,19001,19500,4.992,approx_kl,0.0014969413961343878
formal_2301_2305,drtp_sg,2303,38,19001,19500,4.992,policy_loss,-0.002418211540714527
formal_2301_2305,drtp_sg,2303,38,19001,19500,4.992,value_loss,0.6384852075725794
formal_2301_2305,drtp_sg,2303,38,19001,19500,4.992,grad_norm,5.420803198337555
formal_2301_2305,drtp_sg,2303,39,19501,20000,5.12,train_avg_reward,0.2695933938920498
formal_2301_2305,drtp_sg,2303,39,19501,20000,5.12,entropy,1.6113177205324174
formal_2301_2305,drtp_sg,2303,39,19501,20000,5.12,approx_kl,0.0012999371968799084
formal_2301_2305,drtp_sg,2303,39,19501,20000,5.12,policy_loss,-0.0023249768531870066
formal_2301_2305,drtp_sg,2303,39,19501,20000,5.12,value_loss,0.8413777917400003
formal_2301_2305,drtp_sg,2303,39,19501,20000,5.12,grad_norm,7.060949227035046
formal_2301_2305,drtp_sg,2303,40,20001,20500,5.248,train_avg_reward,0.25046119339764117
formal_2301_2305,drtp_sg,2303,40,20001,20500,5.248,entropy,1.7421957410573958
formal_2301_2305,drtp_sg,2303,40,20001,20500,5.248,approx_kl,0.0019725297243846076
formal_2301_2305,drtp_sg,2303,40,20001,20500,5.248,policy_loss,-0.0028569333546732646
formal_2301_2305,drtp_sg,2303,40,20001,20500,5.248,value_loss,1.0311430858299135
formal_2301_2305,drtp_sg,2303,40,20001,20500,5.248,grad_norm,5.497203156888485
formal_2301_2305,drtp_sg,2303,41,20501,21000,5.376,train_avg_reward,0.26952823129296305
formal_2301_2305,drtp_sg,2303,41,20501,21000,5.376,entropy,1.4912327917814254
formal_2301_2305,drtp_sg,2303,41,20501,21000,5.376,approx_kl,0.0016997123731387067
formal_2301_2305,drtp_sg,2303,41,20501,21000,5.376,policy_loss,-0.0025441780977464587
formal_2301_2305,drtp_sg,2303,41,20501,21000,5.376,value_loss,0.8723848274759948
formal_2301_2305,drtp_sg,2303,41,20501,21000,5.376,grad_norm,5.754437280982732
formal_2301_2305,drtp_sg,2303,42,21001,21500,5.504,train_avg_reward,0.25567909897863866
formal_2301_2305,drtp_sg,2303,42,21001,21500,5.504,entropy,1.5533736281394959
formal_2301_2305,drtp_sg,2303,42,21001,21500,5.504,approx_kl,0.0018755009727416691
formal_2301_2305,drtp_sg,2303,42,21001,21500,5.504,policy_loss,-0.002721459725165306
formal_2301_2305,drtp_sg,2303,42,21001,21500,5.504,value_loss,0.8539172439798712
formal_2301_2305,drtp_sg,2303,42,21001,21500,5.504,grad_norm,5.828623978674412
formal_2301_2305,drtp_sg,2303,43,21501,22000,5.632,train_avg_reward,0.2581122655123472
formal_2301_2305,drtp_sg,2303,43,21501,22000,5.632,entropy,1.5625786214470863
formal_2301_2305,drtp_sg,2303,43,21501,22000,5.632,approx_kl,0.0014933943492433154
formal_2301_2305,drtp_sg,2303,43,21501,22000,5.632,policy_loss,-0.0026040471971802005
formal_2301_2305,drtp_sg,2303,43,21501,22000,5.632,value_loss,0.7476770014818758
formal_2301_2305,drtp_sg,2303,43,21501,22000,5.632,grad_norm,4.887794804692269
formal_2301_2305,drtp_sg,2303,44,22001,22500,5.76,train_avg_reward,0.24553643189370633
formal_2301_2305,drtp_sg,2303,44,22001,22500,5.76,entropy,1.5011565049886704
formal_2301_2305,drtp_sg,2303,44,22001,22500,5.76,approx_kl,0.0015538614275756102
formal_2301_2305,drtp_sg,2303,44,22001,22500,5.76,policy_loss,-0.0023385027938852354
formal_2301_2305,drtp_sg,2303,44,22001,22500,5.76,value_loss,0.9061546812281013
formal_2301_2305,drtp_sg,2303,44,22001,22500,5.76,grad_norm,6.4895203454196455
formal_2301_2305,drtp_sg,2303,45,22501,23000,5.888,train_avg_reward,0.2677592473179102
formal_2301_2305,drtp_sg,2303,45,22501,23000,5.888,entropy,1.6419881024360656
formal_2301_2305,drtp_sg,2303,45,22501,23000,5.888,approx_kl,0.0017517733013786084
formal_2301_2305,drtp_sg,2303,45,22501,23000,5.888,policy_loss,-0.0026496801128807227
formal_2301_2305,drtp_sg,2303,45,22501,23000,5.888,value_loss,0.5697300280537456
formal_2301_2305,drtp_sg,2303,45,22501,23000,5.888,grad_norm,4.616905257761479
formal_2301_2305,drtp_sg,2303,46,23001,23500,6.016,train_avg_reward,0.26833943447470665
formal_2301_2305,drtp_sg,2303,46,23001,23500,6.016,entropy,1.6592639148831367
formal_2301_2305,drtp_sg,2303,46,23001,23500,6.016,approx_kl,0.0013416055792325372
formal_2301_2305,drtp_sg,2303,46,23001,23500,6.016,policy_loss,-0.0022476283329606623
formal_2301_2305,drtp_sg,2303,46,23001,23500,6.016,value_loss,0.768969420870766
formal_2301_2305,drtp_sg,2303,46,23001,23500,6.016,grad_norm,6.497702376037836
formal_2301_2305,drtp_sg,2303,47,23501,24000,6.144,train_avg_reward,0.2631668771207333
formal_2301_2305,drtp_sg,2303,47,23501,24000,6.144,entropy,1.5901821151971818
formal_2301_2305,drtp_sg,2303,47,23501,24000,6.144,approx_kl,0.001493422956426
formal_2301_2305,drtp_sg,2303,47,23501,24000,6.144,policy_loss,-0.0022855731035715397
formal_2301_2305,drtp_sg,2303,47,23501,24000,6.144,value_loss,0.7957439583339728
formal_2301_2305,drtp_sg,2303,47,23501,24000,6.144,grad_norm,7.29490845349431
formal_2301_2305,drtp_sg,2303,48,24001,24500,6.272,train_avg_reward,0.27239657094329595
formal_2301_2305,drtp_sg,2303,48,24001,24500,6.272,entropy,1.5754723932743073
formal_2301_2305,drtp_sg,2303,48,24001,24500,6.272,approx_kl,0.0013174522886135159
formal_2301_2305,drtp_sg,2303,48,24001,24500,6.272,policy_loss,-0.0020315294435957402
formal_2301_2305,drtp_sg,2303,48,24001,24500,6.272,value_loss,0.9611504432484508
formal_2301_2305,drtp_sg,2303,48,24001,24500,6.272,grad_norm,7.916114193081856
formal_2301_2305,drtp_sg,2303,49,24501,25000,6.4,train_avg_reward,0.23752429570257663
formal_2301_2305,drtp_sg,2303,49,24501,25000,6.4,entropy,1.671806123316288
formal_2301_2305,drtp_sg,2303,49,24501,25000,6.4,approx_kl,0.0015225872733176376
formal_2301_2305,drtp_sg,2303,49,24501,25000,6.4,policy_loss,-0.0023041891392494504
formal_2301_2305,drtp_sg,2303,49,24501,25000,6.4,value_loss,1.4282223586756737
formal_2301_2305,drtp_sg,2303,49,24501,25000,6.4,grad_norm,8.09319995173812
formal_2301_2305,drtp_sg,2303,50,25001,25500,6.528,train_avg_reward,0.2582636218369007
formal_2301_2305,drtp_sg,2303,50,25001,25500,6.528,entropy,1.6143057076334952
formal_2301_2305,drtp_sg,2303,50,25001,25500,6.528,approx_kl,0.0015765628504774796
formal_2301_2305,drtp_sg,2303,50,25001,25500,6.528,policy_loss,-0.0023791815914102604
formal_2301_2305,drtp_sg,2303,50,25001,25500,6.528,value_loss,1.1027096700929104
formal_2301_2305,drtp_sg,2303,50,25001,25500,6.528,grad_norm,7.286715101122856
formal_2301_2305,drtp_sg,2303,51,25501,26000,6.656,train_avg_reward,0.2835701276361942
formal_2301_2305,drtp_sg,2303,51,25501,26000,6.656,entropy,1.6547055622339248
formal_2301_2305,drtp_sg,2303,51,25501,26000,6.656,approx_kl,0.0015073930687364403
formal_2301_2305,drtp_sg,2303,51,25501,26000,6.656,policy_loss,-0.0024744220001552955
formal_2301_2305,drtp_sg,2303,51,25501,26000,6.656,value_loss,0.9277644058763981
formal_2301_2305,drtp_sg,2303,51,25501,26000,6.656,grad_norm,7.563777583777904
formal_2301_2305,drtp_sg,2303,52,26001,26500,6.784,train_avg_reward,0.29498278960585594
formal_2301_2305,drtp_sg,2303,52,26001,26500,6.784,entropy,1.5647683684229852
formal_2301_2305,drtp_sg,2303,52,26001,26500,6.784,approx_kl,0.0012709790247208697
formal_2301_2305,drtp_sg,2303,52,26001,26500,6.784,policy_loss,-0.00227349991228857
formal_2301_2305,drtp_sg,2303,52,26001,26500,6.784,value_loss,0.812580307174474
formal_2301_2305,drtp_sg,2303,52,26001,26500,6.784,grad_norm,7.801484492748976
formal_2301_2305,drtp_sg,2303,53,26501,27000,6.912,train_avg_reward,0.27708057045936585
formal_2301_2305,drtp_sg,2303,53,26501,27000,6.912,entropy,1.5599031962156296
formal_2301_2305,drtp_sg,2303,53,26501,27000,6.912,approx_kl,0.0013316759317422075
formal_2301_2305,drtp_sg,2303,53,26501,27000,6.912,policy_loss,-0.0022796367136044627
formal_2301_2305,drtp_sg,2303,53,26501,27000,6.912,value_loss,0.8910866043791175
formal_2301_2305,drtp_sg,2303,53,26501,27000,6.912,grad_norm,8.971910452753306
formal_2301_2305,drtp_sg,2303,54,27001,27500,7.04,train_avg_reward,0.2854411748498678
formal_2301_2305,drtp_sg,2303,54,27001,27500,7.04,entropy,1.4919063658118248
formal_2301_2305,drtp_sg,2303,54,27001,27500,7.04,approx_kl,0.0013846106027928383
formal_2301_2305,drtp_sg,2303,54,27001,27500,7.04,policy_loss,-0.0021972619513116356
formal_2301_2305,drtp_sg,2303,54,27001,27500,7.04,value_loss,0.8917553942762315
formal_2301_2305,drtp_sg,2303,54,27001,27500,7.04,grad_norm,8.310518922150136
formal_2301_2305,drtp_sg,2303,55,27501,28000,7.168,train_avg_reward,0.298518767118454
formal_2301_2305,drtp_sg,2303,55,27501,28000,7.168,entropy,1.4242574746608734
formal_2301_2305,drtp_sg,2303,55,27501,28000,7.168,approx_kl,0.0014311113760207522
formal_2301_2305,drtp_sg,2303,55,27501,28000,7.168,policy_loss,-0.0022437188015973805
formal_2301_2305,drtp_sg,2303,55,27501,28000,7.168,value_loss,0.7842213999480009
formal_2301_2305,drtp_sg,2303,55,27501,28000,7.168,grad_norm,8.79925747206807
formal_2301_2305,drtp_sg,2303,56,28001,28500,7.296,train_avg_reward,0.2691027131080627
formal_2301_2305,drtp_sg,2303,56,28001,28500,7.296,entropy,1.4875838210582732
formal_2301_2305,drtp_sg,2303,56,28001,28500,7.296,approx_kl,0.0015392602985921217
formal_2301_2305,drtp_sg,2303,56,28001,28500,7.296,policy_loss,-0.0023929691840587895
formal_2301_2305,drtp_sg,2303,56,28001,28500,7.296,value_loss,0.8290178563538939
formal_2301_2305,drtp_sg,2303,56,28001,28500,7.296,grad_norm,8.361200510650873
formal_2301_2305,drtp_sg,2303,57,28501,29000,7.424,train_avg_reward,0.299742498010397
formal_2301_2305,drtp_sg,2303,57,28501,29000,7.424,entropy,1.5344338415265084
formal_2301_2305,drtp_sg,2303,57,28501,29000,7.424,approx_kl,0.0014092880655167967
formal_2301_2305,drtp_sg,2303,57,28501,29000,7.424,policy_loss,-0.0022017291507565495
formal_2301_2305,drtp_sg,2303,57,28501,29000,7.424,value_loss,0.7851551848351955
formal_2301_2305,drtp_sg,2303,57,28501,29000,7.424,grad_norm,9.107467277526855
formal_2301_2305,drtp_sg,2303,58,29001,29500,7.552,train_avg_reward,0.30228293961286545
formal_2301_2305,drtp_sg,2303,58,29001,29500,7.552,entropy,1.4621349524259568
formal_2301_2305,drtp_sg,2303,58,29001,29500,7.552,approx_kl,0.0012992469280728339
formal_2301_2305,drtp_sg,2303,58,29001,29500,7.552,policy_loss,-0.0021299897415458413
formal_2301_2305,drtp_sg,2303,58,29001,29500,7.552,value_loss,0.6985628917887807
formal_2301_2305,drtp_sg,2303,58,29001,29500,7.552,grad_norm,9.569107785582542
formal_2301_2305,drtp_sg,2303,59,29501,30000,7.68,train_avg_reward,0.2888191395252943
formal_2301_2305,drtp_sg,2303,59,29501,30000,7.68,entropy,1.4943595575094224
formal_2301_2305,drtp_sg,2303,59,29501,30000,7.68,approx_kl,0.0015766276879642914
formal_2301_2305,drtp_sg,2303,59,29501,30000,7.68,policy_loss,-0.00238628381947636
formal_2301_2305,drtp_sg,2303,59,29501,30000,7.68,value_loss,0.7263566389009356
formal_2301_2305,drtp_sg,2303,59,29501,30000,7.68,grad_norm,8.273580571711063
formal_2301_2305,drtp_sg,2303,60,30001,30500,7.808,train_avg_reward,0.27915599551796916
formal_2301_2305,drtp_sg,2303,60,30001,30500,7.808,entropy,1.3977955028414726
formal_2301_2305,drtp_sg,2303,60,30001,30500,7.808,approx_kl,0.0011723361530096821
formal_2301_2305,drtp_sg,2303,60,30001,30500,7.808,policy_loss,-0.0022097304288845247
formal_2301_2305,drtp_sg,2303,60,30001,30500,7.808,value_loss,0.8823877774477005
formal_2301_2305,drtp_sg,2303,60,30001,30500,7.808,grad_norm,8.365957014918328
formal_2301_2305,drtp_sg,2303,61,30501,31000,7.936,train_avg_reward,0.2879630837142467
formal_2301_2305,drtp_sg,2303,61,30501,31000,7.936,entropy,1.5653771997094155
formal_2301_2305,drtp_sg,2303,61,30501,31000,7.936,approx_kl,0.001884726700704047
formal_2301_2305,drtp_sg,2303,61,30501,31000,7.936,policy_loss,-0.0029191689838955013
formal_2301_2305,drtp_sg,2303,61,30501,31000,7.936,value_loss,0.6642113141734153
formal_2301_2305,drtp_sg,2303,61,30501,31000,7.936,grad_norm,7.106778403878212
formal_2301_2305,drtp_sg,2303,62,31001,31500,8.064,train_avg_reward,0.290672990962863
formal_2301_2305,drtp_sg,2303,62,31001,31500,8.064,entropy,1.484934460222721
formal_2301_2305,drtp_sg,2303,62,31001,31500,8.064,approx_kl,0.0012934143512878373
formal_2301_2305,drtp_sg,2303,62,31001,31500,8.064,policy_loss,-0.002306034710420284
formal_2301_2305,drtp_sg,2303,62,31001,31500,8.064,value_loss,0.7854486249070615
formal_2301_2305,drtp_sg,2303,62,31001,31500,8.064,grad_norm,8.947666604757309
formal_2301_2305,drtp_sg,2303,63,31501,32000,8.192,train_avg_reward,0.26698438413441183
formal_2301_2305,drtp_sg,2303,63,31501,32000,8.192,entropy,1.505253335416317
formal_2301_2305,drtp_sg,2303,63,31501,32000,8.192,approx_kl,0.001234319321123617
formal_2301_2305,drtp_sg,2303,63,31501,32000,8.192,policy_loss,-0.0022966347573298027
formal_2301_2305,drtp_sg,2303,63,31501,32000,8.192,value_loss,0.9848204966522753
formal_2301_2305,drtp_sg,2303,63,31501,32000,8.192,grad_norm,7.812638947248459
formal_2301_2305,drtp_sg,2303,64,32001,32500,8.32,train_avg_reward,0.28633226446807386
formal_2301_2305,drtp_sg,2303,64,32001,32500,8.32,entropy,1.4090538988113404
formal_2301_2305,drtp_sg,2303,64,32001,32500,8.32,approx_kl,0.0014443124709326441
formal_2301_2305,drtp_sg,2303,64,32001,32500,8.32,policy_loss,-0.002350971833704217
formal_2301_2305,drtp_sg,2303,64,32001,32500,8.32,value_loss,0.7371444855239242
formal_2301_2305,drtp_sg,2303,64,32001,32500,8.32,grad_norm,7.4729129938781265
formal_2301_2305,drtp_sg,2303,65,32501,33000,8.448,train_avg_reward,0.25993531341850756
formal_2301_2305,drtp_sg,2303,65,32501,33000,8.448,entropy,1.4207557554244996
formal_2301_2305,drtp_sg,2303,65,32501,33000,8.448,approx_kl,0.0014537388899319265
formal_2301_2305,drtp_sg,2303,65,32501,33000,8.448,policy_loss,-0.00253462799559129
formal_2301_2305,drtp_sg,2303,65,32501,33000,8.448,value_loss,1.0254603727217764
formal_2301_2305,drtp_sg,2303,65,32501,33000,8.448,grad_norm,7.361711592376232
formal_2301_2305,drtp_sg,2303,66,33001,33500,8.576,train_avg_reward,0.2534267841875553
formal_2301_2305,drtp_sg,2303,66,33001,33500,8.576,entropy,1.4650586455464363
formal_2301_2305,drtp_sg,2303,66,33001,33500,8.576,approx_kl,0.0015896674282151512
formal_2301_2305,drtp_sg,2303,66,33001,33500,8.576,policy_loss,-0.0025056768565911284
formal_2301_2305,drtp_sg,2303,66,33001,33500,8.576,value_loss,1.1692102003507316
formal_2301_2305,drtp_sg,2303,66,33001,33500,8.576,grad_norm,8.635762811020017
formal_2301_2305,drtp_sg,2303,67,33501,34000,8.704,train_avg_reward,0.2801038044542074
formal_2301_2305,drtp_sg,2303,67,33501,34000,8.704,entropy,1.4081148201227187
formal_2301_2305,drtp_sg,2303,67,33501,34000,8.704,approx_kl,0.0015314343512278913
formal_2301_2305,drtp_sg,2303,67,33501,34000,8.704,policy_loss,-0.00249036039920566
formal_2301_2305,drtp_sg,2303,67,33501,34000,8.704,value_loss,0.8626713944375515
formal_2301_2305,drtp_sg,2303,67,33501,34000,8.704,grad_norm,7.181123625457287
formal_2301_2305,drtp_sg,2303,68,34001,34500,8.832,train_avg_reward,0.2821108701825142
formal_2301_2305,drtp_sg,2303,68,34001,34500,8.832,entropy,1.48691741168499
formal_2301_2305,drtp_sg,2303,68,34001,34500,8.832,approx_kl,0.001423282948681537
formal_2301_2305,drtp_sg,2303,68,34001,34500,8.832,policy_loss,-0.002500837429355217
formal_2301_2305,drtp_sg,2303,68,34001,34500,8.832,value_loss,0.921322351647541
formal_2301_2305,drtp_sg,2303,68,34001,34500,8.832,grad_norm,8.29099689617753
formal_2301_2305,drtp_sg,2303,69,34501,35000,8.96,train_avg_reward,0.28490260687470437
formal_2301_2305,drtp_sg,2303,69,34501,35000,8.96,entropy,1.5435083099603653
formal_2301_2305,drtp_sg,2303,69,34501,35000,8.96,approx_kl,0.0014465347521833442
formal_2301_2305,drtp_sg,2303,69,34501,35000,8.96,policy_loss,-0.0024645178019142644
formal_2301_2305,drtp_sg,2303,69,34501,35000,8.96,value_loss,1.0486674754954874
formal_2301_2305,drtp_sg,2303,69,34501,35000,8.96,grad_norm,8.034982295155526
formal_2301_2305,drtp_sg,2303,70,35001,35500,9.088,train_avg_reward,0.29579993470013144
formal_2301_2305,drtp_sg,2303,70,35001,35500,9.088,entropy,1.5053001503944397
formal_2301_2305,drtp_sg,2303,70,35001,35500,9.088,approx_kl,0.0017103727957200998
formal_2301_2305,drtp_sg,2303,70,35001,35500,9.088,policy_loss,-0.002656860382551641
formal_2301_2305,drtp_sg,2303,70,35001,35500,9.088,value_loss,0.7065611463114619
formal_2301_2305,drtp_sg,2303,70,35001,35500,9.088,grad_norm,7.895709196865559
formal_2301_2305,drtp_sg,2303,71,35501,36000,9.216,train_avg_reward,0.2647521192133427
formal_2301_2305,drtp_sg,2303,71,35501,36000,9.216,entropy,1.5335653111338616
formal_2301_2305,drtp_sg,2303,71,35501,36000,9.216,approx_kl,0.0015463477502289566
formal_2301_2305,drtp_sg,2303,71,35501,36000,9.216,policy_loss,-0.0025926093557734403
formal_2301_2305,drtp_sg,2303,71,35501,36000,9.216,value_loss,1.2615620790980757
formal_2301_2305,drtp_sg,2303,71,35501,36000,9.216,grad_norm,7.343698047548532
formal_2301_2305,drtp_sg,2303,72,36001,36500,9.344,train_avg_reward,0.27131768594682215
formal_2301_2305,drtp_sg,2303,72,36001,36500,9.344,entropy,1.5569679859280585
formal_2301_2305,drtp_sg,2303,72,36001,36500,9.344,approx_kl,0.0015773491098925617
formal_2301_2305,drtp_sg,2303,72,36001,36500,9.344,policy_loss,-0.0026372067568347698
formal_2301_2305,drtp_sg,2303,72,36001,36500,9.344,value_loss,1.0549184446632862
formal_2301_2305,drtp_sg,2303,72,36001,36500,9.344,grad_norm,6.732661820918322
formal_2301_2305,drtp_sg,2303,73,36501,37000,9.472,train_avg_reward,0.28580802008509637
formal_2301_2305,drtp_sg,2303,73,36501,37000,9.472,entropy,1.484058554291725
formal_2301_2305,drtp_sg,2303,73,36501,37000,9.472,approx_kl,0.0014439685462636226
formal_2301_2305,drtp_sg,2303,73,36501,37000,9.472,policy_loss,-0.0025621929059828933
formal_2301_2305,drtp_sg,2303,73,36501,37000,9.472,value_loss,0.9809516195226461
formal_2301_2305,drtp_sg,2303,73,36501,37000,9.472,grad_norm,8.9244974488616
formal_2301_2305,drtp_sg,2303,74,37001,37500,9.6,train_avg_reward,0.28935366351902486
formal_2301_2305,drtp_sg,2303,74,37001,37500,9.6,entropy,1.4356781886816026
formal_2301_2305,drtp_sg,2303,74,37001,37500,9.6,approx_kl,0.0013892218941806828
formal_2301_2305,drtp_sg,2303,74,37001,37500,9.6,policy_loss,-0.0025669680257642646
formal_2301_2305,drtp_sg,2303,74,37001,37500,9.6,value_loss,0.9058569619692862
formal_2301_2305,drtp_sg,2303,74,37001,37500,9.6,grad_norm,9.263087252855302
formal_2301_2305,drtp_sg,2303,75,37501,38000,9.728,train_avg_reward,0.29576739752292636
formal_2301_2305,drtp_sg,2303,75,37501,38000,9.728,entropy,1.362834931433201
formal_2301_2305,drtp_sg,2303,75,37501,38000,9.728,approx_kl,0.001202511731233238
formal_2301_2305,drtp_sg,2303,75,37501,38000,9.728,policy_loss,-0.0023387832494331704
formal_2301_2305,drtp_sg,2303,75,37501,38000,9.728,value_loss,0.7536977732256055
formal_2301_2305,drtp_sg,2303,75,37501,38000,9.728,grad_norm,9.872385691702366
formal_2301_2305,drtp_sg,2303,76,38001,38500,9.856,train_avg_reward,0.3059125979542732
formal_2301_2305,drtp_sg,2303,76,38001,38500,9.856,entropy,1.3903205936551095
formal_2301_2305,drtp_sg,2303,76,38001,38500,9.856,approx_kl,0.001529145798686532
formal_2301_2305,drtp_sg,2303,76,38001,38500,9.856,policy_loss,-0.0026170225664341076
formal_2301_2305,drtp_sg,2303,76,38001,38500,9.856,value_loss,0.700775690196082
formal_2301_2305,drtp_sg,2303,76,38001,38500,9.856,grad_norm,8.117676329076291
formal_2301_2305,drtp_sg,2303,77,38501,39000,9.984,train_avg_reward,0.30666997426748277
formal_2301_2305,drtp_sg,2303,77,38501,39000,9.984,entropy,1.3447399796843529
formal_2301_2305,drtp_sg,2303,77,38501,39000,9.984,approx_kl,0.0009960686410228484
formal_2301_2305,drtp_sg,2303,77,38501,39000,9.984,policy_loss,-0.002191220433390711
formal_2301_2305,drtp_sg,2303,77,38501,39000,9.984,value_loss,0.7392008668854833
formal_2301_2305,drtp_sg,2303,77,38501,39000,9.984,grad_norm,9.888703624218703
formal_2301_2305,drtp_sg,2303,78,39001,39500,10.112,train_avg_reward,0.29285525447792476
formal_2301_2305,drtp_sg,2303,78,39001,39500,10.112,entropy,1.4105939992836543
formal_2301_2305,drtp_sg,2303,78,39001,39500,10.112,approx_kl,0.0015270526109046284
formal_2301_2305,drtp_sg,2303,78,39001,39500,10.112,policy_loss,-0.0033771747098904474
formal_2301_2305,drtp_sg,2303,78,39001,39500,10.112,value_loss,0.45525886417026556
formal_2301_2305,drtp_sg,2303,78,39001,39500,10.112,grad_norm,6.441295517815484
formal_2301_2305,drtp_sg,2304,0,1,500,0.128,train_avg_reward,-0.0216296704330598
formal_2301_2305,drtp_sg,2304,0,1,500,0.128,entropy,2.793311833202839
formal_2301_2305,drtp_sg,2304,0,1,500,0.128,approx_kl,0.0009705296892443585
formal_2301_2305,drtp_sg,2304,0,1,500,0.128,policy_loss,-0.002010583159630969
formal_2301_2305,drtp_sg,2304,0,1,500,0.128,value_loss,0.5987410446978174
formal_2301_2305,drtp_sg,2304,0,1,500,0.128,grad_norm,1.6773442876636981
formal_2301_2305,drtp_sg,2304,1,501,1000,0.256,train_avg_reward,0.06015269665624146
formal_2301_2305,drtp_sg,2304,1,501,1000,0.256,entropy,2.582065204620361
formal_2301_2305,drtp_sg,2304,1,501,1000,0.256,approx_kl,0.0010759301158185129
formal_2301_2305,drtp_sg,2304,1,501,1000,0.256,policy_loss,-0.002151441246561409
formal_2301_2305,drtp_sg,2304,1,501,1000,0.256,value_loss,0.35863919005915523
formal_2301_2305,drtp_sg,2304,1,501,1000,0.256,grad_norm,1.3671667573153972
formal_2301_2305,drtp_sg,2304,2,1001,1500,0.384,train_avg_reward,0.08116664074524306
formal_2301_2305,drtp_sg,2304,2,1001,1500,0.384,entropy,2.4114815716147424
formal_2301_2305,drtp_sg,2304,2,1001,1500,0.384,approx_kl,0.000709770619791622
formal_2301_2305,drtp_sg,2304,2,1001,1500,0.384,policy_loss,-0.0016229010499212116
formal_2301_2305,drtp_sg,2304,2,1001,1500,0.384,value_loss,0.5806387996897101
formal_2301_2305,drtp_sg,2304,2,1001,1500,0.384,grad_norm,2.0633223318979144
formal_2301_2305,drtp_sg,2304,3,1501,2000,0.512,train_avg_reward,0.059199754649191166
formal_2301_2305,drtp_sg,2304,3,1501,2000,0.512,entropy,2.5156188161373136
formal_2301_2305,drtp_sg,2304,3,1501,2000,0.512,approx_kl,0.0008622319401700527
formal_2301_2305,drtp_sg,2304,3,1501,2000,0.512,policy_loss,-0.00204262879459263
formal_2301_2305,drtp_sg,2304,3,1501,2000,0.512,value_loss,0.43187633642647416
formal_2301_2305,drtp_sg,2304,3,1501,2000,0.512,grad_norm,1.6386714292764664
formal_2301_2305,drtp_sg,2304,4,2001,2500,0.64,train_avg_reward,0.06681199951113376
formal_2301_2305,drtp_sg,2304,4,2001,2500,0.64,entropy,2.411130376279354
formal_2301_2305,drtp_sg,2304,4,2001,2500,0.64,approx_kl,0.0007897497106802499
formal_2301_2305,drtp_sg,2304,4,2001,2500,0.64,policy_loss,-0.0018527246331011592
formal_2301_2305,drtp_sg,2304,4,2001,2500,0.64,value_loss,0.7480769861545413
formal_2301_2305,drtp_sg,2304,4,2001,2500,0.64,grad_norm,2.1860631340593097
formal_2301_2305,drtp_sg,2304,5,2501,3000,0.768,train_avg_reward,0.10501454266936708
formal_2301_2305,drtp_sg,2304,5,2501,3000,0.768,entropy,2.487541738510132
formal_2301_2305,drtp_sg,2304,5,2501,3000,0.768,approx_kl,0.0007537164498557255
formal_2301_2305,drtp_sg,2304,5,2501,3000,0.768,policy_loss,-0.0016989268959274907
formal_2301_2305,drtp_sg,2304,5,2501,3000,0.768,value_loss,0.8121659075953066
formal_2301_2305,drtp_sg,2304,5,2501,3000,0.768,grad_norm,2.413117548853159
formal_2301_2305,drtp_sg,2304,6,3001,3500,0.896,train_avg_reward,0.11551611016690731
formal_2301_2305,drtp_sg,2304,6,3001,3500,0.896,entropy,2.422473190844059
formal_2301_2305,drtp_sg,2304,6,3001,3500,0.896,approx_kl,0.0009163355862706339
formal_2301_2305,drtp_sg,2304,6,3001,3500,0.896,policy_loss,-0.001973763018637033
formal_2301_2305,drtp_sg,2304,6,3001,3500,0.896,value_loss,0.9575095557477326
formal_2301_2305,drtp_sg,2304,6,3001,3500,0.896,grad_norm,2.8889948629438877
formal_2301_2305,drtp_sg,2304,7,3501,4000,1.024,train_avg_reward,0.13723010851070286
formal_2301_2305,drtp_sg,2304,7,3501,4000,1.024,entropy,2.386183602690697
formal_2301_2305,drtp_sg,2304,7,3501,4000,1.024,approx_kl,0.0010228918783383655
formal_2301_2305,drtp_sg,2304,7,3501,4000,1.024,policy_loss,-0.0020430977394597202
formal_2301_2305,drtp_sg,2304,7,3501,4000,1.024,value_loss,1.227293104512617
formal_2301_2305,drtp_sg,2304,7,3501,4000,1.024,grad_norm,3.4492685672491787
formal_2301_2305,drtp_sg,2304,8,4001,4500,1.152,train_avg_reward,0.1629414130821824
formal_2301_2305,drtp_sg,2304,8,4001,4500,1.152,entropy,2.4693029112815856
formal_2301_2305,drtp_sg,2304,8,4001,4500,1.152,approx_kl,0.0012823818336361605
formal_2301_2305,drtp_sg,2304,8,4001,4500,1.152,policy_loss,-0.0022727519380164518
formal_2301_2305,drtp_sg,2304,8,4001,4500,1.152,value_loss,1.295599550575018
formal_2301_2305,drtp_sg,2304,8,4001,4500,1.152,grad_norm,3.5863934001028537
formal_2301_2305,drtp_sg,2304,9,4501,5000,1.28,train_avg_reward,0.17713315880298613
formal_2301_2305,drtp_sg,2304,9,4501,5000,1.28,entropy,2.3642167981266975
formal_2301_2305,drtp_sg,2304,9,4501,5000,1.28,approx_kl,0.00135780026182753
formal_2301_2305,drtp_sg,2304,9,4501,5000,1.28,policy_loss,-0.0023541092575616435
formal_2301_2305,drtp_sg,2304,9,4501,5000,1.28,value_loss,1.1463831187784672
formal_2301_2305,drtp_sg,2304,9,4501,5000,1.28,grad_norm,3.3940086519420145
formal_2301_2305,drtp_sg,2304,10,5001,5500,1.408,train_avg_reward,0.20473874127864838
formal_2301_2305,drtp_sg,2304,10,5001,5500,1.408,entropy,2.3696091533899306
formal_2301_2305,drtp_sg,2304,10,5001,5500,1.408,approx_kl,0.0012676790495049013
formal_2301_2305,drtp_sg,2304,10,5001,5500,1.408,policy_loss,-0.002274900145027342
formal_2301_2305,drtp_sg,2304,10,5001,5500,1.408,value_loss,1.3035379840135575
formal_2301_2305,drtp_sg,2304,10,5001,5500,1.408,grad_norm,4.1015229980051515
formal_2301_2305,drtp_sg,2304,11,5501,6000,1.536,train_avg_reward,0.20925826267153025
formal_2301_2305,drtp_sg,2304,11,5501,6000,1.536,entropy,2.2411624333262443
formal_2301_2305,drtp_sg,2304,11,5501,6000,1.536,approx_kl,0.0014408468117271694
formal_2301_2305,drtp_sg,2304,11,5501,6000,1.536,policy_loss,-0.002321280757863594
formal_2301_2305,drtp_sg,2304,11,5501,6000,1.536,value_loss,1.297255683094263
formal_2301_2305,drtp_sg,2304,11,5501,6000,1.536,grad_norm,4.487464436948299
formal_2301_2305,drtp_sg,2304,12,6001,6500,1.664,train_avg_reward,0.21828242418169974
formal_2301_2305,drtp_sg,2304,12,6001,6500,1.664,entropy,2.2736399934887888
formal_2301_2305,drtp_sg,2304,12,6001,6500,1.664,approx_kl,0.001357968040517335
formal_2301_2305,drtp_sg,2304,12,6001,6500,1.664,policy_loss,-0.002419363347983697
formal_2301_2305,drtp_sg,2304,12,6001,6500,1.664,value_loss,1.4152910920754076
formal_2301_2305,drtp_sg,2304,12,6001,6500,1.664,grad_norm,4.901154939502478
formal_2301_2305,drtp_sg,2304,13,6501,7000,1.792,train_avg_reward,0.2204539173617959
formal_2301_2305,drtp_sg,2304,13,6501,7000,1.792,entropy,2.239878349781036
formal_2301_2305,drtp_sg,2304,13,6501,7000,1.792,approx_kl,0.00126621381402947
formal_2301_2305,drtp_sg,2304,13,6501,7000,1.792,policy_loss,-0.0023283341738573305
formal_2301_2305,drtp_sg,2304,13,6501,7000,1.792,value_loss,1.4357502541691065
formal_2301_2305,drtp_sg,2304,13,6501,7000,1.792,grad_norm,5.791131793230772
formal_2301_2305,drtp_sg,2304,14,7001,7500,1.92,train_avg_reward,0.21466300048027187
formal_2301_2305,drtp_sg,2304,14,7001,7500,1.92,entropy,2.0887037689089776
formal_2301_2305,drtp_sg,2304,14,7001,7500,1.92,approx_kl,0.0011181408622048061
formal_2301_2305,drtp_sg,2304,14,7001,7500,1.92,policy_loss,-0.002262471735471386
formal_2301_2305,drtp_sg,2304,14,7001,7500,1.92,value_loss,1.5918143129348754
formal_2301_2305,drtp_sg,2304,14,7001,7500,1.92,grad_norm,5.92734309259057
formal_2301_2305,drtp_sg,2304,15,7501,8000,2.048,train_avg_reward,0.23038297064602375
formal_2301_2305,drtp_sg,2304,15,7501,8000,2.048,entropy,2.0603255675435066
formal_2301_2305,drtp_sg,2304,15,7501,8000,2.048,approx_kl,0.0011730645041261596
formal_2301_2305,drtp_sg,2304,15,7501,8000,2.048,policy_loss,-0.0022702389092635685
formal_2301_2305,drtp_sg,2304,15,7501,8000,2.048,value_loss,1.302164075732231
formal_2301_2305,drtp_sg,2304,15,7501,8000,2.048,grad_norm,6.385637177675963
formal_2301_2305,drtp_sg,2304,16,8001,8500,2.176,train_avg_reward,0.2529838633984327
formal_2301_2305,drtp_sg,2304,16,8001,8500,2.176,entropy,2.2043639633655547
formal_2301_2305,drtp_sg,2304,16,8001,8500,2.176,approx_kl,0.0013318670243837307
formal_2301_2305,drtp_sg,2304,16,8001,8500,2.176,policy_loss,-0.002624995946842022
formal_2301_2305,drtp_sg,2304,16,8001,8500,2.176,value_loss,1.0731081062182783
formal_2301_2305,drtp_sg,2304,16,8001,8500,2.176,grad_norm,4.860695515334606
formal_2301_2305,drtp_sg,2304,17,8501,9000,2.304,train_avg_reward,0.2386109654903412
formal_2301_2305,drtp_sg,2304,17,8501,9000,2.304,entropy,2.026496925473213
formal_2301_2305,drtp_sg,2304,17,8501,9000,2.304,approx_kl,0.0009569353741762824
formal_2301_2305,drtp_sg,2304,17,8501,9000,2.304,policy_loss,-0.0019380816880753683
formal_2301_2305,drtp_sg,2304,17,8501,9000,2.304,value_loss,1.1712748465854674
formal_2301_2305,drtp_sg,2304,17,8501,9000,2.304,grad_norm,7.016823730766773
formal_2301_2305,drtp_sg,2304,18,9001,9500,2.432,train_avg_reward,0.2255609317943454
formal_2301_2305,drtp_sg,2304,18,9001,9500,2.432,entropy,1.9587878940105439
formal_2301_2305,drtp_sg,2304,18,9001,9500,2.432,approx_kl,0.0013222686786442254
formal_2301_2305,drtp_sg,2304,18,9001,9500,2.432,policy_loss,-0.0022936562271758396
formal_2301_2305,drtp_sg,2304,18,9001,9500,2.432,value_loss,1.0280736061893403
formal_2301_2305,drtp_sg,2304,18,9001,9500,2.432,grad_norm,6.965335485845804
formal_2301_2305,drtp_sg,2304,19,9501,10000,2.56,train_avg_reward,0.19258598529919982
formal_2301_2305,drtp_sg,2304,19,9501,10000,2.56,entropy,1.891350218296051
formal_2301_2305,drtp_sg,2304,19,9501,10000,2.56,approx_kl,0.0012330263432610684
formal_2301_2305,drtp_sg,2304,19,9501,10000,2.56,policy_loss,-0.0022874795323173124
formal_2301_2305,drtp_sg,2304,19,9501,10000,2.56,value_loss,1.4877405085340143
formal_2301_2305,drtp_sg,2304,19,9501,10000,2.56,grad_norm,7.483817505955696
formal_2301_2305,drtp_sg,2304,20,10001,10500,2.688,train_avg_reward,0.20937169305607675
formal_2301_2305,drtp_sg,2304,20,10001,10500,2.688,entropy,1.8222112233042718
formal_2301_2305,drtp_sg,2304,20,10001,10500,2.688,approx_kl,0.0014114226572746697
formal_2301_2305,drtp_sg,2304,20,10001,10500,2.688,policy_loss,-0.0024463225298499303
formal_2301_2305,drtp_sg,2304,20,10001,10500,2.688,value_loss,1.413354505866766
formal_2301_2305,drtp_sg,2304,20,10001,10500,2.688,grad_norm,6.993168646991253
formal_2301_2305,drtp_sg,2304,21,10501,11000,2.816,train_avg_reward,0.19642897039651872
formal_2301_2305,drtp_sg,2304,21,10501,11000,2.816,entropy,1.898730500638485
formal_2301_2305,drtp_sg,2304,21,10501,11000,2.816,approx_kl,0.0016431846808348683
formal_2301_2305,drtp_sg,2304,21,10501,11000,2.816,policy_loss,-0.00279430378760676
formal_2301_2305,drtp_sg,2304,21,10501,11000,2.816,value_loss,1.575012570951134
formal_2301_2305,drtp_sg,2304,21,10501,11000,2.816,grad_norm,7.0772821129560475
formal_2301_2305,drtp_sg,2304,22,11001,11500,2.944,train_avg_reward,0.2372171530276537
formal_2301_2305,drtp_sg,2304,22,11001,11500,2.944,entropy,1.7818407736420632
formal_2301_2305,drtp_sg,2304,22,11001,11500,2.944,approx_kl,0.0011686973889823086
formal_2301_2305,drtp_sg,2304,22,11001,11500,2.944,policy_loss,-0.00223642676779466
formal_2301_2305,drtp_sg,2304,22,11001,11500,2.944,value_loss,1.3125369156934321
formal_2301_2305,drtp_sg,2304,22,11001,11500,2.944,grad_norm,7.558923950105905
formal_2301_2305,drtp_sg,2304,23,11501,12000,3.072,train_avg_reward,0.2449336058050394
formal_2301_2305,drtp_sg,2304,23,11501,12000,3.072,entropy,1.7592464631795883
formal_2301_2305,drtp_sg,2304,23,11501,12000,3.072,approx_kl,0.0011412929441086505
formal_2301_2305,drtp_sg,2304,23,11501,12000,3.072,policy_loss,-0.002085654108852475
formal_2301_2305,drtp_sg,2304,23,11501,12000,3.072,value_loss,1.310800537340343
formal_2301_2305,drtp_sg,2304,23,11501,12000,3.072,grad_norm,7.66530425158143
formal_2301_2305,drtp_sg,2304,24,12001,12500,3.2,train_avg_reward,0.2540413161665201
formal_2301_2305,drtp_sg,2304,24,12001,12500,3.2,entropy,1.7333951644301415
formal_2301_2305,drtp_sg,2304,24,12001,12500,3.2,approx_kl,0.0012573595263905485
formal_2301_2305,drtp_sg,2304,24,12001,12500,3.2,policy_loss,-0.0022187768042639115
formal_2301_2305,drtp_sg,2304,24,12001,12500,3.2,value_loss,1.4772051468640566
formal_2301_2305,drtp_sg,2304,24,12001,12500,3.2,grad_norm,9.10060946598649
formal_2301_2305,drtp_sg,2304,25,12501,13000,3.328,train_avg_reward,0.26041068239510057
formal_2301_2305,drtp_sg,2304,25,12501,13000,3.328,entropy,1.6468137367367743
formal_2301_2305,drtp_sg,2304,25,12501,13000,3.328,approx_kl,0.001473542851741512
formal_2301_2305,drtp_sg,2304,25,12501,13000,3.328,policy_loss,-0.0023743449776742064
formal_2301_2305,drtp_sg,2304,25,12501,13000,3.328,value_loss,1.747861685886979
formal_2301_2305,drtp_sg,2304,25,12501,13000,3.328,grad_norm,10.209021450310946
formal_2301_2305,drtp_sg,2304,26,13001,13500,3.456,train_avg_reward,0.25234624348580836
formal_2301_2305,drtp_sg,2304,26,13001,13500,3.456,entropy,1.666173024237156
formal_2301_2305,drtp_sg,2304,26,13001,13500,3.456,approx_kl,0.0013552513341749842
formal_2301_2305,drtp_sg,2304,26,13001,13500,3.456,policy_loss,-0.002355165928192712
formal_2301_2305,drtp_sg,2304,26,13001,13500,3.456,value_loss,1.3763439148403704
formal_2301_2305,drtp_sg,2304,26,13001,13500,3.456,grad_norm,7.588290447413922
formal_2301_2305,drtp_sg,2304,27,13501,14000,3.584,train_avg_reward,0.27541902974247934
formal_2301_2305,drtp_sg,2304,27,13501,14000,3.584,entropy,1.7335775458216667
formal_2301_2305,drtp_sg,2304,27,13501,14000,3.584,approx_kl,0.001431496305144264
formal_2301_2305,drtp_sg,2304,27,13501,14000,3.584,policy_loss,-0.0023921003501291105
formal_2301_2305,drtp_sg,2304,27,13501,14000,3.584,value_loss,1.1956717377379538
formal_2301_2305,drtp_sg,2304,27,13501,14000,3.584,grad_norm,9.482174002736807
formal_2301_2305,drtp_sg,2304,28,14001,14500,3.712,train_avg_reward,0.2794748063087463
formal_2301_2305,drtp_sg,2304,28,14001,14500,3.712,entropy,1.6653898099660873
formal_2301_2305,drtp_sg,2304,28,14001,14500,3.712,approx_kl,0.0013091571579482953
formal_2301_2305,drtp_sg,2304,28,14001,14500,3.712,policy_loss,-0.002335599319170769
formal_2301_2305,drtp_sg,2304,28,14001,14500,3.712,value_loss,0.8250385657586158
formal_2301_2305,drtp_sg,2304,28,14001,14500,3.712,grad_norm,8.10218745046854
formal_2301_2305,drtp_sg,2304,29,14501,15000,3.84,train_avg_reward,0.2681478673201054
formal_2301_2305,drtp_sg,2304,29,14501,15000,3.84,entropy,1.7413710641264915
formal_2301_2305,drtp_sg,2304,29,14501,15000,3.84,approx_kl,0.0014435724593287573
formal_2301_2305,drtp_sg,2304,29,14501,15000,3.84,policy_loss,-0.002447681452305445
formal_2301_2305,drtp_sg,2304,29,14501,15000,3.84,value_loss,1.190750043939799
formal_2301_2305,drtp_sg,2304,29,14501,15000,3.84,grad_norm,8.213478530079126
formal_2301_2305,drtp_sg,2304,30,15001,15500,3.968,train_avg_reward,0.2485987621098757
formal_2301_2305,drtp_sg,2304,30,15001,15500,3.968,entropy,1.7874182521104813
formal_2301_2305,drtp_sg,2304,30,15001,15500,3.968,approx_kl,0.0019074932607363723
formal_2301_2305,drtp_sg,2304,30,15001,15500,3.968,policy_loss,-0.002634154740815713
formal_2301_2305,drtp_sg,2304,30,15001,15500,3.968,value_loss,0.973385615196079
formal_2301_2305,drtp_sg,2304,30,15001,15500,3.968,grad_norm,6.611956526756287
formal_2301_2305,drtp_sg,2304,31,15501,16000,4.096,train_avg_reward,0.248059182330966
formal_2301_2305,drtp_sg,2304,31,15501,16000,4.096,entropy,1.774945157945156
formal_2301_2305,drtp_sg,2304,31,15501,16000,4.096,approx_kl,0.0014813047474608522
formal_2301_2305,drtp_sg,2304,31,15501,16000,4.096,policy_loss,-0.0022610778649529407
formal_2301_2305,drtp_sg,2304,31,15501,16000,4.096,value_loss,1.3807360394895076
formal_2301_2305,drtp_sg,2304,31,15501,16000,4.096,grad_norm,8.862543945431709
formal_2301_2305,drtp_sg,2304,32,16001,16500,4.224,train_avg_reward,0.2534664948955178
formal_2301_2305,drtp_sg,2304,32,16001,16500,4.224,entropy,1.8060795086622239
formal_2301_2305,drtp_sg,2304,32,16001,16500,4.224,approx_kl,0.001786887772855454
formal_2301_2305,drtp_sg,2304,32,16001,16500,4.224,policy_loss,-0.002722790563327857
formal_2301_2305,drtp_sg,2304,32,16001,16500,4.224,value_loss,0.9338416779339314
formal_2301_2305,drtp_sg,2304,32,16001,16500,4.224,grad_norm,6.4370890948176385
formal_2301_2305,drtp_sg,2304,33,16501,17000,4.352,train_avg_reward,0.27453558158874514
formal_2301_2305,drtp_sg,2304,33,16501,17000,4.352,entropy,1.680168204009533
formal_2301_2305,drtp_sg,2304,33,16501,17000,4.352,approx_kl,0.0014993944786468375
formal_2301_2305,drtp_sg,2304,33,16501,17000,4.352,policy_loss,-0.0024111062608644573
formal_2301_2305,drtp_sg,2304,33,16501,17000,4.352,value_loss,0.8490912239700555
formal_2301_2305,drtp_sg,2304,33,16501,17000,4.352,grad_norm,6.707373444303871
formal_2301_2305,drtp_sg,2304,34,17001,17500,4.48,train_avg_reward,0.2805253978073597
formal_2301_2305,drtp_sg,2304,34,17001,17500,4.48,entropy,1.6733949869871139
formal_2301_2305,drtp_sg,2304,34,17001,17500,4.48,approx_kl,0.0014518923938897676
formal_2301_2305,drtp_sg,2304,34,17001,17500,4.48,policy_loss,-0.002320593534841906
formal_2301_2305,drtp_sg,2304,34,17001,17500,4.48,value_loss,0.8871660886667668
formal_2301_2305,drtp_sg,2304,34,17001,17500,4.48,grad_norm,8.097599001765252
formal_2301_2305,drtp_sg,2304,35,17501,18000,4.608,train_avg_reward,0.2740591087788343
formal_2301_2305,drtp_sg,2304,35,17501,18000,4.608,entropy,1.66569032818079
formal_2301_2305,drtp_sg,2304,35,17501,18000,4.608,approx_kl,0.0015512889489620327
formal_2301_2305,drtp_sg,2304,35,17501,18000,4.608,policy_loss,-0.002560728191559716
formal_2301_2305,drtp_sg,2304,35,17501,18000,4.608,value_loss,1.161854045126587
formal_2301_2305,drtp_sg,2304,35,17501,18000,4.608,grad_norm,10.375660342156888
formal_2301_2305,drtp_sg,2304,36,18001,18500,4.736,train_avg_reward,0.2787490729987621
formal_2301_2305,drtp_sg,2304,36,18001,18500,4.736,entropy,1.7213918473124503
formal_2301_2305,drtp_sg,2304,36,18001,18500,4.736,approx_kl,0.0013254366423670926
formal_2301_2305,drtp_sg,2304,36,18001,18500,4.736,policy_loss,-0.0023817766507145226
formal_2301_2305,drtp_sg,2304,36,18001,18500,4.736,value_loss,1.2210905811414123
formal_2301_2305,drtp_sg,2304,36,18001,18500,4.736,grad_norm,9.36447874864936
formal_2301_2305,drtp_sg,2304,37,18501,19000,4.864,train_avg_reward,0.26225662766397
formal_2301_2305,drtp_sg,2304,37,18501,19000,4.864,entropy,1.6462673090696336
formal_2301_2305,drtp_sg,2304,37,18501,19000,4.864,approx_kl,0.001417190164264561
formal_2301_2305,drtp_sg,2304,37,18501,19000,4.864,policy_loss,-0.0025461799945872897
formal_2301_2305,drtp_sg,2304,37,18501,19000,4.864,value_loss,1.2503176531270146
formal_2301_2305,drtp_sg,2304,37,18501,19000,4.864,grad_norm,8.256395462155343
formal_2301_2305,drtp_sg,2304,38,19001,19500,4.992,train_avg_reward,0.27856387782096864
formal_2301_2305,drtp_sg,2304,38,19001,19500,4.992,entropy,1.5983724825978278
formal_2301_2305,drtp_sg,2304,38,19001,19500,4.992,approx_kl,0.0014775838870618807
formal_2301_2305,drtp_sg,2304,38,19001,19500,4.992,policy_loss,-0.0025484833506374902
formal_2301_2305,drtp_sg,2304,38,19001,19500,4.992,value_loss,0.9092989918664098
formal_2301_2305,drtp_sg,2304,38,19001,19500,4.992,grad_norm,8.555813768774271
formal_2301_2305,drtp_sg,2304,39,19501,20000,5.12,train_avg_reward,0.2692958262711763
formal_2301_2305,drtp_sg,2304,39,19501,20000,5.12,entropy,1.7143967242240905
formal_2301_2305,drtp_sg,2304,39,19501,20000,5.12,approx_kl,0.0016585825361028865
formal_2301_2305,drtp_sg,2304,39,19501,20000,5.12,policy_loss,-0.002576637159435147
formal_2301_2305,drtp_sg,2304,39,19501,20000,5.12,value_loss,1.3663124187793583
formal_2301_2305,drtp_sg,2304,39,19501,20000,5.12,grad_norm,8.12396368098259
formal_2301_2305,drtp_sg,2304,40,20001,20500,5.248,train_avg_reward,0.2647602488994598
formal_2301_2305,drtp_sg,2304,40,20001,20500,5.248,entropy,1.6183017910718918
formal_2301_2305,drtp_sg,2304,40,20001,20500,5.248,approx_kl,0.001478686544294757
formal_2301_2305,drtp_sg,2304,40,20001,20500,5.248,policy_loss,-0.0023327191344992646
formal_2301_2305,drtp_sg,2304,40,20001,20500,5.248,value_loss,1.1026654805969447
formal_2301_2305,drtp_sg,2304,40,20001,20500,5.248,grad_norm,8.412158934533595
formal_2301_2305,drtp_sg,2304,41,20501,21000,5.376,train_avg_reward,0.28876571522653105
formal_2301_2305,drtp_sg,2304,41,20501,21000,5.376,entropy,1.5322140215039253
formal_2301_2305,drtp_sg,2304,41,20501,21000,5.376,approx_kl,0.0015069071554419948
formal_2301_2305,drtp_sg,2304,41,20501,21000,5.376,policy_loss,-0.002336552935860833
formal_2301_2305,drtp_sg,2304,41,20501,21000,5.376,value_loss,0.9542222000081092
formal_2301_2305,drtp_sg,2304,41,20501,21000,5.376,grad_norm,8.138185974150897
formal_2301_2305,drtp_sg,2304,42,21001,21500,5.504,train_avg_reward,0.2768818542957306
formal_2301_2305,drtp_sg,2304,42,21001,21500,5.504,entropy,1.5802423159480095
formal_2301_2305,drtp_sg,2304,42,21001,21500,5.504,approx_kl,0.0011991511859884322
formal_2301_2305,drtp_sg,2304,42,21001,21500,5.504,policy_loss,-0.0021575591496833606
formal_2301_2305,drtp_sg,2304,42,21001,21500,5.504,value_loss,1.148963659759611
formal_2301_2305,drtp_sg,2304,42,21001,21500,5.504,grad_norm,8.310407890617848
formal_2301_2305,drtp_sg,2304,43,21501,22000,5.632,train_avg_reward,0.2764411646127701
formal_2301_2305,drtp_sg,2304,43,21501,22000,5.632,entropy,1.607819066464901
formal_2301_2305,drtp_sg,2304,43,21501,22000,5.632,approx_kl,0.0014487560967654603
formal_2301_2305,drtp_sg,2304,43,21501,22000,5.632,policy_loss,-0.002345364431979073
formal_2301_2305,drtp_sg,2304,43,21501,22000,5.632,value_loss,0.9506480967141688
formal_2301_2305,drtp_sg,2304,43,21501,22000,5.632,grad_norm,8.452172597110271
formal_2301_2305,drtp_sg,2304,44,22001,22500,5.76,train_avg_reward,0.2674958586990833
formal_2301_2305,drtp_sg,2304,44,22001,22500,5.76,entropy,1.5271316999793052
formal_2301_2305,drtp_sg,2304,44,22001,22500,5.76,approx_kl,0.0012002814756115145
formal_2301_2305,drtp_sg,2304,44,22001,22500,5.76,policy_loss,-0.002054419247444396
formal_2301_2305,drtp_sg,2304,44,22001,22500,5.76,value_loss,1.1177595936134457
formal_2301_2305,drtp_sg,2304,44,22001,22500,5.76,grad_norm,8.891653997600079
formal_2301_2305,drtp_sg,2304,45,22501,23000,5.888,train_avg_reward,0.28928837963938714
formal_2301_2305,drtp_sg,2304,45,22501,23000,5.888,entropy,1.544804434478283
formal_2301_2305,drtp_sg,2304,45,22501,23000,5.888,approx_kl,0.0013559198523224304
formal_2301_2305,drtp_sg,2304,45,22501,23000,5.888,policy_loss,-0.002341346550743005
formal_2301_2305,drtp_sg,2304,45,22501,23000,5.888,value_loss,0.9325490182489157
formal_2301_2305,drtp_sg,2304,45,22501,23000,5.888,grad_norm,7.671502972632647
formal_2301_2305,drtp_sg,2304,46,23001,23500,6.016,train_avg_reward,0.269876817882061
formal_2301_2305,drtp_sg,2304,46,23001,23500,6.016,entropy,1.4803157811760903
formal_2301_2305,drtp_sg,2304,46,23001,23500,6.016,approx_kl,0.0011185971364408604
formal_2301_2305,drtp_sg,2304,46,23001,23500,6.016,policy_loss,-0.0019845638132886356
formal_2301_2305,drtp_sg,2304,46,23001,23500,6.016,value_loss,1.2795124058779328
formal_2301_2305,drtp_sg,2304,46,23001,23500,6.016,grad_norm,10.325129084527493
formal_2301_2305,drtp_sg,2304,47,23501,24000,6.144,train_avg_reward,0.26163675157725813
formal_2301_2305,drtp_sg,2304,47,23501,24000,6.144,entropy,1.4625724071860313
formal_2301_2305,drtp_sg,2304,47,23501,24000,6.144,approx_kl,0.0016265166972652839
formal_2301_2305,drtp_sg,2304,47,23501,24000,6.144,policy_loss,-0.00238271752978338
formal_2301_2305,drtp_sg,2304,47,23501,24000,6.144,value_loss,1.3549025775417685
formal_2301_2305,drtp_sg,2304,47,23501,24000,6.144,grad_norm,7.61280025857687
formal_2301_2305,drtp_sg,2304,48,24001,24500,6.272,train_avg_reward,0.2975797805637121
formal_2301_2305,drtp_sg,2304,48,24001,24500,6.272,entropy,1.3664264779984951
formal_2301_2305,drtp_sg,2304,48,24001,24500,6.272,approx_kl,0.0014737238669298033
formal_2301_2305,drtp_sg,2304,48,24001,24500,6.272,policy_loss,-0.002317173310780011
formal_2301_2305,drtp_sg,2304,48,24001,24500,6.272,value_loss,0.7802020623218268
formal_2301_2305,drtp_sg,2304,48,24001,24500,6.272,grad_norm,8.14574635887146
formal_2301_2305,drtp_sg,2304,49,24501,25000,6.4,train_avg_reward,0.2921295721232891
formal_2301_2305,drtp_sg,2304,49,24501,25000,6.4,entropy,1.4977267156243323
formal_2301_2305,drtp_sg,2304,49,24501,25000,6.4,approx_kl,0.0012591280566042122
formal_2301_2305,drtp_sg,2304,49,24501,25000,6.4,policy_loss,-0.0021167316458594065
formal_2301_2305,drtp_sg,2304,49,24501,25000,6.4,value_loss,0.9111618511602283
formal_2301_2305,drtp_sg,2304,49,24501,25000,6.4,grad_norm,10.264222493737936
formal_2301_2305,drtp_sg,2304,50,25001,25500,6.528,train_avg_reward,0.2939110572040081
formal_2301_2305,drtp_sg,2304,50,25001,25500,6.528,entropy,1.5111445927619933
formal_2301_2305,drtp_sg,2304,50,25001,25500,6.528,approx_kl,0.0016396918243293188
formal_2301_2305,drtp_sg,2304,50,25001,25500,6.528,policy_loss,-0.0026149370451890555
formal_2301_2305,drtp_sg,2304,50,25001,25500,6.528,value_loss,0.8600629683695733
formal_2301_2305,drtp_sg,2304,50,25001,25500,6.528,grad_norm,8.523264387905598
formal_2301_2305,drtp_sg,2304,51,25501,26000,6.656,train_avg_reward,0.27037836772203444
formal_2301_2305,drtp_sg,2304,51,25501,26000,6.656,entropy,1.468791515469551
formal_2301_2305,drtp_sg,2304,51,25501,26000,6.656,approx_kl,0.00108926214484472
formal_2301_2305,drtp_sg,2304,51,25501,26000,6.656,policy_loss,-0.0020940024498360384
formal_2301_2305,drtp_sg,2304,51,25501,26000,6.656,value_loss,1.223220855936408
formal_2301_2305,drtp_sg,2304,51,25501,26000,6.656,grad_norm,10.685469763934613
formal_2301_2305,drtp_sg,2304,52,26001,26500,6.784,train_avg_reward,0.21602763590216637
formal_2301_2305,drtp_sg,2304,52,26001,26500,6.784,entropy,1.5778408955931664
formal_2301_2305,drtp_sg,2304,52,26001,26500,6.784,approx_kl,0.0014206460868078112
formal_2301_2305,drtp_sg,2304,52,26001,26500,6.784,policy_loss,-0.0024424009230642556
formal_2301_2305,drtp_sg,2304,52,26001,26500,6.784,value_loss,1.5486488764807582
formal_2301_2305,drtp_sg,2304,52,26001,26500,6.784,grad_norm,9.988844248771667
formal_2301_2305,drtp_sg,2304,53,26501,27000,6.912,train_avg_reward,0.2737477528899908
formal_2301_2305,drtp_sg,2304,53,26501,27000,6.912,entropy,1.5070948016643524
formal_2301_2305,drtp_sg,2304,53,26501,27000,6.912,approx_kl,0.001178106440865572
formal_2301_2305,drtp_sg,2304,53,26501,27000,6.912,policy_loss,-0.0022516011758275003
formal_2301_2305,drtp_sg,2304,53,26501,27000,6.912,value_loss,1.3927198268920182
formal_2301_2305,drtp_sg,2304,53,26501,27000,6.912,grad_norm,10.239729583024978
formal_2301_2305,drtp_sg,2304,54,27001,27500,7.04,train_avg_reward,0.29292840975522993
formal_2301_2305,drtp_sg,2304,54,27001,27500,7.04,entropy,1.6026887429356576
formal_2301_2305,drtp_sg,2304,54,27001,27500,7.04,approx_kl,0.0015251505344892047
formal_2301_2305,drtp_sg,2304,54,27001,27500,7.04,policy_loss,-0.0025676031044083096
formal_2301_2305,drtp_sg,2304,54,27001,27500,7.04,value_loss,1.0240217584073543
formal_2301_2305,drtp_sg,2304,54,27001,27500,7.04,grad_norm,8.936581614494324
formal_2301_2305,drtp_sg,2304,55,27501,28000,7.168,train_avg_reward,0.30047133314609525
formal_2301_2305,drtp_sg,2304,55,27501,28000,7.168,entropy,1.5061681223511696
formal_2301_2305,drtp_sg,2304,55,27501,28000,7.168,approx_kl,0.0013638016198198432
formal_2301_2305,drtp_sg,2304,55,27501,28000,7.168,policy_loss,-0.0022541399116809487
formal_2301_2305,drtp_sg,2304,55,27501,28000,7.168,value_loss,1.096712089624256
formal_2301_2305,drtp_sg,2304,55,27501,28000,7.168,grad_norm,9.14506048873067
formal_2301_2305,drtp_sg,2304,56,28001,28500,7.296,train_avg_reward,0.30536480593681337
formal_2301_2305,drtp_sg,2304,56,28001,28500,7.296,entropy,1.3938093970417977
formal_2301_2305,drtp_sg,2304,56,28001,28500,7.296,approx_kl,0.0013664420830326216
formal_2301_2305,drtp_sg,2304,56,28001,28500,7.296,policy_loss,-0.002265257838810215
formal_2301_2305,drtp_sg,2304,56,28001,28500,7.296,value_loss,1.3207688973918557
formal_2301_2305,drtp_sg,2304,56,28001,28500,7.296,grad_norm,10.968719192355872
formal_2301_2305,drtp_sg,2304,57,28501,29000,7.424,train_avg_reward,0.2863609789907932
formal_2301_2305,drtp_sg,2304,57,28501,29000,7.424,entropy,1.4201094987988472
formal_2301_2305,drtp_sg,2304,57,28501,29000,7.424,approx_kl,0.0016066714370199344
formal_2301_2305,drtp_sg,2304,57,28501,29000,7.424,policy_loss,-0.0024349799452335614
formal_2301_2305,drtp_sg,2304,57,28501,29000,7.424,value_loss,1.212629293145612
formal_2301_2305,drtp_sg,2304,57,28501,29000,7.424,grad_norm,10.204025081694127
formal_2301_2305,drtp_sg,2304,58,29001,29500,7.552,train_avg_reward,0.299232798486948
formal_2301_2305,drtp_sg,2304,58,29001,29500,7.552,entropy,1.3907200659513475
formal_2301_2305,drtp_sg,2304,58,29001,29500,7.552,approx_kl,0.00139487661241461
formal_2301_2305,drtp_sg,2304,58,29001,29500,7.552,policy_loss,-0.0025705433429633164
formal_2301_2305,drtp_sg,2304,58,29001,29500,7.552,value_loss,0.8821085283830762
formal_2301_2305,drtp_sg,2304,58,29001,29500,7.552,grad_norm,8.596533636152744
formal_2301_2305,drtp_sg,2304,59,29501,30000,7.68,train_avg_reward,0.2947009140253067
formal_2301_2305,drtp_sg,2304,59,29501,30000,7.68,entropy,1.3858961386680604
formal_2301_2305,drtp_sg,2304,59,29501,30000,7.68,approx_kl,0.0013161698005719638
formal_2301_2305,drtp_sg,2304,59,29501,30000,7.68,policy_loss,-0.0024124778450864666
formal_2301_2305,drtp_sg,2304,59,29501,30000,7.68,value_loss,0.9585377356912941
formal_2301_2305,drtp_sg,2304,59,29501,30000,7.68,grad_norm,10.318216282561421
formal_2301_2305,drtp_sg,2304,60,30001,30500,7.808,train_avg_reward,0.2954856804907322
formal_2301_2305,drtp_sg,2304,60,30001,30500,7.808,entropy,1.4883405758738517
formal_2301_2305,drtp_sg,2304,60,30001,30500,7.808,approx_kl,0.0012035292801926153
formal_2301_2305,drtp_sg,2304,60,30001,30500,7.808,policy_loss,-0.0024198473197678504
formal_2301_2305,drtp_sg,2304,60,30001,30500,7.808,value_loss,0.7422366282828152
formal_2301_2305,drtp_sg,2304,60,30001,30500,7.808,grad_norm,9.894208908200264
formal_2301_2305,drtp_sg,2304,61,30501,31000,7.936,train_avg_reward,0.3015880772769451
formal_2301_2305,drtp_sg,2304,61,30501,31000,7.936,entropy,1.393382895231247
formal_2301_2305,drtp_sg,2304,61,30501,31000,7.936,approx_kl,0.0013813446839045895
formal_2301_2305,drtp_sg,2304,61,30501,31000,7.936,policy_loss,-0.0022832453775276855
formal_2301_2305,drtp_sg,2304,61,30501,31000,7.936,value_loss,0.671191644847393
formal_2301_2305,drtp_sg,2304,61,30501,31000,7.936,grad_norm,9.355094951361417
formal_2301_2305,drtp_sg,2304,62,31001,31500,8.064,train_avg_reward,0.3140465614795685
formal_2301_2305,drtp_sg,2304,62,31001,31500,8.064,entropy,1.411005832016468
formal_2301_2305,drtp_sg,2304,62,31001,31500,8.064,approx_kl,0.001491921986770643
formal_2301_2305,drtp_sg,2304,62,31001,31500,8.064,policy_loss,-0.002496371715572705
formal_2301_2305,drtp_sg,2304,62,31001,31500,8.064,value_loss,0.720639249984175
formal_2301_2305,drtp_sg,2304,62,31001,31500,8.064,grad_norm,9.413788314193487
formal_2301_2305,drtp_sg,2304,63,31501,32000,8.192,train_avg_reward,0.3143521635234356
formal_2301_2305,drtp_sg,2304,63,31501,32000,8.192,entropy,1.4424150059223175
formal_2301_2305,drtp_sg,2304,63,31501,32000,8.192,approx_kl,0.0015431110048702902
formal_2301_2305,drtp_sg,2304,63,31501,32000,8.192,policy_loss,-0.0024372175573072396
formal_2301_2305,drtp_sg,2304,63,31501,32000,8.192,value_loss,0.6402918913029134
formal_2301_2305,drtp_sg,2304,63,31501,32000,8.192,grad_norm,9.0468785417974
formal_2301_2305,drtp_sg,2304,64,32001,32500,8.32,train_avg_reward,0.3092948931753635
formal_2301_2305,drtp_sg,2304,64,32001,32500,8.32,entropy,1.3942463485598564
formal_2301_2305,drtp_sg,2304,64,32001,32500,8.32,approx_kl,0.0013029682227408182
formal_2301_2305,drtp_sg,2304,64,32001,32500,8.32,policy_loss,-0.002259426852600114
formal_2301_2305,drtp_sg,2304,64,32001,32500,8.32,value_loss,0.5958122199494391
formal_2301_2305,drtp_sg,2304,64,32001,32500,8.32,grad_norm,8.726404517948627
formal_2301_2305,drtp_sg,2304,65,32501,33000,8.448,train_avg_reward,0.3036495615839958
formal_2301_2305,drtp_sg,2304,65,32501,33000,8.448,entropy,1.4067398836612701
formal_2301_2305,drtp_sg,2304,65,32501,33000,8.448,approx_kl,0.0013942027830689677
formal_2301_2305,drtp_sg,2304,65,32501,33000,8.448,policy_loss,-0.0025160359407086414
formal_2301_2305,drtp_sg,2304,65,32501,33000,8.448,value_loss,0.6895110990200192
formal_2301_2305,drtp_sg,2304,65,32501,33000,8.448,grad_norm,7.840719666421413
formal_2301_2305,drtp_sg,2304,66,33001,33500,8.576,train_avg_reward,0.3097851212620735
formal_2301_2305,drtp_sg,2304,66,33001,33500,8.576,entropy,1.4689347106516362
formal_2301_2305,drtp_sg,2304,66,33001,33500,8.576,approx_kl,0.0014430053071276463
formal_2301_2305,drtp_sg,2304,66,33001,33500,8.576,policy_loss,-0.0024626795936349053
formal_2301_2305,drtp_sg,2304,66,33001,33500,8.576,value_loss,0.6066225645411759
formal_2301_2305,drtp_sg,2304,66,33001,33500,8.576,grad_norm,7.92445591686666
formal_2301_2305,drtp_sg,2304,67,33501,34000,8.704,train_avg_reward,0.28985802229493857
formal_2301_2305,drtp_sg,2304,67,33501,34000,8.704,entropy,1.328536700487137
formal_2301_2305,drtp_sg,2304,67,33501,34000,8.704,approx_kl,0.0013115652524447732
formal_2301_2305,drtp_sg,2304,67,33501,34000,8.704,policy_loss,-0.002213060366290512
formal_2301_2305,drtp_sg,2304,67,33501,34000,8.704,value_loss,0.9851385740204714
formal_2301_2305,drtp_sg,2304,67,33501,34000,8.704,grad_norm,8.574529569506645
formal_2301_2305,drtp_sg,2304,68,34001,34500,8.832,train_avg_reward,0.3083903003334999
formal_2301_2305,drtp_sg,2304,68,34001,34500,8.832,entropy,1.3983147510886191
formal_2301_2305,drtp_sg,2304,68,34001,34500,8.832,approx_kl,0.001762143196036041
formal_2301_2305,drtp_sg,2304,68,34001,34500,8.832,policy_loss,-0.002613513916226443
formal_2301_2305,drtp_sg,2304,68,34001,34500,8.832,value_loss,0.892065102878958
formal_2301_2305,drtp_sg,2304,68,34001,34500,8.832,grad_norm,7.51081748919189
formal_2301_2305,drtp_sg,2304,69,34501,35000,8.96,train_avg_reward,0.298732239484787
formal_2301_2305,drtp_sg,2304,69,34501,35000,8.96,entropy,1.322393099784851
formal_2301_2305,drtp_sg,2304,69,34501,35000,8.96,approx_kl,0.0012280176735075556
formal_2301_2305,drtp_sg,2304,69,34501,35000,8.96,policy_loss,-0.002250597532370129
formal_2301_2305,drtp_sg,2304,69,34501,35000,8.96,value_loss,0.9039118050877005
formal_2301_2305,drtp_sg,2304,69,34501,35000,8.96,grad_norm,7.826989138066769
formal_2301_2305,drtp_sg,2304,70,35001,35500,9.088,train_avg_reward,0.2958389885723591
formal_2301_2305,drtp_sg,2304,70,35001,35500,9.088,entropy,1.3344607875347136
formal_2301_2305,drtp_sg,2304,70,35001,35500,9.088,approx_kl,0.0013328367528269956
formal_2301_2305,drtp_sg,2304,70,35001,35500,9.088,policy_loss,-0.002277617240383976
formal_2301_2305,drtp_sg,2304,70,35001,35500,9.088,value_loss,0.7507712687887251
formal_2301_2305,drtp_sg,2304,70,35001,35500,9.088,grad_norm,9.137964482426643
formal_2301_2305,drtp_sg,2304,71,35501,36000,9.216,train_avg_reward,0.3082475303560495
formal_2301_2305,drtp_sg,2304,71,35501,36000,9.216,entropy,1.3344978888630867
formal_2301_2305,drtp_sg,2304,71,35501,36000,9.216,approx_kl,0.0013428903068890175
formal_2301_2305,drtp_sg,2304,71,35501,36000,9.216,policy_loss,-0.0022947625259791093
formal_2301_2305,drtp_sg,2304,71,35501,36000,9.216,value_loss,0.809742006637156
formal_2301_2305,drtp_sg,2304,71,35501,36000,9.216,grad_norm,9.656045614123345
formal_2301_2305,drtp_sg,2304,72,36001,36500,9.344,train_avg_reward,0.28794435226917264
formal_2301_2305,drtp_sg,2304,72,36001,36500,9.344,entropy,1.3858462029993535
formal_2301_2305,drtp_sg,2304,72,36001,36500,9.344,approx_kl,0.001499416879832389
formal_2301_2305,drtp_sg,2304,72,36001,36500,9.344,policy_loss,-0.0026069298770344945
formal_2301_2305,drtp_sg,2304,72,36001,36500,9.344,value_loss,0.8414610318224877
formal_2301_2305,drtp_sg,2304,72,36001,36500,9.344,grad_norm,7.995052905231714
formal_2301_2305,drtp_sg,2304,73,36501,37000,9.472,train_avg_reward,0.30035359296202657
formal_2301_2305,drtp_sg,2304,73,36501,37000,9.472,entropy,1.3618193165659904
formal_2301_2305,drtp_sg,2304,73,36501,37000,9.472,approx_kl,0.001631351025243616
formal_2301_2305,drtp_sg,2304,73,36501,37000,9.472,policy_loss,-0.002732660212895247
formal_2301_2305,drtp_sg,2304,73,36501,37000,9.472,value_loss,0.8443138299984857
formal_2301_2305,drtp_sg,2304,73,36501,37000,9.472,grad_norm,8.105266468882562
formal_2301_2305,drtp_sg,2304,74,37001,37500,9.6,train_avg_reward,0.3005199680328369
formal_2301_2305,drtp_sg,2304,74,37001,37500,9.6,entropy,1.389431432247162
formal_2301_2305,drtp_sg,2304,74,37001,37500,9.6,approx_kl,0.0017539464306476696
formal_2301_2305,drtp_sg,2304,74,37001,37500,9.6,policy_loss,-0.0027008462334895066
formal_2301_2305,drtp_sg,2304,74,37001,37500,9.6,value_loss,0.5421160365091636
formal_2301_2305,drtp_sg,2304,74,37001,37500,9.6,grad_norm,7.263717433393001
formal_2301_2305,drtp_sg,2304,75,37501,38000,9.728,train_avg_reward,0.2843770076185465
formal_2301_2305,drtp_sg,2304,75,37501,38000,9.728,entropy,1.3440061720013619
formal_2301_2305,drtp_sg,2304,75,37501,38000,9.728,approx_kl,0.0014806523018560164
formal_2301_2305,drtp_sg,2304,75,37501,38000,9.728,policy_loss,-0.002474868483219054
formal_2301_2305,drtp_sg,2304,75,37501,38000,9.728,value_loss,0.840541215014644
formal_2301_2305,drtp_sg,2304,75,37501,38000,9.728,grad_norm,8.923377146929502
formal_2301_2305,drtp_sg,2304,76,38001,38500,9.856,train_avg_reward,0.30220338782668116
formal_2301_2305,drtp_sg,2304,76,38001,38500,9.856,entropy,1.3916240332126617
formal_2301_2305,drtp_sg,2304,76,38001,38500,9.856,approx_kl,0.0014205803771086037
formal_2301_2305,drtp_sg,2304,76,38001,38500,9.856,policy_loss,-0.002570525075583796
formal_2301_2305,drtp_sg,2304,76,38001,38500,9.856,value_loss,0.7129094841741025
formal_2301_2305,drtp_sg,2304,76,38001,38500,9.856,grad_norm,7.476629576683044
formal_2301_2305,drtp_sg,2304,77,38501,39000,9.984,train_avg_reward,0.317618333786726
formal_2301_2305,drtp_sg,2304,77,38501,39000,9.984,entropy,1.3607316074371338
formal_2301_2305,drtp_sg,2304,77,38501,39000,9.984,approx_kl,0.0015525885621379108
formal_2301_2305,drtp_sg,2304,77,38501,39000,9.984,policy_loss,-0.002483868357753028
formal_2301_2305,drtp_sg,2304,77,38501,39000,9.984,value_loss,0.491777807475999
formal_2301_2305,drtp_sg,2304,77,38501,39000,9.984,grad_norm,7.1478317048549656
formal_2301_2305,drtp_sg,2304,78,39001,39500,10.112,train_avg_reward,0.31017240195993395
formal_2301_2305,drtp_sg,2304,78,39001,39500,10.112,entropy,1.2968733391118428
formal_2301_2305,drtp_sg,2304,78,39001,39500,10.112,approx_kl,0.0013194792594846956
formal_2301_2305,drtp_sg,2304,78,39001,39500,10.112,policy_loss,-0.001983396256354439
formal_2301_2305,drtp_sg,2304,78,39001,39500,10.112,value_loss,0.5556733262030378
formal_2301_2305,drtp_sg,2304,78,39001,39500,10.112,grad_norm,9.634318997699117
formal_2301_2305,drtp_sg,2305,0,1,500,0.128,train_avg_reward,0.0019448232187132817
formal_2301_2305,drtp_sg,2305,0,1,500,0.128,entropy,2.657532988667488
formal_2301_2305,drtp_sg,2305,0,1,500,0.128,approx_kl,0.0010473338934568043
formal_2301_2305,drtp_sg,2305,0,1,500,0.128,policy_loss,-0.001889443553589596
formal_2301_2305,drtp_sg,2305,0,1,500,0.128,value_loss,0.47266751739010215
formal_2301_2305,drtp_sg,2305,0,1,500,0.128,grad_norm,1.4823981592953206
formal_2301_2305,drtp_sg,2305,1,501,1000,0.256,train_avg_reward,0.05972155516350176
formal_2301_2305,drtp_sg,2305,1,501,1000,0.256,entropy,2.61261857509613
formal_2301_2305,drtp_sg,2305,1,501,1000,0.256,approx_kl,0.0009185233261647833
formal_2301_2305,drtp_sg,2305,1,501,1000,0.256,policy_loss,-0.0018197693353533637
formal_2301_2305,drtp_sg,2305,1,501,1000,0.256,value_loss,0.39692636439483614
formal_2301_2305,drtp_sg,2305,1,501,1000,0.256,grad_norm,1.4988015351444484
formal_2301_2305,drtp_sg,2305,2,1001,1500,0.384,train_avg_reward,0.06644021830148995
formal_2301_2305,drtp_sg,2305,2,1001,1500,0.384,entropy,2.483502443909645
formal_2301_2305,drtp_sg,2305,2,1001,1500,0.384,approx_kl,0.0007473463766625628
formal_2301_2305,drtp_sg,2305,2,1001,1500,0.384,policy_loss,-0.0017940198234522023
formal_2301_2305,drtp_sg,2305,2,1001,1500,0.384,value_loss,0.3052505973149091
formal_2301_2305,drtp_sg,2305,2,1001,1500,0.384,grad_norm,1.3255393754839897
formal_2301_2305,drtp_sg,2305,3,1501,2000,0.512,train_avg_reward,0.09355754736135714
formal_2301_2305,drtp_sg,2305,3,1501,2000,0.512,entropy,2.5385313637256623
formal_2301_2305,drtp_sg,2305,3,1501,2000,0.512,approx_kl,0.0005252544445897153
formal_2301_2305,drtp_sg,2305,3,1501,2000,0.512,policy_loss,-0.0013859153686606293
formal_2301_2305,drtp_sg,2305,3,1501,2000,0.512,value_loss,0.7433966440539808
formal_2301_2305,drtp_sg,2305,3,1501,2000,0.512,grad_norm,2.4379877910241485
formal_2301_2305,drtp_sg,2305,4,2001,2500,0.64,train_avg_reward,0.09942495093680918
formal_2301_2305,drtp_sg,2305,4,2001,2500,0.64,entropy,2.472844836473465
formal_2301_2305,drtp_sg,2305,4,2001,2500,0.64,approx_kl,0.0008628140252990306
formal_2301_2305,drtp_sg,2305,4,2001,2500,0.64,policy_loss,-0.001904234817342214
formal_2301_2305,drtp_sg,2305,4,2001,2500,0.64,value_loss,0.6627711049094797
formal_2301_2305,drtp_sg,2305,4,2001,2500,0.64,grad_norm,2.4147277237176894
formal_2301_2305,drtp_sg,2305,5,2501,3000,0.768,train_avg_reward,0.08036713807471096
formal_2301_2305,drtp_sg,2305,5,2501,3000,0.768,entropy,2.3821838923692704
formal_2301_2305,drtp_sg,2305,5,2501,3000,0.768,approx_kl,0.0012714499550183973
formal_2301_2305,drtp_sg,2305,5,2501,3000,0.768,policy_loss,-0.002218110365874802
formal_2301_2305,drtp_sg,2305,5,2501,3000,0.768,value_loss,0.606582866649609
formal_2301_2305,drtp_sg,2305,5,2501,3000,0.768,grad_norm,2.0952464153170585
formal_2301_2305,drtp_sg,2305,6,3001,3500,0.896,train_avg_reward,0.09765154940047069
formal_2301_2305,drtp_sg,2305,6,3001,3500,0.896,entropy,2.490053052186966
formal_2301_2305,drtp_sg,2305,6,3001,3500,0.896,approx_kl,0.0010105659068228004
formal_2301_2305,drtp_sg,2305,6,3001,3500,0.896,policy_loss,-0.0018784916621775352
formal_2301_2305,drtp_sg,2305,6,3001,3500,0.896,value_loss,0.7211683634724468
formal_2301_2305,drtp_sg,2305,6,3001,3500,0.896,grad_norm,2.358967439889908
formal_2301_2305,drtp_sg,2305,7,3501,4000,1.024,train_avg_reward,0.14456508661597037
formal_2301_2305,drtp_sg,2305,7,3501,4000,1.024,entropy,2.5564018034935
formal_2301_2305,drtp_sg,2305,7,3501,4000,1.024,approx_kl,0.0007593669464787732
formal_2301_2305,drtp_sg,2305,7,3501,4000,1.024,policy_loss,-0.0016422914421785914
formal_2301_2305,drtp_sg,2305,7,3501,4000,1.024,value_loss,1.2931754026617854
formal_2301_2305,drtp_sg,2305,7,3501,4000,1.024,grad_norm,3.7924803354591132
formal_2301_2305,drtp_sg,2305,8,4001,4500,1.152,train_avg_reward,0.1917181568816304
formal_2301_2305,drtp_sg,2305,8,4001,4500,1.152,entropy,2.5566984749436377
formal_2301_2305,drtp_sg,2305,8,4001,4500,1.152,approx_kl,0.000932705683850448
formal_2301_2305,drtp_sg,2305,8,4001,4500,1.152,policy_loss,-0.0017619034162813666
formal_2301_2305,drtp_sg,2305,8,4001,4500,1.152,value_loss,1.3506898345574736
formal_2301_2305,drtp_sg,2305,8,4001,4500,1.152,grad_norm,4.169175496637822
formal_2301_2305,drtp_sg,2305,9,4501,5000,1.28,train_avg_reward,0.19713758300244807
formal_2301_2305,drtp_sg,2305,9,4501,5000,1.28,entropy,2.4515222656726836
formal_2301_2305,drtp_sg,2305,9,4501,5000,1.28,approx_kl,0.0010913034135052538
formal_2301_2305,drtp_sg,2305,9,4501,5000,1.28,policy_loss,-0.002313148435186285
formal_2301_2305,drtp_sg,2305,9,4501,5000,1.28,value_loss,1.092007363140583
formal_2301_2305,drtp_sg,2305,9,4501,5000,1.28,grad_norm,3.6219354922175406
formal_2301_2305,drtp_sg,2305,10,5001,5500,1.408,train_avg_reward,0.19016917311772705
formal_2301_2305,drtp_sg,2305,10,5001,5500,1.408,entropy,2.3418193829655647
formal_2301_2305,drtp_sg,2305,10,5001,5500,1.408,approx_kl,0.0009977846032606977
formal_2301_2305,drtp_sg,2305,10,5001,5500,1.408,policy_loss,-0.0021675364879396577
formal_2301_2305,drtp_sg,2305,10,5001,5500,1.408,value_loss,1.2447996154725551
formal_2301_2305,drtp_sg,2305,10,5001,5500,1.408,grad_norm,4.213587626844644
formal_2301_2305,drtp_sg,2305,11,5501,6000,1.536,train_avg_reward,0.20047379969060422
formal_2301_2305,drtp_sg,2305,11,5501,6000,1.536,entropy,2.4004875479340555
formal_2301_2305,drtp_sg,2305,11,5501,6000,1.536,approx_kl,0.0014426912300508168
formal_2301_2305,drtp_sg,2305,11,5501,6000,1.536,policy_loss,-0.002574494036230741
formal_2301_2305,drtp_sg,2305,11,5501,6000,1.536,value_loss,1.2720279595553874
formal_2301_2305,drtp_sg,2305,11,5501,6000,1.536,grad_norm,4.234182712048292
formal_2301_2305,drtp_sg,2305,12,6001,6500,1.664,train_avg_reward,0.2369280004799366
formal_2301_2305,drtp_sg,2305,12,6001,6500,1.664,entropy,2.291241270780563
formal_2301_2305,drtp_sg,2305,12,6001,6500,1.664,approx_kl,0.0011217438298047758
formal_2301_2305,drtp_sg,2305,12,6001,6500,1.664,policy_loss,-0.0021851568580478985
formal_2301_2305,drtp_sg,2305,12,6001,6500,1.664,value_loss,1.2590752588361502
formal_2301_2305,drtp_sg,2305,12,6001,6500,1.664,grad_norm,4.73258372169733
formal_2301_2305,drtp_sg,2305,13,6501,7000,1.792,train_avg_reward,0.21809397503733635
formal_2301_2305,drtp_sg,2305,13,6501,7000,1.792,entropy,2.2006882936954497
formal_2301_2305,drtp_sg,2305,13,6501,7000,1.792,approx_kl,0.0013723936292905515
formal_2301_2305,drtp_sg,2305,13,6501,7000,1.792,policy_loss,-0.002413478158952337
formal_2301_2305,drtp_sg,2305,13,6501,7000,1.792,value_loss,1.5676401589810849
formal_2301_2305,drtp_sg,2305,13,6501,7000,1.792,grad_norm,5.606795780211687
formal_2301_2305,drtp_sg,2305,14,7001,7500,1.92,train_avg_reward,0.20328029526397587
formal_2301_2305,drtp_sg,2305,14,7001,7500,1.92,entropy,2.15807463490963
formal_2301_2305,drtp_sg,2305,14,7001,7500,1.92,approx_kl,0.0014302540476719514
formal_2301_2305,drtp_sg,2305,14,7001,7500,1.92,policy_loss,-0.0026002598605010373
formal_2301_2305,drtp_sg,2305,14,7001,7500,1.92,value_loss,1.2981776749044658
formal_2301_2305,drtp_sg,2305,14,7001,7500,1.92,grad_norm,5.263122810453177
formal_2301_2305,drtp_sg,2305,15,7501,8000,2.048,train_avg_reward,0.2067937205657363
formal_2301_2305,drtp_sg,2305,15,7501,8000,2.048,entropy,2.071228759109974
formal_2301_2305,drtp_sg,2305,15,7501,8000,2.048,approx_kl,0.0014417290158880859
formal_2301_2305,drtp_sg,2305,15,7501,8000,2.048,policy_loss,-0.002467008792180348
formal_2301_2305,drtp_sg,2305,15,7501,8000,2.048,value_loss,1.1566976635605097
formal_2301_2305,drtp_sg,2305,15,7501,8000,2.048,grad_norm,5.171465912073851
formal_2301_2305,drtp_sg,2305,16,8001,8500,2.176,train_avg_reward,0.20333567406237124
formal_2301_2305,drtp_sg,2305,16,8001,8500,2.176,entropy,2.0765636379122734
formal_2301_2305,drtp_sg,2305,16,8001,8500,2.176,approx_kl,0.0015010528573260065
formal_2301_2305,drtp_sg,2305,16,8001,8500,2.176,policy_loss,-0.0025336293440433393
formal_2301_2305,drtp_sg,2305,16,8001,8500,2.176,value_loss,1.0147874918803572
formal_2301_2305,drtp_sg,2305,16,8001,8500,2.176,grad_norm,5.232966763168573
formal_2301_2305,drtp_sg,2305,17,8501,9000,2.304,train_avg_reward,0.2028276457414031
formal_2301_2305,drtp_sg,2305,17,8501,9000,2.304,entropy,2.0466014595031736
formal_2301_2305,drtp_sg,2305,17,8501,9000,2.304,approx_kl,0.0016028979828655186
formal_2301_2305,drtp_sg,2305,17,8501,9000,2.304,policy_loss,-0.0025323365995611026
formal_2301_2305,drtp_sg,2305,17,8501,9000,2.304,value_loss,1.0137625341936947
formal_2301_2305,drtp_sg,2305,17,8501,9000,2.304,grad_norm,4.957090398401022
formal_2301_2305,drtp_sg,2305,18,9001,9500,2.432,train_avg_reward,0.2046035234890878
formal_2301_2305,drtp_sg,2305,18,9001,9500,2.432,entropy,2.1219987592101095
formal_2301_2305,drtp_sg,2305,18,9001,9500,2.432,approx_kl,0.0013384103296892437
formal_2301_2305,drtp_sg,2305,18,9001,9500,2.432,policy_loss,-0.0024273494527881083
formal_2301_2305,drtp_sg,2305,18,9001,9500,2.432,value_loss,1.164129120707512
formal_2301_2305,drtp_sg,2305,18,9001,9500,2.432,grad_norm,5.430714712053537
formal_2301_2305,drtp_sg,2305,19,9501,10000,2.56,train_avg_reward,0.22505893993377685
formal_2301_2305,drtp_sg,2305,19,9501,10000,2.56,entropy,1.9565134053230286
formal_2301_2305,drtp_sg,2305,19,9501,10000,2.56,approx_kl,0.001382873587308495
formal_2301_2305,drtp_sg,2305,19,9501,10000,2.56,policy_loss,-0.002364918954492419
formal_2301_2305,drtp_sg,2305,19,9501,10000,2.56,value_loss,1.0614764789417386
formal_2301_2305,drtp_sg,2305,19,9501,10000,2.56,grad_norm,6.270145970970392
formal_2301_2305,drtp_sg,2305,20,10001,10500,2.688,train_avg_reward,0.23649493680894376
formal_2301_2305,drtp_sg,2305,20,10001,10500,2.688,entropy,1.8812048632502556
formal_2301_2305,drtp_sg,2305,20,10001,10500,2.688,approx_kl,0.0017409915547832496
formal_2301_2305,drtp_sg,2305,20,10001,10500,2.688,policy_loss,-0.0026058287473485512
formal_2301_2305,drtp_sg,2305,20,10001,10500,2.688,value_loss,1.2031963482871653
formal_2301_2305,drtp_sg,2305,20,10001,10500,2.688,grad_norm,7.083696407407523
formal_2301_2305,drtp_sg,2305,21,10501,11000,2.816,train_avg_reward,0.2535584414303303
formal_2301_2305,drtp_sg,2305,21,10501,11000,2.816,entropy,1.860803093612194
formal_2301_2305,drtp_sg,2305,21,10501,11000,2.816,approx_kl,0.002086324634350603
formal_2301_2305,drtp_sg,2305,21,10501,11000,2.816,policy_loss,-0.002586164575013879
formal_2301_2305,drtp_sg,2305,21,10501,11000,2.816,value_loss,0.8043867351524532
formal_2301_2305,drtp_sg,2305,21,10501,11000,2.816,grad_norm,5.821681275755167
formal_2301_2305,drtp_sg,2305,22,11001,11500,2.944,train_avg_reward,0.24591355971992016
formal_2301_2305,drtp_sg,2305,22,11001,11500,2.944,entropy,1.8134209436774253
formal_2301_2305,drtp_sg,2305,22,11001,11500,2.944,approx_kl,0.001356996095134794
formal_2301_2305,drtp_sg,2305,22,11001,11500,2.944,policy_loss,-0.002137998274387322
formal_2301_2305,drtp_sg,2305,22,11001,11500,2.944,value_loss,1.0420866765193642
formal_2301_2305,drtp_sg,2305,22,11001,11500,2.944,grad_norm,10.06660006326437
formal_2301_2305,drtp_sg,2305,23,11501,12000,3.072,train_avg_reward,0.23522467322647572
formal_2301_2305,drtp_sg,2305,23,11501,12000,3.072,entropy,1.8361262955069542
formal_2301_2305,drtp_sg,2305,23,11501,12000,3.072,approx_kl,0.0016947670839123623
formal_2301_2305,drtp_sg,2305,23,11501,12000,3.072,policy_loss,-0.0024761570787269266
formal_2301_2305,drtp_sg,2305,23,11501,12000,3.072,value_loss,1.0863881572782994
formal_2301_2305,drtp_sg,2305,23,11501,12000,3.072,grad_norm,7.681189604371786
formal_2301_2305,drtp_sg,2305,24,12001,12500,3.2,train_avg_reward,0.2522069104760885
formal_2301_2305,drtp_sg,2305,24,12001,12500,3.2,entropy,1.7563307872414589
formal_2301_2305,drtp_sg,2305,24,12001,12500,3.2,approx_kl,0.0016657791799819578
formal_2301_2305,drtp_sg,2305,24,12001,12500,3.2,policy_loss,-0.002509368196132814
formal_2301_2305,drtp_sg,2305,24,12001,12500,3.2,value_loss,0.7445217531211674
formal_2301_2305,drtp_sg,2305,24,12001,12500,3.2,grad_norm,6.921056865036488
formal_2301_2305,drtp_sg,2305,25,12501,13000,3.328,train_avg_reward,0.25516710798442366
formal_2301_2305,drtp_sg,2305,25,12501,13000,3.328,entropy,1.6003389201164246
formal_2301_2305,drtp_sg,2305,25,12501,13000,3.328,approx_kl,0.0014543223224651829
formal_2301_2305,drtp_sg,2305,25,12501,13000,3.328,policy_loss,-0.002262497159754374
formal_2301_2305,drtp_sg,2305,25,12501,13000,3.328,value_loss,0.8629586436636746
formal_2301_2305,drtp_sg,2305,25,12501,13000,3.328,grad_norm,9.64246465268731
formal_2301_2305,drtp_sg,2305,26,13001,13500,3.456,train_avg_reward,0.25271373076736925
formal_2301_2305,drtp_sg,2305,26,13001,13500,3.456,entropy,1.6629995744824408
formal_2301_2305,drtp_sg,2305,26,13001,13500,3.456,approx_kl,0.0016581832804931757
formal_2301_2305,drtp_sg,2305,26,13001,13500,3.456,policy_loss,-0.0023702184676113363
formal_2301_2305,drtp_sg,2305,26,13001,13500,3.456,value_loss,1.0318638785164804
formal_2301_2305,drtp_sg,2305,26,13001,13500,3.456,grad_norm,7.812471831321717
formal_2301_2305,drtp_sg,2305,27,13501,14000,3.584,train_avg_reward,0.26072856821119783
formal_2301_2305,drtp_sg,2305,27,13501,14000,3.584,entropy,1.683203687429428
formal_2301_2305,drtp_sg,2305,27,13501,14000,3.584,approx_kl,0.0018929332469404764
formal_2301_2305,drtp_sg,2305,27,13501,14000,3.584,policy_loss,-0.002800348392968905
formal_2301_2305,drtp_sg,2305,27,13501,14000,3.584,value_loss,0.7097421966344118
formal_2301_2305,drtp_sg,2305,27,13501,14000,3.584,grad_norm,7.706702118575573
formal_2301_2305,drtp_sg,2305,28,14001,14500,3.712,train_avg_reward,0.2672540888339281
formal_2301_2305,drtp_sg,2305,28,14001,14500,3.712,entropy,1.553990176796913
formal_2301_2305,drtp_sg,2305,28,14001,14500,3.712,approx_kl,0.0015199122221465574
formal_2301_2305,drtp_sg,2305,28,14001,14500,3.712,policy_loss,-0.0023037624666079042
formal_2301_2305,drtp_sg,2305,28,14001,14500,3.712,value_loss,0.9615623351335526
formal_2301_2305,drtp_sg,2305,28,14001,14500,3.712,grad_norm,9.73092496958375
formal_2301_2305,drtp_sg,2305,29,14501,15000,3.84,train_avg_reward,0.24732602424919606
formal_2301_2305,drtp_sg,2305,29,14501,15000,3.84,entropy,1.6593349400758743
formal_2301_2305,drtp_sg,2305,29,14501,15000,3.84,approx_kl,0.0014987753670423736
formal_2301_2305,drtp_sg,2305,29,14501,15000,3.84,policy_loss,-0.0024719689213263023
formal_2301_2305,drtp_sg,2305,29,14501,15000,3.84,value_loss,1.0809731665421278
formal_2301_2305,drtp_sg,2305,29,14501,15000,3.84,grad_norm,7.756885976821184
formal_2301_2305,drtp_sg,2305,30,15001,15500,3.968,train_avg_reward,0.25886933293938635
formal_2301_2305,drtp_sg,2305,30,15001,15500,3.968,entropy,1.652107957959175
formal_2301_2305,drtp_sg,2305,30,15001,15500,3.968,approx_kl,0.001617024695276388
formal_2301_2305,drtp_sg,2305,30,15001,15500,3.968,policy_loss,-0.002580893698104546
formal_2301_2305,drtp_sg,2305,30,15001,15500,3.968,value_loss,0.5930007860921324
formal_2301_2305,drtp_sg,2305,30,15001,15500,3.968,grad_norm,6.766546067267656
formal_2301_2305,drtp_sg,2305,31,15501,16000,4.096,train_avg_reward,0.25267071124911306
formal_2301_2305,drtp_sg,2305,31,15501,16000,4.096,entropy,1.5997089058756828
formal_2301_2305,drtp_sg,2305,31,15501,16000,4.096,approx_kl,0.001435569092922074
formal_2301_2305,drtp_sg,2305,31,15501,16000,4.096,policy_loss,-0.002345235729434619
formal_2301_2305,drtp_sg,2305,31,15501,16000,4.096,value_loss,0.7418011558428407
formal_2301_2305,drtp_sg,2305,31,15501,16000,4.096,grad_norm,6.695763595044613
formal_2301_2305,drtp_sg,2305,32,16001,16500,4.224,train_avg_reward,0.24532407833635808
formal_2301_2305,drtp_sg,2305,32,16001,16500,4.224,entropy,1.7356944420933724
formal_2301_2305,drtp_sg,2305,32,16001,16500,4.224,approx_kl,0.0013809647838115766
formal_2301_2305,drtp_sg,2305,32,16001,16500,4.224,policy_loss,-0.0023850580217714677
formal_2301_2305,drtp_sg,2305,32,16001,16500,4.224,value_loss,1.1295856029093265
formal_2301_2305,drtp_sg,2305,32,16001,16500,4.224,grad_norm,7.71606232213974
formal_2301_2305,drtp_sg,2305,33,16501,17000,4.352,train_avg_reward,0.2765469517707825
formal_2301_2305,drtp_sg,2305,33,16501,17000,4.352,entropy,1.700027352809906
formal_2301_2305,drtp_sg,2305,33,16501,17000,4.352,approx_kl,0.0014573842526054536
formal_2301_2305,drtp_sg,2305,33,16501,17000,4.352,policy_loss,-0.0023935180029950034
formal_2301_2305,drtp_sg,2305,33,16501,17000,4.352,value_loss,0.7121977285034955
formal_2301_2305,drtp_sg,2305,33,16501,17000,4.352,grad_norm,7.566282746344805
formal_2301_2305,drtp_sg,2305,34,17001,17500,4.48,train_avg_reward,0.2647626536488533
formal_2301_2305,drtp_sg,2305,34,17001,17500,4.48,entropy,1.793146986246109
formal_2301_2305,drtp_sg,2305,34,17001,17500,4.48,approx_kl,0.001236875499807561
formal_2301_2305,drtp_sg,2305,34,17001,17500,4.48,policy_loss,-0.0022026403850159935
formal_2301_2305,drtp_sg,2305,34,17001,17500,4.48,value_loss,0.971690178019926
formal_2301_2305,drtp_sg,2305,34,17001,17500,4.48,grad_norm,8.442865952014923
formal_2301_2305,drtp_sg,2305,35,17501,18000,4.608,train_avg_reward,0.25866770650446413
formal_2301_2305,drtp_sg,2305,35,17501,18000,4.608,entropy,1.7531518595218658
formal_2301_2305,drtp_sg,2305,35,17501,18000,4.608,approx_kl,0.0016043278295001051
formal_2301_2305,drtp_sg,2305,35,17501,18000,4.608,policy_loss,-0.0027571599921746245
formal_2301_2305,drtp_sg,2305,35,17501,18000,4.608,value_loss,0.9428731949888169
formal_2301_2305,drtp_sg,2305,35,17501,18000,4.608,grad_norm,7.363124588578939
formal_2301_2305,drtp_sg,2305,36,18001,18500,4.736,train_avg_reward,0.27978606840968134
formal_2301_2305,drtp_sg,2305,36,18001,18500,4.736,entropy,1.637351757645607
formal_2301_2305,drtp_sg,2305,36,18001,18500,4.736,approx_kl,0.0016600178233796494
formal_2301_2305,drtp_sg,2305,36,18001,18500,4.736,policy_loss,-0.002889003952889895
formal_2301_2305,drtp_sg,2305,36,18001,18500,4.736,value_loss,0.5577295983694494
formal_2301_2305,drtp_sg,2305,36,18001,18500,4.736,grad_norm,6.647597897142171
formal_2301_2305,drtp_sg,2305,37,18501,19000,4.864,train_avg_reward,0.27543364742398263
formal_2301_2305,drtp_sg,2305,37,18501,19000,4.864,entropy,1.6575766546726227
formal_2301_2305,drtp_sg,2305,37,18501,19000,4.864,approx_kl,0.0013730320790615804
formal_2301_2305,drtp_sg,2305,37,18501,19000,4.864,policy_loss,-0.002416389787457384
formal_2301_2305,drtp_sg,2305,37,18501,19000,4.864,value_loss,0.7976472132690251
formal_2301_2305,drtp_sg,2305,37,18501,19000,4.864,grad_norm,7.394039045333862
formal_2301_2305,drtp_sg,2305,38,19001,19500,4.992,train_avg_reward,0.2803790539354086
formal_2301_2305,drtp_sg,2305,38,19001,19500,4.992,entropy,1.44803182721138
formal_2301_2305,drtp_sg,2305,38,19001,19500,4.992,approx_kl,0.0012461945085836578
formal_2301_2305,drtp_sg,2305,38,19001,19500,4.992,policy_loss,-0.0023021276628098835
formal_2301_2305,drtp_sg,2305,38,19001,19500,4.992,value_loss,0.7229968190453947
formal_2301_2305,drtp_sg,2305,38,19001,19500,4.992,grad_norm,7.669375541180372
formal_2301_2305,drtp_sg,2305,39,19501,20000,5.12,train_avg_reward,0.2746010667383671
formal_2301_2305,drtp_sg,2305,39,19501,20000,5.12,entropy,1.558990109682083
formal_2301_2305,drtp_sg,2305,39,19501,20000,5.12,approx_kl,0.0014461292183841547
formal_2301_2305,drtp_sg,2305,39,19501,20000,5.12,policy_loss,-0.0026333323279151503
formal_2301_2305,drtp_sg,2305,39,19501,20000,5.12,value_loss,0.8104816411342471
formal_2301_2305,drtp_sg,2305,39,19501,20000,5.12,grad_norm,7.309662010908127
formal_2301_2305,drtp_sg,2305,40,20001,20500,5.248,train_avg_reward,0.26790928158164024
formal_2301_2305,drtp_sg,2305,40,20001,20500,5.248,entropy,1.7053763964772224
formal_2301_2305,drtp_sg,2305,40,20001,20500,5.248,approx_kl,0.0017264412989928411
formal_2301_2305,drtp_sg,2305,40,20001,20500,5.248,policy_loss,-0.002762507975813459
formal_2301_2305,drtp_sg,2305,40,20001,20500,5.248,value_loss,0.8070990063734352
formal_2301_2305,drtp_sg,2305,40,20001,20500,5.248,grad_norm,7.181276460796594
formal_2301_2305,drtp_sg,2305,41,20501,21000,5.376,train_avg_reward,0.28281745237112044
formal_2301_2305,drtp_sg,2305,41,20501,21000,5.376,entropy,1.695700458407402
formal_2301_2305,drtp_sg,2305,41,20501,21000,5.376,approx_kl,0.0018384272017853288
formal_2301_2305,drtp_sg,2305,41,20501,21000,5.376,policy_loss,-0.002702494543705224
formal_2301_2305,drtp_sg,2305,41,20501,21000,5.376,value_loss,0.6621710531115532
formal_2301_2305,drtp_sg,2305,41,20501,21000,5.376,grad_norm,6.452285539269448
formal_2301_2305,drtp_sg,2305,42,21001,21500,5.504,train_avg_reward,0.2812688611149788
formal_2301_2305,drtp_sg,2305,42,21001,21500,5.504,entropy,1.6311414834856988
formal_2301_2305,drtp_sg,2305,42,21001,21500,5.504,approx_kl,0.0014746267814328615
formal_2301_2305,drtp_sg,2305,42,21001,21500,5.504,policy_loss,-0.002359929208682535
formal_2301_2305,drtp_sg,2305,42,21001,21500,5.504,value_loss,0.908570040082559
formal_2301_2305,drtp_sg,2305,42,21001,21500,5.504,grad_norm,8.257775884836912
formal_2301_2305,drtp_sg,2305,43,21501,22000,5.632,train_avg_reward,0.29002563445270063
formal_2301_2305,drtp_sg,2305,43,21501,22000,5.632,entropy,1.4362197612524032
formal_2301_2305,drtp_sg,2305,43,21501,22000,5.632,approx_kl,0.0013549059045765985
formal_2301_2305,drtp_sg,2305,43,21501,22000,5.632,policy_loss,-0.002318718509430018
formal_2301_2305,drtp_sg,2305,43,21501,22000,5.632,value_loss,0.7749003767706454
formal_2301_2305,drtp_sg,2305,43,21501,22000,5.632,grad_norm,8.21916705095768
formal_2301_2305,drtp_sg,2305,44,22001,22500,5.76,train_avg_reward,0.30705621853470805
formal_2301_2305,drtp_sg,2305,44,22001,22500,5.76,entropy,1.5782601564526557
formal_2301_2305,drtp_sg,2305,44,22001,22500,5.76,approx_kl,0.0016146512459307171
formal_2301_2305,drtp_sg,2305,44,22001,22500,5.76,policy_loss,-0.00243980929776472
formal_2301_2305,drtp_sg,2305,44,22001,22500,5.76,value_loss,0.5465141135379672
formal_2301_2305,drtp_sg,2305,44,22001,22500,5.76,grad_norm,7.639630480349064
formal_2301_2305,drtp_sg,2305,45,22501,23000,5.888,train_avg_reward,0.3155856420695782
formal_2301_2305,drtp_sg,2305,45,22501,23000,5.888,entropy,1.4503216887116432
formal_2301_2305,drtp_sg,2305,45,22501,23000,5.888,approx_kl,0.001488479867332289
formal_2301_2305,drtp_sg,2305,45,22501,23000,5.888,policy_loss,-0.0023696221753779557
formal_2301_2305,drtp_sg,2305,45,22501,23000,5.888,value_loss,0.4740789262223989
formal_2301_2305,drtp_sg,2305,45,22501,23000,5.888,grad_norm,8.1170519105196
formal_2301_2305,drtp_sg,2305,46,23001,23500,6.016,train_avg_reward,0.30973466822504997
formal_2301_2305,drtp_sg,2305,46,23001,23500,6.016,entropy,1.4098986234366895
formal_2301_2305,drtp_sg,2305,46,23001,23500,6.016,approx_kl,0.0015192974676923124
formal_2301_2305,drtp_sg,2305,46,23001,23500,6.016,policy_loss,-0.002417302285039251
formal_2301_2305,drtp_sg,2305,46,23001,23500,6.016,value_loss,0.7056757787447423
formal_2301_2305,drtp_sg,2305,46,23001,23500,6.016,grad_norm,8.737719672769309
formal_2301_2305,drtp_sg,2305,47,23501,24000,6.144,train_avg_reward,0.29960540221631526
formal_2301_2305,drtp_sg,2305,47,23501,24000,6.144,entropy,1.4482630760073663
formal_2301_2305,drtp_sg,2305,47,23501,24000,6.144,approx_kl,0.0012027505312301667
formal_2301_2305,drtp_sg,2305,47,23501,24000,6.144,policy_loss,-0.0021104017359474267
formal_2301_2305,drtp_sg,2305,47,23501,24000,6.144,value_loss,0.7220568739240989
formal_2301_2305,drtp_sg,2305,47,23501,24000,6.144,grad_norm,8.747794471427799
formal_2301_2305,drtp_sg,2305,48,24001,24500,6.272,train_avg_reward,0.31020056864619255
formal_2301_2305,drtp_sg,2305,48,24001,24500,6.272,entropy,1.5134860409498214
formal_2301_2305,drtp_sg,2305,48,24001,24500,6.272,approx_kl,0.0015545783492404213
formal_2301_2305,drtp_sg,2305,48,24001,24500,6.272,policy_loss,-0.0024012359987637673
formal_2301_2305,drtp_sg,2305,48,24001,24500,6.272,value_loss,0.6296789477309213
formal_2301_2305,drtp_sg,2305,48,24001,24500,6.272,grad_norm,8.931444839328528
formal_2301_2305,drtp_sg,2305,49,24501,25000,6.4,train_avg_reward,0.2938117343336344
formal_2301_2305,drtp_sg,2305,49,24501,25000,6.4,entropy,1.6583273146152497
formal_2301_2305,drtp_sg,2305,49,24501,25000,6.4,approx_kl,0.0012559122061664573
formal_2301_2305,drtp_sg,2305,49,24501,25000,6.4,policy_loss,-0.0022293751114439834
formal_2301_2305,drtp_sg,2305,49,24501,25000,6.4,value_loss,0.9609914243333042
formal_2301_2305,drtp_sg,2305,49,24501,25000,6.4,grad_norm,10.363783634781838
formal_2301_2305,drtp_sg,2305,50,25001,25500,6.528,train_avg_reward,0.2963141644448042
formal_2301_2305,drtp_sg,2305,50,25001,25500,6.528,entropy,1.5355216708183288
formal_2301_2305,drtp_sg,2305,50,25001,25500,6.528,approx_kl,0.0013657074536064665
formal_2301_2305,drtp_sg,2305,50,25001,25500,6.528,policy_loss,-0.002541407850329422
formal_2301_2305,drtp_sg,2305,50,25001,25500,6.528,value_loss,0.6269664240144193
formal_2301_2305,drtp_sg,2305,50,25001,25500,6.528,grad_norm,8.033066377311945
formal_2301_2305,drtp_sg,2305,51,25501,26000,6.656,train_avg_reward,0.26685358251444996
formal_2301_2305,drtp_sg,2305,51,25501,26000,6.656,entropy,1.5129713235497475
formal_2301_2305,drtp_sg,2305,51,25501,26000,6.656,approx_kl,0.0016980865964839379
formal_2301_2305,drtp_sg,2305,51,25501,26000,6.656,policy_loss,-0.0027161938909771362
formal_2301_2305,drtp_sg,2305,51,25501,26000,6.656,value_loss,0.7600500773489475
formal_2301_2305,drtp_sg,2305,51,25501,26000,6.656,grad_norm,7.579788297235965
formal_2301_2305,drtp_sg,2305,52,26001,26500,6.784,train_avg_reward,0.2822388067394495
formal_2301_2305,drtp_sg,2305,52,26001,26500,6.784,entropy,1.3447805497348309
formal_2301_2305,drtp_sg,2305,52,26001,26500,6.784,approx_kl,0.0010609250105649121
formal_2301_2305,drtp_sg,2305,52,26001,26500,6.784,policy_loss,-0.0020926018683761994
formal_2301_2305,drtp_sg,2305,52,26001,26500,6.784,value_loss,1.121710286770016
formal_2301_2305,drtp_sg,2305,52,26001,26500,6.784,grad_norm,9.338227641880513
formal_2301_2305,drtp_sg,2305,53,26501,27000,6.912,train_avg_reward,0.305382587954402
formal_2301_2305,drtp_sg,2305,53,26501,27000,6.912,entropy,1.3710192485451698
formal_2301_2305,drtp_sg,2305,53,26501,27000,6.912,approx_kl,0.0014035751254690035
formal_2301_2305,drtp_sg,2305,53,26501,27000,6.912,policy_loss,-0.0022967033719492047
formal_2301_2305,drtp_sg,2305,53,26501,27000,6.912,value_loss,0.9607309835199267
formal_2301_2305,drtp_sg,2305,53,26501,27000,6.912,grad_norm,10.309083537995816
formal_2301_2305,drtp_sg,2305,54,27001,27500,7.04,train_avg_reward,0.3131275762915611
formal_2301_2305,drtp_sg,2305,54,27001,27500,7.04,entropy,1.4308574242591858
formal_2301_2305,drtp_sg,2305,54,27001,27500,7.04,approx_kl,0.0015130188343240013
formal_2301_2305,drtp_sg,2305,54,27001,27500,7.04,policy_loss,-0.002291930599276996
formal_2301_2305,drtp_sg,2305,54,27001,27500,7.04,value_loss,0.5115530624072999
formal_2301_2305,drtp_sg,2305,54,27001,27500,7.04,grad_norm,11.463778121948241
formal_2301_2305,drtp_sg,2305,55,27501,28000,7.168,train_avg_reward,0.3058628730177879
formal_2301_2305,drtp_sg,2305,55,27501,28000,7.168,entropy,1.4699733883738517
formal_2301_2305,drtp_sg,2305,55,27501,28000,7.168,approx_kl,0.0017347677820750158
formal_2301_2305,drtp_sg,2305,55,27501,28000,7.168,policy_loss,-0.0027271064175884065
formal_2301_2305,drtp_sg,2305,55,27501,28000,7.168,value_loss,0.4976156616806984
formal_2301_2305,drtp_sg,2305,55,27501,28000,7.168,grad_norm,7.746775286763906
formal_2301_2305,drtp_sg,2305,56,28001,28500,7.296,train_avg_reward,0.26100737299025056
formal_2301_2305,drtp_sg,2305,56,28001,28500,7.296,entropy,1.4331052092313767
formal_2301_2305,drtp_sg,2305,56,28001,28500,7.296,approx_kl,0.0013669856957673461
formal_2301_2305,drtp_sg,2305,56,28001,28500,7.296,policy_loss,-0.0024729977164812153
formal_2301_2305,drtp_sg,2305,56,28001,28500,7.296,value_loss,0.9274631892591715
formal_2301_2305,drtp_sg,2305,56,28001,28500,7.296,grad_norm,7.3969473704993725
formal_2301_2305,drtp_sg,2305,57,28501,29000,7.424,train_avg_reward,0.265739762455225
formal_2301_2305,drtp_sg,2305,57,28501,29000,7.424,entropy,1.411660564005375
formal_2301_2305,drtp_sg,2305,57,28501,29000,7.424,approx_kl,0.001646571470232777
formal_2301_2305,drtp_sg,2305,57,28501,29000,7.424,policy_loss,-0.0025244488485424285
formal_2301_2305,drtp_sg,2305,57,28501,29000,7.424,value_loss,0.9264965728186071
formal_2301_2305,drtp_sg,2305,57,28501,29000,7.424,grad_norm,7.882150186389684
formal_2301_2305,drtp_sg,2305,58,29001,29500,7.552,train_avg_reward,0.25681715076416733
formal_2301_2305,drtp_sg,2305,58,29001,29500,7.552,entropy,1.5180186680555343
formal_2301_2305,drtp_sg,2305,58,29001,29500,7.552,approx_kl,0.0017713586958252522
formal_2301_2305,drtp_sg,2305,58,29001,29500,7.552,policy_loss,-0.002828436479727162
formal_2301_2305,drtp_sg,2305,58,29001,29500,7.552,value_loss,1.0658533384799957
formal_2301_2305,drtp_sg,2305,58,29001,29500,7.552,grad_norm,8.328274138242007
formal_2301_2305,drtp_sg,2305,59,29501,30000,7.68,train_avg_reward,0.2894568881988525
formal_2301_2305,drtp_sg,2305,59,29501,30000,7.68,entropy,1.562756411910057
formal_2301_2305,drtp_sg,2305,59,29501,30000,7.68,approx_kl,0.0014873189712055388
formal_2301_2305,drtp_sg,2305,59,29501,30000,7.68,policy_loss,-0.0025010588551566916
formal_2301_2305,drtp_sg,2305,59,29501,30000,7.68,value_loss,1.2380819728616625
formal_2301_2305,drtp_sg,2305,59,29501,30000,7.68,grad_norm,8.212063749164344
formal_2301_2305,drtp_sg,2305,60,30001,30500,7.808,train_avg_reward,0.29467114081978796
formal_2301_2305,drtp_sg,2305,60,30001,30500,7.808,entropy,1.5550844865441322
formal_2301_2305,drtp_sg,2305,60,30001,30500,7.808,approx_kl,0.0014816533187410289
formal_2301_2305,drtp_sg,2305,60,30001,30500,7.808,policy_loss,-0.002566518826881646
formal_2301_2305,drtp_sg,2305,60,30001,30500,7.808,value_loss,0.75486514897272
formal_2301_2305,drtp_sg,2305,60,30001,30500,7.808,grad_norm,8.371237670630217
formal_2301_2305,drtp_sg,2305,61,30501,31000,7.936,train_avg_reward,0.3005576623678207
formal_2301_2305,drtp_sg,2305,61,30501,31000,7.936,entropy,1.5618838539123536
formal_2301_2305,drtp_sg,2305,61,30501,31000,7.936,approx_kl,0.0016523819466243918
formal_2301_2305,drtp_sg,2305,61,30501,31000,7.936,policy_loss,-0.0026477496733639215
formal_2301_2305,drtp_sg,2305,61,30501,31000,7.936,value_loss,0.6227003440521658
formal_2301_2305,drtp_sg,2305,61,30501,31000,7.936,grad_norm,8.493670095950366
formal_2301_2305,drtp_sg,2305,62,31001,31500,8.064,train_avg_reward,0.31139014586806296
formal_2301_2305,drtp_sg,2305,62,31001,31500,8.064,entropy,1.584026233792305
formal_2301_2305,drtp_sg,2305,62,31001,31500,8.064,approx_kl,0.0012678431166246603
formal_2301_2305,drtp_sg,2305,62,31001,31500,8.064,policy_loss,-0.0022170214872545605
formal_2301_2305,drtp_sg,2305,62,31001,31500,8.064,value_loss,0.9034240033989772
formal_2301_2305,drtp_sg,2305,62,31001,31500,8.064,grad_norm,10.93987941238284
formal_2301_2305,drtp_sg,2305,63,31501,32000,8.192,train_avg_reward,0.3081616545319557
formal_2301_2305,drtp_sg,2305,63,31501,32000,8.192,entropy,1.5647567874193191
formal_2301_2305,drtp_sg,2305,63,31501,32000,8.192,approx_kl,0.001801607394300234
formal_2301_2305,drtp_sg,2305,63,31501,32000,8.192,policy_loss,-0.003020299230842329
formal_2301_2305,drtp_sg,2305,63,31501,32000,8.192,value_loss,0.5223581334277988
formal_2301_2305,drtp_sg,2305,63,31501,32000,8.192,grad_norm,6.556354378640652
formal_2301_2305,drtp_sg,2305,64,32001,32500,8.32,train_avg_reward,0.29749188539385796
formal_2301_2305,drtp_sg,2305,64,32001,32500,8.32,entropy,1.5034447800517081
formal_2301_2305,drtp_sg,2305,64,32001,32500,8.32,approx_kl,0.001571695577507242
formal_2301_2305,drtp_sg,2305,64,32001,32500,8.32,policy_loss,-0.0026040350426693583
formal_2301_2305,drtp_sg,2305,64,32001,32500,8.32,value_loss,0.5724967244789004
formal_2301_2305,drtp_sg,2305,64,32001,32500,8.32,grad_norm,8.389532511740923
formal_2301_2305,drtp_sg,2305,65,32501,33000,8.448,train_avg_reward,0.28631297244131565
formal_2301_2305,drtp_sg,2305,65,32501,33000,8.448,entropy,1.3729195954203606
formal_2301_2305,drtp_sg,2305,65,32501,33000,8.448,approx_kl,0.0015049274767276637
formal_2301_2305,drtp_sg,2305,65,32501,33000,8.448,policy_loss,-0.0025565308579986513
formal_2301_2305,drtp_sg,2305,65,32501,33000,8.448,value_loss,0.7988081257343292
formal_2301_2305,drtp_sg,2305,65,32501,33000,8.448,grad_norm,8.11131654548645
formal_2301_2305,drtp_sg,2305,66,33001,33500,8.576,train_avg_reward,0.31009868210554126
formal_2301_2305,drtp_sg,2305,66,33001,33500,8.576,entropy,1.547663442313671
formal_2301_2305,drtp_sg,2305,66,33001,33500,8.576,approx_kl,0.001406197008741092
formal_2301_2305,drtp_sg,2305,66,33001,33500,8.576,policy_loss,-0.0027581730765445346
formal_2301_2305,drtp_sg,2305,66,33001,33500,8.576,value_loss,0.4969489741772413
formal_2301_2305,drtp_sg,2305,66,33001,33500,8.576,grad_norm,8.811020936757327
formal_2301_2305,drtp_sg,2305,67,33501,34000,8.704,train_avg_reward,0.30325593012571334
formal_2301_2305,drtp_sg,2305,67,33501,34000,8.704,entropy,1.533790646970272
formal_2301_2305,drtp_sg,2305,67,33501,34000,8.704,approx_kl,0.0014244056317324902
formal_2301_2305,drtp_sg,2305,67,33501,34000,8.704,policy_loss,-0.0026327212210888913
formal_2301_2305,drtp_sg,2305,67,33501,34000,8.704,value_loss,0.7713445334825665
formal_2301_2305,drtp_sg,2305,67,33501,34000,8.704,grad_norm,10.064339668035506
formal_2301_2305,drtp_sg,2305,68,34001,34500,8.832,train_avg_reward,0.2606287513226271
formal_2301_2305,drtp_sg,2305,68,34001,34500,8.832,entropy,1.450004038155079
formal_2301_2305,drtp_sg,2305,68,34001,34500,8.832,approx_kl,0.0015513032978224093
formal_2301_2305,drtp_sg,2305,68,34001,34500,8.832,policy_loss,-0.0026501513013459607
formal_2301_2305,drtp_sg,2305,68,34001,34500,8.832,value_loss,1.148973054062575
formal_2301_2305,drtp_sg,2305,68,34001,34500,8.832,grad_norm,8.253507954984903
formal_2301_2305,drtp_sg,2305,69,34501,35000,8.96,train_avg_reward,0.2952232235223055
formal_2301_2305,drtp_sg,2305,69,34501,35000,8.96,entropy,1.4431603416204453
formal_2301_2305,drtp_sg,2305,69,34501,35000,8.96,approx_kl,0.0015373571035282357
formal_2301_2305,drtp_sg,2305,69,34501,35000,8.96,policy_loss,-0.002645653600348235
formal_2301_2305,drtp_sg,2305,69,34501,35000,8.96,value_loss,1.1244411697592587
formal_2301_2305,drtp_sg,2305,69,34501,35000,8.96,grad_norm,9.268225754588842
formal_2301_2305,drtp_sg,2305,70,35001,35500,9.088,train_avg_reward,0.30533420395851135
formal_2301_2305,drtp_sg,2305,70,35001,35500,9.088,entropy,1.4541583111286163
formal_2301_2305,drtp_sg,2305,70,35001,35500,9.088,approx_kl,0.001554587475796015
formal_2301_2305,drtp_sg,2305,70,35001,35500,9.088,policy_loss,-0.002707439213135802
formal_2301_2305,drtp_sg,2305,70,35001,35500,9.088,value_loss,0.598802800718695
formal_2301_2305,drtp_sg,2305,70,35001,35500,9.088,grad_norm,7.671566765904426
formal_2301_2305,drtp_sg,2305,71,35501,36000,9.216,train_avg_reward,0.311751212477684
formal_2301_2305,drtp_sg,2305,71,35501,36000,9.216,entropy,1.365806291103363
formal_2301_2305,drtp_sg,2305,71,35501,36000,9.216,approx_kl,0.0014701743821451537
formal_2301_2305,drtp_sg,2305,71,35501,36000,9.216,policy_loss,-0.0026766546107804255
formal_2301_2305,drtp_sg,2305,71,35501,36000,9.216,value_loss,0.6292827154379338
formal_2301_2305,drtp_sg,2305,71,35501,36000,9.216,grad_norm,9.66867338103056
formal_2301_2305,drtp_sg,2305,72,36001,36500,9.344,train_avg_reward,0.3107904441952705
formal_2301_2305,drtp_sg,2305,72,36001,36500,9.344,entropy,1.363511909723282
formal_2301_2305,drtp_sg,2305,72,36001,36500,9.344,approx_kl,0.0015703549498387718
formal_2301_2305,drtp_sg,2305,72,36001,36500,9.344,policy_loss,-0.0029524379931316768
formal_2301_2305,drtp_sg,2305,72,36001,36500,9.344,value_loss,0.5514254854973406
formal_2301_2305,drtp_sg,2305,72,36001,36500,9.344,grad_norm,7.742965746134519
formal_2301_2305,drtp_sg,2305,73,36501,37000,9.472,train_avg_reward,0.3047758095264435
formal_2301_2305,drtp_sg,2305,73,36501,37000,9.472,entropy,1.427487048447132
formal_2301_2305,drtp_sg,2305,73,36501,37000,9.472,approx_kl,0.0014897724815188273
formal_2301_2305,drtp_sg,2305,73,36501,37000,9.472,policy_loss,-0.0024143519122105175
formal_2301_2305,drtp_sg,2305,73,36501,37000,9.472,value_loss,0.6414459241479635
formal_2301_2305,drtp_sg,2305,73,36501,37000,9.472,grad_norm,9.855050718933343
formal_2301_2305,drtp_sg,2305,74,37001,37500,9.6,train_avg_reward,0.27050071811676024
formal_2301_2305,drtp_sg,2305,74,37001,37500,9.6,entropy,1.524443714916706
formal_2301_2305,drtp_sg,2305,74,37001,37500,9.6,approx_kl,0.0015551557706703458
formal_2301_2305,drtp_sg,2305,74,37001,37500,9.6,policy_loss,-0.002420222571687699
formal_2301_2305,drtp_sg,2305,74,37001,37500,9.6,value_loss,0.8362313395179808
formal_2301_2305,drtp_sg,2305,74,37001,37500,9.6,grad_norm,8.456144310981035
formal_2301_2305,drtp_sg,2305,75,37501,38000,9.728,train_avg_reward,0.2717628796100616
formal_2301_2305,drtp_sg,2305,75,37501,38000,9.728,entropy,1.6025992864370346
formal_2301_2305,drtp_sg,2305,75,37501,38000,9.728,approx_kl,0.0015813307477853047
formal_2301_2305,drtp_sg,2305,75,37501,38000,9.728,policy_loss,-0.002784880416466211
formal_2301_2305,drtp_sg,2305,75,37501,38000,9.728,value_loss,0.9165943611282855
formal_2301_2305,drtp_sg,2305,75,37501,38000,9.728,grad_norm,7.7807618213891985
formal_2301_2305,drtp_sg,2305,76,38001,38500,9.856,train_avg_reward,0.29410765318572524
formal_2301_2305,drtp_sg,2305,76,38001,38500,9.856,entropy,1.4190293027162553
formal_2301_2305,drtp_sg,2305,76,38001,38500,9.856,approx_kl,0.0015948457016055043
formal_2301_2305,drtp_sg,2305,76,38001,38500,9.856,policy_loss,-0.0025235307134021607
formal_2301_2305,drtp_sg,2305,76,38001,38500,9.856,value_loss,0.787397342134267
formal_2301_2305,drtp_sg,2305,76,38001,38500,9.856,grad_norm,10.01644628122449
formal_2301_2305,drtp_sg,2305,77,38501,39000,9.984,train_avg_reward,0.28015315925329926
formal_2301_2305,drtp_sg,2305,77,38501,39000,9.984,entropy,1.4229604864120484
formal_2301_2305,drtp_sg,2305,77,38501,39000,9.984,approx_kl,0.0017914589724441529
formal_2301_2305,drtp_sg,2305,77,38501,39000,9.984,policy_loss,-0.0025954558029979654
formal_2301_2305,drtp_sg,2305,77,38501,39000,9.984,value_loss,0.7710198616534472
formal_2301_2305,drtp_sg,2305,77,38501,39000,9.984,grad_norm,10.601637359052896
formal_2301_2305,drtp_sg,2305,78,39001,39500,10.112,train_avg_reward,0.27367166843679214
formal_2301_2305,drtp_sg,2305,78,39001,39500,10.112,entropy,1.4477773242526584
formal_2301_2305,drtp_sg,2305,78,39001,39500,10.112,approx_kl,0.00226071857675845
formal_2301_2305,drtp_sg,2305,78,39001,39500,10.112,policy_loss,-0.003093948871980906
formal_2301_2305,drtp_sg,2305,78,39001,39500,10.112,value_loss,0.655530495125623
formal_2301_2305,drtp_sg,2305,78,39001,39500,10.112,grad_norm,6.914603793668369
independent_2401_2405,utr_sg,2401,0,1,500,0.128,train_avg_reward,0.014947767866717187
independent_2401_2405,utr_sg,2401,0,1,500,0.128,entropy,2.7000010031461716
independent_2401_2405,utr_sg,2401,0,1,500,0.128,approx_kl,0.0010776239031348115
independent_2401_2405,utr_sg,2401,0,1,500,0.128,policy_loss,-0.0018658251125090568
independent_2401_2405,utr_sg,2401,0,1,500,0.128,value_loss,0.5014549524860922
independent_2401_2405,utr_sg,2401,0,1,500,0.128,grad_norm,1.6800339623540639
independent_2401_2405,utr_sg,2401,1,501,1000,0.256,train_avg_reward,0.05953012725966982
independent_2401_2405,utr_sg,2401,1,501,1000,0.256,entropy,2.556983838200569
independent_2401_2405,utr_sg,2401,1,501,1000,0.256,approx_kl,0.0010375912614475357
independent_2401_2405,utr_sg,2401,1,501,1000,0.256,policy_loss,-0.0018804640287670372
independent_2401_2405,utr_sg,2401,1,501,1000,0.256,value_loss,0.47748694428801536
independent_2401_2405,utr_sg,2401,1,501,1000,0.256,grad_norm,1.5501832576543093
independent_2401_2405,utr_sg,2401,2,1001,1500,0.384,train_avg_reward,0.08334115275484509
independent_2401_2405,utr_sg,2401,2,1001,1500,0.384,entropy,2.5608159967660904
independent_2401_2405,utr_sg,2401,2,1001,1500,0.384,approx_kl,0.0009994426948176929
independent_2401_2405,utr_sg,2401,2,1001,1500,0.384,policy_loss,-0.0016574646795914551
independent_2401_2405,utr_sg,2401,2,1001,1500,0.384,value_loss,0.5351396329877898
independent_2401_2405,utr_sg,2401,2,1001,1500,0.384,grad_norm,1.9282352418377995
independent_2401_2405,utr_sg,2401,3,1501,2000,0.512,train_avg_reward,0.0780440183149185
independent_2401_2405,utr_sg,2401,3,1501,2000,0.512,entropy,2.4239109905958176
independent_2401_2405,utr_sg,2401,3,1501,2000,0.512,approx_kl,0.0009250037321630771
independent_2401_2405,utr_sg,2401,3,1501,2000,0.512,policy_loss,-0.0019000163672876404
independent_2401_2405,utr_sg,2401,3,1501,2000,0.512,value_loss,0.5069945746529847
independent_2401_2405,utr_sg,2401,3,1501,2000,0.512,grad_norm,1.8850890285223723
independent_2401_2405,utr_sg,2401,4,2001,2500,0.64,train_avg_reward,0.1152644011080265
independent_2401_2405,utr_sg,2401,4,2001,2500,0.64,entropy,2.5756043212413786
independent_2401_2405,utr_sg,2401,4,2001,2500,0.64,approx_kl,0.0006259490284422403
independent_2401_2405,utr_sg,2401,4,2001,2500,0.64,policy_loss,-0.0015943198605926885
independent_2401_2405,utr_sg,2401,4,2001,2500,0.64,value_loss,0.7706598846912384
independent_2401_2405,utr_sg,2401,4,2001,2500,0.64,grad_norm,2.983310405284166
independent_2401_2405,utr_sg,2401,5,2501,3000,0.768,train_avg_reward,0.09118985670694382
independent_2401_2405,utr_sg,2401,5,2501,3000,0.768,entropy,2.4299097600579262
independent_2401_2405,utr_sg,2401,5,2501,3000,0.768,approx_kl,0.0009393769026197939
independent_2401_2405,utr_sg,2401,5,2501,3000,0.768,policy_loss,-0.0018937924623790613
independent_2401_2405,utr_sg,2401,5,2501,3000,0.768,value_loss,0.6051055452208967
independent_2401_2405,utr_sg,2401,5,2501,3000,0.768,grad_norm,2.6945274599045517
independent_2401_2405,utr_sg,2401,6,3001,3500,0.896,train_avg_reward,0.11500580276921392
independent_2401_2405,utr_sg,2401,6,3001,3500,0.896,entropy,2.542263067126274
independent_2401_2405,utr_sg,2401,6,3001,3500,0.896,approx_kl,0.0006786543073784135
independent_2401_2405,utr_sg,2401,6,3001,3500,0.896,policy_loss,-0.0015445518326441011
independent_2401_2405,utr_sg,2401,6,3001,3500,0.896,value_loss,1.0102145003341139
independent_2401_2405,utr_sg,2401,6,3001,3500,0.896,grad_norm,3.5591196528971194
independent_2401_2405,utr_sg,2401,7,3501,4000,1.024,train_avg_reward,0.13043417502567173
independent_2401_2405,utr_sg,2401,7,3501,4000,1.024,entropy,2.5351933732032776
independent_2401_2405,utr_sg,2401,7,3501,4000,1.024,approx_kl,0.0007640367661385123
independent_2401_2405,utr_sg,2401,7,3501,4000,1.024,policy_loss,-0.001592243235989258
independent_2401_2405,utr_sg,2401,7,3501,4000,1.024,value_loss,0.9069066239697858
independent_2401_2405,utr_sg,2401,7,3501,4000,1.024,grad_norm,3.7496545208245515
independent_2401_2405,utr_sg,2401,8,4001,4500,1.152,train_avg_reward,0.11612205858994275
independent_2401_2405,utr_sg,2401,8,4001,4500,1.152,entropy,2.316052859008312
independent_2401_2405,utr_sg,2401,8,4001,4500,1.152,approx_kl,0.0013048361098196132
independent_2401_2405,utr_sg,2401,8,4001,4500,1.152,policy_loss,-0.0023044671296070644
independent_2401_2405,utr_sg,2401,8,4001,4500,1.152,value_loss,0.7030318197375164
independent_2401_2405,utr_sg,2401,8,4001,4500,1.152,grad_norm,2.8394107778668403
independent_2401_2405,utr_sg,2401,9,4501,5000,1.28,train_avg_reward,0.1142689063027501
independent_2401_2405,utr_sg,2401,9,4501,5000,1.28,entropy,2.2912991644740104
independent_2401_2405,utr_sg,2401,9,4501,5000,1.28,approx_kl,0.0012766131039573638
independent_2401_2405,utr_sg,2401,9,4501,5000,1.28,policy_loss,-0.0021284942278076324
independent_2401_2405,utr_sg,2401,9,4501,5000,1.28,value_loss,0.8639367419313639
independent_2401_2405,utr_sg,2401,9,4501,5000,1.28,grad_norm,3.271725205466151
independent_2401_2405,utr_sg,2401,10,5001,5500,1.408,train_avg_reward,0.12770816631993512
independent_2401_2405,utr_sg,2401,10,5001,5500,1.408,entropy,2.333004357755184
independent_2401_2405,utr_sg,2401,10,5001,5500,1.408,approx_kl,0.0010431016587792781
independent_2401_2405,utr_sg,2401,10,5001,5500,1.408,policy_loss,-0.0020516661286879728
independent_2401_2405,utr_sg,2401,10,5001,5500,1.408,value_loss,1.0353184452168644
independent_2401_2405,utr_sg,2401,10,5001,5500,1.408,grad_norm,3.7280755301713944
independent_2401_2405,utr_sg,2401,11,5501,6000,1.536,train_avg_reward,0.10738628849200904
independent_2401_2405,utr_sg,2401,11,5501,6000,1.536,entropy,2.258663990855217
independent_2401_2405,utr_sg,2401,11,5501,6000,1.536,approx_kl,0.0018617714532004658
independent_2401_2405,utr_sg,2401,11,5501,6000,1.536,policy_loss,-0.002522927241696881
independent_2401_2405,utr_sg,2401,11,5501,6000,1.536,value_loss,1.124373879922554
independent_2401_2405,utr_sg,2401,11,5501,6000,1.536,grad_norm,3.614633066549897
independent_2401_2405,utr_sg,2401,12,6001,6500,1.664,train_avg_reward,0.12063715349137782
independent_2401_2405,utr_sg,2401,12,6001,6500,1.664,entropy,2.32423150151968
independent_2401_2405,utr_sg,2401,12,6001,6500,1.664,approx_kl,0.0016309724174388975
independent_2401_2405,utr_sg,2401,12,6001,6500,1.664,policy_loss,-0.002622154400016199
independent_2401_2405,utr_sg,2401,12,6001,6500,1.664,value_loss,0.9597252569161355
independent_2401_2405,utr_sg,2401,12,6001,6500,1.664,grad_norm,2.8903979403972624
independent_2401_2405,utr_sg,2401,13,6501,7000,1.792,train_avg_reward,0.14033857782185077
independent_2401_2405,utr_sg,2401,13,6501,7000,1.792,entropy,2.3337747365236283
independent_2401_2405,utr_sg,2401,13,6501,7000,1.792,approx_kl,0.001061444043604448
independent_2401_2405,utr_sg,2401,13,6501,7000,1.792,policy_loss,-0.001977715085876785
independent_2401_2405,utr_sg,2401,13,6501,7000,1.792,value_loss,0.6977419105777517
independent_2401_2405,utr_sg,2401,13,6501,7000,1.792,grad_norm,2.881140259295702
independent_2401_2405,utr_sg,2401,14,7001,7500,1.92,train_avg_reward,0.11006287639820948
independent_2401_2405,utr_sg,2401,14,7001,7500,1.92,entropy,2.345416189968586
independent_2401_2405,utr_sg,2401,14,7001,7500,1.92,approx_kl,0.001334948571840717
independent_2401_2405,utr_sg,2401,14,7001,7500,1.92,policy_loss,-0.0022391805260029546
independent_2401_2405,utr_sg,2401,14,7001,7500,1.92,value_loss,0.7793125899210572
independent_2401_2405,utr_sg,2401,14,7001,7500,1.92,grad_norm,3.6007703612893818
independent_2401_2405,utr_sg,2401,15,7501,8000,2.048,train_avg_reward,0.13376435485109686
independent_2401_2405,utr_sg,2401,15,7501,8000,2.048,entropy,2.435343120098114
independent_2401_2405,utr_sg,2401,15,7501,8000,2.048,approx_kl,0.0010863615708044563
independent_2401_2405,utr_sg,2401,15,7501,8000,2.048,policy_loss,-0.002036230530928945
independent_2401_2405,utr_sg,2401,15,7501,8000,2.048,value_loss,1.2451012579593808
independent_2401_2405,utr_sg,2401,15,7501,8000,2.048,grad_norm,3.8654259527176618
independent_2401_2405,utr_sg,2401,16,8001,8500,2.176,train_avg_reward,0.18674307760596276
independent_2401_2405,utr_sg,2401,16,8001,8500,2.176,entropy,2.2821529593467713
independent_2401_2405,utr_sg,2401,16,8001,8500,2.176,approx_kl,0.0010475195488167323
independent_2401_2405,utr_sg,2401,16,8001,8500,2.176,policy_loss,-0.0022225454321623977
independent_2401_2405,utr_sg,2401,16,8001,8500,2.176,value_loss,1.274479724779725
independent_2401_2405,utr_sg,2401,16,8001,8500,2.176,grad_norm,3.725475986301899
independent_2401_2405,utr_sg,2401,17,8501,9000,2.304,train_avg_reward,0.17620606637955644
independent_2401_2405,utr_sg,2401,17,8501,9000,2.304,entropy,2.3375466613769533
independent_2401_2405,utr_sg,2401,17,8501,9000,2.304,approx_kl,0.0010982758118840744
independent_2401_2405,utr_sg,2401,17,8501,9000,2.304,policy_loss,-0.00231333018138457
independent_2401_2405,utr_sg,2401,17,8501,9000,2.304,value_loss,1.391653457507491
independent_2401_2405,utr_sg,2401,17,8501,9000,2.304,grad_norm,4.634080963551998
independent_2401_2405,utr_sg,2401,18,9001,9500,2.432,train_avg_reward,0.19472787230927496
independent_2401_2405,utr_sg,2401,18,9001,9500,2.432,entropy,2.321774183869362
independent_2401_2405,utr_sg,2401,18,9001,9500,2.432,approx_kl,0.0013034470963113258
independent_2401_2405,utr_sg,2401,18,9001,9500,2.432,policy_loss,-0.0024372697939679146
independent_2401_2405,utr_sg,2401,18,9001,9500,2.432,value_loss,1.4105258050449192
independent_2401_2405,utr_sg,2401,18,9001,9500,2.432,grad_norm,4.969260923147202
independent_2401_2405,utr_sg,2401,19,9501,10000,2.56,train_avg_reward,0.23253344881534577
independent_2401_2405,utr_sg,2401,19,9501,10000,2.56,entropy,2.3503291130661963
independent_2401_2405,utr_sg,2401,19,9501,10000,2.56,approx_kl,0.0013676913612801701
independent_2401_2405,utr_sg,2401,19,9501,10000,2.56,policy_loss,-0.0024589192093951457
independent_2401_2405,utr_sg,2401,19,9501,10000,2.56,value_loss,1.4151724884659052
independent_2401_2405,utr_sg,2401,19,9501,10000,2.56,grad_norm,4.936234136998653
independent_2401_2405,utr_sg,2401,20,10001,10500,2.688,train_avg_reward,0.24152636305242778
independent_2401_2405,utr_sg,2401,20,10001,10500,2.688,entropy,2.236529943823814
independent_2401_2405,utr_sg,2401,20,10001,10500,2.688,approx_kl,0.0012103206441615836
independent_2401_2405,utr_sg,2401,20,10001,10500,2.688,policy_loss,-0.0023061478484030164
independent_2401_2405,utr_sg,2401,20,10001,10500,2.688,value_loss,1.4430704956501723
independent_2401_2405,utr_sg,2401,20,10001,10500,2.688,grad_norm,5.261308080047369
independent_2401_2405,utr_sg,2401,21,10501,11000,2.816,train_avg_reward,0.2531382958739996
independent_2401_2405,utr_sg,2401,21,10501,11000,2.816,entropy,2.0628346516489984
independent_2401_2405,utr_sg,2401,21,10501,11000,2.816,approx_kl,0.0013067334178285817
independent_2401_2405,utr_sg,2401,21,10501,11000,2.816,policy_loss,-0.00240742011764057
independent_2401_2405,utr_sg,2401,21,10501,11000,2.816,value_loss,1.2599718147069217
independent_2401_2405,utr_sg,2401,21,10501,11000,2.816,grad_norm,5.973794844150543
independent_2401_2405,utr_sg,2401,22,11001,11500,2.944,train_avg_reward,0.21851830967707792
independent_2401_2405,utr_sg,2401,22,11001,11500,2.944,entropy,1.8582744511961937
independent_2401_2405,utr_sg,2401,22,11001,11500,2.944,approx_kl,0.0012842327788448527
independent_2401_2405,utr_sg,2401,22,11001,11500,2.944,policy_loss,-0.0019942276421551046
independent_2401_2405,utr_sg,2401,22,11001,11500,2.944,value_loss,1.3189935478046537
independent_2401_2405,utr_sg,2401,22,11001,11500,2.944,grad_norm,8.190355369687081
independent_2401_2405,utr_sg,2401,23,11501,12000,3.072,train_avg_reward,0.2575354248434305
independent_2401_2405,utr_sg,2401,23,11501,12000,3.072,entropy,2.089738201439381
independent_2401_2405,utr_sg,2401,23,11501,12000,3.072,approx_kl,0.0016195735123537814
independent_2401_2405,utr_sg,2401,23,11501,12000,3.072,policy_loss,-0.002568775977659529
independent_2401_2405,utr_sg,2401,23,11501,12000,3.072,value_loss,1.178724024862051
independent_2401_2405,utr_sg,2401,23,11501,12000,3.072,grad_norm,6.0511786714196205
independent_2401_2405,utr_sg,2401,24,12001,12500,3.2,train_avg_reward,0.24526744167506695
independent_2401_2405,utr_sg,2401,24,12001,12500,3.2,entropy,1.9205920478105545
independent_2401_2405,utr_sg,2401,24,12001,12500,3.2,approx_kl,0.0012075926119155154
independent_2401_2405,utr_sg,2401,24,12001,12500,3.2,policy_loss,-0.002111928025108483
independent_2401_2405,utr_sg,2401,24,12001,12500,3.2,value_loss,1.0894270293787123
independent_2401_2405,utr_sg,2401,24,12001,12500,3.2,grad_norm,7.820911307275296
independent_2401_2405,utr_sg,2401,25,12501,13000,3.328,train_avg_reward,0.261927200935781
independent_2401_2405,utr_sg,2401,25,12501,13000,3.328,entropy,1.9766057284474372
independent_2401_2405,utr_sg,2401,25,12501,13000,3.328,approx_kl,0.001360265961421949
independent_2401_2405,utr_sg,2401,25,12501,13000,3.328,policy_loss,-0.002391026810647798
independent_2401_2405,utr_sg,2401,25,12501,13000,3.328,value_loss,1.0532082278840245
independent_2401_2405,utr_sg,2401,25,12501,13000,3.328,grad_norm,6.426479343026877
independent_2401_2405,utr_sg,2401,26,13001,13500,3.456,train_avg_reward,0.2621788417547941
independent_2401_2405,utr_sg,2401,26,13001,13500,3.456,entropy,1.8210321792364121
independent_2401_2405,utr_sg,2401,26,13001,13500,3.456,approx_kl,0.0009699054900074761
independent_2401_2405,utr_sg,2401,26,13001,13500,3.456,policy_loss,-0.0019475504894663302
independent_2401_2405,utr_sg,2401,26,13001,13500,3.456,value_loss,1.2253109529688955
independent_2401_2405,utr_sg,2401,26,13001,13500,3.456,grad_norm,8.60484337502718
independent_2401_2405,utr_sg,2401,27,13501,14000,3.584,train_avg_reward,0.2673034276068211
independent_2401_2405,utr_sg,2401,27,13501,14000,3.584,entropy,1.6990395953655244
independent_2401_2405,utr_sg,2401,27,13501,14000,3.584,approx_kl,0.001312221175800307
independent_2401_2405,utr_sg,2401,27,13501,14000,3.584,policy_loss,-0.002222653162359183
independent_2401_2405,utr_sg,2401,27,13501,14000,3.584,value_loss,1.4216115032285452
independent_2401_2405,utr_sg,2401,27,13501,14000,3.584,grad_norm,8.606676285833121
independent_2401_2405,utr_sg,2401,28,14001,14500,3.712,train_avg_reward,0.2461548792794347
independent_2401_2405,utr_sg,2401,28,14001,14500,3.712,entropy,1.8986886163949968
independent_2401_2405,utr_sg,2401,28,14001,14500,3.712,approx_kl,0.0016455047596524908
independent_2401_2405,utr_sg,2401,28,14001,14500,3.712,policy_loss,-0.002644083432365714
independent_2401_2405,utr_sg,2401,28,14001,14500,3.712,value_loss,1.2033270562514662
independent_2401_2405,utr_sg,2401,28,14001,14500,3.712,grad_norm,7.245770571768284
independent_2401_2405,utr_sg,2401,29,14501,15000,3.84,train_avg_reward,0.25202807056903836
independent_2401_2405,utr_sg,2401,29,14501,15000,3.84,entropy,1.6673225004076957
independent_2401_2405,utr_sg,2401,29,14501,15000,3.84,approx_kl,0.0017217225568814073
independent_2401_2405,utr_sg,2401,29,14501,15000,3.84,policy_loss,-0.0027301467559265272
independent_2401_2405,utr_sg,2401,29,14501,15000,3.84,value_loss,0.7612533421367407
independent_2401_2405,utr_sg,2401,29,14501,15000,3.84,grad_norm,5.809453218221664
independent_2401_2405,utr_sg,2401,30,15001,15500,3.968,train_avg_reward,0.25147583290189507
independent_2401_2405,utr_sg,2401,30,15001,15500,3.968,entropy,1.7792977916002273
independent_2401_2405,utr_sg,2401,30,15001,15500,3.968,approx_kl,0.0015839477459257973
independent_2401_2405,utr_sg,2401,30,15001,15500,3.968,policy_loss,-0.002585730093892437
independent_2401_2405,utr_sg,2401,30,15001,15500,3.968,value_loss,0.7772363739535213
independent_2401_2405,utr_sg,2401,30,15001,15500,3.968,grad_norm,6.168750276565552
independent_2401_2405,utr_sg,2401,31,15501,16000,4.096,train_avg_reward,0.240502694606781
independent_2401_2405,utr_sg,2401,31,15501,16000,4.096,entropy,1.8251374855041504
independent_2401_2405,utr_sg,2401,31,15501,16000,4.096,approx_kl,0.001542626126334955
independent_2401_2405,utr_sg,2401,31,15501,16000,4.096,policy_loss,-0.0026547690987275487
independent_2401_2405,utr_sg,2401,31,15501,16000,4.096,value_loss,0.7447735945619642
independent_2401_2405,utr_sg,2401,31,15501,16000,4.096,grad_norm,5.975705026030541
independent_2401_2405,utr_sg,2401,32,16001,16500,4.224,train_avg_reward,0.23529915077239275
independent_2401_2405,utr_sg,2401,32,16001,16500,4.224,entropy,1.8438223515152932
independent_2401_2405,utr_sg,2401,32,16001,16500,4.224,approx_kl,0.0013913966565202514
independent_2401_2405,utr_sg,2401,32,16001,16500,4.224,policy_loss,-0.002565716392801651
independent_2401_2405,utr_sg,2401,32,16001,16500,4.224,value_loss,0.9638580380678177
independent_2401_2405,utr_sg,2401,32,16001,16500,4.224,grad_norm,6.9956609801054
independent_2401_2405,utr_sg,2401,33,16501,17000,4.352,train_avg_reward,0.2511480038240552
independent_2401_2405,utr_sg,2401,33,16501,17000,4.352,entropy,1.8446741818785668
independent_2401_2405,utr_sg,2401,33,16501,17000,4.352,approx_kl,0.001270467560981159
independent_2401_2405,utr_sg,2401,33,16501,17000,4.352,policy_loss,-0.002393330927287641
independent_2401_2405,utr_sg,2401,33,16501,17000,4.352,value_loss,1.0874495750255884
independent_2401_2405,utr_sg,2401,33,16501,17000,4.352,grad_norm,8.532530835717916
independent_2401_2405,utr_sg,2401,34,17001,17500,4.48,train_avg_reward,0.27614898934960364
independent_2401_2405,utr_sg,2401,34,17001,17500,4.48,entropy,1.78531688529253
independent_2401_2405,utr_sg,2401,34,17001,17500,4.48,approx_kl,0.0012353037601745495
independent_2401_2405,utr_sg,2401,34,17001,17500,4.48,policy_loss,-0.0023138903674829805
independent_2401_2405,utr_sg,2401,34,17001,17500,4.48,value_loss,0.765036314111203
independent_2401_2405,utr_sg,2401,34,17001,17500,4.48,grad_norm,8.441323542326689
independent_2401_2405,utr_sg,2401,35,17501,18000,4.608,train_avg_reward,0.27668641856312753
independent_2401_2405,utr_sg,2401,35,17501,18000,4.608,entropy,1.775172549366951
independent_2401_2405,utr_sg,2401,35,17501,18000,4.608,approx_kl,0.0011880226989957603
independent_2401_2405,utr_sg,2401,35,17501,18000,4.608,policy_loss,-0.0022157814104311444
independent_2401_2405,utr_sg,2401,35,17501,18000,4.608,value_loss,0.6979980056658387
independent_2401_2405,utr_sg,2401,35,17501,18000,4.608,grad_norm,8.101581997036934
independent_2401_2405,utr_sg,2401,36,18001,18500,4.736,train_avg_reward,0.2770363756418228
independent_2401_2405,utr_sg,2401,36,18001,18500,4.736,entropy,1.7148057655692102
independent_2401_2405,utr_sg,2401,36,18001,18500,4.736,approx_kl,0.001346631693554323
independent_2401_2405,utr_sg,2401,36,18001,18500,4.736,policy_loss,-0.0022250444141080506
independent_2401_2405,utr_sg,2401,36,18001,18500,4.736,value_loss,0.770995308406651
independent_2401_2405,utr_sg,2401,36,18001,18500,4.736,grad_norm,8.117427908748388
independent_2401_2405,utr_sg,2401,37,18501,19000,4.864,train_avg_reward,0.2560849697440863
independent_2401_2405,utr_sg,2401,37,18501,19000,4.864,entropy,1.6728541185855865
independent_2401_2405,utr_sg,2401,37,18501,19000,4.864,approx_kl,0.001299389404159833
independent_2401_2405,utr_sg,2401,37,18501,19000,4.864,policy_loss,-0.002158108748672158
independent_2401_2405,utr_sg,2401,37,18501,19000,4.864,value_loss,1.0347975859232248
independent_2401_2405,utr_sg,2401,37,18501,19000,4.864,grad_norm,8.930997066497802
independent_2401_2405,utr_sg,2401,38,19001,19500,4.992,train_avg_reward,0.2725529198348522
independent_2401_2405,utr_sg,2401,38,19001,19500,4.992,entropy,1.6250240237116813
independent_2401_2405,utr_sg,2401,38,19001,19500,4.992,approx_kl,0.001356821127894968
independent_2401_2405,utr_sg,2401,38,19001,19500,4.992,policy_loss,-0.0021710311050264016
independent_2401_2405,utr_sg,2401,38,19001,19500,4.992,value_loss,0.9793861277773976
independent_2401_2405,utr_sg,2401,38,19001,19500,4.992,grad_norm,9.714676254153252
independent_2401_2405,utr_sg,2401,39,19501,20000,5.12,train_avg_reward,0.26099912416934967
independent_2401_2405,utr_sg,2401,39,19501,20000,5.12,entropy,1.6449615550637244
independent_2401_2405,utr_sg,2401,39,19501,20000,5.12,approx_kl,0.0013102389729860969
independent_2401_2405,utr_sg,2401,39,19501,20000,5.12,policy_loss,-0.0022198415708486784
independent_2401_2405,utr_sg,2401,39,19501,20000,5.12,value_loss,0.990451787699014
independent_2401_2405,utr_sg,2401,39,19501,20000,5.12,grad_norm,8.903844224065542
independent_2401_2405,utr_sg,2401,40,20001,20500,5.248,train_avg_reward,0.24289705539494752
independent_2401_2405,utr_sg,2401,40,20001,20500,5.248,entropy,1.6018125132918357
independent_2401_2405,utr_sg,2401,40,20001,20500,5.248,approx_kl,0.0016748246019208921
independent_2401_2405,utr_sg,2401,40,20001,20500,5.248,policy_loss,-0.0025506213009022366
independent_2401_2405,utr_sg,2401,40,20001,20500,5.248,value_loss,1.227931227196008
independent_2401_2405,utr_sg,2401,40,20001,20500,5.248,grad_norm,7.706691835820675
independent_2401_2405,utr_sg,2401,41,20501,21000,5.376,train_avg_reward,0.25706348407268526
independent_2401_2405,utr_sg,2401,41,20501,21000,5.376,entropy,1.660555868268013
independent_2401_2405,utr_sg,2401,41,20501,21000,5.376,approx_kl,0.0012148504452046205
independent_2401_2405,utr_sg,2401,41,20501,21000,5.376,policy_loss,-0.0023088845131053774
independent_2401_2405,utr_sg,2401,41,20501,21000,5.376,value_loss,1.1050702944025397
independent_2401_2405,utr_sg,2401,41,20501,21000,5.376,grad_norm,8.238056679517031
independent_2401_2405,utr_sg,2401,42,21001,21500,5.504,train_avg_reward,0.25150219309329985
independent_2401_2405,utr_sg,2401,42,21001,21500,5.504,entropy,1.5428898798823356
independent_2401_2405,utr_sg,2401,42,21001,21500,5.504,approx_kl,0.0017630514407683197
independent_2401_2405,utr_sg,2401,42,21001,21500,5.504,policy_loss,-0.00254600186891124
independent_2401_2405,utr_sg,2401,42,21001,21500,5.504,value_loss,1.0382955682314932
independent_2401_2405,utr_sg,2401,42,21001,21500,5.504,grad_norm,8.256800349384546
independent_2401_2405,utr_sg,2401,43,21501,22000,5.632,train_avg_reward,0.2677302800565958
independent_2401_2405,utr_sg,2401,43,21501,22000,5.632,entropy,1.5576688144803048
independent_2401_2405,utr_sg,2401,43,21501,22000,5.632,approx_kl,0.0015019629270712636
independent_2401_2405,utr_sg,2401,43,21501,22000,5.632,policy_loss,-0.002436335455579838
independent_2401_2405,utr_sg,2401,43,21501,22000,5.632,value_loss,0.9256751934885978
independent_2401_2405,utr_sg,2401,43,21501,22000,5.632,grad_norm,7.576312496095896
independent_2401_2405,utr_sg,2401,44,22001,22500,5.76,train_avg_reward,0.2676038303524256
independent_2401_2405,utr_sg,2401,44,22001,22500,5.76,entropy,1.5654398619532586
independent_2401_2405,utr_sg,2401,44,22001,22500,5.76,approx_kl,0.0013925882360890656
independent_2401_2405,utr_sg,2401,44,22001,22500,5.76,policy_loss,-0.002513998279195335
independent_2401_2405,utr_sg,2401,44,22001,22500,5.76,value_loss,0.905509544748813
independent_2401_2405,utr_sg,2401,44,22001,22500,5.76,grad_norm,7.064605623066425
independent_2401_2405,utr_sg,2401,45,22501,23000,5.888,train_avg_reward,0.2755832347124815
independent_2401_2405,utr_sg,2401,45,22501,23000,5.888,entropy,1.4612795606851579
independent_2401_2405,utr_sg,2401,45,22501,23000,5.888,approx_kl,0.0013994137634190306
independent_2401_2405,utr_sg,2401,45,22501,23000,5.888,policy_loss,-0.0024812512576690956
independent_2401_2405,utr_sg,2401,45,22501,23000,5.888,value_loss,0.6410355036128312
independent_2401_2405,utr_sg,2401,45,22501,23000,5.888,grad_norm,6.703190580934286
independent_2401_2405,utr_sg,2401,46,23001,23500,6.016,train_avg_reward,0.2946302246749401
independent_2401_2405,utr_sg,2401,46,23001,23500,6.016,entropy,1.5096039903759957
independent_2401_2405,utr_sg,2401,46,23001,23500,6.016,approx_kl,0.0011803890550164972
independent_2401_2405,utr_sg,2401,46,23001,23500,6.016,policy_loss,-0.001968839468507875
independent_2401_2405,utr_sg,2401,46,23001,23500,6.016,value_loss,0.7805022063422948
independent_2401_2405,utr_sg,2401,46,23001,23500,6.016,grad_norm,8.749765600115062
independent_2401_2405,utr_sg,2401,47,23501,24000,6.144,train_avg_reward,0.2982717174589634
independent_2401_2405,utr_sg,2401,47,23501,24000,6.144,entropy,1.5973232837319373
independent_2401_2405,utr_sg,2401,47,23501,24000,6.144,approx_kl,0.0013407635494402984
independent_2401_2405,utr_sg,2401,47,23501,24000,6.144,policy_loss,-0.002227183824082412
independent_2401_2405,utr_sg,2401,47,23501,24000,6.144,value_loss,0.7446714944466949
independent_2401_2405,utr_sg,2401,47,23501,24000,6.144,grad_norm,8.890716527700425
independent_2401_2405,utr_sg,2401,48,24001,24500,6.272,train_avg_reward,0.30398101139068606
independent_2401_2405,utr_sg,2401,48,24001,24500,6.272,entropy,1.6335234478116036
independent_2401_2405,utr_sg,2401,48,24001,24500,6.272,approx_kl,0.0013702635163681375
independent_2401_2405,utr_sg,2401,48,24001,24500,6.272,policy_loss,-0.002208785381502706
independent_2401_2405,utr_sg,2401,48,24001,24500,6.272,value_loss,0.7473652512058616
independent_2401_2405,utr_sg,2401,48,24001,24500,6.272,grad_norm,9.125342838272452
independent_2401_2405,utr_sg,2401,49,24501,25000,6.4,train_avg_reward,0.2776270291209221
independent_2401_2405,utr_sg,2401,49,24501,25000,6.4,entropy,1.5726092478036882
independent_2401_2405,utr_sg,2401,49,24501,25000,6.4,approx_kl,0.001497772885910305
independent_2401_2405,utr_sg,2401,49,24501,25000,6.4,policy_loss,-0.002519688342338809
independent_2401_2405,utr_sg,2401,49,24501,25000,6.4,value_loss,0.5722350907083601
independent_2401_2405,utr_sg,2401,49,24501,25000,6.4,grad_norm,6.8611798727810385
independent_2401_2405,utr_sg,2401,50,25001,25500,6.528,train_avg_reward,0.305987985342741
independent_2401_2405,utr_sg,2401,50,25001,25500,6.528,entropy,1.618800100684166
independent_2401_2405,utr_sg,2401,50,25001,25500,6.528,approx_kl,0.0012998647256396577
independent_2401_2405,utr_sg,2401,50,25001,25500,6.528,policy_loss,-0.002224338098309992
independent_2401_2405,utr_sg,2401,50,25001,25500,6.528,value_loss,0.5371754753827117
independent_2401_2405,utr_sg,2401,50,25001,25500,6.528,grad_norm,7.308064057648182
independent_2401_2405,utr_sg,2401,51,25501,26000,6.656,train_avg_reward,0.2994570548534393
independent_2401_2405,utr_sg,2401,51,25501,26000,6.656,entropy,1.636180962562561
independent_2401_2405,utr_sg,2401,51,25501,26000,6.656,approx_kl,0.0012152592763304678
independent_2401_2405,utr_sg,2401,51,25501,26000,6.656,policy_loss,-0.0022148143151733634
independent_2401_2405,utr_sg,2401,51,25501,26000,6.656,value_loss,0.6020643164771609
independent_2401_2405,utr_sg,2401,51,25501,26000,6.656,grad_norm,7.214742232263088
independent_2401_2405,utr_sg,2401,52,26001,26500,6.784,train_avg_reward,0.2814251993820071
independent_2401_2405,utr_sg,2401,52,26001,26500,6.784,entropy,1.598513376057148
independent_2401_2405,utr_sg,2401,52,26001,26500,6.784,approx_kl,0.0011508402010736033
independent_2401_2405,utr_sg,2401,52,26001,26500,6.784,policy_loss,-0.002014775722281293
independent_2401_2405,utr_sg,2401,52,26001,26500,6.784,value_loss,0.853137999881059
independent_2401_2405,utr_sg,2401,52,26001,26500,6.784,grad_norm,10.505207672476768
independent_2401_2405,utr_sg,2401,53,26501,27000,6.912,train_avg_reward,0.2719444936364889
independent_2401_2405,utr_sg,2401,53,26501,27000,6.912,entropy,1.5925152240395546
independent_2401_2405,utr_sg,2401,53,26501,27000,6.912,approx_kl,0.0012043877136067407
independent_2401_2405,utr_sg,2401,53,26501,27000,6.912,policy_loss,-0.0022949444619962136
independent_2401_2405,utr_sg,2401,53,26501,27000,6.912,value_loss,0.7494925447739661
independent_2401_2405,utr_sg,2401,53,26501,27000,6.912,grad_norm,8.45593723526597
independent_2401_2405,utr_sg,2401,54,27001,27500,7.04,train_avg_reward,0.2782098795026541
independent_2401_2405,utr_sg,2401,54,27001,27500,7.04,entropy,1.5809260799884797
independent_2401_2405,utr_sg,2401,54,27001,27500,7.04,approx_kl,0.0013759402366028213
independent_2401_2405,utr_sg,2401,54,27001,27500,7.04,policy_loss,-0.002443456873276612
independent_2401_2405,utr_sg,2401,54,27001,27500,7.04,value_loss,0.6740797568354756
independent_2401_2405,utr_sg,2401,54,27001,27500,7.04,grad_norm,8.136123252525925
independent_2401_2405,utr_sg,2401,55,27501,28000,7.168,train_avg_reward,0.29367202308773993
independent_2401_2405,utr_sg,2401,55,27501,28000,7.168,entropy,1.6090905894637109
independent_2401_2405,utr_sg,2401,55,27501,28000,7.168,approx_kl,0.0014059512847700976
independent_2401_2405,utr_sg,2401,55,27501,28000,7.168,policy_loss,-0.0023636807418356293
independent_2401_2405,utr_sg,2401,55,27501,28000,7.168,value_loss,0.8764051143378019
independent_2401_2405,utr_sg,2401,55,27501,28000,7.168,grad_norm,8.695245237767697
independent_2401_2405,utr_sg,2401,56,28001,28500,7.296,train_avg_reward,0.29167926090955737
independent_2401_2405,utr_sg,2401,56,28001,28500,7.296,entropy,1.5709383357763291
independent_2401_2405,utr_sg,2401,56,28001,28500,7.296,approx_kl,0.0013427056817028288
independent_2401_2405,utr_sg,2401,56,28001,28500,7.296,policy_loss,-0.002340831767561956
independent_2401_2405,utr_sg,2401,56,28001,28500,7.296,value_loss,0.8874007441848516
independent_2401_2405,utr_sg,2401,56,28001,28500,7.296,grad_norm,9.568266819775104
independent_2401_2405,utr_sg,2401,57,28501,29000,7.424,train_avg_reward,0.29220070186257363
independent_2401_2405,utr_sg,2401,57,28501,29000,7.424,entropy,1.5263147220015525
independent_2401_2405,utr_sg,2401,57,28501,29000,7.424,approx_kl,0.0014517153950837323
independent_2401_2405,utr_sg,2401,57,28501,29000,7.424,policy_loss,-0.0025631731706906354
independent_2401_2405,utr_sg,2401,57,28501,29000,7.424,value_loss,0.7570117373708636
independent_2401_2405,utr_sg,2401,57,28501,29000,7.424,grad_norm,8.548214192420245
independent_2401_2405,utr_sg,2401,58,29001,29500,7.552,train_avg_reward,0.3150116260945797
independent_2401_2405,utr_sg,2401,58,29001,29500,7.552,entropy,1.5450118082761763
independent_2401_2405,utr_sg,2401,58,29001,29500,7.552,approx_kl,0.0014022045148832703
independent_2401_2405,utr_sg,2401,58,29001,29500,7.552,policy_loss,-0.002264857340576629
independent_2401_2405,utr_sg,2401,58,29001,29500,7.552,value_loss,0.590845887804404
independent_2401_2405,utr_sg,2401,58,29001,29500,7.552,grad_norm,9.81900513729453
independent_2401_2405,utr_sg,2401,59,29501,30000,7.68,train_avg_reward,0.30644138395786286
independent_2401_2405,utr_sg,2401,59,29501,30000,7.68,entropy,1.4825055856704712
independent_2401_2405,utr_sg,2401,59,29501,30000,7.68,approx_kl,0.0013156215326331768
independent_2401_2405,utr_sg,2401,59,29501,30000,7.68,policy_loss,-0.002329577256296726
independent_2401_2405,utr_sg,2401,59,29501,30000,7.68,value_loss,0.613464050039649
independent_2401_2405,utr_sg,2401,59,29501,30000,7.68,grad_norm,8.987561731010675
independent_2401_2405,utr_sg,2401,60,30001,30500,7.808,train_avg_reward,0.30931524688005446
independent_2401_2405,utr_sg,2401,60,30001,30500,7.808,entropy,1.5151930691003799
independent_2401_2405,utr_sg,2401,60,30001,30500,7.808,approx_kl,0.001472105257702115
independent_2401_2405,utr_sg,2401,60,30001,30500,7.808,policy_loss,-0.0024025299181281916
independent_2401_2405,utr_sg,2401,60,30001,30500,7.808,value_loss,0.6063915634639561
independent_2401_2405,utr_sg,2401,60,30001,30500,7.808,grad_norm,8.82924754205346
independent_2401_2405,utr_sg,2401,61,30501,31000,7.936,train_avg_reward,0.30186658957600593
independent_2401_2405,utr_sg,2401,61,30501,31000,7.936,entropy,1.4645016102790833
independent_2401_2405,utr_sg,2401,61,30501,31000,7.936,approx_kl,0.0016414556987917068
independent_2401_2405,utr_sg,2401,61,30501,31000,7.936,policy_loss,-0.002585155448687967
independent_2401_2405,utr_sg,2401,61,30501,31000,7.936,value_loss,0.49236303377524016
independent_2401_2405,utr_sg,2401,61,30501,31000,7.936,grad_norm,7.778982925415039
independent_2401_2405,utr_sg,2401,62,31001,31500,8.064,train_avg_reward,0.3047990709543228
independent_2401_2405,utr_sg,2401,62,31001,31500,8.064,entropy,1.5413203245401383
independent_2401_2405,utr_sg,2401,62,31001,31500,8.064,approx_kl,0.0013827447489726734
independent_2401_2405,utr_sg,2401,62,31001,31500,8.064,policy_loss,-0.002163754166347697
independent_2401_2405,utr_sg,2401,62,31001,31500,8.064,value_loss,0.4550660496354103
independent_2401_2405,utr_sg,2401,62,31001,31500,8.064,grad_norm,10.54245590341091
independent_2401_2405,utr_sg,2401,63,31501,32000,8.192,train_avg_reward,0.3065098765194416
independent_2401_2405,utr_sg,2401,63,31501,32000,8.192,entropy,1.486952320575714
independent_2401_2405,utr_sg,2401,63,31501,32000,8.192,approx_kl,0.0012909412229992034
independent_2401_2405,utr_sg,2401,63,31501,32000,8.192,policy_loss,-0.0021864021255639
independent_2401_2405,utr_sg,2401,63,31501,32000,8.192,value_loss,0.5047949577439577
independent_2401_2405,utr_sg,2401,63,31501,32000,8.192,grad_norm,9.812052120268344
independent_2401_2405,utr_sg,2401,64,32001,32500,8.32,train_avg_reward,0.3045668734610081
independent_2401_2405,utr_sg,2401,64,32001,32500,8.32,entropy,1.4881906416416169
independent_2401_2405,utr_sg,2401,64,32001,32500,8.32,approx_kl,0.001486026231613014
independent_2401_2405,utr_sg,2401,64,32001,32500,8.32,policy_loss,-0.0024589414666834736
independent_2401_2405,utr_sg,2401,64,32001,32500,8.32,value_loss,0.6283651059288532
independent_2401_2405,utr_sg,2401,64,32001,32500,8.32,grad_norm,7.435205666124821
independent_2401_2405,utr_sg,2401,65,32501,33000,8.448,train_avg_reward,0.31141753765940666
independent_2401_2405,utr_sg,2401,65,32501,33000,8.448,entropy,1.51262221378088
independent_2401_2405,utr_sg,2401,65,32501,33000,8.448,approx_kl,0.00114210395911777
independent_2401_2405,utr_sg,2401,65,32501,33000,8.448,policy_loss,-0.0021576560624493295
independent_2401_2405,utr_sg,2401,65,32501,33000,8.448,value_loss,0.5373497228007763
independent_2401_2405,utr_sg,2401,65,32501,33000,8.448,grad_norm,7.788959501743316
independent_2401_2405,utr_sg,2401,66,33001,33500,8.576,train_avg_reward,0.3019542763233185
independent_2401_2405,utr_sg,2401,66,33001,33500,8.576,entropy,1.522825160264969
independent_2401_2405,utr_sg,2401,66,33001,33500,8.576,approx_kl,0.0014529774519081242
independent_2401_2405,utr_sg,2401,66,33001,33500,8.576,policy_loss,-0.0023423741332570997
independent_2401_2405,utr_sg,2401,66,33001,33500,8.576,value_loss,0.7008968773321249
independent_2401_2405,utr_sg,2401,66,33001,33500,8.576,grad_norm,9.535274298191071
independent_2401_2405,utr_sg,2401,67,33501,34000,8.704,train_avg_reward,0.31313622507452965
independent_2401_2405,utr_sg,2401,67,33501,34000,8.704,entropy,1.50772157818079
independent_2401_2405,utr_sg,2401,67,33501,34000,8.704,approx_kl,0.0013234264219475573
independent_2401_2405,utr_sg,2401,67,33501,34000,8.704,policy_loss,-0.0023572667702064817
independent_2401_2405,utr_sg,2401,67,33501,34000,8.704,value_loss,0.4258116752849892
independent_2401_2405,utr_sg,2401,67,33501,34000,8.704,grad_norm,8.127713591814041
independent_2401_2405,utr_sg,2401,68,34001,34500,8.832,train_avg_reward,0.3123286201655865
independent_2401_2405,utr_sg,2401,68,34001,34500,8.832,entropy,1.460382042169571
independent_2401_2405,utr_sg,2401,68,34001,34500,8.832,approx_kl,0.0010101235208342823
independent_2401_2405,utr_sg,2401,68,34001,34500,8.832,policy_loss,-0.001986850978237875
independent_2401_2405,utr_sg,2401,68,34001,34500,8.832,value_loss,0.5635459989272058
independent_2401_2405,utr_sg,2401,68,34001,34500,8.832,grad_norm,8.397453083574772
independent_2401_2405,utr_sg,2401,69,34501,35000,8.96,train_avg_reward,0.29462572309374807
independent_2401_2405,utr_sg,2401,69,34501,35000,8.96,entropy,1.5572805615663528
independent_2401_2405,utr_sg,2401,69,34501,35000,8.96,approx_kl,0.0016106362097519443
independent_2401_2405,utr_sg,2401,69,34501,35000,8.96,policy_loss,-0.002706463648602959
independent_2401_2405,utr_sg,2401,69,34501,35000,8.96,value_loss,0.7488527640663087
independent_2401_2405,utr_sg,2401,69,34501,35000,8.96,grad_norm,6.908315591424704
independent_2401_2405,utr_sg,2401,70,35001,35500,9.088,train_avg_reward,0.3044045711457729
independent_2401_2405,utr_sg,2401,70,35001,35500,9.088,entropy,1.5613504887223244
independent_2401_2405,utr_sg,2401,70,35001,35500,9.088,approx_kl,0.001216519191656509
independent_2401_2405,utr_sg,2401,70,35001,35500,9.088,policy_loss,-0.002114586147517556
independent_2401_2405,utr_sg,2401,70,35001,35500,9.088,value_loss,0.5039724679086357
independent_2401_2405,utr_sg,2401,70,35001,35500,9.088,grad_norm,9.229392211288214
independent_2401_2405,utr_sg,2401,71,35501,36000,9.216,train_avg_reward,0.2748298224210739
independent_2401_2405,utr_sg,2401,71,35501,36000,9.216,entropy,1.5857923592925072
independent_2401_2405,utr_sg,2401,71,35501,36000,9.216,approx_kl,0.0009961203634934388
independent_2401_2405,utr_sg,2401,71,35501,36000,9.216,policy_loss,-0.0020912390326263417
independent_2401_2405,utr_sg,2401,71,35501,36000,9.216,value_loss,1.078159096442163
independent_2401_2405,utr_sg,2401,71,35501,36000,9.216,grad_norm,9.665439135581256
independent_2401_2405,utr_sg,2401,72,36001,36500,9.344,train_avg_reward,0.3055827917158604
independent_2401_2405,utr_sg,2401,72,36001,36500,9.344,entropy,1.6043838211596013
independent_2401_2405,utr_sg,2401,72,36001,36500,9.344,approx_kl,0.0015526993142302604
independent_2401_2405,utr_sg,2401,72,36001,36500,9.344,policy_loss,-0.002572711632449451
independent_2401_2405,utr_sg,2401,72,36001,36500,9.344,value_loss,0.7745808770097792
independent_2401_2405,utr_sg,2401,72,36001,36500,9.344,grad_norm,8.182601836651564
independent_2401_2405,utr_sg,2401,73,36501,37000,9.472,train_avg_reward,0.3034364416748285
independent_2401_2405,utr_sg,2401,73,36501,37000,9.472,entropy,1.5734981889128685
independent_2401_2405,utr_sg,2401,73,36501,37000,9.472,approx_kl,0.001280742450236699
independent_2401_2405,utr_sg,2401,73,36501,37000,9.472,policy_loss,-0.0024968479381316275
independent_2401_2405,utr_sg,2401,73,36501,37000,9.472,value_loss,0.7223283396027982
independent_2401_2405,utr_sg,2401,73,36501,37000,9.472,grad_norm,8.090595989972353
independent_2401_2405,utr_sg,2401,74,37001,37500,9.6,train_avg_reward,0.3049704488813877
independent_2401_2405,utr_sg,2401,74,37001,37500,9.6,entropy,1.5651635475158692
independent_2401_2405,utr_sg,2401,74,37001,37500,9.6,approx_kl,0.0012617140572480441
independent_2401_2405,utr_sg,2401,74,37001,37500,9.6,policy_loss,-0.0024198031318381718
independent_2401_2405,utr_sg,2401,74,37001,37500,9.6,value_loss,0.6079083102010191
independent_2401_2405,utr_sg,2401,74,37001,37500,9.6,grad_norm,9.466949686259031
independent_2401_2405,utr_sg,2401,75,37501,38000,9.728,train_avg_reward,0.31705499471724036
independent_2401_2405,utr_sg,2401,75,37501,38000,9.728,entropy,1.522582439184189
independent_2401_2405,utr_sg,2401,75,37501,38000,9.728,approx_kl,0.001452024845626049
independent_2401_2405,utr_sg,2401,75,37501,38000,9.728,policy_loss,-0.0024836134434705393
independent_2401_2405,utr_sg,2401,75,37501,38000,9.728,value_loss,0.6209301850758493
independent_2401_2405,utr_sg,2401,75,37501,38000,9.728,grad_norm,9.190540331482888
independent_2401_2405,utr_sg,2401,76,38001,38500,9.856,train_avg_reward,0.31049100583791733
independent_2401_2405,utr_sg,2401,76,38001,38500,9.856,entropy,1.5912470194101334
independent_2401_2405,utr_sg,2401,76,38001,38500,9.856,approx_kl,0.0011282299440414662
independent_2401_2405,utr_sg,2401,76,38001,38500,9.856,policy_loss,-0.002079407236317457
independent_2401_2405,utr_sg,2401,76,38001,38500,9.856,value_loss,0.6469352037813515
independent_2401_2405,utr_sg,2401,76,38001,38500,9.856,grad_norm,10.977953382864595
independent_2401_2405,utr_sg,2401,77,38501,39000,9.984,train_avg_reward,0.3043379853367805
independent_2401_2405,utr_sg,2401,77,38501,39000,9.984,entropy,1.4995675975680351
independent_2401_2405,utr_sg,2401,77,38501,39000,9.984,approx_kl,0.0012892771625323122
independent_2401_2405,utr_sg,2401,77,38501,39000,9.984,policy_loss,-0.0024378125271735268
independent_2401_2405,utr_sg,2401,77,38501,39000,9.984,value_loss,0.7402496322700753
independent_2401_2405,utr_sg,2401,77,38501,39000,9.984,grad_norm,10.089605911791324
independent_2401_2405,utr_sg,2401,78,39001,39500,10.112,train_avg_reward,0.2955910591852097
independent_2401_2405,utr_sg,2401,78,39001,39500,10.112,entropy,1.437280853116323
independent_2401_2405,utr_sg,2401,78,39001,39500,10.112,approx_kl,0.0008746528166989304
independent_2401_2405,utr_sg,2401,78,39001,39500,10.112,policy_loss,-0.002272680893901228
independent_2401_2405,utr_sg,2401,78,39001,39500,10.112,value_loss,0.683296608191634
independent_2401_2405,utr_sg,2401,78,39001,39500,10.112,grad_norm,8.675853688328985
independent_2401_2405,utr_sg,2402,0,1,500,0.128,train_avg_reward,-0.00018420895736699094
independent_2401_2405,utr_sg,2402,0,1,500,0.128,entropy,2.781794428348541
independent_2401_2405,utr_sg,2402,0,1,500,0.128,approx_kl,0.0009744744269575373
independent_2401_2405,utr_sg,2402,0,1,500,0.128,policy_loss,-0.0018200164932513768
independent_2401_2405,utr_sg,2402,0,1,500,0.128,value_loss,0.4779812617851421
independent_2401_2405,utr_sg,2402,0,1,500,0.128,grad_norm,1.6803480023145676
independent_2401_2405,utr_sg,2402,1,501,1000,0.256,train_avg_reward,0.024421759031363763
independent_2401_2405,utr_sg,2402,1,501,1000,0.256,entropy,2.530586979806423
independent_2401_2405,utr_sg,2402,1,501,1000,0.256,approx_kl,0.0010038467226265008
independent_2401_2405,utr_sg,2402,1,501,1000,0.256,policy_loss,-0.0020668139624600936
independent_2401_2405,utr_sg,2402,1,501,1000,0.256,value_loss,0.4150077413551044
independent_2401_2405,utr_sg,2402,1,501,1000,0.256,grad_norm,1.3048302248343826
independent_2401_2405,utr_sg,2402,2,1001,1500,0.384,train_avg_reward,0.07476740391255589
independent_2401_2405,utr_sg,2402,2,1001,1500,0.384,entropy,2.5844794899225234
independent_2401_2405,utr_sg,2402,2,1001,1500,0.384,approx_kl,0.0008525927565156053
independent_2401_2405,utr_sg,2402,2,1001,1500,0.384,policy_loss,-0.001630909358562786
independent_2401_2405,utr_sg,2402,2,1001,1500,0.384,value_loss,0.40340139334928243
independent_2401_2405,utr_sg,2402,2,1001,1500,0.384,grad_norm,1.7102843223884703
independent_2401_2405,utr_sg,2402,3,1501,2000,0.512,train_avg_reward,0.0808841567733034
independent_2401_2405,utr_sg,2402,3,1501,2000,0.512,entropy,2.296133505523205
independent_2401_2405,utr_sg,2402,3,1501,2000,0.512,approx_kl,0.0009816479633339742
independent_2401_2405,utr_sg,2402,3,1501,2000,0.512,policy_loss,-0.0016091721790502944
independent_2401_2405,utr_sg,2402,3,1501,2000,0.512,value_loss,0.45862967051938175
independent_2401_2405,utr_sg,2402,3,1501,2000,0.512,grad_norm,1.972587798908353
independent_2401_2405,utr_sg,2402,4,2001,2500,0.64,train_avg_reward,0.10209487471194006
independent_2401_2405,utr_sg,2402,4,2001,2500,0.64,entropy,2.489054845571518
independent_2401_2405,utr_sg,2402,4,2001,2500,0.64,approx_kl,0.0008581979038228837
independent_2401_2405,utr_sg,2402,4,2001,2500,0.64,policy_loss,-0.0016264997883114658
independent_2401_2405,utr_sg,2402,4,2001,2500,0.64,value_loss,0.7262567120417952
independent_2401_2405,utr_sg,2402,4,2001,2500,0.64,grad_norm,2.6769127760604023
independent_2401_2405,utr_sg,2402,5,2501,3000,0.768,train_avg_reward,0.11065095457993447
independent_2401_2405,utr_sg,2402,5,2501,3000,0.768,entropy,2.4974893704652787
independent_2401_2405,utr_sg,2402,5,2501,3000,0.768,approx_kl,0.0007152696502509267
independent_2401_2405,utr_sg,2402,5,2501,3000,0.768,policy_loss,-0.0015107360975579794
independent_2401_2405,utr_sg,2402,5,2501,3000,0.768,value_loss,0.9624528623484075
independent_2401_2405,utr_sg,2402,5,2501,3000,0.768,grad_norm,3.2227214611917736
independent_2401_2405,utr_sg,2402,6,3001,3500,0.896,train_avg_reward,0.12071152587025426
independent_2401_2405,utr_sg,2402,6,3001,3500,0.896,entropy,2.578092247128487
independent_2401_2405,utr_sg,2402,6,3001,3500,0.896,approx_kl,0.0007121826060089612
independent_2401_2405,utr_sg,2402,6,3001,3500,0.896,policy_loss,-0.0015324944718537008
independent_2401_2405,utr_sg,2402,6,3001,3500,0.896,value_loss,0.9854165373109282
independent_2401_2405,utr_sg,2402,6,3001,3500,0.896,grad_norm,3.6111358662843704
independent_2401_2405,utr_sg,2402,7,3501,4000,1.024,train_avg_reward,0.12346585229597985
independent_2401_2405,utr_sg,2402,7,3501,4000,1.024,entropy,2.525327568769455
independent_2401_2405,utr_sg,2402,7,3501,4000,1.024,approx_kl,0.0007807344148357818
independent_2401_2405,utr_sg,2402,7,3501,4000,1.024,policy_loss,-0.00172227657562307
independent_2401_2405,utr_sg,2402,7,3501,4000,1.024,value_loss,1.006675407456234
independent_2401_2405,utr_sg,2402,7,3501,4000,1.024,grad_norm,3.6678059716671707
independent_2401_2405,utr_sg,2402,8,4001,4500,1.152,train_avg_reward,0.12384170730784536
independent_2401_2405,utr_sg,2402,8,4001,4500,1.152,entropy,2.543188411951065
independent_2401_2405,utr_sg,2402,8,4001,4500,1.152,approx_kl,0.0007249523859653284
independent_2401_2405,utr_sg,2402,8,4001,4500,1.152,policy_loss,-0.0017137288267470587
independent_2401_2405,utr_sg,2402,8,4001,4500,1.152,value_loss,1.0750968340747058
independent_2401_2405,utr_sg,2402,8,4001,4500,1.152,grad_norm,4.085204805955291
independent_2401_2405,utr_sg,2402,9,4501,5000,1.28,train_avg_reward,0.11701960254646837
independent_2401_2405,utr_sg,2402,9,4501,5000,1.28,entropy,2.4145326784849166
independent_2401_2405,utr_sg,2402,9,4501,5000,1.28,approx_kl,0.0008666933946411366
independent_2401_2405,utr_sg,2402,9,4501,5000,1.28,policy_loss,-0.001732380897728793
independent_2401_2405,utr_sg,2402,9,4501,5000,1.28,value_loss,0.7965301738651469
independent_2401_2405,utr_sg,2402,9,4501,5000,1.28,grad_norm,3.2485419874936343
independent_2401_2405,utr_sg,2402,10,5001,5500,1.408,train_avg_reward,0.1409850379601121
independent_2401_2405,utr_sg,2402,10,5001,5500,1.408,entropy,2.4372549716830254
independent_2401_2405,utr_sg,2402,10,5001,5500,1.408,approx_kl,0.0009287705731885579
independent_2401_2405,utr_sg,2402,10,5001,5500,1.408,policy_loss,-0.0018282501044798467
independent_2401_2405,utr_sg,2402,10,5001,5500,1.408,value_loss,0.876827325035818
independent_2401_2405,utr_sg,2402,10,5001,5500,1.408,grad_norm,3.6725701831281183
independent_2401_2405,utr_sg,2402,11,5501,6000,1.536,train_avg_reward,0.1633774541914463
independent_2401_2405,utr_sg,2402,11,5501,6000,1.536,entropy,2.4525529119968414
independent_2401_2405,utr_sg,2402,11,5501,6000,1.536,approx_kl,0.000799779587510405
independent_2401_2405,utr_sg,2402,11,5501,6000,1.536,policy_loss,-0.0016180589441285602
independent_2401_2405,utr_sg,2402,11,5501,6000,1.536,value_loss,0.8482213339619339
independent_2401_2405,utr_sg,2402,11,5501,6000,1.536,grad_norm,3.768967633977532
independent_2401_2405,utr_sg,2402,12,6001,6500,1.664,train_avg_reward,0.16695233999192716
independent_2401_2405,utr_sg,2402,12,6001,6500,1.664,entropy,2.4170875328183175
independent_2401_2405,utr_sg,2402,12,6001,6500,1.664,approx_kl,0.0010820724699947275
independent_2401_2405,utr_sg,2402,12,6001,6500,1.664,policy_loss,-0.0019509199945807717
independent_2401_2405,utr_sg,2402,12,6001,6500,1.664,value_loss,0.8280711713507771
independent_2401_2405,utr_sg,2402,12,6001,6500,1.664,grad_norm,3.9172665842175483
independent_2401_2405,utr_sg,2402,13,6501,7000,1.792,train_avg_reward,0.16687228330224751
independent_2401_2405,utr_sg,2402,13,6501,7000,1.792,entropy,2.367371522188187
independent_2401_2405,utr_sg,2402,13,6501,7000,1.792,approx_kl,0.0009871324453492886
independent_2401_2405,utr_sg,2402,13,6501,7000,1.792,policy_loss,-0.001909695624894798
independent_2401_2405,utr_sg,2402,13,6501,7000,1.792,value_loss,0.864779726717621
independent_2401_2405,utr_sg,2402,13,6501,7000,1.792,grad_norm,4.543724692329764
independent_2401_2405,utr_sg,2402,14,7001,7500,1.92,train_avg_reward,0.17631877609342336
independent_2401_2405,utr_sg,2402,14,7001,7500,1.92,entropy,2.324027944803238
independent_2401_2405,utr_sg,2402,14,7001,7500,1.92,approx_kl,0.0010177168064002822
independent_2401_2405,utr_sg,2402,14,7001,7500,1.92,policy_loss,-0.0018511192832358437
independent_2401_2405,utr_sg,2402,14,7001,7500,1.92,value_loss,0.9868562453314662
independent_2401_2405,utr_sg,2402,14,7001,7500,1.92,grad_norm,5.568574954226613
independent_2401_2405,utr_sg,2402,15,7501,8000,2.048,train_avg_reward,0.1645293548181653
independent_2401_2405,utr_sg,2402,15,7501,8000,2.048,entropy,2.29305118483305
independent_2401_2405,utr_sg,2402,15,7501,8000,2.048,approx_kl,0.0014415475282018326
independent_2401_2405,utr_sg,2402,15,7501,8000,2.048,policy_loss,-0.002214481998855557
independent_2401_2405,utr_sg,2402,15,7501,8000,2.048,value_loss,0.9623643265385181
independent_2401_2405,utr_sg,2402,15,7501,8000,2.048,grad_norm,5.1889994974434375
independent_2401_2405,utr_sg,2402,16,8001,8500,2.176,train_avg_reward,0.19978222028166057
independent_2401_2405,utr_sg,2402,16,8001,8500,2.176,entropy,2.199899382054806
independent_2401_2405,utr_sg,2402,16,8001,8500,2.176,approx_kl,0.0009117459593858253
independent_2401_2405,utr_sg,2402,16,8001,8500,2.176,policy_loss,-0.0017869719641795071
independent_2401_2405,utr_sg,2402,16,8001,8500,2.176,value_loss,0.9449069683291018
independent_2401_2405,utr_sg,2402,16,8001,8500,2.176,grad_norm,5.477330522030592
independent_2401_2405,utr_sg,2402,17,8501,9000,2.304,train_avg_reward,0.1953733386397362
independent_2401_2405,utr_sg,2402,17,8501,9000,2.304,entropy,2.2039822568297387
independent_2401_2405,utr_sg,2402,17,8501,9000,2.304,approx_kl,0.0011141600007731536
independent_2401_2405,utr_sg,2402,17,8501,9000,2.304,policy_loss,-0.0019204784318712527
independent_2401_2405,utr_sg,2402,17,8501,9000,2.304,value_loss,0.8939458555281162
independent_2401_2405,utr_sg,2402,17,8501,9000,2.304,grad_norm,5.864106101706624
independent_2401_2405,utr_sg,2402,18,9001,9500,2.432,train_avg_reward,0.17688915999233723
independent_2401_2405,utr_sg,2402,18,9001,9500,2.432,entropy,2.168605294764042
independent_2401_2405,utr_sg,2402,18,9001,9500,2.432,approx_kl,0.0013701379413752566
independent_2401_2405,utr_sg,2402,18,9001,9500,2.432,policy_loss,-0.002178842793633397
independent_2401_2405,utr_sg,2402,18,9001,9500,2.432,value_loss,1.0152188428081572
independent_2401_2405,utr_sg,2402,18,9001,9500,2.432,grad_norm,5.9638270642459394
independent_2401_2405,utr_sg,2402,19,9501,10000,2.56,train_avg_reward,0.1945190736502409
independent_2401_2405,utr_sg,2402,19,9501,10000,2.56,entropy,2.1293142666816713
independent_2401_2405,utr_sg,2402,19,9501,10000,2.56,approx_kl,0.001539137397176697
independent_2401_2405,utr_sg,2402,19,9501,10000,2.56,policy_loss,-0.0024457045068417937
independent_2401_2405,utr_sg,2402,19,9501,10000,2.56,value_loss,0.7779378066249192
independent_2401_2405,utr_sg,2402,19,9501,10000,2.56,grad_norm,4.557758844316005
independent_2401_2405,utr_sg,2402,20,10001,10500,2.688,train_avg_reward,0.22003827150166036
independent_2401_2405,utr_sg,2402,20,10001,10500,2.688,entropy,2.094999074459076
independent_2401_2405,utr_sg,2402,20,10001,10500,2.688,approx_kl,0.0011830558862007655
independent_2401_2405,utr_sg,2402,20,10001,10500,2.688,policy_loss,-0.0018610105442530935
independent_2401_2405,utr_sg,2402,20,10001,10500,2.688,value_loss,0.8232074748203159
independent_2401_2405,utr_sg,2402,20,10001,10500,2.688,grad_norm,5.708117906033992
independent_2401_2405,utr_sg,2402,21,10501,11000,2.816,train_avg_reward,0.2261188946813345
independent_2401_2405,utr_sg,2402,21,10501,11000,2.816,entropy,1.9417449018359185
independent_2401_2405,utr_sg,2402,21,10501,11000,2.816,approx_kl,0.001397899594775479
independent_2401_2405,utr_sg,2402,21,10501,11000,2.816,policy_loss,-0.002145933712560369
independent_2401_2405,utr_sg,2402,21,10501,11000,2.816,value_loss,0.5927096686400473
independent_2401_2405,utr_sg,2402,21,10501,11000,2.816,grad_norm,4.6492135625481605
independent_2401_2405,utr_sg,2402,22,11001,11500,2.944,train_avg_reward,0.2260390346571803
independent_2401_2405,utr_sg,2402,22,11001,11500,2.944,entropy,2.048718657493591
independent_2401_2405,utr_sg,2402,22,11001,11500,2.944,approx_kl,0.0011866392864242987
independent_2401_2405,utr_sg,2402,22,11001,11500,2.944,policy_loss,-0.0019916484637255536
independent_2401_2405,utr_sg,2402,22,11001,11500,2.944,value_loss,0.5773097365740687
independent_2401_2405,utr_sg,2402,22,11001,11500,2.944,grad_norm,5.209822777420283
independent_2401_2405,utr_sg,2402,23,11501,12000,3.072,train_avg_reward,0.22485747054219246
independent_2401_2405,utr_sg,2402,23,11501,12000,3.072,entropy,2.0535459070801734
independent_2401_2405,utr_sg,2402,23,11501,12000,3.072,approx_kl,0.0011211881599989878
independent_2401_2405,utr_sg,2402,23,11501,12000,3.072,policy_loss,-0.00195540011540377
independent_2401_2405,utr_sg,2402,23,11501,12000,3.072,value_loss,0.47759352813102307
independent_2401_2405,utr_sg,2402,23,11501,12000,3.072,grad_norm,4.309962092652917
independent_2401_2405,utr_sg,2402,24,12001,12500,3.2,train_avg_reward,0.22160753314197063
independent_2401_2405,utr_sg,2402,24,12001,12500,3.2,entropy,1.901777111530304
independent_2401_2405,utr_sg,2402,24,12001,12500,3.2,approx_kl,0.0011649743578427646
independent_2401_2405,utr_sg,2402,24,12001,12500,3.2,policy_loss,-0.002027676913026995
independent_2401_2405,utr_sg,2402,24,12001,12500,3.2,value_loss,0.6679995503611863
independent_2401_2405,utr_sg,2402,24,12001,12500,3.2,grad_norm,4.342061206758022
independent_2401_2405,utr_sg,2402,25,12501,13000,3.328,train_avg_reward,0.21259305472671985
independent_2401_2405,utr_sg,2402,25,12501,13000,3.328,entropy,1.8421798619627952
independent_2401_2405,utr_sg,2402,25,12501,13000,3.328,approx_kl,0.0010463810525012955
independent_2401_2405,utr_sg,2402,25,12501,13000,3.328,policy_loss,-0.001974052432592718
independent_2401_2405,utr_sg,2402,25,12501,13000,3.328,value_loss,0.7125449310615659
independent_2401_2405,utr_sg,2402,25,12501,13000,3.328,grad_norm,4.934540994763374
independent_2401_2405,utr_sg,2402,26,13001,13500,3.456,train_avg_reward,0.2247443049326539
independent_2401_2405,utr_sg,2402,26,13001,13500,3.456,entropy,1.9221916034221649
independent_2401_2405,utr_sg,2402,26,13001,13500,3.456,approx_kl,0.0013027920287380142
independent_2401_2405,utr_sg,2402,26,13001,13500,3.456,policy_loss,-0.002153418477117476
independent_2401_2405,utr_sg,2402,26,13001,13500,3.456,value_loss,0.698140586508438
independent_2401_2405,utr_sg,2402,26,13001,13500,3.456,grad_norm,5.064717317134142
independent_2401_2405,utr_sg,2402,27,13501,14000,3.584,train_avg_reward,0.2114694063141942
independent_2401_2405,utr_sg,2402,27,13501,14000,3.584,entropy,1.9447055490016938
independent_2401_2405,utr_sg,2402,27,13501,14000,3.584,approx_kl,0.0015391124925558841
independent_2401_2405,utr_sg,2402,27,13501,14000,3.584,policy_loss,-0.002362122977082746
independent_2401_2405,utr_sg,2402,27,13501,14000,3.584,value_loss,0.6981678671613336
independent_2401_2405,utr_sg,2402,27,13501,14000,3.584,grad_norm,4.9074386609047655
independent_2401_2405,utr_sg,2402,28,14001,14500,3.712,train_avg_reward,0.22453208182007076
independent_2401_2405,utr_sg,2402,28,14001,14500,3.712,entropy,1.9906277573108673
independent_2401_2405,utr_sg,2402,28,14001,14500,3.712,approx_kl,0.0013222984875223991
independent_2401_2405,utr_sg,2402,28,14001,14500,3.712,policy_loss,-0.002188286291647566
independent_2401_2405,utr_sg,2402,28,14001,14500,3.712,value_loss,0.5479521156903356
independent_2401_2405,utr_sg,2402,28,14001,14500,3.712,grad_norm,4.34123178987205
independent_2401_2405,utr_sg,2402,29,14501,15000,3.84,train_avg_reward,0.21548189399391413
independent_2401_2405,utr_sg,2402,29,14501,15000,3.84,entropy,1.9025767893195151
independent_2401_2405,utr_sg,2402,29,14501,15000,3.84,approx_kl,0.0016889191510090283
independent_2401_2405,utr_sg,2402,29,14501,15000,3.84,policy_loss,-0.002500647909586847
independent_2401_2405,utr_sg,2402,29,14501,15000,3.84,value_loss,0.5696538136079907
independent_2401_2405,utr_sg,2402,29,14501,15000,3.84,grad_norm,3.9133856649249794
independent_2401_2405,utr_sg,2402,30,15001,15500,3.968,train_avg_reward,0.2088041539043188
independent_2401_2405,utr_sg,2402,30,15001,15500,3.968,entropy,1.7313398604989052
independent_2401_2405,utr_sg,2402,30,15001,15500,3.968,approx_kl,0.0012211101631163087
independent_2401_2405,utr_sg,2402,30,15001,15500,3.968,policy_loss,-0.001955408172862603
independent_2401_2405,utr_sg,2402,30,15001,15500,3.968,value_loss,0.7112834874540568
independent_2401_2405,utr_sg,2402,30,15001,15500,3.968,grad_norm,4.907108691841364
independent_2401_2405,utr_sg,2402,31,15501,16000,4.096,train_avg_reward,0.23732564243674278
independent_2401_2405,utr_sg,2402,31,15501,16000,4.096,entropy,1.7699434631466866
independent_2401_2405,utr_sg,2402,31,15501,16000,4.096,approx_kl,0.001548735209955032
independent_2401_2405,utr_sg,2402,31,15501,16000,4.096,policy_loss,-0.0024591910095177016
independent_2401_2405,utr_sg,2402,31,15501,16000,4.096,value_loss,0.3602356010163203
independent_2401_2405,utr_sg,2402,31,15501,16000,4.096,grad_norm,3.288992975175381
independent_2401_2405,utr_sg,2402,32,16001,16500,4.224,train_avg_reward,0.2418230566084385
independent_2401_2405,utr_sg,2402,32,16001,16500,4.224,entropy,1.7647782219052315
independent_2401_2405,utr_sg,2402,32,16001,16500,4.224,approx_kl,0.0016104517149797134
independent_2401_2405,utr_sg,2402,32,16001,16500,4.224,policy_loss,-0.0021746496725307068
independent_2401_2405,utr_sg,2402,32,16001,16500,4.224,value_loss,0.35178875999338927
independent_2401_2405,utr_sg,2402,32,16001,16500,4.224,grad_norm,3.390960628762841
independent_2401_2405,utr_sg,2402,33,16501,17000,4.352,train_avg_reward,0.2525523003935814
independent_2401_2405,utr_sg,2402,33,16501,17000,4.352,entropy,1.7215758947134019
independent_2401_2405,utr_sg,2402,33,16501,17000,4.352,approx_kl,0.0013611445401388617
independent_2401_2405,utr_sg,2402,33,16501,17000,4.352,policy_loss,-0.0019116352777058085
independent_2401_2405,utr_sg,2402,33,16501,17000,4.352,value_loss,0.365018266024068
independent_2401_2405,utr_sg,2402,33,16501,17000,4.352,grad_norm,4.346487219020724
independent_2401_2405,utr_sg,2402,34,17001,17500,4.48,train_avg_reward,0.23738079354166985
independent_2401_2405,utr_sg,2402,34,17001,17500,4.48,entropy,1.6098061470389367
independent_2401_2405,utr_sg,2402,34,17001,17500,4.48,approx_kl,0.001466667608098907
independent_2401_2405,utr_sg,2402,34,17001,17500,4.48,policy_loss,-0.0020852618239537244
independent_2401_2405,utr_sg,2402,34,17001,17500,4.48,value_loss,0.5979188013225794
independent_2401_2405,utr_sg,2402,34,17001,17500,4.48,grad_norm,5.291323177337646
independent_2401_2405,utr_sg,2402,35,17501,18000,4.608,train_avg_reward,0.24319138907641172
independent_2401_2405,utr_sg,2402,35,17501,18000,4.608,entropy,1.7334289473891258
independent_2401_2405,utr_sg,2402,35,17501,18000,4.608,approx_kl,0.001693483716641514
independent_2401_2405,utr_sg,2402,35,17501,18000,4.608,policy_loss,-0.002546724423752689
independent_2401_2405,utr_sg,2402,35,17501,18000,4.608,value_loss,0.4865726676285267
independent_2401_2405,utr_sg,2402,35,17501,18000,4.608,grad_norm,3.8958873135745526
independent_2401_2405,utr_sg,2402,36,18001,18500,4.736,train_avg_reward,0.24611753015220164
independent_2401_2405,utr_sg,2402,36,18001,18500,4.736,entropy,1.6646739422082901
independent_2401_2405,utr_sg,2402,36,18001,18500,4.736,approx_kl,0.0012244898255281999
independent_2401_2405,utr_sg,2402,36,18001,18500,4.736,policy_loss,-0.001919026478467012
independent_2401_2405,utr_sg,2402,36,18001,18500,4.736,value_loss,0.39357226885389535
independent_2401_2405,utr_sg,2402,36,18001,18500,4.736,grad_norm,4.92535652217269
independent_2401_2405,utr_sg,2402,37,18501,19000,4.864,train_avg_reward,0.17185870201094075
independent_2401_2405,utr_sg,2402,37,18501,19000,4.864,entropy,1.6415178137421609
independent_2401_2405,utr_sg,2402,37,18501,19000,4.864,approx_kl,0.0019198042290665051
independent_2401_2405,utr_sg,2402,37,18501,19000,4.864,policy_loss,-0.002320636532718914
independent_2401_2405,utr_sg,2402,37,18501,19000,4.864,value_loss,0.8776804250450805
independent_2401_2405,utr_sg,2402,37,18501,19000,4.864,grad_norm,5.267399041458964
independent_2401_2405,utr_sg,2402,38,19001,19500,4.992,train_avg_reward,0.17269253120198846
independent_2401_2405,utr_sg,2402,38,19001,19500,4.992,entropy,1.8172884478569031
independent_2401_2405,utr_sg,2402,38,19001,19500,4.992,approx_kl,0.0018496567388710877
independent_2401_2405,utr_sg,2402,38,19001,19500,4.992,policy_loss,-0.0021651612986696997
independent_2401_2405,utr_sg,2402,38,19001,19500,4.992,value_loss,1.725826551111415
independent_2401_2405,utr_sg,2402,38,19001,19500,4.992,grad_norm,5.101067726910114
independent_2401_2405,utr_sg,2402,39,19501,20000,5.12,train_avg_reward,0.2019864567965269
independent_2401_2405,utr_sg,2402,39,19501,20000,5.12,entropy,1.9080076047182084
independent_2401_2405,utr_sg,2402,39,19501,20000,5.12,approx_kl,0.0017573561461728452
independent_2401_2405,utr_sg,2402,39,19501,20000,5.12,policy_loss,-0.0025158782923352073
independent_2401_2405,utr_sg,2402,39,19501,20000,5.12,value_loss,1.281368607668206
independent_2401_2405,utr_sg,2402,39,19501,20000,5.12,grad_norm,6.440923040777445
independent_2401_2405,utr_sg,2402,40,20001,20500,5.248,train_avg_reward,0.24013100504875184
independent_2401_2405,utr_sg,2402,40,20001,20500,5.248,entropy,1.625203458160162
independent_2401_2405,utr_sg,2402,40,20001,20500,5.248,approx_kl,0.0017840730172233605
independent_2401_2405,utr_sg,2402,40,20001,20500,5.248,policy_loss,-0.002228807752665794
independent_2401_2405,utr_sg,2402,40,20001,20500,5.248,value_loss,0.647126234440133
independent_2401_2405,utr_sg,2402,40,20001,20500,5.248,grad_norm,6.457735431134701
independent_2401_2405,utr_sg,2402,41,20501,21000,5.376,train_avg_reward,0.19132489904016256
independent_2401_2405,utr_sg,2402,41,20501,21000,5.376,entropy,1.7378267352581025
independent_2401_2405,utr_sg,2402,41,20501,21000,5.376,approx_kl,0.0021304250578762824
independent_2401_2405,utr_sg,2402,41,20501,21000,5.376,policy_loss,-0.0027675830321550274
independent_2401_2405,utr_sg,2402,41,20501,21000,5.376,value_loss,0.7159806199278682
independent_2401_2405,utr_sg,2402,41,20501,21000,5.376,grad_norm,4.28433127053082
independent_2401_2405,utr_sg,2402,42,21001,21500,5.504,train_avg_reward,0.20050885300710797
independent_2401_2405,utr_sg,2402,42,21001,21500,5.504,entropy,1.7988939480781556
independent_2401_2405,utr_sg,2402,42,21001,21500,5.504,approx_kl,0.0014927711422292266
independent_2401_2405,utr_sg,2402,42,21001,21500,5.504,policy_loss,-0.002396942252967774
independent_2401_2405,utr_sg,2402,42,21001,21500,5.504,value_loss,0.6577764383926987
independent_2401_2405,utr_sg,2402,42,21001,21500,5.504,grad_norm,5.410493412330746
independent_2401_2405,utr_sg,2402,43,21501,22000,5.632,train_avg_reward,0.209679727897048
independent_2401_2405,utr_sg,2402,43,21501,22000,5.632,entropy,1.6930806983709334
independent_2401_2405,utr_sg,2402,43,21501,22000,5.632,approx_kl,0.001338311574931134
independent_2401_2405,utr_sg,2402,43,21501,22000,5.632,policy_loss,-0.0022769058848193797
independent_2401_2405,utr_sg,2402,43,21501,22000,5.632,value_loss,0.82477779446356
independent_2401_2405,utr_sg,2402,43,21501,22000,5.632,grad_norm,6.078119553282857
independent_2401_2405,utr_sg,2402,44,22001,22500,5.76,train_avg_reward,0.24091378206759692
independent_2401_2405,utr_sg,2402,44,22001,22500,5.76,entropy,1.7333854230642318
independent_2401_2405,utr_sg,2402,44,22001,22500,5.76,approx_kl,0.0012954087851488351
independent_2401_2405,utr_sg,2402,44,22001,22500,5.76,policy_loss,-0.0020631920588619315
independent_2401_2405,utr_sg,2402,44,22001,22500,5.76,value_loss,0.7476862835325301
independent_2401_2405,utr_sg,2402,44,22001,22500,5.76,grad_norm,6.492037020295858
independent_2401_2405,utr_sg,2402,45,22501,23000,5.888,train_avg_reward,0.2194914758130908
independent_2401_2405,utr_sg,2402,45,22501,23000,5.888,entropy,1.7294630383253098
independent_2401_2405,utr_sg,2402,45,22501,23000,5.888,approx_kl,0.001326644859387512
independent_2401_2405,utr_sg,2402,45,22501,23000,5.888,policy_loss,-0.0022335494970472706
independent_2401_2405,utr_sg,2402,45,22501,23000,5.888,value_loss,0.8045732214264572
independent_2401_2405,utr_sg,2402,45,22501,23000,5.888,grad_norm,5.72962431794405
independent_2401_2405,utr_sg,2402,46,23001,23500,6.016,train_avg_reward,0.22952507312595843
independent_2401_2405,utr_sg,2402,46,23001,23500,6.016,entropy,1.7461009196043014
independent_2401_2405,utr_sg,2402,46,23001,23500,6.016,approx_kl,0.0017498372737982143
independent_2401_2405,utr_sg,2402,46,23001,23500,6.016,policy_loss,-0.0025746557111871356
independent_2401_2405,utr_sg,2402,46,23001,23500,6.016,value_loss,0.48893938871100545
independent_2401_2405,utr_sg,2402,46,23001,23500,6.016,grad_norm,4.71998577709496
independent_2401_2405,utr_sg,2402,47,23501,24000,6.144,train_avg_reward,0.22326076431572436
independent_2401_2405,utr_sg,2402,47,23501,24000,6.144,entropy,1.7767548649311065
independent_2401_2405,utr_sg,2402,47,23501,24000,6.144,approx_kl,0.001956459100147483
independent_2401_2405,utr_sg,2402,47,23501,24000,6.144,policy_loss,-0.0026543784319747964
independent_2401_2405,utr_sg,2402,47,23501,24000,6.144,value_loss,0.5580726851504296
independent_2401_2405,utr_sg,2402,47,23501,24000,6.144,grad_norm,5.314076421409846
independent_2401_2405,utr_sg,2402,48,24001,24500,6.272,train_avg_reward,0.2388493169248104
independent_2401_2405,utr_sg,2402,48,24001,24500,6.272,entropy,1.7298420211076737
independent_2401_2405,utr_sg,2402,48,24001,24500,6.272,approx_kl,0.0017642361295341542
independent_2401_2405,utr_sg,2402,48,24001,24500,6.272,policy_loss,-0.002592480879106351
independent_2401_2405,utr_sg,2402,48,24001,24500,6.272,value_loss,0.4606393597368151
independent_2401_2405,utr_sg,2402,48,24001,24500,6.272,grad_norm,4.595848961055279
independent_2401_2405,utr_sg,2402,49,24501,25000,6.4,train_avg_reward,0.241409949362278
independent_2401_2405,utr_sg,2402,49,24501,25000,6.4,entropy,1.6786344594359397
independent_2401_2405,utr_sg,2402,49,24501,25000,6.4,approx_kl,0.002014757550368354
independent_2401_2405,utr_sg,2402,49,24501,25000,6.4,policy_loss,-0.0027082124628344073
independent_2401_2405,utr_sg,2402,49,24501,25000,6.4,value_loss,0.42637207119166853
independent_2401_2405,utr_sg,2402,49,24501,25000,6.4,grad_norm,4.825870570302009
independent_2401_2405,utr_sg,2402,50,25001,25500,6.528,train_avg_reward,0.22863454373925923
independent_2401_2405,utr_sg,2402,50,25001,25500,6.528,entropy,1.788573811352253
independent_2401_2405,utr_sg,2402,50,25001,25500,6.528,approx_kl,0.0014999125607597851
independent_2401_2405,utr_sg,2402,50,25001,25500,6.528,policy_loss,-0.002325088365927922
independent_2401_2405,utr_sg,2402,50,25001,25500,6.528,value_loss,0.6526847517117857
independent_2401_2405,utr_sg,2402,50,25001,25500,6.528,grad_norm,6.227869680017233
independent_2401_2405,utr_sg,2402,51,25501,26000,6.656,train_avg_reward,0.21903216534107922
independent_2401_2405,utr_sg,2402,51,25501,26000,6.656,entropy,1.7373660916090012
independent_2401_2405,utr_sg,2402,51,25501,26000,6.656,approx_kl,0.0017937307621453567
independent_2401_2405,utr_sg,2402,51,25501,26000,6.656,policy_loss,-0.002708055316165596
independent_2401_2405,utr_sg,2402,51,25501,26000,6.656,value_loss,0.8117437521927059
independent_2401_2405,utr_sg,2402,51,25501,26000,6.656,grad_norm,4.66588326188922
independent_2401_2405,utr_sg,2402,52,26001,26500,6.784,train_avg_reward,0.23579878111183644
independent_2401_2405,utr_sg,2402,52,26001,26500,6.784,entropy,1.7200450047254563
independent_2401_2405,utr_sg,2402,52,26001,26500,6.784,approx_kl,0.002060392526234856
independent_2401_2405,utr_sg,2402,52,26001,26500,6.784,policy_loss,-0.002835264540251938
independent_2401_2405,utr_sg,2402,52,26001,26500,6.784,value_loss,0.4614552919398993
independent_2401_2405,utr_sg,2402,52,26001,26500,6.784,grad_norm,4.502310441315174
independent_2401_2405,utr_sg,2402,53,26501,27000,6.912,train_avg_reward,0.23567030446231366
independent_2401_2405,utr_sg,2402,53,26501,27000,6.912,entropy,1.5814684275388717
independent_2401_2405,utr_sg,2402,53,26501,27000,6.912,approx_kl,0.001955078132936396
independent_2401_2405,utr_sg,2402,53,26501,27000,6.912,policy_loss,-0.0024835748599104264
independent_2401_2405,utr_sg,2402,53,26501,27000,6.912,value_loss,0.44829735842859375
independent_2401_2405,utr_sg,2402,53,26501,27000,6.912,grad_norm,4.316575716778636
independent_2401_2405,utr_sg,2402,54,27001,27500,7.04,train_avg_reward,0.249814733825624
independent_2401_2405,utr_sg,2402,54,27001,27500,7.04,entropy,1.6269302952289582
independent_2401_2405,utr_sg,2402,54,27001,27500,7.04,approx_kl,0.0017941522719050452
independent_2401_2405,utr_sg,2402,54,27001,27500,7.04,policy_loss,-0.002393875481808866
independent_2401_2405,utr_sg,2402,54,27001,27500,7.04,value_loss,0.4094280541911721
independent_2401_2405,utr_sg,2402,54,27001,27500,7.04,grad_norm,4.292517476126552
independent_2401_2405,utr_sg,2402,55,27501,28000,7.168,train_avg_reward,0.24094861043989657
independent_2401_2405,utr_sg,2402,55,27501,28000,7.168,entropy,1.5628369132876396
independent_2401_2405,utr_sg,2402,55,27501,28000,7.168,approx_kl,0.0019454680441576707
independent_2401_2405,utr_sg,2402,55,27501,28000,7.168,policy_loss,-0.0025835185580387466
independent_2401_2405,utr_sg,2402,55,27501,28000,7.168,value_loss,0.2787033674591221
independent_2401_2405,utr_sg,2402,55,27501,28000,7.168,grad_norm,3.8490810798853636
independent_2401_2405,utr_sg,2402,56,28001,28500,7.296,train_avg_reward,0.2371708149164915
independent_2401_2405,utr_sg,2402,56,28001,28500,7.296,entropy,1.6063575866222382
independent_2401_2405,utr_sg,2402,56,28001,28500,7.296,approx_kl,0.0014962505121823822
independent_2401_2405,utr_sg,2402,56,28001,28500,7.296,policy_loss,-0.002256381241153196
independent_2401_2405,utr_sg,2402,56,28001,28500,7.296,value_loss,0.6005975691713392
independent_2401_2405,utr_sg,2402,56,28001,28500,7.296,grad_norm,4.885499336898327
independent_2401_2405,utr_sg,2402,57,28501,29000,7.424,train_avg_reward,0.2622052617073059
independent_2401_2405,utr_sg,2402,57,28501,29000,7.424,entropy,1.4655849769711495
independent_2401_2405,utr_sg,2402,57,28501,29000,7.424,approx_kl,0.001647297871147498
independent_2401_2405,utr_sg,2402,57,28501,29000,7.424,policy_loss,-0.0021641347121390763
independent_2401_2405,utr_sg,2402,57,28501,29000,7.424,value_loss,0.276580310584046
independent_2401_2405,utr_sg,2402,57,28501,29000,7.424,grad_norm,4.925979485332966
independent_2401_2405,utr_sg,2402,58,29001,29500,7.552,train_avg_reward,0.24987916981428862
independent_2401_2405,utr_sg,2402,58,29001,29500,7.552,entropy,1.4762373310923576
independent_2401_2405,utr_sg,2402,58,29001,29500,7.552,approx_kl,0.00211760120875108
independent_2401_2405,utr_sg,2402,58,29001,29500,7.552,policy_loss,-0.002398642990688198
independent_2401_2405,utr_sg,2402,58,29001,29500,7.552,value_loss,0.5225325251165778
independent_2401_2405,utr_sg,2402,58,29001,29500,7.552,grad_norm,4.8773019281625745
independent_2401_2405,utr_sg,2402,59,29501,30000,7.68,train_avg_reward,0.2501568738371134
independent_2401_2405,utr_sg,2402,59,29501,30000,7.68,entropy,1.5122367343902587
independent_2401_2405,utr_sg,2402,59,29501,30000,7.68,approx_kl,0.0019813507172687654
independent_2401_2405,utr_sg,2402,59,29501,30000,7.68,policy_loss,-0.002476607639003649
independent_2401_2405,utr_sg,2402,59,29501,30000,7.68,value_loss,0.30185765474475923
independent_2401_2405,utr_sg,2402,59,29501,30000,7.68,grad_norm,4.026403566092252
independent_2401_2405,utr_sg,2402,60,30001,30500,7.808,train_avg_reward,0.23990842971205711
independent_2401_2405,utr_sg,2402,60,30001,30500,7.808,entropy,1.5702628866434096
independent_2401_2405,utr_sg,2402,60,30001,30500,7.808,approx_kl,0.002007979083304529
independent_2401_2405,utr_sg,2402,60,30001,30500,7.808,policy_loss,-0.0027060259790489443
independent_2401_2405,utr_sg,2402,60,30001,30500,7.808,value_loss,0.462148609187454
independent_2401_2405,utr_sg,2402,60,30001,30500,7.808,grad_norm,4.299817971378565
independent_2401_2405,utr_sg,2402,61,30501,31000,7.936,train_avg_reward,0.2419500047713518
independent_2401_2405,utr_sg,2402,61,30501,31000,7.936,entropy,1.6691843945384026
independent_2401_2405,utr_sg,2402,61,30501,31000,7.936,approx_kl,0.002029014959914994
independent_2401_2405,utr_sg,2402,61,30501,31000,7.936,policy_loss,-0.0026854524344916983
independent_2401_2405,utr_sg,2402,61,30501,31000,7.936,value_loss,0.6178141752686351
independent_2401_2405,utr_sg,2402,61,30501,31000,7.936,grad_norm,4.75300102236867
independent_2401_2405,utr_sg,2402,62,31001,31500,8.064,train_avg_reward,0.20702806739509105
independent_2401_2405,utr_sg,2402,62,31001,31500,8.064,entropy,1.6916507803201675
independent_2401_2405,utr_sg,2402,62,31001,31500,8.064,approx_kl,0.001907354909940287
independent_2401_2405,utr_sg,2402,62,31001,31500,8.064,policy_loss,-0.002767226267731345
independent_2401_2405,utr_sg,2402,62,31001,31500,8.064,value_loss,1.1562504751309752
independent_2401_2405,utr_sg,2402,62,31001,31500,8.064,grad_norm,5.549261263012886
independent_2401_2405,utr_sg,2402,63,31501,32000,8.192,train_avg_reward,0.2311933982819319
independent_2401_2405,utr_sg,2402,63,31501,32000,8.192,entropy,1.5620574604868889
independent_2401_2405,utr_sg,2402,63,31501,32000,8.192,approx_kl,0.0019764014429138037
independent_2401_2405,utr_sg,2402,63,31501,32000,8.192,policy_loss,-0.0030063370689023686
independent_2401_2405,utr_sg,2402,63,31501,32000,8.192,value_loss,0.6967277686521411
independent_2401_2405,utr_sg,2402,63,31501,32000,8.192,grad_norm,5.125864587664604
independent_2401_2405,utr_sg,2402,64,32001,32500,8.32,train_avg_reward,0.24022210294008256
independent_2401_2405,utr_sg,2402,64,32001,32500,8.32,entropy,1.6448985664248466
independent_2401_2405,utr_sg,2402,64,32001,32500,8.32,approx_kl,0.001990768631486078
independent_2401_2405,utr_sg,2402,64,32001,32500,8.32,policy_loss,-0.0029422778200081743
independent_2401_2405,utr_sg,2402,64,32001,32500,8.32,value_loss,0.49891715312562884
independent_2401_2405,utr_sg,2402,64,32001,32500,8.32,grad_norm,4.497447709769011
independent_2401_2405,utr_sg,2402,65,32501,33000,8.448,train_avg_reward,0.2512636019438505
independent_2401_2405,utr_sg,2402,65,32501,33000,8.448,entropy,1.6781743640899658
independent_2401_2405,utr_sg,2402,65,32501,33000,8.448,approx_kl,0.001976585375263607
independent_2401_2405,utr_sg,2402,65,32501,33000,8.448,policy_loss,-0.0027748556170735113
independent_2401_2405,utr_sg,2402,65,32501,33000,8.448,value_loss,0.3962568514030427
independent_2401_2405,utr_sg,2402,65,32501,33000,8.448,grad_norm,4.37624019524455
independent_2401_2405,utr_sg,2402,66,33001,33500,8.576,train_avg_reward,0.24603131429851055
independent_2401_2405,utr_sg,2402,66,33001,33500,8.576,entropy,1.615050836265087
independent_2401_2405,utr_sg,2402,66,33001,33500,8.576,approx_kl,0.00204494180181366
independent_2401_2405,utr_sg,2402,66,33001,33500,8.576,policy_loss,-0.002733048048980626
independent_2401_2405,utr_sg,2402,66,33001,33500,8.576,value_loss,0.48108419732749463
independent_2401_2405,utr_sg,2402,66,33001,33500,8.576,grad_norm,4.180206680238247
independent_2401_2405,utr_sg,2402,67,33501,34000,8.704,train_avg_reward,0.23770656022429465
independent_2401_2405,utr_sg,2402,67,33501,34000,8.704,entropy,1.630058522105217
independent_2401_2405,utr_sg,2402,67,33501,34000,8.704,approx_kl,0.0020408634378054464
independent_2401_2405,utr_sg,2402,67,33501,34000,8.704,policy_loss,-0.0026672274813472527
independent_2401_2405,utr_sg,2402,67,33501,34000,8.704,value_loss,0.5313807518128306
independent_2401_2405,utr_sg,2402,67,33501,34000,8.704,grad_norm,4.9513623387217525
independent_2401_2405,utr_sg,2402,68,34001,34500,8.832,train_avg_reward,0.24991595855355261
independent_2401_2405,utr_sg,2402,68,34001,34500,8.832,entropy,1.6495336723923684
independent_2401_2405,utr_sg,2402,68,34001,34500,8.832,approx_kl,0.0018008322084157563
independent_2401_2405,utr_sg,2402,68,34001,34500,8.832,policy_loss,-0.0024168417000384225
independent_2401_2405,utr_sg,2402,68,34001,34500,8.832,value_loss,0.4314757248722017
independent_2401_2405,utr_sg,2402,68,34001,34500,8.832,grad_norm,5.031842929214239
independent_2401_2405,utr_sg,2402,69,34501,35000,8.96,train_avg_reward,0.21278704276680946
independent_2401_2405,utr_sg,2402,69,34501,35000,8.96,entropy,1.7137197008132934
independent_2401_2405,utr_sg,2402,69,34501,35000,8.96,approx_kl,0.0018916357550539545
independent_2401_2405,utr_sg,2402,69,34501,35000,8.96,policy_loss,-0.002987883669312466
independent_2401_2405,utr_sg,2402,69,34501,35000,8.96,value_loss,0.6046701245009899
independent_2401_2405,utr_sg,2402,69,34501,35000,8.96,grad_norm,4.5369557633101945
independent_2401_2405,utr_sg,2402,70,35001,35500,9.088,train_avg_reward,0.22721288952231408
independent_2401_2405,utr_sg,2402,70,35001,35500,9.088,entropy,1.5727232147455215
independent_2401_2405,utr_sg,2402,70,35001,35500,9.088,approx_kl,0.0017400897141860569
independent_2401_2405,utr_sg,2402,70,35001,35500,9.088,policy_loss,-0.002519183001311613
independent_2401_2405,utr_sg,2402,70,35001,35500,9.088,value_loss,0.34476550032757225
independent_2401_2405,utr_sg,2402,70,35001,35500,9.088,grad_norm,3.748507862493396
independent_2401_2405,utr_sg,2402,71,35501,36000,9.216,train_avg_reward,0.23014985068142413
independent_2401_2405,utr_sg,2402,71,35501,36000,9.216,entropy,1.6599404327869416
independent_2401_2405,utr_sg,2402,71,35501,36000,9.216,approx_kl,0.0015223174101389814
independent_2401_2405,utr_sg,2402,71,35501,36000,9.216,policy_loss,-0.002590847101085014
independent_2401_2405,utr_sg,2402,71,35501,36000,9.216,value_loss,0.5770838110912592
independent_2401_2405,utr_sg,2402,71,35501,36000,9.216,grad_norm,4.733078500583768
independent_2401_2405,utr_sg,2402,72,36001,36500,9.344,train_avg_reward,0.2281863977238536
independent_2401_2405,utr_sg,2402,72,36001,36500,9.344,entropy,1.6602358380556106
independent_2401_2405,utr_sg,2402,72,36001,36500,9.344,approx_kl,0.001795612075690152
independent_2401_2405,utr_sg,2402,72,36001,36500,9.344,policy_loss,-0.002938343494925613
independent_2401_2405,utr_sg,2402,72,36001,36500,9.344,value_loss,0.38882974156178535
independent_2401_2405,utr_sg,2402,72,36001,36500,9.344,grad_norm,4.166303402811288
independent_2401_2405,utr_sg,2402,73,36501,37000,9.472,train_avg_reward,0.2333161168396473
independent_2401_2405,utr_sg,2402,73,36501,37000,9.472,entropy,1.4959151433706284
independent_2401_2405,utr_sg,2402,73,36501,37000,9.472,approx_kl,0.0017765992687139446
independent_2401_2405,utr_sg,2402,73,36501,37000,9.472,policy_loss,-0.002705624944389167
independent_2401_2405,utr_sg,2402,73,36501,37000,9.472,value_loss,0.3195896714683622
independent_2401_2405,utr_sg,2402,73,36501,37000,9.472,grad_norm,4.01387792403996
independent_2401_2405,utr_sg,2402,74,37001,37500,9.6,train_avg_reward,0.23992485693097115
independent_2401_2405,utr_sg,2402,74,37001,37500,9.6,entropy,1.594574833393097
independent_2401_2405,utr_sg,2402,74,37001,37500,9.6,approx_kl,0.00181936886048484
independent_2401_2405,utr_sg,2402,74,37001,37500,9.6,policy_loss,-0.0028003515060816423
independent_2401_2405,utr_sg,2402,74,37001,37500,9.6,value_loss,0.6117683309055865
independent_2401_2405,utr_sg,2402,74,37001,37500,9.6,grad_norm,4.175394426256418
independent_2401_2405,utr_sg,2402,75,37501,38000,9.728,train_avg_reward,0.2429638200700283
independent_2401_2405,utr_sg,2402,75,37501,38000,9.728,entropy,1.5389134921431542
independent_2401_2405,utr_sg,2402,75,37501,38000,9.728,approx_kl,0.0015957304199276392
independent_2401_2405,utr_sg,2402,75,37501,38000,9.728,policy_loss,-0.00253072493581273
independent_2401_2405,utr_sg,2402,75,37501,38000,9.728,value_loss,0.4473794535608031
independent_2401_2405,utr_sg,2402,75,37501,38000,9.728,grad_norm,4.925224319159985
independent_2401_2405,utr_sg,2402,76,38001,38500,9.856,train_avg_reward,0.24684170800447464
independent_2401_2405,utr_sg,2402,76,38001,38500,9.856,entropy,1.520051479101181
independent_2401_2405,utr_sg,2402,76,38001,38500,9.856,approx_kl,0.0016992192596987047
independent_2401_2405,utr_sg,2402,76,38001,38500,9.856,policy_loss,-0.0025925841976462954
independent_2401_2405,utr_sg,2402,76,38001,38500,9.856,value_loss,0.53964847489167
independent_2401_2405,utr_sg,2402,76,38001,38500,9.856,grad_norm,4.663025231331587
independent_2401_2405,utr_sg,2402,77,38501,39000,9.984,train_avg_reward,0.2465724876821041
independent_2401_2405,utr_sg,2402,77,38501,39000,9.984,entropy,1.6407359358668328
independent_2401_2405,utr_sg,2402,77,38501,39000,9.984,approx_kl,0.0019345973326538256
independent_2401_2405,utr_sg,2402,77,38501,39000,9.984,policy_loss,-0.0027354592942996038
independent_2401_2405,utr_sg,2402,77,38501,39000,9.984,value_loss,0.39986569254286586
independent_2401_2405,utr_sg,2402,77,38501,39000,9.984,grad_norm,4.5205033419728275
independent_2401_2405,utr_sg,2402,78,39001,39500,10.112,train_avg_reward,0.231036791607501
independent_2401_2405,utr_sg,2402,78,39001,39500,10.112,entropy,1.594988232567197
independent_2401_2405,utr_sg,2402,78,39001,39500,10.112,approx_kl,0.001832149844222153
independent_2401_2405,utr_sg,2402,78,39001,39500,10.112,policy_loss,-0.0032498094029829927
independent_2401_2405,utr_sg,2402,78,39001,39500,10.112,value_loss,0.95389759230117
independent_2401_2405,utr_sg,2402,78,39001,39500,10.112,grad_norm,4.715119499772314
independent_2401_2405,utr_sg,2403,0,1,500,0.128,train_avg_reward,-0.000695722294641655
independent_2401_2405,utr_sg,2403,0,1,500,0.128,entropy,2.7515225238204004
independent_2401_2405,utr_sg,2403,0,1,500,0.128,approx_kl,0.0009582439875892609
independent_2401_2405,utr_sg,2403,0,1,500,0.128,policy_loss,-0.0018997355976499
independent_2401_2405,utr_sg,2403,0,1,500,0.128,value_loss,0.4855864359266125
independent_2401_2405,utr_sg,2403,0,1,500,0.128,grad_norm,1.52342883708328
independent_2401_2405,utr_sg,2403,1,501,1000,0.256,train_avg_reward,0.04530194787139771
independent_2401_2405,utr_sg,2403,1,501,1000,0.256,entropy,2.548453049838543
independent_2401_2405,utr_sg,2403,1,501,1000,0.256,approx_kl,0.0009081834715537601
independent_2401_2405,utr_sg,2403,1,501,1000,0.256,policy_loss,-0.001912100953387901
independent_2401_2405,utr_sg,2403,1,501,1000,0.256,value_loss,0.38780948875285687
independent_2401_2405,utr_sg,2403,1,501,1000,0.256,grad_norm,1.395413141950965
independent_2401_2405,utr_sg,2403,2,1001,1500,0.384,train_avg_reward,0.07975593589839991
independent_2401_2405,utr_sg,2403,2,1001,1500,0.384,entropy,2.4089795457720755
independent_2401_2405,utr_sg,2403,2,1001,1500,0.384,approx_kl,0.000868517823644955
independent_2401_2405,utr_sg,2403,2,1001,1500,0.384,policy_loss,-0.0016059696410844558
independent_2401_2405,utr_sg,2403,2,1001,1500,0.384,value_loss,0.5840026805810631
independent_2401_2405,utr_sg,2403,2,1001,1500,0.384,grad_norm,2.0807120814323423
independent_2401_2405,utr_sg,2403,3,1501,2000,0.512,train_avg_reward,0.07475155110482593
independent_2401_2405,utr_sg,2403,3,1501,2000,0.512,entropy,2.571685117125511
independent_2401_2405,utr_sg,2403,3,1501,2000,0.512,approx_kl,0.0007488377969332305
independent_2401_2405,utr_sg,2403,3,1501,2000,0.512,policy_loss,-0.001630796035242048
independent_2401_2405,utr_sg,2403,3,1501,2000,0.512,value_loss,0.6169709484698251
independent_2401_2405,utr_sg,2403,3,1501,2000,0.512,grad_norm,2.1698486869037152
independent_2401_2405,utr_sg,2403,4,2001,2500,0.64,train_avg_reward,0.11732594343461096
independent_2401_2405,utr_sg,2403,4,2001,2500,0.64,entropy,2.525671710550785
independent_2401_2405,utr_sg,2403,4,2001,2500,0.64,approx_kl,0.0008164736760944228
independent_2401_2405,utr_sg,2403,4,2001,2500,0.64,policy_loss,-0.0015358397577768554
independent_2401_2405,utr_sg,2403,4,2001,2500,0.64,value_loss,0.8884363764226436
independent_2401_2405,utr_sg,2403,4,2001,2500,0.64,grad_norm,3.0002957341521976
independent_2401_2405,utr_sg,2403,5,2501,3000,0.768,train_avg_reward,0.11099027859279886
independent_2401_2405,utr_sg,2403,5,2501,3000,0.768,entropy,2.446057139158249
independent_2401_2405,utr_sg,2403,5,2501,3000,0.768,approx_kl,0.001185924074810676
independent_2401_2405,utr_sg,2403,5,2501,3000,0.768,policy_loss,-0.001915542496916597
independent_2401_2405,utr_sg,2403,5,2501,3000,0.768,value_loss,0.9156622649943456
independent_2401_2405,utr_sg,2403,5,2501,3000,0.768,grad_norm,3.194098252750933
independent_2401_2405,utr_sg,2403,6,3001,3500,0.896,train_avg_reward,0.08629633106812253
independent_2401_2405,utr_sg,2403,6,3001,3500,0.896,entropy,2.4484965032935144
independent_2401_2405,utr_sg,2403,6,3001,3500,0.896,approx_kl,0.0014744711274562025
independent_2401_2405,utr_sg,2403,6,3001,3500,0.896,policy_loss,-0.0021921257507920185
independent_2401_2405,utr_sg,2403,6,3001,3500,0.896,value_loss,0.846567886565812
independent_2401_2405,utr_sg,2403,6,3001,3500,0.896,grad_norm,2.759291396021843
independent_2401_2405,utr_sg,2403,7,3501,4000,1.024,train_avg_reward,0.12492817003652454
independent_2401_2405,utr_sg,2403,7,3501,4000,1.024,entropy,2.4055163652896883
independent_2401_2405,utr_sg,2403,7,3501,4000,1.024,approx_kl,0.0011078874397003346
independent_2401_2405,utr_sg,2403,7,3501,4000,1.024,policy_loss,-0.0020315522853132577
independent_2401_2405,utr_sg,2403,7,3501,4000,1.024,value_loss,0.8467846792079509
independent_2401_2405,utr_sg,2403,7,3501,4000,1.024,grad_norm,2.7136775990575552
independent_2401_2405,utr_sg,2403,8,4001,4500,1.152,train_avg_reward,0.13002531961351632
independent_2401_2405,utr_sg,2403,8,4001,4500,1.152,entropy,2.4642334883213044
independent_2401_2405,utr_sg,2403,8,4001,4500,1.152,approx_kl,0.0008185198829210094
independent_2401_2405,utr_sg,2403,8,4001,4500,1.152,policy_loss,-0.0016053309800558133
independent_2401_2405,utr_sg,2403,8,4001,4500,1.152,value_loss,0.9254975915402174
independent_2401_2405,utr_sg,2403,8,4001,4500,1.152,grad_norm,3.5796990363746883
independent_2401_2405,utr_sg,2403,9,4501,5000,1.28,train_avg_reward,0.09719817984616384
independent_2401_2405,utr_sg,2403,9,4501,5000,1.28,entropy,2.409733349919319
independent_2401_2405,utr_sg,2403,9,4501,5000,1.28,approx_kl,0.0012708886067672818
independent_2401_2405,utr_sg,2403,9,4501,5000,1.28,policy_loss,-0.002317301220744751
independent_2401_2405,utr_sg,2403,9,4501,5000,1.28,value_loss,0.8175884398650378
independent_2401_2405,utr_sg,2403,9,4501,5000,1.28,grad_norm,2.9441995341330767
independent_2401_2405,utr_sg,2403,10,5001,5500,1.408,train_avg_reward,0.1122715254276991
independent_2401_2405,utr_sg,2403,10,5001,5500,1.408,entropy,2.2293727778196333
independent_2401_2405,utr_sg,2403,10,5001,5500,1.408,approx_kl,0.001427515896220939
independent_2401_2405,utr_sg,2403,10,5001,5500,1.408,policy_loss,-0.0023237621199706554
independent_2401_2405,utr_sg,2403,10,5001,5500,1.408,value_loss,0.891324156198185
independent_2401_2405,utr_sg,2403,10,5001,5500,1.408,grad_norm,2.6259350431114434
independent_2401_2405,utr_sg,2403,11,5501,6000,1.536,train_avg_reward,0.14214666191861033
independent_2401_2405,utr_sg,2403,11,5501,6000,1.536,entropy,2.315928740978241
independent_2401_2405,utr_sg,2403,11,5501,6000,1.536,approx_kl,0.0007586257856110022
independent_2401_2405,utr_sg,2403,11,5501,6000,1.536,policy_loss,-0.0018245052106110938
independent_2401_2405,utr_sg,2403,11,5501,6000,1.536,value_loss,1.2103746002241969
independent_2401_2405,utr_sg,2403,11,5501,6000,1.536,grad_norm,3.2326272742152216
independent_2401_2405,utr_sg,2403,12,6001,6500,1.664,train_avg_reward,0.1594090562518686
independent_2401_2405,utr_sg,2403,12,6001,6500,1.664,entropy,2.316838523864746
independent_2401_2405,utr_sg,2403,12,6001,6500,1.664,approx_kl,0.0011521509339308975
independent_2401_2405,utr_sg,2403,12,6001,6500,1.664,policy_loss,-0.0022315166875804086
independent_2401_2405,utr_sg,2403,12,6001,6500,1.664,value_loss,1.2840175811201333
independent_2401_2405,utr_sg,2403,12,6001,6500,1.664,grad_norm,3.5013478053510187
independent_2401_2405,utr_sg,2403,13,6501,7000,1.792,train_avg_reward,0.16884468097239733
independent_2401_2405,utr_sg,2403,13,6501,7000,1.792,entropy,2.216079945206642
independent_2401_2405,utr_sg,2403,13,6501,7000,1.792,approx_kl,0.001236476888533313
independent_2401_2405,utr_sg,2403,13,6501,7000,1.792,policy_loss,-0.0024032151974040694
independent_2401_2405,utr_sg,2403,13,6501,7000,1.792,value_loss,1.212834847934544
independent_2401_2405,utr_sg,2403,13,6501,7000,1.792,grad_norm,3.7307218061685563
independent_2401_2405,utr_sg,2403,14,7001,7500,1.92,train_avg_reward,0.1722398551106453
independent_2401_2405,utr_sg,2403,14,7001,7500,1.92,entropy,2.2623310781121253
independent_2401_2405,utr_sg,2403,14,7001,7500,1.92,approx_kl,0.0014811615520499495
independent_2401_2405,utr_sg,2403,14,7001,7500,1.92,policy_loss,-0.0026504379568915836
independent_2401_2405,utr_sg,2403,14,7001,7500,1.92,value_loss,1.3093429766371847
independent_2401_2405,utr_sg,2403,14,7001,7500,1.92,grad_norm,4.145346569031477
independent_2401_2405,utr_sg,2403,15,7501,8000,2.048,train_avg_reward,0.18297244779765606
independent_2401_2405,utr_sg,2403,15,7501,8000,2.048,entropy,2.2130612726211547
independent_2401_2405,utr_sg,2403,15,7501,8000,2.048,approx_kl,0.0014519713596622143
independent_2401_2405,utr_sg,2403,15,7501,8000,2.048,policy_loss,-0.0026745702975885842
independent_2401_2405,utr_sg,2403,15,7501,8000,2.048,value_loss,1.3167995627820492
independent_2401_2405,utr_sg,2403,15,7501,8000,2.048,grad_norm,4.516925104975701
independent_2401_2405,utr_sg,2403,16,8001,8500,2.176,train_avg_reward,0.17585807123593986
independent_2401_2405,utr_sg,2403,16,8001,8500,2.176,entropy,2.214618553340435
independent_2401_2405,utr_sg,2403,16,8001,8500,2.176,approx_kl,0.0011666399492578422
independent_2401_2405,utr_sg,2403,16,8001,8500,2.176,policy_loss,-0.002487405048969094
independent_2401_2405,utr_sg,2403,16,8001,8500,2.176,value_loss,1.4453779547810555
independent_2401_2405,utr_sg,2403,16,8001,8500,2.176,grad_norm,4.968472129136324
independent_2401_2405,utr_sg,2403,17,8501,9000,2.304,train_avg_reward,0.19319089772179723
independent_2401_2405,utr_sg,2403,17,8501,9000,2.304,entropy,2.1378479687571526
independent_2401_2405,utr_sg,2403,17,8501,9000,2.304,approx_kl,0.0011913913770719468
independent_2401_2405,utr_sg,2403,17,8501,9000,2.304,policy_loss,-0.002454769212796389
independent_2401_2405,utr_sg,2403,17,8501,9000,2.304,value_loss,1.5344079675078393
independent_2401_2405,utr_sg,2403,17,8501,9000,2.304,grad_norm,5.594922827363014
independent_2401_2405,utr_sg,2403,18,9001,9500,2.432,train_avg_reward,0.2425872907936573
independent_2401_2405,utr_sg,2403,18,9001,9500,2.432,entropy,2.102530773162842
independent_2401_2405,utr_sg,2403,18,9001,9500,2.432,approx_kl,0.0014884061278256314
independent_2401_2405,utr_sg,2403,18,9001,9500,2.432,policy_loss,-0.002633850560513026
independent_2401_2405,utr_sg,2403,18,9001,9500,2.432,value_loss,1.3652421100214123
independent_2401_2405,utr_sg,2403,18,9001,9500,2.432,grad_norm,5.393428015917539
independent_2401_2405,utr_sg,2403,19,9501,10000,2.56,train_avg_reward,0.24715770862996578
independent_2401_2405,utr_sg,2403,19,9501,10000,2.56,entropy,1.8453857654333115
independent_2401_2405,utr_sg,2403,19,9501,10000,2.56,approx_kl,0.0013892212513751472
independent_2401_2405,utr_sg,2403,19,9501,10000,2.56,policy_loss,-0.0023518182186538293
independent_2401_2405,utr_sg,2403,19,9501,10000,2.56,value_loss,1.1084086786583065
independent_2401_2405,utr_sg,2403,19,9501,10000,2.56,grad_norm,7.252574991405011
independent_2401_2405,utr_sg,2403,20,10001,10500,2.688,train_avg_reward,0.25610663430392744
independent_2401_2405,utr_sg,2403,20,10001,10500,2.688,entropy,1.8891066004037858
independent_2401_2405,utr_sg,2403,20,10001,10500,2.688,approx_kl,0.001723591246430563
independent_2401_2405,utr_sg,2403,20,10001,10500,2.688,policy_loss,-0.002748349064824831
independent_2401_2405,utr_sg,2403,20,10001,10500,2.688,value_loss,1.2509454694464803
independent_2401_2405,utr_sg,2403,20,10001,10500,2.688,grad_norm,6.585640510350466
independent_2401_2405,utr_sg,2403,21,10501,11000,2.816,train_avg_reward,0.24748609174787997
independent_2401_2405,utr_sg,2403,21,10501,11000,2.816,entropy,1.775908873796463
independent_2401_2405,utr_sg,2403,21,10501,11000,2.816,approx_kl,0.0013961622782417175
independent_2401_2405,utr_sg,2403,21,10501,11000,2.816,policy_loss,-0.002324058301689476
independent_2401_2405,utr_sg,2403,21,10501,11000,2.816,value_loss,1.2123765149693937
independent_2401_2405,utr_sg,2403,21,10501,11000,2.816,grad_norm,7.790302890241146
independent_2401_2405,utr_sg,2403,22,11001,11500,2.944,train_avg_reward,0.24528594052791594
independent_2401_2405,utr_sg,2403,22,11001,11500,2.944,entropy,1.676204106092453
independent_2401_2405,utr_sg,2403,22,11001,11500,2.944,approx_kl,0.0013295435921983573
independent_2401_2405,utr_sg,2403,22,11001,11500,2.944,policy_loss,-0.002370891996472302
independent_2401_2405,utr_sg,2403,22,11001,11500,2.944,value_loss,1.0079604446999728
independent_2401_2405,utr_sg,2403,22,11001,11500,2.944,grad_norm,8.161206590652466
independent_2401_2405,utr_sg,2403,23,11501,12000,3.072,train_avg_reward,0.2427385200560093
independent_2401_2405,utr_sg,2403,23,11501,12000,3.072,entropy,1.7205769763588905
independent_2401_2405,utr_sg,2403,23,11501,12000,3.072,approx_kl,0.0014648600524402955
independent_2401_2405,utr_sg,2403,23,11501,12000,3.072,policy_loss,-0.0025472268318147717
independent_2401_2405,utr_sg,2403,23,11501,12000,3.072,value_loss,1.208472854424268
independent_2401_2405,utr_sg,2403,23,11501,12000,3.072,grad_norm,7.764716856390238
independent_2401_2405,utr_sg,2403,24,12001,12500,3.2,train_avg_reward,0.2404731995165348
independent_2401_2405,utr_sg,2403,24,12001,12500,3.2,entropy,1.611108164012432
independent_2401_2405,utr_sg,2403,24,12001,12500,3.2,approx_kl,0.0016064483914709242
independent_2401_2405,utr_sg,2403,24,12001,12500,3.2,policy_loss,-0.0025830629549066834
independent_2401_2405,utr_sg,2403,24,12001,12500,3.2,value_loss,0.9566676572151482
independent_2401_2405,utr_sg,2403,24,12001,12500,3.2,grad_norm,7.663669776588678
independent_2401_2405,utr_sg,2403,25,12501,13000,3.328,train_avg_reward,0.26293515461683276
independent_2401_2405,utr_sg,2403,25,12501,13000,3.328,entropy,1.7234679087996483
independent_2401_2405,utr_sg,2403,25,12501,13000,3.328,approx_kl,0.0017339630442514433
independent_2401_2405,utr_sg,2403,25,12501,13000,3.328,policy_loss,-0.002511003357858165
independent_2401_2405,utr_sg,2403,25,12501,13000,3.328,value_loss,0.9889391660448164
independent_2401_2405,utr_sg,2403,25,12501,13000,3.328,grad_norm,6.817445104271173
independent_2401_2405,utr_sg,2403,26,13001,13500,3.456,train_avg_reward,0.2641463824510574
independent_2401_2405,utr_sg,2403,26,13001,13500,3.456,entropy,1.6614708235859872
independent_2401_2405,utr_sg,2403,26,13001,13500,3.456,approx_kl,0.0016284974653990498
independent_2401_2405,utr_sg,2403,26,13001,13500,3.456,policy_loss,-0.0024928226747873493
independent_2401_2405,utr_sg,2403,26,13001,13500,3.456,value_loss,1.0919169830866158
independent_2401_2405,utr_sg,2403,26,13001,13500,3.456,grad_norm,7.360202092245221
independent_2401_2405,utr_sg,2403,27,13501,14000,3.584,train_avg_reward,0.26870485331118105
independent_2401_2405,utr_sg,2403,27,13501,14000,3.584,entropy,1.6831131330132485
independent_2401_2405,utr_sg,2403,27,13501,14000,3.584,approx_kl,0.001424628574753114
independent_2401_2405,utr_sg,2403,27,13501,14000,3.584,policy_loss,-0.0023502017116798675
independent_2401_2405,utr_sg,2403,27,13501,14000,3.584,value_loss,1.2032492484897375
independent_2401_2405,utr_sg,2403,27,13501,14000,3.584,grad_norm,9.088223732292652
independent_2401_2405,utr_sg,2403,28,14001,14500,3.712,train_avg_reward,0.26084924606978893
independent_2401_2405,utr_sg,2403,28,14001,14500,3.712,entropy,1.723043485403061
independent_2401_2405,utr_sg,2403,28,14001,14500,3.712,approx_kl,0.0016473055138967532
independent_2401_2405,utr_sg,2403,28,14001,14500,3.712,policy_loss,-0.0023805026205625038
independent_2401_2405,utr_sg,2403,28,14001,14500,3.712,value_loss,1.2863900462798774
independent_2401_2405,utr_sg,2403,28,14001,14500,3.712,grad_norm,9.5401145645082
independent_2401_2405,utr_sg,2403,29,14501,15000,3.84,train_avg_reward,0.272731845125556
independent_2401_2405,utr_sg,2403,29,14501,15000,3.84,entropy,1.6544422639012337
independent_2401_2405,utr_sg,2403,29,14501,15000,3.84,approx_kl,0.0018437428461725925
independent_2401_2405,utr_sg,2403,29,14501,15000,3.84,policy_loss,-0.002438765119223404
independent_2401_2405,utr_sg,2403,29,14501,15000,3.84,value_loss,0.9682400993183256
independent_2401_2405,utr_sg,2403,29,14501,15000,3.84,grad_norm,7.921125950157642
independent_2401_2405,utr_sg,2403,30,15001,15500,3.968,train_avg_reward,0.2780847048163414
independent_2401_2405,utr_sg,2403,30,15001,15500,3.968,entropy,1.6465821539759635
independent_2401_2405,utr_sg,2403,30,15001,15500,3.968,approx_kl,0.0018014316282425763
independent_2401_2405,utr_sg,2403,30,15001,15500,3.968,policy_loss,-0.0021195422290601613
independent_2401_2405,utr_sg,2403,30,15001,15500,3.968,value_loss,1.1494856057539582
independent_2401_2405,utr_sg,2403,30,15001,15500,3.968,grad_norm,9.329858331158757
independent_2401_2405,utr_sg,2403,31,15501,16000,4.096,train_avg_reward,0.2701147665679455
independent_2401_2405,utr_sg,2403,31,15501,16000,4.096,entropy,1.627648766875267
independent_2401_2405,utr_sg,2403,31,15501,16000,4.096,approx_kl,0.0015466505632977397
independent_2401_2405,utr_sg,2403,31,15501,16000,4.096,policy_loss,-0.0022165555482831765
independent_2401_2405,utr_sg,2403,31,15501,16000,4.096,value_loss,1.0771020429693163
independent_2401_2405,utr_sg,2403,31,15501,16000,4.096,grad_norm,8.862240980684756
independent_2401_2405,utr_sg,2403,32,16001,16500,4.224,train_avg_reward,0.25637581964582207
independent_2401_2405,utr_sg,2403,32,16001,16500,4.224,entropy,1.5425202547311783
independent_2401_2405,utr_sg,2403,32,16001,16500,4.224,approx_kl,0.0012205039862019467
independent_2401_2405,utr_sg,2403,32,16001,16500,4.224,policy_loss,-0.0022940109416072756
independent_2401_2405,utr_sg,2403,32,16001,16500,4.224,value_loss,1.2688532892987132
independent_2401_2405,utr_sg,2403,32,16001,16500,4.224,grad_norm,9.007481034308672
independent_2401_2405,utr_sg,2403,33,16501,17000,4.352,train_avg_reward,0.26257673294842243
independent_2401_2405,utr_sg,2403,33,16501,17000,4.352,entropy,1.61160610383749
independent_2401_2405,utr_sg,2403,33,16501,17000,4.352,approx_kl,0.0012970577668608401
independent_2401_2405,utr_sg,2403,33,16501,17000,4.352,policy_loss,-0.0024842270403822465
independent_2401_2405,utr_sg,2403,33,16501,17000,4.352,value_loss,1.0508796108029783
independent_2401_2405,utr_sg,2403,33,16501,17000,4.352,grad_norm,8.729646337240935
independent_2401_2405,utr_sg,2403,34,17001,17500,4.48,train_avg_reward,0.25288013681024313
independent_2401_2405,utr_sg,2403,34,17001,17500,4.48,entropy,1.6433398696184158
independent_2401_2405,utr_sg,2403,34,17001,17500,4.48,approx_kl,0.0013994201416029067
independent_2401_2405,utr_sg,2403,34,17001,17500,4.48,policy_loss,-0.0024498640580038035
independent_2401_2405,utr_sg,2403,34,17001,17500,4.48,value_loss,1.129970693860203
independent_2401_2405,utr_sg,2403,34,17001,17500,4.48,grad_norm,8.451703319579362
independent_2401_2405,utr_sg,2403,35,17501,18000,4.608,train_avg_reward,0.27065791295468805
independent_2401_2405,utr_sg,2403,35,17501,18000,4.608,entropy,1.382706184118986
independent_2401_2405,utr_sg,2403,35,17501,18000,4.608,approx_kl,0.0011857472244500957
independent_2401_2405,utr_sg,2403,35,17501,18000,4.608,policy_loss,-0.0020811386743487957
independent_2401_2405,utr_sg,2403,35,17501,18000,4.608,value_loss,1.1016301240827888
independent_2401_2405,utr_sg,2403,35,17501,18000,4.608,grad_norm,9.6688624612391
independent_2401_2405,utr_sg,2403,36,18001,18500,4.736,train_avg_reward,0.27359146639704707
independent_2401_2405,utr_sg,2403,36,18001,18500,4.736,entropy,1.416110960304737
independent_2401_2405,utr_sg,2403,36,18001,18500,4.736,approx_kl,0.0012920326424508235
independent_2401_2405,utr_sg,2403,36,18001,18500,4.736,policy_loss,-0.002304687009109397
independent_2401_2405,utr_sg,2403,36,18001,18500,4.736,value_loss,1.213518536267802
independent_2401_2405,utr_sg,2403,36,18001,18500,4.736,grad_norm,11.08998406291008
independent_2401_2405,utr_sg,2403,37,18501,19000,4.864,train_avg_reward,0.27136698074638843
independent_2401_2405,utr_sg,2403,37,18501,19000,4.864,entropy,1.4673541321754455
independent_2401_2405,utr_sg,2403,37,18501,19000,4.864,approx_kl,0.0012265773211770448
independent_2401_2405,utr_sg,2403,37,18501,19000,4.864,policy_loss,-0.0021466099340618633
independent_2401_2405,utr_sg,2403,37,18501,19000,4.864,value_loss,1.0802269160859286
independent_2401_2405,utr_sg,2403,37,18501,19000,4.864,grad_norm,10.533319444328546
independent_2401_2405,utr_sg,2403,38,19001,19500,4.992,train_avg_reward,0.270402927711606
independent_2401_2405,utr_sg,2403,38,19001,19500,4.992,entropy,1.4730738666057586
independent_2401_2405,utr_sg,2403,38,19001,19500,4.992,approx_kl,0.001676395864740696
independent_2401_2405,utr_sg,2403,38,19001,19500,4.992,policy_loss,-0.0025499330199280214
independent_2401_2405,utr_sg,2403,38,19001,19500,4.992,value_loss,0.8833008632808924
independent_2401_2405,utr_sg,2403,38,19001,19500,4.992,grad_norm,11.330464789062738
independent_2401_2405,utr_sg,2403,39,19501,20000,5.12,train_avg_reward,0.2711623282879591
independent_2401_2405,utr_sg,2403,39,19501,20000,5.12,entropy,1.5442306668758392
independent_2401_2405,utr_sg,2403,39,19501,20000,5.12,approx_kl,0.0014566871982984418
independent_2401_2405,utr_sg,2403,39,19501,20000,5.12,policy_loss,-0.0024784038099646822
independent_2401_2405,utr_sg,2403,39,19501,20000,5.12,value_loss,0.971919212685898
independent_2401_2405,utr_sg,2403,39,19501,20000,5.12,grad_norm,8.735696470648051
independent_2401_2405,utr_sg,2403,40,20001,20500,5.248,train_avg_reward,0.27865503042936324
independent_2401_2405,utr_sg,2403,40,20001,20500,5.248,entropy,1.579109851360321
independent_2401_2405,utr_sg,2403,40,20001,20500,5.248,approx_kl,0.0014177809228428167
independent_2401_2405,utr_sg,2403,40,20001,20500,5.248,policy_loss,-0.0023902323701594902
independent_2401_2405,utr_sg,2403,40,20001,20500,5.248,value_loss,0.8436636857613922
independent_2401_2405,utr_sg,2403,40,20001,20500,5.248,grad_norm,9.10457736557722
independent_2401_2405,utr_sg,2403,41,20501,21000,5.376,train_avg_reward,0.2762850142121315
independent_2401_2405,utr_sg,2403,41,20501,21000,5.376,entropy,1.497408174097538
independent_2401_2405,utr_sg,2403,41,20501,21000,5.376,approx_kl,0.0012323928162280306
independent_2401_2405,utr_sg,2403,41,20501,21000,5.376,policy_loss,-0.0023594362605097664
independent_2401_2405,utr_sg,2403,41,20501,21000,5.376,value_loss,0.9815915829911828
independent_2401_2405,utr_sg,2403,41,20501,21000,5.376,grad_norm,9.209087516158819
independent_2401_2405,utr_sg,2403,42,21001,21500,5.504,train_avg_reward,0.2828968025147915
independent_2401_2405,utr_sg,2403,42,21001,21500,5.504,entropy,1.388667418718338
independent_2401_2405,utr_sg,2403,42,21001,21500,5.504,approx_kl,0.0013130929552679213
independent_2401_2405,utr_sg,2403,42,21001,21500,5.504,policy_loss,-0.0024445071381228446
independent_2401_2405,utr_sg,2403,42,21001,21500,5.504,value_loss,0.9071861062720418
independent_2401_2405,utr_sg,2403,42,21001,21500,5.504,grad_norm,9.591085609227418
independent_2401_2405,utr_sg,2403,43,21501,22000,5.632,train_avg_reward,0.2886376619488001
independent_2401_2405,utr_sg,2403,43,21501,22000,5.632,entropy,1.485069862306118
independent_2401_2405,utr_sg,2403,43,21501,22000,5.632,approx_kl,0.0014933279797002463
independent_2401_2405,utr_sg,2403,43,21501,22000,5.632,policy_loss,-0.002405306223835842
independent_2401_2405,utr_sg,2403,43,21501,22000,5.632,value_loss,0.5565640748403966
independent_2401_2405,utr_sg,2403,43,21501,22000,5.632,grad_norm,6.826735953614116
independent_2401_2405,utr_sg,2403,44,22001,22500,5.76,train_avg_reward,0.28852024346590044
independent_2401_2405,utr_sg,2403,44,22001,22500,5.76,entropy,1.4609794192314147
independent_2401_2405,utr_sg,2403,44,22001,22500,5.76,approx_kl,0.0011016493955815626
independent_2401_2405,utr_sg,2403,44,22001,22500,5.76,policy_loss,-0.0022411691389247366
independent_2401_2405,utr_sg,2403,44,22001,22500,5.76,value_loss,0.8212872153781354
independent_2401_2405,utr_sg,2403,44,22001,22500,5.76,grad_norm,7.948834364682436
independent_2401_2405,utr_sg,2403,45,22501,23000,5.888,train_avg_reward,0.295730830848217
independent_2401_2405,utr_sg,2403,45,22501,23000,5.888,entropy,1.4880914989709855
independent_2401_2405,utr_sg,2403,45,22501,23000,5.888,approx_kl,0.0010501438133499778
independent_2401_2405,utr_sg,2403,45,22501,23000,5.888,policy_loss,-0.002237847384078094
independent_2401_2405,utr_sg,2403,45,22501,23000,5.888,value_loss,0.9143569983057678
independent_2401_2405,utr_sg,2403,45,22501,23000,5.888,grad_norm,8.321162616997958
independent_2401_2405,utr_sg,2403,46,23001,23500,6.016,train_avg_reward,0.28943546777963636
independent_2401_2405,utr_sg,2403,46,23001,23500,6.016,entropy,1.4848835034966468
independent_2401_2405,utr_sg,2403,46,23001,23500,6.016,approx_kl,0.0012556655419903077
independent_2401_2405,utr_sg,2403,46,23001,23500,6.016,policy_loss,-0.0022388390282513464
independent_2401_2405,utr_sg,2403,46,23001,23500,6.016,value_loss,1.0164780667573214
independent_2401_2405,utr_sg,2403,46,23001,23500,6.016,grad_norm,8.180715762108564
independent_2401_2405,utr_sg,2403,47,23501,24000,6.144,train_avg_reward,0.30099365070462225
independent_2401_2405,utr_sg,2403,47,23501,24000,6.144,entropy,1.4837309911847114
independent_2401_2405,utr_sg,2403,47,23501,24000,6.144,approx_kl,0.0013374642577244503
independent_2401_2405,utr_sg,2403,47,23501,24000,6.144,policy_loss,-0.0024438240881851456
independent_2401_2405,utr_sg,2403,47,23501,24000,6.144,value_loss,0.7120932771246881
independent_2401_2405,utr_sg,2403,47,23501,24000,6.144,grad_norm,7.185086100071668
independent_2401_2405,utr_sg,2403,48,24001,24500,6.272,train_avg_reward,0.29737006714940073
independent_2401_2405,utr_sg,2403,48,24001,24500,6.272,entropy,1.5227456675767899
independent_2401_2405,utr_sg,2403,48,24001,24500,6.272,approx_kl,0.0010042589911364876
independent_2401_2405,utr_sg,2403,48,24001,24500,6.272,policy_loss,-0.0022009516870650386
independent_2401_2405,utr_sg,2403,48,24001,24500,6.272,value_loss,0.7815667224898935
independent_2401_2405,utr_sg,2403,48,24001,24500,6.272,grad_norm,8.078742549538612
independent_2401_2405,utr_sg,2403,49,24501,25000,6.4,train_avg_reward,0.2985666106939316
independent_2401_2405,utr_sg,2403,49,24501,25000,6.4,entropy,1.5702270594835281
independent_2401_2405,utr_sg,2403,49,24501,25000,6.4,approx_kl,0.0011457185166154856
independent_2401_2405,utr_sg,2403,49,24501,25000,6.4,policy_loss,-0.002331167321772507
independent_2401_2405,utr_sg,2403,49,24501,25000,6.4,value_loss,0.9131591032603755
independent_2401_2405,utr_sg,2403,49,24501,25000,6.4,grad_norm,8.261557547181845
independent_2401_2405,utr_sg,2403,50,25001,25500,6.528,train_avg_reward,0.2834567792862654
independent_2401_2405,utr_sg,2403,50,25001,25500,6.528,entropy,1.5695146776437758
independent_2401_2405,utr_sg,2403,50,25001,25500,6.528,approx_kl,0.0013161237778100828
independent_2401_2405,utr_sg,2403,50,25001,25500,6.528,policy_loss,-0.002484623224057793
independent_2401_2405,utr_sg,2403,50,25001,25500,6.528,value_loss,0.61454685924761
independent_2401_2405,utr_sg,2403,50,25001,25500,6.528,grad_norm,6.970588935762644
independent_2401_2405,utr_sg,2403,51,25501,26000,6.656,train_avg_reward,0.24781653513014318
independent_2401_2405,utr_sg,2403,51,25501,26000,6.656,entropy,1.5130661521553994
independent_2401_2405,utr_sg,2403,51,25501,26000,6.656,approx_kl,0.0009976122047443484
independent_2401_2405,utr_sg,2403,51,25501,26000,6.656,policy_loss,-0.002210595761367389
independent_2401_2405,utr_sg,2403,51,25501,26000,6.656,value_loss,0.9034672097116708
independent_2401_2405,utr_sg,2403,51,25501,26000,6.656,grad_norm,9.150072335928678
independent_2401_2405,utr_sg,2403,52,26001,26500,6.784,train_avg_reward,0.2847793303728104
independent_2401_2405,utr_sg,2403,52,26001,26500,6.784,entropy,1.633086403787136
independent_2401_2405,utr_sg,2403,52,26001,26500,6.784,approx_kl,0.001272587744352673
independent_2401_2405,utr_sg,2403,52,26001,26500,6.784,policy_loss,-0.002314904990738603
independent_2401_2405,utr_sg,2403,52,26001,26500,6.784,value_loss,0.7918873486351222
independent_2401_2405,utr_sg,2403,52,26001,26500,6.784,grad_norm,8.569757785856725
independent_2401_2405,utr_sg,2403,53,26501,27000,6.912,train_avg_reward,0.3009053730964661
independent_2401_2405,utr_sg,2403,53,26501,27000,6.912,entropy,1.6213709821105002
independent_2401_2405,utr_sg,2403,53,26501,27000,6.912,approx_kl,0.0011695878921551982
independent_2401_2405,utr_sg,2403,53,26501,27000,6.912,policy_loss,-0.002228289371895348
independent_2401_2405,utr_sg,2403,53,26501,27000,6.912,value_loss,0.8479724542312324
independent_2401_2405,utr_sg,2403,53,26501,27000,6.912,grad_norm,9.106986186861992
independent_2401_2405,utr_sg,2403,54,27001,27500,7.04,train_avg_reward,0.28749931877851487
independent_2401_2405,utr_sg,2403,54,27001,27500,7.04,entropy,1.6671004902124404
independent_2401_2405,utr_sg,2403,54,27001,27500,7.04,approx_kl,0.0009541555099017344
independent_2401_2405,utr_sg,2403,54,27001,27500,7.04,policy_loss,-0.0020462721672295844
independent_2401_2405,utr_sg,2403,54,27001,27500,7.04,value_loss,1.0573100426718594
independent_2401_2405,utr_sg,2403,54,27001,27500,7.04,grad_norm,9.044608942180872
independent_2401_2405,utr_sg,2403,55,27501,28000,7.168,train_avg_reward,0.2904530428647995
independent_2401_2405,utr_sg,2403,55,27501,28000,7.168,entropy,1.4923063432574273
independent_2401_2405,utr_sg,2403,55,27501,28000,7.168,approx_kl,0.0012586297482354545
independent_2401_2405,utr_sg,2403,55,27501,28000,7.168,policy_loss,-0.0022412778757925364
independent_2401_2405,utr_sg,2403,55,27501,28000,7.168,value_loss,0.7712518172543495
independent_2401_2405,utr_sg,2403,55,27501,28000,7.168,grad_norm,8.945836927056313
independent_2401_2405,utr_sg,2403,56,28001,28500,7.296,train_avg_reward,0.2809171008169651
independent_2401_2405,utr_sg,2403,56,28001,28500,7.296,entropy,1.5493923689723015
independent_2401_2405,utr_sg,2403,56,28001,28500,7.296,approx_kl,0.0009314105095633396
independent_2401_2405,utr_sg,2403,56,28001,28500,7.296,policy_loss,-0.0019289291778121166
independent_2401_2405,utr_sg,2403,56,28001,28500,7.296,value_loss,1.056526553031057
independent_2401_2405,utr_sg,2403,56,28001,28500,7.296,grad_norm,9.847169395625592
independent_2401_2405,utr_sg,2403,57,28501,29000,7.424,train_avg_reward,0.27612417688965796
independent_2401_2405,utr_sg,2403,57,28501,29000,7.424,entropy,1.6563086268901825
independent_2401_2405,utr_sg,2403,57,28501,29000,7.424,approx_kl,0.001157414112750601
independent_2401_2405,utr_sg,2403,57,28501,29000,7.424,policy_loss,-0.0024491903619620827
independent_2401_2405,utr_sg,2403,57,28501,29000,7.424,value_loss,0.7702631690241396
independent_2401_2405,utr_sg,2403,57,28501,29000,7.424,grad_norm,6.814372585207224
independent_2401_2405,utr_sg,2403,58,29001,29500,7.552,train_avg_reward,0.29079782056808473
independent_2401_2405,utr_sg,2403,58,29001,29500,7.552,entropy,1.5580696198940278
independent_2401_2405,utr_sg,2403,58,29001,29500,7.552,approx_kl,0.0014101924491242196
independent_2401_2405,utr_sg,2403,58,29001,29500,7.552,policy_loss,-0.002562442374129455
independent_2401_2405,utr_sg,2403,58,29001,29500,7.552,value_loss,0.5870384142827243
independent_2401_2405,utr_sg,2403,58,29001,29500,7.552,grad_norm,7.006025088757276
independent_2401_2405,utr_sg,2403,59,29501,30000,7.68,train_avg_reward,0.29631979002058506
independent_2401_2405,utr_sg,2403,59,29501,30000,7.68,entropy,1.590768174290657
independent_2401_2405,utr_sg,2403,59,29501,30000,7.68,approx_kl,0.0015738895970186261
independent_2401_2405,utr_sg,2403,59,29501,30000,7.68,policy_loss,-0.002701329939411397
independent_2401_2405,utr_sg,2403,59,29501,30000,7.68,value_loss,0.8167028339076787
independent_2401_2405,utr_sg,2403,59,29501,30000,7.68,grad_norm,7.082873240798712
independent_2401_2405,utr_sg,2403,60,30001,30500,7.808,train_avg_reward,0.30332354512810705
independent_2401_2405,utr_sg,2403,60,30001,30500,7.808,entropy,1.4953706796169282
independent_2401_2405,utr_sg,2403,60,30001,30500,7.808,approx_kl,0.0011593051145637155
independent_2401_2405,utr_sg,2403,60,30001,30500,7.808,policy_loss,-0.0022426047733117914
independent_2401_2405,utr_sg,2403,60,30001,30500,7.808,value_loss,0.589941038005054
independent_2401_2405,utr_sg,2403,60,30001,30500,7.808,grad_norm,6.855843304306268
independent_2401_2405,utr_sg,2403,61,30501,31000,7.936,train_avg_reward,0.3105639055371284
independent_2401_2405,utr_sg,2403,61,30501,31000,7.936,entropy,1.4407655846476555
independent_2401_2405,utr_sg,2403,61,30501,31000,7.936,approx_kl,0.0014664374732346844
independent_2401_2405,utr_sg,2403,61,30501,31000,7.936,policy_loss,-0.002443184623847942
independent_2401_2405,utr_sg,2403,61,30501,31000,7.936,value_loss,0.6572671688813716
independent_2401_2405,utr_sg,2403,61,30501,31000,7.936,grad_norm,7.636574738353491
independent_2401_2405,utr_sg,2403,62,31001,31500,8.064,train_avg_reward,0.278701680265367
independent_2401_2405,utr_sg,2403,62,31001,31500,8.064,entropy,1.3413235916495323
independent_2401_2405,utr_sg,2403,62,31001,31500,8.064,approx_kl,0.0012526762679083956
independent_2401_2405,utr_sg,2403,62,31001,31500,8.064,policy_loss,-0.002399904867607612
independent_2401_2405,utr_sg,2403,62,31001,31500,8.064,value_loss,0.7838496350012719
independent_2401_2405,utr_sg,2403,62,31001,31500,8.064,grad_norm,7.832617836892605
independent_2401_2405,utr_sg,2403,63,31501,32000,8.192,train_avg_reward,0.2905544932037592
independent_2401_2405,utr_sg,2403,63,31501,32000,8.192,entropy,1.4232404238283634
independent_2401_2405,utr_sg,2403,63,31501,32000,8.192,approx_kl,0.0015265848147588779
independent_2401_2405,utr_sg,2403,63,31501,32000,8.192,policy_loss,-0.0027049285036899406
independent_2401_2405,utr_sg,2403,63,31501,32000,8.192,value_loss,0.7090969885326922
independent_2401_2405,utr_sg,2403,63,31501,32000,8.192,grad_norm,6.663226353287697
independent_2401_2405,utr_sg,2403,64,32001,32500,8.32,train_avg_reward,0.31146056178212167
independent_2401_2405,utr_sg,2403,64,32001,32500,8.32,entropy,1.3341406019926072
independent_2401_2405,utr_sg,2403,64,32001,32500,8.32,approx_kl,0.0012298229721585128
independent_2401_2405,utr_sg,2403,64,32001,32500,8.32,policy_loss,-0.0020443505660748358
independent_2401_2405,utr_sg,2403,64,32001,32500,8.32,value_loss,1.2204554597269743
independent_2401_2405,utr_sg,2403,64,32001,32500,8.32,grad_norm,7.995326054900884
independent_2401_2405,utr_sg,2403,65,32501,33000,8.448,train_avg_reward,0.2544007277013734
independent_2401_2405,utr_sg,2403,65,32501,33000,8.448,entropy,1.4927111787796021
independent_2401_2405,utr_sg,2403,65,32501,33000,8.448,approx_kl,0.0014111905781210156
independent_2401_2405,utr_sg,2403,65,32501,33000,8.448,policy_loss,-0.002678662656149321
independent_2401_2405,utr_sg,2403,65,32501,33000,8.448,value_loss,1.0932964759003372
independent_2401_2405,utr_sg,2403,65,32501,33000,8.448,grad_norm,8.618595894098283
independent_2401_2405,utr_sg,2403,66,33001,33500,8.576,train_avg_reward,0.24389837877452372
independent_2401_2405,utr_sg,2403,66,33001,33500,8.576,entropy,1.6307499276995658
independent_2401_2405,utr_sg,2403,66,33001,33500,8.576,approx_kl,0.0018964958745073049
independent_2401_2405,utr_sg,2403,66,33001,33500,8.576,policy_loss,-0.003346876613444124
independent_2401_2405,utr_sg,2403,66,33001,33500,8.576,value_loss,0.6975010542757809
independent_2401_2405,utr_sg,2403,66,33001,33500,8.576,grad_norm,5.917454137533903
independent_2401_2405,utr_sg,2403,67,33501,34000,8.704,train_avg_reward,0.2727165557742119
independent_2401_2405,utr_sg,2403,67,33501,34000,8.704,entropy,1.6232335168719292
independent_2401_2405,utr_sg,2403,67,33501,34000,8.704,approx_kl,0.0016458002066380337
independent_2401_2405,utr_sg,2403,67,33501,34000,8.704,policy_loss,-0.003120161987057597
independent_2401_2405,utr_sg,2403,67,33501,34000,8.704,value_loss,0.6604434309583157
independent_2401_2405,utr_sg,2403,67,33501,34000,8.704,grad_norm,6.229080585569143
independent_2401_2405,utr_sg,2403,68,34001,34500,8.832,train_avg_reward,0.285032424479723
independent_2401_2405,utr_sg,2403,68,34001,34500,8.832,entropy,1.6427765696644783
independent_2401_2405,utr_sg,2403,68,34001,34500,8.832,approx_kl,0.0017985546594815433
independent_2401_2405,utr_sg,2403,68,34001,34500,8.832,policy_loss,-0.0031096635721810286
independent_2401_2405,utr_sg,2403,68,34001,34500,8.832,value_loss,0.5222826486341655
independent_2401_2405,utr_sg,2403,68,34001,34500,8.832,grad_norm,6.894177573084831
independent_2401_2405,utr_sg,2403,69,34501,35000,8.96,train_avg_reward,0.28364197282493114
independent_2401_2405,utr_sg,2403,69,34501,35000,8.96,entropy,1.5376469343304635
independent_2401_2405,utr_sg,2403,69,34501,35000,8.96,approx_kl,0.0015540465876383632
independent_2401_2405,utr_sg,2403,69,34501,35000,8.96,policy_loss,-0.0028673242341518135
independent_2401_2405,utr_sg,2403,69,34501,35000,8.96,value_loss,0.4887526561822742
independent_2401_2405,utr_sg,2403,69,34501,35000,8.96,grad_norm,7.591710576057434
independent_2401_2405,utr_sg,2403,70,35001,35500,9.088,train_avg_reward,0.2611343575567007
independent_2401_2405,utr_sg,2403,70,35001,35500,9.088,entropy,1.5925834556221963
independent_2401_2405,utr_sg,2403,70,35001,35500,9.088,approx_kl,0.0014290401864955077
independent_2401_2405,utr_sg,2403,70,35001,35500,9.088,policy_loss,-0.002856678169387545
independent_2401_2405,utr_sg,2403,70,35001,35500,9.088,value_loss,0.9956898521417752
independent_2401_2405,utr_sg,2403,70,35001,35500,9.088,grad_norm,8.472785332843662
independent_2401_2405,utr_sg,2403,71,35501,36000,9.216,train_avg_reward,0.28748738135397434
independent_2401_2405,utr_sg,2403,71,35501,36000,9.216,entropy,1.6488380264639855
independent_2401_2405,utr_sg,2403,71,35501,36000,9.216,approx_kl,0.0012577049778622735
independent_2401_2405,utr_sg,2403,71,35501,36000,9.216,policy_loss,-0.0027383860331740813
independent_2401_2405,utr_sg,2403,71,35501,36000,9.216,value_loss,0.7738886715155094
independent_2401_2405,utr_sg,2403,71,35501,36000,9.216,grad_norm,8.91560634803772
independent_2401_2405,utr_sg,2403,72,36001,36500,9.344,train_avg_reward,0.26506968298554423
independent_2401_2405,utr_sg,2403,72,36001,36500,9.344,entropy,1.6241065492630005
independent_2401_2405,utr_sg,2403,72,36001,36500,9.344,approx_kl,0.0016108754892641872
independent_2401_2405,utr_sg,2403,72,36001,36500,9.344,policy_loss,-0.0033238184951012357
independent_2401_2405,utr_sg,2403,72,36001,36500,9.344,value_loss,0.9562074281573295
independent_2401_2405,utr_sg,2403,72,36001,36500,9.344,grad_norm,6.7684760982692245
independent_2401_2405,utr_sg,2403,73,36501,37000,9.472,train_avg_reward,0.28852074819803236
independent_2401_2405,utr_sg,2403,73,36501,37000,9.472,entropy,1.665423051893711
independent_2401_2405,utr_sg,2403,73,36501,37000,9.472,approx_kl,0.001922256735137727
independent_2401_2405,utr_sg,2403,73,36501,37000,9.472,policy_loss,-0.003194955759643852
independent_2401_2405,utr_sg,2403,73,36501,37000,9.472,value_loss,0.47303850217722354
independent_2401_2405,utr_sg,2403,73,36501,37000,9.472,grad_norm,6.135406240791083
independent_2401_2405,utr_sg,2403,74,37001,37500,9.6,train_avg_reward,0.28745348593592646
independent_2401_2405,utr_sg,2403,74,37001,37500,9.6,entropy,1.7415574043393136
independent_2401_2405,utr_sg,2403,74,37001,37500,9.6,approx_kl,0.001359473133984764
independent_2401_2405,utr_sg,2403,74,37001,37500,9.6,policy_loss,-0.002768332076080944
independent_2401_2405,utr_sg,2403,74,37001,37500,9.6,value_loss,0.832459132310003
independent_2401_2405,utr_sg,2403,74,37001,37500,9.6,grad_norm,6.709768900424242
independent_2401_2405,utr_sg,2403,75,37501,38000,9.728,train_avg_reward,0.29996062552928926
independent_2401_2405,utr_sg,2403,75,37501,38000,9.728,entropy,1.7462912687659264
independent_2401_2405,utr_sg,2403,75,37501,38000,9.728,approx_kl,0.0014004622541436461
independent_2401_2405,utr_sg,2403,75,37501,38000,9.728,policy_loss,-0.002743951140746126
independent_2401_2405,utr_sg,2403,75,37501,38000,9.728,value_loss,0.6173141488656402
independent_2401_2405,utr_sg,2403,75,37501,38000,9.728,grad_norm,6.839962301135063
independent_2401_2405,utr_sg,2403,76,38001,38500,9.856,train_avg_reward,0.3169279129803181
independent_2401_2405,utr_sg,2403,76,38001,38500,9.856,entropy,1.6447040683627128
independent_2401_2405,utr_sg,2403,76,38001,38500,9.856,approx_kl,0.0015220468240665114
independent_2401_2405,utr_sg,2403,76,38001,38500,9.856,policy_loss,-0.0027147284841217817
independent_2401_2405,utr_sg,2403,76,38001,38500,9.856,value_loss,0.7313930822405964
independent_2401_2405,utr_sg,2403,76,38001,38500,9.856,grad_norm,8.2303280685246
independent_2401_2405,utr_sg,2403,77,38501,39000,9.984,train_avg_reward,0.3002671951651573
independent_2401_2405,utr_sg,2403,77,38501,39000,9.984,entropy,1.677099323093891
independent_2401_2405,utr_sg,2403,77,38501,39000,9.984,approx_kl,0.0017575754413234437
independent_2401_2405,utr_sg,2403,77,38501,39000,9.984,policy_loss,-0.0032230919961363513
independent_2401_2405,utr_sg,2403,77,38501,39000,9.984,value_loss,0.6041762121468782
independent_2401_2405,utr_sg,2403,77,38501,39000,9.984,grad_norm,5.496230921059847
independent_2401_2405,utr_sg,2403,78,39001,39500,10.112,train_avg_reward,0.3087426024296927
independent_2401_2405,utr_sg,2403,78,39001,39500,10.112,entropy,1.6740170461790902
independent_2401_2405,utr_sg,2403,78,39001,39500,10.112,approx_kl,0.0019150334363306606
independent_2401_2405,utr_sg,2403,78,39001,39500,10.112,policy_loss,-0.003437066305537552
independent_2401_2405,utr_sg,2403,78,39001,39500,10.112,value_loss,0.4049693244908537
independent_2401_2405,utr_sg,2403,78,39001,39500,10.112,grad_norm,4.0761426375025795
independent_2401_2405,utr_sg,2404,0,1,500,0.128,train_avg_reward,0.00021970700089877937
independent_2401_2405,utr_sg,2404,0,1,500,0.128,entropy,2.7999638501405717
independent_2401_2405,utr_sg,2404,0,1,500,0.128,approx_kl,0.0009507640583360625
independent_2401_2405,utr_sg,2404,0,1,500,0.128,policy_loss,-0.001972207122490371
independent_2401_2405,utr_sg,2404,0,1,500,0.128,value_loss,0.46273683308809993
independent_2401_2405,utr_sg,2404,0,1,500,0.128,grad_norm,1.2460817509964108
independent_2401_2405,utr_sg,2404,1,501,1000,0.256,train_avg_reward,0.054254435420036315
independent_2401_2405,utr_sg,2404,1,501,1000,0.256,entropy,2.5837122395634653
independent_2401_2405,utr_sg,2404,1,501,1000,0.256,approx_kl,0.0005501777211644216
independent_2401_2405,utr_sg,2404,1,501,1000,0.256,policy_loss,-0.0014785357852048389
independent_2401_2405,utr_sg,2404,1,501,1000,0.256,value_loss,0.5295914610316977
independent_2401_2405,utr_sg,2404,1,501,1000,0.256,grad_norm,1.5435654212906957
independent_2401_2405,utr_sg,2404,2,1001,1500,0.384,train_avg_reward,0.07232399985685334
independent_2401_2405,utr_sg,2404,2,1001,1500,0.384,entropy,2.5697630761265753
independent_2401_2405,utr_sg,2404,2,1001,1500,0.384,approx_kl,0.0008830949365221841
independent_2401_2405,utr_sg,2404,2,1001,1500,0.384,policy_loss,-0.0018951728747069738
independent_2401_2405,utr_sg,2404,2,1001,1500,0.384,value_loss,0.4220703487880528
independent_2401_2405,utr_sg,2404,2,1001,1500,0.384,grad_norm,1.6228697753474117
independent_2401_2405,utr_sg,2404,3,1501,2000,0.512,train_avg_reward,0.08169929521600716
independent_2401_2405,utr_sg,2404,3,1501,2000,0.512,entropy,2.5535524542331696
independent_2401_2405,utr_sg,2404,3,1501,2000,0.512,approx_kl,0.0009979953668557756
independent_2401_2405,utr_sg,2404,3,1501,2000,0.512,policy_loss,-0.0019496796241577142
independent_2401_2405,utr_sg,2404,3,1501,2000,0.512,value_loss,0.5450148982442915
independent_2401_2405,utr_sg,2404,3,1501,2000,0.512,grad_norm,1.9656498418450357
independent_2401_2405,utr_sg,2404,4,2001,2500,0.64,train_avg_reward,0.10200877815531567
independent_2401_2405,utr_sg,2404,4,2001,2500,0.64,entropy,2.5427626810073853
independent_2401_2405,utr_sg,2404,4,2001,2500,0.64,approx_kl,0.0006722590291024062
independent_2401_2405,utr_sg,2404,4,2001,2500,0.64,policy_loss,-0.0015761580838861864
independent_2401_2405,utr_sg,2404,4,2001,2500,0.64,value_loss,0.7102745497599244
independent_2401_2405,utr_sg,2404,4,2001,2500,0.64,grad_norm,2.5755984064042567
independent_2401_2405,utr_sg,2404,5,2501,3000,0.768,train_avg_reward,0.11982128114067019
independent_2401_2405,utr_sg,2404,5,2501,3000,0.768,entropy,2.4634978306293487
independent_2401_2405,utr_sg,2404,5,2501,3000,0.768,approx_kl,0.0008257016665982822
independent_2401_2405,utr_sg,2404,5,2501,3000,0.768,policy_loss,-0.0017802179404879073
independent_2401_2405,utr_sg,2404,5,2501,3000,0.768,value_loss,0.8371357903294265
independent_2401_2405,utr_sg,2404,5,2501,3000,0.768,grad_norm,3.2192063497304915
independent_2401_2405,utr_sg,2404,6,3001,3500,0.896,train_avg_reward,0.12496680640615523
independent_2401_2405,utr_sg,2404,6,3001,3500,0.896,entropy,2.5713683166503905
independent_2401_2405,utr_sg,2404,6,3001,3500,0.896,approx_kl,0.0010034512355944873
independent_2401_2405,utr_sg,2404,6,3001,3500,0.896,policy_loss,-0.001994110967864814
independent_2401_2405,utr_sg,2404,6,3001,3500,0.896,value_loss,0.9036797915417701
independent_2401_2405,utr_sg,2404,6,3001,3500,0.896,grad_norm,3.6716482130736114
independent_2401_2405,utr_sg,2404,7,3501,4000,1.024,train_avg_reward,0.13360539235919713
independent_2401_2405,utr_sg,2404,7,3501,4000,1.024,entropy,2.451769752621651
independent_2401_2405,utr_sg,2404,7,3501,4000,1.024,approx_kl,0.0008549227486942073
independent_2401_2405,utr_sg,2404,7,3501,4000,1.024,policy_loss,-0.0017836624011306902
independent_2401_2405,utr_sg,2404,7,3501,4000,1.024,value_loss,0.9513900777101517
independent_2401_2405,utr_sg,2404,7,3501,4000,1.024,grad_norm,3.6053016031235456
independent_2401_2405,utr_sg,2404,8,4001,4500,1.152,train_avg_reward,0.1405800343938172
independent_2401_2405,utr_sg,2404,8,4001,4500,1.152,entropy,2.3618432304263113
independent_2401_2405,utr_sg,2404,8,4001,4500,1.152,approx_kl,0.0009969826017140805
independent_2401_2405,utr_sg,2404,8,4001,4500,1.152,policy_loss,-0.0020516053810842954
independent_2401_2405,utr_sg,2404,8,4001,4500,1.152,value_loss,0.8862313331477344
independent_2401_2405,utr_sg,2404,8,4001,4500,1.152,grad_norm,3.6473481443524363
independent_2401_2405,utr_sg,2404,9,4501,5000,1.28,train_avg_reward,0.1409435930736363
independent_2401_2405,utr_sg,2404,9,4501,5000,1.28,entropy,2.4086733907461166
independent_2401_2405,utr_sg,2404,9,4501,5000,1.28,approx_kl,0.0009480076016331319
independent_2401_2405,utr_sg,2404,9,4501,5000,1.28,policy_loss,-0.001851349049954185
independent_2401_2405,utr_sg,2404,9,4501,5000,1.28,value_loss,0.6890565206268803
independent_2401_2405,utr_sg,2404,9,4501,5000,1.28,grad_norm,3.0009633407741787
independent_2401_2405,utr_sg,2404,10,5001,5500,1.408,train_avg_reward,0.15029887628555297
independent_2401_2405,utr_sg,2404,10,5001,5500,1.408,entropy,2.2881567817926407
independent_2401_2405,utr_sg,2404,10,5001,5500,1.408,approx_kl,0.000855112290633618
independent_2401_2405,utr_sg,2404,10,5001,5500,1.408,policy_loss,-0.001570640741621061
independent_2401_2405,utr_sg,2404,10,5001,5500,1.408,value_loss,0.6781902685221285
independent_2401_2405,utr_sg,2404,10,5001,5500,1.408,grad_norm,3.2154348623901607
independent_2401_2405,utr_sg,2404,11,5501,6000,1.536,train_avg_reward,0.15720603895187377
independent_2401_2405,utr_sg,2404,11,5501,6000,1.536,entropy,2.294517616033554
independent_2401_2405,utr_sg,2404,11,5501,6000,1.536,approx_kl,0.0010424491681060317
independent_2401_2405,utr_sg,2404,11,5501,6000,1.536,policy_loss,-0.002008514261577277
independent_2401_2405,utr_sg,2404,11,5501,6000,1.536,value_loss,0.7439448364563286
independent_2401_2405,utr_sg,2404,11,5501,6000,1.536,grad_norm,3.3721213342100382
independent_2401_2405,utr_sg,2404,12,6001,6500,1.664,train_avg_reward,0.1668301155641675
independent_2401_2405,utr_sg,2404,12,6001,6500,1.664,entropy,2.422750503182411
independent_2401_2405,utr_sg,2404,12,6001,6500,1.664,approx_kl,0.0008603423033387116
independent_2401_2405,utr_sg,2404,12,6001,6500,1.664,policy_loss,-0.0018042110423806767
independent_2401_2405,utr_sg,2404,12,6001,6500,1.664,value_loss,0.7696644334457815
independent_2401_2405,utr_sg,2404,12,6001,6500,1.664,grad_norm,3.884039724588394
independent_2401_2405,utr_sg,2404,13,6501,7000,1.792,train_avg_reward,0.17858872330188752
independent_2401_2405,utr_sg,2404,13,6501,7000,1.792,entropy,2.4487999985814093
independent_2401_2405,utr_sg,2404,13,6501,7000,1.792,approx_kl,0.0009542445373449481
independent_2401_2405,utr_sg,2404,13,6501,7000,1.792,policy_loss,-0.001897978426399839
independent_2401_2405,utr_sg,2404,13,6501,7000,1.792,value_loss,0.8277211278155446
independent_2401_2405,utr_sg,2404,13,6501,7000,1.792,grad_norm,4.348834196060896
independent_2401_2405,utr_sg,2404,14,7001,7500,1.92,train_avg_reward,0.16421820084750652
independent_2401_2405,utr_sg,2404,14,7001,7500,1.92,entropy,2.2984858788847924
independent_2401_2405,utr_sg,2404,14,7001,7500,1.92,approx_kl,0.0010950272029006858
independent_2401_2405,utr_sg,2404,14,7001,7500,1.92,policy_loss,-0.0019392037041302793
independent_2401_2405,utr_sg,2404,14,7001,7500,1.92,value_loss,1.000264639172703
independent_2401_2405,utr_sg,2404,14,7001,7500,1.92,grad_norm,4.8047145696431395
independent_2401_2405,utr_sg,2404,15,7501,8000,2.048,train_avg_reward,0.1730919768065214
independent_2401_2405,utr_sg,2404,15,7501,8000,2.048,entropy,2.3026063302755357
independent_2401_2405,utr_sg,2404,15,7501,8000,2.048,approx_kl,0.0010202107730688111
independent_2401_2405,utr_sg,2404,15,7501,8000,2.048,policy_loss,-0.002046805691132437
independent_2401_2405,utr_sg,2404,15,7501,8000,2.048,value_loss,1.0103302431181074
independent_2401_2405,utr_sg,2404,15,7501,8000,2.048,grad_norm,4.650232191979885
independent_2401_2405,utr_sg,2404,16,8001,8500,2.176,train_avg_reward,0.19809713414311408
independent_2401_2405,utr_sg,2404,16,8001,8500,2.176,entropy,2.215736658632755
independent_2401_2405,utr_sg,2404,16,8001,8500,2.176,approx_kl,0.0011875125987306392
independent_2401_2405,utr_sg,2404,16,8001,8500,2.176,policy_loss,-0.002096660215068739
independent_2401_2405,utr_sg,2404,16,8001,8500,2.176,value_loss,0.6808877480886877
independent_2401_2405,utr_sg,2404,16,8001,8500,2.176,grad_norm,4.711670219987631
independent_2401_2405,utr_sg,2404,17,8501,9000,2.304,train_avg_reward,0.15862458235025406
independent_2401_2405,utr_sg,2404,17,8501,9000,2.304,entropy,2.193520628631115
independent_2401_2405,utr_sg,2404,17,8501,9000,2.304,approx_kl,0.0013077255361986313
independent_2401_2405,utr_sg,2404,17,8501,9000,2.304,policy_loss,-0.0021399052295162026
independent_2401_2405,utr_sg,2404,17,8501,9000,2.304,value_loss,0.8505206542573869
independent_2401_2405,utr_sg,2404,17,8501,9000,2.304,grad_norm,4.5008681987077
independent_2401_2405,utr_sg,2404,18,9001,9500,2.432,train_avg_reward,0.1887269510924816
independent_2401_2405,utr_sg,2404,18,9001,9500,2.432,entropy,2.2732937045693395
independent_2401_2405,utr_sg,2404,18,9001,9500,2.432,approx_kl,0.0010628150948558258
independent_2401_2405,utr_sg,2404,18,9001,9500,2.432,policy_loss,-0.0017831259943187864
independent_2401_2405,utr_sg,2404,18,9001,9500,2.432,value_loss,0.9958594641964883
independent_2401_2405,utr_sg,2404,18,9001,9500,2.432,grad_norm,5.065832782655955
independent_2401_2405,utr_sg,2404,19,9501,10000,2.56,train_avg_reward,0.19282178162038327
independent_2401_2405,utr_sg,2404,19,9501,10000,2.56,entropy,2.2749198409318923
independent_2401_2405,utr_sg,2404,19,9501,10000,2.56,approx_kl,0.0009947265865278795
independent_2401_2405,utr_sg,2404,19,9501,10000,2.56,policy_loss,-0.0017018895613478816
independent_2401_2405,utr_sg,2404,19,9501,10000,2.56,value_loss,0.9231231628134847
independent_2401_2405,utr_sg,2404,19,9501,10000,2.56,grad_norm,5.266462425589562
independent_2401_2405,utr_sg,2404,20,10001,10500,2.688,train_avg_reward,0.21765084214508534
independent_2401_2405,utr_sg,2404,20,10001,10500,2.688,entropy,2.0151709286570547
independent_2401_2405,utr_sg,2404,20,10001,10500,2.688,approx_kl,0.0013593434458328672
independent_2401_2405,utr_sg,2404,20,10001,10500,2.688,policy_loss,-0.0021430623432632605
independent_2401_2405,utr_sg,2404,20,10001,10500,2.688,value_loss,0.639701959721744
independent_2401_2405,utr_sg,2404,20,10001,10500,2.688,grad_norm,4.789978328347206
independent_2401_2405,utr_sg,2404,21,10501,11000,2.816,train_avg_reward,0.19810049089044332
independent_2401_2405,utr_sg,2404,21,10501,11000,2.816,entropy,1.92848666369915
independent_2401_2405,utr_sg,2404,21,10501,11000,2.816,approx_kl,0.0012033770161706337
independent_2401_2405,utr_sg,2404,21,10501,11000,2.816,policy_loss,-0.0020978689999877074
independent_2401_2405,utr_sg,2404,21,10501,11000,2.816,value_loss,0.9229905441738665
independent_2401_2405,utr_sg,2404,21,10501,11000,2.816,grad_norm,5.828242780178785
independent_2401_2405,utr_sg,2404,22,11001,11500,2.944,train_avg_reward,0.20672890816628933
independent_2401_2405,utr_sg,2404,22,11001,11500,2.944,entropy,1.9695822546482087
independent_2401_2405,utr_sg,2404,22,11001,11500,2.944,approx_kl,0.0014423544696158686
independent_2401_2405,utr_sg,2404,22,11001,11500,2.944,policy_loss,-0.002315153990626199
independent_2401_2405,utr_sg,2404,22,11001,11500,2.944,value_loss,0.7219869417995215
independent_2401_2405,utr_sg,2404,22,11001,11500,2.944,grad_norm,4.773054067701102
independent_2401_2405,utr_sg,2404,23,11501,12000,3.072,train_avg_reward,0.2069802291430533
independent_2401_2405,utr_sg,2404,23,11501,12000,3.072,entropy,1.992019939005375
independent_2401_2405,utr_sg,2404,23,11501,12000,3.072,approx_kl,0.001196134109838415
independent_2401_2405,utr_sg,2404,23,11501,12000,3.072,policy_loss,-0.0020279454465319357
independent_2401_2405,utr_sg,2404,23,11501,12000,3.072,value_loss,0.8232104306612164
independent_2401_2405,utr_sg,2404,23,11501,12000,3.072,grad_norm,6.162862277865409
independent_2401_2405,utr_sg,2404,24,12001,12500,3.2,train_avg_reward,0.2160803482979536
independent_2401_2405,utr_sg,2404,24,12001,12500,3.2,entropy,1.9920658293962479
independent_2401_2405,utr_sg,2404,24,12001,12500,3.2,approx_kl,0.0013314335716578768
independent_2401_2405,utr_sg,2404,24,12001,12500,3.2,policy_loss,-0.00217211803981655
independent_2401_2405,utr_sg,2404,24,12001,12500,3.2,value_loss,0.6160034421328455
independent_2401_2405,utr_sg,2404,24,12001,12500,3.2,grad_norm,5.280951830893755
independent_2401_2405,utr_sg,2404,25,12501,13000,3.328,train_avg_reward,0.23346331851184368
independent_2401_2405,utr_sg,2404,25,12501,13000,3.328,entropy,1.9381133016943932
independent_2401_2405,utr_sg,2404,25,12501,13000,3.328,approx_kl,0.0010034662021154556
independent_2401_2405,utr_sg,2404,25,12501,13000,3.328,policy_loss,-0.0017706287878529506
independent_2401_2405,utr_sg,2404,25,12501,13000,3.328,value_loss,0.6436265349369497
independent_2401_2405,utr_sg,2404,25,12501,13000,3.328,grad_norm,6.630427773877979
independent_2401_2405,utr_sg,2404,26,13001,13500,3.456,train_avg_reward,0.22189603969454766
independent_2401_2405,utr_sg,2404,26,13001,13500,3.456,entropy,1.9577005836963655
independent_2401_2405,utr_sg,2404,26,13001,13500,3.456,approx_kl,0.0012236070834867393
independent_2401_2405,utr_sg,2404,26,13001,13500,3.456,policy_loss,-0.0020674111145658936
independent_2401_2405,utr_sg,2404,26,13001,13500,3.456,value_loss,0.6826458117496222
independent_2401_2405,utr_sg,2404,26,13001,13500,3.456,grad_norm,5.8466834965199235
independent_2401_2405,utr_sg,2404,27,13501,14000,3.584,train_avg_reward,0.22833167780935765
independent_2401_2405,utr_sg,2404,27,13501,14000,3.584,entropy,1.9491064735651016
independent_2401_2405,utr_sg,2404,27,13501,14000,3.584,approx_kl,0.0015073227762074245
independent_2401_2405,utr_sg,2404,27,13501,14000,3.584,policy_loss,-0.0022784929522698194
independent_2401_2405,utr_sg,2404,27,13501,14000,3.584,value_loss,0.5803377289734781
independent_2401_2405,utr_sg,2404,27,13501,14000,3.584,grad_norm,4.55757945099473
independent_2401_2405,utr_sg,2404,28,14001,14500,3.712,train_avg_reward,0.17450702701509
independent_2401_2405,utr_sg,2404,28,14001,14500,3.712,entropy,1.941960950434208
independent_2401_2405,utr_sg,2404,28,14001,14500,3.712,approx_kl,0.0012460911808396592
independent_2401_2405,utr_sg,2404,28,14001,14500,3.712,policy_loss,-0.001936376761320713
independent_2401_2405,utr_sg,2404,28,14001,14500,3.712,value_loss,1.1803882507747039
independent_2401_2405,utr_sg,2404,28,14001,14500,3.712,grad_norm,6.183878775581717
independent_2401_2405,utr_sg,2404,29,14501,15000,3.84,train_avg_reward,0.20601951410621405
independent_2401_2405,utr_sg,2404,29,14501,15000,3.84,entropy,1.9067879724502563
independent_2401_2405,utr_sg,2404,29,14501,15000,3.84,approx_kl,0.0010830097523808018
independent_2401_2405,utr_sg,2404,29,14501,15000,3.84,policy_loss,-0.0019433579372913291
independent_2401_2405,utr_sg,2404,29,14501,15000,3.84,value_loss,1.2182346873432397
independent_2401_2405,utr_sg,2404,29,14501,15000,3.84,grad_norm,6.777657150357961
independent_2401_2405,utr_sg,2404,30,15001,15500,3.968,train_avg_reward,0.22730483530461787
independent_2401_2405,utr_sg,2404,30,15001,15500,3.968,entropy,1.8731814037561416
independent_2401_2405,utr_sg,2404,30,15001,15500,3.968,approx_kl,0.001337753353486276
independent_2401_2405,utr_sg,2404,30,15001,15500,3.968,policy_loss,-0.0022712113795053663
independent_2401_2405,utr_sg,2404,30,15001,15500,3.968,value_loss,0.6045375764016062
independent_2401_2405,utr_sg,2404,30,15001,15500,3.968,grad_norm,5.308150284200907
independent_2401_2405,utr_sg,2404,31,15501,16000,4.096,train_avg_reward,0.23007177574560045
independent_2401_2405,utr_sg,2404,31,15501,16000,4.096,entropy,1.8210239089131355
independent_2401_2405,utr_sg,2404,31,15501,16000,4.096,approx_kl,0.0016589598206495164
independent_2401_2405,utr_sg,2404,31,15501,16000,4.096,policy_loss,-0.0022998424654953856
independent_2401_2405,utr_sg,2404,31,15501,16000,4.096,value_loss,0.6915980681777001
independent_2401_2405,utr_sg,2404,31,15501,16000,4.096,grad_norm,5.645160579755903
independent_2401_2405,utr_sg,2404,32,16001,16500,4.224,train_avg_reward,0.24987017388641836
independent_2401_2405,utr_sg,2404,32,16001,16500,4.224,entropy,1.9438259409070016
independent_2401_2405,utr_sg,2404,32,16001,16500,4.224,approx_kl,0.0015151724063534827
independent_2401_2405,utr_sg,2404,32,16001,16500,4.224,policy_loss,-0.0021768557116624856
independent_2401_2405,utr_sg,2404,32,16001,16500,4.224,value_loss,0.40708607277274134
independent_2401_2405,utr_sg,2404,32,16001,16500,4.224,grad_norm,4.505575606301427
independent_2401_2405,utr_sg,2404,33,16501,17000,4.352,train_avg_reward,0.23720097117871047
independent_2401_2405,utr_sg,2404,33,16501,17000,4.352,entropy,1.9599181181788445
independent_2401_2405,utr_sg,2404,33,16501,17000,4.352,approx_kl,0.0012295027604953524
independent_2401_2405,utr_sg,2404,33,16501,17000,4.352,policy_loss,-0.0021730832637044425
independent_2401_2405,utr_sg,2404,33,16501,17000,4.352,value_loss,0.6265414917133748
independent_2401_2405,utr_sg,2404,33,16501,17000,4.352,grad_norm,5.4763840277493
independent_2401_2405,utr_sg,2404,34,17001,17500,4.48,train_avg_reward,0.23248740918934346
independent_2401_2405,utr_sg,2404,34,17001,17500,4.48,entropy,1.889862868130207
independent_2401_2405,utr_sg,2404,34,17001,17500,4.48,approx_kl,0.0013298028357782308
independent_2401_2405,utr_sg,2404,34,17001,17500,4.48,policy_loss,-0.0022114232070767716
independent_2401_2405,utr_sg,2404,34,17001,17500,4.48,value_loss,0.7072049056421965
independent_2401_2405,utr_sg,2404,34,17001,17500,4.48,grad_norm,5.431199181437492
independent_2401_2405,utr_sg,2404,35,17501,18000,4.608,train_avg_reward,0.22891874970495701
independent_2401_2405,utr_sg,2404,35,17501,18000,4.608,entropy,1.9046258539557457
independent_2401_2405,utr_sg,2404,35,17501,18000,4.608,approx_kl,0.0014530103577329381
independent_2401_2405,utr_sg,2404,35,17501,18000,4.608,policy_loss,-0.0024379488545449154
independent_2401_2405,utr_sg,2404,35,17501,18000,4.608,value_loss,0.6935415501017124
independent_2401_2405,utr_sg,2404,35,17501,18000,4.608,grad_norm,4.820329084992409
independent_2401_2405,utr_sg,2404,36,18001,18500,4.736,train_avg_reward,0.22874278132617473
independent_2401_2405,utr_sg,2404,36,18001,18500,4.736,entropy,1.8645825703144074
independent_2401_2405,utr_sg,2404,36,18001,18500,4.736,approx_kl,0.001469212829861132
independent_2401_2405,utr_sg,2404,36,18001,18500,4.736,policy_loss,-0.002451648584383968
independent_2401_2405,utr_sg,2404,36,18001,18500,4.736,value_loss,0.5890813685748726
independent_2401_2405,utr_sg,2404,36,18001,18500,4.736,grad_norm,4.672270946398378
independent_2401_2405,utr_sg,2404,37,18501,19000,4.864,train_avg_reward,0.22455170703306795
independent_2401_2405,utr_sg,2404,37,18501,19000,4.864,entropy,1.7842489913105966
independent_2401_2405,utr_sg,2404,37,18501,19000,4.864,approx_kl,0.001495810477333176
independent_2401_2405,utr_sg,2404,37,18501,19000,4.864,policy_loss,-0.0024735969194801494
independent_2401_2405,utr_sg,2404,37,18501,19000,4.864,value_loss,0.5812979898061603
independent_2401_2405,utr_sg,2404,37,18501,19000,4.864,grad_norm,4.2549744026362895
independent_2401_2405,utr_sg,2404,38,19001,19500,4.992,train_avg_reward,0.20978657709807158
independent_2401_2405,utr_sg,2404,38,19001,19500,4.992,entropy,1.7500034076571465
independent_2401_2405,utr_sg,2404,38,19001,19500,4.992,approx_kl,0.0012433042638664686
independent_2401_2405,utr_sg,2404,38,19001,19500,4.992,policy_loss,-0.002147820472516981
independent_2401_2405,utr_sg,2404,38,19001,19500,4.992,value_loss,0.7932833772525192
independent_2401_2405,utr_sg,2404,38,19001,19500,4.992,grad_norm,5.834833058357239
independent_2401_2405,utr_sg,2404,39,19501,20000,5.12,train_avg_reward,0.23591937287151812
independent_2401_2405,utr_sg,2404,39,19501,20000,5.12,entropy,1.7310501189231873
independent_2401_2405,utr_sg,2404,39,19501,20000,5.12,approx_kl,0.002023539931093482
independent_2401_2405,utr_sg,2404,39,19501,20000,5.12,policy_loss,-0.002790890361341945
independent_2401_2405,utr_sg,2404,39,19501,20000,5.12,value_loss,0.4608940751226619
independent_2401_2405,utr_sg,2404,39,19501,20000,5.12,grad_norm,4.236845156818628
independent_2401_2405,utr_sg,2404,40,20001,20500,5.248,train_avg_reward,0.10568640463240445
independent_2401_2405,utr_sg,2404,40,20001,20500,5.248,entropy,1.7510112702846528
independent_2401_2405,utr_sg,2404,40,20001,20500,5.248,approx_kl,0.00229854721212541
independent_2401_2405,utr_sg,2404,40,20001,20500,5.248,policy_loss,-0.0032016008825033683
independent_2401_2405,utr_sg,2404,40,20001,20500,5.248,value_loss,0.43783273605816064
independent_2401_2405,utr_sg,2404,40,20001,20500,5.248,grad_norm,2.792980747103691
independent_2401_2405,utr_sg,2404,41,20501,21000,5.376,train_avg_reward,0.18817293405532837
independent_2401_2405,utr_sg,2404,41,20501,21000,5.376,entropy,1.810141641020775
independent_2401_2405,utr_sg,2404,41,20501,21000,5.376,approx_kl,0.001394143261023748
independent_2401_2405,utr_sg,2404,41,20501,21000,5.376,policy_loss,-0.0020129335285974112
independent_2401_2405,utr_sg,2404,41,20501,21000,5.376,value_loss,1.6324359078742563
independent_2401_2405,utr_sg,2404,41,20501,21000,5.376,grad_norm,4.66358118969202
independent_2401_2405,utr_sg,2404,42,21001,21500,5.504,train_avg_reward,0.23591399502754212
independent_2401_2405,utr_sg,2404,42,21001,21500,5.504,entropy,1.8414751955270767
independent_2401_2405,utr_sg,2404,42,21001,21500,5.504,approx_kl,0.0013033860126220106
independent_2401_2405,utr_sg,2404,42,21001,21500,5.504,policy_loss,-0.0020790418843243653
independent_2401_2405,utr_sg,2404,42,21001,21500,5.504,value_loss,1.819972228601575
independent_2401_2405,utr_sg,2404,42,21001,21500,5.504,grad_norm,7.222856617242098
independent_2401_2405,utr_sg,2404,43,21501,22000,5.632,train_avg_reward,0.2492153504937887
independent_2401_2405,utr_sg,2404,43,21501,22000,5.632,entropy,1.735952602982521
independent_2401_2405,utr_sg,2404,43,21501,22000,5.632,approx_kl,0.0016392768185733051
independent_2401_2405,utr_sg,2404,43,21501,22000,5.632,policy_loss,-0.0026346125334897187
independent_2401_2405,utr_sg,2404,43,21501,22000,5.632,value_loss,1.5906132502406836
independent_2401_2405,utr_sg,2404,43,21501,22000,5.632,grad_norm,6.776378510773182
independent_2401_2405,utr_sg,2404,44,22001,22500,5.76,train_avg_reward,0.2126528562679887
independent_2401_2405,utr_sg,2404,44,22001,22500,5.76,entropy,1.7091323689818383
independent_2401_2405,utr_sg,2404,44,22001,22500,5.76,approx_kl,0.001874620225159862
independent_2401_2405,utr_sg,2404,44,22001,22500,5.76,policy_loss,-0.0026731883256916862
independent_2401_2405,utr_sg,2404,44,22001,22500,5.76,value_loss,1.4328689337149263
independent_2401_2405,utr_sg,2404,44,22001,22500,5.76,grad_norm,6.723295380026102
independent_2401_2405,utr_sg,2404,45,22501,23000,5.888,train_avg_reward,0.23670720982551574
independent_2401_2405,utr_sg,2404,45,22501,23000,5.888,entropy,1.5864269136190414
independent_2401_2405,utr_sg,2404,45,22501,23000,5.888,approx_kl,0.001366177463007865
independent_2401_2405,utr_sg,2404,45,22501,23000,5.888,policy_loss,-0.002338282204227908
independent_2401_2405,utr_sg,2404,45,22501,23000,5.888,value_loss,1.7699239272624254
independent_2401_2405,utr_sg,2404,45,22501,23000,5.888,grad_norm,7.601187971204519
independent_2401_2405,utr_sg,2404,46,23001,23500,6.016,train_avg_reward,0.23011405662447215
independent_2401_2405,utr_sg,2404,46,23001,23500,6.016,entropy,1.554052969813347
independent_2401_2405,utr_sg,2404,46,23001,23500,6.016,approx_kl,0.001608652829970498
independent_2401_2405,utr_sg,2404,46,23001,23500,6.016,policy_loss,-0.0026217445653055975
independent_2401_2405,utr_sg,2404,46,23001,23500,6.016,value_loss,1.5582791275531054
independent_2401_2405,utr_sg,2404,46,23001,23500,6.016,grad_norm,7.856389957666397
independent_2401_2405,utr_sg,2404,47,23501,24000,6.144,train_avg_reward,0.24113520626723767
independent_2401_2405,utr_sg,2404,47,23501,24000,6.144,entropy,1.63271071600914
independent_2401_2405,utr_sg,2404,47,23501,24000,6.144,approx_kl,0.0014405350504781967
independent_2401_2405,utr_sg,2404,47,23501,24000,6.144,policy_loss,-0.002566511599757906
independent_2401_2405,utr_sg,2404,47,23501,24000,6.144,value_loss,1.6783732777759433
independent_2401_2405,utr_sg,2404,47,23501,24000,6.144,grad_norm,8.36569352555275
independent_2401_2405,utr_sg,2404,48,24001,24500,6.272,train_avg_reward,0.2678713849037886
independent_2401_2405,utr_sg,2404,48,24001,24500,6.272,entropy,1.597361702501774
independent_2401_2405,utr_sg,2404,48,24001,24500,6.272,approx_kl,0.0013932699191891492
independent_2401_2405,utr_sg,2404,48,24001,24500,6.272,policy_loss,-0.0027454227343108252
independent_2401_2405,utr_sg,2404,48,24001,24500,6.272,value_loss,1.2580871147960424
independent_2401_2405,utr_sg,2404,48,24001,24500,6.272,grad_norm,8.101542645066976
independent_2401_2405,utr_sg,2404,49,24501,25000,6.4,train_avg_reward,0.2518568988442421
independent_2401_2405,utr_sg,2404,49,24501,25000,6.4,entropy,1.6275040946006776
independent_2401_2405,utr_sg,2404,49,24501,25000,6.4,approx_kl,0.0015041711150042807
independent_2401_2405,utr_sg,2404,49,24501,25000,6.4,policy_loss,-0.0026967459333979336
independent_2401_2405,utr_sg,2404,49,24501,25000,6.4,value_loss,1.2177153022512794
independent_2401_2405,utr_sg,2404,49,24501,25000,6.4,grad_norm,7.482715223044157
independent_2401_2405,utr_sg,2404,50,25001,25500,6.528,train_avg_reward,0.2875149281024933
independent_2401_2405,utr_sg,2404,50,25001,25500,6.528,entropy,1.6794031934738158
independent_2401_2405,utr_sg,2404,50,25001,25500,6.528,approx_kl,0.0014298733817492244
independent_2401_2405,utr_sg,2404,50,25001,25500,6.528,policy_loss,-0.002455793665902614
independent_2401_2405,utr_sg,2404,50,25001,25500,6.528,value_loss,1.158519441474229
independent_2401_2405,utr_sg,2404,50,25001,25500,6.528,grad_norm,7.5953822831511495
independent_2401_2405,utr_sg,2404,51,25501,26000,6.656,train_avg_reward,0.2753760833442211
independent_2401_2405,utr_sg,2404,51,25501,26000,6.656,entropy,1.623635424375534
independent_2401_2405,utr_sg,2404,51,25501,26000,6.656,approx_kl,0.0013567627200829187
independent_2401_2405,utr_sg,2404,51,25501,26000,6.656,policy_loss,-0.0024453939824299335
independent_2401_2405,utr_sg,2404,51,25501,26000,6.656,value_loss,1.2964248267039657
independent_2401_2405,utr_sg,2404,51,25501,26000,6.656,grad_norm,8.054142832517623
independent_2401_2405,utr_sg,2404,52,26001,26500,6.784,train_avg_reward,0.25233267244696617
independent_2401_2405,utr_sg,2404,52,26001,26500,6.784,entropy,1.5958256521224976
independent_2401_2405,utr_sg,2404,52,26001,26500,6.784,approx_kl,0.0012225098521910975
independent_2401_2405,utr_sg,2404,52,26001,26500,6.784,policy_loss,-0.002367075620412965
independent_2401_2405,utr_sg,2404,52,26001,26500,6.784,value_loss,1.132251286016777
independent_2401_2405,utr_sg,2404,52,26001,26500,6.784,grad_norm,7.95960021224618
independent_2401_2405,utr_sg,2404,53,26501,27000,6.912,train_avg_reward,0.25045137206465007
independent_2401_2405,utr_sg,2404,53,26501,27000,6.912,entropy,1.6543091341257095
independent_2401_2405,utr_sg,2404,53,26501,27000,6.912,approx_kl,0.0014894333883833772
independent_2401_2405,utr_sg,2404,53,26501,27000,6.912,policy_loss,-0.002672710791114852
independent_2401_2405,utr_sg,2404,53,26501,27000,6.912,value_loss,1.519285175140947
independent_2401_2405,utr_sg,2404,53,26501,27000,6.912,grad_norm,7.8426201333105565
independent_2401_2405,utr_sg,2404,54,27001,27500,7.04,train_avg_reward,0.24793600043654443
independent_2401_2405,utr_sg,2404,54,27001,27500,7.04,entropy,1.600500939667225
independent_2401_2405,utr_sg,2404,54,27001,27500,7.04,approx_kl,0.0013536336297032272
independent_2401_2405,utr_sg,2404,54,27001,27500,7.04,policy_loss,-0.0027081489822412485
independent_2401_2405,utr_sg,2404,54,27001,27500,7.04,value_loss,1.0618412212654949
independent_2401_2405,utr_sg,2404,54,27001,27500,7.04,grad_norm,7.078614744335413
independent_2401_2405,utr_sg,2404,55,27501,28000,7.168,train_avg_reward,0.2418826744556427
independent_2401_2405,utr_sg,2404,55,27501,28000,7.168,entropy,1.5888199262619018
independent_2401_2405,utr_sg,2404,55,27501,28000,7.168,approx_kl,0.0015114894600986467
independent_2401_2405,utr_sg,2404,55,27501,28000,7.168,policy_loss,-0.002613817531638531
independent_2401_2405,utr_sg,2404,55,27501,28000,7.168,value_loss,1.2072528115138412
independent_2401_2405,utr_sg,2404,55,27501,28000,7.168,grad_norm,6.669268948078155
independent_2401_2405,utr_sg,2404,56,28001,28500,7.296,train_avg_reward,0.2738510660231113
independent_2401_2405,utr_sg,2404,56,28001,28500,7.296,entropy,1.532412210226059
independent_2401_2405,utr_sg,2404,56,28001,28500,7.296,approx_kl,0.0016152738188420673
independent_2401_2405,utr_sg,2404,56,28001,28500,7.296,policy_loss,-0.002681970545769443
independent_2401_2405,utr_sg,2404,56,28001,28500,7.296,value_loss,0.9846279427111149
independent_2401_2405,utr_sg,2404,56,28001,28500,7.296,grad_norm,7.065405180454254
independent_2401_2405,utr_sg,2404,57,28501,29000,7.424,train_avg_reward,0.2785534733310342
independent_2401_2405,utr_sg,2404,57,28501,29000,7.424,entropy,1.6304267139434814
independent_2401_2405,utr_sg,2404,57,28501,29000,7.424,approx_kl,0.0016300928040488215
independent_2401_2405,utr_sg,2404,57,28501,29000,7.424,policy_loss,-0.002497591625034133
independent_2401_2405,utr_sg,2404,57,28501,29000,7.424,value_loss,0.8820722530707716
independent_2401_2405,utr_sg,2404,57,28501,29000,7.424,grad_norm,7.2635947308540345
independent_2401_2405,utr_sg,2404,58,29001,29500,7.552,train_avg_reward,0.28727594736218454
independent_2401_2405,utr_sg,2404,58,29001,29500,7.552,entropy,1.538872537434101
independent_2401_2405,utr_sg,2404,58,29001,29500,7.552,approx_kl,0.0013791987640048894
independent_2401_2405,utr_sg,2404,58,29001,29500,7.552,policy_loss,-0.002301919213677948
independent_2401_2405,utr_sg,2404,58,29001,29500,7.552,value_loss,0.839129362391308
independent_2401_2405,utr_sg,2404,58,29001,29500,7.552,grad_norm,7.557757765471935
independent_2401_2405,utr_sg,2404,59,29501,30000,7.68,train_avg_reward,0.2765310011655092
independent_2401_2405,utr_sg,2404,59,29501,30000,7.68,entropy,1.5111909311413765
independent_2401_2405,utr_sg,2404,59,29501,30000,7.68,approx_kl,0.0010300278676789547
independent_2401_2405,utr_sg,2404,59,29501,30000,7.68,policy_loss,-0.002261453359193332
independent_2401_2405,utr_sg,2404,59,29501,30000,7.68,value_loss,1.0626949686668814
independent_2401_2405,utr_sg,2404,59,29501,30000,7.68,grad_norm,7.4692115161418915
independent_2401_2405,utr_sg,2404,60,30001,30500,7.808,train_avg_reward,0.28293390268087387
independent_2401_2405,utr_sg,2404,60,30001,30500,7.808,entropy,1.5858307029008865
independent_2401_2405,utr_sg,2404,60,30001,30500,7.808,approx_kl,0.0010058620534976665
independent_2401_2405,utr_sg,2404,60,30001,30500,7.808,policy_loss,-0.0023275942384147303
independent_2401_2405,utr_sg,2404,60,30001,30500,7.808,value_loss,1.0272051584497095
independent_2401_2405,utr_sg,2404,60,30001,30500,7.808,grad_norm,8.654970041751861
independent_2401_2405,utr_sg,2404,61,30501,31000,7.936,train_avg_reward,0.2733797024190426
independent_2401_2405,utr_sg,2404,61,30501,31000,7.936,entropy,1.5926088172197341
independent_2401_2405,utr_sg,2404,61,30501,31000,7.936,approx_kl,0.0011083744362995244
independent_2401_2405,utr_sg,2404,61,30501,31000,7.936,policy_loss,-0.0024583746863098043
independent_2401_2405,utr_sg,2404,61,30501,31000,7.936,value_loss,0.8756554202362895
independent_2401_2405,utr_sg,2404,61,30501,31000,7.936,grad_norm,7.56642118537426
independent_2401_2405,utr_sg,2404,62,31001,31500,8.064,train_avg_reward,0.2634914224147797
independent_2401_2405,utr_sg,2404,62,31001,31500,8.064,entropy,1.5949301021695137
independent_2401_2405,utr_sg,2404,62,31001,31500,8.064,approx_kl,0.0013202696821893647
independent_2401_2405,utr_sg,2404,62,31001,31500,8.064,policy_loss,-0.0025249982175440102
independent_2401_2405,utr_sg,2404,62,31001,31500,8.064,value_loss,1.0674609320312738
independent_2401_2405,utr_sg,2404,62,31001,31500,8.064,grad_norm,7.954037073343992
independent_2401_2405,utr_sg,2404,63,31501,32000,8.192,train_avg_reward,0.245976328574121
independent_2401_2405,utr_sg,2404,63,31501,32000,8.192,entropy,1.6636881123781204
independent_2401_2405,utr_sg,2404,63,31501,32000,8.192,approx_kl,0.0011820068113656795
independent_2401_2405,utr_sg,2404,63,31501,32000,8.192,policy_loss,-0.002494094222712762
independent_2401_2405,utr_sg,2404,63,31501,32000,8.192,value_loss,1.2293826687783003
independent_2401_2405,utr_sg,2404,63,31501,32000,8.192,grad_norm,7.423831143766642
independent_2401_2405,utr_sg,2404,64,32001,32500,8.32,train_avg_reward,0.2526933302283287
independent_2401_2405,utr_sg,2404,64,32001,32500,8.32,entropy,1.6111190083622933
independent_2401_2405,utr_sg,2404,64,32001,32500,8.32,approx_kl,0.0014113738281630477
independent_2401_2405,utr_sg,2404,64,32001,32500,8.32,policy_loss,-0.0026271439737941492
independent_2401_2405,utr_sg,2404,64,32001,32500,8.32,value_loss,1.0325972092486917
independent_2401_2405,utr_sg,2404,64,32001,32500,8.32,grad_norm,7.627514597922564
independent_2401_2405,utr_sg,2404,65,32501,33000,8.448,train_avg_reward,0.27508866104483604
independent_2401_2405,utr_sg,2404,65,32501,33000,8.448,entropy,1.5567071870565414
independent_2401_2405,utr_sg,2404,65,32501,33000,8.448,approx_kl,0.0011790422926587748
independent_2401_2405,utr_sg,2404,65,32501,33000,8.448,policy_loss,-0.00230558535789856
independent_2401_2405,utr_sg,2404,65,32501,33000,8.448,value_loss,0.9688421086668968
independent_2401_2405,utr_sg,2404,65,32501,33000,8.448,grad_norm,8.615084043949842
independent_2401_2405,utr_sg,2404,66,33001,33500,8.576,train_avg_reward,0.27532299065589905
independent_2401_2405,utr_sg,2404,66,33001,33500,8.576,entropy,1.5058279344439507
independent_2401_2405,utr_sg,2404,66,33001,33500,8.576,approx_kl,0.0010876134304161613
independent_2401_2405,utr_sg,2404,66,33001,33500,8.576,policy_loss,-0.0021410411462848217
independent_2401_2405,utr_sg,2404,66,33001,33500,8.576,value_loss,1.040390500670299
independent_2401_2405,utr_sg,2404,66,33001,33500,8.576,grad_norm,9.85818601885438
independent_2401_2405,utr_sg,2404,67,33501,34000,8.704,train_avg_reward,0.2876402876675129
independent_2401_2405,utr_sg,2404,67,33501,34000,8.704,entropy,1.5138614711761476
independent_2401_2405,utr_sg,2404,67,33501,34000,8.704,approx_kl,0.0011210191162986075
independent_2401_2405,utr_sg,2404,67,33501,34000,8.704,policy_loss,-0.002124409530716306
independent_2401_2405,utr_sg,2404,67,33501,34000,8.704,value_loss,0.9429278330877423
independent_2401_2405,utr_sg,2404,67,33501,34000,8.704,grad_norm,8.869139198720456
independent_2401_2405,utr_sg,2404,68,34001,34500,8.832,train_avg_reward,0.30359518210589886
independent_2401_2405,utr_sg,2404,68,34001,34500,8.832,entropy,1.4819403231739998
independent_2401_2405,utr_sg,2404,68,34001,34500,8.832,approx_kl,0.0011999336210698503
independent_2401_2405,utr_sg,2404,68,34001,34500,8.832,policy_loss,-0.0022971465047827134
independent_2401_2405,utr_sg,2404,68,34001,34500,8.832,value_loss,0.7467092191129923
independent_2401_2405,utr_sg,2404,68,34001,34500,8.832,grad_norm,7.565465097337961
independent_2401_2405,utr_sg,2404,69,34501,35000,8.96,train_avg_reward,0.2982686249613762
independent_2401_2405,utr_sg,2404,69,34501,35000,8.96,entropy,1.4804206064343453
independent_2401_2405,utr_sg,2404,69,34501,35000,8.96,approx_kl,0.0014451695287628612
independent_2401_2405,utr_sg,2404,69,34501,35000,8.96,policy_loss,-0.0025431751450819755
independent_2401_2405,utr_sg,2404,69,34501,35000,8.96,value_loss,0.6092479073982686
independent_2401_2405,utr_sg,2404,69,34501,35000,8.96,grad_norm,6.506189798384905
independent_2401_2405,utr_sg,2404,70,35001,35500,9.088,train_avg_reward,0.29891214737296107
independent_2401_2405,utr_sg,2404,70,35001,35500,9.088,entropy,1.479138925075531
independent_2401_2405,utr_sg,2404,70,35001,35500,9.088,approx_kl,0.0010195880827235013
independent_2401_2405,utr_sg,2404,70,35001,35500,9.088,policy_loss,-0.002169636696277147
independent_2401_2405,utr_sg,2404,70,35001,35500,9.088,value_loss,0.6733737429566682
independent_2401_2405,utr_sg,2404,70,35001,35500,9.088,grad_norm,6.67524230915308
independent_2401_2405,utr_sg,2404,71,35501,36000,9.216,train_avg_reward,0.2996269417703152
independent_2401_2405,utr_sg,2404,71,35501,36000,9.216,entropy,1.5466176397204399
independent_2401_2405,utr_sg,2404,71,35501,36000,9.216,approx_kl,0.0016986364217415589
independent_2401_2405,utr_sg,2404,71,35501,36000,9.216,policy_loss,-0.002754552015076374
independent_2401_2405,utr_sg,2404,71,35501,36000,9.216,value_loss,0.5757629279699177
independent_2401_2405,utr_sg,2404,71,35501,36000,9.216,grad_norm,6.451994932055474
independent_2401_2405,utr_sg,2404,72,36001,36500,9.344,train_avg_reward,0.30452054327726363
independent_2401_2405,utr_sg,2404,72,36001,36500,9.344,entropy,1.5441433729529381
independent_2401_2405,utr_sg,2404,72,36001,36500,9.344,approx_kl,0.001091214944686115
independent_2401_2405,utr_sg,2404,72,36001,36500,9.344,policy_loss,-0.00201355474833613
independent_2401_2405,utr_sg,2404,72,36001,36500,9.344,value_loss,0.7389839749448002
independent_2401_2405,utr_sg,2404,72,36001,36500,9.344,grad_norm,7.948291233420372
independent_2401_2405,utr_sg,2404,73,36501,37000,9.472,train_avg_reward,0.28140231308341024
independent_2401_2405,utr_sg,2404,73,36501,37000,9.472,entropy,1.5210472734570504
independent_2401_2405,utr_sg,2404,73,36501,37000,9.472,approx_kl,0.0011939035092297322
independent_2401_2405,utr_sg,2404,73,36501,37000,9.472,policy_loss,-0.002312128583509449
independent_2401_2405,utr_sg,2404,73,36501,37000,9.472,value_loss,0.7461193422600627
independent_2401_2405,utr_sg,2404,73,36501,37000,9.472,grad_norm,7.667794156581164
independent_2401_2405,utr_sg,2404,74,37001,37500,9.6,train_avg_reward,0.28333392441272737
independent_2401_2405,utr_sg,2404,74,37001,37500,9.6,entropy,1.51977855271101
independent_2401_2405,utr_sg,2404,74,37001,37500,9.6,approx_kl,0.0011787092531825045
independent_2401_2405,utr_sg,2404,74,37001,37500,9.6,policy_loss,-0.002167008157585534
independent_2401_2405,utr_sg,2404,74,37001,37500,9.6,value_loss,0.9295014797020703
independent_2401_2405,utr_sg,2404,74,37001,37500,9.6,grad_norm,7.241669386416674
independent_2401_2405,utr_sg,2404,75,37501,38000,9.728,train_avg_reward,0.2857369782179594
independent_2401_2405,utr_sg,2404,75,37501,38000,9.728,entropy,1.5283087755441667
independent_2401_2405,utr_sg,2404,75,37501,38000,9.728,approx_kl,0.001196372117621038
independent_2401_2405,utr_sg,2404,75,37501,38000,9.728,policy_loss,-0.0022176520990936656
independent_2401_2405,utr_sg,2404,75,37501,38000,9.728,value_loss,0.8812766083367168
independent_2401_2405,utr_sg,2404,75,37501,38000,9.728,grad_norm,8.316345020771026
independent_2401_2405,utr_sg,2404,76,38001,38500,9.856,train_avg_reward,0.2839372045993805
independent_2401_2405,utr_sg,2404,76,38001,38500,9.856,entropy,1.5050497456789016
independent_2401_2405,utr_sg,2404,76,38001,38500,9.856,approx_kl,0.0013556017129515814
independent_2401_2405,utr_sg,2404,76,38001,38500,9.856,policy_loss,-0.0025088880635727984
independent_2401_2405,utr_sg,2404,76,38001,38500,9.856,value_loss,0.8608448219150305
independent_2401_2405,utr_sg,2404,76,38001,38500,9.856,grad_norm,7.100356923729182
independent_2401_2405,utr_sg,2404,77,38501,39000,9.984,train_avg_reward,0.28756831416487694
independent_2401_2405,utr_sg,2404,77,38501,39000,9.984,entropy,1.5674833288192749
independent_2401_2405,utr_sg,2404,77,38501,39000,9.984,approx_kl,0.0014143091273681372
independent_2401_2405,utr_sg,2404,77,38501,39000,9.984,policy_loss,-0.002508699524934838
independent_2401_2405,utr_sg,2404,77,38501,39000,9.984,value_loss,0.7051392469517886
independent_2401_2405,utr_sg,2404,77,38501,39000,9.984,grad_norm,7.046074217975139
independent_2401_2405,utr_sg,2404,78,39001,39500,10.112,train_avg_reward,0.29155238256568
independent_2401_2405,utr_sg,2404,78,39001,39500,10.112,entropy,1.5671216689404988
independent_2401_2405,utr_sg,2404,78,39001,39500,10.112,approx_kl,0.000870435307681401
independent_2401_2405,utr_sg,2404,78,39001,39500,10.112,policy_loss,-0.001741568275104342
independent_2401_2405,utr_sg,2404,78,39001,39500,10.112,value_loss,0.8271007280323713
independent_2401_2405,utr_sg,2404,78,39001,39500,10.112,grad_norm,10.701343791825431
independent_2401_2405,utr_sg,2405,0,1,500,0.128,train_avg_reward,-0.0039964990903572474
independent_2401_2405,utr_sg,2405,0,1,500,0.128,entropy,2.7870439035892485
independent_2401_2405,utr_sg,2405,0,1,500,0.128,approx_kl,0.0009744181893265704
independent_2401_2405,utr_sg,2405,0,1,500,0.128,policy_loss,-0.0020598203711871834
independent_2401_2405,utr_sg,2405,0,1,500,0.128,value_loss,0.4412769932700321
independent_2401_2405,utr_sg,2405,0,1,500,0.128,grad_norm,1.50355832914263
independent_2401_2405,utr_sg,2405,1,501,1000,0.256,train_avg_reward,0.021506666166260402
independent_2401_2405,utr_sg,2405,1,501,1000,0.256,entropy,2.6245174897909163
independent_2401_2405,utr_sg,2405,1,501,1000,0.256,approx_kl,0.0009602637233316879
independent_2401_2405,utr_sg,2405,1,501,1000,0.256,policy_loss,-0.002085634097177866
independent_2401_2405,utr_sg,2405,1,501,1000,0.256,value_loss,0.2822939893538132
independent_2401_2405,utr_sg,2405,1,501,1000,0.256,grad_norm,1.272832241848111
independent_2401_2405,utr_sg,2405,2,1001,1500,0.384,train_avg_reward,0.06313147402869072
independent_2401_2405,utr_sg,2405,2,1001,1500,0.384,entropy,2.539498626589775
independent_2401_2405,utr_sg,2405,2,1001,1500,0.384,approx_kl,0.0005628482362055061
independent_2401_2405,utr_sg,2405,2,1001,1500,0.384,policy_loss,-0.001699549560463252
independent_2401_2405,utr_sg,2405,2,1001,1500,0.384,value_loss,0.4957280772505328
independent_2401_2405,utr_sg,2405,2,1001,1500,0.384,grad_norm,1.6700027424022554
independent_2401_2405,utr_sg,2405,3,1501,2000,0.512,train_avg_reward,0.10046548696031095
independent_2401_2405,utr_sg,2405,3,1501,2000,0.512,entropy,2.4694585277438166
independent_2401_2405,utr_sg,2405,3,1501,2000,0.512,approx_kl,0.0007473509032765832
independent_2401_2405,utr_sg,2405,3,1501,2000,0.512,policy_loss,-0.0017024039616399208
independent_2401_2405,utr_sg,2405,3,1501,2000,0.512,value_loss,0.8699231544751674
independent_2401_2405,utr_sg,2405,3,1501,2000,0.512,grad_norm,3.111370168119669
independent_2401_2405,utr_sg,2405,4,2001,2500,0.64,train_avg_reward,0.1013160601099953
independent_2401_2405,utr_sg,2405,4,2001,2500,0.64,entropy,2.403222190916538
independent_2401_2405,utr_sg,2405,4,2001,2500,0.64,approx_kl,0.0008406042901832129
independent_2401_2405,utr_sg,2405,4,2001,2500,0.64,policy_loss,-0.0019593036663620583
independent_2401_2405,utr_sg,2405,4,2001,2500,0.64,value_loss,0.8144992950744927
independent_2401_2405,utr_sg,2405,4,2001,2500,0.64,grad_norm,2.9826991524845363
independent_2401_2405,utr_sg,2405,5,2501,3000,0.768,train_avg_reward,0.02576975103697623
independent_2401_2405,utr_sg,2405,5,2501,3000,0.768,entropy,2.2485213537216184
independent_2401_2405,utr_sg,2405,5,2501,3000,0.768,approx_kl,0.001630488198520652
independent_2401_2405,utr_sg,2405,5,2501,3000,0.768,policy_loss,-0.002894480573844171
independent_2401_2405,utr_sg,2405,5,2501,3000,0.768,value_loss,0.3100714500164613
independent_2401_2405,utr_sg,2405,5,2501,3000,0.768,grad_norm,1.3570501132011414
independent_2401_2405,utr_sg,2405,6,3001,3500,0.896,train_avg_reward,0.11054649765696377
independent_2401_2405,utr_sg,2405,6,3001,3500,0.896,entropy,2.276722341179848
independent_2401_2405,utr_sg,2405,6,3001,3500,0.896,approx_kl,0.0007280342491964498
independent_2401_2405,utr_sg,2405,6,3001,3500,0.896,policy_loss,-0.0015553790257417097
independent_2401_2405,utr_sg,2405,6,3001,3500,0.896,value_loss,0.7866063223592937
independent_2401_2405,utr_sg,2405,6,3001,3500,0.896,grad_norm,3.136270552679896
independent_2401_2405,utr_sg,2405,7,3501,4000,1.024,train_avg_reward,0.09666086637321859
independent_2401_2405,utr_sg,2405,7,3501,4000,1.024,entropy,2.230668884932995
independent_2401_2405,utr_sg,2405,7,3501,4000,1.024,approx_kl,0.001142288878671934
independent_2401_2405,utr_sg,2405,7,3501,4000,1.024,policy_loss,-0.0022456202151871552
independent_2401_2405,utr_sg,2405,7,3501,4000,1.024,value_loss,0.6918150727599859
independent_2401_2405,utr_sg,2405,7,3501,4000,1.024,grad_norm,2.8394749610573053
independent_2401_2405,utr_sg,2405,8,4001,4500,1.152,train_avg_reward,0.13287379298359156
independent_2401_2405,utr_sg,2405,8,4001,4500,1.152,entropy,2.1848340011835097
independent_2401_2405,utr_sg,2405,8,4001,4500,1.152,approx_kl,0.0011091371779225483
independent_2401_2405,utr_sg,2405,8,4001,4500,1.152,policy_loss,-0.0019316439065513965
independent_2401_2405,utr_sg,2405,8,4001,4500,1.152,value_loss,0.6725269801020622
independent_2401_2405,utr_sg,2405,8,4001,4500,1.152,grad_norm,3.0070411975681783
independent_2401_2405,utr_sg,2405,9,4501,5000,1.28,train_avg_reward,0.13251492091268302
independent_2401_2405,utr_sg,2405,9,4501,5000,1.28,entropy,2.306093621909618
independent_2401_2405,utr_sg,2405,9,4501,5000,1.28,approx_kl,0.0008717858328830819
independent_2401_2405,utr_sg,2405,9,4501,5000,1.28,policy_loss,-0.00178984226382861
independent_2401_2405,utr_sg,2405,9,4501,5000,1.28,value_loss,0.7881465759370476
independent_2401_2405,utr_sg,2405,9,4501,5000,1.28,grad_norm,3.2673575256317853
independent_2401_2405,utr_sg,2405,10,5001,5500,1.408,train_avg_reward,0.13644396736100317
independent_2401_2405,utr_sg,2405,10,5001,5500,1.408,entropy,2.3650508467555045
independent_2401_2405,utr_sg,2405,10,5001,5500,1.408,approx_kl,0.0009299046138823238
independent_2401_2405,utr_sg,2405,10,5001,5500,1.408,policy_loss,-0.0018765561474563795
independent_2401_2405,utr_sg,2405,10,5001,5500,1.408,value_loss,0.8697303922437132
independent_2401_2405,utr_sg,2405,10,5001,5500,1.408,grad_norm,3.546893576040864
independent_2401_2405,utr_sg,2405,11,5501,6000,1.536,train_avg_reward,0.12189586535468698
independent_2401_2405,utr_sg,2405,11,5501,6000,1.536,entropy,2.362186162173748
independent_2401_2405,utr_sg,2405,11,5501,6000,1.536,approx_kl,0.0014394835692040336
independent_2401_2405,utr_sg,2405,11,5501,6000,1.536,policy_loss,-0.0023109357298981992
independent_2401_2405,utr_sg,2405,11,5501,6000,1.536,value_loss,0.707233288815245
independent_2401_2405,utr_sg,2405,11,5501,6000,1.536,grad_norm,3.3878759043961764
independent_2401_2405,utr_sg,2405,12,6001,6500,1.664,train_avg_reward,0.1374175880998373
independent_2401_2405,utr_sg,2405,12,6001,6500,1.664,entropy,2.4079564471840857
independent_2401_2405,utr_sg,2405,12,6001,6500,1.664,approx_kl,0.0012588212553828271
independent_2401_2405,utr_sg,2405,12,6001,6500,1.664,policy_loss,-0.002223983360991349
independent_2401_2405,utr_sg,2405,12,6001,6500,1.664,value_loss,0.6979717305973172
independent_2401_2405,utr_sg,2405,12,6001,6500,1.664,grad_norm,3.0579498716294764
independent_2401_2405,utr_sg,2405,13,6501,7000,1.792,train_avg_reward,0.1456265979334712
independent_2401_2405,utr_sg,2405,13,6501,7000,1.792,entropy,2.2636224507689477
independent_2401_2405,utr_sg,2405,13,6501,7000,1.792,approx_kl,0.0013399859588945824
independent_2401_2405,utr_sg,2405,13,6501,7000,1.792,policy_loss,-0.002293115100533128
independent_2401_2405,utr_sg,2405,13,6501,7000,1.792,value_loss,0.6960348980724812
independent_2401_2405,utr_sg,2405,13,6501,7000,1.792,grad_norm,3.3797760934084655
independent_2401_2405,utr_sg,2405,14,7001,7500,1.92,train_avg_reward,0.15537150391936302
independent_2401_2405,utr_sg,2405,14,7001,7500,1.92,entropy,2.400901879429817
independent_2401_2405,utr_sg,2405,14,7001,7500,1.92,approx_kl,0.0012098524690783655
independent_2401_2405,utr_sg,2405,14,7001,7500,1.92,policy_loss,-0.002110603595548311
independent_2401_2405,utr_sg,2405,14,7001,7500,1.92,value_loss,0.7186423533000051
independent_2401_2405,utr_sg,2405,14,7001,7500,1.92,grad_norm,3.355825818002224
independent_2401_2405,utr_sg,2405,15,7501,8000,2.048,train_avg_reward,0.16756435442715883
independent_2401_2405,utr_sg,2405,15,7501,8000,2.048,entropy,2.296306649386883
independent_2401_2405,utr_sg,2405,15,7501,8000,2.048,approx_kl,0.001149057080659986
independent_2401_2405,utr_sg,2405,15,7501,8000,2.048,policy_loss,-0.0020859051256076405
independent_2401_2405,utr_sg,2405,15,7501,8000,2.048,value_loss,0.7401933101937175
independent_2401_2405,utr_sg,2405,15,7501,8000,2.048,grad_norm,3.6605539212226867
independent_2401_2405,utr_sg,2405,16,8001,8500,2.176,train_avg_reward,0.17089258813858033
independent_2401_2405,utr_sg,2405,16,8001,8500,2.176,entropy,2.338805276632309
independent_2401_2405,utr_sg,2405,16,8001,8500,2.176,approx_kl,0.0009872680152137336
independent_2401_2405,utr_sg,2405,16,8001,8500,2.176,policy_loss,-0.0019939012143773147
independent_2401_2405,utr_sg,2405,16,8001,8500,2.176,value_loss,0.7933352636024356
independent_2401_2405,utr_sg,2405,16,8001,8500,2.176,grad_norm,4.145538083404302
independent_2401_2405,utr_sg,2405,17,8501,9000,2.304,train_avg_reward,0.15995456887036563
independent_2401_2405,utr_sg,2405,17,8501,9000,2.304,entropy,2.145327150583267
independent_2401_2405,utr_sg,2405,17,8501,9000,2.304,approx_kl,0.0012410236562166868
independent_2401_2405,utr_sg,2405,17,8501,9000,2.304,policy_loss,-0.0022584532641171835
independent_2401_2405,utr_sg,2405,17,8501,9000,2.304,value_loss,0.6430931698214263
independent_2401_2405,utr_sg,2405,17,8501,9000,2.304,grad_norm,3.4950054424107075
independent_2401_2405,utr_sg,2405,18,9001,9500,2.432,train_avg_reward,0.198937711879611
independent_2401_2405,utr_sg,2405,18,9001,9500,2.432,entropy,2.115574908196926
independent_2401_2405,utr_sg,2405,18,9001,9500,2.432,approx_kl,0.0010929904269105454
independent_2401_2405,utr_sg,2405,18,9001,9500,2.432,policy_loss,-0.0019667044014025524
independent_2401_2405,utr_sg,2405,18,9001,9500,2.432,value_loss,0.7446408338434994
independent_2401_2405,utr_sg,2405,18,9001,9500,2.432,grad_norm,4.217052947163582
independent_2401_2405,utr_sg,2405,19,9501,10000,2.56,train_avg_reward,0.18543046092987062
independent_2401_2405,utr_sg,2405,19,9501,10000,2.56,entropy,2.19271169000864
independent_2401_2405,utr_sg,2405,19,9501,10000,2.56,approx_kl,0.0012655662241074113
independent_2401_2405,utr_sg,2405,19,9501,10000,2.56,policy_loss,-0.0022566854165752027
independent_2401_2405,utr_sg,2405,19,9501,10000,2.56,value_loss,0.7839720846060664
independent_2401_2405,utr_sg,2405,19,9501,10000,2.56,grad_norm,4.362009240850806
independent_2401_2405,utr_sg,2405,20,10001,10500,2.688,train_avg_reward,0.18795999300479888
independent_2401_2405,utr_sg,2405,20,10001,10500,2.688,entropy,2.1903262485861776
independent_2401_2405,utr_sg,2405,20,10001,10500,2.688,approx_kl,0.0012619883327571778
independent_2401_2405,utr_sg,2405,20,10001,10500,2.688,policy_loss,-0.002079533849690251
independent_2401_2405,utr_sg,2405,20,10001,10500,2.688,value_loss,0.7850182233303785
independent_2401_2405,utr_sg,2405,20,10001,10500,2.688,grad_norm,4.803496220618486
independent_2401_2405,utr_sg,2405,21,10501,11000,2.816,train_avg_reward,0.18851353815943003
independent_2401_2405,utr_sg,2405,21,10501,11000,2.816,entropy,2.0002329334020614
independent_2401_2405,utr_sg,2405,21,10501,11000,2.816,approx_kl,0.0013049668981617874
independent_2401_2405,utr_sg,2405,21,10501,11000,2.816,policy_loss,-0.002170604050715897
independent_2401_2405,utr_sg,2405,21,10501,11000,2.816,value_loss,0.7323793896976858
independent_2401_2405,utr_sg,2405,21,10501,11000,2.816,grad_norm,5.011325247615575
independent_2401_2405,utr_sg,2405,22,11001,11500,2.944,train_avg_reward,0.20980422832071782
independent_2401_2405,utr_sg,2405,22,11001,11500,2.944,entropy,2.062451175570488
independent_2401_2405,utr_sg,2405,22,11001,11500,2.944,approx_kl,0.001215808378907088
independent_2401_2405,utr_sg,2405,22,11001,11500,2.944,policy_loss,-0.002316980733681716
independent_2401_2405,utr_sg,2405,22,11001,11500,2.944,value_loss,0.6115363083556294
independent_2401_2405,utr_sg,2405,22,11001,11500,2.944,grad_norm,4.634062035083771
independent_2401_2405,utr_sg,2405,23,11501,12000,3.072,train_avg_reward,0.2165977864563465
independent_2401_2405,utr_sg,2405,23,11501,12000,3.072,entropy,2.034070886850357
independent_2401_2405,utr_sg,2405,23,11501,12000,3.072,approx_kl,0.0016072432016696124
independent_2401_2405,utr_sg,2405,23,11501,12000,3.072,policy_loss,-0.0023944180922257714
independent_2401_2405,utr_sg,2405,23,11501,12000,3.072,value_loss,0.6870481082443148
independent_2401_2405,utr_sg,2405,23,11501,12000,3.072,grad_norm,4.891778760731221
independent_2401_2405,utr_sg,2405,24,12001,12500,3.2,train_avg_reward,0.19804734439402819
independent_2401_2405,utr_sg,2405,24,12001,12500,3.2,entropy,1.8681788852214813
independent_2401_2405,utr_sg,2405,24,12001,12500,3.2,approx_kl,0.0012769808426868006
independent_2401_2405,utr_sg,2405,24,12001,12500,3.2,policy_loss,-0.0021096825528065864
independent_2401_2405,utr_sg,2405,24,12001,12500,3.2,value_loss,0.9466722992286086
independent_2401_2405,utr_sg,2405,24,12001,12500,3.2,grad_norm,5.20380192771554
independent_2401_2405,utr_sg,2405,25,12501,13000,3.328,train_avg_reward,0.22137906114012004
independent_2401_2405,utr_sg,2405,25,12501,13000,3.328,entropy,2.1095289227962493
independent_2401_2405,utr_sg,2405,25,12501,13000,3.328,approx_kl,0.0015852029439811296
independent_2401_2405,utr_sg,2405,25,12501,13000,3.328,policy_loss,-0.0023579411042484746
independent_2401_2405,utr_sg,2405,25,12501,13000,3.328,value_loss,0.6512127480506897
independent_2401_2405,utr_sg,2405,25,12501,13000,3.328,grad_norm,4.56195084297657
independent_2401_2405,utr_sg,2405,26,13001,13500,3.456,train_avg_reward,0.22035282452404498
independent_2401_2405,utr_sg,2405,26,13001,13500,3.456,entropy,2.093372446835041
independent_2401_2405,utr_sg,2405,26,13001,13500,3.456,approx_kl,0.0012672823714234844
independent_2401_2405,utr_sg,2405,26,13001,13500,3.456,policy_loss,-0.0021045719956871473
independent_2401_2405,utr_sg,2405,26,13001,13500,3.456,value_loss,0.8304168453216553
independent_2401_2405,utr_sg,2405,26,13001,13500,3.456,grad_norm,5.215715502694249
independent_2401_2405,utr_sg,2405,27,13501,14000,3.584,train_avg_reward,0.23722750279307364
independent_2401_2405,utr_sg,2405,27,13501,14000,3.584,entropy,1.9565135679841041
independent_2401_2405,utr_sg,2405,27,13501,14000,3.584,approx_kl,0.0014492543202325862
independent_2401_2405,utr_sg,2405,27,13501,14000,3.584,policy_loss,-0.002299621851047269
independent_2401_2405,utr_sg,2405,27,13501,14000,3.584,value_loss,0.5815238795913756
independent_2401_2405,utr_sg,2405,27,13501,14000,3.584,grad_norm,4.835499784708023
independent_2401_2405,utr_sg,2405,28,14001,14500,3.712,train_avg_reward,0.20963101045787336
independent_2401_2405,utr_sg,2405,28,14001,14500,3.712,entropy,1.9566433535814285
independent_2401_2405,utr_sg,2405,28,14001,14500,3.712,approx_kl,0.001574451528716961
independent_2401_2405,utr_sg,2405,28,14001,14500,3.712,policy_loss,-0.002389940355447064
independent_2401_2405,utr_sg,2405,28,14001,14500,3.712,value_loss,0.68488721309416
independent_2401_2405,utr_sg,2405,28,14001,14500,3.712,grad_norm,4.814702292740345
independent_2401_2405,utr_sg,2405,29,14501,15000,3.84,train_avg_reward,0.22011752244085073
independent_2401_2405,utr_sg,2405,29,14501,15000,3.84,entropy,1.8227918217778205
independent_2401_2405,utr_sg,2405,29,14501,15000,3.84,approx_kl,0.0012792799345382544
independent_2401_2405,utr_sg,2405,29,14501,15000,3.84,policy_loss,-0.002118232187245718
independent_2401_2405,utr_sg,2405,29,14501,15000,3.84,value_loss,0.8036368073485791
independent_2401_2405,utr_sg,2405,29,14501,15000,3.84,grad_norm,5.599629806354642
independent_2401_2405,utr_sg,2405,30,15001,15500,3.968,train_avg_reward,0.21810531122982502
independent_2401_2405,utr_sg,2405,30,15001,15500,3.968,entropy,1.9298314855694771
independent_2401_2405,utr_sg,2405,30,15001,15500,3.968,approx_kl,0.0017199667079530602
independent_2401_2405,utr_sg,2405,30,15001,15500,3.968,policy_loss,-0.0024239167012792707
independent_2401_2405,utr_sg,2405,30,15001,15500,3.968,value_loss,0.7146161844432354
independent_2401_2405,utr_sg,2405,30,15001,15500,3.968,grad_norm,5.046939229875803
independent_2401_2405,utr_sg,2405,31,15501,16000,4.096,train_avg_reward,0.1793470344915986
independent_2401_2405,utr_sg,2405,31,15501,16000,4.096,entropy,1.9310668776631355
independent_2401_2405,utr_sg,2405,31,15501,16000,4.096,approx_kl,0.0015052282779697622
independent_2401_2405,utr_sg,2405,31,15501,16000,4.096,policy_loss,-0.002144594233031887
independent_2401_2405,utr_sg,2405,31,15501,16000,4.096,value_loss,0.9761864555329084
independent_2401_2405,utr_sg,2405,31,15501,16000,4.096,grad_norm,5.1357449038177725
independent_2401_2405,utr_sg,2405,32,16001,16500,4.224,train_avg_reward,0.20697492407634854
independent_2401_2405,utr_sg,2405,32,16001,16500,4.224,entropy,1.9532536754012109
independent_2401_2405,utr_sg,2405,32,16001,16500,4.224,approx_kl,0.0015078936521416213
independent_2401_2405,utr_sg,2405,32,16001,16500,4.224,policy_loss,-0.0022821314259276436
independent_2401_2405,utr_sg,2405,32,16001,16500,4.224,value_loss,0.7784790526684373
independent_2401_2405,utr_sg,2405,32,16001,16500,4.224,grad_norm,4.693059163123369
independent_2401_2405,utr_sg,2405,33,16501,17000,4.352,train_avg_reward,0.21851955886930227
independent_2401_2405,utr_sg,2405,33,16501,17000,4.352,entropy,2.0032794177532196
independent_2401_2405,utr_sg,2405,33,16501,17000,4.352,approx_kl,0.0015925302183932197
independent_2401_2405,utr_sg,2405,33,16501,17000,4.352,policy_loss,-0.002559556595243211
independent_2401_2405,utr_sg,2405,33,16501,17000,4.352,value_loss,0.7398002184554935
independent_2401_2405,utr_sg,2405,33,16501,17000,4.352,grad_norm,4.852337724089622
independent_2401_2405,utr_sg,2405,34,17001,17500,4.48,train_avg_reward,0.22335743521153928
independent_2401_2405,utr_sg,2405,34,17001,17500,4.48,entropy,1.7588530083298684
independent_2401_2405,utr_sg,2405,34,17001,17500,4.48,approx_kl,0.001452454373438132
independent_2401_2405,utr_sg,2405,34,17001,17500,4.48,policy_loss,-0.002450338074957047
independent_2401_2405,utr_sg,2405,34,17001,17500,4.48,value_loss,0.8285734356231987
independent_2401_2405,utr_sg,2405,34,17001,17500,4.48,grad_norm,5.5938626940846445
independent_2401_2405,utr_sg,2405,35,17501,18000,4.608,train_avg_reward,0.2222452058494091
independent_2401_2405,utr_sg,2405,35,17501,18000,4.608,entropy,1.7595873110890388
independent_2401_2405,utr_sg,2405,35,17501,18000,4.608,approx_kl,0.001437219540728314
independent_2401_2405,utr_sg,2405,35,17501,18000,4.608,policy_loss,-0.002473514640900473
independent_2401_2405,utr_sg,2405,35,17501,18000,4.608,value_loss,0.680568145096302
independent_2401_2405,utr_sg,2405,35,17501,18000,4.608,grad_norm,5.083141642063856
independent_2401_2405,utr_sg,2405,36,18001,18500,4.736,train_avg_reward,0.23430134980380535
independent_2401_2405,utr_sg,2405,36,18001,18500,4.736,entropy,1.8129267700910567
independent_2401_2405,utr_sg,2405,36,18001,18500,4.736,approx_kl,0.0016100565788836586
independent_2401_2405,utr_sg,2405,36,18001,18500,4.736,policy_loss,-0.0023566003127424694
independent_2401_2405,utr_sg,2405,36,18001,18500,4.736,value_loss,0.760251913253218
independent_2401_2405,utr_sg,2405,36,18001,18500,4.736,grad_norm,6.03637468919158
independent_2401_2405,utr_sg,2405,37,18501,19000,4.864,train_avg_reward,0.24323486253619195
independent_2401_2405,utr_sg,2405,37,18501,19000,4.864,entropy,1.8565648199915885
independent_2401_2405,utr_sg,2405,37,18501,19000,4.864,approx_kl,0.0016886618949501964
independent_2401_2405,utr_sg,2405,37,18501,19000,4.864,policy_loss,-0.002577983812924464
independent_2401_2405,utr_sg,2405,37,18501,19000,4.864,value_loss,0.4333325570784509
independent_2401_2405,utr_sg,2405,37,18501,19000,4.864,grad_norm,4.328656072467566
independent_2401_2405,utr_sg,2405,38,19001,19500,4.992,train_avg_reward,0.22470932506024838
independent_2401_2405,utr_sg,2405,38,19001,19500,4.992,entropy,1.741754610657692
independent_2401_2405,utr_sg,2405,38,19001,19500,4.992,approx_kl,0.0016630898614075653
independent_2401_2405,utr_sg,2405,38,19001,19500,4.992,policy_loss,-0.0025340479203357553
independent_2401_2405,utr_sg,2405,38,19001,19500,4.992,value_loss,0.45518798868358135
independent_2401_2405,utr_sg,2405,38,19001,19500,4.992,grad_norm,3.8662481053471565
independent_2401_2405,utr_sg,2405,39,19501,20000,5.12,train_avg_reward,0.2533250558376312
independent_2401_2405,utr_sg,2405,39,19501,20000,5.12,entropy,1.7395092998743058
independent_2401_2405,utr_sg,2405,39,19501,20000,5.12,approx_kl,0.0016682466109840131
independent_2401_2405,utr_sg,2405,39,19501,20000,5.12,policy_loss,-0.0025091047188583963
independent_2401_2405,utr_sg,2405,39,19501,20000,5.12,value_loss,0.3346672195000574
independent_2401_2405,utr_sg,2405,39,19501,20000,5.12,grad_norm,4.149519965261221
independent_2401_2405,utr_sg,2405,40,20001,20500,5.248,train_avg_reward,0.23550160671770573
independent_2401_2405,utr_sg,2405,40,20001,20500,5.248,entropy,1.7045172259807586
independent_2401_2405,utr_sg,2405,40,20001,20500,5.248,approx_kl,0.0018788616992251217
independent_2401_2405,utr_sg,2405,40,20001,20500,5.248,policy_loss,-0.0025792114237547063
independent_2401_2405,utr_sg,2405,40,20001,20500,5.248,value_loss,0.5228409686796367
independent_2401_2405,utr_sg,2405,40,20001,20500,5.248,grad_norm,4.808346982181072
independent_2401_2405,utr_sg,2405,41,20501,21000,5.376,train_avg_reward,0.19333162026479841
independent_2401_2405,utr_sg,2405,41,20501,21000,5.376,entropy,1.6874026147723198
independent_2401_2405,utr_sg,2405,41,20501,21000,5.376,approx_kl,0.001393355711319446
independent_2401_2405,utr_sg,2405,41,20501,21000,5.376,policy_loss,-0.0022052741368994697
independent_2401_2405,utr_sg,2405,41,20501,21000,5.376,value_loss,1.0939722149241715
independent_2401_2405,utr_sg,2405,41,20501,21000,5.376,grad_norm,5.852929321244359
independent_2401_2405,utr_sg,2405,42,21001,21500,5.504,train_avg_reward,0.23581062810122966
independent_2401_2405,utr_sg,2405,42,21001,21500,5.504,entropy,1.7622980760931968
independent_2401_2405,utr_sg,2405,42,21001,21500,5.504,approx_kl,0.0014139953444667556
independent_2401_2405,utr_sg,2405,42,21001,21500,5.504,policy_loss,-0.0023308485124602938
independent_2401_2405,utr_sg,2405,42,21001,21500,5.504,value_loss,0.7140783678106963
independent_2401_2405,utr_sg,2405,42,21001,21500,5.504,grad_norm,5.494606559634208
independent_2401_2405,utr_sg,2405,43,21501,22000,5.632,train_avg_reward,0.243624128267169
independent_2401_2405,utr_sg,2405,43,21501,22000,5.632,entropy,1.7730151249170303
independent_2401_2405,utr_sg,2405,43,21501,22000,5.632,approx_kl,0.0016302838821751055
independent_2401_2405,utr_sg,2405,43,21501,22000,5.632,policy_loss,-0.002418889563253177
independent_2401_2405,utr_sg,2405,43,21501,22000,5.632,value_loss,0.6438265879377723
independent_2401_2405,utr_sg,2405,43,21501,22000,5.632,grad_norm,5.083642077028752
independent_2401_2405,utr_sg,2405,44,22001,22500,5.76,train_avg_reward,0.24097814798355102
independent_2401_2405,utr_sg,2405,44,22001,22500,5.76,entropy,1.791375152349472
independent_2401_2405,utr_sg,2405,44,22001,22500,5.76,approx_kl,0.0015919297508359337
independent_2401_2405,utr_sg,2405,44,22001,22500,5.76,policy_loss,-0.002316984168060599
independent_2401_2405,utr_sg,2405,44,22001,22500,5.76,value_loss,0.5691106497943401
independent_2401_2405,utr_sg,2405,44,22001,22500,5.76,grad_norm,5.0492772141993045
independent_2401_2405,utr_sg,2405,45,22501,23000,5.888,train_avg_reward,0.23200077709555625
independent_2401_2405,utr_sg,2405,45,22501,23000,5.888,entropy,1.821650472819805
independent_2401_2405,utr_sg,2405,45,22501,23000,5.888,approx_kl,0.00149658413146486
independent_2401_2405,utr_sg,2405,45,22501,23000,5.888,policy_loss,-0.002391944707598047
independent_2401_2405,utr_sg,2405,45,22501,23000,5.888,value_loss,0.5732712940070778
independent_2401_2405,utr_sg,2405,45,22501,23000,5.888,grad_norm,4.9275756637603045
independent_2401_2405,utr_sg,2405,46,23001,23500,6.016,train_avg_reward,0.24429980072379112
independent_2401_2405,utr_sg,2405,46,23001,23500,6.016,entropy,1.8123039345145227
independent_2401_2405,utr_sg,2405,46,23001,23500,6.016,approx_kl,0.0018763464351147015
independent_2401_2405,utr_sg,2405,46,23001,23500,6.016,policy_loss,-0.002574622872595123
independent_2401_2405,utr_sg,2405,46,23001,23500,6.016,value_loss,0.3818137560039759
independent_2401_2405,utr_sg,2405,46,23001,23500,6.016,grad_norm,3.7457143620401623
independent_2401_2405,utr_sg,2405,47,23501,24000,6.144,train_avg_reward,0.24352881724387407
independent_2401_2405,utr_sg,2405,47,23501,24000,6.144,entropy,1.6910330330729484
independent_2401_2405,utr_sg,2405,47,23501,24000,6.144,approx_kl,0.0016512868876431283
independent_2401_2405,utr_sg,2405,47,23501,24000,6.144,policy_loss,-0.0022872560817387673
independent_2401_2405,utr_sg,2405,47,23501,24000,6.144,value_loss,0.5104634261615575
independent_2401_2405,utr_sg,2405,47,23501,24000,6.144,grad_norm,4.93056712910533
independent_2401_2405,utr_sg,2405,48,24001,24500,6.272,train_avg_reward,0.23800200393795967
independent_2401_2405,utr_sg,2405,48,24001,24500,6.272,entropy,1.747825360953808
independent_2401_2405,utr_sg,2405,48,24001,24500,6.272,approx_kl,0.0017132815548175076
independent_2401_2405,utr_sg,2405,48,24001,24500,6.272,policy_loss,-0.0023937755645791685
independent_2401_2405,utr_sg,2405,48,24001,24500,6.272,value_loss,0.6043642337620259
independent_2401_2405,utr_sg,2405,48,24001,24500,6.272,grad_norm,4.946999996289611
independent_2401_2405,utr_sg,2405,49,24501,25000,6.4,train_avg_reward,0.21715538132935763
independent_2401_2405,utr_sg,2405,49,24501,25000,6.4,entropy,1.751638655602932
independent_2401_2405,utr_sg,2405,49,24501,25000,6.4,approx_kl,0.0016944571895049435
independent_2401_2405,utr_sg,2405,49,24501,25000,6.4,policy_loss,-0.0026874323539291286
independent_2401_2405,utr_sg,2405,49,24501,25000,6.4,value_loss,0.8406776244044304
independent_2401_2405,utr_sg,2405,49,24501,25000,6.4,grad_norm,5.401771151334048
independent_2401_2405,utr_sg,2405,50,25001,25500,6.528,train_avg_reward,0.24416683885455132
independent_2401_2405,utr_sg,2405,50,25001,25500,6.528,entropy,1.7458442437052726
independent_2401_2405,utr_sg,2405,50,25001,25500,6.528,approx_kl,0.0019801989287610254
independent_2401_2405,utr_sg,2405,50,25001,25500,6.528,policy_loss,-0.0026680751289700337
independent_2401_2405,utr_sg,2405,50,25001,25500,6.528,value_loss,0.4906676257522777
independent_2401_2405,utr_sg,2405,50,25001,25500,6.528,grad_norm,4.938128424182534
independent_2401_2405,utr_sg,2405,51,25501,26000,6.656,train_avg_reward,0.23581089645624162
independent_2401_2405,utr_sg,2405,51,25501,26000,6.656,entropy,1.657779642522335
independent_2401_2405,utr_sg,2405,51,25501,26000,6.656,approx_kl,0.001971242405363828
independent_2401_2405,utr_sg,2405,51,25501,26000,6.656,policy_loss,-0.0027460199045223664
independent_2401_2405,utr_sg,2405,51,25501,26000,6.656,value_loss,0.5222958683921024
independent_2401_2405,utr_sg,2405,51,25501,26000,6.656,grad_norm,4.296178327292204
independent_2401_2405,utr_sg,2405,52,26001,26500,6.784,train_avg_reward,0.23074846988171338
independent_2401_2405,utr_sg,2405,52,26001,26500,6.784,entropy,1.675569215118885
independent_2401_2405,utr_sg,2405,52,26001,26500,6.784,approx_kl,0.0017542926708847455
independent_2401_2405,utr_sg,2405,52,26001,26500,6.784,policy_loss,-0.002504623191050508
independent_2401_2405,utr_sg,2405,52,26001,26500,6.784,value_loss,0.4667144192904234
independent_2401_2405,utr_sg,2405,52,26001,26500,6.784,grad_norm,4.7742199639678
independent_2401_2405,utr_sg,2405,53,26501,27000,6.912,train_avg_reward,0.234829885661602
independent_2401_2405,utr_sg,2405,53,26501,27000,6.912,entropy,1.5773000347018242
independent_2401_2405,utr_sg,2405,53,26501,27000,6.912,approx_kl,0.001861112006615251
independent_2401_2405,utr_sg,2405,53,26501,27000,6.912,policy_loss,-0.0027094817415572675
independent_2401_2405,utr_sg,2405,53,26501,27000,6.912,value_loss,0.42562268758472055
independent_2401_2405,utr_sg,2405,53,26501,27000,6.912,grad_norm,4.000919832408428
independent_2401_2405,utr_sg,2405,54,27001,27500,7.04,train_avg_reward,0.2248555392101407
independent_2401_2405,utr_sg,2405,54,27001,27500,7.04,entropy,1.6032610930204392
independent_2401_2405,utr_sg,2405,54,27001,27500,7.04,approx_kl,0.0015904221614872088
independent_2401_2405,utr_sg,2405,54,27001,27500,7.04,policy_loss,-0.0022842032416288995
independent_2401_2405,utr_sg,2405,54,27001,27500,7.04,value_loss,0.6560725056882948
independent_2401_2405,utr_sg,2405,54,27001,27500,7.04,grad_norm,5.352892950251698
independent_2401_2405,utr_sg,2405,55,27501,28000,7.168,train_avg_reward,0.2470768755674362
independent_2401_2405,utr_sg,2405,55,27501,28000,7.168,entropy,1.5022416238188743
independent_2401_2405,utr_sg,2405,55,27501,28000,7.168,approx_kl,0.0015951789281182997
independent_2401_2405,utr_sg,2405,55,27501,28000,7.168,policy_loss,-0.0024991560771597055
independent_2401_2405,utr_sg,2405,55,27501,28000,7.168,value_loss,0.4479727827683091
independent_2401_2405,utr_sg,2405,55,27501,28000,7.168,grad_norm,5.076836888700724
independent_2401_2405,utr_sg,2405,56,28001,28500,7.296,train_avg_reward,0.25491849052906035
independent_2401_2405,utr_sg,2405,56,28001,28500,7.296,entropy,1.5841098515987395
independent_2401_2405,utr_sg,2405,56,28001,28500,7.296,approx_kl,0.0019007158501290111
independent_2401_2405,utr_sg,2405,56,28001,28500,7.296,policy_loss,-0.0026537920427620234
independent_2401_2405,utr_sg,2405,56,28001,28500,7.296,value_loss,0.46268771789968016
independent_2401_2405,utr_sg,2405,56,28001,28500,7.296,grad_norm,4.885130208507181
independent_2401_2405,utr_sg,2405,57,28501,29000,7.424,train_avg_reward,0.24081095644831657
independent_2401_2405,utr_sg,2405,57,28501,29000,7.424,entropy,1.437053084731102
independent_2401_2405,utr_sg,2405,57,28501,29000,7.424,approx_kl,0.0016376183777845887
independent_2401_2405,utr_sg,2405,57,28501,29000,7.424,policy_loss,-0.0020377843495991825
independent_2401_2405,utr_sg,2405,57,28501,29000,7.424,value_loss,0.7464733096566051
independent_2401_2405,utr_sg,2405,57,28501,29000,7.424,grad_norm,6.358020430862903
independent_2401_2405,utr_sg,2405,58,29001,29500,7.552,train_avg_reward,0.2618938386291266
independent_2401_2405,utr_sg,2405,58,29001,29500,7.552,entropy,1.64406638109684
independent_2401_2405,utr_sg,2405,58,29001,29500,7.552,approx_kl,0.0019227411589238948
independent_2401_2405,utr_sg,2405,58,29001,29500,7.552,policy_loss,-0.0026110964617473164
independent_2401_2405,utr_sg,2405,58,29001,29500,7.552,value_loss,0.29354412480909375
independent_2401_2405,utr_sg,2405,58,29001,29500,7.552,grad_norm,4.836555764764547
independent_2401_2405,utr_sg,2405,59,29501,30000,7.68,train_avg_reward,0.2631532083153725
independent_2401_2405,utr_sg,2405,59,29501,30000,7.68,entropy,1.5297988144755363
independent_2401_2405,utr_sg,2405,59,29501,30000,7.68,approx_kl,0.0015343559583319115
independent_2401_2405,utr_sg,2405,59,29501,30000,7.68,policy_loss,-0.00225625993398264
independent_2401_2405,utr_sg,2405,59,29501,30000,7.68,value_loss,0.2635586203765124
independent_2401_2405,utr_sg,2405,59,29501,30000,7.68,grad_norm,4.96246799184382
independent_2401_2405,utr_sg,2405,60,30001,30500,7.808,train_avg_reward,0.2519678229391575
independent_2401_2405,utr_sg,2405,60,30001,30500,7.808,entropy,1.6941578902602197
independent_2401_2405,utr_sg,2405,60,30001,30500,7.808,approx_kl,0.001791350993365986
independent_2401_2405,utr_sg,2405,60,30001,30500,7.808,policy_loss,-0.0024769659408325597
independent_2401_2405,utr_sg,2405,60,30001,30500,7.808,value_loss,0.35351786071900276
independent_2401_2405,utr_sg,2405,60,30001,30500,7.808,grad_norm,4.971605180382729
independent_2401_2405,utr_sg,2405,61,30501,31000,7.936,train_avg_reward,0.2514847436696291
independent_2401_2405,utr_sg,2405,61,30501,31000,7.936,entropy,1.6831993869543076
independent_2401_2405,utr_sg,2405,61,30501,31000,7.936,approx_kl,0.0017689744114807796
independent_2401_2405,utr_sg,2405,61,30501,31000,7.936,policy_loss,-0.0026004144973339046
independent_2401_2405,utr_sg,2405,61,30501,31000,7.936,value_loss,0.3720874735303223
independent_2401_2405,utr_sg,2405,61,30501,31000,7.936,grad_norm,4.75684050282836
independent_2401_2405,utr_sg,2405,62,31001,31500,8.064,train_avg_reward,0.23952294267714025
independent_2401_2405,utr_sg,2405,62,31001,31500,8.064,entropy,1.724730714082718
independent_2401_2405,utr_sg,2405,62,31001,31500,8.064,approx_kl,0.0015062110864252252
independent_2401_2405,utr_sg,2405,62,31001,31500,8.064,policy_loss,-0.0024349540993601933
independent_2401_2405,utr_sg,2405,62,31001,31500,8.064,value_loss,0.614629196934402
independent_2401_2405,utr_sg,2405,62,31001,31500,8.064,grad_norm,5.197018009394407
independent_2401_2405,utr_sg,2405,63,31501,32000,8.192,train_avg_reward,0.23015327352285386
independent_2401_2405,utr_sg,2405,63,31501,32000,8.192,entropy,1.5756148660779
independent_2401_2405,utr_sg,2405,63,31501,32000,8.192,approx_kl,0.0022660829366089492
independent_2401_2405,utr_sg,2405,63,31501,32000,8.192,policy_loss,-0.002414797624041196
independent_2401_2405,utr_sg,2405,63,31501,32000,8.192,value_loss,0.8705428198464215
independent_2401_2405,utr_sg,2405,63,31501,32000,8.192,grad_norm,6.216878629684448
independent_2401_2405,utr_sg,2405,64,32001,32500,8.32,train_avg_reward,0.2501146474778652
independent_2401_2405,utr_sg,2405,64,32001,32500,8.32,entropy,1.6212172564268112
independent_2401_2405,utr_sg,2405,64,32001,32500,8.32,approx_kl,0.0021387409812541505
independent_2401_2405,utr_sg,2405,64,32001,32500,8.32,policy_loss,-0.002780915800447988
independent_2401_2405,utr_sg,2405,64,32001,32500,8.32,value_loss,0.5047345269657671
independent_2401_2405,utr_sg,2405,64,32001,32500,8.32,grad_norm,4.865711546838283
independent_2401_2405,utr_sg,2405,65,32501,33000,8.448,train_avg_reward,0.2504894150644541
independent_2401_2405,utr_sg,2405,65,32501,33000,8.448,entropy,1.678939071059227
independent_2401_2405,utr_sg,2405,65,32501,33000,8.448,approx_kl,0.001752139707944168
independent_2401_2405,utr_sg,2405,65,32501,33000,8.448,policy_loss,-0.0028127584791785075
independent_2401_2405,utr_sg,2405,65,32501,33000,8.448,value_loss,0.42417683636583386
independent_2401_2405,utr_sg,2405,65,32501,33000,8.448,grad_norm,5.17708128196001
independent_2401_2405,utr_sg,2405,66,33001,33500,8.576,train_avg_reward,0.25424873289465905
independent_2401_2405,utr_sg,2405,66,33001,33500,8.576,entropy,1.7648145178556442
independent_2401_2405,utr_sg,2405,66,33001,33500,8.576,approx_kl,0.0022208101915178516
independent_2401_2405,utr_sg,2405,66,33001,33500,8.576,policy_loss,-0.002826031725507472
independent_2401_2405,utr_sg,2405,66,33001,33500,8.576,value_loss,0.40583460841700436
independent_2401_2405,utr_sg,2405,66,33001,33500,8.576,grad_norm,4.43342417614162
independent_2401_2405,utr_sg,2405,67,33501,34000,8.704,train_avg_reward,0.24993621207773686
independent_2401_2405,utr_sg,2405,67,33501,34000,8.704,entropy,1.790720539689064
independent_2401_2405,utr_sg,2405,67,33501,34000,8.704,approx_kl,0.0020706511005018813
independent_2401_2405,utr_sg,2405,67,33501,34000,8.704,policy_loss,-0.002693954044533311
independent_2401_2405,utr_sg,2405,67,33501,34000,8.704,value_loss,0.40124947770591823
independent_2401_2405,utr_sg,2405,67,33501,34000,8.704,grad_norm,4.714520503312349
independent_2401_2405,utr_sg,2405,68,34001,34500,8.832,train_avg_reward,0.24953038242459297
independent_2401_2405,utr_sg,2405,68,34001,34500,8.832,entropy,1.723361931502819
independent_2401_2405,utr_sg,2405,68,34001,34500,8.832,approx_kl,0.0022427357723960586
independent_2401_2405,utr_sg,2405,68,34001,34500,8.832,policy_loss,-0.002921663527200654
independent_2401_2405,utr_sg,2405,68,34001,34500,8.832,value_loss,0.28477288025431335
independent_2401_2405,utr_sg,2405,68,34001,34500,8.832,grad_norm,3.8088077624738217
independent_2401_2405,utr_sg,2405,69,34501,35000,8.96,train_avg_reward,0.2352253021672368
independent_2401_2405,utr_sg,2405,69,34501,35000,8.96,entropy,1.6032858330607413
independent_2401_2405,utr_sg,2405,69,34501,35000,8.96,approx_kl,0.0023113226693734054
independent_2401_2405,utr_sg,2405,69,34501,35000,8.96,policy_loss,-0.0026906296401364754
independent_2401_2405,utr_sg,2405,69,34501,35000,8.96,value_loss,0.35625879529118537
independent_2401_2405,utr_sg,2405,69,34501,35000,8.96,grad_norm,3.6133776690661907
independent_2401_2405,utr_sg,2405,70,35001,35500,9.088,train_avg_reward,0.24071615763753654
independent_2401_2405,utr_sg,2405,70,35001,35500,9.088,entropy,1.5692526394724846
independent_2401_2405,utr_sg,2405,70,35001,35500,9.088,approx_kl,0.00194838541354874
independent_2401_2405,utr_sg,2405,70,35001,35500,9.088,policy_loss,-0.0026723345565384466
independent_2401_2405,utr_sg,2405,70,35001,35500,9.088,value_loss,0.4518140438199043
independent_2401_2405,utr_sg,2405,70,35001,35500,9.088,grad_norm,4.762546291530132
independent_2401_2405,utr_sg,2405,71,35501,36000,9.216,train_avg_reward,0.2446180448383093
independent_2401_2405,utr_sg,2405,71,35501,36000,9.216,entropy,1.5167771879434586
independent_2401_2405,utr_sg,2405,71,35501,36000,9.216,approx_kl,0.0019948138309558304
independent_2401_2405,utr_sg,2405,71,35501,36000,9.216,policy_loss,-0.0026908891650964423
independent_2401_2405,utr_sg,2405,71,35501,36000,9.216,value_loss,0.32790105657093227
independent_2401_2405,utr_sg,2405,71,35501,36000,9.216,grad_norm,4.161038025736809
independent_2401_2405,utr_sg,2405,72,36001,36500,9.344,train_avg_reward,0.24056831417232752
independent_2401_2405,utr_sg,2405,72,36001,36500,9.344,entropy,1.5467533400654794
independent_2401_2405,utr_sg,2405,72,36001,36500,9.344,approx_kl,0.0017466073630803202
independent_2401_2405,utr_sg,2405,72,36001,36500,9.344,policy_loss,-0.0024387671769189488
independent_2401_2405,utr_sg,2405,72,36001,36500,9.344,value_loss,0.41834889484755694
independent_2401_2405,utr_sg,2405,72,36001,36500,9.344,grad_norm,4.299308851659298
independent_2401_2405,utr_sg,2405,73,36501,37000,9.472,train_avg_reward,0.21343175889551638
independent_2401_2405,utr_sg,2405,73,36501,37000,9.472,entropy,1.6278101511597634
independent_2401_2405,utr_sg,2405,73,36501,37000,9.472,approx_kl,0.0017390154793307886
independent_2401_2405,utr_sg,2405,73,36501,37000,9.472,policy_loss,-0.002619205137185754
independent_2401_2405,utr_sg,2405,73,36501,37000,9.472,value_loss,0.6070496312566102
independent_2401_2405,utr_sg,2405,73,36501,37000,9.472,grad_norm,3.835856936186552
independent_2401_2405,utr_sg,2405,74,37001,37500,9.6,train_avg_reward,0.2325389245003462
independent_2401_2405,utr_sg,2405,74,37001,37500,9.6,entropy,1.6272346558570863
independent_2401_2405,utr_sg,2405,74,37001,37500,9.6,approx_kl,0.0018916996753233952
independent_2401_2405,utr_sg,2405,74,37001,37500,9.6,policy_loss,-0.00251359380842578
independent_2401_2405,utr_sg,2405,74,37001,37500,9.6,value_loss,0.6322468480300159
independent_2401_2405,utr_sg,2405,74,37001,37500,9.6,grad_norm,5.580170731931925
independent_2401_2405,utr_sg,2405,75,37501,38000,9.728,train_avg_reward,0.2267474137544632
independent_2401_2405,utr_sg,2405,75,37501,38000,9.728,entropy,1.6699362685084342
independent_2401_2405,utr_sg,2405,75,37501,38000,9.728,approx_kl,0.0016875722912588172
independent_2401_2405,utr_sg,2405,75,37501,38000,9.728,policy_loss,-0.002494904756747552
independent_2401_2405,utr_sg,2405,75,37501,38000,9.728,value_loss,0.5598722828682512
independent_2401_2405,utr_sg,2405,75,37501,38000,9.728,grad_norm,5.257478399425745
independent_2401_2405,utr_sg,2405,76,38001,38500,9.856,train_avg_reward,0.23456796677410602
independent_2401_2405,utr_sg,2405,76,38001,38500,9.856,entropy,1.6388516637682915
independent_2401_2405,utr_sg,2405,76,38001,38500,9.856,approx_kl,0.002286044695162362
independent_2401_2405,utr_sg,2405,76,38001,38500,9.856,policy_loss,-0.0029079670870829537
independent_2401_2405,utr_sg,2405,76,38001,38500,9.856,value_loss,0.3034286988917738
independent_2401_2405,utr_sg,2405,76,38001,38500,9.856,grad_norm,3.95573762562871
independent_2401_2405,utr_sg,2405,77,38501,39000,9.984,train_avg_reward,0.23573892840743066
independent_2401_2405,utr_sg,2405,77,38501,39000,9.984,entropy,1.5716796573400498
independent_2401_2405,utr_sg,2405,77,38501,39000,9.984,approx_kl,0.002015153427541606
independent_2401_2405,utr_sg,2405,77,38501,39000,9.984,policy_loss,-0.0027605716970905145
independent_2401_2405,utr_sg,2405,77,38501,39000,9.984,value_loss,0.4258501166086644
independent_2401_2405,utr_sg,2405,77,38501,39000,9.984,grad_norm,3.9362346771359444
independent_2401_2405,utr_sg,2405,78,39001,39500,10.112,train_avg_reward,0.21932990257702176
independent_2401_2405,utr_sg,2405,78,39001,39500,10.112,entropy,1.7606453862455156
independent_2401_2405,utr_sg,2405,78,39001,39500,10.112,approx_kl,0.0014489743987281271
independent_2401_2405,utr_sg,2405,78,39001,39500,10.112,policy_loss,-0.002587425019555654
independent_2401_2405,utr_sg,2405,78,39001,39500,10.112,value_loss,1.0014029875515946
independent_2401_2405,utr_sg,2405,78,39001,39500,10.112,grad_norm,6.215625826565046
independent_2401_2405,drtp_sg,2401,0,1,500,0.128,train_avg_reward,0.017117916024668375
independent_2401_2405,drtp_sg,2401,0,1,500,0.128,entropy,2.701597253382206
independent_2401_2405,drtp_sg,2401,0,1,500,0.128,approx_kl,0.001209265782388684
independent_2401_2405,drtp_sg,2401,0,1,500,0.128,policy_loss,-0.0019358005732298944
independent_2401_2405,drtp_sg,2401,0,1,500,0.128,value_loss,0.4342386530393269
independent_2401_2405,drtp_sg,2401,0,1,500,0.128,grad_norm,1.4584367319792508
independent_2401_2405,drtp_sg,2401,1,501,1000,0.256,train_avg_reward,0.06052211597724818
independent_2401_2405,drtp_sg,2401,1,501,1000,0.256,entropy,2.624636245459318
independent_2401_2405,drtp_sg,2401,1,501,1000,0.256,approx_kl,0.0010945042530849302
independent_2401_2405,drtp_sg,2401,1,501,1000,0.256,policy_loss,-0.0016938598547121008
independent_2401_2405,drtp_sg,2401,1,501,1000,0.256,value_loss,0.30329535990580914
independent_2401_2405,drtp_sg,2401,1,501,1000,0.256,grad_norm,1.369176723457873
independent_2401_2405,drtp_sg,2401,2,1001,1500,0.384,train_avg_reward,0.09184560216264799
independent_2401_2405,drtp_sg,2401,2,1001,1500,0.384,entropy,2.666727624297142
independent_2401_2405,drtp_sg,2401,2,1001,1500,0.384,approx_kl,0.0006563333409001947
independent_2401_2405,drtp_sg,2401,2,1001,1500,0.384,policy_loss,-0.0014483828160723378
independent_2401_2405,drtp_sg,2401,2,1001,1500,0.384,value_loss,0.5612535836584867
independent_2401_2405,drtp_sg,2401,2,1001,1500,0.384,grad_norm,2.1447466233298185
independent_2401_2405,drtp_sg,2401,3,1501,2000,0.512,train_avg_reward,0.10069614451751113
independent_2401_2405,drtp_sg,2401,3,1501,2000,0.512,entropy,2.5947877593040465
independent_2401_2405,drtp_sg,2401,3,1501,2000,0.512,approx_kl,0.0006278176279202702
independent_2401_2405,drtp_sg,2401,3,1501,2000,0.512,policy_loss,-0.0014739635213312557
independent_2401_2405,drtp_sg,2401,3,1501,2000,0.512,value_loss,0.6657763151018881
independent_2401_2405,drtp_sg,2401,3,1501,2000,0.512,grad_norm,2.381185798600316
independent_2401_2405,drtp_sg,2401,4,2001,2500,0.64,train_avg_reward,0.11559569806221406
independent_2401_2405,drtp_sg,2401,4,2001,2500,0.64,entropy,2.4788527905344964
independent_2401_2405,drtp_sg,2401,4,2001,2500,0.64,approx_kl,0.0007325771500283433
independent_2401_2405,drtp_sg,2401,4,2001,2500,0.64,policy_loss,-0.0015747590512641138
independent_2401_2405,drtp_sg,2401,4,2001,2500,0.64,value_loss,0.7649733586758375
independent_2401_2405,drtp_sg,2401,4,2001,2500,0.64,grad_norm,2.990972351163626
independent_2401_2405,drtp_sg,2401,5,2501,3000,0.768,train_avg_reward,0.12048616072535515
independent_2401_2405,drtp_sg,2401,5,2501,3000,0.768,entropy,2.4883669474124908
independent_2401_2405,drtp_sg,2401,5,2501,3000,0.768,approx_kl,0.0008672134708926175
independent_2401_2405,drtp_sg,2401,5,2501,3000,0.768,policy_loss,-0.0018217118560116625
independent_2401_2405,drtp_sg,2401,5,2501,3000,0.768,value_loss,0.840685142673552
independent_2401_2405,drtp_sg,2401,5,2501,3000,0.768,grad_norm,3.2131223565936087
independent_2401_2405,drtp_sg,2401,6,3001,3500,0.896,train_avg_reward,0.11403789694188163
independent_2401_2405,drtp_sg,2401,6,3001,3500,0.896,entropy,2.4410590587854384
independent_2401_2405,drtp_sg,2401,6,3001,3500,0.896,approx_kl,0.0008043300042356425
independent_2401_2405,drtp_sg,2401,6,3001,3500,0.896,policy_loss,-0.0017525807251047689
independent_2401_2405,drtp_sg,2401,6,3001,3500,0.896,value_loss,0.7210975104048848
independent_2401_2405,drtp_sg,2401,6,3001,3500,0.896,grad_norm,2.7949576090574264
independent_2401_2405,drtp_sg,2401,7,3501,4000,1.024,train_avg_reward,0.11566894171014429
independent_2401_2405,drtp_sg,2401,7,3501,4000,1.024,entropy,2.4186091912984846
independent_2401_2405,drtp_sg,2401,7,3501,4000,1.024,approx_kl,0.0008127987701724729
independent_2401_2405,drtp_sg,2401,7,3501,4000,1.024,policy_loss,-0.0017296312769073945
independent_2401_2405,drtp_sg,2401,7,3501,4000,1.024,value_loss,0.7799934106059372
independent_2401_2405,drtp_sg,2401,7,3501,4000,1.024,grad_norm,3.0916442373842
independent_2401_2405,drtp_sg,2401,8,4001,4500,1.152,train_avg_reward,0.14138286177441478
independent_2401_2405,drtp_sg,2401,8,4001,4500,1.152,entropy,2.425770000398159
independent_2401_2405,drtp_sg,2401,8,4001,4500,1.152,approx_kl,0.0008561231446366643
independent_2401_2405,drtp_sg,2401,8,4001,4500,1.152,policy_loss,-0.0017362389548045841
independent_2401_2405,drtp_sg,2401,8,4001,4500,1.152,value_loss,0.7606188299916684
independent_2401_2405,drtp_sg,2401,8,4001,4500,1.152,grad_norm,3.314426140770316
independent_2401_2405,drtp_sg,2401,9,4501,5000,1.28,train_avg_reward,0.11844268584810197
independent_2401_2405,drtp_sg,2401,9,4501,5000,1.28,entropy,2.4472306901812555
independent_2401_2405,drtp_sg,2401,9,4501,5000,1.28,approx_kl,0.0011374673733165158
independent_2401_2405,drtp_sg,2401,9,4501,5000,1.28,policy_loss,-0.002073270311745523
independent_2401_2405,drtp_sg,2401,9,4501,5000,1.28,value_loss,0.6545596000384539
independent_2401_2405,drtp_sg,2401,9,4501,5000,1.28,grad_norm,3.046523566618562
independent_2401_2405,drtp_sg,2401,10,5001,5500,1.408,train_avg_reward,0.11319364150147886
independent_2401_2405,drtp_sg,2401,10,5001,5500,1.408,entropy,2.390137568235397
independent_2401_2405,drtp_sg,2401,10,5001,5500,1.408,approx_kl,0.0009898260879708685
independent_2401_2405,drtp_sg,2401,10,5001,5500,1.408,policy_loss,-0.0020486051214247576
independent_2401_2405,drtp_sg,2401,10,5001,5500,1.408,value_loss,0.610697183554992
independent_2401_2405,drtp_sg,2401,10,5001,5500,1.408,grad_norm,2.8781779388040305
independent_2401_2405,drtp_sg,2401,11,5501,6000,1.536,train_avg_reward,0.11764965146407486
independent_2401_2405,drtp_sg,2401,11,5501,6000,1.536,entropy,2.3394168589115143
independent_2401_2405,drtp_sg,2401,11,5501,6000,1.536,approx_kl,0.0009300516361154222
independent_2401_2405,drtp_sg,2401,11,5501,6000,1.536,policy_loss,-0.0018693664753100707
independent_2401_2405,drtp_sg,2401,11,5501,6000,1.536,value_loss,0.892351596256718
independent_2401_2405,drtp_sg,2401,11,5501,6000,1.536,grad_norm,3.4176194853186606
independent_2401_2405,drtp_sg,2401,12,6001,6500,1.664,train_avg_reward,0.13397737876325846
independent_2401_2405,drtp_sg,2401,12,6001,6500,1.664,entropy,2.3744647408127784
independent_2401_2405,drtp_sg,2401,12,6001,6500,1.664,approx_kl,0.0009771084666455557
independent_2401_2405,drtp_sg,2401,12,6001,6500,1.664,policy_loss,-0.0020412722453913407
independent_2401_2405,drtp_sg,2401,12,6001,6500,1.664,value_loss,0.8733626542054117
independent_2401_2405,drtp_sg,2401,12,6001,6500,1.664,grad_norm,3.4868830784410236
independent_2401_2405,drtp_sg,2401,13,6501,7000,1.792,train_avg_reward,0.1386825250759721
independent_2401_2405,drtp_sg,2401,13,6501,7000,1.792,entropy,2.3483721051216127
independent_2401_2405,drtp_sg,2401,13,6501,7000,1.792,approx_kl,0.0008657589161704586
independent_2401_2405,drtp_sg,2401,13,6501,7000,1.792,policy_loss,-0.0019531779841061745
independent_2401_2405,drtp_sg,2401,13,6501,7000,1.792,value_loss,0.8399991851653904
independent_2401_2405,drtp_sg,2401,13,6501,7000,1.792,grad_norm,3.4745413022488356
independent_2401_2405,drtp_sg,2401,14,7001,7500,1.92,train_avg_reward,0.14227037000097334
independent_2401_2405,drtp_sg,2401,14,7001,7500,1.92,entropy,2.35549249535799
independent_2401_2405,drtp_sg,2401,14,7001,7500,1.92,approx_kl,0.001073211240666751
independent_2401_2405,drtp_sg,2401,14,7001,7500,1.92,policy_loss,-0.0021262203273324856
independent_2401_2405,drtp_sg,2401,14,7001,7500,1.92,value_loss,0.9155699199065566
independent_2401_2405,drtp_sg,2401,14,7001,7500,1.92,grad_norm,3.4992905379384758
independent_2401_2405,drtp_sg,2401,15,7501,8000,2.048,train_avg_reward,0.15955887369252741
independent_2401_2405,drtp_sg,2401,15,7501,8000,2.048,entropy,2.316421876549721
independent_2401_2405,drtp_sg,2401,15,7501,8000,2.048,approx_kl,0.0012054107968400174
independent_2401_2405,drtp_sg,2401,15,7501,8000,2.048,policy_loss,-0.0020198054366902564
independent_2401_2405,drtp_sg,2401,15,7501,8000,2.048,value_loss,0.9568571659792214
independent_2401_2405,drtp_sg,2401,15,7501,8000,2.048,grad_norm,4.042812586173415
independent_2401_2405,drtp_sg,2401,16,8001,8500,2.176,train_avg_reward,0.1709334282428026
independent_2401_2405,drtp_sg,2401,16,8001,8500,2.176,entropy,2.33936086499691
independent_2401_2405,drtp_sg,2401,16,8001,8500,2.176,approx_kl,0.0009885620588553736
independent_2401_2405,drtp_sg,2401,16,8001,8500,2.176,policy_loss,-0.0019825447048579955
independent_2401_2405,drtp_sg,2401,16,8001,8500,2.176,value_loss,0.9980918592140079
independent_2401_2405,drtp_sg,2401,16,8001,8500,2.176,grad_norm,4.266002808064222
independent_2401_2405,drtp_sg,2401,17,8501,9000,2.304,train_avg_reward,0.1909884832650423
independent_2401_2405,drtp_sg,2401,17,8501,9000,2.304,entropy,2.1913089175224303
independent_2401_2405,drtp_sg,2401,17,8501,9000,2.304,approx_kl,0.0012254457012404586
independent_2401_2405,drtp_sg,2401,17,8501,9000,2.304,policy_loss,-0.0022607231279140132
independent_2401_2405,drtp_sg,2401,17,8501,9000,2.304,value_loss,0.8907186078950763
independent_2401_2405,drtp_sg,2401,17,8501,9000,2.304,grad_norm,4.917473439961672
independent_2401_2405,drtp_sg,2401,18,9001,9500,2.432,train_avg_reward,0.21433162491768598
independent_2401_2405,drtp_sg,2401,18,9001,9500,2.432,entropy,2.1379160081744195
independent_2401_2405,drtp_sg,2401,18,9001,9500,2.432,approx_kl,0.0015427315131049282
independent_2401_2405,drtp_sg,2401,18,9001,9500,2.432,policy_loss,-0.002506386727194399
independent_2401_2405,drtp_sg,2401,18,9001,9500,2.432,value_loss,0.6996689392775297
independent_2401_2405,drtp_sg,2401,18,9001,9500,2.432,grad_norm,4.036417112737894
independent_2401_2405,drtp_sg,2401,19,9501,10000,2.56,train_avg_reward,0.2148148602992296
independent_2401_2405,drtp_sg,2401,19,9501,10000,2.56,entropy,2.2038031198978425
independent_2401_2405,drtp_sg,2401,19,9501,10000,2.56,approx_kl,0.0014152852860255113
independent_2401_2405,drtp_sg,2401,19,9501,10000,2.56,policy_loss,-0.0024088022905683166
independent_2401_2405,drtp_sg,2401,19,9501,10000,2.56,value_loss,0.7542185651697219
independent_2401_2405,drtp_sg,2401,19,9501,10000,2.56,grad_norm,4.606816504269839
independent_2401_2405,drtp_sg,2401,20,10001,10500,2.688,train_avg_reward,0.226817249327898
independent_2401_2405,drtp_sg,2401,20,10001,10500,2.688,entropy,2.16603762203455
independent_2401_2405,drtp_sg,2401,20,10001,10500,2.688,approx_kl,0.001229840104713122
independent_2401_2405,drtp_sg,2401,20,10001,10500,2.688,policy_loss,-0.002083593860237431
independent_2401_2405,drtp_sg,2401,20,10001,10500,2.688,value_loss,0.5924742579981684
independent_2401_2405,drtp_sg,2401,20,10001,10500,2.688,grad_norm,4.6135836186707015
independent_2401_2405,drtp_sg,2401,21,10501,11000,2.816,train_avg_reward,0.22244111823290585
independent_2401_2405,drtp_sg,2401,21,10501,11000,2.816,entropy,2.077564483046532
independent_2401_2405,drtp_sg,2401,21,10501,11000,2.816,approx_kl,0.0014836923312068376
independent_2401_2405,drtp_sg,2401,21,10501,11000,2.816,policy_loss,-0.002374840601649856
independent_2401_2405,drtp_sg,2401,21,10501,11000,2.816,value_loss,0.6745592211857439
independent_2401_2405,drtp_sg,2401,21,10501,11000,2.816,grad_norm,4.625362153366208
independent_2401_2405,drtp_sg,2401,22,11001,11500,2.944,train_avg_reward,0.20459123062342405
independent_2401_2405,drtp_sg,2401,22,11001,11500,2.944,entropy,2.0359830303788184
independent_2401_2405,drtp_sg,2401,22,11001,11500,2.944,approx_kl,0.0010595299959600176
independent_2401_2405,drtp_sg,2401,22,11001,11500,2.944,policy_loss,-0.0019375695871493397
independent_2401_2405,drtp_sg,2401,22,11001,11500,2.944,value_loss,0.8923199436869472
independent_2401_2405,drtp_sg,2401,22,11001,11500,2.944,grad_norm,5.131202472984791
independent_2401_2405,drtp_sg,2401,23,11501,12000,3.072,train_avg_reward,0.20169940324872732
independent_2401_2405,drtp_sg,2401,23,11501,12000,3.072,entropy,1.9668337845802306
independent_2401_2405,drtp_sg,2401,23,11501,12000,3.072,approx_kl,0.0013935600387915941
independent_2401_2405,drtp_sg,2401,23,11501,12000,3.072,policy_loss,-0.00247283089728041
independent_2401_2405,drtp_sg,2401,23,11501,12000,3.072,value_loss,0.702714084930718
independent_2401_2405,drtp_sg,2401,23,11501,12000,3.072,grad_norm,4.518265214532613
independent_2401_2405,drtp_sg,2401,24,12001,12500,3.2,train_avg_reward,0.2083233927115798
independent_2401_2405,drtp_sg,2401,24,12001,12500,3.2,entropy,1.9414013803601264
independent_2401_2405,drtp_sg,2401,24,12001,12500,3.2,approx_kl,0.001304043178262871
independent_2401_2405,drtp_sg,2401,24,12001,12500,3.2,policy_loss,-0.0022380355948827973
independent_2401_2405,drtp_sg,2401,24,12001,12500,3.2,value_loss,0.6694157072938979
independent_2401_2405,drtp_sg,2401,24,12001,12500,3.2,grad_norm,4.4787720564752815
independent_2401_2405,drtp_sg,2401,25,12501,13000,3.328,train_avg_reward,0.21512070010602474
independent_2401_2405,drtp_sg,2401,25,12501,13000,3.328,entropy,1.790804272532463
independent_2401_2405,drtp_sg,2401,25,12501,13000,3.328,approx_kl,0.0013153288443979038
independent_2401_2405,drtp_sg,2401,25,12501,13000,3.328,policy_loss,-0.002342850673580184
independent_2401_2405,drtp_sg,2401,25,12501,13000,3.328,value_loss,0.6489805452823639
independent_2401_2405,drtp_sg,2401,25,12501,13000,3.328,grad_norm,4.2761705752760175
independent_2401_2405,drtp_sg,2401,26,13001,13500,3.456,train_avg_reward,0.20135950803756714
independent_2401_2405,drtp_sg,2401,26,13001,13500,3.456,entropy,1.5810879282951356
independent_2401_2405,drtp_sg,2401,26,13001,13500,3.456,approx_kl,0.0012611541844845886
independent_2401_2405,drtp_sg,2401,26,13001,13500,3.456,policy_loss,-0.0022559618693751378
independent_2401_2405,drtp_sg,2401,26,13001,13500,3.456,value_loss,0.7940576621554792
independent_2401_2405,drtp_sg,2401,26,13001,13500,3.456,grad_norm,4.759409703701735
independent_2401_2405,drtp_sg,2401,27,13501,14000,3.584,train_avg_reward,0.23061489444971084
independent_2401_2405,drtp_sg,2401,27,13501,14000,3.584,entropy,1.6904952220320701
independent_2401_2405,drtp_sg,2401,27,13501,14000,3.584,approx_kl,0.0015072474959836933
independent_2401_2405,drtp_sg,2401,27,13501,14000,3.584,policy_loss,-0.0023548922009642057
independent_2401_2405,drtp_sg,2401,27,13501,14000,3.584,value_loss,0.5583273025322706
independent_2401_2405,drtp_sg,2401,27,13501,14000,3.584,grad_norm,4.408860515594482
independent_2401_2405,drtp_sg,2401,28,14001,14500,3.712,train_avg_reward,0.23360957105457783
independent_2401_2405,drtp_sg,2401,28,14001,14500,3.712,entropy,1.6730363153219223
independent_2401_2405,drtp_sg,2401,28,14001,14500,3.712,approx_kl,0.0013922288617838265
independent_2401_2405,drtp_sg,2401,28,14001,14500,3.712,policy_loss,-0.0022552726064817533
independent_2401_2405,drtp_sg,2401,28,14001,14500,3.712,value_loss,0.5693131739441305
independent_2401_2405,drtp_sg,2401,28,14001,14500,3.712,grad_norm,4.822755984187126
independent_2401_2405,drtp_sg,2401,29,14501,15000,3.84,train_avg_reward,0.24364098654687405
independent_2401_2405,drtp_sg,2401,29,14501,15000,3.84,entropy,1.779806065440178
independent_2401_2405,drtp_sg,2401,29,14501,15000,3.84,approx_kl,0.0012412225610529844
independent_2401_2405,drtp_sg,2401,29,14501,15000,3.84,policy_loss,-0.0021189693503086715
independent_2401_2405,drtp_sg,2401,29,14501,15000,3.84,value_loss,0.4451128642205149
independent_2401_2405,drtp_sg,2401,29,14501,15000,3.84,grad_norm,4.7053317886739965
independent_2401_2405,drtp_sg,2401,30,15001,15500,3.968,train_avg_reward,0.227929299518466
independent_2401_2405,drtp_sg,2401,30,15001,15500,3.968,entropy,1.7731721034646035
independent_2401_2405,drtp_sg,2401,30,15001,15500,3.968,approx_kl,0.0012385300839405282
independent_2401_2405,drtp_sg,2401,30,15001,15500,3.968,policy_loss,-0.0021762714837141018
independent_2401_2405,drtp_sg,2401,30,15001,15500,3.968,value_loss,0.7926878449879586
independent_2401_2405,drtp_sg,2401,30,15001,15500,3.968,grad_norm,4.9468717285990715
independent_2401_2405,drtp_sg,2401,31,15501,16000,4.096,train_avg_reward,0.23021312248706818
independent_2401_2405,drtp_sg,2401,31,15501,16000,4.096,entropy,1.8805414845943451
independent_2401_2405,drtp_sg,2401,31,15501,16000,4.096,approx_kl,0.0014241427622649365
independent_2401_2405,drtp_sg,2401,31,15501,16000,4.096,policy_loss,-0.0024018246203960244
independent_2401_2405,drtp_sg,2401,31,15501,16000,4.096,value_loss,0.8378722785692662
independent_2401_2405,drtp_sg,2401,31,15501,16000,4.096,grad_norm,5.072284795165062
independent_2401_2405,drtp_sg,2401,32,16001,16500,4.224,train_avg_reward,0.24523538878560067
independent_2401_2405,drtp_sg,2401,32,16001,16500,4.224,entropy,1.825801027417183
independent_2401_2405,drtp_sg,2401,32,16001,16500,4.224,approx_kl,0.0015029631907649032
independent_2401_2405,drtp_sg,2401,32,16001,16500,4.224,policy_loss,-0.0023385736017378107
independent_2401_2405,drtp_sg,2401,32,16001,16500,4.224,value_loss,0.613665649482049
independent_2401_2405,drtp_sg,2401,32,16001,16500,4.224,grad_norm,5.304916512981057
independent_2401_2405,drtp_sg,2401,33,16501,17000,4.352,train_avg_reward,0.24219121350347997
independent_2401_2405,drtp_sg,2401,33,16501,17000,4.352,entropy,1.7532385428547859
independent_2401_2405,drtp_sg,2401,33,16501,17000,4.352,approx_kl,0.001454236788347766
independent_2401_2405,drtp_sg,2401,33,16501,17000,4.352,policy_loss,-0.00232024462941099
independent_2401_2405,drtp_sg,2401,33,16501,17000,4.352,value_loss,0.5480029672440141
independent_2401_2405,drtp_sg,2401,33,16501,17000,4.352,grad_norm,5.302996374338865
independent_2401_2405,drtp_sg,2401,34,17001,17500,4.48,train_avg_reward,0.24125126949697734
independent_2401_2405,drtp_sg,2401,34,17001,17500,4.48,entropy,1.7737977322936058
independent_2401_2405,drtp_sg,2401,34,17001,17500,4.48,approx_kl,0.0015855987957872103
independent_2401_2405,drtp_sg,2401,34,17001,17500,4.48,policy_loss,-0.0025511186784144047
independent_2401_2405,drtp_sg,2401,34,17001,17500,4.48,value_loss,0.6219490384999663
independent_2401_2405,drtp_sg,2401,34,17001,17500,4.48,grad_norm,4.81308759406209
independent_2401_2405,drtp_sg,2401,35,17501,18000,4.608,train_avg_reward,0.2460493007749319
independent_2401_2405,drtp_sg,2401,35,17501,18000,4.608,entropy,1.7198362324237824
independent_2401_2405,drtp_sg,2401,35,17501,18000,4.608,approx_kl,0.0015725971670641783
independent_2401_2405,drtp_sg,2401,35,17501,18000,4.608,policy_loss,-0.00241911431924005
independent_2401_2405,drtp_sg,2401,35,17501,18000,4.608,value_loss,0.448459567326121
independent_2401_2405,drtp_sg,2401,35,17501,18000,4.608,grad_norm,5.101135487228632
independent_2401_2405,drtp_sg,2401,36,18001,18500,4.736,train_avg_reward,0.2485035202205181
independent_2401_2405,drtp_sg,2401,36,18001,18500,4.736,entropy,1.7538484929800033
independent_2401_2405,drtp_sg,2401,36,18001,18500,4.736,approx_kl,0.0016536517733702512
independent_2401_2405,drtp_sg,2401,36,18001,18500,4.736,policy_loss,-0.0025530938453710746
independent_2401_2405,drtp_sg,2401,36,18001,18500,4.736,value_loss,0.34339695412758736
independent_2401_2405,drtp_sg,2401,36,18001,18500,4.736,grad_norm,4.292805273413658
independent_2401_2405,drtp_sg,2401,37,18501,19000,4.864,train_avg_reward,0.23704052850604057
independent_2401_2405,drtp_sg,2401,37,18501,19000,4.864,entropy,1.7570786527395248
independent_2401_2405,drtp_sg,2401,37,18501,19000,4.864,approx_kl,0.0016080703204077757
independent_2401_2405,drtp_sg,2401,37,18501,19000,4.864,policy_loss,-0.00239479355657315
independent_2401_2405,drtp_sg,2401,37,18501,19000,4.864,value_loss,0.5742644103216007
independent_2401_2405,drtp_sg,2401,37,18501,19000,4.864,grad_norm,4.704001748114824
independent_2401_2405,drtp_sg,2401,38,19001,19500,4.992,train_avg_reward,0.243284827709198
independent_2401_2405,drtp_sg,2401,38,19001,19500,4.992,entropy,1.7917240222096442
independent_2401_2405,drtp_sg,2401,38,19001,19500,4.992,approx_kl,0.0013170532087933623
independent_2401_2405,drtp_sg,2401,38,19001,19500,4.992,policy_loss,-0.002198065450786696
independent_2401_2405,drtp_sg,2401,38,19001,19500,4.992,value_loss,0.5203053828496486
independent_2401_2405,drtp_sg,2401,38,19001,19500,4.992,grad_norm,5.498164387971163
independent_2401_2405,drtp_sg,2401,39,19501,20000,5.12,train_avg_reward,0.23532831189781428
independent_2401_2405,drtp_sg,2401,39,19501,20000,5.12,entropy,1.7528991699814795
independent_2401_2405,drtp_sg,2401,39,19501,20000,5.12,approx_kl,0.0016051184275238425
independent_2401_2405,drtp_sg,2401,39,19501,20000,5.12,policy_loss,-0.0024713295752374327
independent_2401_2405,drtp_sg,2401,39,19501,20000,5.12,value_loss,0.5536029443480074
independent_2401_2405,drtp_sg,2401,39,19501,20000,5.12,grad_norm,4.85189905038476
independent_2401_2405,drtp_sg,2401,40,20001,20500,5.248,train_avg_reward,0.2258136179819703
independent_2401_2405,drtp_sg,2401,40,20001,20500,5.248,entropy,1.8064495866894723
independent_2401_2405,drtp_sg,2401,40,20001,20500,5.248,approx_kl,0.0016549136619414587
independent_2401_2405,drtp_sg,2401,40,20001,20500,5.248,policy_loss,-0.0026568287916860205
independent_2401_2405,drtp_sg,2401,40,20001,20500,5.248,value_loss,0.6236835064310581
independent_2401_2405,drtp_sg,2401,40,20001,20500,5.248,grad_norm,4.881486771166324
independent_2401_2405,drtp_sg,2401,41,20501,21000,5.376,train_avg_reward,0.21324772787839175
independent_2401_2405,drtp_sg,2401,41,20501,21000,5.376,entropy,1.8152279542684555
independent_2401_2405,drtp_sg,2401,41,20501,21000,5.376,approx_kl,0.0015817342036246614
independent_2401_2405,drtp_sg,2401,41,20501,21000,5.376,policy_loss,-0.002804755350931645
independent_2401_2405,drtp_sg,2401,41,20501,21000,5.376,value_loss,0.5603144374638795
independent_2401_2405,drtp_sg,2401,41,20501,21000,5.376,grad_norm,4.355841247498989
independent_2401_2405,drtp_sg,2401,42,21001,21500,5.504,train_avg_reward,0.22575986923277377
independent_2401_2405,drtp_sg,2401,42,21001,21500,5.504,entropy,1.6892715636491775
independent_2401_2405,drtp_sg,2401,42,21001,21500,5.504,approx_kl,0.0016496592927748314
independent_2401_2405,drtp_sg,2401,42,21001,21500,5.504,policy_loss,-0.00286380988242096
independent_2401_2405,drtp_sg,2401,42,21001,21500,5.504,value_loss,0.4290528061138466
independent_2401_2405,drtp_sg,2401,42,21001,21500,5.504,grad_norm,4.146980661675334
independent_2401_2405,drtp_sg,2401,43,21501,22000,5.632,train_avg_reward,0.2266000776514411
independent_2401_2405,drtp_sg,2401,43,21501,22000,5.632,entropy,1.5776098495721818
independent_2401_2405,drtp_sg,2401,43,21501,22000,5.632,approx_kl,0.0016797489981345212
independent_2401_2405,drtp_sg,2401,43,21501,22000,5.632,policy_loss,-0.0028269021645822285
independent_2401_2405,drtp_sg,2401,43,21501,22000,5.632,value_loss,0.3268659339090809
independent_2401_2405,drtp_sg,2401,43,21501,22000,5.632,grad_norm,3.771464942842722
independent_2401_2405,drtp_sg,2401,44,22001,22500,5.76,train_avg_reward,0.20816662929952146
independent_2401_2405,drtp_sg,2401,44,22001,22500,5.76,entropy,1.5852446258068085
independent_2401_2405,drtp_sg,2401,44,22001,22500,5.76,approx_kl,0.0010219013658494612
independent_2401_2405,drtp_sg,2401,44,22001,22500,5.76,policy_loss,-0.0021099871128842066
independent_2401_2405,drtp_sg,2401,44,22001,22500,5.76,value_loss,0.6754853088092059
independent_2401_2405,drtp_sg,2401,44,22001,22500,5.76,grad_norm,5.364742545977235
independent_2401_2405,drtp_sg,2401,45,22501,23000,5.888,train_avg_reward,0.20891584630310536
independent_2401_2405,drtp_sg,2401,45,22501,23000,5.888,entropy,1.724805271923542
independent_2401_2405,drtp_sg,2401,45,22501,23000,5.888,approx_kl,0.001519064253830334
independent_2401_2405,drtp_sg,2401,45,22501,23000,5.888,policy_loss,-0.002590632172086709
independent_2401_2405,drtp_sg,2401,45,22501,23000,5.888,value_loss,0.688173267679289
independent_2401_2405,drtp_sg,2401,45,22501,23000,5.888,grad_norm,4.446332510992884
independent_2401_2405,drtp_sg,2401,46,23001,23500,6.016,train_avg_reward,0.24397649617493153
independent_2401_2405,drtp_sg,2401,46,23001,23500,6.016,entropy,1.6726182146668434
independent_2401_2405,drtp_sg,2401,46,23001,23500,6.016,approx_kl,0.0015692140098059642
independent_2401_2405,drtp_sg,2401,46,23001,23500,6.016,policy_loss,-0.0026085098314843967
independent_2401_2405,drtp_sg,2401,46,23001,23500,6.016,value_loss,0.49768825483694673
independent_2401_2405,drtp_sg,2401,46,23001,23500,6.016,grad_norm,3.899992776438594
independent_2401_2405,drtp_sg,2401,47,23501,24000,6.144,train_avg_reward,0.20506872437894344
independent_2401_2405,drtp_sg,2401,47,23501,24000,6.144,entropy,1.5971562759876252
independent_2401_2405,drtp_sg,2401,47,23501,24000,6.144,approx_kl,0.0011451918874993904
independent_2401_2405,drtp_sg,2401,47,23501,24000,6.144,policy_loss,-0.0020693645774408575
independent_2401_2405,drtp_sg,2401,47,23501,24000,6.144,value_loss,0.7382115704044699
independent_2401_2405,drtp_sg,2401,47,23501,24000,6.144,grad_norm,5.733185588419437
independent_2401_2405,drtp_sg,2401,48,24001,24500,6.272,train_avg_reward,0.2313932526409626
independent_2401_2405,drtp_sg,2401,48,24001,24500,6.272,entropy,1.6371144362688064
independent_2401_2405,drtp_sg,2401,48,24001,24500,6.272,approx_kl,0.0016998045709775934
independent_2401_2405,drtp_sg,2401,48,24001,24500,6.272,policy_loss,-0.002561625280035067
independent_2401_2405,drtp_sg,2401,48,24001,24500,6.272,value_loss,0.3977765563512221
independent_2401_2405,drtp_sg,2401,48,24001,24500,6.272,grad_norm,3.7273934090584517
independent_2401_2405,drtp_sg,2401,49,24501,25000,6.4,train_avg_reward,0.23385603434592486
independent_2401_2405,drtp_sg,2401,49,24501,25000,6.4,entropy,1.6293592969179154
independent_2401_2405,drtp_sg,2401,49,24501,25000,6.4,approx_kl,0.0019234562328316843
independent_2401_2405,drtp_sg,2401,49,24501,25000,6.4,policy_loss,-0.0025680448874435516
independent_2401_2405,drtp_sg,2401,49,24501,25000,6.4,value_loss,0.4777596092754975
independent_2401_2405,drtp_sg,2401,49,24501,25000,6.4,grad_norm,4.3839937109202145
independent_2401_2405,drtp_sg,2401,50,25001,25500,6.528,train_avg_reward,0.2397153207361698
independent_2401_2405,drtp_sg,2401,50,25001,25500,6.528,entropy,1.5231711121797562
independent_2401_2405,drtp_sg,2401,50,25001,25500,6.528,approx_kl,0.0018796499066302116
independent_2401_2405,drtp_sg,2401,50,25001,25500,6.528,policy_loss,-0.0025491109180227826
independent_2401_2405,drtp_sg,2401,50,25001,25500,6.528,value_loss,0.5006253875633702
independent_2401_2405,drtp_sg,2401,50,25001,25500,6.528,grad_norm,4.526631370440126
independent_2401_2405,drtp_sg,2401,51,25501,26000,6.656,train_avg_reward,0.2282182169854641
independent_2401_2405,drtp_sg,2401,51,25501,26000,6.656,entropy,1.5741856418251992
independent_2401_2405,drtp_sg,2401,51,25501,26000,6.656,approx_kl,0.0014206525209581953
independent_2401_2405,drtp_sg,2401,51,25501,26000,6.656,policy_loss,-0.0024086056354122596
independent_2401_2405,drtp_sg,2401,51,25501,26000,6.656,value_loss,0.8458486779658124
independent_2401_2405,drtp_sg,2401,51,25501,26000,6.656,grad_norm,5.188822390705347
independent_2401_2405,drtp_sg,2401,52,26001,26500,6.784,train_avg_reward,0.23298652383685112
independent_2401_2405,drtp_sg,2401,52,26001,26500,6.784,entropy,1.5812944512367249
independent_2401_2405,drtp_sg,2401,52,26001,26500,6.784,approx_kl,0.0015888175769856905
independent_2401_2405,drtp_sg,2401,52,26001,26500,6.784,policy_loss,-0.0027123025537700296
independent_2401_2405,drtp_sg,2401,52,26001,26500,6.784,value_loss,0.5215665611159056
independent_2401_2405,drtp_sg,2401,52,26001,26500,6.784,grad_norm,4.089067658111453
independent_2401_2405,drtp_sg,2401,53,26501,27000,6.912,train_avg_reward,0.23060504898428916
independent_2401_2405,drtp_sg,2401,53,26501,27000,6.912,entropy,1.6012378506064415
independent_2401_2405,drtp_sg,2401,53,26501,27000,6.912,approx_kl,0.0013607658649273816
independent_2401_2405,drtp_sg,2401,53,26501,27000,6.912,policy_loss,-0.0025041347542103655
independent_2401_2405,drtp_sg,2401,53,26501,27000,6.912,value_loss,0.6082096464503557
independent_2401_2405,drtp_sg,2401,53,26501,27000,6.912,grad_norm,5.362066871702671
independent_2401_2405,drtp_sg,2401,54,27001,27500,7.04,train_avg_reward,0.24755530324578284
independent_2401_2405,drtp_sg,2401,54,27001,27500,7.04,entropy,1.5517460368275642
independent_2401_2405,drtp_sg,2401,54,27001,27500,7.04,approx_kl,0.0015671097286791842
independent_2401_2405,drtp_sg,2401,54,27001,27500,7.04,policy_loss,-0.0025488423467290707
independent_2401_2405,drtp_sg,2401,54,27001,27500,7.04,value_loss,0.3060362748913467
independent_2401_2405,drtp_sg,2401,54,27001,27500,7.04,grad_norm,4.206709046721459
independent_2401_2405,drtp_sg,2401,55,27501,28000,7.168,train_avg_reward,0.24048394353687763
independent_2401_2405,drtp_sg,2401,55,27501,28000,7.168,entropy,1.592382638692856
independent_2401_2405,drtp_sg,2401,55,27501,28000,7.168,approx_kl,0.0015879156633745789
independent_2401_2405,drtp_sg,2401,55,27501,28000,7.168,policy_loss,-0.0025839203539247636
independent_2401_2405,drtp_sg,2401,55,27501,28000,7.168,value_loss,0.3843117438498884
independent_2401_2405,drtp_sg,2401,55,27501,28000,7.168,grad_norm,4.465613552838564
independent_2401_2405,drtp_sg,2401,56,28001,28500,7.296,train_avg_reward,0.24461572581529617
independent_2401_2405,drtp_sg,2401,56,28001,28500,7.296,entropy,1.61226643460989
independent_2401_2405,drtp_sg,2401,56,28001,28500,7.296,approx_kl,0.0016653277555748495
independent_2401_2405,drtp_sg,2401,56,28001,28500,7.296,policy_loss,-0.002728604641988207
independent_2401_2405,drtp_sg,2401,56,28001,28500,7.296,value_loss,0.2968936519687995
independent_2401_2405,drtp_sg,2401,56,28001,28500,7.296,grad_norm,4.32706598508358
independent_2401_2405,drtp_sg,2401,57,28501,29000,7.424,train_avg_reward,0.2519617352485657
independent_2401_2405,drtp_sg,2401,57,28501,29000,7.424,entropy,1.5971850428581238
independent_2401_2405,drtp_sg,2401,57,28501,29000,7.424,approx_kl,0.0013846533169659383
independent_2401_2405,drtp_sg,2401,57,28501,29000,7.424,policy_loss,-0.002288757713279388
independent_2401_2405,drtp_sg,2401,57,28501,29000,7.424,value_loss,0.3311929777916521
independent_2401_2405,drtp_sg,2401,57,28501,29000,7.424,grad_norm,5.097089862316847
independent_2401_2405,drtp_sg,2401,58,29001,29500,7.552,train_avg_reward,0.2490799420028925
independent_2401_2405,drtp_sg,2401,58,29001,29500,7.552,entropy,1.5762971611618997
independent_2401_2405,drtp_sg,2401,58,29001,29500,7.552,approx_kl,0.0016700819891226778
independent_2401_2405,drtp_sg,2401,58,29001,29500,7.552,policy_loss,-0.0027344223505726397
independent_2401_2405,drtp_sg,2401,58,29001,29500,7.552,value_loss,0.3077494322648272
independent_2401_2405,drtp_sg,2401,58,29001,29500,7.552,grad_norm,4.169656594112515
independent_2401_2405,drtp_sg,2401,59,29501,30000,7.68,train_avg_reward,0.24034869058430194
independent_2401_2405,drtp_sg,2401,59,29501,30000,7.68,entropy,1.5440229493379594
independent_2401_2405,drtp_sg,2401,59,29501,30000,7.68,approx_kl,0.0022983260933609213
independent_2401_2405,drtp_sg,2401,59,29501,30000,7.68,policy_loss,-0.0023752644128673395
independent_2401_2405,drtp_sg,2401,59,29501,30000,7.68,value_loss,0.4426030029784888
independent_2401_2405,drtp_sg,2401,59,29501,30000,7.68,grad_norm,4.994929903835058
independent_2401_2405,drtp_sg,2401,60,30001,30500,7.808,train_avg_reward,0.21132344577461482
independent_2401_2405,drtp_sg,2401,60,30001,30500,7.808,entropy,1.5535839696526528
independent_2401_2405,drtp_sg,2401,60,30001,30500,7.808,approx_kl,0.001820954102941555
independent_2401_2405,drtp_sg,2401,60,30001,30500,7.808,policy_loss,-0.0027821723306934503
independent_2401_2405,drtp_sg,2401,60,30001,30500,7.808,value_loss,0.5149587137885392
independent_2401_2405,drtp_sg,2401,60,30001,30500,7.808,grad_norm,4.491536484748125
independent_2401_2405,drtp_sg,2401,61,30501,31000,7.936,train_avg_reward,0.24931315125524997
independent_2401_2405,drtp_sg,2401,61,30501,31000,7.936,entropy,1.5530341215729713
independent_2401_2405,drtp_sg,2401,61,30501,31000,7.936,approx_kl,0.0014178560212549092
independent_2401_2405,drtp_sg,2401,61,30501,31000,7.936,policy_loss,-0.0023181861720451397
independent_2401_2405,drtp_sg,2401,61,30501,31000,7.936,value_loss,0.3985218564737588
independent_2401_2405,drtp_sg,2401,61,30501,31000,7.936,grad_norm,5.873187367707491
independent_2401_2405,drtp_sg,2401,62,31001,31500,8.064,train_avg_reward,0.2498458391726017
independent_2401_2405,drtp_sg,2401,62,31001,31500,8.064,entropy,1.5490613318681716
independent_2401_2405,drtp_sg,2401,62,31001,31500,8.064,approx_kl,0.0018938918513491947
independent_2401_2405,drtp_sg,2401,62,31001,31500,8.064,policy_loss,-0.0027328928802310857
independent_2401_2405,drtp_sg,2401,62,31001,31500,8.064,value_loss,0.3653316184580326
independent_2401_2405,drtp_sg,2401,62,31001,31500,8.064,grad_norm,4.757450113102793
independent_2401_2405,drtp_sg,2401,63,31501,32000,8.192,train_avg_reward,0.2514504126906395
independent_2401_2405,drtp_sg,2401,63,31501,32000,8.192,entropy,1.4265849460959434
independent_2401_2405,drtp_sg,2401,63,31501,32000,8.192,approx_kl,0.0015996460127474343
independent_2401_2405,drtp_sg,2401,63,31501,32000,8.192,policy_loss,-0.0025485463009250115
independent_2401_2405,drtp_sg,2401,63,31501,32000,8.192,value_loss,0.2980552222086117
independent_2401_2405,drtp_sg,2401,63,31501,32000,8.192,grad_norm,4.806175582945347
independent_2401_2405,drtp_sg,2401,64,32001,32500,8.32,train_avg_reward,0.2307713810727
independent_2401_2405,drtp_sg,2401,64,32001,32500,8.32,entropy,1.460921179831028
independent_2401_2405,drtp_sg,2401,64,32001,32500,8.32,approx_kl,0.001710613653759071
independent_2401_2405,drtp_sg,2401,64,32001,32500,8.32,policy_loss,-0.002108841525409355
independent_2401_2405,drtp_sg,2401,64,32001,32500,8.32,value_loss,0.6112182796467096
independent_2401_2405,drtp_sg,2401,64,32001,32500,8.32,grad_norm,6.639227660775185
independent_2401_2405,drtp_sg,2401,65,32501,33000,8.448,train_avg_reward,0.23476256589591504
independent_2401_2405,drtp_sg,2401,65,32501,33000,8.448,entropy,1.5987189106345177
independent_2401_2405,drtp_sg,2401,65,32501,33000,8.448,approx_kl,0.0016878103928432405
independent_2401_2405,drtp_sg,2401,65,32501,33000,8.448,policy_loss,-0.002764852449587003
independent_2401_2405,drtp_sg,2401,65,32501,33000,8.448,value_loss,0.4109692533351481
independent_2401_2405,drtp_sg,2401,65,32501,33000,8.448,grad_norm,4.294189674898982
independent_2401_2405,drtp_sg,2401,66,33001,33500,8.576,train_avg_reward,0.23787482663989068
independent_2401_2405,drtp_sg,2401,66,33001,33500,8.576,entropy,1.5587219410538673
independent_2401_2405,drtp_sg,2401,66,33001,33500,8.576,approx_kl,0.0017124533606959818
independent_2401_2405,drtp_sg,2401,66,33001,33500,8.576,policy_loss,-0.0030026722371695115
independent_2401_2405,drtp_sg,2401,66,33001,33500,8.576,value_loss,0.4324684245893732
independent_2401_2405,drtp_sg,2401,66,33001,33500,8.576,grad_norm,4.2975114040523765
independent_2401_2405,drtp_sg,2401,67,33501,34000,8.704,train_avg_reward,0.223948187276721
independent_2401_2405,drtp_sg,2401,67,33501,34000,8.704,entropy,1.494649623811245
independent_2401_2405,drtp_sg,2401,67,33501,34000,8.704,approx_kl,0.001376272709741433
independent_2401_2405,drtp_sg,2401,67,33501,34000,8.704,policy_loss,-0.002394604748646685
independent_2401_2405,drtp_sg,2401,67,33501,34000,8.704,value_loss,0.7297852330952883
independent_2401_2405,drtp_sg,2401,67,33501,34000,8.704,grad_norm,5.1658621905744075
independent_2401_2405,drtp_sg,2401,68,34001,34500,8.832,train_avg_reward,0.23968359291553498
independent_2401_2405,drtp_sg,2401,68,34001,34500,8.832,entropy,1.4368825579285622
independent_2401_2405,drtp_sg,2401,68,34001,34500,8.832,approx_kl,0.001791466147403894
independent_2401_2405,drtp_sg,2401,68,34001,34500,8.832,policy_loss,-0.002768408188822528
independent_2401_2405,drtp_sg,2401,68,34001,34500,8.832,value_loss,0.49822011244297026
independent_2401_2405,drtp_sg,2401,68,34001,34500,8.832,grad_norm,4.742848500102759
independent_2401_2405,drtp_sg,2401,69,34501,35000,8.96,train_avg_reward,0.24933716391026975
independent_2401_2405,drtp_sg,2401,69,34501,35000,8.96,entropy,1.4759235686659813
independent_2401_2405,drtp_sg,2401,69,34501,35000,8.96,approx_kl,0.0019402165273574173
independent_2401_2405,drtp_sg,2401,69,34501,35000,8.96,policy_loss,-0.0027619102535792073
independent_2401_2405,drtp_sg,2401,69,34501,35000,8.96,value_loss,0.2575826541669667
independent_2401_2405,drtp_sg,2401,69,34501,35000,8.96,grad_norm,3.8382663508057595
independent_2401_2405,drtp_sg,2401,70,35001,35500,9.088,train_avg_reward,0.2494815825521946
independent_2401_2405,drtp_sg,2401,70,35001,35500,9.088,entropy,1.4160005083680154
independent_2401_2405,drtp_sg,2401,70,35001,35500,9.088,approx_kl,0.0016453183934639255
independent_2401_2405,drtp_sg,2401,70,35001,35500,9.088,policy_loss,-0.0026414499088401673
independent_2401_2405,drtp_sg,2401,70,35001,35500,9.088,value_loss,0.28560569233167915
independent_2401_2405,drtp_sg,2401,70,35001,35500,9.088,grad_norm,3.959882368341088
independent_2401_2405,drtp_sg,2401,71,35501,36000,9.216,train_avg_reward,0.23119331957399844
independent_2401_2405,drtp_sg,2401,71,35501,36000,9.216,entropy,1.3951583603918551
independent_2401_2405,drtp_sg,2401,71,35501,36000,9.216,approx_kl,0.0012359955303427176
independent_2401_2405,drtp_sg,2401,71,35501,36000,9.216,policy_loss,-0.0022846148926324466
independent_2401_2405,drtp_sg,2401,71,35501,36000,9.216,value_loss,0.5941261422913522
independent_2401_2405,drtp_sg,2401,71,35501,36000,9.216,grad_norm,5.345357226625085
independent_2401_2405,drtp_sg,2401,72,36001,36500,9.344,train_avg_reward,0.24844478571414946
independent_2401_2405,drtp_sg,2401,72,36001,36500,9.344,entropy,1.4081612965464592
independent_2401_2405,drtp_sg,2401,72,36001,36500,9.344,approx_kl,0.001649405307916503
independent_2401_2405,drtp_sg,2401,72,36001,36500,9.344,policy_loss,-0.002560542338420868
independent_2401_2405,drtp_sg,2401,72,36001,36500,9.344,value_loss,0.3982665622211061
independent_2401_2405,drtp_sg,2401,72,36001,36500,9.344,grad_norm,4.535536506667733
independent_2401_2405,drtp_sg,2401,73,36501,37000,9.472,train_avg_reward,0.24390945503115655
independent_2401_2405,drtp_sg,2401,73,36501,37000,9.472,entropy,1.42334797000885
independent_2401_2405,drtp_sg,2401,73,36501,37000,9.472,approx_kl,0.001558260013090438
independent_2401_2405,drtp_sg,2401,73,36501,37000,9.472,policy_loss,-0.0026314867103391817
independent_2401_2405,drtp_sg,2401,73,36501,37000,9.472,value_loss,0.4685367222940549
independent_2401_2405,drtp_sg,2401,73,36501,37000,9.472,grad_norm,4.890590517014265
independent_2401_2405,drtp_sg,2401,74,37001,37500,9.6,train_avg_reward,0.24433283364027739
independent_2401_2405,drtp_sg,2401,74,37001,37500,9.6,entropy,1.5111878081560135
independent_2401_2405,drtp_sg,2401,74,37001,37500,9.6,approx_kl,0.0013734878802997494
independent_2401_2405,drtp_sg,2401,74,37001,37500,9.6,policy_loss,-0.0026379822620846457
independent_2401_2405,drtp_sg,2401,74,37001,37500,9.6,value_loss,0.5696824295390397
independent_2401_2405,drtp_sg,2401,74,37001,37500,9.6,grad_norm,4.834582164391875
independent_2401_2405,drtp_sg,2401,75,37501,38000,9.728,train_avg_reward,0.22753938303887844
independent_2401_2405,drtp_sg,2401,75,37501,38000,9.728,entropy,1.6668169741630554
independent_2401_2405,drtp_sg,2401,75,37501,38000,9.728,approx_kl,0.0013528148787187587
independent_2401_2405,drtp_sg,2401,75,37501,38000,9.728,policy_loss,-0.0025899628193868087
independent_2401_2405,drtp_sg,2401,75,37501,38000,9.728,value_loss,0.7830593915134668
independent_2401_2405,drtp_sg,2401,75,37501,38000,9.728,grad_norm,4.52444265371561
independent_2401_2405,drtp_sg,2401,76,38001,38500,9.856,train_avg_reward,0.21787586398422717
independent_2401_2405,drtp_sg,2401,76,38001,38500,9.856,entropy,1.6832813597917557
independent_2401_2405,drtp_sg,2401,76,38001,38500,9.856,approx_kl,0.0012123209250679068
independent_2401_2405,drtp_sg,2401,76,38001,38500,9.856,policy_loss,-0.0024872329626500385
independent_2401_2405,drtp_sg,2401,76,38001,38500,9.856,value_loss,0.8320331231616438
independent_2401_2405,drtp_sg,2401,76,38001,38500,9.856,grad_norm,5.312458802729845
independent_2401_2405,drtp_sg,2401,77,38501,39000,9.984,train_avg_reward,0.23497908987104893
independent_2401_2405,drtp_sg,2401,77,38501,39000,9.984,entropy,1.7614467179179192
independent_2401_2405,drtp_sg,2401,77,38501,39000,9.984,approx_kl,0.0015920822098250838
independent_2401_2405,drtp_sg,2401,77,38501,39000,9.984,policy_loss,-0.003046003128127631
independent_2401_2405,drtp_sg,2401,77,38501,39000,9.984,value_loss,0.6262340623894707
independent_2401_2405,drtp_sg,2401,77,38501,39000,9.984,grad_norm,4.526572726100683
independent_2401_2405,drtp_sg,2401,78,39001,39500,10.112,train_avg_reward,0.2048190962227564
independent_2401_2405,drtp_sg,2401,78,39001,39500,10.112,entropy,1.6134204301569197
independent_2401_2405,drtp_sg,2401,78,39001,39500,10.112,approx_kl,0.001627472373011709
independent_2401_2405,drtp_sg,2401,78,39001,39500,10.112,policy_loss,-0.0024886601591889044
independent_2401_2405,drtp_sg,2401,78,39001,39500,10.112,value_loss,0.7751741793804935
independent_2401_2405,drtp_sg,2401,78,39001,39500,10.112,grad_norm,5.354240438058262
independent_2401_2405,drtp_sg,2402,0,1,500,0.128,train_avg_reward,-0.006290654263740635
independent_2401_2405,drtp_sg,2402,0,1,500,0.128,entropy,2.8418755424022675
independent_2401_2405,drtp_sg,2402,0,1,500,0.128,approx_kl,0.0009150601009576652
independent_2401_2405,drtp_sg,2402,0,1,500,0.128,policy_loss,-0.0018753817451012404
independent_2401_2405,drtp_sg,2402,0,1,500,0.128,value_loss,0.43477703756000846
independent_2401_2405,drtp_sg,2402,0,1,500,0.128,grad_norm,1.4503986219242215
independent_2401_2405,drtp_sg,2402,1,501,1000,0.256,train_avg_reward,0.03830352650097484
independent_2401_2405,drtp_sg,2402,1,501,1000,0.256,entropy,2.5226876975893973
independent_2401_2405,drtp_sg,2402,1,501,1000,0.256,approx_kl,0.0013622984038924339
independent_2401_2405,drtp_sg,2402,1,501,1000,0.256,policy_loss,-0.0018477078464617692
independent_2401_2405,drtp_sg,2402,1,501,1000,0.256,value_loss,0.3928039139183238
independent_2401_2405,drtp_sg,2402,1,501,1000,0.256,grad_norm,1.5121350869089365
independent_2401_2405,drtp_sg,2402,2,1001,1500,0.384,train_avg_reward,0.05013993026479147
independent_2401_2405,drtp_sg,2402,2,1001,1500,0.384,entropy,2.5849033173918725
independent_2401_2405,drtp_sg,2402,2,1001,1500,0.384,approx_kl,0.0011918095520333434
independent_2401_2405,drtp_sg,2402,2,1001,1500,0.384,policy_loss,-0.0019487632436906714
independent_2401_2405,drtp_sg,2402,2,1001,1500,0.384,value_loss,0.4413145232866518
independent_2401_2405,drtp_sg,2402,2,1001,1500,0.384,grad_norm,1.668428064495325
independent_2401_2405,drtp_sg,2402,3,1501,2000,0.512,train_avg_reward,0.08454717916296794
independent_2401_2405,drtp_sg,2402,3,1501,2000,0.512,entropy,2.6534314209222796
independent_2401_2405,drtp_sg,2402,3,1501,2000,0.512,approx_kl,0.000879921434845528
independent_2401_2405,drtp_sg,2402,3,1501,2000,0.512,policy_loss,-0.0015650673369724407
independent_2401_2405,drtp_sg,2402,3,1501,2000,0.512,value_loss,0.5168212519846856
independent_2401_2405,drtp_sg,2402,3,1501,2000,0.512,grad_norm,1.9618503699600696
independent_2401_2405,drtp_sg,2402,4,2001,2500,0.64,train_avg_reward,0.04660902573194471
independent_2401_2405,drtp_sg,2402,4,2001,2500,0.64,entropy,2.350223295509815
independent_2401_2405,drtp_sg,2402,4,2001,2500,0.64,approx_kl,0.001194112364558047
independent_2401_2405,drtp_sg,2402,4,2001,2500,0.64,policy_loss,-0.0021262728334125658
independent_2401_2405,drtp_sg,2402,4,2001,2500,0.64,value_loss,0.32163299833983183
independent_2401_2405,drtp_sg,2402,4,2001,2500,0.64,grad_norm,1.3855695128589869
independent_2401_2405,drtp_sg,2402,5,2501,3000,0.768,train_avg_reward,0.07458897111943225
independent_2401_2405,drtp_sg,2402,5,2501,3000,0.768,entropy,2.3450906494259836
independent_2401_2405,drtp_sg,2402,5,2501,3000,0.768,approx_kl,0.0011535575295773318
independent_2401_2405,drtp_sg,2402,5,2501,3000,0.768,policy_loss,-0.0019335355196037182
independent_2401_2405,drtp_sg,2402,5,2501,3000,0.768,value_loss,0.5402966463770718
independent_2401_2405,drtp_sg,2402,5,2501,3000,0.768,grad_norm,2.019246969386935
independent_2401_2405,drtp_sg,2402,6,3001,3500,0.896,train_avg_reward,0.11164564105635509
independent_2401_2405,drtp_sg,2402,6,3001,3500,0.896,entropy,2.6208806755542757
independent_2401_2405,drtp_sg,2402,6,3001,3500,0.896,approx_kl,0.000511655281688642
independent_2401_2405,drtp_sg,2402,6,3001,3500,0.896,policy_loss,-0.0012557730168993577
independent_2401_2405,drtp_sg,2402,6,3001,3500,0.896,value_loss,0.8641225356645882
independent_2401_2405,drtp_sg,2402,6,3001,3500,0.896,grad_norm,2.94307499165833
independent_2401_2405,drtp_sg,2402,7,3501,4000,1.024,train_avg_reward,0.11362162287160754
independent_2401_2405,drtp_sg,2402,7,3501,4000,1.024,entropy,2.5564436573982237
independent_2401_2405,drtp_sg,2402,7,3501,4000,1.024,approx_kl,0.0007767839230602931
independent_2401_2405,drtp_sg,2402,7,3501,4000,1.024,policy_loss,-0.0017003378914003165
independent_2401_2405,drtp_sg,2402,7,3501,4000,1.024,value_loss,0.8265599162094295
independent_2401_2405,drtp_sg,2402,7,3501,4000,1.024,grad_norm,3.011973524942994
independent_2401_2405,drtp_sg,2402,8,4001,4500,1.152,train_avg_reward,0.1177723787156865
independent_2401_2405,drtp_sg,2402,8,4001,4500,1.152,entropy,2.4376142650842665
independent_2401_2405,drtp_sg,2402,8,4001,4500,1.152,approx_kl,0.0009220184035328505
independent_2401_2405,drtp_sg,2402,8,4001,4500,1.152,policy_loss,-0.001860864077250496
independent_2401_2405,drtp_sg,2402,8,4001,4500,1.152,value_loss,0.9335519275255502
independent_2401_2405,drtp_sg,2402,8,4001,4500,1.152,grad_norm,3.453706912338734
independent_2401_2405,drtp_sg,2402,9,4501,5000,1.28,train_avg_reward,0.12544635447114705
independent_2401_2405,drtp_sg,2402,9,4501,5000,1.28,entropy,2.3505363861322404
independent_2401_2405,drtp_sg,2402,9,4501,5000,1.28,approx_kl,0.0009243835799350866
independent_2401_2405,drtp_sg,2402,9,4501,5000,1.28,policy_loss,-0.001926274798741623
independent_2401_2405,drtp_sg,2402,9,4501,5000,1.28,value_loss,0.806278270509094
independent_2401_2405,drtp_sg,2402,9,4501,5000,1.28,grad_norm,3.3030223416686058
independent_2401_2405,drtp_sg,2402,10,5001,5500,1.408,train_avg_reward,0.12942867025360466
independent_2401_2405,drtp_sg,2402,10,5001,5500,1.408,entropy,2.4248420099020005
independent_2401_2405,drtp_sg,2402,10,5001,5500,1.408,approx_kl,0.0008783666477650816
independent_2401_2405,drtp_sg,2402,10,5001,5500,1.408,policy_loss,-0.0019415884061141436
independent_2401_2405,drtp_sg,2402,10,5001,5500,1.408,value_loss,0.691904345959425
independent_2401_2405,drtp_sg,2402,10,5001,5500,1.408,grad_norm,3.2186681853979824
independent_2401_2405,drtp_sg,2402,11,5501,6000,1.536,train_avg_reward,0.1414175702035427
independent_2401_2405,drtp_sg,2402,11,5501,6000,1.536,entropy,2.371467324912548
independent_2401_2405,drtp_sg,2402,11,5501,6000,1.536,approx_kl,0.0010502879855901785
independent_2401_2405,drtp_sg,2402,11,5501,6000,1.536,policy_loss,-0.0022093559037127267
independent_2401_2405,drtp_sg,2402,11,5501,6000,1.536,value_loss,0.6857012594100088
independent_2401_2405,drtp_sg,2402,11,5501,6000,1.536,grad_norm,2.846579899817705
independent_2401_2405,drtp_sg,2402,12,6001,6500,1.664,train_avg_reward,0.12905908502917737
independent_2401_2405,drtp_sg,2402,12,6001,6500,1.664,entropy,2.3123062685728075
independent_2401_2405,drtp_sg,2402,12,6001,6500,1.664,approx_kl,0.0013070025783478436
independent_2401_2405,drtp_sg,2402,12,6001,6500,1.664,policy_loss,-0.002378459222540648
independent_2401_2405,drtp_sg,2402,12,6001,6500,1.664,value_loss,0.6438879821561276
independent_2401_2405,drtp_sg,2402,12,6001,6500,1.664,grad_norm,2.8920577013492585
independent_2401_2405,drtp_sg,2402,13,6501,7000,1.792,train_avg_reward,0.14776269213855267
independent_2401_2405,drtp_sg,2402,13,6501,7000,1.792,entropy,2.3297554317116735
independent_2401_2405,drtp_sg,2402,13,6501,7000,1.792,approx_kl,0.0010849219489976651
independent_2401_2405,drtp_sg,2402,13,6501,7000,1.792,policy_loss,-0.00211656901660941
independent_2401_2405,drtp_sg,2402,13,6501,7000,1.792,value_loss,0.7059022872075439
independent_2401_2405,drtp_sg,2402,13,6501,7000,1.792,grad_norm,3.1162210496068
independent_2401_2405,drtp_sg,2402,14,7001,7500,1.92,train_avg_reward,0.1434329534471035
independent_2401_2405,drtp_sg,2402,14,7001,7500,1.92,entropy,2.27355627566576
independent_2401_2405,drtp_sg,2402,14,7001,7500,1.92,approx_kl,0.0009629806536762165
independent_2401_2405,drtp_sg,2402,14,7001,7500,1.92,policy_loss,-0.0021860694532756823
independent_2401_2405,drtp_sg,2402,14,7001,7500,1.92,value_loss,0.6916717934701592
independent_2401_2405,drtp_sg,2402,14,7001,7500,1.92,grad_norm,2.9644560431838034
independent_2401_2405,drtp_sg,2402,15,7501,8000,2.048,train_avg_reward,0.144360429789871
independent_2401_2405,drtp_sg,2402,15,7501,8000,2.048,entropy,2.3480562992691993
independent_2401_2405,drtp_sg,2402,15,7501,8000,2.048,approx_kl,0.0009306786107402634
independent_2401_2405,drtp_sg,2402,15,7501,8000,2.048,policy_loss,-0.001976550286795684
independent_2401_2405,drtp_sg,2402,15,7501,8000,2.048,value_loss,0.7297342167049646
independent_2401_2405,drtp_sg,2402,15,7501,8000,2.048,grad_norm,3.02255699634552
independent_2401_2405,drtp_sg,2402,16,8001,8500,2.176,train_avg_reward,0.13479500678926706
independent_2401_2405,drtp_sg,2402,16,8001,8500,2.176,entropy,2.337987315714359
independent_2401_2405,drtp_sg,2402,16,8001,8500,2.176,approx_kl,0.0009689626695796201
independent_2401_2405,drtp_sg,2402,16,8001,8500,2.176,policy_loss,-0.0020305758404308024
independent_2401_2405,drtp_sg,2402,16,8001,8500,2.176,value_loss,0.7908017557840794
independent_2401_2405,drtp_sg,2402,16,8001,8500,2.176,grad_norm,3.3528815908432006
independent_2401_2405,drtp_sg,2402,17,8501,9000,2.304,train_avg_reward,0.16412123738974332
independent_2401_2405,drtp_sg,2402,17,8501,9000,2.304,entropy,2.2979001455307007
independent_2401_2405,drtp_sg,2402,17,8501,9000,2.304,approx_kl,0.0010100641824252912
independent_2401_2405,drtp_sg,2402,17,8501,9000,2.304,policy_loss,-0.0020895525698050943
independent_2401_2405,drtp_sg,2402,17,8501,9000,2.304,value_loss,0.722977065294981
independent_2401_2405,drtp_sg,2402,17,8501,9000,2.304,grad_norm,3.5255190289467575
independent_2401_2405,drtp_sg,2402,18,9001,9500,2.432,train_avg_reward,0.1540591063350439
independent_2401_2405,drtp_sg,2402,18,9001,9500,2.432,entropy,2.3050204070806504
independent_2401_2405,drtp_sg,2402,18,9001,9500,2.432,approx_kl,0.0010088475300954088
independent_2401_2405,drtp_sg,2402,18,9001,9500,2.432,policy_loss,-0.002200304861249973
independent_2401_2405,drtp_sg,2402,18,9001,9500,2.432,value_loss,0.7475529509764165
independent_2401_2405,drtp_sg,2402,18,9001,9500,2.432,grad_norm,3.579044886216521
independent_2401_2405,drtp_sg,2402,19,9501,10000,2.56,train_avg_reward,0.1488907192759216
independent_2401_2405,drtp_sg,2402,19,9501,10000,2.56,entropy,2.047037133157253
independent_2401_2405,drtp_sg,2402,19,9501,10000,2.56,approx_kl,0.0013186604862909612
independent_2401_2405,drtp_sg,2402,19,9501,10000,2.56,policy_loss,-0.00218762504557331
independent_2401_2405,drtp_sg,2402,19,9501,10000,2.56,value_loss,0.8113792438879609
independent_2401_2405,drtp_sg,2402,19,9501,10000,2.56,grad_norm,4.198200812041759
independent_2401_2405,drtp_sg,2402,20,10001,10500,2.688,train_avg_reward,0.13778577718883753
independent_2401_2405,drtp_sg,2402,20,10001,10500,2.688,entropy,2.107900213241577
independent_2401_2405,drtp_sg,2402,20,10001,10500,2.688,approx_kl,0.00110546012461297
independent_2401_2405,drtp_sg,2402,20,10001,10500,2.688,policy_loss,-0.0019822344835180336
independent_2401_2405,drtp_sg,2402,20,10001,10500,2.688,value_loss,0.9858730184920133
independent_2401_2405,drtp_sg,2402,20,10001,10500,2.688,grad_norm,4.057548370271921
independent_2401_2405,drtp_sg,2402,21,10501,11000,2.816,train_avg_reward,0.18100252381712198
independent_2401_2405,drtp_sg,2402,21,10501,11000,2.816,entropy,2.025078762948513
independent_2401_2405,drtp_sg,2402,21,10501,11000,2.816,approx_kl,0.0012834042561447247
independent_2401_2405,drtp_sg,2402,21,10501,11000,2.816,policy_loss,-0.002282067381367999
independent_2401_2405,drtp_sg,2402,21,10501,11000,2.816,value_loss,0.7829377123452723
independent_2401_2405,drtp_sg,2402,21,10501,11000,2.816,grad_norm,3.891798502787948
independent_2401_2405,drtp_sg,2402,22,11001,11500,2.944,train_avg_reward,0.18242929742857814
independent_2401_2405,drtp_sg,2402,22,11001,11500,2.944,entropy,2.14286410343647
independent_2401_2405,drtp_sg,2402,22,11001,11500,2.944,approx_kl,0.0011415241342122798
independent_2401_2405,drtp_sg,2402,22,11001,11500,2.944,policy_loss,-0.0022214406520247323
independent_2401_2405,drtp_sg,2402,22,11001,11500,2.944,value_loss,0.7214845506101847
independent_2401_2405,drtp_sg,2402,22,11001,11500,2.944,grad_norm,3.9919093560129406
independent_2401_2405,drtp_sg,2402,23,11501,12000,3.072,train_avg_reward,0.20362102700769902
independent_2401_2405,drtp_sg,2402,23,11501,12000,3.072,entropy,2.1293572608828546
independent_2401_2405,drtp_sg,2402,23,11501,12000,3.072,approx_kl,0.0011053128542686556
independent_2401_2405,drtp_sg,2402,23,11501,12000,3.072,policy_loss,-0.002104165094812882
independent_2401_2405,drtp_sg,2402,23,11501,12000,3.072,value_loss,0.7653145692683756
independent_2401_2405,drtp_sg,2402,23,11501,12000,3.072,grad_norm,4.9279267688840624
independent_2401_2405,drtp_sg,2402,24,12001,12500,3.2,train_avg_reward,0.1841293181180954
independent_2401_2405,drtp_sg,2402,24,12001,12500,3.2,entropy,2.0615640838146208
independent_2401_2405,drtp_sg,2402,24,12001,12500,3.2,approx_kl,0.0013684193916092219
independent_2401_2405,drtp_sg,2402,24,12001,12500,3.2,policy_loss,-0.0023318399864291376
independent_2401_2405,drtp_sg,2402,24,12001,12500,3.2,value_loss,0.863155393159017
independent_2401_2405,drtp_sg,2402,24,12001,12500,3.2,grad_norm,4.939775743812323
independent_2401_2405,drtp_sg,2402,25,12501,13000,3.328,train_avg_reward,0.18988120671361686
independent_2401_2405,drtp_sg,2402,25,12501,13000,3.328,entropy,2.0547120062112807
independent_2401_2405,drtp_sg,2402,25,12501,13000,3.328,approx_kl,0.001437634188556936
independent_2401_2405,drtp_sg,2402,25,12501,13000,3.328,policy_loss,-0.0022711281924450107
independent_2401_2405,drtp_sg,2402,25,12501,13000,3.328,value_loss,0.8263795026112348
independent_2401_2405,drtp_sg,2402,25,12501,13000,3.328,grad_norm,4.332407345920801
independent_2401_2405,drtp_sg,2402,26,13001,13500,3.456,train_avg_reward,0.21021922507882118
independent_2401_2405,drtp_sg,2402,26,13001,13500,3.456,entropy,2.0019200280308724
independent_2401_2405,drtp_sg,2402,26,13001,13500,3.456,approx_kl,0.001262482676622917
independent_2401_2405,drtp_sg,2402,26,13001,13500,3.456,policy_loss,-0.0021617252702021954
independent_2401_2405,drtp_sg,2402,26,13001,13500,3.456,value_loss,0.7371847291737795
independent_2401_2405,drtp_sg,2402,26,13001,13500,3.456,grad_norm,4.394126288935542
independent_2401_2405,drtp_sg,2402,27,13501,14000,3.584,train_avg_reward,0.20245856560766698
independent_2401_2405,drtp_sg,2402,27,13501,14000,3.584,entropy,2.049801170349121
independent_2401_2405,drtp_sg,2402,27,13501,14000,3.584,approx_kl,0.001326398089287976
independent_2401_2405,drtp_sg,2402,27,13501,14000,3.584,policy_loss,-0.002332366096121918
independent_2401_2405,drtp_sg,2402,27,13501,14000,3.584,value_loss,0.7859082766082138
independent_2401_2405,drtp_sg,2402,27,13501,14000,3.584,grad_norm,4.288276273578405
independent_2401_2405,drtp_sg,2402,28,14001,14500,3.712,train_avg_reward,0.23465217486023904
independent_2401_2405,drtp_sg,2402,28,14001,14500,3.712,entropy,1.981305963397026
independent_2401_2405,drtp_sg,2402,28,14001,14500,3.712,approx_kl,0.0014081394518886225
independent_2401_2405,drtp_sg,2402,28,14001,14500,3.712,policy_loss,-0.002475955049013912
independent_2401_2405,drtp_sg,2402,28,14001,14500,3.712,value_loss,0.47453542608395216
independent_2401_2405,drtp_sg,2402,28,14001,14500,3.712,grad_norm,3.8861697191894056
independent_2401_2405,drtp_sg,2402,29,14501,15000,3.84,train_avg_reward,0.23010626624524594
independent_2401_2405,drtp_sg,2402,29,14501,15000,3.84,entropy,2.0091495283842087
independent_2401_2405,drtp_sg,2402,29,14501,15000,3.84,approx_kl,0.0011411943540142575
independent_2401_2405,drtp_sg,2402,29,14501,15000,3.84,policy_loss,-0.002244097603228046
independent_2401_2405,drtp_sg,2402,29,14501,15000,3.84,value_loss,0.5549262972138822
independent_2401_2405,drtp_sg,2402,29,14501,15000,3.84,grad_norm,4.676437294691801
independent_2401_2405,drtp_sg,2402,30,15001,15500,3.968,train_avg_reward,0.21758510679006576
independent_2401_2405,drtp_sg,2402,30,15001,15500,3.968,entropy,1.9602457262277604
independent_2401_2405,drtp_sg,2402,30,15001,15500,3.968,approx_kl,0.001185313570468071
independent_2401_2405,drtp_sg,2402,30,15001,15500,3.968,policy_loss,-0.002240491449244612
independent_2401_2405,drtp_sg,2402,30,15001,15500,3.968,value_loss,0.6138829532302916
independent_2401_2405,drtp_sg,2402,30,15001,15500,3.968,grad_norm,4.189055562227964
independent_2401_2405,drtp_sg,2402,31,15501,16000,4.096,train_avg_reward,0.22096578338369727
independent_2401_2405,drtp_sg,2402,31,15501,16000,4.096,entropy,1.940510417521
independent_2401_2405,drtp_sg,2402,31,15501,16000,4.096,approx_kl,0.0012613893540815268
independent_2401_2405,drtp_sg,2402,31,15501,16000,4.096,policy_loss,-0.002203240141956471
independent_2401_2405,drtp_sg,2402,31,15501,16000,4.096,value_loss,0.5440280251912772
independent_2401_2405,drtp_sg,2402,31,15501,16000,4.096,grad_norm,4.3458041610568765
independent_2401_2405,drtp_sg,2402,32,16001,16500,4.224,train_avg_reward,0.15827623472115374
independent_2401_2405,drtp_sg,2402,32,16001,16500,4.224,entropy,1.950664370894432
independent_2401_2405,drtp_sg,2402,32,16001,16500,4.224,approx_kl,0.0014280757698685777
independent_2401_2405,drtp_sg,2402,32,16001,16500,4.224,policy_loss,-0.002518652960575904
independent_2401_2405,drtp_sg,2402,32,16001,16500,4.224,value_loss,0.9677154490984976
independent_2401_2405,drtp_sg,2402,32,16001,16500,4.224,grad_norm,4.493002511948347
independent_2401_2405,drtp_sg,2402,33,16501,17000,4.352,train_avg_reward,0.21552982926368713
independent_2401_2405,drtp_sg,2402,33,16501,17000,4.352,entropy,1.8929324461221695
independent_2401_2405,drtp_sg,2402,33,16501,17000,4.352,approx_kl,0.0010585974106994975
independent_2401_2405,drtp_sg,2402,33,16501,17000,4.352,policy_loss,-0.002203572766846938
independent_2401_2405,drtp_sg,2402,33,16501,17000,4.352,value_loss,0.7790537408366799
independent_2401_2405,drtp_sg,2402,33,16501,17000,4.352,grad_norm,5.092464595288038
independent_2401_2405,drtp_sg,2402,34,17001,17500,4.48,train_avg_reward,0.2214958642050624
independent_2401_2405,drtp_sg,2402,34,17001,17500,4.48,entropy,1.896836386024952
independent_2401_2405,drtp_sg,2402,34,17001,17500,4.48,approx_kl,0.0013367523301042916
independent_2401_2405,drtp_sg,2402,34,17001,17500,4.48,policy_loss,-0.002438073173277952
independent_2401_2405,drtp_sg,2402,34,17001,17500,4.48,value_loss,0.5772795255854726
independent_2401_2405,drtp_sg,2402,34,17001,17500,4.48,grad_norm,4.693083033815026
independent_2401_2405,drtp_sg,2402,35,17501,18000,4.608,train_avg_reward,0.19606137610971927
independent_2401_2405,drtp_sg,2402,35,17501,18000,4.608,entropy,1.8786201993227005
independent_2401_2405,drtp_sg,2402,35,17501,18000,4.608,approx_kl,0.0011526494615597257
independent_2401_2405,drtp_sg,2402,35,17501,18000,4.608,policy_loss,-0.002239341749551449
independent_2401_2405,drtp_sg,2402,35,17501,18000,4.608,value_loss,0.9462250310704112
independent_2401_2405,drtp_sg,2402,35,17501,18000,4.608,grad_norm,4.659778150379657
independent_2401_2405,drtp_sg,2402,36,18001,18500,4.736,train_avg_reward,0.21784542408585547
independent_2401_2405,drtp_sg,2402,36,18001,18500,4.736,entropy,1.8821008222699165
independent_2401_2405,drtp_sg,2402,36,18001,18500,4.736,approx_kl,0.0010517518599326625
independent_2401_2405,drtp_sg,2402,36,18001,18500,4.736,policy_loss,-0.002203537630153881
independent_2401_2405,drtp_sg,2402,36,18001,18500,4.736,value_loss,0.8608976540155708
independent_2401_2405,drtp_sg,2402,36,18001,18500,4.736,grad_norm,5.840428038090468
independent_2401_2405,drtp_sg,2402,37,18501,19000,4.864,train_avg_reward,0.209749015673995
independent_2401_2405,drtp_sg,2402,37,18501,19000,4.864,entropy,1.8831165410876274
independent_2401_2405,drtp_sg,2402,37,18501,19000,4.864,approx_kl,0.001197915191758509
independent_2401_2405,drtp_sg,2402,37,18501,19000,4.864,policy_loss,-0.002384239930503935
independent_2401_2405,drtp_sg,2402,37,18501,19000,4.864,value_loss,1.0553295935541391
independent_2401_2405,drtp_sg,2402,37,18501,19000,4.864,grad_norm,7.2054463314712045
independent_2401_2405,drtp_sg,2402,38,19001,19500,4.992,train_avg_reward,0.22619208381325007
independent_2401_2405,drtp_sg,2402,38,19001,19500,4.992,entropy,1.8740142741799355
independent_2401_2405,drtp_sg,2402,38,19001,19500,4.992,approx_kl,0.0017525531743661572
independent_2401_2405,drtp_sg,2402,38,19001,19500,4.992,policy_loss,-0.003068028282033683
independent_2401_2405,drtp_sg,2402,38,19001,19500,4.992,value_loss,0.648082685938105
independent_2401_2405,drtp_sg,2402,38,19001,19500,4.992,grad_norm,4.782905438363552
independent_2401_2405,drtp_sg,2402,39,19501,20000,5.12,train_avg_reward,0.2020689268708229
independent_2401_2405,drtp_sg,2402,39,19501,20000,5.12,entropy,1.9138233028054237
independent_2401_2405,drtp_sg,2402,39,19501,20000,5.12,approx_kl,0.0011588242899406352
independent_2401_2405,drtp_sg,2402,39,19501,20000,5.12,policy_loss,-0.002330330666503222
independent_2401_2405,drtp_sg,2402,39,19501,20000,5.12,value_loss,0.9372534294333309
independent_2401_2405,drtp_sg,2402,39,19501,20000,5.12,grad_norm,5.575615538388491
independent_2401_2405,drtp_sg,2402,40,20001,20500,5.248,train_avg_reward,0.23413470941781997
independent_2401_2405,drtp_sg,2402,40,20001,20500,5.248,entropy,1.6107970798611642
independent_2401_2405,drtp_sg,2402,40,20001,20500,5.248,approx_kl,0.0014694643221462185
independent_2401_2405,drtp_sg,2402,40,20001,20500,5.248,policy_loss,-0.00261851983195836
independent_2401_2405,drtp_sg,2402,40,20001,20500,5.248,value_loss,0.37165200028941037
independent_2401_2405,drtp_sg,2402,40,20001,20500,5.248,grad_norm,3.202504509061575
independent_2401_2405,drtp_sg,2402,41,20501,21000,5.376,train_avg_reward,0.2183985616862774
independent_2401_2405,drtp_sg,2402,41,20501,21000,5.376,entropy,1.7512896964550018
independent_2401_2405,drtp_sg,2402,41,20501,21000,5.376,approx_kl,0.0012484193254626102
independent_2401_2405,drtp_sg,2402,41,20501,21000,5.376,policy_loss,-0.0021979079404746632
independent_2401_2405,drtp_sg,2402,41,20501,21000,5.376,value_loss,0.4833504713363945
independent_2401_2405,drtp_sg,2402,41,20501,21000,5.376,grad_norm,4.545700054079294
independent_2401_2405,drtp_sg,2402,42,21001,21500,5.504,train_avg_reward,0.20060579163581133
independent_2401_2405,drtp_sg,2402,42,21001,21500,5.504,entropy,1.8993274155259132
independent_2401_2405,drtp_sg,2402,42,21001,21500,5.504,approx_kl,0.001783242755738677
independent_2401_2405,drtp_sg,2402,42,21001,21500,5.504,policy_loss,-0.002562959107068607
independent_2401_2405,drtp_sg,2402,42,21001,21500,5.504,value_loss,0.6142300325911492
independent_2401_2405,drtp_sg,2402,42,21001,21500,5.504,grad_norm,4.74803833758831
independent_2401_2405,drtp_sg,2402,43,21501,22000,5.632,train_avg_reward,0.2218589288890362
independent_2401_2405,drtp_sg,2402,43,21501,22000,5.632,entropy,1.8337995648384093
independent_2401_2405,drtp_sg,2402,43,21501,22000,5.632,approx_kl,0.0014657717871289857
independent_2401_2405,drtp_sg,2402,43,21501,22000,5.632,policy_loss,-0.002446960834015768
independent_2401_2405,drtp_sg,2402,43,21501,22000,5.632,value_loss,0.47811624855175616
independent_2401_2405,drtp_sg,2402,43,21501,22000,5.632,grad_norm,4.063311351850629
independent_2401_2405,drtp_sg,2402,44,22001,22500,5.76,train_avg_reward,0.23215469793975355
independent_2401_2405,drtp_sg,2402,44,22001,22500,5.76,entropy,1.7186900643706322
independent_2401_2405,drtp_sg,2402,44,22001,22500,5.76,approx_kl,0.0013901581414840272
independent_2401_2405,drtp_sg,2402,44,22001,22500,5.76,policy_loss,-0.0023328806405906303
independent_2401_2405,drtp_sg,2402,44,22001,22500,5.76,value_loss,0.37338125217333434
independent_2401_2405,drtp_sg,2402,44,22001,22500,5.76,grad_norm,4.064942791372538
independent_2401_2405,drtp_sg,2402,45,22501,23000,5.888,train_avg_reward,0.2188404734581709
independent_2401_2405,drtp_sg,2402,45,22501,23000,5.888,entropy,1.7723619983792305
independent_2401_2405,drtp_sg,2402,45,22501,23000,5.888,approx_kl,0.0017540249367590703
independent_2401_2405,drtp_sg,2402,45,22501,23000,5.888,policy_loss,-0.0026162999019942175
independent_2401_2405,drtp_sg,2402,45,22501,23000,5.888,value_loss,0.6983676737518981
independent_2401_2405,drtp_sg,2402,45,22501,23000,5.888,grad_norm,4.650595622807741
independent_2401_2405,drtp_sg,2402,46,23001,23500,6.016,train_avg_reward,0.23435366812348365
independent_2401_2405,drtp_sg,2402,46,23001,23500,6.016,entropy,1.7676843523979187
independent_2401_2405,drtp_sg,2402,46,23001,23500,6.016,approx_kl,0.0018779607515128443
independent_2401_2405,drtp_sg,2402,46,23001,23500,6.016,policy_loss,-0.002783745627316351
independent_2401_2405,drtp_sg,2402,46,23001,23500,6.016,value_loss,0.4852988467365503
independent_2401_2405,drtp_sg,2402,46,23001,23500,6.016,grad_norm,4.170074244126678
independent_2401_2405,drtp_sg,2402,47,23501,24000,6.144,train_avg_reward,0.24034067081660032
independent_2401_2405,drtp_sg,2402,47,23501,24000,6.144,entropy,1.6686372137069703
independent_2401_2405,drtp_sg,2402,47,23501,24000,6.144,approx_kl,0.0015656396363762373
independent_2401_2405,drtp_sg,2402,47,23501,24000,6.144,policy_loss,-0.002380027778912486
independent_2401_2405,drtp_sg,2402,47,23501,24000,6.144,value_loss,0.46165807372983547
independent_2401_2405,drtp_sg,2402,47,23501,24000,6.144,grad_norm,4.776378416731953
independent_2401_2405,drtp_sg,2402,48,24001,24500,6.272,train_avg_reward,0.22489648260176182
independent_2401_2405,drtp_sg,2402,48,24001,24500,6.272,entropy,1.710690359890461
independent_2401_2405,drtp_sg,2402,48,24001,24500,6.272,approx_kl,0.0015802013737362915
independent_2401_2405,drtp_sg,2402,48,24001,24500,6.272,policy_loss,-0.0027184613682137955
independent_2401_2405,drtp_sg,2402,48,24001,24500,6.272,value_loss,0.5517494795676321
independent_2401_2405,drtp_sg,2402,48,24001,24500,6.272,grad_norm,4.3490133431106806
independent_2401_2405,drtp_sg,2402,49,24501,25000,6.4,train_avg_reward,0.22992304003983735
independent_2401_2405,drtp_sg,2402,49,24501,25000,6.4,entropy,1.7015414692759514
independent_2401_2405,drtp_sg,2402,49,24501,25000,6.4,approx_kl,0.00144692411202701
independent_2401_2405,drtp_sg,2402,49,24501,25000,6.4,policy_loss,-0.0023645771584491384
independent_2401_2405,drtp_sg,2402,49,24501,25000,6.4,value_loss,0.7004238369949162
independent_2401_2405,drtp_sg,2402,49,24501,25000,6.4,grad_norm,5.321987619400025
independent_2401_2405,drtp_sg,2402,50,25001,25500,6.528,train_avg_reward,0.22877840174734593
independent_2401_2405,drtp_sg,2402,50,25001,25500,6.528,entropy,1.719193178474903
independent_2401_2405,drtp_sg,2402,50,25001,25500,6.528,approx_kl,0.001658230702427008
independent_2401_2405,drtp_sg,2402,50,25001,25500,6.528,policy_loss,-0.0028095181199828388
independent_2401_2405,drtp_sg,2402,50,25001,25500,6.528,value_loss,0.32343981984909626
independent_2401_2405,drtp_sg,2402,50,25001,25500,6.528,grad_norm,3.8324130849391222
independent_2401_2405,drtp_sg,2402,51,25501,26000,6.656,train_avg_reward,0.21865863275527955
independent_2401_2405,drtp_sg,2402,51,25501,26000,6.656,entropy,1.6259860718250274
independent_2401_2405,drtp_sg,2402,51,25501,26000,6.656,approx_kl,0.0014738367892665877
independent_2401_2405,drtp_sg,2402,51,25501,26000,6.656,policy_loss,-0.0024913088127714966
independent_2401_2405,drtp_sg,2402,51,25501,26000,6.656,value_loss,0.45104290993604806
independent_2401_2405,drtp_sg,2402,51,25501,26000,6.656,grad_norm,4.0974803450852635
independent_2401_2405,drtp_sg,2402,52,26001,26500,6.784,train_avg_reward,0.21096402311325074
independent_2401_2405,drtp_sg,2402,52,26001,26500,6.784,entropy,1.5846071994304658
independent_2401_2405,drtp_sg,2402,52,26001,26500,6.784,approx_kl,0.0015558826384437082
independent_2401_2405,drtp_sg,2402,52,26001,26500,6.784,policy_loss,-0.0024796016696238625
independent_2401_2405,drtp_sg,2402,52,26001,26500,6.784,value_loss,0.5271242823339999
independent_2401_2405,drtp_sg,2402,52,26001,26500,6.784,grad_norm,4.739583990037441
independent_2401_2405,drtp_sg,2402,53,26501,27000,6.912,train_avg_reward,0.2231504583284259
independent_2401_2405,drtp_sg,2402,53,26501,27000,6.912,entropy,1.6737956651449204
independent_2401_2405,drtp_sg,2402,53,26501,27000,6.912,approx_kl,0.0017027157067707997
independent_2401_2405,drtp_sg,2402,53,26501,27000,6.912,policy_loss,-0.0026568741950471386
independent_2401_2405,drtp_sg,2402,53,26501,27000,6.912,value_loss,0.42768035023566336
independent_2401_2405,drtp_sg,2402,53,26501,27000,6.912,grad_norm,3.7196741869300602
independent_2401_2405,drtp_sg,2402,54,27001,27500,7.04,train_avg_reward,0.22683280365169048
independent_2401_2405,drtp_sg,2402,54,27001,27500,7.04,entropy,1.5759069731235504
independent_2401_2405,drtp_sg,2402,54,27001,27500,7.04,approx_kl,0.0018324419948227472
independent_2401_2405,drtp_sg,2402,54,27001,27500,7.04,policy_loss,-0.002954334675847154
independent_2401_2405,drtp_sg,2402,54,27001,27500,7.04,value_loss,0.33451217715162784
independent_2401_2405,drtp_sg,2402,54,27001,27500,7.04,grad_norm,3.5998490536063907
independent_2401_2405,drtp_sg,2402,55,27501,28000,7.168,train_avg_reward,0.2270768381729722
independent_2401_2405,drtp_sg,2402,55,27501,28000,7.168,entropy,1.6709825770258904
independent_2401_2405,drtp_sg,2402,55,27501,28000,7.168,approx_kl,0.0018685813521290813
independent_2401_2405,drtp_sg,2402,55,27501,28000,7.168,policy_loss,-0.002958868115569951
independent_2401_2405,drtp_sg,2402,55,27501,28000,7.168,value_loss,0.36581976813450456
independent_2401_2405,drtp_sg,2402,55,27501,28000,7.168,grad_norm,3.6564892463982104
independent_2401_2405,drtp_sg,2402,56,28001,28500,7.296,train_avg_reward,0.22723127490282058
independent_2401_2405,drtp_sg,2402,56,28001,28500,7.296,entropy,1.5771988952755929
independent_2401_2405,drtp_sg,2402,56,28001,28500,7.296,approx_kl,0.0015414118499544728
independent_2401_2405,drtp_sg,2402,56,28001,28500,7.296,policy_loss,-0.002485950979682992
independent_2401_2405,drtp_sg,2402,56,28001,28500,7.296,value_loss,0.4285975868385285
independent_2401_2405,drtp_sg,2402,56,28001,28500,7.296,grad_norm,4.534835921034217
independent_2401_2405,drtp_sg,2402,57,28501,29000,7.424,train_avg_reward,0.21110130064934493
independent_2401_2405,drtp_sg,2402,57,28501,29000,7.424,entropy,1.581187121450901
independent_2401_2405,drtp_sg,2402,57,28501,29000,7.424,approx_kl,0.001639956277108458
independent_2401_2405,drtp_sg,2402,57,28501,29000,7.424,policy_loss,-0.002451802357251711
independent_2401_2405,drtp_sg,2402,57,28501,29000,7.424,value_loss,0.4946373456362635
independent_2401_2405,drtp_sg,2402,57,28501,29000,7.424,grad_norm,4.205733055204153
independent_2401_2405,drtp_sg,2402,58,29001,29500,7.552,train_avg_reward,0.2155450231805444
independent_2401_2405,drtp_sg,2402,58,29001,29500,7.552,entropy,1.6336635825037957
independent_2401_2405,drtp_sg,2402,58,29001,29500,7.552,approx_kl,0.0017392335308622836
independent_2401_2405,drtp_sg,2402,58,29001,29500,7.552,policy_loss,-0.0024356724076112714
independent_2401_2405,drtp_sg,2402,58,29001,29500,7.552,value_loss,0.5899806181984022
independent_2401_2405,drtp_sg,2402,58,29001,29500,7.552,grad_norm,5.2283637341037394
independent_2401_2405,drtp_sg,2402,59,29501,30000,7.68,train_avg_reward,0.21805008931457998
independent_2401_2405,drtp_sg,2402,59,29501,30000,7.68,entropy,1.5412164278626441
independent_2401_2405,drtp_sg,2402,59,29501,30000,7.68,approx_kl,0.0015362478143297166
independent_2401_2405,drtp_sg,2402,59,29501,30000,7.68,policy_loss,-0.002244227852305257
independent_2401_2405,drtp_sg,2402,59,29501,30000,7.68,value_loss,0.38682139943912625
independent_2401_2405,drtp_sg,2402,59,29501,30000,7.68,grad_norm,4.398049056962132
independent_2401_2405,drtp_sg,2402,60,30001,30500,7.808,train_avg_reward,0.22139282532781362
independent_2401_2405,drtp_sg,2402,60,30001,30500,7.808,entropy,1.6322678806185722
independent_2401_2405,drtp_sg,2402,60,30001,30500,7.808,approx_kl,0.0013373775068900207
independent_2401_2405,drtp_sg,2402,60,30001,30500,7.808,policy_loss,-0.002373079086011686
independent_2401_2405,drtp_sg,2402,60,30001,30500,7.808,value_loss,0.44080689386557786
independent_2401_2405,drtp_sg,2402,60,30001,30500,7.808,grad_norm,4.329109218165279
independent_2401_2405,drtp_sg,2402,61,30501,31000,7.936,train_avg_reward,0.2303998176455498
independent_2401_2405,drtp_sg,2402,61,30501,31000,7.936,entropy,1.6576940556764603
independent_2401_2405,drtp_sg,2402,61,30501,31000,7.936,approx_kl,0.001566752988516469
independent_2401_2405,drtp_sg,2402,61,30501,31000,7.936,policy_loss,-0.002640033939434596
independent_2401_2405,drtp_sg,2402,61,30501,31000,7.936,value_loss,0.597414785189554
independent_2401_2405,drtp_sg,2402,61,30501,31000,7.936,grad_norm,4.1721494095623495
independent_2401_2405,drtp_sg,2402,62,31001,31500,8.064,train_avg_reward,0.1652195109128952
independent_2401_2405,drtp_sg,2402,62,31001,31500,8.064,entropy,1.6522608930468559
independent_2401_2405,drtp_sg,2402,62,31001,31500,8.064,approx_kl,0.0016304292138617322
independent_2401_2405,drtp_sg,2402,62,31001,31500,8.064,policy_loss,-0.0026303137530016693
independent_2401_2405,drtp_sg,2402,62,31001,31500,8.064,value_loss,1.0151997451223433
independent_2401_2405,drtp_sg,2402,62,31001,31500,8.064,grad_norm,4.3068837673813105
independent_2401_2405,drtp_sg,2402,63,31501,32000,8.192,train_avg_reward,0.22070932911336422
independent_2401_2405,drtp_sg,2402,63,31501,32000,8.192,entropy,1.7973480386137963
independent_2401_2405,drtp_sg,2402,63,31501,32000,8.192,approx_kl,0.0016746773214084208
independent_2401_2405,drtp_sg,2402,63,31501,32000,8.192,policy_loss,-0.003076713310497541
independent_2401_2405,drtp_sg,2402,63,31501,32000,8.192,value_loss,0.5695164097528904
independent_2401_2405,drtp_sg,2402,63,31501,32000,8.192,grad_norm,4.160150949567557
independent_2401_2405,drtp_sg,2402,64,32001,32500,8.32,train_avg_reward,0.20735035676509142
independent_2401_2405,drtp_sg,2402,64,32001,32500,8.32,entropy,1.71218596047163
independent_2401_2405,drtp_sg,2402,64,32001,32500,8.32,approx_kl,0.0014080122292868143
independent_2401_2405,drtp_sg,2402,64,32001,32500,8.32,policy_loss,-0.0025200199780086945
independent_2401_2405,drtp_sg,2402,64,32001,32500,8.32,value_loss,0.7941236091516912
independent_2401_2405,drtp_sg,2402,64,32001,32500,8.32,grad_norm,4.82951693457365
independent_2401_2405,drtp_sg,2402,65,32501,33000,8.448,train_avg_reward,0.24523947064578533
independent_2401_2405,drtp_sg,2402,65,32501,33000,8.448,entropy,1.6221580130457878
independent_2401_2405,drtp_sg,2402,65,32501,33000,8.448,approx_kl,0.0017161843404610324
independent_2401_2405,drtp_sg,2402,65,32501,33000,8.448,policy_loss,-0.002496816249697073
independent_2401_2405,drtp_sg,2402,65,32501,33000,8.448,value_loss,0.5655107149854303
independent_2401_2405,drtp_sg,2402,65,32501,33000,8.448,grad_norm,4.636529020085931
independent_2401_2405,drtp_sg,2402,66,33001,33500,8.576,train_avg_reward,0.22272757606208324
independent_2401_2405,drtp_sg,2402,66,33001,33500,8.576,entropy,1.6436115811467171
independent_2401_2405,drtp_sg,2402,66,33001,33500,8.576,approx_kl,0.0016873344614212532
independent_2401_2405,drtp_sg,2402,66,33001,33500,8.576,policy_loss,-0.0026355714487442984
independent_2401_2405,drtp_sg,2402,66,33001,33500,8.576,value_loss,0.6519018074385822
independent_2401_2405,drtp_sg,2402,66,33001,33500,8.576,grad_norm,5.282692835450172
independent_2401_2405,drtp_sg,2402,67,33501,34000,8.704,train_avg_reward,0.22732780501246452
independent_2401_2405,drtp_sg,2402,67,33501,34000,8.704,entropy,1.6386841772794722
independent_2401_2405,drtp_sg,2402,67,33501,34000,8.704,approx_kl,0.0017345008275218082
independent_2401_2405,drtp_sg,2402,67,33501,34000,8.704,policy_loss,-0.002836260933871412
independent_2401_2405,drtp_sg,2402,67,33501,34000,8.704,value_loss,0.35093087669555095
independent_2401_2405,drtp_sg,2402,67,33501,34000,8.704,grad_norm,3.7519166625887155
independent_2401_2405,drtp_sg,2402,68,34001,34500,8.832,train_avg_reward,0.2504076022356749
independent_2401_2405,drtp_sg,2402,68,34001,34500,8.832,entropy,1.4776976580619812
independent_2401_2405,drtp_sg,2402,68,34001,34500,8.832,approx_kl,0.0012642423643978767
independent_2401_2405,drtp_sg,2402,68,34001,34500,8.832,policy_loss,-0.002418499108830474
independent_2401_2405,drtp_sg,2402,68,34001,34500,8.832,value_loss,0.3501079463372007
independent_2401_2405,drtp_sg,2402,68,34001,34500,8.832,grad_norm,4.0272692116200925
independent_2401_2405,drtp_sg,2402,69,34501,35000,8.96,train_avg_reward,0.23298424558341504
independent_2401_2405,drtp_sg,2402,69,34501,35000,8.96,entropy,1.5145083079338073
independent_2401_2405,drtp_sg,2402,69,34501,35000,8.96,approx_kl,0.001475001918199259
independent_2401_2405,drtp_sg,2402,69,34501,35000,8.96,policy_loss,-0.0024203088127775895
independent_2401_2405,drtp_sg,2402,69,34501,35000,8.96,value_loss,0.5172899964079261
independent_2401_2405,drtp_sg,2402,69,34501,35000,8.96,grad_norm,4.797705706581473
independent_2401_2405,drtp_sg,2402,70,35001,35500,9.088,train_avg_reward,0.23180820874869823
independent_2401_2405,drtp_sg,2402,70,35001,35500,9.088,entropy,1.466852274119854
independent_2401_2405,drtp_sg,2402,70,35001,35500,9.088,approx_kl,0.0018268449494225824
independent_2401_2405,drtp_sg,2402,70,35001,35500,9.088,policy_loss,-0.002713888592806727
independent_2401_2405,drtp_sg,2402,70,35001,35500,9.088,value_loss,0.2839207276664674
independent_2401_2405,drtp_sg,2402,70,35001,35500,9.088,grad_norm,3.0767902309298516
independent_2401_2405,drtp_sg,2402,71,35501,36000,9.216,train_avg_reward,0.22353044123202562
independent_2401_2405,drtp_sg,2402,71,35501,36000,9.216,entropy,1.6206611098051071
independent_2401_2405,drtp_sg,2402,71,35501,36000,9.216,approx_kl,0.0013834764932866956
independent_2401_2405,drtp_sg,2402,71,35501,36000,9.216,policy_loss,-0.0024061406176391744
independent_2401_2405,drtp_sg,2402,71,35501,36000,9.216,value_loss,0.5382580835092813
independent_2401_2405,drtp_sg,2402,71,35501,36000,9.216,grad_norm,4.659840133756399
independent_2401_2405,drtp_sg,2402,72,36001,36500,9.344,train_avg_reward,0.2457659268528223
independent_2401_2405,drtp_sg,2402,72,36001,36500,9.344,entropy,1.6233991116285325
independent_2401_2405,drtp_sg,2402,72,36001,36500,9.344,approx_kl,0.0012768091889262475
independent_2401_2405,drtp_sg,2402,72,36001,36500,9.344,policy_loss,-0.002283198746794662
independent_2401_2405,drtp_sg,2402,72,36001,36500,9.344,value_loss,0.41583458631206305
independent_2401_2405,drtp_sg,2402,72,36001,36500,9.344,grad_norm,5.105060696691274
independent_2401_2405,drtp_sg,2402,73,36501,37000,9.472,train_avg_reward,0.22315322653204203
independent_2401_2405,drtp_sg,2402,73,36501,37000,9.472,entropy,1.6466032630205154
independent_2401_2405,drtp_sg,2402,73,36501,37000,9.472,approx_kl,0.0014279844798374933
independent_2401_2405,drtp_sg,2402,73,36501,37000,9.472,policy_loss,-0.0025951775095065023
independent_2401_2405,drtp_sg,2402,73,36501,37000,9.472,value_loss,0.6302213974557817
independent_2401_2405,drtp_sg,2402,73,36501,37000,9.472,grad_norm,4.938203953981399
independent_2401_2405,drtp_sg,2402,74,37001,37500,9.6,train_avg_reward,0.2328723604530096
independent_2401_2405,drtp_sg,2402,74,37001,37500,9.6,entropy,1.6260110322833061
independent_2401_2405,drtp_sg,2402,74,37001,37500,9.6,approx_kl,0.0018520401199293578
independent_2401_2405,drtp_sg,2402,74,37001,37500,9.6,policy_loss,-0.0032441555021065806
independent_2401_2405,drtp_sg,2402,74,37001,37500,9.6,value_loss,0.3032541474532336
independent_2401_2405,drtp_sg,2402,74,37001,37500,9.6,grad_norm,3.7389291613698004
independent_2401_2405,drtp_sg,2402,75,37501,38000,9.728,train_avg_reward,0.23504047711193563
independent_2401_2405,drtp_sg,2402,75,37501,38000,9.728,entropy,1.537581389784813
independent_2401_2405,drtp_sg,2402,75,37501,38000,9.728,approx_kl,0.001742320586875384
independent_2401_2405,drtp_sg,2402,75,37501,38000,9.728,policy_loss,-0.0027697434630808678
independent_2401_2405,drtp_sg,2402,75,37501,38000,9.728,value_loss,0.328149347175844
independent_2401_2405,drtp_sg,2402,75,37501,38000,9.728,grad_norm,3.841256071060896
independent_2401_2405,drtp_sg,2402,76,38001,38500,9.856,train_avg_reward,0.23581982754170894
independent_2401_2405,drtp_sg,2402,76,38001,38500,9.856,entropy,1.537647109925747
independent_2401_2405,drtp_sg,2402,76,38001,38500,9.856,approx_kl,0.0012463034797716818
independent_2401_2405,drtp_sg,2402,76,38001,38500,9.856,policy_loss,-0.0023850329122588818
independent_2401_2405,drtp_sg,2402,76,38001,38500,9.856,value_loss,0.43358479615673423
independent_2401_2405,drtp_sg,2402,76,38001,38500,9.856,grad_norm,5.095376403957605
independent_2401_2405,drtp_sg,2402,77,38501,39000,9.984,train_avg_reward,0.22596409867703915
independent_2401_2405,drtp_sg,2402,77,38501,39000,9.984,entropy,1.5344448680877685
independent_2401_2405,drtp_sg,2402,77,38501,39000,9.984,approx_kl,0.0015112403844128987
independent_2401_2405,drtp_sg,2402,77,38501,39000,9.984,policy_loss,-0.002821900832264708
independent_2401_2405,drtp_sg,2402,77,38501,39000,9.984,value_loss,0.46277030472271147
independent_2401_2405,drtp_sg,2402,77,38501,39000,9.984,grad_norm,4.431825710400939
independent_2401_2405,drtp_sg,2402,78,39001,39500,10.112,train_avg_reward,0.24517976149680124
independent_2401_2405,drtp_sg,2402,78,39001,39500,10.112,entropy,1.576716353022863
independent_2401_2405,drtp_sg,2402,78,39001,39500,10.112,approx_kl,0.0015428003364846292
independent_2401_2405,drtp_sg,2402,78,39001,39500,10.112,policy_loss,-0.0031284312593847846
independent_2401_2405,drtp_sg,2402,78,39001,39500,10.112,value_loss,0.1676654133147427
independent_2401_2405,drtp_sg,2402,78,39001,39500,10.112,grad_norm,3.4268210849591663
independent_2401_2405,drtp_sg,2403,0,1,500,0.128,train_avg_reward,0.018355134867917514
independent_2401_2405,drtp_sg,2403,0,1,500,0.128,entropy,2.742346756339073
independent_2401_2405,drtp_sg,2403,0,1,500,0.128,approx_kl,0.001191454666100526
independent_2401_2405,drtp_sg,2403,0,1,500,0.128,policy_loss,-0.0020131708989457077
independent_2401_2405,drtp_sg,2403,0,1,500,0.128,value_loss,0.5245816387194209
independent_2401_2405,drtp_sg,2403,0,1,500,0.128,grad_norm,1.6495724511295558
independent_2401_2405,drtp_sg,2403,1,501,1000,0.256,train_avg_reward,0.035418543041858354
independent_2401_2405,drtp_sg,2403,1,501,1000,0.256,entropy,2.6882865489125254
independent_2401_2405,drtp_sg,2403,1,501,1000,0.256,approx_kl,0.0011761544092863307
independent_2401_2405,drtp_sg,2403,1,501,1000,0.256,policy_loss,-0.0021324109071858867
independent_2401_2405,drtp_sg,2403,1,501,1000,0.256,value_loss,0.38677660061232744
independent_2401_2405,drtp_sg,2403,1,501,1000,0.256,grad_norm,1.376833567045629
independent_2401_2405,drtp_sg,2403,2,1001,1500,0.384,train_avg_reward,0.0821384970479121
independent_2401_2405,drtp_sg,2403,2,1001,1500,0.384,entropy,2.5660048315525055
independent_2401_2405,drtp_sg,2403,2,1001,1500,0.384,approx_kl,0.0008672328037856307
independent_2401_2405,drtp_sg,2403,2,1001,1500,0.384,policy_loss,-0.0018089974639972832
independent_2401_2405,drtp_sg,2403,2,1001,1500,0.384,value_loss,0.5222565639130771
independent_2401_2405,drtp_sg,2403,2,1001,1500,0.384,grad_norm,1.951142936065793
independent_2401_2405,drtp_sg,2403,3,1501,2000,0.512,train_avg_reward,0.09732611843734049
independent_2401_2405,drtp_sg,2403,3,1501,2000,0.512,entropy,2.435574136555195
independent_2401_2405,drtp_sg,2403,3,1501,2000,0.512,approx_kl,0.0008102429958319892
independent_2401_2405,drtp_sg,2403,3,1501,2000,0.512,policy_loss,-0.0016922555056660244
independent_2401_2405,drtp_sg,2403,3,1501,2000,0.512,value_loss,0.6424289764277638
independent_2401_2405,drtp_sg,2403,3,1501,2000,0.512,grad_norm,2.4973632676377893
independent_2401_2405,drtp_sg,2403,4,2001,2500,0.64,train_avg_reward,0.10389473494701087
independent_2401_2405,drtp_sg,2403,4,2001,2500,0.64,entropy,2.4320552681088445
independent_2401_2405,drtp_sg,2403,4,2001,2500,0.64,approx_kl,0.0007979873118741427
independent_2401_2405,drtp_sg,2403,4,2001,2500,0.64,policy_loss,-0.0016376286301354342
independent_2401_2405,drtp_sg,2403,4,2001,2500,0.64,value_loss,0.6455306951086969
independent_2401_2405,drtp_sg,2403,4,2001,2500,0.64,grad_norm,2.640574499696493
independent_2401_2405,drtp_sg,2403,5,2501,3000,0.768,train_avg_reward,0.11542087977100164
independent_2401_2405,drtp_sg,2403,5,2501,3000,0.768,entropy,2.471840329647064
independent_2401_2405,drtp_sg,2403,5,2501,3000,0.768,approx_kl,0.0006381678766526116
independent_2401_2405,drtp_sg,2403,5,2501,3000,0.768,policy_loss,-0.0015481793932999996
independent_2401_2405,drtp_sg,2403,5,2501,3000,0.768,value_loss,0.7328919331021607
independent_2401_2405,drtp_sg,2403,5,2501,3000,0.768,grad_norm,2.833407934218645
independent_2401_2405,drtp_sg,2403,6,3001,3500,0.896,train_avg_reward,0.13693205244338605
independent_2401_2405,drtp_sg,2403,6,3001,3500,0.896,entropy,2.5835168838500975
independent_2401_2405,drtp_sg,2403,6,3001,3500,0.896,approx_kl,0.0004960102408933835
independent_2401_2405,drtp_sg,2403,6,3001,3500,0.896,policy_loss,-0.0013571241006581098
independent_2401_2405,drtp_sg,2403,6,3001,3500,0.896,value_loss,0.9365190549269319
independent_2401_2405,drtp_sg,2403,6,3001,3500,0.896,grad_norm,3.5141866112947464
independent_2401_2405,drtp_sg,2403,7,3501,4000,1.024,train_avg_reward,0.13456593646854162
independent_2401_2405,drtp_sg,2403,7,3501,4000,1.024,entropy,2.5157351362109184
independent_2401_2405,drtp_sg,2403,7,3501,4000,1.024,approx_kl,0.0007055058171698267
independent_2401_2405,drtp_sg,2403,7,3501,4000,1.024,policy_loss,-0.0016278129248124482
independent_2401_2405,drtp_sg,2403,7,3501,4000,1.024,value_loss,0.9126962289400399
independent_2401_2405,drtp_sg,2403,7,3501,4000,1.024,grad_norm,3.440737072601914
independent_2401_2405,drtp_sg,2403,8,4001,4500,1.152,train_avg_reward,0.12031259038159624
independent_2401_2405,drtp_sg,2403,8,4001,4500,1.152,entropy,2.4579595974087716
independent_2401_2405,drtp_sg,2403,8,4001,4500,1.152,approx_kl,0.0009773075396362098
independent_2401_2405,drtp_sg,2403,8,4001,4500,1.152,policy_loss,-0.0019381468140862372
independent_2401_2405,drtp_sg,2403,8,4001,4500,1.152,value_loss,0.8162287141848356
independent_2401_2405,drtp_sg,2403,8,4001,4500,1.152,grad_norm,3.2056701680719852
independent_2401_2405,drtp_sg,2403,9,4501,5000,1.28,train_avg_reward,0.1373361976519227
independent_2401_2405,drtp_sg,2403,9,4501,5000,1.28,entropy,2.4148526213169097
independent_2401_2405,drtp_sg,2403,9,4501,5000,1.28,approx_kl,0.0010031018726731418
independent_2401_2405,drtp_sg,2403,9,4501,5000,1.28,policy_loss,-0.001943553105700598
independent_2401_2405,drtp_sg,2403,9,4501,5000,1.28,value_loss,0.7802119888737797
independent_2401_2405,drtp_sg,2403,9,4501,5000,1.28,grad_norm,3.2984702230393887
independent_2401_2405,drtp_sg,2403,10,5001,5500,1.408,train_avg_reward,0.14669027791544795
independent_2401_2405,drtp_sg,2403,10,5001,5500,1.408,entropy,2.4001056777238845
independent_2401_2405,drtp_sg,2403,10,5001,5500,1.408,approx_kl,0.0011549960986705324
independent_2401_2405,drtp_sg,2403,10,5001,5500,1.408,policy_loss,-0.002045044392276787
independent_2401_2405,drtp_sg,2403,10,5001,5500,1.408,value_loss,0.8388462210483849
independent_2401_2405,drtp_sg,2403,10,5001,5500,1.408,grad_norm,3.4900675502866507
independent_2401_2405,drtp_sg,2403,11,5501,6000,1.536,train_avg_reward,0.13387552913650871
independent_2401_2405,drtp_sg,2403,11,5501,6000,1.536,entropy,2.416523122906685
independent_2401_2405,drtp_sg,2403,11,5501,6000,1.536,approx_kl,0.0011387449303221424
independent_2401_2405,drtp_sg,2403,11,5501,6000,1.536,policy_loss,-0.002213530139472192
independent_2401_2405,drtp_sg,2403,11,5501,6000,1.536,value_loss,0.7231867268607021
independent_2401_2405,drtp_sg,2403,11,5501,6000,1.536,grad_norm,3.3173303444087505
independent_2401_2405,drtp_sg,2403,12,6001,6500,1.664,train_avg_reward,0.1327386922687292
independent_2401_2405,drtp_sg,2403,12,6001,6500,1.664,entropy,2.4139011654257776
independent_2401_2405,drtp_sg,2403,12,6001,6500,1.664,approx_kl,0.0008874535279499771
independent_2401_2405,drtp_sg,2403,12,6001,6500,1.664,policy_loss,-0.0019031714928710343
independent_2401_2405,drtp_sg,2403,12,6001,6500,1.664,value_loss,0.9315432665087283
independent_2401_2405,drtp_sg,2403,12,6001,6500,1.664,grad_norm,3.4390381388664246
independent_2401_2405,drtp_sg,2403,13,6501,7000,1.792,train_avg_reward,0.15387604194134474
independent_2401_2405,drtp_sg,2403,13,6501,7000,1.792,entropy,2.446283260703087
independent_2401_2405,drtp_sg,2403,13,6501,7000,1.792,approx_kl,0.0007083994274208482
independent_2401_2405,drtp_sg,2403,13,6501,7000,1.792,policy_loss,-0.0016519070241215253
independent_2401_2405,drtp_sg,2403,13,6501,7000,1.792,value_loss,0.9125552144385874
independent_2401_2405,drtp_sg,2403,13,6501,7000,1.792,grad_norm,3.51915620970726
independent_2401_2405,drtp_sg,2403,14,7001,7500,1.92,train_avg_reward,0.14338396077975632
independent_2401_2405,drtp_sg,2403,14,7001,7500,1.92,entropy,2.332768686056137
independent_2401_2405,drtp_sg,2403,14,7001,7500,1.92,approx_kl,0.0010836303085161487
independent_2401_2405,drtp_sg,2403,14,7001,7500,1.92,policy_loss,-0.002040340793991459
independent_2401_2405,drtp_sg,2403,14,7001,7500,1.92,value_loss,0.84445127171278
independent_2401_2405,drtp_sg,2403,14,7001,7500,1.92,grad_norm,3.898994234919548
independent_2401_2405,drtp_sg,2403,15,7501,8000,2.048,train_avg_reward,0.14944205474108457
independent_2401_2405,drtp_sg,2403,15,7501,8000,2.048,entropy,2.3761217180490495
independent_2401_2405,drtp_sg,2403,15,7501,8000,2.048,approx_kl,0.0010685549896652445
independent_2401_2405,drtp_sg,2403,15,7501,8000,2.048,policy_loss,-0.0021588214430903847
independent_2401_2405,drtp_sg,2403,15,7501,8000,2.048,value_loss,0.7841324765700847
independent_2401_2405,drtp_sg,2403,15,7501,8000,2.048,grad_norm,3.671801612958312
independent_2401_2405,drtp_sg,2403,16,8001,8500,2.176,train_avg_reward,0.15665339216589927
independent_2401_2405,drtp_sg,2403,16,8001,8500,2.176,entropy,2.418995523273945
independent_2401_2405,drtp_sg,2403,16,8001,8500,2.176,approx_kl,0.0008363450121660963
independent_2401_2405,drtp_sg,2403,16,8001,8500,2.176,policy_loss,-0.0018331814003406694
independent_2401_2405,drtp_sg,2403,16,8001,8500,2.176,value_loss,0.8524353091679513
independent_2401_2405,drtp_sg,2403,16,8001,8500,2.176,grad_norm,3.9451899761855604
independent_2401_2405,drtp_sg,2403,17,8501,9000,2.304,train_avg_reward,0.17134065256267786
independent_2401_2405,drtp_sg,2403,17,8501,9000,2.304,entropy,2.3493734692931176
independent_2401_2405,drtp_sg,2403,17,8501,9000,2.304,approx_kl,0.0008329988027483822
independent_2401_2405,drtp_sg,2403,17,8501,9000,2.304,policy_loss,-0.0017855024057252366
independent_2401_2405,drtp_sg,2403,17,8501,9000,2.304,value_loss,0.8495280810371041
independent_2401_2405,drtp_sg,2403,17,8501,9000,2.304,grad_norm,4.5508481352329255
independent_2401_2405,drtp_sg,2403,18,9001,9500,2.432,train_avg_reward,0.16236885710060597
independent_2401_2405,drtp_sg,2403,18,9001,9500,2.432,entropy,2.2592774158716202
independent_2401_2405,drtp_sg,2403,18,9001,9500,2.432,approx_kl,0.0013099230394335178
independent_2401_2405,drtp_sg,2403,18,9001,9500,2.432,policy_loss,-0.0019734823159062577
independent_2401_2405,drtp_sg,2403,18,9001,9500,2.432,value_loss,0.7901470114821568
independent_2401_2405,drtp_sg,2403,18,9001,9500,2.432,grad_norm,4.591303057387472
independent_2401_2405,drtp_sg,2403,19,9501,10000,2.56,train_avg_reward,0.16133164370805025
independent_2401_2405,drtp_sg,2403,19,9501,10000,2.56,entropy,2.2780825583934785
independent_2401_2405,drtp_sg,2403,19,9501,10000,2.56,approx_kl,0.0011978954389464884
independent_2401_2405,drtp_sg,2403,19,9501,10000,2.56,policy_loss,-0.002090656601305872
independent_2401_2405,drtp_sg,2403,19,9501,10000,2.56,value_loss,0.9656770442686975
independent_2401_2405,drtp_sg,2403,19,9501,10000,2.56,grad_norm,4.7828310307860376
independent_2401_2405,drtp_sg,2403,20,10001,10500,2.688,train_avg_reward,0.17100385543704033
independent_2401_2405,drtp_sg,2403,20,10001,10500,2.688,entropy,2.100877648293972
independent_2401_2405,drtp_sg,2403,20,10001,10500,2.688,approx_kl,0.0012619830164505095
independent_2401_2405,drtp_sg,2403,20,10001,10500,2.688,policy_loss,-0.002430402837873269
independent_2401_2405,drtp_sg,2403,20,10001,10500,2.688,value_loss,1.0315126561522483
independent_2401_2405,drtp_sg,2403,20,10001,10500,2.688,grad_norm,4.902395747750997
independent_2401_2405,drtp_sg,2403,21,10501,11000,2.816,train_avg_reward,0.19273017913848162
independent_2401_2405,drtp_sg,2403,21,10501,11000,2.816,entropy,2.0775564106702804
independent_2401_2405,drtp_sg,2403,21,10501,11000,2.816,approx_kl,0.0015408753263703445
independent_2401_2405,drtp_sg,2403,21,10501,11000,2.816,policy_loss,-0.0025989740019008406
independent_2401_2405,drtp_sg,2403,21,10501,11000,2.816,value_loss,0.7324258761517703
independent_2401_2405,drtp_sg,2403,21,10501,11000,2.816,grad_norm,4.6678858249485495
independent_2401_2405,drtp_sg,2403,22,11001,11500,2.944,train_avg_reward,0.15938633977994324
independent_2401_2405,drtp_sg,2403,22,11001,11500,2.944,entropy,2.0598067508339883
independent_2401_2405,drtp_sg,2403,22,11001,11500,2.944,approx_kl,0.0011347314863661868
independent_2401_2405,drtp_sg,2403,22,11001,11500,2.944,policy_loss,-0.002249900085849236
independent_2401_2405,drtp_sg,2403,22,11001,11500,2.944,value_loss,1.1034670990891755
independent_2401_2405,drtp_sg,2403,22,11001,11500,2.944,grad_norm,5.1555692648291584
independent_2401_2405,drtp_sg,2403,23,11501,12000,3.072,train_avg_reward,0.201523518756032
independent_2401_2405,drtp_sg,2403,23,11501,12000,3.072,entropy,2.0010217889547346
independent_2401_2405,drtp_sg,2403,23,11501,12000,3.072,approx_kl,0.0014271749397712474
independent_2401_2405,drtp_sg,2403,23,11501,12000,3.072,policy_loss,-0.0024360090793023596
independent_2401_2405,drtp_sg,2403,23,11501,12000,3.072,value_loss,0.6924295017421246
independent_2401_2405,drtp_sg,2403,23,11501,12000,3.072,grad_norm,4.240196887910366
independent_2401_2405,drtp_sg,2403,24,12001,12500,3.2,train_avg_reward,0.1984698221683502
independent_2401_2405,drtp_sg,2403,24,12001,12500,3.2,entropy,2.043303043246269
independent_2401_2405,drtp_sg,2403,24,12001,12500,3.2,approx_kl,0.0013099490195242335
independent_2401_2405,drtp_sg,2403,24,12001,12500,3.2,policy_loss,-0.002190618685902641
independent_2401_2405,drtp_sg,2403,24,12001,12500,3.2,value_loss,0.8485728864967823
independent_2401_2405,drtp_sg,2403,24,12001,12500,3.2,grad_norm,4.578861176252365
independent_2401_2405,drtp_sg,2403,25,12501,13000,3.328,train_avg_reward,0.18764451141655444
independent_2401_2405,drtp_sg,2403,25,12501,13000,3.328,entropy,2.031041948914528
independent_2401_2405,drtp_sg,2403,25,12501,13000,3.328,approx_kl,0.0012094472829304163
independent_2401_2405,drtp_sg,2403,25,12501,13000,3.328,policy_loss,-0.0021279903754419668
independent_2401_2405,drtp_sg,2403,25,12501,13000,3.328,value_loss,1.0124381943456828
independent_2401_2405,drtp_sg,2403,25,12501,13000,3.328,grad_norm,5.373823560029268
independent_2401_2405,drtp_sg,2403,26,13001,13500,3.456,train_avg_reward,0.23151384329795838
independent_2401_2405,drtp_sg,2403,26,13001,13500,3.456,entropy,2.0314220678806305
independent_2401_2405,drtp_sg,2403,26,13001,13500,3.456,approx_kl,0.0016611421404107492
independent_2401_2405,drtp_sg,2403,26,13001,13500,3.456,policy_loss,-0.0024673229759597844
independent_2401_2405,drtp_sg,2403,26,13001,13500,3.456,value_loss,0.6944286417849362
independent_2401_2405,drtp_sg,2403,26,13001,13500,3.456,grad_norm,4.690083072543144
independent_2401_2405,drtp_sg,2403,27,13501,14000,3.584,train_avg_reward,0.2105946391671896
independent_2401_2405,drtp_sg,2403,27,13501,14000,3.584,entropy,1.9472531085014344
independent_2401_2405,drtp_sg,2403,27,13501,14000,3.584,approx_kl,0.0016997999350793767
independent_2401_2405,drtp_sg,2403,27,13501,14000,3.584,policy_loss,-0.0026173401586351394
independent_2401_2405,drtp_sg,2403,27,13501,14000,3.584,value_loss,0.8107416230943054
independent_2401_2405,drtp_sg,2403,27,13501,14000,3.584,grad_norm,4.520491864234209
independent_2401_2405,drtp_sg,2403,28,14001,14500,3.712,train_avg_reward,0.2400847877562046
independent_2401_2405,drtp_sg,2403,28,14001,14500,3.712,entropy,1.9247863624691963
independent_2401_2405,drtp_sg,2403,28,14001,14500,3.712,approx_kl,0.0017725395379078058
independent_2401_2405,drtp_sg,2403,28,14001,14500,3.712,policy_loss,-0.002379523152139689
independent_2401_2405,drtp_sg,2403,28,14001,14500,3.712,value_loss,0.62681971831806
independent_2401_2405,drtp_sg,2403,28,14001,14500,3.712,grad_norm,4.931925856366753
independent_2401_2405,drtp_sg,2403,29,14501,15000,3.84,train_avg_reward,0.2319664424210787
independent_2401_2405,drtp_sg,2403,29,14501,15000,3.84,entropy,1.9433591330647468
independent_2401_2405,drtp_sg,2403,29,14501,15000,3.84,approx_kl,0.0013815830065088117
independent_2401_2405,drtp_sg,2403,29,14501,15000,3.84,policy_loss,-0.002182640189369298
independent_2401_2405,drtp_sg,2403,29,14501,15000,3.84,value_loss,0.6770874527134001
independent_2401_2405,drtp_sg,2403,29,14501,15000,3.84,grad_norm,5.774589870676398
independent_2401_2405,drtp_sg,2403,30,15001,15500,3.968,train_avg_reward,0.22806216955184935
independent_2401_2405,drtp_sg,2403,30,15001,15500,3.968,entropy,1.8872834603786468
independent_2401_2405,drtp_sg,2403,30,15001,15500,3.968,approx_kl,0.0016047196738363675
independent_2401_2405,drtp_sg,2403,30,15001,15500,3.968,policy_loss,-0.0025180400424417914
independent_2401_2405,drtp_sg,2403,30,15001,15500,3.968,value_loss,0.5377586385533214
independent_2401_2405,drtp_sg,2403,30,15001,15500,3.968,grad_norm,3.992304214656353
independent_2401_2405,drtp_sg,2403,31,15501,16000,4.096,train_avg_reward,0.18152445264905692
independent_2401_2405,drtp_sg,2403,31,15501,16000,4.096,entropy,1.7980484949350357
independent_2401_2405,drtp_sg,2403,31,15501,16000,4.096,approx_kl,0.0019165247708942804
independent_2401_2405,drtp_sg,2403,31,15501,16000,4.096,policy_loss,-0.002721373421663645
independent_2401_2405,drtp_sg,2403,31,15501,16000,4.096,value_loss,0.6521929903719574
independent_2401_2405,drtp_sg,2403,31,15501,16000,4.096,grad_norm,3.9193683464974165
independent_2401_2405,drtp_sg,2403,32,16001,16500,4.224,train_avg_reward,0.22242476958781482
independent_2401_2405,drtp_sg,2403,32,16001,16500,4.224,entropy,1.7510614866018295
independent_2401_2405,drtp_sg,2403,32,16001,16500,4.224,approx_kl,0.0011310767828675388
independent_2401_2405,drtp_sg,2403,32,16001,16500,4.224,policy_loss,-0.00201618836801632
independent_2401_2405,drtp_sg,2403,32,16001,16500,4.224,value_loss,0.6995936340242624
independent_2401_2405,drtp_sg,2403,32,16001,16500,4.224,grad_norm,4.9164613370895385
independent_2401_2405,drtp_sg,2403,33,16501,17000,4.352,train_avg_reward,0.23514710433781147
independent_2401_2405,drtp_sg,2403,33,16501,17000,4.352,entropy,1.7428166990280152
independent_2401_2405,drtp_sg,2403,33,16501,17000,4.352,approx_kl,0.0018214250194341691
independent_2401_2405,drtp_sg,2403,33,16501,17000,4.352,policy_loss,-0.002633899686033812
independent_2401_2405,drtp_sg,2403,33,16501,17000,4.352,value_loss,0.4144858805015683
independent_2401_2405,drtp_sg,2403,33,16501,17000,4.352,grad_norm,4.2834910776019095
independent_2401_2405,drtp_sg,2403,34,17001,17500,4.48,train_avg_reward,0.19564712385833263
independent_2401_2405,drtp_sg,2403,34,17001,17500,4.48,entropy,1.7548263257145882
independent_2401_2405,drtp_sg,2403,34,17001,17500,4.48,approx_kl,0.0017539598485674663
independent_2401_2405,drtp_sg,2403,34,17001,17500,4.48,policy_loss,-0.002496947564665326
independent_2401_2405,drtp_sg,2403,34,17001,17500,4.48,value_loss,0.7049129224233329
independent_2401_2405,drtp_sg,2403,34,17001,17500,4.48,grad_norm,4.373882047683001
independent_2401_2405,drtp_sg,2403,35,17501,18000,4.608,train_avg_reward,0.22047679645568133
independent_2401_2405,drtp_sg,2403,35,17501,18000,4.608,entropy,1.7917737493515014
independent_2401_2405,drtp_sg,2403,35,17501,18000,4.608,approx_kl,0.0015551153760849604
independent_2401_2405,drtp_sg,2403,35,17501,18000,4.608,policy_loss,-0.0023877658006096463
independent_2401_2405,drtp_sg,2403,35,17501,18000,4.608,value_loss,0.7500018730275333
independent_2401_2405,drtp_sg,2403,35,17501,18000,4.608,grad_norm,5.09534118399024
independent_2401_2405,drtp_sg,2403,36,18001,18500,4.736,train_avg_reward,0.23821065671741962
independent_2401_2405,drtp_sg,2403,36,18001,18500,4.736,entropy,1.8335166726112366
independent_2401_2405,drtp_sg,2403,36,18001,18500,4.736,approx_kl,0.0018079327366952631
independent_2401_2405,drtp_sg,2403,36,18001,18500,4.736,policy_loss,-0.0026788433032181253
independent_2401_2405,drtp_sg,2403,36,18001,18500,4.736,value_loss,0.5210401162430645
independent_2401_2405,drtp_sg,2403,36,18001,18500,4.736,grad_norm,4.709391569525003
independent_2401_2405,drtp_sg,2403,37,18501,19000,4.864,train_avg_reward,0.20832153970748185
independent_2401_2405,drtp_sg,2403,37,18501,19000,4.864,entropy,1.7566314992308616
independent_2401_2405,drtp_sg,2403,37,18501,19000,4.864,approx_kl,0.0017011543498620032
independent_2401_2405,drtp_sg,2403,37,18501,19000,4.864,policy_loss,-0.0027916000834404112
independent_2401_2405,drtp_sg,2403,37,18501,19000,4.864,value_loss,0.8675386371724307
independent_2401_2405,drtp_sg,2403,37,18501,19000,4.864,grad_norm,4.84265621137619
independent_2401_2405,drtp_sg,2403,38,19001,19500,4.992,train_avg_reward,0.22801597291231154
independent_2401_2405,drtp_sg,2403,38,19001,19500,4.992,entropy,1.7212266064882278
independent_2401_2405,drtp_sg,2403,38,19001,19500,4.992,approx_kl,0.0023817332344618332
independent_2401_2405,drtp_sg,2403,38,19001,19500,4.992,policy_loss,-0.0031783711836470513
independent_2401_2405,drtp_sg,2403,38,19001,19500,4.992,value_loss,0.5245499763507396
independent_2401_2405,drtp_sg,2403,38,19001,19500,4.992,grad_norm,4.197494690686464
independent_2401_2405,drtp_sg,2403,39,19501,20000,5.12,train_avg_reward,0.2073176622763276
independent_2401_2405,drtp_sg,2403,39,19501,20000,5.12,entropy,1.7737251982688904
independent_2401_2405,drtp_sg,2403,39,19501,20000,5.12,approx_kl,0.0016934314631377313
independent_2401_2405,drtp_sg,2403,39,19501,20000,5.12,policy_loss,-0.0029280774244728144
independent_2401_2405,drtp_sg,2403,39,19501,20000,5.12,value_loss,0.64254925044626
independent_2401_2405,drtp_sg,2403,39,19501,20000,5.12,grad_norm,4.452654873728752
independent_2401_2405,drtp_sg,2403,40,20001,20500,5.248,train_avg_reward,0.2206678685247898
independent_2401_2405,drtp_sg,2403,40,20001,20500,5.248,entropy,1.76928529638052
independent_2401_2405,drtp_sg,2403,40,20001,20500,5.248,approx_kl,0.0021717359723455293
independent_2401_2405,drtp_sg,2403,40,20001,20500,5.248,policy_loss,-0.0032558659917782872
independent_2401_2405,drtp_sg,2403,40,20001,20500,5.248,value_loss,0.4227700463719666
independent_2401_2405,drtp_sg,2403,40,20001,20500,5.248,grad_norm,3.2958953143805267
independent_2401_2405,drtp_sg,2403,41,20501,21000,5.376,train_avg_reward,0.2249381243288517
independent_2401_2405,drtp_sg,2403,41,20501,21000,5.376,entropy,1.6823456457853316
independent_2401_2405,drtp_sg,2403,41,20501,21000,5.376,approx_kl,0.002023171172500339
independent_2401_2405,drtp_sg,2403,41,20501,21000,5.376,policy_loss,-0.002669025442562223
independent_2401_2405,drtp_sg,2403,41,20501,21000,5.376,value_loss,0.7037560763992369
independent_2401_2405,drtp_sg,2403,41,20501,21000,5.376,grad_norm,4.604859326601028
independent_2401_2405,drtp_sg,2403,42,21001,21500,5.504,train_avg_reward,0.18247292574122548
independent_2401_2405,drtp_sg,2403,42,21001,21500,5.504,entropy,1.755399739921093
independent_2401_2405,drtp_sg,2403,42,21001,21500,5.504,approx_kl,0.0019815705117234694
independent_2401_2405,drtp_sg,2403,42,21001,21500,5.504,policy_loss,-0.0025970399760108127
independent_2401_2405,drtp_sg,2403,42,21001,21500,5.504,value_loss,1.170700761385262
independent_2401_2405,drtp_sg,2403,42,21001,21500,5.504,grad_norm,5.003935070395469
independent_2401_2405,drtp_sg,2403,43,21501,22000,5.632,train_avg_reward,0.2213361775353551
independent_2401_2405,drtp_sg,2403,43,21501,22000,5.632,entropy,1.6735647204518318
independent_2401_2405,drtp_sg,2403,43,21501,22000,5.632,approx_kl,0.0017209229690718767
independent_2401_2405,drtp_sg,2403,43,21501,22000,5.632,policy_loss,-0.002689142787284569
independent_2401_2405,drtp_sg,2403,43,21501,22000,5.632,value_loss,0.6391034349855036
independent_2401_2405,drtp_sg,2403,43,21501,22000,5.632,grad_norm,4.778485193312168
independent_2401_2405,drtp_sg,2403,44,22001,22500,5.76,train_avg_reward,0.22002574628591537
independent_2401_2405,drtp_sg,2403,44,22001,22500,5.76,entropy,1.771858716070652
independent_2401_2405,drtp_sg,2403,44,22001,22500,5.76,approx_kl,0.0018445106512729804
independent_2401_2405,drtp_sg,2403,44,22001,22500,5.76,policy_loss,-0.0027234413235488796
independent_2401_2405,drtp_sg,2403,44,22001,22500,5.76,value_loss,0.6243807602953165
independent_2401_2405,drtp_sg,2403,44,22001,22500,5.76,grad_norm,4.734183642089367
independent_2401_2405,drtp_sg,2403,45,22501,23000,5.888,train_avg_reward,0.21767087493836879
independent_2401_2405,drtp_sg,2403,45,22501,23000,5.888,entropy,1.6490532310605048
independent_2401_2405,drtp_sg,2403,45,22501,23000,5.888,approx_kl,0.001558439169927617
independent_2401_2405,drtp_sg,2403,45,22501,23000,5.888,policy_loss,-0.002585227130478558
independent_2401_2405,drtp_sg,2403,45,22501,23000,5.888,value_loss,0.6268078391905874
independent_2401_2405,drtp_sg,2403,45,22501,23000,5.888,grad_norm,4.167894781202078
independent_2401_2405,drtp_sg,2403,46,23001,23500,6.016,train_avg_reward,0.2298438468798995
independent_2401_2405,drtp_sg,2403,46,23001,23500,6.016,entropy,1.8126111331582069
independent_2401_2405,drtp_sg,2403,46,23001,23500,6.016,approx_kl,0.0017546489882679375
independent_2401_2405,drtp_sg,2403,46,23001,23500,6.016,policy_loss,-0.0027840466701128472
independent_2401_2405,drtp_sg,2403,46,23001,23500,6.016,value_loss,0.44181368207372723
independent_2401_2405,drtp_sg,2403,46,23001,23500,6.016,grad_norm,3.6960935533195736
independent_2401_2405,drtp_sg,2403,47,23501,24000,6.144,train_avg_reward,0.22711328290402888
independent_2401_2405,drtp_sg,2403,47,23501,24000,6.144,entropy,1.6964588052034377
independent_2401_2405,drtp_sg,2403,47,23501,24000,6.144,approx_kl,0.0016638120768970941
independent_2401_2405,drtp_sg,2403,47,23501,24000,6.144,policy_loss,-0.0026296887923162207
independent_2401_2405,drtp_sg,2403,47,23501,24000,6.144,value_loss,0.4842894668541849
independent_2401_2405,drtp_sg,2403,47,23501,24000,6.144,grad_norm,4.859726881891489
independent_2401_2405,drtp_sg,2403,48,24001,24500,6.272,train_avg_reward,0.20718762841820718
independent_2401_2405,drtp_sg,2403,48,24001,24500,6.272,entropy,1.7367491772770882
independent_2401_2405,drtp_sg,2403,48,24001,24500,6.272,approx_kl,0.0018185045581255116
independent_2401_2405,drtp_sg,2403,48,24001,24500,6.272,policy_loss,-0.002750378152587531
independent_2401_2405,drtp_sg,2403,48,24001,24500,6.272,value_loss,0.5284362994544208
independent_2401_2405,drtp_sg,2403,48,24001,24500,6.272,grad_norm,4.186181406334042
independent_2401_2405,drtp_sg,2403,49,24501,25000,6.4,train_avg_reward,0.22207476891577244
independent_2401_2405,drtp_sg,2403,49,24501,25000,6.4,entropy,1.734480498790741
independent_2401_2405,drtp_sg,2403,49,24501,25000,6.4,approx_kl,0.00184397669226351
independent_2401_2405,drtp_sg,2403,49,24501,25000,6.4,policy_loss,-0.0026781031844474892
independent_2401_2405,drtp_sg,2403,49,24501,25000,6.4,value_loss,0.38875785837881266
independent_2401_2405,drtp_sg,2403,49,24501,25000,6.4,grad_norm,3.7851532650142907
independent_2401_2405,drtp_sg,2403,50,25001,25500,6.528,train_avg_reward,0.21103998492658138
independent_2401_2405,drtp_sg,2403,50,25001,25500,6.528,entropy,1.7204634860754013
independent_2401_2405,drtp_sg,2403,50,25001,25500,6.528,approx_kl,0.0017642547756028357
independent_2401_2405,drtp_sg,2403,50,25001,25500,6.528,policy_loss,-0.0026721175604532683
independent_2401_2405,drtp_sg,2403,50,25001,25500,6.528,value_loss,0.42121598639618607
independent_2401_2405,drtp_sg,2403,50,25001,25500,6.528,grad_norm,3.642160185933113
independent_2401_2405,drtp_sg,2403,51,25501,26000,6.656,train_avg_reward,0.20452656815946102
independent_2401_2405,drtp_sg,2403,51,25501,26000,6.656,entropy,1.6110771660208703
independent_2401_2405,drtp_sg,2403,51,25501,26000,6.656,approx_kl,0.0018280132082165034
independent_2401_2405,drtp_sg,2403,51,25501,26000,6.656,policy_loss,-0.002771202640660083
independent_2401_2405,drtp_sg,2403,51,25501,26000,6.656,value_loss,0.5816394107555971
independent_2401_2405,drtp_sg,2403,51,25501,26000,6.656,grad_norm,3.8894383704811335
independent_2401_2405,drtp_sg,2403,52,26001,26500,6.784,train_avg_reward,0.2024244701638818
independent_2401_2405,drtp_sg,2403,52,26001,26500,6.784,entropy,1.5981114138364791
independent_2401_2405,drtp_sg,2403,52,26001,26500,6.784,approx_kl,0.0019680811335341095
independent_2401_2405,drtp_sg,2403,52,26001,26500,6.784,policy_loss,-0.0028311592845264117
independent_2401_2405,drtp_sg,2403,52,26001,26500,6.784,value_loss,0.5131343221459538
independent_2401_2405,drtp_sg,2403,52,26001,26500,6.784,grad_norm,3.941448247939348
independent_2401_2405,drtp_sg,2403,53,26501,27000,6.912,train_avg_reward,0.2018339843004942
independent_2401_2405,drtp_sg,2403,53,26501,27000,6.912,entropy,1.6241470903754234
independent_2401_2405,drtp_sg,2403,53,26501,27000,6.912,approx_kl,0.0016925911092627365
independent_2401_2405,drtp_sg,2403,53,26501,27000,6.912,policy_loss,-0.0026702794117434378
independent_2401_2405,drtp_sg,2403,53,26501,27000,6.912,value_loss,0.4857568349633366
independent_2401_2405,drtp_sg,2403,53,26501,27000,6.912,grad_norm,3.9086191021353005
independent_2401_2405,drtp_sg,2403,54,27001,27500,7.04,train_avg_reward,0.20673901499435304
independent_2401_2405,drtp_sg,2403,54,27001,27500,7.04,entropy,1.5956067762970925
independent_2401_2405,drtp_sg,2403,54,27001,27500,7.04,approx_kl,0.0016593719959188602
independent_2401_2405,drtp_sg,2403,54,27001,27500,7.04,policy_loss,-0.0026150200881467117
independent_2401_2405,drtp_sg,2403,54,27001,27500,7.04,value_loss,0.5152760569956154
independent_2401_2405,drtp_sg,2403,54,27001,27500,7.04,grad_norm,3.9488122767806053
independent_2401_2405,drtp_sg,2403,55,27501,28000,7.168,train_avg_reward,0.23124620918929578
independent_2401_2405,drtp_sg,2403,55,27501,28000,7.168,entropy,1.7597298822999001
independent_2401_2405,drtp_sg,2403,55,27501,28000,7.168,approx_kl,0.0018482658363312308
independent_2401_2405,drtp_sg,2403,55,27501,28000,7.168,policy_loss,-0.0027798059644325206
independent_2401_2405,drtp_sg,2403,55,27501,28000,7.168,value_loss,0.3919387580323964
independent_2401_2405,drtp_sg,2403,55,27501,28000,7.168,grad_norm,3.8322337261140347
independent_2401_2405,drtp_sg,2403,56,28001,28500,7.296,train_avg_reward,0.2388527828603983
independent_2401_2405,drtp_sg,2403,56,28001,28500,7.296,entropy,1.6730834444761276
independent_2401_2405,drtp_sg,2403,56,28001,28500,7.296,approx_kl,0.0018495752743462194
independent_2401_2405,drtp_sg,2403,56,28001,28500,7.296,policy_loss,-0.002603430445903467
independent_2401_2405,drtp_sg,2403,56,28001,28500,7.296,value_loss,0.3194294730075635
independent_2401_2405,drtp_sg,2403,56,28001,28500,7.296,grad_norm,3.887396837696433
independent_2401_2405,drtp_sg,2403,57,28501,29000,7.424,train_avg_reward,0.22283301751315593
independent_2401_2405,drtp_sg,2403,57,28501,29000,7.424,entropy,1.5629263129234314
independent_2401_2405,drtp_sg,2403,57,28501,29000,7.424,approx_kl,0.0013872968026440993
independent_2401_2405,drtp_sg,2403,57,28501,29000,7.424,policy_loss,-0.0022357547643521948
independent_2401_2405,drtp_sg,2403,57,28501,29000,7.424,value_loss,0.46426348653156313
independent_2401_2405,drtp_sg,2403,57,28501,29000,7.424,grad_norm,4.94807574890554
independent_2401_2405,drtp_sg,2403,58,29001,29500,7.552,train_avg_reward,0.20418856129795313
independent_2401_2405,drtp_sg,2403,58,29001,29500,7.552,entropy,1.5914496299028396
independent_2401_2405,drtp_sg,2403,58,29001,29500,7.552,approx_kl,0.0013908865940584188
independent_2401_2405,drtp_sg,2403,58,29001,29500,7.552,policy_loss,-0.002325847638644818
independent_2401_2405,drtp_sg,2403,58,29001,29500,7.552,value_loss,0.623678244130686
independent_2401_2405,drtp_sg,2403,58,29001,29500,7.552,grad_norm,4.417877810925245
independent_2401_2405,drtp_sg,2403,59,29501,30000,7.68,train_avg_reward,0.19638593743741511
independent_2401_2405,drtp_sg,2403,59,29501,30000,7.68,entropy,1.6491453414559365
independent_2401_2405,drtp_sg,2403,59,29501,30000,7.68,approx_kl,0.0019934535412818657
independent_2401_2405,drtp_sg,2403,59,29501,30000,7.68,policy_loss,-0.002818432677263554
independent_2401_2405,drtp_sg,2403,59,29501,30000,7.68,value_loss,0.6500859056077898
independent_2401_2405,drtp_sg,2403,59,29501,30000,7.68,grad_norm,4.088643426015973
independent_2401_2405,drtp_sg,2403,60,30001,30500,7.808,train_avg_reward,0.22462962165474892
independent_2401_2405,drtp_sg,2403,60,30001,30500,7.808,entropy,1.6894831771850587
independent_2401_2405,drtp_sg,2403,60,30001,30500,7.808,approx_kl,0.0018995551485534827
independent_2401_2405,drtp_sg,2403,60,30001,30500,7.808,policy_loss,-0.00264215789616122
independent_2401_2405,drtp_sg,2403,60,30001,30500,7.808,value_loss,0.43709129065088925
independent_2401_2405,drtp_sg,2403,60,30001,30500,7.808,grad_norm,4.822757252722979
independent_2401_2405,drtp_sg,2403,61,30501,31000,7.936,train_avg_reward,0.22690049031376838
independent_2401_2405,drtp_sg,2403,61,30501,31000,7.936,entropy,1.5752140675187112
independent_2401_2405,drtp_sg,2403,61,30501,31000,7.936,approx_kl,0.002054102615904398
independent_2401_2405,drtp_sg,2403,61,30501,31000,7.936,policy_loss,-0.0027573442171594078
independent_2401_2405,drtp_sg,2403,61,30501,31000,7.936,value_loss,0.3603254685755819
independent_2401_2405,drtp_sg,2403,61,30501,31000,7.936,grad_norm,3.336310741171241
independent_2401_2405,drtp_sg,2403,62,31001,31500,8.064,train_avg_reward,0.2043947363384068
independent_2401_2405,drtp_sg,2403,62,31001,31500,8.064,entropy,1.6856060610413552
independent_2401_2405,drtp_sg,2403,62,31001,31500,8.064,approx_kl,0.0019527718766239445
independent_2401_2405,drtp_sg,2403,62,31001,31500,8.064,policy_loss,-0.0029235444588509027
independent_2401_2405,drtp_sg,2403,62,31001,31500,8.064,value_loss,0.5836092613786459
independent_2401_2405,drtp_sg,2403,62,31001,31500,8.064,grad_norm,4.616471540659666
independent_2401_2405,drtp_sg,2403,63,31501,32000,8.192,train_avg_reward,0.22859704102575779
independent_2401_2405,drtp_sg,2403,63,31501,32000,8.192,entropy,1.7010593648552894
independent_2401_2405,drtp_sg,2403,63,31501,32000,8.192,approx_kl,0.002246207770119619
independent_2401_2405,drtp_sg,2403,63,31501,32000,8.192,policy_loss,-0.0028913212336617398
independent_2401_2405,drtp_sg,2403,63,31501,32000,8.192,value_loss,0.5159513608645647
independent_2401_2405,drtp_sg,2403,63,31501,32000,8.192,grad_norm,4.084586168825626
independent_2401_2405,drtp_sg,2403,64,32001,32500,8.32,train_avg_reward,0.21560131357610227
independent_2401_2405,drtp_sg,2403,64,32001,32500,8.32,entropy,1.643040818810463
independent_2401_2405,drtp_sg,2403,64,32001,32500,8.32,approx_kl,0.0018846441691524175
independent_2401_2405,drtp_sg,2403,64,32001,32500,8.32,policy_loss,-0.002851699558114424
independent_2401_2405,drtp_sg,2403,64,32001,32500,8.32,value_loss,0.5736088761435821
independent_2401_2405,drtp_sg,2403,64,32001,32500,8.32,grad_norm,4.7460386378020045
independent_2401_2405,drtp_sg,2403,65,32501,33000,8.448,train_avg_reward,0.22313935659080744
independent_2401_2405,drtp_sg,2403,65,32501,33000,8.448,entropy,1.5769800728559493
independent_2401_2405,drtp_sg,2403,65,32501,33000,8.448,approx_kl,0.0021502327476521903
independent_2401_2405,drtp_sg,2403,65,32501,33000,8.448,policy_loss,-0.00281494021653983
independent_2401_2405,drtp_sg,2403,65,32501,33000,8.448,value_loss,0.37974767021648587
independent_2401_2405,drtp_sg,2403,65,32501,33000,8.448,grad_norm,3.787814564973116
independent_2401_2405,drtp_sg,2403,66,33001,33500,8.576,train_avg_reward,0.20463221994787453
independent_2401_2405,drtp_sg,2403,66,33001,33500,8.576,entropy,1.643281860589981
independent_2401_2405,drtp_sg,2403,66,33001,33500,8.576,approx_kl,0.0019886490024261117
independent_2401_2405,drtp_sg,2403,66,33001,33500,8.576,policy_loss,-0.002770068434865996
independent_2401_2405,drtp_sg,2403,66,33001,33500,8.576,value_loss,0.6385452896635979
independent_2401_2405,drtp_sg,2403,66,33001,33500,8.576,grad_norm,4.421169969558716
independent_2401_2405,drtp_sg,2403,67,33501,34000,8.704,train_avg_reward,0.21011959826946258
independent_2401_2405,drtp_sg,2403,67,33501,34000,8.704,entropy,1.6199226071834565
independent_2401_2405,drtp_sg,2403,67,33501,34000,8.704,approx_kl,0.0016905595301013694
independent_2401_2405,drtp_sg,2403,67,33501,34000,8.704,policy_loss,-0.0026861638323756806
independent_2401_2405,drtp_sg,2403,67,33501,34000,8.704,value_loss,0.5957337352205068
independent_2401_2405,drtp_sg,2403,67,33501,34000,8.704,grad_norm,4.478819827347994
independent_2401_2405,drtp_sg,2403,68,34001,34500,8.832,train_avg_reward,0.22885936068743468
independent_2401_2405,drtp_sg,2403,68,34001,34500,8.832,entropy,1.5682702045440673
independent_2401_2405,drtp_sg,2403,68,34001,34500,8.832,approx_kl,0.0017644934834285329
independent_2401_2405,drtp_sg,2403,68,34001,34500,8.832,policy_loss,-0.0025800735498627183
independent_2401_2405,drtp_sg,2403,68,34001,34500,8.832,value_loss,0.6341262733917683
independent_2401_2405,drtp_sg,2403,68,34001,34500,8.832,grad_norm,5.281706131786108
independent_2401_2405,drtp_sg,2403,69,34501,35000,8.96,train_avg_reward,0.2279489988461137
independent_2401_2405,drtp_sg,2403,69,34501,35000,8.96,entropy,1.5414023876786231
independent_2401_2405,drtp_sg,2403,69,34501,35000,8.96,approx_kl,0.00217184146551152
independent_2401_2405,drtp_sg,2403,69,34501,35000,8.96,policy_loss,-0.0026645603989957655
independent_2401_2405,drtp_sg,2403,69,34501,35000,8.96,value_loss,0.4104751033857465
independent_2401_2405,drtp_sg,2403,69,34501,35000,8.96,grad_norm,4.346298858582974
independent_2401_2405,drtp_sg,2403,70,35001,35500,9.088,train_avg_reward,0.22934197038412094
independent_2401_2405,drtp_sg,2403,70,35001,35500,9.088,entropy,1.5818187001943589
independent_2401_2405,drtp_sg,2403,70,35001,35500,9.088,approx_kl,0.0018897368408224654
independent_2401_2405,drtp_sg,2403,70,35001,35500,9.088,policy_loss,-0.002937323196059021
independent_2401_2405,drtp_sg,2403,70,35001,35500,9.088,value_loss,0.3706395384389907
independent_2401_2405,drtp_sg,2403,70,35001,35500,9.088,grad_norm,4.22891056472063
independent_2401_2405,drtp_sg,2403,71,35501,36000,9.216,train_avg_reward,0.22691197239607572
independent_2401_2405,drtp_sg,2403,71,35501,36000,9.216,entropy,1.5019846830368042
independent_2401_2405,drtp_sg,2403,71,35501,36000,9.216,approx_kl,0.0017851462624306079
independent_2401_2405,drtp_sg,2403,71,35501,36000,9.216,policy_loss,-0.002760390318821736
independent_2401_2405,drtp_sg,2403,71,35501,36000,9.216,value_loss,0.5125466759707779
independent_2401_2405,drtp_sg,2403,71,35501,36000,9.216,grad_norm,5.521564271703363
independent_2401_2405,drtp_sg,2403,72,36001,36500,9.344,train_avg_reward,0.23681428751349448
independent_2401_2405,drtp_sg,2403,72,36001,36500,9.344,entropy,1.5247219370603562
independent_2401_2405,drtp_sg,2403,72,36001,36500,9.344,approx_kl,0.0015242684483297612
independent_2401_2405,drtp_sg,2403,72,36001,36500,9.344,policy_loss,-0.002781386858979496
independent_2401_2405,drtp_sg,2403,72,36001,36500,9.344,value_loss,0.5864659584201872
independent_2401_2405,drtp_sg,2403,72,36001,36500,9.344,grad_norm,5.120720735907555
independent_2401_2405,drtp_sg,2403,73,36501,37000,9.472,train_avg_reward,0.2110209608897567
independent_2401_2405,drtp_sg,2403,73,36501,37000,9.472,entropy,1.6598607337474822
independent_2401_2405,drtp_sg,2403,73,36501,37000,9.472,approx_kl,0.0018681772655472632
independent_2401_2405,drtp_sg,2403,73,36501,37000,9.472,policy_loss,-0.00304234201210722
independent_2401_2405,drtp_sg,2403,73,36501,37000,9.472,value_loss,0.732699059188366
independent_2401_2405,drtp_sg,2403,73,36501,37000,9.472,grad_norm,4.463131683290005
independent_2401_2405,drtp_sg,2403,74,37001,37500,9.6,train_avg_reward,0.18712840362265706
independent_2401_2405,drtp_sg,2403,74,37001,37500,9.6,entropy,1.8096269867420196
independent_2401_2405,drtp_sg,2403,74,37001,37500,9.6,approx_kl,0.001574866471455902
independent_2401_2405,drtp_sg,2403,74,37001,37500,9.6,policy_loss,-0.0026620395914941004
independent_2401_2405,drtp_sg,2403,74,37001,37500,9.6,value_loss,1.1169567606300115
independent_2401_2405,drtp_sg,2403,74,37001,37500,9.6,grad_norm,5.1652831556797025
independent_2401_2405,drtp_sg,2403,75,37501,38000,9.728,train_avg_reward,0.20760951506718994
independent_2401_2405,drtp_sg,2403,75,37501,38000,9.728,entropy,1.7392566487193108
independent_2401_2405,drtp_sg,2403,75,37501,38000,9.728,approx_kl,0.0018367250259003927
independent_2401_2405,drtp_sg,2403,75,37501,38000,9.728,policy_loss,-0.0030407211240681296
independent_2401_2405,drtp_sg,2403,75,37501,38000,9.728,value_loss,0.5207703987378627
independent_2401_2405,drtp_sg,2403,75,37501,38000,9.728,grad_norm,4.072361876696348
independent_2401_2405,drtp_sg,2403,76,38001,38500,9.856,train_avg_reward,0.21902235573530196
independent_2401_2405,drtp_sg,2403,76,38001,38500,9.856,entropy,1.6588332909941674
independent_2401_2405,drtp_sg,2403,76,38001,38500,9.856,approx_kl,0.0019296473423770783
independent_2401_2405,drtp_sg,2403,76,38001,38500,9.856,policy_loss,-0.0031779684974913474
independent_2401_2405,drtp_sg,2403,76,38001,38500,9.856,value_loss,0.48935699599049987
independent_2401_2405,drtp_sg,2403,76,38001,38500,9.856,grad_norm,4.0586304365694525
independent_2401_2405,drtp_sg,2403,77,38501,39000,9.984,train_avg_reward,0.22819643698632716
independent_2401_2405,drtp_sg,2403,77,38501,39000,9.984,entropy,1.5350406515598296
independent_2401_2405,drtp_sg,2403,77,38501,39000,9.984,approx_kl,0.0016726610205321977
independent_2401_2405,drtp_sg,2403,77,38501,39000,9.984,policy_loss,-0.002696396494817603
independent_2401_2405,drtp_sg,2403,77,38501,39000,9.984,value_loss,0.4590238474328071
independent_2401_2405,drtp_sg,2403,77,38501,39000,9.984,grad_norm,4.099276866346598
independent_2401_2405,drtp_sg,2403,78,39001,39500,10.112,train_avg_reward,0.2215971120647968
independent_2401_2405,drtp_sg,2403,78,39001,39500,10.112,entropy,1.5281059264190613
independent_2401_2405,drtp_sg,2403,78,39001,39500,10.112,approx_kl,0.00114196939326603
independent_2401_2405,drtp_sg,2403,78,39001,39500,10.112,policy_loss,-0.002395888390522267
independent_2401_2405,drtp_sg,2403,78,39001,39500,10.112,value_loss,0.5580235178626719
independent_2401_2405,drtp_sg,2403,78,39001,39500,10.112,grad_norm,4.3251710212419905
independent_2401_2405,drtp_sg,2404,0,1,500,0.128,train_avg_reward,0.003263565516521339
independent_2401_2405,drtp_sg,2404,0,1,500,0.128,entropy,2.7179023419618606
independent_2401_2405,drtp_sg,2404,0,1,500,0.128,approx_kl,0.0009382428771868945
independent_2401_2405,drtp_sg,2404,0,1,500,0.128,policy_loss,-0.002064525974821467
independent_2401_2405,drtp_sg,2404,0,1,500,0.128,value_loss,0.4349313740748912
independent_2401_2405,drtp_sg,2404,0,1,500,0.128,grad_norm,1.243603197917342
independent_2401_2405,drtp_sg,2404,1,501,1000,0.256,train_avg_reward,0.07079590677563101
independent_2401_2405,drtp_sg,2404,1,501,1000,0.256,entropy,2.5605827908515932
independent_2401_2405,drtp_sg,2404,1,501,1000,0.256,approx_kl,0.0008273102821616098
independent_2401_2405,drtp_sg,2404,1,501,1000,0.256,policy_loss,-0.0018874276471675894
independent_2401_2405,drtp_sg,2404,1,501,1000,0.256,value_loss,0.45217304812185466
independent_2401_2405,drtp_sg,2404,1,501,1000,0.256,grad_norm,1.5123109826296568
independent_2401_2405,drtp_sg,2404,2,1001,1500,0.384,train_avg_reward,0.09357458293577656
independent_2401_2405,drtp_sg,2404,2,1001,1500,0.384,entropy,2.5824478412270544
independent_2401_2405,drtp_sg,2404,2,1001,1500,0.384,approx_kl,0.0010416578123878632
independent_2401_2405,drtp_sg,2404,2,1001,1500,0.384,policy_loss,-0.0018443484220221351
independent_2401_2405,drtp_sg,2404,2,1001,1500,0.384,value_loss,0.4890752635598183
independent_2401_2405,drtp_sg,2404,2,1001,1500,0.384,grad_norm,1.8391061441302299
independent_2401_2405,drtp_sg,2404,3,1501,2000,0.512,train_avg_reward,0.1171932499948889
independent_2401_2405,drtp_sg,2404,3,1501,2000,0.512,entropy,2.4528545964956283
independent_2401_2405,drtp_sg,2404,3,1501,2000,0.512,approx_kl,0.0005462679785802039
independent_2401_2405,drtp_sg,2404,3,1501,2000,0.512,policy_loss,-0.0013017247220915246
independent_2401_2405,drtp_sg,2404,3,1501,2000,0.512,value_loss,0.9456747906152159
independent_2401_2405,drtp_sg,2404,3,1501,2000,0.512,grad_norm,3.350409303158522
independent_2401_2405,drtp_sg,2404,4,2001,2500,0.64,train_avg_reward,0.10477452392783015
independent_2401_2405,drtp_sg,2404,4,2001,2500,0.64,entropy,2.4589576820135117
independent_2401_2405,drtp_sg,2404,4,2001,2500,0.64,approx_kl,0.0006158126353974087
independent_2401_2405,drtp_sg,2404,4,2001,2500,0.64,policy_loss,-0.0014874058468978624
independent_2401_2405,drtp_sg,2404,4,2001,2500,0.64,value_loss,0.8045500296968967
independent_2401_2405,drtp_sg,2404,4,2001,2500,0.64,grad_norm,3.314626354932785
independent_2401_2405,drtp_sg,2404,5,2501,3000,0.768,train_avg_reward,0.11152551916614174
independent_2401_2405,drtp_sg,2404,5,2501,3000,0.768,entropy,2.4335082208514214
independent_2401_2405,drtp_sg,2404,5,2501,3000,0.768,approx_kl,0.0009863834130624128
independent_2401_2405,drtp_sg,2404,5,2501,3000,0.768,policy_loss,-0.00198535292512914
independent_2401_2405,drtp_sg,2404,5,2501,3000,0.768,value_loss,0.9130594397392124
independent_2401_2405,drtp_sg,2404,5,2501,3000,0.768,grad_norm,3.098698436886072
independent_2401_2405,drtp_sg,2404,6,3001,3500,0.896,train_avg_reward,0.12204679766064509
independent_2401_2405,drtp_sg,2404,6,3001,3500,0.896,entropy,2.5635619703531267
independent_2401_2405,drtp_sg,2404,6,3001,3500,0.896,approx_kl,0.0008320775474412585
independent_2401_2405,drtp_sg,2404,6,3001,3500,0.896,policy_loss,-0.0017878138249654279
independent_2401_2405,drtp_sg,2404,6,3001,3500,0.896,value_loss,0.9058056672532111
independent_2401_2405,drtp_sg,2404,6,3001,3500,0.896,grad_norm,3.1818740120083095
independent_2401_2405,drtp_sg,2404,7,3501,4000,1.024,train_avg_reward,0.12812073296308518
independent_2401_2405,drtp_sg,2404,7,3501,4000,1.024,entropy,2.453862418651581
independent_2401_2405,drtp_sg,2404,7,3501,4000,1.024,approx_kl,0.0006525693115286231
independent_2401_2405,drtp_sg,2404,7,3501,4000,1.024,policy_loss,-0.0015379985270502397
independent_2401_2405,drtp_sg,2404,7,3501,4000,1.024,value_loss,0.9250034162476659
independent_2401_2405,drtp_sg,2404,7,3501,4000,1.024,grad_norm,3.7736428543180227
independent_2401_2405,drtp_sg,2404,8,4001,4500,1.152,train_avg_reward,0.10650890170969068
independent_2401_2405,drtp_sg,2404,8,4001,4500,1.152,entropy,2.3763107296824457
independent_2401_2405,drtp_sg,2404,8,4001,4500,1.152,approx_kl,0.0011439464054366604
independent_2401_2405,drtp_sg,2404,8,4001,4500,1.152,policy_loss,-0.0020729686484498746
independent_2401_2405,drtp_sg,2404,8,4001,4500,1.152,value_loss,0.8076280579194427
independent_2401_2405,drtp_sg,2404,8,4001,4500,1.152,grad_norm,3.4802713524997233
independent_2401_2405,drtp_sg,2404,9,4501,5000,1.28,train_avg_reward,0.1222508830241859
independent_2401_2405,drtp_sg,2404,9,4501,5000,1.28,entropy,2.396981562256813
independent_2401_2405,drtp_sg,2404,9,4501,5000,1.28,approx_kl,0.000916186560844532
independent_2401_2405,drtp_sg,2404,9,4501,5000,1.28,policy_loss,-0.0019305706078990602
independent_2401_2405,drtp_sg,2404,9,4501,5000,1.28,value_loss,0.7139413434378803
independent_2401_2405,drtp_sg,2404,9,4501,5000,1.28,grad_norm,3.2404363465309145
independent_2401_2405,drtp_sg,2404,10,5001,5500,1.408,train_avg_reward,0.12322762304730714
independent_2401_2405,drtp_sg,2404,10,5001,5500,1.408,entropy,2.2054144347906113
independent_2401_2405,drtp_sg,2404,10,5001,5500,1.408,approx_kl,0.0009255121181210294
independent_2401_2405,drtp_sg,2404,10,5001,5500,1.408,policy_loss,-0.002000189003810185
independent_2401_2405,drtp_sg,2404,10,5001,5500,1.408,value_loss,0.69982392921485
independent_2401_2405,drtp_sg,2404,10,5001,5500,1.408,grad_norm,3.255445525839925
independent_2401_2405,drtp_sg,2404,11,5501,6000,1.536,train_avg_reward,0.13314058707281948
independent_2401_2405,drtp_sg,2404,11,5501,6000,1.536,entropy,2.1264465618133546
independent_2401_2405,drtp_sg,2404,11,5501,6000,1.536,approx_kl,0.000948125110145156
independent_2401_2405,drtp_sg,2404,11,5501,6000,1.536,policy_loss,-0.0019478401239645083
independent_2401_2405,drtp_sg,2404,11,5501,6000,1.536,value_loss,0.6084161497913301
independent_2401_2405,drtp_sg,2404,11,5501,6000,1.536,grad_norm,3.087050371915102
independent_2401_2405,drtp_sg,2404,12,6001,6500,1.664,train_avg_reward,0.1472492284849286
independent_2401_2405,drtp_sg,2404,12,6001,6500,1.664,entropy,2.2381067428588866
independent_2401_2405,drtp_sg,2404,12,6001,6500,1.664,approx_kl,0.0011949746963528013
independent_2401_2405,drtp_sg,2404,12,6001,6500,1.664,policy_loss,-0.0020020221162873842
independent_2401_2405,drtp_sg,2404,12,6001,6500,1.664,value_loss,0.7181261223144829
independent_2401_2405,drtp_sg,2404,12,6001,6500,1.664,grad_norm,3.4895766442269087
independent_2401_2405,drtp_sg,2404,13,6501,7000,1.792,train_avg_reward,0.17012119248509408
independent_2401_2405,drtp_sg,2404,13,6501,7000,1.792,entropy,2.335449535548687
independent_2401_2405,drtp_sg,2404,13,6501,7000,1.792,approx_kl,0.0009145419400403321
independent_2401_2405,drtp_sg,2404,13,6501,7000,1.792,policy_loss,-0.001791162649219494
independent_2401_2405,drtp_sg,2404,13,6501,7000,1.792,value_loss,0.8745266980864108
independent_2401_2405,drtp_sg,2404,13,6501,7000,1.792,grad_norm,3.957919969856739
independent_2401_2405,drtp_sg,2404,14,7001,7500,1.92,train_avg_reward,0.16128247982263566
independent_2401_2405,drtp_sg,2404,14,7001,7500,1.92,entropy,2.2963252671360967
independent_2401_2405,drtp_sg,2404,14,7001,7500,1.92,approx_kl,0.0013313916110012844
independent_2401_2405,drtp_sg,2404,14,7001,7500,1.92,policy_loss,-0.0021751654200651577
independent_2401_2405,drtp_sg,2404,14,7001,7500,1.92,value_loss,0.8756759052574634
independent_2401_2405,drtp_sg,2404,14,7001,7500,1.92,grad_norm,4.148856637194752
independent_2401_2405,drtp_sg,2404,15,7501,8000,2.048,train_avg_reward,0.14927758214622736
independent_2401_2405,drtp_sg,2404,15,7501,8000,2.048,entropy,2.2006654398441317
independent_2401_2405,drtp_sg,2404,15,7501,8000,2.048,approx_kl,0.001108408507905248
independent_2401_2405,drtp_sg,2404,15,7501,8000,2.048,policy_loss,-0.002002667095082837
independent_2401_2405,drtp_sg,2404,15,7501,8000,2.048,value_loss,0.7239589542597532
independent_2401_2405,drtp_sg,2404,15,7501,8000,2.048,grad_norm,3.5555012105107306
independent_2401_2405,drtp_sg,2404,16,8001,8500,2.176,train_avg_reward,0.16693612829595805
independent_2401_2405,drtp_sg,2404,16,8001,8500,2.176,entropy,2.164331806063652
independent_2401_2405,drtp_sg,2404,16,8001,8500,2.176,approx_kl,0.000974190869433793
independent_2401_2405,drtp_sg,2404,16,8001,8500,2.176,policy_loss,-0.001795127555562005
independent_2401_2405,drtp_sg,2404,16,8001,8500,2.176,value_loss,0.8827395385950804
independent_2401_2405,drtp_sg,2404,16,8001,8500,2.176,grad_norm,4.0314938873648645
independent_2401_2405,drtp_sg,2404,17,8501,9000,2.304,train_avg_reward,0.18486195404082537
independent_2401_2405,drtp_sg,2404,17,8501,9000,2.304,entropy,2.136084961891174
independent_2401_2405,drtp_sg,2404,17,8501,9000,2.304,approx_kl,0.0011192884153288102
independent_2401_2405,drtp_sg,2404,17,8501,9000,2.304,policy_loss,-0.002042278759537572
independent_2401_2405,drtp_sg,2404,17,8501,9000,2.304,value_loss,0.7316337818950415
independent_2401_2405,drtp_sg,2404,17,8501,9000,2.304,grad_norm,4.111084302246571
independent_2401_2405,drtp_sg,2404,18,9001,9500,2.432,train_avg_reward,0.1823828870356083
independent_2401_2405,drtp_sg,2404,18,9001,9500,2.432,entropy,1.9847440814971924
independent_2401_2405,drtp_sg,2404,18,9001,9500,2.432,approx_kl,0.0010928432896183337
independent_2401_2405,drtp_sg,2404,18,9001,9500,2.432,policy_loss,-0.001932526510149198
independent_2401_2405,drtp_sg,2404,18,9001,9500,2.432,value_loss,0.8537116715833545
independent_2401_2405,drtp_sg,2404,18,9001,9500,2.432,grad_norm,4.56242933639884
independent_2401_2405,drtp_sg,2404,19,9501,10000,2.56,train_avg_reward,0.17424249152839183
independent_2401_2405,drtp_sg,2404,19,9501,10000,2.56,entropy,2.013143852174282
independent_2401_2405,drtp_sg,2404,19,9501,10000,2.56,approx_kl,0.0011594880592510884
independent_2401_2405,drtp_sg,2404,19,9501,10000,2.56,policy_loss,-0.0020911329310453544
independent_2401_2405,drtp_sg,2404,19,9501,10000,2.56,value_loss,0.7735193171910941
independent_2401_2405,drtp_sg,2404,19,9501,10000,2.56,grad_norm,4.349509940654039
independent_2401_2405,drtp_sg,2404,20,10001,10500,2.688,train_avg_reward,0.1899798095077276
independent_2401_2405,drtp_sg,2404,20,10001,10500,2.688,entropy,2.0593479080200194
independent_2401_2405,drtp_sg,2404,20,10001,10500,2.688,approx_kl,0.0012756599268086567
independent_2401_2405,drtp_sg,2404,20,10001,10500,2.688,policy_loss,-0.0022655067322770316
independent_2401_2405,drtp_sg,2404,20,10001,10500,2.688,value_loss,0.8213915923163295
independent_2401_2405,drtp_sg,2404,20,10001,10500,2.688,grad_norm,4.346887554943562
independent_2401_2405,drtp_sg,2404,21,10501,11000,2.816,train_avg_reward,0.2060727626271546
independent_2401_2405,drtp_sg,2404,21,10501,11000,2.816,entropy,2.0001318522691727
independent_2401_2405,drtp_sg,2404,21,10501,11000,2.816,approx_kl,0.0011330204090245378
independent_2401_2405,drtp_sg,2404,21,10501,11000,2.816,policy_loss,-0.0021005618762996235
independent_2401_2405,drtp_sg,2404,21,10501,11000,2.816,value_loss,0.7003152825050056
independent_2401_2405,drtp_sg,2404,21,10501,11000,2.816,grad_norm,4.58301612702012
independent_2401_2405,drtp_sg,2404,22,11001,11500,2.944,train_avg_reward,0.18661893890798092
independent_2401_2405,drtp_sg,2404,22,11001,11500,2.944,entropy,1.9557231654524803
independent_2401_2405,drtp_sg,2404,22,11001,11500,2.944,approx_kl,0.0012276348439991109
independent_2401_2405,drtp_sg,2404,22,11001,11500,2.944,policy_loss,-0.0022301806367599976
independent_2401_2405,drtp_sg,2404,22,11001,11500,2.944,value_loss,1.0650192038267852
independent_2401_2405,drtp_sg,2404,22,11001,11500,2.944,grad_norm,5.205078578323126
independent_2401_2405,drtp_sg,2404,23,11501,12000,3.072,train_avg_reward,0.19477875932678582
independent_2401_2405,drtp_sg,2404,23,11501,12000,3.072,entropy,1.9313613973259927
independent_2401_2405,drtp_sg,2404,23,11501,12000,3.072,approx_kl,0.0013779893135000888
independent_2401_2405,drtp_sg,2404,23,11501,12000,3.072,policy_loss,-0.002335697950558013
independent_2401_2405,drtp_sg,2404,23,11501,12000,3.072,value_loss,0.7541646099239587
independent_2401_2405,drtp_sg,2404,23,11501,12000,3.072,grad_norm,4.63050562492013
independent_2401_2405,drtp_sg,2404,24,12001,12500,3.2,train_avg_reward,0.19981272298842667
independent_2401_2405,drtp_sg,2404,24,12001,12500,3.2,entropy,2.016642678916454
independent_2401_2405,drtp_sg,2404,24,12001,12500,3.2,approx_kl,0.0012906442011027725
independent_2401_2405,drtp_sg,2404,24,12001,12500,3.2,policy_loss,-0.0022000550951471083
independent_2401_2405,drtp_sg,2404,24,12001,12500,3.2,value_loss,0.8681862131282687
independent_2401_2405,drtp_sg,2404,24,12001,12500,3.2,grad_norm,5.2838434625566
independent_2401_2405,drtp_sg,2404,25,12501,13000,3.328,train_avg_reward,0.20900878977775575
independent_2401_2405,drtp_sg,2404,25,12501,13000,3.328,entropy,1.8811498016119004
independent_2401_2405,drtp_sg,2404,25,12501,13000,3.328,approx_kl,0.0011866781035447867
independent_2401_2405,drtp_sg,2404,25,12501,13000,3.328,policy_loss,-0.002212008664158841
independent_2401_2405,drtp_sg,2404,25,12501,13000,3.328,value_loss,0.8909603173956275
independent_2401_2405,drtp_sg,2404,25,12501,13000,3.328,grad_norm,5.997180554300547
independent_2401_2405,drtp_sg,2404,26,13001,13500,3.456,train_avg_reward,0.18287636607140303
independent_2401_2405,drtp_sg,2404,26,13001,13500,3.456,entropy,1.923685983479023
independent_2401_2405,drtp_sg,2404,26,13001,13500,3.456,approx_kl,0.0013024894839927567
independent_2401_2405,drtp_sg,2404,26,13001,13500,3.456,policy_loss,-0.0023227552686240025
independent_2401_2405,drtp_sg,2404,26,13001,13500,3.456,value_loss,1.0036221741065383
independent_2401_2405,drtp_sg,2404,26,13001,13500,3.456,grad_norm,5.062943659991026
independent_2401_2405,drtp_sg,2404,27,13501,14000,3.584,train_avg_reward,0.21443814111500978
independent_2401_2405,drtp_sg,2404,27,13501,14000,3.584,entropy,1.8857348639369012
independent_2401_2405,drtp_sg,2404,27,13501,14000,3.584,approx_kl,0.001301873587580605
independent_2401_2405,drtp_sg,2404,27,13501,14000,3.584,policy_loss,-0.0022168352722124686
independent_2401_2405,drtp_sg,2404,27,13501,14000,3.584,value_loss,0.8964798581562936
independent_2401_2405,drtp_sg,2404,27,13501,14000,3.584,grad_norm,5.211549870863557
independent_2401_2405,drtp_sg,2404,28,14001,14500,3.712,train_avg_reward,0.2350362129509449
independent_2401_2405,drtp_sg,2404,28,14001,14500,3.712,entropy,1.8346274386048318
independent_2401_2405,drtp_sg,2404,28,14001,14500,3.712,approx_kl,0.001236166762397259
independent_2401_2405,drtp_sg,2404,28,14001,14500,3.712,policy_loss,-0.001997951050966805
independent_2401_2405,drtp_sg,2404,28,14001,14500,3.712,value_loss,0.7389891070909799
independent_2401_2405,drtp_sg,2404,28,14001,14500,3.712,grad_norm,6.278169437199831
independent_2401_2405,drtp_sg,2404,29,14501,15000,3.84,train_avg_reward,0.23497295108437538
independent_2401_2405,drtp_sg,2404,29,14501,15000,3.84,entropy,1.8751187291145324
independent_2401_2405,drtp_sg,2404,29,14501,15000,3.84,approx_kl,0.0012133391184288467
independent_2401_2405,drtp_sg,2404,29,14501,15000,3.84,policy_loss,-0.0020940357224458065
independent_2401_2405,drtp_sg,2404,29,14501,15000,3.84,value_loss,0.6826922418717295
independent_2401_2405,drtp_sg,2404,29,14501,15000,3.84,grad_norm,5.4465754813849925
independent_2401_2405,drtp_sg,2404,30,15001,15500,3.968,train_avg_reward,0.12286526663973928
independent_2401_2405,drtp_sg,2404,30,15001,15500,3.968,entropy,1.8625351024270058
independent_2401_2405,drtp_sg,2404,30,15001,15500,3.968,approx_kl,0.002893925343609528
independent_2401_2405,drtp_sg,2404,30,15001,15500,3.968,policy_loss,-0.0031354630574844515
independent_2401_2405,drtp_sg,2404,30,15001,15500,3.968,value_loss,0.5016390717159956
independent_2401_2405,drtp_sg,2404,30,15001,15500,3.968,grad_norm,2.885805687353015
independent_2401_2405,drtp_sg,2404,31,15501,16000,4.096,train_avg_reward,0.08485936542972922
independent_2401_2405,drtp_sg,2404,31,15501,16000,4.096,entropy,1.9861112025380134
independent_2401_2405,drtp_sg,2404,31,15501,16000,4.096,approx_kl,0.002024084195162382
independent_2401_2405,drtp_sg,2404,31,15501,16000,4.096,policy_loss,-0.0029970022034646374
independent_2401_2405,drtp_sg,2404,31,15501,16000,4.096,value_loss,0.16503732248954475
independent_2401_2405,drtp_sg,2404,31,15501,16000,4.096,grad_norm,1.1999131517857313
independent_2401_2405,drtp_sg,2404,32,16001,16500,4.224,train_avg_reward,0.17116921177506447
independent_2401_2405,drtp_sg,2404,32,16001,16500,4.224,entropy,1.921928540289402
independent_2401_2405,drtp_sg,2404,32,16001,16500,4.224,approx_kl,0.0007612592979870274
independent_2401_2405,drtp_sg,2404,32,16001,16500,4.224,policy_loss,-0.0016715561591529485
independent_2401_2405,drtp_sg,2404,32,16001,16500,4.224,value_loss,0.8292964338893071
independent_2401_2405,drtp_sg,2404,32,16001,16500,4.224,grad_norm,3.503728395804763
independent_2401_2405,drtp_sg,2404,33,16501,17000,4.352,train_avg_reward,0.1859239764288068
independent_2401_2405,drtp_sg,2404,33,16501,17000,4.352,entropy,1.866186471402645
independent_2401_2405,drtp_sg,2404,33,16501,17000,4.352,approx_kl,0.0007723210549189978
independent_2401_2405,drtp_sg,2404,33,16501,17000,4.352,policy_loss,-0.0017478014475608248
independent_2401_2405,drtp_sg,2404,33,16501,17000,4.352,value_loss,0.6357939087562263
independent_2401_2405,drtp_sg,2404,33,16501,17000,4.352,grad_norm,4.948570628196001
independent_2401_2405,drtp_sg,2404,34,17001,17500,4.48,train_avg_reward,0.17349807107076048
independent_2401_2405,drtp_sg,2404,34,17001,17500,4.48,entropy,1.679912931919098
independent_2401_2405,drtp_sg,2404,34,17001,17500,4.48,approx_kl,0.0011466327164566777
independent_2401_2405,drtp_sg,2404,34,17001,17500,4.48,policy_loss,-0.002128800230586079
independent_2401_2405,drtp_sg,2404,34,17001,17500,4.48,value_loss,0.8323853860944509
independent_2401_2405,drtp_sg,2404,34,17001,17500,4.48,grad_norm,4.796132539331913
independent_2401_2405,drtp_sg,2404,35,17501,18000,4.608,train_avg_reward,0.18178892907500266
independent_2401_2405,drtp_sg,2404,35,17501,18000,4.608,entropy,1.7305592511296273
independent_2401_2405,drtp_sg,2404,35,17501,18000,4.608,approx_kl,0.0013265340500679455
independent_2401_2405,drtp_sg,2404,35,17501,18000,4.608,policy_loss,-0.002250887443554432
independent_2401_2405,drtp_sg,2404,35,17501,18000,4.608,value_loss,0.9669738353956491
independent_2401_2405,drtp_sg,2404,35,17501,18000,4.608,grad_norm,5.246475004136562
independent_2401_2405,drtp_sg,2404,36,18001,18500,4.736,train_avg_reward,0.2059799292460084
independent_2401_2405,drtp_sg,2404,36,18001,18500,4.736,entropy,1.8499374752640725
independent_2401_2405,drtp_sg,2404,36,18001,18500,4.736,approx_kl,0.0011435899066345855
independent_2401_2405,drtp_sg,2404,36,18001,18500,4.736,policy_loss,-0.0022230198960545206
independent_2401_2405,drtp_sg,2404,36,18001,18500,4.736,value_loss,0.6446549065671862
independent_2401_2405,drtp_sg,2404,36,18001,18500,4.736,grad_norm,4.598262819647789
independent_2401_2405,drtp_sg,2404,37,18501,19000,4.864,train_avg_reward,0.22727239595353604
independent_2401_2405,drtp_sg,2404,37,18501,19000,4.864,entropy,1.8469014887809754
independent_2401_2405,drtp_sg,2404,37,18501,19000,4.864,approx_kl,0.0012665329757946863
independent_2401_2405,drtp_sg,2404,37,18501,19000,4.864,policy_loss,-0.002319192334959163
independent_2401_2405,drtp_sg,2404,37,18501,19000,4.864,value_loss,0.6336819463837892
independent_2401_2405,drtp_sg,2404,37,18501,19000,4.864,grad_norm,5.176975759357214
independent_2401_2405,drtp_sg,2404,38,19001,19500,4.992,train_avg_reward,0.20369157123565673
independent_2401_2405,drtp_sg,2404,38,19001,19500,4.992,entropy,1.7218219557404517
independent_2401_2405,drtp_sg,2404,38,19001,19500,4.992,approx_kl,0.0010819549060885616
independent_2401_2405,drtp_sg,2404,38,19001,19500,4.992,policy_loss,-0.0021362283863533547
independent_2401_2405,drtp_sg,2404,38,19001,19500,4.992,value_loss,0.9839372557327152
independent_2401_2405,drtp_sg,2404,38,19001,19500,4.992,grad_norm,5.518316418856382
independent_2401_2405,drtp_sg,2404,39,19501,20000,5.12,train_avg_reward,0.2124853274822235
independent_2401_2405,drtp_sg,2404,39,19501,20000,5.12,entropy,1.7723777323961258
independent_2401_2405,drtp_sg,2404,39,19501,20000,5.12,approx_kl,0.0011635963303184898
independent_2401_2405,drtp_sg,2404,39,19501,20000,5.12,policy_loss,-0.002237481925011658
independent_2401_2405,drtp_sg,2404,39,19501,20000,5.12,value_loss,0.8991359468661249
independent_2401_2405,drtp_sg,2404,39,19501,20000,5.12,grad_norm,5.582926933079958
independent_2401_2405,drtp_sg,2404,40,20001,20500,5.248,train_avg_reward,0.17473694879189133
independent_2401_2405,drtp_sg,2404,40,20001,20500,5.248,entropy,1.7881043835282326
independent_2401_2405,drtp_sg,2404,40,20001,20500,5.248,approx_kl,0.0015183733153589828
independent_2401_2405,drtp_sg,2404,40,20001,20500,5.248,policy_loss,-0.00258609856767842
independent_2401_2405,drtp_sg,2404,40,20001,20500,5.248,value_loss,1.0659798292042688
independent_2401_2405,drtp_sg,2404,40,20001,20500,5.248,grad_norm,6.0091704096049074
independent_2401_2405,drtp_sg,2404,41,20501,21000,5.376,train_avg_reward,0.17288457795232534
independent_2401_2405,drtp_sg,2404,41,20501,21000,5.376,entropy,1.7306317828893663
independent_2401_2405,drtp_sg,2404,41,20501,21000,5.376,approx_kl,0.0014916574208255016
independent_2401_2405,drtp_sg,2404,41,20501,21000,5.376,policy_loss,-0.002641657312817654
independent_2401_2405,drtp_sg,2404,41,20501,21000,5.376,value_loss,0.9176334475651383
independent_2401_2405,drtp_sg,2404,41,20501,21000,5.376,grad_norm,4.485852809265256
independent_2401_2405,drtp_sg,2404,42,21001,21500,5.504,train_avg_reward,0.1925124788098037
independent_2401_2405,drtp_sg,2404,42,21001,21500,5.504,entropy,1.748793051958084
independent_2401_2405,drtp_sg,2404,42,21001,21500,5.504,approx_kl,0.001216768887060574
independent_2401_2405,drtp_sg,2404,42,21001,21500,5.504,policy_loss,-0.00240274358480266
independent_2401_2405,drtp_sg,2404,42,21001,21500,5.504,value_loss,1.246855520065874
independent_2401_2405,drtp_sg,2404,42,21001,21500,5.504,grad_norm,5.913957552492619
independent_2401_2405,drtp_sg,2404,43,21501,22000,5.632,train_avg_reward,0.21263421450555325
independent_2401_2405,drtp_sg,2404,43,21501,22000,5.632,entropy,1.8700322843194008
independent_2401_2405,drtp_sg,2404,43,21501,22000,5.632,approx_kl,0.001422147151645424
independent_2401_2405,drtp_sg,2404,43,21501,22000,5.632,policy_loss,-0.0025566176403898845
independent_2401_2405,drtp_sg,2404,43,21501,22000,5.632,value_loss,0.9912851004451513
independent_2401_2405,drtp_sg,2404,43,21501,22000,5.632,grad_norm,6.208288826078176
independent_2401_2405,drtp_sg,2404,44,22001,22500,5.76,train_avg_reward,0.23657897351682186
independent_2401_2405,drtp_sg,2404,44,22001,22500,5.76,entropy,1.8235497356653214
independent_2401_2405,drtp_sg,2404,44,22001,22500,5.76,approx_kl,0.001788991995886434
independent_2401_2405,drtp_sg,2404,44,22001,22500,5.76,policy_loss,-0.002633381311298377
independent_2401_2405,drtp_sg,2404,44,22001,22500,5.76,value_loss,0.5836748454812914
independent_2401_2405,drtp_sg,2404,44,22001,22500,5.76,grad_norm,4.967011610955
independent_2401_2405,drtp_sg,2404,45,22501,23000,5.888,train_avg_reward,0.22301640913635493
independent_2401_2405,drtp_sg,2404,45,22501,23000,5.888,entropy,1.6796141077280045
independent_2401_2405,drtp_sg,2404,45,22501,23000,5.888,approx_kl,0.0013524055800683793
independent_2401_2405,drtp_sg,2404,45,22501,23000,5.888,policy_loss,-0.0024595798548293795
independent_2401_2405,drtp_sg,2404,45,22501,23000,5.888,value_loss,0.6919332891777158
independent_2401_2405,drtp_sg,2404,45,22501,23000,5.888,grad_norm,4.585245273411274
independent_2401_2405,drtp_sg,2404,46,23001,23500,6.016,train_avg_reward,0.22489929736405612
independent_2401_2405,drtp_sg,2404,46,23001,23500,6.016,entropy,1.716202449321747
independent_2401_2405,drtp_sg,2404,46,23001,23500,6.016,approx_kl,0.0014202111605715454
independent_2401_2405,drtp_sg,2404,46,23001,23500,6.016,policy_loss,-0.0024110568269885696
independent_2401_2405,drtp_sg,2404,46,23001,23500,6.016,value_loss,0.8684908755160868
independent_2401_2405,drtp_sg,2404,46,23001,23500,6.016,grad_norm,5.469848629102111
independent_2401_2405,drtp_sg,2404,47,23501,24000,6.144,train_avg_reward,0.24245099096745254
independent_2401_2405,drtp_sg,2404,47,23501,24000,6.144,entropy,1.7334670729637145
independent_2401_2405,drtp_sg,2404,47,23501,24000,6.144,approx_kl,0.0014733572566492461
independent_2401_2405,drtp_sg,2404,47,23501,24000,6.144,policy_loss,-0.0023251288392600188
independent_2401_2405,drtp_sg,2404,47,23501,24000,6.144,value_loss,0.697599814068526
independent_2401_2405,drtp_sg,2404,47,23501,24000,6.144,grad_norm,5.652260934919119
independent_2401_2405,drtp_sg,2404,48,24001,24500,6.272,train_avg_reward,0.21785364685207606
independent_2401_2405,drtp_sg,2404,48,24001,24500,6.272,entropy,1.7497472220659256
independent_2401_2405,drtp_sg,2404,48,24001,24500,6.272,approx_kl,0.0015907429362500764
independent_2401_2405,drtp_sg,2404,48,24001,24500,6.272,policy_loss,-0.00243727701530952
independent_2401_2405,drtp_sg,2404,48,24001,24500,6.272,value_loss,0.8381746538300067
independent_2401_2405,drtp_sg,2404,48,24001,24500,6.272,grad_norm,6.020786772504449
independent_2401_2405,drtp_sg,2404,49,24501,25000,6.4,train_avg_reward,0.22348397571593523
independent_2401_2405,drtp_sg,2404,49,24501,25000,6.4,entropy,1.7451316426992416
independent_2401_2405,drtp_sg,2404,49,24501,25000,6.4,approx_kl,0.0018328659785499088
independent_2401_2405,drtp_sg,2404,49,24501,25000,6.4,policy_loss,-0.002460030812092965
independent_2401_2405,drtp_sg,2404,49,24501,25000,6.4,value_loss,0.7618220614120365
independent_2401_2405,drtp_sg,2404,49,24501,25000,6.4,grad_norm,5.412559504121542
independent_2401_2405,drtp_sg,2404,50,25001,25500,6.528,train_avg_reward,0.21320393498241902
independent_2401_2405,drtp_sg,2404,50,25001,25500,6.528,entropy,1.7368087183833123
independent_2401_2405,drtp_sg,2404,50,25001,25500,6.528,approx_kl,0.001293657746121573
independent_2401_2405,drtp_sg,2404,50,25001,25500,6.528,policy_loss,-0.002259997456355372
independent_2401_2405,drtp_sg,2404,50,25001,25500,6.528,value_loss,0.9645872148461639
independent_2401_2405,drtp_sg,2404,50,25001,25500,6.528,grad_norm,5.758251282691956
independent_2401_2405,drtp_sg,2404,51,25501,26000,6.656,train_avg_reward,0.23005386519432067
independent_2401_2405,drtp_sg,2404,51,25501,26000,6.656,entropy,1.679905965089798
independent_2401_2405,drtp_sg,2404,51,25501,26000,6.656,approx_kl,0.0015174175415721294
independent_2401_2405,drtp_sg,2404,51,25501,26000,6.656,policy_loss,-0.0023823170812907707
independent_2401_2405,drtp_sg,2404,51,25501,26000,6.656,value_loss,0.6757569420319051
independent_2401_2405,drtp_sg,2404,51,25501,26000,6.656,grad_norm,5.033264492422342
independent_2401_2405,drtp_sg,2404,52,26001,26500,6.784,train_avg_reward,0.21581515125185252
independent_2401_2405,drtp_sg,2404,52,26001,26500,6.784,entropy,1.760336872935295
independent_2401_2405,drtp_sg,2404,52,26001,26500,6.784,approx_kl,0.0015550068966822385
independent_2401_2405,drtp_sg,2404,52,26001,26500,6.784,policy_loss,-0.0025111497857338797
independent_2401_2405,drtp_sg,2404,52,26001,26500,6.784,value_loss,0.7033358169198036
independent_2401_2405,drtp_sg,2404,52,26001,26500,6.784,grad_norm,5.290003621786833
independent_2401_2405,drtp_sg,2404,53,26501,27000,6.912,train_avg_reward,0.22614787762612104
independent_2401_2405,drtp_sg,2404,53,26501,27000,6.912,entropy,1.6869054302573203
independent_2401_2405,drtp_sg,2404,53,26501,27000,6.912,approx_kl,0.0017627104917637504
independent_2401_2405,drtp_sg,2404,53,26501,27000,6.912,policy_loss,-0.0027013775570846207
independent_2401_2405,drtp_sg,2404,53,26501,27000,6.912,value_loss,0.7328326649125665
independent_2401_2405,drtp_sg,2404,53,26501,27000,6.912,grad_norm,5.12216469489038
independent_2401_2405,drtp_sg,2404,54,27001,27500,7.04,train_avg_reward,0.2194307215884328
independent_2401_2405,drtp_sg,2404,54,27001,27500,7.04,entropy,1.7122985250353813
independent_2401_2405,drtp_sg,2404,54,27001,27500,7.04,approx_kl,0.0013811354926835163
independent_2401_2405,drtp_sg,2404,54,27001,27500,7.04,policy_loss,-0.0022620781564346723
independent_2401_2405,drtp_sg,2404,54,27001,27500,7.04,value_loss,0.7870553460409865
independent_2401_2405,drtp_sg,2404,54,27001,27500,7.04,grad_norm,5.140871044144034
independent_2401_2405,drtp_sg,2404,55,27501,28000,7.168,train_avg_reward,0.2444350047558546
independent_2401_2405,drtp_sg,2404,55,27501,28000,7.168,entropy,1.641908985555172
independent_2401_2405,drtp_sg,2404,55,27501,28000,7.168,approx_kl,0.0016863462264597366
independent_2401_2405,drtp_sg,2404,55,27501,28000,7.168,policy_loss,-0.0025825477774101204
independent_2401_2405,drtp_sg,2404,55,27501,28000,7.168,value_loss,0.5033775510005652
independent_2401_2405,drtp_sg,2404,55,27501,28000,7.168,grad_norm,5.044050633490086
independent_2401_2405,drtp_sg,2404,56,28001,28500,7.296,train_avg_reward,0.24476153802871703
independent_2401_2405,drtp_sg,2404,56,28001,28500,7.296,entropy,1.6995779438614844
independent_2401_2405,drtp_sg,2404,56,28001,28500,7.296,approx_kl,0.0016926002060614874
independent_2401_2405,drtp_sg,2404,56,28001,28500,7.296,policy_loss,-0.002644470091435769
independent_2401_2405,drtp_sg,2404,56,28001,28500,7.296,value_loss,0.37689244554005563
independent_2401_2405,drtp_sg,2404,56,28001,28500,7.296,grad_norm,4.11731925341487
independent_2401_2405,drtp_sg,2404,57,28501,29000,7.424,train_avg_reward,0.23896452981233596
independent_2401_2405,drtp_sg,2404,57,28501,29000,7.424,entropy,1.7408363228440284
independent_2401_2405,drtp_sg,2404,57,28501,29000,7.424,approx_kl,0.0019781238232329324
independent_2401_2405,drtp_sg,2404,57,28501,29000,7.424,policy_loss,-0.00312759502651199
independent_2401_2405,drtp_sg,2404,57,28501,29000,7.424,value_loss,0.29858439677208665
independent_2401_2405,drtp_sg,2404,57,28501,29000,7.424,grad_norm,3.448679891675711
independent_2401_2405,drtp_sg,2404,58,29001,29500,7.552,train_avg_reward,0.23194629208743572
independent_2401_2405,drtp_sg,2404,58,29001,29500,7.552,entropy,1.6917221953272819
independent_2401_2405,drtp_sg,2404,58,29001,29500,7.552,approx_kl,0.0016315541246946482
independent_2401_2405,drtp_sg,2404,58,29001,29500,7.552,policy_loss,-0.0028128379369238665
independent_2401_2405,drtp_sg,2404,58,29001,29500,7.552,value_loss,0.4610077936016023
independent_2401_2405,drtp_sg,2404,58,29001,29500,7.552,grad_norm,4.106010294675827
independent_2401_2405,drtp_sg,2404,59,29501,30000,7.68,train_avg_reward,0.2522861324250698
independent_2401_2405,drtp_sg,2404,59,29501,30000,7.68,entropy,1.6492410068511962
independent_2401_2405,drtp_sg,2404,59,29501,30000,7.68,approx_kl,0.0016582773546585116
independent_2401_2405,drtp_sg,2404,59,29501,30000,7.68,policy_loss,-0.002480096718341948
independent_2401_2405,drtp_sg,2404,59,29501,30000,7.68,value_loss,0.40435741312243045
independent_2401_2405,drtp_sg,2404,59,29501,30000,7.68,grad_norm,4.332871474087239
independent_2401_2405,drtp_sg,2404,60,30001,30500,7.808,train_avg_reward,0.23842299298942088
independent_2401_2405,drtp_sg,2404,60,30001,30500,7.808,entropy,1.6169080043435096
independent_2401_2405,drtp_sg,2404,60,30001,30500,7.808,approx_kl,0.001426320637308582
independent_2401_2405,drtp_sg,2404,60,30001,30500,7.808,policy_loss,-0.002497950179398221
independent_2401_2405,drtp_sg,2404,60,30001,30500,7.808,value_loss,0.5590898298751563
independent_2401_2405,drtp_sg,2404,60,30001,30500,7.808,grad_norm,5.0984971693903205
independent_2401_2405,drtp_sg,2404,61,30501,31000,7.936,train_avg_reward,0.24048848801851272
independent_2401_2405,drtp_sg,2404,61,30501,31000,7.936,entropy,1.6406694675683975
independent_2401_2405,drtp_sg,2404,61,30501,31000,7.936,approx_kl,0.0016325739182381405
independent_2401_2405,drtp_sg,2404,61,30501,31000,7.936,policy_loss,-0.002674403851251839
independent_2401_2405,drtp_sg,2404,61,30501,31000,7.936,value_loss,0.45714126982726155
independent_2401_2405,drtp_sg,2404,61,30501,31000,7.936,grad_norm,4.256516201809049
independent_2401_2405,drtp_sg,2404,62,31001,31500,8.064,train_avg_reward,0.2193962417319417
independent_2401_2405,drtp_sg,2404,62,31001,31500,8.064,entropy,1.5233240191936492
independent_2401_2405,drtp_sg,2404,62,31001,31500,8.064,approx_kl,0.0014814409074469896
independent_2401_2405,drtp_sg,2404,62,31001,31500,8.064,policy_loss,-0.0025696021655994814
independent_2401_2405,drtp_sg,2404,62,31001,31500,8.064,value_loss,0.6083338094148785
independent_2401_2405,drtp_sg,2404,62,31001,31500,8.064,grad_norm,4.444984007954598
independent_2401_2405,drtp_sg,2404,63,31501,32000,8.192,train_avg_reward,0.24698743319511413
independent_2401_2405,drtp_sg,2404,63,31501,32000,8.192,entropy,1.4410352046489716
independent_2401_2405,drtp_sg,2404,63,31501,32000,8.192,approx_kl,0.001269420565072166
independent_2401_2405,drtp_sg,2404,63,31501,32000,8.192,policy_loss,-0.002274042277981273
independent_2401_2405,drtp_sg,2404,63,31501,32000,8.192,value_loss,0.36846092916093764
independent_2401_2405,drtp_sg,2404,63,31501,32000,8.192,grad_norm,4.664633666574955
independent_2401_2405,drtp_sg,2404,64,32001,32500,8.32,train_avg_reward,0.16374052602704614
independent_2401_2405,drtp_sg,2404,64,32001,32500,8.32,entropy,1.5653813380002974
independent_2401_2405,drtp_sg,2404,64,32001,32500,8.32,approx_kl,0.001460220047297596
independent_2401_2405,drtp_sg,2404,64,32001,32500,8.32,policy_loss,-0.002615999691731009
independent_2401_2405,drtp_sg,2404,64,32001,32500,8.32,value_loss,1.074911237893626
independent_2401_2405,drtp_sg,2404,64,32001,32500,8.32,grad_norm,4.883489417999983
independent_2401_2405,drtp_sg,2404,65,32501,33000,8.448,train_avg_reward,0.2320766749083996
independent_2401_2405,drtp_sg,2404,65,32501,33000,8.448,entropy,1.5941910559535026
independent_2401_2405,drtp_sg,2404,65,32501,33000,8.448,approx_kl,0.0015733430202632555
independent_2401_2405,drtp_sg,2404,65,32501,33000,8.448,policy_loss,-0.0029035474022480125
independent_2401_2405,drtp_sg,2404,65,32501,33000,8.448,value_loss,0.48941859108395874
independent_2401_2405,drtp_sg,2404,65,32501,33000,8.448,grad_norm,4.183183339029551
independent_2401_2405,drtp_sg,2404,66,33001,33500,8.576,train_avg_reward,0.25046143850684166
independent_2401_2405,drtp_sg,2404,66,33001,33500,8.576,entropy,1.4889472900032996
independent_2401_2405,drtp_sg,2404,66,33001,33500,8.576,approx_kl,0.0017061657333306292
independent_2401_2405,drtp_sg,2404,66,33001,33500,8.576,policy_loss,-0.0027446530228906153
independent_2401_2405,drtp_sg,2404,66,33001,33500,8.576,value_loss,0.2898882912369445
independent_2401_2405,drtp_sg,2404,66,33001,33500,8.576,grad_norm,3.6676944817900656
independent_2401_2405,drtp_sg,2404,67,33501,34000,8.704,train_avg_reward,0.23665228305757047
independent_2401_2405,drtp_sg,2404,67,33501,34000,8.704,entropy,1.5848300189971924
independent_2401_2405,drtp_sg,2404,67,33501,34000,8.704,approx_kl,0.0016512717248436516
independent_2401_2405,drtp_sg,2404,67,33501,34000,8.704,policy_loss,-0.0027219862986886906
independent_2401_2405,drtp_sg,2404,67,33501,34000,8.704,value_loss,0.4996605445072055
independent_2401_2405,drtp_sg,2404,67,33501,34000,8.704,grad_norm,4.694382957130671
independent_2401_2405,drtp_sg,2404,68,34001,34500,8.832,train_avg_reward,0.24585366742312909
independent_2401_2405,drtp_sg,2404,68,34001,34500,8.832,entropy,1.5261232677102088
independent_2401_2405,drtp_sg,2404,68,34001,34500,8.832,approx_kl,0.0017190005030358032
independent_2401_2405,drtp_sg,2404,68,34001,34500,8.832,policy_loss,-0.002517080008249976
independent_2401_2405,drtp_sg,2404,68,34001,34500,8.832,value_loss,0.4734595993552357
independent_2401_2405,drtp_sg,2404,68,34001,34500,8.832,grad_norm,5.049590758249163
independent_2401_2405,drtp_sg,2404,69,34501,35000,8.96,train_avg_reward,0.2548500252366066
independent_2401_2405,drtp_sg,2404,69,34501,35000,8.96,entropy,1.5228603163957595
independent_2401_2405,drtp_sg,2404,69,34501,35000,8.96,approx_kl,0.0015868870064841684
independent_2401_2405,drtp_sg,2404,69,34501,35000,8.96,policy_loss,-0.002503003203580414
independent_2401_2405,drtp_sg,2404,69,34501,35000,8.96,value_loss,0.3247674865424633
independent_2401_2405,drtp_sg,2404,69,34501,35000,8.96,grad_norm,4.296715212523937
independent_2401_2405,drtp_sg,2404,70,35001,35500,9.088,train_avg_reward,0.24668417924642563
independent_2401_2405,drtp_sg,2404,70,35001,35500,9.088,entropy,1.4836232707500459
independent_2401_2405,drtp_sg,2404,70,35001,35500,9.088,approx_kl,0.0016731397651280158
independent_2401_2405,drtp_sg,2404,70,35001,35500,9.088,policy_loss,-0.002560558304700573
independent_2401_2405,drtp_sg,2404,70,35001,35500,9.088,value_loss,0.3782000780878589
independent_2401_2405,drtp_sg,2404,70,35001,35500,9.088,grad_norm,4.9473331842720505
independent_2401_2405,drtp_sg,2404,71,35501,36000,9.216,train_avg_reward,0.23565783305466176
independent_2401_2405,drtp_sg,2404,71,35501,36000,9.216,entropy,1.5544250248074531
independent_2401_2405,drtp_sg,2404,71,35501,36000,9.216,approx_kl,0.0013304832620375778
independent_2401_2405,drtp_sg,2404,71,35501,36000,9.216,policy_loss,-0.002424644968133398
independent_2401_2405,drtp_sg,2404,71,35501,36000,9.216,value_loss,0.6331817037472501
independent_2401_2405,drtp_sg,2404,71,35501,36000,9.216,grad_norm,5.376952075079084
independent_2401_2405,drtp_sg,2404,72,36001,36500,9.344,train_avg_reward,0.23904085282981397
independent_2401_2405,drtp_sg,2404,72,36001,36500,9.344,entropy,1.6656757282614707
independent_2401_2405,drtp_sg,2404,72,36001,36500,9.344,approx_kl,0.0013721219006856628
independent_2401_2405,drtp_sg,2404,72,36001,36500,9.344,policy_loss,-0.0024912427750521564
independent_2401_2405,drtp_sg,2404,72,36001,36500,9.344,value_loss,0.5778832273101434
independent_2401_2405,drtp_sg,2404,72,36001,36500,9.344,grad_norm,4.970309211656451
independent_2401_2405,drtp_sg,2404,73,36501,37000,9.472,train_avg_reward,0.23926493901014328
independent_2401_2405,drtp_sg,2404,73,36501,37000,9.472,entropy,1.6020999450683593
independent_2401_2405,drtp_sg,2404,73,36501,37000,9.472,approx_kl,0.0014355177513795364
independent_2401_2405,drtp_sg,2404,73,36501,37000,9.472,policy_loss,-0.0025538061300302613
independent_2401_2405,drtp_sg,2404,73,36501,37000,9.472,value_loss,0.6066479979222641
independent_2401_2405,drtp_sg,2404,73,36501,37000,9.472,grad_norm,4.798324189305306
independent_2401_2405,drtp_sg,2404,74,37001,37500,9.6,train_avg_reward,0.24741539938747883
independent_2401_2405,drtp_sg,2404,74,37001,37500,9.6,entropy,1.5351491287946701
independent_2401_2405,drtp_sg,2404,74,37001,37500,9.6,approx_kl,0.0012384353455066259
independent_2401_2405,drtp_sg,2404,74,37001,37500,9.6,policy_loss,-0.0024245726767652123
independent_2401_2405,drtp_sg,2404,74,37001,37500,9.6,value_loss,0.33169704556185753
independent_2401_2405,drtp_sg,2404,74,37001,37500,9.6,grad_norm,3.6017489465773105
independent_2401_2405,drtp_sg,2404,75,37501,38000,9.728,train_avg_reward,0.23087954227626323
independent_2401_2405,drtp_sg,2404,75,37501,38000,9.728,entropy,1.6566220132112504
independent_2401_2405,drtp_sg,2404,75,37501,38000,9.728,approx_kl,0.0013699504720423872
independent_2401_2405,drtp_sg,2404,75,37501,38000,9.728,policy_loss,-0.002583637571894695
independent_2401_2405,drtp_sg,2404,75,37501,38000,9.728,value_loss,0.6956942834798246
independent_2401_2405,drtp_sg,2404,75,37501,38000,9.728,grad_norm,4.833740140080452
independent_2401_2405,drtp_sg,2404,76,38001,38500,9.856,train_avg_reward,0.23910226640105248
independent_2401_2405,drtp_sg,2404,76,38001,38500,9.856,entropy,1.6444981508255005
independent_2401_2405,drtp_sg,2404,76,38001,38500,9.856,approx_kl,0.0017876181955895475
independent_2401_2405,drtp_sg,2404,76,38001,38500,9.856,policy_loss,-0.0032131888691614447
independent_2401_2405,drtp_sg,2404,76,38001,38500,9.856,value_loss,0.4879454573597759
independent_2401_2405,drtp_sg,2404,76,38001,38500,9.856,grad_norm,4.094176214188337
independent_2401_2405,drtp_sg,2404,77,38501,39000,9.984,train_avg_reward,0.24060759818553926
independent_2401_2405,drtp_sg,2404,77,38501,39000,9.984,entropy,1.5219776418805122
independent_2401_2405,drtp_sg,2404,77,38501,39000,9.984,approx_kl,0.0013207870600294798
independent_2401_2405,drtp_sg,2404,77,38501,39000,9.984,policy_loss,-0.0025552022790328107
independent_2401_2405,drtp_sg,2404,77,38501,39000,9.984,value_loss,0.4535860898764804
independent_2401_2405,drtp_sg,2404,77,38501,39000,9.984,grad_norm,4.450383539572358
independent_2401_2405,drtp_sg,2404,78,39001,39500,10.112,train_avg_reward,0.21960145211409007
independent_2401_2405,drtp_sg,2404,78,39001,39500,10.112,entropy,1.5490469360162342
independent_2401_2405,drtp_sg,2404,78,39001,39500,10.112,approx_kl,0.0010494330044965527
independent_2401_2405,drtp_sg,2404,78,39001,39500,10.112,policy_loss,-0.0021314635819204113
independent_2401_2405,drtp_sg,2404,78,39001,39500,10.112,value_loss,0.9991861028182838
independent_2401_2405,drtp_sg,2404,78,39001,39500,10.112,grad_norm,6.116259629527728
independent_2401_2405,drtp_sg,2405,0,1,500,0.128,train_avg_reward,-0.019221936179179465
independent_2401_2405,drtp_sg,2405,0,1,500,0.128,entropy,2.5600857434868813
independent_2401_2405,drtp_sg,2405,0,1,500,0.128,approx_kl,0.001065364095260217
independent_2401_2405,drtp_sg,2405,0,1,500,0.128,policy_loss,-0.0020250664495879197
independent_2401_2405,drtp_sg,2405,0,1,500,0.128,value_loss,0.4756802358806599
independent_2401_2405,drtp_sg,2405,0,1,500,0.128,grad_norm,1.6144781876429914
independent_2401_2405,drtp_sg,2405,1,501,1000,0.256,train_avg_reward,0.04243223262891115
independent_2401_2405,drtp_sg,2405,1,501,1000,0.256,entropy,2.488018109023571
independent_2401_2405,drtp_sg,2405,1,501,1000,0.256,approx_kl,0.0011722004623667696
independent_2401_2405,drtp_sg,2405,1,501,1000,0.256,policy_loss,-0.002027934467412114
independent_2401_2405,drtp_sg,2405,1,501,1000,0.256,value_loss,0.383521330148913
independent_2401_2405,drtp_sg,2405,1,501,1000,0.256,grad_norm,1.5080950516685843
independent_2401_2405,drtp_sg,2405,2,1001,1500,0.384,train_avg_reward,0.05056447057829064
independent_2401_2405,drtp_sg,2405,2,1001,1500,0.384,entropy,2.342673175394535
independent_2401_2405,drtp_sg,2405,2,1001,1500,0.384,approx_kl,0.0008642095745834315
independent_2401_2405,drtp_sg,2405,2,1001,1500,0.384,policy_loss,-0.0019673914561999283
independent_2401_2405,drtp_sg,2405,2,1001,1500,0.384,value_loss,0.2746393223833293
independent_2401_2405,drtp_sg,2405,2,1001,1500,0.384,grad_norm,1.1824530854448676
independent_2401_2405,drtp_sg,2405,3,1501,2000,0.512,train_avg_reward,0.09207798850652761
independent_2401_2405,drtp_sg,2405,3,1501,2000,0.512,entropy,2.457653797626495
independent_2401_2405,drtp_sg,2405,3,1501,2000,0.512,approx_kl,0.0006251296305902845
independent_2401_2405,drtp_sg,2405,3,1501,2000,0.512,policy_loss,-0.0015793053376163058
independent_2401_2405,drtp_sg,2405,3,1501,2000,0.512,value_loss,0.5929896438866854
independent_2401_2405,drtp_sg,2405,3,1501,2000,0.512,grad_norm,1.9907740232497453
independent_2401_2405,drtp_sg,2405,4,2001,2500,0.64,train_avg_reward,0.10024581930134445
independent_2401_2405,drtp_sg,2405,4,2001,2500,0.64,entropy,2.527555805325508
independent_2401_2405,drtp_sg,2405,4,2001,2500,0.64,approx_kl,0.0004975243358006385
independent_2401_2405,drtp_sg,2405,4,2001,2500,0.64,policy_loss,-0.0013836095001344608
independent_2401_2405,drtp_sg,2405,4,2001,2500,0.64,value_loss,0.8636790172941983
independent_2401_2405,drtp_sg,2405,4,2001,2500,0.64,grad_norm,2.7406685141324996
independent_2401_2405,drtp_sg,2405,5,2501,3000,0.768,train_avg_reward,0.10605369313899428
independent_2401_2405,drtp_sg,2405,5,2501,3000,0.768,entropy,2.4909754435420037
independent_2401_2405,drtp_sg,2405,5,2501,3000,0.768,approx_kl,0.0006887088656361963
independent_2401_2405,drtp_sg,2405,5,2501,3000,0.768,policy_loss,-0.001669257500358756
independent_2401_2405,drtp_sg,2405,5,2501,3000,0.768,value_loss,0.9155826669372619
independent_2401_2405,drtp_sg,2405,5,2501,3000,0.768,grad_norm,2.867948734432459
independent_2401_2405,drtp_sg,2405,6,3001,3500,0.896,train_avg_reward,0.11720149625185877
independent_2401_2405,drtp_sg,2405,6,3001,3500,0.896,entropy,2.4183628715872763
independent_2401_2405,drtp_sg,2405,6,3001,3500,0.896,approx_kl,0.0007000363787856258
independent_2401_2405,drtp_sg,2405,6,3001,3500,0.896,policy_loss,-0.0016638555858590905
independent_2401_2405,drtp_sg,2405,6,3001,3500,0.896,value_loss,0.998292632650584
independent_2401_2405,drtp_sg,2405,6,3001,3500,0.896,grad_norm,3.3192211139649155
independent_2401_2405,drtp_sg,2405,7,3501,4000,1.024,train_avg_reward,0.10914968919660896
independent_2401_2405,drtp_sg,2405,7,3501,4000,1.024,entropy,2.4000890441536904
independent_2401_2405,drtp_sg,2405,7,3501,4000,1.024,approx_kl,0.0008449467596612218
independent_2401_2405,drtp_sg,2405,7,3501,4000,1.024,policy_loss,-0.0018312746405734785
independent_2401_2405,drtp_sg,2405,7,3501,4000,1.024,value_loss,0.870571394264698
independent_2401_2405,drtp_sg,2405,7,3501,4000,1.024,grad_norm,2.9809563527554275
independent_2401_2405,drtp_sg,2405,8,4001,4500,1.152,train_avg_reward,0.11847815577685833
independent_2401_2405,drtp_sg,2405,8,4001,4500,1.152,entropy,2.4645649898648263
independent_2401_2405,drtp_sg,2405,8,4001,4500,1.152,approx_kl,0.0008991622801022458
independent_2401_2405,drtp_sg,2405,8,4001,4500,1.152,policy_loss,-0.00197534088477133
independent_2401_2405,drtp_sg,2405,8,4001,4500,1.152,value_loss,0.8093096510116011
independent_2401_2405,drtp_sg,2405,8,4001,4500,1.152,grad_norm,2.9695006546080114
independent_2401_2405,drtp_sg,2405,9,4501,5000,1.28,train_avg_reward,0.1263361175879836
independent_2401_2405,drtp_sg,2405,9,4501,5000,1.28,entropy,2.456596480369568
independent_2401_2405,drtp_sg,2405,9,4501,5000,1.28,approx_kl,0.000860035252019467
independent_2401_2405,drtp_sg,2405,9,4501,5000,1.28,policy_loss,-0.001991979982209314
independent_2401_2405,drtp_sg,2405,9,4501,5000,1.28,value_loss,0.9612929117102176
independent_2401_2405,drtp_sg,2405,9,4501,5000,1.28,grad_norm,3.5335458353459837
independent_2401_2405,drtp_sg,2405,10,5001,5500,1.408,train_avg_reward,0.11138411640375853
independent_2401_2405,drtp_sg,2405,10,5001,5500,1.408,entropy,2.3367688999176024
independent_2401_2405,drtp_sg,2405,10,5001,5500,1.408,approx_kl,0.0011362569176059573
independent_2401_2405,drtp_sg,2405,10,5001,5500,1.408,policy_loss,-0.002283266714593386
independent_2401_2405,drtp_sg,2405,10,5001,5500,1.408,value_loss,0.7523866825290024
independent_2401_2405,drtp_sg,2405,10,5001,5500,1.408,grad_norm,3.1228310924619436
independent_2401_2405,drtp_sg,2405,11,5501,6000,1.536,train_avg_reward,0.12784322586655616
independent_2401_2405,drtp_sg,2405,11,5501,6000,1.536,entropy,2.2845303139686584
independent_2401_2405,drtp_sg,2405,11,5501,6000,1.536,approx_kl,0.0010132064309000268
independent_2401_2405,drtp_sg,2405,11,5501,6000,1.536,policy_loss,-0.002028479334061896
independent_2401_2405,drtp_sg,2405,11,5501,6000,1.536,value_loss,0.7209841973371803
independent_2401_2405,drtp_sg,2405,11,5501,6000,1.536,grad_norm,3.1239082806780933
independent_2401_2405,drtp_sg,2405,12,6001,6500,1.664,train_avg_reward,0.08500796306319534
independent_2401_2405,drtp_sg,2405,12,6001,6500,1.664,entropy,2.1038061097860337
independent_2401_2405,drtp_sg,2405,12,6001,6500,1.664,approx_kl,0.002018317572812217
independent_2401_2405,drtp_sg,2405,12,6001,6500,1.664,policy_loss,-0.002727352330261997
independent_2401_2405,drtp_sg,2405,12,6001,6500,1.664,value_loss,0.4526978452596813
independent_2401_2405,drtp_sg,2405,12,6001,6500,1.664,grad_norm,1.9301352464705706
independent_2401_2405,drtp_sg,2405,13,6501,7000,1.792,train_avg_reward,0.1685938128605485
independent_2401_2405,drtp_sg,2405,13,6501,7000,1.792,entropy,2.1702382711172103
independent_2401_2405,drtp_sg,2405,13,6501,7000,1.792,approx_kl,0.0009105316146201401
independent_2401_2405,drtp_sg,2405,13,6501,7000,1.792,policy_loss,-0.001779559916052016
independent_2401_2405,drtp_sg,2405,13,6501,7000,1.792,value_loss,1.2232324430309236
independent_2401_2405,drtp_sg,2405,13,6501,7000,1.792,grad_norm,3.366536613076925
independent_2401_2405,drtp_sg,2405,14,7001,7500,1.92,train_avg_reward,0.17967196745239197
independent_2401_2405,drtp_sg,2405,14,7001,7500,1.92,entropy,2.220500019967556
independent_2401_2405,drtp_sg,2405,14,7001,7500,1.92,approx_kl,0.0011097591481690565
independent_2401_2405,drtp_sg,2405,14,7001,7500,1.92,policy_loss,-0.002290741614222412
independent_2401_2405,drtp_sg,2405,14,7001,7500,1.92,value_loss,1.2385314408689738
independent_2401_2405,drtp_sg,2405,14,7001,7500,1.92,grad_norm,3.61150737914443
independent_2401_2405,drtp_sg,2405,15,7501,8000,2.048,train_avg_reward,0.18341194466687738
independent_2401_2405,drtp_sg,2405,15,7501,8000,2.048,entropy,2.0945418028831484
independent_2401_2405,drtp_sg,2405,15,7501,8000,2.048,approx_kl,0.0010573817939045207
independent_2401_2405,drtp_sg,2405,15,7501,8000,2.048,policy_loss,-0.002102330138616742
independent_2401_2405,drtp_sg,2405,15,7501,8000,2.048,value_loss,1.5177515865303577
independent_2401_2405,drtp_sg,2405,15,7501,8000,2.048,grad_norm,5.014006016135216
independent_2401_2405,drtp_sg,2405,16,8001,8500,2.176,train_avg_reward,0.18941997931338847
independent_2401_2405,drtp_sg,2405,16,8001,8500,2.176,entropy,2.0522115750312806
independent_2401_2405,drtp_sg,2405,16,8001,8500,2.176,approx_kl,0.0010070897310646009
independent_2401_2405,drtp_sg,2405,16,8001,8500,2.176,policy_loss,-0.002220612739123504
independent_2401_2405,drtp_sg,2405,16,8001,8500,2.176,value_loss,1.7022915304601192
independent_2401_2405,drtp_sg,2405,16,8001,8500,2.176,grad_norm,5.638668139308691
independent_2401_2405,drtp_sg,2405,17,8501,9000,2.304,train_avg_reward,0.20136128831282257
independent_2401_2405,drtp_sg,2405,17,8501,9000,2.304,entropy,1.9693989210128784
independent_2401_2405,drtp_sg,2405,17,8501,9000,2.304,approx_kl,0.001149483201166731
independent_2401_2405,drtp_sg,2405,17,8501,9000,2.304,policy_loss,-0.002325883322648107
independent_2401_2405,drtp_sg,2405,17,8501,9000,2.304,value_loss,1.532701980303973
independent_2401_2405,drtp_sg,2405,17,8501,9000,2.304,grad_norm,6.006858779340982
independent_2401_2405,drtp_sg,2405,18,9001,9500,2.432,train_avg_reward,0.19224156832695008
independent_2401_2405,drtp_sg,2405,18,9001,9500,2.432,entropy,1.8255366479158401
independent_2401_2405,drtp_sg,2405,18,9001,9500,2.432,approx_kl,0.001063282645989299
independent_2401_2405,drtp_sg,2405,18,9001,9500,2.432,policy_loss,-0.0023408849394848793
independent_2401_2405,drtp_sg,2405,18,9001,9500,2.432,value_loss,1.598365353319794
independent_2401_2405,drtp_sg,2405,18,9001,9500,2.432,grad_norm,5.465253652334213
independent_2401_2405,drtp_sg,2405,19,9501,10000,2.56,train_avg_reward,0.1871048475652933
independent_2401_2405,drtp_sg,2405,19,9501,10000,2.56,entropy,1.788072106063366
independent_2401_2405,drtp_sg,2405,19,9501,10000,2.56,approx_kl,0.0008679454317618058
independent_2401_2405,drtp_sg,2405,19,9501,10000,2.56,policy_loss,-0.0019515527814475435
independent_2401_2405,drtp_sg,2405,19,9501,10000,2.56,value_loss,1.6478221820667387
independent_2401_2405,drtp_sg,2405,19,9501,10000,2.56,grad_norm,7.756905719488859
independent_2401_2405,drtp_sg,2405,20,10001,10500,2.688,train_avg_reward,0.17457150788139553
independent_2401_2405,drtp_sg,2405,20,10001,10500,2.688,entropy,1.7212507019639016
independent_2401_2405,drtp_sg,2405,20,10001,10500,2.688,approx_kl,0.0012081004096677736
independent_2401_2405,drtp_sg,2405,20,10001,10500,2.688,policy_loss,-0.0024305948291045774
independent_2401_2405,drtp_sg,2405,20,10001,10500,2.688,value_loss,1.6949823336005212
independent_2401_2405,drtp_sg,2405,20,10001,10500,2.688,grad_norm,6.761839792996645
independent_2401_2405,drtp_sg,2405,21,10501,11000,2.816,train_avg_reward,0.20629403545334934
independent_2401_2405,drtp_sg,2405,21,10501,11000,2.816,entropy,1.6865339632630347
independent_2401_2405,drtp_sg,2405,21,10501,11000,2.816,approx_kl,0.0012216428233077746
independent_2401_2405,drtp_sg,2405,21,10501,11000,2.816,policy_loss,-0.0022656716486582408
independent_2401_2405,drtp_sg,2405,21,10501,11000,2.816,value_loss,1.3397522267065942
independent_2401_2405,drtp_sg,2405,21,10501,11000,2.816,grad_norm,5.611207152158022
independent_2401_2405,drtp_sg,2405,22,11001,11500,2.944,train_avg_reward,0.21365566052496432
independent_2401_2405,drtp_sg,2405,22,11001,11500,2.944,entropy,1.8290521590709685
independent_2401_2405,drtp_sg,2405,22,11001,11500,2.944,approx_kl,0.0010609483421718927
independent_2401_2405,drtp_sg,2405,22,11001,11500,2.944,policy_loss,-0.0021921534028936022
independent_2401_2405,drtp_sg,2405,22,11001,11500,2.944,value_loss,1.6169692317470907
independent_2401_2405,drtp_sg,2405,22,11001,11500,2.944,grad_norm,6.620223127156496
independent_2401_2405,drtp_sg,2405,23,11501,12000,3.072,train_avg_reward,0.2219685499034822
independent_2401_2405,drtp_sg,2405,23,11501,12000,3.072,entropy,1.8283765038847923
independent_2401_2405,drtp_sg,2405,23,11501,12000,3.072,approx_kl,0.00114824104155529
independent_2401_2405,drtp_sg,2405,23,11501,12000,3.072,policy_loss,-0.0022560630475286472
independent_2401_2405,drtp_sg,2405,23,11501,12000,3.072,value_loss,1.4935629036277533
independent_2401_2405,drtp_sg,2405,23,11501,12000,3.072,grad_norm,7.080056524991989
independent_2401_2405,drtp_sg,2405,24,12001,12500,3.2,train_avg_reward,0.23415197660028936
independent_2401_2405,drtp_sg,2405,24,12001,12500,3.2,entropy,1.7153467752337457
independent_2401_2405,drtp_sg,2405,24,12001,12500,3.2,approx_kl,0.000735602506288766
independent_2401_2405,drtp_sg,2405,24,12001,12500,3.2,policy_loss,-0.0018799345287420892
independent_2401_2405,drtp_sg,2405,24,12001,12500,3.2,value_loss,1.7121816563978791
independent_2401_2405,drtp_sg,2405,24,12001,12500,3.2,grad_norm,8.164517157137395
independent_2401_2405,drtp_sg,2405,25,12501,13000,3.328,train_avg_reward,0.23597832942008973
independent_2401_2405,drtp_sg,2405,25,12501,13000,3.328,entropy,1.697683614730835
independent_2401_2405,drtp_sg,2405,25,12501,13000,3.328,approx_kl,0.0009352479890903847
independent_2401_2405,drtp_sg,2405,25,12501,13000,3.328,policy_loss,-0.002134368767545833
independent_2401_2405,drtp_sg,2405,25,12501,13000,3.328,value_loss,1.4847170314341784
independent_2401_2405,drtp_sg,2405,25,12501,13000,3.328,grad_norm,7.178816531956196
independent_2401_2405,drtp_sg,2405,26,13001,13500,3.456,train_avg_reward,0.23147240515053272
independent_2401_2405,drtp_sg,2405,26,13001,13500,3.456,entropy,1.6132995277643203
independent_2401_2405,drtp_sg,2405,26,13001,13500,3.456,approx_kl,0.0008065946500134938
independent_2401_2405,drtp_sg,2405,26,13001,13500,3.456,policy_loss,-0.0020713367624631373
independent_2401_2405,drtp_sg,2405,26,13001,13500,3.456,value_loss,1.3206303530670702
independent_2401_2405,drtp_sg,2405,26,13001,13500,3.456,grad_norm,6.429395525962114
independent_2401_2405,drtp_sg,2405,27,13501,14000,3.584,train_avg_reward,0.2541864971965551
independent_2401_2405,drtp_sg,2405,27,13501,14000,3.584,entropy,1.5463017997145654
independent_2401_2405,drtp_sg,2405,27,13501,14000,3.584,approx_kl,0.001215704491102769
independent_2401_2405,drtp_sg,2405,27,13501,14000,3.584,policy_loss,-0.0023943781020253144
independent_2401_2405,drtp_sg,2405,27,13501,14000,3.584,value_loss,0.9598228332586587
independent_2401_2405,drtp_sg,2405,27,13501,14000,3.584,grad_norm,5.759953581765294
independent_2401_2405,drtp_sg,2405,28,14001,14500,3.712,train_avg_reward,0.2722872039526701
independent_2401_2405,drtp_sg,2405,28,14001,14500,3.712,entropy,1.6049709705114366
independent_2401_2405,drtp_sg,2405,28,14001,14500,3.712,approx_kl,0.0009242741225298222
independent_2401_2405,drtp_sg,2405,28,14001,14500,3.712,policy_loss,-0.0020403244991103898
independent_2401_2405,drtp_sg,2405,28,14001,14500,3.712,value_loss,1.2311634882986546
independent_2401_2405,drtp_sg,2405,28,14001,14500,3.712,grad_norm,7.22601682317257
independent_2401_2405,drtp_sg,2405,29,14501,15000,3.84,train_avg_reward,0.26765709088742734
independent_2401_2405,drtp_sg,2405,29,14501,15000,3.84,entropy,1.697263269484043
independent_2401_2405,drtp_sg,2405,29,14501,15000,3.84,approx_kl,0.0013638476059492548
independent_2401_2405,drtp_sg,2405,29,14501,15000,3.84,policy_loss,-0.0025553602160516015
independent_2401_2405,drtp_sg,2405,29,14501,15000,3.84,value_loss,1.288690385837108
independent_2401_2405,drtp_sg,2405,29,14501,15000,3.84,grad_norm,6.139568208098412
independent_2401_2405,drtp_sg,2405,30,15001,15500,3.968,train_avg_reward,0.24548224361240864
independent_2401_2405,drtp_sg,2405,30,15001,15500,3.968,entropy,1.6671741382479668
independent_2401_2405,drtp_sg,2405,30,15001,15500,3.968,approx_kl,0.0011754054865432402
independent_2401_2405,drtp_sg,2405,30,15001,15500,3.968,policy_loss,-0.002337624595759429
independent_2401_2405,drtp_sg,2405,30,15001,15500,3.968,value_loss,1.2378669608049095
independent_2401_2405,drtp_sg,2405,30,15001,15500,3.968,grad_norm,7.111129642516374
independent_2401_2405,drtp_sg,2405,31,15501,16000,4.096,train_avg_reward,0.2532455145567656
independent_2401_2405,drtp_sg,2405,31,15501,16000,4.096,entropy,1.647797528922558
independent_2401_2405,drtp_sg,2405,31,15501,16000,4.096,approx_kl,0.0009646793394346477
independent_2401_2405,drtp_sg,2405,31,15501,16000,4.096,policy_loss,-0.002220222569053214
independent_2401_2405,drtp_sg,2405,31,15501,16000,4.096,value_loss,1.2358945999890565
independent_2401_2405,drtp_sg,2405,31,15501,16000,4.096,grad_norm,7.671989720642567
independent_2401_2405,drtp_sg,2405,32,16001,16500,4.224,train_avg_reward,0.2634911355227232
independent_2401_2405,drtp_sg,2405,32,16001,16500,4.224,entropy,1.6218540209531784
independent_2401_2405,drtp_sg,2405,32,16001,16500,4.224,approx_kl,0.0008459235983928005
independent_2401_2405,drtp_sg,2405,32,16001,16500,4.224,policy_loss,-0.002097272330000341
independent_2401_2405,drtp_sg,2405,32,16001,16500,4.224,value_loss,1.3219179720431566
independent_2401_2405,drtp_sg,2405,32,16001,16500,4.224,grad_norm,7.86429880669713
independent_2401_2405,drtp_sg,2405,33,16501,17000,4.352,train_avg_reward,0.271831838876009
independent_2401_2405,drtp_sg,2405,33,16501,17000,4.352,entropy,1.668632037460804
independent_2401_2405,drtp_sg,2405,33,16501,17000,4.352,approx_kl,0.0017351923740704168
independent_2401_2405,drtp_sg,2405,33,16501,17000,4.352,policy_loss,-0.002867845461417943
independent_2401_2405,drtp_sg,2405,33,16501,17000,4.352,value_loss,1.0946589889526368
independent_2401_2405,drtp_sg,2405,33,16501,17000,4.352,grad_norm,6.185759858578444
independent_2401_2405,drtp_sg,2405,34,17001,17500,4.48,train_avg_reward,0.22741121838986875
independent_2401_2405,drtp_sg,2405,34,17001,17500,4.48,entropy,1.578654244840145
independent_2401_2405,drtp_sg,2405,34,17001,17500,4.48,approx_kl,0.0010232613124702152
independent_2401_2405,drtp_sg,2405,34,17001,17500,4.48,policy_loss,-0.002206584506379038
independent_2401_2405,drtp_sg,2405,34,17001,17500,4.48,value_loss,1.2111325503885746
independent_2401_2405,drtp_sg,2405,34,17001,17500,4.48,grad_norm,7.603648741096258
independent_2401_2405,drtp_sg,2405,35,17501,18000,4.608,train_avg_reward,0.2603459654599428
independent_2401_2405,drtp_sg,2405,35,17501,18000,4.608,entropy,1.5353597643971444
independent_2401_2405,drtp_sg,2405,35,17501,18000,4.608,approx_kl,0.0012893043125148619
independent_2401_2405,drtp_sg,2405,35,17501,18000,4.608,policy_loss,-0.002465627521050062
independent_2401_2405,drtp_sg,2405,35,17501,18000,4.608,value_loss,1.1224109550118446
independent_2401_2405,drtp_sg,2405,35,17501,18000,4.608,grad_norm,6.408808198183775
independent_2401_2405,drtp_sg,2405,36,18001,18500,4.736,train_avg_reward,0.26048915508389475
independent_2401_2405,drtp_sg,2405,36,18001,18500,4.736,entropy,1.5400877123475074
independent_2401_2405,drtp_sg,2405,36,18001,18500,4.736,approx_kl,0.0011307574681663928
independent_2401_2405,drtp_sg,2405,36,18001,18500,4.736,policy_loss,-0.002149335469910373
independent_2401_2405,drtp_sg,2405,36,18001,18500,4.736,value_loss,1.2262767022177576
independent_2401_2405,drtp_sg,2405,36,18001,18500,4.736,grad_norm,7.669503843933344
independent_2401_2405,drtp_sg,2405,37,18501,19000,4.864,train_avg_reward,0.2766656396389008
independent_2401_2405,drtp_sg,2405,37,18501,19000,4.864,entropy,1.3607094497084617
independent_2401_2405,drtp_sg,2405,37,18501,19000,4.864,approx_kl,0.0010545003460216914
independent_2401_2405,drtp_sg,2405,37,18501,19000,4.864,policy_loss,-0.0022244372627520654
independent_2401_2405,drtp_sg,2405,37,18501,19000,4.864,value_loss,1.1308456364646553
independent_2401_2405,drtp_sg,2405,37,18501,19000,4.864,grad_norm,7.355413867235184
independent_2401_2405,drtp_sg,2405,38,19001,19500,4.992,train_avg_reward,0.2636965454667807
independent_2401_2405,drtp_sg,2405,38,19001,19500,4.992,entropy,1.509825378537178
independent_2401_2405,drtp_sg,2405,38,19001,19500,4.992,approx_kl,0.0014046608944333144
independent_2401_2405,drtp_sg,2405,38,19001,19500,4.992,policy_loss,-0.002727322900089029
independent_2401_2405,drtp_sg,2405,38,19001,19500,4.992,value_loss,1.0672429933845997
independent_2401_2405,drtp_sg,2405,38,19001,19500,4.992,grad_norm,6.786377828538418
independent_2401_2405,drtp_sg,2405,39,19501,20000,5.12,train_avg_reward,0.2677948527187109
independent_2401_2405,drtp_sg,2405,39,19501,20000,5.12,entropy,1.5146602777242661
independent_2401_2405,drtp_sg,2405,39,19501,20000,5.12,approx_kl,0.001104747840019019
independent_2401_2405,drtp_sg,2405,39,19501,20000,5.12,policy_loss,-0.0022577938502028987
independent_2401_2405,drtp_sg,2405,39,19501,20000,5.12,value_loss,1.0201150161474943
independent_2401_2405,drtp_sg,2405,39,19501,20000,5.12,grad_norm,8.390052494823932
independent_2401_2405,drtp_sg,2405,40,20001,20500,5.248,train_avg_reward,0.23289246382564308
independent_2401_2405,drtp_sg,2405,40,20001,20500,5.248,entropy,1.5297047432661057
independent_2401_2405,drtp_sg,2405,40,20001,20500,5.248,approx_kl,0.0011596263831558334
independent_2401_2405,drtp_sg,2405,40,20001,20500,5.248,policy_loss,-0.002526751592417607
independent_2401_2405,drtp_sg,2405,40,20001,20500,5.248,value_loss,1.0438741090185941
independent_2401_2405,drtp_sg,2405,40,20001,20500,5.248,grad_norm,7.1617606653869155
independent_2401_2405,drtp_sg,2405,41,20501,21000,5.376,train_avg_reward,0.23370294666290284
independent_2401_2405,drtp_sg,2405,41,20501,21000,5.376,entropy,1.6088266409635543
independent_2401_2405,drtp_sg,2405,41,20501,21000,5.376,approx_kl,0.001216563334722801
independent_2401_2405,drtp_sg,2405,41,20501,21000,5.376,policy_loss,-0.0027638327466344465
independent_2401_2405,drtp_sg,2405,41,20501,21000,5.376,value_loss,1.0719682204201817
independent_2401_2405,drtp_sg,2405,41,20501,21000,5.376,grad_norm,6.630127858430147
independent_2401_2405,drtp_sg,2405,42,21001,21500,5.504,train_avg_reward,0.24145061586797237
independent_2401_2405,drtp_sg,2405,42,21001,21500,5.504,entropy,1.5920338810682297
independent_2401_2405,drtp_sg,2405,42,21001,21500,5.504,approx_kl,0.0010753634881602915
independent_2401_2405,drtp_sg,2405,42,21001,21500,5.504,policy_loss,-0.002592433960740017
independent_2401_2405,drtp_sg,2405,42,21001,21500,5.504,value_loss,1.2481176473721862
independent_2401_2405,drtp_sg,2405,42,21001,21500,5.504,grad_norm,7.084213683605194
independent_2401_2405,drtp_sg,2405,43,21501,22000,5.632,train_avg_reward,0.2440063129067421
independent_2401_2405,drtp_sg,2405,43,21501,22000,5.632,entropy,1.6495969726443291
independent_2401_2405,drtp_sg,2405,43,21501,22000,5.632,approx_kl,0.0012254691722643344
independent_2401_2405,drtp_sg,2405,43,21501,22000,5.632,policy_loss,-0.0026730727525145627
independent_2401_2405,drtp_sg,2405,43,21501,22000,5.632,value_loss,1.207201443579048
independent_2401_2405,drtp_sg,2405,43,21501,22000,5.632,grad_norm,6.844253672122956
independent_2401_2405,drtp_sg,2405,44,22001,22500,5.76,train_avg_reward,0.23202635919302703
independent_2401_2405,drtp_sg,2405,44,22001,22500,5.76,entropy,1.5728368149995804
independent_2401_2405,drtp_sg,2405,44,22001,22500,5.76,approx_kl,0.0011579002721349135
independent_2401_2405,drtp_sg,2405,44,22001,22500,5.76,policy_loss,-0.002584473006582254
independent_2401_2405,drtp_sg,2405,44,22001,22500,5.76,value_loss,1.2246021953225137
independent_2401_2405,drtp_sg,2405,44,22001,22500,5.76,grad_norm,7.567087282121181
independent_2401_2405,drtp_sg,2405,45,22501,23000,5.888,train_avg_reward,0.24227125230431557
independent_2401_2405,drtp_sg,2405,45,22501,23000,5.888,entropy,1.493482800424099
independent_2401_2405,drtp_sg,2405,45,22501,23000,5.888,approx_kl,0.001319973936823164
independent_2401_2405,drtp_sg,2405,45,22501,23000,5.888,policy_loss,-0.00264739930004015
independent_2401_2405,drtp_sg,2405,45,22501,23000,5.888,value_loss,1.3413450112566352
independent_2401_2405,drtp_sg,2405,45,22501,23000,5.888,grad_norm,7.683856594383717
independent_2401_2405,drtp_sg,2405,46,23001,23500,6.016,train_avg_reward,0.2746730228364468
independent_2401_2405,drtp_sg,2405,46,23001,23500,6.016,entropy,1.6943053179979324
independent_2401_2405,drtp_sg,2405,46,23001,23500,6.016,approx_kl,0.001254147720822704
independent_2401_2405,drtp_sg,2405,46,23001,23500,6.016,policy_loss,-0.0024453819503058613
independent_2401_2405,drtp_sg,2405,46,23001,23500,6.016,value_loss,1.19199322270602
independent_2401_2405,drtp_sg,2405,46,23001,23500,6.016,grad_norm,8.589074103832244
independent_2401_2405,drtp_sg,2405,47,23501,24000,6.144,train_avg_reward,0.29399105927348135
independent_2401_2405,drtp_sg,2405,47,23501,24000,6.144,entropy,1.557814238667488
independent_2401_2405,drtp_sg,2405,47,23501,24000,6.144,approx_kl,0.0011379492465527293
independent_2401_2405,drtp_sg,2405,47,23501,24000,6.144,policy_loss,-0.002321124612940774
independent_2401_2405,drtp_sg,2405,47,23501,24000,6.144,value_loss,0.5893160999976098
independent_2401_2405,drtp_sg,2405,47,23501,24000,6.144,grad_norm,6.927843816891313
independent_2401_2405,drtp_sg,2405,48,24001,24500,6.272,train_avg_reward,0.27418015748262403
independent_2401_2405,drtp_sg,2405,48,24001,24500,6.272,entropy,1.6312105753421784
independent_2401_2405,drtp_sg,2405,48,24001,24500,6.272,approx_kl,0.001259547164201041
independent_2401_2405,drtp_sg,2405,48,24001,24500,6.272,policy_loss,-0.002416156963099795
independent_2401_2405,drtp_sg,2405,48,24001,24500,6.272,value_loss,0.9679238738268614
independent_2401_2405,drtp_sg,2405,48,24001,24500,6.272,grad_norm,7.6202616381943225
independent_2401_2405,drtp_sg,2405,49,24501,25000,6.4,train_avg_reward,0.2885751042664051
independent_2401_2405,drtp_sg,2405,49,24501,25000,6.4,entropy,1.6012921477556228
independent_2401_2405,drtp_sg,2405,49,24501,25000,6.4,approx_kl,0.0014100739873610997
independent_2401_2405,drtp_sg,2405,49,24501,25000,6.4,policy_loss,-0.0026937362853572005
independent_2401_2405,drtp_sg,2405,49,24501,25000,6.4,value_loss,0.7207812103629112
independent_2401_2405,drtp_sg,2405,49,24501,25000,6.4,grad_norm,6.345872038334608
independent_2401_2405,drtp_sg,2405,50,25001,25500,6.528,train_avg_reward,0.2855990515202284
independent_2401_2405,drtp_sg,2405,50,25001,25500,6.528,entropy,1.5558326476812363
independent_2401_2405,drtp_sg,2405,50,25001,25500,6.528,approx_kl,0.0013427816570571525
independent_2401_2405,drtp_sg,2405,50,25001,25500,6.528,policy_loss,-0.002502716154048427
independent_2401_2405,drtp_sg,2405,50,25001,25500,6.528,value_loss,0.587519589137286
independent_2401_2405,drtp_sg,2405,50,25001,25500,6.528,grad_norm,6.374335857927799
independent_2401_2405,drtp_sg,2405,51,25501,26000,6.656,train_avg_reward,0.2783495041131973
independent_2401_2405,drtp_sg,2405,51,25501,26000,6.656,entropy,1.6264047694206238
independent_2401_2405,drtp_sg,2405,51,25501,26000,6.656,approx_kl,0.0011368622840548877
independent_2401_2405,drtp_sg,2405,51,25501,26000,6.656,policy_loss,-0.0023180057203246
independent_2401_2405,drtp_sg,2405,51,25501,26000,6.656,value_loss,1.2169041253998876
independent_2401_2405,drtp_sg,2405,51,25501,26000,6.656,grad_norm,7.605561339765787
independent_2401_2405,drtp_sg,2405,52,26001,26500,6.784,train_avg_reward,0.28810504120588304
independent_2401_2405,drtp_sg,2405,52,26001,26500,6.784,entropy,1.623026045203209
independent_2401_2405,drtp_sg,2405,52,26001,26500,6.784,approx_kl,0.0015490515575978235
independent_2401_2405,drtp_sg,2405,52,26001,26500,6.784,policy_loss,-0.0024559325158007928
independent_2401_2405,drtp_sg,2405,52,26001,26500,6.784,value_loss,1.153575504321605
independent_2401_2405,drtp_sg,2405,52,26001,26500,6.784,grad_norm,8.493729037463664
independent_2401_2405,drtp_sg,2405,53,26501,27000,6.912,train_avg_reward,0.2933774884194136
independent_2401_2405,drtp_sg,2405,53,26501,27000,6.912,entropy,1.520923427760601
independent_2401_2405,drtp_sg,2405,53,26501,27000,6.912,approx_kl,0.0018071788946926947
independent_2401_2405,drtp_sg,2405,53,26501,27000,6.912,policy_loss,-0.002636695790583042
independent_2401_2405,drtp_sg,2405,53,26501,27000,6.912,value_loss,0.7657902693729848
independent_2401_2405,drtp_sg,2405,53,26501,27000,6.912,grad_norm,7.940753636628389
independent_2401_2405,drtp_sg,2405,54,27001,27500,7.04,train_avg_reward,0.2706488686427474
independent_2401_2405,drtp_sg,2405,54,27001,27500,7.04,entropy,1.5494264662861823
independent_2401_2405,drtp_sg,2405,54,27001,27500,7.04,approx_kl,0.0011326266008941253
independent_2401_2405,drtp_sg,2405,54,27001,27500,7.04,policy_loss,-0.002374604018216378
independent_2401_2405,drtp_sg,2405,54,27001,27500,7.04,value_loss,1.095610278751701
independent_2401_2405,drtp_sg,2405,54,27001,27500,7.04,grad_norm,7.567005554884672
independent_2401_2405,drtp_sg,2405,55,27501,28000,7.168,train_avg_reward,0.2813325633853674
independent_2401_2405,drtp_sg,2405,55,27501,28000,7.168,entropy,1.6256645484566687
independent_2401_2405,drtp_sg,2405,55,27501,28000,7.168,approx_kl,0.0013173499952284426
independent_2401_2405,drtp_sg,2405,55,27501,28000,7.168,policy_loss,-0.002862371856659308
independent_2401_2405,drtp_sg,2405,55,27501,28000,7.168,value_loss,0.8800997836459428
independent_2401_2405,drtp_sg,2405,55,27501,28000,7.168,grad_norm,7.167462466269732
independent_2401_2405,drtp_sg,2405,56,28001,28500,7.296,train_avg_reward,0.28148936954140663
independent_2401_2405,drtp_sg,2405,56,28001,28500,7.296,entropy,1.4692070019841195
independent_2401_2405,drtp_sg,2405,56,28001,28500,7.296,approx_kl,0.0010586022419949255
independent_2401_2405,drtp_sg,2405,56,28001,28500,7.296,policy_loss,-0.0021737041488200156
independent_2401_2405,drtp_sg,2405,56,28001,28500,7.296,value_loss,1.2047233293931932
independent_2401_2405,drtp_sg,2405,56,28001,28500,7.296,grad_norm,9.03710844245553
independent_2401_2405,drtp_sg,2405,57,28501,29000,7.424,train_avg_reward,0.26989455212652685
independent_2401_2405,drtp_sg,2405,57,28501,29000,7.424,entropy,1.4406458876132966
independent_2401_2405,drtp_sg,2405,57,28501,29000,7.424,approx_kl,0.0011053653541600065
independent_2401_2405,drtp_sg,2405,57,28501,29000,7.424,policy_loss,-0.002307033250461558
independent_2401_2405,drtp_sg,2405,57,28501,29000,7.424,value_loss,1.2163610639609397
independent_2401_2405,drtp_sg,2405,57,28501,29000,7.424,grad_norm,10.504044799476862
independent_2401_2405,drtp_sg,2405,58,29001,29500,7.552,train_avg_reward,0.2705346395373344
independent_2401_2405,drtp_sg,2405,58,29001,29500,7.552,entropy,1.5095917647480965
independent_2401_2405,drtp_sg,2405,58,29001,29500,7.552,approx_kl,0.0015133760475849424
independent_2401_2405,drtp_sg,2405,58,29001,29500,7.552,policy_loss,-0.0027457570669539937
independent_2401_2405,drtp_sg,2405,58,29001,29500,7.552,value_loss,1.1508230132143944
independent_2401_2405,drtp_sg,2405,58,29001,29500,7.552,grad_norm,7.8624214196801185
independent_2401_2405,drtp_sg,2405,59,29501,30000,7.68,train_avg_reward,0.2925397589802742
independent_2401_2405,drtp_sg,2405,59,29501,30000,7.68,entropy,1.5611527071595193
independent_2401_2405,drtp_sg,2405,59,29501,30000,7.68,approx_kl,0.0013112192224537737
independent_2401_2405,drtp_sg,2405,59,29501,30000,7.68,policy_loss,-0.0025582527206550426
independent_2401_2405,drtp_sg,2405,59,29501,30000,7.68,value_loss,0.8803042315226048
independent_2401_2405,drtp_sg,2405,59,29501,30000,7.68,grad_norm,8.714016171038152
independent_2401_2405,drtp_sg,2405,60,30001,30500,7.808,train_avg_reward,0.30880456817150115
independent_2401_2405,drtp_sg,2405,60,30001,30500,7.808,entropy,1.4917927446365356
independent_2401_2405,drtp_sg,2405,60,30001,30500,7.808,approx_kl,0.0012177963209824112
independent_2401_2405,drtp_sg,2405,60,30001,30500,7.808,policy_loss,-0.0025903420933468617
independent_2401_2405,drtp_sg,2405,60,30001,30500,7.808,value_loss,0.623733013195917
independent_2401_2405,drtp_sg,2405,60,30001,30500,7.808,grad_norm,7.166700315579772
independent_2401_2405,drtp_sg,2405,61,30501,31000,7.936,train_avg_reward,0.298127321600914
independent_2401_2405,drtp_sg,2405,61,30501,31000,7.936,entropy,1.4596913644075393
independent_2401_2405,drtp_sg,2405,61,30501,31000,7.936,approx_kl,0.0010898300180958004
independent_2401_2405,drtp_sg,2405,61,30501,31000,7.936,policy_loss,-0.0024632014092869944
independent_2401_2405,drtp_sg,2405,61,30501,31000,7.936,value_loss,0.8802719261348247
independent_2401_2405,drtp_sg,2405,61,30501,31000,7.936,grad_norm,7.731949176579714
independent_2401_2405,drtp_sg,2405,62,31001,31500,8.064,train_avg_reward,0.2906853002905846
independent_2401_2405,drtp_sg,2405,62,31001,31500,8.064,entropy,1.5111376754641532
independent_2401_2405,drtp_sg,2405,62,31001,31500,8.064,approx_kl,0.0011175272180516868
independent_2401_2405,drtp_sg,2405,62,31001,31500,8.064,policy_loss,-0.002611522957380191
independent_2401_2405,drtp_sg,2405,62,31001,31500,8.064,value_loss,0.9527706931084394
independent_2401_2405,drtp_sg,2405,62,31001,31500,8.064,grad_norm,7.419683658570051
independent_2401_2405,drtp_sg,2405,63,31501,32000,8.192,train_avg_reward,0.29430564811825755
independent_2401_2405,drtp_sg,2405,63,31501,32000,8.192,entropy,1.585981386601925
independent_2401_2405,drtp_sg,2405,63,31501,32000,8.192,approx_kl,0.0012439853371709693
independent_2401_2405,drtp_sg,2405,63,31501,32000,8.192,policy_loss,-0.0026645276325718073
independent_2401_2405,drtp_sg,2405,63,31501,32000,8.192,value_loss,0.7143337052557618
independent_2401_2405,drtp_sg,2405,63,31501,32000,8.192,grad_norm,7.430626447796822
independent_2401_2405,drtp_sg,2405,64,32001,32500,8.32,train_avg_reward,0.2907972288131714
independent_2401_2405,drtp_sg,2405,64,32001,32500,8.32,entropy,1.546454475402832
independent_2401_2405,drtp_sg,2405,64,32001,32500,8.32,approx_kl,0.0010766953059816494
independent_2401_2405,drtp_sg,2405,64,32001,32500,8.32,policy_loss,-0.0025603336311062377
independent_2401_2405,drtp_sg,2405,64,32001,32500,8.32,value_loss,0.8507195411771535
independent_2401_2405,drtp_sg,2405,64,32001,32500,8.32,grad_norm,8.347787216693163
independent_2401_2405,drtp_sg,2405,65,32501,33000,8.448,train_avg_reward,0.27497538064420224
independent_2401_2405,drtp_sg,2405,65,32501,33000,8.448,entropy,1.4448999890089036
independent_2401_2405,drtp_sg,2405,65,32501,33000,8.448,approx_kl,0.0012580279086817695
independent_2401_2405,drtp_sg,2405,65,32501,33000,8.448,policy_loss,-0.002713333244308651
independent_2401_2405,drtp_sg,2405,65,32501,33000,8.448,value_loss,0.9064233490712941
independent_2401_2405,drtp_sg,2405,65,32501,33000,8.448,grad_norm,8.246795765012502
independent_2401_2405,drtp_sg,2405,66,33001,33500,8.576,train_avg_reward,0.2880750368237495
independent_2401_2405,drtp_sg,2405,66,33001,33500,8.576,entropy,1.494976849615574
independent_2401_2405,drtp_sg,2405,66,33001,33500,8.576,approx_kl,0.0014572798017343264
independent_2401_2405,drtp_sg,2405,66,33001,33500,8.576,policy_loss,-0.0029322924447247422
independent_2401_2405,drtp_sg,2405,66,33001,33500,8.576,value_loss,0.7125368711054325
independent_2401_2405,drtp_sg,2405,66,33001,33500,8.576,grad_norm,6.862577776968479
independent_2401_2405,drtp_sg,2405,67,33501,34000,8.704,train_avg_reward,0.2839274984002113
independent_2401_2405,drtp_sg,2405,67,33501,34000,8.704,entropy,1.5609437694549562
independent_2401_2405,drtp_sg,2405,67,33501,34000,8.704,approx_kl,0.0014076484084689545
independent_2401_2405,drtp_sg,2405,67,33501,34000,8.704,policy_loss,-0.0028683699270859514
independent_2401_2405,drtp_sg,2405,67,33501,34000,8.704,value_loss,0.810580481570214
independent_2401_2405,drtp_sg,2405,67,33501,34000,8.704,grad_norm,7.627009353160858
independent_2401_2405,drtp_sg,2405,68,34001,34500,8.832,train_avg_reward,0.2915807173401117
independent_2401_2405,drtp_sg,2405,68,34001,34500,8.832,entropy,1.5891199325919152
independent_2401_2405,drtp_sg,2405,68,34001,34500,8.832,approx_kl,0.0014328190174285995
independent_2401_2405,drtp_sg,2405,68,34001,34500,8.832,policy_loss,-0.0029578542753644597
independent_2401_2405,drtp_sg,2405,68,34001,34500,8.832,value_loss,0.6236869211383164
independent_2401_2405,drtp_sg,2405,68,34001,34500,8.832,grad_norm,7.044464104712009
independent_2401_2405,drtp_sg,2405,69,34501,35000,8.96,train_avg_reward,0.28718204048275947
independent_2401_2405,drtp_sg,2405,69,34501,35000,8.96,entropy,1.5266190037131309
independent_2401_2405,drtp_sg,2405,69,34501,35000,8.96,approx_kl,0.001244748289846024
independent_2401_2405,drtp_sg,2405,69,34501,35000,8.96,policy_loss,-0.0026677475956768696
independent_2401_2405,drtp_sg,2405,69,34501,35000,8.96,value_loss,0.7570291575305164
independent_2401_2405,drtp_sg,2405,69,34501,35000,8.96,grad_norm,8.438279620707036
independent_2401_2405,drtp_sg,2405,70,35001,35500,9.088,train_avg_reward,0.29070704689621923
independent_2401_2405,drtp_sg,2405,70,35001,35500,9.088,entropy,1.3947931210398674
independent_2401_2405,drtp_sg,2405,70,35001,35500,9.088,approx_kl,0.001349791393709584
independent_2401_2405,drtp_sg,2405,70,35001,35500,9.088,policy_loss,-0.002641969730520546
independent_2401_2405,drtp_sg,2405,70,35001,35500,9.088,value_loss,0.7245581466797739
independent_2401_2405,drtp_sg,2405,70,35001,35500,9.088,grad_norm,6.95798486161232
independent_2401_2405,drtp_sg,2405,71,35501,36000,9.216,train_avg_reward,0.30035758116841316
independent_2401_2405,drtp_sg,2405,71,35501,36000,9.216,entropy,1.4617470501065255
independent_2401_2405,drtp_sg,2405,71,35501,36000,9.216,approx_kl,0.0014034126034039147
independent_2401_2405,drtp_sg,2405,71,35501,36000,9.216,policy_loss,-0.002661182354389803
independent_2401_2405,drtp_sg,2405,71,35501,36000,9.216,value_loss,0.609246186323464
independent_2401_2405,drtp_sg,2405,71,35501,36000,9.216,grad_norm,7.421150309890509
independent_2401_2405,drtp_sg,2405,72,36001,36500,9.344,train_avg_reward,0.2940616054534912
independent_2401_2405,drtp_sg,2405,72,36001,36500,9.344,entropy,1.4757084078788758
independent_2401_2405,drtp_sg,2405,72,36001,36500,9.344,approx_kl,0.0013324053866523718
independent_2401_2405,drtp_sg,2405,72,36001,36500,9.344,policy_loss,-0.0028327590128584715
independent_2401_2405,drtp_sg,2405,72,36001,36500,9.344,value_loss,0.6861113436333836
independent_2401_2405,drtp_sg,2405,72,36001,36500,9.344,grad_norm,6.866651556760073
independent_2401_2405,drtp_sg,2405,73,36501,37000,9.472,train_avg_reward,0.28915372414886953
independent_2401_2405,drtp_sg,2405,73,36501,37000,9.472,entropy,1.4410839110016822
independent_2401_2405,drtp_sg,2405,73,36501,37000,9.472,approx_kl,0.0010758614022148866
independent_2401_2405,drtp_sg,2405,73,36501,37000,9.472,policy_loss,-0.0025298305664270943
independent_2401_2405,drtp_sg,2405,73,36501,37000,9.472,value_loss,1.0113358642272652
independent_2401_2405,drtp_sg,2405,73,36501,37000,9.472,grad_norm,7.592064662784338
independent_2401_2405,drtp_sg,2405,74,37001,37500,9.6,train_avg_reward,0.278888524889946
independent_2401_2405,drtp_sg,2405,74,37001,37500,9.6,entropy,1.5193760049939156
independent_2401_2405,drtp_sg,2405,74,37001,37500,9.6,approx_kl,0.0012152035371464022
independent_2401_2405,drtp_sg,2405,74,37001,37500,9.6,policy_loss,-0.0029095632411347957
independent_2401_2405,drtp_sg,2405,74,37001,37500,9.6,value_loss,0.8450480314679444
independent_2401_2405,drtp_sg,2405,74,37001,37500,9.6,grad_norm,7.062263080626726
independent_2401_2405,drtp_sg,2405,75,37501,38000,9.728,train_avg_reward,0.28688243475556374
independent_2401_2405,drtp_sg,2405,75,37501,38000,9.728,entropy,1.459474646449089
independent_2401_2405,drtp_sg,2405,75,37501,38000,9.728,approx_kl,0.0012768946595230408
independent_2401_2405,drtp_sg,2405,75,37501,38000,9.728,policy_loss,-0.0028512066992783477
independent_2401_2405,drtp_sg,2405,75,37501,38000,9.728,value_loss,0.8553174775280058
independent_2401_2405,drtp_sg,2405,75,37501,38000,9.728,grad_norm,8.012117743641138
independent_2401_2405,drtp_sg,2405,76,38001,38500,9.856,train_avg_reward,0.2877929399013519
independent_2401_2405,drtp_sg,2405,76,38001,38500,9.856,entropy,1.4654621503353118
independent_2401_2405,drtp_sg,2405,76,38001,38500,9.856,approx_kl,0.001263624357299699
independent_2401_2405,drtp_sg,2405,76,38001,38500,9.856,policy_loss,-0.002658282265041293
independent_2401_2405,drtp_sg,2405,76,38001,38500,9.856,value_loss,0.660927136817947
independent_2401_2405,drtp_sg,2405,76,38001,38500,9.856,grad_norm,7.598525597572326
independent_2401_2405,drtp_sg,2405,77,38501,39000,9.984,train_avg_reward,0.2819143687784672
independent_2401_2405,drtp_sg,2405,77,38501,39000,9.984,entropy,1.5157998384833336
independent_2401_2405,drtp_sg,2405,77,38501,39000,9.984,approx_kl,0.0012378522363902997
independent_2401_2405,drtp_sg,2405,77,38501,39000,9.984,policy_loss,-0.0027569251840929465
independent_2401_2405,drtp_sg,2405,77,38501,39000,9.984,value_loss,1.0183784198733046
independent_2401_2405,drtp_sg,2405,77,38501,39000,9.984,grad_norm,8.612671652287245
independent_2401_2405,drtp_sg,2405,78,39001,39500,10.112,train_avg_reward,0.28261906357984695
independent_2401_2405,drtp_sg,2405,78,39001,39500,10.112,entropy,1.544296751892756
independent_2401_2405,drtp_sg,2405,78,39001,39500,10.112,approx_kl,0.0008978448483392864
independent_2401_2405,drtp_sg,2405,78,39001,39500,10.112,policy_loss,-0.002281936750259077
independent_2401_2405,drtp_sg,2405,78,39001,39500,10.112,value_loss,1.2014853499593243
independent_2401_2405,drtp_sg,2405,78,39001,39500,10.112,grad_norm,10.017634275413695
