scenario,graph_encoder,train_method,train_seed,method,checkpoint,policy_source,seed,episode,episodes,target_policy,communication_range_scale,communication_dropout_prob,message_delay_steps,radar_dropout_prob,failed_blue_agent,node_failure_start_step,node_failure_duration_steps,graph_relation_ablation,graph_message_ablation,graph_input_ablation,deterministic,success,chain_closed,attack_window_formed,attack_window_rate,tracking_rate,comm_connectivity,mean_message_age,collision,timeout,constraint_violation,steps,first_attack_window_step,first_chain_close_step,post_failure_chain_recovered,post_failure_chain_recovery_steps,chain_closed_during_failure_rate,tracking_during_failure_rate,connectivity_during_failure,avg_mean_range,final_mean_range,reward_sum
relay_failure,single,bc_ppo,0,EA-RG-MAPPO-S,results/intercept_3d_node_failure_curriculum_pilot_seed0/runs/single/bc_ppo_seed0/actor_critic_best.pt,checkpoint,95000,0,30,weaving,1.0,0.0,0,0.0,1,40,80,none,none,none,True,0.0,0.0,0.0,0.0,0.07435897657504449,0.1897435908134167,93.08718040195795,0.0,1.0,0.0,260.0,-1.0,-1.0,0.0,220.0,0.0,0.13333333730697633,0.12916667014360428,20998.65478515625,34666.9296875,-7.093058004043996
relay_failure,single,bc_ppo,0,EA-RG-MAPPO-S,results/intercept_3d_node_failure_curriculum_pilot_seed0/runs/single/bc_ppo_seed0/actor_critic_best.pt,checkpoint,95001,1,30,weaving,1.0,0.0,0,0.0,1,40,80,none,none,none,True,0.0,0.0,0.0,0.0,0.1461538505095702,0.1884615394931573,93.33461517943786,0.0,1.0,0.0,260.0,-1.0,-1.0,0.0,220.0,0.0,0.12916667051613331,0.12500000335276126,20769.964772385818,33604.76171875,0.12354764807969332
relay_failure,single,bc_ppo,0,EA-RG-MAPPO-S,results/intercept_3d_node_failure_curriculum_pilot_seed0/runs/single/bc_ppo_seed0/actor_critic_best.pt,checkpoint,95002,2,30,weaving,1.0,0.0,0,0.0,1,40,80,none,none,none,True,0.0,0.0,0.0,0.0,0.13846154258801388,0.1884615394931573,93.33461517943786,0.0,1.0,0.0,260.0,-1.0,-1.0,0.0,220.0,0.0,0.13750000409781932,0.12500000335276126,20765.113457782452,32667.345703125,0.2146529359742999
relay_failure,single,bc_ppo,0,EA-RG-MAPPO-S,results/intercept_3d_node_failure_curriculum_pilot_seed0/runs/single/bc_ppo_seed0/actor_critic_best.pt,checkpoint,95003,3,30,weaving,1.0,0.0,0,0.0,1,40,80,none,none,none,True,0.0,0.0,0.0,0.0,0.09487179769919468,0.18589743685263854,93.50000093923165,0.0,1.0,0.0,260.0,-1.0,-1.0,0.0,220.0,0.0,0.10833333656191826,0.11666666977107525,21949.795729417066,36896.59765625,-7.263917252421379
relay_failure,single,bc_ppo,0,EA-RG-MAPPO-S,results/intercept_3d_node_failure_curriculum_pilot_seed0/runs/single/bc_ppo_seed0/actor_critic_best.pt,checkpoint,95004,4,30,weaving,1.0,0.0,0,0.0,1,40,80,none,none,none,True,0.0,0.0,0.0,0.0,0.05256410413063489,0.1897435908134167,92.42051375485383,0.0,1.0,0.0,260.0,-1.0,-1.0,0.0,220.0,0.0,0.0833333358168602,0.12916667014360428,25808.912458683895,38157.828125,-12.277868080884218
relay_failure,single,bc_ppo,0,EA-RG-MAPPO-S,results/intercept_3d_node_failure_curriculum_pilot_seed0/runs/single/bc_ppo_seed0/actor_critic_best.pt,checkpoint,95005,5,30,weaving,1.0,0.0,0,0.0,1,40,80,none,none,none,True,0.0,0.0,0.0,0.0,0.08205128449660082,0.16410256440822896,96.27948577243548,0.0,1.0,0.0,260.0,-1.0,-1.0,0.0,220.0,0.0,0.1666666716337204,0.04583333432674408,31103.11905048077,47912.45703125,-16.49158830009401
relay_failure,single,bc_ppo,0,EA-RG-MAPPO-S,results/intercept_3d_node_failure_curriculum_pilot_seed0/runs/single/bc_ppo_seed0/actor_critic_best.pt,checkpoint,95006,6,30,weaving,1.0,0.0,0,0.0,1,40,80,none,none,none,True,0.0,0.0,0.0,0.0,0.07435897657504449,0.1897435908134167,78.79615364097631,0.0,1.0,0.0,260.0,-1.0,-1.0,0.0,220.0,0.0,0.13750000409781932,0.12500000335276126,21104.808943058895,35034.5,-6.935787970200181
relay_failure,single,bc_ppo,0,EA-RG-MAPPO-S,results/intercept_3d_node_failure_curriculum_pilot_seed0/runs/single/bc_ppo_seed0/actor_critic_best.pt,checkpoint,95007,7,30,weaving,1.0,0.0,0,0.0,1,40,80,none,none,none,True,0.0,0.0,0.0,0.0,0.051282052810375504,0.18717948817289792,93.58333198863727,0.0,1.0,0.0,260.0,-1.0,-1.0,0.0,220.0,0.0,0.07500000223517418,0.12083333656191826,26652.8340632512,40540.74609375,-14.336914950516075
relay_failure,single,bc_ppo,0,EA-RG-MAPPO-S,results/intercept_3d_node_failure_curriculum_pilot_seed0/runs/single/bc_ppo_seed0/actor_critic_best.pt,checkpoint,95008,8,30,weaving,1.0,0.0,0,0.0,1,40,80,none,none,none,True,0.0,0.0,0.0,0.0,0.12435897806516061,0.18717948817289792,93.2499986650852,0.0,1.0,0.0,260.0,-1.0,-1.0,0.0,220.0,0.0,0.10833333656191826,0.12083333656191826,21501.95868765024,34703.05078125,-2.7566358223557472
relay_failure,single,bc_ppo,0,EA-RG-MAPPO-S,results/intercept_3d_node_failure_curriculum_pilot_seed0/runs/single/bc_ppo_seed0/actor_critic_best.pt,checkpoint,95009,9,30,weaving,1.0,0.0,0,0.0,1,40,80,none,none,none,True,0.0,0.0,0.0,0.0,0.05897436073193183,0.18333333421211975,93.67051148070739,0.0,1.0,0.0,260.0,-1.0,-1.0,0.0,220.0,0.0,0.09166666939854622,0.10833333618938923,22396.621116286056,36498.6875,-10.47022362658754
relay_failure,single,bc_ppo,0,EA-RG-MAPPO-S,results/intercept_3d_node_failure_curriculum_pilot_seed0/runs/single/bc_ppo_seed0/actor_critic_best.pt,checkpoint,95010,10,30,weaving,1.0,0.0,0,0.0,1,40,80,none,none,none,True,0.0,0.0,0.0,0.0,0.17179487691475795,0.18717948817289792,93.91666531218932,0.0,1.0,0.0,260.0,-1.0,-1.0,0.0,220.0,0.0,0.14166667088866233,0.12083333656191826,20401.112139423076,31572.189453125,3.8436087328009307
relay_failure,single,bc_ppo,0,EA-RG-MAPPO-S,results/intercept_3d_node_failure_curriculum_pilot_seed0/runs/single/bc_ppo_seed0/actor_critic_best.pt,checkpoint,95011,11,30,weaving,1.0,0.0,0,0.0,1,40,80,none,none,none,True,0.0,0.0,0.0,0.0,0.08589743845737897,0.1692307696892665,95.86666650061424,0.0,1.0,0.0,260.0,-1.0,-1.0,0.0,220.0,0.0,0.18333333879709243,0.06250000149011611,33163.86463716947,51838.61328125,-18.713258001953363
relay_failure,single,bc_ppo,0,EA-RG-MAPPO-S,results/intercept_3d_node_failure_curriculum_pilot_seed0/runs/single/bc_ppo_seed0/actor_critic_best.pt,checkpoint,95012,12,30,weaving,1.0,0.0,0,0.0,1,40,80,none,none,none,True,0.0,0.0,0.0,0.0,0.0935897463789353,0.1884615394931573,93.33461517943786,0.0,1.0,0.0,260.0,-1.0,-1.0,0.0,220.0,0.0,0.14166667088866233,0.12500000335276126,21321.45368840144,35491.55078125,-6.081761627458036
relay_failure,single,bc_ppo,0,EA-RG-MAPPO-S,results/intercept_3d_node_failure_curriculum_pilot_seed0/runs/single/bc_ppo_seed0/actor_critic_best.pt,checkpoint,95013,13,30,weaving,1.0,0.0,0,0.0,1,40,80,none,none,none,True,0.0,0.0,0.0,0.0,0.05897436073193183,0.18333333421211975,93.67051148070739,0.0,1.0,0.0,260.0,-1.0,-1.0,0.0,220.0,0.0,0.09166666939854622,0.10833333618938923,22350.293934044472,36371.19140625,-10.367139918264002
relay_failure,single,bc_ppo,0,EA-RG-MAPPO-S,results/intercept_3d_node_failure_curriculum_pilot_seed0/runs/single/bc_ppo_seed0/actor_critic_best.pt,checkpoint,95014,14,30,weaving,1.0,0.0,0,0.0,1,40,80,none,none,none,True,0.0,0.0,0.0,0.0,0.05769230941167244,0.18461538553237916,93.41794853233374,0.0,1.0,0.0,260.0,-1.0,-1.0,0.0,220.0,0.0,0.09583333618938923,0.11250000298023224,22397.365099158655,36159.12890625,-10.259906116873026
relay_failure,single,bc_ppo,0,EA-RG-MAPPO-S,results/intercept_3d_node_failure_curriculum_pilot_seed0/runs/single/bc_ppo_seed0/actor_critic_best.pt,checkpoint,95015,15,30,weaving,1.0,0.0,0,0.0,1,40,80,none,none,none,True,0.0,0.0,0.0,0.0,0.08205128449660082,0.19358974477419486,90.39358960688114,0.0,1.0,0.0,260.0,-1.0,-1.0,0.0,220.0,0.0,0.17500000521540643,0.06250000149011611,33386.01870492788,50660.83203125,-17.074411617591977
relay_failure,single,bc_ppo,0,EA-RG-MAPPO-S,results/intercept_3d_node_failure_curriculum_pilot_seed0/runs/single/bc_ppo_seed0/actor_critic_best.pt,checkpoint,95016,16,30,weaving,1.0,0.0,0,0.0,1,40,80,none,none,none,True,0.0,0.0,0.0,0.0,0.07564102789530387,0.1884615394931573,93.33461517943786,0.0,1.0,0.0,260.0,-1.0,-1.0,0.0,220.0,0.0,0.13333333730697633,0.12500000335276126,20973.192360276444,34743.171875,-7.253622095100582
relay_failure,single,bc_ppo,0,EA-RG-MAPPO-S,results/intercept_3d_node_failure_curriculum_pilot_seed0/runs/single/bc_ppo_seed0/actor_critic_best.pt,checkpoint,95017,17,30,weaving,1.0,0.0,0,0.0,1,40,80,none,none,none,True,0.0,0.0,0.0,0.0,0.07948718185608204,0.16410256440822896,96.27948577243548,0.0,1.0,0.0,260.0,-1.0,-1.0,0.0,220.0,0.0,0.16250000484287738,0.04583333432674408,31278.41970027043,47781.45703125,-16.799587158486247
relay_failure,single,bc_ppo,0,EA-RG-MAPPO-S,results/intercept_3d_node_failure_curriculum_pilot_seed0/runs/single/bc_ppo_seed0/actor_critic_best.pt,checkpoint,95018,18,30,weaving,1.0,0.0,0,0.0,1,40,80,none,none,none,True,0.0,0.0,0.0,0.0,0.0833333358168602,0.16666666704874772,96.07051390524094,0.0,1.0,0.0,260.0,-1.0,-1.0,0.0,220.0,0.0,0.17500000521540643,0.0541666679084301,33261.96762695313,50812.40625,-18.4784552808851
relay_failure,single,bc_ppo,0,EA-RG-MAPPO-S,results/intercept_3d_node_failure_curriculum_pilot_seed0/runs/single/bc_ppo_seed0/actor_critic_best.pt,checkpoint,95019,19,30,weaving,1.0,0.0,0,0.0,1,40,80,none,none,none,True,0.0,0.0,0.0,0.0,0.08589743845737897,0.16666666704874772,96.07051390524094,0.0,1.0,0.0,260.0,-1.0,-1.0,0.0,220.0,0.0,0.18333333879709243,0.0541666679084301,30705.14393404447,45777.80078125,-14.151506803929806
relay_failure,single,bc_ppo,0,EA-RG-MAPPO-S,results/intercept_3d_node_failure_curriculum_pilot_seed0/runs/single/bc_ppo_seed0/actor_critic_best.pt,checkpoint,95020,20,30,weaving,1.0,0.0,0,0.0,1,40,80,none,none,none,True,0.0,0.0,0.0,0.0,0.08461538713711958,0.17307692365004465,94.69102548475449,0.0,1.0,0.0,260.0,-1.0,-1.0,0.0,220.0,0.0,0.17916667200624942,0.06250000149011611,33380.0169133113,51826.19921875,-18.62514183484018
relay_failure,single,bc_ppo,0,EA-RG-MAPPO-S,results/intercept_3d_node_failure_curriculum_pilot_seed0/runs/single/bc_ppo_seed0/actor_critic_best.pt,checkpoint,95021,21,30,weaving,1.0,0.0,0,0.0,1,40,80,none,none,none,True,0.0,0.0,0.0,0.0,0.0833333358168602,0.16410256440822896,96.27948577243548,0.0,1.0,0.0,260.0,-1.0,-1.0,0.0,220.0,0.0,0.1708333384245634,0.04583333432674408,31381.354022686297,49769.33984375,-17.689960779622197
relay_failure,single,bc_ppo,0,EA-RG-MAPPO-S,results/intercept_3d_node_failure_curriculum_pilot_seed0/runs/single/bc_ppo_seed0/actor_critic_best.pt,checkpoint,95022,22,30,weaving,1.0,0.0,0,0.0,1,40,80,none,none,none,True,0.0,0.0,0.0,0.0,0.08974359241815713,0.16666666704874772,96.07051390524094,0.0,1.0,0.0,260.0,-1.0,-1.0,0.0,220.0,0.0,0.19166667237877846,0.0541666679084301,31016.174564302884,47655.57421875,-14.970108706504107
relay_failure,single,bc_ppo,0,EA-RG-MAPPO-S,results/intercept_3d_node_failure_curriculum_pilot_seed0/runs/single/bc_ppo_seed0/actor_critic_best.pt,checkpoint,95023,23,30,weaving,1.0,0.0,0,0.0,1,40,80,none,none,none,True,0.0,0.0,0.0,0.0,0.07692307921556327,0.16282051308796955,96.55256521541338,0.0,1.0,0.0,260.0,-1.0,-1.0,0.0,220.0,0.0,0.15416667126119138,0.04166666753590107,30731.89756610577,44328.87890625,-14.727981878444552
relay_failure,single,bc_ppo,0,EA-RG-MAPPO-S,results/intercept_3d_node_failure_curriculum_pilot_seed0/runs/single/bc_ppo_seed0/actor_critic_best.pt,checkpoint,95024,24,30,weaving,1.0,0.0,0,0.0,1,40,80,none,none,none,True,0.0,0.0,0.0,0.0,0.07820513053582265,0.16410256440822896,96.27948577243548,0.0,1.0,0.0,260.0,-1.0,-1.0,0.0,220.0,0.0,0.15833333805203437,0.04583333432674408,33491.63938927284,50296.171875,-19.036533515900373
relay_failure,single,bc_ppo,0,EA-RG-MAPPO-S,results/intercept_3d_node_failure_curriculum_pilot_seed0/runs/single/bc_ppo_seed0/actor_critic_best.pt,checkpoint,95025,25,30,weaving,1.0,0.0,0,0.0,1,40,80,none,none,none,True,0.0,0.0,0.0,0.0,0.07820513053582265,0.1897435908134167,93.42051372551,0.0,1.0,0.0,260.0,-1.0,-1.0,0.0,220.0,0.0,0.14583333767950535,0.12916667014360428,20749.60683218149,34314.0,-6.591357936151326
relay_failure,single,bc_ppo,0,EA-RG-MAPPO-S,results/intercept_3d_node_failure_curriculum_pilot_seed0/runs/single/bc_ppo_seed0/actor_critic_best.pt,checkpoint,95026,26,30,weaving,1.0,0.0,0,0.0,1,40,80,none,none,none,True,0.0,0.0,0.0,0.0,0.08205128449660082,0.18589743685263854,91.96666652995806,0.0,1.0,0.0,260.0,-1.0,-1.0,0.0,220.0,0.0,0.17500000521540643,0.06250000149011611,33440.25663311298,50364.17578125,-17.24586164020002
relay_failure,single,bc_ppo,0,EA-RG-MAPPO-S,results/intercept_3d_node_failure_curriculum_pilot_seed0/runs/single/bc_ppo_seed0/actor_critic_best.pt,checkpoint,95027,27,30,weaving,1.0,0.0,0,0.0,1,40,80,none,none,none,True,0.0,0.0,0.0,0.0,0.07692307921556327,0.1897435908134167,93.08718040195795,0.0,1.0,0.0,260.0,-1.0,-1.0,0.0,220.0,0.0,0.14166667088866233,0.12916667014360428,20929.566376201925,34446.56640625,-6.671449802815914
relay_failure,single,bc_ppo,0,EA-RG-MAPPO-S,results/intercept_3d_node_failure_curriculum_pilot_seed0/runs/single/bc_ppo_seed0/actor_critic_best.pt,checkpoint,95028,28,30,weaving,1.0,0.0,0,0.0,1,40,80,none,none,none,True,0.0,0.0,0.0,0.0,0.08589743845737897,0.1679487183690071,95.80128065278898,0.0,1.0,0.0,260.0,-1.0,-1.0,0.0,220.0,0.0,0.18333333879709243,0.05833333469927311,33570.53607647236,52014.88671875,-18.864674899727106
relay_failure,single,bc_ppo,0,EA-RG-MAPPO-S,results/intercept_3d_node_failure_curriculum_pilot_seed0/runs/single/bc_ppo_seed0/actor_critic_best.pt,checkpoint,95029,29,30,weaving,1.0,0.0,0,0.0,1,40,80,none,none,none,True,0.0,0.0,0.0,0.0,0.08461538713711958,0.16538461572848834,96.34102548475448,0.0,1.0,0.0,260.0,-1.0,-1.0,0.0,220.0,0.0,0.17916667200624942,0.05000000111758709,33478.338833383415,51066.58984375,-18.567973267287016
scout_failure,single,bc_ppo,0,EA-RG-MAPPO-S,results/intercept_3d_node_failure_curriculum_pilot_seed0/runs/single/bc_ppo_seed0/actor_critic_best.pt,checkpoint,95000,0,30,weaving,1.0,0.0,0,0.0,0,40,80,none,none,none,True,0.0,0.0,0.0,0.0,0.07435897657504449,0.2410256436237922,84.24102460443973,0.0,1.0,0.0,260.0,-1.0,-1.0,0.0,220.0,0.0,0.13333333730697633,0.2958333417773247,21000.315117938702,34668.50390625,-3.715760507620871
scout_failure,single,bc_ppo,0,EA-RG-MAPPO-S,results/intercept_3d_node_failure_curriculum_pilot_seed0/runs/single/bc_ppo_seed0/actor_critic_best.pt,checkpoint,95001,1,30,weaving,1.0,0.0,0,0.0,0,40,80,none,none,none,True,0.0,0.0,0.0,0.0,0.13205128598671692,0.2307692330617171,85.84615364097633,0.0,1.0,0.0,260.0,-1.0,-1.0,0.0,220.0,0.0,0.12916667051613331,0.2625000074505806,20879.92949594351,34137.12109375,1.2480444493703544
scout_failure,single,bc_ppo,0,EA-RG-MAPPO-S,results/intercept_3d_node_failure_curriculum_pilot_seed0/runs/single/bc_ppo_seed0/actor_critic_best.pt,checkpoint,95002,2,30,weaving,1.0,0.0,0,0.0,0,40,80,none,none,none,True,0.0,0.0,0.0,0.0,0.07435897657504449,0.24871795154534854,83.09102466312738,0.0,1.0,0.0,260.0,-1.0,-1.0,0.0,220.0,0.0,0.13750000409781932,0.3208333425223827,21063.02501878005,34375.81640625,-3.144863349851221
scout_failure,single,bc_ppo,0,EA-RG-MAPPO-S,results/intercept_3d_node_failure_curriculum_pilot_seed0/runs/single/bc_ppo_seed0/actor_critic_best.pt,checkpoint,95003,3,30,weaving,1.0,0.0,0,0.0,0,40,80,none,none,none,True,0.0,0.0,0.0,0.0,0.10128205430049163,0.21794871985912323,87.6346141817478,0.0,1.0,0.0,260.0,-1.0,-1.0,0.0,220.0,0.0,0.10833333656191826,0.2208333395421505,21933.740955528847,36795.71484375,-4.449130869004875
scout_failure,single,bc_ppo,0,EA-RG-MAPPO-S,results/intercept_3d_node_failure_curriculum_pilot_seed0/runs/single/bc_ppo_seed0/actor_critic_best.pt,checkpoint,95004,4,30,weaving,1.0,0.0,0,0.0,0,40,80,none,none,none,True,0.0,0.0,0.0,0.0,0.05256410413063489,0.17435897497030406,95.47435998939551,0.0,1.0,0.0,260.0,-1.0,-1.0,0.0,220.0,0.0,0.0833333358168602,0.07916666865348816,24195.736831430288,35586.35546875,-11.369819113984704
scout_failure,single,bc_ppo,0,EA-RG-MAPPO-S,results/intercept_3d_node_failure_curriculum_pilot_seed0/runs/single/bc_ppo_seed0/actor_critic_best.pt,checkpoint,95005,5,30,weaving,1.0,0.0,0,0.0,0,40,80,none,none,none,True,0.0,0.0,0.0,0.0,0.08205128449660082,0.1794871802513416,93.1025627798759,0.0,1.0,0.0,260.0,-1.0,-1.0,0.0,220.0,0.0,0.1666666716337204,0.0958333358168602,30975.03270733173,47644.03515625,-15.179612586274743
scout_failure,single,bc_ppo,0,EA-RG-MAPPO-S,results/intercept_3d_node_failure_curriculum_pilot_seed0/runs/single/bc_ppo_seed0/actor_critic_best.pt,checkpoint,95006,6,30,weaving,1.0,0.0,0,0.0,0,40,80,none,none,none,True,0.0,0.0,0.0,0.0,0.07435897657504449,0.25769231078716426,81.80769210251478,0.0,1.0,0.0,260.0,-1.0,-1.0,0.0,220.0,0.0,0.13750000409781932,0.34166667647659776,21234.902114633413,35248.7265625,-3.3184072924777865
scout_failure,single,bc_ppo,0,EA-RG-MAPPO-S,results/intercept_3d_node_failure_curriculum_pilot_seed0/runs/single/bc_ppo_seed0/actor_critic_best.pt,checkpoint,95007,7,30,weaving,1.0,0.0,0,0.0,0,40,80,none,none,none,True,0.0,0.0,0.0,0.0,0.051282052810375504,0.18461538553237916,94.08461620647174,0.0,1.0,0.0,260.0,-1.0,-1.0,0.0,220.0,0.0,0.07500000223517418,0.06666666828095913,24796.125822566104,37462.39453125,-12.462452605366707
scout_failure,single,bc_ppo,0,EA-RG-MAPPO-S,results/intercept_3d_node_failure_curriculum_pilot_seed0/runs/single/bc_ppo_seed0/actor_critic_best.pt,checkpoint,95008,8,30,weaving,1.0,0.0,0,0.0,0,40,80,none,none,none,True,0.0,0.0,0.0,0.0,0.09487179769919468,0.21794871985912323,87.6346141817478,0.0,1.0,0.0,260.0,-1.0,-1.0,0.0,220.0,0.0,0.11250000335276127,0.2208333395421505,21795.61365685096,37028.51953125,-5.115652560722083
scout_failure,single,bc_ppo,0,EA-RG-MAPPO-S,results/intercept_3d_node_failure_curriculum_pilot_seed0/runs/single/bc_ppo_seed0/actor_critic_best.pt,checkpoint,95009,9,30,weaving,1.0,0.0,0,0.0,0,40,80,none,none,none,True,0.0,0.0,0.0,0.0,0.10769231090178856,0.21538461721860447,87.74102545541066,0.0,1.0,0.0,260.0,-1.0,-1.0,0.0,220.0,0.0,0.09166666939854622,0.21250000596046448,22071.657459435097,36246.44140625,-3.5795497656799853
scout_failure,single,bc_ppo,0,EA-RG-MAPPO-S,results/intercept_3d_node_failure_curriculum_pilot_seed0/runs/single/bc_ppo_seed0/actor_critic_best.pt,checkpoint,95010,10,30,weaving,1.0,0.0,0,0.0,0,40,80,none,none,none,True,0.0,0.0,0.0,0.0,0.11538461882334489,0.23333333570223588,85.77051171545799,0.0,1.0,0.0,260.0,-1.0,-1.0,0.0,220.0,0.0,0.14583333767950535,0.27083334103226664,20744.439486929088,33481.81640625,0.32669136906042695
scout_failure,single,bc_ppo,0,EA-RG-MAPPO-S,results/intercept_3d_node_failure_curriculum_pilot_seed0/runs/single/bc_ppo_seed0/actor_critic_best.pt,checkpoint,95011,11,30,weaving,1.0,0.0,0,0.0,0,40,80,none,none,none,True,0.0,0.0,0.0,0.0,0.08589743845737897,0.18717948817289792,92.24999869442902,0.0,1.0,0.0,260.0,-1.0,-1.0,0.0,220.0,0.0,0.18333333879709243,0.12083333656191826,33193.072288161056,52067.5625,-17.610020264983177
scout_failure,single,bc_ppo,0,EA-RG-MAPPO-S,results/intercept_3d_node_failure_curriculum_pilot_seed0/runs/single/bc_ppo_seed0/actor_critic_best.pt,checkpoint,95012,12,30,weaving,1.0,0.0,0,0.0,0,40,80,none,none,none,True,0.0,0.0,0.0,0.0,0.07564102789530387,0.24487179758457037,83.66025540301433,0.0,1.0,0.0,260.0,-1.0,-1.0,0.0,220.0,0.0,0.14166667088866233,0.3083333421498537,21445.452013221155,35442.203125,-4.023378779180348
scout_failure,single,bc_ppo,0,EA-RG-MAPPO-S,results/intercept_3d_node_failure_curriculum_pilot_seed0/runs/single/bc_ppo_seed0/actor_critic_best.pt,checkpoint,95013,13,30,weaving,1.0,0.0,0,0.0,0,40,80,none,none,none,True,0.0,0.0,0.0,0.0,0.09487179769919468,0.2115384632578263,88.41025622464143,0.0,1.0,0.0,260.0,-1.0,-1.0,0.0,220.0,0.0,0.09583333618938923,0.20000000558793546,23471.462744140626,42006.609375,-9.329022741410881
scout_failure,single,bc_ppo,0,EA-RG-MAPPO-S,results/intercept_3d_node_failure_curriculum_pilot_seed0/runs/single/bc_ppo_seed0/actor_critic_best.pt,checkpoint,95014,14,30,weaving,1.0,0.0,0,0.0,0,40,80,none,none,none,True,0.0,0.0,0.0,0.0,0.05897436073193183,0.220512822499642,86.86666746896047,0.0,1.0,0.0,260.0,-1.0,-1.0,0.0,220.0,0.0,0.10000000298023223,0.2291666731238365,22293.32166090745,36078.171875,-7.606039023026824
scout_failure,single,bc_ppo,0,EA-RG-MAPPO-S,results/intercept_3d_node_failure_curriculum_pilot_seed0/runs/single/bc_ppo_seed0/actor_critic_best.pt,checkpoint,95015,15,30,weaving,1.0,0.0,0,0.0,0,40,80,none,none,none,True,0.0,0.0,0.0,0.0,0.08205128449660082,0.21025641193756692,87.03589649223365,0.0,1.0,0.0,260.0,-1.0,-1.0,0.0,220.0,0.0,0.17500000521540643,0.12083333656191826,33432.11887019231,50884.828125,-16.032907778397202
scout_failure,single,bc_ppo,0,EA-RG-MAPPO-S,results/intercept_3d_node_failure_curriculum_pilot_seed0/runs/single/bc_ppo_seed0/actor_critic_best.pt,checkpoint,95016,16,30,weaving,1.0,0.0,0,0.0,0,40,80,none,none,none,True,0.0,0.0,0.0,0.0,0.07564102789530387,0.24487179758457037,83.66025540301433,0.0,1.0,0.0,260.0,-1.0,-1.0,0.0,220.0,0.0,0.13333333730697633,0.3083333421498537,20767.029135366585,34067.7734375,-3.034381848294288
scout_failure,single,bc_ppo,0,EA-RG-MAPPO-S,results/intercept_3d_node_failure_curriculum_pilot_seed0/runs/single/bc_ppo_seed0/actor_critic_best.pt,checkpoint,95017,17,30,weaving,1.0,0.0,0,0.0,0,40,80,none,none,none,True,0.0,0.0,0.0,0.0,0.07948718185608204,0.1794871802513416,93.1025627798759,0.0,1.0,0.0,260.0,-1.0,-1.0,0.0,220.0,0.0,0.16250000484287738,0.0958333358168602,31254.019384765626,47622.53125,-15.572172556072474
scout_failure,single,bc_ppo,0,EA-RG-MAPPO-S,results/intercept_3d_node_failure_curriculum_pilot_seed0/runs/single/bc_ppo_seed0/actor_critic_best.pt,checkpoint,95018,18,30,weaving,1.0,0.0,0,0.0,0,40,80,none,none,none,True,0.0,0.0,0.0,0.0,0.0833333358168602,0.18333333421211975,92.67051151005121,0.0,1.0,0.0,260.0,-1.0,-1.0,0.0,220.0,0.0,0.17500000521540643,0.10833333618938923,33256.32556340144,50800.55859375,-17.277860205620527
scout_failure,single,bc_ppo,0,EA-RG-MAPPO-S,results/intercept_3d_node_failure_curriculum_pilot_seed0/runs/single/bc_ppo_seed0/actor_critic_best.pt,checkpoint,95019,19,30,weaving,1.0,0.0,0,0.0,0,40,80,none,none,none,True,0.0,0.0,0.0,0.0,0.08589743845737897,0.18333333421211975,92.67051151005121,0.0,1.0,0.0,260.0,-1.0,-1.0,0.0,220.0,0.0,0.18333333879709243,0.10833333618938923,30658.587796724758,45635.3125,-12.849342674016953
scout_failure,single,bc_ppo,0,EA-RG-MAPPO-S,results/intercept_3d_node_failure_curriculum_pilot_seed0/runs/single/bc_ppo_seed0/actor_critic_best.pt,checkpoint,95020,20,30,weaving,1.0,0.0,0,0.0,0,40,80,none,none,none,True,0.0,0.0,0.0,0.0,0.08461538713711958,0.1910256421336761,91.07435773725693,0.0,1.0,0.0,260.0,-1.0,-1.0,0.0,220.0,0.0,0.17916667200624942,0.12083333656191826,33258.17089468149,51600.01171875,-17.17962547391653
scout_failure,single,bc_ppo,0,EA-RG-MAPPO-S,results/intercept_3d_node_failure_curriculum_pilot_seed0/runs/single/bc_ppo_seed0/actor_critic_best.pt,checkpoint,95021,21,30,weaving,1.0,0.0,0,0.0,0,40,80,none,none,none,True,0.0,0.0,0.0,0.0,0.0833333358168602,0.1794871802513416,93.1025627798759,0.0,1.0,0.0,260.0,-1.0,-1.0,0.0,220.0,0.0,0.1708333384245634,0.0958333358168602,31418.808687650242,49948.5625,-16.710862124338746
scout_failure,single,bc_ppo,0,EA-RG-MAPPO-S,results/intercept_3d_node_failure_curriculum_pilot_seed0/runs/single/bc_ppo_seed0/actor_critic_best.pt,checkpoint,95022,22,30,weaving,1.0,0.0,0,0.0,0,40,80,none,none,none,True,0.0,0.0,0.0,0.0,0.08974359241815713,0.18333333421211975,92.67051151005121,0.0,1.0,0.0,260.0,-1.0,-1.0,0.0,220.0,0.0,0.19166667237877846,0.10833333618938923,31282.24001277043,50343.28125,-15.792656145989895
scout_failure,single,bc_ppo,0,EA-RG-MAPPO-S,results/intercept_3d_node_failure_curriculum_pilot_seed0/runs/single/bc_ppo_seed0/actor_critic_best.pt,checkpoint,95023,23,30,weaving,1.0,0.0,0,0.0,0,40,80,none,none,none,True,0.0,0.0,0.0,0.0,0.07692307921556327,0.1782051289310822,93.36025744241017,0.0,1.0,0.0,260.0,-1.0,-1.0,0.0,220.0,0.0,0.15416667126119138,0.0916666690260172,30694.066856971152,44175.859375,-13.496707802638412
scout_failure,single,bc_ppo,0,EA-RG-MAPPO-S,results/intercept_3d_node_failure_curriculum_pilot_seed0/runs/single/bc_ppo_seed0/actor_critic_best.pt,checkpoint,95024,24,30,weaving,1.0,0.0,0,0.0,0,40,80,none,none,none,True,0.0,0.0,0.0,0.0,0.07820513053582265,0.1794871802513416,93.1025627798759,0.0,1.0,0.0,260.0,-1.0,-1.0,0.0,220.0,0.0,0.15833333805203437,0.0958333358168602,33516.67702824519,50462.45703125,-18.051374593749642
scout_failure,single,bc_ppo,0,EA-RG-MAPPO-S,results/intercept_3d_node_failure_curriculum_pilot_seed0/runs/single/bc_ppo_seed0/actor_critic_best.pt,checkpoint,95025,25,30,weaving,1.0,0.0,0,0.0,0,40,80,none,none,none,True,0.0,0.0,0.0,0.0,0.07820513053582265,0.2500000028656079,83.23717927222069,0.0,1.0,0.0,260.0,-1.0,-1.0,0.0,220.0,0.0,0.14583333767950535,0.32500000931322576,20717.228459284855,34173.54296875,-2.5375078665092587
scout_failure,single,bc_ppo,0,EA-RG-MAPPO-S,results/intercept_3d_node_failure_curriculum_pilot_seed0/runs/single/bc_ppo_seed0/actor_critic_best.pt,checkpoint,95026,26,30,weaving,1.0,0.0,0,0.0,0,40,80,none,none,none,True,0.0,0.0,0.0,0.0,0.08205128449660082,0.20641025797678875,87.82051181816138,0.0,1.0,0.0,260.0,-1.0,-1.0,0.0,220.0,0.0,0.17500000521540643,0.12083333656191826,33431.430363581734,50252.703125,-15.753797316923738
scout_failure,single,bc_ppo,0,EA-RG-MAPPO-S,results/intercept_3d_node_failure_curriculum_pilot_seed0/runs/single/bc_ppo_seed0/actor_critic_best.pt,checkpoint,95027,27,30,weaving,1.0,0.0,0,0.0,0,40,80,none,none,none,True,0.0,0.0,0.0,0.0,0.19487180067942692,0.2410256436237922,84.24102460443973,0.0,1.0,0.0,260.0,-1.0,-1.0,0.0,220.0,0.0,0.14166667088866233,0.2958333417773247,20657.451784104567,33932.55078125,8.138458386994898
scout_failure,single,bc_ppo,0,EA-RG-MAPPO-S,results/intercept_3d_node_failure_curriculum_pilot_seed0/runs/single/bc_ppo_seed0/actor_critic_best.pt,checkpoint,95028,28,30,weaving,1.0,0.0,0,0.0,0,40,80,none,none,none,True,0.0,0.0,0.0,0.0,0.08461538713711958,0.18589743685263854,92.16666764502342,0.0,1.0,0.0,260.0,-1.0,-1.0,0.0,220.0,0.0,0.17916667200624942,0.11666666977107525,33645.33577599159,52130.07421875,-17.87657472677529
scout_failure,single,bc_ppo,0,EA-RG-MAPPO-S,results/intercept_3d_node_failure_curriculum_pilot_seed0/runs/single/bc_ppo_seed0/actor_critic_best.pt,checkpoint,95029,29,30,weaving,1.0,0.0,0,0.0,0,40,80,none,none,none,True,0.0,0.0,0.0,0.0,0.08461538713711958,0.180769231571601,93.17948702321603,0.0,1.0,0.0,260.0,-1.0,-1.0,0.0,220.0,0.0,0.17916667200624942,0.10000000260770321,33477.93696664664,51065.01171875,-17.45976971834898
relay_failure,single,bc_ppo,1,EA-RG-MAPPO-S,results/intercept_3d_node_failure_curriculum_pilot_seed0/runs/single/bc_ppo_seed1/actor_critic_best.pt,checkpoint,95000,0,30,weaving,1.0,0.0,0,0.0,1,40,80,none,none,none,True,0.0,0.0,0.0,0.0,0.04358974488881918,0.23717948966301405,131.82564066373385,0.0,1.0,0.0,260.0,-1.0,-1.0,0.0,220.0,0.0,0.05000000149011612,0.0125,30192.294568810095,41806.00390625,-20.05397272668779
relay_failure,single,bc_ppo,1,EA-RG-MAPPO-S,results/intercept_3d_node_failure_curriculum_pilot_seed0/runs/single/bc_ppo_seed1/actor_critic_best.pt,checkpoint,95001,1,30,weaving,1.0,0.0,0,0.0,1,40,80,none,none,none,True,0.0,0.0,0.0,0.0,0.04102564224830041,0.24358974626431099,132.35256374065693,0.0,1.0,0.0,260.0,-1.0,-1.0,0.0,220.0,0.0,0.04583333469927311,0.0125,30797.019925631008,42079.73828125,-20.32953236810863
relay_failure,single,bc_ppo,1,EA-RG-MAPPO-S,results/intercept_3d_node_failure_curriculum_pilot_seed0/runs/single/bc_ppo_seed1/actor_critic_best.pt,checkpoint,95002,2,30,weaving,1.0,0.0,0,0.0,1,40,80,none,none,none,True,0.0,0.0,0.0,0.0,0.04102564224830041,0.25769231078716426,130.3076919262226,0.0,1.0,0.0,260.0,-1.0,-1.0,0.0,220.0,0.0,0.0416666679084301,0.0125,34460.265204326926,53272.24609375,-27.907444393262267
relay_failure,single,bc_ppo,1,EA-RG-MAPPO-S,results/intercept_3d_node_failure_curriculum_pilot_seed0/runs/single/bc_ppo_seed1/actor_critic_best.pt,checkpoint,95003,3,30,weaving,1.0,0.0,0,0.0,1,40,80,none,none,none,True,0.0,0.0,0.0,0.0,0.03974359092804102,0.1884615394931573,132.43461500314567,0.0,1.0,0.0,260.0,-1.0,-1.0,0.0,220.0,0.0,0.04583333469927311,0.0125,32298.08419846755,49202.60546875,-28.825985930860043
relay_failure,single,bc_ppo,1,EA-RG-MAPPO-S,results/intercept_3d_node_failure_curriculum_pilot_seed0/runs/single/bc_ppo_seed1/actor_critic_best.pt,checkpoint,95004,4,30,weaving,1.0,0.0,0,0.0,1,40,80,none,none,none,True,0.0,0.0,0.0,0.0,0.024358975084928364,0.18205128289186037,132.00769192622258,0.0,1.0,0.0,260.0,-1.0,-1.0,0.0,220.0,0.0,0.00833333358168602,0.0125,35008.50378605769,51580.76171875,-33.380711030215025
relay_failure,single,bc_ppo,1,EA-RG-MAPPO-S,results/intercept_3d_node_failure_curriculum_pilot_seed0/runs/single/bc_ppo_seed1/actor_critic_best.pt,checkpoint,95005,5,30,weaving,1.0,0.0,0,0.0,1,40,80,none,none,none,True,0.0,0.0,0.0,0.0,0.1461538505095702,0.21794871985912323,74.73589750459561,0.0,1.0,0.0,260.0,-1.0,-1.0,0.0,220.0,0.0,0.31250000931322575,0.20833333916962146,27725.344027944713,62006.21875,-13.153717608191073
relay_failure,single,bc_ppo,1,EA-RG-MAPPO-S,results/intercept_3d_node_failure_curriculum_pilot_seed0/runs/single/bc_ppo_seed1/actor_critic_best.pt,checkpoint,95006,6,30,weaving,1.0,0.0,0,0.0,1,40,80,none,none,none,True,0.0,0.0,0.0,0.0,0.04230769356855979,0.2564102594669049,130.48717912527232,0.0,1.0,0.0,260.0,-1.0,-1.0,0.0,220.0,0.0,0.04583333469927311,0.0125,34283.3917179988,53343.140625,-27.78894284181297
relay_failure,single,bc_ppo,1,EA-RG-MAPPO-S,results/intercept_3d_node_failure_curriculum_pilot_seed0/runs/single/bc_ppo_seed1/actor_critic_best.pt,checkpoint,95007,7,30,weaving,1.0,0.0,0,0.0,1,40,80,none,none,none,True,0.0,0.0,0.0,0.0,0.03589743696726286,0.1884615394931573,132.21153808006875,0.0,1.0,0.0,260.0,-1.0,-1.0,0.0,220.0,0.0,0.03750000111758709,0.0125,33229.057590895434,50208.73828125,-30.199023300781846
relay_failure,single,bc_ppo,1,EA-RG-MAPPO-S,results/intercept_3d_node_failure_curriculum_pilot_seed0/runs/single/bc_ppo_seed1/actor_critic_best.pt,checkpoint,95008,8,30,weaving,1.0,0.0,0,0.0,1,40,80,none,none,none,True,0.0,0.0,0.0,0.0,0.03974359092804102,0.1884615394931573,132.66794835604153,0.0,1.0,0.0,260.0,-1.0,-1.0,0.0,220.0,0.0,0.04583333469927311,0.0125,32057.488401442308,48970.046875,-28.64991164021194
relay_failure,single,bc_ppo,1,EA-RG-MAPPO-S,results/intercept_3d_node_failure_curriculum_pilot_seed0/runs/single/bc_ppo_seed1/actor_critic_best.pt,checkpoint,95009,9,30,weaving,1.0,0.0,0,0.0,1,40,80,none,none,none,True,0.0,0.0,0.0,0.0,0.03974359092804102,0.20384615533626996,131.10384577237642,0.0,1.0,0.0,260.0,-1.0,-1.0,0.0,220.0,0.0,0.05000000149011612,0.0125,32795.94285982572,50687.10546875,-29.122068751603365
relay_failure,single,bc_ppo,1,EA-RG-MAPPO-S,results/intercept_3d_node_failure_curriculum_pilot_seed0/runs/single/bc_ppo_seed1/actor_critic_best.pt,checkpoint,95010,10,30,weaving,1.0,0.0,0,0.0,1,40,80,none,none,none,True,0.0,0.0,0.0,0.0,0.037179488287522246,0.220512822499642,131.9153842339149,0.0,1.0,0.0,260.0,-1.0,-1.0,0.0,220.0,0.0,0.03333333432674408,0.0125,31329.019099308895,42150.57421875,-22.187429659068584
relay_failure,single,bc_ppo,1,EA-RG-MAPPO-S,results/intercept_3d_node_failure_curriculum_pilot_seed0/runs/single/bc_ppo_seed1/actor_critic_best.pt,checkpoint,95011,11,30,weaving,1.0,0.0,0,0.0,1,40,80,none,none,none,True,0.0,0.0,0.0,0.0,0.15769231239190468,0.22564102778067954,72.9320516295158,0.0,1.0,0.0,260.0,-1.0,-1.0,0.0,220.0,0.0,0.35416667722165585,0.2166666727513075,27653.360712139423,62920.12109375,-12.128328605554998
relay_failure,single,bc_ppo,1,EA-RG-MAPPO-S,results/intercept_3d_node_failure_curriculum_pilot_seed0/runs/single/bc_ppo_seed1/actor_critic_best.pt,checkpoint,95012,12,30,weaving,1.0,0.0,0,0.0,1,40,80,none,none,none,True,0.0,0.0,0.0,0.0,0.04102564224830041,0.2551282081466455,130.66794835604153,0.0,1.0,0.0,260.0,-1.0,-1.0,0.0,220.0,0.0,0.0416666679084301,0.0125,35130.736684945914,55065.41796875,-29.346754770725965
relay_failure,single,bc_ppo,1,EA-RG-MAPPO-S,results/intercept_3d_node_failure_curriculum_pilot_seed0/runs/single/bc_ppo_seed1/actor_critic_best.pt,checkpoint,95013,13,30,weaving,1.0,0.0,0,0.0,1,40,80,none,none,none,True,0.0,0.0,0.0,0.0,0.04102564224830041,0.20256410401601058,131.27948681758,0.0,1.0,0.0,260.0,-1.0,-1.0,0.0,220.0,0.0,0.05416666828095913,0.0125,33158.48150916467,51440.37890625,-29.537332544103265
relay_failure,single,bc_ppo,1,EA-RG-MAPPO-S,results/intercept_3d_node_failure_curriculum_pilot_seed0/runs/single/bc_ppo_seed1/actor_critic_best.pt,checkpoint,95014,14,30,weaving,1.0,0.0,0,0.0,1,40,80,none,none,none,True,0.0,0.0,0.0,0.0,0.03461538564700347,0.1897435908134167,131.6230765416072,0.0,1.0,0.0,260.0,-1.0,-1.0,0.0,220.0,0.0,0.03333333432674408,0.0125,33681.51144080529,50696.53125,-30.69918566197157
relay_failure,single,bc_ppo,1,EA-RG-MAPPO-S,results/intercept_3d_node_failure_curriculum_pilot_seed0/runs/single/bc_ppo_seed1/actor_critic_best.pt,checkpoint,95015,15,30,weaving,1.0,0.0,0,0.0,1,40,80,none,none,none,True,0.0,0.0,0.0,0.0,0.19871795464020509,0.29871795303546467,64.07435872027507,0.0,1.0,0.0,260.0,-1.0,-1.0,0.0,220.0,0.0,0.36666667759418486,0.2625000074505806,23397.04746469351,52244.81640625,3.9831608198583126
relay_failure,single,bc_ppo,1,EA-RG-MAPPO-S,results/intercept_3d_node_failure_curriculum_pilot_seed0/runs/single/bc_ppo_seed1/actor_critic_best.pt,checkpoint,95016,16,30,weaving,1.0,0.0,0,0.0,1,40,80,none,none,none,True,0.0,0.0,0.0,0.0,0.03974359092804102,0.22564102778067954,131.32948681758,0.0,1.0,0.0,260.0,-1.0,-1.0,0.0,220.0,0.0,0.03750000111758709,0.0125,31919.971514423076,49647.45703125,-27.10426962375641
relay_failure,single,bc_ppo,1,EA-RG-MAPPO-S,results/intercept_3d_node_failure_curriculum_pilot_seed0/runs/single/bc_ppo_seed1/actor_critic_best.pt,checkpoint,95017,17,30,weaving,1.0,0.0,0,0.0,1,40,80,none,none,none,True,0.0,0.0,0.0,0.0,0.1461538505095702,0.21794871985912323,74.73589750459561,0.0,1.0,0.0,260.0,-1.0,-1.0,0.0,220.0,0.0,0.31666667610406873,0.20833333916962146,28338.810283954328,63502.96875,-14.347029401920736
relay_failure,single,bc_ppo,1,EA-RG-MAPPO-S,results/intercept_3d_node_failure_curriculum_pilot_seed0/runs/single/bc_ppo_seed1/actor_critic_best.pt,checkpoint,95018,18,30,weaving,1.0,0.0,0,0.0,1,40,80,none,none,none,True,0.0,0.0,0.0,0.0,0.1461538505095702,0.22692307910093895,73.37948639232378,0.0,1.0,0.0,260.0,-1.0,-1.0,0.0,220.0,0.0,0.31250000931322575,0.2208333395421505,27908.173501352165,63044.65625,-13.339410332031548
relay_failure,single,bc_ppo,1,EA-RG-MAPPO-S,results/intercept_3d_node_failure_curriculum_pilot_seed0/runs/single/bc_ppo_seed1/actor_critic_best.pt,checkpoint,95019,19,30,weaving,1.0,0.0,0,0.0,1,40,80,none,none,none,True,0.0,0.0,0.0,0.0,0.15128205579060774,0.22692307910093895,72.81281990661071,0.0,1.0,0.0,260.0,-1.0,-1.0,0.0,220.0,0.0,0.3291666764765978,0.21250000596046448,27828.24991361178,63143.61328125,-12.890100182965398
relay_failure,single,bc_ppo,1,EA-RG-MAPPO-S,results/intercept_3d_node_failure_curriculum_pilot_seed0/runs/single/bc_ppo_seed1/actor_critic_best.pt,checkpoint,95020,20,30,weaving,1.0,0.0,0,0.0,1,40,80,none,none,none,True,0.0,0.0,0.0,0.0,0.18333333879709243,0.3153846201988367,63.18589707911015,0.0,1.0,0.0,260.0,-1.0,-1.0,0.0,220.0,0.0,0.3875000115483999,0.24583334028720855,25968.539009915865,54513.98828125,1.5569497868418694
relay_failure,single,bc_ppo,1,EA-RG-MAPPO-S,results/intercept_3d_node_failure_curriculum_pilot_seed0/runs/single/bc_ppo_seed1/actor_critic_best.pt,checkpoint,95021,21,30,weaving,1.0,0.0,0,0.0,1,40,80,none,none,none,True,0.0,0.0,0.0,0.0,0.1461538505095702,0.21666666853886385,74.29230761917738,0.0,1.0,0.0,260.0,-1.0,-1.0,0.0,220.0,0.0,0.31666667610406873,0.20416667237877845,28138.312939453124,62928.55859375,-13.830744841136038
relay_failure,single,bc_ppo,1,EA-RG-MAPPO-S,results/intercept_3d_node_failure_curriculum_pilot_seed0/runs/single/bc_ppo_seed1/actor_critic_best.pt,checkpoint,95022,22,30,weaving,1.0,0.0,0,0.0,1,40,80,none,none,none,True,0.0,0.0,0.0,0.0,0.1448717991893108,0.2115384632578263,89.4102561952976,0.0,1.0,0.0,260.0,-1.0,-1.0,0.0,220.0,0.0,0.32500000968575476,0.20000000558793546,28352.61043795072,63525.08203125,-15.750843775458634
relay_failure,single,bc_ppo,1,EA-RG-MAPPO-S,results/intercept_3d_node_failure_curriculum_pilot_seed0/runs/single/bc_ppo_seed1/actor_critic_best.pt,checkpoint,95023,23,30,weaving,1.0,0.0,0,0.0,1,40,80,none,none,none,True,0.0,0.0,0.0,0.0,0.15000000447034836,0.22435897646042016,73.257692234562,0.0,1.0,0.0,260.0,-1.0,-1.0,0.0,220.0,0.0,0.32500000968575476,0.20416667237877845,28694.57541316106,63962.25,-13.608267046511173
relay_failure,single,bc_ppo,1,EA-RG-MAPPO-S,results/intercept_3d_node_failure_curriculum_pilot_seed0/runs/single/bc_ppo_seed1/actor_critic_best.pt,checkpoint,95024,24,30,weaving,1.0,0.0,0,0.0,1,40,80,none,none,none,True,0.0,0.0,0.0,0.0,0.14871795315008898,0.2217948738199014,74.16410275995732,0.0,1.0,0.0,260.0,-1.0,-1.0,0.0,220.0,0.0,0.3208333428949118,0.21250000596046448,28112.507857572116,63338.59765625,-13.576604096218944
relay_failure,single,bc_ppo,1,EA-RG-MAPPO-S,results/intercept_3d_node_failure_curriculum_pilot_seed0/runs/single/bc_ppo_seed1/actor_critic_best.pt,checkpoint,95025,25,30,weaving,1.0,0.0,0,0.0,1,40,80,none,none,none,True,0.0,0.0,0.0,0.0,0.044871796209078565,0.2564102594669049,130.13333297142617,0.0,1.0,0.0,260.0,-1.0,-1.0,0.0,220.0,0.0,0.05416666828095913,0.0125,30996.862653996395,46677.53125,-22.427650779485703
relay_failure,single,bc_ppo,1,EA-RG-MAPPO-S,results/intercept_3d_node_failure_curriculum_pilot_seed0/runs/single/bc_ppo_seed1/actor_critic_best.pt,checkpoint,95026,26,30,weaving,1.0,0.0,0,0.0,1,40,80,none,none,none,True,0.0,0.0,0.0,0.0,0.20256410860098326,0.30128205567598343,63.6653843075037,0.0,1.0,0.0,260.0,-1.0,-1.0,0.0,220.0,0.0,0.39166667833924296,0.27083334103226664,23597.688810847354,52756.4375,4.339209144935012
relay_failure,single,bc_ppo,1,EA-RG-MAPPO-S,results/intercept_3d_node_failure_curriculum_pilot_seed0/runs/single/bc_ppo_seed1/actor_critic_best.pt,checkpoint,95027,27,30,weaving,1.0,0.0,0,0.0,1,40,80,none,none,none,True,0.0,0.0,0.0,0.0,0.04102564224830041,0.25384615682638606,130.84999961853026,0.0,1.0,0.0,260.0,-1.0,-1.0,0.0,220.0,0.0,0.0416666679084301,0.0125,33924.17691180889,52452.9375,-27.510404981672764
relay_failure,single,bc_ppo,1,EA-RG-MAPPO-S,results/intercept_3d_node_failure_curriculum_pilot_seed0/runs/single/bc_ppo_seed1/actor_critic_best.pt,checkpoint,95028,28,30,weaving,1.0,0.0,0,0.0,1,40,80,none,none,none,True,0.0,0.0,0.0,0.0,0.15897436371216409,0.2320512843819765,72.03846117189298,0.0,1.0,0.0,260.0,-1.0,-1.0,0.0,220.0,0.0,0.3416666768491268,0.2208333395421505,27026.942394080528,57646.75390625,-7.330205430742353
relay_failure,single,bc_ppo,1,EA-RG-MAPPO-S,results/intercept_3d_node_failure_curriculum_pilot_seed0/runs/single/bc_ppo_seed1/actor_critic_best.pt,checkpoint,95029,29,30,weaving,1.0,0.0,0,0.0,1,40,80,none,none,none,True,0.0,0.0,0.0,0.0,0.14743590182982957,0.22307692514016078,73.37435819208622,0.0,1.0,0.0,260.0,-1.0,-1.0,0.0,220.0,0.0,0.3208333428949118,0.20833333916962146,28210.3318359375,59614.26953125,-10.782743392512202
scout_failure,single,bc_ppo,1,EA-RG-MAPPO-S,results/intercept_3d_node_failure_curriculum_pilot_seed0/runs/single/bc_ppo_seed1/actor_critic_best.pt,checkpoint,95000,0,30,weaving,1.0,0.0,0,0.0,0,40,80,none,none,none,True,0.0,0.0,0.0,0.0,0.04358974488881918,0.27948718323157384,126.70256374065693,0.0,1.0,0.0,260.0,-1.0,-1.0,0.0,220.0,0.0,0.05000000149011612,0.1375000037252903,29748.02716346154,40378.09765625,-16.79389888048172
scout_failure,single,bc_ppo,1,EA-RG-MAPPO-S,results/intercept_3d_node_failure_curriculum_pilot_seed0/runs/single/bc_ppo_seed1/actor_critic_best.pt,checkpoint,95001,1,30,weaving,1.0,0.0,0,0.0,0,40,80,none,none,none,True,0.0,0.0,0.0,0.0,0.04102564224830041,0.26794872134923936,127.08717909592849,0.0,1.0,0.0,260.0,-1.0,-1.0,0.0,220.0,0.0,0.04583333469927311,0.12916667014360428,30128.54385516827,41054.51171875,-18.303997728973627
scout_failure,single,bc_ppo,1,EA-RG-MAPPO-S,results/intercept_3d_node_failure_curriculum_pilot_seed0/runs/single/bc_ppo_seed1/actor_critic_best.pt,checkpoint,95002,2,30,weaving,1.0,0.0,0,0.0,0,40,80,none,none,none,True,0.0,0.0,0.0,0.0,0.04102564224830041,0.26666667002898,125.07307651226337,0.0,1.0,0.0,260.0,-1.0,-1.0,0.0,220.0,0.0,0.0416666679084301,0.12916667014360428,29400.01669921875,41132.01953125,-18.47986943088472
scout_failure,single,bc_ppo,1,EA-RG-MAPPO-S,results/intercept_3d_node_failure_curriculum_pilot_seed0/runs/single/bc_ppo_seed1/actor_critic_best.pt,checkpoint,95003,3,30,weaving,1.0,0.0,0,0.0,0,40,80,none,none,none,True,0.0,0.0,0.0,0.0,0.03974359092804102,0.24743590022508916,126.46923038776104,0.0,1.0,0.0,260.0,-1.0,-1.0,0.0,220.0,0.0,0.04583333469927311,0.1458333373069763,31425.32743765024,44090.70703125,-21.87735340744257
scout_failure,single,bc_ppo,1,EA-RG-MAPPO-S,results/intercept_3d_node_failure_curriculum_pilot_seed0/runs/single/bc_ppo_seed1/actor_critic_best.pt,checkpoint,95004,4,30,weaving,1.0,0.0,0,0.0,0,40,80,none,none,none,True,0.0,0.0,0.0,0.0,0.024358975084928364,0.21025641193756692,127.95640986515926,0.0,1.0,0.0,260.0,-1.0,-1.0,0.0,220.0,0.0,0.00833333358168602,0.06250000149011611,36730.26473858173,54573.796875,-34.23580738902092
scout_failure,single,bc_ppo,1,EA-RG-MAPPO-S,results/intercept_3d_node_failure_curriculum_pilot_seed0/runs/single/bc_ppo_seed1/actor_critic_best.pt,checkpoint,95005,5,30,weaving,1.0,0.0,0,0.0,0,40,80,none,none,none,True,0.0,0.0,0.0,0.0,0.14102564522853264,0.26410256738846116,81.9294862896204,0.0,1.0,0.0,260.0,-1.0,-1.0,0.0,220.0,0.0,0.3333333432674408,0.34166667647659776,28807.820289963944,65161.73046875,-14.571662452071905
scout_failure,single,bc_ppo,1,EA-RG-MAPPO-S,results/intercept_3d_node_failure_curriculum_pilot_seed0/runs/single/bc_ppo_seed1/actor_critic_best.pt,checkpoint,95006,6,30,weaving,1.0,0.0,0,0.0,0,40,80,none,none,none,True,0.0,0.0,0.0,0.0,0.04230769356855979,0.24487179758457037,126.1602560190054,0.0,1.0,0.0,260.0,-1.0,-1.0,0.0,220.0,0.0,0.04583333469927311,0.10833333618938923,29847.54647686298,43321.67578125,-20.97517492622137
scout_failure,single,bc_ppo,1,EA-RG-MAPPO-S,results/intercept_3d_node_failure_curriculum_pilot_seed0/runs/single/bc_ppo_seed1/actor_critic_best.pt,checkpoint,95007,7,30,weaving,1.0,0.0,0,0.0,0,40,80,none,none,none,True,0.0,0.0,0.0,0.0,0.03589743696726286,0.2307692330617171,127.4538457430326,0.0,1.0,0.0,260.0,-1.0,-1.0,0.0,220.0,0.0,0.03750000111758709,0.12500000335276126,32887.30264423077,48805.03125,-26.924498490989208
scout_failure,single,bc_ppo,1,EA-RG-MAPPO-S,results/intercept_3d_node_failure_curriculum_pilot_seed0/runs/single/bc_ppo_seed1/actor_critic_best.pt,checkpoint,95008,8,30,weaving,1.0,0.0,0,0.0,0,40,80,none,none,none,True,0.0,0.0,0.0,0.0,0.03974359092804102,0.22307692514016078,128.43333297142615,0.0,1.0,0.0,260.0,-1.0,-1.0,0.0,220.0,0.0,0.04583333469927311,0.12083333656191826,31865.84579326923,48102.26171875,-26.174321100115776
scout_failure,single,bc_ppo,1,EA-RG-MAPPO-S,results/intercept_3d_node_failure_curriculum_pilot_seed0/runs/single/bc_ppo_seed1/actor_critic_best.pt,checkpoint,95009,9,30,weaving,1.0,0.0,0,0.0,0,40,80,none,none,none,True,0.0,0.0,0.0,0.0,0.03974359092804102,0.2500000028656079,125.93717909592849,0.0,1.0,0.0,260.0,-1.0,-1.0,0.0,220.0,0.0,0.05000000149011612,0.15000000409781933,32566.906689453124,50505.40625,-26.584961518645287
scout_failure,single,bc_ppo,1,EA-RG-MAPPO-S,results/intercept_3d_node_failure_curriculum_pilot_seed0/runs/single/bc_ppo_seed1/actor_critic_best.pt,checkpoint,95010,10,30,weaving,1.0,0.0,0,0.0,0,40,80,none,none,none,True,0.0,0.0,0.0,0.0,0.037179488287522246,0.23974359230353282,127.14230731083796,0.0,1.0,0.0,260.0,-1.0,-1.0,0.0,220.0,0.0,0.03333333432674408,0.0958333358168602,29246.286065204327,38635.37890625,-18.623592890799046
scout_failure,single,bc_ppo,1,EA-RG-MAPPO-S,results/intercept_3d_node_failure_curriculum_pilot_seed0/runs/single/bc_ppo_seed1/actor_critic_best.pt,checkpoint,95011,11,30,weaving,1.0,0.0,0,0.0,0,40,80,none,none,none,True,0.0,0.0,0.0,0.0,0.1846153901173518,0.3282051334014306,74.24359007638235,0.0,1.0,0.0,260.0,-1.0,-1.0,0.0,220.0,0.0,0.3833333447575569,0.34166667647659776,24965.594298377404,52527.69140625,2.6818613428622484
scout_failure,single,bc_ppo,1,EA-RG-MAPPO-S,results/intercept_3d_node_failure_curriculum_pilot_seed0/runs/single/bc_ppo_seed1/actor_critic_best.pt,checkpoint,95012,12,30,weaving,1.0,0.0,0,0.0,0,40,80,none,none,none,True,0.0,0.0,0.0,0.0,0.04102564224830041,0.26666667002898,127.96538420457107,0.0,1.0,0.0,260.0,-1.0,-1.0,0.0,220.0,0.0,0.0416666679084301,0.07500000186264515,32720.389306640624,49797.984375,-24.838727690279484
scout_failure,single,bc_ppo,1,EA-RG-MAPPO-S,results/intercept_3d_node_failure_curriculum_pilot_seed0/runs/single/bc_ppo_seed1/actor_critic_best.pt,checkpoint,95013,13,30,weaving,1.0,0.0,0,0.0,0,40,80,none,none,none,True,0.0,0.0,0.0,0.0,0.04102564224830041,0.24487179758457037,125.9448714036208,0.0,1.0,0.0,260.0,-1.0,-1.0,0.0,220.0,0.0,0.05416666828095913,0.15416667088866234,33009.883270733175,51162.62890625,-27.136596091091633
scout_failure,single,bc_ppo,1,EA-RG-MAPPO-S,results/intercept_3d_node_failure_curriculum_pilot_seed0/runs/single/bc_ppo_seed1/actor_critic_best.pt,checkpoint,95014,14,30,weaving,1.0,0.0,0,0.0,0,40,80,none,none,none,True,0.0,0.0,0.0,0.0,0.03461538564700347,0.21538461721860447,128.57948681758,0.0,1.0,0.0,260.0,-1.0,-1.0,0.0,220.0,0.0,0.03333333432674408,0.08750000223517418,33765.4530085637,50899.0625,-29.51497020572424
scout_failure,single,bc_ppo,1,EA-RG-MAPPO-S,results/intercept_3d_node_failure_curriculum_pilot_seed0/runs/single/bc_ppo_seed1/actor_critic_best.pt,checkpoint,95015,15,30,weaving,1.0,0.0,0,0.0,0,40,80,none,none,none,True,0.0,0.0,0.0,0.0,0.20641026256176143,0.2705128239897581,76.52179409930339,0.0,1.0,0.0,260.0,-1.0,-1.0,0.0,220.0,0.0,0.404166678711772,0.30000000856816766,23465.138172325722,51877.25,2.3150122333317995
scout_failure,single,bc_ppo,1,EA-RG-MAPPO-S,results/intercept_3d_node_failure_curriculum_pilot_seed0/runs/single/bc_ppo_seed1/actor_critic_best.pt,checkpoint,95016,16,30,weaving,1.0,0.0,0,0.0,0,40,80,none,none,none,True,0.0,0.0,0.0,0.0,0.03974359092804102,0.2294871817414577,128.67051241948053,0.0,1.0,0.0,260.0,-1.0,-1.0,0.0,220.0,0.0,0.03750000111758709,0.0958333358168602,32930.21257136418,54139.51171875,-30.151011161506176
scout_failure,single,bc_ppo,1,EA-RG-MAPPO-S,results/intercept_3d_node_failure_curriculum_pilot_seed0/runs/single/bc_ppo_seed1/actor_critic_best.pt,checkpoint,95017,17,30,weaving,1.0,0.0,0,0.0,0,40,80,none,none,none,True,0.0,0.0,0.0,0.0,0.15256410711086713,0.28461538851261137,79.33461515009404,0.0,1.0,0.0,260.0,-1.0,-1.0,0.0,220.0,0.0,0.31666667610406873,0.34166667647659776,27759.22041391226,62143.85546875,-9.069582983851433
scout_failure,single,bc_ppo,1,EA-RG-MAPPO-S,results/intercept_3d_node_failure_curriculum_pilot_seed0/runs/single/bc_ppo_seed1/actor_critic_best.pt,checkpoint,95018,18,30,weaving,1.0,0.0,0,0.0,0,40,80,none,none,none,True,0.0,0.0,0.0,0.0,0.16538462031346102,0.346153851885062,73.51923053470942,0.0,1.0,0.0,260.0,-1.0,-1.0,0.0,220.0,0.0,0.35000001043081286,0.34166667647659776,27413.34157527043,59790.5,-3.6185095105320215
scout_failure,single,bc_ppo,1,EA-RG-MAPPO-S,results/intercept_3d_node_failure_curriculum_pilot_seed0/runs/single/bc_ppo_seed1/actor_critic_best.pt,checkpoint,95019,19,30,weaving,1.0,0.0,0,0.0,0,40,80,none,none,none,True,0.0,0.0,0.0,0.0,0.17820513351605488,0.31666667151909605,75.27051315330542,0.0,1.0,0.0,260.0,-1.0,-1.0,0.0,220.0,0.0,0.3291666764765978,0.34166667647659776,24972.201077974758,55107.07421875,-0.7394507471472025
scout_failure,single,bc_ppo,1,EA-RG-MAPPO-S,results/intercept_3d_node_failure_curriculum_pilot_seed0/runs/single/bc_ppo_seed1/actor_critic_best.pt,checkpoint,95020,20,30,weaving,1.0,0.0,0,0.0,0,40,80,none,none,none,True,0.0,0.0,0.0,0.0,0.19615385199968632,0.3500000058458402,72.58717927222068,0.0,1.0,0.0,260.0,-1.0,-1.0,0.0,220.0,0.0,0.44166667982935903,0.34166667647659776,26337.236125300482,59423.15234375,0.09444556944072247
scout_failure,single,bc_ppo,1,EA-RG-MAPPO-S,results/intercept_3d_node_failure_curriculum_pilot_seed0/runs/single/bc_ppo_seed1/actor_critic_best.pt,checkpoint,95021,21,30,weaving,1.0,0.0,0,0.0,0,40,80,none,none,none,True,0.0,0.0,0.0,0.0,0.13846154258801388,0.2717948753100175,80.25128123966547,0.0,1.0,0.0,260.0,-1.0,-1.0,0.0,220.0,0.0,0.3333333432674408,0.34166667647659776,29097.888254957932,65106.73046875,-14.301408644765615
scout_failure,single,bc_ppo,1,EA-RG-MAPPO-S,results/intercept_3d_node_failure_curriculum_pilot_seed0/runs/single/bc_ppo_seed1/actor_critic_best.pt,checkpoint,95022,22,30,weaving,1.0,0.0,0,0.0,0,40,80,none,none,none,True,0.0,0.0,0.0,0.0,0.1564102610716453,0.27820513191131446,79.44359007638235,0.0,1.0,0.0,260.0,-1.0,-1.0,0.0,220.0,0.0,0.35416667722165585,0.34166667647659776,28003.12751652644,63303.21484375,-10.081972774118185
scout_failure,single,bc_ppo,1,EA-RG-MAPPO-S,results/intercept_3d_node_failure_curriculum_pilot_seed0/runs/single/bc_ppo_seed1/actor_critic_best.pt,checkpoint,95023,23,30,weaving,1.0,0.0,0,0.0,0,40,80,none,none,none,True,0.0,0.0,0.0,0.0,0.15512820975138591,0.3333333386824681,73.82051203824007,0.0,1.0,0.0,260.0,-1.0,-1.0,0.0,220.0,0.0,0.3333333432674408,0.34166667647659776,27921.370474008414,59073.01171875,-3.8108462635427713
scout_failure,single,bc_ppo,1,EA-RG-MAPPO-S,results/intercept_3d_node_failure_curriculum_pilot_seed0/runs/single/bc_ppo_seed1/actor_critic_best.pt,checkpoint,95024,24,30,weaving,1.0,0.0,0,0.0,0,40,80,none,none,none,True,0.0,0.0,0.0,0.0,0.15000000447034836,0.27820513191131446,80.11025672348646,0.0,1.0,0.0,260.0,-1.0,-1.0,0.0,220.0,0.0,0.3208333428949118,0.34166667647659776,27847.671886268028,62590.890625,-10.203961728140712
scout_failure,single,bc_ppo,1,EA-RG-MAPPO-S,results/intercept_3d_node_failure_curriculum_pilot_seed0/runs/single/bc_ppo_seed1/actor_critic_best.pt,checkpoint,95025,25,30,weaving,1.0,0.0,0,0.0,0,40,80,none,none,none,True,0.0,0.0,0.0,0.0,0.044871796209078565,0.20769230929704813,138.25769189687875,0.0,1.0,0.0,260.0,-1.0,-1.0,0.0,220.0,0.0,0.05416666828095913,0.12500000335276126,32241.419884314902,48776.66015625,-26.341776441782713
scout_failure,single,bc_ppo,1,EA-RG-MAPPO-S,results/intercept_3d_node_failure_curriculum_pilot_seed0/runs/single/bc_ppo_seed1/actor_critic_best.pt,checkpoint,95026,26,30,weaving,1.0,0.0,0,0.0,0,40,80,none,none,none,True,0.0,0.0,0.0,0.0,0.20512821124150202,0.32948718472169,74.13589665362468,0.0,1.0,0.0,260.0,-1.0,-1.0,0.0,220.0,0.0,0.45000001341104506,0.34166667647659776,24451.914002403846,50876.24609375,6.502463910728693
scout_failure,single,bc_ppo,1,EA-RG-MAPPO-S,results/intercept_3d_node_failure_curriculum_pilot_seed0/runs/single/bc_ppo_seed1/actor_critic_best.pt,checkpoint,95027,27,30,weaving,1.0,0.0,0,0.0,0,40,80,none,none,none,True,0.0,0.0,0.0,0.0,0.04102564224830041,0.2500000028656079,126.01923035841722,0.0,1.0,0.0,260.0,-1.0,-1.0,0.0,220.0,0.0,0.0416666679084301,0.10833333618938923,28914.25439828726,39786.6484375,-18.330247912555933
scout_failure,single,bc_ppo,1,EA-RG-MAPPO-S,results/intercept_3d_node_failure_curriculum_pilot_seed0/runs/single/bc_ppo_seed1/actor_critic_best.pt,checkpoint,95028,28,30,weaving,1.0,0.0,0,0.0,0,40,80,none,none,none,True,0.0,0.0,0.0,0.0,0.1846153901173518,0.34230769792428384,73.12948696452838,0.0,1.0,0.0,260.0,-1.0,-1.0,0.0,220.0,0.0,0.39166667833924296,0.34166667647659776,26746.04864032452,58512.015625,-0.8826663736253977
scout_failure,single,bc_ppo,1,EA-RG-MAPPO-S,results/intercept_3d_node_failure_curriculum_pilot_seed0/runs/single/bc_ppo_seed1/actor_critic_best.pt,checkpoint,95029,29,30,weaving,1.0,0.0,0,0.0,0,40,80,none,none,none,True,0.0,0.0,0.0,0.0,0.18205128747683305,0.3282051334014306,74.24359007638235,0.0,1.0,0.0,260.0,-1.0,-1.0,0.0,220.0,0.0,0.3750000111758709,0.34166667647659776,25694.70447340745,52888.80859375,2.4121735095977783
relay_failure,single,bc_ppo,2,EA-RG-MAPPO-S,results/intercept_3d_node_failure_curriculum_pilot_seed0/runs/single/bc_ppo_seed2/actor_critic_best.pt,checkpoint,95000,0,30,weaving,1.0,0.0,0,0.0,1,40,80,none,none,none,True,0.0,0.0,0.0,0.0,0.06025641205219122,0.1782051289310822,94.0269240895143,0.0,1.0,0.0,260.0,-1.0,-1.0,0.0,220.0,0.0,0.08750000260770321,0.0916666690260172,23104.836884014425,36999.7578125,-11.93869947688654
relay_failure,single,bc_ppo,2,EA-RG-MAPPO-S,results/intercept_3d_node_failure_curriculum_pilot_seed0/runs/single/bc_ppo_seed2/actor_critic_best.pt,checkpoint,95001,1,30,weaving,1.0,0.0,0,0.0,1,40,80,none,none,none,True,0.0,0.0,0.0,0.0,0.05897436073193183,0.1782051289310822,94.0269240895143,0.0,1.0,0.0,260.0,-1.0,-1.0,0.0,220.0,0.0,0.09166666939854622,0.0916666690260172,23011.448471304087,36524.53125,-11.792506105266511
relay_failure,single,bc_ppo,2,EA-RG-MAPPO-S,results/intercept_3d_node_failure_curriculum_pilot_seed0/runs/single/bc_ppo_seed2/actor_critic_best.pt,checkpoint,95002,2,30,weaving,1.0,0.0,0,0.0,1,40,80,none,none,none,True,0.0,0.0,0.0,0.0,0.06153846337245061,0.1782051289310822,94.0269240895143,0.0,1.0,0.0,260.0,-1.0,-1.0,0.0,220.0,0.0,0.09583333618938923,0.0916666690260172,23261.72997295673,37367.0625,-12.144015634898096
relay_failure,single,bc_ppo,2,EA-RG-MAPPO-S,results/intercept_3d_node_failure_curriculum_pilot_seed0/runs/single/bc_ppo_seed2/actor_critic_best.pt,checkpoint,95003,3,30,weaving,1.0,0.0,0,0.0,1,40,80,none,none,none,True,0.0,0.0,0.0,0.0,0.09487179769919468,0.17564102629056344,94.54615248189522,0.0,1.0,0.0,260.0,-1.0,-1.0,0.0,220.0,0.0,0.07916666902601718,0.08333333544433116,25736.136192908652,44144.875,-14.494544596876949
relay_failure,single,bc_ppo,2,EA-RG-MAPPO-S,results/intercept_3d_node_failure_curriculum_pilot_seed0/runs/single/bc_ppo_seed2/actor_critic_best.pt,checkpoint,95004,4,30,weaving,1.0,0.0,0,0.0,1,40,80,none,none,none,True,0.0,0.0,0.0,0.0,0.044871796209078565,0.17435897497030406,94.80769334229139,0.0,1.0,0.0,260.0,-1.0,-1.0,0.0,220.0,0.0,0.06666666865348816,0.07916666865348816,26760.530070612982,44881.58984375,-20.08087557181716
relay_failure,single,bc_ppo,2,EA-RG-MAPPO-S,results/intercept_3d_node_failure_curriculum_pilot_seed0/runs/single/bc_ppo_seed2/actor_critic_best.pt,checkpoint,95005,5,30,weaving,1.0,0.0,0,0.0,1,40,80,none,none,none,True,0.0,0.0,0.0,0.0,0.1461538505095702,0.3628205174436936,53.59102535270728,0.0,1.0,0.0,260.0,-1.0,-1.0,0.0,220.0,0.0,0.32500000968575476,0.17083333805203438,26387.383394681492,55658.55859375,0.1318233567290008
relay_failure,single,bc_ppo,2,EA-RG-MAPPO-S,results/intercept_3d_node_failure_curriculum_pilot_seed0/runs/single/bc_ppo_seed2/actor_critic_best.pt,checkpoint,95006,6,30,weaving,1.0,0.0,0,0.0,1,40,80,none,none,none,True,0.0,0.0,0.0,0.0,0.06410256601296939,0.1782051289310822,94.0269240895143,0.0,1.0,0.0,260.0,-1.0,-1.0,0.0,220.0,0.0,0.10000000298023223,0.0916666690260172,23159.52967623197,37298.24609375,-11.837580249179155
relay_failure,single,bc_ppo,2,EA-RG-MAPPO-S,results/intercept_3d_node_failure_curriculum_pilot_seed0/runs/single/bc_ppo_seed2/actor_critic_best.pt,checkpoint,95007,7,30,weaving,1.0,0.0,0,0.0,1,40,80,none,none,none,True,0.0,0.0,0.0,0.0,0.05000000149011612,0.17435897497030406,94.80769334229139,0.0,1.0,0.0,260.0,-1.0,-1.0,0.0,220.0,0.0,0.07500000223517418,0.07916666865348816,24355.421721003604,38411.26953125,-14.539338591974229
relay_failure,single,bc_ppo,2,EA-RG-MAPPO-S,results/intercept_3d_node_failure_curriculum_pilot_seed0/runs/single/bc_ppo_seed2/actor_critic_best.pt,checkpoint,95008,8,30,weaving,1.0,0.0,0,0.0,1,40,80,none,none,none,True,0.0,0.0,0.0,0.0,0.0730769252547851,0.17692307761082282,94.28589726984501,0.0,1.0,0.0,260.0,-1.0,-1.0,0.0,220.0,0.0,0.07083333544433117,0.08750000223517418,23769.088825871393,39301.69921875,-12.510743609629571
relay_failure,single,bc_ppo,2,EA-RG-MAPPO-S,results/intercept_3d_node_failure_curriculum_pilot_seed0/runs/single/bc_ppo_seed2/actor_critic_best.pt,checkpoint,95009,9,30,weaving,1.0,0.0,0,0.0,1,40,80,none,none,none,True,0.0,0.0,0.0,0.0,0.08076923317634142,0.17564102629056344,94.54615248189522,0.0,1.0,0.0,260.0,-1.0,-1.0,0.0,220.0,0.0,0.05416666828095913,0.08333333544433116,24704.77598031851,37379.625,-10.739503703312948
relay_failure,single,bc_ppo,2,EA-RG-MAPPO-S,results/intercept_3d_node_failure_curriculum_pilot_seed0/runs/single/bc_ppo_seed2/actor_critic_best.pt,checkpoint,95010,10,30,weaving,1.0,0.0,0,0.0,1,40,80,none,none,none,True,0.0,0.0,0.0,0.0,0.05512820677115367,0.17692307761082282,94.28589726984501,0.0,1.0,0.0,260.0,-1.0,-1.0,0.0,220.0,0.0,0.0833333358168602,0.08750000223517418,23825.99079777644,37954.76171875,-13.312160404864699
relay_failure,single,bc_ppo,2,EA-RG-MAPPO-S,results/intercept_3d_node_failure_curriculum_pilot_seed0/runs/single/bc_ppo_seed2/actor_critic_best.pt,checkpoint,95011,11,30,weaving,1.0,0.0,0,0.0,1,40,80,none,none,none,True,0.0,0.0,0.0,0.0,0.15128205579060774,0.346153851885062,63.52435848552447,0.0,1.0,0.0,260.0,-1.0,-1.0,0.0,220.0,0.0,0.3458333436399698,0.17083333805203438,25795.909874549277,54701.88671875,-0.2968507893383503
relay_failure,single,bc_ppo,2,EA-RG-MAPPO-S,results/intercept_3d_node_failure_curriculum_pilot_seed0/runs/single/bc_ppo_seed2/actor_critic_best.pt,checkpoint,95012,12,30,weaving,1.0,0.0,0,0.0,1,40,80,none,none,none,True,0.0,0.0,0.0,0.0,0.06282051469271,0.1782051289310822,94.0269240895143,0.0,1.0,0.0,260.0,-1.0,-1.0,0.0,220.0,0.0,0.10000000298023223,0.0916666690260172,22530.77694561298,35730.92578125,-10.79752760892734
relay_failure,single,bc_ppo,2,EA-RG-MAPPO-S,results/intercept_3d_node_failure_curriculum_pilot_seed0/runs/single/bc_ppo_seed2/actor_critic_best.pt,checkpoint,95013,13,30,weaving,1.0,0.0,0,0.0,1,40,80,none,none,none,True,0.0,0.0,0.0,0.0,0.06153846337245061,0.17564102629056344,94.54615248189522,0.0,1.0,0.0,260.0,-1.0,-1.0,0.0,220.0,0.0,0.05833333507180214,0.08333333544433116,25109.637451171875,42277.5546875,-16.159443395212293
relay_failure,single,bc_ppo,2,EA-RG-MAPPO-S,results/intercept_3d_node_failure_curriculum_pilot_seed0/runs/single/bc_ppo_seed2/actor_critic_best.pt,checkpoint,95014,14,30,weaving,1.0,0.0,0,0.0,1,40,80,none,none,none,True,0.0,0.0,0.0,0.0,0.07179487393452572,0.17564102629056344,94.21281915834317,0.0,1.0,0.0,260.0,-1.0,-1.0,0.0,220.0,0.0,0.05833333507180214,0.08333333544433116,26150.642330228366,44026.96875,-16.478270423598588
relay_failure,single,bc_ppo,2,EA-RG-MAPPO-S,results/intercept_3d_node_failure_curriculum_pilot_seed0/runs/single/bc_ppo_seed2/actor_critic_best.pt,checkpoint,95015,15,30,weaving,1.0,0.0,0,0.0,1,40,80,none,none,none,True,0.0,0.0,0.0,0.0,0.15897436371216409,0.32692308208117116,64.0397432329563,0.0,1.0,0.0,260.0,-1.0,-1.0,0.0,220.0,0.0,0.35000001043081286,0.1750000048428774,25229.287552584134,45657.55078125,6.758758122101426
relay_failure,single,bc_ppo,2,EA-RG-MAPPO-S,results/intercept_3d_node_failure_curriculum_pilot_seed0/runs/single/bc_ppo_seed2/actor_critic_best.pt,checkpoint,95016,16,30,weaving,1.0,0.0,0,0.0,1,40,80,none,none,none,True,0.0,0.0,0.0,0.0,0.06282051469271,0.1782051289310822,94.0269240895143,0.0,1.0,0.0,260.0,-1.0,-1.0,0.0,220.0,0.0,0.09166666939854622,0.0916666690260172,23010.942826021634,37895.59765625,-12.442369212862104
relay_failure,single,bc_ppo,2,EA-RG-MAPPO-S,results/intercept_3d_node_failure_curriculum_pilot_seed0/runs/single/bc_ppo_seed2/actor_critic_best.pt,checkpoint,95017,17,30,weaving,1.0,0.0,0,0.0,1,40,80,none,none,none,True,0.0,0.0,0.0,0.0,0.14102564522853264,0.20384615533626996,75.47820431658855,0.0,1.0,0.0,260.0,-1.0,-1.0,0.0,220.0,0.0,0.31250000931322575,0.17083333805203438,26795.60682842548,55794.15625,-10.190829688683152
relay_failure,single,bc_ppo,2,EA-RG-MAPPO-S,results/intercept_3d_node_failure_curriculum_pilot_seed0/runs/single/bc_ppo_seed2/actor_critic_best.pt,checkpoint,95018,18,30,weaving,1.0,0.0,0,0.0,1,40,80,none,none,none,True,0.0,0.0,0.0,0.0,0.15256410711086713,0.21282051457808568,74.19487160925682,0.0,1.0,0.0,260.0,-1.0,-1.0,0.0,220.0,0.0,0.3333333432674408,0.1750000048428774,25803.713044621396,53334.90625,-6.100877375807613
relay_failure,single,bc_ppo,2,EA-RG-MAPPO-S,results/intercept_3d_node_failure_curriculum_pilot_seed0/runs/single/bc_ppo_seed2/actor_critic_best.pt,checkpoint,95019,19,30,weaving,1.0,0.0,0,0.0,1,40,80,none,none,none,True,0.0,0.0,0.0,0.0,0.14358974786905143,0.20256410401601058,75.7128209483165,0.0,1.0,0.0,260.0,-1.0,-1.0,0.0,220.0,0.0,0.3208333428949118,0.16666667126119136,26191.735501802883,54849.73828125,-9.131792606785893
relay_failure,single,bc_ppo,2,EA-RG-MAPPO-S,results/intercept_3d_node_failure_curriculum_pilot_seed0/runs/single/bc_ppo_seed2/actor_critic_best.pt,checkpoint,95020,20,30,weaving,1.0,0.0,0,0.0,1,40,80,none,none,none,True,0.0,0.0,0.0,0.0,0.15512820975138591,0.21794871985912323,73.58846165606609,0.0,1.0,0.0,260.0,-1.0,-1.0,0.0,220.0,0.0,0.3625000108033419,0.17083333805203438,26158.03086688702,46850.875,-0.9255577251315117
relay_failure,single,bc_ppo,2,EA-RG-MAPPO-S,results/intercept_3d_node_failure_curriculum_pilot_seed0/runs/single/bc_ppo_seed2/actor_critic_best.pt,checkpoint,95021,21,30,weaving,1.0,0.0,0,0.0,1,40,80,none,none,none,True,0.0,0.0,0.0,0.0,0.1448717991893108,0.21282051457808568,65.6217946861799,0.0,1.0,0.0,260.0,-1.0,-1.0,0.0,220.0,0.0,0.32500000968575476,0.16250000447034835,26857.193111478366,56228.52734375,-9.430198958143592
relay_failure,single,bc_ppo,2,EA-RG-MAPPO-S,results/intercept_3d_node_failure_curriculum_pilot_seed0/runs/single/bc_ppo_seed2/actor_critic_best.pt,checkpoint,95022,22,30,weaving,1.0,0.0,0,0.0,1,40,80,none,none,none,True,0.0,0.0,0.0,0.0,0.1448717991893108,0.2115384632578263,65.79743605416554,0.0,1.0,0.0,260.0,-1.0,-1.0,0.0,220.0,0.0,0.32500000968575476,0.16666667126119136,26813.26296574519,56402.78515625,-9.595135112758726
relay_failure,single,bc_ppo,2,EA-RG-MAPPO-S,results/intercept_3d_node_failure_curriculum_pilot_seed0/runs/single/bc_ppo_seed2/actor_critic_best.pt,checkpoint,95023,23,30,weaving,1.0,0.0,0,0.0,1,40,80,none,none,none,True,0.0,0.0,0.0,0.0,0.1448717991893108,0.36282051721444497,53.71153781620356,0.0,1.0,0.0,260.0,-1.0,-1.0,0.0,220.0,0.0,0.3291666764765978,0.15833333767950536,27075.65534855769,56423.51171875,-0.7415304435417056
relay_failure,single,bc_ppo,2,EA-RG-MAPPO-S,results/intercept_3d_node_failure_curriculum_pilot_seed0/runs/single/bc_ppo_seed2/actor_critic_best.pt,checkpoint,95024,24,30,weaving,1.0,0.0,0,0.0,1,40,80,none,none,none,True,0.0,0.0,0.0,0.0,0.14230769654879202,0.20641025797678875,75.12307712871295,0.0,1.0,0.0,260.0,-1.0,-1.0,0.0,220.0,0.0,0.3041666757315397,0.17083333805203438,26321.979154146633,54721.90625,-8.938459338154644
relay_failure,single,bc_ppo,2,EA-RG-MAPPO-S,results/intercept_3d_node_failure_curriculum_pilot_seed0/runs/single/bc_ppo_seed2/actor_critic_best.pt,checkpoint,95025,25,30,weaving,1.0,0.0,0,0.0,1,40,80,none,none,none,True,0.0,0.0,0.0,0.0,0.06410256601296939,0.1782051289310822,94.0269240895143,0.0,1.0,0.0,260.0,-1.0,-1.0,0.0,220.0,0.0,0.10000000298023223,0.0916666690260172,23012.83660982572,37185.03515625,-11.751526055391878
relay_failure,single,bc_ppo,2,EA-RG-MAPPO-S,results/intercept_3d_node_failure_curriculum_pilot_seed0/runs/single/bc_ppo_seed2/actor_critic_best.pt,checkpoint,95026,26,30,weaving,1.0,0.0,0,0.0,1,40,80,none,none,none,True,0.0,0.0,0.0,0.0,0.16538462031346102,0.2551282081466455,66.44487196138272,0.0,1.0,0.0,260.0,-1.0,-1.0,0.0,220.0,0.0,0.3750000111758709,0.1875000052154064,25815.64884314904,50260.93359375,0.1655935700982809
relay_failure,single,bc_ppo,2,EA-RG-MAPPO-S,results/intercept_3d_node_failure_curriculum_pilot_seed0/runs/single/bc_ppo_seed2/actor_critic_best.pt,checkpoint,95027,27,30,weaving,1.0,0.0,0,0.0,1,40,80,none,none,none,True,0.0,0.0,0.0,0.0,0.06153846337245061,0.1782051289310822,94.0269240895143,0.0,1.0,0.0,260.0,-1.0,-1.0,0.0,220.0,0.0,0.09166666939854622,0.0916666690260172,23211.09443734976,37625.28515625,-12.338290693704039
relay_failure,single,bc_ppo,2,EA-RG-MAPPO-S,results/intercept_3d_node_failure_curriculum_pilot_seed0/runs/single/bc_ppo_seed2/actor_critic_best.pt,checkpoint,95028,28,30,weaving,1.0,0.0,0,0.0,1,40,80,none,none,none,True,0.0,0.0,0.0,0.0,0.1448717991893108,0.3397435952837651,63.9153845422543,0.0,1.0,0.0,260.0,-1.0,-1.0,0.0,220.0,0.0,0.31666667610406873,0.16666667126119136,26324.162691556492,53904.125,-0.6964953392744064
relay_failure,single,bc_ppo,2,EA-RG-MAPPO-S,results/intercept_3d_node_failure_curriculum_pilot_seed0/runs/single/bc_ppo_seed2/actor_critic_best.pt,checkpoint,95029,29,30,weaving,1.0,0.0,0,0.0,1,40,80,none,none,none,True,0.0,0.0,0.0,0.0,0.1461538505095702,0.2115384632578263,74.4282043752762,0.0,1.0,0.0,260.0,-1.0,-1.0,0.0,220.0,0.0,0.3208333428949118,0.17083333805203438,26425.245474008414,54459.33984375,-7.819917105138302
scout_failure,single,bc_ppo,2,EA-RG-MAPPO-S,results/intercept_3d_node_failure_curriculum_pilot_seed0/runs/single/bc_ppo_seed2/actor_critic_best.pt,checkpoint,95000,0,30,weaving,1.0,0.0,0,0.0,0,40,80,none,none,none,True,0.0,0.0,0.0,0.0,0.08461538713711958,0.2217948738199014,85.98461424043545,0.0,1.0,0.0,260.0,-1.0,-1.0,0.0,220.0,0.0,0.08750000260770321,0.23333333991467953,22650.324541766826,37669.296875,-7.129663781262934
scout_failure,single,bc_ppo,2,EA-RG-MAPPO-S,results/intercept_3d_node_failure_curriculum_pilot_seed0/runs/single/bc_ppo_seed2/actor_critic_best.pt,checkpoint,95001,1,30,weaving,1.0,0.0,0,0.0,0,40,80,none,none,none,True,0.0,0.0,0.0,0.0,0.05897436073193183,0.21666666853886385,86.85384700504633,0.0,1.0,0.0,260.0,-1.0,-1.0,0.0,220.0,0.0,0.09166666939854622,0.2166666727513075,22150.719568810095,34492.83984375,-7.607806930784136
scout_failure,single,bc_ppo,2,EA-RG-MAPPO-S,results/intercept_3d_node_failure_curriculum_pilot_seed0/runs/single/bc_ppo_seed2/actor_critic_best.pt,checkpoint,95002,2,30,weaving,1.0,0.0,0,0.0,0,40,80,none,none,none,True,0.0,0.0,0.0,0.0,0.06282051469271,0.2192307711793826,86.41666650061424,0.0,1.0,0.0,260.0,-1.0,-1.0,0.0,220.0,0.0,0.10000000298023223,0.2250000063329935,21844.483161808894,33857.07421875,-6.490385976154357
scout_failure,single,bc_ppo,2,EA-RG-MAPPO-S,results/intercept_3d_node_failure_curriculum_pilot_seed0/runs/single/bc_ppo_seed2/actor_critic_best.pt,checkpoint,95003,3,30,weaving,1.0,0.0,0,0.0,0,40,80,none,none,none,True,0.0,0.0,0.0,0.0,0.05512820677115367,0.21282051457808568,87.51923163510286,0.0,1.0,0.0,260.0,-1.0,-1.0,0.0,220.0,0.0,0.07916666902601718,0.20416667237877845,22835.950184044472,36153.12890625,-9.550525739323348
scout_failure,single,bc_ppo,2,EA-RG-MAPPO-S,results/intercept_3d_node_failure_curriculum_pilot_seed0/runs/single/bc_ppo_seed2/actor_critic_best.pt,checkpoint,95004,4,30,weaving,1.0,0.0,0,0.0,0,40,80,none,none,none,True,0.0,0.0,0.0,0.0,0.044871796209078565,0.20256410401601058,89.34999875311668,0.0,1.0,0.0,260.0,-1.0,-1.0,0.0,220.0,0.0,0.06666666865348816,0.17083333805203438,24318.235175030048,38655.0,-13.2998107355088
scout_failure,single,bc_ppo,2,EA-RG-MAPPO-S,results/intercept_3d_node_failure_curriculum_pilot_seed0/runs/single/bc_ppo_seed2/actor_critic_best.pt,checkpoint,95005,5,30,weaving,1.0,0.0,0,0.0,0,40,80,none,none,none,True,0.0,0.0,0.0,0.0,0.14358974786905143,0.2115384632578263,88.41025622464143,0.0,1.0,0.0,260.0,-1.0,-1.0,0.0,220.0,0.0,0.31666667610406873,0.20000000558793546,27105.122581129806,56489.08203125,-10.6338174007833
scout_failure,single,bc_ppo,2,EA-RG-MAPPO-S,results/intercept_3d_node_failure_curriculum_pilot_seed0/runs/single/bc_ppo_seed2/actor_critic_best.pt,checkpoint,95006,6,30,weaving,1.0,0.0,0,0.0,0,40,80,none,none,none,True,0.0,0.0,0.0,0.0,0.06410256601296939,0.2192307711793826,86.41666650061424,0.0,1.0,0.0,260.0,-1.0,-1.0,0.0,220.0,0.0,0.10000000298023223,0.2250000063329935,22228.315591195915,34721.44140625,-7.088407326489687
scout_failure,single,bc_ppo,2,EA-RG-MAPPO-S,results/intercept_3d_node_failure_curriculum_pilot_seed0/runs/single/bc_ppo_seed2/actor_critic_best.pt,checkpoint,95007,7,30,weaving,1.0,0.0,0,0.0,0,40,80,none,none,none,True,0.0,0.0,0.0,0.0,0.05000000149011612,0.20769230929704813,88.42435880830655,0.0,1.0,0.0,260.0,-1.0,-1.0,0.0,220.0,0.0,0.07500000223517418,0.1875000052154064,25849.46071965144,42410.33984375,-15.333446191158146
scout_failure,single,bc_ppo,2,EA-RG-MAPPO-S,results/intercept_3d_node_failure_curriculum_pilot_seed0/runs/single/bc_ppo_seed2/actor_critic_best.pt,checkpoint,95008,8,30,weaving,1.0,0.0,0,0.0,0,40,80,none,none,none,True,0.0,0.0,0.0,0.0,0.10641025958152918,0.21410256589834506,87.29615264328626,0.0,1.0,0.0,260.0,-1.0,-1.0,0.0,220.0,0.0,0.07083333544433117,0.20833333916962146,22690.436290564903,35660.140625,-4.152101051993668
scout_failure,single,bc_ppo,2,EA-RG-MAPPO-S,results/intercept_3d_node_failure_curriculum_pilot_seed0/runs/single/bc_ppo_seed2/actor_critic_best.pt,checkpoint,95009,9,30,weaving,1.0,0.0,0,0.0,0,40,80,none,none,none,True,0.0,0.0,0.0,0.0,0.17307692823501733,0.21025641193756692,87.96922955169127,0.0,1.0,0.0,260.0,-1.0,-1.0,0.0,220.0,0.0,0.07083333544433117,0.19583333879709244,23896.797122896634,40042.75,-1.2204607627354562
scout_failure,single,bc_ppo,2,EA-RG-MAPPO-S,results/intercept_3d_node_failure_curriculum_pilot_seed0/runs/single/bc_ppo_seed2/actor_critic_best.pt,checkpoint,95010,10,30,weaving,1.0,0.0,0,0.0,0,40,80,none,none,none,True,0.0,0.0,0.0,0.0,0.05512820677115367,0.21410256589834506,87.29615264328626,0.0,1.0,0.0,260.0,-1.0,-1.0,0.0,220.0,0.0,0.0833333358168602,0.20833333916962146,22531.128737229566,34866.3125,-8.412697462365031
scout_failure,single,bc_ppo,2,EA-RG-MAPPO-S,results/intercept_3d_node_failure_curriculum_pilot_seed0/runs/single/bc_ppo_seed2/actor_critic_best.pt,checkpoint,95011,11,30,weaving,1.0,0.0,0,0.0,0,40,80,none,none,none,True,0.0,0.0,0.0,0.0,0.13846154258801388,0.20769230929704813,89.09102545541066,0.0,1.0,0.0,260.0,-1.0,-1.0,0.0,220.0,0.0,0.3041666757315397,0.1875000052154064,27388.114242788462,55568.55078125,-10.884778920561075
scout_failure,single,bc_ppo,2,EA-RG-MAPPO-S,results/intercept_3d_node_failure_curriculum_pilot_seed0/runs/single/bc_ppo_seed2/actor_critic_best.pt,checkpoint,95012,12,30,weaving,1.0,0.0,0,0.0,0,40,80,none,none,none,True,0.0,0.0,0.0,0.0,0.15897436371216409,0.2217948738199014,85.98461424043545,0.0,1.0,0.0,260.0,-1.0,-1.0,0.0,220.0,0.0,0.10000000298023223,0.23333333991467953,22511.562154447114,36615.98046875,0.673007850535214
scout_failure,single,bc_ppo,2,EA-RG-MAPPO-S,results/intercept_3d_node_failure_curriculum_pilot_seed0/runs/single/bc_ppo_seed2/actor_critic_best.pt,checkpoint,95013,13,30,weaving,1.0,0.0,0,0.0,0,40,80,none,none,none,True,0.0,0.0,0.0,0.0,0.14102564522853264,0.20769230929704813,88.42435880830655,0.0,1.0,0.0,260.0,-1.0,-1.0,0.0,220.0,0.0,0.07500000223517418,0.1875000052154064,23946.269178185095,37711.30859375,-2.6729476305190474
scout_failure,single,bc_ppo,2,EA-RG-MAPPO-S,results/intercept_3d_node_failure_curriculum_pilot_seed0/runs/single/bc_ppo_seed2/actor_critic_best.pt,checkpoint,95014,14,30,weaving,1.0,0.0,0,0.0,0,40,80,none,none,none,True,0.0,0.0,0.0,0.0,0.1038461569410104,0.20769230929704813,88.09102548475448,0.0,1.0,0.0,260.0,-1.0,-1.0,0.0,220.0,0.0,0.05833333507180214,0.1875000052154064,25475.86689828726,43898.70703125,-11.07795078959316
scout_failure,single,bc_ppo,2,EA-RG-MAPPO-S,results/intercept_3d_node_failure_curriculum_pilot_seed0/runs/single/bc_ppo_seed2/actor_critic_best.pt,checkpoint,95015,15,30,weaving,1.0,0.0,0,0.0,0,40,80,none,none,none,True,0.0,0.0,0.0,0.0,0.1448717991893108,0.3025641069962428,65.82051283052334,0.0,1.0,0.0,260.0,-1.0,-1.0,0.0,220.0,0.0,0.3208333428949118,0.16250000447034835,27499.537567608175,50671.09765625,-0.296562347561121
scout_failure,single,bc_ppo,2,EA-RG-MAPPO-S,results/intercept_3d_node_failure_curriculum_pilot_seed0/runs/single/bc_ppo_seed2/actor_critic_best.pt,checkpoint,95016,16,30,weaving,1.0,0.0,0,0.0,0,40,80,none,none,none,True,0.0,0.0,0.0,0.0,0.07179487393452572,0.21794871985912323,86.63461421109163,0.0,1.0,0.0,260.0,-1.0,-1.0,0.0,220.0,0.0,0.09166666939854622,0.2208333395421505,22361.19362980769,37314.80078125,-8.35840671369806
scout_failure,single,bc_ppo,2,EA-RG-MAPPO-S,results/intercept_3d_node_failure_curriculum_pilot_seed0/runs/single/bc_ppo_seed2/actor_critic_best.pt,checkpoint,95017,17,30,weaving,1.0,0.0,0,0.0,0,40,80,none,none,none,True,0.0,0.0,0.0,0.0,0.14358974786905143,0.21025641193756692,88.6358961987954,0.0,1.0,0.0,260.0,-1.0,-1.0,0.0,220.0,0.0,0.3208333428949118,0.19583333879709244,27166.582008713944,56190.84375,-10.557570667937398
scout_failure,single,bc_ppo,2,EA-RG-MAPPO-S,results/intercept_3d_node_failure_curriculum_pilot_seed0/runs/single/bc_ppo_seed2/actor_critic_best.pt,checkpoint,95018,18,30,weaving,1.0,0.0,0,0.0,0,40,80,none,none,none,True,0.0,0.0,0.0,0.0,0.14358974786905143,0.21025641193756692,88.6358961987954,0.0,1.0,0.0,260.0,-1.0,-1.0,0.0,220.0,0.0,0.31666667610406873,0.19583333879709244,27549.413014573318,55188.84765625,-9.721171174198389
scout_failure,single,bc_ppo,2,EA-RG-MAPPO-S,results/intercept_3d_node_failure_curriculum_pilot_seed0/runs/single/bc_ppo_seed2/actor_critic_best.pt,checkpoint,95019,19,30,weaving,1.0,0.0,0,0.0,0,40,80,none,none,none,True,0.0,0.0,0.0,0.0,0.13846154258801388,0.2089743606173075,88.86282137380196,0.0,1.0,0.0,260.0,-1.0,-1.0,0.0,220.0,0.0,0.31250000931322575,0.19166667200624943,27134.884427584133,56395.86328125,-11.586616214364767
scout_failure,single,bc_ppo,2,EA-RG-MAPPO-S,results/intercept_3d_node_failure_curriculum_pilot_seed0/runs/single/bc_ppo_seed2/actor_critic_best.pt,checkpoint,95020,20,30,weaving,1.0,0.0,0,0.0,0,40,80,none,none,none,True,0.0,0.0,0.0,0.0,0.14102564522853264,0.20769230929704813,89.09102545541066,0.0,1.0,0.0,260.0,-1.0,-1.0,0.0,220.0,0.0,0.31250000931322575,0.1875000052154064,27761.169865534855,53300.44140625,-8.868789499625564
scout_failure,single,bc_ppo,2,EA-RG-MAPPO-S,results/intercept_3d_node_failure_curriculum_pilot_seed0/runs/single/bc_ppo_seed2/actor_critic_best.pt,checkpoint,95021,21,30,weaving,1.0,0.0,0,0.0,0,40,80,none,none,none,True,0.0,0.0,0.0,0.0,0.13846154258801388,0.2307692330617171,60.20128260415334,0.0,1.0,0.0,260.0,-1.0,-1.0,0.0,220.0,0.0,0.3208333428949118,0.19583333879709244,27779.08574969952,58363.45703125,-10.858530906029046
scout_failure,single,bc_ppo,2,EA-RG-MAPPO-S,results/intercept_3d_node_failure_curriculum_pilot_seed0/runs/single/bc_ppo_seed2/actor_critic_best.pt,checkpoint,95022,22,30,weaving,1.0,0.0,0,0.0,0,40,80,none,none,none,True,0.0,0.0,0.0,0.0,0.13717949126775447,0.23333333570223588,74.2512819732611,0.0,1.0,0.0,260.0,-1.0,-1.0,0.0,220.0,0.0,0.3041666757315397,0.20000000558793546,27335.57996544471,57483.72265625,-11.143559719901532
scout_failure,single,bc_ppo,2,EA-RG-MAPPO-S,results/intercept_3d_node_failure_curriculum_pilot_seed0/runs/single/bc_ppo_seed2/actor_critic_best.pt,checkpoint,95023,23,30,weaving,1.0,0.0,0,0.0,0,40,80,none,none,none,True,0.0,0.0,0.0,0.0,0.14358974786905143,0.20641025797678875,89.32051156873887,0.0,1.0,0.0,260.0,-1.0,-1.0,0.0,220.0,0.0,0.3291666764765978,0.1833333384245634,27733.145485276444,57233.52734375,-11.65317752957344
scout_failure,single,bc_ppo,2,EA-RG-MAPPO-S,results/intercept_3d_node_failure_curriculum_pilot_seed0/runs/single/bc_ppo_seed2/actor_critic_best.pt,checkpoint,95024,24,30,weaving,1.0,0.0,0,0.0,0,40,80,none,none,none,True,0.0,0.0,0.0,0.0,0.1448717991893108,0.2115384632578263,88.41025622464143,0.0,1.0,0.0,260.0,-1.0,-1.0,0.0,220.0,0.0,0.32500000968575476,0.20000000558793546,27321.634127103367,55999.47265625,-10.117859687656164
scout_failure,single,bc_ppo,2,EA-RG-MAPPO-S,results/intercept_3d_node_failure_curriculum_pilot_seed0/runs/single/bc_ppo_seed2/actor_critic_best.pt,checkpoint,95025,25,30,weaving,1.0,0.0,0,0.0,0,40,80,none,none,none,True,0.0,0.0,0.0,0.0,0.0730769252547851,0.2192307711793826,86.41666650061424,0.0,1.0,0.0,260.0,-1.0,-1.0,0.0,220.0,0.0,0.10000000298023223,0.2250000063329935,22566.12128530649,37256.59375,-8.098989143967628
scout_failure,single,bc_ppo,2,EA-RG-MAPPO-S,results/intercept_3d_node_failure_curriculum_pilot_seed0/runs/single/bc_ppo_seed2/actor_critic_best.pt,checkpoint,95026,26,30,weaving,1.0,0.0,0,0.0,0,40,80,none,none,none,True,0.0,0.0,0.0,0.0,0.1461538505095702,0.21538461721860447,87.74102545541066,0.0,1.0,0.0,260.0,-1.0,-1.0,0.0,220.0,0.0,0.3208333428949118,0.21250000596046448,28763.572472205527,53310.14453125,-7.47859214246273
scout_failure,single,bc_ppo,2,EA-RG-MAPPO-S,results/intercept_3d_node_failure_curriculum_pilot_seed0/runs/single/bc_ppo_seed2/actor_critic_best.pt,checkpoint,95027,27,30,weaving,1.0,0.0,0,0.0,0,40,80,none,none,none,True,0.0,0.0,0.0,0.0,0.07435897657504449,0.2192307711793826,86.41666650061424,0.0,1.0,0.0,260.0,-1.0,-1.0,0.0,220.0,0.0,0.09166666939854622,0.2250000063329935,22393.198790564904,36354.125,-7.341668280772865
scout_failure,single,bc_ppo,2,EA-RG-MAPPO-S,results/intercept_3d_node_failure_curriculum_pilot_seed0/runs/single/bc_ppo_seed2/actor_critic_best.pt,checkpoint,95028,28,30,weaving,1.0,0.0,0,0.0,0,40,80,none,none,none,True,0.0,0.0,0.0,0.0,0.14230769654879202,0.20512820665652937,89.55128292693541,0.0,1.0,0.0,260.0,-1.0,-1.0,0.0,220.0,0.0,0.31250000931322575,0.1791666716337204,28287.16845327524,54839.35546875,-10.002706043422222
scout_failure,single,bc_ppo,2,EA-RG-MAPPO-S,results/intercept_3d_node_failure_curriculum_pilot_seed0/runs/single/bc_ppo_seed2/actor_critic_best.pt,checkpoint,95029,29,30,weaving,1.0,0.0,0,0.0,0,40,80,none,none,none,True,0.0,0.0,0.0,0.0,0.14230769654879202,0.2089743606173075,88.86282137380196,0.0,1.0,0.0,260.0,-1.0,-1.0,0.0,220.0,0.0,0.31666667610406873,0.19166667200624943,27989.363401442308,55701.125,-10.376200750470161
relay_failure,multi_relation,bc_ppo,0,EA-RG-MAPPO-S,results/intercept_3d_node_failure_curriculum_pilot_seed0/runs/multi_relation/bc_ppo_seed0/actor_critic_best.pt,checkpoint,95000,0,30,weaving,1.0,0.0,0,0.0,1,40,80,none,none,none,True,1.0,1.0,1.0,0.012232416266695075,0.34862386360080966,0.4556574949977595,35.56574844275046,0.0,0.0,0.0,109.0,106.0,109.0,1.0,69.0,0.014285714285714285,0.4142857266323907,0.15238095649651118,14525.425324326261,14866.3076171875,39.03201769804582
relay_failure,multi_relation,bc_ppo,0,EA-RG-MAPPO-S,results/intercept_3d_node_failure_curriculum_pilot_seed0/runs/multi_relation/bc_ppo_seed0/actor_critic_best.pt,checkpoint,95001,1,30,weaving,1.0,0.0,0,0.0,1,40,80,none,none,none,True,1.0,1.0,1.0,0.011799410381148347,0.35103245883916334,0.44247787874356836,36.36578119381339,0.0,0.0,0.0,113.0,110.0,113.0,1.0,73.0,0.013513513513513514,0.4234234360424248,0.1486486526759895,14583.379951949668,14620.2216796875,39.604541370877996
relay_failure,multi_relation,bc_ppo,0,EA-RG-MAPPO-S,results/intercept_3d_node_failure_curriculum_pilot_seed0/runs/multi_relation/bc_ppo_seed0/actor_critic_best.pt,checkpoint,95002,2,30,weaving,1.0,0.0,0,0.0,1,40,80,none,none,none,True,1.0,1.0,1.0,0.011594203244084897,0.3710145038107167,0.44347826372022214,36.47246326000794,0.0,0.0,0.0,115.0,112.0,115.0,1.0,75.0,0.013157894736842105,0.4473684343852495,0.1578947411555993,14331.402938179348,13782.8662109375,41.97371985670179
relay_failure,multi_relation,bc_ppo,0,EA-RG-MAPPO-S,results/intercept_3d_node_failure_curriculum_pilot_seed0/runs/multi_relation/bc_ppo_seed0/actor_critic_best.pt,checkpoint,95003,3,30,weaving,1.0,0.0,0,0.0,1,40,80,none,none,none,True,1.0,1.0,1.0,0.010840108724144416,0.3468834791726213,0.40650406746360346,38.27371228274291,0.0,0.0,0.0,123.0,120.0,123.0,1.0,83.0,0.0,0.420833345875144,0.1375000037252903,15415.95318851626,18437.587890625,36.79790954408236
relay_failure,multi_relation,bc_ppo,0,EA-RG-MAPPO-S,results/intercept_3d_node_failure_curriculum_pilot_seed0/runs/multi_relation/bc_ppo_seed0/actor_critic_best.pt,checkpoint,95004,4,30,weaving,1.0,0.0,0,0.0,1,40,80,none,none,none,True,1.0,1.0,1.0,0.011204482126636665,0.33893558433075915,0.41456582866796926,38.16806687477256,0.0,0.0,0.0,119.0,116.0,119.0,1.0,79.0,0.0125,0.416666679084301,0.12916667014360428,15935.256983652836,18958.748046875,35.53923970379401
relay_failure,multi_relation,bc_ppo,0,EA-RG-MAPPO-S,results/intercept_3d_node_failure_curriculum_pilot_seed0/runs/multi_relation/bc_ppo_seed0/actor_critic_best.pt,checkpoint,95005,5,30,weaving,1.0,0.0,0,0.0,1,40,80,none,none,none,True,0.0,0.0,0.0,0.0,0.3012820602609561,0.23333333570223588,73.92820488879313,0.0,1.0,0.0,260.0,-1.0,-1.0,0.0,220.0,0.0,0.3291666764765978,0.10833333618938923,22089.911985426683,34673.8046875,31.755082070827484
relay_failure,multi_relation,bc_ppo,0,EA-RG-MAPPO-S,results/intercept_3d_node_failure_curriculum_pilot_seed0/runs/multi_relation/bc_ppo_seed0/actor_critic_best.pt,checkpoint,95006,6,30,weaving,1.0,0.0,0,0.0,1,40,80,none,none,none,True,1.0,1.0,1.0,0.012012012369997866,0.360360371099936,0.45945946241284275,35.53453400811634,0.0,0.0,0.0,111.0,108.0,111.0,1.0,71.0,0.013888888888888888,0.43518519815471435,0.16666667121979925,14207.878510346283,13447.4833984375,41.40735561028123
relay_failure,multi_relation,bc_ppo,0,EA-RG-MAPPO-S,results/intercept_3d_node_failure_curriculum_pilot_seed0/runs/multi_relation/bc_ppo_seed0/actor_critic_best.pt,checkpoint,95007,7,30,weaving,1.0,0.0,0,0.0,1,40,80,none,none,none,True,1.0,1.0,1.0,0.009950249052759427,0.34079603005701037,0.370646768319073,41.77860669991863,0.0,0.0,0.0,134.0,131.0,134.0,1.0,94.0,0.0,0.425000012665987,0.1333333369344473,15696.15183360541,18126.93359375,36.89637584157754
relay_failure,multi_relation,bc_ppo,0,EA-RG-MAPPO-S,results/intercept_3d_node_failure_curriculum_pilot_seed0/runs/multi_relation/bc_ppo_seed0/actor_critic_best.pt,checkpoint,95008,8,30,weaving,1.0,0.0,0,0.0,1,40,80,none,none,none,True,1.0,1.0,1.0,0.011299435364997994,0.3531073551561873,0.42372881608494256,37.621468431363674,0.0,0.0,0.0,118.0,115.0,118.0,1.0,78.0,0.012658227848101266,0.4219409408448618,0.1392405101015598,15156.291421146716,17618.072265625,37.494438551249914
relay_failure,multi_relation,bc_ppo,0,EA-RG-MAPPO-S,results/intercept_3d_node_failure_curriculum_pilot_seed0/runs/multi_relation/bc_ppo_seed0/actor_critic_best.pt,checkpoint,95009,9,30,weaving,1.0,0.0,0,0.0,1,40,80,none,none,none,True,1.0,1.0,1.0,0.011695906781313712,0.35380118013473977,0.438596493842309,35.84795272611735,0.0,0.0,0.0,114.0,111.0,114.0,1.0,74.0,0.013333333333333334,0.4266666793823242,0.14666667064030967,15122.301372327303,17517.896484375,37.59977543842979
relay_failure,multi_relation,bc_ppo,0,EA-RG-MAPPO-S,results/intercept_3d_node_failure_curriculum_pilot_seed0/runs/multi_relation/bc_ppo_seed0/actor_critic_best.pt,checkpoint,95010,10,30,weaving,1.0,0.0,0,0.0,1,40,80,none,none,none,True,1.0,1.0,1.0,0.010666666984558105,0.35200001049041746,0.40266666913032534,39.399999573230744,0.0,0.0,0.0,125.0,122.0,125.0,1.0,85.0,0.0,0.425000012665987,0.1416666705161333,14710.6564375,15088.76953125,39.85017767071258
relay_failure,multi_relation,bc_ppo,0,EA-RG-MAPPO-S,results/intercept_3d_node_failure_curriculum_pilot_seed0/runs/multi_relation/bc_ppo_seed0/actor_critic_best.pt,checkpoint,95011,11,30,weaving,1.0,0.0,0,0.0,1,40,80,none,none,none,True,0.0,0.0,0.0,0.0,0.3000000089406967,0.2653846187087206,70.95512762826223,0.0,1.0,0.0,260.0,-1.0,-1.0,0.0,220.0,0.0,0.2916666753590107,0.12083333656191826,19356.740178034855,22118.546875,43.01949151791632
relay_failure,multi_relation,bc_ppo,0,EA-RG-MAPPO-S,results/intercept_3d_node_failure_curriculum_pilot_seed0/runs/multi_relation/bc_ppo_seed0/actor_critic_best.pt,checkpoint,95012,12,30,weaving,1.0,0.0,0,0.0,1,40,80,none,none,none,True,1.0,1.0,1.0,0.011904762259551458,0.36309524891631945,0.45535714578415665,35.76190424018672,0.0,0.0,0.0,112.0,109.0,112.0,1.0,72.0,0.0136986301369863,0.43835617744759336,0.16438356613459654,14275.291495186942,13581.95703125,41.40871744044125
relay_failure,multi_relation,bc_ppo,0,EA-RG-MAPPO-S,results/intercept_3d_node_failure_curriculum_pilot_seed0/runs/multi_relation/bc_ppo_seed0/actor_critic_best.pt,checkpoint,95013,13,30,weaving,1.0,0.0,0,0.0,1,40,80,none,none,none,True,1.0,1.0,1.0,0.012012012369997866,0.3513513618224376,0.4504504531353444,35.114113610607006,0.0,0.0,0.0,111.0,108.0,111.0,1.0,71.0,0.013888888888888888,0.42592593861950767,0.1527777819169892,14980.564030827703,16912.021484375,37.88283920660615
relay_failure,multi_relation,bc_ppo,0,EA-RG-MAPPO-S,results/intercept_3d_node_failure_curriculum_pilot_seed0/runs/multi_relation/bc_ppo_seed0/actor_critic_best.pt,checkpoint,95014,14,30,weaving,1.0,0.0,0,0.0,1,40,80,none,none,none,True,1.0,1.0,1.0,0.011299435364997994,0.3446327786324388,0.42090395724369306,37.02542308275982,0.0,0.0,0.0,118.0,115.0,118.0,1.0,78.0,0.012658227848101266,0.41772153143641316,0.13502110069311118,15437.811391022246,18169.541015625,36.712329832138494
relay_failure,multi_relation,bc_ppo,0,EA-RG-MAPPO-S,results/intercept_3d_node_failure_curriculum_pilot_seed0/runs/multi_relation/bc_ppo_seed0/actor_critic_best.pt,checkpoint,95015,15,30,weaving,1.0,0.0,0,0.0,1,40,80,none,none,none,True,0.0,0.0,0.0,0.0,0.25128205877084,0.24743590022508916,71.27948706723177,0.0,1.0,0.0,260.0,-1.0,-1.0,0.0,220.0,0.0,0.3333333432674408,0.1791666716337204,16081.212819260818,25110.1171875,32.644529009237885
relay_failure,multi_relation,bc_ppo,0,EA-RG-MAPPO-S,results/intercept_3d_node_failure_curriculum_pilot_seed0/runs/multi_relation/bc_ppo_seed0/actor_critic_best.pt,checkpoint,95016,16,30,weaving,1.0,0.0,0,0.0,1,40,80,none,none,none,True,1.0,1.0,1.0,0.012121212482452393,0.35454546511173246,0.4575757603753697,35.54545426856388,0.0,0.0,0.0,110.0,107.0,110.0,1.0,70.0,0.014084507042253521,0.4225352238601362,0.1596244174829671,14149.463884943181,13657.3076171875,40.552770398557186
relay_failure,multi_relation,bc_ppo,0,EA-RG-MAPPO-S,results/intercept_3d_node_failure_curriculum_pilot_seed0/runs/multi_relation/bc_ppo_seed0/actor_critic_best.pt,checkpoint,95017,17,30,weaving,1.0,0.0,0,0.0,1,40,80,none,none,none,True,0.0,0.0,0.0,0.0,0.30512821422173425,0.23589743834275465,73.67051262511657,0.0,1.0,0.0,260.0,-1.0,-1.0,0.0,220.0,0.0,0.31250000931322575,0.10833333618938923,20870.149188701922,24980.728515625,39.9966130759567
relay_failure,multi_relation,bc_ppo,0,EA-RG-MAPPO-S,results/intercept_3d_node_failure_curriculum_pilot_seed0/runs/multi_relation/bc_ppo_seed0/actor_critic_best.pt,checkpoint,95018,18,30,weaving,1.0,0.0,0,0.0,1,40,80,none,none,none,True,0.0,0.0,0.0,0.0,0.3000000089406967,0.24487179758457037,72.75000002957307,0.0,1.0,0.0,260.0,-1.0,-1.0,0.0,220.0,0.0,0.2916666753590107,0.12083333656191826,19691.835212590144,21856.115234375,42.24069225601852
relay_failure,multi_relation,bc_ppo,0,EA-RG-MAPPO-S,results/intercept_3d_node_failure_curriculum_pilot_seed0/runs/multi_relation/bc_ppo_seed0/actor_critic_best.pt,checkpoint,95019,19,30,weaving,1.0,0.0,0,0.0,1,40,80,none,none,none,True,0.0,0.0,0.0,0.0,0.30641026554199363,0.23717948966301405,73.7512819732611,0.0,1.0,0.0,260.0,-1.0,-1.0,0.0,220.0,0.0,0.31250000931322575,0.11250000298023224,20176.965497295674,24426.146484375,40.520072143524885
relay_failure,multi_relation,bc_ppo,0,EA-RG-MAPPO-S,results/intercept_3d_node_failure_curriculum_pilot_seed0/runs/multi_relation/bc_ppo_seed0/actor_critic_best.pt,checkpoint,95020,20,30,weaving,1.0,0.0,0,0.0,1,40,80,none,none,none,True,0.0,0.0,0.0,0.0,0.3115384708230312,0.2910256451139083,68.99871793916593,0.0,1.0,0.0,260.0,-1.0,-1.0,0.0,220.0,0.0,0.3291666764765978,0.1333333369344473,18730.380848106972,21090.54296875,46.80298865400255
relay_failure,multi_relation,bc_ppo,0,EA-RG-MAPPO-S,results/intercept_3d_node_failure_curriculum_pilot_seed0/runs/multi_relation/bc_ppo_seed0/actor_critic_best.pt,checkpoint,95021,21,30,weaving,1.0,0.0,0,0.0,1,40,80,none,none,none,True,0.0,0.0,0.0,0.0,0.30641026554199363,0.18461538553237916,94.38846018887483,0.0,1.0,0.0,260.0,-1.0,-1.0,0.0,220.0,0.0,0.3208333428949118,0.10833333618938923,21887.658762770432,33085.40234375,30.22078779526055
relay_failure,multi_relation,bc_ppo,0,EA-RG-MAPPO-S,results/intercept_3d_node_failure_curriculum_pilot_seed0/runs/multi_relation/bc_ppo_seed0/actor_critic_best.pt,checkpoint,95022,22,30,weaving,1.0,0.0,0,0.0,1,40,80,none,none,none,True,0.0,0.0,0.0,0.0,0.30384616290147487,0.18717948817289792,79.7769233999344,0.0,1.0,0.0,260.0,-1.0,-1.0,0.0,220.0,0.0,0.31666667610406873,0.10833333618938923,21753.953857421875,32626.701171875,31.111561285331845
relay_failure,multi_relation,bc_ppo,0,EA-RG-MAPPO-S,results/intercept_3d_node_failure_curriculum_pilot_seed0/runs/multi_relation/bc_ppo_seed0/actor_critic_best.pt,checkpoint,95023,23,30,weaving,1.0,0.0,0,0.0,1,40,80,none,none,none,True,0.0,0.0,0.0,0.0,0.30512821422173425,0.2320512843819765,74.18205128472584,0.0,1.0,0.0,260.0,-1.0,-1.0,0.0,220.0,0.0,0.30833334252238276,0.10416666939854621,20934.501622596155,24913.09375,39.738532334566116
relay_failure,multi_relation,bc_ppo,0,EA-RG-MAPPO-S,results/intercept_3d_node_failure_curriculum_pilot_seed0/runs/multi_relation/bc_ppo_seed0/actor_critic_best.pt,checkpoint,95024,24,30,weaving,1.0,0.0,0,0.0,1,40,80,none,none,none,True,0.0,0.0,0.0,0.0,0.30512821422173425,0.22564102778067954,74.61794882577199,0.0,1.0,0.0,260.0,-1.0,-1.0,0.0,220.0,0.0,0.3208333428949118,0.11250000298023224,20660.277569110578,24645.720703125,39.71695181541145
relay_failure,multi_relation,bc_ppo,0,EA-RG-MAPPO-S,results/intercept_3d_node_failure_curriculum_pilot_seed0/runs/multi_relation/bc_ppo_seed0/actor_critic_best.pt,checkpoint,95025,25,30,weaving,1.0,0.0,0,0.0,1,40,80,none,none,none,True,1.0,1.0,1.0,0.012461059561399656,0.35202493260954026,0.47352025219213184,34.78504594519874,0.0,0.0,0.0,107.0,104.0,107.0,1.0,67.0,0.014705882352941176,0.4215686400147045,0.1715686321258545,14115.430873977804,13261.8388671875,40.746425012126565
relay_failure,multi_relation,bc_ppo,0,EA-RG-MAPPO-S,results/intercept_3d_node_failure_curriculum_pilot_seed0/runs/multi_relation/bc_ppo_seed0/actor_critic_best.pt,checkpoint,95026,26,30,weaving,1.0,0.0,0,0.0,1,40,80,none,none,none,True,0.0,0.0,0.0,0.0,0.2500000074505806,0.24487179758457037,71.4679485910214,0.0,1.0,0.0,260.0,-1.0,-1.0,0.0,220.0,0.0,0.3333333432674408,0.1833333384245634,16085.7365234375,24979.9453125,32.43493587896228
relay_failure,multi_relation,bc_ppo,0,EA-RG-MAPPO-S,results/intercept_3d_node_failure_curriculum_pilot_seed0/runs/multi_relation/bc_ppo_seed0/actor_critic_best.pt,checkpoint,95027,27,30,weaving,1.0,0.0,0,0.0,1,40,80,none,none,none,True,1.0,1.0,1.0,0.011695906781313712,0.35380118013473977,0.44152047053763743,36.47953194118383,0.0,0.0,0.0,114.0,111.0,114.0,1.0,74.0,0.013333333333333334,0.4177777902285258,0.15111111521720885,14248.89396587171,13877.2626953125,40.54475559853017
relay_failure,multi_relation,bc_ppo,0,EA-RG-MAPPO-S,results/intercept_3d_node_failure_curriculum_pilot_seed0/runs/multi_relation/bc_ppo_seed0/actor_critic_best.pt,checkpoint,95028,28,30,weaving,1.0,0.0,0,0.0,1,40,80,none,none,none,True,0.0,0.0,0.0,0.0,0.30512821422173425,0.29487179907468647,68.60128204662067,0.0,1.0,0.0,260.0,-1.0,-1.0,0.0,220.0,0.0,0.30833334252238276,0.12916667014360428,19254.373279747597,21499.923828125,45.77789421565831
relay_failure,multi_relation,bc_ppo,0,EA-RG-MAPPO-S,results/intercept_3d_node_failure_curriculum_pilot_seed0/runs/multi_relation/bc_ppo_seed0/actor_critic_best.pt,checkpoint,95029,29,30,weaving,1.0,0.0,0,0.0,1,40,80,none,none,none,True,0.0,0.0,0.0,0.0,0.30897436818251245,0.2653846187087206,71.10384566990228,0.0,1.0,0.0,260.0,-1.0,-1.0,0.0,220.0,0.0,0.3208333428949118,0.11666666977107525,19890.105495042066,22759.166015625,43.81807344593108
scout_failure,multi_relation,bc_ppo,0,EA-RG-MAPPO-S,results/intercept_3d_node_failure_curriculum_pilot_seed0/runs/multi_relation/bc_ppo_seed0/actor_critic_best.pt,checkpoint,95000,0,30,weaving,1.0,0.0,0,0.0,0,40,80,none,none,none,True,0.0,0.0,1.0,0.008974359241815714,0.14102564522853264,0.220512822499642,88.19999882647625,0.0,1.0,0.0,260.0,231.0,-1.0,0.0,220.0,0.0,0.3458333436399698,0.2208333395421505,16992.078357872597,22628.298828125,14.924506765790284
scout_failure,multi_relation,bc_ppo,0,EA-RG-MAPPO-S,results/intercept_3d_node_failure_curriculum_pilot_seed0/runs/multi_relation/bc_ppo_seed0/actor_critic_best.pt,checkpoint,95001,1,30,weaving,1.0,0.0,0,0.0,0,40,80,none,none,none,True,0.0,0.0,1.0,0.007692307921556326,0.1461538505095702,0.22435897646042016,87.55769116351237,0.0,1.0,0.0,260.0,230.0,-1.0,0.0,220.0,0.0,0.3708333443850279,0.23333333991467953,17014.139881310097,22783.447265625,15.033794517628849
scout_failure,multi_relation,bc_ppo,0,EA-RG-MAPPO-S,results/intercept_3d_node_failure_curriculum_pilot_seed0/runs/multi_relation/bc_ppo_seed0/actor_critic_best.pt,checkpoint,95002,2,30,weaving,1.0,0.0,0,0.0,0,40,80,none,none,none,True,0.0,0.0,0.0,0.0,0.15128205579060774,0.2294871817414577,86.71922965439467,0.0,1.0,0.0,260.0,-1.0,-1.0,0.0,220.0,0.0,0.3833333447575569,0.24583334028720855,16055.93563701923,20303.033203125,14.220930583775043
scout_failure,multi_relation,bc_ppo,0,EA-RG-MAPPO-S,results/intercept_3d_node_failure_curriculum_pilot_seed0/runs/multi_relation/bc_ppo_seed0/actor_critic_best.pt,checkpoint,95003,3,30,weaving,1.0,0.0,0,0.0,0,40,80,none,none,none,True,0.0,0.0,0.0,0.0,0.13846154258801388,0.21025641193756692,89.63589616945157,0.0,1.0,0.0,260.0,-1.0,-1.0,0.0,220.0,0.0,0.35416667722165585,0.19583333879709244,18560.680033052886,25873.09375,6.5985587037866935
scout_failure,multi_relation,bc_ppo,0,EA-RG-MAPPO-S,results/intercept_3d_node_failure_curriculum_pilot_seed0/runs/multi_relation/bc_ppo_seed0/actor_critic_best.pt,checkpoint,95004,4,30,weaving,1.0,0.0,0,0.0,0,40,80,none,none,none,True,0.0,0.0,0.0,0.0,0.1346153886272357,0.20769230929704813,90.4243587496189,0.0,1.0,0.0,260.0,-1.0,-1.0,0.0,220.0,0.0,0.35000001043081286,0.1875000052154064,20921.663596754806,31119.09375,1.570476699154824
scout_failure,multi_relation,bc_ppo,0,EA-RG-MAPPO-S,results/intercept_3d_node_failure_curriculum_pilot_seed0/runs/multi_relation/bc_ppo_seed0/actor_critic_best.pt,checkpoint,95005,5,30,weaving,1.0,0.0,0,0.0,0,40,80,none,none,none,True,0.0,0.0,0.0,0.0,0.30769231686225307,0.21282051457808568,88.85256492931109,0.0,1.0,0.0,260.0,-1.0,-1.0,0.0,220.0,0.0,0.31250000931322575,0.20416667237877845,21021.971213942306,23243.75,40.074526051059365
scout_failure,multi_relation,bc_ppo,0,EA-RG-MAPPO-S,results/intercept_3d_node_failure_curriculum_pilot_seed0/runs/multi_relation/bc_ppo_seed0/actor_critic_best.pt,checkpoint,95006,6,30,weaving,1.0,0.0,0,0.0,0,40,80,none,none,none,True,0.0,0.0,1.0,0.010256410562075102,0.15256410711086713,0.23333333570223588,86.10384594866862,0.0,1.0,0.0,260.0,233.0,-1.0,0.0,220.0,0.0,0.3875000115483999,0.2500000070780516,15910.733894230769,20523.130859375,19.864185873419046
scout_failure,multi_relation,bc_ppo,0,EA-RG-MAPPO-S,results/intercept_3d_node_failure_curriculum_pilot_seed0/runs/multi_relation/bc_ppo_seed0/actor_critic_best.pt,checkpoint,95007,7,30,weaving,1.0,0.0,0,0.0,0,40,80,none,none,none,True,0.0,0.0,0.0,0.0,0.12820513202593878,0.2089743606173075,89.86282134445814,0.0,1.0,0.0,260.0,-1.0,-1.0,0.0,220.0,0.0,0.3333333432674408,0.19166667200624943,18406.099579326925,24682.669921875,6.490724749863148
scout_failure,multi_relation,bc_ppo,0,EA-RG-MAPPO-S,results/intercept_3d_node_failure_curriculum_pilot_seed0/runs/multi_relation/bc_ppo_seed0/actor_critic_best.pt,checkpoint,95008,8,30,weaving,1.0,0.0,0,0.0,0,40,80,none,none,none,True,0.0,0.0,0.0,0.0,0.1461538505095702,0.21410256589834506,89.29615258459862,0.0,1.0,0.0,260.0,-1.0,-1.0,0.0,220.0,0.0,0.3708333443850279,0.20833333916962146,17673.699669471152,24450.505859375,8.65823009237647
scout_failure,multi_relation,bc_ppo,0,EA-RG-MAPPO-S,results/intercept_3d_node_failure_curriculum_pilot_seed0/runs/multi_relation/bc_ppo_seed0/actor_critic_best.pt,checkpoint,95009,9,30,weaving,1.0,0.0,0,0.0,0,40,80,none,none,none,True,0.0,0.0,0.0,0.0,0.13076923466645754,0.2089743606173075,89.86282134445814,0.0,1.0,0.0,260.0,-1.0,-1.0,0.0,220.0,0.0,0.3208333428949118,0.19166667200624943,20475.694016676684,32249.333984375,0.6772204795852304
scout_failure,multi_relation,bc_ppo,0,EA-RG-MAPPO-S,results/intercept_3d_node_failure_curriculum_pilot_seed0/runs/multi_relation/bc_ppo_seed0/actor_critic_best.pt,checkpoint,95010,10,30,weaving,1.0,0.0,0,0.0,0,40,80,none,none,none,True,0.0,0.0,0.0,0.0,0.13974359390827326,0.21666666853886385,88.85384694635869,0.0,1.0,0.0,260.0,-1.0,-1.0,0.0,220.0,0.0,0.35416667722165585,0.2166666727513075,17059.551416015624,22028.8125,10.402951315045357
scout_failure,multi_relation,bc_ppo,0,EA-RG-MAPPO-S,results/intercept_3d_node_failure_curriculum_pilot_seed0/runs/multi_relation/bc_ppo_seed0/actor_critic_best.pt,checkpoint,95011,11,30,weaving,1.0,0.0,0,0.0,0,40,80,none,none,none,True,0.0,0.0,0.0,0.0,0.26282052065317446,0.2410256436237922,84.5743579279918,0.0,1.0,0.0,260.0,-1.0,-1.0,0.0,220.0,0.0,0.3333333432674408,0.2958333417773247,19888.399650691106,34087.046875,26.501492138952017
scout_failure,multi_relation,bc_ppo,0,EA-RG-MAPPO-S,results/intercept_3d_node_failure_curriculum_pilot_seed0/runs/multi_relation/bc_ppo_seed0/actor_critic_best.pt,checkpoint,95012,12,30,weaving,1.0,0.0,0,0.0,0,40,80,none,none,none,True,0.0,0.0,1.0,0.008974359241815714,0.14743590182982957,0.23333333570223588,86.10384594866862,0.0,1.0,0.0,260.0,234.0,-1.0,0.0,220.0,0.0,0.3708333443850279,0.2500000070780516,16211.423843149038,20778.681640625,18.21312092244625
scout_failure,multi_relation,bc_ppo,0,EA-RG-MAPPO-S,results/intercept_3d_node_failure_curriculum_pilot_seed0/runs/multi_relation/bc_ppo_seed0/actor_critic_best.pt,checkpoint,95013,13,30,weaving,1.0,0.0,0,0.0,0,40,80,none,none,none,True,0.0,0.0,0.0,0.0,0.13846154258801388,0.21025641193756692,89.63589616945157,0.0,1.0,0.0,260.0,-1.0,-1.0,0.0,220.0,0.0,0.3458333436399698,0.19583333879709244,20035.266860727163,30488.626953125,2.8139301440678537
scout_failure,multi_relation,bc_ppo,0,EA-RG-MAPPO-S,results/intercept_3d_node_failure_curriculum_pilot_seed0/runs/multi_relation/bc_ppo_seed0/actor_critic_best.pt,checkpoint,95014,14,30,weaving,1.0,0.0,0,0.0,0,40,80,none,none,none,True,0.0,0.0,0.0,0.0,0.12820513202593878,0.20769230929704813,90.09102542606684,0.0,1.0,0.0,260.0,-1.0,-1.0,0.0,220.0,0.0,0.3208333428949118,0.1875000052154064,20757.387736628607,31137.333984375,1.2628771183080971
scout_failure,multi_relation,bc_ppo,0,EA-RG-MAPPO-S,results/intercept_3d_node_failure_curriculum_pilot_seed0/runs/multi_relation/bc_ppo_seed0/actor_critic_best.pt,checkpoint,95015,15,30,weaving,1.0,0.0,0,0.0,0,40,80,none,none,none,True,0.0,0.0,0.0,0.0,0.21410257048331774,0.41025641789803136,70.26923015323969,0.0,1.0,0.0,260.0,-1.0,-1.0,0.0,220.0,0.0,0.3333333432674408,0.34166667647659776,16897.825477013223,24110.390625,35.617674853652716
scout_failure,multi_relation,bc_ppo,0,EA-RG-MAPPO-S,results/intercept_3d_node_failure_curriculum_pilot_seed0/runs/multi_relation/bc_ppo_seed0/actor_critic_best.pt,checkpoint,95016,16,30,weaving,1.0,0.0,0,0.0,0,40,80,none,none,none,True,0.0,0.0,1.0,0.0012820513202593878,0.1448717991893108,0.2294871817414577,86.71923056405325,0.0,1.0,0.0,260.0,240.0,-1.0,0.0,220.0,0.0,0.3458333436399698,0.2500000070780516,16095.666954627404,20226.849609375,14.335713684326038
scout_failure,multi_relation,bc_ppo,0,EA-RG-MAPPO-S,results/intercept_3d_node_failure_curriculum_pilot_seed0/runs/multi_relation/bc_ppo_seed0/actor_critic_best.pt,checkpoint,95017,17,30,weaving,1.0,0.0,0,0.0,0,40,80,none,none,none,True,0.0,0.0,0.0,0.0,0.24487180216954305,0.2423076949440516,84.04615364097631,0.0,1.0,0.0,260.0,-1.0,-1.0,0.0,220.0,0.0,0.3333333432674408,0.30000000856816766,21316.76151968149,38452.296875,20.557855859398842
scout_failure,multi_relation,bc_ppo,0,EA-RG-MAPPO-S,results/intercept_3d_node_failure_curriculum_pilot_seed0/runs/multi_relation/bc_ppo_seed0/actor_critic_best.pt,checkpoint,95018,18,30,weaving,1.0,0.0,0,0.0,0,40,80,none,none,none,True,0.0,0.0,0.0,0.0,0.23205128896694918,0.27948718323157384,77.0743587496189,0.0,1.0,0.0,260.0,-1.0,-1.0,0.0,220.0,0.0,0.3333333432674408,0.32500000931322576,20789.829236778845,38623.19921875,20.3581056073308
scout_failure,multi_relation,bc_ppo,0,EA-RG-MAPPO-S,results/intercept_3d_node_failure_curriculum_pilot_seed0/runs/multi_relation/bc_ppo_seed0/actor_critic_best.pt,checkpoint,95019,19,30,weaving,1.0,0.0,0,0.0,0,40,80,none,none,none,True,0.0,0.0,0.0,0.0,0.20128205728072388,0.21666666853886385,88.52051362280662,0.0,1.0,0.0,260.0,-1.0,-1.0,0.0,220.0,0.0,0.2916666753590107,0.2166666727513075,26439.94500450721,39932.078125,11.275932071730494
scout_failure,multi_relation,bc_ppo,0,EA-RG-MAPPO-S,results/intercept_3d_node_failure_curriculum_pilot_seed0/runs/multi_relation/bc_ppo_seed0/actor_critic_best.pt,checkpoint,95020,20,30,weaving,1.0,0.0,0,0.0,0,40,80,none,none,none,True,0.0,0.0,0.0,0.0,0.24230769952902428,0.43589744430321914,69.99999979482247,0.0,1.0,0.0,260.0,-1.0,-1.0,0.0,220.0,0.0,0.3333333432674408,0.34166667647659776,18213.7928898738,25456.494140625,40.26628579944372
scout_failure,multi_relation,bc_ppo,0,EA-RG-MAPPO-S,results/intercept_3d_node_failure_curriculum_pilot_seed0/runs/multi_relation/bc_ppo_seed0/actor_critic_best.pt,checkpoint,95021,21,30,weaving,1.0,0.0,0,0.0,0,40,80,none,none,none,True,0.0,0.0,0.0,0.0,0.30641026554199363,0.20641025797678875,90.32051153939504,0.0,1.0,0.0,260.0,-1.0,-1.0,0.0,220.0,0.0,0.30833334252238276,0.1833333384245634,20809.70154747596,24865.705078125,38.138202250003815
scout_failure,multi_relation,bc_ppo,0,EA-RG-MAPPO-S,results/intercept_3d_node_failure_curriculum_pilot_seed0/runs/multi_relation/bc_ppo_seed0/actor_critic_best.pt,checkpoint,95022,22,30,weaving,1.0,0.0,0,0.0,0,40,80,none,none,none,True,0.0,0.0,0.0,0.0,0.30897436818251245,0.20769230929704813,90.09102542606684,0.0,1.0,0.0,260.0,-1.0,-1.0,0.0,220.0,0.0,0.31666667610406873,0.1875000052154064,20666.921916316107,23995.380859375,39.241763984784484
scout_failure,multi_relation,bc_ppo,0,EA-RG-MAPPO-S,results/intercept_3d_node_failure_curriculum_pilot_seed0/runs/multi_relation/bc_ppo_seed0/actor_critic_best.pt,checkpoint,95023,23,30,weaving,1.0,0.0,0,0.0,0,40,80,none,none,none,True,0.0,0.0,0.0,0.0,0.30384616290147487,0.21666666853886385,88.18718029925456,0.0,1.0,0.0,260.0,-1.0,-1.0,0.0,220.0,0.0,0.3041666757315397,0.2166666727513075,26253.81678560697,36042.140625,30.122459506615996
scout_failure,multi_relation,bc_ppo,0,EA-RG-MAPPO-S,results/intercept_3d_node_failure_curriculum_pilot_seed0/runs/multi_relation/bc_ppo_seed0/actor_critic_best.pt,checkpoint,95024,24,30,weaving,1.0,0.0,0,0.0,0,40,80,none,none,none,True,0.0,0.0,0.0,0.0,0.26282052065317446,0.24615384890482975,83.46923056405325,0.0,1.0,0.0,260.0,-1.0,-1.0,0.0,220.0,0.0,0.3333333432674408,0.31250000894069674,20478.72196890024,33721.296875,27.171127263456583
scout_failure,multi_relation,bc_ppo,0,EA-RG-MAPPO-S,results/intercept_3d_node_failure_curriculum_pilot_seed0/runs/multi_relation/bc_ppo_seed0/actor_critic_best.pt,checkpoint,95025,25,30,weaving,1.0,0.0,0,0.0,0,40,80,none,none,none,True,0.0,0.0,1.0,0.011538461882334488,0.1564102610716453,0.23717948966301405,85.4999990025392,0.0,1.0,0.0,260.0,230.0,-1.0,0.0,220.0,0.0,0.3750000111758709,0.24583334028720855,16125.880540114184,21635.869140625,20.238911673426628
scout_failure,multi_relation,bc_ppo,0,EA-RG-MAPPO-S,results/intercept_3d_node_failure_curriculum_pilot_seed0/runs/multi_relation/bc_ppo_seed0/actor_critic_best.pt,checkpoint,95026,26,30,weaving,1.0,0.0,0,0.0,0,40,80,none,none,none,True,0.0,0.0,0.0,0.0,0.22435898104539284,0.4333333413188274,55.15256379957383,0.0,1.0,0.0,260.0,-1.0,-1.0,0.0,220.0,0.0,0.3333333432674408,0.34166667647659776,16910.93916391226,25285.541015625,39.42750704661012
scout_failure,multi_relation,bc_ppo,0,EA-RG-MAPPO-S,results/intercept_3d_node_failure_curriculum_pilot_seed0/runs/multi_relation/bc_ppo_seed0/actor_critic_best.pt,checkpoint,95027,27,30,weaving,1.0,0.0,0,0.0,0,40,80,none,none,none,True,0.0,0.0,0.0,0.0,0.14102564522853264,0.220512822499642,88.19999979482247,0.0,1.0,0.0,260.0,-1.0,-1.0,0.0,220.0,0.0,0.3458333436399698,0.2250000063329935,16541.18886343149,21128.533203125,11.614387657493353
scout_failure,multi_relation,bc_ppo,0,EA-RG-MAPPO-S,results/intercept_3d_node_failure_curriculum_pilot_seed0/runs/multi_relation/bc_ppo_seed0/actor_critic_best.pt,checkpoint,95028,28,30,weaving,1.0,0.0,0,0.0,0,40,80,none,none,none,True,0.0,0.0,0.0,0.0,0.24487180216954305,0.43589744430321914,69.66666647127042,0.0,1.0,0.0,260.0,-1.0,-1.0,0.0,220.0,0.0,0.3333333432674408,0.34166667647659776,18507.96923828125,25980.34375,40.34404735267162
scout_failure,multi_relation,bc_ppo,0,EA-RG-MAPPO-S,results/intercept_3d_node_failure_curriculum_pilot_seed0/runs/multi_relation/bc_ppo_seed0/actor_critic_best.pt,checkpoint,95029,29,30,weaving,1.0,0.0,0,0.0,0,40,80,none,none,none,True,0.0,0.0,0.0,0.0,0.2602564180126557,0.23846154098327343,84.96794850298991,0.0,1.0,0.0,260.0,-1.0,-1.0,0.0,220.0,0.0,0.3333333432674408,0.28750000819563865,20407.99636042668,34453.50390625,25.665242165327072
relay_failure,multi_relation,bc_ppo,1,EA-RG-MAPPO-S,results/intercept_3d_node_failure_curriculum_pilot_seed0/runs/multi_relation/bc_ppo_seed1/actor_critic_best.pt,checkpoint,95000,0,30,weaving,1.0,0.0,0,0.0,1,40,80,none,none,none,True,0.0,0.0,0.0,0.0,0.228205135006171,0.19615384741471364,92.53589721115736,0.0,1.0,0.0,260.0,-1.0,-1.0,0.0,220.0,0.0,0.24583334065973758,0.15000000409781933,19339.960772235576,32773.484375,10.724366471171379
relay_failure,multi_relation,bc_ppo,1,EA-RG-MAPPO-S,results/intercept_3d_node_failure_curriculum_pilot_seed0/runs/multi_relation/bc_ppo_seed1/actor_critic_best.pt,checkpoint,95001,1,30,weaving,1.0,0.0,0,0.0,1,40,80,none,none,none,True,0.0,0.0,0.0,0.0,0.23076923764668977,0.1987179500552324,92.05769098744942,0.0,1.0,0.0,260.0,-1.0,-1.0,0.0,220.0,0.0,0.28333334177732467,0.15833333767950536,16820.607068810095,23745.712890625,18.496539369923994
relay_failure,multi_relation,bc_ppo,1,EA-RG-MAPPO-S,results/intercept_3d_node_failure_curriculum_pilot_seed0/runs/multi_relation/bc_ppo_seed1/actor_critic_best.pt,checkpoint,95002,2,30,weaving,1.0,0.0,0,0.0,1,40,80,none,none,none,True,0.0,0.0,0.0,0.0,0.25769231537213694,0.19743589873497303,92.29615471202594,0.0,1.0,0.0,260.0,-1.0,-1.0,0.0,220.0,0.0,0.25833334103226663,0.15416667088866234,17574.20116436298,26142.927734375,18.48899255786091
relay_failure,multi_relation,bc_ppo,1,EA-RG-MAPPO-S,results/intercept_3d_node_failure_curriculum_pilot_seed0/runs/multi_relation/bc_ppo_seed1/actor_critic_best.pt,checkpoint,95003,3,30,weaving,1.0,0.0,0,0.0,1,40,80,none,none,none,True,0.0,0.0,0.0,0.0,0.20000000596046447,0.1884615394931573,93.66794850298992,0.0,1.0,0.0,260.0,-1.0,-1.0,0.0,220.0,0.0,0.16250000484287738,0.12500000335276126,21338.49249173678,33169.546875,6.084809175692499
relay_failure,multi_relation,bc_ppo,1,EA-RG-MAPPO-S,results/intercept_3d_node_failure_curriculum_pilot_seed0/runs/multi_relation/bc_ppo_seed1/actor_critic_best.pt,checkpoint,95004,4,30,weaving,1.0,0.0,0,0.0,1,40,80,none,none,none,True,0.0,0.0,0.0,0.0,0.18333333879709243,0.18717948817289792,94.24999863574138,0.0,1.0,0.0,260.0,-1.0,-1.0,0.0,220.0,0.0,0.16250000484287738,0.12083333656191826,22645.868134014425,36915.69140625,1.2852797508239746
relay_failure,multi_relation,bc_ppo,1,EA-RG-MAPPO-S,results/intercept_3d_node_failure_curriculum_pilot_seed0/runs/multi_relation/bc_ppo_seed1/actor_critic_best.pt,checkpoint,95005,5,30,weaving,1.0,0.0,0,0.0,1,40,80,none,none,none,True,0.0,0.0,0.0,0.0,0.21538462180357712,0.1794871802513416,94.7692293976362,0.0,1.0,0.0,260.0,-1.0,-1.0,0.0,220.0,0.0,0.12916667051613331,0.0958333358168602,26358.570357572116,30980.193359375,17.566458323970437
relay_failure,multi_relation,bc_ppo,1,EA-RG-MAPPO-S,results/intercept_3d_node_failure_curriculum_pilot_seed0/runs/multi_relation/bc_ppo_seed1/actor_critic_best.pt,checkpoint,95006,6,30,weaving,1.0,0.0,0,0.0,1,40,80,none,none,none,True,0.0,0.0,0.0,0.0,0.16410256899320164,0.20384615533626996,91.44999976547865,0.0,1.0,0.0,260.0,-1.0,-1.0,0.0,220.0,0.0,0.3208333428949118,0.1750000048428774,17006.094662710337,24520.345703125,14.342315930873156
relay_failure,multi_relation,bc_ppo,1,EA-RG-MAPPO-S,results/intercept_3d_node_failure_curriculum_pilot_seed0/runs/multi_relation/bc_ppo_seed1/actor_critic_best.pt,checkpoint,95007,7,30,weaving,1.0,0.0,0,0.0,1,40,80,none,none,none,True,0.0,0.0,0.0,0.0,0.18076923615657367,0.1897435908134167,93.75384704906207,0.0,1.0,0.0,260.0,-1.0,-1.0,0.0,220.0,0.0,0.20416667275130748,0.12916667014360428,19159.69481670673,28314.53125,8.393872631015256
relay_failure,multi_relation,bc_ppo,1,EA-RG-MAPPO-S,results/intercept_3d_node_failure_curriculum_pilot_seed0/runs/multi_relation/bc_ppo_seed1/actor_critic_best.pt,checkpoint,95008,8,30,weaving,1.0,0.0,0,0.0,1,40,80,none,none,none,True,0.0,0.0,0.0,0.0,0.2179487244440959,0.1910256421336761,93.5076909581056,0.0,1.0,0.0,260.0,-1.0,-1.0,0.0,220.0,0.0,0.18750000558793545,0.1333333369344473,18274.140718900242,27021.603515625,13.04804302949924
relay_failure,multi_relation,bc_ppo,1,EA-RG-MAPPO-S,results/intercept_3d_node_failure_curriculum_pilot_seed0/runs/multi_relation/bc_ppo_seed1/actor_critic_best.pt,checkpoint,95009,9,30,weaving,1.0,0.0,0,0.0,1,40,80,none,none,none,True,0.0,0.0,0.0,0.0,0.0935897463789353,0.1910256421336761,93.5076909581056,0.0,1.0,0.0,260.0,-1.0,-1.0,0.0,220.0,0.0,0.15833333805203437,0.1333333369344473,22297.662165715145,36850.98046875,-6.333264797925949
relay_failure,multi_relation,bc_ppo,1,EA-RG-MAPPO-S,results/intercept_3d_node_failure_curriculum_pilot_seed0/runs/multi_relation/bc_ppo_seed1/actor_critic_best.pt,checkpoint,95010,10,30,weaving,1.0,0.0,0,0.0,1,40,80,none,none,none,True,0.0,0.0,0.0,0.0,0.10000000298023223,0.1910256421336761,93.84102428165765,0.0,1.0,0.0,260.0,-1.0,-1.0,0.0,220.0,0.0,0.22500000670552253,0.1333333369344473,19063.105588942308,28636.431640625,0.1385378483682871
relay_failure,multi_relation,bc_ppo,1,EA-RG-MAPPO-S,results/intercept_3d_node_failure_curriculum_pilot_seed0/runs/multi_relation/bc_ppo_seed1/actor_critic_best.pt,checkpoint,95011,11,30,weaving,1.0,0.0,0,0.0,1,40,80,none,none,none,True,0.0,0.0,0.0,0.0,0.12179487542464183,0.1794871802513416,94.7692293976362,0.0,1.0,0.0,260.0,-1.0,-1.0,0.0,220.0,0.0,0.11666667014360428,0.0958333358168602,28056.270466496393,39792.09765625,-3.682331206277013
relay_failure,multi_relation,bc_ppo,1,EA-RG-MAPPO-S,results/intercept_3d_node_failure_curriculum_pilot_seed0/runs/multi_relation/bc_ppo_seed1/actor_critic_best.pt,checkpoint,95012,12,30,weaving,1.0,0.0,0,0.0,1,40,80,none,none,none,True,0.0,0.0,0.0,0.0,0.15384615843112653,0.2012820526957512,91.58461623581556,0.0,1.0,0.0,260.0,-1.0,-1.0,0.0,220.0,0.0,0.31250000931322575,0.16666667126119136,17742.51719125601,27811.126953125,10.280111392959952
relay_failure,multi_relation,bc_ppo,1,EA-RG-MAPPO-S,results/intercept_3d_node_failure_curriculum_pilot_seed0/runs/multi_relation/bc_ppo_seed1/actor_critic_best.pt,checkpoint,95013,13,30,weaving,1.0,0.0,0,0.0,1,40,80,none,none,none,True,0.0,0.0,0.0,0.0,0.07948718185608204,0.1897435908134167,93.75384704906207,0.0,1.0,0.0,260.0,-1.0,-1.0,0.0,220.0,0.0,0.15416667126119138,0.12916667014360428,22177.15763221154,36115.76171875,-7.301091842353344
relay_failure,multi_relation,bc_ppo,1,EA-RG-MAPPO-S,results/intercept_3d_node_failure_curriculum_pilot_seed0/runs/multi_relation/bc_ppo_seed1/actor_critic_best.pt,checkpoint,95014,14,30,weaving,1.0,0.0,0,0.0,1,40,80,none,none,none,True,0.0,0.0,0.0,0.0,0.16794872295397978,0.1897435908134167,93.42051372551,0.0,1.0,0.0,260.0,-1.0,-1.0,0.0,220.0,0.0,0.1708333384245634,0.12916667014360428,21730.977193509614,34430.05078125,2.560284052044153
relay_failure,multi_relation,bc_ppo,1,EA-RG-MAPPO-S,results/intercept_3d_node_failure_curriculum_pilot_seed0/runs/multi_relation/bc_ppo_seed1/actor_critic_best.pt,checkpoint,95015,15,30,weaving,1.0,0.0,0,0.0,1,40,80,none,none,none,True,0.0,0.0,0.0,0.0,0.16410256899320164,0.1794871802513416,94.7692293976362,0.0,1.0,0.0,260.0,-1.0,-1.0,0.0,220.0,0.0,0.2625000078231096,0.0958333358168602,28129.693370643028,43482.57421875,0.3534493241459131
relay_failure,multi_relation,bc_ppo,1,EA-RG-MAPPO-S,results/intercept_3d_node_failure_curriculum_pilot_seed0/runs/multi_relation/bc_ppo_seed1/actor_critic_best.pt,checkpoint,95016,16,30,weaving,1.0,0.0,0,0.0,1,40,80,none,none,none,True,0.0,0.0,0.0,0.0,0.24358975084928366,0.19743589873497303,92.62948803557799,0.0,1.0,0.0,260.0,-1.0,-1.0,0.0,220.0,0.0,0.2500000074505806,0.15416667088866234,16652.424759615384,23516.1875,19.11403063952457
relay_failure,multi_relation,bc_ppo,1,EA-RG-MAPPO-S,results/intercept_3d_node_failure_curriculum_pilot_seed0/runs/multi_relation/bc_ppo_seed1/actor_critic_best.pt,checkpoint,95017,17,30,weaving,1.0,0.0,0,0.0,1,40,80,none,none,none,True,0.0,0.0,0.0,0.0,0.25384616141135874,0.17564102629056344,95.5461524525514,0.0,1.0,0.0,260.0,-1.0,-1.0,0.0,220.0,0.0,0.14583333767950535,0.08333333544433116,28224.765264423077,35656.26953125,19.699429634958506
relay_failure,multi_relation,bc_ppo,1,EA-RG-MAPPO-S,results/intercept_3d_node_failure_curriculum_pilot_seed0/runs/multi_relation/bc_ppo_seed1/actor_critic_best.pt,checkpoint,95018,18,30,weaving,1.0,0.0,0,0.0,1,40,80,none,none,none,True,0.0,0.0,0.0,0.0,0.17051282559449857,0.1794871802513416,94.7692293976362,0.0,1.0,0.0,260.0,-1.0,-1.0,0.0,220.0,0.0,0.12083333693444728,0.0958333358168602,27036.501303335335,34191.16796875,8.200127953663468
relay_failure,multi_relation,bc_ppo,1,EA-RG-MAPPO-S,results/intercept_3d_node_failure_curriculum_pilot_seed0/runs/multi_relation/bc_ppo_seed1/actor_critic_best.pt,checkpoint,95019,19,30,weaving,1.0,0.0,0,0.0,1,40,80,none,none,none,True,0.0,0.0,0.0,0.0,0.20641026256176143,0.1794871802513416,94.7692293976362,0.0,1.0,0.0,260.0,-1.0,-1.0,0.0,220.0,0.0,0.12916667051613331,0.0958333358168602,26179.70841721755,30658.193359375,16.4170648958534
relay_failure,multi_relation,bc_ppo,1,EA-RG-MAPPO-S,results/intercept_3d_node_failure_curriculum_pilot_seed0/runs/multi_relation/bc_ppo_seed1/actor_critic_best.pt,checkpoint,95020,20,30,weaving,1.0,0.0,0,0.0,1,40,80,none,none,none,True,0.0,0.0,0.0,0.0,0.1846153901173518,0.1794871802513416,94.7692293976362,0.0,1.0,0.0,260.0,-1.0,-1.0,0.0,220.0,0.0,0.18750000558793545,0.0958333358168602,27844.309765625,40875.53515625,5.4287046901881695
relay_failure,multi_relation,bc_ppo,1,EA-RG-MAPPO-S,results/intercept_3d_node_failure_curriculum_pilot_seed0/runs/multi_relation/bc_ppo_seed1/actor_critic_best.pt,checkpoint,95021,21,30,weaving,1.0,0.0,0,0.0,1,40,80,none,none,none,True,0.0,0.0,0.0,0.0,0.21153846784279898,0.1794871802513416,95.10256272118825,0.0,1.0,0.0,260.0,-1.0,-1.0,0.0,220.0,0.0,0.1250000037252903,0.0958333358168602,25993.018840144232,32233.1484375,15.980333890765905
relay_failure,multi_relation,bc_ppo,1,EA-RG-MAPPO-S,results/intercept_3d_node_failure_curriculum_pilot_seed0/runs/multi_relation/bc_ppo_seed1/actor_critic_best.pt,checkpoint,95022,22,30,weaving,1.0,0.0,0,0.0,1,40,80,none,none,none,True,0.0,0.0,0.0,0.0,0.20128205728072388,0.1794871802513416,95.10256272118825,0.0,1.0,0.0,260.0,-1.0,-1.0,0.0,220.0,0.0,0.12083333693444728,0.0958333358168602,26161.034705528848,31277.923828125,15.060481639578938
relay_failure,multi_relation,bc_ppo,1,EA-RG-MAPPO-S,results/intercept_3d_node_failure_curriculum_pilot_seed0/runs/multi_relation/bc_ppo_seed1/actor_critic_best.pt,checkpoint,95023,23,30,weaving,1.0,0.0,0,0.0,1,40,80,none,none,none,True,0.0,0.0,0.0,0.0,0.25769231537213694,0.17564102629056344,95.5461524525514,0.0,1.0,0.0,260.0,-1.0,-1.0,0.0,220.0,0.0,0.15416667126119138,0.08333333544433116,27828.736346905047,34284.29296875,21.317982502281666
relay_failure,multi_relation,bc_ppo,1,EA-RG-MAPPO-S,results/intercept_3d_node_failure_curriculum_pilot_seed0/runs/multi_relation/bc_ppo_seed1/actor_critic_best.pt,checkpoint,95024,24,30,weaving,1.0,0.0,0,0.0,1,40,80,none,none,none,True,0.0,0.0,0.0,0.0,0.1769230821957955,0.17564102629056344,95.5461524525514,0.0,1.0,0.0,260.0,-1.0,-1.0,0.0,220.0,0.0,0.15416667126119138,0.08333333544433116,29434.195357572116,41758.515625,3.1483722794800997
relay_failure,multi_relation,bc_ppo,1,EA-RG-MAPPO-S,results/intercept_3d_node_failure_curriculum_pilot_seed0/runs/multi_relation/bc_ppo_seed1/actor_critic_best.pt,checkpoint,95025,25,30,weaving,1.0,0.0,0,0.0,1,40,80,none,none,none,True,0.0,0.0,0.0,0.0,0.14358974786905143,0.2012820526957512,91.91794955936761,0.0,1.0,0.0,260.0,-1.0,-1.0,0.0,220.0,0.0,0.2916666753590107,0.16666667126119136,17511.252347506008,27892.380859375,8.470237305387855
relay_failure,multi_relation,bc_ppo,1,EA-RG-MAPPO-S,results/intercept_3d_node_failure_curriculum_pilot_seed0/runs/multi_relation/bc_ppo_seed1/actor_critic_best.pt,checkpoint,95026,26,30,weaving,1.0,0.0,0,0.0,1,40,80,none,none,none,True,0.0,0.0,0.0,0.0,0.15897436371216409,0.1794871802513416,94.7692293976362,0.0,1.0,0.0,260.0,-1.0,-1.0,0.0,220.0,0.0,0.24166667386889457,0.0958333358168602,28867.98771409255,47239.12109375,-3.2626096289604902
relay_failure,multi_relation,bc_ppo,1,EA-RG-MAPPO-S,results/intercept_3d_node_failure_curriculum_pilot_seed0/runs/multi_relation/bc_ppo_seed1/actor_critic_best.pt,checkpoint,95027,27,30,weaving,1.0,0.0,0,0.0,1,40,80,none,none,none,True,0.0,0.0,0.0,0.0,0.28461539309758405,0.19743589873497303,92.29615471202594,0.0,1.0,0.0,260.0,-1.0,-1.0,0.0,220.0,0.0,0.2541666742414236,0.15416667088866234,16954.542514272838,24037.033203125,22.728185184532776
relay_failure,multi_relation,bc_ppo,1,EA-RG-MAPPO-S,results/intercept_3d_node_failure_curriculum_pilot_seed0/runs/multi_relation/bc_ppo_seed1/actor_critic_best.pt,checkpoint,95028,28,30,weaving,1.0,0.0,0,0.0,1,40,80,none,none,none,True,0.0,0.0,0.0,0.0,0.17051282559449857,0.1794871802513416,94.7692293976362,0.0,1.0,0.0,260.0,-1.0,-1.0,0.0,220.0,0.0,0.15000000447034836,0.0958333358168602,28496.344249549278,42942.34375,1.614641934633255
relay_failure,multi_relation,bc_ppo,1,EA-RG-MAPPO-S,results/intercept_3d_node_failure_curriculum_pilot_seed0/runs/multi_relation/bc_ppo_seed1/actor_critic_best.pt,checkpoint,95029,29,30,weaving,1.0,0.0,0,0.0,1,40,80,none,none,none,True,0.0,0.0,0.0,0.0,0.19871795464020509,0.1794871802513416,94.7692293976362,0.0,1.0,0.0,260.0,-1.0,-1.0,0.0,220.0,0.0,0.1250000037252903,0.0958333358168602,26408.143539663462,31482.90625,14.620651898905635
scout_failure,multi_relation,bc_ppo,1,EA-RG-MAPPO-S,results/intercept_3d_node_failure_curriculum_pilot_seed0/runs/multi_relation/bc_ppo_seed1/actor_critic_best.pt,checkpoint,95000,0,30,weaving,1.0,0.0,0,0.0,0,40,80,none,none,none,True,0.0,0.0,0.0,0.0,0.19230769803890815,0.2320512843819765,86.30769298282954,0.0,1.0,0.0,260.0,-1.0,-1.0,0.0,220.0,0.0,0.24583334065973758,0.2666666742414236,17334.46856595553,25159.052734375,15.808202124782838
scout_failure,multi_relation,bc_ppo,1,EA-RG-MAPPO-S,results/intercept_3d_node_failure_curriculum_pilot_seed0/runs/multi_relation/bc_ppo_seed1/actor_critic_best.pt,checkpoint,95001,1,30,weaving,1.0,0.0,0,0.0,0,40,80,none,none,none,True,0.0,0.0,0.0,0.0,0.21410257048331774,0.22820513042119833,86.92692378140413,0.0,1.0,0.0,260.0,-1.0,-1.0,0.0,220.0,0.0,0.24583334065973758,0.2541666738688946,17886.427475210337,26929.232421875,15.812570654787123
scout_failure,multi_relation,bc_ppo,1,EA-RG-MAPPO-S,results/intercept_3d_node_failure_curriculum_pilot_seed0/runs/multi_relation/bc_ppo_seed1/actor_critic_best.pt,checkpoint,95002,2,30,weaving,1.0,0.0,0,0.0,0,40,80,none,none,none,True,0.0,0.0,0.0,0.0,0.21282051916305836,0.22820513042119833,86.92692378140413,0.0,1.0,0.0,260.0,-1.0,-1.0,0.0,220.0,0.0,0.2500000074505806,0.2541666738688946,17786.006974909855,26129.140625,16.203380377031863
scout_failure,multi_relation,bc_ppo,1,EA-RG-MAPPO-S,results/intercept_3d_node_failure_curriculum_pilot_seed0/runs/multi_relation/bc_ppo_seed1/actor_critic_best.pt,checkpoint,95003,3,30,weaving,1.0,0.0,0,0.0,0,40,80,none,none,none,True,0.0,0.0,0.0,0.0,0.21666667312383653,0.21794871985912323,88.30128082885192,0.0,1.0,0.0,260.0,-1.0,-1.0,0.0,220.0,0.0,0.17916667200624942,0.2208333395421505,20966.043513371395,32789.21484375,10.17023360915482
scout_failure,multi_relation,bc_ppo,1,EA-RG-MAPPO-S,results/intercept_3d_node_failure_curriculum_pilot_seed0/runs/multi_relation/bc_ppo_seed1/actor_critic_best.pt,checkpoint,95004,4,30,weaving,1.0,0.0,0,0.0,0,40,80,none,none,none,True,0.0,0.0,0.0,0.0,0.30246914481675186,0.8271604964026699,38.20987546112802,1.0,0.0,0.0,54.0,-1.0,-1.0,0.0,14.0,0.0,0.6222222407658895,0.3777777870496114,16789.927372685186,13364.078125,18.103669971227646
scout_failure,multi_relation,bc_ppo,1,EA-RG-MAPPO-S,results/intercept_3d_node_failure_curriculum_pilot_seed0/runs/multi_relation/bc_ppo_seed1/actor_critic_best.pt,checkpoint,95005,5,30,weaving,1.0,0.0,0,0.0,0,40,80,none,none,none,True,0.0,0.0,0.0,0.0,0.21025641652253957,0.20256410401601058,90.34999872377286,0.0,1.0,0.0,260.0,-1.0,-1.0,0.0,220.0,0.0,0.1250000037252903,0.17083333805203438,26056.364498197116,31829.826171875,17.769506223499775
scout_failure,multi_relation,bc_ppo,1,EA-RG-MAPPO-S,results/intercept_3d_node_failure_curriculum_pilot_seed0/runs/multi_relation/bc_ppo_seed1/actor_critic_best.pt,checkpoint,95006,6,30,weaving,1.0,0.0,0,0.0,0,40,80,none,none,none,True,0.0,0.0,0.0,0.0,0.12564102938542,0.24615384890482975,84.46923053470941,0.0,1.0,0.0,260.0,-1.0,-1.0,0.0,220.0,0.0,0.3000000089406967,0.31250000894069674,17559.23877704327,27113.251953125,9.008318952284753
scout_failure,multi_relation,bc_ppo,1,EA-RG-MAPPO-S,results/intercept_3d_node_failure_curriculum_pilot_seed0/runs/multi_relation/bc_ppo_seed1/actor_critic_best.pt,checkpoint,95007,7,30,weaving,1.0,0.0,0,0.0,0,40,80,none,none,none,True,0.0,0.0,0.0,0.0,0.20128205728072388,0.2192307711793826,88.4166664419266,0.0,1.0,0.0,260.0,-1.0,-1.0,0.0,220.0,0.0,0.21666667312383653,0.2250000063329935,18905.524481670673,27784.666015625,12.918644740246236
scout_failure,multi_relation,bc_ppo,1,EA-RG-MAPPO-S,results/intercept_3d_node_failure_curriculum_pilot_seed0/runs/multi_relation/bc_ppo_seed1/actor_critic_best.pt,checkpoint,95008,8,30,weaving,1.0,0.0,0,0.0,0,40,80,none,none,none,True,0.0,0.0,0.0,0.0,0.24743590481006184,0.21794871985912323,88.63461415240398,0.0,1.0,0.0,260.0,-1.0,-1.0,0.0,220.0,0.0,0.18750000558793545,0.2208333395421505,20159.283240685098,31299.662109375,14.237714622635394
scout_failure,multi_relation,bc_ppo,1,EA-RG-MAPPO-S,results/intercept_3d_node_failure_curriculum_pilot_seed0/runs/multi_relation/bc_ppo_seed1/actor_critic_best.pt,checkpoint,95009,9,30,weaving,1.0,0.0,0,0.0,0,40,80,none,none,none,True,0.0,0.0,0.0,0.0,0.0923076950586759,0.21666666853886385,88.85384694635869,0.0,1.0,0.0,260.0,-1.0,-1.0,0.0,220.0,0.0,0.19583333916962148,0.2166666727513075,21754.00135967548,35957.87109375,-3.390987725928426
scout_failure,multi_relation,bc_ppo,1,EA-RG-MAPPO-S,results/intercept_3d_node_failure_curriculum_pilot_seed0/runs/multi_relation/bc_ppo_seed1/actor_critic_best.pt,checkpoint,95010,10,30,weaving,1.0,0.0,0,0.0,0,40,80,none,none,none,True,0.0,0.0,0.0,0.0,0.1038461569410104,0.22307692514016078,88.1038459193248,0.0,1.0,0.0,260.0,-1.0,-1.0,0.0,220.0,0.0,0.23750000707805158,0.23750000670552254,18616.6194148137,27717.998046875,3.541603092569858
scout_failure,multi_relation,bc_ppo,1,EA-RG-MAPPO-S,results/intercept_3d_node_failure_curriculum_pilot_seed0/runs/multi_relation/bc_ppo_seed1/actor_critic_best.pt,checkpoint,95011,11,30,weaving,1.0,0.0,0,0.0,0,40,80,none,none,none,True,0.0,0.0,0.0,0.0,0.20512821124150202,0.2012820526957512,90.58461626515938,0.0,1.0,0.0,260.0,-1.0,-1.0,0.0,220.0,0.0,0.12083333693444728,0.16666667126119136,26301.563416466346,31521.728515625,17.068950653076172
scout_failure,multi_relation,bc_ppo,1,EA-RG-MAPPO-S,results/intercept_3d_node_failure_curriculum_pilot_seed0/runs/multi_relation/bc_ppo_seed1/actor_critic_best.pt,checkpoint,95012,12,30,weaving,1.0,0.0,0,0.0,0,40,80,none,none,none,True,0.0,0.0,0.0,0.0,0.13846154258801388,0.24615384890482975,84.13589721115736,0.0,1.0,0.0,260.0,-1.0,-1.0,0.0,220.0,0.0,0.2958333421498537,0.31250000894069674,17290.441165865384,25746.21875,12.230475547723472
scout_failure,multi_relation,bc_ppo,1,EA-RG-MAPPO-S,results/intercept_3d_node_failure_curriculum_pilot_seed0/runs/multi_relation/bc_ppo_seed1/actor_critic_best.pt,checkpoint,95013,13,30,weaving,1.0,0.0,0,0.0,0,40,80,none,none,none,True,0.0,0.0,0.0,0.0,0.08974359241815713,0.21666666853886385,88.85384694635869,0.0,1.0,0.0,260.0,-1.0,-1.0,0.0,220.0,0.0,0.18750000558793545,0.2166666727513075,22037.105134465146,36519.39453125,-4.200819838792086
scout_failure,multi_relation,bc_ppo,1,EA-RG-MAPPO-S,results/intercept_3d_node_failure_curriculum_pilot_seed0/runs/multi_relation/bc_ppo_seed1/actor_critic_best.pt,checkpoint,95014,14,30,weaving,1.0,0.0,0,0.0,0,40,80,none,none,none,True,0.0,0.0,0.0,0.0,0.20512821124150202,0.21410256589834506,88.96281926104656,0.0,1.0,0.0,260.0,-1.0,-1.0,0.0,220.0,0.0,0.18750000558793545,0.20833333916962146,21209.499643179086,33302.08203125,8.770849714055657
scout_failure,multi_relation,bc_ppo,1,EA-RG-MAPPO-S,results/intercept_3d_node_failure_curriculum_pilot_seed0/runs/multi_relation/bc_ppo_seed1/actor_critic_best.pt,checkpoint,95015,15,30,weaving,1.0,0.0,0,0.0,0,40,80,none,none,none,True,0.0,0.0,0.0,0.0,0.1448717991893108,0.2012820526957512,90.58461626515938,0.0,1.0,0.0,260.0,-1.0,-1.0,0.0,220.0,0.0,0.15833333805203437,0.16666667126119136,29645.148959585338,47847.140625,-4.4526474718004465
scout_failure,multi_relation,bc_ppo,1,EA-RG-MAPPO-S,results/intercept_3d_node_failure_curriculum_pilot_seed0/runs/multi_relation/bc_ppo_seed1/actor_critic_best.pt,checkpoint,95016,16,30,weaving,1.0,0.0,0,0.0,0,40,80,none,none,none,True,0.0,0.0,0.0,0.0,0.23717949424798673,0.23333333570223588,86.43717836256211,0.0,1.0,0.0,260.0,-1.0,-1.0,0.0,220.0,0.0,0.2500000074505806,0.27083334103226664,16736.906997445913,24496.701171875,20.080775500275195
scout_failure,multi_relation,bc_ppo,1,EA-RG-MAPPO-S,results/intercept_3d_node_failure_curriculum_pilot_seed0/runs/multi_relation/bc_ppo_seed1/actor_critic_best.pt,checkpoint,95017,17,30,weaving,1.0,0.0,0,0.0,0,40,80,none,none,none,True,0.0,0.0,0.0,0.0,0.19230769803890815,0.1987179500552324,91.05769101679326,0.0,1.0,0.0,260.0,-1.0,-1.0,0.0,220.0,0.0,0.11250000335276127,0.15833333767950536,26888.77080829327,32973.51953125,13.797669567167759
scout_failure,multi_relation,bc_ppo,1,EA-RG-MAPPO-S,results/intercept_3d_node_failure_curriculum_pilot_seed0/runs/multi_relation/bc_ppo_seed1/actor_critic_best.pt,checkpoint,95018,18,30,weaving,1.0,0.0,0,0.0,0,40,80,none,none,none,True,0.0,0.0,0.0,0.0,0.2089743652022802,0.2012820526957512,90.58461626515938,0.0,1.0,0.0,260.0,-1.0,-1.0,0.0,220.0,0.0,0.12083333693444728,0.16666667126119136,26721.095797025242,32376.693359375,17.04992126300931
scout_failure,multi_relation,bc_ppo,1,EA-RG-MAPPO-S,results/intercept_3d_node_failure_curriculum_pilot_seed0/runs/multi_relation/bc_ppo_seed1/actor_critic_best.pt,checkpoint,95019,19,30,weaving,1.0,0.0,0,0.0,0,40,80,none,none,none,True,0.0,0.0,0.0,0.0,0.21025641652253957,0.2012820526957512,90.58461626515938,0.0,1.0,0.0,260.0,-1.0,-1.0,0.0,220.0,0.0,0.1250000037252903,0.16666667126119136,25664.75497295673,30378.84375,18.772007383406162
scout_failure,multi_relation,bc_ppo,1,EA-RG-MAPPO-S,results/intercept_3d_node_failure_curriculum_pilot_seed0/runs/multi_relation/bc_ppo_seed1/actor_critic_best.pt,checkpoint,95020,20,30,weaving,1.0,0.0,0,0.0,0,40,80,none,none,none,True,0.0,0.0,0.0,0.0,0.16923077427423916,0.2012820526957512,90.58461626515938,0.0,1.0,0.0,260.0,-1.0,-1.0,0.0,220.0,0.0,0.15000000447034836,0.16666667126119136,28671.867822265624,42882.390625,3.0017339661717415
scout_failure,multi_relation,bc_ppo,1,EA-RG-MAPPO-S,results/intercept_3d_node_failure_curriculum_pilot_seed0/runs/multi_relation/bc_ppo_seed1/actor_critic_best.pt,checkpoint,95021,21,30,weaving,1.0,0.0,0,0.0,0,40,80,none,none,none,True,0.0,0.0,0.0,0.0,0.18974359539838936,0.2012820526957512,90.91794958871145,0.0,1.0,0.0,260.0,-1.0,-1.0,0.0,220.0,0.0,0.1250000037252903,0.16666667126119136,26327.077685546876,35850.38671875,11.369242690503597
scout_failure,multi_relation,bc_ppo,1,EA-RG-MAPPO-S,results/intercept_3d_node_failure_curriculum_pilot_seed0/runs/multi_relation/bc_ppo_seed1/actor_critic_best.pt,checkpoint,95022,22,30,weaving,1.0,0.0,0,0.0,0,40,80,none,none,none,True,0.0,0.0,0.0,0.0,0.2076923138820208,0.2012820526957512,90.91794958871145,0.0,1.0,0.0,260.0,-1.0,-1.0,0.0,220.0,0.0,0.12083333693444728,0.16666667126119136,26094.89900465745,32491.568359375,16.68528687208891
scout_failure,multi_relation,bc_ppo,1,EA-RG-MAPPO-S,results/intercept_3d_node_failure_curriculum_pilot_seed0/runs/multi_relation/bc_ppo_seed1/actor_critic_best.pt,checkpoint,95023,23,30,weaving,1.0,0.0,0,0.0,0,40,80,none,none,none,True,0.0,0.0,0.0,0.0,0.19358974935916753,0.1987179500552324,91.05769101679326,0.0,1.0,0.0,260.0,-1.0,-1.0,0.0,220.0,0.0,0.10833333656191826,0.15833333767950536,27080.096120042068,34511.06640625,12.837520021945238
scout_failure,multi_relation,bc_ppo,1,EA-RG-MAPPO-S,results/intercept_3d_node_failure_curriculum_pilot_seed0/runs/multi_relation/bc_ppo_seed1/actor_critic_best.pt,checkpoint,95024,24,30,weaving,1.0,0.0,0,0.0,0,40,80,none,none,none,True,0.0,0.0,0.0,0.0,0.20384615992124264,0.1987179500552324,91.05769101679326,0.0,1.0,0.0,260.0,-1.0,-1.0,0.0,220.0,0.0,0.11250000335276127,0.15833333767950536,27133.444621394232,32381.771484375,16.017953865230083
scout_failure,multi_relation,bc_ppo,1,EA-RG-MAPPO-S,results/intercept_3d_node_failure_curriculum_pilot_seed0/runs/multi_relation/bc_ppo_seed1/actor_critic_best.pt,checkpoint,95025,25,30,weaving,1.0,0.0,0,0.0,0,40,80,none,none,none,True,0.0,0.0,0.0,0.0,0.12051282410438244,0.24615384890482975,84.46923053470941,0.0,1.0,0.0,260.0,-1.0,-1.0,0.0,220.0,0.0,0.2791666749864817,0.31250000894069674,17306.127013221154,26515.890625,8.679031111765653
scout_failure,multi_relation,bc_ppo,1,EA-RG-MAPPO-S,results/intercept_3d_node_failure_curriculum_pilot_seed0/runs/multi_relation/bc_ppo_seed1/actor_critic_best.pt,checkpoint,95026,26,30,weaving,1.0,0.0,0,0.0,0,40,80,none,none,none,True,0.0,0.0,0.0,0.0,0.14230769654879202,0.20000000137549181,90.82051262511656,0.0,1.0,0.0,260.0,-1.0,-1.0,0.0,220.0,0.0,0.17500000521540643,0.16250000447034835,29838.48740609976,48623.07421875,-5.47827166877687
scout_failure,multi_relation,bc_ppo,1,EA-RG-MAPPO-S,results/intercept_3d_node_failure_curriculum_pilot_seed0/runs/multi_relation/bc_ppo_seed1/actor_critic_best.pt,checkpoint,95027,27,30,weaving,1.0,0.0,0,0.0,0,40,80,none,none,none,True,0.0,0.0,0.0,0.0,0.20256410860098326,0.2320512843819765,86.30769298282954,0.0,1.0,0.0,260.0,-1.0,-1.0,0.0,220.0,0.0,0.24583334065973758,0.2666666742414236,17281.682001201923,25343.943359375,16.21551889134571
scout_failure,multi_relation,bc_ppo,1,EA-RG-MAPPO-S,results/intercept_3d_node_failure_curriculum_pilot_seed0/runs/multi_relation/bc_ppo_seed1/actor_critic_best.pt,checkpoint,95028,28,30,weaving,1.0,0.0,0,0.0,0,40,80,none,none,none,True,0.0,0.0,0.0,0.0,0.20256410860098326,0.2012820526957512,90.58461626515938,0.0,1.0,0.0,260.0,-1.0,-1.0,0.0,220.0,0.0,0.11666667014360428,0.16666667126119136,27150.668505859376,32956.66796875,15.586653023958206
scout_failure,multi_relation,bc_ppo,1,EA-RG-MAPPO-S,results/intercept_3d_node_failure_curriculum_pilot_seed0/runs/multi_relation/bc_ppo_seed1/actor_critic_best.pt,checkpoint,95029,29,30,weaving,1.0,0.0,0,0.0,0,40,80,none,none,none,True,0.0,0.0,0.0,0.0,0.20128205728072388,0.2012820526957512,90.58461626515938,0.0,1.0,0.0,260.0,-1.0,-1.0,0.0,220.0,0.0,0.1250000037252903,0.16666667126119136,26879.750045072116,32088.177734375,16.06415467709303
relay_failure,multi_relation,bc_ppo,2,EA-RG-MAPPO-S,results/intercept_3d_node_failure_curriculum_pilot_seed0/runs/multi_relation/bc_ppo_seed2/actor_critic_best.pt,checkpoint,95000,0,30,weaving,1.0,0.0,0,0.0,1,40,80,none,none,none,True,0.0,0.0,1.0,0.007692307921556326,0.19230769803890815,0.28461538851261137,73.51923029995882,0.0,1.0,0.0,260.0,162.0,-1.0,0.0,220.0,0.0,0.32500000968575476,0.16250000447034835,18683.401690204326,28309.6640625,17.758849430072587
relay_failure,multi_relation,bc_ppo,2,EA-RG-MAPPO-S,results/intercept_3d_node_failure_curriculum_pilot_seed0/runs/multi_relation/bc_ppo_seed2/actor_critic_best.pt,checkpoint,95001,1,30,weaving,1.0,0.0,0,0.0,1,40,80,none,none,none,True,1.0,1.0,1.0,0.008385744484715492,0.2872117486015056,0.32075471904292796,52.4968549144343,0.0,0.0,0.0,159.0,156.0,159.0,1.0,119.0,0.0,0.35000001043081286,0.15000000409781933,15406.528363305817,18260.974609375,34.43790363537846
relay_failure,multi_relation,bc_ppo,2,EA-RG-MAPPO-S,results/intercept_3d_node_failure_curriculum_pilot_seed0/runs/multi_relation/bc_ppo_seed2/actor_critic_best.pt,checkpoint,95002,2,30,weaving,1.0,0.0,0,0.0,1,40,80,none,none,none,True,0.0,0.0,1.0,0.0012820513202593878,0.19871795464020509,0.2769230805910551,73.36538496773977,0.0,1.0,0.0,260.0,164.0,-1.0,0.0,220.0,0.0,0.3375000100582838,0.15833333767950536,18661.20692608173,28726.396484375,14.197734984161798
relay_failure,multi_relation,bc_ppo,2,EA-RG-MAPPO-S,results/intercept_3d_node_failure_curriculum_pilot_seed0/runs/multi_relation/bc_ppo_seed2/actor_critic_best.pt,checkpoint,95003,3,30,weaving,1.0,0.0,0,0.0,1,40,80,none,none,none,True,0.0,0.0,0.0,0.0,0.16282051767294223,0.24487179758457037,74.75256369687044,0.0,1.0,0.0,260.0,-1.0,-1.0,0.0,220.0,0.0,0.28333334177732467,0.15416667088866234,19882.666898287258,32809.8828125,4.764156575780362
relay_failure,multi_relation,bc_ppo,2,EA-RG-MAPPO-S,results/intercept_3d_node_failure_curriculum_pilot_seed0/runs/multi_relation/bc_ppo_seed2/actor_critic_best.pt,checkpoint,95004,4,30,weaving,1.0,0.0,0,0.0,1,40,80,none,none,none,True,0.0,0.0,0.0,0.0,0.19358974935916753,0.23461538702249526,76.61153774284399,0.0,1.0,0.0,260.0,-1.0,-1.0,0.0,220.0,0.0,0.35833334401249883,0.15416667088866234,19405.43400691106,30217.982421875,9.086162800667807
relay_failure,multi_relation,bc_ppo,2,EA-RG-MAPPO-S,results/intercept_3d_node_failure_curriculum_pilot_seed0/runs/multi_relation/bc_ppo_seed2/actor_critic_best.pt,checkpoint,95005,5,30,weaving,1.0,0.0,0,0.0,1,40,80,none,none,none,True,0.0,0.0,0.0,0.0,0.2551282127316181,0.180769231571601,95.51282028808043,0.0,1.0,0.0,260.0,-1.0,-1.0,0.0,220.0,0.0,0.22916667349636555,0.10000000260770321,24764.121976412258,39464.35546875,17.083645025268197
relay_failure,multi_relation,bc_ppo,2,EA-RG-MAPPO-S,results/intercept_3d_node_failure_curriculum_pilot_seed0/runs/multi_relation/bc_ppo_seed2/actor_critic_best.pt,checkpoint,95006,6,30,weaving,1.0,0.0,0,0.0,1,40,80,none,none,none,True,1.0,1.0,1.0,0.008281573745774927,0.31677019577589094,0.318840581808031,52.48447112600255,0.0,0.0,0.0,161.0,158.0,161.0,1.0,121.0,0.0,0.36666667759418486,0.15416667088866234,15267.820536927407,18093.572265625,36.57593847543467
relay_failure,multi_relation,bc_ppo,2,EA-RG-MAPPO-S,results/intercept_3d_node_failure_curriculum_pilot_seed0/runs/multi_relation/bc_ppo_seed2/actor_critic_best.pt,checkpoint,95007,7,30,weaving,1.0,0.0,0,0.0,1,40,80,none,none,none,True,1.0,1.0,1.0,0.007326007544339358,0.3021978112039985,0.2802197820210195,61.5036626127395,0.0,0.0,0.0,182.0,179.0,182.0,1.0,142.0,0.0,0.42916667945683,0.15000000409781933,16338.814109718407,19690.744140625,34.012723471736535
relay_failure,multi_relation,bc_ppo,2,EA-RG-MAPPO-S,results/intercept_3d_node_failure_curriculum_pilot_seed0/runs/multi_relation/bc_ppo_seed2/actor_critic_best.pt,checkpoint,95008,8,30,weaving,1.0,0.0,0,0.0,1,40,80,none,none,none,True,0.0,0.0,0.0,0.0,0.25769231537213694,0.2551282081466455,74.27307642446114,0.0,1.0,0.0,260.0,-1.0,-1.0,0.0,220.0,0.0,0.2916666753590107,0.15000000409781933,19820.796259014423,34521.7109375,12.924313481897116
relay_failure,multi_relation,bc_ppo,2,EA-RG-MAPPO-S,results/intercept_3d_node_failure_curriculum_pilot_seed0/runs/multi_relation/bc_ppo_seed2/actor_critic_best.pt,checkpoint,95009,9,30,weaving,1.0,0.0,0,0.0,1,40,80,none,none,none,True,0.0,0.0,0.0,0.0,0.18846154407812998,0.23461538702249526,76.414102980036,0.0,1.0,0.0,260.0,-1.0,-1.0,0.0,220.0,0.0,0.32500000968575476,0.1458333373069763,19230.826453575723,30999.75,8.10418741311878
relay_failure,multi_relation,bc_ppo,2,EA-RG-MAPPO-S,results/intercept_3d_node_failure_curriculum_pilot_seed0/runs/multi_relation/bc_ppo_seed2/actor_critic_best.pt,checkpoint,95010,10,30,weaving,1.0,0.0,0,0.0,1,40,80,none,none,none,True,0.0,0.0,1.0,0.005128205281037551,0.26410257197343384,0.26923077266949874,75.35384561121464,0.0,1.0,0.0,260.0,166.0,-1.0,0.0,220.0,0.0,0.3291666764765978,0.15416667088866234,19009.751453575722,29236.228515625,21.335728054284118
relay_failure,multi_relation,bc_ppo,2,EA-RG-MAPPO-S,results/intercept_3d_node_failure_curriculum_pilot_seed0/runs/multi_relation/bc_ppo_seed2/actor_critic_best.pt,checkpoint,95011,11,30,weaving,1.0,0.0,0,0.0,1,40,80,none,none,none,True,0.0,0.0,0.0,0.0,0.23717949424798673,0.18333333421211975,95.00384477491562,0.0,1.0,0.0,260.0,-1.0,-1.0,0.0,220.0,0.0,0.26666667461395266,0.10833333618938923,22973.59353215144,36305.109375,16.912757894024253
relay_failure,multi_relation,bc_ppo,2,EA-RG-MAPPO-S,results/intercept_3d_node_failure_curriculum_pilot_seed0/runs/multi_relation/bc_ppo_seed2/actor_critic_best.pt,checkpoint,95012,12,30,weaving,1.0,0.0,0,0.0,1,40,80,none,none,none,True,1.0,1.0,1.0,0.008230452920183724,0.3086419845068896,0.3168724300684752,52.30864105732353,0.0,0.0,0.0,162.0,159.0,162.0,1.0,122.0,0.0,0.3375000100582838,0.15416667088866234,15366.50681785301,18238.416015625,35.98899550148053
relay_failure,multi_relation,bc_ppo,2,EA-RG-MAPPO-S,results/intercept_3d_node_failure_curriculum_pilot_seed0/runs/multi_relation/bc_ppo_seed2/actor_critic_best.pt,checkpoint,95013,13,30,weaving,1.0,0.0,0,0.0,1,40,80,none,none,none,True,0.0,0.0,0.0,0.0,0.1871794927578706,0.23846154098327343,76.20256451849754,0.0,1.0,0.0,260.0,-1.0,-1.0,0.0,220.0,0.0,0.32500000968575476,0.1458333373069763,19060.771510667066,30676.630859375,8.43477704981342
relay_failure,multi_relation,bc_ppo,2,EA-RG-MAPPO-S,results/intercept_3d_node_failure_curriculum_pilot_seed0/runs/multi_relation/bc_ppo_seed2/actor_critic_best.pt,checkpoint,95014,14,30,weaving,1.0,0.0,0,0.0,1,40,80,none,none,none,True,1.0,1.0,1.0,0.006944444651405017,0.2621527855905394,0.2656250017074247,64.95833297601591,0.0,0.0,0.0,192.0,189.0,192.0,1.0,152.0,0.0,0.31250000931322575,0.15000000409781933,16781.362650553387,21676.021484375,29.99511246290058
relay_failure,multi_relation,bc_ppo,2,EA-RG-MAPPO-S,results/intercept_3d_node_failure_curriculum_pilot_seed0/runs/multi_relation/bc_ppo_seed2/actor_critic_best.pt,checkpoint,95015,15,30,weaving,1.0,0.0,0,0.0,1,40,80,none,none,none,True,0.0,0.0,0.0,0.0,0.20256410860098326,0.27948718323157384,69.65512812710725,0.0,1.0,0.0,260.0,-1.0,-1.0,0.0,220.0,0.0,0.31666667610406873,0.1458333373069763,23606.996567007212,35325.59765625,18.878732504323125
relay_failure,multi_relation,bc_ppo,2,EA-RG-MAPPO-S,results/intercept_3d_node_failure_curriculum_pilot_seed0/runs/multi_relation/bc_ppo_seed2/actor_critic_best.pt,checkpoint,95016,16,30,weaving,1.0,0.0,0,0.0,1,40,80,none,none,none,True,1.0,1.0,1.0,0.008492569255221422,0.29723992393274973,0.32696390873307635,51.0658165273393,0.0,0.0,0.0,157.0,154.0,157.0,1.0,117.0,0.0,0.3458333436399698,0.15416667088866234,15071.452670929539,17854.205078125,35.661177275993396
relay_failure,multi_relation,bc_ppo,2,EA-RG-MAPPO-S,results/intercept_3d_node_failure_curriculum_pilot_seed0/runs/multi_relation/bc_ppo_seed2/actor_critic_best.pt,checkpoint,95017,17,30,weaving,1.0,0.0,0,0.0,1,40,80,none,none,none,True,0.0,0.0,0.0,0.0,0.22435898104539284,0.1794871802513416,95.76922936829237,0.0,1.0,0.0,260.0,-1.0,-1.0,0.0,220.0,0.0,0.23750000707805158,0.0958333358168602,25362.781873497595,40660.66796875,11.299534915015101
relay_failure,multi_relation,bc_ppo,2,EA-RG-MAPPO-S,results/intercept_3d_node_failure_curriculum_pilot_seed0/runs/multi_relation/bc_ppo_seed2/actor_critic_best.pt,checkpoint,95018,18,30,weaving,1.0,0.0,0,0.0,1,40,80,none,none,none,True,0.0,0.0,0.0,0.0,0.2089743652022802,0.180769231571601,95.51282028808043,0.0,1.0,0.0,260.0,-1.0,-1.0,0.0,220.0,0.0,0.2791666749864817,0.10000000260770321,24197.493118990384,38851.93359375,10.372820943593979
relay_failure,multi_relation,bc_ppo,2,EA-RG-MAPPO-S,results/intercept_3d_node_failure_curriculum_pilot_seed0/runs/multi_relation/bc_ppo_seed2/actor_critic_best.pt,checkpoint,95019,19,30,weaving,1.0,0.0,0,0.0,1,40,80,none,none,none,True,0.0,0.0,0.0,0.0,0.28461539309758405,0.180769231571601,95.51282028808043,0.0,1.0,0.0,260.0,-1.0,-1.0,0.0,220.0,0.0,0.2916666753590107,0.10000000260770321,24210.680829326924,38273.890625,22.804900839924812
relay_failure,multi_relation,bc_ppo,2,EA-RG-MAPPO-S,results/intercept_3d_node_failure_curriculum_pilot_seed0/runs/multi_relation/bc_ppo_seed2/actor_critic_best.pt,checkpoint,95020,20,30,weaving,1.0,0.0,0,0.0,1,40,80,none,none,none,True,0.0,0.0,0.0,0.0,0.19358974935916753,0.2628205160682018,70.6717945688046,0.0,1.0,0.0,260.0,-1.0,-1.0,0.0,220.0,0.0,0.2791666749864817,0.1458333373069763,25325.19746469351,40719.47265625,12.485751558095217
relay_failure,multi_relation,bc_ppo,2,EA-RG-MAPPO-S,results/intercept_3d_node_failure_curriculum_pilot_seed0/runs/multi_relation/bc_ppo_seed2/actor_critic_best.pt,checkpoint,95021,21,30,weaving,1.0,0.0,0,0.0,1,40,80,none,none,none,True,0.0,0.0,0.0,0.0,0.28461539309758405,0.1794871802513416,95.76922936829237,0.0,1.0,0.0,260.0,-1.0,-1.0,0.0,220.0,0.0,0.24166667386889457,0.0958333358168602,25712.985193810095,41771.99609375,19.87515104189515
relay_failure,multi_relation,bc_ppo,2,EA-RG-MAPPO-S,results/intercept_3d_node_failure_curriculum_pilot_seed0/runs/multi_relation/bc_ppo_seed2/actor_critic_best.pt,checkpoint,95022,22,30,weaving,1.0,0.0,0,0.0,1,40,80,none,none,none,True,0.0,0.0,0.0,0.0,0.19102564671864877,0.1794871802513416,95.76922936829237,0.0,1.0,0.0,260.0,-1.0,-1.0,0.0,220.0,0.0,0.12916667051613331,0.0958333358168602,25007.32539438101,39254.64453125,7.171920029446483
relay_failure,multi_relation,bc_ppo,2,EA-RG-MAPPO-S,results/intercept_3d_node_failure_curriculum_pilot_seed0/runs/multi_relation/bc_ppo_seed2/actor_critic_best.pt,checkpoint,95023,23,30,weaving,1.0,0.0,0,0.0,1,40,80,none,none,none,True,0.0,0.0,0.0,0.0,0.23076923764668977,0.1794871802513416,95.76922936829237,0.0,1.0,0.0,260.0,-1.0,-1.0,0.0,220.0,0.0,0.20000000596046447,0.0958333358168602,25567.504439603366,40444.55078125,12.471201553940773
relay_failure,multi_relation,bc_ppo,2,EA-RG-MAPPO-S,results/intercept_3d_node_failure_curriculum_pilot_seed0/runs/multi_relation/bc_ppo_seed2/actor_critic_best.pt,checkpoint,95024,24,30,weaving,1.0,0.0,0,0.0,1,40,80,none,none,none,True,0.0,0.0,0.0,0.0,0.2653846232936932,0.180769231571601,95.51282028808043,0.0,1.0,0.0,260.0,-1.0,-1.0,0.0,220.0,0.0,0.27083334140479565,0.10000000260770321,24367.121217698317,37767.90234375,19.978138396516442
relay_failure,multi_relation,bc_ppo,2,EA-RG-MAPPO-S,results/intercept_3d_node_failure_curriculum_pilot_seed0/runs/multi_relation/bc_ppo_seed2/actor_critic_best.pt,checkpoint,95025,25,30,weaving,1.0,0.0,0,0.0,1,40,80,none,none,none,True,1.0,1.0,1.0,0.00854700880172925,0.30982906906268537,0.3311965834253874,50.540598307282494,0.0,0.0,0.0,156.0,153.0,156.0,1.0,116.0,0.0,0.35000001043081286,0.15833333767950536,14999.542349008414,17600.814453125,36.54106383782346
relay_failure,multi_relation,bc_ppo,2,EA-RG-MAPPO-S,results/intercept_3d_node_failure_curriculum_pilot_seed0/runs/multi_relation/bc_ppo_seed2/actor_critic_best.pt,checkpoint,95026,26,30,weaving,1.0,0.0,0,0.0,1,40,80,none,none,none,True,0.0,0.0,0.0,0.0,0.20512821124150202,0.20256410401601058,77.62564129485534,0.0,1.0,0.0,260.0,-1.0,-1.0,0.0,220.0,0.0,0.3333333432674408,0.15000000409781933,22094.154443359374,31907.2265625,17.430275404825807
relay_failure,multi_relation,bc_ppo,2,EA-RG-MAPPO-S,results/intercept_3d_node_failure_curriculum_pilot_seed0/runs/multi_relation/bc_ppo_seed2/actor_critic_best.pt,checkpoint,95027,27,30,weaving,1.0,0.0,0,0.0,1,40,80,none,none,none,True,1.0,1.0,1.0,0.008281573745774927,0.3064182285936723,0.3209109752444747,52.30434792123226,0.0,0.0,0.0,161.0,158.0,161.0,1.0,121.0,0.0,0.35000001043081286,0.15833333767950536,15328.001613451086,18251.8671875,35.89852167951176
relay_failure,multi_relation,bc_ppo,2,EA-RG-MAPPO-S,results/intercept_3d_node_failure_curriculum_pilot_seed0/runs/multi_relation/bc_ppo_seed2/actor_critic_best.pt,checkpoint,95028,28,30,weaving,1.0,0.0,0,0.0,1,40,80,none,none,none,True,0.0,0.0,0.0,0.0,0.23333334028720856,0.180769231571601,95.51282028808043,0.0,1.0,0.0,260.0,-1.0,-1.0,0.0,220.0,0.0,0.30833334252238276,0.10000000260770321,23135.335734675482,36171.48046875,16.265066796913743
relay_failure,multi_relation,bc_ppo,2,EA-RG-MAPPO-S,results/intercept_3d_node_failure_curriculum_pilot_seed0/runs/multi_relation/bc_ppo_seed2/actor_critic_best.pt,checkpoint,95029,29,30,weaving,1.0,0.0,0,0.0,1,40,80,none,none,none,True,0.0,0.0,0.0,0.0,0.28717949573810286,0.180769231571601,95.17948696452838,0.0,1.0,0.0,260.0,-1.0,-1.0,0.0,220.0,0.0,0.3041666757315397,0.10000000260770321,23537.8561711238,36421.44921875,24.5789746157825
scout_failure,multi_relation,bc_ppo,2,EA-RG-MAPPO-S,results/intercept_3d_node_failure_curriculum_pilot_seed0/runs/multi_relation/bc_ppo_seed2/actor_critic_best.pt,checkpoint,95000,0,30,weaving,1.0,0.0,0,0.0,0,40,80,none,none,none,True,1.0,1.0,1.0,0.011494253216118648,0.3591954130037078,0.459770118368083,38.15517215122436,0.0,0.0,0.0,116.0,113.0,116.0,1.0,76.0,0.012987012987012988,0.42857144134385244,0.18614719130776144,14387.475165005388,14418.8916015625,40.687408620491624
scout_failure,multi_relation,bc_ppo,2,EA-RG-MAPPO-S,results/intercept_3d_node_failure_curriculum_pilot_seed0/runs/multi_relation/bc_ppo_seed2/actor_critic_best.pt,checkpoint,95001,1,30,weaving,1.0,0.0,0,0.0,0,40,80,none,none,none,True,1.0,1.0,1.0,0.00854700880172925,0.28846154705836224,0.3247863268240904,51.6282051530404,0.0,0.0,0.0,156.0,153.0,156.0,1.0,116.0,0.0,0.35000001043081286,0.1458333373069763,15115.555526342147,17580.943359375,34.99517560028471
scout_failure,multi_relation,bc_ppo,2,EA-RG-MAPPO-S,results/intercept_3d_node_failure_curriculum_pilot_seed0/runs/multi_relation/bc_ppo_seed2/actor_critic_best.pt,checkpoint,95002,2,30,weaving,1.0,0.0,0,0.0,0,40,80,none,none,none,True,1.0,1.0,1.0,0.012121212482452393,0.3606060713529587,0.5060606103051792,36.381817315383394,0.0,0.0,0.0,110.0,107.0,110.0,1.0,70.0,0.014084507042253521,0.4413145671428089,0.234741790613658,14499.98486328125,13854.796875,41.50268945284188
scout_failure,multi_relation,bc_ppo,2,EA-RG-MAPPO-S,results/intercept_3d_node_failure_curriculum_pilot_seed0/runs/multi_relation/bc_ppo_seed2/actor_critic_best.pt,checkpoint,95003,3,30,weaving,1.0,0.0,0,0.0,0,40,80,none,none,none,True,1.0,1.0,1.0,0.011695906781313712,0.3654970869160535,0.459064330709608,38.809941208676285,0.0,0.0,0.0,114.0,111.0,114.0,1.0,74.0,0.013333333333333334,0.44888890226682027,0.1777777826786041,14827.678591008771,14500.1640625,40.615046980790794
scout_failure,multi_relation,bc_ppo,2,EA-RG-MAPPO-S,results/intercept_3d_node_failure_curriculum_pilot_seed0/runs/multi_relation/bc_ppo_seed2/actor_critic_best.pt,checkpoint,95004,4,30,weaving,1.0,0.0,0,0.0,0,40,80,none,none,none,True,1.0,1.0,1.0,0.006837607041383401,0.33162394150709495,0.2820512843437684,64.21367535743958,0.0,0.0,0.0,195.0,192.0,195.0,1.0,155.0,0.0,0.43333334624767306,0.15833333767950536,16137.026627604168,19271.607421875,37.93975590984337
scout_failure,multi_relation,bc_ppo,2,EA-RG-MAPPO-S,results/intercept_3d_node_failure_curriculum_pilot_seed0/runs/multi_relation/bc_ppo_seed2/actor_critic_best.pt,checkpoint,95005,5,30,weaving,1.0,0.0,0,0.0,0,40,80,none,none,none,True,0.0,0.0,0.0,0.0,0.27692308517602776,0.2012820526957512,91.58461623581556,0.0,1.0,0.0,260.0,-1.0,-1.0,0.0,220.0,0.0,0.30833334252238276,0.16666667126119136,25059.348478816104,41130.91796875,21.00575934164226
scout_failure,multi_relation,bc_ppo,2,EA-RG-MAPPO-S,results/intercept_3d_node_failure_curriculum_pilot_seed0/runs/multi_relation/bc_ppo_seed2/actor_critic_best.pt,checkpoint,95006,6,30,weaving,1.0,0.0,0,0.0,0,40,80,none,none,none,True,1.0,1.0,1.0,0.00854700880172925,0.2970085558600915,0.3397435922271166,49.86111068763794,0.0,0.0,0.0,156.0,153.0,156.0,1.0,116.0,0.0,0.35000001043081286,0.1750000048428774,14911.50125826322,17230.212890625,36.51562390383333
scout_failure,multi_relation,bc_ppo,2,EA-RG-MAPPO-S,results/intercept_3d_node_failure_curriculum_pilot_seed0/runs/multi_relation/bc_ppo_seed2/actor_critic_best.pt,checkpoint,95007,7,30,weaving,1.0,0.0,0,0.0,0,40,80,none,none,none,True,1.0,1.0,1.0,0.007326007544339358,0.30769231686225307,0.2912087933375285,60.33333294240983,0.0,0.0,0.0,182.0,179.0,182.0,1.0,142.0,0.0,0.45000001341104506,0.1750000048428774,15885.196085164835,18923.658203125,35.84078187006526
scout_failure,multi_relation,bc_ppo,2,EA-RG-MAPPO-S,results/intercept_3d_node_failure_curriculum_pilot_seed0/runs/multi_relation/bc_ppo_seed2/actor_critic_best.pt,checkpoint,95008,8,30,weaving,1.0,0.0,0,0.0,0,40,80,none,none,none,True,0.0,0.0,0.0,0.0,0.26666667461395266,0.25769231078716426,78.15384622743497,0.0,1.0,0.0,260.0,-1.0,-1.0,0.0,220.0,0.0,0.31666667610406873,0.1458333373069763,19034.806881009616,32352.091796875,15.673086479306221
scout_failure,multi_relation,bc_ppo,2,EA-RG-MAPPO-S,results/intercept_3d_node_failure_curriculum_pilot_seed0/runs/multi_relation/bc_ppo_seed2/actor_critic_best.pt,checkpoint,95009,9,30,weaving,1.0,0.0,0,0.0,0,40,80,none,none,none,True,0.0,0.0,0.0,0.0,0.18974359539838936,0.23589743834275465,79.97179471552371,0.0,1.0,0.0,260.0,-1.0,-1.0,0.0,220.0,0.0,0.32500000968575476,0.1416666705161333,18797.804758864182,29685.6171875,9.318581582105253
scout_failure,multi_relation,bc_ppo,2,EA-RG-MAPPO-S,results/intercept_3d_node_failure_curriculum_pilot_seed0/runs/multi_relation/bc_ppo_seed2/actor_critic_best.pt,checkpoint,95010,10,30,weaving,1.0,0.0,0,0.0,0,40,80,none,none,none,True,1.0,1.0,1.0,0.011111111442248026,0.35833334401249883,0.4333333363135656,40.249999428292114,0.0,0.0,0.0,120.0,117.0,120.0,1.0,80.0,0.0,0.43333334624767306,0.16250000447034835,14746.138224283854,14908.40625,40.116080743959174
scout_failure,multi_relation,bc_ppo,2,EA-RG-MAPPO-S,results/intercept_3d_node_failure_curriculum_pilot_seed0/runs/multi_relation/bc_ppo_seed2/actor_critic_best.pt,checkpoint,95011,11,30,weaving,1.0,0.0,0,0.0,0,40,80,none,none,none,True,0.0,0.0,0.0,0.0,0.28717949573810286,0.20769230929704813,90.4243587496189,0.0,1.0,0.0,260.0,-1.0,-1.0,0.0,220.0,0.0,0.27500000819563863,0.1875000052154064,21994.850848858172,30618.310546875,31.017835741862655
scout_failure,multi_relation,bc_ppo,2,EA-RG-MAPPO-S,results/intercept_3d_node_failure_curriculum_pilot_seed0/runs/multi_relation/bc_ppo_seed2/actor_critic_best.pt,checkpoint,95012,12,30,weaving,1.0,0.0,0,0.0,0,40,80,none,none,none,True,1.0,1.0,1.0,0.009070295054896349,0.31746032692137216,0.3628117940863784,46.10884283716176,0.0,0.0,0.0,147.0,144.0,147.0,1.0,107.0,0.0,0.420833345875144,0.1791666716337204,14764.588415444303,16777.306640625,37.985928233596496
scout_failure,multi_relation,bc_ppo,2,EA-RG-MAPPO-S,results/intercept_3d_node_failure_curriculum_pilot_seed0/runs/multi_relation/bc_ppo_seed2/actor_critic_best.pt,checkpoint,95013,13,30,weaving,1.0,0.0,0,0.0,0,40,80,none,none,none,True,0.0,0.0,0.0,0.0,0.30641026554199363,0.2628205160682018,81.35384581662142,0.0,1.0,0.0,260.0,-1.0,-1.0,0.0,220.0,0.0,0.3333333432674408,0.1458333373069763,17891.02205904447,24563.724609375,25.715951923979446
scout_failure,multi_relation,bc_ppo,2,EA-RG-MAPPO-S,results/intercept_3d_node_failure_curriculum_pilot_seed0/runs/multi_relation/bc_ppo_seed2/actor_critic_best.pt,checkpoint,95014,14,30,weaving,1.0,0.0,0,0.0,0,40,80,none,none,none,True,1.0,1.0,1.0,0.006837607041383401,0.3264957362260574,0.2854700878644601,63.39487193211531,0.0,0.0,0.0,195.0,192.0,195.0,1.0,155.0,0.0,0.40833334550261496,0.17083333805203438,16210.770397636217,20118.544921875,36.74297977349488
scout_failure,multi_relation,bc_ppo,2,EA-RG-MAPPO-S,results/intercept_3d_node_failure_curriculum_pilot_seed0/runs/multi_relation/bc_ppo_seed2/actor_critic_best.pt,checkpoint,95015,15,30,weaving,1.0,0.0,0,0.0,0,40,80,none,none,none,True,0.0,0.0,0.0,0.0,0.20641026256176143,0.21282051457808568,75.68846130394019,0.0,1.0,0.0,260.0,-1.0,-1.0,0.0,220.0,0.0,0.31666667610406873,0.1875000052154064,21244.732260366585,30135.984375,19.95378772355616
scout_failure,multi_relation,bc_ppo,2,EA-RG-MAPPO-S,results/intercept_3d_node_failure_curriculum_pilot_seed0/runs/multi_relation/bc_ppo_seed2/actor_critic_best.pt,checkpoint,95016,16,30,weaving,1.0,0.0,0,0.0,0,40,80,none,none,none,True,1.0,1.0,1.0,0.00854700880172925,0.2820512904570653,0.3376068400266843,50.0277777700088,0.0,0.0,0.0,156.0,153.0,156.0,1.0,116.0,0.0,0.3333333432674408,0.17083333805203438,14880.456655649039,17534.423828125,35.12180067773443
scout_failure,multi_relation,bc_ppo,2,EA-RG-MAPPO-S,results/intercept_3d_node_failure_curriculum_pilot_seed0/runs/multi_relation/bc_ppo_seed2/actor_critic_best.pt,checkpoint,95017,17,30,weaving,1.0,0.0,0,0.0,0,40,80,none,none,none,True,0.0,0.0,0.0,0.0,0.2807692391368059,0.2012820526957512,91.58461623581556,0.0,1.0,0.0,260.0,-1.0,-1.0,0.0,220.0,0.0,0.3208333428949118,0.16666667126119136,25298.892750901443,40036.80078125,22.275380425155163
scout_failure,multi_relation,bc_ppo,2,EA-RG-MAPPO-S,results/intercept_3d_node_failure_curriculum_pilot_seed0/runs/multi_relation/bc_ppo_seed2/actor_critic_best.pt,checkpoint,95018,18,30,weaving,1.0,0.0,0,0.0,0,40,80,none,none,none,True,0.0,0.0,0.0,0.0,0.2589743666923963,0.2012820526957512,91.58461623581556,0.0,1.0,0.0,260.0,-1.0,-1.0,0.0,220.0,0.0,0.32500000968575476,0.16666667126119136,24238.54483548678,38138.1328125,20.307171693071723
scout_failure,multi_relation,bc_ppo,2,EA-RG-MAPPO-S,results/intercept_3d_node_failure_curriculum_pilot_seed0/runs/multi_relation/bc_ppo_seed2/actor_critic_best.pt,checkpoint,95019,19,30,weaving,1.0,0.0,0,0.0,0,40,80,none,none,none,True,0.0,0.0,0.0,0.0,0.28333334177732467,0.2012820526957512,91.58461623581556,0.0,1.0,0.0,260.0,-1.0,-1.0,0.0,220.0,0.0,0.2916666753590107,0.16666667126119136,24492.131659405048,38732.97265625,23.70901765860617
scout_failure,multi_relation,bc_ppo,2,EA-RG-MAPPO-S,results/intercept_3d_node_failure_curriculum_pilot_seed0/runs/multi_relation/bc_ppo_seed2/actor_critic_best.pt,checkpoint,95020,20,30,weaving,1.0,0.0,0,0.0,0,40,80,none,none,none,True,0.0,0.0,0.0,0.0,0.291025649698881,0.20769230929704813,90.4243587496189,0.0,1.0,0.0,260.0,-1.0,-1.0,0.0,220.0,0.0,0.31250000931322575,0.1875000052154064,20046.05352689303,25761.271484375,35.30659458041191
scout_failure,multi_relation,bc_ppo,2,EA-RG-MAPPO-S,results/intercept_3d_node_failure_curriculum_pilot_seed0/runs/multi_relation/bc_ppo_seed2/actor_critic_best.pt,checkpoint,95021,21,30,weaving,1.0,0.0,0,0.0,0,40,80,none,none,none,True,0.0,0.0,0.0,0.0,0.28717949573810286,0.2012820526957512,91.58461623581556,0.0,1.0,0.0,260.0,-1.0,-1.0,0.0,220.0,0.0,0.2791666749864817,0.16666667126119136,25349.19374248798,40954.86328125,22.496504416689277
scout_failure,multi_relation,bc_ppo,2,EA-RG-MAPPO-S,results/intercept_3d_node_failure_curriculum_pilot_seed0/runs/multi_relation/bc_ppo_seed2/actor_critic_best.pt,checkpoint,95022,22,30,weaving,1.0,0.0,0,0.0,0,40,80,none,none,none,True,0.0,0.0,0.0,0.0,0.22692308368591163,0.2012820526957512,91.58461623581556,0.0,1.0,0.0,260.0,-1.0,-1.0,0.0,220.0,0.0,0.17500000521540643,0.16666667126119136,25154.670466496395,40111.55859375,13.652780489996076
scout_failure,multi_relation,bc_ppo,2,EA-RG-MAPPO-S,results/intercept_3d_node_failure_curriculum_pilot_seed0/runs/multi_relation/bc_ppo_seed2/actor_critic_best.pt,checkpoint,95023,23,30,weaving,1.0,0.0,0,0.0,0,40,80,none,none,none,True,0.0,0.0,0.0,0.0,0.27435898253550894,0.20384615533626996,91.11666644192658,0.0,1.0,0.0,260.0,-1.0,-1.0,0.0,220.0,0.0,0.30833334252238276,0.1750000048428774,24806.611572265625,37874.30078125,23.18977559916675
scout_failure,multi_relation,bc_ppo,2,EA-RG-MAPPO-S,results/intercept_3d_node_failure_curriculum_pilot_seed0/runs/multi_relation/bc_ppo_seed2/actor_critic_best.pt,checkpoint,95024,24,30,weaving,1.0,0.0,0,0.0,0,40,80,none,none,none,True,0.0,0.0,0.0,0.0,0.24230769952902428,0.2012820526957512,91.58461623581556,0.0,1.0,0.0,260.0,-1.0,-1.0,0.0,220.0,0.0,0.31666667610406873,0.16666667126119136,24692.07692683293,39149.83203125,17.032800203189254
scout_failure,multi_relation,bc_ppo,2,EA-RG-MAPPO-S,results/intercept_3d_node_failure_curriculum_pilot_seed0/runs/multi_relation/bc_ppo_seed2/actor_critic_best.pt,checkpoint,95025,25,30,weaving,1.0,0.0,0,0.0,0,40,80,none,none,none,True,1.0,1.0,1.0,0.025641026405187752,0.3006993096608382,0.3752913781396159,45.27972001337505,0.0,0.0,0.0,143.0,133.0,143.0,1.0,103.0,0.0,0.39166667833924296,0.1833333384245634,14534.42433347902,16539.486328125,41.825934868946206
scout_failure,multi_relation,bc_ppo,2,EA-RG-MAPPO-S,results/intercept_3d_node_failure_curriculum_pilot_seed0/runs/multi_relation/bc_ppo_seed2/actor_critic_best.pt,checkpoint,95026,26,30,weaving,1.0,0.0,0,0.0,0,40,80,none,none,none,True,0.0,0.0,0.0,0.0,0.22692308368591163,0.21025641193756692,90.30256281655568,0.0,1.0,0.0,260.0,-1.0,-1.0,0.0,220.0,0.0,0.3208333428949118,0.19583333879709244,20686.696608323316,27181.287109375,24.406223494559526
scout_failure,multi_relation,bc_ppo,2,EA-RG-MAPPO-S,results/intercept_3d_node_failure_curriculum_pilot_seed0/runs/multi_relation/bc_ppo_seed2/actor_critic_best.pt,checkpoint,95027,27,30,weaving,1.0,0.0,0,0.0,0,40,80,none,none,none,True,1.0,1.0,1.0,0.011594203244084897,0.362318851377653,0.4666666702083919,37.840578826095744,0.0,0.0,0.0,115.0,112.0,115.0,1.0,75.0,0.013157894736842105,0.4298245742132789,0.19298246149954043,14414.588731317936,14306.2880859375,41.03069502208382
scout_failure,multi_relation,bc_ppo,2,EA-RG-MAPPO-S,results/intercept_3d_node_failure_curriculum_pilot_seed0/runs/multi_relation/bc_ppo_seed2/actor_critic_best.pt,checkpoint,95028,28,30,weaving,1.0,0.0,0,0.0,0,40,80,none,none,none,True,0.0,0.0,0.0,0.0,0.2076923138820208,0.20641025797678875,90.6538448629471,0.0,1.0,0.0,260.0,-1.0,-1.0,0.0,220.0,0.0,0.31666667610406873,0.1833333384245634,23480.6221867488,35637.86328125,14.672782259061933
scout_failure,multi_relation,bc_ppo,2,EA-RG-MAPPO-S,results/intercept_3d_node_failure_curriculum_pilot_seed0/runs/multi_relation/bc_ppo_seed2/actor_critic_best.pt,checkpoint,95029,29,30,weaving,1.0,0.0,0,0.0,0,40,80,none,none,none,True,0.0,0.0,0.0,0.0,0.2692307772544714,0.2012820526957512,91.2512829122635,0.0,1.0,0.0,260.0,-1.0,-1.0,0.0,220.0,0.0,0.32500000968575476,0.16666667126119136,24324.315012770432,38110.44140625,22.017395751550794
